,sum_sq,df,F,PR(>F),eta_sq,omega_sq
C(dataset),12105849861.788378,1.0,56.66681542866648,6.876727943600486e-14,0.018484386109667586,0.018152270751699392
C(objective),5111566.55258132,1.0,0.023926961071998647,0.8770818108130599,7.804835749814725e-06,-0.0003182855340226805
C(acquisition),56227232.078676164,11.0,0.023926961072118495,0.8770818108127546,8.585319324839201e-05,-0.0035011408742490558
C(error_model),140146217.2180936,1.0,0.6560167121509555,0.4180370855226946,0.00021398884179502726,-0.00011216876207148933
C(jitter_std),29108482726.056538,3.0,45.418400659681744,1.1423224279323357e-28,0.04444565560600243,0.04345289894471629
C(jitter_iteration),2305804612.9235206,2.0,5.396672100962366,0.004577886046453103,0.0035207261981055646,0.0028674024827370563
Residual,611201391724.151,2861.0,,,0.9332415852154312,0.0
