,sum_sq,df,F,PR(>F),eta_sq,omega_sq
C(dataset),8611.746453528238,1.0,7.552800680680143,0.006029278959939665,0.002591724048265322,0.0022478053022076732
C(objective),25.56138523177308,1.0,0.022418222461550324,0.8809904327736152,7.692755142020986e-06,-0.00033533959141642173
C(acquisition),281.17523755035415,11.0,0.022418222461618113,0.8809904327734367,8.462030656248674e-05,-0.003688735505580383
C(error_model),34.424902495823495,1.0,0.03019183488574252,0.8620679634728721,1.0360250169820226e-05,-0.0003326730114186622
C(jitter_std),20952.282320248632,3.0,6.125293052697881,0.00037775809755313664,0.006305635476899688,0.005274383333460405
C(jitter_iteration),30753.075559054974,2.0,13.48575757942086,1.4813049693052582e-06,0.009255205772096172,0.00856597154613554
Residual,3262128.532872335,2861.0,,,0.9817447613908645,0.0
