metric,t_stat,p_value,mean_diff,n
simple_regret_true,3.5181808537493895,0.00044124138746085446,1.7081046251327803,2880
regret_cum_true,4.003312834567783,6.403897703199466e-05,162.91127381769243,2880
regret_avg_true,4.003312834567784,6.403897703199448e-05,3.258225476353849,2880
