dataset,objective,acquisition,oracle_model,error_model,jitter_std,jitter_iteration,seed,param_columns,dim,delta_excess_x0,delta_excess_x1,delta_excess_x2,delta_excess_x3,delta_excess_x4,delta_excess_x5,delta_excess_x6,delta_excess_x7,delta_excess_x8,delta_excess_x9,delta_excess_x10,delta_excess_l2_norm,final_simple_regret_excess_true,final_cum_regret_excess_true,final_avg_regret_excess_true,auc_simple_regret_excess_true,final_inference_simple_regret_excess_true,auc_inference_simple_regret_excess_true
levy_10,value,logei,exact,gaussian,0.05,0,7,"x0,x1,x2,x3,x4,x5,x6,x7,x8,x9,x10",11,0.0,0.0,0.0,0.0,0.0,0.0,0.0,0.0,0.0,0.0,0.0,0.0,0.29303475023166037,28.60865333504222,0.5721730667008447,12.518153942128293,0.29303475023166037,12.773818252585215
levy_10,value,logei,exact,gaussian,0.05,20,7,"x0,x1,x2,x3,x4,x5,x6,x7,x8,x9,x10",11,-0.008523414681332664,-0.08498106489168478,0.09820695615097152,0.784134531429844,-0.048108668510120633,0.1614479494750638,0.10186197742164804,0.11015147638669731,0.0,0.028688626928966232,0.17973195104552886,0.8460624715213017,-0.07335364145400863,1.980396971859804,0.03960793943719598,0.9315193555516927,-0.07335364145400863,0.9315193555516927
levy_10,value,logei,exact,gaussian,0.25,0,7,"x0,x1,x2,x3,x4,x5,x6,x7,x8,x9,x10",11,0.0,0.0,0.0,0.0,0.0,0.0,0.0,0.0,0.0,0.0,0.0,0.0,-0.12213428903328793,20.47485904273627,0.40949718085472586,7.227019100183497,-0.12213428903328793,8.79948106497261
levy_10,value,logei,exact,gaussian,0.25,20,7,"x0,x1,x2,x3,x4,x5,x6,x7,x8,x9,x10",11,-0.046383565532558624,-1.1082623312654962,1.5151851349731547,5.728538975313532,-0.6338972594461747,2.1895807325365957,1.3360948219626678,1.066846239485181,-0.39164334595391814,0.21308690575649036,1.843906833609687,6.932569823496819,-0.2033799118145545,-0.7454358461891388,-0.014908716923782706,-3.648519411354826,-0.09892978408546149,0.5443378737948734
levy_10,value,logei,exact,gaussian,1.0,0,7,"x0,x1,x2,x3,x4,x5,x6,x7,x8,x9,x10",11,0.0,0.0,0.0,0.0,0.0,0.0,0.0,0.0,0.0,0.0,0.0,0.0,0.17593086578588624,6.310700331524075,0.12621400663048155,7.5724842971657935,0.49982904738017897,16.648203619548255
levy_10,value,logei,exact,gaussian,1.0,20,7,"x0,x1,x2,x3,x4,x5,x6,x7,x8,x9,x10",11,-0.06477436732277964,-1.4472616569487575,2.6763712156473707,6.253491857779885,-0.7281384801966664,2.196821480985101,1.353922274186206,1.276124113443895,-1.2608425133393322,0.24223673945518387,1.8291500776543783,7.885422395324246,-0.058087324440840915,7.472504302816702,0.14945008605633392,-0.5440795861928578,0.41106753383823746,5.447842524485019
levy_10,value,logei,exact,gaussian,5.0,0,7,"x0,x1,x2,x3,x4,x5,x6,x7,x8,x9,x10",11,0.0,0.0,0.0,0.0,0.0,0.0,0.0,0.0,0.0,0.0,0.0,0.0,0.40200331839251824,46.447992202551475,0.9289598440510294,12.993310960027024,2.2688922816599923,110.32798449935203
levy_10,value,logei,exact,gaussian,5.0,20,7,"x0,x1,x2,x3,x4,x5,x6,x7,x8,x9,x10",11,0.10153846918564646,1.900364569096614,0.7554033095412818,1.7128570235067482,-4.985291566643729,4.037021387136641,3.8604547287028144,0.9466753607661982,-6.641241106774343,-2.3461829849573625,0.39689982002622237,10.669787956622555,0.060167853174281305,69.91602432247278,1.3983204864494558,-1.3152086427540866,2.3887334684817985,44.0080700901585
levy_10,value,qnei,exact,gaussian,0.05,0,7,"x0,x1,x2,x3,x4,x5,x6,x7,x8,x9,x10",11,0.0,0.0,0.0,0.0,0.0,0.0,0.0,0.0,0.0,0.0,0.0,0.0,0.2265882773200772,-9.763577137853446,-0.1952715427570686,0.6824567465177651,0.2265882773200772,0.6824567465177651
levy_10,value,qnei,exact,gaussian,0.05,20,7,"x0,x1,x2,x3,x4,x5,x6,x7,x8,x9,x10",11,0.0815485404306262,-0.013924299164231435,0.0004750321858226769,-0.13115168780245523,-0.08860185638304685,-0.0187266599004543,-0.0049753015251372545,0.03281782331111405,0.0467198171532468,0.06725642842834323,0.0886294729171766,0.2188815507749153,0.1584037871736395,-4.17825375651384,-0.08356507513027678,0.19493837862226115,0.1584037871736395,0.19493837862226115
levy_10,value,qnei,exact,gaussian,0.25,0,7,"x0,x1,x2,x3,x4,x5,x6,x7,x8,x9,x10",11,0.0,0.0,0.0,0.0,0.0,0.0,0.0,0.0,0.0,0.0,0.0,0.0,0.1301985847680856,0.17126671257756243,0.0034253342515508933,5.08033393760293,0.44020273104489066,8.946363991087189
levy_10,value,qnei,exact,gaussian,0.25,20,7,"x0,x1,x2,x3,x4,x5,x6,x7,x8,x9,x10",11,2.218998554593271,0.7475415583508349,0.0031955881257497154,-2.520124219849152,-1.9198532596293294,-0.9283931476787979,0.12040788242640565,0.9121721923238171,0.846581657648799,1.2736196502393726,3.612371936946066,5.711055448088967,0.028841830492705667,0.11089966766975579,0.002217993353395009,0.12703431786358266,0.028841830492705667,0.19102142650455534
levy_10,value,qnei,exact,gaussian,1.0,0,7,"x0,x1,x2,x3,x4,x5,x6,x7,x8,x9,x10",11,0.0,0.0,0.0,0.0,0.0,0.0,0.0,0.0,0.0,0.0,0.0,0.0,0.355615052275234,9.910446956789244,0.19820893913578486,9.86898639086207,0.7041683266395378,45.947228310692125
levy_10,value,qnei,exact,gaussian,1.0,20,7,"x0,x1,x2,x3,x4,x5,x6,x7,x8,x9,x10",11,-0.5751307973833542,0.2258980726062374,0.008149213947243439,0.7120107938439209,0.4988668025638212,0.030945489293354278,0.03319918718072157,-0.23718177475192492,-0.20115797703052696,-0.1561367379202816,-0.21617607869267097,1.1434988209466435,0.11973544839633249,-5.594765024807884,-0.11189530049615737,-0.06540785852649833,0.14815739140074508,0.3304287361255476
levy_10,value,qnei,exact,gaussian,5.0,0,7,"x0,x1,x2,x3,x4,x5,x6,x7,x8,x9,x10",11,0.0,0.0,0.0,0.0,0.0,0.0,0.0,0.0,0.0,0.0,0.0,0.0,0.62552822380629,56.64037095413455,1.1328074190826913,14.775733878767852,3.92577432387833,35.99808131114783
levy_10,value,qnei,exact,gaussian,5.0,20,7,"x0,x1,x2,x3,x4,x5,x6,x7,x8,x9,x10",11,2.5699690509083197,1.3571856532894548,0.059007700156688436,-0.5853794299384418,-1.0710882367015087,-1.8780225437434686,1.8681809442005346,0.6796916260005919,0.8316147497581596,1.3903942814053019,5.800676487834759,7.327465544404247,0.16275121761812228,13.118753973979366,0.2623750794795874,0.2579761200672621,1.9955831011918614,43.73145627922487
griewank,value,logei,exact,gaussian,0.05,0,7,"x0,x1,x2,x3,x4,x5",6,0.0,0.0,0.0,0.0,0.0,0.0,,,,,,0.0,0.008998875715572102,-18.95050694016559,-0.3790101388033118,1.199873458497681,0.024279411454555203,1.5219351026938348
griewank,value,logei,exact,gaussian,0.05,20,7,"x0,x1,x2,x3,x4,x5",6,3.133283722853683,17.9546169575803,-22.048287035383233,-25.43183503275793,2.369262782930747,19.673393650688734,,,,,,43.1015864577968,0.001955137854480399,-20.283823126648613,-0.40567646253297207,0.05982702184392963,0.010253934042193002,0.2505022676987707
griewank,value,logei,exact,gaussian,0.25,0,7,"x0,x1,x2,x3,x4,x5",6,0.0,0.0,0.0,0.0,0.0,0.0,,,,,,0.0,0.06337721497551779,-14.25608538990896,-0.28512170779817914,4.857063193728305,0.09726278591810189,6.4025379255862696
griewank,value,logei,exact,gaussian,0.25,20,7,"x0,x1,x2,x3,x4,x5",6,52.381816762482636,-1.3965231865049361,-37.71033846600511,-88.03627458690573,34.46948686583502,58.04599706104136,,,,,,128.35787305153852,0.023425427117224697,-17.68077672657826,-0.35361553453156525,1.1269943184320148,0.0318605123069466,1.4928616288153975
griewank,value,logei,exact,gaussian,1.0,0,7,"x0,x1,x2,x3,x4,x5",6,0.0,0.0,0.0,0.0,0.0,0.0,,,,,,0.0,0.49168670831945477,38.44053637174245,0.768810727434849,35.22160610076645,0.49168670831945477,51.81457479643865
griewank,value,logei,exact,gaussian,1.0,20,7,"x0,x1,x2,x3,x4,x5",6,70.08099858634219,-9.886481735240295,-40.61832898675158,-96.76131974758482,42.45262337816459,63.727077170008144,,,,,,147.93598659302248,0.050599643763615795,2.8794893288945502,0.057589786577891156,1.3814523525412739,0.5692580746785274,7.867461865666623
griewank,value,logei,exact,gaussian,5.0,0,7,"x0,x1,x2,x3,x4,x5",6,0.0,0.0,0.0,0.0,0.0,0.0,,,,,,0.0,1.6730153090373707,92.58566076711656,1.8517132153423312,63.04845684761821,1.7663860891262673,92.47208567328002
griewank,value,logei,exact,gaussian,5.0,20,7,"x0,x1,x2,x3,x4,x5",6,609.4680782506973,-296.8952079541019,-47.47942027147899,-210.16544109228397,-58.658923636514174,-550.9342254918298,,,,,,901.6603024598645,0.050599643763615795,80.44835778913026,1.6089671557826053,1.3814523525412739,0.2305581788367452,6.150353531979203
griewank,value,qnei,exact,gaussian,0.05,0,7,"x0,x1,x2,x3,x4,x5",6,0.0,0.0,0.0,0.0,0.0,0.0,,,,,,0.0,0.008385638643998203,1.9148966747232379,0.038297933494464864,1.5858578787534015,0.008385638643998203,1.5858578787534015
griewank,value,qnei,exact,gaussian,0.05,20,7,"x0,x1,x2,x3,x4,x5",6,1.1786464957934868,0.021311990504621292,2.8568266983189403,1.8652977402608713,3.8714565294555427,2.3559738687627316,,,,,,5.793897197637574,0.0,-4.152638783488996,-0.08305277566977987,0.0,0.0,0.0
griewank,value,qnei,exact,gaussian,0.25,0,7,"x0,x1,x2,x3,x4,x5",6,0.0,0.0,0.0,0.0,0.0,0.0,,,,,,0.0,0.09125817573216821,-17.060517056514158,-0.3412103411302829,9.296771974840215,0.15639270512006712,11.612140026448355
griewank,value,qnei,exact,gaussian,0.25,20,7,"x0,x1,x2,x3,x4,x5",6,50.72688053176432,24.849542877282474,35.43060969930772,28.53397652213914,2.0953263220838494,12.131479660274422,,,,,,73.56490536028798,0.0,-14.330460156161962,-0.286609203123239,0.0,0.1030906711567208,2.731902785653098
griewank,value,qnei,exact,gaussian,1.0,0,7,"x0,x1,x2,x3,x4,x5",6,0.0,0.0,0.0,0.0,0.0,0.0,,,,,,0.0,0.3596231479447498,17.39013901185406,0.34780278023708133,38.2480673141325,0.6167537432117447,64.52403568931291
griewank,value,qnei,exact,gaussian,1.0,20,7,"x0,x1,x2,x3,x4,x5",6,-45.610285781298046,-280.00755142861374,39.571408442097834,-52.33660102005359,291.6113059675927,-224.63426653154568,,,,,,469.3476863337174,0.0,-27.970442912726497,-0.5594088582545298,0.0,0.4589134603557503,4.359677873379628
griewank,value,qnei,exact,gaussian,5.0,0,7,"x0,x1,x2,x3,x4,x5",6,0.0,0.0,0.0,0.0,0.0,0.0,,,,,,0.0,1.012491165775429,47.067420374891455,0.9413484074978293,45.478224164470234,3.972822753498674,96.67660818223851
griewank,value,qnei,exact,gaussian,5.0,20,7,"x0,x1,x2,x3,x4,x5",6,56.7441111165665,-610.6740827481744,358.344914454196,219.0748452022194,99.84969550109531,115.52273791765067,,,,,,758.8564157137677,0.0,22.354518349967023,0.44709036699934046,0.0,0.5331838864710896,13.262919255324537
hartmann_6,value,logei,exact,gaussian,0.05,0,7,"x0,x1,x2,x3,x4,x5",6,0.0,0.0,0.0,0.0,0.0,0.0,,,,,,0.0,0.1319015167723778,6.297291639059267,0.1259458327811851,76.13969479762602,0.1319015167723778,76.303062145383
hartmann_6,value,logei,exact,gaussian,0.05,20,7,"x0,x1,x2,x3,x4,x5",6,0.0017842170020429,-0.0004683261499870417,-0.0005639425965806577,0.005181005740240219,0.00012205342015650378,6.306075762285701e-05,,,,,,0.005530143318423559,-0.006481168025802196,1.7297526552076192,0.03459505310415345,-1.8413100743052553,-0.006481168025802196,-1.2937611699985894
hartmann_6,value,logei,exact,gaussian,0.25,0,7,"x0,x1,x2,x3,x4,x5",6,0.0,0.0,0.0,0.0,0.0,0.0,,,,,,0.0,0.1263862553331973,41.38560276856225,0.8277120553712454,109.65194498893021,0.1263862553331973,110.48431873526494
hartmann_6,value,logei,exact,gaussian,0.25,20,7,"x0,x1,x2,x3,x4,x5",6,0.018150071481648003,-0.007471636527490222,-0.00561336790914424,0.04995081671590201,0.001424570595356306,0.0003849236038310222,,,,,,0.053981682121057,0.05301793764356331,-40.94069408156386,-0.8188138816312769,-0.8363662884550536,0.0648606253145445,-0.568914953194593
hartmann_6,value,logei,exact,gaussian,1.0,0,7,"x0,x1,x2,x3,x4,x5",6,0.0,0.0,0.0,0.0,0.0,0.0,,,,,,0.0,0.5764235239843813,-39.81918216833333,-0.7963836433666662,-14.555362679102217,0.5816366627368268,1.015482896845299
hartmann_6,value,logei,exact,gaussian,1.0,20,7,"x0,x1,x2,x3,x4,x5",6,0.0243180415984552,-0.011202426470902749,-0.007472898128374594,0.06507891732421128,0.0018682788086150093,0.00043458137946572606,,,,,,0.0707930117965811,1.1096473217605507,10.217922869056565,0.20435845738113123,51.0099305150965,1.1096473217605507,57.207514397377366
hartmann_6,value,logei,exact,gaussian,5.0,0,7,"x0,x1,x2,x3,x4,x5",6,0.0,0.0,0.0,0.0,0.0,0.0,,,,,,0.0,2.9704035162485223,116.1508722605339,2.323017445210678,101.98432750698953,6.939925191270752,242.89859716681687
hartmann_6,value,logei,exact,gaussian,5.0,20,7,"x0,x1,x2,x3,x4,x5",6,0.09066976720736991,-0.21454727898007442,-0.013772010807324264,-0.007066975293265998,-0.0418832552447268,-0.21074874580958125,,,,,,0.31727022071866695,3.288853036342778,66.73014003488396,1.3346028006976791,80.83444805896323,3.8340850782937026,95.28309717066273
hartmann_6,value,qnei,exact,gaussian,0.05,0,7,"x0,x1,x2,x3,x4,x5",6,0.0,0.0,0.0,0.0,0.0,0.0,,,,,,0.0,-0.083040078010165,-15.65449924021118,-0.3130899848042237,27.421149272821424,-0.083040078010165,27.51520234822209
hartmann_6,value,qnei,exact,gaussian,0.05,20,7,"x0,x1,x2,x3,x4,x5",6,-5.3239206106392434e-05,0.0003427905226933148,0.00040744815061966033,-0.00030417769740476164,-0.0004515690516906923,0.002342797278201747,,,,,,0.002464039674548968,-0.088903540763929,-9.492853417503625,-0.1898570683500722,-5.268951001120612,-0.088903540763929,-5.268951001120612
hartmann_6,value,qnei,exact,gaussian,0.25,0,7,"x0,x1,x2,x3,x4,x5",6,0.0,0.0,0.0,0.0,0.0,0.0,,,,,,0.0,-0.041383332370076104,-20.31486428881314,-0.40629728577626256,54.67695831587531,-0.041383332370076104,59.47187083060362
hartmann_6,value,qnei,exact,gaussian,0.25,20,7,"x0,x1,x2,x3,x4,x5",6,-0.002118997131965894,0.005315520807026908,0.00763687493016818,-0.004522549168558765,-0.006783971802042488,0.04417585448523487,,,,,,0.04592437928690851,0.05353942475927989,-22.00358494403858,-0.4400716988807716,4.988036009402151,0.5591806449256183,7.930946928831673
hartmann_6,value,qnei,exact,gaussian,1.0,0,7,"x0,x1,x2,x3,x4,x5",6,0.0,0.0,0.0,0.0,0.0,0.0,,,,,,0.0,1.2281807880209392,64.55442276562763,1.2910884553125523,109.78526795865528,1.2281807880209392,140.20041664299467
hartmann_6,value,qnei,exact,gaussian,1.0,20,7,"x0,x1,x2,x3,x4,x5",6,-0.0005125461634949979,-0.004064007050441298,-0.003634087681436027,-0.007549998764894039,0.002792715469647211,-0.01743767845580968,,,,,,0.019971475186491172,0.7220027749727924,-7.66389054888748,-0.15327781097774995,17.82921409897591,2.089736094862885,47.08713186664707
hartmann_6,value,qnei,exact,gaussian,5.0,0,7,"x0,x1,x2,x3,x4,x5",6,0.0,0.0,0.0,0.0,0.0,0.0,,,,,,0.0,2.224600380740699,110.47855262322452,2.20957105246449,116.54024548557385,7.84022223123177,230.00525499785616
hartmann_6,value,qnei,exact,gaussian,5.0,20,7,"x0,x1,x2,x3,x4,x5",6,0.0535716538379567,-0.15925315354498568,-0.0689362514732847,-0.17592793806271398,-0.05107408085356069,-0.09680359219723667,,,,,,0.2755246492865342,1.5535649088168109,61.26020538462984,1.2252041076925968,30.324603427382016,6.788028201067386,129.0243564643952
michalewicz,value,logei,exact,gaussian,0.05,0,7,"x0,x1,x2,x3,x4",5,0.0,0.0,0.0,0.0,0.0,,,,,,,0.0,2.0618348026189417,31.556368574516057,0.6311273714903223,39.324656806872156,2.0618348026189417,39.324656806872156
michalewicz,value,logei,exact,gaussian,0.05,20,7,"x0,x1,x2,x3,x4",5,-0.0016158242169912462,0.0,-0.00021303772787972797,0.0,-0.015558756368135196,,,,,,,0.015643886112366806,0.5427357821816634,-5.890153858967892,-0.11780307717935745,0.24719064810807367,0.5427357821816634,0.24719064810807367
michalewicz,value,logei,exact,gaussian,0.25,0,7,"x0,x1,x2,x3,x4",5,0.0,0.0,0.0,0.0,0.0,,,,,,,0.0,1.5587605278211396,12.87735785174442,0.25754715703488884,17.764887424352196,1.5587605278211396,21.702326952021735
michalewicz,value,logei,exact,gaussian,0.25,20,7,"x0,x1,x2,x3,x4",5,0.012750993327138804,-1.766015787172525,0.027764960260637128,-3.141592653589793,-0.14033415844073316,,,,,,,3.6068051400798358,1.5370583241558333,0.039534665821747694,0.0007906933164356644,15.659190048707728,1.8227371376708565,22.29817568490313
michalewicz,value,logei,exact,gaussian,1.0,0,7,"x0,x1,x2,x3,x4",5,0.0,0.0,0.0,0.0,0.0,,,,,,,0.0,1.4509280944242842,11.296665122563752,0.22593330245127508,19.79739605177616,2.1448614273059676,48.213832369592524
michalewicz,value,logei,exact,gaussian,1.0,20,7,"x0,x1,x2,x3,x4",5,-0.02291681272948365,0.0,0.011845218386427048,-3.141592653589793,-0.18476520053794898,,,,,,,3.1471269548468306,0.207761569013293,-3.7648661761809876,-0.0752973235236194,-17.78086579084058,0.207761569013293,-5.982031215192592
michalewicz,value,logei,exact,gaussian,5.0,0,7,"x0,x1,x2,x3,x4",5,0.0,0.0,0.0,0.0,0.0,,,,,,,0.0,2.802825498895459,65.08123999153719,1.3016247998307442,61.72037123162403,4.801133293223286,135.2715946061075
michalewicz,value,logei,exact,gaussian,5.0,20,7,"x0,x1,x2,x3,x4",5,-0.7760146073054672,0.0,0.014792427151882004,-2.2885017626867326,0.25897475131349035,,,,,,,2.4303756348125836,1.5478750295114883,53.71991551875038,1.0743983103750079,14.540551812955755,1.5478750295114883,15.014329818679869
michalewicz,value,qnei,exact,gaussian,0.05,0,7,"x0,x1,x2,x3,x4",5,0.0,0.0,0.0,0.0,0.0,,,,,,,0.0,1.1758178103279011,14.166935018667914,0.2833387003733572,33.80126667387884,1.1758178103279011,33.80126667387884
michalewicz,value,qnei,exact,gaussian,0.05,20,7,"x0,x1,x2,x3,x4",5,0.008483209672677017,0.0,-0.008307837370785665,-0.006314295189488783,-0.008833991120959617,,,,,,,0.016090206058196343,-1.4451537765020328,-51.80405538569829,-1.0360811077139669,-26.33101471170761,-1.4451537765020328,-26.33101471170761
michalewicz,value,qnei,exact,gaussian,0.25,0,7,"x0,x1,x2,x3,x4",5,0.0,0.0,0.0,0.0,0.0,,,,,,,0.0,0.38417167199912683,0.7483508233627276,0.014967016467252847,27.61135344265068,0.38417167199912683,29.29262206148212
michalewicz,value,qnei,exact,gaussian,0.25,20,7,"x0,x1,x2,x3,x4",5,-0.20034245602456124,0.0,-0.02818346030724972,-0.10808301909318097,-0.1864531039263112,,,,,,,0.29559787905344703,-0.009038617337003174,-8.405605709523968,-0.16811211419048,4.416921386772287,0.2122664364185125,5.412794128672147
michalewicz,value,qnei,exact,gaussian,1.0,0,7,"x0,x1,x2,x3,x4",5,0.0,0.0,0.0,0.0,0.0,,,,,,,0.0,-0.8911797744501131,-15.948244399415785,-0.3189648879883169,9.969069943441298,-0.8911797744501131,43.59742263155738
michalewicz,value,qnei,exact,gaussian,1.0,20,7,"x0,x1,x2,x3,x4",5,-0.12475939029549421,0.0,0.10326846441227078,0.043357427776250734,0.0530775203835383,,,,,,,0.17585895178355185,0.2122664364185125,-13.365387271289364,-0.2673077454257884,5.412794128672147,0.5325018198012028,28.000558944263958
michalewicz,value,qnei,exact,gaussian,5.0,0,7,"x0,x1,x2,x3,x4",5,0.0,0.0,0.0,0.0,0.0,,,,,,,0.0,1.1245753774113112,26.547177333230934,0.5309435466646173,29.87673847901226,3.839243695757027,93.37980771665372
michalewicz,value,qnei,exact,gaussian,5.0,20,7,"x0,x1,x2,x3,x4",5,0.7450891437494391,0.0,-1.6082827636092125,1.2952572126679915,1.9399338639728188,,,,,,,2.92963580047294,0.2122664364185125,12.801224316348623,0.2560244863269725,5.412794128672147,4.190021982455413,72.94202200843256
schwefel,value,logei,exact,gaussian,0.05,0,7,"x0,x1,x2,x3",4,0.0,0.0,0.0,0.0,,,,,,,,0.0,0.5443185381789204,0.2521112759608002,0.005042225519215737,10.930631015472443,0.5443185381789204,10.930631015472443
schwefel,value,logei,exact,gaussian,0.05,20,7,"x0,x1,x2,x3",4,0.0,0.07136194604981938,0.0,0.0,,,,,,,,0.07136194604981938,0.06899340289367961,-7.211878934319856,-0.14423757868639742,-12.60666734507626,0.18607649804310356,-10.089380799363624
schwefel,value,logei,exact,gaussian,0.25,0,7,"x0,x1,x2,x3",4,0.0,0.0,0.0,0.0,,,,,,,,0.0,0.45817772131666445,-6.1374167484191275,-0.12274833496838244,3.028131947322848,0.45817772131666445,6.090953771295418
schwefel,value,logei,exact,gaussian,0.25,20,7,"x0,x1,x2,x3",4,0.0,56.20943684126331,-77.09613901822866,-148.8518828946152,,,,,,,,176.80553860895378,0.6861062877816302,-8.004417786928741,-0.16008835573857505,9.445823439027095,0.8386609377237018,11.688352763135555
schwefel,value,logei,exact,gaussian,1.0,0,7,"x0,x1,x2,x3",4,0.0,0.0,0.0,0.0,,,,,,,,0.0,0.5575959069761913,7.436175958840806,0.14872351917681614,26.979270023021428,0.5575959069761913,59.9358587759715
schwefel,value,logei,exact,gaussian,1.0,20,7,"x0,x1,x2,x3",4,0.0,52.76657566453491,-76.8371647007292,-150.52001412310727,,,,,,,,177.04388167408803,1.0867182885279818,12.698552117881235,0.253971042357624,14.914852673949099,1.5942344243021465,27.43303006120118
schwefel,value,logei,exact,gaussian,5.0,0,7,"x0,x1,x2,x3",4,0.0,0.0,0.0,0.0,,,,,,,,0.0,1.0321762412993465,34.49984932516654,0.6899969865033304,10.447791152565543,2.418345171212575,93.23553464329447
schwefel,value,logei,exact,gaussian,5.0,20,7,"x0,x1,x2,x3",4,0.0,428.4473863577506,-49.590175757986856,-126.3390639031017,,,,,,,,449.4306481276145,0.8353632926022718,14.262072495568333,0.2852414499113669,7.023535448457153,1.181228951952865,13.308612733549552
schwefel,value,qnei,exact,gaussian,0.05,0,7,"x0,x1,x2,x3",4,0.0,0.0,0.0,0.0,,,,,,,,0.0,-0.029297763307460034,14.648492519584579,0.29296985039169154,-6.889108203954308,-0.029297763307460034,-6.889108203954308
schwefel,value,qnei,exact,gaussian,0.05,20,7,"x0,x1,x2,x3",4,-882.9560832005666,0.0,-38.87597891550229,-356.88966828969933,,,,,,,,953.149003005016,0.35129848161838995,26.658736805456925,0.5331747361091383,3.225592051322195,0.35129848161838995,3.225592051322195
schwefel,value,qnei,exact,gaussian,0.25,0,7,"x0,x1,x2,x3",4,0.0,0.0,0.0,0.0,,,,,,,,0.0,0.3999749112527007,13.261040666753019,0.2652208133350604,10.619515751233251,0.6155018740010014,22.469002162616903
schwefel,value,qnei,exact,gaussian,0.25,20,7,"x0,x1,x2,x3",4,-764.1040265404743,0.0,-68.23889399650375,-338.63020354705174,,,,,,,,838.5594342582699,-0.24726273084180495,-2.36572793466118,-0.04731455869322376,-9.852152871450954,-0.0958445475022871,-8.751653436899275
schwefel,value,qnei,exact,gaussian,1.0,0,7,"x0,x1,x2,x3",4,0.0,0.0,0.0,0.0,,,,,,,,0.0,0.0286897409213549,16.685745489986658,0.33371490979973295,-22.902549653832395,0.0286897409213549,1.7356367587583463
schwefel,value,qnei,exact,gaussian,1.0,20,7,"x0,x1,x2,x3",4,-904.9619129126609,0.0,-31.569740789505374,-365.4007159190138,,,,,,,,976.458086939827,-0.010927968222024909,18.760660503423765,0.3752132100684755,17.052336849196337,-0.010927968222024909,26.33271081739457
schwefel,value,qnei,exact,gaussian,5.0,0,7,"x0,x1,x2,x3",4,0.0,0.0,0.0,0.0,,,,,,,,0.0,1.3225457381556063,36.86245841086898,0.7372491682173794,27.866034304676788,4.979822596076371,56.034066527230124
schwefel,value,qnei,exact,gaussian,5.0,20,7,"x0,x1,x2,x3",4,-380.8090312895704,-34.43043336435397,19.207626816027982,14.489459188966975,,,,,,,,383.118585308584,0.7952318353890862,21.41041966882389,0.4282083933764782,16.979169303756095,2.6185012644851944,50.095182750386584
powell,value,logei,exact,gaussian,0.05,0,7,"x0,x1,x2,x3",4,0.0,0.0,0.0,0.0,,,,,,,,0.0,0.0003709110421468995,3.57574079225207,0.07151481584504138,-0.12596246855703908,0.0128600837704923,0.25215455067316883
powell,value,logei,exact,gaussian,0.05,20,7,"x0,x1,x2,x3",4,0.0019424053279175624,-0.0039449357976653054,-0.012883844216021512,-0.01968414075171232,,,,,,,,0.02393312131381021,-0.0036089624057323005,0.6110178343414177,0.012220356686828304,-0.04161614438794459,-0.0009263479986747003,-0.01344869311383956
powell,value,logei,exact,gaussian,0.25,0,7,"x0,x1,x2,x3",4,0.0,0.0,0.0,0.0,,,,,,,,0.0,0.004385023751540199,12.416661016799388,0.24833322033598781,0.10346968390782485,0.0078529104439258,4.203395593240833
powell,value,logei,exact,gaussian,0.25,20,7,"x0,x1,x2,x3",4,-0.0028521549858560036,-0.169993998058529,-0.019948673720044496,-0.16409119086021207,,,,,,,,0.2371285783390476,0.0025365832083503,-0.4454855954332615,-0.008909711908665185,0.08061999316334822,0.007152501650673199,0.7090012361132549
powell,value,logei,exact,gaussian,1.0,0,7,"x0,x1,x2,x3",4,0.0,0.0,0.0,0.0,,,,,,,,0.0,-0.0041338168040082005,-14.265239486268097,-0.2853047897253619,-0.25847326964862893,0.15463367302039469,6.134345443393652
powell,value,logei,exact,gaussian,1.0,20,7,"x0,x1,x2,x3",4,-0.008283021327549989,-0.25210436956126836,-0.03357355282635144,-0.22954507069555063,,,,,,,,0.34270007955091925,0.009669011971229099,2.709373150044769,0.054187463000895386,0.2103090529271079,0.3380359651318594,5.147054981086565
powell,value,logei,exact,gaussian,5.0,0,7,"x0,x1,x2,x3",4,0.0,0.0,0.0,0.0,,,,,,,,0.0,-0.0017053533449355,9.220325435595221,0.18440650871190445,0.0019286194556840108,2.219608315927706,93.31248174239933
powell,value,logei,exact,gaussian,5.0,20,7,"x0,x1,x2,x3",4,-0.043345865658473315,1.3209066629797956,1.154515212259641,-2.674242617843425,,,,,,,,3.198617237307878,0.009669011971229099,18.84111999754826,0.3768223999509652,0.2103090529271079,0.367244145835651,10.497469955020668
powell,value,qnei,exact,gaussian,0.05,0,7,"x0,x1,x2,x3",4,0.0,0.0,0.0,0.0,,,,,,,,0.0,-0.009275896630379098,4.371409229785108,0.08742818459570212,0.4790874943548791,0.004549580549874902,0.6148859453731137
powell,value,qnei,exact,gaussian,0.05,20,7,"x0,x1,x2,x3",4,-0.04386788603463909,0.005882647103398142,0.036321416280442165,-0.034980211396327565,,,,,,,,0.06709588237768496,-0.0118139791585256,9.776067241838767,0.1955213448367752,-0.14069207784668447,-0.0118139791585256,-0.14069207784668447
powell,value,qnei,exact,gaussian,0.25,0,7,"x0,x1,x2,x3",4,0.0,0.0,0.0,0.0,,,,,,,,0.0,-0.009555272652689599,-6.137325798628268,-0.12274651597256536,-0.3791109174029257,0.2606275781118367,9.857692039886567
powell,value,qnei,exact,gaussian,0.25,20,7,"x0,x1,x2,x3",4,4.598851790708797,1.730426221679486,3.204702697060897,0.4365678102705428,,,,,,,,5.882560967052977,-0.0057670491815236995,7.110362008350791,0.1422072401670158,-0.11817767621928232,0.10320169117984271,3.310245002002119
powell,value,qnei,exact,gaussian,1.0,0,7,"x0,x1,x2,x3",4,0.0,0.0,0.0,0.0,,,,,,,,0.0,-0.005054673308100098,-1.9289682637581578,-0.03857936527516315,-0.019190873291617727,0.1468852963748685,6.162382248262674
powell,value,qnei,exact,gaussian,1.0,20,7,"x0,x1,x2,x3",4,0.11402037097753759,-0.0023866797673282036,-0.09498691534972892,0.10718553819489163,,,,,,,,0.18307811153699452,-0.007136117997710899,5.151154351212213,0.10302308702424423,-0.2541657700436639,0.18139571381279931,10.180153076881384
powell,value,qnei,exact,gaussian,5.0,0,7,"x0,x1,x2,x3",4,0.0,0.0,0.0,0.0,,,,,,,,0.0,0.0389307975030725,42.42005728156036,0.8484011456312072,1.3223659864491468,0.23954967821543732,14.718066481044053
powell,value,qnei,exact,gaussian,5.0,20,7,"x0,x1,x2,x3",4,4.598851790708797,6.651676881267644,3.675207798592818,0.20039460655313635,,,,,,,,8.884905935735562,0.004477541601255802,14.77536104544943,0.2955072209089885,0.03036889013102062,0.2634582159864032,6.996849788436398
rastrigin,value,logei,exact,gaussian,0.05,0,7,"x0,x1,x2,x3",4,0.0,0.0,0.0,0.0,,,,,,,,0.0,0.6532338742380901,13.98022232651509,0.2796044465303016,15.08426562659168,0.6532338742380901,15.08426562659168
rastrigin,value,logei,exact,gaussian,0.05,20,7,"x0,x1,x2,x3",4,0.00045310226460726355,-0.0006217523220319876,0.006836024783727801,0.0030015934995095694,,,,,,,,0.007505509709019317,0.5979529633994161,19.662047588201588,0.3932409517640316,3.632203394930862,0.5979529633994161,3.632203394930862
rastrigin,value,logei,exact,gaussian,0.25,0,7,"x0,x1,x2,x3",4,0.0,0.0,0.0,0.0,,,,,,,,0.0,1.4468106089436292,37.714756029126406,0.7542951205825279,36.38470568836606,1.5518647752797237,38.6433702645921
rastrigin,value,logei,exact,gaussian,0.25,20,7,"x0,x1,x2,x3",4,0.004131060926637176,-0.005685501480980459,0.05722526705850006,0.028585029901115888,,,,,,,,0.06435235594626013,0.3018496413113492,12.289428655674172,0.24578857311348346,-3.3262246741387216,0.3018496413113492,-3.3262246741387216
rastrigin,value,logei,exact,gaussian,1.0,0,7,"x0,x1,x2,x3",4,0.0,0.0,0.0,0.0,,,,,,,,0.0,-0.13145994873036043,8.340824793495827,0.16681649586991654,9.237147868083646,-0.13145994873036043,36.61701694494047
rastrigin,value,logei,exact,gaussian,1.0,20,7,"x0,x1,x2,x3",4,0.0051811105693007065,-0.007450232209142538,0.07236923724009792,0.03825302909653705,,,,,,,,0.08235867046325815,0.5979529633994161,25.647041208493974,0.5129408241698794,3.632203394930862,1.4961769605381485,19.17970151017561
rastrigin,value,logei,exact,gaussian,5.0,0,7,"x0,x1,x2,x3",4,0.0,0.0,0.0,0.0,,,,,,,,0.0,0.41394237617026214,63.82815929471475,1.2765631858942945,14.147235937175957,3.206219529525082,116.75012054233375
rastrigin,value,logei,exact,gaussian,5.0,20,7,"x0,x1,x2,x3",4,-0.23698974126438666,-0.08699793704302028,0.2645397980951043,0.7837892379578546,,,,,,,,0.8648928562712582,0.5979529633994161,69.79791392263623,1.3959582784527256,3.632203394930862,2.0942978333437234,35.05746950045262
rastrigin,value,qnei,exact,gaussian,0.05,0,7,"x0,x1,x2,x3",4,0.0,0.0,0.0,0.0,,,,,,,,0.0,0.9734259850715823,15.797460084427996,0.3159492016885599,23.909512207222377,0.9734259850715823,23.909512207222377
rastrigin,value,qnei,exact,gaussian,0.05,20,7,"x0,x1,x2,x3",4,-0.037906455334733025,0.004359405196753513,0.004878177220526192,0.0007266106261210048,,,,,,,,0.03847373579093202,0.5889262823728085,14.702430997877968,0.29404861995755915,12.957328982018609,0.5889262823728085,12.957328982018609
rastrigin,value,qnei,exact,gaussian,0.25,0,7,"x0,x1,x2,x3",4,0.0,0.0,0.0,0.0,,,,,,,,0.0,0.7768785220823817,27.193733610814974,0.5438746722162993,17.02776213450528,1.3509678806608483,33.96339821257001
rastrigin,value,qnei,exact,gaussian,0.25,20,7,"x0,x1,x2,x3",4,-1.2349328481041693,-0.2390201045381118,-0.05275934798627979,0.5260836828644313,,,,,,,,1.3644549607356875,0.1874808200924707,10.720215636760429,0.21440431273520844,10.565340264513381,0.1874808200924707,10.565340264513381
rastrigin,value,qnei,exact,gaussian,1.0,0,7,"x0,x1,x2,x3",4,0.0,0.0,0.0,0.0,,,,,,,,0.0,0.8976399472491412,39.097794480574976,0.7819558896114986,31.884603790723958,2.177339532581451,80.26338932707101
rastrigin,value,qnei,exact,gaussian,1.0,20,7,"x0,x1,x2,x3",4,0.1311000826860691,-0.010119242161561293,-0.5787019589683147,0.04251936492019981,,,,,,,,0.5949735157544414,0.5889262823728085,25.52121987312887,0.5104243974625775,12.957328982018609,1.5839155469353945,22.409726995363187
rastrigin,value,qnei,exact,gaussian,5.0,0,7,"x0,x1,x2,x3",4,0.0,0.0,0.0,0.0,,,,,,,,0.0,1.6478150402222593,77.81470254017512,1.5562940508035026,50.547879885674135,3.3284679601452396,142.77527938248375
rastrigin,value,qnei,exact,gaussian,5.0,20,7,"x0,x1,x2,x3",4,-6.571737109861477,4.9029732604638365,0.5395150172581815,-3.0283510236821964,,,,,,,,8.75721769801562,0.5889262823728085,48.161488900752005,0.9632297780150405,12.957328982018609,3.5413358892410707,63.29392954946991
ackley,value,logei,exact,gaussian,0.05,0,7,"x0,x1,x2,x3",4,0.0,0.0,0.0,0.0,,,,,,,,0.0,-0.8443611337965891,0.40274569193809384,0.008054913838764222,-32.10664922653143,-0.8443611337965891,-32.10664922653143
ackley,value,logei,exact,gaussian,0.05,20,7,"x0,x1,x2,x3",4,0.06061026881837628,0.030086135219067778,0.010261748922848035,-0.010091732778381601,,,,,,,,0.06918039303214243,-1.2629658218531152,-118.37688717991432,-2.367537743598284,-25.54287733781149,-1.2629658218531152,-25.54287733781149
ackley,value,logei,exact,gaussian,0.25,0,7,"x0,x1,x2,x3",4,0.0,0.0,0.0,0.0,,,,,,,,0.0,-0.687497914384029,-82.87290364180421,-1.6574580728360822,-22.1324407726637,-0.687497914384029,-21.461155560203565
ackley,value,logei,exact,gaussian,0.25,20,7,"x0,x1,x2,x3",4,0.6023477635355865,0.27273499614093133,0.10976830738359,-0.01555223444284648,,,,,,,,0.6704462392006836,-0.23430653627892584,-22.356640891127768,-0.4471328178225509,8.022961527164455,-0.23430653627892584,8.022961527164455
ackley,value,logei,exact,gaussian,1.0,0,7,"x0,x1,x2,x3",4,0.0,0.0,0.0,0.0,,,,,,,,0.0,8.567805693047132,105.72638707919111,2.1145277415838244,282.440051082582,9.036858719872106,304.0413174688077
ackley,value,logei,exact,gaussian,1.0,20,7,"x0,x1,x2,x3",4,0.79856924510047,0.35280387003193336,0.15434788144570177,0.03435138467599197,,,,,,,,0.8872354231351328,-0.12951883313647983,-99.38136640697917,-1.987627328139581,2.563836639414035,-0.12951883313647983,2.563836639414035
ackley,value,logei,exact,gaussian,5.0,0,7,"x0,x1,x2,x3",4,0.0,0.0,0.0,0.0,,,,,,,,0.0,10.683571414192194,227.44189209335389,4.54883784186708,299.11563268679384,15.79823660473864,482.4996912758875
ackley,value,logei,exact,gaussian,5.0,20,7,"x0,x1,x2,x3",4,-5.862436602418546,1.748727511886929,-3.696862593792166,6.418986356345647,,,,,,,,9.607101004389317,5.763384492489784,107.21359101336714,2.1442718202673454,125.86105343548223,8.171552084766816,195.86678184087378
ackley,value,qnei,exact,gaussian,0.05,0,7,"x0,x1,x2,x3",4,0.0,0.0,0.0,0.0,,,,,,,,0.0,0.4332724507951058,7.0159827342610015,0.14031965468521967,-48.031516323999256,0.4332724507951058,-48.031516323999256
ackley,value,qnei,exact,gaussian,0.05,20,7,"x0,x1,x2,x3",4,0.03443847942715372,-0.030242114955806088,0.021842196512853018,0.0362252125181739,,,,,,,,0.062369399169365354,-0.696817599019874,-26.54748770888432,-0.5309497541776853,-13.232087792599827,-0.696817599019874,-13.232087792599827
ackley,value,qnei,exact,gaussian,0.25,0,7,"x0,x1,x2,x3",4,0.0,0.0,0.0,0.0,,,,,,,,0.0,0.4842352971735844,19.151931938172993,0.383038638763459,17.690805598401653,0.4842352971735844,18.662484504717327
ackley,value,qnei,exact,gaussian,0.25,20,7,"x0,x1,x2,x3",4,0.4154918753413366,-0.3569336745570828,0.12936363390500372,0.5109533106791848,,,,,,,,0.7601601028590028,-1.0724784734437245,-51.10751104798078,-1.0221502209596167,-15.13863483291459,-1.0724784734437245,-15.13863483291459
ackley,value,qnei,exact,gaussian,1.0,0,7,"x0,x1,x2,x3",4,0.0,0.0,0.0,0.0,,,,,,,,0.0,1.0394312276309838,9.742377262399145,0.19484754524798298,-3.880841334455681,1.0394312276309838,15.742967988524242
ackley,value,qnei,exact,gaussian,1.0,20,7,"x0,x1,x2,x3",4,-0.3166169802769705,0.08259430577624105,-0.22622396074824458,-0.31792444193462654,,,,,,,,0.5092360579755069,-0.34808055564039453,-20.507074005078607,-0.41014148010157214,-11.457512056972746,0.6518693433412031,-5.957787612574066
ackley,value,qnei,exact,gaussian,5.0,0,7,"x0,x1,x2,x3",4,0.0,0.0,0.0,0.0,,,,,,,,0.0,7.3396721567318215,189.22563594383757,3.784512718876753,276.21217018321306,9.624925671645887,429.0735015166191
ackley,value,qnei,exact,gaussian,5.0,20,7,"x0,x1,x2,x3",4,2.635242411501724,-11.59106005082945,30.802322667310143,-1.610618404155518,,,,,,,,33.055625073717856,9.999692866050793,190.0805131730874,3.801610263461745,205.228955601346,16.39762622672871,330.99214226049196
rosenbrock,value,logei,exact,gaussian,0.05,0,7,"x0,x1,x2,x3",4,0.0,0.0,0.0,0.0,,,,,,,,0.0,0.0017666920936568,0.45888734853739166,0.009177746970747913,0.0343154261875962,0.0035884101944612,0.19171894447942206
rosenbrock,value,logei,exact,gaussian,0.05,20,7,"x0,x1,x2,x3",4,0.0,0.02616732932247623,0.0,0.0,,,,,,,,0.02616732932247623,0.0009556896261496001,-0.24412418119551305,-0.004882483623910305,0.002389224065374229,0.0088507031606193,0.1721320150564729
rosenbrock,value,logei,exact,gaussian,0.25,0,7,"x0,x1,x2,x3",4,0.0,0.0,0.0,0.0,,,,,,,,0.0,0.0006724464240055001,-2.0905505072901818,-0.041811010145803795,-0.004921933631480968,0.0090178084800316,3.1663440541747576
rosenbrock,value,logei,exact,gaussian,0.25,20,7,"x0,x1,x2,x3",4,2.1796216941411815,2.843867040574283,0.0,15.0,,,,,,,,15.422007990985986,0.0009556896261496001,-2.142377626835774,-0.042847552536715516,0.002389224065374229,0.0302240416014216,0.3719980843712398
rosenbrock,value,logei,exact,gaussian,1.0,0,7,"x0,x1,x2,x3",4,0.0,0.0,0.0,0.0,,,,,,,,0.0,0.0024692992168516,-1.852878983364409,-0.03705757966728829,0.06066319330740155,0.018555762400851203,1.349781233396663
rosenbrock,value,logei,exact,gaussian,1.0,20,7,"x0,x1,x2,x3",4,2.359889068653805,2.982248220678432,0.0,15.0,,,,,,,,15.47458822929035,0.0009556896261496001,-1.414343599546541,-0.02828687199093094,0.002389224065374229,0.026317916964666302,2.6626022400783214
rosenbrock,value,logei,exact,gaussian,5.0,0,7,"x0,x1,x2,x3",4,0.0,0.0,0.0,0.0,,,,,,,,0.0,-5.3496162444499954e-05,16.31867219726079,0.3263734439452157,-0.018804861140426343,0.0372597038963207,41.48042279033615
rosenbrock,value,logei,exact,gaussian,5.0,20,7,"x0,x1,x2,x3",4,0.0,2.3008742983151373,15.0,0.7072248101328418,,,,,,,,15.191911975413582,0.0009556896261496001,15.475011041770863,0.3095002208354172,0.002389224065374229,0.041759856198428404,1.650594540751598
rosenbrock,value,qnei,exact,gaussian,0.05,0,7,"x0,x1,x2,x3",4,0.0,0.0,0.0,0.0,,,,,,,,0.0,0.0021383904915046,0.07176541191078556,0.0014353082382156934,0.015681386776911665,0.010022726764223899,0.23458913876173648
rosenbrock,value,qnei,exact,gaussian,0.05,20,7,"x0,x1,x2,x3",4,-0.0439881346207871,-0.020366236700037676,0.013228982613989082,0.0,,,,,,,,0.05024684632630864,0.0021132292791095,-0.07766749767754888,-0.001553349953550942,0.01996974469334667,0.0021132292791095,0.4909240216123911
rosenbrock,value,qnei,exact,gaussian,0.25,0,7,"x0,x1,x2,x3",4,0.0,0.0,0.0,0.0,,,,,,,,0.0,0.0009710424185920001,-0.024197435226177788,-0.0004839487045235069,-0.002231675668576294,0.060006176755643605,5.733783565403325
rosenbrock,value,qnei,exact,gaussian,0.25,20,7,"x0,x1,x2,x3",4,-4.858247101264231,1.7748435610490862,-2.429353189079573,15.0,,,,,,,,16.051616475621103,0.0022191627373031,2.164867454191267,0.04329734908382532,0.02108204600438013,0.0093052548205543,3.2447017068982515
rosenbrock,value,qnei,exact,gaussian,1.0,0,7,"x0,x1,x2,x3",4,0.0,0.0,0.0,0.0,,,,,,,,0.0,0.0023282545355996,16.414385518370608,0.3282877103674122,0.022991152474569176,0.0060091801246027,14.996878253505423
rosenbrock,value,qnei,exact,gaussian,1.0,20,7,"x0,x1,x2,x3",4,0.37991491503433483,0.26005805707107266,-0.1948287801792148,0.0,,,,,,,,0.49992378349029154,0.0022191627373031,0.5390224550061582,0.010780449100123213,0.02108204600438013,0.1437672133839354,2.543508916570602
rosenbrock,value,qnei,exact,gaussian,5.0,0,7,"x0,x1,x2,x3",4,0.0,0.0,0.0,0.0,,,,,,,,0.0,0.0023282545355996,45.729585663653566,0.9145917132730713,0.022991152474569176,0.3754350448720881,28.17223944538896
rosenbrock,value,qnei,exact,gaussian,5.0,20,7,"x0,x1,x2,x3",4,4.330061103938581,-6.204056247461327,-2.699234881801619,0.0,,,,,,,,8.032783579347841,0.0022191627373031,9.252591149452947,0.1850518229890591,0.02108204600438013,0.0558014971898818,12.774376264927458
shekel,value,logei,exact,gaussian,0.05,0,7,"x0,x1,x2,x3",4,0.0,0.0,0.0,0.0,,,,,,,,0.0,27.73383542995454,288.25655272422955,5.765131054484591,299.93385201093656,27.73383542995454,299.93385201093656
shekel,value,logei,exact,gaussian,0.05,20,7,"x0,x1,x2,x3",4,-0.0061432686668565495,0.016134067762552995,0.003262469417360414,-0.008586507012749323,,,,,,,,0.019555554245764516,6.24924878528023,152.3097890916033,3.0461957818320613,154.45632328725856,6.24924878528023,154.45632328725856
shekel,value,logei,exact,gaussian,0.25,0,7,"x0,x1,x2,x3",4,0.0,0.0,0.0,0.0,,,,,,,,0.0,3.100342740906406,-52.573643982558224,-1.0514728796511648,-302.22421583965775,3.100342740906406,-302.13735792291413
shekel,value,logei,exact,gaussian,0.25,20,7,"x0,x1,x2,x3",4,-0.2340592024328787,0.21776533887257976,0.06843675645789649,-0.3488032389042792,,,,,,,,0.4780719006199778,40.081305620448354,400.3856073223378,8.007712146446757,475.54067200430677,40.081305620448354,479.3088474876879
shekel,value,logei,exact,gaussian,1.0,0,7,"x0,x1,x2,x3",4,0.0,0.0,0.0,0.0,,,,,,,,0.0,39.2593950816467,377.1784816563827,7.543569633127653,445.3055131991407,39.31137133320317,455.03163892273574
shekel,value,logei,exact,gaussian,1.0,20,7,"x0,x1,x2,x3",4,-0.3659122432047681,0.32497147037306906,0.07334174971253304,-0.49937293523443804,,,,,,,,0.7030295633749223,43.993317758899636,473.49943815790766,9.469988763158149,527.8662660970037,43.993317758899636,563.5696205677157
shekel,value,logei,exact,gaussian,5.0,0,7,"x0,x1,x2,x3",4,0.0,0.0,0.0,0.0,,,,,,,,0.0,51.83380656755272,582.9571310675219,11.659142621350433,644.6967321382456,55.272688796729994,762.1266764292293
shekel,value,logei,exact,gaussian,5.0,20,7,"x0,x1,x2,x3",4,-2.642950951622561,2.0913755940267835,0.6323594570934885,4.77120215387963,,,,,,,,5.875652311372302,50.09514676436498,557.983697187567,11.15967394375133,587.3544751633765,51.64775361709925,631.0534721210508
shekel,value,qnei,exact,gaussian,0.05,0,7,"x0,x1,x2,x3",4,0.0,0.0,0.0,0.0,,,,,,,,0.0,26.863713035290864,104.14540671792383,2.082908134358469,295.9893142306548,26.863713035290864,295.9893142306548
shekel,value,qnei,exact,gaussian,0.05,20,7,"x0,x1,x2,x3",4,0.003581195754935429,-0.0017787438451679627,-0.04772749209273641,-0.00280907772650707,,,,,,,,0.04797700815846759,0.7200733144468412,31.75663947587418,0.6351327895174705,189.663110609981,0.7200733144468412,189.663110609981
shekel,value,qnei,exact,gaussian,0.25,0,7,"x0,x1,x2,x3",4,0.0,0.0,0.0,0.0,,,,,,,,0.0,41.55068150738578,210.426424019975,4.208528480399494,689.5989541923138,41.55068150738578,692.9574251914107
shekel,value,qnei,exact,gaussian,0.25,20,7,"x0,x1,x2,x3",4,-0.022406516352253547,0.05356088349957444,-0.5311390895068913,-0.07687730719284591,,,,,,,,0.5398052176292217,18.99978879099435,118.26277003657424,2.3652554007314706,273.77779917054727,18.99978879099435,273.77779917054727
shekel,value,qnei,exact,gaussian,1.0,0,7,"x0,x1,x2,x3",4,0.0,0.0,0.0,0.0,,,,,,,,0.0,38.51969158841441,249.21856372573393,4.984371274514672,694.562315357309,38.51969158841441,786.9338549970678
shekel,value,qnei,exact,gaussian,1.0,20,7,"x0,x1,x2,x3",4,-0.03709781589182093,0.023726669297855718,0.35820422034868127,0.017079142727626895,,,,,,,,0.3613048067377882,15.987907080437505,109.82353840176211,2.1964707680352404,15.772457635176806,15.987907080437505,15.772457635176806
shekel,value,qnei,exact,gaussian,5.0,0,7,"x0,x1,x2,x3",4,0.0,0.0,0.0,0.0,,,,,,,,0.0,44.894935775170524,278.1065013593252,5.562130027186498,719.57148807629,47.006451358583774,820.6705957195616
shekel,value,qnei,exact,gaussian,5.0,20,7,"x0,x1,x2,x3",4,-0.5311554824929932,0.8714383619637815,1.6705701451837198,-1.4264819356368488,,,,,,,,2.422227546693722,39.48816408599435,219.86032784121016,4.397206556824187,541.8128440731041,46.54374450798179,678.0356390044778
yerkes_dodson,value,logei,exact,gaussian,0.05,0,7,"x0,x1,x2,x3",4,0.0,0.0,0.0,0.0,,,,,,,,0.0,0.001783844834513099,-4.445313755308746,-0.08890627510617488,2.2993343100145083,0.034810825732146396,2.66057716676481
yerkes_dodson,value,logei,exact,gaussian,0.05,20,7,"x0,x1,x2,x3",4,0.0012782597378910854,-0.00020514179033148672,0.00034880252552477176,0.002477549613991159,,,,,,,,0.0028170811850662014,-0.0003915193789408005,-13.458746688532969,-0.26917493377065904,-0.2682820627847491,0.006643420583927201,-0.17518811152150704
yerkes_dodson,value,logei,exact,gaussian,0.25,0,7,"x0,x1,x2,x3",4,0.0,0.0,0.0,0.0,,,,,,,,0.0,0.0442749624879335,-41.103546719995705,-0.8220709343999142,6.906937069384071,0.05270671881692649,7.77148398489517
yerkes_dodson,value,logei,exact,gaussian,0.25,20,7,"x0,x1,x2,x3",4,-0.012829464838281401,0.04586643678749225,0.04521081509444308,0.010179736117058968,,,,,,,,0.06645276533399191,0.0038606571510961998,-43.03515495600746,-0.8607030991201494,0.39543358531917505,0.0038606571510961998,0.6027960774497103
yerkes_dodson,value,logei,exact,gaussian,1.0,0,7,"x0,x1,x2,x3",4,0.0,0.0,0.0,0.0,,,,,,,,0.0,0.19438335699272,-36.58167388410827,-0.7316334776821656,5.732986040409806,0.2176304425971049,12.92990269332789
yerkes_dodson,value,logei,exact,gaussian,1.0,20,7,"x0,x1,x2,x3",4,-0.006012077319824838,0.0498593799600523,0.03411383192194667,0.026538760102342684,,,,,,,,0.06625829879999139,0.0455580878591179,-38.707788644321724,-0.7741557728864346,0.7680009920007222,0.20277652836598262,4.910708085928739
yerkes_dodson,value,logei,exact,gaussian,5.0,0,7,"x0,x1,x2,x3",4,0.0,0.0,0.0,0.0,,,,,,,,0.0,1.2108213083279185,40.12879586017269,0.8025759172034537,39.470092316780374,3.4793857194581257,162.86205368758723
yerkes_dodson,value,logei,exact,gaussian,5.0,20,7,"x0,x1,x2,x3",4,-0.4890555848719255,0.24187672945494165,-0.047908683878337244,0.021378536549586158,,,,,,,,0.5481167769391816,0.197976083249733,8.834235134235456,0.17668470268470893,4.726171801999879,2.322733156052753,51.994414496037614
yerkes_dodson,value,qnei,exact,gaussian,0.05,0,7,"x0,x1,x2,x3",4,0.0,0.0,0.0,0.0,,,,,,,,0.0,0.003330084208768902,-19.51022856252736,-0.3902045712505471,-2.6840464650264124,0.003330084208768902,-2.6840464650264124
yerkes_dodson,value,qnei,exact,gaussian,0.05,20,7,"x0,x1,x2,x3",4,0.0010824302333379276,-0.0011720835668814766,0.0006545063590450706,0.0007632300778038226,,,,,,,,0.001885824441323335,-0.0100037943776883,-8.075248425424391,-0.16150496850848794,-0.42333522359824727,-0.0100037943776883,-0.42333522359824727
yerkes_dodson,value,qnei,exact,gaussian,0.25,0,7,"x0,x1,x2,x3",4,0.0,0.0,0.0,0.0,,,,,,,,0.0,-0.006061790027057902,-25.2866224376572,-0.5057324487531436,-0.5172778858569025,0.1479335351770183,1.726409792988683
yerkes_dodson,value,qnei,exact,gaussian,0.25,20,7,"x0,x1,x2,x3",4,0.038062606213008165,-0.04032256119499655,0.00894543012810034,0.009630679073431903,,,,,,,,0.05698632847133542,-0.0088589998851228,-28.045509553422534,-0.5609101910684506,0.8625026271735443,0.1754644611337066,3.413937769394682
yerkes_dodson,value,qnei,exact,gaussian,1.0,0,7,"x0,x1,x2,x3",4,0.0,0.0,0.0,0.0,,,,,,,,0.0,0.1000396525181588,-3.222758678629731,-0.06445517357259467,-1.3323390195633316,0.7639980535710236,10.757247703867435
yerkes_dodson,value,qnei,exact,gaussian,1.0,20,7,"x0,x1,x2,x3",4,0.0026972168150479203,-0.021584379020567646,-0.023688673345350186,0.0022978150326722346,,,,,,,,0.032242729336053065,0.10132253232172639,-9.99454881659672,-0.1998909763319343,2.4412652499144727,1.8244342927473718,21.101999307077598
yerkes_dodson,value,qnei,exact,gaussian,5.0,0,7,"x0,x1,x2,x3",4,0.0,0.0,0.0,0.0,,,,,,,,0.0,1.1909153065834164,69.90197265645097,1.398039453129019,39.273829677599586,3.826092731513137,114.13551562301012
yerkes_dodson,value,qnei,exact,gaussian,5.0,20,7,"x0,x1,x2,x3",4,0.08044469229966922,-0.046974213664688236,-0.1255216932044767,-0.07330316986442437,,,,,,,,0.17264696767014376,0.2125029395271522,-1.3835062703762446,-0.027670125407524893,5.609906855269102,2.3561408922455613,44.882716601986225
stevens,value,logei,exact,gaussian,0.05,0,7,"x0,x1,x2,x3",4,0.0,0.0,0.0,0.0,,,,,,,,0.0,0.0,-28.603489015005533,-0.5720697803001108,0.016479189655365545,0.0,0.016479189655365545
stevens,value,logei,exact,gaussian,0.05,20,7,"x0,x1,x2,x3",4,0.0,0.0,0.0,0.0,,,,,,,,0.0,0.0,-28.14634566254571,-0.5629269132509144,0.0,0.0,0.0
stevens,value,logei,exact,gaussian,0.25,0,7,"x0,x1,x2,x3",4,0.0,0.0,0.0,0.0,,,,,,,,0.0,0.0,-28.14788878136603,-0.5629577756273207,-0.05284245635865226,0.0,-0.05284245635865226
stevens,value,logei,exact,gaussian,0.25,20,7,"x0,x1,x2,x3",4,0.0,0.0,0.0,0.0,,,,,,,,0.0,0.0,-28.322689017304928,-0.5664537803460986,0.0,0.0,0.0
stevens,value,logei,exact,gaussian,1.0,0,7,"x0,x1,x2,x3",4,0.0,0.0,0.0,0.0,,,,,,,,0.0,0.2869762566224216,6.423976602682323,0.12847953205364626,13.956361311110534,0.7338913194684697,30.68187137086314
stevens,value,logei,exact,gaussian,1.0,20,7,"x0,x1,x2,x3",4,0.0,0.0,0.0,0.0,,,,,,,,0.0,0.0,-22.358882959212778,-0.44717765918425567,0.0,0.3641397837014146,1.2744892429549513
stevens,value,logei,exact,gaussian,5.0,0,7,"x0,x1,x2,x3",4,0.0,0.0,0.0,0.0,,,,,,,,0.0,0.5702301598608561,79.67761836012764,1.5935523672025529,25.997811673133622,3.957948012419533,160.87301314057743
stevens,value,logei,exact,gaussian,5.0,20,7,"x0,x1,x2,x3",4,0.0,-0.6399357431747179,0.0,0.0,,,,,,,,0.6399357431747179,0.0,-8.264482586035534,-0.16528965172071064,0.0,0.2383426369585382,3.932653509815882
stevens,value,qnei,exact,gaussian,0.05,0,7,"x0,x1,x2,x3",4,0.0,0.0,0.0,0.0,,,,,,,,0.0,0.0,2.0792415189319513,0.04158483037863858,0.05176065727543744,0.0,0.05176065727543744
stevens,value,qnei,exact,gaussian,0.05,20,7,"x0,x1,x2,x3",4,0.0,0.0,0.0,0.0,,,,,,,,0.0,0.0,0.0,0.0,0.0,0.0,0.0
stevens,value,qnei,exact,gaussian,0.25,0,7,"x0,x1,x2,x3",4,0.0,0.0,0.0,0.0,,,,,,,,0.0,0.0,-19.826375472156656,-0.39652750944313375,0.625143910099812,0.3991551252975518,15.998198845776598
stevens,value,qnei,exact,gaussian,0.25,20,7,"x0,x1,x2,x3",4,0.0,0.0,0.0,0.0,,,,,,,,0.0,0.0,0.0,0.0,0.0,0.0,0.0
stevens,value,qnei,exact,gaussian,1.0,0,7,"x0,x1,x2,x3",4,0.0,0.0,0.0,0.0,,,,,,,,0.0,0.0,-31.7923924700804,-0.6358478494016087,1.1947616277044055,0.5677487709754239,15.391741219338526
stevens,value,qnei,exact,gaussian,1.0,20,7,"x0,x1,x2,x3",4,0.0,0.0,0.0,0.0,,,,,,,,0.0,0.0,-19.833863008579456,-0.3966772601715898,0.0,0.3083525362710206,6.321226993555923
stevens,value,qnei,exact,gaussian,5.0,0,7,"x0,x1,x2,x3",4,0.0,0.0,0.0,0.0,,,,,,,,0.0,0.0,-6.693884963819556,-0.13387769927639148,0.6307265218208542,1.5812225245897162,105.15463087237723
stevens,value,qnei,exact,gaussian,5.0,20,7,"x0,x1,x2,x3",4,0.615916252051016,0.008706701472579237,-0.20341917446418922,0.3241691151641344,,,,,,,,0.7251852259644382,0.0,-13.464357594285019,-0.2692871518857012,0.0,0.3691780787039898,37.989148091516476
hicks_law,value,logei,exact,gaussian,0.05,0,7,"x0,x1,x2,x3",4,0.0,0.0,0.0,0.0,,,,,,,,0.0,0.0,-9.318088650507221,-0.18636177301014412,-0.08493032725424143,0.0,-0.08493032725424143
hicks_law,value,logei,exact,gaussian,0.05,20,7,"x0,x1,x2,x3",4,0.0,0.0,0.0,0.0,,,,,,,,0.0,0.0,-32.196585813424136,-0.6439317162684823,0.0,0.0,0.0
hicks_law,value,logei,exact,gaussian,0.25,0,7,"x0,x1,x2,x3",4,0.0,0.0,0.0,0.0,,,,,,,,0.0,0.0,-43.80828343164468,-0.8761656686328938,10.666607675200154,0.0,10.666607675200154
hicks_law,value,logei,exact,gaussian,0.25,20,7,"x0,x1,x2,x3",4,0.0,0.0,0.0,0.0,,,,,,,,0.0,0.0,-40.38168118078285,-0.8076336236156572,0.0,0.0,0.0
hicks_law,value,logei,exact,gaussian,1.0,0,7,"x0,x1,x2,x3",4,0.0,0.0,0.0,0.0,,,,,,,,0.0,0.0,31.973577831863366,0.6394715566372673,81.46809093564346,0.0,108.65911369116887
hicks_law,value,logei,exact,gaussian,1.0,20,7,"x0,x1,x2,x3",4,0.0,0.0,0.0,0.0,,,,,,,,0.0,0.0,-52.24791986037778,-1.0449583972075556,0.0,0.0,0.0
hicks_law,value,logei,exact,gaussian,5.0,0,7,"x0,x1,x2,x3",4,0.0,0.0,0.0,0.0,,,,,,,,0.0,2.463674635267168,94.82577741334603,1.8965155482669211,130.50443014688517,4.479966313246803,186.902228187505
hicks_law,value,logei,exact,gaussian,5.0,20,7,"x0,x1,x2,x3",4,0.0,0.0,0.0,0.0,,,,,,,,0.0,0.0,-48.29250696717945,-0.9658501393435892,0.0,0.0,0.0
hicks_law,value,qnei,exact,gaussian,0.05,0,7,"x0,x1,x2,x3",4,0.0,0.0,0.0,0.0,,,,,,,,0.0,-0.418838544897274,-5.166204523518331,-0.10332409047036695,-15.082482967705623,-0.418838544897274,-15.082482967705623
hicks_law,value,qnei,exact,gaussian,0.05,20,7,"x0,x1,x2,x3",4,0.0,0.0,0.0,0.0,,,,,,,,0.0,0.0,0.0,0.0,0.0,0.0,0.0
hicks_law,value,qnei,exact,gaussian,0.25,0,7,"x0,x1,x2,x3",4,0.0,0.0,0.0,0.0,,,,,,,,0.0,-0.418838544897274,-23.451187742338135,-0.46902375484676284,-10.755890630979586,-0.418838544897274,-9.349453894880988
hicks_law,value,qnei,exact,gaussian,0.25,20,7,"x0,x1,x2,x3",4,0.0,0.0,0.0,0.0,,,,,,,,0.0,-0.418838544897274,-5.38908194531578,-0.10778163890631554,-10.261544349983204,-0.418838544897274,-10.261544349983204
hicks_law,value,qnei,exact,gaussian,1.0,0,7,"x0,x1,x2,x3",4,0.0,0.0,0.0,0.0,,,,,,,,0.0,-0.418838544897274,-56.99031250585719,-1.139806250117143,6.176780326509721,-0.418838544897274,14.903642082078058
hicks_law,value,qnei,exact,gaussian,1.0,20,7,"x0,x1,x2,x3",4,0.0,0.0,0.0,0.0,,,,,,,,0.0,-0.418838544897274,-33.00595111172947,-0.6601190222345892,-10.261544349983204,0.3679511044498831,2.781042296706609
hicks_law,value,qnei,exact,gaussian,5.0,0,7,"x0,x1,x2,x3",4,0.0,0.0,0.0,0.0,,,,,,,,0.0,2.753345825604535,2.2267266494865225,0.0445345329897302,119.257905506864,4.192895248659047,197.02385468038568
hicks_law,value,qnei,exact,gaussian,5.0,20,7,"x0,x1,x2,x3",4,0.0,0.0,0.0,0.0,,,,,,,,0.0,0.0,-48.17185304135768,-0.9634370608271539,0.0,0.739638455904533,14.26517632377827
moving_peaks,value,logei,exact,gaussian,0.05,0,7,"x0,x1,x2,x3",4,0.0,0.0,0.0,0.0,,,,,,,,0.0,-0.15208016671229574,-1.3398065693479282,-0.026796131386958688,2.0162891346971747,-0.15208016671229574,2.026984386340004
moving_peaks,value,logei,exact,gaussian,0.05,20,7,"x0,x1,x2,x3",4,-0.0002954632624529996,1.3961906410064895e-05,0.0002090538218084692,1.7053603964312103e-05,,,,,,,,0.0003626124654653675,-0.06924995546033408,0.37135012450244176,0.007427002490048462,1.873580435544497,-0.04906676614526306,1.9442215981472444
moving_peaks,value,logei,exact,gaussian,0.25,0,7,"x0,x1,x2,x3",4,0.0,0.0,0.0,0.0,,,,,,,,0.0,-0.42438519719677936,-19.02240050414848,-0.38044801008296947,-12.583909367472323,-0.42438519719677936,-11.485602907941917
moving_peaks,value,logei,exact,gaussian,0.25,20,7,"x0,x1,x2,x3",4,-0.0034181793407189742,0.00013860300855195185,0.0019468928959823772,4.381441072265346e-05,,,,,,,,0.0039364288956249775,-0.09488101335977772,5.728244117961964,0.11456488235923956,-1.710507901531905,0.20318712666772365,2.851332323322211
moving_peaks,value,logei,exact,gaussian,1.0,0,7,"x0,x1,x2,x3",4,0.0,0.0,0.0,0.0,,,,,,,,0.0,0.6310809975952798,35.66599384780284,0.7133198769560569,14.932264534046354,1.4388646933564666,52.03667521822996
moving_peaks,value,logei,exact,gaussian,1.0,20,7,"x0,x1,x2,x3",4,-0.0047850078495662585,0.00017554748889925254,0.002533472292200578,-8.9025701519585e-06,,,,,,,,0.0054171651398469385,-0.42603200028478927,0.05630737043027523,0.0011261474086059486,2.101984118956196,-0.42603200028478927,19.032332443653203
moving_peaks,value,logei,exact,gaussian,5.0,0,7,"x0,x1,x2,x3",4,0.0,0.0,0.0,0.0,,,,,,,,0.0,0.6310809975952798,57.44360642803636,1.1488721285607273,14.932264534046354,2.639241616883412,110.31989395023267
moving_peaks,value,logei,exact,gaussian,5.0,20,7,"x0,x1,x2,x3",4,-0.030991295346999737,-0.004851512494024324,-0.11495746130049822,-0.054027019743953186,,,,,,,,0.13083628828361685,0.30917418063780877,51.72456987353871,1.0344913974707741,4.792199799886049,1.348775816650611,36.27928863354866
moving_peaks,value,qnei,exact,gaussian,0.05,0,7,"x0,x1,x2,x3",4,0.0,0.0,0.0,0.0,,,,,,,,0.0,-0.132458653939255,-8.781479353982476,-0.17562958707964915,-3.5743639313740303,-0.132458653939255,-3.5743639313740303
moving_peaks,value,qnei,exact,gaussian,0.05,20,7,"x0,x1,x2,x3",4,0.0,-0.0003110695287120713,0.0001742529928341896,0.0,,,,,,,,0.0003565506376446721,0.020526448113138418,0.23726126873276598,0.004745225374655604,-0.03760346271717907,0.032265012944721505,0.09739003284602177
moving_peaks,value,qnei,exact,gaussian,0.25,0,7,"x0,x1,x2,x3",4,0.0,0.0,0.0,0.0,,,,,,,,0.0,0.35474563472263254,7.781882397141956,0.15563764794283985,7.565370674971398,0.35474563472263254,8.252341329864699
moving_peaks,value,qnei,exact,gaussian,0.25,20,7,"x0,x1,x2,x3",4,-0.4284683862714148,-0.14681977164436277,0.378987162152146,0.0,,,,,,,,0.5905696169427193,0.6336344340520432,11.623132228249773,0.232462644564996,9.418616060009505,0.6336344340520432,9.418616060009505
moving_peaks,value,qnei,exact,gaussian,1.0,0,7,"x0,x1,x2,x3",4,0.0,0.0,0.0,0.0,,,,,,,,0.0,0.8941488334678127,37.911707670136764,0.7582341534027357,18.521657132001003,1.5617246684430093,62.3993874836704
moving_peaks,value,qnei,exact,gaussian,1.0,20,7,"x0,x1,x2,x3",4,-0.5005991325348234,-0.2227564142559696,0.39916714469921133,0.6214876185669977,,,,,,,,0.9196744973229354,0.3472305234094497,-1.2867310392960434,-0.025734620785919926,2.8692180625977173,0.6357452733744429,5.927582507968765
moving_peaks,value,qnei,exact,gaussian,5.0,0,7,"x0,x1,x2,x3",4,0.0,0.0,0.0,0.0,,,,,,,,0.0,0.8774212602648812,59.956938767284214,1.199138775345685,18.095104015326264,3.850688267076912,102.86744624541745
moving_peaks,value,qnei,exact,gaussian,5.0,20,7,"x0,x1,x2,x3",4,-0.23164928041381339,0.1351857008564213,0.1913674763667283,0.2447548571898447,,,,,,,,0.41044246120652644,0.6336344340520432,27.047164392599626,0.5409432878519933,9.418616060009505,1.1389319502116084,35.61909251206355
weber_fechner,value,logei,exact,gaussian,0.05,0,7,"x0,x1,x2,x3",4,0.0,0.0,0.0,0.0,,,,,,,,0.0,0.0,-9.880186662997517,-0.1976037332599503,0.17037632683092774,0.0,0.23159750636616394
weber_fechner,value,logei,exact,gaussian,0.05,20,7,"x0,x1,x2,x3",4,0.0,0.0,0.0,0.0,,,,,,,,0.0,0.0,-33.71330967258625,-0.674266193451725,0.0,0.0,0.0
weber_fechner,value,logei,exact,gaussian,0.25,0,7,"x0,x1,x2,x3",4,0.0,0.0,0.0,0.0,,,,,,,,0.0,0.0,-28.648594748914327,-0.5729718949782866,0.29591976145014875,0.0,0.8492773232404947
weber_fechner,value,logei,exact,gaussian,0.25,20,7,"x0,x1,x2,x3",4,-0.1308334760952835,-0.03612626936470198,-0.028835583990489022,-0.1542479018830485,,,,,,,,0.20747629248851837,0.0,-22.857999215572832,-0.45715998431145666,0.0,0.0969315580974878,2.665617847680915
weber_fechner,value,logei,exact,gaussian,1.0,0,7,"x0,x1,x2,x3",4,0.0,0.0,0.0,0.0,,,,,,,,0.0,0.0640660837221345,-21.6110542384435,-0.4322210847688701,4.567192493212513,0.487308716469075,18.255643177014846
weber_fechner,value,logei,exact,gaussian,1.0,20,7,"x0,x1,x2,x3",4,-0.12762051355052395,-0.05765866746764037,-0.05425409540944637,-0.1705532142910593,,,,,,,,0.22725189369233584,0.0,-20.158361448300447,-0.4031672289660089,0.0,0.3602897709039487,14.909159721906155
weber_fechner,value,logei,exact,gaussian,5.0,0,7,"x0,x1,x2,x3",4,0.0,0.0,0.0,0.0,,,,,,,,0.0,0.0933569769355626,31.664887161618736,0.633297743232375,5.5118886133009894,0.1210862601452391,63.319520261672544
weber_fechner,value,logei,exact,gaussian,5.0,20,7,"x0,x1,x2,x3",4,0.0,-0.20712876796061708,-0.3788714619060545,0.0,,,,,,,,0.4317938294646116,0.0,12.605721514763502,0.25211443029527003,0.0,0.4067019376604794,8.45270005187526
weber_fechner,value,qnei,exact,gaussian,0.05,0,7,"x0,x1,x2,x3",4,0.0,0.0,0.0,0.0,,,,,,,,0.0,0.0,2.389953552432118,0.04779907104864245,0.26189921152257156,0.0582507101464249,1.8891608219565867
weber_fechner,value,qnei,exact,gaussian,0.05,20,7,"x0,x1,x2,x3",4,0.0036597958276881615,0.00014614834113813036,0.0,0.0,,,,,,,,0.0036627127703358206,0.0,3.2015695291957087,0.06403139058391427,0.0,0.0195251895778452,0.439316765501518
weber_fechner,value,qnei,exact,gaussian,0.25,0,7,"x0,x1,x2,x3",4,0.0,0.0,0.0,0.0,,,,,,,,0.0,0.0,-7.4365540420920055,-0.14873108084184006,5.011842545990607,0.1770259039773765,8.278320798016289
weber_fechner,value,qnei,exact,gaussian,0.25,20,7,"x0,x1,x2,x3",4,0.2995674525387194,0.26982080254260454,0.0,-0.09779938221414564,,,,,,,,0.41485978747854274,0.0,-15.527346841881538,-0.3105469368376307,0.0,0.3716599494433974,2.0441297219386865
weber_fechner,value,qnei,exact,gaussian,1.0,0,7,"x0,x1,x2,x3",4,0.0,0.0,0.0,0.0,,,,,,,,0.0,0.0854698496434238,1.9229282631678473,0.038458565263357114,3.038815252212398,0.2301551490089057,15.421609621432552
weber_fechner,value,qnei,exact,gaussian,1.0,20,7,"x0,x1,x2,x3",4,-0.023574012488623564,-0.0011072491831322084,0.0,0.0,,,,,,,,0.023600001389138238,0.0,-1.3423593813822947,-0.026847187627645708,0.0,0.5681358079203107,11.811090143649363
weber_fechner,value,qnei,exact,gaussian,5.0,0,7,"x0,x1,x2,x3",4,0.0,0.0,0.0,0.0,,,,,,,,0.0,0.0875189155791269,60.69548885240866,1.2139097770481737,9.237786617582536,3.2428765541635727,66.37508258123113
weber_fechner,value,qnei,exact,gaussian,5.0,20,7,"x0,x1,x2,x3",4,-0.0433220161216582,-0.022401792793352526,0.0,0.0,,,,,,,,0.04877127639504132,0.0,0.8379435024430251,0.016758870048860564,0.0,0.5420547698995146,15.267306820427272
power_law_practice,value,logei,exact,gaussian,0.05,0,7,"x0,x1,x2,x3",4,0.0,0.0,0.0,0.0,,,,,,,,0.0,0.0,-1.6142783078896983,-0.03228556615779399,0.15531827963316402,0.0277832923413043,0.8891774668894605
power_law_practice,value,logei,exact,gaussian,0.05,20,7,"x0,x1,x2,x3",4,0.0,0.0,0.0,-0.0013886987532769623,,,,,,,,0.0013886987532769623,0.0,-2.123303132711122,-0.04246606265422248,0.0,0.0,0.0
power_law_practice,value,logei,exact,gaussian,0.25,0,7,"x0,x1,x2,x3",4,0.0,0.0,0.0,0.0,,,,,,,,0.0,0.0335566279631744,-8.850574123015527,-0.17701148246031062,-0.1088181048260175,0.0584955546137502,1.687006550952825
power_law_practice,value,logei,exact,gaussian,0.25,20,7,"x0,x1,x2,x3",4,1.0,0.0,0.0,0.3465138300018258,,,,,,,,1.0583344624373403,0.0,-11.68341107176975,-0.23366822143539512,0.0,0.025617404342332,1.1209229001576837
power_law_practice,value,logei,exact,gaussian,1.0,0,7,"x0,x1,x2,x3",4,0.0,0.0,0.0,0.0,,,,,,,,0.0,0.1955566461084803,6.853378904347821,0.13706757808695635,9.248257932277115,0.3450899882260656,23.880176450792305
power_law_practice,value,logei,exact,gaussian,1.0,20,7,"x0,x1,x2,x3",4,0.0,0.0,0.0,-0.015110848356952311,,,,,,,,0.015110848356952311,0.0,-7.547452535551734,-0.1509490507110347,0.0,0.0,6.34381066379955
power_law_practice,value,logei,exact,gaussian,5.0,0,7,"x0,x1,x2,x3",4,0.0,0.0,0.0,0.0,,,,,,,,0.0,0.3648049007557632,39.07244719299413,0.7814489438598826,11.753351381458662,1.0648682377912306,45.22770710769175
power_law_practice,value,logei,exact,gaussian,5.0,20,7,"x0,x1,x2,x3",4,1.0,-1.0,-0.419828671645048,0.3465138300018258,,,,,,,,1.515363965494026,0.0,12.344329562067237,0.2468865912413447,0.0,0.0,5.987438303233475
power_law_practice,value,qnei,exact,gaussian,0.05,0,7,"x0,x1,x2,x3",4,0.0,0.0,0.0,0.0,,,,,,,,0.0,0.0,-2.314075652819014,-0.046281513056380286,-2.3645749544116015,0.0,-2.3645749544116015
power_law_practice,value,qnei,exact,gaussian,0.05,20,7,"x0,x1,x2,x3",4,0.0,0.0,0.0,0.0001013012423892179,,,,,,,,0.0001013012423892179,0.0,2.836362492824776,0.056727249856495465,-0.0979891098176271,0.0,0.29396732945288306
power_law_practice,value,qnei,exact,gaussian,0.25,0,7,"x0,x1,x2,x3",4,0.0,0.0,0.0,0.0,,,,,,,,0.0,0.0,-14.117500426513224,-0.2823500085302645,5.459312386925648,0.3926324135919639,13.298491414350622
power_law_practice,value,qnei,exact,gaussian,0.25,20,7,"x0,x1,x2,x3",4,0.0,0.0,1.0,0.2520498025091109,,,,,,,,1.0312754738404681,0.0,-15.356098481112078,-0.3071219696222415,0.29396732945288306,0.0262924025100486,7.464577837522089
power_law_practice,value,qnei,exact,gaussian,1.0,0,7,"x0,x1,x2,x3",4,0.0,0.0,0.0,0.0,,,,,,,,0.0,0.0,-10.66891859128743,-0.21337837182574848,7.476879998922996,0.1636892129689364,40.04083897884918
power_law_practice,value,qnei,exact,gaussian,1.0,20,7,"x0,x1,x2,x3",4,0.0,0.0,0.0,-0.00026524743517258864,,,,,,,,0.00026524743517258864,0.0,-11.454823473507602,-0.22909646947015205,0.2164269340434828,0.9019488976840284,17.38341808864872
power_law_practice,value,qnei,exact,gaussian,5.0,0,7,"x0,x1,x2,x3",4,0.0,0.0,0.0,0.0,,,,,,,,0.0,0.2080396970402265,2.0935756172166435,0.04187151234433295,6.625280945692584,0.976472121813734,64.87472682788511
power_law_practice,value,qnei,exact,gaussian,5.0,20,7,"x0,x1,x2,x3",4,-1.0,0.9640029854277424,0.0,0.08710982187960381,,,,,,,,1.3917219107930638,0.0,1.822980237537621,0.036459604750752383,0.29396732945288306,0.2647327988125494,11.827553263592023
hartmann_3,value,logei,exact,gaussian,0.05,0,7,"x0,x1,x2",3,0.0,0.0,0.0,,,,,,,,,0.0,0.0076583871526114,-21.554068622156855,-0.43108137244313705,-0.8877906551324806,0.0076583871526114,0.24321923796669864
hartmann_3,value,logei,exact,gaussian,0.05,20,7,"x0,x1,x2",3,0.0,0.0,-0.007440524933951809,,,,,,,,,0.007440524933951809,0.0032403486431929005,-15.184437282273109,-0.3036887456454622,0.07488959980906529,0.0196316304049175,0.306080491277104
hartmann_3,value,logei,exact,gaussian,0.25,0,7,"x0,x1,x2",3,0.0,0.0,0.0,,,,,,,,,0.0,0.0704173319460643,-17.711256400237147,-0.35422512800474304,15.18678364483792,0.1013977862677357,18.981528710143696
hartmann_3,value,logei,exact,gaussian,0.25,20,7,"x0,x1,x2",3,-1.0,0.5393079720879188,0.4051683990266749,,,,,,,,,1.206239827035827,0.0112671661189951,-35.95773193865453,-0.7191546387730907,0.15284426474980606,0.0222108872947326,0.32459282774316733
hartmann_3,value,logei,exact,gaussian,1.0,0,7,"x0,x1,x2",3,0.0,0.0,0.0,,,,,,,,,0.0,0.12766237481925602,12.345894904454553,0.24691789808909093,39.519013216643586,0.37293235822247617,53.094494564884556
hartmann_3,value,logei,exact,gaussian,1.0,20,7,"x0,x1,x2",3,-1.0,0.5406175948196508,0.4032081709357924,,,,,,,,,1.206169230638044,0.0112671661189951,-29.13786536947368,-0.5827573073894736,0.15284426474980606,0.1218599799244626,7.082212561560116
hartmann_3,value,logei,exact,gaussian,5.0,0,7,"x0,x1,x2",3,0.0,0.0,0.0,,,,,,,,,0.0,1.6779851847877134,76.57287127799658,1.5314574255599316,65.00576706191951,1.8780151890127992,72.63350949150768
hartmann_3,value,logei,exact,gaussian,5.0,20,7,"x0,x1,x2",3,0.0,0.5582072147799146,0.5962845931508276,,,,,,,,,0.8167928811280114,0.0112671661189951,23.164162769308433,0.46328325538616855,0.15284426474980606,1.3639592343205822,33.81795899792105
hartmann_3,value,qnei,exact,gaussian,0.05,0,7,"x0,x1,x2",3,0.0,0.0,0.0,,,,,,,,,0.0,0.0058654752140339,-16.21977418342452,-0.32439548366849036,-0.027787389677211394,0.0268359471017696,0.6363243384263484
hartmann_3,value,qnei,exact,gaussian,0.05,20,7,"x0,x1,x2",3,0.0,0.0,0.002082930265280003,,,,,,,,,0.002082930265280003,0.0009542524219944999,-10.45577265542481,-0.20911545310849622,0.053061991492256766,0.0107959828613944,0.17466670394863826
hartmann_3,value,qnei,exact,gaussian,0.25,0,7,"x0,x1,x2",3,0.0,0.0,0.0,,,,,,,,,0.0,0.010175891534485601,-11.992629689311912,-0.23985259378623813,0.6302861500102779,0.0874945845264303,7.416267275808288
hartmann_3,value,qnei,exact,gaussian,0.25,20,7,"x0,x1,x2",3,0.0,0.0,0.021261303304055124,,,,,,,,,0.021261303304055124,0.0069064224702919,-12.201567073589572,-0.24403134147179117,0.19617639640067708,0.010417184382502099,0.20846406309341248
hartmann_3,value,qnei,exact,gaussian,1.0,0,7,"x0,x1,x2",3,0.0,0.0,0.0,,,,,,,,,0.0,0.1555714368730672,17.977922388141096,0.35955844776282175,14.340679047069646,0.4281294858914744,36.64766838981123
hartmann_3,value,qnei,exact,gaussian,1.0,20,7,"x0,x1,x2",3,0.0,0.5134927621570848,0.362119919078377,,,,,,,,,0.6283356209710244,0.010417184382502099,-11.80250471439463,-0.23605009428789248,0.20846406309341248,0.6284208511422853,7.419308579561676
hartmann_3,value,qnei,exact,gaussian,5.0,0,7,"x0,x1,x2",3,0.0,0.0,0.0,,,,,,,,,0.0,1.2264950722868022,74.54106580001351,1.4908213160002703,55.87265209135384,3.9519973092094105,143.17917353294132
hartmann_3,value,qnei,exact,gaussian,5.0,20,7,"x0,x1,x2",3,0.0,0.5694085644679799,0.5842282847766718,,,,,,,,,0.8158117442293764,0.010417184382502099,32.312863982534424,0.6462572796506882,0.20846406309341248,1.6105682962140049,45.93697420079924
griewank,value,logei,exact,gaussian,0.05,0,8,"x0,x1,x2,x3,x4,x5",6,0.0,0.0,0.0,0.0,0.0,0.0,,,,,,0.0,0.0126492982083902,-9.5696952464303,-0.19139390492860597,0.22638119777188948,0.0517917209541619,0.5343889978632319
griewank,value,logei,exact,gaussian,0.05,20,8,"x0,x1,x2,x3,x4,x5",6,-12.423625583315442,-11.991766717351048,6.95877956958941,14.613007175546471,-9.436527358882074,-0.09985731422118249,,,,,,25.478845215720025,0.0216041843765558,-14.787483508322637,-0.2957496701664528,0.8605338666195976,0.055252443080213806,1.2533677287720089
griewank,value,logei,exact,gaussian,0.25,0,8,"x0,x1,x2,x3,x4,x5",6,0.0,0.0,0.0,0.0,0.0,0.0,,,,,,0.0,0.055514662542766505,-8.099502005621375,-0.16199004011242746,-1.408799084861215,0.1281499620020604,2.816675800462491
griewank,value,logei,exact,gaussian,0.25,20,8,"x0,x1,x2,x3,x4,x5",6,37.63509214207532,42.50438634219307,-7.6205101605636685,-21.979012943151595,24.982501411402268,-31.80280982072189,,,,,,73.48276187783847,0.0249959487798695,-13.116299689281774,-0.2623259937856355,0.5613576040390278,0.0822915865696206,2.1473653160868196
griewank,value,logei,exact,gaussian,1.0,0,8,"x0,x1,x2,x3,x4,x5",6,0.0,0.0,0.0,0.0,0.0,0.0,,,,,,0.0,0.4429080064773903,19.40852671856898,0.3881705343713797,16.578732471142438,0.48420995803994693,42.28666195741472
griewank,value,logei,exact,gaussian,1.0,20,8,"x0,x1,x2,x3,x4,x5",6,-95.09352606766109,-155.45355335639357,-2.8800510578141143,231.35543594856418,-189.3155545009102,43.49535163570032,,,,,,352.80935812143105,0.0888858825039054,-5.158786776125467,-0.10317573552250936,2.209186693968725,0.3831718907736913,8.420604179740884
griewank,value,logei,exact,gaussian,5.0,0,8,"x0,x1,x2,x3,x4,x5",6,0.0,0.0,0.0,0.0,0.0,0.0,,,,,,0.0,0.679551369341553,42.88848254099766,0.857769650819953,15.985324660835019,2.742003213336441,87.66795408259733
griewank,value,logei,exact,gaussian,5.0,20,8,"x0,x1,x2,x3,x4,x5",6,105.6608872853838,-38.78697935340769,-42.8388254307388,88.81633751525109,24.963471738855247,-160.99733968085712,,,,,,221.21364774528374,0.0888858825039054,35.64486793432094,0.7128973586864185,2.209186693968725,0.0888858825039054,2.209186693968725
griewank,value,qnei,exact,gaussian,0.05,0,8,"x0,x1,x2,x3,x4,x5",6,0.0,0.0,0.0,0.0,0.0,0.0,,,,,,0.0,-0.0005908674528666974,-3.4142374673158145,-0.06828474934631679,0.1951424706363305,-0.0005908674528666974,0.6486225788756279
griewank,value,qnei,exact,gaussian,0.05,20,8,"x0,x1,x2,x3,x4,x5",6,14.009455780912212,-3.4171442540902355,-0.04346668140556176,0.7608394809292633,26.06584043521169,-19.654549865588507,,,,,,35.69666455303004,0.013383489393963804,3.1774522897786426,0.06354904579557319,0.38142944772796383,0.013383489393963804,0.38142944772796383
griewank,value,qnei,exact,gaussian,0.25,0,8,"x0,x1,x2,x3,x4,x5",6,0.0,0.0,0.0,0.0,0.0,0.0,,,,,,0.0,0.04363436208386111,-31.596206840018397,-0.6319241368003679,6.0064318233549265,0.04363436208386111,10.978239185270073
griewank,value,qnei,exact,gaussian,0.25,20,8,"x0,x1,x2,x3,x4,x5",6,37.30063093988317,-7.874982411333473,2.9095956632079236,9.612820520704062,54.76433821068582,-56.996375131640704,,,,,,88.32861370801595,0.004040919618672603,-31.27631928790892,-0.6255263857581781,0.8932469049996747,0.05965228488360501,1.7000901191827396
griewank,value,qnei,exact,gaussian,1.0,0,8,"x0,x1,x2,x3,x4,x5",6,0.0,0.0,0.0,0.0,0.0,0.0,,,,,,0.0,0.996103199755798,11.081238897217162,0.22162477794434388,40.72834591199526,1.4280746309000556,61.432221888933356
griewank,value,qnei,exact,gaussian,1.0,20,8,"x0,x1,x2,x3,x4,x5",6,68.10498610609889,-17.190926528561143,129.73901683337,178.53233653909416,76.61660719079316,-226.79222824323335,,,,,,333.08353915403757,0.05965228488360501,-35.76041530453527,-0.7152083060907053,1.7000901191827396,0.1874565661744741,5.538844932478508
griewank,value,qnei,exact,gaussian,5.0,0,8,"x0,x1,x2,x3,x4,x5",6,0.0,0.0,0.0,0.0,0.0,0.0,,,,,,0.0,1.4946261003101133,81.95517986188722,1.6391035972377441,50.371456098395896,4.179670758510782,156.00373538923418
griewank,value,qnei,exact,gaussian,5.0,20,8,"x0,x1,x2,x3,x4,x5",6,-119.46485803186314,106.76448151672298,-36.06680903098059,-30.271878756733074,-179.15890861168918,132.57919458215275,,,,,,278.5011051077381,0.05965228488360501,-11.928455155315632,-0.2385691031063124,1.7000901191827396,0.2743364923703352,7.824049452449497
steering_law,value,logei,exact,gaussian,0.05,0,7,"x0,x1,x2,x3",4,0.0,0.0,0.0,0.0,,,,,,,,0.0,-4.541851492900761e-06,-0.6689689671709225,-0.01337937934341843,-0.03814673926065382,0.013238641943237235,0.4362693865892755
steering_law,value,logei,exact,gaussian,0.05,20,7,"x0,x1,x2,x3",4,0.0,0.0,0.0,0.0,,,,,,,,0.0,5.9121397211203686e-06,0.2773209610499521,0.005546419220999077,3.2516768468937585e-05,0.0006471344704459361,0.015162598656447202
steering_law,value,logei,exact,gaussian,0.25,0,7,"x0,x1,x2,x3",4,0.0,0.0,0.0,0.0,,,,,,,,0.0,0.005164643640521436,0.8045839657347074,0.016091679314694185,0.4482844863439208,0.03743154244548934,5.245716820803251
steering_law,value,logei,exact,gaussian,0.25,20,7,"x0,x1,x2,x3",4,0.0,0.0,0.0,0.0,,,,,,,,0.0,-4.278331978024852e-06,0.5577663553216183,0.0111553271064323,-0.0002477212032605536,0.0005080834013288362,0.8316085392231543
steering_law,value,logei,exact,gaussian,1.0,0,7,"x0,x1,x2,x3",4,0.0,0.0,0.0,0.0,,,,,,,,0.0,0.14532377156352064,22.22219528573273,0.4444439057146546,8.55145057443818,0.5575727650399155,23.39031107407545
steering_law,value,logei,exact,gaussian,1.0,20,7,"x0,x1,x2,x3",4,0.0,0.0,0.0,0.0,,,,,,,,0.0,5.9121397211203686e-06,0.6833310289719208,0.013666620579438404,3.2516768468937585e-05,0.010019050340306536,4.122955466536974
steering_law,value,logei,exact,gaussian,5.0,0,7,"x0,x1,x2,x3",4,0.0,0.0,0.0,0.0,,,,,,,,0.0,0.30467957825476405,46.86182616700769,0.9372365233401538,11.870273158354264,2.1060827525127714,101.61997569221833
steering_law,value,logei,exact,gaussian,5.0,20,7,"x0,x1,x2,x3",4,-0.9408374576978829,0.0,0.7562161544857705,1.0,,,,,,,,1.5674941767396338,5.9121397211203686e-06,6.331436208402298,0.12662872416804588,3.2516768468937585e-05,0.23532562797063433,3.8968445617581615
steering_law,value,qnei,exact,gaussian,0.05,0,7,"x0,x1,x2,x3",4,0.0,0.0,0.0,0.0,,,,,,,,0.0,-1.5998848590381706e-06,-4.980219390787909,-0.0996043878157582,0.18627655031733603,0.004060798183289999,0.6889027796451614
steering_law,value,qnei,exact,gaussian,0.05,20,7,"x0,x1,x2,x3",4,-0.11568352840849194,0.0,0.3656573846887609,1.0,,,,,,,,1.0710219426895338,-3.700687425611804e-06,-0.5720086153734769,-0.01144017230746952,-0.00010546959163093561,0.001489307548981599,0.13464332495961173
steering_law,value,qnei,exact,gaussian,0.25,0,7,"x0,x1,x2,x3",4,0.0,0.0,0.0,0.0,,,,,,,,0.0,0.00032878023506729894,-8.050049892381043,-0.1610009978476209,0.1275181064108324,0.00032878023506729894,3.445586127523164
steering_law,value,qnei,exact,gaussian,0.25,20,7,"x0,x1,x2,x3",4,0.0,0.0,0.4835688288965282,1.0,,,,,,,,1.1107829726280287,0.0,-8.104025728526608,-0.16208051457053219,0.0,0.001234911369074799,0.6319261620078951
steering_law,value,qnei,exact,gaussian,1.0,0,7,"x0,x1,x2,x3",4,0.0,0.0,0.0,0.0,,,,,,,,0.0,0.002461942979473199,11.413155674507564,0.22826311349015127,2.8496053552614242,0.5575723849008088,22.583529565800255
steering_law,value,qnei,exact,gaussian,1.0,20,7,"x0,x1,x2,x3",4,0.0,0.0,0.0,0.0,,,,,,,,0.0,0.0,6.094148651355404,0.12188297302710804,0.0,0.5498122987313973,7.6115681944673845
steering_law,value,qnei,exact,gaussian,5.0,0,7,"x0,x1,x2,x3",4,0.0,0.0,0.0,0.0,,,,,,,,0.0,0.2312945310075371,32.85563166985169,0.657112633397034,10.63764587118758,1.054689529856655,64.1785464284115
steering_law,value,qnei,exact,gaussian,5.0,20,7,"x0,x1,x2,x3",4,-0.6974429411712593,0.0,0.7507414210203887,1.0,,,,,,,,1.431795843486539,0.0,-4.052564818395538,-0.08105129636791075,0.0,0.07907099969407749,2.4144310894962917
branin,value,logei,exact,gaussian,0.05,0,7,"x0,x1",2,0.0,0.0,,,,,,,,,,0.0,0.0003170257615280941,-4.46316394082411,-0.08926327881648216,0.0962855078029472,0.0005941173187237941,0.352319077262635
branin,value,logei,exact,gaussian,0.05,20,7,"x0,x1",2,6.834849595897832,-2.255887789314589,,,,,,,,,,7.1975133703608645,4.78307430078484e-05,-2.1575507836727823,-0.043151015673455584,0.0006162900628723378,0.006219410691776294,0.13396206414861567
branin,value,logei,exact,gaussian,0.25,0,7,"x0,x1",2,0.0,0.0,,,,,,,,,,0.0,0.007841332714263195,-1.9833382902488879,-0.03966676580497769,0.2390383161485845,0.045631027558780096,1.5836589362840927
branin,value,logei,exact,gaussian,0.25,20,7,"x0,x1",2,0.14043556718313166,-0.2662528985292789,,,,,,,,,,0.30101952512302316,4.78307430078484e-05,-2.0521550863983435,-0.04104310172796688,0.0006162900628723378,0.003780592865762294,0.7210574177310027
branin,value,logei,exact,gaussian,1.0,0,7,"x0,x1",2,0.0,0.0,,,,,,,,,,0.0,0.045631027558780096,1.8516661598014785,0.03703332319602959,1.5836589362840927,0.19112176683364018,8.021276448822736
branin,value,logei,exact,gaussian,1.0,20,7,"x0,x1",2,0.15901195584545302,-0.3300846796128756,,,,,,,,,,0.36638872501338116,4.78307430078484e-05,3.4572608993177454,0.06914521798635492,0.0006162900628723378,0.08215999430792609,2.0945549103929944
branin,value,logei,exact,gaussian,5.0,0,7,"x0,x1",2,0.0,0.0,,,,,,,,,,0.0,0.004021447834944194,13.059046675962943,0.26118093351925886,0.06490927636408017,0.5273301028121439,22.53311405309865
branin,value,logei,exact,gaussian,5.0,20,7,"x0,x1",2,-3.1651504041021683,-2.255887789314589,,,,,,,,,,3.886799042729992,4.78307430078484e-05,17.971792288002714,0.3594358457600543,0.0006162900628723378,0.8233396633727224,20.80557121808998
branin,value,qnei,exact,gaussian,0.05,0,7,"x0,x1",2,0.0,0.0,,,,,,,,,,0.0,0.00018801177170227419,-2.1741792310477592,-0.043483584620955196,0.09152189924688514,0.00018801177170227419,0.2748776886935218
branin,value,qnei,exact,gaussian,0.05,20,7,"x0,x1",2,-0.010714027686070438,-0.03575197207193748,,,,,,,,,,0.03732283344402567,0.0005341915160318742,-3.012992489819915,-0.0602598497963982,0.012164074814546844,0.0055793556684581745,0.35470072413251597
branin,value,qnei,exact,gaussian,0.25,0,7,"x0,x1",2,0.0,0.0,,,,,,,,,,0.0,0.003099541643742874,2.5928451304655447,0.05185690260931092,0.4003985151496181,0.03372298521861247,1.5724428375149886
branin,value,qnei,exact,gaussian,0.25,20,7,"x0,x1",2,0.06840130769502828,-1.4004831075941158,,,,,,,,,,1.4021525143688405,0.0005341915160318742,-0.2841103019797586,-0.0056822060395951834,0.012164074814546844,0.14210600673041407,2.1421233014884677
branin,value,qnei,exact,gaussian,1.0,0,7,"x0,x1",2,0.0,0.0,,,,,,,,,,0.0,0.030168585308356574,16.63697100580415,0.332739420116083,1.4972755791151942,0.19110860747600816,8.0044148646714
branin,value,qnei,exact,gaussian,1.0,20,7,"x0,x1",2,0.3302610930555261,0.5730067112684183,,,,,,,,,,0.6613690956983698,0.0005341915160318742,6.2568773185151905,0.12513754637030378,0.012164074814546844,0.05010932321220867,1.5184253426726366
branin,value,qnei,exact,gaussian,5.0,0,7,"x0,x1",2,0.0,0.0,,,,,,,,,,0.0,0.025833552334496974,42.70189958182785,0.854037991636557,1.0622972975331528,0.8863822358458222,70.61242026889735
branin,value,qnei,exact,gaussian,5.0,20,7,"x0,x1",2,-1.0717462379833371,-2.2677553810260065,,,,,,,,,,2.508257256902458,0.0005341915160318742,33.79820873192183,0.6759641746384366,0.012164074814546844,0.7043962134259011,14.430859722362387
eggholder,value,logei,exact,gaussian,0.05,0,7,"x0,x1",2,0.0,0.0,,,,,,,,,,0.0,0.0805027059275023,-10.292832379235506,-0.20585664758471012,1.2327129558481715,0.0805027059275023,1.2327129558481715
eggholder,value,logei,exact,gaussian,0.05,20,7,"x0,x1",2,0.3894493067551821,1.1655500915339587,,,,,,,,,,1.2288929076233257,0.033554750594205984,-2.8279749002165033,-0.0565594980043298,1.1033589697766288,0.033554750594205984,1.1033589697766288
eggholder,value,logei,exact,gaussian,0.25,0,7,"x0,x1",2,0.0,0.0,,,,,,,,,,0.0,0.2419352511742821,-5.336606915940706,-0.10673213831881334,5.053740901028696,0.2826369773072331,6.6647488420816
eggholder,value,logei,exact,gaussian,0.25,20,7,"x0,x1",2,4.246633493441223,13.08966851491411,,,,,,,,,,13.76129782607551,0.048958717370388705,-22.13309791327751,-0.4426619582655502,0.46245854401458786,0.10654154642882929,1.1293156252503351
eggholder,value,logei,exact,gaussian,1.0,0,7,"x0,x1",2,0.0,0.0,,,,,,,,,,0.0,0.7587079458271,13.225687476799294,0.2645137495359866,21.254472845144946,2.567756104615734,97.66153498050605
eggholder,value,logei,exact,gaussian,1.0,20,7,"x0,x1",2,5.721459340348503,18.13177786018923,,,,,,,,,,19.013060388967094,0.24638845684408,5.10582683911457,0.10211653678229204,2.737555095025712,1.489906222838289,23.76015610206958
eggholder,value,logei,exact,gaussian,5.0,0,7,"x0,x1",2,0.0,0.0,,,,,,,,,,0.0,1.2979379250458445,20.02882202312435,0.40057644046248697,45.073032886636234,3.888758350626747,146.8614815590708
eggholder,value,logei,exact,gaussian,5.0,20,7,"x0,x1",2,-185.48870919131787,540.0119210986912,,,,,,,,,,570.9806793282593,0.24638845684408,14.266716474883225,0.28533432949766446,2.737555095025712,3.8846934366452524,91.96423187473368
eggholder,value,qnei,exact,gaussian,0.05,0,7,"x0,x1",2,0.0,0.0,,,,,,,,,,0.0,-0.02142505317659671,0.5036311737551671,0.010072623475103626,1.1311233903403561,-0.006414607509111825,1.3037435155164374
eggholder,value,qnei,exact,gaussian,0.05,20,7,"x0,x1",2,0.0,0.05000472460608307,,,,,,,,,,0.05000472460608307,0.0,-2.3292573758572246,-0.046585147517144154,0.0,0.0,0.0
eggholder,value,qnei,exact,gaussian,0.25,0,7,"x0,x1",2,0.0,0.0,,,,,,,,,,0.0,0.1091035249342514,-11.044439635293287,-0.22088879270586537,36.24050646118873,0.44170523700014414,37.73576426223666
eggholder,value,qnei,exact,gaussian,0.25,20,7,"x0,x1",2,-258.5503111515178,-359.66678274240894,,,,,,,,,,442.95423917694006,-0.1642683443166772,-6.494584337664406,-0.12989168675328777,-0.8796297178995189,-0.15234525639557533,10.359780389623126
eggholder,value,qnei,exact,gaussian,1.0,0,7,"x0,x1",2,0.0,0.0,,,,,,,,,,0.0,-0.0035281684719983275,-31.97258962877268,-0.6394517925754535,0.4653370595034758,0.3614272346390917,10.912970127100024
eggholder,value,qnei,exact,gaussian,1.0,20,7,"x0,x1",2,0.0,-5.427891840027996,,,,,,,,,,5.427891840027996,0.0,-4.904542430430638,-0.09809084860861272,0.0,0.2645534568049089,0.3968301852073637
eggholder,value,qnei,exact,gaussian,5.0,0,7,"x0,x1",2,0.0,0.0,,,,,,,,,,0.0,0.25917331974945684,2.9915065463597443,0.059830130927195135,21.742616463146334,2.324971775917902,55.68000619237874
eggholder,value,qnei,exact,gaussian,5.0,20,7,"x0,x1",2,-1024.0,548.8951548912961,,,,,,,,,,1161.8355697185123,0.0,14.149904171388698,0.2829980834277741,0.0,3.4322253106402516,67.18699289114741
hartmann_6,value,logei,exact,gaussian,0.05,0,8,"x0,x1,x2,x3,x4,x5",6,0.0,0.0,0.0,0.0,0.0,0.0,,,,,,0.0,-0.04944640779744709,-4.186800684353415,-0.0837360136870684,-6.883158625068589,-0.021615807723214295,-6.190890583301567
hartmann_6,value,logei,exact,gaussian,0.05,20,8,"x0,x1,x2,x3,x4,x5",6,0.0,0.010340041232536012,-0.0016600035970028015,0.0014721355198893948,-0.00029174776737961317,0.0005542860533963578,,,,,,0.010593941542706747,0.05800010191624409,-9.046641177588839,-0.1809328235517773,0.9824346175783631,0.13249461554593278,1.913616037949481
hartmann_6,value,logei,exact,gaussian,0.25,0,8,"x0,x1,x2,x3,x4,x5",6,0.0,0.0,0.0,0.0,0.0,0.0,,,,,,0.0,0.10653393365018361,-58.1909308737454,-1.1638186174749081,27.000002809831813,0.4283867105328447,30.201541806786125
hartmann_6,value,logei,exact,gaussian,0.25,20,8,"x0,x1,x2,x3,x4,x5",6,0.0,-0.048958655945342905,0.005647873159575267,-0.005273508633795387,1.3891878999916507e-05,-0.000482175635031723,,,,,,0.049567035848829474,0.2178683396039034,-73.78208126116039,-1.4756416252232079,7.740650069421278,0.2178683396039034,13.348192640488747
hartmann_6,value,logei,exact,gaussian,1.0,0,8,"x0,x1,x2,x3,x4,x5",6,0.0,0.0,0.0,0.0,0.0,0.0,,,,,,0.0,0.2678140247338625,-66.27425815998632,-1.3254851631997258,11.359114466357482,0.5717458406845157,27.892429613907453
hartmann_6,value,logei,exact,gaussian,1.0,20,8,"x0,x1,x2,x3,x4,x5",6,0.0,0.07979888082097292,-0.019083717301318026,0.01628933041604541,-0.00484852014497017,0.0090235134977813,,,,,,0.08427528626566859,0.2012526272303647,-71.41036350842174,-1.4282072701684347,4.1812534246696345,0.8053231869269748,13.168563810308981
hartmann_6,value,logei,exact,gaussian,5.0,0,8,"x0,x1,x2,x3,x4,x5",6,0.0,0.0,0.0,0.0,0.0,0.0,,,,,,0.0,1.9028963893553639,58.14881370786861,1.162976274157372,61.61253069693869,4.047878836569763,128.8839189057174
hartmann_6,value,logei,exact,gaussian,5.0,20,8,"x0,x1,x2,x3,x4,x5",6,0.4504424392774758,-0.2059750210624493,0.0663012585090278,-0.012174475234422388,-0.03165618333895187,-0.003504727324448398,,,,,,0.5008817946264782,1.1209330746829356,-15.62089508983317,-0.31241790179666307,28.709420565815748,1.3598140649661872,35.12986864455981
hartmann_6,value,qnei,exact,gaussian,0.05,0,8,"x0,x1,x2,x3,x4,x5",6,0.0,0.0,0.0,0.0,0.0,0.0,,,,,,0.0,0.0342350611756759,-17.35082885708266,-0.34701657714165357,-4.4929306659740575,0.038902082979570096,-4.457928002444831
hartmann_6,value,qnei,exact,gaussian,0.05,20,8,"x0,x1,x2,x3,x4,x5",6,-0.009658928236040212,-0.0491868290124205,-0.006111124955263447,-0.011920235346335323,0.0,0.002697587166659021,,,,,,0.051955306547249384,0.0140498023443883,-22.933068586367767,-0.4586613717273549,0.1747649730118468,0.0688452975662841,0.9692996537293226
hartmann_6,value,qnei,exact,gaussian,0.25,0,8,"x0,x1,x2,x3,x4,x5",6,0.0,0.0,0.0,0.0,0.0,0.0,,,,,,0.0,0.09173920578132849,-43.387217334171254,-0.8677443466834251,9.106344959823275,0.178905191365371,11.824072332287656
hartmann_6,value,qnei,exact,gaussian,0.25,20,8,"x0,x1,x2,x3,x4,x5",6,-0.012016612933420712,-0.0514667719252167,-0.007868878847424376,-0.014150449562564199,0.0,0.00396675005084457,,,,,,0.055417661281381404,0.1164258556927873,-29.235175868644575,-0.5847035173728914,2.9588933894209077,0.117911439601011,4.197051781397079
hartmann_6,value,qnei,exact,gaussian,1.0,0,8,"x0,x1,x2,x3,x4,x5",6,0.0,0.0,0.0,0.0,0.0,0.0,,,,,,0.0,0.8012908437448766,-12.295891115134623,-0.2459178223026921,68.17356291829937,1.7546604525615637,80.55628556816627
hartmann_6,value,qnei,exact,gaussian,1.0,20,8,"x0,x1,x2,x3,x4,x5",6,0.03859972616054219,0.4609972926783836,-0.06093983175555384,-0.011477243476914811,0.8245007280578824,0.009990665910003083,,,,,,0.9474993915048152,0.4229932644104642,-41.93272838685945,-0.8386545677371897,27.580259816971633,1.0370784158514574,64.27835183507715
hartmann_6,value,qnei,exact,gaussian,5.0,0,8,"x0,x1,x2,x3,x4,x5",6,0.0,0.0,0.0,0.0,0.0,0.0,,,,,,0.0,1.8721198170482625,82.8114587546487,1.6562291750929745,51.00843022021705,5.301786953803452,189.57038051556628
hartmann_6,value,qnei,exact,gaussian,5.0,20,8,"x0,x1,x2,x3,x4,x5",6,0.01495812573198449,-0.01737805500202072,-0.027129916790533004,0.06340064587676758,0.2739776258107131,-0.020809561241472152,,,,,,0.2842150486650159,0.3996250765734662,-8.370440405496595,-0.16740880810993186,8.397667704828208,0.5842854408439858,13.106506993726441
levy_10,value,logei,exact,gaussian,0.05,0,8,"x0,x1,x2,x3,x4,x5,x6,x7,x8,x9,x10",11,0.0,0.0,0.0,0.0,0.0,0.0,0.0,0.0,0.0,0.0,0.0,0.0,0.019283551434261526,7.189601840536909,0.14379203681073816,-0.21461649389692639,0.019283551434261526,0.03780826291140471
levy_10,value,logei,exact,gaussian,0.05,20,8,"x0,x1,x2,x3,x4,x5,x6,x7,x8,x9,x10",11,0.2918837918027706,-0.01589896887344766,0.14338214121786308,-0.4869489183349458,-0.06293863249195741,0.2224371501064013,-0.0792830274846077,-0.30855741366989176,0.23639289861739776,-0.32888508905010294,0.0004417255581570245,0.8136994809136149,0.17031872363796063,-1.0734495925354253,-0.021468991850708496,2.723032526460571,0.17031872363796063,3.339862783899111
levy_10,value,logei,exact,gaussian,0.25,0,8,"x0,x1,x2,x3,x4,x5,x6,x7,x8,x9,x10",11,0.0,0.0,0.0,0.0,0.0,0.0,0.0,0.0,0.0,0.0,0.0,0.0,0.021732499767353308,2.9515453642971607,0.05903090728594318,-2.283410646896243,0.18285859147562844,2.383966530372305
levy_10,value,logei,exact,gaussian,0.25,20,8,"x0,x1,x2,x3,x4,x5,x6,x7,x8,x9,x10",11,-0.11292179808536251,1.0214085082916173,-0.5691993455613966,1.5286801274892792,0.0674177629090611,-0.5816996219746238,0.04287446369524517,-0.3140246168915851,-0.8374109525703837,-0.040895006185382776,0.041716098428441484,2.2056555766840558,0.1548913088654284,1.2824327877732884,0.02564865575546582,4.884638065330147,0.4084487375544714,5.574957706297848
levy_10,value,logei,exact,gaussian,1.0,0,8,"x0,x1,x2,x3,x4,x5,x6,x7,x8,x9,x10",11,0.0,0.0,0.0,0.0,0.0,0.0,0.0,0.0,0.0,0.0,0.0,0.0,0.07882682138809294,5.4382912678943285,0.1087658253578867,-0.20625924467868728,0.5318431870497737,9.735870726145965
levy_10,value,logei,exact,gaussian,1.0,20,8,"x0,x1,x2,x3,x4,x5,x6,x7,x8,x9,x10",11,1.663967593485398,4.967150235196112,-0.3000237142900799,-7.095434187666576,-2.992607977858562,-6.701643881637315,-0.7793112092913947,-7.8115922288060355,-1.2995726851909382,-5.397846305148551,0.16452469787126756,14.97415455916066,0.15949277414606072,11.690199466202188,0.23380398932404378,2.138596405257207,0.2155378143362347,2.1666189253522923
levy_10,value,logei,exact,gaussian,5.0,0,8,"x0,x1,x2,x3,x4,x5,x6,x7,x8,x9,x10",11,0.0,0.0,0.0,0.0,0.0,0.0,0.0,0.0,0.0,0.0,0.0,0.0,0.2810874518702189,63.235263653289294,1.2647052730657866,5.117666009499079,1.605690646184252,90.20247736537058
levy_10,value,logei,exact,gaussian,5.0,20,8,"x0,x1,x2,x3,x4,x5,x6,x7,x8,x9,x10",11,-2.333694693247402,1.3053106778417036,-4.766382661058473,-4.54759775475001,2.9972611111617553,-2.6322121504167812,-6.9299485034786406,1.0752808980413748,-3.886128353928953,2.317516830020131,1.8658226977497234,11.81506319583365,0.2810874518702189,39.923757759287824,0.7984751551857561,5.117666009499079,1.203193960454533,32.319808012736345
levy_10,value,qnei,exact,gaussian,0.05,0,8,"x0,x1,x2,x3,x4,x5,x6,x7,x8,x9,x10",11,0.0,0.0,0.0,0.0,0.0,0.0,0.0,0.0,0.0,0.0,0.0,0.0,0.06074715113459073,-9.00484637622425,-0.1800969275244848,0.3271547474609804,0.06074715113459073,0.3271547474609804
levy_10,value,qnei,exact,gaussian,0.05,20,8,"x0,x1,x2,x3,x4,x5,x6,x7,x8,x9,x10",11,-0.42747239973262197,0.7425871328081879,-0.41221118254197364,0.4069999865550509,-0.04961943277694747,-0.5885971631440139,0.0022715044267958007,0.04790961212105088,-0.093308276701352,-0.6890141131280982,-1.7664351601112909,2.241580827701341,-0.04263762853267217,1.2902294968947672,0.025804589937895583,1.5878149088652336,-0.04263762853267217,1.6513674327629388
levy_10,value,qnei,exact,gaussian,0.25,0,8,"x0,x1,x2,x3,x4,x5,x6,x7,x8,x9,x10",11,0.0,0.0,0.0,0.0,0.0,0.0,0.0,0.0,0.0,0.0,0.0,0.0,-0.017912791293887675,-5.4286781089063965,-0.10857356217812741,-1.987627863322949,0.04522474369206769,4.895080763799285
levy_10,value,qnei,exact,gaussian,0.25,20,8,"x0,x1,x2,x3,x4,x5,x6,x7,x8,x9,x10",11,-0.39469651173792997,2.059715084344526,-0.7174442498982252,0.533351932053475,-0.11765904775210667,-1.1615812377658452,-0.3404451242277684,0.0915866975201875,-0.4734403681206967,-2.134280876834443,-3.0178806466241728,4.535604917766598,-0.04196646930810877,-1.9769346658798668,-0.039538693317597184,0.28832885351403803,-0.034821620993287006,3.1121206199994376
levy_10,value,qnei,exact,gaussian,1.0,0,8,"x0,x1,x2,x3,x4,x5,x6,x7,x8,x9,x10",11,0.0,0.0,0.0,0.0,0.0,0.0,0.0,0.0,0.0,0.0,0.0,0.0,0.12481224324860968,29.218273731232216,0.5843654746246447,2.793660793850705,0.4512816838742893,17.321550901693442
levy_10,value,qnei,exact,gaussian,1.0,20,8,"x0,x1,x2,x3,x4,x5,x6,x7,x8,x9,x10",11,2.9167705506772887,3.325938931642261,-1.9333021011254612,2.850958128353569,-0.13368792629328619,4.55984643014788,-9.0003797883219,0.3758580755059348,-7.5386480894845045,-7.293496970952744,-9.05882798215438,18.041116776239967,0.0546811955884397,0.18439597945317132,0.0036879195890637817,0.7949259355358649,0.9697979543640227,23.368908093373093
levy_10,value,qnei,exact,gaussian,5.0,0,8,"x0,x1,x2,x3,x4,x5,x6,x7,x8,x9,x10",11,0.0,0.0,0.0,0.0,0.0,0.0,0.0,0.0,0.0,0.0,0.0,0.0,0.12481224324860968,106.82429624063039,2.1364859248126082,2.793660793850705,3.7604713293967387,151.09635177382725
levy_10,value,qnei,exact,gaussian,5.0,20,8,"x0,x1,x2,x3,x4,x5,x6,x7,x8,x9,x10",11,1.662740754269051,3.6049179081176077,4.9638144117794925,-2.705010594116325,-0.06135864146527403,1.3001778154311778,-7.127660203035859,0.252888836200425,0.2868225790957144,1.4171263251266026,-0.6616373148451844,10.139362597654989,0.12481224324860968,53.458580225974345,1.069171604519487,2.793660793850705,0.9782777433245262,27.117427546014333
schwefel,value,logei,exact,gaussian,0.05,0,8,"x0,x1,x2,x3",4,0.0,0.0,0.0,0.0,,,,,,,,0.0,-0.19768349829772758,26.8995482869947,0.537990965739894,2.5025201311567855,-0.19768349829772758,2.6034576447206916
schwefel,value,logei,exact,gaussian,0.05,20,8,"x0,x1,x2,x3",4,-0.6207371419420724,-13.448330289348974,0.7888526038661041,-3.0771084044141617,,,,,,,,13.832345669984901,0.4384958775109453,5.185040381514995,0.1037008076303012,17.916634806872736,0.4384958775109453,18.487112732076724
schwefel,value,logei,exact,gaussian,0.25,0,8,"x0,x1,x2,x3",4,0.0,0.0,0.0,0.0,,,,,,,,0.0,0.6269330190931632,7.342818116069338,0.14685636232138854,9.145023244681369,0.6269330190931632,11.019877290463313
schwefel,value,logei,exact,gaussian,0.25,20,8,"x0,x1,x2,x3",4,31.563689497916016,534.6834038127095,100.99134833517341,-472.4486986271328,,,,,,,,721.3110522378632,-0.02312559284690563,-1.6707290477120864,-0.03341458095424077,4.319592171024283,0.3474607083912238,7.836316153039405
schwefel,value,logei,exact,gaussian,1.0,0,8,"x0,x1,x2,x3",4,0.0,0.0,0.0,0.0,,,,,,,,0.0,0.905204524759009,13.512383802132803,0.27024767604265687,16.050636249535586,0.9084385543715796,39.98791199875646
schwefel,value,logei,exact,gaussian,1.0,20,8,"x0,x1,x2,x3",4,-9.897321624087454,-2.0069656904799444,65.42913446234645,-639.7948274144223,,,,,,,,643.2109900408697,0.8509680336103478,10.867469418902004,0.2173493883780413,33.453949467604446,1.0872156373258939,34.465523195239655
schwefel,value,logei,exact,gaussian,5.0,0,8,"x0,x1,x2,x3",4,0.0,0.0,0.0,0.0,,,,,,,,0.0,0.7190280136341025,29.17804075357111,0.5835608150714231,3.5073091866203185,2.713512139269446,94.06541650733558
schwefel,value,logei,exact,gaussian,5.0,20,8,"x0,x1,x2,x3",4,81.77144379372425,327.44465571562716,1.6521787776039787,-431.4091005035722,,,,,,,,547.743656529996,1.0584416899052327,21.949036158846297,0.43898072317692627,20.529079236357717,1.9397678920646482,44.82161631959309
schwefel,value,qnei,exact,gaussian,0.05,0,8,"x0,x1,x2,x3",4,0.0,0.0,0.0,0.0,,,,,,,,0.0,-0.06786423271075481,6.8469599855261265,0.13693919971052315,10.308297860844988,-0.06786423271075481,10.308297860844988
schwefel,value,qnei,exact,gaussian,0.05,20,8,"x0,x1,x2,x3",4,0.14109357976434467,-1.0398459892542178,2.2966892464068565,8.821064233056632,,,,,,,,9.1753551853806,-0.20620959080054968,-6.641948426911199,-0.1328389685382243,-13.054791517003707,-0.20620959080054968,-12.946655811891048
schwefel,value,qnei,exact,gaussian,0.25,0,8,"x0,x1,x2,x3",4,0.0,0.0,0.0,0.0,,,,,,,,0.0,0.23207085974570574,18.66314850991074,0.3732629701982142,5.206536620997781,0.8286207658602245,13.931841915157463
schwefel,value,qnei,exact,gaussian,0.25,20,8,"x0,x1,x2,x3",4,0.3510899897614195,-2.125298635236998,-0.7630854370647171,25.913932588840623,,,,,,,,26.014502879607125,-0.3902745102957921,-8.586087153129313,-0.17172174306258725,-11.128056502880511,-0.3902745102957921,-9.906367657284392
schwefel,value,qnei,exact,gaussian,1.0,0,8,"x0,x1,x2,x3",4,0.0,0.0,0.0,0.0,,,,,,,,0.0,0.44477232895831254,33.027311170322974,0.6605462234064592,32.50844241183563,0.44477232895831254,53.24642905850692
schwefel,value,qnei,exact,gaussian,1.0,20,8,"x0,x1,x2,x3",4,95.3002086848818,-418.07898945909386,-267.94641541158126,32.63783803847895,,,,,,,,506.68795249765,0.5402155667893265,11.432438190601545,0.2286487638120307,6.03263354204077,0.5402155667893265,10.208925937566647
schwefel,value,qnei,exact,gaussian,5.0,0,8,"x0,x1,x2,x3",4,0.0,0.0,0.0,0.0,,,,,,,,0.0,0.8674297645484383,36.59859663451036,0.731971932690207,10.513635784340352,3.416471179478013,95.07464833374104
schwefel,value,qnei,exact,gaussian,5.0,20,8,"x0,x1,x2,x3",4,-7.92868124818699,330.90628226547295,-825.3403709763697,33.28062329791527,,,,,,,,889.8630003992758,0.12316496988413217,8.336319427604735,0.16672638855209465,-13.972016507410444,0.8710496469978373,6.594812113216449
michalewicz,value,logei,exact,gaussian,0.05,0,8,"x0,x1,x2,x3,x4",5,0.0,0.0,0.0,0.0,0.0,,,,,,,0.0,1.3056329646486797,31.872920605808417,0.6374584121161684,95.23334723750855,1.3056329646486797,95.39121986729816
michalewicz,value,logei,exact,gaussian,0.05,20,8,"x0,x1,x2,x3,x4",5,0.003741126946381179,0.004079369110994602,-0.0006944205944419135,0.029965640797738446,0.018574787113128988,,,,,,,0.03569428312561846,0.3315312005225115,-4.6584120707103125,-0.09316824141420632,13.425535127739181,0.3315312005225115,13.425535127739181
michalewicz,value,logei,exact,gaussian,0.25,0,8,"x0,x1,x2,x3,x4",5,0.0,0.0,0.0,0.0,0.0,,,,,,,0.0,2.297992683033817,23.07150791106062,0.46143015822121214,76.18590164453047,2.297992683033817,77.0634736770308
michalewicz,value,logei,exact,gaussian,0.25,20,8,"x0,x1,x2,x3,x4",5,-0.018391668671690842,-0.010395627383314121,-0.00047488809984685965,-0.11213693810833969,-0.06677239470137097,,,,,,,0.13221117065663787,-0.17888118717444357,-23.20706022417272,-0.46414120448345475,10.694525680466882,-0.17888118717444357,11.245366205666613
michalewicz,value,logei,exact,gaussian,1.0,0,8,"x0,x1,x2,x3,x4",5,0.0,0.0,0.0,0.0,0.0,,,,,,,0.0,2.6481202179441627,56.673602584032324,1.1334720516806458,108.09977891150186,3.879434811989393,129.3078408260862
michalewicz,value,logei,exact,gaussian,1.0,20,8,"x0,x1,x2,x3,x4",5,0.09227859095747803,0.016277784486605995,0.044933305580882044,0.2190127592499942,0.5828199948980561,,,,,,,0.6312250325633332,1.825938082103188,14.666095895218461,0.2933219179043691,57.408580870766514,2.7815427738539,64.44745848019994
michalewicz,value,logei,exact,gaussian,5.0,0,8,"x0,x1,x2,x3,x4",5,0.0,0.0,0.0,0.0,0.0,,,,,,,0.0,3.3687445859770238,99.28476366950616,1.9856952733901228,146.03743820804505,6.616607136588474,225.523532371937
michalewicz,value,logei,exact,gaussian,5.0,20,8,"x0,x1,x2,x3,x4",5,-0.1012049545749506,0.2882717080760082,-0.06442474747806126,0.010785258357726812,-0.2444234614250056,,,,,,,0.3966770965004322,1.7341800392093374,29.616889212705644,0.5923377842541111,65.2560070077202,4.024072974206952,104.14642232938002
michalewicz,value,qnei,exact,gaussian,0.05,0,8,"x0,x1,x2,x3,x4",5,0.0,0.0,0.0,0.0,0.0,,,,,,,0.0,-0.982635057532895,-5.901520199451852,-0.11803040398903608,21.585733287480025,-0.982635057532895,21.62177689265502
michalewicz,value,qnei,exact,gaussian,0.05,20,8,"x0,x1,x2,x3,x4",5,0.0,-0.00013732352888551347,0.0,0.0008277062742521046,0.0,,,,,,,0.0008390205170446494,0.0,-14.198169687567201,-0.2839633937513426,0.0,0.0,0.0
michalewicz,value,qnei,exact,gaussian,0.25,0,8,"x0,x1,x2,x3,x4",5,0.0,0.0,0.0,0.0,0.0,,,,,,,0.0,-1.4032377756261898,-15.704150001852156,-0.3140830000370425,-19.39742210802055,-1.4032377756261898,-17.88405327814604
michalewicz,value,qnei,exact,gaussian,0.25,20,8,"x0,x1,x2,x3,x4",5,0.0,-0.0003114431221775682,0.0,0.0019575053649214524,0.0,,,,,,,0.0019821261493779808,-1.1117519259867787,-23.790947302888014,-0.47581894605775954,-22.710585882134353,-1.1117519259867787,-22.710585882134353
michalewicz,value,qnei,exact,gaussian,1.0,0,8,"x0,x1,x2,x3,x4",5,0.0,0.0,0.0,0.0,0.0,,,,,,,0.0,-0.8182694901763661,0.4235764501204926,0.008471529002409994,-20.96829023075577,1.4538700042763608,60.267264161362505
michalewicz,value,qnei,exact,gaussian,1.0,20,8,"x0,x1,x2,x3,x4",5,0.0,-0.0023059396417308697,0.0,0.0174905486623822,0.0,,,,,,,0.017641900411873593,-1.4116608924573129,-30.9018114689095,-0.6180362293781902,-14.171352486324366,0.4586532513282382,12.36693548324962
michalewicz,value,qnei,exact,gaussian,5.0,0,8,"x0,x1,x2,x3,x4",5,0.0,0.0,0.0,0.0,0.0,,,,,,,0.0,1.00717456049067,63.92146162581241,1.2784292325162498,63.294950441051924,3.925998609028957,136.113184079397
michalewicz,value,qnei,exact,gaussian,5.0,20,8,"x0,x1,x2,x3,x4",5,-3.141592653589793,0.00230352078795959,3.141592653589793,0.04438017972807451,-0.44267981707643855,,,,,,,4.465103484711889,0.0,33.377357639316074,0.6675471527863213,0.0,1.1317023413661644,32.97828749550848
powell,value,logei,exact,gaussian,0.05,0,8,"x0,x1,x2,x3",4,0.0,0.0,0.0,0.0,,,,,,,,0.0,0.0013119882250315,-1.3083259805282452,-0.02616651961056482,0.0917710233079696,0.0101453936464398,0.47432535365694717
powell,value,logei,exact,gaussian,0.05,20,8,"x0,x1,x2,x3",4,0.04632253361866279,0.037279744305505486,0.021596036904091065,0.03153782717451836,,,,,,,,0.07068648958031984,-0.00024738297752819997,0.7537683584653916,0.01507536716930788,-0.007050414859554044,0.0029803574450289003,0.2834287404916951
powell,value,logei,exact,gaussian,0.25,0,8,"x0,x1,x2,x3",4,0.0,0.0,0.0,0.0,,,,,,,,0.0,0.0034130821463851,-3.0200686954988925,-0.060401373909977796,0.42274242164854026,0.030453091384416896,1.432850039349646
powell,value,logei,exact,gaussian,0.25,20,8,"x0,x1,x2,x3",4,-0.15400290008577733,-0.017097962629047725,-0.06857212878037466,-0.12375295625207627,,,,,,,,0.20982412775344694,0.00024407578779460002,-0.1414654626258649,-0.0028293092525172037,0.006956159952145935,0.00040657831589319994,0.4908548802007997
powell,value,logei,exact,gaussian,1.0,0,8,"x0,x1,x2,x3",4,0.0,0.0,0.0,0.0,,,,,,,,0.0,0.0048446942443603,17.720911330869136,0.35441822661738276,0.7732393817105703,0.0186309670106728,15.17069927934633
powell,value,logei,exact,gaussian,1.0,20,8,"x0,x1,x2,x3",4,0.5876374905151388,2.51613820793148,0.29121208979605906,0.47454250776369555,,,,,,,,2.643154247218579,0.0025278681410295,5.917598147593212,0.11835196295186429,0.12938348859065707,0.0313230093164861,1.2600400455718148
powell,value,logei,exact,gaussian,5.0,0,8,"x0,x1,x2,x3",4,0.0,0.0,0.0,0.0,,,,,,,,0.0,0.0108483802320161,10.507115161847315,0.21014230323694638,0.40242752476617416,0.2666660049448609,7.08877016184484
powell,value,logei,exact,gaussian,5.0,20,8,"x0,x1,x2,x3",4,-0.5196867920124791,-0.3629103609667881,-3.361678584305359,5.36684108164265,,,,,,,,6.364404480520844,0.0060574674723532,30.20981237224636,0.6041962474449273,0.17263782296206598,1.4591042905553009,43.03751910390903
powell,value,qnei,exact,gaussian,0.05,0,8,"x0,x1,x2,x3",4,0.0,0.0,0.0,0.0,,,,,,,,0.0,0.0016941135824525002,-5.577791832506817,-0.11155583665013638,0.054430006286602994,0.0033383176849244005,0.26952557378752773
powell,value,qnei,exact,gaussian,0.05,20,8,"x0,x1,x2,x3",4,-0.0955776075171122,0.12221956592104188,-1.41579561458996,-0.15389211395345814,,,,,,,,1.4325615890361745,-0.000536611939387,1.0921255001240588,0.021842510002481108,-0.0205809110941082,0.0038450132747644,0.6204796526802943
powell,value,qnei,exact,gaussian,0.25,0,8,"x0,x1,x2,x3",4,0.0,0.0,0.0,0.0,,,,,,,,0.0,0.0024112560737916,5.661151732190113,0.11322303464380223,0.36291867013385337,0.03802805878811,2.955028793248389
powell,value,qnei,exact,gaussian,0.25,20,8,"x0,x1,x2,x3",4,-3.094298561993626,-2.4519589042520313,-4.564491392375364,-4.38933946543613,,,,,,,,7.462417079793957,0.0008106736686915,2.4225576537006503,0.04845115307401293,0.011456034035776552,0.08790939651457741,2.162947253977938
powell,value,qnei,exact,gaussian,1.0,0,8,"x0,x1,x2,x3",4,0.0,0.0,0.0,0.0,,,,,,,,0.0,0.014174153857009599,20.95230429075913,0.41904608581518255,0.8493277302248019,0.0305963850385413,18.831755676983082
powell,value,qnei,exact,gaussian,1.0,20,8,"x0,x1,x2,x3",4,-1.4789489878443445,0.13582994970312923,-2.7453638329570977,-3.077868585204086,,,,,,,,4.3836100975083605,0.0058240827609655,8.91874405988598,0.1783748811977196,0.1543381931655856,0.0337093407114518,1.161832716547316
powell,value,qnei,exact,gaussian,5.0,0,8,"x0,x1,x2,x3",4,0.0,0.0,0.0,0.0,,,,,,,,0.0,0.0267704661348716,40.08383963924413,0.8016767927848824,0.9607739530609705,0.4385567497941805,27.565196917505432
powell,value,qnei,exact,gaussian,5.0,20,8,"x0,x1,x2,x3",4,-6.305940818963104,-3.2580086633890244,-1.1226292377656804,-6.7267264150119,,,,,,,,9.84320347909603,0.0058240827609655,52.70406492191813,1.0540812984383625,0.1543381931655856,0.4201167883417977,11.961680302219305
ackley,value,logei,exact,gaussian,0.05,0,8,"x0,x1,x2,x3",4,0.0,0.0,0.0,0.0,,,,,,,,0.0,-1.2714366549065335,36.050811474017905,0.7210162294803588,38.250274308539076,-1.2714366549065335,38.250274308539076
ackley,value,logei,exact,gaussian,0.05,20,8,"x0,x1,x2,x3",4,-0.011008599551330711,0.02174435990860868,-0.03440502274284629,0.011682055797046509,,,,,,,,0.04375137105849079,-1.3061026407516882,-14.475311594754544,-0.28950623189509095,12.260082060705656,-1.3061026407516882,12.67896628923853
ackley,value,logei,exact,gaussian,0.25,0,8,"x0,x1,x2,x3",4,0.0,0.0,0.0,0.0,,,,,,,,0.0,-0.816101552864926,46.36601946060773,0.9273203892121558,91.8422528387079,-0.816101552864926,92.31751173957986
ackley,value,logei,exact,gaussian,0.25,20,8,"x0,x1,x2,x3",4,0.016669600317933853,-0.08555608623624344,0.11225023189195937,-0.012003808848158215,,,,,,,,0.1426251220980545,-2.1028219617505597,35.535250327717335,0.710705006554349,-29.979202059994805,-2.1028219617505597,-28.84549405056822
ackley,value,logei,exact,gaussian,1.0,0,8,"x0,x1,x2,x3",4,0.0,0.0,0.0,0.0,,,,,,,,0.0,-2.4464649558166682,-18.540400786685495,-0.3708080157337097,102.65047051264202,-0.048896224925267795,131.3841108161651
ackley,value,logei,exact,gaussian,1.0,20,8,"x0,x1,x2,x3",4,-0.5651920205351755,0.26830671056975186,-0.647231514026414,0.47424506640412556,,,,,,,,1.017471142967196,-0.4730923456995777,-27.68063045007841,-0.5536126090015667,30.852116899225223,-0.15807811609545208,42.37996372140043
ackley,value,logei,exact,gaussian,5.0,0,8,"x0,x1,x2,x3",4,0.0,0.0,0.0,0.0,,,,,,,,0.0,11.983312743137255,273.8016060294236,5.476032120588474,355.93270233723257,13.423897609662877,440.5937561159856
ackley,value,logei,exact,gaussian,5.0,20,8,"x0,x1,x2,x3",4,-1.854819777450491,-4.074317261754166,-1.0728479957550625,2.6118981608106075,,,,,,,,5.292771710615426,1.167455577793013,44.148303778770014,0.8829660755753999,54.76801984255741,4.177617504568995,99.01669692705758
ackley,value,qnei,exact,gaussian,0.05,0,8,"x0,x1,x2,x3",4,0.0,0.0,0.0,0.0,,,,,,,,0.0,1.6464409822390795,25.37784593516244,0.5075569187032478,90.99607347217045,1.6464409822390795,90.99607347217045
ackley,value,qnei,exact,gaussian,0.05,20,8,"x0,x1,x2,x3",4,0.050995267036880954,0.03845038715922566,0.03988090990601201,0.012736070456572879,,,,,,,,0.07636520148905114,2.0135879350254857,49.43667904338645,0.9887335808677271,10.243207967906073,2.0135879350254857,10.243207967906073
ackley,value,qnei,exact,gaussian,0.25,0,8,"x0,x1,x2,x3",4,0.0,0.0,0.0,0.0,,,,,,,,0.0,1.652103839201473,15.837789765160437,0.31675579530320697,-56.61459516711437,1.652103839201473,-56.61459516711437
ackley,value,qnei,exact,gaussian,0.25,20,8,"x0,x1,x2,x3",4,0.09450087589322465,0.08559729556055817,0.06383717849666937,0.03289801187806951,,,,,,,,0.1463378867409716,2.5618627409158368,1.1012649895227469,0.022025299790454866,24.198672890319813,2.6946620929795504,24.66347062254283
ackley,value,qnei,exact,gaussian,1.0,0,8,"x0,x1,x2,x3",4,0.0,0.0,0.0,0.0,,,,,,,,0.0,6.310549246910028,77.96527273333118,1.5593054546666245,105.53183721841458,6.310549246910028,148.46923822177473
ackley,value,qnei,exact,gaussian,1.0,20,8,"x0,x1,x2,x3",4,-0.6861278406305322,2.24177923949508,0.13293674454321325,0.16609401521701717,,,,,,,,2.354061378184544,2.600563895869888,31.032849922548053,0.6206569984509613,45.17627967440944,3.5372857335884316,62.10912367614185
ackley,value,qnei,exact,gaussian,5.0,0,8,"x0,x1,x2,x3",4,0.0,0.0,0.0,0.0,,,,,,,,0.0,12.217647035845879,220.15513487914438,4.403102697582888,253.57004425583318,15.03657917271289,357.9932558845246
ackley,value,qnei,exact,gaussian,5.0,20,8,"x0,x1,x2,x3",4,-4.14541032825814,0.3725076792011697,8.65049428695811,-5.8359052533656195,,,,,,,,11.234412770396522,12.399677088393572,198.07819023007437,3.961563804601486,239.16957043127877,14.497355012309662,297.6356346449194
shekel,value,logei,exact,gaussian,0.05,0,8,"x0,x1,x2,x3",4,0.0,0.0,0.0,0.0,,,,,,,,0.0,-0.2861287749048884,-64.42350328319935,-1.2884700656639936,-49.171558430226014,-0.2861287749048884,-49.16220331394152
shekel,value,logei,exact,gaussian,0.05,20,8,"x0,x1,x2,x3",4,0.015095034566189103,0.002955301429116375,-0.031650773603915106,0.0069885453150488885,,,,,,,,0.03587764081483288,0.10134689981573075,-42.80939236351105,-0.8561878472702276,27.82864591193311,0.10134689981573075,27.82864591193311
shekel,value,logei,exact,gaussian,0.25,0,8,"x0,x1,x2,x3",4,0.0,0.0,0.0,0.0,,,,,,,,0.0,-0.4512363450948982,-47.39493520509723,-0.9478987041019451,-56.100889614878724,-0.4512363450948982,-54.36881593383441
shekel,value,logei,exact,gaussian,0.25,20,8,"x0,x1,x2,x3",4,-0.06181012866680469,0.01867935369341822,0.10345953669714181,-0.030621825990203355,,,,,,,,0.12574172823996135,-0.5604625022293703,-44.66653961821703,-0.8933307923643454,-27.32758161961783,-0.5604625022293703,-27.32758161961783
shekel,value,logei,exact,gaussian,1.0,0,8,"x0,x1,x2,x3",4,0.0,0.0,0.0,0.0,,,,,,,,0.0,0.4675908403487483,34.66918864260924,0.6933837728521794,135.05019917294476,0.4675908403487483,143.70967200361883
shekel,value,logei,exact,gaussian,1.0,20,8,"x0,x1,x2,x3",4,0.10930970220378011,0.04391714958741133,-0.2601348936250192,0.021927117355896364,,,,,,,,0.2864058106613786,-0.1363002905239057,-32.36308325384152,-0.647261665076833,1.380245322041901,0.1850285033162251,6.592418174681825
shekel,value,logei,exact,gaussian,5.0,0,8,"x0,x1,x2,x3",4,0.0,0.0,0.0,0.0,,,,,,,,0.0,10.56849727038282,150.7369275126457,3.0147385502529147,246.41262494513057,12.442903671058609,308.55715362125875
shekel,value,logei,exact,gaussian,5.0,20,8,"x0,x1,x2,x3",4,-0.642857547983462,0.0012280324800943987,-0.03447391633603125,0.9720024753540439,,,,,,,,1.1658664580752864,9.123882404839101,123.48010250895186,2.4696020501790343,193.65543251290228,11.333655666085214,258.8437437196617
shekel,value,qnei,exact,gaussian,0.05,0,8,"x0,x1,x2,x3",4,0.0,0.0,0.0,0.0,,,,,,,,0.0,-0.029933113788111143,30.653902704482334,0.6130780540896481,-78.39372490755977,-0.029933113788111143,-78.39372490755977
shekel,value,qnei,exact,gaussian,0.05,20,8,"x0,x1,x2,x3",4,-0.00025975996370153354,-0.003488418406793592,0.0033326441988115185,-0.009476851600499714,,,,,,,,0.010637376172410404,-0.23387430195519698,45.49486907787605,0.9098973815575206,4.1129402716524055,-0.23387430195519698,4.1129402716524055
shekel,value,qnei,exact,gaussian,0.25,0,8,"x0,x1,x2,x3",4,0.0,0.0,0.0,0.0,,,,,,,,0.0,0.7916963894950584,36.94480622617721,0.738896124523535,55.569276021153655,0.7916963894950584,58.57084927542246
shekel,value,qnei,exact,gaussian,0.25,20,8,"x0,x1,x2,x3",4,0.00014251693577094215,-0.010835616424564876,0.006912269575568786,-0.02015726814970975,,,,,,,,0.023906606290352437,0.13649167118305172,8.923642707768522,0.17847285415537328,-1.8541382645544218,0.13649167118305172,-1.8541382645544218
shekel,value,qnei,exact,gaussian,1.0,0,8,"x0,x1,x2,x3",4,0.0,0.0,0.0,0.0,,,,,,,,0.0,4.437711352811078,111.8255672243099,2.236511344486196,200.6123909412704,4.437711352811078,227.30408076745925
shekel,value,qnei,exact,gaussian,1.0,20,8,"x0,x1,x2,x3",4,-0.28268918335472204,0.19860448324058222,0.22391519412661198,-1.2980577160563893,,,,,,,,1.3617814668746622,3.3981952831586284,77.98224282700176,1.5596448565400323,122.1492869337626,3.3981952831586284,122.1492869337626
shekel,value,qnei,exact,gaussian,5.0,0,8,"x0,x1,x2,x3",4,0.0,0.0,0.0,0.0,,,,,,,,0.0,12.42091887783819,197.98092253011373,3.959618450602278,274.3323443255704,14.601206466723852,356.7489380968841
shekel,value,qnei,exact,gaussian,5.0,20,8,"x0,x1,x2,x3",4,0.003731007842227907,-0.05983519485548694,-0.009574372904379125,0.02430692287621916,,,,,,,,0.06539622373757856,10.830237211106834,155.95709891370552,3.119141978274108,217.7183633601394,12.059989305290053,252.7662980443606
yerkes_dodson,value,logei,exact,gaussian,0.05,0,8,"x0,x1,x2,x3",4,0.0,0.0,0.0,0.0,,,,,,,,0.0,-0.0013419294260872995,-17.70506612448672,-0.35410132248973425,-5.284177171715378,0.0693616939600083,-3.635742682835989
yerkes_dodson,value,logei,exact,gaussian,0.05,20,8,"x0,x1,x2,x3",4,-0.2935522808173808,0.11955924209538382,-0.02070314271305762,-0.06800563885856103,,,,,,,,0.324839561904438,0.1165933095000189,16.297468714682083,0.3259493742936419,6.260636500833755,0.1165933095000189,6.260636500833755
yerkes_dodson,value,logei,exact,gaussian,0.25,0,8,"x0,x1,x2,x3",4,0.0,0.0,0.0,0.0,,,,,,,,0.0,0.0005758403078405996,-37.21020899232205,-0.7442041798464412,-8.581881363895754,0.061531059082677794,-4.932948285142892
yerkes_dodson,value,logei,exact,gaussian,0.25,20,8,"x0,x1,x2,x3",4,-0.024871763543344583,0.03854545404347909,0.0023442165045910457,0.0289069069569049,,,,,,,,0.054272103976256134,0.097053683616525,-33.63303593620161,-0.6726607187240321,0.29647825934447525,0.208502957523284,2.1196993633578174
yerkes_dodson,value,logei,exact,gaussian,1.0,0,8,"x0,x1,x2,x3",4,0.0,0.0,0.0,0.0,,,,,,,,0.0,0.2310717988663065,-11.310257966482283,-0.22620515932964547,6.760258635677452,0.24217625721876782,17.76677763463784
yerkes_dodson,value,logei,exact,gaussian,1.0,20,8,"x0,x1,x2,x3",4,-0.24869209592551977,0.03269926067118012,-0.05675417026815843,-0.026706488117419935,,,,,,,,0.25855613041400266,0.106746945031472,-21.879804601801325,-0.43759609203602645,5.262937068694015,0.3228219056670709,7.782886015498498
yerkes_dodson,value,logei,exact,gaussian,5.0,0,8,"x0,x1,x2,x3",4,0.0,0.0,0.0,0.0,,,,,,,,0.0,1.0165692353951048,27.60709802977685,0.5521419605955371,27.883025397886342,1.318050690782581,71.50430158177389
yerkes_dodson,value,logei,exact,gaussian,5.0,20,8,"x0,x1,x2,x3",4,-0.2935522808173808,0.22815096479195268,-0.11744735869411,0.08632999084249249,,,,,,,,0.3993401478585305,0.4985689882859954,31.06319819991542,0.6212639639983086,17.09068540782014,2.0620241609936905,54.13613321543238
yerkes_dodson,value,qnei,exact,gaussian,0.05,0,8,"x0,x1,x2,x3",4,0.0,0.0,0.0,0.0,,,,,,,,0.0,0.0245273765411866,-9.072804847670866,-0.18145609695341713,4.637577671664879,0.0245273765411866,4.637577671664879
yerkes_dodson,value,qnei,exact,gaussian,0.05,20,8,"x0,x1,x2,x3",4,0.0017607280909213152,-0.001102599374383062,0.006193439587364513,0.0010156088292502252,,,,,,,,0.00661105468188959,0.0093468506146856,-2.113741292937519,-0.0422748258587502,-0.39687533308815404,0.012717425396161301,-0.39519004569741867
yerkes_dodson,value,qnei,exact,gaussian,0.25,0,8,"x0,x1,x2,x3",4,0.0,0.0,0.0,0.0,,,,,,,,0.0,0.0476797405960276,-22.013491615080724,-0.4402698323016141,-8.22821642047203,0.1132675300932391,-6.391409192384614
yerkes_dodson,value,qnei,exact,gaussian,0.25,20,8,"x0,x1,x2,x3",4,0.0012464387695180212,-0.0025372652412122276,0.012473818579605611,0.0013771412347696188,,,,,,,,0.012864058164041325,0.0818998192666638,-24.40922728734094,-0.48818454574681835,1.5983313048412455,0.08248238031986731,2.141928244516933
yerkes_dodson,value,qnei,exact,gaussian,1.0,0,8,"x0,x1,x2,x3",4,0.0,0.0,0.0,0.0,,,,,,,,0.0,0.5048695129726224,26.975382733982983,0.5395076546796602,35.63398871204555,1.417258574468991,78.05042356140999
yerkes_dodson,value,qnei,exact,gaussian,1.0,20,8,"x0,x1,x2,x3",4,-0.05923053938172673,-0.06628427528783559,0.08462384598500478,-0.013418991388840285,,,,,,,,0.12346305757218,0.1261125709469883,-26.60812197107471,-0.5321624394214939,2.8141819760501647,1.3074165314468909,31.613521549350907
yerkes_dodson,value,qnei,exact,gaussian,5.0,0,8,"x0,x1,x2,x3",4,0.0,0.0,0.0,0.0,,,,,,,,0.0,2.114517539082257,89.78459966474053,1.7956919932948106,67.71437144966211,4.385324807090553,181.87238585550824
yerkes_dodson,value,qnei,exact,gaussian,5.0,20,8,"x0,x1,x2,x3",4,-0.3114407517589547,0.00883793577919434,-0.02138488975068381,0.07281282884454532,,,,,,,,0.320675026341332,0.1261125709469883,29.190147189766876,0.5838029437953378,2.8141819760501647,1.5758555682353768,44.13185739876924
rosenbrock,value,logei,exact,gaussian,0.05,0,8,"x0,x1,x2,x3",4,0.0,0.0,0.0,0.0,,,,,,,,0.0,-0.004553801137073401,-0.04461014075682712,-0.000892202815136578,0.054572491000898005,0.003822017170997099,0.9902978657973986
rosenbrock,value,logei,exact,gaussian,0.05,20,8,"x0,x1,x2,x3",4,0.0,-0.017652896092865467,-0.17665199454913427,15.0,,,,,,,,15.001050548275566,0.0,-1.0227803280554078,-0.020455606561108175,-0.018512947171840377,0.0,0.01677856417819168
rosenbrock,value,logei,exact,gaussian,0.25,0,8,"x0,x1,x2,x3",4,0.0,0.0,0.0,0.0,,,,,,,,0.0,-0.0045390029712917,-1.2070608174232476,-0.024141216348465,-0.357103850597134,0.0740194854226788,2.770994206753769
rosenbrock,value,logei,exact,gaussian,0.25,20,8,"x0,x1,x2,x3",4,0.0,-6.122690118343814,-0.4378821360245322,15.0,,,,,,,,16.20737717986209,0.0,-2.521901120086394,-0.0504380224017279,-0.12315213323453644,0.064872251971983,1.726540033063698
rosenbrock,value,logei,exact,gaussian,1.0,0,8,"x0,x1,x2,x3",4,0.0,0.0,0.0,0.0,,,,,,,,0.0,-0.005920691664119701,-5.991202007307606,-0.11982404014615217,-0.6431993551935307,0.0106568625175307,6.03720777587087
rosenbrock,value,logei,exact,gaussian,1.0,20,8,"x0,x1,x2,x3",4,0.9493502870851156,-2.742879032324592,-4.505244112586425,14.980540953229523,,,,,,,,15.910326304602808,-0.0010339651116799999,-5.569709521254019,-0.11139419042508036,-0.012924563896000052,0.1159941591601507,1.2212842328957643
rosenbrock,value,logei,exact,gaussian,5.0,0,8,"x0,x1,x2,x3",4,0.0,0.0,0.0,0.0,,,,,,,,0.0,-0.0024185278318149,-3.377162428920755,-0.0675432485784151,-0.5016033985516315,0.5852241528148165,14.750188879081506
rosenbrock,value,logei,exact,gaussian,5.0,20,8,"x0,x1,x2,x3",4,10.96362151587089,0.16295523101775844,-8.601550553570835,0.0,,,,,,,,13.936076315671421,0.0,8.315697010675475,0.16631394021350954,-0.12277371118614244,0.06130210782406639,1.5200338179827653
rosenbrock,value,qnei,exact,gaussian,0.05,0,8,"x0,x1,x2,x3",4,0.0,0.0,0.0,0.0,,,,,,,,0.0,0.0012342715781026,3.238469619490388,0.06476939238980783,0.13516410491048836,0.028803776100194096,0.7387350891408735
rosenbrock,value,qnei,exact,gaussian,0.05,20,8,"x0,x1,x2,x3",4,-0.443548577773746,-0.1357902660037782,0.10028757629936802,0.0,,,,,,,,0.47458606716431445,-0.0014654423664486006,-0.5417317018552481,-0.01083463403710494,0.05451438487567595,0.0053716503118653005,0.42426277967945714
rosenbrock,value,qnei,exact,gaussian,0.25,0,8,"x0,x1,x2,x3",4,0.0,0.0,0.0,0.0,,,,,,,,0.0,-0.0049964027677274,-1.4856337654068916,-0.029712675308137926,-0.019430167198343007,0.1932557122975388,5.218879878415597
rosenbrock,value,qnei,exact,gaussian,0.25,20,8,"x0,x1,x2,x3",4,-0.09252707824085693,-0.18546223765881553,0.46135123001357137,-15.0,,,,,,,,15.008524326503263,-0.006047031664991,-5.124818512771586,-0.10249637025543168,0.10059797565902917,0.025203052807633197,0.5683465139234345
rosenbrock,value,qnei,exact,gaussian,1.0,0,8,"x0,x1,x2,x3",4,0.0,0.0,0.0,0.0,,,,,,,,0.0,0.0077731521992888,20.326101880971986,0.40652203761943984,0.6861939594007227,0.1050413002360978,17.640791875070242
rosenbrock,value,qnei,exact,gaussian,1.0,20,8,"x0,x1,x2,x3",4,-1.4631699551406268,-0.8750205063858498,2.3104021604052445,-15.0,,,,,,,,15.272343806601107,-0.0067182826177934005,-4.3302383379439,-0.08660476675887802,0.08028409744711595,0.24064350838857432,8.411473837893785
rosenbrock,value,qnei,exact,gaussian,5.0,0,8,"x0,x1,x2,x3",4,0.0,0.0,0.0,0.0,,,,,,,,0.0,0.021113030210155398,64.98864990280727,1.2997729980561452,0.7195436544278895,0.7861587369904386,38.42626224627028
rosenbrock,value,qnei,exact,gaussian,5.0,20,8,"x0,x1,x2,x3",4,-6.058571898640633,4.808544947708215,4.981135763238575,-15.0,,,,,,,,17.596593745862933,0.0,18.78444002358896,0.3756888004717792,0.17769919540512014,0.2347683514859599,6.609682097962246
rastrigin,value,logei,exact,gaussian,0.05,0,8,"x0,x1,x2,x3",4,0.0,0.0,0.0,0.0,,,,,,,,0.0,-0.2545899084563601,-2.0826556996284467,-0.04165311399256888,11.492092917316313,-0.2545899084563601,11.492092917316313
rastrigin,value,logei,exact,gaussian,0.05,20,8,"x0,x1,x2,x3",4,-0.00022598586702637924,-0.009552145532352618,-5.445179251029053e-05,0.0011111486687516159,,,,,,,,0.009619364336852817,-0.3803689824660599,3.2479481463402635,0.06495896292680525,-2.0920294035633162,-0.3803689824660599,-2.0920294035633162
rastrigin,value,logei,exact,gaussian,0.25,0,8,"x0,x1,x2,x3",4,0.0,0.0,0.0,0.0,,,,,,,,0.0,-0.2502989087342701,4.630651168827342,0.09261302337654698,-4.959701595869802,-0.18290761524654942,-4.117310427273296
rastrigin,value,logei,exact,gaussian,0.25,20,8,"x0,x1,x2,x3",4,0.3521485789996306,0.48895922500001454,0.24701527180809946,-1.1878165450412503,,,,,,,,1.3546270463061911,-0.678304835095557,-5.974621710471652,-0.11949243420943301,-8.816888892226771,-0.1270484419401341,-7.500264634691888
rastrigin,value,logei,exact,gaussian,1.0,0,8,"x0,x1,x2,x3",4,0.0,0.0,0.0,0.0,,,,,,,,0.0,-0.41534312232286563,9.831772351078854,0.1966354470215772,12.839940395176967,0.37112699747566946,29.488045829210506
rastrigin,value,logei,exact,gaussian,1.0,20,8,"x0,x1,x2,x3",4,0.0010927817967192333,-0.11254118525944401,0.02349463074843483,-0.05912766939961256,,,,,,,,0.12928569725337338,0.0,-1.1676500410206643,-0.023353000820412806,0.0,0.3234077746343167,13.10391489719774
rastrigin,value,logei,exact,gaussian,5.0,0,8,"x0,x1,x2,x3",4,0.0,0.0,0.0,0.0,,,,,,,,0.0,0.3603996439274777,27.451521873627286,0.5490304374725459,23.626032533511136,0.3603996439274777,31.381067931838885
rastrigin,value,logei,exact,gaussian,5.0,20,8,"x0,x1,x2,x3",4,0.1830434157809988,-3.4695811432805668,1.471466894838919,-0.06826231390082649,,,,,,,,3.7737743398320527,0.0,35.99710037622799,0.7199420075245597,0.0,2.695423440668449,79.51499149971929
rastrigin,value,qnei,exact,gaussian,0.05,0,8,"x0,x1,x2,x3",4,0.0,0.0,0.0,0.0,,,,,,,,0.0,0.4217622936382948,11.176229371838005,0.22352458743675996,-9.932149387018633,0.4217622936382948,-9.932149387018633
rastrigin,value,qnei,exact,gaussian,0.05,20,8,"x0,x1,x2,x3",4,0.05899835196817138,0.07887931794385339,-0.02790327398210035,-0.004661365175030241,,,,,,,,0.10248450301612866,0.5257471082408578,15.591457658204902,0.3118291531640982,6.683099101611219,0.5257471082408578,6.683099101611219
rastrigin,value,qnei,exact,gaussian,0.25,0,8,"x0,x1,x2,x3",4,0.0,0.0,0.0,0.0,,,,,,,,0.0,0.7377177842553393,23.34702183400053,0.4669404366800105,11.197331621299796,0.7377177842553393,13.644471718602048
rastrigin,value,qnei,exact,gaussian,0.25,20,8,"x0,x1,x2,x3",4,0.1624117712909885,0.28555969131572967,-0.08498145412425151,-0.015529683302087705,,,,,,,,0.33968358713182856,0.0993647749211975,8.9315747234984,0.17863149446996784,1.4243727727095887,0.0993647749211975,2.559161886402862
rastrigin,value,qnei,exact,gaussian,1.0,0,8,"x0,x1,x2,x3",4,0.0,0.0,0.0,0.0,,,,,,,,0.0,1.1324992693974365,50.73908966282265,1.0147817932564527,41.43582734403513,1.907347381539589,71.48478189846374
rastrigin,value,qnei,exact,gaussian,1.0,20,8,"x0,x1,x2,x3",4,1.9541962705928424,2.183905793941669,-0.20277520208174749,-0.13756280812231525,,,,,,,,2.9408109238046496,0.8183067236064954,27.68720167355157,0.5537440334710308,9.85965919643695,1.4744779756033208,26.301333777387526
rastrigin,value,qnei,exact,gaussian,5.0,0,8,"x0,x1,x2,x3",4,0.0,0.0,0.0,0.0,,,,,,,,0.0,1.163890888252781,87.22685331589331,1.7445370663178665,19.166723856119404,3.1336308001202062,91.78649869111725
rastrigin,value,qnei,exact,gaussian,5.0,20,8,"x0,x1,x2,x3",4,-0.22331159428425407,-0.1382119035406182,0.12792434337901715,0.01761724002894205,,,,,,,,0.2926527006492277,0.8183067236064954,46.68663077987658,0.9337326155975312,9.85965919643695,2.18215918137821,48.72945424293084
stevens,value,logei,exact,gaussian,0.05,0,8,"x0,x1,x2,x3",4,0.0,0.0,0.0,0.0,,,,,,,,0.0,0.0,-18.91209573428835,-0.37824191468576707,-0.03544259663265237,0.0,-0.03544259663265237
stevens,value,logei,exact,gaussian,0.05,20,8,"x0,x1,x2,x3",4,0.0,0.0,0.0,0.0,,,,,,,,0.0,0.0,-13.650429400829225,-0.27300858801658456,0.0,0.0,0.0
stevens,value,logei,exact,gaussian,0.25,0,8,"x0,x1,x2,x3",4,0.0,0.0,0.0,0.0,,,,,,,,0.0,0.0,-17.09502445705713,-0.34190048914114257,4.308528887607213,0.0,7.824308148107463
stevens,value,logei,exact,gaussian,0.25,20,8,"x0,x1,x2,x3",4,0.0,0.0,0.0,0.0,,,,,,,,0.0,0.0,-22.867688200412232,-0.4573537640082447,0.0,0.0,0.0
stevens,value,logei,exact,gaussian,1.0,0,8,"x0,x1,x2,x3",4,0.0,0.0,0.0,0.0,,,,,,,,0.0,0.0,1.7022095413624214,0.03404419082724841,2.738906796209651,0.457189021383233,10.09535439208691
stevens,value,logei,exact,gaussian,1.0,20,8,"x0,x1,x2,x3",4,0.0,0.0,0.0,0.0,,,,,,,,0.0,0.0,-21.4854188319335,-0.42970837663867,0.0,0.0,0.0
stevens,value,logei,exact,gaussian,5.0,0,8,"x0,x1,x2,x3",4,0.0,0.0,0.0,0.0,,,,,,,,0.0,0.7876661074629094,89.84148502300854,1.7968297004601703,31.06908300459589,2.8112090526243048,122.1891067964543
stevens,value,logei,exact,gaussian,5.0,20,8,"x0,x1,x2,x3",4,0.0,0.0,0.0,0.0,,,,,,,,0.0,0.0,-6.084290267313655,-0.12168580534627305,0.0,0.0,0.0
stevens,value,qnei,exact,gaussian,0.05,0,8,"x0,x1,x2,x3",4,0.0,0.0,0.0,0.0,,,,,,,,0.0,-0.0469119970433,-7.987561455577122,-0.15975122911154305,-1.6669749127940818,-0.0469119970433,-1.6669749127940818
stevens,value,qnei,exact,gaussian,0.05,20,8,"x0,x1,x2,x3",4,0.0,0.0,0.0,0.0,,,,,,,,0.0,0.0,0.0,0.0,0.0,0.0,0.0
stevens,value,qnei,exact,gaussian,0.25,0,8,"x0,x1,x2,x3",4,0.0,0.0,0.0,0.0,,,,,,,,0.0,-0.0239436230916081,-16.446074367726695,-0.32892148735453386,-0.9457731121185233,0.287958961537508,10.40679971204339
stevens,value,qnei,exact,gaussian,0.25,20,8,"x0,x1,x2,x3",4,0.0,0.0,0.0,0.0,,,,,,,,0.0,-0.0469119970433,-6.213726622686181,-0.12427453245372355,-1.2431679216474514,-0.0469119970433,-1.2431679216474514
stevens,value,qnei,exact,gaussian,1.0,0,8,"x0,x1,x2,x3",4,0.0,0.0,0.0,0.0,,,,,,,,0.0,-0.0469119970433,-49.842313835036805,-0.9968462767007362,6.844219558501756,0.9328622665857799,36.07851345475807
stevens,value,qnei,exact,gaussian,1.0,20,8,"x0,x1,x2,x3",4,-0.16037101256431407,0.6445054374599981,0.6600647177331438,0.12130783628115582,,,,,,,,0.9441965596875247,-0.0469119970433,-48.71808421705488,-0.9743616843410976,-0.539487965997953,1.1283507724084496,27.409203276899863
stevens,value,qnei,exact,gaussian,5.0,0,8,"x0,x1,x2,x3",4,0.0,0.0,0.0,0.0,,,,,,,,0.0,0.1045735836911504,3.0113009791902527,0.06022601958380491,16.905892812889686,0.1045735836911504,92.00089544504768
stevens,value,qnei,exact,gaussian,5.0,20,8,"x0,x1,x2,x3",4,0.010926418203823562,0.6445054374599981,0.6600647177331438,0.12130783628115582,,,,,,,,0.9305415994299335,-0.0469119970433,-22.54462688077706,-0.4508925376155415,-1.3369919157340533,-0.0469119970433,-1.3369919157340533
hicks_law,value,logei,exact,gaussian,0.05,0,8,"x0,x1,x2,x3",4,0.0,0.0,0.0,0.0,,,,,,,,0.0,0.0,-30.394084110009345,-0.6078816822001869,0.09685037211134073,0.0,0.09685037211134073
hicks_law,value,logei,exact,gaussian,0.05,20,8,"x0,x1,x2,x3",4,0.0,0.0,0.0,0.0,,,,,,,,0.0,0.0,-36.533971267369324,-0.7306794253473865,0.0,0.0,0.0
hicks_law,value,logei,exact,gaussian,0.25,0,8,"x0,x1,x2,x3",4,0.0,0.0,0.0,0.0,,,,,,,,0.0,0.0,-34.77308305343804,-0.695461661068761,4.998725985580357,0.0,5.291445376075423
hicks_law,value,logei,exact,gaussian,0.25,20,8,"x0,x1,x2,x3",4,0.0,0.0,0.0,0.0,,,,,,,,0.0,0.0,-34.55626482077017,-0.6911252964154033,0.0,0.0,0.0
hicks_law,value,logei,exact,gaussian,1.0,0,8,"x0,x1,x2,x3",4,0.0,0.0,0.0,0.0,,,,,,,,0.0,0.0,4.864159961709362,0.09728319923418738,56.58292925019506,0.0,77.27942340684987
hicks_law,value,logei,exact,gaussian,1.0,20,8,"x0,x1,x2,x3",4,0.0,0.0,0.0,0.0,,,,,,,,0.0,0.0,-58.28874217995998,-1.1657748435991997,0.0,0.0,0.0
hicks_law,value,logei,exact,gaussian,5.0,0,8,"x0,x1,x2,x3",4,0.0,0.0,0.0,0.0,,,,,,,,0.0,2.182641866258185,117.56057424567706,2.3512114849135415,119.08637967404638,4.110735861700245,162.6037547658171
hicks_law,value,logei,exact,gaussian,5.0,20,8,"x0,x1,x2,x3",4,10.0,0.0,0.0,0.0,,,,,,,,10.0,0.0,-36.70090756250295,-0.734018151250059,0.0,8.881784197001252e-16,2.1316282072803006e-14
hicks_law,value,qnei,exact,gaussian,0.05,0,8,"x0,x1,x2,x3",4,0.0,0.0,0.0,0.0,,,,,,,,0.0,0.0,-6.105131989068639,-0.1221026397813727,-0.12389475113835147,0.0,-0.12389475113835147
hicks_law,value,qnei,exact,gaussian,0.05,20,8,"x0,x1,x2,x3",4,0.0,0.0,0.0,0.0,,,,,,,,0.0,0.0,0.0,0.0,0.0,0.0,0.0
hicks_law,value,qnei,exact,gaussian,0.25,0,8,"x0,x1,x2,x3",4,0.0,0.0,0.0,0.0,,,,,,,,0.0,0.0,-12.722322548986597,-0.2544464509797315,9.934278023723444,0.0,10.256221954456365
hicks_law,value,qnei,exact,gaussian,0.25,20,8,"x0,x1,x2,x3",4,0.0,0.0,0.0,0.0,,,,,,,,0.0,0.0,0.0,0.0,0.0,0.0,0.0
hicks_law,value,qnei,exact,gaussian,1.0,0,8,"x0,x1,x2,x3",4,0.0,0.0,0.0,0.0,,,,,,,,0.0,0.0,-47.148393861852725,-0.9429678772370544,16.261312835395636,0.072604804672606,21.745167397480643
hicks_law,value,qnei,exact,gaussian,1.0,20,8,"x0,x1,x2,x3",4,0.0,0.0,0.0,0.0,,,,,,,,0.0,0.0,-4.852939080042944,-0.09705878160085835,0.0,1.9777064465991516,50.69182673807623
hicks_law,value,qnei,exact,gaussian,5.0,0,8,"x0,x1,x2,x3",4,0.0,0.0,0.0,0.0,,,,,,,,0.0,1.146964433490476,7.417419719357838,0.14834839438715708,80.82044374619448,5.414101225703201,219.67118042552485
hicks_law,value,qnei,exact,gaussian,5.0,20,8,"x0,x1,x2,x3",4,0.0,0.0,0.0,0.0,,,,,,,,0.0,0.0,-26.959267512008438,-0.5391853502401682,0.0,1.9777064465991516,73.74656322019167
weber_fechner,value,logei,exact,gaussian,0.05,0,8,"x0,x1,x2,x3",4,0.0,0.0,0.0,0.0,,,,,,,,0.0,0.0,-25.7890813095592,-0.5157816261911838,1.8931930470738436,0.0279120500345184,3.976941520446074
weber_fechner,value,logei,exact,gaussian,0.05,20,8,"x0,x1,x2,x3",4,0.0,1.0,0.0,0.0,,,,,,,,1.0,0.0,-33.97224733364973,-0.6794449466729947,0.0,0.0,0.0
weber_fechner,value,logei,exact,gaussian,0.25,0,8,"x0,x1,x2,x3",4,0.0,0.0,0.0,0.0,,,,,,,,0.0,0.1651191784500674,-31.0347659796524,-0.6206953195930479,8.22534343734564,0.2912957872084372,14.081119616807495
weber_fechner,value,logei,exact,gaussian,0.25,20,8,"x0,x1,x2,x3",4,0.0,1.0,0.0,0.0,,,,,,,,1.0,0.0,-15.472486441873649,-0.3094497288374729,0.0,0.0798331437779706,0.578080223846003
weber_fechner,value,logei,exact,gaussian,1.0,0,8,"x0,x1,x2,x3",4,0.0,0.0,0.0,0.0,,,,,,,,0.0,0.0,-16.021386470894633,-0.32042772941789277,6.540717541380083,0.0955938322994516,25.02334755070232
weber_fechner,value,logei,exact,gaussian,1.0,20,8,"x0,x1,x2,x3",4,0.0,1.0,0.0,-0.1565008267058673,,,,,,,,1.012172173476242,0.0,-33.501509964835144,-0.6700301992967028,0.0,0.1946765562617451,2.393376840633408
weber_fechner,value,logei,exact,gaussian,5.0,0,8,"x0,x1,x2,x3",4,0.0,0.0,0.0,0.0,,,,,,,,0.0,0.4061258103347487,39.82731550713798,0.7965463101427595,14.910873668739214,1.4553316513092738,68.55769773512438
weber_fechner,value,logei,exact,gaussian,5.0,20,8,"x0,x1,x2,x3",4,0.0,1.0,0.0,0.0,,,,,,,,1.0,0.0,-9.043061596910299,-0.1808612319382059,0.0,0.0,0.0
weber_fechner,value,qnei,exact,gaussian,0.05,0,8,"x0,x1,x2,x3",4,0.0,0.0,0.0,0.0,,,,,,,,0.0,0.0,7.490659901344756,0.14981319802689508,0.20725100777999295,0.0,0.37753713901421193
weber_fechner,value,qnei,exact,gaussian,0.05,20,8,"x0,x1,x2,x3",4,0.0,0.02004637755628058,0.0,0.09444429646376917,,,,,,,,0.09654834223157471,0.0,3.270937703494269,0.0654187540698854,0.019325061804021715,0.0518784778974668,0.27309910327918985
weber_fechner,value,qnei,exact,gaussian,0.25,0,8,"x0,x1,x2,x3",4,0.0,0.0,0.0,0.0,,,,,,,,0.0,0.0253055417863676,-19.34328144830574,-0.38686562896611476,0.07763698419340592,0.1088086079664836,10.854020598193781
weber_fechner,value,qnei,exact,gaussian,0.25,20,8,"x0,x1,x2,x3",4,0.0,0.022479168070308142,0.0,0.09444429646376917,,,,,,,,0.0970826355826287,0.0193250618040239,-23.20202423479487,-0.4640404846958974,0.28021339615834506,0.1142920865258525,2.0116804366135774
weber_fechner,value,qnei,exact,gaussian,1.0,0,8,"x0,x1,x2,x3",4,0.0,0.0,0.0,0.0,,,,,,,,0.0,0.2686805373544787,-3.7886482509951094,-0.07577296501990216,10.837837558990714,0.676592940014324,35.85759572315193
weber_fechner,value,qnei,exact,gaussian,1.0,20,8,"x0,x1,x2,x3",4,-0.010926418203823562,-0.5703836872534391,-0.6600647177331439,-0.02686353981738665,,,,,,,,0.8728482220107051,0.0193250618040239,-16.56782658683212,-0.33135653173664237,0.28021339615834506,0.1287338799381032,3.709439623912269
weber_fechner,value,qnei,exact,gaussian,5.0,0,8,"x0,x1,x2,x3",4,0.0,0.0,0.0,0.0,,,,,,,,0.0,0.1637141077775861,66.00443643614986,1.320088728722997,8.166351533933298,0.495739542816032,45.32312842155508
weber_fechner,value,qnei,exact,gaussian,5.0,20,8,"x0,x1,x2,x3",4,0.0,-0.012603508061923452,0.0,-0.022693640163471307,,,,,,,,0.02595861551269804,0.0193250618040239,23.068914475492022,0.4613782895098404,0.28021339615834506,0.1202409026911053,3.1563148614401637
power_law_practice,value,logei,exact,gaussian,0.05,0,8,"x0,x1,x2,x3",4,0.0,0.0,0.0,0.0,,,,,,,,0.0,0.0,-24.388136807810987,-0.4877627361562198,0.012249313183239963,0.0,0.012249313183239963
power_law_practice,value,logei,exact,gaussian,0.05,20,8,"x0,x1,x2,x3",4,0.0,0.0,0.0,0.0,,,,,,,,0.0,0.0,-1.2315482430388656,-0.024630964860777316,0.0,0.0,0.0
power_law_practice,value,logei,exact,gaussian,0.25,0,8,"x0,x1,x2,x3",4,0.0,0.0,0.0,0.0,,,,,,,,0.0,0.2683392404067179,7.836032772155811,0.1567206554431163,14.700078588815199,0.2712134090852749,21.09827580997748
power_law_practice,value,logei,exact,gaussian,0.25,20,8,"x0,x1,x2,x3",4,0.0,0.0,0.0,0.0,,,,,,,,0.0,0.0,-7.601398362775335,-0.1520279672555067,0.0,0.0,0.0
power_law_practice,value,logei,exact,gaussian,1.0,0,8,"x0,x1,x2,x3",4,0.0,0.0,0.0,0.0,,,,,,,,0.0,0.0470402029106451,13.275581432652778,0.26551162865305555,10.915307015330626,0.8578843560084828,26.66013280097596
power_law_practice,value,logei,exact,gaussian,1.0,20,8,"x0,x1,x2,x3",4,0.0,-1.0,-1.0,0.0,,,,,,,,1.4142135623730951,0.0,-12.522709623595699,-0.25045419247191403,0.0,0.1237080509173822,6.300272492146888
power_law_practice,value,logei,exact,gaussian,5.0,0,8,"x0,x1,x2,x3",4,0.0,0.0,0.0,0.0,,,,,,,,0.0,0.3838633962977227,25.15722457737821,0.5031444915475641,15.142563527238185,1.0403906142803936,47.59142631459948
power_law_practice,value,logei,exact,gaussian,5.0,20,8,"x0,x1,x2,x3",4,-1.0,-1.0,0.0,0.0,,,,,,,,1.4142135623730951,0.0,7.392541329067761,0.14785082658135507,0.0,1.0376615424558593,30.61101550244785
power_law_practice,value,qnei,exact,gaussian,0.05,0,8,"x0,x1,x2,x3",4,0.0,0.0,0.0,0.0,,,,,,,,0.0,0.0,-2.7592069091138427,-0.055184138182276854,0.049608594687672536,0.0,0.049608594687672536
power_law_practice,value,qnei,exact,gaussian,0.05,20,8,"x0,x1,x2,x3",4,0.0,0.0,0.0,0.0,,,,,,,,0.0,0.0,-1.2357204610499224,-0.024714409220998546,0.0,0.0,0.0
power_law_practice,value,qnei,exact,gaussian,0.25,0,8,"x0,x1,x2,x3",4,0.0,0.0,0.0,0.0,,,,,,,,0.0,0.0175953703572577,-13.744687756145105,-0.27489375512290226,3.4123847949624757,0.2042561217032419,9.31761911964456
power_law_practice,value,qnei,exact,gaussian,0.25,20,8,"x0,x1,x2,x3",4,0.0,0.0,0.0,0.0,,,,,,,,0.0,0.0,-11.034554860970715,-0.22069109721941427,0.0,0.0,0.0
power_law_practice,value,qnei,exact,gaussian,1.0,0,8,"x0,x1,x2,x3",4,0.0,0.0,0.0,0.0,,,,,,,,0.0,0.0,-9.05886174416861,-0.18117723488337245,11.555883161367694,0.3471524654531106,30.41195939399838
power_law_practice,value,qnei,exact,gaussian,1.0,20,8,"x0,x1,x2,x3",4,0.010926418203823562,0.4130311344958016,0.5118579006091639,0.12130783628115582,,,,,,,,0.6689007446825651,0.0,-17.977824598274154,-0.3595564919654831,0.0,0.0474985212863436,17.975211974463143
power_law_practice,value,qnei,exact,gaussian,5.0,0,8,"x0,x1,x2,x3",4,0.0,0.0,0.0,0.0,,,,,,,,0.0,0.3164997963336227,0.9599441914026698,0.01919888382805346,14.830950742445884,1.2764051926684343,59.27728386640808
power_law_practice,value,qnei,exact,gaussian,5.0,20,8,"x0,x1,x2,x3",4,-0.9890735817961764,-0.3554945625400019,0.6600647177331438,0.12130783628115582,,,,,,,,1.247014016337417,0.0,-6.430669382153177,-0.12861338764306374,0.0,1.0376615424558593,29.57335395999199
hartmann_3,value,logei,exact,gaussian,0.05,0,8,"x0,x1,x2",3,0.0,0.0,0.0,,,,,,,,,0.0,0.0040100963257132995,-22.056713110749946,-0.4411342622149992,0.22613657359226025,0.012455445354850402,0.36581477106926386
hartmann_3,value,logei,exact,gaussian,0.05,20,8,"x0,x1,x2",3,0.019253443444324114,0.0065425537898268216,0.00039691337656899695,,,,,,,,,0.02033857504313082,-0.00046472298045910007,-21.384876197025093,-0.4276975239405021,-0.025937862411577584,0.0031979284259807,0.060167995019810405
hartmann_3,value,logei,exact,gaussian,0.25,0,8,"x0,x1,x2",3,0.0,0.0,0.0,,,,,,,,,0.0,0.0019438921616083999,-37.32918538071684,-0.7465837076143369,4.186421579241802,0.0777678693086128,5.927190631690863
hartmann_3,value,logei,exact,gaussian,0.25,20,8,"x0,x1,x2",3,-0.1647374232717038,-0.031320440526512394,-0.015564054856194609,,,,,,,,,0.16840911027774574,0.0069529940365789,-35.46735415474189,-0.7093470830948378,0.17799049073286,0.028163844920921798,1.2161798507199961
hartmann_3,value,logei,exact,gaussian,1.0,0,8,"x0,x1,x2",3,0.0,0.0,0.0,,,,,,,,,0.0,0.0252193642900904,-43.475639490983156,-0.8695127898196633,1.6511769919003285,0.2019894482974523,5.640399031934759
hartmann_3,value,logei,exact,gaussian,1.0,20,8,"x0,x1,x2",3,-0.1399235238357092,0.10534157299049762,-0.011352300784443159,,,,,,,,,0.17551157869444137,0.0069529940365789,-27.08600913880906,-0.5417201827761813,0.17799049073286,0.17064674416840211,11.163190640446722
hartmann_3,value,logei,exact,gaussian,5.0,0,8,"x0,x1,x2",3,0.0,0.0,0.0,,,,,,,,,0.0,0.0603530384872455,30.144383005604624,0.6028876601120925,2.1452620818895483,0.1994657859823481,18.22689969637416
hartmann_3,value,logei,exact,gaussian,5.0,20,8,"x0,x1,x2",3,-0.1647374232717038,0.09848579114738687,0.14522557394828717,,,,,,,,,0.24068306341065346,0.0069529940365789,11.971629637812157,0.23943259275624262,0.17799049073286,0.031347034807899,0.8976146934868048
hartmann_3,value,qnei,exact,gaussian,0.05,0,8,"x0,x1,x2",3,0.0,0.0,0.0,,,,,,,,,0.0,0.0002590669942993001,-19.999495799941414,-0.39998991599882894,-0.005674914962924049,0.0002590669942993001,0.025386691676494877
hartmann_3,value,qnei,exact,gaussian,0.05,20,8,"x0,x1,x2",3,0.0,0.0,0.0,,,,,,,,,0.0,-0.0007544956452725,-4.027280753318223,-0.08054561506636482,-0.013205219149526215,0.002838537403314,0.18708473814339754
hartmann_3,value,qnei,exact,gaussian,0.25,0,8,"x0,x1,x2",3,0.0,0.0,0.0,,,,,,,,,0.0,0.010000352432929299,-29.117482276672604,-0.5823496455334525,2.125044908045737,0.1319486215319908,10.372062833898159
hartmann_3,value,qnei,exact,gaussian,0.25,20,8,"x0,x1,x2",3,0.0,0.0,0.0,,,,,,,,,0.0,0.0073594352262632,-28.33049312309649,-0.5666098624619302,0.1310473243146717,0.1058738237928303,1.3641516031428296
hartmann_3,value,qnei,exact,gaussian,1.0,0,8,"x0,x1,x2",3,0.0,0.0,0.0,,,,,,,,,0.0,0.1446570089491442,-13.301651857273654,-0.26603303714547355,5.337229392513958,0.1446570089491442,12.154815537587506
hartmann_3,value,qnei,exact,gaussian,1.0,20,8,"x0,x1,x2",3,0.0,0.0,0.0,,,,,,,,,0.0,0.0073594352262632,-22.601535217880723,-0.45203070435761483,0.1310473243146717,0.8371291039955723,19.827127774821633
hartmann_3,value,qnei,exact,gaussian,5.0,0,8,"x0,x1,x2",3,0.0,0.0,0.0,,,,,,,,,0.0,0.1725672693135297,53.03220937532279,1.060644187506456,6.104761552534562,3.076894953676627,135.75700380574554
hartmann_3,value,qnei,exact,gaussian,5.0,20,8,"x0,x1,x2",3,0.0,0.0,0.0,,,,,,,,,0.0,0.0073594352262632,-0.355595284372626,-0.007111905687452236,0.1310473243146717,0.7071292788334566,33.280726692694515
steering_law,value,logei,exact,gaussian,0.05,0,8,"x0,x1,x2,x3",4,0.0,0.0,0.0,0.0,,,,,,,,0.0,7.499267540556076e-05,-2.1063595374717536,-0.042127190749435106,0.1110429949764713,0.005817697109140074,0.284642357746427
steering_law,value,logei,exact,gaussian,0.05,20,8,"x0,x1,x2,x3",4,1.0,0.0,-0.3351671212024424,0.0,,,,,,,,1.0546738828354159,6.142714819823425e-05,-2.405640902830484,-0.04811281805660972,0.0008292665006770505,0.013327611760195174,0.3656493433305936
steering_law,value,logei,exact,gaussian,0.25,0,8,"x0,x1,x2,x3",4,0.0,0.0,0.0,0.0,,,,,,,,0.0,0.002550609848591174,-1.1798376079257906,-0.02359675215851581,0.9352429762408416,0.041737739388026676,4.124319422301539
steering_law,value,logei,exact,gaussian,0.25,20,8,"x0,x1,x2,x3",4,0.4541293761574494,0.0,-0.07748200047102816,0.0,,,,,,,,0.460691817472534,6.142714819823425e-05,-0.5918644544871228,-0.011837289089742409,0.0008292665006770505,0.06056465173873458,0.4204008739165399
steering_law,value,logei,exact,gaussian,1.0,0,8,"x0,x1,x2,x3",4,0.0,0.0,0.0,0.0,,,,,,,,0.0,0.0007861731193558741,5.856933355491009,0.11713866710982018,0.39903804451821934,0.043407187369156074,3.8691315815996816
steering_law,value,logei,exact,gaussian,1.0,20,8,"x0,x1,x2,x3",4,1.0,0.0,-0.4147130424368769,0.0,,,,,,,,1.0825834413878919,6.142714819823425e-05,2.325585013046908,0.046511700260938094,0.0008292665006770505,0.006649466737811374,1.5221522580350015
steering_law,value,logei,exact,gaussian,5.0,0,8,"x0,x1,x2,x3",4,0.0,0.0,0.0,0.0,,,,,,,,0.0,0.08725173438150287,53.98440112243043,1.0796880224486085,21.10596373679283,1.401976976014699,70.52596788534782
steering_law,value,logei,exact,gaussian,5.0,20,8,"x0,x1,x2,x3",4,0.4528770362501492,0.0,-0.05730163845920799,0.0,,,,,,,,0.45648777391385714,6.142714819823425e-05,2.8396868302578184,0.05679373660515635,0.0008292665006770505,0.002682136047021674,0.07814017901596948
steering_law,value,qnei,exact,gaussian,0.05,0,8,"x0,x1,x2,x3",4,0.0,0.0,0.0,0.0,,,,,,,,0.0,4.3358446356833724e-05,-1.9340068366036505,-0.038680136732072934,-0.042040409214656016,0.0008655312799496148,0.5342395164666573
steering_law,value,qnei,exact,gaussian,0.05,20,8,"x0,x1,x2,x3",4,0.0,0.0,-0.005703471419736372,0.0,,,,,,,,0.005703471419736372,-3.563356653235594e-05,0.269523449671599,0.005390468993432096,-0.03154096799310491,0.014409126413545015,0.18370710659835954
steering_law,value,qnei,exact,gaussian,0.25,0,8,"x0,x1,x2,x3",4,0.0,0.0,0.0,0.0,,,,,,,,0.0,0.0004068957076008148,-5.3084766344230765,-0.10616953268846141,0.14660075926485572,0.010287182271948515,0.7966095808740592
steering_law,value,qnei,exact,gaussian,0.25,20,8,"x0,x1,x2,x3",4,0.0,0.0,-0.009900924974603265,0.0,,,,,,,,0.009900924974603265,0.0004062158117163148,1.02192685232691,0.020438537046538308,-0.0496701202368639,0.009717019020333915,0.044793705657506955
steering_law,value,qnei,exact,gaussian,1.0,0,8,"x0,x1,x2,x3",4,0.0,0.0,0.0,0.0,,,,,,,,0.0,0.0008955862859871148,24.551392744185353,0.49102785488370715,4.884918577785877,0.8776217921773211,36.37570353999902
steering_law,value,qnei,exact,gaussian,1.0,20,8,"x0,x1,x2,x3",4,0.0,0.1482271615592248,-0.11803316423169546,-0.4678522873640204,,,,,,,,0.5047661657383514,0.0007492419649688148,-1.2630985347098118,-0.025261970694196223,-0.02611516487225174,0.2119544281153369,7.715615364383787
steering_law,value,qnei,exact,gaussian,5.0,0,8,"x0,x1,x2,x3",4,0.0,0.0,0.0,0.0,,,,,,,,0.0,0.007316579603213215,41.555332935308385,0.8311066587061678,3.137208685731613,0.06052988225386822,8.781265377939354
steering_law,value,qnei,exact,gaussian,5.0,20,8,"x0,x1,x2,x3",4,-1.0,0.0,0.2685294291085897,0.0,,,,,,,,1.0354265083999854,0.004161091497379715,29.614007140265,0.5922801428053001,0.01994480381529673,0.05215602709445052,1.3878004683318128
moving_peaks,value,logei,exact,gaussian,0.05,0,8,"x0,x1,x2,x3",4,0.0,0.0,0.0,0.0,,,,,,,,0.0,0.36212200630827285,4.628048332691165,0.0925609666538234,5.285647252674501,0.36212200630827285,5.285647252674501
moving_peaks,value,logei,exact,gaussian,0.05,20,8,"x0,x1,x2,x3",4,-0.003204169438797977,0.0020106992155840553,-0.004418528295015323,-0.00026714007566808196,,,,,,,,0.005822745850709633,-0.07169759756476823,-2.3612497297028625,-0.04722499459405727,0.13515018755067842,-0.07169759756476823,0.13515018755067842
moving_peaks,value,logei,exact,gaussian,0.25,0,8,"x0,x1,x2,x3",4,0.0,0.0,0.0,0.0,,,,,,,,0.0,0.17986332663235766,-1.5620238560364612,-0.031240477120729304,0.21781022926928983,0.5057229683730831,7.83870600978279
moving_peaks,value,logei,exact,gaussian,0.25,20,8,"x0,x1,x2,x3",4,0.01549942497707063,-0.007761618448726693,-0.0022352593590507785,0.0012205750881352229,,,,,,,,0.017520304892080386,0.008060446279415157,3.78311380844751,0.07566227616895027,2.613249527799276,0.19704132010575925,4.1889404795989265
moving_peaks,value,logei,exact,gaussian,1.0,0,8,"x0,x1,x2,x3",4,0.0,0.0,0.0,0.0,,,,,,,,0.0,0.5057229683730831,20.979934233391106,0.41959868466782235,7.83870600978279,0.5993497100849909,19.726372074807188
moving_peaks,value,logei,exact,gaussian,1.0,20,8,"x0,x1,x2,x3",4,-0.015353033003442096,-0.06461184995131874,0.027445548951448795,-0.03163117470933685,,,,,,,,0.07851239486396701,0.15671312091879258,5.103706215377429,0.1020741243075487,-0.712035252847329,0.5427388022447142,0.5732781025900806
moving_peaks,value,logei,exact,gaussian,5.0,0,8,"x0,x1,x2,x3",4,0.0,0.0,0.0,0.0,,,,,,,,0.0,0.24629325225198162,25.77791395524696,0.5155582791049393,1.2481639490172398,0.5486406830927932,23.844585612589505
moving_peaks,value,logei,exact,gaussian,5.0,20,8,"x0,x1,x2,x3",4,0.05512029172589811,-0.04516386542281414,-0.3060629828440796,0.003839133911939574,,,,,,,,0.3142726677846602,0.5057229683730831,46.65878672059587,0.9331757344119176,7.83870600978279,0.8155962200639773,16.979966934664176
moving_peaks,value,qnei,exact,gaussian,0.05,0,8,"x0,x1,x2,x3",4,0.0,0.0,0.0,0.0,,,,,,,,0.0,-0.6262341295165608,-18.960765440297237,-0.3792153088059447,-3.7070285359957253,-0.5743888351185885,-3.577415300000794
moving_peaks,value,qnei,exact,gaussian,0.05,20,8,"x0,x1,x2,x3",4,-0.0013330497707012556,0.0037011192683319427,-0.0004669780311442606,-0.00224517501960797,,,,,,,,0.0045534805237123464,-0.09804877120861644,-5.64734363023166,-0.11294687260463321,-0.3431706992301571,-0.09804877120861644,-0.3431706992301571
moving_peaks,value,qnei,exact,gaussian,0.25,0,8,"x0,x1,x2,x3",4,0.0,0.0,0.0,0.0,,,,,,,,0.0,-0.3349662826648268,-20.26885097159412,-0.4053770194318824,-4.390261977715312,-0.3349662826648268,0.5688643065059793
moving_peaks,value,qnei,exact,gaussian,0.25,20,8,"x0,x1,x2,x3",4,-0.003078137080792742,0.008189112956745626,-0.0011202515288762926,-0.005029914993250784,,,,,,,,0.010153398802064709,-0.19769866319487228,-1.175217531888478,-0.023504350637769456,-4.6459185850794995,0.0066174096799560544,-1.6833355283944869
moving_peaks,value,qnei,exact,gaussian,1.0,0,8,"x0,x1,x2,x3",4,0.0,0.0,0.0,0.0,,,,,,,,0.0,0.0,22.674431764486485,0.4534886352897298,0.0,0.5685530541577413,26.315448852674542
moving_peaks,value,qnei,exact,gaussian,1.0,20,8,"x0,x1,x2,x3",4,0.7181137359607145,-0.3125515385789831,-0.48511871774157195,0.017426477495699144,,,,,,,,0.9214226253270967,0.0,4.121068669663458,0.08242137339326883,0.0,0.6786278342284044,19.704356475749037
moving_peaks,value,qnei,exact,gaussian,5.0,0,8,"x0,x1,x2,x3",4,0.0,0.0,0.0,0.0,,,,,,,,0.0,0.0,59.23721511680708,1.1847443023361417,0.0,1.1895090790489882,65.33930237113506
moving_peaks,value,qnei,exact,gaussian,5.0,20,8,"x0,x1,x2,x3",4,0.09419491034854266,0.2578834287560239,-0.2475930241713189,0.5832439114902241,,,,,,,,0.6905449368949489,0.0,29.08165636339507,0.5816331272679016,0.0,0.3744673829694818,10.672320414630235
griewank,value,logei,exact,gaussian,0.05,0,9,"x0,x1,x2,x3,x4,x5",6,0.0,0.0,0.0,0.0,0.0,0.0,,,,,,0.0,0.012015369223973102,-13.490075068884451,-0.2698015013776889,0.4102805262609621,0.012015369223973102,0.47513059998712137
griewank,value,logei,exact,gaussian,0.05,20,9,"x0,x1,x2,x3,x4,x5",6,18.768407092034735,3.6184091451408165,-13.021439586900641,-25.775601374707804,-5.3064564230280915,2.4387027564935515,,,,,,35.11967049334526,0.022210974973627,-15.206793144838016,-0.3041358628967601,0.5062236796884179,0.050204073370958106,1.4460319883349904
griewank,value,logei,exact,gaussian,0.25,0,9,"x0,x1,x2,x3,x4,x5",6,0.0,0.0,0.0,0.0,0.0,0.0,,,,,,0.0,0.10690380569598901,-13.345865565857892,-0.2669173113171577,5.6514056431188,0.2419741080692202,11.517908010073683
griewank,value,logei,exact,gaussian,0.25,20,9,"x0,x1,x2,x3,x4,x5",6,27.521489271784375,-32.05499946241807,206.71771211557981,103.56235576446923,40.84936791691934,-21.329715728150624,,,,,,239.5119141677807,0.043801252730912905,-12.197216268899453,-0.24394432537798894,3.1943249771519397,0.1238802239735537,5.492793131014835
griewank,value,logei,exact,gaussian,1.0,0,9,"x0,x1,x2,x3,x4,x5",6,0.0,0.0,0.0,0.0,0.0,0.0,,,,,,0.0,0.4221875796222796,3.762363626848554,0.07524727253697083,19.64165077064009,1.2922815812076112,45.12413795810614
griewank,value,logei,exact,gaussian,1.0,20,9,"x0,x1,x2,x3,x4,x5",6,22.83916957853964,-36.696935467596134,261.56892523111605,121.62168351409463,-163.28405429074476,-34.26546016924267,,,,,,336.02713198988386,0.12159531367990259,-0.988307125034936,-0.019766142500698525,4.68133689432619,0.12159531367990259,13.049079011452584
griewank,value,logei,exact,gaussian,5.0,0,9,"x0,x1,x2,x3,x4,x5",6,0.0,0.0,0.0,0.0,0.0,0.0,,,,,,0.0,0.7346850884377648,157.57367281811378,3.151473456362276,22.960735108871418,4.607730287696841,195.08827122787858
griewank,value,logei,exact,gaussian,5.0,20,9,"x0,x1,x2,x3,x4,x5",6,-651.4167021664279,-507.21703964223275,564.6725001841539,586.7528275115234,592.4779538210914,-220.31739707689195,,,,,,1320.7258002479432,0.1858356238924328,64.10153883821886,1.2820307767643775,5.141339474452842,3.051739189648941,59.38062739131511
griewank,value,qnei,exact,gaussian,0.05,0,9,"x0,x1,x2,x3,x4,x5",6,0.0,0.0,0.0,0.0,0.0,0.0,,,,,,0.0,0.015389416836757493,-4.290709325252422,-0.08581418650504835,3.5016020733024718,0.015389416836757493,3.5016020733024718
griewank,value,qnei,exact,gaussian,0.05,20,9,"x0,x1,x2,x3,x4,x5",6,133.742204659552,-77.86712839957747,-24.559994626560595,-165.95490850683404,-375.2658490197466,185.97772401784286,,,,,,476.97658564895016,-0.006014882408611401,-0.2803193564894002,-0.005606387129788004,0.12728192372487968,-0.006014882408611401,0.12728192372487968
griewank,value,qnei,exact,gaussian,0.25,0,9,"x0,x1,x2,x3,x4,x5",6,0.0,0.0,0.0,0.0,0.0,0.0,,,,,,0.0,-0.010939172127813299,-23.949294188713225,-0.4789858837742649,3.7063174860120043,0.1768542676321952,11.920023336794415
griewank,value,qnei,exact,gaussian,0.25,20,9,"x0,x1,x2,x3,x4,x5",6,133.74220445723248,-77.86712929809528,-24.559997829820432,-165.95490382914446,-375.2658517548776,185.9777251781488,,,,,,476.97658688063575,-0.012516371623743104,-13.803686916612378,-0.2760737383322476,-0.14118785893347408,0.04888183948262229,1.387202189876323
griewank,value,qnei,exact,gaussian,1.0,0,9,"x0,x1,x2,x3,x4,x5",6,0.0,0.0,0.0,0.0,0.0,0.0,,,,,,0.0,0.29812482275738766,-11.263360391986154,-0.22526720783972332,10.832264903454075,0.8746741434836014,29.61302222010717
griewank,value,qnei,exact,gaussian,1.0,20,9,"x0,x1,x2,x3,x4,x5",6,37.67249071321625,-21.42799387597698,12.782470524885042,10.668325175443549,-57.4485700829003,-46.81107838800125,,,,,,87.44824444934463,-0.0027228487361478995,-34.3345230719716,-0.6866904614394322,0.7484481869979618,0.1821770736212152,2.3682744434345224
griewank,value,qnei,exact,gaussian,5.0,0,9,"x0,x1,x2,x3,x4,x5",6,0.0,0.0,0.0,0.0,0.0,0.0,,,,,,0.0,0.5495185929328811,40.991190234008485,0.8198238046801696,19.40714494491585,1.1714289964680138,162.53582123632947
griewank,value,qnei,exact,gaussian,5.0,20,9,"x0,x1,x2,x3,x4,x5",6,561.4271874761167,295.0231900985333,388.0037964608051,-347.3305077950675,90.88044880535358,133.55968375946227,,,,,,836.3743434296783,0.1433381537765426,48.415367328973645,0.9683073465794729,4.0851373826314585,2.4991617993376045,70.8757426073039
branin,value,logei,exact,gaussian,0.05,0,8,"x0,x1",2,0.0,0.0,,,,,,,,,,0.0,0.0067538596289229,-0.689347662011393,-0.013786953240227884,0.678543553473876,0.018421034258548498,1.2091776494156186
branin,value,logei,exact,gaussian,0.05,20,8,"x0,x1",2,-0.03044860049583953,0.0,,,,,,,,,,0.03044860049583953,0.0006901449209251,-1.951429765407772,-0.0390285953081555,0.015528260720815368,0.001208131475831,0.04511507600699982
branin,value,logei,exact,gaussian,0.25,0,8,"x0,x1",2,0.0,0.0,,,,,,,,,,0.0,0.006270826703062201,0.2260933351259169,0.004521866702518196,0.45861989945943904,0.0423938314576939,4.748216551421439
branin,value,logei,exact,gaussian,0.25,20,8,"x0,x1",2,0.6783324173644321,2.052640172294162,,,,,,,,,,2.1618201926532374,1.4307762762799995e-05,-0.2522326857956223,-0.005044653715912506,-0.0008851363652198074,0.0051887221925093,0.01640380998794555
branin,value,logei,exact,gaussian,1.0,0,8,"x0,x1",2,0.0,0.0,,,,,,,,,,0.0,0.0412759300069832,10.510727463386761,0.21021454926773514,3.90289855365706,0.0412759300069832,10.906261769535165
branin,value,logei,exact,gaussian,1.0,20,8,"x0,x1",2,6.773822431649039,2.6008811517806283,,,,,,,,,,7.255980505844777,0.0006901449209251,4.264556574761222,0.08529113149522438,0.015528260720815368,0.180229644665195,3.0498330795375637
branin,value,logei,exact,gaussian,5.0,0,8,"x0,x1",2,0.0,0.0,,,,,,,,,,0.0,0.0574370078301378,9.790255443578054,0.19580510887156116,2.513412661678787,0.0988202622205248,6.411798197932221
branin,value,logei,exact,gaussian,5.0,20,8,"x0,x1",2,-2.5653975378071467,1.5538528605449806,,,,,,,,,,2.999287121835919,0.0006901449209251,22.814225969638528,0.45628451939277054,0.015528260720815368,0.0021220989150652,0.057770903547949004
branin,value,qnei,exact,gaussian,0.05,0,8,"x0,x1",2,0.0,0.0,,,,,,,,,,0.0,0.00048072233964341555,1.8445772592673446,0.03689154518534682,-0.029520412509646654,0.0050663167256756155,0.08854959276673302
branin,value,qnei,exact,gaussian,0.05,20,8,"x0,x1",2,0.31612058759854555,-2.500962300665216,,,,,,,,,,2.520861887381437,0.00037013338236001553,2.32127896255877,0.04642557925117541,0.01803763171349626,0.014256352404998916,0.3328531629337439
branin,value,qnei,exact,gaussian,0.25,0,8,"x0,x1",2,0.0,0.0,,,,,,,,,,0.0,4.234775020581554e-05,12.725318958256688,0.25450637916513363,0.6875189864460669,0.2211519705719451,7.835699755244716
branin,value,qnei,exact,gaussian,0.25,20,8,"x0,x1",2,-5.665661952393718,-0.772381375433747,,,,,,,,,,5.71806771102955,0.0010726528774893155,5.1772626772596,0.103545253545192,0.02260400843183774,0.007810762839504916,0.5221768966141882
branin,value,qnei,exact,gaussian,1.0,0,8,"x0,x1",2,0.0,0.0,,,,,,,,,,0.0,0.05365750947676681,34.82918755582442,0.6965837511164884,5.431309058711274,0.3932960641118001,21.042998836699844
branin,value,qnei,exact,gaussian,1.0,20,8,"x0,x1",2,-9.289524445254925,-0.4811178479319964,,,,,,,,,,9.301974994730287,0.0010726528774893155,17.708184952821725,0.3541636990564345,0.02260400843183774,0.2363509725674577,5.622902668245815
branin,value,qnei,exact,gaussian,5.0,0,8,"x0,x1",2,0.0,0.0,,,,,,,,,,0.0,0.027043069836323715,35.74906218563845,0.714981243712769,3.9787901494323537,0.436239421628812,23.383871184182965
branin,value,qnei,exact,gaussian,5.0,20,8,"x0,x1",2,-9.289524445254925,-1.6474625107275584,,,,,,,,,,9.434479166506307,0.0010726528774893155,30.99644781899316,0.6199289563798632,0.02260400843183774,2.186631012688472,62.31101726304484
eggholder,value,logei,exact,gaussian,0.05,0,8,"x0,x1",2,0.0,0.0,,,,,,,,,,0.0,0.08610674890071568,-11.537269626498755,-0.2307453925299754,-1.1235079494486229,0.14816175826007827,-1.089530411515213
eggholder,value,logei,exact,gaussian,0.05,20,8,"x0,x1",2,-2.3171844555110965,0.1668652307569971,,,,,,,,,,2.3231848411389575,0.0011042256743469814,-12.4901866711281,-0.24980373342256224,-4.97408048987748,0.0011042256743469814,-4.97408048987748
eggholder,value,logei,exact,gaussian,0.25,0,8,"x0,x1",2,0.0,0.0,,,,,,,,,,0.0,-0.3457156730046345,-11.26235605468736,-0.22524712109374745,-1.9764253680981199,-0.34419933137247183,0.3136178590377483
eggholder,value,logei,exact,gaussian,0.25,20,8,"x0,x1",2,710.7699931364639,76.41690462254792,,,,,,,,,,714.866089876489,0.7351624639157275,1.7952111757890634,0.035904223515781375,9.568441541800055,0.7351624639157275,9.584847282839192
eggholder,value,logei,exact,gaussian,1.0,0,8,"x0,x1",2,0.0,0.0,,,,,,,,,,0.0,0.7192449265388423,-1.3883581377286305,-0.027767162754572805,8.36359864864994,0.7192449265388423,22.78807482147363
eggholder,value,logei,exact,gaussian,1.0,20,8,"x0,x1",2,-14.980165659989893,-1.0539509549495847,,,,,,,,,,15.017196003787776,0.7049429800954798,-11.130524672867153,-0.2226104934573434,7.757173811883106,0.8500350890980122,8.707915547126944
eggholder,value,logei,exact,gaussian,5.0,0,8,"x0,x1",2,0.0,0.0,,,,,,,,,,0.0,1.0104201177266665,32.72461453074135,0.6544922906148267,16.799630737516452,1.1721485698682246,22.812993983314087
eggholder,value,logei,exact,gaussian,5.0,20,8,"x0,x1",2,58.6283263327835,-271.27170269664487,,,,,,,,,,277.53489390078545,0.5902881010944308,17.991718729572028,0.3598343745914403,10.607969421747683,1.55148002887031,32.16798977229227
eggholder,value,qnei,exact,gaussian,0.05,0,8,"x0,x1",2,0.0,0.0,,,,,,,,,,0.0,1.0728758360325736,2.2395095641194587,0.04479019128238937,35.03444444504148,1.1076143907678506,36.46475648433256
eggholder,value,qnei,exact,gaussian,0.05,20,8,"x0,x1",2,-0.18090487933386612,-0.16347806406997734,,,,,,,,,,0.24382709611293876,0.0006063644143469993,3.1104779545419774,0.06220955909083958,0.01667502139454058,0.0006063644143469993,0.01667502139454058
eggholder,value,qnei,exact,gaussian,0.25,0,8,"x0,x1",2,0.0,0.0,,,,,,,,,,0.0,0.5761161535482855,1.5519083520921129,0.031038167041842257,23.21264083344427,0.6603618179205508,27.20897055246997
eggholder,value,qnei,exact,gaussian,0.25,20,8,"x0,x1",2,1.1884816202043567,-1.6744412496822179,,,,,,,,,,2.0533489864611227,0.0007330076004797015,1.0494069975789557,0.02098813995157922,0.02015770901319769,0.0713857124662636,1.9631070928222556
eggholder,value,qnei,exact,gaussian,1.0,0,8,"x0,x1",2,0.0,0.0,,,,,,,,,,0.0,0.2611133916570263,22.62764469756854,0.45255289395137055,26.262648559792574,1.7069717550215813,81.68074751318079
eggholder,value,qnei,exact,gaussian,1.0,20,8,"x0,x1",2,8.312964105254423,-8.896147614344613,,,,,,,,,,12.175664852132627,0.0713857124662636,4.313513411212227,0.08627026822424444,1.9631070928222556,0.6949328935375164,17.648638974670035
eggholder,value,qnei,exact,gaussian,5.0,0,8,"x0,x1",2,0.0,0.0,,,,,,,,,,0.0,0.37897769604522713,31.527582237539917,0.6305516447507982,41.865596922815335,3.6604623872340616,158.79411364784733
eggholder,value,qnei,exact,gaussian,5.0,20,8,"x0,x1",2,-16.486246957654657,6.556050346998063,,,,,,,,,,17.741987907254103,0.0713857124662636,15.256139473773715,0.3051227894754742,1.9631070928222556,1.4519414984839816,41.30894699432721
levy_10,value,logei,exact,gaussian,0.05,0,9,"x0,x1,x2,x3,x4,x5,x6,x7,x8,x9,x10",11,0.0,0.0,0.0,0.0,0.0,0.0,0.0,0.0,0.0,0.0,0.0,0.0,-0.15102567339276088,-18.75903496250183,-0.3751806992500364,-6.3469033868530005,-0.15102567339276088,-6.162925684690137
levy_10,value,logei,exact,gaussian,0.05,20,9,"x0,x1,x2,x3,x4,x5,x6,x7,x8,x9,x10",11,-0.07018098279346319,0.09156413895713245,-0.014414630594991595,0.0,-0.0595791045339879,-0.16158307929101,-0.017126834300508875,-0.1896874376765636,0.0776652336246384,0.06110539774191581,-0.0493565376872791,0.30274144595569447,-0.03918122091356008,3.0525038716391606,0.06105007743278312,1.527106131185839,-0.03918122091356008,1.527106131185839
levy_10,value,logei,exact,gaussian,0.25,0,9,"x0,x1,x2,x3,x4,x5,x6,x7,x8,x9,x10",11,0.0,0.0,0.0,0.0,0.0,0.0,0.0,0.0,0.0,0.0,0.0,0.0,0.2503316009202252,-10.623614146608858,-0.21247228293217701,-8.236529289657952,0.3473526583810531,-1.3451477549528121
levy_10,value,logei,exact,gaussian,0.25,20,9,"x0,x1,x2,x3,x4,x5,x6,x7,x8,x9,x10",11,0.5971346478575708,-0.39890573498877946,-0.018510332073949032,0.0,0.2583035208881106,0.9850258954022539,0.06753379819892302,1.146640305826057,-0.537301627474235,-0.24938105967490465,0.14046306292436217,1.8008313518177648,0.16681969129774554,6.750751531287719,0.13501503062575448,-0.3041859004717793,0.16681969129774554,-0.3041859004717793
levy_10,value,logei,exact,gaussian,1.0,0,9,"x0,x1,x2,x3,x4,x5,x6,x7,x8,x9,x10",11,0.0,0.0,0.0,0.0,0.0,0.0,0.0,0.0,0.0,0.0,0.0,0.0,0.09937830697592931,-8.081306327562416,-0.16162612655124842,-10.351889527569796,0.23047994306737385,4.796782292263373
levy_10,value,logei,exact,gaussian,1.0,20,9,"x0,x1,x2,x3,x4,x5,x6,x7,x8,x9,x10",11,1.0447286394970465,-0.6460806125479119,-0.08803597593670165,0.0,0.38370888374768475,1.7017392467492254,0.08648261130922474,1.9978734417199768,-0.8848965787987433,-0.3451901319421684,0.18086934924495335,3.0811794539743103,0.5155624010885524,16.819992773131816,0.3363998554626364,8.047521251178154,0.9411888869860758,15.636288399350505
levy_10,value,logei,exact,gaussian,5.0,0,9,"x0,x1,x2,x3,x4,x5,x6,x7,x8,x9,x10",11,0.0,0.0,0.0,0.0,0.0,0.0,0.0,0.0,0.0,0.0,0.0,0.0,0.40170309163155116,68.31351596110103,1.366270319222021,2.3286430626654067,4.342568744204373,89.49810223505595
levy_10,value,logei,exact,gaussian,5.0,20,9,"x0,x1,x2,x3,x4,x5,x6,x7,x8,x9,x10",11,7.785114145026515,9.631830510356096,-9.582671725637994,11.93205964948128,-5.586713719412013,-2.856226153300647,4.28896263138428,10.149189636540036,-9.049978578445032,6.224029573975416,-5.505899160823275,26.44443300284497,0.6854487994514281,70.00953447452166,1.4001906894904335,8.8120100438111,2.498133304470434,82.72449955714644
levy_10,value,qnei,exact,gaussian,0.05,0,9,"x0,x1,x2,x3,x4,x5,x6,x7,x8,x9,x10",11,0.0,0.0,0.0,0.0,0.0,0.0,0.0,0.0,0.0,0.0,0.0,0.0,0.01765568454839972,-20.288230771790793,-0.4057646154358161,-11.001459653289317,0.1010694424718554,-10.829929654685493
levy_10,value,qnei,exact,gaussian,0.05,20,9,"x0,x1,x2,x3,x4,x5,x6,x7,x8,x9,x10",11,-0.24892586676402884,-0.19192993777217104,-0.07069932951667157,0.0,0.527394575160935,-0.028877524520196873,-0.020846273529243398,0.2965917006201533,-0.2988280295963186,-0.32615688051093805,0.0,0.8166126613376824,0.3149554041543243,6.925070919773049,0.1385014183954607,2.291585953079739,0.3149554041543243,2.291585953079739
levy_10,value,qnei,exact,gaussian,0.25,0,9,"x0,x1,x2,x3,x4,x5,x6,x7,x8,x9,x10",11,0.0,0.0,0.0,0.0,0.0,0.0,0.0,0.0,0.0,0.0,0.0,0.0,0.13325049426406643,-10.285021900625352,-0.20570043801250737,-14.081588822432785,0.13325049426406643,-14.081588822432785
levy_10,value,qnei,exact,gaussian,0.25,20,9,"x0,x1,x2,x3,x4,x5,x6,x7,x8,x9,x10",11,-0.2323753985679362,-0.1988401054920379,-0.05632567318832393,0.0,0.32013042186244967,-0.025321728216904926,-0.016414045348448703,0.26434162043342724,-0.27423038862909266,-0.26027603466179716,0.0,0.6425922542627899,-0.0296431525038523,2.7309454420916524,0.05461890884183296,-3.515199896017286,0.06990340735203748,-2.8681472569540034
levy_10,value,qnei,exact,gaussian,1.0,0,9,"x0,x1,x2,x3,x4,x5,x6,x7,x8,x9,x10",11,0.0,0.0,0.0,0.0,0.0,0.0,0.0,0.0,0.0,0.0,0.0,0.0,0.45228389326417573,29.717205137284694,0.5943441027456937,11.878384382692786,0.6475818492141232,29.989917665568456
levy_10,value,qnei,exact,gaussian,1.0,20,9,"x0,x1,x2,x3,x4,x5,x6,x7,x8,x9,x10",11,-0.41995448323231166,-0.544205470649568,-0.18038778403225564,0.0,1.5359644885023123,-0.06506167475076219,-0.058059036929546615,0.7962745393403479,-0.8957694264897285,-1.0037015093970805,0.0,2.30558552769834,0.24658237100308655,2.4568793538687714,0.049137587077374256,2.2109412214761974,0.24658237100308655,3.020023010509874
levy_10,value,qnei,exact,gaussian,5.0,0,9,"x0,x1,x2,x3,x4,x5,x6,x7,x8,x9,x10",11,0.0,0.0,0.0,0.0,0.0,0.0,0.0,0.0,0.0,0.0,0.0,0.0,0.7102941956351512,104.21463197034832,2.0842926394069665,22.888687387418173,0.7102941956351512,115.66917999152447
levy_10,value,qnei,exact,gaussian,5.0,20,9,"x0,x1,x2,x3,x4,x5,x6,x7,x8,x9,x10",11,4.828066374760636,7.467855478713094,4.3963930052131035,3.613334994326234,6.19002367790769,-0.9686353954957374,0.003670349006368312,-8.77341296251364,3.6369313191350314,-2.2409550260749973,3.287165974887321,16.02328295786263,0.24315821442297114,43.87690178984677,0.8775380357969351,-5.462283275628202,0.7190938790071897,7.152876497289419
hartmann_6,value,logei,exact,gaussian,0.05,0,9,"x0,x1,x2,x3,x4,x5",6,0.0,0.0,0.0,0.0,0.0,0.0,,,,,,0.0,1.2003679389400919,68.84067187705395,1.3768134375410792,16.4473611004733,1.2315522405415944,16.865580431229176
hartmann_6,value,logei,exact,gaussian,0.05,20,9,"x0,x1,x2,x3,x4,x5",6,-0.0020625381311177027,-0.09315836813080168,-0.04712905318170357,-0.06741195022518448,0.000408706794957997,0.0,,,,,,0.12429167850080358,-0.05495680438875811,1.4781974654222552,0.029563949308445636,10.721809358271486,-0.026441761579221207,10.839569798183192
hartmann_6,value,logei,exact,gaussian,0.25,0,9,"x0,x1,x2,x3,x4,x5",6,0.0,0.0,0.0,0.0,0.0,0.0,,,,,,0.0,1.6583559916916855,30.62050598587396,0.61241011971748,56.19955674206065,1.6583559916916855,61.3769486525554
hartmann_6,value,logei,exact,gaussian,0.25,20,9,"x0,x1,x2,x3,x4,x5",6,0.058321517193967304,-0.1831722585015184,0.003491541056722003,-0.336832709569368,-0.1177274704880522,0.0,,,,,,0.40531678728454057,0.02293790994438269,15.12720154060841,0.30254403081216896,0.4437374586734677,0.17128667657221278,1.572877982742824
hartmann_6,value,logei,exact,gaussian,1.0,0,9,"x0,x1,x2,x3,x4,x5",6,0.0,0.0,0.0,0.0,0.0,0.0,,,,,,0.0,1.4103508616200022,-19.636506993065012,-0.3927301398612997,-7.908159353332195,1.542587016019402,19.957481688552406
hartmann_6,value,logei,exact,gaussian,1.0,20,9,"x0,x1,x2,x3,x4,x5",6,-0.0024389335661973988,-0.1831722585015184,0.003782047427390689,0.0034252645635524104,0.062430740072325505,-0.26384794751825635,,,,,,0.32725738756693573,0.550787667385439,15.033150500996754,0.30066301001993523,21.529410202739598,0.550787667385439,41.73166190288447
hartmann_6,value,logei,exact,gaussian,5.0,0,9,"x0,x1,x2,x3,x4,x5",6,0.0,0.0,0.0,0.0,0.0,0.0,,,,,,0.0,6.720612337300094,167.89796869798337,3.3579593739596696,185.42960135962716,8.357334664269288,247.21382407271062
hartmann_6,value,logei,exact,gaussian,5.0,20,9,"x0,x1,x2,x3,x4,x5",6,0.09992719858902072,-0.06922769499749629,0.0814648848985855,-0.07870894073979762,0.044877152086239006,-0.016261238225318775,,,,,,0.17288126053574662,2.38841049244412,109.15498602531588,2.1830997205063163,68.98873794006144,2.57311011521689,126.56085849760177
hartmann_6,value,qnei,exact,gaussian,0.05,0,9,"x0,x1,x2,x3,x4,x5",6,0.0,0.0,0.0,0.0,0.0,0.0,,,,,,0.0,0.9859750324449568,58.80599019695035,1.1761198039390068,-56.49061344557944,0.9859750324449568,-56.351571504014515
hartmann_6,value,qnei,exact,gaussian,0.05,20,9,"x0,x1,x2,x3,x4,x5",6,-0.00025957758135669584,0.0036896867131609445,0.008271563787539238,-0.00014000936357400073,-0.006240015312383607,0.0,,,,,,0.011002605590223624,0.16507436180615814,8.71123726407302,0.17422474528146026,0.07198528666731363,0.16507436180615814,0.07198528666731363
hartmann_6,value,qnei,exact,gaussian,0.25,0,9,"x0,x1,x2,x3,x4,x5",6,0.0,0.0,0.0,0.0,0.0,0.0,,,,,,0.0,0.0696936449711077,-6.3813198451113635,-0.12762639690222688,-55.69162647739765,0.0696936449711077,-51.86406555863181
hartmann_6,value,qnei,exact,gaussian,0.25,20,9,"x0,x1,x2,x3,x4,x5",6,-0.0002500420770734091,0.0034825470274709724,0.007732577828031273,-0.00012184910247281522,-0.006036081592050824,0.0,,,,,,0.010413094779895321,0.9675949530309893,14.949674834852658,0.29899349669705355,-0.9984796687287485,0.9675949530309893,0.9772114525590894
hartmann_6,value,qnei,exact,gaussian,1.0,0,9,"x0,x1,x2,x3,x4,x5",6,0.0,0.0,0.0,0.0,0.0,0.0,,,,,,0.0,0.27045529688687525,-8.132327602970406,-0.16264655205940848,-79.92882916903645,0.694542441258772,-59.277427852989945
hartmann_6,value,qnei,exact,gaussian,1.0,20,9,"x0,x1,x2,x3,x4,x5",6,-0.0007510478557818945,0.012147376367729334,0.02488660466514403,-0.00043165525389401993,-0.016124882150461928,0.0,,,,,,0.03205719993830734,1.3657611556609581,12.721219464588728,0.254424389291775,13.863845111199112,1.5740790979862815,24.06638839991922
hartmann_6,value,qnei,exact,gaussian,5.0,0,9,"x0,x1,x2,x3,x4,x5",6,0.0,0.0,0.0,0.0,0.0,0.0,,,,,,0.0,6.1628514491583335,127.97913008592383,2.5595826017184766,111.07394291140932,8.248978993797607,187.5933119821938
hartmann_6,value,qnei,exact,gaussian,5.0,20,9,"x0,x1,x2,x3,x4,x5",6,0.1310730283466629,-0.12403791494074795,-0.09218721404065322,-0.030549213256962304,-0.15368983076844772,-0.08678350707268645,,,,,,0.27046112686942464,2.3871937378779586,98.52388691551073,1.9704777383102146,29.70190565344589,8.248495166952447,168.00641944945292
michalewicz,value,logei,exact,gaussian,0.05,0,9,"x0,x1,x2,x3,x4",5,0.0,0.0,0.0,0.0,0.0,,,,,,,0.0,-1.264150031500885,-26.569650574185857,-0.5313930114837175,-30.63790851391616,-1.264150031500885,-30.63790851391616
michalewicz,value,logei,exact,gaussian,0.05,20,9,"x0,x1,x2,x3,x4",5,0.0008256881042010278,0.00030753117132054086,0.2781729198071068,0.0,0.08896689841756489,,,,,,,0.2920548898140881,0.14749559248900646,13.865331685535637,0.2773066337107126,4.700843328850567,0.14749559248900646,4.700843328850567
michalewicz,value,logei,exact,gaussian,0.25,0,9,"x0,x1,x2,x3,x4",5,0.0,0.0,0.0,0.0,0.0,,,,,,,0.0,-2.037559343272913,-47.93030114179453,-0.958606022835891,-73.70225662952421,-2.037559343272913,-72.32716361184197
michalewicz,value,logei,exact,gaussian,0.25,20,9,"x0,x1,x2,x3,x4",5,-0.001968027825365315,-0.001137348120341386,-0.30088514706569236,-0.5580740161366724,-0.5731885213934009,,,,,,,0.8547097325777212,-0.8998441532189734,-19.52050341934313,-0.39041006838686343,-23.04668462985731,-0.8746506904427855,-18.985635578099874
michalewicz,value,logei,exact,gaussian,1.0,0,9,"x0,x1,x2,x3,x4",5,0.0,0.0,0.0,0.0,0.0,,,,,,,0.0,0.6324041715223299,13.287749962502517,0.2657549992500501,21.02744962147483,0.6324041715223299,47.69086624508304
michalewicz,value,logei,exact,gaussian,1.0,20,9,"x0,x1,x2,x3,x4",5,-0.001227803931840743,-0.001524188566444984,-0.30088514706569236,-1.3048266479163928,-0.9120314035598043,,,,,,,1.6201572653819818,-1.397559577749357,-22.581655574458182,-0.45163311148916385,-39.83044796585668,-1.191840445825961,-34.584610101810085
michalewicz,value,logei,exact,gaussian,5.0,0,9,"x0,x1,x2,x3,x4",5,0.0,0.0,0.0,0.0,0.0,,,,,,,0.0,0.6086891470181524,30.504568276400505,0.6100913655280094,16.80775381672828,2.469785242136883,96.2122462051891
michalewicz,value,logei,exact,gaussian,5.0,20,9,"x0,x1,x2,x3,x4",5,-0.07728433312843386,0.18147496731843415,2.840707506524101,-0.08023409487960054,0.4910139260940456,,,,,,,2.890684582435819,-1.3201960750141488,-5.890378228006966,-0.11780756456013997,-26.455679116030353,0.9239180034243866,4.636274055528247
michalewicz,value,qnei,exact,gaussian,0.05,0,9,"x0,x1,x2,x3,x4",5,0.0,0.0,0.0,0.0,0.0,,,,,,,0.0,1.6439102059260584,21.78855090427328,0.43577101808546725,21.50155044697371,1.6439102059260584,21.50155044697371
michalewicz,value,qnei,exact,gaussian,0.05,20,9,"x0,x1,x2,x3,x4",5,0.0030006415545322795,0.015541569855710202,-0.00513615441740467,0.0,-0.2534867947052406,,,,,,,0.2540324377229312,0.3898639819014553,1.4162201625634907,0.02832440325127017,5.201009145053263,0.3898639819014553,5.201009145053263
michalewicz,value,qnei,exact,gaussian,0.25,0,9,"x0,x1,x2,x3,x4",5,0.0,0.0,0.0,0.0,0.0,,,,,,,0.0,0.5799714087403745,-20.960291292270654,-0.4192058258454123,-7.081350429803734,0.8665842970738078,-5.0322764749478495
michalewicz,value,qnei,exact,gaussian,0.25,20,9,"x0,x1,x2,x3,x4",5,0.0024069963604897993,0.01477600271697499,-0.004943094471999476,0.0,-0.24505736486723317,,,,,,,0.2455639838135935,0.8376217102300072,-2.1717117082141613,-0.04343423416428305,5.27275850746301,0.8376217102300072,5.27275850746301
michalewicz,value,qnei,exact,gaussian,1.0,0,9,"x0,x1,x2,x3,x4",5,0.0,0.0,0.0,0.0,0.0,,,,,,,0.0,2.020622500120144,40.7277174903914,0.8145543498078283,43.80559341681857,2.020622500120144,60.40100155874853
michalewicz,value,qnei,exact,gaussian,1.0,20,9,"x0,x1,x2,x3,x4",5,0.015521802385409345,0.03537629287048061,-0.009629113817603008,0.0,-0.6011604822439649,,,,,,,0.6024774300264355,1.3480456030782544,20.300064173666954,0.40600128347333975,51.373323926355226,2.3532831620038266,55.00870512681115
michalewicz,value,qnei,exact,gaussian,5.0,0,9,"x0,x1,x2,x3,x4",5,0.0,0.0,0.0,0.0,0.0,,,,,,,0.0,3.272920441790469,76.32227980740959,1.5264455961481929,66.53223593962406,4.720581519500709,148.47805725821303
michalewicz,value,qnei,exact,gaussian,5.0,20,9,"x0,x1,x2,x3,x4",5,-2.0938100129027064,-0.3983322337194979,1.8166773555236984,-2.4101176028259315,1.299777511517612,,,,,,,3.9167734159027514,3.0364660662193446,71.41309950142647,1.4282619900285294,59.4832652780014,6.621877765340728,158.4083638998688
powell,value,logei,exact,gaussian,0.05,0,9,"x0,x1,x2,x3",4,0.0,0.0,0.0,0.0,,,,,,,,0.0,0.0088656746294433,2.8694715463313756,0.057389430926627516,0.2792687508274639,0.0105996987979321,1.3567111489179977
powell,value,logei,exact,gaussian,0.05,20,9,"x0,x1,x2,x3",4,0.014583944253416803,0.0,-0.023477340929715318,0.0010706194705383254,,,,,,,,0.027659052644072084,0.0,1.6605876551389969,0.033211753102779906,0.0,0.015726522732640098,0.11794892049480077
powell,value,logei,exact,gaussian,0.25,0,9,"x0,x1,x2,x3",4,0.0,0.0,0.0,0.0,,,,,,,,0.0,0.002896993161803,0.44064122090499325,0.00881282441809983,0.20232492112110495,0.008914563212295902,0.45608369419655476
powell,value,logei,exact,gaussian,0.25,20,9,"x0,x1,x2,x3",4,1.2426146722938627,-5.997110619612743,-1.7457113609498136,5.0938917856506905,,,,,,,,8.155039465713255,0.0,-0.2747092905345241,-0.0054941858106906105,0.0,0.026323790834604698,0.3807270405058047
powell,value,logei,exact,gaussian,1.0,0,9,"x0,x1,x2,x3",4,0.0,0.0,0.0,0.0,,,,,,,,0.0,0.0088656746294433,49.57339029245992,0.9914678058491984,0.2792687508274639,0.19372174476431608,31.691211468824232
powell,value,logei,exact,gaussian,1.0,20,9,"x0,x1,x2,x3",4,1.0614109319396412,-5.626258519067675,-1.8717721009700896,4.790036582243756,,,,,,,,7.696061287894347,0.0,1.8238721881951534,0.03647744376390305,0.0,0.0012221207021047,0.6932694835801947
powell,value,logei,exact,gaussian,5.0,0,9,"x0,x1,x2,x3",4,0.0,0.0,0.0,0.0,,,,,,,,0.0,0.0088656746294433,23.630364463828872,0.47260728927657747,0.2792687508274639,0.543710348189857,40.85356160334693
powell,value,logei,exact,gaussian,5.0,20,9,"x0,x1,x2,x3",4,0.4688172652808493,0.0,-0.01252097864683055,2.3299293355524333,,,,,,,,2.3766609164539,0.0,11.805234568492953,0.236104691369859,0.0,0.0591540035145119,7.341198085422776
powell,value,qnei,exact,gaussian,0.05,0,9,"x0,x1,x2,x3",4,0.0,0.0,0.0,0.0,,,,,,,,0.0,-0.0002641839420907,1.4570103707027613,0.029140207414055208,-0.0083217941758571,0.019016133432931098,1.4303646545351847
powell,value,qnei,exact,gaussian,0.05,20,9,"x0,x1,x2,x3",4,-0.5780103802139029,-0.1875627692969939,-0.17520919764724763,0.0,,,,,,,,0.6324350203788293,0.0,2.9624696038553324,0.059249392077106666,0.0,0.0136585119962425,0.33463354390794126
powell,value,qnei,exact,gaussian,0.25,0,9,"x0,x1,x2,x3",4,0.0,0.0,0.0,0.0,,,,,,,,0.0,-0.0025802612538326,-3.04436581560282,-0.06088731631205635,-0.1118541272385809,0.14046763191249378,0.6430921598605863
powell,value,qnei,exact,gaussian,0.25,20,9,"x0,x1,x2,x3",4,-0.5746607714215113,-0.1827634126001918,-0.17347552551323453,0.0,,,,,,,,0.6274800595621564,-0.0028811658634790996,3.194386896671773,0.0638877379334355,-0.021608743976093248,0.20451702791415488,4.4723682839111145
powell,value,qnei,exact,gaussian,1.0,0,9,"x0,x1,x2,x3",4,0.0,0.0,0.0,0.0,,,,,,,,0.0,0.005063713181880899,12.405378446150642,0.24810756892301278,0.1595069652292483,0.0457808760724066,2.0341861086630333
powell,value,qnei,exact,gaussian,1.0,20,9,"x0,x1,x2,x3",4,-0.772155828723224,-0.3889796276788342,-0.26644977485704135,0.0,,,,,,,,0.9047238568213957,0.0,4.980739678056608,0.09961479356113223,0.0,0.0168956828962667,0.25154108973430583
powell,value,qnei,exact,gaussian,5.0,0,9,"x0,x1,x2,x3",4,0.0,0.0,0.0,0.0,,,,,,,,0.0,0.005063713181880899,23.070447074462372,0.4614089414892474,0.1595069652292483,0.220850201274516,11.716418001512025
powell,value,qnei,exact,gaussian,5.0,20,9,"x0,x1,x2,x3",4,0.52469501083158,3.731315909427516,2.0394892179291655,-9.0,,,,,,,,9.967825216183707,0.0,35.50889607589961,0.7101779215179921,0.0,0.1546491173125835,4.252850726096047
schwefel,value,logei,exact,gaussian,0.05,0,9,"x0,x1,x2,x3",4,0.0,0.0,0.0,0.0,,,,,,,,0.0,-0.3750321058894094,-16.206519231018007,-0.32413038462036026,-6.4372970972278765,-0.35521550388199963,-5.931973746038928
schwefel,value,logei,exact,gaussian,0.05,20,9,"x0,x1,x2,x3",4,-9.360813551473768,0.2932564737378698,0.47243881135653965,-3.593464347684005,,,,,,,,10.042261406346487,-0.44067664369417525,-4.016348940874366,-0.0803269788174874,-11.677931057895648,-0.44067664369417525,-11.677931057895648
schwefel,value,logei,exact,gaussian,0.25,0,9,"x0,x1,x2,x3",4,0.0,0.0,0.0,0.0,,,,,,,,0.0,0.2588194699930052,-14.506411349652808,-0.29012822699305607,10.786691574382843,0.2588194699930052,11.291031580414284
schwefel,value,logei,exact,gaussian,0.25,20,9,"x0,x1,x2,x3",4,245.74313205321818,-4.545557813064704,-120.57978178431131,-11.161942720593572,,,,,,,,273.99712003524286,-0.39148520367568074,-17.472708911803267,-0.34945417823606517,-8.657001601688854,-0.39148520367568074,-8.594564305553448
schwefel,value,logei,exact,gaussian,1.0,0,9,"x0,x1,x2,x3",4,0.0,0.0,0.0,0.0,,,,,,,,0.0,0.400644547567245,7.4701467105037125,0.14940293421007533,19.134400027572354,0.4942794842194519,73.61313616070264
schwefel,value,logei,exact,gaussian,1.0,20,9,"x0,x1,x2,x3",4,252.94860389826562,-4.838288411159795,-120.91338167217634,-10.99258522400396,,,,,,,,280.6194719653995,-0.0671930171797902,-9.818933810417548,-0.1963786762083508,-0.6383336632080017,0.0638487510722211,1.4365968991249716
schwefel,value,logei,exact,gaussian,5.0,0,9,"x0,x1,x2,x3",4,0.0,0.0,0.0,0.0,,,,,,,,0.0,0.5988097306568662,32.99193770624916,0.659838754124983,21.25774543831875,3.3891335530678393,147.23374641297926
schwefel,value,logei,exact,gaussian,5.0,20,9,"x0,x1,x2,x3",4,301.2073841094928,15.123312379124286,31.980393996254747,-199.28051984821641,,,,,,,,362.8912702319128,0.0,27.169640088383517,0.5433928017676704,0.0,3.7012793998267095,65.57545169150141
schwefel,value,qnei,exact,gaussian,0.05,0,9,"x0,x1,x2,x3",4,0.0,0.0,0.0,0.0,,,,,,,,0.0,0.9599102968467825,29.367493309713296,0.5873498661942662,17.31085063581363,0.9599102968467825,17.31085063581363
schwefel,value,qnei,exact,gaussian,0.05,20,9,"x0,x1,x2,x3",4,0.22732345201413295,0.08951556761769552,0.1611538234411114,-0.030771593230866756,,,,,,,,0.2942897117488052,-0.03226735145058246,13.94231776101023,0.27884635522020496,0.35305826481312863,-0.03226735145058246,0.35305826481312863
schwefel,value,qnei,exact,gaussian,0.25,0,9,"x0,x1,x2,x3",4,0.0,0.0,0.0,0.0,,,,,,,,0.0,0.3345421621268624,-3.4823600757916893,-0.06964720151583359,9.82257388148836,0.37678804312812,18.573077431324144
schwefel,value,qnei,exact,gaussian,0.25,20,9,"x0,x1,x2,x3",4,0.2113673401393612,0.08508051975820763,0.21735330382577445,-0.0674285405744115,,,,,,,,0.32203092101208175,0.10910168182661373,-5.700568169770037,-0.11401136339540097,-4.481489641776967,0.2311402121914563,-1.735622708568009
schwefel,value,qnei,exact,gaussian,1.0,0,9,"x0,x1,x2,x3",4,0.0,0.0,0.0,0.0,,,,,,,,0.0,0.9599102968467825,35.30482623751806,0.7060965247503606,17.31085063581363,2.142426162661974,63.90175350033183
schwefel,value,qnei,exact,gaussian,1.0,20,9,"x0,x1,x2,x3",4,0.6835858681407672,0.16168818946334795,0.8950105339178833,1.130517195731585,,,,,,,,1.6039157382488904,0.563934953135754,6.290146987832827,0.12580293975665668,9.300823124309964,0.7485073665365598,13.289202226047898
schwefel,value,qnei,exact,gaussian,5.0,0,9,"x0,x1,x2,x3",4,0.0,0.0,0.0,0.0,,,,,,,,0.0,0.9599102968467825,44.47258648768977,0.8894517297537949,17.31085063581363,0.9599102968467825,17.31085063581363
schwefel,value,qnei,exact,gaussian,5.0,20,9,"x0,x1,x2,x3",4,289.30454032043156,99.9701114938207,-652.6371973705478,383.535095773037,,,,,,,,816.532682336365,0.7868303490939921,34.10227001150497,0.6820454002300997,11.82672816348316,0.7868303490939921,11.82672816348316
shekel,value,logei,exact,gaussian,0.05,0,9,"x0,x1,x2,x3",4,0.0,0.0,0.0,0.0,,,,,,,,0.0,-0.12938320375479861,-30.652720240491817,-0.6130544048098301,-20.461058928839066,-0.12938320375479861,-20.461058928839066
shekel,value,logei,exact,gaussian,0.05,20,9,"x0,x1,x2,x3",4,0.0008399717888716296,0.012863788197774007,-0.005709899932427653,-0.00045398651157668723,,,,,,,,0.014106440387082806,-0.08240492635540164,-16.933381312413076,-0.3386676262482595,-2.3319665877752414,-0.08240492635540164,-2.3319665877752414
shekel,value,logei,exact,gaussian,0.25,0,9,"x0,x1,x2,x3",4,0.0,0.0,0.0,0.0,,,,,,,,0.0,0.05490813064589162,10.711543801818607,0.2142308760363747,-17.889036480395134,0.49344662464562106,-7.583381871401343
shekel,value,logei,exact,gaussian,0.25,20,9,"x0,x1,x2,x3",4,-0.0026694093220673842,-0.07105963643138846,0.019528303663364888,0.00125482453162995,,,,,,,,0.07375314843763364,-0.02115552242189267,6.775798384140671,0.1355159676828137,5.5043923561433985,-0.02115552242189267,5.5043923561433985
shekel,value,logei,exact,gaussian,1.0,0,9,"x0,x1,x2,x3",4,0.0,0.0,0.0,0.0,,,,,,,,0.0,0.02375055397938297,-59.05661973901533,-1.181132394780306,-19.94922256463269,0.02375055397938297,-16.71710954911714
shekel,value,logei,exact,gaussian,1.0,20,9,"x0,x1,x2,x3",4,-0.003179991953820238,-0.10886817120930115,0.025296809774118856,0.0015726982280739321,,,,,,,,0.11182483183867799,0.2567431224843375,-25.789886794649647,-0.5157977358929884,11.279935911216398,0.2567431224843375,11.279935911216398
shekel,value,logei,exact,gaussian,5.0,0,9,"x0,x1,x2,x3",4,0.0,0.0,0.0,0.0,,,,,,,,0.0,4.203589924288337,161.03697754730047,3.2207395509460213,114.20673004965283,11.586344492572003,434.8971113885045
shekel,value,logei,exact,gaussian,5.0,20,9,"x0,x1,x2,x3",4,-3.0214906330321325,0.8861482744610969,0.400516763045752,-1.167354625466027,,,,,,,,3.3819809149238074,4.203589924288337,138.9492163390155,2.7789843267803036,114.20673004965283,4.203589924288337,114.20673004965283
shekel,value,qnei,exact,gaussian,0.05,0,9,"x0,x1,x2,x3",4,0.0,0.0,0.0,0.0,,,,,,,,0.0,0.11664315063813291,-18.28124014676041,-0.3656248029352085,1.1902956736926171,0.11664315063813291,1.1902956736926171
shekel,value,qnei,exact,gaussian,0.05,20,9,"x0,x1,x2,x3",4,-0.5433043062780101,0.20083796555293176,0.017407745490477744,-0.08323493854833863,,,,,,,,0.5854455928827864,-0.4467247652775228,-59.78335715372077,-1.1956671430744095,-10.057401654416935,-0.4467247652775228,-10.057401654416935
shekel,value,qnei,exact,gaussian,0.25,0,9,"x0,x1,x2,x3",4,0.0,0.0,0.0,0.0,,,,,,,,0.0,0.4221589188062893,-3.676242404171262,-0.07352484808342297,30.089124797585555,0.4221589188062893,30.089124797585555
shekel,value,qnei,exact,gaussian,0.25,20,9,"x0,x1,x2,x3",4,-0.541960601402451,0.20053747398185795,0.01728150360372238,-0.08302807019453695,,,,,,,,0.5840623962819085,-0.0682522293037735,-26.194897342355944,-0.5238979468471143,-3.648625854817965,-0.0682522293037735,-3.648625854817965
shekel,value,qnei,exact,gaussian,1.0,0,9,"x0,x1,x2,x3",4,0.0,0.0,0.0,0.0,,,,,,,,0.0,0.020784418132230087,-11.666573381476155,-0.23333146762951884,12.727746928481338,0.07585324248368863,16.841121595597997
shekel,value,qnei,exact,gaussian,1.0,20,9,"x0,x1,x2,x3",4,-0.5785935470926571,0.21044989862641206,0.020931443028546326,-0.08876183933510973,,,,,,,,0.6223957278119275,-4.916620175984143,-21.237904896958298,-0.4247580979391614,-7.160197899456762,-4.916620175984143,10.728911589342715
shekel,value,qnei,exact,gaussian,5.0,0,9,"x0,x1,x2,x3",4,0.0,0.0,0.0,0.0,,,,,,,,0.0,4.2885585881948245,173.47707240585487,3.4695414481170985,123.25877605619917,9.064757735819107,518.0330300143905
shekel,value,qnei,exact,gaussian,5.0,20,9,"x0,x1,x2,x3",4,-0.11184993466426008,-0.037122781630551493,-0.018814247901968617,0.9805630161409065,,,,,,,,0.9877987210701669,2.9131602804685173,111.47414460645814,2.2294828921291554,73.05673782418899,12.103771275234898,318.73819692689267
ackley,value,logei,exact,gaussian,0.05,0,9,"x0,x1,x2,x3",4,0.0,0.0,0.0,0.0,,,,,,,,0.0,0.6467271295239425,13.128593025951659,0.26257186051903325,4.723411983067081,0.6467271295239425,4.723411983067081
ackley,value,logei,exact,gaussian,0.05,20,9,"x0,x1,x2,x3",4,0.0469607886182013,0.005246982074161188,-0.06537187936551647,-0.019518871456923215,,,,,,,,0.08298985144739979,0.38616799654913025,11.770466911720064,0.23540933823440113,-21.31940762040739,0.38616799654913025,-21.31940762040739
ackley,value,logei,exact,gaussian,0.25,0,9,"x0,x1,x2,x3",4,0.0,0.0,0.0,0.0,,,,,,,,0.0,2.284923115777183,62.91834984606112,1.2583669969212234,18.94712800941585,2.284923115777183,22.310791091737485
ackley,value,logei,exact,gaussian,0.25,20,9,"x0,x1,x2,x3",4,-0.3059576902290537,-0.06917130406390193,0.325044584600489,0.10769598482451004,,,,,,,,0.46437827752988614,1.502505607130165,-15.415658489664452,-0.3083131697932888,46.98214725476697,1.502505607130165,46.98214725476697
ackley,value,logei,exact,gaussian,1.0,0,9,"x0,x1,x2,x3",4,0.0,0.0,0.0,0.0,,,,,,,,0.0,3.0485011676428724,157.81812911807322,3.1563625823614654,293.17452221160335,3.0485011676428724,336.31425617580834
ackley,value,logei,exact,gaussian,1.0,20,9,"x0,x1,x2,x3",4,-0.493418344809867,-0.09356978928950621,0.4258774715762441,0.15009417639478384,,,,,,,,0.6753642358360372,3.3928673305772397,-26.05073742635284,-0.5210147485270564,75.77046113843807,3.3928673305772397,82.28103455545732
ackley,value,logei,exact,gaussian,5.0,0,9,"x0,x1,x2,x3",4,0.0,0.0,0.0,0.0,,,,,,,,0.0,14.23939354432681,251.64633598597754,5.032926719719553,360.8698779480778,15.72981443577752,415.66767221286005
ackley,value,logei,exact,gaussian,5.0,20,9,"x0,x1,x2,x3",4,6.112032303126295,2.9493601834497465,-5.240057446788119,-4.029011925526536,,,,,,,,9.473478954842973,6.7302813195565125,189.48849296689298,3.789769859337861,147.25832227840937,12.75708424351133,294.62186425316287
ackley,value,qnei,exact,gaussian,0.05,0,9,"x0,x1,x2,x3",4,0.0,0.0,0.0,0.0,,,,,,,,0.0,0.6155310027953931,57.44368563687033,1.1488737127374051,6.872746164275156,0.6155310027953931,6.872746164275156
ackley,value,qnei,exact,gaussian,0.05,20,9,"x0,x1,x2,x3",4,0.00024220053589640855,-0.0024528469054354574,0.009588339448098893,0.003433925279189509,,,,,,,,0.010478702936724513,0.012944703087516274,68.33191500420037,1.3666383000840057,-20.744648575055578,0.012944703087516274,-20.744648575055578
ackley,value,qnei,exact,gaussian,0.25,0,9,"x0,x1,x2,x3",4,0.0,0.0,0.0,0.0,,,,,,,,0.0,1.2574889089442216,42.83178057841985,0.8566356115683966,103.55425265831195,1.2574889089442216,105.51744299868778
ackley,value,qnei,exact,gaussian,0.25,20,9,"x0,x1,x2,x3",4,0.00020064124691066,-0.002409208667782714,0.009142475837148112,0.0033239213600602113,,,,,,,,0.010023864571889567,-0.7267413394697186,-12.427256743895668,-0.2485451348779133,-27.487223146258373,-0.7267413394697186,-27.487223146258373
ackley,value,qnei,exact,gaussian,1.0,0,9,"x0,x1,x2,x3",4,0.0,0.0,0.0,0.0,,,,,,,,0.0,0.5289240438211955,36.86442335823267,0.7372884671646531,67.01298978454531,0.5289240438211955,68.78226153841649
ackley,value,qnei,exact,gaussian,1.0,20,9,"x0,x1,x2,x3",4,0.0004480838083500416,-0.006539692008298736,0.027093744391769814,0.009835702640661026,,,,,,,,0.029559776424472096,0.8391486158771748,57.97215061756799,1.1594430123513604,1.1215412689186905,0.8391486158771748,1.1215412689186905
ackley,value,qnei,exact,gaussian,5.0,0,9,"x0,x1,x2,x3",4,0.0,0.0,0.0,0.0,,,,,,,,0.0,14.081069314568001,267.729897126584,5.354597942531679,424.7110802554696,16.303062500346318,566.2247959251711
ackley,value,qnei,exact,gaussian,5.0,20,9,"x0,x1,x2,x3",4,-0.06347420155525096,0.17978234826318928,-0.7783875051487477,-0.19283253104944365,,,,,,,,0.8242706838246339,2.8026977065199308,83.48359755386741,1.6696719510773477,52.052042319187024,6.980536102286743,166.94259820277443
rosenbrock,value,logei,exact,gaussian,0.05,0,9,"x0,x1,x2,x3",4,0.0,0.0,0.0,0.0,,,,,,,,0.0,-0.0089757545916123,4.986792349354328,0.0997358469870866,-0.06006608963715099,-0.008862650669793701,0.21262966883497514
rosenbrock,value,logei,exact,gaussian,0.05,20,9,"x0,x1,x2,x3",4,0.3641796310466169,0.5789069705064569,-0.7180576894767093,-15.0,,,,,,,,15.032743160500909,-0.00039879830643260034,0.09829050478022694,0.0019658100956045366,-0.028735665448635928,0.0344727417765993,0.7647426509804598
rosenbrock,value,logei,exact,gaussian,0.25,0,9,"x0,x1,x2,x3",4,0.0,0.0,0.0,0.0,,,,,,,,0.0,-0.0038233940746619007,11.126286375180122,0.22252572750360244,0.1387658233625677,0.11664308395003758,4.43721373408344
rosenbrock,value,logei,exact,gaussian,0.25,20,9,"x0,x1,x2,x3",4,10.35232248304768,1.0502099990955895,0.3579492439087244,-9.054260238588498,,,,,,,,13.797872225981596,-0.0023221981344981003,-1.492923567955195,-0.02985847135910391,0.04912577289709574,0.00024163585660199986,0.36093872911099334
rosenbrock,value,logei,exact,gaussian,1.0,0,9,"x0,x1,x2,x3",4,0.0,0.0,0.0,0.0,,,,,,,,0.0,-0.006927325796333101,-1.7825057799500783,-0.03565011559900161,-0.32024704115183056,0.0843935622097899,6.238603626671863
rosenbrock,value,logei,exact,gaussian,1.0,20,9,"x0,x1,x2,x3",4,10.35232248304768,0.7711787366869944,0.8451539563604452,-9.9468424345859,,,,,,,,14.402057390017687,0.005887861075652999,2.0312742024969204,0.04062548404993843,0.1378608081766326,0.1457454212559449,2.730661112316663
rosenbrock,value,logei,exact,gaussian,5.0,0,9,"x0,x1,x2,x3",4,0.0,0.0,0.0,0.0,,,,,,,,0.0,0.0381226046355207,46.090519515707626,0.9218103903141529,2.1593724246389145,2.6748239843607946,115.90878059619607
rosenbrock,value,logei,exact,gaussian,5.0,20,9,"x0,x1,x2,x3",4,-1.953156539819365,-7.786411487400663,-2.1258631619410955,-5.634148978058882,,,,,,,,10.035235583205026,0.005887861075652999,19.1384254968491,0.38276850993698197,0.1378608081766326,0.3894456822107214,10.372941655784967
rosenbrock,value,qnei,exact,gaussian,0.05,0,9,"x0,x1,x2,x3",4,0.0,0.0,0.0,0.0,,,,,,,,0.0,0.0017951705185797,5.713940219246528,0.11427880438493054,0.10428026618440045,0.014806822190403699,1.391255317405895
rosenbrock,value,qnei,exact,gaussian,0.05,20,9,"x0,x1,x2,x3",4,-0.24691740644031768,0.13769651200488475,-0.0766434039595949,-0.41266121453768,,,,,,,,0.5060553570270264,0.0043013540447674,1.2387633474793311,0.024775266949586594,-0.043670256222192894,0.0098693595730768,0.3301593764695374
rosenbrock,value,qnei,exact,gaussian,0.25,0,9,"x0,x1,x2,x3",4,0.0,0.0,0.0,0.0,,,,,,,,0.0,-0.0014185480054305002,10.86085848842679,0.21721716976853578,-0.18018909513486125,0.023499611223766,0.6482994687685664
rosenbrock,value,qnei,exact,gaussian,0.25,20,9,"x0,x1,x2,x3",4,-0.2286493847787776,0.13400973384927228,-0.0845587763157778,-0.3684214116829434,,,,,,,,0.46165319576987757,-0.0012687323692368003,7.98128468696742,0.15962569373934843,0.09724202383231306,-0.0012687323692368003,2.036078880819487
rosenbrock,value,qnei,exact,gaussian,1.0,0,9,"x0,x1,x2,x3",4,0.0,0.0,0.0,0.0,,,,,,,,0.0,0.004316027350741899,23.466924961198874,0.4693384992239773,1.0777105973675263,0.208949926637817,7.48622490544572
rosenbrock,value,qnei,exact,gaussian,1.0,20,9,"x0,x1,x2,x3",4,-0.9094915935131844,0.4204061926608049,-0.20161504816855658,-0.8951105811314806,,,,,,,,1.3585977718222018,0.0086976202304929,6.516145487290654,0.130322909745813,0.18195602093001506,0.015189068725137702,0.4596478013461791
rosenbrock,value,qnei,exact,gaussian,5.0,0,9,"x0,x1,x2,x3",4,0.0,0.0,0.0,0.0,,,,,,,,0.0,0.013491777481961,81.46662305209932,1.6293324610419861,1.9405019501452645,0.14759061986117603,98.11351521518492
rosenbrock,value,qnei,exact,gaussian,5.0,20,9,"x0,x1,x2,x3",4,12.203171933913252,-2.585714871959266,-4.263504350131511,-4.971557032058314,,,,,,,,14.088902558904941,0.014209670601269599,58.8561454940582,1.177122909881164,0.22880844908161801,0.4161216287842493,13.363635442248064
hicks_law,value,logei,exact,gaussian,0.05,0,9,"x0,x1,x2,x3",4,0.0,0.0,0.0,0.0,,,,,,,,0.0,0.0,-23.96578843802233,-0.47931576876044657,0.0,0.0,0.0
hicks_law,value,logei,exact,gaussian,0.05,20,9,"x0,x1,x2,x3",4,0.0,0.0,0.0,0.0,,,,,,,,0.0,0.0,-19.843988734863146,-0.39687977469726254,0.0,0.0,0.0
hicks_law,value,logei,exact,gaussian,0.25,0,9,"x0,x1,x2,x3",4,0.0,0.0,0.0,0.0,,,,,,,,0.0,0.0,-41.291550506937284,-0.8258310101387456,0.0,0.0,0.0
hicks_law,value,logei,exact,gaussian,0.25,20,9,"x0,x1,x2,x3",4,0.0,0.0,0.0,0.0,,,,,,,,0.0,0.0,-32.38629339951203,-0.6477258679902405,0.0,0.0,0.0
hicks_law,value,logei,exact,gaussian,1.0,0,9,"x0,x1,x2,x3",4,0.0,0.0,0.0,0.0,,,,,,,,0.0,1.699599336744035,45.57145428743763,0.9114290857487526,76.85299780143087,2.961899696091743,122.79789561283165
hicks_law,value,logei,exact,gaussian,1.0,20,9,"x0,x1,x2,x3",4,0.0,0.0,0.0,0.0,,,,,,,,0.0,0.0,-44.25253207910693,-0.8850506415821386,0.0,0.0,0.42664472542804077
hicks_law,value,logei,exact,gaussian,5.0,0,9,"x0,x1,x2,x3",4,0.0,0.0,0.0,0.0,,,,,,,,0.0,1.0888380067286088,72.77651673604782,1.4555303347209563,66.2830860438363,2.591262134952185,125.22370953155281
hicks_law,value,logei,exact,gaussian,5.0,20,9,"x0,x1,x2,x3",4,0.0,3.254589101902961,-10.0,0.0,,,,,,,,10.516289755528112,0.0,7.6033055361424005,0.1520661107228478,0.0,0.6244232839532691,38.40862081657444
hicks_law,value,qnei,exact,gaussian,0.05,0,9,"x0,x1,x2,x3",4,0.0,0.0,0.0,0.0,,,,,,,,0.0,0.0,-10.91806385013308,-0.2183612770026624,1.5825065586604268,0.0,1.5825065586604268
hicks_law,value,qnei,exact,gaussian,0.05,20,9,"x0,x1,x2,x3",4,0.0,0.0,0.0,0.0,,,,,,,,0.0,0.0,0.0,0.0,0.0,0.0,0.0
hicks_law,value,qnei,exact,gaussian,0.25,0,9,"x0,x1,x2,x3",4,0.0,0.0,0.0,0.0,,,,,,,,0.0,0.0,-5.362047716772338,-0.10724095433544711,0.34389407356747625,0.0,0.34389407356747625
hicks_law,value,qnei,exact,gaussian,0.25,20,9,"x0,x1,x2,x3",4,0.0,0.0,0.0,0.0,,,,,,,,0.0,0.0,0.0,0.0,0.0,0.2186982874590048,4.625867760070847
hicks_law,value,qnei,exact,gaussian,1.0,0,9,"x0,x1,x2,x3",4,0.0,0.0,0.0,0.0,,,,,,,,0.0,0.0,-21.67957189547272,-0.4335914379094552,5.524123835952011,0.8936148881407071,36.562545568740916
hicks_law,value,qnei,exact,gaussian,1.0,20,9,"x0,x1,x2,x3",4,0.0,0.0,0.0,0.0,,,,,,,,0.0,0.0,-17.277184669185345,-0.34554369338370794,0.0,0.0,0.0
hicks_law,value,qnei,exact,gaussian,5.0,0,9,"x0,x1,x2,x3",4,0.0,0.0,0.0,0.0,,,,,,,,0.0,0.0,10.516257866805404,0.2103251573361078,65.12868647442343,1.074032521563569,181.98789173795092
hicks_law,value,qnei,exact,gaussian,5.0,20,9,"x0,x1,x2,x3",4,-0.2714687345081508,-9.720237181383064,-3.055558279798257,-1.6846823660030599,,,,,,,,10.33108402887725,0.0,-51.92258849112824,-1.0384517698225655,0.0,1.3510998077936325,32.49588130265914
rastrigin,value,logei,exact,gaussian,0.05,0,9,"x0,x1,x2,x3",4,0.0,0.0,0.0,0.0,,,,,,,,0.0,0.11372869359057969,1.5887154338282699,0.03177430867656561,13.488142825865921,0.11372869359057969,13.488142825865921
rastrigin,value,logei,exact,gaussian,0.05,20,9,"x0,x1,x2,x3",4,0.0,0.11259135914912788,-0.05757737303336996,0.011536681133209603,,,,,,,,0.1269844992589296,0.0,-11.666542628393472,-0.23333085256786967,0.0,0.0,0.0
rastrigin,value,logei,exact,gaussian,0.25,0,9,"x0,x1,x2,x3",4,0.0,0.0,0.0,0.0,,,,,,,,0.0,0.5461892675474729,12.057498863796496,0.24114997727592957,20.38548518321855,1.0871131582108269,40.49377565030204
rastrigin,value,logei,exact,gaussian,0.25,20,9,"x0,x1,x2,x3",4,0.0,-0.38457456214124797,0.21176967529918467,-0.052236784945042025,,,,,,,,0.44212291381905244,0.0,-6.839473452764452,-0.1367894690552891,0.0,0.0,0.0
rastrigin,value,logei,exact,gaussian,1.0,0,9,"x0,x1,x2,x3",4,0.0,0.0,0.0,0.0,,,,,,,,0.0,0.860487131913366,38.46520641615686,0.769304128323137,33.419164274497234,1.3791457043171778,52.894852150947344
rastrigin,value,logei,exact,gaussian,1.0,20,9,"x0,x1,x2,x3",4,0.0,-0.5017405945351014,0.2864925094599511,-0.07544227428745987,,,,,,,,0.582677542840602,0.0,-3.376369777454272,-0.06752739554908516,0.0,0.3240524773603948,0.8101311934009914
rastrigin,value,logei,exact,gaussian,5.0,0,9,"x0,x1,x2,x3",4,0.0,0.0,0.0,0.0,,,,,,,,0.0,0.24863298984940319,5.316183438071903,0.10632366876143795,22.217365648858518,0.5104544403381577,40.30078465420931
rastrigin,value,logei,exact,gaussian,5.0,20,9,"x0,x1,x2,x3",4,-3.171546842335819,0.019668938483316634,-5.2353248119751505,0.15558074016737855,,,,,,,,6.123065204116729,0.0,5.68637531354608,0.11372750627092154,0.0,1.1271219733311963,33.91508656398172
rastrigin,value,qnei,exact,gaussian,0.05,0,9,"x0,x1,x2,x3",4,0.0,0.0,0.0,0.0,,,,,,,,0.0,-0.1006643889159009,-4.058916448226796,-0.08117832896453603,-3.8233661113361137,-0.1006643889159009,-3.8233661113361137
rastrigin,value,qnei,exact,gaussian,0.05,20,9,"x0,x1,x2,x3",4,0.019713471968750618,0.016871050551393818,0.006552161484301822,-0.015183454771209082,,,,,,,,0.030768838825606045,-0.19664532465415596,-4.573621564756252,-0.09147243129512495,-1.8681305842144837,-0.19664532465415596,-1.8681305842144837
rastrigin,value,qnei,exact,gaussian,0.25,0,9,"x0,x1,x2,x3",4,0.0,0.0,0.0,0.0,,,,,,,,0.0,-0.7528362642986597,-14.307757870992788,-0.2861551574198553,-14.168203240459185,-0.7528362642986597,-14.168203240459185
rastrigin,value,qnei,exact,gaussian,0.25,20,9,"x0,x1,x2,x3",4,0.01901184636511033,0.01609498991449443,0.0067653715857745045,-0.014516498180865423,,,,,,,,0.02961415159492013,-0.4011865147110312,-10.365044367525911,-0.20730088735051844,-8.62551006628717,-0.4011865147110312,-8.62551006628717
rastrigin,value,qnei,exact,gaussian,1.0,0,9,"x0,x1,x2,x3",4,0.0,0.0,0.0,0.0,,,,,,,,0.0,-0.4079491346580806,-3.654808483279993,-0.0730961696655994,-9.155554589244048,-0.4079491346580806,-1.936350882677118
rastrigin,value,qnei,exact,gaussian,1.0,20,9,"x0,x1,x2,x3",4,0.05582222303726381,0.04819939683829322,0.012334328288298169,-0.044719626788559785,,,,,,,,0.08712796976189037,-0.2181718642127386,3.3509937172628383,0.0670198743452568,-5.563382537424836,0.8008015340581975,21.64756711105133
rastrigin,value,qnei,exact,gaussian,5.0,0,9,"x0,x1,x2,x3",4,0.0,0.0,0.0,0.0,,,,,,,,0.0,0.46185539406068643,54.08778709630377,1.0817557419260755,18.24328806539711,1.6755673187139615,164.18883179948594
rastrigin,value,qnei,exact,gaussian,5.0,20,9,"x0,x1,x2,x3",4,0.05726560987171814,-0.7178000239507468,-1.4740435161101202,1.9152574890577803,,,,,,,,2.5218112065013654,0.0,40.102211169397435,0.8020442233879486,0.0,2.8528417851915346,74.17191354265788
yerkes_dodson,value,logei,exact,gaussian,0.05,0,9,"x0,x1,x2,x3",4,0.0,0.0,0.0,0.0,,,,,,,,0.0,-0.0301300245515726,-23.257258350371472,-0.46514516700742936,-1.1900752165650488,0.012172364243538,-0.2711000035176454
yerkes_dodson,value,logei,exact,gaussian,0.05,20,9,"x0,x1,x2,x3",4,-0.016121160440029203,-0.01013158082446941,0.00801041884362591,-0.007924863659522163,,,,,,,,0.02212489588694715,-0.030560931247825898,-28.56237150863791,-0.5712474301727579,-0.329830383710771,-0.030560931247825898,-0.1957142270875707
yerkes_dodson,value,logei,exact,gaussian,0.25,0,9,"x0,x1,x2,x3",4,0.0,0.0,0.0,0.0,,,,,,,,0.0,0.0182858108625594,-36.263464627823836,-0.7252692925564765,6.3816666970754525,0.1253913637302686,10.267716906339636
yerkes_dodson,value,logei,exact,gaussian,0.25,20,9,"x0,x1,x2,x3",4,0.04817266827573918,0.053018170867959014,-0.02510321176933361,0.00016442349233425357,,,,,,,,0.0759060648908198,-0.06962754458526729,-37.95834171509273,-0.7591668343018547,-1.6441142060805447,-0.0407359345265559,-0.6333645577630165
yerkes_dodson,value,logei,exact,gaussian,1.0,0,9,"x0,x1,x2,x3",4,0.0,0.0,0.0,0.0,,,,,,,,0.0,0.2435042079401084,-27.26876775641267,-0.5453753551282534,11.242535632604529,0.5479680095629682,50.20967432065019
yerkes_dodson,value,logei,exact,gaussian,1.0,20,9,"x0,x1,x2,x3",4,0.04995361723833458,0.06218348691308351,-0.028491455712145897,-0.007847461322241456,,,,,,,,0.08506171652197546,0.02608847101197391,-47.40659098672302,-0.9481318197344601,0.8414516158635479,0.1922659642298452,1.9263912865404578
yerkes_dodson,value,logei,exact,gaussian,5.0,0,9,"x0,x1,x2,x3",4,0.0,0.0,0.0,0.0,,,,,,,,0.0,1.349223199622104,30.267703225900107,0.6053540645180022,47.5808722195269,2.820218529315898,106.97513614036376
yerkes_dodson,value,logei,exact,gaussian,5.0,20,9,"x0,x1,x2,x3",4,-0.1981395334281294,0.022686312060077374,0.20902101141383989,-0.06662956824813848,,,,,,,,0.2964847821379741,0.06241540198679679,-4.164999877849652,-0.08329999755699324,1.768633414124153,2.4248770740287635,34.32205527080462
yerkes_dodson,value,qnei,exact,gaussian,0.05,0,9,"x0,x1,x2,x3",4,0.0,0.0,0.0,0.0,,,,,,,,0.0,-0.0431898037740134,-3.664402925903829,-0.0732880585180764,-1.397466860658561,-0.0431898037740134,-1.397466860658561
yerkes_dodson,value,qnei,exact,gaussian,0.05,20,9,"x0,x1,x2,x3",4,-0.006326992075493809,-0.005595061522658984,0.0030031865224197096,-0.001968687582465267,,,,,,,,0.0091777122558673,-0.006488915655076699,5.984449308715739,0.11968898617431467,0.04873837758829325,-4.626398880300253e-05,0.09825853839534915
yerkes_dodson,value,qnei,exact,gaussian,0.25,0,9,"x0,x1,x2,x3",4,0.0,0.0,0.0,0.0,,,,,,,,0.0,0.016802274860110898,-18.494847989237726,-0.36989695978475456,4.184115287875507,0.1358118781452378,8.348945157058274
yerkes_dodson,value,qnei,exact,gaussian,0.25,20,9,"x0,x1,x2,x3",4,-0.006038618090102532,-0.0053388346994278635,0.002876522380816704,-0.001930319019338489,,,,,,,,0.008773173707939896,0.016815820759915896,-15.391318983652525,-0.30782637967305027,0.5248120488030779,0.016815820759915896,0.7012917277622961
yerkes_dodson,value,qnei,exact,gaussian,1.0,0,9,"x0,x1,x2,x3",4,0.0,0.0,0.0,0.0,,,,,,,,0.0,0.26439488762709173,-16.38915777810753,-0.32778315556215043,5.771817866745749,0.2777635551642482,9.840877477679683
yerkes_dodson,value,qnei,exact,gaussian,1.0,20,9,"x0,x1,x2,x3",4,-0.020894526434665273,-0.014527675105756699,0.00919067353147629,-0.002454952458858295,,,,,,,,0.027168545239758094,0.0422315162478362,-26.485382816176696,-0.5297076563235334,0.7937590887971666,0.5909888280902021,9.687125995514414
yerkes_dodson,value,qnei,exact,gaussian,5.0,0,9,"x0,x1,x2,x3",4,0.0,0.0,0.0,0.0,,,,,,,,0.0,1.5796297627701956,61.38385679274623,1.2276771358549246,55.822892439982624,2.004047314229478,126.7643196749455
yerkes_dodson,value,qnei,exact,gaussian,5.0,20,9,"x0,x1,x2,x3",4,-0.2617007429781886,0.04533303654570908,0.031380511377352316,0.03577327189387847,,,,,,,,0.26982740141447464,0.0422315162478362,5.957641596922599,0.11915283193845205,0.7937590887971666,0.39295208246312063,10.438574659717482
stevens,value,logei,exact,gaussian,0.05,0,9,"x0,x1,x2,x3",4,0.0,0.0,0.0,0.0,,,,,,,,0.0,0.0,-19.388593836234143,-0.38777187672468283,-0.033946894528266824,0.0,-0.033946894528266824
stevens,value,logei,exact,gaussian,0.05,20,9,"x0,x1,x2,x3",4,0.0,0.0,0.0,0.0,,,,,,,,0.0,0.0,-21.4848163852566,-0.429696327705132,0.0,0.0,0.0
stevens,value,logei,exact,gaussian,0.25,0,9,"x0,x1,x2,x3",4,0.0,0.0,0.0,0.0,,,,,,,,0.0,0.0,-22.381915517460612,-0.4476383103492122,0.3145414985455286,0.0,5.895672270041009
stevens,value,logei,exact,gaussian,0.25,20,9,"x0,x1,x2,x3",4,0.0,0.0,0.0,0.0,,,,,,,,0.0,0.0,-25.734079959686568,-0.5146815991937314,0.0,0.0,0.0
stevens,value,logei,exact,gaussian,1.0,0,9,"x0,x1,x2,x3",4,0.0,0.0,0.0,0.0,,,,,,,,0.0,0.7804761508221052,56.61722681355267,1.1323445362710536,30.79486106294489,1.2516031557187677,102.98933332203825
stevens,value,logei,exact,gaussian,1.0,20,9,"x0,x1,x2,x3",4,0.0,0.0,0.0,0.0,,,,,,,,0.0,0.0,-19.656569684613835,-0.3931313936922767,0.0,0.0,0.0
stevens,value,logei,exact,gaussian,5.0,0,9,"x0,x1,x2,x3",4,0.0,0.0,0.0,0.0,,,,,,,,0.0,0.1139806421058127,60.456514000030005,1.2091302800006,14.494452467859075,0.6887141789408884,68.86834032858762
stevens,value,logei,exact,gaussian,5.0,20,9,"x0,x1,x2,x3",4,0.0,0.0,-1.0,0.0,,,,,,,,1.0,0.0,8.292036228494247,0.16584072456988497,0.0,0.0,14.554291313497691
stevens,value,qnei,exact,gaussian,0.05,0,9,"x0,x1,x2,x3",4,0.0,0.0,0.0,0.0,,,,,,,,0.0,0.0,0.26672130228735114,0.005334426045746632,-0.050949494403676354,0.0,-0.050949494403676354
stevens,value,qnei,exact,gaussian,0.05,20,9,"x0,x1,x2,x3",4,0.0,0.0,0.0,0.0,,,,,,,,0.0,0.0,0.0,0.0,0.0,0.0,0.0
stevens,value,qnei,exact,gaussian,0.25,0,9,"x0,x1,x2,x3",4,0.0,0.0,0.0,0.0,,,,,,,,0.0,0.0,-14.538967504299208,-0.2907793500859843,2.8425150537193424,0.0,3.95031774238689
stevens,value,qnei,exact,gaussian,0.25,20,9,"x0,x1,x2,x3",4,0.0,0.0,0.0,0.0,,,,,,,,0.0,0.0,0.0,0.0,0.0,0.0,0.0
stevens,value,qnei,exact,gaussian,1.0,0,9,"x0,x1,x2,x3",4,0.0,0.0,0.0,0.0,,,,,,,,0.0,0.0,-51.66119868474301,-1.0332239736948605,14.028183086312978,0.8471278762807635,47.723665954866604
stevens,value,qnei,exact,gaussian,1.0,20,9,"x0,x1,x2,x3",4,0.0,0.0,0.0,0.0,,,,,,,,0.0,0.0,-60.40928859156203,-1.2081857718312408,0.0,0.4780611253561662,5.492525496881946
stevens,value,qnei,exact,gaussian,5.0,0,9,"x0,x1,x2,x3",4,0.0,0.0,0.0,0.0,,,,,,,,0.0,0.052978432826884,-30.428701504357903,-0.608574030087158,10.648325541229209,0.1331483024521533,19.44962111659532
stevens,value,qnei,exact,gaussian,5.0,20,9,"x0,x1,x2,x3",4,0.9641770327434255,0.027976281861693653,0.6944441720201743,-0.1276830818616641,,,,,,,,1.1953977163535152,0.0,-14.25700251125481,-0.28514005022509625,0.0,0.3522282161203285,14.650306195572757
weber_fechner,value,logei,exact,gaussian,0.05,0,9,"x0,x1,x2,x3",4,0.0,0.0,0.0,0.0,,,,,,,,0.0,0.0,-26.080427459497606,-0.5216085491899518,-1.2335565758812672,0.0309201337645674,-0.7085440500668758
weber_fechner,value,logei,exact,gaussian,0.05,20,9,"x0,x1,x2,x3",4,-0.07724103801213023,0.0,0.0,0.2147469363811052,,,,,,,,0.22821574143398127,0.0,-12.288043576690143,-0.24576087153380288,0.20617021241890754,0.0,0.20617021241890754
weber_fechner,value,logei,exact,gaussian,0.25,0,9,"x0,x1,x2,x3",4,0.0,0.0,0.0,0.0,,,,,,,,0.0,0.0758307004091425,-30.87334868807453,-0.6174669737614905,0.8607804730253443,0.2960833224433357,9.592524305458081
weber_fechner,value,logei,exact,gaussian,0.25,20,9,"x0,x1,x2,x3",4,-0.04161183442890126,-0.08036387546765,0.0,-0.02137084297692371,,,,,,,,0.09298715058685571,0.1454516309371887,-28.938299888008075,-0.5787659977601615,4.452170369788619,0.264498112266577,7.1964890930429695
weber_fechner,value,logei,exact,gaussian,1.0,0,9,"x0,x1,x2,x3",4,0.0,0.0,0.0,0.0,,,,,,,,0.0,0.3672552697379101,-8.639167078598177,-0.1727833415719635,10.935256024818568,1.002043682313896,53.62832685183753
weber_fechner,value,logei,exact,gaussian,1.0,20,9,"x0,x1,x2,x3",4,-0.036969868368713854,-0.17258206494495676,0.0,-0.045429713326502696,,,,,,,,0.18225037492634555,0.0918449976016866,-29.34578759146254,-0.5869157518292507,2.815929309681933,0.2425071796012938,5.354095727650642
weber_fechner,value,logei,exact,gaussian,5.0,0,9,"x0,x1,x2,x3",4,0.0,0.0,0.0,0.0,,,,,,,,0.0,0.0256839085378017,-9.340753410254706,-0.18681506820509441,1.879039700924257,0.1318970106450865,59.996821341554636
weber_fechner,value,logei,exact,gaussian,5.0,20,9,"x0,x1,x2,x3",4,-0.3224525610047916,-0.1919779752977302,-0.1129621369105418,0.16632303450945585,,,,,,,,0.4257405234198342,0.0508658242296906,-5.289653495207091,-0.10579306990414183,1.5325414112367985,1.497536721052637,9.596653447804702
weber_fechner,value,qnei,exact,gaussian,0.05,0,9,"x0,x1,x2,x3",4,0.0,0.0,0.0,0.0,,,,,,,,0.0,0.0,-15.712781497066729,-0.3142556299413344,-0.5546575231719979,0.0805898746153075,0.7283087528147822
weber_fechner,value,qnei,exact,gaussian,0.05,20,9,"x0,x1,x2,x3",4,-0.09390371725380697,0.0,0.47076306574751814,0.35098620080604737,,,,,,,,0.5946655239227746,0.0,-3.046590249446325,-0.06093180498892625,0.0,0.0325991538893397,0.3422911158380666
weber_fechner,value,qnei,exact,gaussian,0.25,0,9,"x0,x1,x2,x3",4,0.0,0.0,0.0,0.0,,,,,,,,0.0,0.0,-19.726431595187663,-0.3945286319037531,7.6864914397366855,0.0,18.601300296027272
weber_fechner,value,qnei,exact,gaussian,0.25,20,9,"x0,x1,x2,x3",4,-0.10147330038870805,0.0,0.47076306574751814,0.3641144577201505,,,,,,,,0.6037334122645677,0.0,-29.153230436706075,-0.5830646087341214,0.0,0.2565742550912522,2.7045168853920716
weber_fechner,value,qnei,exact,gaussian,1.0,0,9,"x0,x1,x2,x3",4,0.0,0.0,0.0,0.0,,,,,,,,0.0,0.0303788923306793,-19.65991430844744,-0.3931982861689487,5.515473779004824,1.091171638542057,48.89812353124074
weber_fechner,value,qnei,exact,gaussian,1.0,20,9,"x0,x1,x2,x3",4,-0.09999504277827331,-0.06040986308406382,0.47076306574751814,0.34696300055595075,,,,,,,,0.5963636038230827,0.0,-26.917796178238063,-0.538355923564761,0.0,0.0958733207749582,13.233806208985559
weber_fechner,value,qnei,exact,gaussian,5.0,0,9,"x0,x1,x2,x3",4,0.0,0.0,0.0,0.0,,,,,,,,0.0,0.0489122053844779,-2.51592352200187,-0.05031847044003701,1.2017657530807986,0.1242082145795979,8.040136067700253
weber_fechner,value,qnei,exact,gaussian,5.0,20,9,"x0,x1,x2,x3",4,-0.383012698205768,-0.08665030079198155,0.3758475409006705,0.41737735006195653,,,,,,,,0.685326366018429,0.0,21.655068291074514,0.43310136582148995,0.0,0.1100384328191137,3.026056902525629
steering_law,value,logei,exact,gaussian,0.05,0,9,"x0,x1,x2,x3",4,0.0,0.0,0.0,0.0,,,,,,,,0.0,4.714250729631608e-05,-3.5554138314613013,-0.07110827662922609,0.8758232306580149,0.013326460928639122,1.1106682681428994
steering_law,value,logei,exact,gaussian,0.05,20,9,"x0,x1,x2,x3",4,-0.021161268753272844,0.0,0.0,0.0,,,,,,,,0.021161268753272844,1.0312850655669337e-06,-4.759776573535779,-0.09519553147071558,0.00015228492264096616,0.0005494085975521225,0.004163652598553114
steering_law,value,logei,exact,gaussian,0.25,0,9,"x0,x1,x2,x3",4,0.0,0.0,0.0,0.0,,,,,,,,0.0,0.009121172785143423,-0.38692778932799854,-0.007738555786559964,0.12083079188960255,0.18069905251446913,8.785381914244581
steering_law,value,logei,exact,gaussian,0.25,20,9,"x0,x1,x2,x3",4,0.7375913667013799,0.0,-0.42449899435331107,0.0,,,,,,,,0.8510231609300548,4.456052635060104e-05,-3.668352605120802,-0.07336705210241606,0.0010447472911616629,0.06766132207427322,2.5967144998354303
steering_law,value,logei,exact,gaussian,1.0,0,9,"x0,x1,x2,x3",4,0.0,0.0,0.0,0.0,,,,,,,,0.0,0.10635363522989452,12.953408475753442,0.25906816951506884,4.838445500641288,0.20172170457801192,13.57317175811529
steering_law,value,logei,exact,gaussian,1.0,20,9,"x0,x1,x2,x3",4,0.14354854238703074,0.0,-0.5334265627119639,0.0,,,,,,,,0.5524039118508682,4.456052635060104e-05,-2.736297899600686,-0.054725957992013685,0.0010447472911616629,0.06153890614443952,2.685470473273747
steering_law,value,logei,exact,gaussian,5.0,0,9,"x0,x1,x2,x3",4,0.0,0.0,0.0,0.0,,,,,,,,0.0,0.08730746504547482,29.492285242433333,0.5898457048486668,7.2384656366522835,0.12721259485468073,54.50486361117319
steering_law,value,logei,exact,gaussian,5.0,20,9,"x0,x1,x2,x3",4,-0.03287339482857765,0.0,-0.3879120476383374,0.0,,,,,,,,0.38930247467813933,4.456052635060104e-05,8.130218689363652,0.1626043737872731,0.0010447472911616629,0.34579288924618773,7.94169367178795
steering_law,value,qnei,exact,gaussian,0.05,0,9,"x0,x1,x2,x3",4,0.0,0.0,0.0,0.0,,,,,,,,0.0,0.00027638273891310755,-9.648023083772621,-0.19296046167545244,0.22197750181051568,0.014561392581024808,0.7423891850485402
steering_law,value,qnei,exact,gaussian,0.05,20,9,"x0,x1,x2,x3",4,0.0,0.0,-0.05528989740288209,0.0,,,,,,,,0.05528989740288209,0.0,-12.498101320176502,-0.24996202640353005,0.0,0.03285691186503561,0.5447942550517162
steering_law,value,qnei,exact,gaussian,0.25,0,9,"x0,x1,x2,x3",4,0.0,0.0,0.0,0.0,,,,,,,,0.0,0.0018025503153511076,-21.36409048673344,-0.4272818097346688,0.37334684859129563,0.3324127202418438,8.35595649566834
steering_law,value,qnei,exact,gaussian,0.25,20,9,"x0,x1,x2,x3",4,0.0,0.0,-0.05370160554853598,0.0,,,,,,,,0.05370160554853598,0.0,-31.03754921193247,-0.6207509842386494,0.0,0.012937792447597907,2.408244386542073
steering_law,value,qnei,exact,gaussian,1.0,0,9,"x0,x1,x2,x3",4,0.0,0.0,0.0,0.0,,,,,,,,0.0,0.1100642780106177,-8.261024912536385,-0.1652204982507277,4.222698090898652,0.3975441111401697,15.47168014275591
steering_law,value,qnei,exact,gaussian,1.0,20,9,"x0,x1,x2,x3",4,0.0,0.0,-0.13257142804186006,0.0,,,,,,,,0.13257142804186006,0.0,-24.92458950251808,-0.4984917900503617,0.0,0.279004871244767,0.2860892041260108
steering_law,value,qnei,exact,gaussian,5.0,0,9,"x0,x1,x2,x3",4,0.0,0.0,0.0,0.0,,,,,,,,0.0,0.1942330486209069,12.921973744630598,0.258439474892612,9.166911107702912,0.5003628511123961,53.65544647183919
steering_law,value,qnei,exact,gaussian,5.0,20,9,"x0,x1,x2,x3",4,0.0,0.0,0.0532526963677421,0.0,,,,,,,,0.0532526963677421,0.0,12.28261496940872,0.24565229938817446,0.0,0.2211234671974164,6.080895347928953
power_law_practice,value,logei,exact,gaussian,0.05,0,9,"x0,x1,x2,x3",4,0.0,0.0,0.0,0.0,,,,,,,,0.0,0.0,-14.026757067252134,-0.28053514134504276,0.0,0.0,0.0
power_law_practice,value,logei,exact,gaussian,0.05,20,9,"x0,x1,x2,x3",4,0.0,0.0,1.0,0.0,,,,,,,,1.0,0.0,-14.076418683886672,-0.2815283736777335,0.0,0.0,0.0
power_law_practice,value,logei,exact,gaussian,0.25,0,9,"x0,x1,x2,x3",4,0.0,0.0,0.0,0.0,,,,,,,,0.0,0.0,-20.126652042916895,-0.40253304085833796,0.7790503680312826,0.0,1.3032758462769891
power_law_practice,value,logei,exact,gaussian,0.25,20,9,"x0,x1,x2,x3",4,0.0,1.0,1.0,-0.11780294631212151,,,,,,,,1.4191115298523287,0.0,-7.632185151644723,-0.15264370303289443,0.0,0.0,0.0
power_law_practice,value,logei,exact,gaussian,1.0,0,9,"x0,x1,x2,x3",4,0.0,0.0,0.0,0.0,,,,,,,,0.0,0.387789365559781,24.722580287900584,0.4944516057580117,15.317679939611349,1.220403070313595,53.903456198224724
power_law_practice,value,logei,exact,gaussian,1.0,20,9,"x0,x1,x2,x3",4,0.0,1.0,1.0,-0.13699490415361049,,,,,,,,1.4208334187243967,0.0,-3.9088985805319894,-0.07817797161063977,0.0,0.0,6.21856159849028
power_law_practice,value,logei,exact,gaussian,5.0,0,9,"x0,x1,x2,x3",4,0.0,0.0,0.0,0.0,,,,,,,,0.0,0.0247687351682079,23.058531022601315,0.4611706204520263,4.77626907267672,0.5508511790730806,74.01682691693817
power_law_practice,value,logei,exact,gaussian,5.0,20,9,"x0,x1,x2,x3",4,-0.3250275057386748,0.970628416550532,1.0,0.0,,,,,,,,1.4310004900425775,0.0,-4.656000117707279,-0.09312000235414553,0.0,0.5453725547990125,15.004956903554174
power_law_practice,value,qnei,exact,gaussian,0.05,0,9,"x0,x1,x2,x3",4,0.0,0.0,0.0,0.0,,,,,,,,0.0,0.0,-8.290592873952903,-0.16581185747905813,0.0,0.0,0.0
power_law_practice,value,qnei,exact,gaussian,0.05,20,9,"x0,x1,x2,x3",4,0.0,0.0,0.0,0.0,,,,,,,,0.0,0.0,-2.1229644250659305,-0.04245928850131864,0.0,0.0,0.0
power_law_practice,value,qnei,exact,gaussian,0.25,0,9,"x0,x1,x2,x3",4,0.0,0.0,0.0,0.0,,,,,,,,0.0,0.0,-16.57007703222706,-0.3314015406445414,3.3730830133305583,0.0,4.905108092453038
power_law_practice,value,qnei,exact,gaussian,0.25,20,9,"x0,x1,x2,x3",4,0.0,0.0,0.0,0.0,,,,,,,,0.0,0.0,-16.253594924004894,-0.32507189848009777,0.0,0.0,0.48520632366465577
power_law_practice,value,qnei,exact,gaussian,1.0,0,9,"x0,x1,x2,x3",4,0.0,0.0,0.0,0.0,,,,,,,,0.0,0.1142274183773885,-20.82005331999231,-0.4164010663998463,6.832727719030303,0.64416682188958,31.3017234762065
power_law_practice,value,qnei,exact,gaussian,1.0,20,9,"x0,x1,x2,x3",4,0.0,0.0,0.0,0.0,,,,,,,,0.0,0.0,-22.308735262144864,-0.4461747052428975,0.0,0.7664637536003991,7.679192286184542
power_law_practice,value,qnei,exact,gaussian,5.0,0,9,"x0,x1,x2,x3",4,0.0,0.0,0.0,0.0,,,,,,,,0.0,0.0193614562506008,-18.138297067685336,-0.36276594135370677,5.003814087366357,0.0810981723353114,9.950584058183132
power_law_practice,value,qnei,exact,gaussian,5.0,20,9,"x0,x1,x2,x3",4,0.9728531265491849,0.027976281861693653,0.4709518079981202,0.6148951370136551,,,,,,,,1.2438317865222246,0.0,-19.4522860689477,-0.3890457213789542,0.0,0.0778137908965561,2.255244899211852
hartmann_3,value,logei,exact,gaussian,0.05,0,9,"x0,x1,x2",3,0.0,0.0,0.0,,,,,,,,,0.0,0.0013407109221357,-5.603269297777686,-0.1120653859555536,-0.14635337759836986,0.0198945506294268,0.30650203510168694
hartmann_3,value,logei,exact,gaussian,0.05,20,9,"x0,x1,x2",3,0.0,0.0,-0.0002947445694414519,,,,,,,,,0.0002947445694414519,0.0007174009262920001,-8.146606074035361,-0.16293212148070735,0.0034295384913693994,0.0079841119383985,0.07976487048440184
hartmann_3,value,logei,exact,gaussian,0.25,0,9,"x0,x1,x2",3,0.0,0.0,0.0,,,,,,,,,0.0,0.0189045295969303,-28.815037112697944,-0.5763007422539588,1.1669975916276734,0.0274563680245756,5.133323189018018
hartmann_3,value,logei,exact,gaussian,0.25,20,9,"x0,x1,x2",3,0.0,0.0,0.0018041049949193422,,,,,,,,,0.0018041049949193422,0.018026610398280598,-19.57539476697393,-0.3915078953394784,0.24648624829231025,0.1198580054480005,2.9766878648607857
hartmann_3,value,logei,exact,gaussian,1.0,0,9,"x0,x1,x2",3,0.0,0.0,0.0,,,,,,,,,0.0,0.021532122084618,-6.937547819044056,-0.13875095638088109,6.626378305279527,0.035955683550834505,22.913038473473403
hartmann_3,value,logei,exact,gaussian,1.0,20,9,"x0,x1,x2",3,0.0,0.0,0.0029329919841242225,,,,,,,,,0.0029329919841242225,0.0179780544576186,-16.243649956171254,-0.3248729991234254,0.24519951586476552,0.1724429906834386,5.670052052281267
hartmann_3,value,logei,exact,gaussian,5.0,0,9,"x0,x1,x2",3,0.0,0.0,0.0,,,,,,,,,0.0,0.1077020137590421,16.50454670426234,0.33009093408524626,6.391779038544289,0.23431209764421898,40.649428816593456
hartmann_3,value,logei,exact,gaussian,5.0,20,9,"x0,x1,x2",3,-1.0,-1.0,-0.09063903507530435,,,,,,,,,1.4171151804561908,0.0277377129006137,14.20622848190196,0.2841245696380392,0.5038304646041389,0.558321394383595,39.87165649145382
hartmann_3,value,qnei,exact,gaussian,0.05,0,9,"x0,x1,x2",3,0.0,0.0,0.0,,,,,,,,,0.0,0.0037545463032681997,-23.560136912997493,-0.47120273825994974,-0.2836448389333217,0.0053310353374427,0.7920313139532524
hartmann_3,value,qnei,exact,gaussian,0.05,20,9,"x0,x1,x2",3,0.0,0.0,0.0013194685331645584,,,,,,,,,0.0013194685331645584,-1.7499604972700004e-05,-8.272818901329018,-0.1654563780265801,-0.0529940056076974,-1.7499604972700004e-05,-0.04400670667659767
hartmann_3,value,qnei,exact,gaussian,0.25,0,9,"x0,x1,x2",3,0.0,0.0,0.0,,,,,,,,,0.0,0.015223953218840899,-36.464638359790655,-0.7292927671958129,0.805517544229911,0.0614962943238901,5.865331899890549
hartmann_3,value,qnei,exact,gaussian,0.25,20,9,"x0,x1,x2",3,0.0,0.0,0.0012562047513394736,,,,,,,,,0.0012562047513394736,0.012985201429426899,-43.12253152152553,-0.8624506304305104,0.1199448148783624,0.060719380047657104,1.1070456323168827
hartmann_3,value,qnei,exact,gaussian,1.0,0,9,"x0,x1,x2",3,0.0,0.0,0.0,,,,,,,,,0.0,0.051000888628947,-32.11022598986004,-0.6422045197972006,6.519166028444001,0.6682930762295647,35.6930050107069
hartmann_3,value,qnei,exact,gaussian,1.0,20,9,"x0,x1,x2",3,0.0,0.0,0.0033760635767270397,,,,,,,,,0.0033760635767270397,0.012985201429426899,-34.214641572811516,-0.6842928314562302,0.1199448148783624,0.0450118578665721,3.4176070378483807
hartmann_3,value,qnei,exact,gaussian,5.0,0,9,"x0,x1,x2",3,0.0,0.0,0.0,,,,,,,,,0.0,0.1171665516313664,21.69327763108771,0.4338655526217545,28.51322710051389,0.7313111785785442,39.94078389420548
hartmann_3,value,qnei,exact,gaussian,5.0,20,9,"x0,x1,x2",3,-0.6778953427095048,0.3476572121806225,0.43833987392987106,,,,,,,,,0.8789479381199404,0.012985201429426899,10.438946575540058,0.2087789315108015,0.1199448148783624,1.2519316396439548,34.19097186577788
moving_peaks,value,logei,exact,gaussian,0.05,0,9,"x0,x1,x2,x3",4,0.0,0.0,0.0,0.0,,,,,,,,0.0,0.1855357897406158,-4.9165471606931845,-0.09833094321386371,-11.217923477804206,0.1855357897406158,-11.14876307310098
moving_peaks,value,logei,exact,gaussian,0.05,20,9,"x0,x1,x2,x3",4,-0.010769016210239624,-0.0071661807857520965,0.005643830259785598,0.007011425883972022,,,,,,,,0.015758768039354814,-0.009143227714207836,-3.357172736927282,-0.06714345473854566,-5.521303884611456,0.04465243929538598,-4.845585848234919
moving_peaks,value,logei,exact,gaussian,0.25,0,9,"x0,x1,x2,x3",4,0.0,0.0,0.0,0.0,,,,,,,,0.0,0.5752301194908278,12.226274438026536,0.24452548876053104,5.4745040201295865,0.7443334620555748,17.528559993346164
moving_peaks,value,logei,exact,gaussian,0.25,20,9,"x0,x1,x2,x3",4,0.008319323144608926,-0.16084922683737551,0.6507026323802703,0.2893504762137991,,,,,,,,0.7301227970578178,0.06814966232355957,-1.9939514435367443,-0.039879028870735134,0.8880772935556536,0.08200043039674343,7.7393805168593985
moving_peaks,value,logei,exact,gaussian,1.0,0,9,"x0,x1,x2,x3",4,0.0,0.0,0.0,0.0,,,,,,,,0.0,0.21571455702070086,13.784573343006215,0.27569146686012447,-4.306427638039963,2.2222401656595943,60.370183281544584
moving_peaks,value,logei,exact,gaussian,1.0,20,9,"x0,x1,x2,x3",4,0.18378497119284853,0.318541535887884,-0.1234871017872688,-0.18239862440220278,,,,,,,,0.4286769742052906,0.25539909425875296,3.002120844847852,0.06004241689695711,-1.294135289246256,0.4724611021014813,7.508679803046974
moving_peaks,value,logei,exact,gaussian,5.0,0,9,"x0,x1,x2,x3",4,0.0,0.0,0.0,0.0,,,,,,,,0.0,0.3494759649429422,47.362139217594205,0.947242784351884,17.82690853535634,2.215499319028432,73.31127710824843
moving_peaks,value,logei,exact,gaussian,5.0,20,9,"x0,x1,x2,x3",4,-0.10590054244537839,0.42526862492073875,-0.013281185525342298,-0.10506918015913269,,,,,,,,0.45087054765250767,0.5921149700544577,39.93214263726952,0.7986428527453908,8.081624504756178,0.7967097246014487,23.280861398227117
moving_peaks,value,qnei,exact,gaussian,0.05,0,9,"x0,x1,x2,x3",4,0.0,0.0,0.0,0.0,,,,,,,,0.0,-0.20282360047863124,0.16665327263463325,0.0033330654526921855,-3.1537047827317934,-0.20282360047863124,-3.0845443780285677
moving_peaks,value,qnei,exact,gaussian,0.05,20,9,"x0,x1,x2,x3",4,0.004845221680384593,-0.004416467907702504,-0.00659934326578604,-0.003914667806174499,,,,,,,,0.010092438629202045,-0.24360652469182087,-5.750136565505571,-0.11500273131011118,-2.6694994846563844,-0.24360652469182087,-2.6694994846563844
moving_peaks,value,qnei,exact,gaussian,0.25,0,9,"x0,x1,x2,x3",4,0.0,0.0,0.0,0.0,,,,,,,,0.0,-0.06447674314044827,1.7103623507286585,0.03420724701457312,12.69488235617753,-0.05146731414843009,14.327870149169073
moving_peaks,value,qnei,exact,gaussian,0.25,20,9,"x0,x1,x2,x3",4,0.0046001027800285366,-0.004238037667095018,-0.006260499852882795,-0.003731652819980613,,,,,,,,0.009604217825068172,-0.11293510679230856,-4.763577406966689,-0.0952715481393338,1.7569009361591341,-0.11293510679230856,3.360062529083372
moving_peaks,value,qnei,exact,gaussian,1.0,0,9,"x0,x1,x2,x3",4,0.0,0.0,0.0,0.0,,,,,,,,0.0,0.45802930855712365,26.759360759298573,0.5351872151859713,19.952693166653958,0.980764223072881,44.51187936104185
moving_peaks,value,qnei,exact,gaussian,1.0,20,9,"x0,x1,x2,x3",4,0.015014558963259095,-0.006095975093841799,-0.024808988875262616,-0.004360730180908601,,,,,,,,0.02995162416179655,0.19219852129373338,1.812228969288796,0.03624457938577619,4.350536774890493,0.8358742839898605,26.789454582727004
moving_peaks,value,qnei,exact,gaussian,5.0,0,9,"x0,x1,x2,x3",4,0.0,0.0,0.0,0.0,,,,,,,,0.0,-0.07832284377786625,86.78749063250365,1.7357498126500723,22.904629922419403,2.84254207077368,167.25392803594977
moving_peaks,value,qnei,exact,gaussian,5.0,20,9,"x0,x1,x2,x3",4,0.3191978144682609,0.6011987872698077,-0.10707537039008061,0.7020830446130516,,,,,,,,0.9837240278926336,0.19219852129373338,59.4407316065863,1.188814632131726,4.350536774890493,4.074328365193757,118.30920341504384
branin,value,logei,exact,gaussian,0.05,0,9,"x0,x1",2,0.0,0.0,,,,,,,,,,0.0,0.001408423540119,0.57331876415018,0.011466375283003594,0.03673715301036706,0.0204618180740059,0.21774440108229287
branin,value,logei,exact,gaussian,0.05,20,9,"x0,x1",2,0.03670617530388398,0.9852333491104539,,,,,,,,,,0.9859168806267803,0.0005632738317906,0.259845806706025,0.005196916134120488,0.012282121117539457,0.0058526905862870005,0.47787758924732504
branin,value,logei,exact,gaussian,0.25,0,9,"x0,x1",2,0.0,0.0,,,,,,,,,,0.0,0.0009858812029492998,2.4924316326735614,0.049848632653471225,-0.03544594327190298,0.0250369220585487,0.6205262082736098
branin,value,logei,exact,gaussian,0.25,20,9,"x0,x1",2,-5.96817272050472,0.10316210040937435,,,,,,,,,,5.969064251684479,0.0005632738317906,0.6884902503800454,0.013769805007600888,0.012282121117539457,0.003906981204745401,0.3358695029715828
branin,value,logei,exact,gaussian,1.0,0,9,"x0,x1",2,0.0,0.0,,,,,,,,,,0.0,0.0932006589281051,22.084632558795985,0.44169265117591966,3.6233011535233652,0.47394256872483775,28.78469125983375
branin,value,logei,exact,gaussian,1.0,20,9,"x0,x1",2,-5.929402944037153,0.14720049912315636,,,,,,,,,,5.931229826916047,0.0005632738317906,6.08866584335075,0.12177331686701492,0.012282121117539457,0.08358426993844391,4.550342517856018
branin,value,logei,exact,gaussian,5.0,0,9,"x0,x1",2,0.0,0.0,,,,,,,,,,0.0,0.1327378923095004,23.338453310226253,0.466769066204525,4.868724005037318,0.4132688618361274,49.39639550074332
branin,value,logei,exact,gaussian,5.0,20,9,"x0,x1",2,-9.480629996167265,-2.4495389783665527,,,,,,,,,,9.7919653967303,0.0005632738317906,38.44714996006961,0.7689429992013923,0.012282121117539457,0.5501395879072569,18.155715383593474
branin,value,qnei,exact,gaussian,0.05,0,9,"x0,x1",2,0.0,0.0,,,,,,,,,,0.0,-1.0297770255407457e-05,0.670156577645507,0.013403131552910008,0.0705029824201775,0.003764091030047509,0.20444274973472387
branin,value,qnei,exact,gaussian,0.05,20,9,"x0,x1",2,-6.358437236622002,0.05509999696158996,,,,,,,,,,6.358675970807634,5.0693625870108964e-05,0.4678879643128546,0.009357759286257095,0.00047073484988380265,0.001660842928004209,0.1926813459996799
branin,value,qnei,exact,gaussian,0.25,0,9,"x0,x1",2,0.0,0.0,,,,,,,,,,0.0,0.001602489678358609,7.387415256596377,0.14774830513192755,0.664484851265084,0.05367351243363621,5.061661879441923
branin,value,qnei,exact,gaussian,0.25,20,9,"x0,x1",2,-6.3588683050854975,0.0536394733699761,,,,,,,,,,6.3590945357436155,5.0693625870108964e-05,4.748152980953389,0.09496305961906776,0.00047073484988380265,0.1729413274449156,3.698138823077322
branin,value,qnei,exact,gaussian,1.0,0,9,"x0,x1",2,0.0,0.0,,,,,,,,,,0.0,0.007348458458554309,12.892628709917016,0.25785257419834035,0.17876073674071336,0.03533394650707451,1.6553557422749554
branin,value,qnei,exact,gaussian,1.0,20,9,"x0,x1",2,-1.0114251904629796,-1.6780594408617475,,,,,,,,,,1.959302019334517,5.0693625870108964e-05,9.374574283484417,0.18749148566968837,0.00047073484988380265,0.07430545880043431,0.3735916493408866
branin,value,qnei,exact,gaussian,5.0,0,9,"x0,x1",2,0.0,0.0,,,,,,,,,,0.0,0.1253039862015203,64.11966143343682,1.2823932286687363,4.773675205063442,0.4266773341444054,118.81045405975534
branin,value,qnei,exact,gaussian,5.0,20,9,"x0,x1",2,-5.984072384184499,0.8126859736057139,,,,,,,,,,6.039004950391663,5.0693625870108964e-05,27.228416800135893,0.5445683360027176,0.00047073484988380265,1.4351421923708556,39.290887323675236
eggholder,value,logei,exact,gaussian,0.05,0,9,"x0,x1",2,0.0,0.0,,,,,,,,,,0.0,0.08497474693119367,12.740758399256293,0.25481516798512605,5.2524204182629575,0.08497474693119367,5.2524204182629575
eggholder,value,logei,exact,gaussian,0.05,20,9,"x0,x1",2,0.0,0.4536025377248052,,,,,,,,,,0.4536025377248052,0.004963630132169605,-1.81670943057118,-0.0363341886114239,-0.0718194626775599,0.007469513930468352,1.224047709605614
eggholder,value,logei,exact,gaussian,0.25,0,9,"x0,x1",2,0.0,0.0,,,,,,,,,,0.0,0.013200277772136282,1.5725260726884756,0.03145052145376992,16.7585489670212,0.0258703435566785,19.14437272828981
eggholder,value,logei,exact,gaussian,0.25,20,9,"x0,x1",2,43.988311311585505,9.909944768007279,,,,,,,,,,45.09078106830615,0.013951133565870855,6.16375481457186,0.12327509629143751,0.08212754131670152,0.01859416445307227,0.39173997225297796
eggholder,value,logei,exact,gaussian,1.0,0,9,"x0,x1",2,0.0,0.0,,,,,,,,,,0.0,0.1945551939808765,32.145793018258985,0.6429158603651799,0.5091756581744136,1.253185575397401,41.01295607858167
eggholder,value,logei,exact,gaussian,1.0,20,9,"x0,x1",2,40.285773323666604,8.034651120026695,,,,,,,,,,41.07918147804791,0.10032463496091326,7.388965552128454,0.14777931104256936,2.28465182689029,0.15595999143799144,3.9854962386741306
eggholder,value,logei,exact,gaussian,5.0,0,9,"x0,x1",2,0.0,0.0,,,,,,,,,,0.0,0.2580597933603923,44.19263203304473,0.8838526406608946,9.977054956933372,1.6174732250840123,71.55393727407555
eggholder,value,logei,exact,gaussian,5.0,20,9,"x0,x1",2,1024.0,-124.53281019566862,,,,,,,,,,1031.5446770815263,0.10032463496091326,33.06156070578618,0.6612312141157237,2.28465182689029,1.0897659134964455,31.920264791658013
eggholder,value,qnei,exact,gaussian,0.05,0,9,"x0,x1",2,0.0,0.0,,,,,,,,,,0.0,-0.2441860909124905,45.531852201708105,0.910637044034162,16.14488513442567,-0.2441860909124905,16.14488513442567
eggholder,value,qnei,exact,gaussian,0.05,20,9,"x0,x1",2,0.6903801271944303,0.8726507759307083,,,,,,,,,,1.1127192353677837,0.0,1.7141248606769466,0.03428249721353893,0.0,0.0,0.0
eggholder,value,qnei,exact,gaussian,0.25,0,9,"x0,x1",2,0.0,0.0,,,,,,,,,,0.0,0.17563252180207334,35.864732987650925,0.7172946597530192,1.9249471492105457,0.1772992020354187,2.069809432666652
eggholder,value,qnei,exact,gaussian,0.25,20,9,"x0,x1",2,0.6571135831053994,0.8328057602467425,,,,,,,,,,1.0608316055820413,0.0,11.091103716636525,0.2218220743327306,0.0,0.124840666637692,2.4343929994349836
eggholder,value,qnei,exact,gaussian,1.0,0,9,"x0,x1",2,0.0,0.0,,,,,,,,,,0.0,-0.5434401726697585,40.149492721810375,0.8029898544362073,2.806366610672036,-0.026195376755514754,33.492742332515924
eggholder,value,qnei,exact,gaussian,1.0,20,9,"x0,x1",2,3.002367222057728,4.557703318100778,,,,,,,,,,5.457734738141226,0.0,17.05588759125031,0.34111775182500637,0.0,0.24086242200731656,6.623716605201196
eggholder,value,qnei,exact,gaussian,5.0,0,9,"x0,x1",2,0.0,0.0,,,,,,,,,,0.0,-0.10704452464320818,52.88508667973001,1.0577017335946004,25.070158053099696,1.6503834697802362,60.688838224408194
eggholder,value,qnei,exact,gaussian,5.0,20,9,"x0,x1",2,-53.00057650650109,877.7341458485798,,,,,,,,,,879.3328675186419,0.0,36.231979675947386,0.724639593518948,0.0,0.124840666637692,34.38500745083879
griewank,value,logei,exact,gaussian,0.05,0,10,"x0,x1,x2,x3,x4,x5",6,0.0,0.0,0.0,0.0,0.0,0.0,,,,,,0.0,0.0073947061886912024,-33.59962443579766,-0.6719924887159534,0.6909602727953263,0.011484772888630302,1.1395518993092537
griewank,value,logei,exact,gaussian,0.05,20,10,"x0,x1,x2,x3,x4,x5",6,-0.13921757659512757,0.9830019246293702,0.40220898466406396,-0.2143340713968982,0.03534676619403143,-0.061477782336315734,,,,,,1.0947211474003329,0.0,-34.49334945020567,-0.6898669890041136,0.0,0.017331859966434503,0.47010478986505433
griewank,value,logei,exact,gaussian,0.25,0,10,"x0,x1,x2,x3,x4,x5",6,0.0,0.0,0.0,0.0,0.0,0.0,,,,,,0.0,0.0956708932068815,-18.340535035492678,-0.3668107007098538,6.9894544726879,0.0956708932068815,11.330635636634895
griewank,value,logei,exact,gaussian,0.25,20,10,"x0,x1,x2,x3,x4,x5",6,22.182963902579957,-126.01767399457115,-10.469240278601145,15.576688389034938,9.837559332401415,-18.15578349981037,,,,,,130.9625378029758,0.0,-31.475612574555882,-0.6295122514911178,0.0,0.14855493988571541,2.763323098057576
griewank,value,logei,exact,gaussian,1.0,0,10,"x0,x1,x2,x3,x4,x5",6,0.0,0.0,0.0,0.0,0.0,0.0,,,,,,0.0,0.5465125296285175,-0.9776572890129387,-0.019553145780258907,25.345781713271005,0.9283697607113477,33.036092295817525
griewank,value,logei,exact,gaussian,1.0,20,10,"x0,x1,x2,x3,x4,x5",6,51.470529574029186,-170.67429023550142,316.4356294284999,-515.9276203294236,576.0744943877493,-101.1211690629714,,,,,,860.3365967279196,0.0,-19.040515968936447,-0.3808103193787291,0.0,0.40298357559690295,12.935401987161033
griewank,value,logei,exact,gaussian,5.0,0,10,"x0,x1,x2,x3,x4,x5",6,0.0,0.0,0.0,0.0,0.0,0.0,,,,,,0.0,0.8235643930544853,103.21408347577186,2.064281669515437,29.525112479312636,2.6954117790551395,129.05483247224092
griewank,value,logei,exact,gaussian,5.0,20,10,"x0,x1,x2,x3,x4,x5",6,-10.883744556420703,-15.383754258711944,17.05859593990413,82.3720552931594,11.292478495816926,24.146387551343693,,,,,,90.23211779449849,0.0,-16.9985325850362,-0.33997065170072416,0.0,0.0719830484735451,1.97953383302249
griewank,value,qnei,exact,gaussian,0.05,0,10,"x0,x1,x2,x3,x4,x5",6,0.0,0.0,0.0,0.0,0.0,0.0,,,,,,0.0,-0.005193740815995902,-2.1751866917892073,-0.04350373383578354,0.17457492261068097,-0.005193740815995902,0.17457492261068097
griewank,value,qnei,exact,gaussian,0.05,20,10,"x0,x1,x2,x3,x4,x5",6,-0.020792961331835613,0.13962613395506196,0.07644551164504065,-0.0752506018011978,-0.024410616227470427,-0.08661282762716382,,,,,,0.1988266429341808,0.0,-2.932461477364342,-0.05864922954728602,0.0,0.0340793694115402,0.971262028228896
griewank,value,qnei,exact,gaussian,0.25,0,10,"x0,x1,x2,x3,x4,x5",6,0.0,0.0,0.0,0.0,0.0,0.0,,,,,,0.0,0.0580137109999041,-18.53135832482002,-0.37062716649640026,0.9734460306295709,0.11005657285143751,2.5312719909501276
griewank,value,qnei,exact,gaussian,0.25,20,10,"x0,x1,x2,x3,x4,x5",6,8.177256442812336,10.621288185742884,-5.620753564167508,-3.1110022515016595,-5.639954377885829,-1.260409701304667,,,,,,15.948298006177456,0.0,-1.4659575170072543,-0.029319150340144873,0.0,0.026396460419072298,0.7522991219435617
griewank,value,qnei,exact,gaussian,1.0,0,10,"x0,x1,x2,x3,x4,x5",6,0.0,0.0,0.0,0.0,0.0,0.0,,,,,,0.0,0.3190049650506084,-15.672288980651956,-0.313445779613039,20.356501626327546,0.3190049650506084,51.019762031218235
griewank,value,qnei,exact,gaussian,1.0,20,10,"x0,x1,x2,x3,x4,x5",6,17.865543294500526,28.090647040520906,-4.99628812057577,-7.365728698288194,-4.388574151878174,1.219519843965486,,,,,,34.759541917864084,0.0,-19.88935953170929,-0.39778719063418566,0.0,0.2860603489758611,8.260215178491936
griewank,value,qnei,exact,gaussian,5.0,0,10,"x0,x1,x2,x3,x4,x5",6,0.0,0.0,0.0,0.0,0.0,0.0,,,,,,0.0,0.8147758088622563,44.27158643676499,0.8854317287353002,29.259329424238924,1.222866513951697,57.5355722983532
griewank,value,qnei,exact,gaussian,5.0,20,10,"x0,x1,x2,x3,x4,x5",6,-414.0135436055629,-103.55107939038672,121.39944228256454,60.98620837440151,539.2841638691427,-155.75500734569528,,,,,,718.1045984001573,0.0,6.640815595221582,0.13281631190443166,0.0,0.3793609437565517,12.84191249754748
levy_10,value,logei,exact,gaussian,0.05,0,10,"x0,x1,x2,x3,x4,x5,x6,x7,x8,x9,x10",11,0.0,0.0,0.0,0.0,0.0,0.0,0.0,0.0,0.0,0.0,0.0,0.0,-0.2383178493971543,-10.207434810276283,-0.20414869620552567,-6.580815407726597,-0.19143030689721602,-5.821575404784042
levy_10,value,logei,exact,gaussian,0.05,20,10,"x0,x1,x2,x3,x4,x5,x6,x7,x8,x9,x10",11,0.003824392984414615,0.0006645224899211044,0.0012261061414093888,0.0016080862406182561,0.0012180226722109389,-0.01142229920453186,-9.704677096200598e-05,0.0010495693322480903,0.009219521885879711,-0.0009868719875090193,-0.029524213034598734,0.03331475674696203,-0.22197431627860142,-5.713890419043722,-0.11427780838087465,-1.3801457163542707,-0.10369801163195452,-0.6600631097662273
levy_10,value,logei,exact,gaussian,0.25,0,10,"x0,x1,x2,x3,x4,x5,x6,x7,x8,x9,x10",11,0.0,0.0,0.0,0.0,0.0,0.0,0.0,0.0,0.0,0.0,0.0,0.0,0.33074119175333966,17.68888167000364,0.3537776334000726,17.705253263684597,0.33074119175333966,21.469140703344003
levy_10,value,logei,exact,gaussian,0.25,20,10,"x0,x1,x2,x3,x4,x5,x6,x7,x8,x9,x10",11,0.9670304491364448,-0.43188000968029616,0.5970914957578168,-0.0465115549634314,-0.08829998665508443,-0.5566918139967454,0.3852224518148538,-0.08661161902194525,-0.10560619915977565,-0.005124857853180842,0.42447412588634936,1.4646868613229262,0.115485099004216,1.5567227395025753,0.03113445479005139,3.062144270385616,0.156428843944739,3.710173526029152
levy_10,value,logei,exact,gaussian,1.0,0,10,"x0,x1,x2,x3,x4,x5,x6,x7,x8,x9,x10",11,0.0,0.0,0.0,0.0,0.0,0.0,0.0,0.0,0.0,0.0,0.0,0.0,-0.02691386908675092,6.138093814318978,0.12276187628637936,-1.8266712221152588,1.1308550401848045,38.60868555782705
levy_10,value,logei,exact,gaussian,1.0,20,10,"x0,x1,x2,x3,x4,x5,x6,x7,x8,x9,x10",11,-11.065497635442602,-2.3945898741401117,1.9878246572263443,-0.2963552476898661,-0.46750478446407406,-8.583889115757348,1.8060726669793619,-0.3121249760907405,-0.014050446848981712,0.0108797060305168,-7.970111297611389,16.522790179616365,-0.0432897692893488,0.022212780708272817,0.0004442556141652787,-2.9071967716695397,0.4414830513013262,9.780554710990764
levy_10,value,logei,exact,gaussian,5.0,0,10,"x0,x1,x2,x3,x4,x5,x6,x7,x8,x9,x10",11,0.0,0.0,0.0,0.0,0.0,0.0,0.0,0.0,0.0,0.0,0.0,0.0,0.5335561724491231,49.2631183058251,0.9852623661165021,15.237470453847429,1.395291625922075,56.66037848918214
levy_10,value,logei,exact,gaussian,5.0,20,10,"x0,x1,x2,x3,x4,x5,x6,x7,x8,x9,x10",11,-4.864848845093279,1.6602891687074508,-5.4104625779055695,0.8770956080844599,2.1861159636752707,-5.023504968404841,-0.45428413656609734,5.77963237408017,-2.3425134475412515,0.5283668936896952,-2.262854280612221,11.444561869027117,0.23374389270910184,34.80813477117478,0.6961626954234954,3.717932642398246,1.4116830072871465,38.16551953875361
levy_10,value,qnei,exact,gaussian,0.05,0,10,"x0,x1,x2,x3,x4,x5,x6,x7,x8,x9,x10",11,0.0,0.0,0.0,0.0,0.0,0.0,0.0,0.0,0.0,0.0,0.0,0.0,-0.04811943359871271,-11.68903539848462,-0.23378070796969252,-11.61918402556697,-0.008156166890061406,-10.87421402929953
levy_10,value,qnei,exact,gaussian,0.05,20,10,"x0,x1,x2,x3,x4,x5,x6,x7,x8,x9,x10",11,-0.1745536336359235,-0.33094339911818826,-2.577369400207832,0.10508955180449409,-0.8550666938086238,-2.4694589667103726,3.275376705385013,-12.318661367119649,-2.46804854097722,-7.728839315584118,0.0,15.554001645533926,-0.09116033800980321,-6.769572263472355,-0.13539144526944713,-3.5607923496853005,-0.049932400758081016,-3.1444666070213714
levy_10,value,qnei,exact,gaussian,0.25,0,10,"x0,x1,x2,x3,x4,x5,x6,x7,x8,x9,x10",11,0.0,0.0,0.0,0.0,0.0,0.0,0.0,0.0,0.0,0.0,0.0,0.0,0.29264005813956606,19.937381003199363,0.39874762006398723,-1.0670882111263253,0.5315661477991933,7.611711500885441
levy_10,value,qnei,exact,gaussian,0.25,20,10,"x0,x1,x2,x3,x4,x5,x6,x7,x8,x9,x10",11,-5.230063728903779,3.9874049786015413,-0.06660563185264046,0.5677341036450709,-1.180251657241755,-4.76756945009938,4.495900718551513,-4.4260535218030705,-0.4683142286989629,-6.666497036498551,0.9942301401584519,12.375601133089777,0.006094008016383601,-5.274726148117651,-0.10549452296235318,-2.235659327106717,0.19357760307253488,-1.0983216986109596
levy_10,value,qnei,exact,gaussian,1.0,0,10,"x0,x1,x2,x3,x4,x5,x6,x7,x8,x9,x10",11,0.0,0.0,0.0,0.0,0.0,0.0,0.0,0.0,0.0,0.0,0.0,0.0,0.34386440455500233,26.887169090751982,0.5377433818150399,14.501861003807306,0.7332636913103319,31.848550801917973
levy_10,value,qnei,exact,gaussian,1.0,20,10,"x0,x1,x2,x3,x4,x5,x6,x7,x8,x9,x10",11,-5.861915476595428,3.0287913678998,-0.00637215865987395,0.5454759173509185,0.6022994708773401,-3.9757595483623174,2.4857362627232424,-2.5651031929018844,-0.1158102918255356,-3.8343466170391673,0.0,9.352909097504774,0.3513287208085507,18.219670032337433,0.3643934006467484,2.165346330241526,1.182833949309577,22.898558115323723
levy_10,value,qnei,exact,gaussian,5.0,0,10,"x0,x1,x2,x3,x4,x5,x6,x7,x8,x9,x10",11,0.0,0.0,0.0,0.0,0.0,0.0,0.0,0.0,0.0,0.0,0.0,0.0,0.9023693962830384,158.08502581670626,3.161700516334126,23.658502467642585,3.188720928595139,127.07248568829539
levy_10,value,qnei,exact,gaussian,5.0,20,10,"x0,x1,x2,x3,x4,x5,x6,x7,x8,x9,x10",11,0.7006316990833948,2.1631835979971075,-3.7738827715718237,0.6085208786321088,-1.9660722372087938,-4.769123493162033,-6.55467089981129,-9.000969835749789,0.8703096076584335,-1.1428284774237483,7.83587039724723,15.29177050043632,0.3363850569492679,103.55849695838134,2.0711699391676266,1.7543955741112356,3.632030270301493,86.96468354563214
hartmann_6,value,logei,exact,gaussian,0.05,0,10,"x0,x1,x2,x3,x4,x5",6,0.0,0.0,0.0,0.0,0.0,0.0,,,,,,0.0,0.043423393565305404,-24.978164220488793,-0.49956328440977593,8.997270143652614,0.09018089443204409,9.39470890101991
hartmann_6,value,logei,exact,gaussian,0.05,20,10,"x0,x1,x2,x3,x4,x5",6,7.64464419494848e-05,-3.7595954541613796e-05,0.0,-3.725730491432877e-05,-0.0009242047187122959,0.00026142076920121493,,,,,,0.0009649563729588707,0.012362471601500502,-7.8973025433481325,-0.157946050866963,0.24330142809600375,0.057822075860639394,0.811546481335256
hartmann_6,value,logei,exact,gaussian,0.25,0,10,"x0,x1,x2,x3,x4,x5",6,0.0,0.0,0.0,0.0,0.0,0.0,,,,,,0.0,0.0564438820829212,-41.74289193197575,-0.8348578386395156,3.880134526134455,0.0564438820829212,6.326738861183927
hartmann_6,value,logei,exact,gaussian,0.25,20,10,"x0,x1,x2,x3,x4,x5",6,-0.0238855654763252,-0.003963839229607691,0.0,0.005956747004297991,-0.06898011139278387,-0.026633591024540326,,,,,,0.07803408891669432,0.027414912955604706,-77.92816350375523,-1.5585632700751058,4.716090076760594,0.2363786068604546,8.213099182915471
hartmann_6,value,logei,exact,gaussian,1.0,0,10,"x0,x1,x2,x3,x4,x5",6,0.0,0.0,0.0,0.0,0.0,0.0,,,,,,0.0,0.399188845028438,-45.946588165893274,-0.9189317633178664,28.64466843677154,2.464860588893051,75.76540389159449
hartmann_6,value,logei,exact,gaussian,1.0,20,10,"x0,x1,x2,x3,x4,x5",6,-0.07650951490668681,0.001790423869135499,0.0,0.004142445495729563,-0.052388720927127486,-0.0793350737127756,,,,,,0.12211757999962485,0.3500037751366669,-63.82318420612455,-1.2764636841224908,12.43720451431642,0.9438251015678772,19.266149768275355
hartmann_6,value,logei,exact,gaussian,5.0,0,10,"x0,x1,x2,x3,x4,x5",6,0.0,0.0,0.0,0.0,0.0,0.0,,,,,,0.0,3.971987050343375,122.57284600836095,2.451456920167219,121.89120959796524,7.347285969815168,278.21977188591194
hartmann_6,value,logei,exact,gaussian,5.0,20,10,"x0,x1,x2,x3,x4,x5",6,-0.058404387701662286,-0.0956017796407959,0.3645153185439124,-0.060347151217673034,-0.24646533962942638,0.018525407650723635,,,,,,0.4584237376639935,0.7166598683860048,-41.729739751066404,-0.8345947950213279,25.893607991390255,1.3167971864529209,33.50062287341807
hartmann_6,value,qnei,exact,gaussian,0.05,0,10,"x0,x1,x2,x3,x4,x5",6,0.0,0.0,0.0,0.0,0.0,0.0,,,,,,0.0,-0.0326073862310201,-4.529985773300666,-0.09059971546601453,-5.145078898666668,-0.0326073862310201,-5.145078898666668
hartmann_6,value,qnei,exact,gaussian,0.05,20,10,"x0,x1,x2,x3,x4,x5",6,-1.147727925009806e-05,0.0,-3.795371050052676e-05,3.352330687766969e-06,-8.72248622008076e-06,1.074100383413601e-05,,,,,,4.212957547860047e-05,0.6576214224666455,20.97550592978598,0.41951011859571974,9.820674562840765,0.6576214224666455,9.820674562840765
hartmann_6,value,qnei,exact,gaussian,0.25,0,10,"x0,x1,x2,x3,x4,x5",6,0.0,0.0,0.0,0.0,0.0,0.0,,,,,,0.0,0.0087719985321284,-34.932531595105104,-0.698650631902102,17.47978387426741,0.0087719985321284,21.538198536953516
hartmann_6,value,qnei,exact,gaussian,0.25,20,10,"x0,x1,x2,x3,x4,x5",6,-0.004484079796651299,0.0,-0.02270184996111141,0.0022848098702693,-0.002937237143664284,-0.01079086851228761,,,,,,0.02580254880259762,0.0936969107391992,5.4025744334310275,0.10805148866861991,3.9843696851604733,0.0936969107391992,4.7282492741425415
hartmann_6,value,qnei,exact,gaussian,1.0,0,10,"x0,x1,x2,x3,x4,x5",6,0.0,0.0,0.0,0.0,0.0,0.0,,,,,,0.0,0.2305182636407182,-21.543258452208306,-0.43086516904416605,25.55565765538593,0.4024629494621364,30.27194839467556
hartmann_6,value,qnei,exact,gaussian,1.0,20,10,"x0,x1,x2,x3,x4,x5",6,-0.0121260422103194,0.0,-0.05446646982644443,0.006830926205016408,-0.007607370484359277,-0.0196256643440324,,,,,,0.060027806677328585,0.16828352325071627,9.422273844398774,0.18844547688797508,22.381463798220793,0.16828352325071627,34.95340267864488
hartmann_6,value,qnei,exact,gaussian,5.0,0,10,"x0,x1,x2,x3,x4,x5",6,0.0,0.0,0.0,0.0,0.0,0.0,,,,,,0.0,3.9398678079286427,135.71629605859113,2.714325921171823,106.59010717043738,7.39277399472118,265.183428861377
hartmann_6,value,qnei,exact,gaussian,5.0,20,10,"x0,x1,x2,x3,x4,x5",6,-0.0344898835692867,0.0,0.691646375511074,0.057864337657894005,-0.3455102067601636,0.2708691797862005,,,,,,0.8219853757411475,2.074077861744503,47.0672120394384,0.9413442407887676,42.62054026920363,3.1944099981717797,79.06576020397323
michalewicz,value,logei,exact,gaussian,0.05,0,10,"x0,x1,x2,x3,x4",5,0.0,0.0,0.0,0.0,0.0,,,,,,,0.0,-1.3044510110363365,-33.807153131629036,-0.6761430626325806,-45.18862893840031,-1.3044510110363365,-45.18862893840031
michalewicz,value,logei,exact,gaussian,0.05,20,10,"x0,x1,x2,x3,x4",5,-2.3453641535997605e-05,0.00018710419670719958,0.004871289256457523,2.320096681440731e-05,0.000134766174236578,,,,,,,0.004876855265474332,-0.10580901187708491,-9.11742568171718,-0.18234851363434323,6.688695408409188,-0.10580901187708491,6.688695408409188
michalewicz,value,logei,exact,gaussian,0.25,0,10,"x0,x1,x2,x3,x4",5,0.0,0.0,0.0,0.0,0.0,,,,,,,0.0,0.27518014650905753,2.1732086080175463,0.04346417216035103,37.34551350451065,0.30477785883607167,41.187086885877505
michalewicz,value,logei,exact,gaussian,0.25,20,10,"x0,x1,x2,x3,x4",5,0.0038371725475805363,-0.018583926755978863,-0.5694761722021235,-0.011304749919253787,-0.003602256317546626,,,,,,,0.569915757418698,-0.31142827824607533,-18.247381736851594,-0.36494763473703173,-8.242061142633986,-0.31142827824607533,-8.242061142633986
michalewicz,value,logei,exact,gaussian,1.0,0,10,"x0,x1,x2,x3,x4",5,0.0,0.0,0.0,0.0,0.0,,,,,,,0.0,1.298400701458597,29.37603040152817,0.5875206080305633,47.877255819490955,1.298400701458597,57.65825917010707
michalewicz,value,logei,exact,gaussian,1.0,20,10,"x0,x1,x2,x3,x4",5,-0.011014154350022398,-0.015254245688016033,-1.7256178484057128,-0.29077564467920425,1.093515837289411,,,,,,,2.063598392198755,0.33920534472721364,0.7333236272775707,0.014666472545551201,23.58069887178621,2.324592779755979,43.428469956108216
michalewicz,value,logei,exact,gaussian,5.0,0,10,"x0,x1,x2,x3,x4",5,0.0,0.0,0.0,0.0,0.0,,,,,,,0.0,2.202520268278577,57.88608127426204,1.157721625485241,78.7499881046958,2.6952974272858494,119.05181128262174
michalewicz,value,logei,exact,gaussian,5.0,20,10,"x0,x1,x2,x3,x4",5,0.12309034797386031,0.07627291632130406,-0.9170602057398562,0.26380587327067184,1.207267454125679,,,,,,,1.5456572896484233,0.8578413210525229,23.297501084913108,0.46595002169826216,21.904228770238745,1.4396464675416016,38.30644711391679
michalewicz,value,qnei,exact,gaussian,0.05,0,10,"x0,x1,x2,x3,x4",5,0.0,0.0,0.0,0.0,0.0,,,,,,,0.0,0.6434496372834504,34.2232881790614,0.6844657635812279,39.65582236094383,0.6434496372834504,39.73800446883922
michalewicz,value,qnei,exact,gaussian,0.05,20,10,"x0,x1,x2,x3,x4",5,-0.00018988890630766697,1.4117647848532755e-05,-0.0004260714512382968,0.00021512349352326154,-2.4425538783123812e-05,,,,,,,0.0005144596297964536,0.36563707385724253,4.388254456847562,0.08776508913695125,9.323745383359636,0.36563707385724253,9.323745383359636
michalewicz,value,qnei,exact,gaussian,0.25,0,10,"x0,x1,x2,x3,x4",5,0.0,0.0,0.0,0.0,0.0,,,,,,,0.0,-0.07087309307078193,8.355326470383545,0.167106529407671,28.857502083736335,-0.07087309307078193,38.14455527045777
michalewicz,value,qnei,exact,gaussian,0.25,20,10,"x0,x1,x2,x3,x4",5,-0.020644049062478853,0.0012654964217828635,-0.20673469446164972,0.02123422710893008,-0.00360682889869568,,,,,,,0.20888014207352823,0.2352007290292608,5.259262028402702,0.105185240568054,5.673764331827954,0.2352007290292608,5.673764331827954
michalewicz,value,qnei,exact,gaussian,1.0,0,10,"x0,x1,x2,x3,x4",5,0.0,0.0,0.0,0.0,0.0,,,,,,,0.0,1.8232880533650224,57.287377073688845,1.145747541473777,76.354192788798,4.016856452037737,148.44003097411735
michalewicz,value,qnei,exact,gaussian,1.0,20,10,"x0,x1,x2,x3,x4",5,-0.021270066956516898,0.00048532328785988454,-0.6299592356799786,0.02405785242357794,-0.005479535536871971,,,,,,,0.6308011536755983,-0.03645525341510236,7.945798417437459,0.1589159683487491,8.175636382637379,0.39712785823835084,10.126760385077915
michalewicz,value,qnei,exact,gaussian,5.0,0,10,"x0,x1,x2,x3,x4",5,0.0,0.0,0.0,0.0,0.0,,,,,,,0.0,1.7119805276179463,78.59191009361109,1.5718382018722226,63.4578712374493,2.3893012979321835,91.6996762338772
michalewicz,value,qnei,exact,gaussian,5.0,20,10,"x0,x1,x2,x3,x4",5,1.3171897357577194,0.07070197634913056,-0.5509402879794649,0.07372084852685967,-0.1406012540805479,,,,,,,1.4383067289422664,0.39712785823835084,49.50441108520471,0.9900882217040934,10.126760385077915,4.645112609211964,122.20309642010358
schwefel,value,logei,exact,gaussian,0.05,0,10,"x0,x1,x2,x3",4,0.0,0.0,0.0,0.0,,,,,,,,0.0,-0.941636216879099,-23.081256864919226,-0.4616251372983853,-34.787849085816546,-0.941636216879099,-34.188300029107054
schwefel,value,logei,exact,gaussian,0.05,20,10,"x0,x1,x2,x3",4,0.033092132879971814,-0.054238755326252885,-0.019449960257247767,-1.1880498884115696,,,,,,,,1.1899066224484331,-1.007906414662026,-13.031966388346603,-0.260639327766933,-9.436825723070541,-1.007906414662026,-9.43656837205468
schwefel,value,logei,exact,gaussian,0.25,0,10,"x0,x1,x2,x3",4,0.0,0.0,0.0,0.0,,,,,,,,0.0,-0.40222340381847843,-6.535739198829816,-0.1307147839765972,-10.77635058799612,-0.3532652296834151,-2.9584670532310753
schwefel,value,logei,exact,gaussian,0.25,20,10,"x0,x1,x2,x3",4,55.210498725341495,360.8164644024338,-110.6987238685022,283.8359931052708,,,,,,,,475.45115269767086,-0.579386579764062,-11.26203097287248,-0.2252406194574501,-3.3530849551360546,-0.579386579764062,-3.3312038438966596
schwefel,value,logei,exact,gaussian,1.0,0,10,"x0,x1,x2,x3",4,0.0,0.0,0.0,0.0,,,,,,,,0.0,-1.2109517122898104,-15.775416860023284,-0.3155083372004661,-43.73331319137907,-1.1864326589139895,-33.91579988745276
schwefel,value,logei,exact,gaussian,1.0,20,10,"x0,x1,x2,x3",4,-12.001036432545504,356.25735233325065,5.248292822190457,258.20602156916686,,,,,,,,440.18316655578474,-0.2760831303890423,-13.976360099040448,-0.2795272019808097,-6.307595797356299,0.08712106511634321,-1.6268017629988805
schwefel,value,logei,exact,gaussian,5.0,0,10,"x0,x1,x2,x3",4,0.0,0.0,0.0,0.0,,,,,,,,0.0,-0.18910771925309744,14.678042819282439,0.293560856385648,-7.489322420627701,1.1583133152124496,36.59216474859025
schwefel,value,logei,exact,gaussian,5.0,20,10,"x0,x1,x2,x3",4,142.8245709835152,391.8568312529002,9.29627125036405,315.00678049767254,,,,,,,,522.7488179755725,0.09552516835347147,28.3910447420198,0.5678208948403949,1.9000637117716508,2.0467146843035726,59.28969550578691
schwefel,value,qnei,exact,gaussian,0.05,0,10,"x0,x1,x2,x3",4,0.0,0.0,0.0,0.0,,,,,,,,0.0,-0.3669513036235048,-13.615342894696141,-0.27230685789392295,-12.442030323068508,-0.3669513036235048,-12.375445703628827
schwefel,value,qnei,exact,gaussian,0.05,20,10,"x0,x1,x2,x3",4,0.00020554115485538205,-0.16819024642961722,-0.059451572770456096,0.6508153551070563,,,,,,,,0.6748208037614329,-0.5167469155713937,-1.140694634504598,-0.022813892690092263,-3.4625805523086797,-0.5167469155713937,-3.4625805523086797
schwefel,value,qnei,exact,gaussian,0.25,0,10,"x0,x1,x2,x3",4,0.0,0.0,0.0,0.0,,,,,,,,0.0,-0.6671666821657083,-10.931621454534678,-0.21863242909069358,-37.080021950772434,-0.4852360526671946,-32.81688411183461
schwefel,value,qnei,exact,gaussian,0.25,20,10,"x0,x1,x2,x3",4,0.008339390360220023,3.343104337723105,-4.773922555646777,3.855537446863991,,,,,,,,6.98798409627685,-0.32064732468831747,4.004105693502908,0.08008211387005826,0.6392866428520847,-0.1943163961386749,0.8287830356765369
schwefel,value,qnei,exact,gaussian,1.0,0,10,"x0,x1,x2,x3",4,0.0,0.0,0.0,0.0,,,,,,,,0.0,0.27800273413702037,20.56022078576393,0.4112044157152783,20.204900895891143,1.5133109008449073,56.59831302744681
schwefel,value,qnei,exact,gaussian,1.0,20,10,"x0,x1,x2,x3",4,-0.002790743161199316,-1.4138858474994436,-10.634499883503054,4.848855384350998,,,,,,,,11.772980391072718,0.24108585760325463,3.657018402595952,0.07314036805191959,2.0091574370925684,0.8884492503650683,14.412146233586355
schwefel,value,qnei,exact,gaussian,5.0,0,10,"x0,x1,x2,x3",4,0.0,0.0,0.0,0.0,,,,,,,,0.0,1.1932380439390395,26.93639848532905,0.538727969706581,20.45225267380789,2.758415006562186,83.57935409342917
schwefel,value,qnei,exact,gaussian,5.0,20,10,"x0,x1,x2,x3",4,861.4268200194474,-287.2772219664778,80.36925233013372,-351.7676695946884,,,,,,,,977.1305330414033,0.24108585760325463,30.423206402624118,0.6084641280524825,3.7368307928504976,3.5135882853635256,88.20682957952954
powell,value,logei,exact,gaussian,0.05,0,10,"x0,x1,x2,x3",4,0.0,0.0,0.0,0.0,,,,,,,,0.0,0.0012393130530402997,-0.11478455070290039,-0.0022956910140579656,0.17826146905446727,0.027605254933718803,0.8971707853458617
powell,value,logei,exact,gaussian,0.05,20,10,"x0,x1,x2,x3",4,0.0,-0.0008513604217563753,-0.0003742637074644062,-0.0018475695742039555,,,,,,,,0.0020684296512045995,0.0,0.2598069195607522,0.005196138391215133,0.0,0.0363718873736303,0.7485300601148119
powell,value,logei,exact,gaussian,0.25,0,10,"x0,x1,x2,x3",4,0.0,0.0,0.0,0.0,,,,,,,,0.0,0.0019913173469526,1.642790639868057,0.03285581279736122,0.29581254204166907,0.0038876791122505,1.1013183945654128
powell,value,logei,exact,gaussian,0.25,20,10,"x0,x1,x2,x3",4,-4.518473748622576,-0.04860350094176802,-0.01804804173100827,0.2059822077648117,,,,,,,,4.523463464981356,0.0,8.633565871929871,0.17267131743859754,0.0,0.036214325548802204,5.169989905986405
powell,value,logei,exact,gaussian,1.0,0,10,"x0,x1,x2,x3",4,0.0,0.0,0.0,0.0,,,,,,,,0.0,0.004437162747196801,9.617836133601063,0.19235672267202142,0.363700029154983,0.12569286437302699,6.54336369114197
powell,value,logei,exact,gaussian,1.0,20,10,"x0,x1,x2,x3",4,-5.959674929914449,0.49356375575065536,1.6899121978398421,0.8473218350770679,,,,,,,,6.271769126797298,-0.0009875571199865001,-2.5183560138635954,-0.05036712027727186,-0.018177735041417176,0.0305664690440444,0.4578608396705226
powell,value,logei,exact,gaussian,5.0,0,10,"x0,x1,x2,x3",4,0.0,0.0,0.0,0.0,,,,,,,,0.0,0.008348788403057,0.6897496465063604,0.013794992930127314,0.1557968239153822,0.035043508089665804,17.568997263711832
powell,value,logei,exact,gaussian,5.0,20,10,"x0,x1,x2,x3",4,-9.0,-5.27094221770248,0.13959543597045054,-2.615693562314276,,,,,,,,10.753798006287568,0.0,13.35812898270514,0.26716257965410295,0.0,0.1364614577877848,3.8080008495580766
powell,value,qnei,exact,gaussian,0.05,0,10,"x0,x1,x2,x3",4,0.0,0.0,0.0,0.0,,,,,,,,0.0,0.0094916364644047,-4.298024307740398,-0.08596048615480795,0.6689478804972433,0.0094916364644047,2.376402817667379
powell,value,qnei,exact,gaussian,0.05,20,10,"x0,x1,x2,x3",4,-3.679843568615837e-05,-0.0005736755090461898,0.00036929473389868406,-0.000121339590219538,,,,,,,,0.0006939449626507123,0.0,0.3716983426305198,0.007433966852610441,0.0,0.0721273557270391,0.913696463503995
powell,value,qnei,exact,gaussian,0.25,0,10,"x0,x1,x2,x3",4,0.0,0.0,0.0,0.0,,,,,,,,0.0,0.0056324189607164,-8.941761639384097,-0.17883523278768199,0.12634525029049026,0.018072828174171402,0.8144037133595319
powell,value,qnei,exact,gaussian,0.25,20,10,"x0,x1,x2,x3",4,-0.001654375895344451,-0.12019517368354604,0.1101693382854938,-0.03398944372709156,,,,,,,,0.1665598454597073,0.0,-1.4808924422383534,-0.029617848844767036,0.0,0.0080923676856073,0.2899327227023831
powell,value,qnei,exact,gaussian,1.0,0,10,"x0,x1,x2,x3",4,0.0,0.0,0.0,0.0,,,,,,,,0.0,4.0944073690500106e-05,5.040620694621133,0.10081241389242268,0.1104609141591073,0.0672690901318945,7.507444306534581
powell,value,qnei,exact,gaussian,1.0,20,10,"x0,x1,x2,x3",4,-0.007136595691966008,-0.31242425509359295,0.23207989772976667,-0.08558364156013631,,,,,,,,0.3985542432364883,0.0,10.784604768016678,0.2156920953603335,0.0,0.1894995870657627,5.244295199627419
powell,value,qnei,exact,gaussian,5.0,0,10,"x0,x1,x2,x3",4,0.0,0.0,0.0,0.0,,,,,,,,0.0,-0.0005810475509183998,29.949524389346827,0.5989904877869365,0.47463977433306415,0.35469358115873867,34.21144133644354
powell,value,qnei,exact,gaussian,5.0,20,10,"x0,x1,x2,x3",4,0.5463281174283443,-0.1396579194588803,1.4772764835375314,-0.3249932001540867,,,,,,,,1.6142940052294656,0.0,38.84630691905086,0.7769261383810173,0.0,0.39611864744910985,10.1010255099523
ackley,value,logei,exact,gaussian,0.05,0,10,"x0,x1,x2,x3",4,0.0,0.0,0.0,0.0,,,,,,,,0.0,1.215875687830065,41.64757935653245,0.8329515871306477,224.45261558960357,1.215875687830065,224.45261558960357
ackley,value,logei,exact,gaussian,0.05,20,10,"x0,x1,x2,x3",4,0.0002620320342193727,3.1883240423802306e-05,0.0006783528618092838,0.00043907088658778903,,,,,,,,0.0008500724537066806,-0.43560687911673,-0.7310689657140301,-0.014621379314281313,-10.236761659243257,-0.43560687911673,-10.236761659243257
ackley,value,logei,exact,gaussian,0.25,0,10,"x0,x1,x2,x3",4,0.0,0.0,0.0,0.0,,,,,,,,0.0,2.0123524569694733,56.02085468279529,1.1204170936559041,86.18958628866943,2.324385389552528,91.6703268763527
ackley,value,logei,exact,gaussian,0.25,20,10,"x0,x1,x2,x3",4,-0.02734868575904359,-0.0052890368792057885,-0.08003461275940049,-0.04395566887615665,,,,,,,,0.09546499143536352,0.8888613896323458,25.357808761800356,0.5071561752360054,20.14710605088095,1.1363070409012628,23.66374565712988
ackley,value,logei,exact,gaussian,1.0,0,10,"x0,x1,x2,x3",4,0.0,0.0,0.0,0.0,,,,,,,,0.0,-0.35628183829735294,-8.56670806187492,-0.17133416123750145,173.57632581533045,-0.35628183829735294,186.22583189630183
ackley,value,logei,exact,gaussian,1.0,20,10,"x0,x1,x2,x3",4,-0.1942829461079123,-0.03126402293872488,-0.4389649239056299,-0.302043248914007,,,,,,,,0.5680172804701344,1.0418459910384388,20.795170489052452,0.41590340978104656,23.76261195090268,2.1218516633121243,36.1826771820501
ackley,value,logei,exact,gaussian,5.0,0,10,"x0,x1,x2,x3",4,0.0,0.0,0.0,0.0,,,,,,,,0.0,12.036650935508831,203.8551274344784,4.077102548689565,406.3596060389122,12.31522441294128,414.56071078986093
ackley,value,logei,exact,gaussian,5.0,20,10,"x0,x1,x2,x3",4,0.6086958011820489,9.503087104235329,-8.171513990400229,-1.8499103005177184,,,,,,,,12.683650267345307,1.775206783940527,43.30869610796128,0.8661739221592253,41.71735942260227,6.872544118724109,192.08881079871793
ackley,value,qnei,exact,gaussian,0.05,0,10,"x0,x1,x2,x3",4,0.0,0.0,0.0,0.0,,,,,,,,0.0,1.4370761433003985,-37.68719426847997,-0.7537438853695999,37.67851944213413,1.4370761433003985,37.72478487761947
ackley,value,qnei,exact,gaussian,0.05,20,10,"x0,x1,x2,x3",4,-1.5123279806239509e-05,-0.0002914442125565575,-0.00010676939803921925,-0.0005383344351601593,,,,,,,,0.0006215883775149555,0.7301375316171352,-21.189401414709437,-0.42378802829419016,-0.5731072448563168,0.7301375316171352,-0.5731072448563168
ackley,value,qnei,exact,gaussian,0.25,0,10,"x0,x1,x2,x3",4,0.0,0.0,0.0,0.0,,,,,,,,0.0,0.15547630393009015,-26.6753572211785,-0.5335071444235719,59.101263215170434,0.15547630393009015,59.17343273351133
ackley,value,qnei,exact,gaussian,0.25,20,10,"x0,x1,x2,x3",4,0.0336884695337773,-0.06246058760674966,0.006437564946337737,-0.05384962055238596,,,,,,,,0.08931663820242539,1.0081582663802422,-30.440889981444684,-0.6088177996288966,20.09206925596561,1.0081582663802422,20.09206925596561
ackley,value,qnei,exact,gaussian,1.0,0,10,"x0,x1,x2,x3",4,0.0,0.0,0.0,0.0,,,,,,,,0.0,3.1630417205234824,-25.41466460559252,-0.508293292111853,53.358065883786765,4.123219974102524,75.67630308085916
ackley,value,qnei,exact,gaussian,1.0,20,10,"x0,x1,x2,x3",4,0.07466610102576576,-0.14977420207545689,0.005719966901335027,-0.1415668039152882,,,,,,,,0.21927429453055294,1.2932680162146895,-22.42596558356115,-0.44851931167122494,-0.9995823456262087,1.82353804216363,6.689333030633463
ackley,value,qnei,exact,gaussian,5.0,0,10,"x0,x1,x2,x3",4,0.0,0.0,0.0,0.0,,,,,,,,0.0,12.171024804073364,165.2408812968315,3.3048176259366233,317.7037487257361,18.254578349952336,564.2114748563487
ackley,value,qnei,exact,gaussian,5.0,20,10,"x0,x1,x2,x3",4,0.4887672121181461,-0.0776944861739075,6.121399706199749,8.757830285690712,,,,,,,,10.696544091287027,5.4575811977270146,86.21133057515942,1.7242266115031857,102.42556702296713,7.119612358774935,151.45548627388087
shekel,value,logei,exact,gaussian,0.05,0,10,"x0,x1,x2,x3",4,0.0,0.0,0.0,0.0,,,,,,,,0.0,-0.13322554574336465,38.61836881949603,0.7723673763899157,-33.41710614847307,-0.13322554574336465,-33.41710614847307
shekel,value,logei,exact,gaussian,0.05,20,10,"x0,x1,x2,x3",4,-9.394797084283368e-05,6.054102283137297e-05,3.361680104241316e-05,-9.406885655316444e-06,,,,,,,,0.00011708977530515694,-0.1692976609597565,15.409301104702536,0.30818602209404844,-3.3530197682666767,-0.16714322080758848,-3.3368614671253454
shekel,value,logei,exact,gaussian,0.25,0,10,"x0,x1,x2,x3",4,0.0,0.0,0.0,0.0,,,,,,,,0.0,-0.06886540677502495,9.582490925030015,0.1916498185006006,-7.177541883096183,-0.022598778114115703,-6.830542168138891
shekel,value,logei,exact,gaussian,0.25,20,10,"x0,x1,x2,x3",4,0.011115209397905446,-0.0039424436159753995,-0.0025253048009643564,0.001285857654810485,,,,,,,,0.012129358427824576,-0.17172809380550547,39.64843538213972,0.7929687076427854,-8.65779999102051,-0.17172809380550547,-8.65779999102051
shekel,value,logei,exact,gaussian,1.0,0,10,"x0,x1,x2,x3",4,0.0,0.0,0.0,0.0,,,,,,,,0.0,0.23361224853469054,0.579878916123107,0.011597578322458446,69.3326760105515,0.6358750572186977,91.48865036089683
shekel,value,logei,exact,gaussian,1.0,20,10,"x0,x1,x2,x3",4,0.10147699719576586,-0.023121070837116342,-0.015856853911871305,0.00845750478208096,,,,,,,,0.10561786818358802,0.23091380223724656,47.67734126478217,0.9535468252956392,8.253848150180147,0.4350216515597438,9.521542311326812
shekel,value,logei,exact,gaussian,5.0,0,10,"x0,x1,x2,x3",4,0.0,0.0,0.0,0.0,,,,,,,,0.0,5.463193880005903,188.53744019285887,3.770748803857174,143.8498041826124,6.178618702058195,166.4770054164892
shekel,value,logei,exact,gaussian,5.0,20,10,"x0,x1,x2,x3",4,0.3678951968543567,0.31489696896244723,0.3029571755628906,-1.6310004167903447,,,,,,,,1.728135523252029,1.5336817682238575,29.382432555312334,0.5876486511062353,58.281398836124026,5.403890186231216,180.6261672668511
shekel,value,qnei,exact,gaussian,0.05,0,10,"x0,x1,x2,x3",4,0.0,0.0,0.0,0.0,,,,,,,,0.0,0.03696388205575829,23.99633547274061,0.47992670945480853,-6.708671940878048,0.03696388205575829,-6.708671940878048
shekel,value,qnei,exact,gaussian,0.05,20,10,"x0,x1,x2,x3",4,3.2352251295719725e-06,-2.1778572930841733e-05,2.595440037467256e-05,1.2700054539571681e-05,,,,,,,,3.632760939918707e-05,0.15989488260869678,-11.276987713106337,-0.22553975426213668,1.3242596097275054,0.15989488260869678,1.3242596097275054
shekel,value,qnei,exact,gaussian,0.25,0,10,"x0,x1,x2,x3",4,0.0,0.0,0.0,0.0,,,,,,,,0.0,0.32137821425024526,9.31685737998987,0.1863371475998008,27.235185236801044,0.32137821425024526,27.235185236801044
shekel,value,qnei,exact,gaussian,0.25,20,10,"x0,x1,x2,x3",4,0.0012669042719384294,0.0008144993963652425,-0.0007620114773994047,0.0009492120796386061,,,,,,,,0.001936522854178452,0.19282043785898395,-36.19250114083479,-0.7238500228167055,-0.475736470873926,0.19282043785898395,0.41890100415412235
shekel,value,qnei,exact,gaussian,1.0,0,10,"x0,x1,x2,x3",4,0.0,0.0,0.0,0.0,,,,,,,,0.0,0.2156959667934757,-41.989401857670146,-0.8397880371534114,17.358944482617062,0.48693174286937335,27.16643083714098
shekel,value,qnei,exact,gaussian,1.0,20,10,"x0,x1,x2,x3",4,0.002685894407393974,0.0014898535890148779,-0.0011432626842999838,0.0022621905486222005,,,,,,,,0.003982241595880284,0.7159653288875418,7.870949972878407,0.15741899945756188,9.332536622257066,0.7473337028309288,10.038325035983235
shekel,value,qnei,exact,gaussian,5.0,0,10,"x0,x1,x2,x3",4,0.0,0.0,0.0,0.0,,,,,,,,0.0,4.873763661561654,154.61381579836188,3.092276315967233,131.5223902474936,6.389066700616382,190.15259447985045
shekel,value,qnei,exact,gaussian,5.0,20,10,"x0,x1,x2,x3",4,-0.07770010221703405,0.0075803978159108,-0.07830591668598341,-0.02262655179092743,,,,,,,,0.1128651662363756,1.1423460701745682,68.78433925770787,1.3756867851541514,21.557053791748785,1.1423460701745682,21.557053791748785
rosenbrock,value,logei,exact,gaussian,0.05,0,10,"x0,x1,x2,x3",4,0.0,0.0,0.0,0.0,,,,,,,,0.0,0.0055248539477925004,2.155995591266798,0.04311991182533592,-0.15081374790776048,0.038241555644243,0.06910191615036965
rosenbrock,value,logei,exact,gaussian,0.05,20,10,"x0,x1,x2,x3",4,-0.0020976125969753845,-0.0028332999417006732,-0.0026169947999379883,-0.0067660006840499776,,,,,,,,0.008065667623086019,0.0168054135275404,-0.566994676076245,-0.011339893521524869,0.1764568420391739,0.0621388917903235,0.530194861987745
rosenbrock,value,logei,exact,gaussian,0.25,0,10,"x0,x1,x2,x3",4,0.0,0.0,0.0,0.0,,,,,,,,0.0,0.0004485808853809002,-5.2072585508882945,-0.10414517101776588,0.41041170317449716,0.013856834477291299,3.1345835862812486
rosenbrock,value,logei,exact,gaussian,0.25,20,10,"x0,x1,x2,x3",4,0.201820545419225,0.2938541773323209,0.26664840604725415,1.2730305345037456,,,,,,,,1.3486251978646262,0.0043166743083975,-1.0423957468425762,-0.020847914936851564,-0.1621639881830097,0.1520563054002304,2.7370791109537596
rosenbrock,value,logei,exact,gaussian,1.0,0,10,"x0,x1,x2,x3",4,0.0,0.0,0.0,0.0,,,,,,,,0.0,0.0522375436725897,18.89170871064003,0.37783417421280063,2.995594169221275,0.21392050487529918,11.700281151717903
rosenbrock,value,logei,exact,gaussian,1.0,20,10,"x0,x1,x2,x3",4,1.4703794972071131,-4.694097248109529,2.8473518548567545,5.872151973917904,,,,,,,,8.172279133183142,0.0007281300530659002,-1.0982891250501865,-0.021965782501003783,-0.032446899792632156,0.0007281300530659002,0.5695720367738879
rosenbrock,value,logei,exact,gaussian,5.0,0,10,"x0,x1,x2,x3",4,0.0,0.0,0.0,0.0,,,,,,,,0.0,0.0802143964232135,17.057147893069313,0.34114295786138626,2.5932481707717328,0.22921505969917672,24.270216087936976
rosenbrock,value,logei,exact,gaussian,5.0,20,10,"x0,x1,x2,x3",4,-1.076448423324871,-8.067873459890379,-0.4353493241753062,0.45774618399280786,,,,,,,,8.163846150920657,0.0157501198632901,0.8951908143906131,0.017903816287812235,0.14954685360079134,0.0402800680593361,0.8742701337529102
rosenbrock,value,qnei,exact,gaussian,0.05,0,10,"x0,x1,x2,x3",4,0.0,0.0,0.0,0.0,,,,,,,,0.0,-0.0040182307697177,0.46501512648119814,0.009300302529623883,-0.23094085630664196,0.0154037598777499,0.30314685565051747
rosenbrock,value,qnei,exact,gaussian,0.05,20,10,"x0,x1,x2,x3",4,-7.765231664969008e-05,-0.0004884390025416963,-0.0001456835999373851,0.00032209996183496514,,,,,,,,0.0006079265072274716,-0.0052019900576353,1.6796896000208292,0.03359379200041657,-0.11942370802836111,-0.0013139855433971,0.013214390837494427
rosenbrock,value,qnei,exact,gaussian,0.25,0,10,"x0,x1,x2,x3",4,0.0,0.0,0.0,0.0,,,,,,,,0.0,-0.0016890875082410002,12.577983567278377,0.25155967134556756,-0.2334652600331526,0.025710890999332704,0.663292204625479
rosenbrock,value,qnei,exact,gaussian,0.25,20,10,"x0,x1,x2,x3",4,-0.01377673294799564,-0.09488666354068043,-0.0218985148777886,0.0476834775285937,,,,,,,,0.10930021167260065,0.0014628849820053002,0.8909803288924856,0.017819606577849756,0.02530217662682377,0.1694247467174,2.662132988378142
rosenbrock,value,qnei,exact,gaussian,1.0,0,10,"x0,x1,x2,x3",4,0.0,0.0,0.0,0.0,,,,,,,,0.0,0.0162278180241577,5.476585753587425,0.10953171507174853,0.36149711110807514,0.3100209942858699,5.879580893675167
rosenbrock,value,qnei,exact,gaussian,1.0,20,10,"x0,x1,x2,x3",4,-0.028291802743621197,-0.22404876674522,-0.05086370880317759,0.11704572147199599,,,,,,,,0.2593937041846862,-0.0025382721358916,2.9194621714710216,0.05838924342942042,0.005972909058441278,0.019268047690813302,0.5038545411475308
rosenbrock,value,qnei,exact,gaussian,5.0,0,10,"x0,x1,x2,x3",4,0.0,0.0,0.0,0.0,,,,,,,,0.0,-0.0008400603560388001,38.63584907142514,0.7727169814285028,2.425350110125183,0.12268994043300892,21.82572059780247
rosenbrock,value,qnei,exact,gaussian,5.0,20,10,"x0,x1,x2,x3",4,-3.8436373245841837,10.134123304711867,7.937752695575698,4.961407705760063,,,,,,,,14.321225063413236,-0.0036454785946868997,39.82744546119335,0.796548909223867,-0.05616184137239033,0.0018124898393576004,12.53634340973454
rastrigin,value,logei,exact,gaussian,0.05,0,10,"x0,x1,x2,x3",4,0.0,0.0,0.0,0.0,,,,,,,,0.0,0.5963509546182045,-8.620345418875388,-0.17240690837750794,-9.02041711197316,0.5963509546182045,-8.680172177935148
rastrigin,value,logei,exact,gaussian,0.05,20,10,"x0,x1,x2,x3",4,-0.00244967904460891,-8.25158780619617e-05,-0.003143834988678318,3.0069379708619337e-05,,,,,,,,0.003986519646930442,0.34911990235704815,8.196110620833394,0.1639222124166677,7.558656093597335,0.34911990235704815,7.558656093597335
rastrigin,value,logei,exact,gaussian,0.25,0,10,"x0,x1,x2,x3",4,0.0,0.0,0.0,0.0,,,,,,,,0.0,0.45034668115384324,2.6976301622400456,0.053952603244801,-8.618424547850566,0.6238372661193945,-4.594042714981853
rastrigin,value,logei,exact,gaussian,0.25,20,10,"x0,x1,x2,x3",4,0.20437363654160823,0.01969469971602178,0.4399496409476602,0.014201593928753642,,,,,,,,0.48570962143058066,0.23154963025720932,5.766847971480786,0.11533695942961542,-12.141329894718325,0.23154963025720932,-12.141329894718325
rastrigin,value,logei,exact,gaussian,1.0,0,10,"x0,x1,x2,x3",4,0.0,0.0,0.0,0.0,,,,,,,,0.0,0.16258273630079367,8.035036330799471,0.16070072661598944,-13.138392836792107,1.622012534171534,30.88404420232345
rastrigin,value,logei,exact,gaussian,1.0,20,10,"x0,x1,x2,x3",4,0.6255112099485607,0.2666303926676268,7.618363661005841,0.3497531268018301,,,,,,,,7.656640788303144,0.6294867743554287,19.03286118805906,0.3806572237611814,11.634788247030258,0.6294867743554287,33.93694788738472
rastrigin,value,logei,exact,gaussian,5.0,0,10,"x0,x1,x2,x3",4,0.0,0.0,0.0,0.0,,,,,,,,0.0,0.36371302814861917,17.6707560420717,0.3534151208414342,-26.68390442640071,3.053466971114436,82.72204468377086
rastrigin,value,logei,exact,gaussian,5.0,20,10,"x0,x1,x2,x3",4,-1.9931705512347349,-0.0872356351410214,-2.3661154747884416,0.7221341621011917,,,,,,,,3.178099918261658,1.5885209728430465,34.04195491405005,0.6808390982810009,25.175382026392185,1.8995527496650655,34.350819442641765
rastrigin,value,qnei,exact,gaussian,0.05,0,10,"x0,x1,x2,x3",4,0.0,0.0,0.0,0.0,,,,,,,,0.0,-0.19124534643904756,-2.34160607248927,-0.0468321214497851,-19.70222025936426,-0.19124534643904756,-19.70222025936426
rastrigin,value,qnei,exact,gaussian,0.05,20,10,"x0,x1,x2,x3",4,0.00012225436062562878,2.546064525632552e-05,-0.00013580980146210564,2.7755701929588206e-05,,,,,,,,0.0001865718475859379,-0.16072554460855804,-2.6027232955369186,-0.05205446591073848,-0.5568556944843692,-0.16072554460855804,-0.5568556944843692
rastrigin,value,qnei,exact,gaussian,0.25,0,10,"x0,x1,x2,x3",4,0.0,0.0,0.0,0.0,,,,,,,,0.0,0.1884430726934443,8.047309230724153,0.1609461846144833,14.538764986353712,0.1884430726934443,15.534085186871508
rastrigin,value,qnei,exact,gaussian,0.25,20,10,"x0,x1,x2,x3",4,0.9003321158210931,0.17433535937898048,-0.7890969773651888,-0.15065677919948095,,,,,,,,1.2191645668712336,-0.32077754837402006,-0.010396144182038825,-0.00020792288364068767,-6.4046708799383225,-0.32077754837402006,-6.4046708799383225
rastrigin,value,qnei,exact,gaussian,1.0,0,10,"x0,x1,x2,x3",4,0.0,0.0,0.0,0.0,,,,,,,,0.0,0.6032881494811839,5.8404174928130885,0.11680834985626198,5.283572926795685,0.6032881494811839,10.869745902998659
rastrigin,value,qnei,exact,gaussian,1.0,20,10,"x0,x1,x2,x3",4,0.07456387162437528,0.000689534687718707,-0.07627604115246212,0.020399563423253997,,,,,,,,0.10860213189184337,0.1726657472817158,-0.0659873771822106,-0.0013197475436439454,5.091329478945909,1.0600138654908453,27.905897082364532
rastrigin,value,qnei,exact,gaussian,5.0,0,10,"x0,x1,x2,x3",4,0.0,0.0,0.0,0.0,,,,,,,,0.0,1.4230725632432772,51.59935443750055,1.0319870887500113,38.70194138615986,2.262953955307787,83.11340317717575
rastrigin,value,qnei,exact,gaussian,5.0,20,10,"x0,x1,x2,x3",4,-0.4039437869549918,-0.8068963117416221,0.2986627661918213,-0.10764215598672322,,,,,,,,0.9565764593468697,0.591718867866398,10.162364176525728,0.2032472835305148,16.86398773419232,0.9529496436606619,29.925882070009536
stevens,value,logei,exact,gaussian,0.05,0,10,"x0,x1,x2,x3",4,0.0,0.0,0.0,0.0,,,,,,,,0.0,0.0,-18.258407317737472,-0.36516814635474937,0.004825184264248605,0.0,0.004825184264248605
stevens,value,logei,exact,gaussian,0.05,20,10,"x0,x1,x2,x3",4,0.0,0.0,6.4959387179319705e-06,0.0,,,,,,,,6.4959387179319705e-06,0.0,-26.06568646776268,-0.5213137293552534,0.0,0.0,0.0
stevens,value,logei,exact,gaussian,0.25,0,10,"x0,x1,x2,x3",4,0.0,0.0,0.0,0.0,,,,,,,,0.0,0.0,-25.63731979168022,-0.5127463958336044,1.1824352171702088,0.0,1.1824352171702088
stevens,value,logei,exact,gaussian,0.25,20,10,"x0,x1,x2,x3",4,0.0,0.0,0.15218254319039937,0.0,,,,,,,,0.15218254319039937,0.0,-33.96580832046336,-0.6793161664092671,0.0,0.0,0.0
stevens,value,logei,exact,gaussian,1.0,0,10,"x0,x1,x2,x3",4,0.0,0.0,0.0,0.0,,,,,,,,0.0,0.0648184730853111,21.088941517639277,0.4217788303527856,28.683580988798322,2.184902563383265,84.71650568336642
stevens,value,logei,exact,gaussian,1.0,20,10,"x0,x1,x2,x3",4,0.0,0.0,0.15218254319039937,0.0,,,,,,,,0.15218254319039937,0.0,-29.26068884286648,-0.5852137768573296,0.0,0.436956345761565,5.024997976257996
stevens,value,logei,exact,gaussian,5.0,0,10,"x0,x1,x2,x3",4,0.0,0.0,0.0,0.0,,,,,,,,0.0,0.6705558392330011,55.63894046097216,1.1127788092194433,44.177383001113526,2.0825240499856283,93.7502251266232
stevens,value,logei,exact,gaussian,5.0,20,10,"x0,x1,x2,x3",4,0.0,0.0,0.15218254319039937,0.0,,,,,,,,0.15218254319039937,0.0,-25.236005129535144,-0.5047201025907029,0.0,0.0,0.0
stevens,value,qnei,exact,gaussian,0.05,0,10,"x0,x1,x2,x3",4,0.0,0.0,0.0,0.0,,,,,,,,0.0,0.0,-1.9300197161155381,-0.03860039432231055,0.1097438827295889,0.107009820504996,2.089425562072016
stevens,value,qnei,exact,gaussian,0.05,20,10,"x0,x1,x2,x3",4,0.0,0.0,0.0,0.0,,,,,,,,0.0,0.0,0.0,0.0,0.0,0.0,0.0
stevens,value,qnei,exact,gaussian,0.25,0,10,"x0,x1,x2,x3",4,0.0,0.0,0.0,0.0,,,,,,,,0.0,0.0,-18.822575116132754,-0.3764515023226549,1.223761303101373,0.1525470511753131,7.363227318021803
stevens,value,qnei,exact,gaussian,0.25,20,10,"x0,x1,x2,x3",4,0.0,0.0,0.0,0.0,,,,,,,,0.0,0.0,0.0,0.0,0.0,0.0874495260797898,1.7052657585559032
stevens,value,qnei,exact,gaussian,1.0,0,10,"x0,x1,x2,x3",4,0.0,0.0,0.0,0.0,,,,,,,,0.0,0.0,-52.73546205470632,-1.0547092410941263,20.44794479876874,0.5691698466335229,53.068931749239994
stevens,value,qnei,exact,gaussian,1.0,20,10,"x0,x1,x2,x3",4,0.0,0.0,0.0,0.0,,,,,,,,0.0,0.0,-30.379916049355458,-0.6075983209871092,0.0,0.2310657537245832,3.8125849364556217
stevens,value,qnei,exact,gaussian,5.0,0,10,"x0,x1,x2,x3",4,0.0,0.0,0.0,0.0,,,,,,,,0.0,0.0947935688812253,4.091537678783993,0.0818307535756797,19.473710560686914,4.017712396917699,174.4827646736436
stevens,value,qnei,exact,gaussian,5.0,20,10,"x0,x1,x2,x3",4,-0.6591986268051033,0.2686404845872108,0.3614075713249807,-0.2698792289542451,,,,,,,,0.8427103715826358,0.0,-3.072090136691685,-0.061441802733833484,0.0,3.906332452625665,109.43792693472183
hicks_law,value,logei,exact,gaussian,0.05,0,10,"x0,x1,x2,x3",4,0.0,0.0,0.0,0.0,,,,,,,,0.0,0.0,6.993815289359816,0.13987630578719656,0.0,0.0,0.0
hicks_law,value,logei,exact,gaussian,0.05,20,10,"x0,x1,x2,x3",4,0.0,0.0,0.0,0.047220198923261236,,,,,,,,0.047220198923261236,0.0,-3.2423838457280283,-0.06484767691456028,0.0,0.0,0.0
hicks_law,value,logei,exact,gaussian,0.25,0,10,"x0,x1,x2,x3",4,0.0,0.0,0.0,0.0,,,,,,,,0.0,0.0,-24.64767481399447,-0.4929534962798894,0.8741570452011445,0.0,1.75669061731967
hicks_law,value,logei,exact,gaussian,0.25,20,10,"x0,x1,x2,x3",4,0.0,0.0,0.0,-5.512478798070184,,,,,,,,5.512478798070184,0.0,-49.08311855779774,-0.9816623711559547,0.0,0.0,0.0
hicks_law,value,logei,exact,gaussian,1.0,0,10,"x0,x1,x2,x3",4,0.0,0.0,0.0,0.0,,,,,,,,0.0,1.5778284280308132,101.6005587461756,2.0320111749235124,108.07465478622342,2.434285209343062,164.3523150018339
hicks_law,value,logei,exact,gaussian,1.0,20,10,"x0,x1,x2,x3",4,0.0,0.0,0.0,-5.512478798070184,,,,,,,,5.512478798070184,0.0,-43.149999218000275,-0.8629999843600054,0.0,0.0,0.0
hicks_law,value,logei,exact,gaussian,5.0,0,10,"x0,x1,x2,x3",4,0.0,0.0,0.0,0.0,,,,,,,,0.0,3.1216288090468023,164.67780817450335,3.293556163490068,123.30433795734868,5.722661028361706,236.2629846447104
hicks_law,value,logei,exact,gaussian,5.0,20,10,"x0,x1,x2,x3",4,0.0,0.0,0.0,-5.512478798070184,,,,,,,,5.512478798070184,0.0,-43.14999921800029,-0.8629999843600056,0.0,0.0,0.0
hicks_law,value,qnei,exact,gaussian,0.05,0,10,"x0,x1,x2,x3",4,0.0,0.0,0.0,0.0,,,,,,,,0.0,0.0,-3.5289336191338236,-0.0705786723826769,0.0,0.0,0.0
hicks_law,value,qnei,exact,gaussian,0.05,20,10,"x0,x1,x2,x3",4,0.0,0.0,0.0,0.0,,,,,,,,0.0,0.0,0.0,0.0,0.0,0.0,0.0
hicks_law,value,qnei,exact,gaussian,0.25,0,10,"x0,x1,x2,x3",4,0.0,0.0,0.0,0.0,,,,,,,,0.0,0.0,-11.210670332610988,-0.22421340665221923,0.0,0.0,0.0
hicks_law,value,qnei,exact,gaussian,0.25,20,10,"x0,x1,x2,x3",4,0.0,0.0,0.0,0.0,,,,,,,,0.0,0.0,0.0,0.0,0.0,0.0,0.0
hicks_law,value,qnei,exact,gaussian,1.0,0,10,"x0,x1,x2,x3",4,0.0,0.0,0.0,0.0,,,,,,,,0.0,0.0,-52.51609033990644,-1.050321806798129,17.241409042375906,0.4291055180083658,24.677636216151896
hicks_law,value,qnei,exact,gaussian,1.0,20,10,"x0,x1,x2,x3",4,0.0,0.0,0.0,0.0,,,,,,,,0.0,0.0,-4.747752906902207,-0.09495505813804428,0.0,0.0,0.0
hicks_law,value,qnei,exact,gaussian,5.0,0,10,"x0,x1,x2,x3",4,0.0,0.0,0.0,0.0,,,,,,,,0.0,0.0,-23.616454260873894,-0.47232908521747863,35.89160874734519,4.565993553516234,189.7091190910943
hicks_law,value,qnei,exact,gaussian,5.0,20,10,"x0,x1,x2,x3",4,3.4080137319489676,-7.313595154127892,-2.3530642946645823,1.7655105566871363,,,,,,,,8.588199507244505,0.0,-38.05503014905182,-0.7611006029810365,0.0,2.540582238140615,98.71373642408199
yerkes_dodson,value,logei,exact,gaussian,0.05,0,10,"x0,x1,x2,x3",4,0.0,0.0,0.0,0.0,,,,,,,,0.0,-0.0134314214625993,-2.9222229581196615,-0.05844445916239316,-0.2724669330328666,-0.0054618458964657,0.12350237392738705
yerkes_dodson,value,logei,exact,gaussian,0.05,20,10,"x0,x1,x2,x3",4,-0.00030470341732902195,-0.00014919448468231344,0.00019330637438097487,8.258254548199062e-05,,,,,,,,0.00039911201182902005,-0.005009824482745499,-6.840874983419084,-0.13681749966838153,-0.10908483501140864,-0.005009824482745499,-0.04560946111216424
yerkes_dodson,value,logei,exact,gaussian,0.25,0,10,"x0,x1,x2,x3",4,0.0,0.0,0.0,0.0,,,,,,,,0.0,0.2028627202377055,-41.89671746616496,-0.8379343493232994,7.411579518636678,0.2784735808219358,9.855801991543622
yerkes_dodson,value,logei,exact,gaussian,0.25,20,10,"x0,x1,x2,x3",4,0.03412607722768807,0.015297471840784227,-0.01901868613770641,-0.012592946207736988,,,,,,,,0.043805188143246916,0.025422623755988003,-42.42492681784621,-0.8484985363569244,-0.3565769184654073,0.18691259376382469,4.302466896846667
yerkes_dodson,value,logei,exact,gaussian,1.0,0,10,"x0,x1,x2,x3",4,0.0,0.0,0.0,0.0,,,,,,,,0.0,0.3912684970519651,-10.215109690741215,-0.20430219381482484,17.014592039454016,1.4931112163522702,55.52946877917797
yerkes_dodson,value,logei,exact,gaussian,1.0,20,10,"x0,x1,x2,x3",4,0.2969715709445567,0.039936763258477115,-0.04559462284698412,-0.06861675958386021,,,,,,,,0.3107638787523246,0.054534136421535706,-40.48858644523024,-0.8097717289046049,0.45097417649304106,0.3045452028555098,5.3764568025566675
yerkes_dodson,value,logei,exact,gaussian,5.0,0,10,"x0,x1,x2,x3",4,0.0,0.0,0.0,0.0,,,,,,,,0.0,0.743281749272199,19.03661725152746,0.3807323450305491,29.822246550794,1.7673899112608238,73.26696582683334
yerkes_dodson,value,logei,exact,gaussian,5.0,20,10,"x0,x1,x2,x3",4,-0.1400664730525728,-0.062092744151672374,0.04719526311242034,0.12323888794092369,,,,,,,,0.20221113250965753,0.040148973884988504,-17.06812946945304,-0.34136258938906083,0.8292936064228797,0.2195928860554956,5.258525368903165
yerkes_dodson,value,qnei,exact,gaussian,0.05,0,10,"x0,x1,x2,x3",4,0.0,0.0,0.0,0.0,,,,,,,,0.0,-0.006615920983689797,2.8712361433683213,0.057424722867366995,-0.1661460736421816,0.011431434990677204,0.0513325017990951
yerkes_dodson,value,qnei,exact,gaussian,0.05,20,10,"x0,x1,x2,x3",4,-6.066013402677983e-05,-4.3923742423068735e-05,0.00011730694882683412,-0.00015738667911152637,,,,,,,,0.0002100962494034842,0.014513371025728805,-10.906397277425953,-0.218127945548519,-0.10086729073771039,0.014513371025728805,0.028627435708116877
yerkes_dodson,value,qnei,exact,gaussian,0.25,0,10,"x0,x1,x2,x3",4,0.0,0.0,0.0,0.0,,,,,,,,0.0,0.024203720996010404,-30.625550199948833,-0.6125110039989761,0.059149940922544886,0.195398636936829,5.497191815670803
yerkes_dodson,value,qnei,exact,gaussian,0.25,20,10,"x0,x1,x2,x3",4,0.1030577712467709,0.045914804594405834,-0.29975801414296566,0.12182737938408389,,,,,,,,0.3426745553813737,0.015210760811437102,-20.474087474720676,-0.4094817494944132,-0.03912678913108181,0.015210760811437102,-0.03912678913108181
yerkes_dodson,value,qnei,exact,gaussian,1.0,0,10,"x0,x1,x2,x3",4,0.0,0.0,0.0,0.0,,,,,,,,0.0,0.2534449449390919,-5.129859225189719,-0.10259718450379296,14.626758786809525,0.6771038974196784,26.871960742463315
yerkes_dodson,value,qnei,exact,gaussian,1.0,20,10,"x0,x1,x2,x3",4,0.10801412908079872,0.03975782854998111,-0.304176111306777,0.11154479587122756,,,,,,,,0.34382129833353803,0.0002103944330165003,-28.56135985022314,-0.5712271970044622,1.36533142161246,0.2466506514515725,5.324667143521623
yerkes_dodson,value,qnei,exact,gaussian,5.0,0,10,"x0,x1,x2,x3",4,0.0,0.0,0.0,0.0,,,,,,,,0.0,1.067694160199256,62.772275661362556,1.2554455132272517,40.29205975152987,2.899085648988276,122.02127815224142
yerkes_dodson,value,qnei,exact,gaussian,5.0,20,10,"x0,x1,x2,x3",4,0.0539775904360798,0.356815598354156,-0.3609910801538979,0.6521062219970094,,,,,,,,0.8281232011095997,0.0522995323276883,-10.899619606742235,-0.21799239213484434,0.6940037604682985,0.0522995323276883,1.487912828302271
moving_peaks,value,logei,exact,gaussian,0.05,0,10,"x0,x1,x2,x3",4,0.0,0.0,0.0,0.0,,,,,,,,0.0,0.16830101871902242,3.8750840751559394,0.07750168150311865,5.771828811112819,0.16830101871902242,6.179884185337208
moving_peaks,value,logei,exact,gaussian,0.05,20,10,"x0,x1,x2,x3",4,0.00023413261260296636,-0.00012560059714938898,0.0,5.6157148174723615e-05,,,,,,,,0.0002715643856982938,0.0499886300695076,6.355495252647216,0.1271099050529445,-0.6730505864607537,0.0499886300695076,-0.595173614093973
moving_peaks,value,logei,exact,gaussian,0.25,0,10,"x0,x1,x2,x3",4,0.0,0.0,0.0,0.0,,,,,,,,0.0,0.12437696729389952,-5.271107736235578,-0.10542215472471161,5.233566672288653,0.12437696729389952,8.40236558350913
moving_peaks,value,logei,exact,gaussian,0.25,20,10,"x0,x1,x2,x3",4,-0.017575647084126622,0.0077539858783121085,0.0,-0.0047870123011646,,,,,,,,0.0197975542478947,0.5594503177774062,4.239119597330031,0.08478239194660109,9.03021048014044,0.5948915911424613,9.38529428982816
moving_peaks,value,logei,exact,gaussian,1.0,0,10,"x0,x1,x2,x3",4,0.0,0.0,0.0,0.0,,,,,,,,0.0,0.5234029774497047,31.461434897978876,0.6292286979595776,1.6393420764190125,2.266541495826109,67.54136076752235
moving_peaks,value,logei,exact,gaussian,1.0,20,10,"x0,x1,x2,x3",4,0.08360700313270653,-0.47847211108993126,0.6991572244780697,0.6029449767354964,,,,,,,,1.0432109861260732,0.3414251155937405,10.454052520874072,0.2090810504174816,3.058403837519947,1.0622271059210984,16.094092663775356
moving_peaks,value,logei,exact,gaussian,5.0,0,10,"x0,x1,x2,x3",4,0.0,0.0,0.0,0.0,,,,,,,,0.0,1.0779866019849766,64.06533774372713,1.2813067548745427,22.740548864919006,3.114316845268475,120.61320025510065
moving_peaks,value,logei,exact,gaussian,5.0,20,10,"x0,x1,x2,x3",4,0.029519505504117527,-0.028822340642925104,0.5708745600971432,-0.1107651295153741,,,,,,,,0.5829826805386321,0.9567778746562248,43.33471281550692,0.8666942563101383,18.92247395406332,2.080329919729038,52.32320385052179
moving_peaks,value,qnei,exact,gaussian,0.05,0,10,"x0,x1,x2,x3",4,0.0,0.0,0.0,0.0,,,,,,,,0.0,-0.22629912206475483,-8.85476361257561,-0.17709527225151245,-14.315554448560952,-0.22629912206475483,-14.315554448560952
moving_peaks,value,qnei,exact,gaussian,0.05,20,10,"x0,x1,x2,x3",4,-0.00014433003123137667,-3.846558310419135e-05,0.00019270071077381878,-0.00035230588370582794,,,,,,,,0.0004284434135627188,0.1924683085037362,-0.4877768029201377,-0.009755536058402292,-1.6015703952761484,0.1924683085037362,-1.6015703952761484
moving_peaks,value,qnei,exact,gaussian,0.25,0,10,"x0,x1,x2,x3",4,0.0,0.0,0.0,0.0,,,,,,,,0.0,0.06223421919810068,5.0820665767474225,0.1016413315349487,-8.476615899846372,0.24601995485010564,-2.9493869854936534
moving_peaks,value,qnei,exact,gaussian,0.25,20,10,"x0,x1,x2,x3",4,-0.00037115019994249376,0.021374865844054486,0.0267361539052432,0.04088941700305482,,,,,,,,0.053327188101537894,-0.08765959487423963,-5.262795203487457,-0.10525590406974938,-2.699257948608981,0.03798678831487612,-1.4681218467401607
moving_peaks,value,qnei,exact,gaussian,1.0,0,10,"x0,x1,x2,x3",4,0.0,0.0,0.0,0.0,,,,,,,,0.0,0.22490532112825168,6.128258975778749,0.12256517951557466,4.279889122711786,0.6849898417990377,22.260600301115907
moving_peaks,value,qnei,exact,gaussian,1.0,20,10,"x0,x1,x2,x3",4,0.02601530009984565,0.014648529518088788,0.16906673339647205,0.09007891660420919,,,,,,,,0.19387920676098605,0.19739812755579678,11.718478234373066,0.23436956468746128,3.2363185780326233,0.19739812755579678,11.74535697136421
moving_peaks,value,qnei,exact,gaussian,5.0,0,10,"x0,x1,x2,x3",4,0.0,0.0,0.0,0.0,,,,,,,,0.0,0.5974615422018503,43.16262382367552,0.8632524764735101,7.687424674309085,1.0348909407830071,34.45486256086355
moving_peaks,value,qnei,exact,gaussian,5.0,20,10,"x0,x1,x2,x3",4,0.013634306862488788,0.012059900615825903,0.22384501697578107,0.09007891660420919,,,,,,,,0.24197549125471343,0.709710055764613,50.815327544455556,1.016306550889111,9.640217680642827,1.3254956536636597,56.75855878579829
weber_fechner,value,logei,exact,gaussian,0.05,0,10,"x0,x1,x2,x3",4,0.0,0.0,0.0,0.0,,,,,,,,0.0,0.0,-16.18838540550854,-0.32376770811017064,0.7133082056844682,0.0,0.7514701436589348
weber_fechner,value,logei,exact,gaussian,0.05,20,10,"x0,x1,x2,x3",4,0.0,0.01679428988285958,0.0,0.0,,,,,,,,0.01679428988285958,0.0,12.849958128213913,0.25699916256427846,0.0,0.0,0.0
weber_fechner,value,logei,exact,gaussian,0.25,0,10,"x0,x1,x2,x3",4,0.0,0.0,0.0,0.0,,,,,,,,0.0,0.0,-32.45672093283888,-0.6491344186567775,1.362918953423339,0.1829134829759462,8.65297574636099
weber_fechner,value,logei,exact,gaussian,0.25,20,10,"x0,x1,x2,x3",4,0.0,0.798206404867676,1.0,0.0,,,,,,,,1.2795051640270079,0.0,-45.54909876003332,-0.9109819752006663,0.0,0.238092951884026,3.5489258336701592
weber_fechner,value,logei,exact,gaussian,1.0,0,10,"x0,x1,x2,x3",4,0.0,0.0,0.0,0.0,,,,,,,,0.0,0.1697055655381512,-27.898247135759974,-0.5579649427151994,10.905234279774849,0.5107355122438479,23.64259183499983
weber_fechner,value,logei,exact,gaussian,1.0,20,10,"x0,x1,x2,x3",4,0.0,0.798206404867676,1.0,-0.29422607578554727,,,,,,,,1.3128984912947166,0.0,-47.593532122708226,-0.9518706424541644,0.0,0.0,2.3049417984674854
weber_fechner,value,logei,exact,gaussian,5.0,0,10,"x0,x1,x2,x3",4,0.0,0.0,0.0,0.0,,,,,,,,0.0,0.6099619241908498,18.894145773445587,0.37788291546891184,22.846058614614673,1.10823745075366,51.770987021026556
weber_fechner,value,logei,exact,gaussian,5.0,20,10,"x0,x1,x2,x3",4,0.0,0.798206404867676,1.0,0.0,,,,,,,,1.2795051640270079,0.0,-20.70215765646026,-0.41404315312920514,0.0,0.0,0.0
weber_fechner,value,qnei,exact,gaussian,0.05,0,10,"x0,x1,x2,x3",4,0.0,0.0,0.0,0.0,,,,,,,,0.0,0.0,-10.671119826211097,-0.2134223965242219,-0.4137613937356601,0.0208632973097007,0.44084345855238816
weber_fechner,value,qnei,exact,gaussian,0.05,20,10,"x0,x1,x2,x3",4,0.0,0.0,0.0,0.0,,,,,,,,0.0,0.0,-15.612590821531718,-0.3122518164306345,0.0,0.1098919594612661,1.1538655743432926
weber_fechner,value,qnei,exact,gaussian,0.25,0,10,"x0,x1,x2,x3",4,0.0,0.0,0.0,0.0,,,,,,,,0.0,0.0,-41.029304924609114,-0.8205860984921823,0.9586887323892732,0.1930607806680149,6.980574211887472
weber_fechner,value,qnei,exact,gaussian,0.25,20,10,"x0,x1,x2,x3",4,-0.12034892242192008,0.0,0.0,0.0,,,,,,,,0.12034892242192008,0.0069410477087861,-21.453232368065095,-0.429064647361302,0.2642240059528369,0.0294853160441133,1.908378531484555
weber_fechner,value,qnei,exact,gaussian,1.0,0,10,"x0,x1,x2,x3",4,0.0,0.0,0.0,0.0,,,,,,,,0.0,0.220972325698781,-9.039500996292915,-0.1807900199258583,11.256584550984623,0.2861599948218138,16.530402887532507
weber_fechner,value,qnei,exact,gaussian,1.0,20,10,"x0,x1,x2,x3",4,-0.15303069819381487,0.0,0.0,0.0,,,,,,,,0.15303069819381487,0.0069410477087861,-32.18168139342115,-0.6436336278684232,0.2642240059528369,0.3055996869489674,8.129530423825365
weber_fechner,value,qnei,exact,gaussian,5.0,0,10,"x0,x1,x2,x3",4,0.0,0.0,0.0,0.0,,,,,,,,0.0,0.0,47.94883990028791,0.9589767980057584,18.2342946834141,2.784454774607738,122.24995104773436
weber_fechner,value,qnei,exact,gaussian,5.0,20,10,"x0,x1,x2,x3",4,0.0,-0.3728370170353891,0.0,-0.08125812212086758,,,,,,,,0.38158920802671664,0.0069410477087861,38.209322552926324,0.7641864510585259,0.2642240059528369,2.7510247114269304,70.84695759660144
power_law_practice,value,logei,exact,gaussian,0.05,0,10,"x0,x1,x2,x3",4,0.0,0.0,0.0,0.0,,,,,,,,0.0,0.0,-17.49144117232019,-0.34982882344640387,0.5668862587241739,0.0,0.5668862587241739
power_law_practice,value,logei,exact,gaussian,0.05,20,10,"x0,x1,x2,x3",4,0.0,0.0,0.0,8.661202704041138e-06,,,,,,,,8.661202704041138e-06,0.0,-19.595766489800184,-0.39191532979600374,0.0,0.0,0.0
power_law_practice,value,logei,exact,gaussian,0.25,0,10,"x0,x1,x2,x3",4,0.0,0.0,0.0,0.0,,,,,,,,0.0,0.162396252475484,-7.601898499282697,-0.152037969985654,13.55503354753926,0.1851868080291649,24.09353827108003
power_law_practice,value,logei,exact,gaussian,0.25,20,10,"x0,x1,x2,x3",4,0.0,0.0,1.0,0.6374487693670616,,,,,,,,1.1858924629019199,0.0,-18.217380008448455,-0.36434760016896917,0.0,0.0932521573720603,1.5386605966389935
power_law_practice,value,logei,exact,gaussian,1.0,0,10,"x0,x1,x2,x3",4,0.0,0.0,0.0,0.0,,,,,,,,0.0,0.5500428315439745,2.058665040367771,0.04117330080735515,22.40042574156681,0.7679036653157749,35.34411269817052
power_law_practice,value,logei,exact,gaussian,1.0,20,10,"x0,x1,x2,x3",4,-1.0,1.0,1.0,0.6374487693670616,,,,,,,,1.8456275175580747,0.0,-18.694657397395023,-0.3738931479479005,0.0,0.0,3.0407275509197396
power_law_practice,value,logei,exact,gaussian,5.0,0,10,"x0,x1,x2,x3",4,0.0,0.0,0.0,0.0,,,,,,,,0.0,0.5714021116709065,17.788054016575337,0.35576108033150666,22.517901782264932,1.0679386213478226,54.97398839274995
power_law_practice,value,logei,exact,gaussian,5.0,20,10,"x0,x1,x2,x3",4,0.0,1.0,0.7391263145959853,0.6374487693670616,,,,,,,,1.3973720487027872,0.0,-10.542349783433714,-0.21084699566867438,0.0,0.1333004734174379,3.93236396581442
power_law_practice,value,qnei,exact,gaussian,0.05,0,10,"x0,x1,x2,x3",4,0.0,0.0,0.0,0.0,,,,,,,,0.0,-0.022165801796826198,1.352418264601205,0.027048365292024368,-0.8755491709746339,-0.022165801796826198,-0.8755491709746339
power_law_practice,value,qnei,exact,gaussian,0.05,20,10,"x0,x1,x2,x3",4,0.0,0.0,0.0,0.0,,,,,,,,0.0,0.0,0.0,0.0,0.0,0.0,0.0
power_law_practice,value,qnei,exact,gaussian,0.25,0,10,"x0,x1,x2,x3",4,0.0,0.0,0.0,0.0,,,,,,,,0.0,-0.0293688218999108,-17.662337449352556,-0.3532467489870508,1.639220618791116,0.10479112374390478,7.28543683643724
power_law_practice,value,qnei,exact,gaussian,0.25,20,10,"x0,x1,x2,x3",4,0.0,0.0,0.0,0.0,,,,,,,,0.0,-0.0293688218999108,-7.799991557849374,-0.15599983115698723,-0.690167314647903,0.0657183072982199,0.8787703171212531
power_law_practice,value,qnei,exact,gaussian,1.0,0,10,"x0,x1,x2,x3",4,0.0,0.0,0.0,0.0,,,,,,,,0.0,0.1521334436362558,-12.221251140188699,-0.24442502280377365,13.85941202890226,0.9373023364066817,45.91785892725061
power_law_practice,value,qnei,exact,gaussian,1.0,20,10,"x0,x1,x2,x3",4,-0.6591986268051033,-0.7313595154127892,-0.3595464091819256,-0.2912161969820395,,,,,,,,1.0878924873841451,0.0,-16.98657460624647,-0.33973149212492926,0.0,0.1173532448518147,3.433868261301159
power_law_practice,value,qnei,exact,gaussian,5.0,0,10,"x0,x1,x2,x3",4,0.0,0.0,0.0,0.0,,,,,,,,0.0,-0.0293688218999108,33.08228280329276,0.6616456560658557,6.268158986675308,2.5260256113112427,118.58335514459907
power_law_practice,value,qnei,exact,gaussian,5.0,20,10,"x0,x1,x2,x3",4,-0.597137432985001,0.2686404845872108,0.2662941184612414,-0.2639642457933561,,,,,,,,0.7545399289735918,0.0,-15.266279928219788,-0.3053255985643957,0.0,0.4405142896264121,15.884646777256156
hartmann_3,value,logei,exact,gaussian,0.05,0,10,"x0,x1,x2",3,0.0,0.0,0.0,,,,,,,,,0.0,0.006523728440841501,-11.873214881531709,-0.23746429763063426,0.5348574314286907,0.011484723452344501,0.685739924666283
hartmann_3,value,logei,exact,gaussian,0.05,20,10,"x0,x1,x2",3,0.0,-5.1423353040980224e-05,-0.00011590681051376617,,,,,,,,,0.00012680201087305904,0.0217326091295944,-20.865135166753802,-0.417302703335076,0.5430723182241977,0.0328936129269857,0.8349490753083835
hartmann_3,value,logei,exact,gaussian,0.25,0,10,"x0,x1,x2",3,0.0,0.0,0.0,,,,,,,,,0.0,0.1254266669090782,-29.3540429716846,-0.5870808594336918,2.7294514924752953,0.2440360234199401,7.052892337846725
hartmann_3,value,logei,exact,gaussian,0.25,20,10,"x0,x1,x2",3,0.0,-0.0052211864334952285,-0.005913030094559901,,,,,,,,,0.007888264236984313,0.027157883994007603,-25.659749532516145,-0.5131949906503228,0.6793063128825949,0.24361477649349841,3.106175595782247
hartmann_3,value,logei,exact,gaussian,1.0,0,10,"x0,x1,x2",3,0.0,0.0,0.0,,,,,,,,,0.0,0.0336311048078839,-28.9351449719342,-0.5787028994386838,4.990972622178237,0.2273899594991779,12.248583514471832
hartmann_3,value,logei,exact,gaussian,1.0,20,10,"x0,x1,x2",3,0.0,-0.010719594694925116,-0.0007979567928408926,,,,,,,,,0.010749253251584857,0.0132635341862537,-26.663671298355773,-0.5332734259671155,0.36057227668426606,0.1430039203837086,1.9221578965414956
hartmann_3,value,logei,exact,gaussian,5.0,0,10,"x0,x1,x2",3,0.0,0.0,0.0,,,,,,,,,0.0,0.3514620303450813,72.25740122941352,1.4451480245882704,15.35971760122478,2.745780484742037,112.80312412385325
hartmann_3,value,logei,exact,gaussian,5.0,20,10,"x0,x1,x2",3,0.0,-0.02143296496977465,0.16404929985266414,,,,,,,,,0.1654434790783393,0.027157883994007603,16.41885913209383,0.32837718264187665,0.6793063128825949,0.0510486456493653,1.3840837817156384
hartmann_3,value,qnei,exact,gaussian,0.05,0,10,"x0,x1,x2",3,0.0,0.0,0.0,,,,,,,,,0.0,0.011496546018130901,21.854455726563813,0.4370891145312763,1.3302998006953857,0.0170986479801543,1.5889699682893408
hartmann_3,value,qnei,exact,gaussian,0.05,20,10,"x0,x1,x2",3,0.0,-1.518589284854599e-05,1.4794490822200856e-05,,,,,,,,,2.120113912731355e-05,0.0048369804358116995,-13.453007711006364,-0.26906015422012697,0.17262302490803094,0.0048369804358116995,0.5191863292744969
hartmann_3,value,qnei,exact,gaussian,0.25,0,10,"x0,x1,x2",3,0.0,0.0,0.0,,,,,,,,,0.0,0.0138794112047474,-28.134877764191614,-0.5626975552838325,-0.46787812936455353,0.045421994275922195,1.9390706404343128
hartmann_3,value,qnei,exact,gaussian,0.25,20,10,"x0,x1,x2",3,0.0,0.0008073100669798716,0.0015991628359794952,,,,,,,,,0.0017913880987170331,0.0057761353162391,-30.465850061659268,-0.6093170012331854,0.299955434920129,0.021517258789279202,1.7821426825118962
hartmann_3,value,qnei,exact,gaussian,1.0,0,10,"x0,x1,x2",3,0.0,0.0,0.0,,,,,,,,,0.0,0.0493940160536073,-4.601323672305583,-0.09202647344611181,0.9253466319038459,0.774487318379892,25.2126023871477
hartmann_3,value,qnei,exact,gaussian,1.0,20,10,"x0,x1,x2",3,0.0,-0.0017769588054086238,0.0048520907630120735,,,,,,,,,0.005167239821086914,0.018161974336489,-22.554832588870582,-0.45109665177741176,0.42948895174625434,0.1361567353466349,4.604655022820925
hartmann_3,value,qnei,exact,gaussian,5.0,0,10,"x0,x1,x2",3,0.0,0.0,0.0,,,,,,,,,0.0,1.3985206562815196,70.03043335845432,1.4006086671690863,51.517595640450565,3.4366644002205056,142.18581926129386
hartmann_3,value,qnei,exact,gaussian,5.0,20,10,"x0,x1,x2",3,0.0,-0.021515519342412137,-0.08799777876592618,,,,,,,,,0.09058988155589233,0.018161974336489,32.96293411381647,0.6592586822763296,0.42948895174625434,3.3658795854970727,86.44232415572004
steering_law,value,logei,exact,gaussian,0.05,0,10,"x0,x1,x2,x3",4,0.0,0.0,0.0,0.0,,,,,,,,0.0,-0.00011586869047494795,-0.7458585673523004,-0.014917171347046065,-0.011982299693173548,0.0006013626683208,0.08114921943845665
steering_law,value,logei,exact,gaussian,0.05,20,10,"x0,x1,x2,x3",4,0.0,0.0003921089416623058,0.0,0.0,,,,,,,,0.0003921089416623058,8.17296829198e-05,-1.6612990704633397,-0.03322598140926675,0.0008581616706577755,0.0132121050259128,0.12452738415161502
steering_law,value,logei,exact,gaussian,0.25,0,10,"x0,x1,x2,x3",4,0.0,0.0,0.0,0.0,,,,,,,,0.0,-5.849442904734724e-05,-0.44812473995406776,-0.0089624947990814,0.2670162621925436,0.0047972477552425,2.6819635748211526
steering_law,value,logei,exact,gaussian,0.25,20,10,"x0,x1,x2,x3",4,-0.6155869105424365,-0.4455988686218387,1.0,0.0,,,,,,,,1.2559878964975117,8.17296829198e-05,-2.027903217427255,-0.040558064348545086,0.0008581616706577755,0.0132121050259128,0.7588970086757905
steering_law,value,logei,exact,gaussian,1.0,0,10,"x0,x1,x2,x3",4,0.0,0.0,0.0,0.0,,,,,,,,0.0,-0.0001114905550523033,8.175566621053964,0.16351133242107935,1.3576903821273896,0.1700882155434993,9.595047726127017
steering_law,value,logei,exact,gaussian,1.0,20,10,"x0,x1,x2,x3",4,-0.6787700338879001,-0.4455988686218387,1.0,0.0,,,,,,,,1.288133188230644,8.17296829198e-05,-0.07178859103480306,-0.0014357718206960968,0.0008581616706577755,0.25762384592682275,3.0621179670640424
steering_law,value,logei,exact,gaussian,5.0,0,10,"x0,x1,x2,x3",4,0.0,0.0,0.0,0.0,,,,,,,,0.0,0.11342389357382031,16.876357541898912,0.3375271508379783,6.849385690826139,0.5937635128865267,26.30730342942855
steering_law,value,logei,exact,gaussian,5.0,20,10,"x0,x1,x2,x3",4,0.0,-0.4455988686218387,0.9838267208991445,0.0,,,,,,,,1.0800339663511633,8.17296829198e-05,-1.375631901357547,-0.027512638027150982,0.0008581616706577755,0.060449145004452205,1.6626000310281186
steering_law,value,qnei,exact,gaussian,0.05,0,10,"x0,x1,x2,x3",4,0.0,0.0,0.0,0.0,,,,,,,,0.0,9.455317578299648e-05,-11.253159196208344,-0.2250631839241669,0.02294967785990565,0.1065796630348652,0.9146927013336836
steering_law,value,qnei,exact,gaussian,0.05,20,10,"x0,x1,x2,x3",4,0.0,0.0,0.0,0.0,,,,,,,,0.0,0.0,-7.227587034832887,-0.14455174069665777,0.0,0.0022425920469208017,0.07309668212215525
steering_law,value,qnei,exact,gaussian,0.25,0,10,"x0,x1,x2,x3",4,0.0,0.0,0.0,0.0,,,,,,,,0.0,6.526756150693203e-05,-10.748379040533433,-0.2149675808106687,-0.0902194488971011,0.1975136528511194,6.126985898703447
steering_law,value,qnei,exact,gaussian,0.25,20,10,"x0,x1,x2,x3",4,0.0,0.0,0.0,0.0,,,,,,,,0.0,0.0,-12.518518836416689,-0.2503703767283339,0.0,0.0194938830867694,0.20247688519294904
steering_law,value,qnei,exact,gaussian,1.0,0,10,"x0,x1,x2,x3",4,0.0,0.0,0.0,0.0,,,,,,,,0.0,0.0019365208669479017,3.346349474729088,0.06692698949458176,4.4425221507192365,0.1395717408348145,15.805979712840276
steering_law,value,qnei,exact,gaussian,1.0,20,10,"x0,x1,x2,x3",4,0.0,0.0,0.0,0.0,,,,,,,,0.0,0.0,-4.792522946171381,-0.09585045892342758,0.0,0.060562425106308805,2.7658880295151804
steering_law,value,qnei,exact,gaussian,5.0,0,10,"x0,x1,x2,x3",4,0.0,0.0,0.0,0.0,,,,,,,,0.0,0.008436911034847802,17.05433190268392,0.3410866380536781,5.238668658782169,2.0227104241127845,87.2005146624915
steering_law,value,qnei,exact,gaussian,5.0,20,10,"x0,x1,x2,x3",4,-0.8080814287646746,-1.0,1.0,-1.0,,,,,,,,1.9112811398416398,0.0,9.47811480629629,0.1895622961259258,0.0,0.5023316836206752,12.809457932327215
branin,value,logei,exact,gaussian,0.05,0,10,"x0,x1",2,0.0,0.0,,,,,,,,,,0.0,7.846724316853544e-05,-4.803630491663256,-0.0960726098332651,0.11895872284700204,0.004651508414503535,0.4223369530157445
branin,value,logei,exact,gaussian,0.05,20,10,"x0,x1",2,0.00035304783691669783,0.0006258879501963577,,,,,,,,,,0.0007185948102738828,0.0011343328246104355,-4.018537513593802,-0.08037075027187601,0.02530108692195765,0.007358268986762136,0.14000738268035606
branin,value,logei,exact,gaussian,0.25,0,10,"x0,x1",2,0.0,0.0,,,,,,,,,,0.0,0.0018959318541311356,-0.40474734280530456,-0.008094946856106067,0.07894918500275833,0.0018959318541311356,3.729429064646868
branin,value,logei,exact,gaussian,0.25,20,10,"x0,x1",2,-0.05814921339550372,-2.4283263772084043,,,,,,,,,,2.429022504067142,0.0013386904067240353,-2.8573417589422547,-0.05714683517884511,0.031125278012195168,0.049663161501018335,1.1608286181922565
branin,value,logei,exact,gaussian,1.0,0,10,"x0,x1",2,0.0,0.0,,,,,,,,,,0.0,0.016778045599465035,10.693157278306746,0.21386314556613495,0.5477357679807762,0.8772644028975822,30.52618626228581
branin,value,logei,exact,gaussian,1.0,20,10,"x0,x1",2,6.9103792904270085,0.6830412468374019,,,,,,,,,,6.944054095587367,0.0013386904067240353,-1.7919643178985396,-0.0358392863579709,0.031125278012195168,0.08466180991885473,2.3085672151111303
branin,value,logei,exact,gaussian,5.0,0,10,"x0,x1",2,0.0,0.0,,,,,,,,,,0.0,0.005297358819752835,12.421888185441116,0.2484377637088223,0.24606449841416844,0.13886216095228174,4.515469516947318
branin,value,logei,exact,gaussian,5.0,20,10,"x0,x1",2,0.18758631680092064,-1.5514782212068408,,,,,,,,,,1.562777430451975,0.0002987843190011354,9.76917257329055,0.19538345146581104,0.028525512792887897,0.22762698138493073,6.254053279912879
branin,value,qnei,exact,gaussian,0.05,0,10,"x0,x1",2,0.0,0.0,,,,,,,,,,0.0,8.948055700172501e-05,-2.6090386792476963,-0.05218077358495399,-0.013397356581591635,0.003245554879283725,0.31054241280633404
branin,value,qnei,exact,gaussian,0.05,20,10,"x0,x1",2,-0.005980521019612439,0.00998598803096673,,,,,,,,,,0.011639870644497601,0.001248633876282025,-1.8524829753934497,-0.03704965950786898,0.026288795170500034,0.007163290585580025,0.4434825000515931
branin,value,qnei,exact,gaussian,0.25,0,10,"x0,x1",2,0.0,0.0,,,,,,,,,,0.0,0.006001971353974025,3.3133506499284273,0.06626701299856852,0.400985189280402,0.2545090159612378,8.550074554615925
branin,value,qnei,exact,gaussian,0.25,20,10,"x0,x1",2,0.7556699696473963,7.10992708191703,,,,,,,,,,7.149972042826749,0.001248633876282025,1.065210778605561,0.021304215572111096,0.026288795170500034,0.002076495711654725,0.5949326318496426
branin,value,qnei,exact,gaussian,1.0,0,10,"x0,x1",2,0.0,0.0,,,,,,,,,,0.0,0.016859755706074325,18.55266260297019,0.37105325205940387,0.5584230623858564,0.3821186774318454,16.082101418325852
branin,value,qnei,exact,gaussian,1.0,20,10,"x0,x1",2,-6.3556427170256224,0.20056435764507263,,,,,,,,,,6.358806523872103,0.001248633876282025,8.75540756119138,0.1751081512238276,0.026288795170500034,0.3371002026760208,5.850043546916993
branin,value,qnei,exact,gaussian,5.0,0,10,"x0,x1",2,0.0,0.0,,,,,,,,,,0.0,0.016859755706074325,43.081441296936575,0.8616288259387317,0.5584230623858564,1.7416472263243188,73.86189056366123
branin,value,qnei,exact,gaussian,5.0,20,10,"x0,x1",2,-2.0049620753318207,0.16577853956819544,,,,,,,,,,2.011804028154891,0.000600853153083825,25.897303599066998,0.51794607198134,0.009122606005747658,1.1278662192018702,28.755037220973
eggholder,value,logei,exact,gaussian,0.05,0,10,"x0,x1",2,0.0,0.0,,,,,,,,,,0.0,0.03358806500419309,13.574791149147359,0.27149582298294783,0.4198508125524043,0.03358806500419309,0.4198508125524043
eggholder,value,logei,exact,gaussian,0.05,20,10,"x0,x1",2,-0.004686536431734112,0.0015507819458662198,,,,,,,,,,0.004936450989283265,0.03358806500419309,14.081238183553836,0.28162476367107736,0.4198508125524043,0.03358806500419309,0.4198508125524043
eggholder,value,logei,exact,gaussian,0.25,0,10,"x0,x1",2,0.0,0.0,,,,,,,,,,0.0,0.02146073476201682,13.742321503692821,0.2748464300738567,0.4137871474313144,0.08224248551230584,3.96404690513895
eggholder,value,logei,exact,gaussian,0.25,20,10,"x0,x1",2,0.48334066173646306,-0.13790072071742543,,,,,,,,,,0.5026278982132084,0.03358806500419309,12.288031034766433,0.24576062069532956,0.4198508125524043,0.0778908937987085,1.0179390012783642
eggholder,value,logei,exact,gaussian,1.0,0,10,"x0,x1",2,0.0,0.0,,,,,,,,,,0.0,0.03358806500419309,3.4592358237702,0.06918471647540425,0.4198508125524043,1.9554920163673608,69.33372029378248
eggholder,value,logei,exact,gaussian,1.0,20,10,"x0,x1",2,3.493742227572568,-0.6132870183562318,,,,,,,,,,3.547161642723377,0.03358806500419309,2.4714520094631354,0.049429040189262974,0.4198508125524043,0.269585690943716,10.409810574501648
eggholder,value,logei,exact,gaussian,5.0,0,10,"x0,x1",2,0.0,0.0,,,,,,,,,,0.0,0.03358806500419309,42.04282898244908,0.8408565796489826,0.4198508125524043,0.03358806500419309,0.4198508125524043
eggholder,value,logei,exact,gaussian,5.0,20,10,"x0,x1",2,40.40199588306706,687.7780123055147,,,,,,,,,,688.963653237426,-0.6379888101934266,31.347470686472107,0.6269494137294429,-18.720090130579752,1.9554920163673608,57.24057430132603
eggholder,value,qnei,exact,gaussian,0.05,0,10,"x0,x1",2,0.0,0.0,,,,,,,,,,0.0,0.05563623305528731,19.169461401360763,0.38338922802721553,0.7124019766952117,0.05563623305528731,0.7124019766952117
eggholder,value,qnei,exact,gaussian,0.05,20,10,"x0,x1",2,0.0014655739227578124,-0.0025531852955111844,,,,,,,,,,0.002943919509137819,0.009139461171506102,0.3245238840061262,0.006490477680122897,0.09839523497949898,0.05563623305528731,0.7124019766952117
eggholder,value,qnei,exact,gaussian,0.25,0,10,"x0,x1",2,0.0,0.0,,,,,,,,,,0.0,0.05563623305528731,5.229608912722924,0.10459217825445899,0.7124019766952117,0.1607337468927823,4.233168690251304
eggholder,value,qnei,exact,gaussian,0.25,20,10,"x0,x1",2,0.21920028862695062,-0.40385711092864085,,,,,,,,,,0.4595098830077183,0.02080439581477611,17.960880026880687,0.359217600537614,-0.07131436121628809,0.02080439581477611,-0.07131436121628809
eggholder,value,qnei,exact,gaussian,1.0,0,10,"x0,x1",2,0.0,0.0,,,,,,,,,,0.0,0.05563623305528731,26.535661808365063,0.5307132361673017,0.7124019766952117,0.5671194067544907,21.938953685212148
eggholder,value,qnei,exact,gaussian,1.0,20,10,"x0,x1",2,0.5331415613281933,-0.9330236752755923,,,,,,,,,,1.0746036958061504,0.05563623305528731,27.769387285684076,0.555387745713682,0.7124019766952117,0.05563623305528731,0.7124019766952117
eggholder,value,qnei,exact,gaussian,5.0,0,10,"x0,x1",2,0.0,0.0,,,,,,,,,,0.0,-0.4246397601279242,25.59341243488285,0.5118682486976573,-6.2515999244613525,2.983314812593259,125.13874160705902
eggholder,value,qnei,exact,gaussian,5.0,20,10,"x0,x1",2,4.458515598887004,35.18775664280642,,,,,,,,,,35.469093291186425,-0.3434526901435207,32.08419394660535,0.641683878932108,-9.065276641675581,0.7499488476596419,24.07878468557275
griewank,value,logei,exact,gaussian,0.05,0,11,"x0,x1,x2,x3,x4,x5",6,0.0,0.0,0.0,0.0,0.0,0.0,,,,,,0.0,0.030373172230197202,-24.0304600546245,-0.48060920109248984,0.1490365934785558,0.0511326650271542,0.7553427382553899
griewank,value,logei,exact,gaussian,0.05,20,11,"x0,x1,x2,x3,x4,x5",6,-7.646127497960521,22.775075506411568,-62.222746656938256,8.8215045618409,14.329498433308327,125.11136382143245,,,,,,142.7755033502419,0.011128052988658602,-25.68709048019312,-0.5137418096038624,0.27132564659909875,0.0168722408278028,1.263496430608111
griewank,value,logei,exact,gaussian,0.25,0,11,"x0,x1,x2,x3,x4,x5",6,0.0,0.0,0.0,0.0,0.0,0.0,,,,,,0.0,0.1989173369641924,-10.669767832999952,-0.2133953566599991,11.98776356749768,0.4279309998983854,14.760725004275379
griewank,value,logei,exact,gaussian,0.25,20,11,"x0,x1,x2,x3,x4,x5",6,-13.345780808049582,36.268631364604914,-83.71671164643163,8.105269219048704,20.276375715179224,154.82373481341764,,,,,,181.5192192528431,0.011128052988658602,-24.825925689650475,-0.4965185137930095,0.27132564659909875,0.0265932792309171,2.2976665686757443
griewank,value,logei,exact,gaussian,1.0,0,11,"x0,x1,x2,x3,x4,x5",6,0.0,0.0,0.0,0.0,0.0,0.0,,,,,,0.0,0.2482609541353744,-4.41096152065596,-0.08821923041311908,13.592768942713342,0.6282055496925096,23.01565270496993
griewank,value,logei,exact,gaussian,1.0,20,11,"x0,x1,x2,x3,x4,x5",6,-70.03188202203657,16.784767732568127,51.41227700196469,42.62610645010173,-192.56414278381345,-86.68803460952394,,,,,,232.89947302545315,0.011128052988658602,-10.341963729079595,-0.2068392745815919,0.27132564659909875,0.907008539439638,12.97878786230406
griewank,value,logei,exact,gaussian,5.0,0,11,"x0,x1,x2,x3,x4,x5",6,0.0,0.0,0.0,0.0,0.0,0.0,,,,,,0.0,0.9682211529740804,80.10788339051014,1.6021576678102027,33.537871337440826,3.7130937433004854,161.23313907774434
griewank,value,logei,exact,gaussian,5.0,20,11,"x0,x1,x2,x3,x4,x5",6,546.721700510548,236.71743130899955,-639.762057731758,-529.8465320418788,108.21059666992377,612.6325719460829,,,,,,1196.6623582137063,0.011128052988658602,55.52033809128345,1.1104067618256699,0.27132564659909875,1.8281458292567327,50.325301663221175
griewank,value,qnei,exact,gaussian,0.05,0,11,"x0,x1,x2,x3,x4,x5",6,0.0,0.0,0.0,0.0,0.0,0.0,,,,,,0.0,0.0081803071656479,-7.737590767397862,-0.15475181534795812,1.144913731402191,0.0081803071656479,1.144913731402191
griewank,value,qnei,exact,gaussian,0.05,20,11,"x0,x1,x2,x3,x4,x5",6,2.554771185714344e-07,1.2789902825716126e-07,5.909589617658639e-08,-2.0515051346592372e-07,3.046920937777031e-08,-6.656887308054138e-07,,,,,,7.558277824374835e-07,0.0024911448621946983,-0.2530269661906033,-0.005060539323812563,0.06352419398596254,0.0024911448621946983,0.06352419398596254
griewank,value,qnei,exact,gaussian,0.25,0,11,"x0,x1,x2,x3,x4,x5",6,0.0,0.0,0.0,0.0,0.0,0.0,,,,,,0.0,0.0416699364840776,-20.397101088651397,-0.40794202177302896,7.572277596630816,0.0416699364840776,12.811349169387306
griewank,value,qnei,exact,gaussian,0.25,20,11,"x0,x1,x2,x3,x4,x5",6,265.9367242966407,-130.50565932335496,-156.42796262259367,-272.0511874876091,-270.05985594902205,-194.23876865379253,,,,,,544.8822346086106,0.0191955285038943,-23.67137023480238,-0.4734274046960485,0.8493141384242797,0.13999113949775618,3.750588184160261
griewank,value,qnei,exact,gaussian,1.0,0,11,"x0,x1,x2,x3,x4,x5",6,0.0,0.0,0.0,0.0,0.0,0.0,,,,,,0.0,0.3470556009761135,-19.21885622567126,-0.384377124513426,16.910813844494534,0.9011974809854749,30.470574640746996
griewank,value,qnei,exact,gaussian,1.0,20,11,"x0,x1,x2,x3,x4,x5",6,117.97881502837839,-117.91266904500857,-261.27297379054755,-53.12271152092448,-186.82883862566902,130.21462426935193,,,,,,388.2896482593044,0.037617200186208996,-36.81727862397878,-0.7363455724795764,1.1021383984478845,0.24004464457238722,4.849957066211871
griewank,value,qnei,exact,gaussian,5.0,0,11,"x0,x1,x2,x3,x4,x5",6,0.0,0.0,0.0,0.0,0.0,0.0,,,,,,0.0,0.9610252524304913,54.28160619540857,1.0856321239081708,32.851834759340335,2.7918051913814876,107.30224177312603
griewank,value,qnei,exact,gaussian,5.0,20,11,"x0,x1,x2,x3,x4,x5",6,148.6743423874508,-143.28811965060697,-273.75402104252964,-86.786417696584,-311.46528155066665,11.385610149522961,,,,,,471.43286412894497,0.0519071795561645,-17.231025898163367,-0.344620517963268,1.323633078682196,0.2177126860078183,3.614439602766545
levy_10,value,logei,exact,gaussian,0.05,0,11,"x0,x1,x2,x3,x4,x5,x6,x7,x8,x9,x10",11,0.0,0.0,0.0,0.0,0.0,0.0,0.0,0.0,0.0,0.0,0.0,0.0,0.3082754529390433,-0.24940636699838592,-0.004988127339967674,-5.522020383611313,0.3283117547109123,-5.512002232725379
levy_10,value,logei,exact,gaussian,0.05,20,11,"x0,x1,x2,x3,x4,x5,x6,x7,x8,x9,x10",11,-0.26631883549081614,0.03252288931412639,0.7042182294769703,-0.022720335320597584,0.16573207639659326,0.04492024109418491,-0.13929224839578502,0.11149040327327064,-0.4400821072609986,0.211354886040088,0.078768176063027,0.9350336641360854,0.1466798756448746,5.422079524684548,0.10844159049369106,1.0945734024595382,0.1466798756448746,1.1676094719236971
levy_10,value,logei,exact,gaussian,0.25,0,11,"x0,x1,x2,x3,x4,x5,x6,x7,x8,x9,x10",11,0.0,0.0,0.0,0.0,0.0,0.0,0.0,0.0,0.0,0.0,0.0,0.0,0.4356910390317608,3.503731213578803,0.07007462427157574,-4.635028791906215,0.6447667309643825,3.0838044266551137
levy_10,value,logei,exact,gaussian,0.25,20,11,"x0,x1,x2,x3,x4,x5,x6,x7,x8,x9,x10",11,-0.24363641476927178,0.05284808016094089,1.083779330167563,-0.026678705902513755,0.15598801806129714,0.030748443245674828,-0.2519891144430506,0.15096555404218215,-0.6369793173219875,0.3503148526202162,0.04200679562230114,1.3708521329494106,-0.002787792335300604,2.564411148727629,0.0512882229745526,-0.21303452279942547,-0.002787792335300604,-0.10703099712808495
levy_10,value,logei,exact,gaussian,1.0,0,11,"x0,x1,x2,x3,x4,x5,x6,x7,x8,x9,x10",11,0.0,0.0,0.0,0.0,0.0,0.0,0.0,0.0,0.0,0.0,0.0,0.0,0.5134930956612598,3.5038184515244097,0.07007636903048775,-4.159076071472953,0.7216221868968979,3.0815986382300053
levy_10,value,logei,exact,gaussian,1.0,20,11,"x0,x1,x2,x3,x4,x5,x6,x7,x8,x9,x10",11,-3.8898647347202413,-0.47422509417772996,-1.5494470369077136,6.514816514613734,-0.5421937546144395,2.0855664208856064,4.295377105707968,-8.195814019260151,1.9453839372020312,-5.376747163809175,-2.849898230324425,13.83042296408551,0.1631608451876328,-4.678353838853752,-0.0935670767770751,-1.1965339713186793,0.2283171190500508,0.5681999078143747
levy_10,value,logei,exact,gaussian,5.0,0,11,"x0,x1,x2,x3,x4,x5,x6,x7,x8,x9,x10",11,0.0,0.0,0.0,0.0,0.0,0.0,0.0,0.0,0.0,0.0,0.0,0.0,0.8629130104822396,102.27865323888278,2.0455730647776558,21.11979816711726,1.9336105332354627,115.59053358312059
levy_10,value,logei,exact,gaussian,5.0,20,11,"x0,x1,x2,x3,x4,x5,x6,x7,x8,x9,x10",11,-3.984401608253073,4.958257874136713,7.370195287002648,9.488575275154293,6.603015823803757,3.4633291802641133,4.130374056220683,-12.868416566226186,-4.165749107457597,0.9961450920361576,-2.01850485050221,21.10647651532068,0.9840568156769878,96.50202022062538,1.930040404412508,16.66307155957822,4.024650609215789,100.33929836532101
levy_10,value,qnei,exact,gaussian,0.05,0,11,"x0,x1,x2,x3,x4,x5,x6,x7,x8,x9,x10",11,0.0,0.0,0.0,0.0,0.0,0.0,0.0,0.0,0.0,0.0,0.0,0.0,0.0388395399600788,1.4620858547829982,0.029241717095660258,1.5223059607738918,0.11805504091999372,3.2767108616723206
levy_10,value,qnei,exact,gaussian,0.05,20,11,"x0,x1,x2,x3,x4,x5,x6,x7,x8,x9,x10",11,0.009746077657421637,-0.004000221396307069,0.010779076825523148,0.025938733542146153,-0.013946205362247,0.019292686583415097,-0.00013656165410758092,-0.022801064102889512,-0.030643943804264495,-0.03354344142655852,-0.004042980267036533,0.06377433036012048,0.0077830690225995924,-5.20258972184331,-0.10405179443686619,-1.741865888827654,0.010633070820284696,-1.551795940676044
levy_10,value,qnei,exact,gaussian,0.25,0,11,"x0,x1,x2,x3,x4,x5,x6,x7,x8,x9,x10",11,0.0,0.0,0.0,0.0,0.0,0.0,0.0,0.0,0.0,0.0,0.0,0.0,0.32581302714660376,13.473554092010971,0.2694710818402193,10.28009470263246,0.32581302714660376,10.702434470317307
levy_10,value,qnei,exact,gaussian,0.25,20,11,"x0,x1,x2,x3,x4,x5,x6,x7,x8,x9,x10",11,0.40837556494734484,-0.2137114725853717,0.09012986049178107,0.8536110322972221,-0.42906245243698304,0.4201465285979613,0.013275803292772004,-0.040422348568872835,-0.750690332211756,-0.6412500636813163,-0.1040253999380445,1.5156533876362612,0.0527421552012215,-0.00853150556106641,-0.00017063011122120386,-0.8467530710231514,0.0527421552012215,-0.462357188467017
levy_10,value,qnei,exact,gaussian,1.0,0,11,"x0,x1,x2,x3,x4,x5,x6,x7,x8,x9,x10",11,0.0,0.0,0.0,0.0,0.0,0.0,0.0,0.0,0.0,0.0,0.0,0.0,0.28941891052849444,21.989947452573105,0.4397989490514622,1.1929590535608199,1.046661876451804,20.072547972024218
levy_10,value,qnei,exact,gaussian,1.0,20,11,"x0,x1,x2,x3,x4,x5,x6,x7,x8,x9,x10",11,-0.3793462028965493,-0.3568190694606992,10.070287317885132,3.1559058568031917,0.37465383765075,0.16783599635026825,-1.3447668301358013,5.0090073409661535,-8.498375608405613,2.1883377046157295,0.49521768675841304,14.69575411705823,0.33357614491484233,9.01887915371978,0.18037758307439566,3.990074031233803,0.5119918195657892,11.443800425260498
levy_10,value,qnei,exact,gaussian,5.0,0,11,"x0,x1,x2,x3,x4,x5,x6,x7,x8,x9,x10",11,0.0,0.0,0.0,0.0,0.0,0.0,0.0,0.0,0.0,0.0,0.0,0.0,0.1526982741501204,82.99141026985899,1.65982820539718,14.016427650144003,1.4257742736110597,43.07938087655024
levy_10,value,qnei,exact,gaussian,5.0,20,11,"x0,x1,x2,x3,x4,x5,x6,x7,x8,x9,x10",11,-2.562977560285277,-2.6388399037033645,5.952810377913155,4.0530289256792855,-10.02193819088423,-5.57257651030093,3.45424316324826,-8.717421417402667,5.627398678618674,0.619643718014314,7.182274162434634,19.195052678071924,0.33357614491484233,43.71465171198605,0.8742930342397213,3.990074031233803,3.5873259253295817,27.876456262665606
hartmann_6,value,logei,exact,gaussian,0.05,0,11,"x0,x1,x2,x3,x4,x5",6,0.0,0.0,0.0,0.0,0.0,0.0,,,,,,0.0,1.644779045678967,44.200045094165034,0.8840009018832999,44.60718264796688,1.644779045678967,44.60718264796688
hartmann_6,value,logei,exact,gaussian,0.05,20,11,"x0,x1,x2,x3,x4,x5",6,0.0,-0.01537038110814698,-0.001690055746245922,0.0,0.0,0.0005545998864271429,,,,,,0.015472959796662222,-0.020319878585346396,11.62628815952641,0.23252576319052753,-5.055257399773893,-0.019655025006270088,-5.054924972984367
hartmann_6,value,logei,exact,gaussian,0.25,0,11,"x0,x1,x2,x3,x4,x5",6,0.0,0.0,0.0,0.0,0.0,0.0,,,,,,0.0,4.132857594178247,79.58323597323977,1.591664719464795,76.7168797300229,4.248445851104218,86.61302050954967
hartmann_6,value,logei,exact,gaussian,0.25,20,11,"x0,x1,x2,x3,x4,x5",6,0.0,-0.022460124877337784,-0.0025107106625870124,0.0,0.0,0.0005245332051321272,,,,,,0.022606105649140937,-0.013162189194351193,8.047596188578893,0.1609519237715773,3.1598218962401745,-0.013162189194351193,3.4735506553973607
hartmann_6,value,logei,exact,gaussian,1.0,0,11,"x0,x1,x2,x3,x4,x5",6,0.0,0.0,0.0,0.0,0.0,0.0,,,,,,0.0,2.3825149605377893,48.38969758534682,0.9677939517069358,36.49355100687225,3.0624246176406897,66.93286705935779
hartmann_6,value,logei,exact,gaussian,1.0,20,11,"x0,x1,x2,x3,x4,x5",6,0.0,0.020438369770233777,-0.01950620620926291,0.5762410472148519,0.4811037755138366,0.007339312087817462,,,,,,0.751243417176086,2.294144674751397,39.018066359117256,0.7803613271823444,21.42563632408948,2.894680181677182,24.090622992548163
hartmann_6,value,logei,exact,gaussian,5.0,0,11,"x0,x1,x2,x3,x4,x5",6,0.0,0.0,0.0,0.0,0.0,0.0,,,,,,0.0,2.9389746504091043,83.31477306240538,1.6662954612481071,30.68936884875069,5.726243453638892,98.06580478546252
hartmann_6,value,logei,exact,gaussian,5.0,20,11,"x0,x1,x2,x3,x4,x5",6,0.0441859862375191,-0.169844101841019,0.13642458340417873,0.1400462343149082,0.2231745558069399,-0.20136094729118936,,,,,,0.3992206764013916,3.986750501475518,139.9261866284756,2.798523732569513,56.25434338778874,5.1212347834463205,89.67740199264162
hartmann_6,value,qnei,exact,gaussian,0.05,0,11,"x0,x1,x2,x3,x4,x5",6,0.0,0.0,0.0,0.0,0.0,0.0,,,,,,0.0,-0.0784764567748262,-14.315409551383311,-0.2863081910276666,-17.035049766509317,-0.039391487281402,-17.01550728176261
hartmann_6,value,qnei,exact,gaussian,0.05,20,11,"x0,x1,x2,x3,x4,x5",6,0.0,6.686086083218523e-05,-0.0011063062583298033,-0.00104519024871369,0.00043091272097961486,0.00030100951843303747,,,,,,0.0016115517587798537,0.04406898401804059,4.149330680484525,0.08298661360969017,4.248527392649521,0.04406898401804059,4.248527392649521
hartmann_6,value,qnei,exact,gaussian,0.25,0,11,"x0,x1,x2,x3,x4,x5",6,0.0,0.0,0.0,0.0,0.0,0.0,,,,,,0.0,0.17935044148143936,-8.360165315967151,-0.167203306319343,39.7060674047587,0.17935044148143936,41.2149225099987
hartmann_6,value,qnei,exact,gaussian,0.25,20,11,"x0,x1,x2,x3,x4,x5",6,0.0,0.0070681673333355954,-0.0024127724222408886,-0.03463157885368698,0.03214128934177812,0.029135379686597962,,,,,,0.05600945941666303,1.2632318452375486,18.698438283441646,0.37396876566883197,31.40732552301833,1.2632318452375486,32.608846495518605
hartmann_6,value,qnei,exact,gaussian,1.0,0,11,"x0,x1,x2,x3,x4,x5",6,0.0,0.0,0.0,0.0,0.0,0.0,,,,,,0.0,0.680208945653802,25.786010966841786,0.5157202193368349,39.92391321102832,1.5068026253948092,69.7676250191846
hartmann_6,value,qnei,exact,gaussian,1.0,20,11,"x0,x1,x2,x3,x4,x5",6,0.0,-0.0048344958473989785,0.050681352307464705,-0.0013739226077689876,0.0050710039421920095,0.04821509588305761,,,,,,0.07031550353327622,1.5756661459885484,11.708895213157348,0.234177904263146,29.918381491870747,2.7977327257026587,49.89567173155018
hartmann_6,value,qnei,exact,gaussian,5.0,0,11,"x0,x1,x2,x3,x4,x5",6,0.0,0.0,0.0,0.0,0.0,0.0,,,,,,0.0,4.500883639434081,156.13078688245224,3.1226157376490447,134.09211634596497,8.484309477017458,274.9125765772684
hartmann_6,value,qnei,exact,gaussian,5.0,20,11,"x0,x1,x2,x3,x4,x5",6,0.0,-0.02439455735634899,0.0689539266239361,0.07544259438838291,0.009844977712500924,0.07942754460614643,,,,,,0.1320870239722375,2.847191920612512,78.63833011558029,1.5727666023116056,73.48980103685224,5.99364666523745,103.99638502940172
ackley,value,logei,exact,gaussian,0.05,0,11,"x0,x1,x2,x3",4,0.0,0.0,0.0,0.0,,,,,,,,0.0,-0.5458114379843515,-60.19687053609039,-1.2039374107218048,6.865180657493227,-0.5458114379843515,6.865180657493227
ackley,value,logei,exact,gaussian,0.05,20,11,"x0,x1,x2,x3",4,0.039430777336202594,0.1492321431372794,-0.03971799633350637,0.051875982054198744,,,,,,,,0.16761162099782523,-0.4777873356716249,19.918915747948517,0.3983783149589719,1.9899568106284278,-0.4777873356716249,1.9899568106284278
ackley,value,logei,exact,gaussian,0.25,0,11,"x0,x1,x2,x3",4,0.0,0.0,0.0,0.0,,,,,,,,0.0,1.232774590607967,-117.09206695235866,-2.3418413390471713,16.05135451466657,1.232774590607967,16.41822918454676
ackley,value,logei,exact,gaussian,0.25,20,11,"x0,x1,x2,x3",4,0.0623840491730594,0.23741676520828214,-0.06203257574005194,0.08800435723358913,,,,,,,,0.26805092303186295,0.12276288672925162,-36.791081678632395,-0.7358216335726464,2.862986399847671,0.12276288672925162,2.862986399847671
ackley,value,logei,exact,gaussian,1.0,0,11,"x0,x1,x2,x3",4,0.0,0.0,0.0,0.0,,,,,,,,0.0,3.47027320919749,3.999142332242286,0.07998284664484778,219.4410202488179,3.639877190346848,222.6133371262825
ackley,value,logei,exact,gaussian,1.0,20,11,"x0,x1,x2,x3",4,-0.14052809030907976,0.041884192172259915,0.09368839756188962,0.562802386923293,,,,,,,,0.5890895282417694,2.4837655217686576,-81.48526356656669,-1.629705271331332,39.547477936108805,4.059147848553609,50.04765538624173
ackley,value,logei,exact,gaussian,5.0,0,11,"x0,x1,x2,x3",4,0.0,0.0,0.0,0.0,,,,,,,,0.0,13.002377261321183,210.05154103333894,4.20103082066678,382.72720190986655,14.965515713225631,485.9528185723339
ackley,value,logei,exact,gaussian,5.0,20,11,"x0,x1,x2,x3",4,0.08576971100256459,10.628328013438477,-4.569853721793546,7.192639634934132,,,,,,,,13.623007772191215,2.4837655217686576,89.70651273398266,1.7941302546796543,39.547477936108805,9.587041352344642,241.23344465646204
ackley,value,qnei,exact,gaussian,0.05,0,11,"x0,x1,x2,x3",4,0.0,0.0,0.0,0.0,,,,,,,,0.0,-0.8103696633091069,-9.772578374756336,-0.1954515674951267,-73.78342731849295,-0.8103696633091069,-73.78342731849295
ackley,value,qnei,exact,gaussian,0.05,20,11,"x0,x1,x2,x3",4,-0.004477143978161902,0.002292843970621128,0.003205405216282209,0.003500526460136655,,,,,,,,0.006915942435669277,-1.1172592227279026,-28.403681781562227,-0.5680736356312437,-21.40349914782132,-1.1172592227279026,-21.40349914782132
ackley,value,qnei,exact,gaussian,0.25,0,11,"x0,x1,x2,x3",4,0.0,0.0,0.0,0.0,,,,,,,,0.0,-1.6122163912338614,-4.667814415161615,-0.09335628830323195,-29.03643989739078,-1.6122163912338614,-28.413457027225547
ackley,value,qnei,exact,gaussian,0.25,20,11,"x0,x1,x2,x3",4,-0.2927999374596477,0.5769548933798747,0.01474666282704673,0.6246053586179192,,,,,,,,0.8994209639818889,0.07993988418087383,-18.120375231612115,-0.36240750463224103,-0.36298481009896477,0.07993988418087383,-0.36298481009896477
ackley,value,qnei,exact,gaussian,1.0,0,11,"x0,x1,x2,x3",4,0.0,0.0,0.0,0.0,,,,,,,,0.0,0.8325171237278202,38.638389477364285,0.772767789547288,-71.5904034889931,2.121920511822198,-37.42121370449212
ackley,value,qnei,exact,gaussian,1.0,20,11,"x0,x1,x2,x3",4,0.3685714809600955,-0.8814954056102802,-0.11434916313779375,-0.837495148849543,,,,,,,,1.2756774443980665,-0.035100326774454516,-10.89398337172554,-0.2178796674345076,-7.316985064463722,-0.035100326774454516,-7.316985064463722
ackley,value,qnei,exact,gaussian,5.0,0,11,"x0,x1,x2,x3",4,0.0,0.0,0.0,0.0,,,,,,,,0.0,13.579243289650464,258.1619006590007,5.163238013180013,372.380083083343,16.706192249382664,508.21943013644665
ackley,value,qnei,exact,gaussian,5.0,20,11,"x0,x1,x2,x3",4,-0.9473305811771979,1.3557716515463756,-0.8744916536521885,2.289966829070094,,,,,,,,2.9570653918571015,3.8667163321369484,-1.7177885714256718,-0.03435577142851187,59.70757112904397,4.999840934194987,87.46912387946583
powell,value,logei,exact,gaussian,0.05,0,11,"x0,x1,x2,x3",4,0.0,0.0,0.0,0.0,,,,,,,,0.0,0.002713403740112,15.956625603042639,0.3191325120608529,0.0380923056721712,0.008368558798727799,1.879328016764348
powell,value,logei,exact,gaussian,0.05,20,11,"x0,x1,x2,x3",4,-0.42600496860696735,0.36874707123556494,-0.06698691130946255,-0.5554147458854035,,,,,,,,0.793994598253892,-0.0035107271968593,0.32284502205262555,0.0064569004410526265,0.04948432178013046,0.011463737810407099,0.2782062666708353
powell,value,logei,exact,gaussian,0.25,0,11,"x0,x1,x2,x3",4,0.0,0.0,0.0,0.0,,,,,,,,0.0,0.005176708789710299,-7.936351557098494,-0.1587270311419698,0.07042207778773552,0.08168273159471001,2.7146595394197286
powell,value,logei,exact,gaussian,0.25,20,11,"x0,x1,x2,x3",4,-0.5099804901536635,0.45965398772162036,-0.10122970559316391,-0.5554147458854035,,,,,,,,0.8888728154281604,0.0045634086785773,-0.08378777893646827,-0.0016757555787292877,0.09857547509631209,0.0563489513068621,3.496963201323312
powell,value,logei,exact,gaussian,1.0,0,11,"x0,x1,x2,x3",4,0.0,0.0,0.0,0.0,,,,,,,,0.0,-0.0023769113715808,-6.999304251247677,-0.1399860850249535,0.13960784791116215,0.08409967176812319,3.395906327666476
powell,value,logei,exact,gaussian,1.0,20,11,"x0,x1,x2,x3",4,1.6538260920093233,-4.115578625419049,-0.6569488418254761,3.410225494136729,,,,,,,,5.6333247612979775,0.0011574945791503997,2.1872449826948177,0.043744899653896385,0.008318751461499185,0.1748735862155593,2.4958436165269524
powell,value,logei,exact,gaussian,5.0,0,11,"x0,x1,x2,x3",4,0.0,0.0,0.0,0.0,,,,,,,,0.0,0.0100957565709262,40.52902732964703,0.8105805465929408,0.30908035864745426,0.769562492691755,7.546927497613054
powell,value,logei,exact,gaussian,5.0,20,11,"x0,x1,x2,x3",4,5.639621611209989,-0.6636677739316554,0.6499592120656796,4.6015405135375635,,,,,,,,7.33773867801646,0.0045634086785773,51.496814048635194,1.029936280972704,0.09857547509631209,1.0510208053022199,29.117799253365252
powell,value,qnei,exact,gaussian,0.05,0,11,"x0,x1,x2,x3",4,0.0,0.0,0.0,0.0,,,,,,,,0.0,0.0041581779669559,6.401571761733123,0.12803143523466248,0.3601731476145277,0.0277826404740999,0.8530931737636472
powell,value,qnei,exact,gaussian,0.05,20,11,"x0,x1,x2,x3",4,0.00436039389937104,0.014128330083984952,0.020368746276942407,-0.043924325727864755,,,,,,,,0.050624647766297826,0.0,0.08580084691094214,0.0017160169382188784,0.0,0.019532205173748398,0.06836271810811945
powell,value,qnei,exact,gaussian,0.25,0,11,"x0,x1,x2,x3",4,0.0,0.0,0.0,0.0,,,,,,,,0.0,0.011065032905143499,-3.9578033098005996,-0.07915606619601201,0.39123951440085636,0.0195839400527156,2.7400247099857458
powell,value,qnei,exact,gaussian,0.25,20,11,"x0,x1,x2,x3",4,-1.1294250885080452,-0.6125263929973697,-0.6643665167475246,-2.492514149445186,,,,,,,,2.8818048626562955,0.0,1.5303267215241583,0.030606534430483112,0.0,0.0192474358259257,0.5220054404507493
powell,value,qnei,exact,gaussian,1.0,0,11,"x0,x1,x2,x3",4,0.0,0.0,0.0,0.0,,,,,,,,0.0,0.005821527195853899,-2.943228001070011,-0.058864560021400225,0.24277080780995686,0.2901963904829402,3.1102796030937023
powell,value,qnei,exact,gaussian,1.0,20,11,"x0,x1,x2,x3",4,0.8876054601971299,-2.479571820024189,-3.9673281345391422,-2.555862198131752,,,,,,,,5.404465187840008,0.0,4.079708848467874,0.08159417696935761,0.0,0.24734496077759108,5.094642192232369
powell,value,qnei,exact,gaussian,5.0,0,11,"x0,x1,x2,x3",4,0.0,0.0,0.0,0.0,,,,,,,,0.0,0.014377666265477599,25.726462003366397,0.514529240067328,0.48586742193879906,0.3998160936657842,18.720816914951232
powell,value,qnei,exact,gaussian,5.0,20,11,"x0,x1,x2,x3",4,0.18063305116415762,-2.3879554766173574,-3.5929306386401487,-0.5240821949206977,,,,,,,,4.3495715166659465,0.0,16.92012264614547,0.33840245292290944,0.0,0.2891223597602608,7.447819613411743
michalewicz,value,logei,exact,gaussian,0.05,0,11,"x0,x1,x2,x3,x4",5,0.0,0.0,0.0,0.0,0.0,,,,,,,0.0,-0.3867338088239962,-12.580628233765822,-0.251612564675316,-17.25293989073637,-0.34097442196780925,-16.88753654313811
michalewicz,value,logei,exact,gaussian,0.05,20,11,"x0,x1,x2,x3,x4",5,0.0,-0.0026330732123085454,-0.029763801570509063,0.0002160507415955859,0.0,,,,,,,0.02988082389079924,0.0,11.406343020377335,0.2281268604075466,0.0,0.0,0.0
michalewicz,value,logei,exact,gaussian,0.25,0,11,"x0,x1,x2,x3,x4",5,0.0,0.0,0.0,0.0,0.0,,,,,,,0.0,-1.681837985564731,-51.54338402023785,-1.0308676804047572,-61.6825797348275,-1.4844426847925165,-57.70284745893676
michalewicz,value,logei,exact,gaussian,0.25,20,11,"x0,x1,x2,x3,x4",5,0.0,-0.0035657316841719577,-0.04598944510452929,1.7607891981574753e-05,0.0,,,,,,,0.046127473521794804,0.0,-2.412951281742437,-0.04825902563484874,0.0,0.0,1.9803081916538474
michalewicz,value,logei,exact,gaussian,1.0,0,11,"x0,x1,x2,x3,x4",5,0.0,0.0,0.0,0.0,0.0,,,,,,,0.0,-0.1367091811152421,-3.928796157900024,-0.07857592315800055,10.323068730442316,0.630741183276256,21.79236545152574
michalewicz,value,logei,exact,gaussian,1.0,20,11,"x0,x1,x2,x3,x4",5,-1.8017340828698811,0.0272586778371795,0.2321503866710839,-0.003971114187057756,0.0,,,,,,,1.8168374480596285,-0.4096399050960611,-26.897231462171135,-0.5379446292434222,-16.96338736982358,1.4377036077036722,11.638448248343053
michalewicz,value,logei,exact,gaussian,5.0,0,11,"x0,x1,x2,x3,x4",5,0.0,0.0,0.0,0.0,0.0,,,,,,,0.0,1.3738397886669835,86.6350497220646,1.7327009944412923,35.07666441884365,5.162023414617722,130.10693567957836
michalewicz,value,logei,exact,gaussian,5.0,20,11,"x0,x1,x2,x3,x4",5,-0.592397416706357,-0.49491152444956255,-0.1555357769686052,-0.028979390599531696,0.0,,,,,,,0.7879741742913298,0.0,29.495920356202816,0.5899184071240562,0.0,3.8531505503721695,101.4182673906819
michalewicz,value,qnei,exact,gaussian,0.05,0,11,"x0,x1,x2,x3,x4",5,0.0,0.0,0.0,0.0,0.0,,,,,,,0.0,-1.105860915250247,-0.5297461105898833,-0.010594922211797808,-46.61682677992607,-1.105860915250247,-46.594618833749195
michalewicz,value,qnei,exact,gaussian,0.05,20,11,"x0,x1,x2,x3,x4",5,-0.000960207239828037,2.222560814457708e-05,-0.001905493215238696,-0.0002732796952535921,0.0,,,,,,,0.0021512968428913227,-0.9254338788075711,-8.518437574809525,-0.17036875149619135,-8.95105516656966,-0.9254338788075711,-8.95105516656966
michalewicz,value,qnei,exact,gaussian,0.25,0,11,"x0,x1,x2,x3,x4",5,0.0,0.0,0.0,0.0,0.0,,,,,,,0.0,-0.03273186301710185,-2.4400849838673935,-0.048801699677348154,-8.763778657667729,0.007477986473438669,-8.35957714133076
michalewicz,value,qnei,exact,gaussian,0.25,20,11,"x0,x1,x2,x3,x4",5,0.018072058185830908,0.004539381454504943,-0.13094593909121932,-0.0064954674980219895,0.0,,,,,,,0.13242445141876458,0.5950163496541081,-0.19508843647685126,-0.0039017687295377357,1.808571503260481,0.5950163496541081,3.1702560797969284
michalewicz,value,qnei,exact,gaussian,1.0,0,11,"x0,x1,x2,x3,x4",5,0.0,0.0,0.0,0.0,0.0,,,,,,,0.0,1.0880628871979328,23.364028273870645,0.46728056547741215,12.41768414015678,1.5277222178993917,28.373593824020475
michalewicz,value,qnei,exact,gaussian,1.0,20,11,"x0,x1,x2,x3,x4",5,0.12344875695364,-0.023006112449863725,-0.40541709496085754,0.023811767183804067,-2.863979257854541,,,,,,,2.895354224851843,0.5950163496541081,2.492390178246069,0.04984780356492102,5.4447103864240205,1.3375576896466344,25.901891720919764
michalewicz,value,qnei,exact,gaussian,5.0,0,11,"x0,x1,x2,x3,x4",5,0.0,0.0,0.0,0.0,0.0,,,,,,,0.0,0.4655932873037818,32.41537364161354,0.6483074728322702,-18.71685801874196,2.131085514502206,44.008264856571714
michalewicz,value,qnei,exact,gaussian,5.0,20,11,"x0,x1,x2,x3,x4",5,-0.0784563159409537,0.03424420930783878,-0.5852706493523179,0.20816549641161974,-1.2844586546343562,,,,,,,1.4293483486319303,0.5950163496541081,23.01811729379699,0.4603623458759394,8.096332875240421,3.0272004498208807,63.00076083908402
schwefel,value,logei,exact,gaussian,0.05,0,11,"x0,x1,x2,x3",4,0.0,0.0,0.0,0.0,,,,,,,,0.0,0.8808764462306811,-4.639708999442689,-0.09279417998885453,14.547751371679425,0.8808764462306811,14.547751371679425
schwefel,value,logei,exact,gaussian,0.05,20,11,"x0,x1,x2,x3",4,0.0,0.1764608446281528,6.600799336944078,4.584299564288585,,,,,,,,8.038500656927559,1.2725508925907314,17.074930073140706,0.3414986014628125,26.9077969313159,1.2725508925907314,26.9077969313159
schwefel,value,logei,exact,gaussian,0.25,0,11,"x0,x1,x2,x3",4,0.0,0.0,0.0,0.0,,,,,,,,0.0,0.34792346243844785,-4.974939318334663,-0.09949878636669407,14.03086164616468,0.34792346243844785,14.03086164616468
schwefel,value,logei,exact,gaussian,0.25,20,11,"x0,x1,x2,x3",4,0.0,0.22352698480429467,10.131042822027894,7.563127254396363,,,,,,,,12.64471774461145,1.2725508925907314,17.179497575799473,0.34358995151598837,26.9077969313159,1.2725508925907314,26.9077969313159
schwefel,value,logei,exact,gaussian,1.0,0,11,"x0,x1,x2,x3",4,0.0,0.0,0.0,0.0,,,,,,,,0.0,1.6827404929892236,24.37301458471015,0.48746029169420213,38.82890270052859,2.331411548727731,58.29371629525933
schwefel,value,logei,exact,gaussian,1.0,20,11,"x0,x1,x2,x3",4,0.0,4.869563194361518,-4.139386950040262,828.1049042533044,,,,,,,,828.1295669268188,1.2725508925907314,27.240591733239768,0.5448118346647943,26.9077969313159,2.34500337488812,52.05302668695943
schwefel,value,logei,exact,gaussian,5.0,0,11,"x0,x1,x2,x3",4,0.0,0.0,0.0,0.0,,,,,,,,0.0,1.8950376355096044,30.557635543122814,0.6111527108624561,58.93091303927078,1.8950376355096044,118.63250324231332
schwefel,value,logei,exact,gaussian,5.0,20,11,"x0,x1,x2,x3",4,-1000.0,-0.9368316654257995,995.8606130499597,454.15238946492684,,,,,,,,1482.5631963375165,1.2725508925907314,37.52678826477461,0.7505357652954916,26.9077969313159,3.3049816121440307,82.79964171903161
schwefel,value,qnei,exact,gaussian,0.05,0,11,"x0,x1,x2,x3",4,0.0,0.0,0.0,0.0,,,,,,,,0.0,-0.24929625579157477,1.3582442277933637,0.027164884555867186,2.2637519672623228,-0.24929625579157477,2.2637519672623228
schwefel,value,qnei,exact,gaussian,0.05,20,11,"x0,x1,x2,x3",4,0.012169427862318116,-0.03327348986880452,0.02077027075733895,0.21053183510960594,,,,,,,,0.21450006490557777,-1.0789134757167722,-13.806681946742373,-0.27613363893484744,-8.860451007035024,-1.0789134757167722,-8.860451007035024
schwefel,value,qnei,exact,gaussian,0.25,0,11,"x0,x1,x2,x3",4,0.0,0.0,0.0,0.0,,,,,,,,0.0,0.347464574156231,-5.805265044654334,-0.11610530089308568,17.126518704581798,0.38902672650357717,21.000948401917128
schwefel,value,qnei,exact,gaussian,0.25,20,11,"x0,x1,x2,x3",4,-12.619858039970609,-2.4869769710378478,1.3256385249844413,2.3820614092068126,,,,,,,,13.148285266894641,-0.10139585636572868,-7.1308995707370855,-0.1426179914147414,-2.527028637203429,-0.04807533753626325,-1.0525329004943274
schwefel,value,qnei,exact,gaussian,1.0,0,11,"x0,x1,x2,x3",4,0.0,0.0,0.0,0.0,,,,,,,,0.0,-0.3313468676701161,2.4645281103377954,0.04929056220675587,6.278914523176923,0.7294910912745096,26.97474415010811
schwefel,value,qnei,exact,gaussian,1.0,20,11,"x0,x1,x2,x3",4,-17.996933519896288,-73.61003308405935,3.8649570560682776,-54.220464815556966,,,,,,,,93.25836844281687,0.0,10.48800381223441,0.2097600762446885,0.0,1.0124908081023012,14.002466711097668
schwefel,value,qnei,exact,gaussian,5.0,0,11,"x0,x1,x2,x3",4,0.0,0.0,0.0,0.0,,,,,,,,0.0,-0.7593362799046046,10.265055196814728,0.2053011039362942,-15.118636083062327,0.9094648617354832,32.10831432134992
schwefel,value,qnei,exact,gaussian,5.0,20,11,"x0,x1,x2,x3",4,-17.996933519896288,89.68566568160128,42.67137318191749,-47.575876186712264,,,,,,,,111.58726777296485,0.0,14.449836334824681,0.2889967266964928,0.0,2.064366046685088,48.017916940386385
shekel,value,logei,exact,gaussian,0.05,0,11,"x0,x1,x2,x3",4,0.0,0.0,0.0,0.0,,,,,,,,0.0,-0.012758771440857686,35.96619581318373,0.7193239162636687,-58.09677384077395,-0.012758771440857686,-58.09677384077395
shekel,value,logei,exact,gaussian,0.05,20,11,"x0,x1,x2,x3",4,-0.03700853788296232,0.03311283943750798,-0.0023658859434920743,-0.03466865787621565,,,,,,,,0.060610273610045215,0.07070690050908013,13.184441735304972,0.2636888347061017,-4.831824376444729,0.13373756982337426,-4.800309041787386
shekel,value,logei,exact,gaussian,0.25,0,11,"x0,x1,x2,x3",4,0.0,0.0,0.0,0.0,,,,,,,,0.0,-0.16702358417756358,10.57049428184655,0.2114098856369253,-52.00381639784382,-0.16702358417756358,-51.429759358525644
shekel,value,logei,exact,gaussian,0.25,20,11,"x0,x1,x2,x3",4,-0.05630016823763029,0.0525089047453795,-0.00370133778910553,-0.05396458485991751,,,,,,,,0.09408916165891325,0.026312227176880754,34.57755955151424,0.6915511910302783,17.39830448278599,0.026312227176880754,17.39830448278599
shekel,value,logei,exact,gaussian,1.0,0,11,"x0,x1,x2,x3",4,0.0,0.0,0.0,0.0,,,,,,,,0.0,0.2069664070195003,-24.659828637898954,-0.4931965727579879,-45.64598653271605,0.30092495984438017,-42.194569759409205
shekel,value,logei,exact,gaussian,1.0,20,11,"x0,x1,x2,x3",4,0.2502430520481047,0.5493666699720645,0.1086310205345411,0.08576762467569576,,,,,,,,0.6193400578352999,0.19320890213602127,16.997235986572377,0.3399447197314345,-11.24779304272215,0.4991190902689411,-9.473111999754565
shekel,value,logei,exact,gaussian,5.0,0,11,"x0,x1,x2,x3",4,0.0,0.0,0.0,0.0,,,,,,,,0.0,12.032740045954114,275.9426940002659,5.5188538800053095,281.3315325339231,15.225912355369537,399.16354136204336
shekel,value,logei,exact,gaussian,5.0,20,11,"x0,x1,x2,x3",4,-0.8268777350633707,4.965332534175573,4.032330152675926,-3.731267713081247,,,,,,,,7.451194479447437,8.78717310141473,223.7801052255254,4.4756021045105,171.38678884373257,14.904141174546453,339.6034108548547
shekel,value,qnei,exact,gaussian,0.05,0,11,"x0,x1,x2,x3",4,0.0,0.0,0.0,0.0,,,,,,,,0.0,0.0033726459126270925,-5.595773530883434,-0.11191547061766016,-27.42684757867255,0.0033726459126270925,-27.42684757867255
shekel,value,qnei,exact,gaussian,0.05,20,11,"x0,x1,x2,x3",4,5.1580407019358177e-05,0.00017403381163205722,0.00032790995249687427,0.00023703655911866406,,,,,,,,0.0004434631588810769,-0.012277064770437107,-4.92078069735453,-0.09841561394707554,-0.22602524156809523,-0.012277064770437107,-0.22602524156809523
shekel,value,qnei,exact,gaussian,0.25,0,11,"x0,x1,x2,x3",4,0.0,0.0,0.0,0.0,,,,,,,,0.0,0.6087242414725509,-18.618668071417233,-0.37237336142833755,54.19800580600531,0.6087242414725509,54.19800580600531
shekel,value,qnei,exact,gaussian,0.25,20,11,"x0,x1,x2,x3",4,0.0018636941584873057,0.004686865713823707,0.014044677450315568,0.009118265879004994,,,,,,,,0.017488161809047435,0.15987659941833243,-12.663358787418474,-0.25326717574835556,-14.970384826143345,0.3197881678314687,-13.451224926218401
shekel,value,qnei,exact,gaussian,1.0,0,11,"x0,x1,x2,x3",4,0.0,0.0,0.0,0.0,,,,,,,,0.0,4.345075872828666,22.571165074407872,0.45142330148816256,171.57082700412366,5.904513923772463,189.16665391100742
shekel,value,qnei,exact,gaussian,1.0,20,11,"x0,x1,x2,x3",4,-0.004137725131458936,-0.01130884113767383,-0.024373057030851797,-0.02193787063289232,,,,,,,,0.034933175264715406,0.74247221171224,-30.825670878602978,-0.616513417572051,9.140013328475561,0.9205997644402046,10.575910820605259
shekel,value,qnei,exact,gaussian,5.0,0,11,"x0,x1,x2,x3",4,0.0,0.0,0.0,0.0,,,,,,,,0.0,12.141749737780522,200.61916139017467,4.01238322780349,335.5141757135034,14.910881769854768,456.200164435239
shekel,value,qnei,exact,gaussian,5.0,20,11,"x0,x1,x2,x3",4,-0.009054302425941962,-0.050190758352068876,-0.08607559320693792,-0.1013763326910313,,,,,,,,0.1424333570206962,3.2312219928842723,57.28635656503138,1.1457271313006316,57.14495748730178,3.5096939188346425,60.62585656168176
yerkes_dodson,value,logei,exact,gaussian,0.05,0,11,"x0,x1,x2,x3",4,0.0,0.0,0.0,0.0,,,,,,,,0.0,-0.0068772665536847,-10.773327715278839,-0.21546655430557715,0.005336579340799119,0.0010865121938049994,0.07706127294426324
yerkes_dodson,value,logei,exact,gaussian,0.05,20,11,"x0,x1,x2,x3",4,-0.004209442396573115,0.005703214649628308,-0.004914116573797533,0.005996469844717522,,,,,,,,0.010504868153826603,0.007648370546649399,1.253646895803172,0.025072937916063687,-0.22426228450365215,0.0229209705341024,-0.12993909170604923
yerkes_dodson,value,logei,exact,gaussian,0.25,0,11,"x0,x1,x2,x3",4,0.0,0.0,0.0,0.0,,,,,,,,0.0,0.1325751881829471,-46.33924762471547,-0.9267849524943093,4.073885645783228,0.2368477441243004,9.64850421381064
yerkes_dodson,value,logei,exact,gaussian,0.25,20,11,"x0,x1,x2,x3",4,-0.006261962571174007,0.008541628188687644,-0.008029717997144914,0.009433985901015796,,,,,,,,0.016298713091861126,0.000885227312609,-8.61600089036041,-0.17232001780720774,-0.6757183393959423,0.006830428193601799,0.28279321465587515
yerkes_dodson,value,logei,exact,gaussian,1.0,0,11,"x0,x1,x2,x3",4,0.0,0.0,0.0,0.0,,,,,,,,0.0,0.14138657342321,-24.803069659555803,-0.49606139319111575,20.006922723267188,1.4154476479173388,47.78790734029984
yerkes_dodson,value,logei,exact,gaussian,1.0,20,11,"x0,x1,x2,x3",4,0.056975229227615554,-0.04187031751778214,-0.00863566771416352,-0.03183253054648921,,,,,,,,0.07802041394687577,0.4361781536305185,-24.93741508113129,-0.49874830162262596,10.966952628171633,1.5896646800580658,29.088686487150213
yerkes_dodson,value,logei,exact,gaussian,5.0,0,11,"x0,x1,x2,x3",4,0.0,0.0,0.0,0.0,,,,,,,,0.0,0.9592172323491327,31.687201352897517,0.6337440270579506,45.56080963191022,3.451401705391846,117.79584470773811
yerkes_dodson,value,logei,exact,gaussian,5.0,20,11,"x0,x1,x2,x3",4,-0.02367882161968965,-0.01730489133545965,-0.045067805815916406,-0.04735005129884701,,,,,,,,0.07164691435430935,0.531168676237832,42.35544914069959,0.8471089828139919,13.674182522480088,0.7564024144857431,19.973697679549204
yerkes_dodson,value,qnei,exact,gaussian,0.05,0,11,"x0,x1,x2,x3",4,0.0,0.0,0.0,0.0,,,,,,,,0.0,0.0028957060454968004,-1.6471968958870349,-0.03294393791774075,2.2310567322351424,0.010445251841698401,2.3523861397157866
yerkes_dodson,value,qnei,exact,gaussian,0.05,20,11,"x0,x1,x2,x3",4,-0.09787491136940152,0.1048033567338243,-0.019113358283086357,-0.2293776906466637,,,,,,,,0.27118755002672895,0.0063899364207941995,-4.121500025911459,-0.08243000051822902,0.16790355908890575,0.0096026071389104,0.33273081355818945
yerkes_dodson,value,qnei,exact,gaussian,0.25,0,11,"x0,x1,x2,x3",4,0.0,0.0,0.0,0.0,,,,,,,,0.0,0.0058454757267938,-23.11251420269363,-0.4622502840538725,-0.19316253677551387,0.0583402731685614,3.127502356261285
yerkes_dodson,value,qnei,exact,gaussian,0.25,20,11,"x0,x1,x2,x3",4,-0.018739911107163,0.13886571169030965,-0.335670865149428,-0.5169009231735395,,,,,,,,0.6320572475965951,0.0585664484732642,-27.007327575015978,-0.5401465515003196,1.5708369315906623,0.0585664484732642,4.975889759053988
yerkes_dodson,value,qnei,exact,gaussian,1.0,0,11,"x0,x1,x2,x3",4,0.0,0.0,0.0,0.0,,,,,,,,0.0,1.1372458330829232,-3.4294775597944778,-0.06858955119588961,41.61359300413204,2.1533923635007883,59.64140133566879
yerkes_dodson,value,qnei,exact,gaussian,1.0,20,11,"x0,x1,x2,x3",4,0.15777443961469734,-0.039919531183020884,-0.1918034866641083,-0.4308733281470286,,,,,,,,0.49892559081551396,0.0788064182364754,-40.73099126408249,-0.8146198252816499,1.3083982395520657,0.0788064182364754,3.2116539470881413
yerkes_dodson,value,qnei,exact,gaussian,5.0,0,11,"x0,x1,x2,x3",4,0.0,0.0,0.0,0.0,,,,,,,,0.0,1.7616130995774224,85.14486573849271,1.7028973147698543,59.75192859608124,3.6151772641075746,141.38399765366364
yerkes_dodson,value,qnei,exact,gaussian,5.0,20,11,"x0,x1,x2,x3",4,0.15785909214404042,-0.0051138786687325855,-0.1812590643842963,-0.4966476494439101,,,,,,,,0.5517783801919124,0.1071666549193173,-9.872375380850514,-0.19744750761701013,1.886738273490007,0.5970788382743768,22.72062324950402
rosenbrock,value,logei,exact,gaussian,0.05,0,11,"x0,x1,x2,x3",4,0.0,0.0,0.0,0.0,,,,,,,,0.0,0.00013122175358520004,-4.177078525407358,-0.0835415705081472,0.1585835434732128,0.015089280934091,0.7322873671778334
rosenbrock,value,logei,exact,gaussian,0.05,20,11,"x0,x1,x2,x3",4,-0.4363019036219242,0.09509330589119358,0.7480966504620834,0.0,,,,,,,,0.8712351498659933,0.0052183623205435,-3.350503577515358,-0.0670100715503072,0.09471602795358569,0.0301493296542655,0.6118546729397452
rosenbrock,value,logei,exact,gaussian,0.25,0,11,"x0,x1,x2,x3",4,0.0,0.0,0.0,0.0,,,,,,,,0.0,0.0060087029631369,7.475181558388407,0.1495036311677681,0.51376494111092,0.1555163556457689,4.2453569947669845
rosenbrock,value,logei,exact,gaussian,0.25,20,11,"x0,x1,x2,x3",4,-0.6463254451065827,0.12372930277285477,1.1074786706079112,0.0,,,,,,,,1.28823698410205,0.006206320319483601,-1.8476135006743704,-0.0369522700134875,0.09619796495199573,0.0615630140008903,2.7768191987107076
rosenbrock,value,logei,exact,gaussian,1.0,0,11,"x0,x1,x2,x3",4,0.0,0.0,0.0,0.0,,,,,,,,0.0,0.0155881594469465,6.822512581623933,0.1364502516324786,1.1474507431260266,0.1253853826683585,10.16679310089102
rosenbrock,value,logei,exact,gaussian,1.0,20,11,"x0,x1,x2,x3",4,-2.8313193857047136,5.415701065006636,-1.0165281865080067,0.0,,,,,,,,6.1951204220213985,0.0033186763951872002,-2.363402480777598,-0.04726804961555198,0.01678775703384483,0.017639479690785997,1.3308423754172458
rosenbrock,value,logei,exact,gaussian,5.0,0,11,"x0,x1,x2,x3",4,0.0,0.0,0.0,0.0,,,,,,,,0.0,0.0331976858120178,31.664612045422654,0.6332922409084529,1.2944540039851824,0.347463628016122,7.099176264138672
rosenbrock,value,logei,exact,gaussian,5.0,20,11,"x0,x1,x2,x3",4,-4.186682008674083,-1.0561590826676195,11.82427882127139,15.0,,,,,,,,19.58206699745519,0.006206320319483601,45.91894525563545,0.9183789051127088,0.09619796495199573,5.186337669039948,144.78495207995633
rosenbrock,value,qnei,exact,gaussian,0.05,0,11,"x0,x1,x2,x3",4,0.0,0.0,0.0,0.0,,,,,,,,0.0,-0.0048587212694469,2.0877042219933344,0.04175408443986661,-0.029010077396613987,0.0133126926090599,0.9157120249580848
rosenbrock,value,qnei,exact,gaussian,0.05,20,11,"x0,x1,x2,x3",4,0.0055124419793575186,0.014604420893199244,-0.038939039752772686,0.0,,,,,,,,0.04195145936757754,-0.0006628569671815994,-0.3624877031955869,-0.007249754063911762,-0.005634284221043284,0.035909159081017,0.20336251929625737
rosenbrock,value,qnei,exact,gaussian,0.25,0,11,"x0,x1,x2,x3",4,0.0,0.0,0.0,0.0,,,,,,,,0.0,-0.0069136361183739,3.8123839675067295,0.0762476793501346,-0.29856540458179426,0.0511319045121381,1.6212251763014518
rosenbrock,value,qnei,exact,gaussian,0.25,20,11,"x0,x1,x2,x3",4,3.978669011745172,2.7964034731889633,-3.41255841511882,0.0,,,,,,,,5.940979248110775,0.0,0.3370761684325103,0.0067415233686501375,0.0,0.0296682165271799,0.8158759544974477
rosenbrock,value,qnei,exact,gaussian,1.0,0,11,"x0,x1,x2,x3",4,0.0,0.0,0.0,0.0,,,,,,,,0.0,0.0034483235262845,-4.3282012084091726,-0.08656402416818348,0.1118507577450476,0.0215421907251707,0.840913557453469
rosenbrock,value,qnei,exact,gaussian,1.0,20,11,"x0,x1,x2,x3",4,5.106336165611642,0.26604511274366316,2.2664267500926014,15.0,,,,,,,,16.00881442367871,-0.0039624855834131,7.8177211021284485,0.156354422042569,-0.00990621395853264,0.1560138624036263,4.117104893790729
rosenbrock,value,qnei,exact,gaussian,5.0,0,11,"x0,x1,x2,x3",4,0.0,0.0,0.0,0.0,,,,,,,,0.0,0.0334567556156641,31.072538252434445,0.6214507650486889,1.3590790476624364,1.3723530720494304,62.95905294985056
rosenbrock,value,qnei,exact,gaussian,5.0,20,11,"x0,x1,x2,x3",4,6.020719849929714,-0.024302032038062027,2.4553210060412374,15.0,,,,,,,,16.348647018723177,0.0,18.169786910003868,0.3633957382000773,0.0,0.1802166926553057,9.995685965304117
rastrigin,value,logei,exact,gaussian,0.05,0,11,"x0,x1,x2,x3",4,0.0,0.0,0.0,0.0,,,,,,,,0.0,-0.1404978580572842,14.323662268547935,0.2864732453709591,7.96400643061618,-0.1404978580572842,7.96400643061618
rastrigin,value,logei,exact,gaussian,0.05,20,11,"x0,x1,x2,x3",4,-0.2566231441221958,0.045848668579692005,-0.013651867709416399,-0.017331121137289962,,,,,,,,0.2616185768662511,1.0451147327930164,5.419299670755663,0.1083859934151139,7.788480237374586,1.0451147327930164,7.788480237374586
rastrigin,value,logei,exact,gaussian,0.25,0,11,"x0,x1,x2,x3",4,0.0,0.0,0.0,0.0,,,,,,,,0.0,-0.2812355924778145,-0.07683964168211332,-0.0015367928336420533,-4.932291539538625,-0.2812355924778145,-0.46335415615573083
rastrigin,value,logei,exact,gaussian,0.25,20,11,"x0,x1,x2,x3",4,-0.4107121353727221,0.06902261643046351,-0.021880162103251832,-0.034404962770568814,,,,,,,,0.41846268970869666,1.0321142358445237,3.328729603352201,0.06657459206704441,6.956434809564939,1.1683168299115676,8.273516486875423
rastrigin,value,logei,exact,gaussian,1.0,0,11,"x0,x1,x2,x3",4,0.0,0.0,0.0,0.0,,,,,,,,0.0,0.6512880218284796,12.253170997530788,0.2450634199506161,6.831354915826438,0.6874646193550369,7.204191003435028
rastrigin,value,logei,exact,gaussian,1.0,20,11,"x0,x1,x2,x3",4,0.8890224611357216,-0.42907828949354637,0.06449485833445578,0.042077725452846715,,,,,,,,0.9901511180872291,1.2086057152818577,23.279058681249012,0.4655811736249804,8.360698676085534,2.42112241043309,38.4257551427997
rastrigin,value,logei,exact,gaussian,5.0,0,11,"x0,x1,x2,x3",4,0.0,0.0,0.0,0.0,,,,,,,,0.0,2.018325062728452,73.41433102111267,1.468286620422254,38.72517420533282,4.342382918157947,60.80372383191305
rastrigin,value,logei,exact,gaussian,5.0,20,11,"x0,x1,x2,x3",4,-2.9559142864750836,0.3012645494416606,-0.9681011499628278,-1.440119212856661,,,,,,,,3.4408360585090403,0.9258081381517314,62.1953375226019,1.2439067504520382,0.5837653050070628,0.9258081381517314,2.7178989757314866
rastrigin,value,qnei,exact,gaussian,0.05,0,11,"x0,x1,x2,x3",4,0.0,0.0,0.0,0.0,,,,,,,,0.0,0.25457563621088886,-26.004443531420435,-0.5200888706284079,-34.159891449686995,0.25457563621088886,-34.159891449686995
rastrigin,value,qnei,exact,gaussian,0.05,20,11,"x0,x1,x2,x3",4,-0.3223488603198441,-0.0030317822638923353,-0.25639929683985696,1.516234572208405,,,,,,,,1.5711861305501573,0.16108361692456974,-19.4899585542625,-0.3897991710852491,-8.20081719613107,0.16108361692456974,-8.20081719613107
rastrigin,value,qnei,exact,gaussian,0.25,0,11,"x0,x1,x2,x3",4,0.0,0.0,0.0,0.0,,,,,,,,0.0,-0.19922143597631548,-20.29965361576504,-0.4059930723153,-33.17138891669286,-0.19922143597631548,-33.038723897696826
rastrigin,value,qnei,exact,gaussian,0.25,20,11,"x0,x1,x2,x3",4,0.11931806235491038,-0.1495783762587224,0.08193597987091694,0.46120478595432424,,,,,,,,0.5059978755221286,0.6188322333578673,-6.673787926770757,-0.13347575853541427,-7.335490151478879,0.6188322333578673,-7.335490151478879
rastrigin,value,qnei,exact,gaussian,1.0,0,11,"x0,x1,x2,x3",4,0.0,0.0,0.0,0.0,,,,,,,,0.0,0.5805983591852018,-16.105613411907825,-0.32211226823815586,-17.476575981474284,0.7829425111451809,-12.78806652992536
rastrigin,value,qnei,exact,gaussian,1.0,20,11,"x0,x1,x2,x3",4,-0.7200083179730234,0.13962291285191775,0.6913568975036941,3.865229308040699,,,,,,,,3.9944810049875454,0.3531675873885689,-3.625968173596533,-0.07251936347193011,-0.3771422352512701,1.0931753141080662,10.462177230872385
rastrigin,value,qnei,exact,gaussian,5.0,0,11,"x0,x1,x2,x3",4,0.0,0.0,0.0,0.0,,,,,,,,0.0,1.4084840810076042,30.721159186712867,0.6144231837342575,7.957766785393105,1.7141773025594014,28.968753675868015
rastrigin,value,qnei,exact,gaussian,5.0,20,11,"x0,x1,x2,x3",4,-0.7520193153586896,0.280693512789298,0.15857630051767524,3.787620368532634,,,,,,,,3.8749885674674847,1.25384177502781,17.15272866268549,0.3430545732537107,3.8597456769285543,4.376327675388087,29.372031924025578
stevens,value,logei,exact,gaussian,0.05,0,11,"x0,x1,x2,x3",4,0.0,0.0,0.0,0.0,,,,,,,,0.0,0.0,4.166251248313962,0.08332502496627914,-0.013605195119779978,0.0,0.047428647735195284
stevens,value,logei,exact,gaussian,0.05,20,11,"x0,x1,x2,x3",4,0.0,0.0,0.0,0.0,,,,,,,,0.0,0.0,-0.014671723316020291,-0.00029343446632046355,0.0,0.0,0.0
stevens,value,logei,exact,gaussian,0.25,0,11,"x0,x1,x2,x3",4,0.0,0.0,0.0,0.0,,,,,,,,0.0,0.0,0.38443081091951115,0.007688616218390232,1.77858576593772,0.0,2.8861286857035466
stevens,value,logei,exact,gaussian,0.25,20,11,"x0,x1,x2,x3",4,0.0,0.0,0.0,0.0,,,,,,,,0.0,0.0,0.021593090358337008,0.0004318618071667002,0.0,0.0,0.0
stevens,value,logei,exact,gaussian,1.0,0,11,"x0,x1,x2,x3",4,0.0,0.0,0.0,0.0,,,,,,,,0.0,0.1435719339931074,41.27293056562121,0.825458611312424,25.122084480824206,0.6530669749492963,41.66418767955298
stevens,value,logei,exact,gaussian,1.0,20,11,"x0,x1,x2,x3",4,0.0,0.0,0.0,0.0,,,,,,,,0.0,0.0,0.5443007107182041,0.010886014214364081,0.0,0.0,0.0
stevens,value,logei,exact,gaussian,5.0,0,11,"x0,x1,x2,x3",4,0.0,0.0,0.0,0.0,,,,,,,,0.0,1.9064101593472509,168.9601071471458,3.3792021429429155,75.49172749906765,6.912415440507612,216.18538025882535
stevens,value,logei,exact,gaussian,5.0,20,11,"x0,x1,x2,x3",4,0.0,-1.0,0.0,0.0,,,,,,,,1.0,0.0,24.607782618045903,0.49215565236091785,0.0,1.9064101593472509,54.33268954139665
stevens,value,qnei,exact,gaussian,0.05,0,11,"x0,x1,x2,x3",4,0.0,0.0,0.0,0.0,,,,,,,,0.0,0.0,-3.1461010536443155,-0.06292202107288603,-0.15616520231263564,0.0,-0.15616520231263564
stevens,value,qnei,exact,gaussian,0.05,20,11,"x0,x1,x2,x3",4,0.0,0.0,0.0,0.0,,,,,,,,0.0,0.0,0.0,0.0,0.0,0.0,0.0
stevens,value,qnei,exact,gaussian,0.25,0,11,"x0,x1,x2,x3",4,0.0,0.0,0.0,0.0,,,,,,,,0.0,0.0,-9.48522960659146,-0.18970459213182922,18.27597154443839,0.0,22.9797464293448
stevens,value,qnei,exact,gaussian,0.25,20,11,"x0,x1,x2,x3",4,0.0,0.0,0.0,0.0,,,,,,,,0.0,0.0,0.0,0.0,0.0,0.0,0.0
stevens,value,qnei,exact,gaussian,1.0,0,11,"x0,x1,x2,x3",4,0.0,0.0,0.0,0.0,,,,,,,,0.0,0.0,-39.54986965783944,-0.7909973931567882,32.651090489619165,0.4573871920615007,48.441515405394725
stevens,value,qnei,exact,gaussian,1.0,20,11,"x0,x1,x2,x3",4,0.025481789337082006,0.6018490513841115,0.29855197972080283,0.14909362977541252,,,,,,,,0.6886463513840705,0.0,-28.708456374127223,-0.5741691274825445,0.0,0.4465312551548535,15.236888225742817
stevens,value,qnei,exact,gaussian,5.0,0,11,"x0,x1,x2,x3",4,0.0,0.0,0.0,0.0,,,,,,,,0.0,0.0,4.181003815620954,0.08362007631241974,19.19114965324202,3.029670958312556,121.17623241259689
stevens,value,qnei,exact,gaussian,5.0,20,11,"x0,x1,x2,x3",4,0.025481789337082006,0.440709562336253,0.04352380738021766,0.07015501171140448,,,,,,,,0.449099418168771,0.0,-14.746330438899093,-0.2949266087779816,0.0,1.3180745836442926,39.23934907895948
hicks_law,value,logei,exact,gaussian,0.05,0,11,"x0,x1,x2,x3",4,0.0,0.0,0.0,0.0,,,,,,,,0.0,0.0,-24.578576575708723,-0.49157153151417465,-0.3206519674545518,0.0,-0.3206519674545518
hicks_law,value,logei,exact,gaussian,0.05,20,11,"x0,x1,x2,x3",4,0.0,0.0,0.0,0.0,,,,,,,,0.0,0.0,-5.469599576417224,-0.10939199152834433,0.0,0.0,0.0
hicks_law,value,logei,exact,gaussian,0.25,0,11,"x0,x1,x2,x3",4,0.0,0.0,0.0,0.0,,,,,,,,0.0,0.0,-42.56452089889993,-0.8512904179779985,1.6934476569471002,0.0,1.6934476569471002
hicks_law,value,logei,exact,gaussian,0.25,20,11,"x0,x1,x2,x3",4,0.0,0.0,0.0,0.0,,,,,,,,0.0,0.0,-39.494087386068585,-0.7898817477213715,0.0,0.0,0.0
hicks_law,value,logei,exact,gaussian,1.0,0,11,"x0,x1,x2,x3",4,0.0,0.0,0.0,0.0,,,,,,,,0.0,0.0,-25.943144940338044,-0.5188628988067607,3.215559965392629,0.0,8.661278520776783
hicks_law,value,logei,exact,gaussian,1.0,20,11,"x0,x1,x2,x3",4,0.0,0.0,0.0,0.0,,,,,,,,0.0,0.0,-39.494087386068585,-0.7898817477213715,0.0,0.0,7.105427357601002e-15
hicks_law,value,logei,exact,gaussian,5.0,0,11,"x0,x1,x2,x3",4,0.0,0.0,0.0,0.0,,,,,,,,0.0,0.0,28.867451656187995,0.5773490331237601,52.443982198630096,1.162653560197926,113.56353550760781
hicks_law,value,logei,exact,gaussian,5.0,20,11,"x0,x1,x2,x3",4,0.0,0.0,0.0,2.1713427193431176,,,,,,,,2.1713427193431176,0.0,36.57923184878487,0.7315846369756978,0.0,1.17291740018657,33.207138267908306
hicks_law,value,qnei,exact,gaussian,0.05,0,11,"x0,x1,x2,x3",4,0.0,0.0,0.0,0.0,,,,,,,,0.0,0.0,-4.7968297503748545,-0.09593659500749752,-0.029131047933248055,0.0,-0.029131047933248055
hicks_law,value,qnei,exact,gaussian,0.05,20,11,"x0,x1,x2,x3",4,0.0,0.0,0.0,0.0,,,,,,,,0.0,0.0,0.0,0.0,0.0,0.0,0.0
hicks_law,value,qnei,exact,gaussian,0.25,0,11,"x0,x1,x2,x3",4,0.0,0.0,0.0,0.0,,,,,,,,0.0,0.0,-17.664395441357584,-0.3532879088271512,0.6374502361370133,0.1334552892385447,3.1063730870500947
hicks_law,value,qnei,exact,gaussian,0.25,20,11,"x0,x1,x2,x3",4,0.0,0.0,0.0,0.0,,,,,,,,0.0,0.0,0.0,0.0,0.0,0.0,0.0
hicks_law,value,qnei,exact,gaussian,1.0,0,11,"x0,x1,x2,x3",4,0.0,0.0,0.0,0.0,,,,,,,,0.0,1.8166483555509945,-69.68424689025514,-1.3936849378051033,84.10248719804675,2.180964853751477,95.35782893398041
hicks_law,value,qnei,exact,gaussian,1.0,20,11,"x0,x1,x2,x3",4,0.0,0.0,0.0,0.0,,,,,,,,0.0,0.0,-20.33124361179796,-0.406624872235958,0.0,0.9233771472231068,7.848705751396402
hicks_law,value,qnei,exact,gaussian,5.0,0,11,"x0,x1,x2,x3",4,0.0,0.0,0.0,0.0,,,,,,,,0.0,1.396433476265,-46.140271993369424,-0.9228054398673873,83.12377772190658,1.396433476265,124.29744428498174
hicks_law,value,qnei,exact,gaussian,5.0,20,11,"x0,x1,x2,x3",4,-9.745182106629182,-3.981509486158885,-4.387533602526493,-6.998301577221573,,,,,,,,13.380869484408695,0.0,-47.64384756463946,-0.9528769512927884,0.0,1.7921865896895306,48.043727559346124
power_law_practice,value,logei,exact,gaussian,0.05,0,11,"x0,x1,x2,x3",4,0.0,0.0,0.0,0.0,,,,,,,,0.0,0.0,-22.638452656855883,-0.4527690531371177,1.9870056756204661,0.0,2.0184204521869518
power_law_practice,value,logei,exact,gaussian,0.05,20,11,"x0,x1,x2,x3",4,0.0,0.0,0.0,0.0,,,,,,,,0.0,0.0,-6.930088023363382,-0.1386017604672677,0.0,0.0,0.0
power_law_practice,value,logei,exact,gaussian,0.25,0,11,"x0,x1,x2,x3",4,0.0,0.0,0.0,0.0,,,,,,,,0.0,0.0,-19.61996844915106,-0.3923993689830212,4.259580550566394,0.066567706676355,8.834183241635277
power_law_practice,value,logei,exact,gaussian,0.25,20,11,"x0,x1,x2,x3",4,0.0,0.0,0.0,0.0,,,,,,,,0.0,0.0,-8.478988579543461,-0.16957977159086923,0.0,0.0,0.2307777365991317
power_law_practice,value,logei,exact,gaussian,1.0,0,11,"x0,x1,x2,x3",4,0.0,0.0,0.0,0.0,,,,,,,,0.0,0.5231161247042972,8.094944878943217,0.16189889757886444,21.464076241546138,0.8783165955221967,35.74125348923689
power_law_practice,value,logei,exact,gaussian,1.0,20,11,"x0,x1,x2,x3",4,-1.0,0.0,0.0,-0.48920095669581665,,,,,,,,1.1132464129886528,0.0,0.7705379310827425,0.015410758621654752,0.0,1.257315047276491,25.407676120984398
power_law_practice,value,logei,exact,gaussian,5.0,0,11,"x0,x1,x2,x3",4,0.0,0.0,0.0,0.0,,,,,,,,0.0,0.4111116557052472,46.3019373163072,0.9260387463261446,31.81254996535278,0.6118926017056956,114.1458782733321
power_law_practice,value,logei,exact,gaussian,5.0,20,11,"x0,x1,x2,x3",4,-0.3203239769968018,-0.007873362402805784,0.0,0.0,,,,,,,,0.3204207235410555,0.0,-3.056457912870549,-0.06112915825741094,0.0,0.3643401033508584,10.215058560435569
power_law_practice,value,qnei,exact,gaussian,0.05,0,11,"x0,x1,x2,x3",4,0.0,0.0,0.0,0.0,,,,,,,,0.0,0.0,-1.8904204312227435,-0.037808408624455,0.9036693191850738,0.0789221893672491,4.008100421734152
power_law_practice,value,qnei,exact,gaussian,0.05,20,11,"x0,x1,x2,x3",4,0.0,0.0,1.0,0.0,,,,,,,,1.0,0.0,3.7837925372261907,0.07567585074452388,0.0,0.0,0.0
power_law_practice,value,qnei,exact,gaussian,0.25,0,11,"x0,x1,x2,x3",4,0.0,0.0,0.0,0.0,,,,,,,,0.0,0.0,-17.62956719503596,-0.3525913439007192,8.054420073128256,0.2736191228367381,15.250881820965322
power_law_practice,value,qnei,exact,gaussian,0.25,20,11,"x0,x1,x2,x3",4,0.0,0.0,1.0,-0.4293053856984771,,,,,,,,1.0882569155257955,0.0,-4.866422359770539,-0.09732844719541078,0.0,0.3908274445897786,1.926405979949994
power_law_practice,value,qnei,exact,gaussian,1.0,0,11,"x0,x1,x2,x3",4,0.0,0.0,0.0,0.0,,,,,,,,0.0,0.1726671251837297,2.285504206732341,0.04571008413464672,16.394769685412715,0.9470095027190264,28.862773341275307
power_law_practice,value,qnei,exact,gaussian,1.0,20,11,"x0,x1,x2,x3",4,1.0,0.6242223609028824,1.0,0.0,,,,,,,,1.5458504312679053,0.0,-14.861755417625695,-0.297235108352514,0.0,0.5577634534607092,18.857771870192238
power_law_practice,value,qnei,exact,gaussian,5.0,0,11,"x0,x1,x2,x3",4,0.0,0.0,0.0,0.0,,,,,,,,0.0,0.0,15.494249843130504,0.30988499686260984,23.403545391415513,1.470065554298241,58.492926313262366
power_law_practice,value,qnei,exact,gaussian,5.0,20,11,"x0,x1,x2,x3",4,1.0,0.6848811229089442,0.8050997365367975,-0.08344863903355038,,,,,,,,1.4574674657244289,0.0,9.97393958029275,0.1994787916058549,0.0,0.7058950551743819,20.36524927763709
weber_fechner,value,logei,exact,gaussian,0.05,0,11,"x0,x1,x2,x3",4,0.0,0.0,0.0,0.0,,,,,,,,0.0,0.0,-38.41139383325812,-0.7682278766651623,-1.2158002572512423,0.0,-1.1993541993257786
weber_fechner,value,logei,exact,gaussian,0.05,20,11,"x0,x1,x2,x3",4,0.0,0.0023381828751696254,0.0,0.0,,,,,,,,0.0023381828751696254,0.0,-7.222979599653769,-0.14445959199307534,0.0,0.0,0.3118381057964257
weber_fechner,value,logei,exact,gaussian,0.25,0,11,"x0,x1,x2,x3",4,0.0,0.0,0.0,0.0,,,,,,,,0.0,0.1466751569229143,-32.719760022406085,-0.6543952004481216,5.910463745553187,0.3531664937980316,13.381749533803895
weber_fechner,value,logei,exact,gaussian,0.25,20,11,"x0,x1,x2,x3",4,0.0,-0.00020751626657022904,0.0,0.0,,,,,,,,0.00020751626657022904,0.0,-29.73432232471893,-0.5946864464943787,0.0,0.0,0.0
weber_fechner,value,logei,exact,gaussian,1.0,0,11,"x0,x1,x2,x3",4,0.0,0.0,0.0,0.0,,,,,,,,0.0,0.1609804115295929,-24.081825843223115,-0.4816365168644623,9.503581748146,0.3040017604346996,19.921840819660254
weber_fechner,value,logei,exact,gaussian,1.0,20,11,"x0,x1,x2,x3",4,1.0,0.6507372189364033,-0.6563442534498778,0.0,,,,,,,,1.361707276600137,0.0,-36.50415435116719,-0.7300830870233437,0.0,0.1596541397086601,6.448746328475419
weber_fechner,value,logei,exact,gaussian,5.0,0,11,"x0,x1,x2,x3",4,0.0,0.0,0.0,0.0,,,,,,,,0.0,0.0400022571889175,72.27166290762968,1.4454332581525937,34.60442317272187,3.326594997566204,129.61746062202656
weber_fechner,value,logei,exact,gaussian,5.0,20,11,"x0,x1,x2,x3",4,1.0,0.5359852072919356,-0.11688901961555642,-0.2427047380867815,,,,,,,,1.166125540082301,0.0,-3.1142861213819657,-0.06228572242763919,0.0,0.8091463268862789,22.54411377451453
weber_fechner,value,qnei,exact,gaussian,0.05,0,11,"x0,x1,x2,x3",4,0.0,0.0,0.0,0.0,,,,,,,,0.0,0.0,-21.072958359907545,-0.4214591671981509,-0.9251802135653087,0.0251767446911319,-0.24765197467826994
weber_fechner,value,qnei,exact,gaussian,0.05,20,11,"x0,x1,x2,x3",4,4.865631108141866e-05,0.0,0.0,0.0,,,,,,,,4.865631108141866e-05,0.0,-2.7269094923400132,-0.054538189846800256,0.0,0.0,0.0
weber_fechner,value,qnei,exact,gaussian,0.25,0,11,"x0,x1,x2,x3",4,0.0,0.0,0.0,0.0,,,,,,,,0.0,0.00140715550629,-17.467356308975056,-0.3493471261795009,11.370128776822039,0.0237145458270804,13.456931513289394
weber_fechner,value,qnei,exact,gaussian,0.25,20,11,"x0,x1,x2,x3",4,0.002909738616311719,0.0,0.0,0.0,,,,,,,,0.002909738616311719,0.0,-23.288031302340016,-0.46576062604680013,0.0,0.0835599361314289,4.491725608676568
weber_fechner,value,qnei,exact,gaussian,1.0,0,11,"x0,x1,x2,x3",4,0.0,0.0,0.0,0.0,,,,,,,,0.0,0.0265140933270151,-7.144664611721694,-0.1428932922344337,10.283193775114217,0.4828590272449653,29.117614142764907
weber_fechner,value,qnei,exact,gaussian,1.0,20,11,"x0,x1,x2,x3",4,-0.005557194195660697,0.0,0.0,0.0,,,,,,,,0.005557194195660697,0.0,-24.69607006325441,-0.4939214012650881,0.0,0.3874584552904427,10.13649353045463
weber_fechner,value,qnei,exact,gaussian,5.0,0,11,"x0,x1,x2,x3",4,0.0,0.0,0.0,0.0,,,,,,,,0.0,0.0,32.11292628952499,0.6422585257904996,15.654922898168124,2.542173215788556,100.4673195642929
weber_fechner,value,qnei,exact,gaussian,5.0,20,11,"x0,x1,x2,x3",4,-0.8731214524056752,-0.4910130046509998,0.0,0.0,,,,,,,,1.0017159484541505,0.0,16.616280246540384,0.3323256049308081,0.0,1.4196255046332866,45.86688971080133
moving_peaks,value,logei,exact,gaussian,0.05,0,11,"x0,x1,x2,x3",4,0.0,0.0,0.0,0.0,,,,,,,,0.0,-0.04990184359620464,4.234267362679901,0.08468534725359778,7.102009900468111,-0.04990184359620464,7.853306339712326
moving_peaks,value,logei,exact,gaussian,0.05,20,11,"x0,x1,x2,x3",4,-0.0020109066617280957,0.0020085277744680274,0.0020323556929031095,0.0,,,,,,,,0.003494051958037774,-0.056749744982794115,4.744410984206368,0.09488821968412697,-1.4041903435721892,-0.056749744982794115,-1.4041903435721892
moving_peaks,value,logei,exact,gaussian,0.25,0,11,"x0,x1,x2,x3",4,0.0,0.0,0.0,0.0,,,,,,,,0.0,0.7242872841886288,7.689705032765289,0.15379410065530585,31.49375507579321,0.9259265988794816,34.51489743445011
moving_peaks,value,logei,exact,gaussian,0.25,20,11,"x0,x1,x2,x3",4,-0.0028579885544680605,0.0030080706537261026,0.0031394719708742747,0.0,,,,,,,,0.005203159798736132,-0.04474756851525724,7.262275294657556,0.145245505893151,-1.0751531552536022,0.15531975517146313,1.359567441231583
moving_peaks,value,logei,exact,gaussian,1.0,0,11,"x0,x1,x2,x3",4,0.0,0.0,0.0,0.0,,,,,,,,0.0,0.6870737777711793,28.665281031168888,0.5733056206233775,33.510253990825795,1.5016095460277998,54.17001506066514
moving_peaks,value,logei,exact,gaussian,1.0,20,11,"x0,x1,x2,x3",4,0.1808693180668059,-0.04435476757163792,0.03218045262552066,0.0,,,,,,,,0.18898845773080641,0.012045198963489268,-3.466490164198248,-0.06932980328396532,0.6010085320002645,0.3994646918687379,12.004675355953239
moving_peaks,value,logei,exact,gaussian,5.0,0,11,"x0,x1,x2,x3",4,0.0,0.0,0.0,0.0,,,,,,,,0.0,1.3181290459109962,62.58866618772174,1.2517733237544344,49.62372111805265,2.850944604699732,66.40110759388767
moving_peaks,value,logei,exact,gaussian,5.0,20,11,"x0,x1,x2,x3",4,-0.08183246210114689,0.1125634591597926,0.5356111949776199,0.0,,,,,,,,0.553395370758473,0.14090537973390438,60.78038728456613,1.2156077456913224,4.015803322416275,1.7089812680127219,47.137890250083764
moving_peaks,value,qnei,exact,gaussian,0.05,0,11,"x0,x1,x2,x3",4,0.0,0.0,0.0,0.0,,,,,,,,0.0,0.2129280562384817,7.919286487185758,0.15838572974371523,15.341145940681741,0.2129280562384817,15.341145940681741
moving_peaks,value,qnei,exact,gaussian,0.05,20,11,"x0,x1,x2,x3",4,1.1491948088693249e-05,-0.00012089024142381,-2.4605567951863083e-05,0.0,,,,,,,,0.000123902983485524,0.047281053826519204,-0.6541941647866452,-0.013083883295732734,-1.895963840516174,0.047281053826519204,-1.7519597144856291
moving_peaks,value,qnei,exact,gaussian,0.25,0,11,"x0,x1,x2,x3",4,0.0,0.0,0.0,0.0,,,,,,,,0.0,0.37230686843827293,9.62498030470961,0.19249960609419237,11.914797506945206,0.8557349304355153,18.599422348476125
moving_peaks,value,qnei,exact,gaussian,0.25,20,11,"x0,x1,x2,x3",4,0.0009451084629967799,-0.004763659077403948,-0.0007295747001458963,0.0,,,,,,,,0.004911003670906197,0.29944504492613705,23.426580554174308,0.4685316110834865,1.6480766026236537,0.29944504492613705,1.6480766026236537
moving_peaks,value,qnei,exact,gaussian,1.0,0,11,"x0,x1,x2,x3",4,0.0,0.0,0.0,0.0,,,,,,,,0.0,0.3413169560289418,21.047600183526214,0.42095200367052454,19.620190885302208,1.1540739223208383,35.433038758693385
moving_peaks,value,qnei,exact,gaussian,1.0,20,11,"x0,x1,x2,x3",4,0.04631547749980108,-0.019992031029054003,0.039170293024165914,1.0,,,,,,,,1.0020374826403953,0.339583249168733,4.951970569459988,0.09903941138920014,2.7402065067440162,0.3769646505304834,12.524520543189297
moving_peaks,value,qnei,exact,gaussian,5.0,0,11,"x0,x1,x2,x3",4,0.0,0.0,0.0,0.0,,,,,,,,0.0,1.7616067504137742,109.90420240385244,2.198084048077049,52.82270585218829,3.1337008289006896,109.27951546040335
moving_peaks,value,qnei,exact,gaussian,5.0,20,11,"x0,x1,x2,x3",4,0.1446047913895612,-0.06543764366350735,0.059605501817695805,0.1992099142487084,,,,,,,,0.2615913543735109,0.376528649916887,54.54624667242426,1.0909249334484854,3.5366249248970263,2.1998677773422157,57.74836118543924
steering_law,value,logei,exact,gaussian,0.05,0,11,"x0,x1,x2,x3",4,0.0,0.0,0.0,0.0,,,,,,,,0.0,3.382846083255231e-05,0.025204256687931803,0.0005040851337586583,1.21183851721187,0.006290649891781388,1.5650320480931725
steering_law,value,logei,exact,gaussian,0.05,20,11,"x0,x1,x2,x3",4,1.0,0.8236184122333613,0.0,0.0,,,,,,,,1.295510435685411,-1.4090212245410072e-05,0.01366610472298646,0.0002733220944597381,-0.007998580282006174,0.0037860071145655876,0.08096059406887868
steering_law,value,logei,exact,gaussian,0.25,0,11,"x0,x1,x2,x3",4,0.0,0.0,0.0,0.0,,,,,,,,0.0,0.0021555667938414876,-1.067571135191443,-0.02135142270382895,1.2390655836052673,0.005526210359153788,3.3043202368729503
steering_law,value,logei,exact,gaussian,0.25,20,11,"x0,x1,x2,x3",4,1.0,0.8240282905574055,0.0,0.0,,,,,,,,1.2957710537124063,-2.4533105443813596e-05,12.949534286758794,0.2589906857351759,0.04058540623601736,0.0007236732497594878,0.22228566255602544
steering_law,value,logei,exact,gaussian,1.0,0,11,"x0,x1,x2,x3",4,0.0,0.0,0.0,0.0,,,,,,,,0.0,0.03064434726146809,10.773050852835784,0.2154610170567156,0.6750133592055896,0.2555384731665955,15.871190077782469
steering_law,value,logei,exact,gaussian,1.0,20,11,"x0,x1,x2,x3",4,1.0,0.0,0.0,-0.9612218253492846,,,,,,,,1.3870643090815258,0.012171769256690688,10.161227594374783,0.20322455188749566,0.3135606752399607,0.03343737456446219,1.0647265263654138
steering_law,value,logei,exact,gaussian,5.0,0,11,"x0,x1,x2,x3",4,0.0,0.0,0.0,0.0,,,,,,,,0.0,3.9773175726010024e-05,73.17954403010928,1.4635908806021858,14.53551983890068,1.2648893793228415,72.50342357831501
steering_law,value,logei,exact,gaussian,5.0,20,11,"x0,x1,x2,x3",4,0.3551581752749118,0.88347679041864,-0.050941568499471956,0.0,,,,,,,,0.9535531511532082,0.0031096662560631877,15.573044305536566,0.3114608861107313,0.11633843725192428,2.0834725012311877,58.358718583037756
steering_law,value,qnei,exact,gaussian,0.05,0,11,"x0,x1,x2,x3",4,0.0,0.0,0.0,0.0,,,,,,,,0.0,-3.201101151484309e-06,1.1058499016932402,0.0221169980338648,-0.1819732929792437,0.004632361685174204,0.0034186761242906982
steering_law,value,qnei,exact,gaussian,0.05,20,11,"x0,x1,x2,x3",4,0.00012385720317953375,-6.643010573353925e-05,-0.00021086591919183828,0.0,,,,,,,,0.0002534127100282154,0.0005767077222245036,0.2037660853605736,0.004075321707211477,0.028381307182348436,0.042749130769053206,0.18559950212039134
steering_law,value,qnei,exact,gaussian,0.25,0,11,"x0,x1,x2,x3",4,0.0,0.0,0.0,0.0,,,,,,,,0.0,0.00030434796324560357,4.857672000703598,0.09715344001407189,0.07707666274409064,0.007697372697255704,0.4171159468839818
steering_law,value,qnei,exact,gaussian,0.25,20,11,"x0,x1,x2,x3",4,0.005674594724088156,-0.0033565878507409996,-0.012109913112719695,0.0,,,,,,,,0.013788317623263964,2.4020394615575924e-06,-0.8133216080643102,-0.016266432161286204,-0.018550646055675912,0.00016550590360340356,0.1792392387595001
steering_law,value,qnei,exact,gaussian,1.0,0,11,"x0,x1,x2,x3",4,0.0,0.0,0.0,0.0,,,,,,,,0.0,0.1795112716410816,19.272636204148252,0.38545272408296494,15.337289374001955,0.6564745367074343,30.55306905610618
steering_law,value,qnei,exact,gaussian,1.0,20,11,"x0,x1,x2,x3",4,-0.4574075987374212,0.23201186637620974,0.491131720994022,0.0,,,,,,,,0.7101137830577968,0.013312325221237403,10.322397443179991,0.20644794886359974,0.3599688503663181,0.7437272545832185,10.824414511252087
steering_law,value,qnei,exact,gaussian,5.0,0,11,"x0,x1,x2,x3",4,0.0,0.0,0.0,0.0,,,,,,,,0.0,0.061607725926829005,57.71308688672089,1.1542617377344178,2.566752867437538,2.065943450559554,89.65322277817495
steering_law,value,qnei,exact,gaussian,5.0,20,11,"x0,x1,x2,x3",4,-0.6330434200664523,0.4625576538628692,0.491131720994022,0.0,,,,,,,,0.9251561609820812,0.016300958598294703,9.319450580818842,0.18638901161637667,0.4272131013501088,0.1600036719818232,7.412121020882537
hartmann_3,value,logei,exact,gaussian,0.05,0,11,"x0,x1,x2",3,0.0,0.0,0.0,,,,,,,,,0.0,0.006101762326693,-3.762802077260872,-0.07525604154521748,-0.062384001070700634,0.006811656371011701,-0.05137111984056375
hartmann_3,value,logei,exact,gaussian,0.05,20,11,"x0,x1,x2",3,0.0,-0.4604889767175966,0.5313817958577312,,,,,,,,,0.7031477160934299,-0.0014426525123166,-7.378318135625861,-0.14756636271251722,0.05909801220223443,0.0076506584211651,0.16323873348116535
hartmann_3,value,logei,exact,gaussian,0.25,0,11,"x0,x1,x2",3,0.0,0.0,0.0,,,,,,,,,0.0,0.0286522036034555,-25.385149428647708,-0.5077029885729543,4.38743637220222,0.1368694470579048,6.27758507531729
hartmann_3,value,logei,exact,gaussian,0.25,20,11,"x0,x1,x2",3,0.0,-0.4603683272692134,0.5313914034940357,,,,,,,,,0.7030759706176956,0.006512796776593399,-11.536976639671266,-0.23073953279342518,0.10002576279815756,0.006725796751004099,0.2783074293848209
hartmann_3,value,logei,exact,gaussian,1.0,0,11,"x0,x1,x2",3,0.0,0.0,0.0,,,,,,,,,0.0,0.3815377210142881,12.22071120261164,0.24441422405223223,33.23108796787417,0.4825315498575544,39.46304967334892
hartmann_3,value,logei,exact,gaussian,1.0,20,11,"x0,x1,x2",3,0.0,0.0,0.03971410735837888,,,,,,,,,0.03971410735837888,0.0071343712375929,-16.677381208069022,-0.3335476241613804,0.10518863744859175,0.0565692283403423,5.68870918460285
hartmann_3,value,logei,exact,gaussian,5.0,0,11,"x0,x1,x2",3,0.0,0.0,0.0,,,,,,,,,0.0,1.1239406774896796,59.4608856610873,1.1892177132217467,63.836279757439485,2.1084391871949855,93.02377798760065
hartmann_3,value,logei,exact,gaussian,5.0,20,11,"x0,x1,x2",3,0.0,-0.38266928877344475,-0.3220051333495723,,,,,,,,,0.500123075326314,0.0071343712375929,28.275683790271515,0.5655136758054304,0.10518863744859175,3.7248876541984863,102.34340391887316
hartmann_3,value,qnei,exact,gaussian,0.05,0,11,"x0,x1,x2",3,0.0,0.0,0.0,,,,,,,,,0.0,0.0077295361407192995,-3.4740720104438623,-0.06948144020887703,-1.0998884835214575,0.0171793908983764,-0.845325611583295
hartmann_3,value,qnei,exact,gaussian,0.05,20,11,"x0,x1,x2",3,0.3953493947705727,-0.03031143564105232,-0.0015986002956438483,,,,,,,,,0.396512903445758,0.00015120843190180003,0.7646381482209961,0.015292762964419726,0.014141367272102912,0.0139533534336622,0.3049678337494406
hartmann_3,value,qnei,exact,gaussian,0.25,0,11,"x0,x1,x2",3,0.0,0.0,0.0,,,,,,,,,0.0,0.0234139651599219,-39.501835307280416,-0.7900367061456084,4.038554198965887,0.0234139651599219,12.410578302390629
hartmann_3,value,qnei,exact,gaussian,0.25,20,11,"x0,x1,x2",3,1.0,0.44088814284189015,-0.19950198353118592,,,,,,,,,1.1109380702502947,0.0039062048052414004,-20.275607943280562,-0.4055121588656114,0.14357513568140234,0.029124852678119602,0.48318917589265453
hartmann_3,value,qnei,exact,gaussian,1.0,0,11,"x0,x1,x2",3,0.0,0.0,0.0,,,,,,,,,0.0,0.43552828681205297,47.607558638079084,0.9521511727615817,89.1450896898701,0.4641614630719504,123.74651950507696
hartmann_3,value,qnei,exact,gaussian,1.0,20,11,"x0,x1,x2",3,0.0,-0.5591118571581098,-0.855043152196076,,,,,,,,,1.0216187453899779,0.0079194052504903,-20.420568181322167,-0.4084113636264435,0.16837854691770815,0.07006899146362641,1.0468840015247487
hartmann_3,value,qnei,exact,gaussian,5.0,0,11,"x0,x1,x2",3,0.0,0.0,0.0,,,,,,,,,0.0,1.9149428122690355,71.58020135684022,1.431604027136804,72.38619042602802,2.701391196852488,113.10343940267266
hartmann_3,value,qnei,exact,gaussian,5.0,20,11,"x0,x1,x2",3,1.0,0.44088814284189015,-0.4864446348157743,,,,,,,,,1.1962486101306964,0.0107575733707739,-13.923090656559722,-0.27846181313119467,0.24075183398494104,2.014650408861475,28.73194556036056
eggholder,value,logei,exact,gaussian,0.05,0,11,"x0,x1",2,0.0,0.0,,,,,,,,,,0.0,-0.000620859528165596,3.3232202574642145,0.0664644051492842,0.8890053903554573,-0.000620859528165596,1.8325495466571695
eggholder,value,logei,exact,gaussian,0.05,20,11,"x0,x1",2,0.11734911392727554,0.011452004430282159,,,,,,,,,,0.1179065856726752,0.0,-4.400268828142629,-0.08800537656285234,0.0,0.039463659936080475,0.5327594091370855
eggholder,value,logei,exact,gaussian,0.25,0,11,"x0,x1",2,0.0,0.0,,,,,,,,,,0.0,0.01431088649751544,4.013364199924666,0.0802672839984937,0.9460605865806215,0.06407942659228594,3.39669226648234
eggholder,value,logei,exact,gaussian,0.25,20,11,"x0,x1",2,0.17974672114735313,0.01345166274938947,,,,,,,,,,0.18024935781840565,-0.0027606023749795483,7.633710333061259,0.15267420666122566,-0.004140903562472431,0.006710385296458288,0.341059459296126
eggholder,value,logei,exact,gaussian,1.0,0,11,"x0,x1",2,0.0,0.0,,,,,,,,,,0.0,-0.002621736756749815,-26.046447919072946,-0.5209289583814587,2.775379981687088,0.43303271769901963,22.994297214004483
eggholder,value,logei,exact,gaussian,1.0,20,11,"x0,x1",2,-0.9450552576470272,-0.4297129361198415,,,,,,,,,,1.0381631121721788,0.0,-8.002296318100292,-0.16004592636200554,0.0,0.4833082679405394,2.4126629837577838
eggholder,value,logei,exact,gaussian,5.0,0,11,"x0,x1",2,0.0,0.0,,,,,,,,,,0.0,0.31673412157220326,48.12109202510743,0.9624218405021483,11.187916667798518,3.3794498593949047,144.91308246919144
eggholder,value,logei,exact,gaussian,5.0,20,11,"x0,x1",2,-863.4309685783485,-540.2813144206278,,,,,,,,,,1018.536664147259,0.0,28.34283815562938,0.5668567631125878,0.0,0.6255216751019355,17.20184606530323
eggholder,value,qnei,exact,gaussian,0.05,0,11,"x0,x1",2,0.0,0.0,,,,,,,,,,0.0,0.09125391878833211,10.718355643684873,0.2143671128736977,2.7127183551331484,0.09125391878833211,2.7127183551331484
eggholder,value,qnei,exact,gaussian,0.05,20,11,"x0,x1",2,4.727360760625743e-06,3.139560959652954e-05,,,,,,,,,,3.17495234877439e-05,0.01789977572082524,12.947123046978078,0.2589424609395614,0.6509122480231682,0.01789977572082524,0.6509122480231682
eggholder,value,qnei,exact,gaussian,0.25,0,11,"x0,x1",2,0.0,0.0,,,,,,,,,,0.0,-0.4775551159370002,1.047488977202221,0.020949779544043867,-4.043627394956722,-0.29915251843954677,-2.531707568174994
eggholder,value,qnei,exact,gaussian,0.25,20,11,"x0,x1",2,715.1778115123304,358.0859663141354,,,,,,,,,,799.8155170729651,0.01253951290435884,-1.5749121566627764,-0.03149824313325578,1.2774321390934062,0.1393402913871724,3.4891027943162953
eggholder,value,qnei,exact,gaussian,1.0,0,11,"x0,x1",2,0.0,0.0,,,,,,,,,,0.0,0.14868153627253244,12.323154521269657,0.24646309042539283,4.7925153251048656,0.24020046964704767,7.675361726402095
eggholder,value,qnei,exact,gaussian,1.0,20,11,"x0,x1",2,-69.63812425134682,-38.511045894488575,,,,,,,,,,79.57744030272288,0.007351919466911383,3.9003930126045248,0.07800786025209039,0.20217778534006214,0.03790479273829961,2.0393904690132487
eggholder,value,qnei,exact,gaussian,5.0,0,11,"x0,x1",2,0.0,0.0,,,,,,,,,,0.0,0.11998424899343618,36.27932180579353,0.7255864361158704,5.827240822408548,3.673860210974772,159.4526434411137
eggholder,value,qnei,exact,gaussian,5.0,20,11,"x0,x1",2,-69.63812425134682,47.593292341370045,,,,,,,,,,84.34802798605982,0.07078924762098104,34.03931028017388,0.6807862056034772,1.9467043095769796,1.2699192484115516,56.64937113222045
branin,value,logei,exact,gaussian,0.05,0,11,"x0,x1",2,0.0,0.0,,,,,,,,,,0.0,-0.0004475694563519,-4.4031314042551895,-0.08806262808510379,-0.004105476429670851,0.006528740188523,0.39290033046229933
branin,value,logei,exact,gaussian,0.05,20,11,"x0,x1",2,6.444138798011647,3.324640476928818,,,,,,,,,,7.2512177700626586,-0.0006631770567168566,-4.403592266400576,-0.08807184532801149,0.015147562285362959,-0.0005901563899232571,0.37519657308410626
branin,value,logei,exact,gaussian,0.25,0,11,"x0,x1",2,0.0,0.0,,,,,,,,,,0.0,-0.0004450890051357,-3.377029511440739,-0.0675405902288147,0.46289396809364636,0.0794012015850077,3.690285265229126
branin,value,logei,exact,gaussian,0.25,20,11,"x0,x1",2,6.605364921022062,3.4278430965248785,,,,,,,,,,7.4418380817014596,0.0018581896895076,-4.031706391648777,-0.08063412783297547,0.05014321254955956,0.0259946289473403,1.4597226612891534
branin,value,logei,exact,gaussian,1.0,0,11,"x0,x1",2,0.0,0.0,,,,,,,,,,0.0,0.0562529191878574,2.91861452765518,0.05837229055310361,2.249080253424707,0.21831580746017148,7.841871072267863
branin,value,logei,exact,gaussian,1.0,20,11,"x0,x1",2,5.784972247244088,2.058574377394225,,,,,,,,,,6.140328360002283,0.0018581896895076,4.394487214170091,0.0878897442834019,0.05014321254955956,0.0992589352491986,2.644832251814649
branin,value,logei,exact,gaussian,5.0,0,11,"x0,x1",2,0.0,0.0,,,,,,,,,,0.0,0.2076556588241694,42.709009812657705,0.8541801962531542,8.110534272762777,1.1189268833680643,30.398565505168477
branin,value,logei,exact,gaussian,5.0,20,11,"x0,x1",2,-3.2644142160899836,0.0,,,,,,,,,,3.2644142160899836,0.0018581896895076,28.732199308327168,0.5746439861665434,0.05014321254955956,2.641314592035982,72.6351942770776
branin,value,qnei,exact,gaussian,0.05,0,11,"x0,x1",2,0.0,0.0,,,,,,,,,,0.0,0.0008589614303024805,-1.072686485248834,-0.02145372970497661,0.06570450315258292,0.01774264159402468,0.21919498918112978
branin,value,qnei,exact,gaussian,0.05,20,11,"x0,x1",2,-0.005119125572322858,0.0,,,,,,,,,,0.005119125572322858,0.0006104414244811805,-3.685992149475805,-0.07371984298951612,0.014948772848033087,0.0006104414244811805,0.014948772848033087
branin,value,qnei,exact,gaussian,0.25,0,11,"x0,x1",2,0.0,0.0,,,,,,,,,,0.0,0.0034914766817701805,7.32968643160314,0.14659372863206283,1.8888751679584743,0.07404264550695958,7.419136411766475
branin,value,qnei,exact,gaussian,0.25,20,11,"x0,x1",2,-5.116129050734054,0.0,,,,,,,,,,5.116129050734054,0.0006282335287900805,2.1413224187954505,0.04282644837590899,0.015438055716526122,0.06104910209343978,2.030312841363018
branin,value,qnei,exact,gaussian,1.0,0,11,"x0,x1",2,0.0,0.0,,,,,,,,,,0.0,0.0038361229173199804,9.529648063816843,0.1905929612763369,0.25329824000121715,0.4076339532043274,4.08758218917343
branin,value,qnei,exact,gaussian,1.0,20,11,"x0,x1",2,-0.2678381653579063,2.7502824323005077,,,,,,,,,,2.7632934589440707,0.0006282335287900805,11.979996458237157,0.2395999291647431,0.015438055716526122,0.07891008525854488,5.251330128027522
branin,value,qnei,exact,gaussian,5.0,0,11,"x0,x1",2,0.0,0.0,,,,,,,,,,0.0,0.07412800605236858,53.73796869618836,1.074759373923767,4.286615012929117,2.211567324684171,96.31086490271534
branin,value,qnei,exact,gaussian,5.0,20,11,"x0,x1",2,1.5222514059224057,3.4266150058443428,,,,,,,,,,3.749525268765416,0.0006282335287900805,21.302987550039443,0.4260597510007889,0.015438055716526122,1.310238961894861,12.049902714002577
