arm,procedure,error_model,family,k,candidates,rho,winner,scope,jitter_std,jitter_iteration,n_landscapes,n_cells,cost,gain,price,recovered,recovered_lo,recovered_hi,wilcoxon_p,wilcoxon_p_fdr
output-boba,confirm_k2,ar1,confirmation,2.0,,,,cell,0.05,0.0,20,600,0.007283275356432553,-0.02014670097863348,0.02110178943376765,-2.766159453361874,-23.905832323980096,-0.7373638436972209,0.031103769479907197,0.062207538959814394
output-boba,confirm_k2,ar1,confirmation,2.0,,,,cell,0.05,20.0,20,600,-0.0005775368818208183,-0.02122275515662397,0.02110178943376765,,-212.97715403584033,-1.7281772378440752,0.02422372469374016,0.062207538959814394
output-boba,confirm_k2,ar1,confirmation,2.0,,,,cell,0.25,0.0,20,600,0.03825454149748255,-0.01376350902418022,0.02110178943376765,-0.359787583000726,-0.9894256857684443,0.0030295410780191274,0.4209099170051037,0.48103990514868994
output-boba,confirm_k2,ar1,confirmation,2.0,,,,cell,0.25,20.0,20,600,0.022728479424807015,-0.018550141227472526,0.02110178943376765,-0.8161628800924519,-2.2352960958487724,-0.12749999168019094,0.20244979858398438,0.323919677734375
output-boba,confirm_k2,ar1,confirmation,2.0,,,,cell,1.0,0.0,20,600,0.20939594374896484,0.003186874966035162,0.02110178943376765,0.01521937296863668,-0.07754017031488948,0.10070666747371207,0.6215133666992188,0.6215133666992188
output-boba,confirm_k2,ar1,confirmation,2.0,,,,cell,1.0,20.0,20,600,0.12514782730766216,0.008924096276761778,0.02110178943376765,0.0713084395370514,-0.09514615194379394,0.20775824915106544,0.34881019592285156,0.46508026123046875
output-boba,confirm_k2,ar1,confirmation,2.0,,,,cell,5.0,0.0,20,600,0.7264068798293957,0.08268058900689891,0.02110178943376765,0.11382131874400381,0.05466416856948098,0.17220177309380894,0.0031528472900390625,0.0252227783203125
output-boba,confirm_k2,ar1,confirmation,2.0,,,,cell,5.0,20.0,20,600,0.4553017321055197,0.07262484836274256,0.02110178943376765,0.15950927317340227,0.07221502765746192,0.2373723806047831,0.012079238891601562,0.04831695556640625
output-boba,confirm_k2,ar1,confirmation,2.0,,,,pooled,,,20,4800,0.19799264279855544,0.011716662778191018,0.02110178943376765,0.05917726342039868,-0.013429541433651325,0.1209744564181797,0.1893482208251953,
output-boba,confirm_k2,bias,confirmation,2.0,,,,cell,0.05,0.0,20,600,0.013395489962064456,-0.024261939627586906,0.02110178943376765,-1.8112021058054497,-4.5053376955503195,-0.6404293049007591,0.02422372469374016,0.11006673177083333
output-boba,confirm_k2,bias,confirmation,2.0,,,,cell,0.05,20.0,20,600,0.008569131211679494,-0.020116622261490167,0.02110178943376765,-2.347568471593918,-13.091850779888617,-0.48609077702085834,0.06414936248047728,0.11006673177083333
output-boba,confirm_k2,bias,confirmation,2.0,,,,cell,0.25,0.0,20,600,0.04075634626349373,-0.01670469641113801,0.02110178943376765,-0.4098673689525682,-1.0666548330753882,-0.0619479801427962,0.07661792341167123,0.11006673177083333
output-boba,confirm_k2,bias,confirmation,2.0,,,,cell,0.25,20.0,20,600,0.03844830317953616,-0.01792180458200725,0.02110178943376765,-0.4661273216225055,-1.0957381590705688,-0.06501972919016424,0.058258056640625,0.11006673177083333
output-boba,confirm_k2,bias,confirmation,2.0,,,,cell,1.0,0.0,20,600,0.24778106004099362,-0.0065026868651354,0.02110178943376765,-0.02624368006198527,-0.09794153486954384,0.043156866246941664,0.47490501403808594,0.47490501403808594
output-boba,confirm_k2,bias,confirmation,2.0,,,,cell,1.0,20.0,20,600,0.15642646108862632,-0.020460302748432368,0.02110178943376765,-0.13079822049314407,-0.2539312422246642,-0.009456408544785343,0.082550048828125,0.11006673177083333
output-boba,confirm_k2,bias,confirmation,2.0,,,,cell,5.0,0.0,20,600,0.7380725752210011,0.02190392461030405,0.02110178943376765,0.029677196180531915,-0.02653680173680553,0.08746598452452492,0.47490501403808594,0.47490501403808594
output-boba,confirm_k2,bias,confirmation,2.0,,,,cell,5.0,20.0,20,600,0.5685229542516816,0.07482330480281323,0.02110178943376765,0.13160999787827285,0.019519860587678257,0.22685439590906115,0.082550048828125,0.11006673177083333
output-boba,confirm_k2,bias,confirmation,2.0,,,,pooled,,,20,4800,0.22649654015238457,-0.001155102885334093,0.02110178943376765,-0.00509986989009612,-0.08123774556837274,0.07608754478772116,0.5458755493164062,
output-boba,confirm_k2,drift,confirmation,2.0,,,,cell,0.05,0.0,20,600,0.007546259012326475,-0.021937457086085816,0.02110178943376765,-2.9070638908963984,-13.593222389363396,-0.9012022955069275,0.0442084385246971,0.0884168770493942
output-boba,confirm_k2,drift,confirmation,2.0,,,,cell,0.05,20.0,20,600,0.005545591729968432,-0.02014685084856301,0.02110178943376765,-3.6329488050281866,-16.011528359566313,-1.0048342895987346,0.09895736546518985,0.1516876220703125
output-boba,confirm_k2,drift,confirmation,2.0,,,,cell,0.25,0.0,20,600,0.04441843487071276,-0.017574556810189303,0.02110178943376765,-0.39565907401606953,-0.9279901492964444,-0.10521498334586296,0.01923370361328125,0.051289876302083336
output-boba,confirm_k2,drift,confirmation,2.0,,,,cell,0.25,20.0,20,600,0.03700249218932726,-0.01208603102251884,0.02110178943376765,-0.3266274866211539,-0.9273529987461954,0.006416370139194833,0.2305126190185547,0.2305126190185547
output-boba,confirm_k2,drift,confirmation,2.0,,,,cell,1.0,0.0,20,600,0.25418753076862133,-0.02258826637521722,0.02110178943376765,-0.08886457296671484,-0.16129856333041287,-0.02423341750088069,0.017181396484375,0.051289876302083336
output-boba,confirm_k2,drift,confirmation,2.0,,,,cell,1.0,20.0,20,600,0.16046191077310898,-0.00856251584972394,0.02110178943376765,-0.05336167199100118,-0.1356642779454427,0.028555866547779637,0.13272666931152344,0.1516876220703125
output-boba,confirm_k2,drift,confirmation,2.0,,,,cell,5.0,0.0,20,600,0.7552009810904712,0.04698199470720777,0.02110178943376765,0.06221124691783133,-0.009316516759661253,0.12091985805857741,0.1230926513671875,0.1516876220703125
output-boba,confirm_k2,drift,confirmation,2.0,,,,cell,5.0,20.0,20,600,0.6408456819973191,0.17387829089191462,0.02110178943376765,0.27132630487575327,0.1460578022751558,0.39205544678712834,0.0004825592041015625,0.0038604736328125
output-boba,confirm_k2,drift,confirmation,2.0,,,,pooled,,,20,4800,0.2381511103039819,0.014745575950853029,0.02110178943376765,0.0619168893734378,-0.02013541436069858,0.1458846374022594,0.4523754119873047,
output-boba,confirm_k2,gaussian,confirmation,2.0,,,,cell,0.05,0.0,20,600,0.006930780737448017,-0.025601708449174358,0.02110178943376765,-3.693914065242982,-21.4096937995464,-0.994492511513796,0.012274756174561622,0.049099024698246486
output-boba,confirm_k2,gaussian,confirmation,2.0,,,,cell,0.05,20.0,20,600,0.002573926727981019,-0.028012594780611272,0.02110178943376765,-10.883213758996268,-125.55159715856779,-1.266313504968953,0.03638546131456511,0.09702789683884029
output-boba,confirm_k2,gaussian,confirmation,2.0,,,,cell,0.25,0.0,20,600,0.049786948458824795,-0.00922460293796382,0.02110178943376765,-0.1852815491512364,-0.46397138484256606,0.01723447737516395,0.2598350470503199,0.2969543394860799
output-boba,confirm_k2,gaussian,confirmation,2.0,,,,cell,0.25,20.0,20,600,0.032441606005650915,-0.015522635398249756,0.02110178943376765,-0.47847925270857156,-1.1313480318994455,-0.04302591843690423,0.13272666931152344,0.2123626708984375
output-boba,confirm_k2,gaussian,confirmation,2.0,,,,cell,1.0,0.0,20,600,0.2561344386822541,-0.007995543074098067,0.02110178943376765,-0.03121619691296915,-0.08983638980845503,0.0281199217041827,0.3299827575683594,0.3299827575683594
output-boba,confirm_k2,gaussian,confirmation,2.0,,,,cell,1.0,20.0,20,600,0.12941445146457056,-0.012738589620930645,0.02110178943376765,-0.09843251257312677,-0.26272498716404385,0.04814590170518978,0.21616744995117188,0.2882232666015625
output-boba,confirm_k2,gaussian,confirmation,2.0,,,,cell,5.0,0.0,20,600,0.7731111054368147,0.04766924257459182,0.02110178943376765,0.061658980500167916,0.00896505580496288,0.1282689149671037,0.09730720520019531,0.19461441040039062
output-boba,confirm_k2,gaussian,confirmation,2.0,,,,cell,5.0,20.0,20,600,0.5199289879562881,0.10821825528122239,0.02110178943376765,0.20814045338499307,0.08606545366899981,0.32364216899291903,0.006389617919921875,0.049099024698246486
output-boba,confirm_k2,gaussian,confirmation,2.0,,,,pooled,,,20,4800,0.221290280683729,0.0070989779493482895,0.02110178943376765,0.032079935582413774,-0.05327328467018508,0.11817329004509365,0.47490501403808594,
output-boba,confirm_k4,ar1,confirmation,4.0,,,,cell,0.05,0.0,20,600,0.007283275356432553,-0.02787034626734357,0.03197178166239517,-3.8266226255922917,-32.07995775951414,-0.9733884629455689,0.03857970370059411,0.07715940740118822
output-boba,confirm_k4,ar1,confirmation,4.0,,,,cell,0.05,20.0,20,600,-0.0005775368818208183,-0.03183878291013268,0.03197178166239517,,-331.7349283144833,-2.564762020675111,0.006210256590449749,0.01656068424119933
output-boba,confirm_k4,ar1,confirmation,4.0,,,,cell,0.25,0.0,20,600,0.03825454149748255,-0.021280894555347245,0.03197178166239517,-0.5562972060911433,-1.455528358738654,-0.048219561941808056,0.17123878524909952,0.25246429443359375
output-boba,confirm_k4,ar1,confirmation,4.0,,,,cell,0.25,20.0,20,600,0.022728479424807015,-0.021102878242437194,0.03197178166239517,-0.9284773454490072,-2.704508378057043,-0.13873588305467008,0.1893482208251953,0.25246429443359375
output-boba,confirm_k4,ar1,confirmation,4.0,,,,cell,1.0,0.0,20,600,0.20939594374896484,0.0013587573313390104,0.03197178166239517,0.0064889381666722356,-0.08631867760243217,0.09196917652780241,0.8408222198486328,0.8408222198486328
output-boba,confirm_k4,ar1,confirmation,4.0,,,,cell,1.0,20.0,20,600,0.12514782730766216,0.005596302795335824,0.03197178166239517,0.044717538576022814,-0.14334231454720037,0.19399786935537056,0.3117942810058594,0.35633632114955355
output-boba,confirm_k4,ar1,confirmation,4.0,,,,cell,5.0,0.0,20,600,0.7264068798293957,0.09646829429704033,0.03197178166239517,0.13280201079551576,0.059831126028267415,0.20383973072300296,0.0023250579833984375,0.00930023193359375
output-boba,confirm_k4,ar1,confirmation,4.0,,,,cell,5.0,20.0,20,600,0.4553017321055197,0.10801662461485151,0.03197178166239517,0.23724184864251255,0.17178140762065328,0.3040001118312627,9.5367431640625e-06,7.62939453125e-05
output-boba,confirm_k4,ar1,confirmation,4.0,,,,pooled,,,20,4800,0.19799264279855544,0.013668384632913255,0.03197178166239517,0.06903481078748942,-0.013842826789310113,0.14133172993330856,0.14290618896484375,
output-boba,confirm_k4,bias,confirmation,4.0,,,,cell,0.05,0.0,20,600,0.013395489962064456,-0.027631459079019528,0.03197178166239517,-2.062743442551995,-4.6688559969567995,-0.9070450412020608,0.002902103448847165,0.013227156924467649
output-boba,confirm_k4,bias,confirmation,4.0,,,,cell,0.05,20.0,20,600,0.008569131211679494,-0.026056673744794413,0.03197178166239517,-3.0407602709221995,-16.602805078456353,-0.7542886386673512,0.04862480166721016,0.09724960333442031
output-boba,confirm_k4,bias,confirmation,4.0,,,,cell,0.25,0.0,20,600,0.04075634626349373,-0.026168299303096255,0.03197178166239517,-0.6420668608004177,-1.4103723144228921,-0.26308404101841676,0.003306789231116912,0.013227156924467649
output-boba,confirm_k4,bias,confirmation,4.0,,,,cell,0.25,20.0,20,600,0.03844830317953616,-0.019209417608310166,0.03197178166239517,-0.499616784611037,-1.1809803160172112,-0.052062495301913765,0.16495704650878906,0.2639312744140625
output-boba,confirm_k4,bias,confirmation,4.0,,,,cell,1.0,0.0,20,600,0.24778106004099362,-0.0027395407271370437,0.03197178166239517,-0.011056295935951707,-0.06771495573270102,0.048298047132982684,0.5958194732666016,0.6809365408761161
output-boba,confirm_k4,bias,confirmation,4.0,,,,cell,1.0,20.0,20,600,0.15642646108862632,-0.005586707482350556,0.03197178166239517,-0.03571459357624477,-0.11912637156458335,0.05298976569388951,0.40909767150878906,0.5454635620117188
output-boba,confirm_k4,bias,confirmation,4.0,,,,cell,5.0,0.0,20,600,0.7380725752210011,0.003518098021620697,0.03197178166239517,0.00476660174044168,-0.04600038292552054,0.04885961993146233,0.8408222198486328,0.8408222198486328
output-boba,confirm_k4,bias,confirmation,4.0,,,,cell,5.0,20.0,20,600,0.5685229542516816,0.0907910787333787,0.03197178166239517,0.15969641692459446,0.045487714233041675,0.28656033966799377,0.04844093322753906,0.09724960333442031
output-boba,confirm_k4,bias,confirmation,4.0,,,,pooled,,,20,4800,0.22649654015238457,-0.0016353651487135482,0.03197178166239517,-0.0072202654734297095,-0.08084044290997944,0.06519068618093682,0.7011814117431641,
output-boba,confirm_k4,drift,confirmation,4.0,,,,cell,0.05,0.0,20,600,0.007546259012326475,-0.024955041972040765,0.03197178166239517,-3.306942145939839,-15.805758996258078,-1.0612180039425185,0.10746614473256638,0.14328819297675519
output-boba,confirm_k4,drift,confirmation,4.0,,,,cell,0.05,20.0,20,600,0.005545591729968432,-0.02599618046262047,0.03197178166239517,-4.687719855419009,-20.7898893046301,-1.3795331401285038,0.021801738635254905,0.04360347727050981
output-boba,confirm_k4,drift,confirmation,4.0,,,,cell,0.25,0.0,20,600,0.04441843487071276,-0.02337256826495955,0.03197178166239517,-0.5261907208795019,-1.1561561582765916,-0.18016196235784993,0.009435653686523438,0.03774261474609375
output-boba,confirm_k4,drift,confirmation,4.0,,,,cell,0.25,20.0,20,600,0.03700249218932726,-0.013425046980701844,0.03197178166239517,-0.36281466967173825,-1.1606776698035095,0.059941971554864165,0.5458755493164062,0.6238577706473214
output-boba,confirm_k4,drift,confirmation,4.0,,,,cell,1.0,0.0,20,600,0.25418753076862133,-0.022491398286562082,0.03197178166239517,-0.08848348390084985,-0.16581533321778658,-0.012235180644455303,0.017181396484375,0.04360347727050981
output-boba,confirm_k4,drift,confirmation,4.0,,,,cell,1.0,20.0,20,600,0.16046191077310898,-0.00029658807150118765,0.03197178166239517,-0.001848339397631624,-0.13244432527618274,0.12192075719774763,0.8694877624511719,0.8694877624511719
output-boba,confirm_k4,drift,confirmation,4.0,,,,cell,5.0,0.0,20,600,0.7552009810904712,0.05601989941623842,0.03197178166239517,0.07417879586881439,0.02125678990079046,0.12461977618911445,0.03276824951171875,0.05242919921875
output-boba,confirm_k4,drift,confirmation,4.0,,,,cell,5.0,20.0,20,600,0.6408456819973191,0.1998144712604807,0.03197178166239517,0.31179810814628633,0.20199908685279633,0.411385531195461,0.0001049041748046875,0.0008392333984375
output-boba,confirm_k4,drift,confirmation,4.0,,,,pooled,,,20,4800,0.2381511103039819,0.01816219332979165,0.03197178166239517,0.07626331578554886,-0.004436182474463368,0.1575485131590284,0.24548721313476562,
output-boba,confirm_k4,gaussian,confirmation,4.0,,,,cell,0.05,0.0,20,600,0.006930780737448017,-0.03395623945237738,0.03197178166239517,-4.899338290837405,-29.426539070994394,-1.4822126337752701,0.006490832494560188,0.025963329978240753
output-boba,confirm_k4,gaussian,confirmation,4.0,,,,cell,0.05,20.0,20,600,0.002573926727981019,-0.03224766487974375,0.03197178166239517,-12.528586975371567,-150.20331303541718,-1.5410216367407608,0.021801738635254905,0.04360347727050981
output-boba,confirm_k4,gaussian,confirmation,4.0,,,,cell,0.25,0.0,20,600,0.049786948458824795,-0.013940509158990904,0.03197178166239517,-0.28000328581134265,-0.6092066328466245,-0.051603950904763767,0.09099512294672399,0.11120823451450892
output-boba,confirm_k4,gaussian,confirmation,4.0,,,,cell,0.25,20.0,20,600,0.032441606005650915,-0.022109869159963744,0.03197178166239517,-0.6815281942611746,-1.4887744692653144,-0.17706424505368062,0.09730720520019531,0.11120823451450892
output-boba,confirm_k4,gaussian,confirmation,4.0,,,,cell,1.0,0.0,20,600,0.2561344386822541,-0.0165536196668351,0.03197178166239517,-0.06462863702358504,-0.1192188110057757,-0.006070707253507306,0.04405403137207031,0.0704864501953125
output-boba,confirm_k4,gaussian,confirmation,4.0,,,,cell,1.0,20.0,20,600,0.12941445146457056,-0.005386638949355012,0.03197178166239517,-0.041623164093306055,-0.19310037717953404,0.08008469437429169,0.7561664581298828,0.7561664581298828
output-boba,confirm_k4,gaussian,confirmation,4.0,,,,cell,5.0,0.0,20,600,0.7731111054368147,0.060551402176742576,0.03197178166239517,0.07832173377270334,0.02679737617203859,0.1327564719666456,0.013616561889648438,0.036310831705729164
output-boba,confirm_k4,gaussian,confirmation,4.0,,,,cell,5.0,20.0,20,600,0.5199289879562881,0.12358029142042301,0.03197178166239517,0.23768686548173915,0.12992714594315707,0.33533874237045164,0.0010166168212890625,0.0081329345703125
output-boba,confirm_k4,gaussian,confirmation,4.0,,,,pooled,,,20,4800,0.221290280683729,0.007492144041237461,0.03197178166239517,0.03385663400167734,-0.05324855274686677,0.11783978853984553,0.7561664581298828,
output-boba,rerate3x2,gaussian,rerate,6.0,,,,cell,0.05,0.0,20,200,0.006019024042053409,-0.012494483324196141,0.00843352346802268,-2.075832101167951,-26.78366034797028,-0.19607722019184837,0.09798930270791739,0.19597860541583478
output-boba,rerate3x2,gaussian,rerate,6.0,,,,cell,0.05,20.0,20,200,0.0034748877241901053,-0.006300130330109008,0.00843352346802268,-1.813045724111096,-17.68997734930642,-0.17293521008260598,0.040135536373545506,0.16054214549418203
output-boba,rerate3x2,gaussian,rerate,6.0,,,,cell,0.25,0.0,20,200,0.0525171889089013,-0.009894817997468172,0.00843352346802268,-0.18841103652048424,-0.44393946361165815,-0.003106595422125722,0.08355636667535958,0.19597860541583478
output-boba,rerate3x2,gaussian,rerate,6.0,,,,cell,0.25,20.0,20,200,0.04002168336187528,-0.0012006888926963549,0.00843352346802268,-0.030000959275994197,-0.20797454525125955,0.11523149871965169,0.8983173370361328,0.9854354858398438
output-boba,rerate3x2,gaussian,rerate,6.0,,,,cell,1.0,0.0,20,200,0.25211626310291996,0.0005238963340974421,0.00843352346802268,0.002077994999805209,-0.0949461629725274,0.08366247400999285,0.8123550415039062,0.9854354858398438
output-boba,rerate3x2,gaussian,rerate,6.0,,,,cell,1.0,20.0,20,200,0.13089312859367422,0.009032944799175673,0.00843352346802268,0.06901007635944165,-0.027600199592646157,0.15320784255044026,0.26109886169433594,0.4177581787109375
output-boba,rerate3x2,gaussian,rerate,6.0,,,,cell,5.0,0.0,20,200,0.7163745326954236,-0.003662508571935044,0.00843352346802268,-0.005112561104251607,-0.15177064020264786,0.11070850672424186,0.9854354858398438,0.9854354858398438
output-boba,rerate3x2,gaussian,rerate,6.0,,,,cell,5.0,20.0,20,200,0.5340938270581989,0.09543504607470858,0.00843352346802268,0.1786859185405063,0.051505599130027876,0.2859434381426687,0.017181396484375,0.137451171875
output-boba,rerate3x2,gaussian,rerate,6.0,,,,pooled,,,20,1600,0.2169388169359045,0.008929907261447118,0.00843352346802268,0.04116325232881443,0.0003951822452065143,0.09284475429012515,0.11398696899414062,
output-boba,tournament_k3_lcb_rho0.5_look,ar1,tournament,3.0,lcb,0.5,look,cell,0.05,0.0,20,600,0.007283275356432553,-0.01078194723843893,0.010909348392567271,-1.4803706726419958,-12.712741873693302,-0.31177841044116467,0.12209548134133213,0.16279397512177618
output-boba,tournament_k3_lcb_rho0.5_look,ar1,tournament,3.0,lcb,0.5,look,cell,0.05,20.0,20,600,-0.0005775368818208183,-0.01320806043658867,0.010909348392567271,,-130.71261686029305,-0.9052082300011934,0.039989471435546875,0.063983154296875
output-boba,tournament_k3_lcb_rho0.5_look,ar1,tournament,3.0,lcb,0.5,look,cell,0.25,0.0,20,600,0.03825454149748255,0.0006300795082802531,0.010909348392567271,0.016470711283305208,-0.3449427130191395,0.2551586430565098,0.6291623521725525,0.7011814117431641
output-boba,tournament_k3_lcb_rho0.5_look,ar1,tournament,3.0,lcb,0.5,look,cell,0.25,20.0,20,600,0.022728479424807015,-0.006893158657957846,0.010909348392567271,-0.30328287823928524,-1.176359521396035,0.14804183715210917,0.7011814117431641,0.7011814117431641
output-boba,tournament_k3_lcb_rho0.5_look,ar1,tournament,3.0,lcb,0.5,look,cell,1.0,0.0,20,600,0.20939594374896484,0.03163479681609934,0.010909348392567271,0.1510764547283917,0.07159286974930705,0.224012914355178,0.00365447998046875,0.0073089599609375
output-boba,tournament_k3_lcb_rho0.5_look,ar1,tournament,3.0,lcb,0.5,look,cell,1.0,20.0,20,600,0.12514782730766216,0.030161962901257205,0.010909348392567271,0.24101067953107438,0.1431792203866092,0.33491171985697227,0.0005855560302734375,0.0015614827473958333
output-boba,tournament_k3_lcb_rho0.5_look,ar1,tournament,3.0,lcb,0.5,look,cell,5.0,0.0,20,600,0.7264068798293957,0.07691130222759271,0.010909348392567271,0.1058790938842101,0.06842619778550357,0.14127196442682746,3.62396240234375e-05,0.00014495849609375
output-boba,tournament_k3_lcb_rho0.5_look,ar1,tournament,3.0,lcb,0.5,look,cell,5.0,20.0,20,600,0.4553017321055197,0.07896071520188633,0.010909348392567271,0.17342502704028054,0.12921773948232204,0.21200334508304394,9.5367431640625e-06,7.62939453125e-05
output-boba,tournament_k3_lcb_rho0.5_look,ar1,tournament,3.0,lcb,0.5,look,pooled,,,20,4800,0.19799264279855544,0.023426961290266307,0.010909348392567271,0.11832238288824554,0.07291521512754909,0.15863209316906277,0.0007076263427734375,
output-boba,tournament_k3_lcb_rho0.5_look,bias,tournament,3.0,lcb,0.5,look,cell,0.05,0.0,20,600,0.013395489962064456,-0.010798864502148314,0.010909348392567271,-0.8061567387777758,-2.012575210804451,-0.22779205502406186,0.08355636667535958,0.16711273335071916
output-boba,tournament_k3_lcb_rho0.5_look,bias,tournament,3.0,lcb,0.5,look,cell,0.05,20.0,20,600,0.008569131211679494,-0.010644175761006961,0.010909348392567271,-1.2421534340026485,-7.85132026881311,-0.16358515439304872,0.15364646911621094,0.2458343505859375
output-boba,tournament_k3_lcb_rho0.5_look,bias,tournament,3.0,lcb,0.5,look,cell,0.25,0.0,20,600,0.04075634626349373,-0.006381855403594969,0.010909348392567271,-0.15658556246273045,-0.552991939163807,0.05397404896817599,0.4304332733154297,0.49192374093191965
output-boba,tournament_k3_lcb_rho0.5_look,bias,tournament,3.0,lcb,0.5,look,cell,0.25,20.0,20,600,0.03844830317953616,-0.001557145592576294,0.010909348392567271,-0.04049972206328923,-0.33457417893788616,0.17017891591371315,0.9854354858398438,0.9854354858398438
output-boba,tournament_k3_lcb_rho0.5_look,bias,tournament,3.0,lcb,0.5,look,cell,1.0,0.0,20,600,0.24778106004099362,0.03883079537523887,0.010909348392567271,0.15671413855770328,0.09963725481886485,0.2235676568219429,2.6702880859375e-05,0.000213623046875
output-boba,tournament_k3_lcb_rho0.5_look,bias,tournament,3.0,lcb,0.5,look,cell,1.0,20.0,20,600,0.15642646108862632,0.02118015353665145,0.010909348392567271,0.13540006843632063,0.0883750943394881,0.18424592443780186,8.20159912109375e-05,0.00032806396484375
output-boba,tournament_k3_lcb_rho0.5_look,bias,tournament,3.0,lcb,0.5,look,cell,5.0,0.0,20,600,0.7380725752210011,0.056221475103595854,0.010909348392567271,0.07617336965373826,0.032023997466030275,0.12680004624471802,0.00830841064453125,0.02215576171875
output-boba,tournament_k3_lcb_rho0.5_look,bias,tournament,3.0,lcb,0.5,look,cell,5.0,20.0,20,600,0.5685229542516816,-0.02727798225454443,0.010909348392567271,-0.04798044133582799,-0.1489339318615135,0.02932241247528859,0.38837623596191406,0.49192374093191965
output-boba,tournament_k3_lcb_rho0.5_look,bias,tournament,3.0,lcb,0.5,look,pooled,,,20,4800,0.22649654015238457,0.007446550062701908,0.010909348392567271,0.032877102924803815,-0.00665573574968172,0.07228633345788096,0.26109886169433594,
output-boba,tournament_k3_lcb_rho0.5_look,drift,tournament,3.0,lcb,0.5,look,cell,0.05,0.0,20,600,0.007546259012326475,-0.00924820769863732,0.010909348392567271,-1.2255354187460021,-5.497625181354156,-0.2599597580262858,0.33413808059574546,0.44551744079432726
output-boba,tournament_k3_lcb_rho0.5_look,drift,tournament,3.0,lcb,0.5,look,cell,0.05,20.0,20,600,0.005545591729968432,-0.01290451450705112,0.010909348392567271,-2.326986034207134,-9.728177522155773,-0.5118225085332923,0.09895736546518985,0.15833178474430376
output-boba,tournament_k3_lcb_rho0.5_look,drift,tournament,3.0,lcb,0.5,look,cell,0.25,0.0,20,600,0.04441843487071276,-0.0054816461038868294,0.010909348392567271,-0.12340925833704118,-0.42162884815171386,0.05558737810598775,0.6215133666992188,0.6215133666992188
output-boba,tournament_k3_lcb_rho0.5_look,drift,tournament,3.0,lcb,0.5,look,cell,0.25,20.0,20,600,0.03700249218932726,0.002406133449038362,0.010909348392567271,0.06502625381898926,-0.30058297183033744,0.292779547233725,0.5458755493164062,0.6215133666992188
output-boba,tournament_k3_lcb_rho0.5_look,drift,tournament,3.0,lcb,0.5,look,cell,1.0,0.0,20,600,0.25418753076862133,0.017339466813373505,0.010909348392567271,0.06821525336408835,0.020091601122754918,0.11609688816355888,0.039989471435546875,0.07997894287109375
output-boba,tournament_k3_lcb_rho0.5_look,drift,tournament,3.0,lcb,0.5,look,cell,1.0,20.0,20,600,0.16046191077310898,0.024901964965224725,0.010909348392567271,0.15518925859256266,0.06962656792599542,0.22407045652996666,0.0042209625244140625,0.01688385009765625
output-boba,tournament_k3_lcb_rho0.5_look,drift,tournament,3.0,lcb,0.5,look,cell,5.0,0.0,20,600,0.7552009810904712,0.0614328779269249,0.010909348392567271,0.08134639581402424,0.039345215907611183,0.12317409754133297,0.001209259033203125,0.009674072265625
output-boba,tournament_k3_lcb_rho0.5_look,drift,tournament,3.0,lcb,0.5,look,cell,5.0,20.0,20,600,0.6408456819973191,0.07670304768364508,0.010909348392567271,0.11969035578828471,0.05083685114099052,0.19270416210819613,0.0072956085205078125,0.0194549560546875
output-boba,tournament_k3_lcb_rho0.5_look,drift,tournament,3.0,lcb,0.5,look,pooled,,,20,4800,0.2381511103039819,0.019393640316078917,0.010909348392567271,0.08143417971608195,0.03505164397608822,0.12747727857603725,0.0031528472900390625,
output-boba,tournament_k3_lcb_rho0.5_look,gaussian,tournament,3.0,lcb,0.5,look,cell,0.05,0.0,20,600,0.006930780737448017,-0.013883158069649095,0.010909348392567271,-2.003116040684475,-12.177737418239833,-0.4411954677109196,0.040135536373545506,0.05894458469959613
output-boba,tournament_k3_lcb_rho0.5_look,gaussian,tournament,3.0,lcb,0.5,look,cell,0.05,20.0,20,600,0.002573926727981019,-0.0157575695883548,0.010909348392567271,-6.121996176913317,-74.29080416787565,-0.590852206509294,0.0442084385246971,0.05894458469959613
output-boba,tournament_k3_lcb_rho0.5_look,gaussian,tournament,3.0,lcb,0.5,look,cell,0.25,0.0,20,600,0.049786948458824795,0.004622706443915753,0.010909348392567271,0.09284976458717611,-0.09690328081283774,0.24418807310637117,0.18418074965866182,0.21049228532418493
output-boba,tournament_k3_lcb_rho0.5_look,gaussian,tournament,3.0,lcb,0.5,look,cell,0.25,20.0,20,600,0.032441606005650915,-0.002604573445169347,0.010909348392567271,-0.08028497247379379,-0.4361178839930116,0.16105084156411587,0.956329345703125,0.956329345703125
output-boba,tournament_k3_lcb_rho0.5_look,gaussian,tournament,3.0,lcb,0.5,look,cell,1.0,0.0,20,600,0.2561344386822541,0.03383915041357509,0.010909348392567271,0.13211480106958215,0.06401601017176482,0.20878125439096099,0.001209259033203125,0.0032246907552083335
output-boba,tournament_k3_lcb_rho0.5_look,gaussian,tournament,3.0,lcb,0.5,look,cell,1.0,20.0,20,600,0.12941445146457056,0.028158178816912592,0.010909348392567271,0.2175814099449425,0.10918120103126441,0.31612108687476215,0.002712249755859375,0.00542449951171875
output-boba,tournament_k3_lcb_rho0.5_look,gaussian,tournament,3.0,lcb,0.5,look,cell,5.0,0.0,20,600,0.7731111054368147,0.13585972527183524,0.010909348392567271,0.17573117798517882,0.10862991374921388,0.256740600964895,2.6702880859375e-05,0.0001068115234375
output-boba,tournament_k3_lcb_rho0.5_look,gaussian,tournament,3.0,lcb,0.5,look,cell,5.0,20.0,20,600,0.5199289879562881,0.15222641061746464,0.010909348392567271,0.2927830802737676,0.21203923120934967,0.3672197415279567,3.814697265625e-06,3.0517578125e-05
output-boba,tournament_k3_lcb_rho0.5_look,gaussian,tournament,3.0,lcb,0.5,look,pooled,,,20,4800,0.221290280683729,0.040307608807566266,0.010909348392567271,0.18214812093430544,0.1095098231197769,0.2547623232751536,0.000850677490234375,
output-boba,tournament_k3_lcb_rho0.5_post,ar1,tournament,3.0,lcb,0.5,post,cell,0.05,0.0,20,600,0.007283275356432553,-0.018136629772161402,0.01812451526833236,-2.490174939787663,-21.6814067050554,-0.5783986878285023,0.06418536322763828,0.12837072645527656
output-boba,tournament_k3_lcb_rho0.5_post,ar1,tournament,3.0,lcb,0.5,post,cell,0.05,20.0,20,600,-0.0005775368818208183,-0.022976729663118485,0.01812451526833236,,-237.846732249828,-1.5662468570902737,0.03293821172843571,0.08783523127582855
output-boba,tournament_k3_lcb_rho0.5_post,ar1,tournament,3.0,lcb,0.5,post,cell,0.25,0.0,20,600,0.03825454149748255,-0.009207582034502747,0.01812451526833236,-0.24069252104638814,-0.952062264117686,0.1593772747949096,1.0,1.0
output-boba,tournament_k3_lcb_rho0.5_post,ar1,tournament,3.0,lcb,0.5,post,cell,0.25,20.0,20,600,0.022728479424807015,-0.016770450220542705,0.01812451526833236,-0.7378606332211818,-2.2932682267779088,0.010390297126553821,0.6215133666992188,0.7103009905133929
output-boba,tournament_k3_lcb_rho0.5_post,ar1,tournament,3.0,lcb,0.5,post,cell,1.0,0.0,20,600,0.20939594374896484,0.018696918005973003,0.01812451526833236,0.08928978122130139,-0.006291588231746134,0.18006099198773098,0.08969497680664062,0.143511962890625
output-boba,tournament_k3_lcb_rho0.5_post,ar1,tournament,3.0,lcb,0.5,post,cell,1.0,20.0,20,600,0.12514782730766216,0.015250221318624784,0.01812451526833236,0.12185765943130433,-0.025044496469736287,0.25227377527680533,0.17685317993164062,0.23580423990885416
output-boba,tournament_k3_lcb_rho0.5_post,ar1,tournament,3.0,lcb,0.5,post,cell,5.0,0.0,20,600,0.7264068798293957,0.05545070915552739,0.01812451526833236,0.07633560569876564,0.04368651635027109,0.11549751013146786,4.76837158203125e-05,0.0003814697265625
output-boba,tournament_k3_lcb_rho0.5_post,ar1,tournament,3.0,lcb,0.5,post,cell,5.0,20.0,20,600,0.4553017321055197,0.05124960949203422,0.01812451526833236,0.11256185926425759,0.06253042966964836,0.1549073848114357,0.000850677490234375,0.0034027099609375
output-boba,tournament_k3_lcb_rho0.5_post,ar1,tournament,3.0,lcb,0.5,post,pooled,,,20,4800,0.19799264279855544,0.009194508285229271,0.01812451526833236,0.04643863607893795,-0.029985074799402163,0.11102318403205207,0.2773551940917969,
output-boba,tournament_k3_lcb_rho0.5_post,bias,tournament,3.0,lcb,0.5,post,cell,0.05,0.0,20,600,0.013395489962064456,-0.019513879910236936,0.01812451526833236,-1.4567499931319825,-3.8134898521731677,-0.44189156793905576,0.09895736546518985,0.15833178474430376
output-boba,tournament_k3_lcb_rho0.5_post,bias,tournament,3.0,lcb,0.5,post,cell,0.05,20.0,20,600,0.008569131211679494,-0.02030227076357473,0.01812451526833236,-2.369233270218022,-14.652529970347636,-0.3631911576436834,0.17123878524909952,0.2283183803321327
output-boba,tournament_k3_lcb_rho0.5_post,bias,tournament,3.0,lcb,0.5,post,cell,0.25,0.0,20,600,0.04075634626349373,-0.011576152961069744,0.01812451526833236,-0.2840331389430444,-0.8775712224767901,0.03381913547297896,0.44450890263539566,0.5080101744404522
output-boba,tournament_k3_lcb_rho0.5_post,bias,tournament,3.0,lcb,0.5,post,cell,0.25,20.0,20,600,0.03844830317953616,-0.008442354624603196,0.01812451526833236,-0.219576780415542,-0.6979810380319754,0.10248984826042971,0.7011814117431641,0.7011814117431641
output-boba,tournament_k3_lcb_rho0.5_post,bias,tournament,3.0,lcb,0.5,post,cell,1.0,0.0,20,600,0.24778106004099362,0.03591589652965068,0.01812451526833236,0.1449501286486895,0.06800361963326047,0.2178683129707741,0.0007076263427734375,0.0056610107421875
output-boba,tournament_k3_lcb_rho0.5_post,bias,tournament,3.0,lcb,0.5,post,cell,1.0,20.0,20,600,0.15642646108862632,0.013590919285789881,0.01812451526833236,0.08688376116934393,0.006816786538094249,0.17502150505203787,0.069580078125,0.13916015625
output-boba,tournament_k3_lcb_rho0.5_post,bias,tournament,3.0,lcb,0.5,post,cell,5.0,0.0,20,600,0.7380725752210011,0.0409333435634408,0.01812451526833236,0.05545978124330676,0.017903940717876737,0.09496467904636541,0.05316925048828125,0.13916015625
output-boba,tournament_k3_lcb_rho0.5_post,bias,tournament,3.0,lcb,0.5,post,cell,5.0,20.0,20,600,0.5685229542516816,-0.04991700552178519,0.01812451526833236,-0.0878012139149042,-0.17625589059364538,-0.014927025590787802,0.058258056640625,0.13916015625
output-boba,tournament_k3_lcb_rho0.5_post,bias,tournament,3.0,lcb,0.5,post,pooled,,,20,4800,0.22649654015238457,-0.0024139380502985414,0.01812451526833236,-0.010657725935568236,-0.07387642410959257,0.04608499757395718,0.9854354858398438,
output-boba,tournament_k3_lcb_rho0.5_post,drift,tournament,3.0,lcb,0.5,post,cell,0.05,0.0,20,600,0.007546259012326475,-0.01786634236462262,0.01812451526833236,-2.367576084446446,-11.114842850898222,-0.6126601106037022,0.18418074965866182,0.24557433287821576
output-boba,tournament_k3_lcb_rho0.5_post,drift,tournament,3.0,lcb,0.5,post,cell,0.05,20.0,20,600,0.005545591729968432,-0.01940627297196424,0.01812451526833236,-3.4994052784471226,-15.593228705166863,-0.8995304738201035,0.09895736546518985,0.22797393798828125
output-boba,tournament_k3_lcb_rho0.5_post,drift,tournament,3.0,lcb,0.5,post,cell,0.25,0.0,20,600,0.04441843487071276,-0.010185987533176222,0.01812451526833236,-0.22931892046228627,-0.7167369338045253,0.04072930408726282,0.38837623596191406,0.44385855538504465
output-boba,tournament_k3_lcb_rho0.5_post,drift,tournament,3.0,lcb,0.5,post,cell,0.25,20.0,20,600,0.03700249218932726,-0.005416127918182228,0.01812451526833236,-0.14637197652714912,-0.7177741723379802,0.203995881015812,0.8694877624511719,0.8694877624511719
output-boba,tournament_k3_lcb_rho0.5_post,drift,tournament,3.0,lcb,0.5,post,cell,1.0,0.0,20,600,0.25418753076862133,0.012731886226342398,0.01812451526833236,0.05008855543717375,0.0004948984944218477,0.10387449742493153,0.16495704650878906,0.24557433287821576
output-boba,tournament_k3_lcb_rho0.5_post,drift,tournament,3.0,lcb,0.5,post,cell,1.0,20.0,20,600,0.16046191077310898,0.02177691478247432,0.01812451526833236,0.13571391913228922,0.06011345072481475,0.2090768546370913,0.00365447998046875,0.02923583984375
output-boba,tournament_k3_lcb_rho0.5_post,drift,tournament,3.0,lcb,0.5,post,cell,5.0,0.0,20,600,0.7552009810904712,0.05580915118742742,0.01812451526833236,0.07389973342836749,0.019748952710764493,0.12975121935458983,0.01068878173828125,0.042755126953125
output-boba,tournament_k3_lcb_rho0.5_post,drift,tournament,3.0,lcb,0.5,post,cell,5.0,20.0,20,600,0.6408456819973191,0.03537209192259181,0.01812451526833236,0.05519595889660654,0.0008696383596339862,0.11261413152766733,0.11398696899414062,0.22797393798828125
output-boba,tournament_k3_lcb_rho0.5_post,drift,tournament,3.0,lcb,0.5,post,pooled,,,20,4800,0.2381511103039819,0.009101914166361344,0.01812451526833236,0.038219070886310116,-0.022226700063748606,0.09336224435644083,0.2305126190185547,
output-boba,tournament_k3_lcb_rho0.5_post,gaussian,tournament,3.0,lcb,0.5,post,cell,0.05,0.0,20,600,0.006930780737448017,-0.02157216572044459,0.01812451526833236,-3.1125159686392965,-19.193960995404623,-0.6174079039856198,0.031103769479907197,0.07246780395507812
output-boba,tournament_k3_lcb_rho0.5_post,gaussian,tournament,3.0,lcb,0.5,post,cell,0.05,20.0,20,600,0.002573926727981019,-0.02346606914859372,0.01812451526833236,-9.116836502568368,-102.05333126152888,-0.9440033432531085,0.09895736546518985,0.13194315395358647
output-boba,tournament_k3_lcb_rho0.5_post,gaussian,tournament,3.0,lcb,0.5,post,cell,0.25,0.0,20,600,0.049786948458824795,-0.0011177496678042443,0.01812451526833236,-0.02245065629456392,-0.335822326114795,0.21696643871994364,0.6580087852326646,0.7520100402659023
output-boba,tournament_k3_lcb_rho0.5_post,gaussian,tournament,3.0,lcb,0.5,post,cell,0.25,20.0,20,600,0.032441606005650915,-0.006565063367319124,0.01812451526833236,-0.20236554769130646,-0.7964641210233998,0.18998681487173857,0.8694877624511719,0.8694877624511719
output-boba,tournament_k3_lcb_rho0.5_post,gaussian,tournament,3.0,lcb,0.5,post,cell,1.0,0.0,20,600,0.2561344386822541,0.024513150779783967,0.01812451526833236,0.09570423604845109,0.01952435604912208,0.1758967145628263,0.03623390197753906,0.07246780395507812
output-boba,tournament_k3_lcb_rho0.5_post,gaussian,tournament,3.0,lcb,0.5,post,cell,1.0,20.0,20,600,0.12941445146457056,0.019854717608338672,0.01812451526833236,0.15341963268896786,0.004706314130005217,0.30186859297715557,0.0758514404296875,0.1213623046875
output-boba,tournament_k3_lcb_rho0.5_post,gaussian,tournament,3.0,lcb,0.5,post,cell,5.0,0.0,20,600,0.7731111054368147,0.1111806839503016,0.01812451526833236,0.14380945140800108,0.07666974657101713,0.22393869410361705,0.0007076263427734375,0.00283050537109375
output-boba,tournament_k3_lcb_rho0.5_post,gaussian,tournament,3.0,lcb,0.5,post,cell,5.0,20.0,20,600,0.5199289879562881,0.12777057701216046,0.01812451526833236,0.24574620760114746,0.15729821675873293,0.32625147893561957,6.29425048828125e-05,0.0005035400390625
output-boba,tournament_k3_lcb_rho0.5_post,gaussian,tournament,3.0,lcb,0.5,post,pooled,,,20,4800,0.221290280683729,0.028824760180802877,0.01812451526833236,0.13025768728631876,0.0312675101179504,0.22274380245563147,0.03623390197753906,
output-boba,tournament_k3_lcb_rho1_look,ar1,tournament,3.0,lcb,1.0,look,cell,0.05,0.0,20,600,0.007283275356432553,-0.01164605722308315,0.010909348392567271,-1.5990137202210004,-13.65803924960689,-0.4105218227783082,0.03638546131456511,0.048513948419420146
output-boba,tournament_k3_lcb_rho1_look,ar1,tournament,3.0,lcb,1.0,look,cell,0.05,20.0,20,600,-0.0005775368818208183,-0.014041519235089969,0.010909348392567271,,-138.73938801523997,-1.1131607306808626,0.00485992431640625,0.017038981119791668
output-boba,tournament_k3_lcb_rho1_look,ar1,tournament,3.0,lcb,1.0,look,cell,0.25,0.0,20,600,0.03825454149748255,-0.002439124268373122,0.010909348392567271,-0.0637603843332859,-0.44350804399978944,0.17483659031745186,0.9358520318812181,0.9358520318812181
output-boba,tournament_k3_lcb_rho1_look,ar1,tournament,3.0,lcb,1.0,look,cell,0.25,20.0,20,600,0.022728479424807015,-0.010723849630393379,0.010909348392567271,-0.4718243323699352,-1.3974539560397874,-0.028451793356464312,0.21616744995117188,0.24704851422991073
output-boba,tournament_k3_lcb_rho1_look,ar1,tournament,3.0,lcb,1.0,look,cell,1.0,0.0,20,600,0.20939594374896484,0.023420771348473392,0.010909348392567271,0.11184921221087013,0.02614308709961688,0.1892232190696197,0.03276824951171875,0.048513948419420146
output-boba,tournament_k3_lcb_rho1_look,ar1,tournament,3.0,lcb,1.0,look,cell,1.0,20.0,20,600,0.12514782730766216,0.02088642972364817,0.010909348392567271,0.166894065785906,0.052559380510435225,0.273381040914218,0.01923370361328125,0.0384674072265625
output-boba,tournament_k3_lcb_rho1_look,ar1,tournament,3.0,lcb,1.0,look,cell,5.0,0.0,20,600,0.7264068798293957,0.04542659001975426,0.010909348392567271,0.06253601291664965,0.0266441157995396,0.09661674613986836,0.006389617919921875,0.017038981119791668
output-boba,tournament_k3_lcb_rho1_look,ar1,tournament,3.0,lcb,1.0,look,cell,5.0,20.0,20,600,0.4553017321055197,0.055141312924026,0.010909348392567271,0.12110938534985975,0.07759677807691434,0.16136294629592016,2.6702880859375e-05,0.000213623046875
output-boba,tournament_k3_lcb_rho1_look,ar1,tournament,3.0,lcb,1.0,look,pooled,,,20,4800,0.19799264279855544,0.013253069207370283,0.010909348392567271,0.06693718019034886,0.021434072412154052,0.10726695849022541,0.012079238891601562,
output-boba,tournament_k3_lcb_rho1_look,bias,tournament,3.0,lcb,1.0,look,cell,0.05,0.0,20,600,0.013395489962064456,-0.011809096170530747,0.010909348392567271,-0.8815725444887557,-2.115021247803328,-0.3097870897882211,0.008903385115881386,0.023742360309017028
output-boba,tournament_k3_lcb_rho1_look,bias,tournament,3.0,lcb,1.0,look,cell,0.05,20.0,20,600,0.008569131211679494,-0.011958657123930377,0.010909348392567271,-1.3955507073612143,-8.287940093192157,-0.3032881335890653,0.023950576782226562,0.0383209228515625
output-boba,tournament_k3_lcb_rho1_look,bias,tournament,3.0,lcb,1.0,look,cell,0.25,0.0,20,600,0.04075634626349373,-0.009890858547179379,0.010909348392567271,-0.24268266059067264,-0.6896121347090287,-0.015768313932852208,0.069580078125,0.0927734375
output-boba,tournament_k3_lcb_rho1_look,bias,tournament,3.0,lcb,1.0,look,cell,0.25,20.0,20,600,0.03844830317953616,-0.005230402984291665,0.010909348392567271,-0.13603729038100984,-0.45985147442457447,0.09464025929682582,0.5458755493164062,0.5458755493164062
output-boba,tournament_k3_lcb_rho1_look,bias,tournament,3.0,lcb,1.0,look,cell,1.0,0.0,20,600,0.24778106004099362,0.02487064173387778,0.010909348392567271,0.10037345763943019,0.034288450466818235,0.17131942431094024,0.00830841064453125,0.023742360309017028
output-boba,tournament_k3_lcb_rho1_look,bias,tournament,3.0,lcb,1.0,look,cell,1.0,20.0,20,600,0.15642646108862632,0.011181667211427986,0.010909348392567271,0.07148194195285672,0.03528368271947883,0.11020231541415831,0.0023250579833984375,0.0186004638671875
output-boba,tournament_k3_lcb_rho1_look,bias,tournament,3.0,lcb,1.0,look,cell,5.0,0.0,20,600,0.7380725752210011,0.04078635389463949,0.010909348392567271,0.05526062783517845,0.011519922408502777,0.10861828182455063,0.08969497680664062,0.102508544921875
output-boba,tournament_k3_lcb_rho1_look,bias,tournament,3.0,lcb,1.0,look,cell,5.0,20.0,20,600,0.5685229542516816,-0.050558313407733424,0.010909348392567271,-0.08892923852877815,-0.18298479083693917,-0.01948577065905752,0.021484375,0.0383209228515625
output-boba,tournament_k3_lcb_rho1_look,bias,tournament,3.0,lcb,1.0,look,pooled,,,20,4800,0.22649654015238457,-0.0015760831742150344,0.010909348392567271,-0.006958530903627321,-0.04972346243443999,0.03566389912917231,0.6215133666992188,
output-boba,tournament_k3_lcb_rho1_look,drift,tournament,3.0,lcb,1.0,look,cell,0.05,0.0,20,600,0.007546259012326475,-0.010293421453188937,0.010909348392567271,-1.36404295643379,-6.050482099413448,-0.40451764664625883,0.05340584148798349,0.10681168297596698
output-boba,tournament_k3_lcb_rho1_look,drift,tournament,3.0,lcb,1.0,look,cell,0.05,20.0,20,600,0.005545591729968432,-0.014813637174738183,0.010909348392567271,-2.671245539891648,-10.721502261461577,-0.8164413862596092,0.00365447998046875,0.02923583984375
output-boba,tournament_k3_lcb_rho1_look,drift,tournament,3.0,lcb,1.0,look,cell,0.25,0.0,20,600,0.04441843487071276,-0.009459651084890068,0.010909348392567271,-0.21296678085177823,-0.5372125882106425,-0.025839115920062647,0.09730720520019531,0.1556915283203125
output-boba,tournament_k3_lcb_rho1_look,drift,tournament,3.0,lcb,1.0,look,cell,0.25,20.0,20,600,0.03700249218932726,-0.0015657709779186377,0.010909348392567271,-0.04231528433023378,-0.41325696471976947,0.17803196189203283,1.0,1.0
output-boba,tournament_k3_lcb_rho1_look,drift,tournament,3.0,lcb,1.0,look,cell,1.0,0.0,20,600,0.25418753076862133,0.003930389961597813,0.010909348392567271,0.015462560062301088,-0.03723194897278524,0.0712297380859496,0.956329345703125,1.0
output-boba,tournament_k3_lcb_rho1_look,drift,tournament,3.0,lcb,1.0,look,cell,1.0,20.0,20,600,0.16046191077310898,0.012993295628902135,0.010909348392567271,0.08097432946111731,-0.00043553342772325703,0.1488292730373879,0.04405403137207031,0.10681168297596698
output-boba,tournament_k3_lcb_rho1_look,drift,tournament,3.0,lcb,1.0,look,cell,5.0,0.0,20,600,0.7552009810904712,0.047216111014614495,0.010909348392567271,0.06252125221876284,0.02425801333287589,0.10127227387388232,0.01923370361328125,0.076934814453125
output-boba,tournament_k3_lcb_rho1_look,drift,tournament,3.0,lcb,1.0,look,cell,5.0,20.0,20,600,0.6408456819973191,0.044406392820675364,0.010909348392567271,0.06929342596531865,0.006824893198729907,0.13444028700202362,0.13272666931152344,0.1769688924153646
output-boba,tournament_k3_lcb_rho1_look,drift,tournament,3.0,lcb,1.0,look,pooled,,,20,4800,0.2381511103039819,0.009051713591881757,0.010909348392567271,0.03800827793885961,-0.006714475708684983,0.08227775674874895,0.1230926513671875,
output-boba,tournament_k3_lcb_rho1_look,gaussian,tournament,3.0,lcb,1.0,look,cell,0.05,0.0,20,600,0.006930780737448017,-0.015021288840085018,0.010909348392567271,-2.167329974662567,-13.138102358851917,-0.586615221629316,0.014097354120504295,0.03759294432134479
output-boba,tournament_k3_lcb_rho1_look,gaussian,tournament,3.0,lcb,1.0,look,cell,0.05,20.0,20,600,0.002573926727981019,-0.016811145278503848,0.010909348392567271,-6.531322393815951,-79.20506074904476,-0.7623619609971775,0.021801738635254905,0.04360347727050981
output-boba,tournament_k3_lcb_rho1_look,gaussian,tournament,3.0,lcb,1.0,look,cell,0.25,0.0,20,600,0.049786948458824795,-0.00041901692643746995,0.010909348392567271,-0.008416200217292063,-0.18826288560468937,0.14380077750307965,0.7011814117431641,0.7011814117431641
output-boba,tournament_k3_lcb_rho1_look,gaussian,tournament,3.0,lcb,1.0,look,cell,0.25,20.0,20,600,0.032441606005650915,-0.0061554799391675815,0.010909348392567271,-0.1897402963988705,-0.614028970957666,0.09018623620191486,0.49800872802734375,0.56915283203125
output-boba,tournament_k3_lcb_rho1_look,gaussian,tournament,3.0,lcb,1.0,look,cell,1.0,0.0,20,600,0.2561344386822541,0.018157540071119516,0.010909348392567271,0.07089066259318894,-0.004919221938931909,0.15731214901256663,0.1893482208251953,0.25246429443359375
output-boba,tournament_k3_lcb_rho1_look,gaussian,tournament,3.0,lcb,1.0,look,cell,1.0,20.0,20,600,0.12941445146457056,0.01924198323062446,0.010909348392567271,0.14868496534092474,0.03504305021810077,0.2553531422838365,0.03276824951171875,0.05242919921875
output-boba,tournament_k3_lcb_rho1_look,gaussian,tournament,3.0,lcb,1.0,look,cell,5.0,0.0,20,600,0.7731111054368147,0.11067164803314526,0.010909348392567271,0.14315102610072428,0.08885521002233385,0.2037919205487487,3.62396240234375e-05,0.00014495849609375
output-boba,tournament_k3_lcb_rho1_look,gaussian,tournament,3.0,lcb,1.0,look,cell,5.0,20.0,20,600,0.5199289879562881,0.12359104499816849,0.010909348392567271,0.23770754826341622,0.16558061037145497,0.306611803380189,1.33514404296875e-05,0.0001068115234375
output-boba,tournament_k3_lcb_rho1_look,gaussian,tournament,3.0,lcb,1.0,look,pooled,,,20,4800,0.221290280683729,0.02915691066860799,0.010909348392567271,0.13175865916262014,0.0609539723684937,0.19905966332114478,0.00830841064453125,
output-boba,tournament_k3_lcb_rho1_post,ar1,tournament,3.0,lcb,1.0,post,cell,0.05,0.0,20,600,0.007283275356432553,-0.018045445744734382,0.01812451526833236,-2.4776552940287684,-21.55298860271389,-0.5788415759617915,0.04285796577660062,0.08571593155320124
output-boba,tournament_k3_lcb_rho1_post,ar1,tournament,3.0,lcb,1.0,post,cell,0.05,20.0,20,600,-0.0005775368818208183,-0.02281034307477988,0.01812451526833236,,-234.5850551691655,-1.57125801218626,0.03293821172843571,0.08571593155320124
output-boba,tournament_k3_lcb_rho1_post,ar1,tournament,3.0,lcb,1.0,post,cell,0.25,0.0,20,600,0.03825454149748255,-0.009477702410538098,0.01812451526833236,-0.24775365327961923,-0.9545370767615067,0.14856067208518556,1.0,1.0
output-boba,tournament_k3_lcb_rho1_post,ar1,tournament,3.0,lcb,1.0,post,cell,0.25,20.0,20,600,0.022728479424807015,-0.017724613832929736,0.01812451526833236,-0.7798416031995609,-2.2725820204862095,-0.03651559325768097,0.5958194732666016,0.6809365408761161
output-boba,tournament_k3_lcb_rho1_post,ar1,tournament,3.0,lcb,1.0,post,cell,1.0,0.0,20,600,0.20939594374896484,0.014921376534710795,0.01812451526833236,0.07125914794509748,-0.030465751929973275,0.1657389444258646,0.1893482208251953,0.3029571533203125
output-boba,tournament_k3_lcb_rho1_post,ar1,tournament,3.0,lcb,1.0,post,cell,1.0,20.0,20,600,0.12514782730766216,0.01259355716883077,0.01812451526833236,0.10062945110402034,-0.04644119706003631,0.22996527597028138,0.2305126190185547,0.30735015869140625
output-boba,tournament_k3_lcb_rho1_post,ar1,tournament,3.0,lcb,1.0,post,cell,5.0,0.0,20,600,0.7264068798293957,0.04708446922317923,0.01812451526833236,0.06481831399261735,0.0375556752111029,0.09421579516662532,0.0001678466796875,0.0013427734375
output-boba,tournament_k3_lcb_rho1_post,ar1,tournament,3.0,lcb,1.0,post,cell,5.0,20.0,20,600,0.4553017321055197,0.046371405889478606,0.01812451526833236,0.10184763777426542,0.05710022586997155,0.1380823450013648,0.001209259033203125,0.0048370361328125
output-boba,tournament_k3_lcb_rho1_post,ar1,tournament,3.0,lcb,1.0,post,pooled,,,20,4800,0.19799264279855544,0.006614087969152166,0.01812451526833236,0.03340572596872485,-0.04034739104043496,0.09512542352104507,0.4304332733154297,
output-boba,tournament_k3_lcb_rho1_post,bias,tournament,3.0,lcb,1.0,post,cell,0.05,0.0,20,600,0.013395489962064456,-0.019732146318035798,0.01812451526833236,-1.4730440151063176,-3.8301295579258863,-0.4615266358937799,0.07661792341167123,0.20431446243112328
output-boba,tournament_k3_lcb_rho1_post,bias,tournament,3.0,lcb,1.0,post,cell,0.05,20.0,20,600,0.008569131211679494,-0.020551988789284305,0.01812451526833236,-2.3983748505650726,-14.731950198089308,-0.3841892037502531,0.13649771056887278,0.27299542113774555
output-boba,tournament_k3_lcb_rho1_post,bias,tournament,3.0,lcb,1.0,post,cell,0.25,0.0,20,600,0.04075634626349373,-0.012195894859625009,0.01812451526833236,-0.2992391609585748,-0.9023959521844493,0.025864558826622575,0.39806292572561963,0.45492905797213673
output-boba,tournament_k3_lcb_rho1_post,bias,tournament,3.0,lcb,1.0,post,cell,0.25,20.0,20,600,0.03844830317953616,-0.008719729421023613,0.01812451526833236,-0.22679100766310611,-0.7164901546093317,0.0958223854750214,0.6476554870605469,0.6476554870605469
output-boba,tournament_k3_lcb_rho1_post,bias,tournament,3.0,lcb,1.0,post,cell,1.0,0.0,20,600,0.24778106004099362,0.03040080970995749,0.01812451526833236,0.12269222556771647,0.042906318323257545,0.2029235597588788,0.0019855499267578125,0.0158843994140625
output-boba,tournament_k3_lcb_rho1_post,bias,tournament,3.0,lcb,1.0,post,cell,1.0,20.0,20,600,0.15642646108862632,0.008544090274346109,0.01812451526833236,0.0546204920502887,-0.027540718634398574,0.14690785809549828,0.24548721313476562,0.3273162841796875
output-boba,tournament_k3_lcb_rho1_post,bias,tournament,3.0,lcb,1.0,post,cell,5.0,0.0,20,600,0.7380725752210011,0.027783801916757077,0.01812451526833236,0.0376437261721014,-0.009414938343928564,0.08478273888552479,0.17685317993164062,0.282965087890625
output-boba,tournament_k3_lcb_rho1_post,bias,tournament,3.0,lcb,1.0,post,cell,5.0,20.0,20,600,0.5685229542516816,-0.06029940428712628,0.01812451526833236,-0.10606327121214547,-0.19880882990915863,-0.030434937016359465,0.01923370361328125,0.076934814453125
output-boba,tournament_k3_lcb_rho1_post,bias,tournament,3.0,lcb,1.0,post,pooled,,,20,4800,0.22649654015238457,-0.006846307721754291,0.01812451526833236,-0.030226985883087507,-0.09566426042790417,0.029538554235303032,0.5216732025146484,
output-boba,tournament_k3_lcb_rho1_post,drift,tournament,3.0,lcb,1.0,post,cell,0.05,0.0,20,600,0.007546259012326475,-0.01805714293768644,0.01812451526833236,-2.3928602116877924,-11.189885066153002,-0.6420289647760895,0.1474161990774467,0.2948323981548934
output-boba,tournament_k3_lcb_rho1_post,drift,tournament,3.0,lcb,1.0,post,cell,0.05,20.0,20,600,0.005545591729968432,-0.020082399661306573,0.01812451526833236,-3.621326747293907,-16.40707833096302,-0.9725037393454555,0.04862480166721016,0.1296661377792271
output-boba,tournament_k3_lcb_rho1_post,drift,tournament,3.0,lcb,1.0,post,cell,0.25,0.0,20,600,0.04441843487071276,-0.011747070109512047,0.01812451526833236,-0.2644638457816861,-0.7856337094206544,0.015844354483694603,0.34881019592285156,0.42088753836495535
output-boba,tournament_k3_lcb_rho1_post,drift,tournament,3.0,lcb,1.0,post,cell,0.25,20.0,20,600,0.03700249218932726,-0.006021944961962508,0.01812451526833236,-0.1627443073604495,-0.772333124530516,0.20231903589647857,0.9854354858398438,0.9854354858398438
output-boba,tournament_k3_lcb_rho1_post,drift,tournament,3.0,lcb,1.0,post,cell,1.0,0.0,20,600,0.25418753076862133,0.008424773727424725,0.01812451526833236,0.033143930002976905,-0.020152384389805846,0.08745665913372755,0.36827659606933594,0.42088753836495535
output-boba,tournament_k3_lcb_rho1_post,drift,tournament,3.0,lcb,1.0,post,cell,1.0,20.0,20,600,0.16046191077310898,0.017961477400157473,0.01812451526833236,0.11193608074102249,0.024836486717282544,0.1938191462250161,0.021484375,0.1296661377792271
output-boba,tournament_k3_lcb_rho1_post,drift,tournament,3.0,lcb,1.0,post,cell,5.0,0.0,20,600,0.7552009810904712,0.04325811577458345,0.01812451526833236,0.057280269567606984,0.009977512801288412,0.10801134164358066,0.04844093322753906,0.1296661377792271
output-boba,tournament_k3_lcb_rho1_post,drift,tournament,3.0,lcb,1.0,post,cell,5.0,20.0,20,600,0.6408456819973191,0.028503028873944986,0.01812451526833236,0.044477211401518384,-0.010562484176558685,0.10657509070505856,0.21616744995117188,0.345867919921875
output-boba,tournament_k3_lcb_rho1_post,drift,tournament,3.0,lcb,1.0,post,pooled,,,20,4800,0.2381511103039819,0.005279854763205385,0.01812451526833236,0.022170187476623766,-0.03785440687774231,0.07376219490050757,0.34881019592285156,
output-boba,tournament_k3_lcb_rho1_post,gaussian,tournament,3.0,lcb,1.0,post,cell,0.05,0.0,20,600,0.006930780737448017,-0.021884479922066,0.01812451526833236,-3.1575778763020117,-19.40194040030657,-0.6731791110044082,0.027857098015306787,0.07428559470748476
output-boba,tournament_k3_lcb_rho1_post,gaussian,tournament,3.0,lcb,1.0,post,cell,0.05,20.0,20,600,0.002573926727981019,-0.02342873911045044,0.01812451526833236,-9.10233335539737,-101.63915458421573,-0.9319146029905413,0.09895736546518985,0.1686370849609375
output-boba,tournament_k3_lcb_rho1_post,gaussian,tournament,3.0,lcb,1.0,post,cell,0.25,0.0,20,600,0.049786948458824795,-0.004683746125768575,0.01812451526833236,-0.09407578232359762,-0.4107672956957503,0.15152954364420146,0.9039076325167246,0.9039076325167246
output-boba,tournament_k3_lcb_rho1_post,gaussian,tournament,3.0,lcb,1.0,post,cell,0.25,20.0,20,600,0.032441606005650915,-0.008370806543254578,0.01812451526833236,-0.25802688503758076,-0.8747286869513294,0.1548309789682126,0.8123550415039062,0.9039076325167246
output-boba,tournament_k3_lcb_rho1_post,gaussian,tournament,3.0,lcb,1.0,post,cell,1.0,0.0,20,600,0.2561344386822541,0.02003778377319462,0.01812451526833236,0.07823150950057271,0.0007449564131291021,0.166260497283144,0.10539817810058594,0.1686370849609375
output-boba,tournament_k3_lcb_rho1_post,gaussian,tournament,3.0,lcb,1.0,post,cell,1.0,20.0,20,600,0.12941445146457056,0.014557331094618969,0.01812451526833236,0.1124861321890646,-0.02253099167825073,0.24549197904961087,0.15364646911621094,0.2048619588216146
output-boba,tournament_k3_lcb_rho1_post,gaussian,tournament,3.0,lcb,1.0,post,cell,5.0,0.0,20,600,0.7731111054368147,0.11097463639935026,0.01812451526833236,0.1435429340219458,0.0756140440950157,0.22369561062490742,0.0003223419189453125,0.00128936767578125
output-boba,tournament_k3_lcb_rho1_post,gaussian,tournament,3.0,lcb,1.0,post,cell,5.0,20.0,20,600,0.5199289879562881,0.12032049720600002,0.01812451526833236,0.23141717425479597,0.15114582928228693,0.3036807699713492,6.29425048828125e-05,0.0005035400390625
output-boba,tournament_k3_lcb_rho1_post,gaussian,tournament,3.0,lcb,1.0,post,pooled,,,20,4800,0.221290280683729,0.025940309596453028,0.01812451526833236,0.11722299558889016,0.022531543009875733,0.20892247870590056,0.03623390197753906,
output-boba,tournament_k3_obs_rho0.5_look,ar1,tournament,3.0,obs,0.5,look,cell,0.05,0.0,20,600,0.007283275356432553,-0.0017575227115444827,0.002773237443371778,-0.24130938699059995,-1.9243028158729936,0.2406333925310932,0.8446284810712963,0.8446284810712963
output-boba,tournament_k3_obs_rho0.5_look,ar1,tournament,3.0,obs,0.5,look,cell,0.05,20.0,20,600,-0.0005775368818208183,-0.0037512263109098004,0.002773237443371778,,-41.2006944377895,-0.011572034903355942,0.1893482208251953,0.21639796665736608
output-boba,tournament_k3_obs_rho0.5_look,ar1,tournament,3.0,obs,0.5,look,cell,0.25,0.0,20,600,0.03825454149748255,0.005921474347864277,0.002773237443371778,0.15479140818493292,0.02242425131354477,0.2645906188497485,0.02977446084184663,0.04763913734695461
output-boba,tournament_k3_obs_rho0.5_look,ar1,tournament,3.0,obs,0.5,look,cell,0.25,20.0,20,600,0.022728479424807015,0.003362837121444838,0.002773237443371778,0.14795697761348994,-0.08844884360361836,0.2477485687117998,0.0758514404296875,0.10113525390625
output-boba,tournament_k3_obs_rho0.5_look,ar1,tournament,3.0,obs,0.5,look,cell,1.0,0.0,20,600,0.20939594374896484,0.029059009353504896,0.002773237443371778,0.13877541672126373,0.08126028935848173,0.19317389664744433,0.0007076263427734375,0.001415252685546875
output-boba,tournament_k3_obs_rho0.5_look,ar1,tournament,3.0,obs,0.5,look,cell,1.0,20.0,20,600,0.12514782730766216,0.037723711031988114,0.002773237443371778,0.30143320777953675,0.23400653848642483,0.36740273559765485,6.29425048828125e-05,0.00025177001953125
output-boba,tournament_k3_obs_rho0.5_look,ar1,tournament,3.0,obs,0.5,look,cell,5.0,0.0,20,600,0.7264068798293957,0.07290618819528553,0.002773237443371778,0.10036549793196937,0.05532955088752767,0.15144520828803104,0.0001678466796875,0.0004475911458333333
output-boba,tournament_k3_obs_rho0.5_look,ar1,tournament,3.0,obs,0.5,look,cell,5.0,20.0,20,600,0.4553017321055197,0.06413750684792614,0.002773237443371778,0.14086813716109864,0.10120241612052751,0.18240998624446708,1.9073486328125e-06,1.52587890625e-05
output-boba,tournament_k3_obs_rho0.5_look,ar1,tournament,3.0,obs,0.5,look,pooled,,,20,4800,0.19799264279855544,0.025950247234444945,0.002773237443371778,0.13106672484213278,0.09608096449341536,0.16296201457972703,2.6702880859375e-05,
output-boba,tournament_k3_obs_rho0.5_look,bias,tournament,3.0,obs,0.5,look,cell,0.05,0.0,20,600,0.013395489962064456,-0.0034114088176775926,0.002773237443371778,-0.2546684613506919,-0.5612243008910032,-0.09738868849340761,0.017582795345746867,0.035165590691493734
output-boba,tournament_k3_obs_rho0.5_look,bias,tournament,3.0,obs,0.5,look,cell,0.05,20.0,20,600,0.008569131211679494,-0.0002534990109034329,0.002773237443371778,-0.02958281354799663,-0.43119115018608173,0.22639952216244907,1.0,1.0
output-boba,tournament_k3_obs_rho0.5_look,bias,tournament,3.0,obs,0.5,look,cell,0.25,0.0,20,600,0.04075634626349373,-0.0006038887290592962,0.002773237443371778,-0.014817047758773494,-0.15988358070869282,0.08297333483371591,0.9272785186767578,1.0
output-boba,tournament_k3_obs_rho0.5_look,bias,tournament,3.0,obs,0.5,look,cell,0.25,20.0,20,600,0.03844830317953616,0.004762605303747635,0.002773237443371778,0.12387036383656323,-0.05381009598371126,0.22946607661711724,0.058258056640625,0.093212890625
output-boba,tournament_k3_obs_rho0.5_look,bias,tournament,3.0,obs,0.5,look,cell,1.0,0.0,20,600,0.24778106004099362,0.035549788132918314,0.002773237443371778,0.1434725807010304,0.08501304686193778,0.2035204919898102,0.0002613067626953125,0.0020904541015625
output-boba,tournament_k3_obs_rho0.5_look,bias,tournament,3.0,obs,0.5,look,cell,1.0,20.0,20,600,0.15642646108862632,0.018788546488475742,0.002773237443371778,0.12011104999575963,0.06883190608974127,0.16881601242060906,0.000850677490234375,0.0034027099609375
output-boba,tournament_k3_obs_rho0.5_look,bias,tournament,3.0,obs,0.5,look,cell,5.0,0.0,20,600,0.7380725752210011,0.030308713658021968,0.002773237443371778,0.041064679376478154,-0.0025484895889720054,0.08644714799111954,0.1230926513671875,0.16412353515625
output-boba,tournament_k3_obs_rho0.5_look,bias,tournament,3.0,obs,0.5,look,cell,5.0,20.0,20,600,0.5685229542516816,0.043454954775101834,0.002773237443371778,0.0764348289723841,0.0011402294552232046,0.13558289486029465,0.0023250579833984375,0.006200154622395833
output-boba,tournament_k3_obs_rho0.5_look,bias,tournament,3.0,obs,0.5,look,pooled,,,20,4800,0.22649654015238457,0.01607447647507815,0.002773237443371778,0.07097007514668174,0.029125037331286026,0.10925093520424231,0.00485992431640625,
output-boba,tournament_k3_obs_rho0.5_look,drift,tournament,3.0,obs,0.5,look,cell,0.05,0.0,20,600,0.007546259012326475,-0.0016362238443938457,0.002773237443371778,-0.21682582611081166,-1.0082588801776387,0.13395558019827555,0.8405336616716674,0.8405336616716674
output-boba,tournament_k3_obs_rho0.5_look,drift,tournament,3.0,obs,0.5,look,cell,0.05,20.0,20,600,0.005545591729968432,-0.0022263963085285975,0.002773237443371778,-0.4014713698625036,-2.386740755288857,0.040917424236783954,0.21221142185606556,0.2829485624747541
output-boba,tournament_k3_obs_rho0.5_look,drift,tournament,3.0,obs,0.5,look,cell,0.25,0.0,20,600,0.04441843487071276,0.002015053257433843,0.002773237443371778,0.045365246733681426,-0.05722157059248028,0.1475894080662033,0.3117942810058594,0.35633632114955355
output-boba,tournament_k3_obs_rho0.5_look,drift,tournament,3.0,obs,0.5,look,cell,0.25,20.0,20,600,0.03700249218932726,0.008774154897427921,0.002773237443371778,0.23712334976071361,0.14996058512404187,0.31324843308954353,0.0019855499267578125,0.003971099853515625
output-boba,tournament_k3_obs_rho0.5_look,drift,tournament,3.0,obs,0.5,look,cell,1.0,0.0,20,600,0.25418753076862133,0.0260868178146392,0.002773237443371778,0.10262823567999953,0.038860208623657876,0.17029409691557465,0.021484375,0.034375
output-boba,tournament_k3_obs_rho0.5_look,drift,tournament,3.0,obs,0.5,look,cell,1.0,20.0,20,600,0.16046191077310898,0.03114372568463798,0.002773237443371778,0.19408796476738205,0.12975392164368532,0.24585395175419397,0.0003223419189453125,0.00128936767578125
output-boba,tournament_k3_obs_rho0.5_look,drift,tournament,3.0,obs,0.5,look,cell,5.0,0.0,20,600,0.7552009810904712,0.08531604136372947,0.002773237443371778,0.11297130631442973,0.05813998877851897,0.16489480672616788,0.001209259033203125,0.0032246907552083335
output-boba,tournament_k3_obs_rho0.5_look,drift,tournament,3.0,obs,0.5,look,cell,5.0,20.0,20,600,0.6408456819973191,0.1062996720390926,0.002773237443371778,0.1658740552137126,0.11519349276539541,0.21968134769021083,1.33514404296875e-05,0.0001068115234375
output-boba,tournament_k3_obs_rho0.5_look,drift,tournament,3.0,obs,0.5,look,pooled,,,20,4800,0.2381511103039819,0.03197160561300484,0.002773237443371778,0.13424924020801543,0.09543919451184456,0.171897763440459,6.29425048828125e-05,
output-boba,tournament_k3_obs_rho0.5_look,gaussian,tournament,3.0,obs,0.5,look,cell,0.05,0.0,20,600,0.006930780737448017,-0.0030060464471180865,0.002773237443371778,-0.43372407250975065,-4.269788116067913,-0.02851597040621654,0.12209548134133213,0.13953769296152244
output-boba,tournament_k3_obs_rho0.5_look,gaussian,tournament,3.0,obs,0.5,look,cell,0.05,20.0,20,600,0.002573926727981019,-0.00447355210597426,0.002773237443371778,-1.7380262061629477,-23.92224236923405,-0.0267700021560736,0.07661792341167123,0.10215723121556164
output-boba,tournament_k3_obs_rho0.5_look,gaussian,tournament,3.0,obs,0.5,look,cell,0.25,0.0,20,600,0.049786948458824795,0.007041784524709665,0.002773237443371778,0.14143836372163718,0.0772819374700331,0.19206918313557791,0.0025431154240612964,0.012959798177083334
output-boba,tournament_k3_obs_rho0.5_look,gaussian,tournament,3.0,obs,0.5,look,cell,0.25,20.0,20,600,0.032441606005650915,0.0025681271253217538,0.002773237443371778,0.07916152871329547,-0.10890849917688411,0.19812386384495742,0.4523754119873047,0.4523754119873047
output-boba,tournament_k3_obs_rho0.5_look,gaussian,tournament,3.0,obs,0.5,look,cell,1.0,0.0,20,600,0.2561344386822541,0.02513338553243864,0.002773237443371778,0.09812575638693279,0.03727048663529065,0.16700622146790642,0.013616561889648438,0.02449951171875
output-boba,tournament_k3_obs_rho0.5_look,gaussian,tournament,3.0,obs,0.5,look,cell,1.0,20.0,20,600,0.12941445146457056,0.021018907765570957,0.002773237443371778,0.16241546077506844,0.05131627748425705,0.2369500635804624,0.01531219482421875,0.02449951171875
output-boba,tournament_k3_obs_rho0.5_look,gaussian,tournament,3.0,obs,0.5,look,cell,5.0,0.0,20,600,0.7731111054368147,0.0636739177602447,0.002773237443371778,0.08236063007304541,0.02728497734823633,0.15279944466760179,0.00485992431640625,0.012959798177083334
output-boba,tournament_k3_obs_rho0.5_look,gaussian,tournament,3.0,obs,0.5,look,cell,5.0,20.0,20,600,0.5199289879562881,0.08761300551374566,0.002773237443371778,0.16850956100395684,0.07866558418777657,0.25497587986893516,0.00365447998046875,0.012959798177083334
output-boba,tournament_k3_obs_rho0.5_look,gaussian,tournament,3.0,obs,0.5,look,pooled,,,20,4800,0.221290280683729,0.024946191208617373,0.002773237443371778,0.11273062301489327,0.07013923052166837,0.15543149075005078,0.0001678466796875,
output-boba,tournament_k3_obs_rho0.5_post,ar1,tournament,3.0,obs,0.5,post,cell,0.05,0.0,20,600,0.007283275356432553,-0.009428705035642625,0.009591925453372067,-1.2945693488459473,-10.476359538626125,-0.30276912687233704,0.07070932047868624,0.11313491276589797
output-boba,tournament_k3_obs_rho0.5_post,ar1,tournament,3.0,obs,0.5,post,cell,0.05,20.0,20,600,-0.0005775368818208183,-0.012051307701395982,0.009591925453372067,,-120.50911524511555,-0.8442031897784261,0.02977446084184663,0.05954892168369326
output-boba,tournament_k3_obs_rho0.5_post,ar1,tournament,3.0,obs,0.5,post,cell,0.25,0.0,20,600,0.03825454149748255,-0.0015007748239672949,0.009591925453372067,-0.03923128510286962,-0.34305721276433765,0.16295223351114746,0.8405336616716674,0.8405336616716674
output-boba,tournament_k3_obs_rho0.5_post,ar1,tournament,3.0,obs,0.5,post,cell,0.25,20.0,20,600,0.022728479424807015,-0.0033469845478066975,0.009591925453372067,-0.14725950140569583,-0.6907184386391633,0.12060093054189433,0.8123550415039062,0.8405336616716674
output-boba,tournament_k3_obs_rho0.5_post,ar1,tournament,3.0,obs,0.5,post,cell,1.0,0.0,20,600,0.20939594374896484,0.012762416611350589,0.009591925453372067,0.06094872891449542,-0.008177917910738547,0.12072804408755405,0.10539817810058594,0.1405309041341146
output-boba,tournament_k3_obs_rho0.5_post,ar1,tournament,3.0,obs,0.5,post,cell,1.0,20.0,20,600,0.12514782730766216,0.02571236871012349,0.009591925453372067,0.2054559736535614,0.12397886851798352,0.27043925900386095,0.000850677490234375,0.0034027099609375
output-boba,tournament_k3_obs_rho0.5_post,ar1,tournament,3.0,obs,0.5,post,cell,5.0,0.0,20,600,0.7264068798293957,0.03509543788702964,0.009591925453372067,0.048313746553821424,0.028709267751129745,0.06748609937411301,8.20159912109375e-05,0.0006561279296875
output-boba,tournament_k3_obs_rho0.5_post,ar1,tournament,3.0,obs,0.5,post,cell,5.0,20.0,20,600,0.4553017321055197,0.026388944597907703,0.009591925453372067,0.05795924490748887,0.01487944668825518,0.09617382671065565,0.01531219482421875,0.04083251953125
output-boba,tournament_k3_obs_rho0.5_post,ar1,tournament,3.0,obs,0.5,post,pooled,,,20,4800,0.19799264279855544,0.009203924462199847,0.009591925453372067,0.04648619429543267,0.01517714845851701,0.07252408967706665,0.017181396484375,
output-boba,tournament_k3_obs_rho0.5_post,bias,tournament,3.0,obs,0.5,post,cell,0.05,0.0,20,600,0.013395489962064456,-0.009462657392307916,0.009591925453372067,-0.7064062172496729,-1.530271988903496,-0.29685932714181373,0.014097354120504295,0.03759294432134479
output-boba,tournament_k3_obs_rho0.5_post,bias,tournament,3.0,obs,0.5,post,cell,0.05,20.0,20,600,0.008569131211679494,-0.007143151236609921,0.009591925453372067,-0.8335910677705576,-4.518367207169301,-0.14656552318321642,0.13649771056887278,0.2458343505859375
output-boba,tournament_k3_obs_rho0.5_post,bias,tournament,3.0,obs,0.5,post,cell,0.25,0.0,20,600,0.04075634626349373,-0.004861375081249441,0.009591925453372067,-0.11927897191323725,-0.4177034466744143,0.04941115515304361,0.39806292572561963,0.45492905797213673
output-boba,tournament_k3_obs_rho0.5_post,bias,tournament,3.0,obs,0.5,post,cell,0.25,20.0,20,600,0.03844830317953616,-0.0022046994262309065,0.009591925453372067,-0.05734191742964465,-0.3280089362520574,0.13131390360017928,0.7561664581298828,0.7561664581298828
output-boba,tournament_k3_obs_rho0.5_post,bias,tournament,3.0,obs,0.5,post,cell,1.0,0.0,20,600,0.24778106004099362,0.028111624579993,0.009591925453372067,0.11345348419827621,0.06586145729130465,0.16835091258250928,0.0001678466796875,0.00067138671875
output-boba,tournament_k3_obs_rho0.5_post,bias,tournament,3.0,obs,0.5,post,cell,1.0,20.0,20,600,0.15642646108862632,0.01865481978419885,0.009591925453372067,0.11925616455408793,0.0800360149156747,0.1590392175618963,0.000133514404296875,0.00067138671875
output-boba,tournament_k3_obs_rho0.5_post,bias,tournament,3.0,obs,0.5,post,cell,5.0,0.0,20,600,0.7380725752210011,0.03129293512902724,0.009591925453372067,0.04239818166886528,-0.003442069576699959,0.09674574363734005,0.21616744995117188,0.2882232666015625
output-boba,tournament_k3_obs_rho0.5_post,bias,tournament,3.0,obs,0.5,post,cell,5.0,20.0,20,600,0.5685229542516816,-0.026346892822084737,0.009591925453372067,-0.04634270722940965,-0.1388693124615123,0.02538127276317483,0.15364646911621094,0.2458343505859375
output-boba,tournament_k3_obs_rho0.5_post,bias,tournament,3.0,obs,0.5,post,pooled,,,20,4800,0.22649654015238457,0.0035050754418420246,0.009591925453372067,0.015475183150629344,-0.02242929257026632,0.05703920734834885,0.9854354858398438,
output-boba,tournament_k3_obs_rho0.5_post,drift,tournament,3.0,obs,0.5,post,cell,0.05,0.0,20,600,0.007546259012326475,-0.008250239891824416,0.009591925453372067,-1.0932887246976308,-4.996118974334386,-0.28166416070003836,0.18418074965866182,0.24557433287821576
output-boba,tournament_k3_obs_rho0.5_post,drift,tournament,3.0,obs,0.5,post,cell,0.05,20.0,20,600,0.005545591729968432,-0.009484751403322621,0.009591925453372067,-1.7103226968669425,-8.199205984444639,-0.45502129891433934,0.08355636667535958,0.1686370849609375
output-boba,tournament_k3_obs_rho0.5_post,drift,tournament,3.0,obs,0.5,post,cell,0.25,0.0,20,600,0.04441843487071276,-0.0034426139877318505,0.009591925453372067,-0.077504171359305,-0.2591400710811432,0.05180675324437294,0.38837623596191406,0.44385855538504465
output-boba,tournament_k3_obs_rho0.5_post,drift,tournament,3.0,obs,0.5,post,cell,0.25,20.0,20,600,0.03700249218932726,0.001874611729856936,0.009591925453372067,0.05066176949015439,-0.249252607756664,0.2412886240765635,0.5958194732666016,0.5958194732666016
output-boba,tournament_k3_obs_rho0.5_post,drift,tournament,3.0,obs,0.5,post,cell,1.0,0.0,20,600,0.25418753076862133,0.015113447696210222,0.009591925453372067,0.05945786424105714,0.0146059438250784,0.109154751083515,0.10539817810058594,0.1686370849609375
output-boba,tournament_k3_obs_rho0.5_post,drift,tournament,3.0,obs,0.5,post,cell,1.0,20.0,20,600,0.16046191077310898,0.019956192406610472,0.009591925453372067,0.12436716171745121,0.05773121211698295,0.18633013829148018,0.005580902099609375,0.044647216796875
output-boba,tournament_k3_obs_rho0.5_post,drift,tournament,3.0,obs,0.5,post,cell,5.0,0.0,20,600,0.7552009810904712,0.02866651198940769,0.009591925453372067,0.03795878541896851,0.006728164078688156,0.06929861777421992,0.0758514404296875,0.1686370849609375
output-boba,tournament_k3_obs_rho0.5_post,drift,tournament,3.0,obs,0.5,post,cell,5.0,20.0,20,600,0.6408456819973191,0.027310104106695644,0.009591925453372067,0.04261572617853715,-0.008213931381873691,0.09052666625065717,0.09730720520019531,0.1686370849609375
output-boba,tournament_k3_obs_rho0.5_post,drift,tournament,3.0,obs,0.5,post,pooled,,,20,4800,0.2381511103039819,0.008967907830737762,0.009591925453372067,0.0376563763204417,0.008291647610505822,0.06632257276790826,0.039989471435546875,
output-boba,tournament_k3_obs_rho0.5_post,gaussian,tournament,3.0,obs,0.5,post,cell,0.05,0.0,20,600,0.006930780737448017,-0.011302780133022172,0.009591925453372067,-1.6308090763788856,-10.470706750393996,-0.40371006131633475,0.022231238286019243,0.03556998125763079
output-boba,tournament_k3_obs_rho0.5_post,gaussian,tournament,3.0,obs,0.5,post,cell,0.05,20.0,20,600,0.002573926727981019,-0.01232555992175277,0.009591925453372067,-4.788621131970181,-57.183564667405534,-0.5399971433458981,0.08355636667535958,0.11140848890047944
output-boba,tournament_k3_obs_rho0.5_post,gaussian,tournament,3.0,obs,0.5,post,cell,0.25,0.0,20,600,0.049786948458824795,0.0037179302275208138,0.009591925453372067,0.0746768047171167,-0.03737435210936124,0.1687716014357568,0.1589900610113243,0.1817029268700849
output-boba,tournament_k3_obs_rho0.5_post,gaussian,tournament,3.0,obs,0.5,post,cell,0.25,20.0,20,600,0.032441606005650915,-0.004040978985433826,0.009591925453372067,-0.12456161956747576,-0.4379651503418054,0.0855897614681318,0.6476554870605469,0.6476554870605469
output-boba,tournament_k3_obs_rho0.5_post,gaussian,tournament,3.0,obs,0.5,post,cell,1.0,0.0,20,600,0.2561344386822541,0.02629529348501255,0.009591925453372067,0.10266207707286486,0.049275663487893126,0.16359435688032523,0.001689910888671875,0.006200154622395833
output-boba,tournament_k3_obs_rho0.5_post,gaussian,tournament,3.0,obs,0.5,post,cell,1.0,20.0,20,600,0.12941445146457056,0.014897268629576446,0.009591925453372067,0.11511286769742891,0.04177557435923856,0.18663248942262697,0.021484375,0.03556998125763079
output-boba,tournament_k3_obs_rho0.5_post,gaussian,tournament,3.0,obs,0.5,post,cell,5.0,0.0,20,600,0.7731111054368147,0.08911183005713721,0.009591925453372067,0.11526393739589115,0.05757437897561889,0.1902574611724429,0.0001678466796875,0.0013427734375
output-boba,tournament_k3_obs_rho0.5_post,gaussian,tournament,3.0,obs,0.5,post,cell,5.0,20.0,20,600,0.5199289879562881,0.06302829341735974,0.009591925453372067,0.1212248112287571,0.057057397753272766,0.18512486537278275,0.0023250579833984375,0.006200154622395833
output-boba,tournament_k3_obs_rho0.5_post,gaussian,tournament,3.0,obs,0.5,post,pooled,,,20,4800,0.221290280683729,0.021172662097049745,0.009591925453372067,0.09567822875741205,0.039773988553625704,0.15592739291484245,0.006389617919921875,
output-boba,tournament_k3_obs_rho1_look,ar1,tournament,3.0,obs,1.0,look,cell,0.05,0.0,20,600,0.007283275356432553,-0.002595225799372643,0.002773237443371778,-0.35632674481825716,-2.6946437681173534,0.053328171782991714,0.19888473153236397,0.265179642043152
output-boba,tournament_k3_obs_rho1_look,ar1,tournament,3.0,obs,1.0,look,cell,0.05,20.0,20,600,-0.0005775368818208183,-0.0049036808980231035,0.002773237443371778,,-57.99926108051262,-0.3237057070610738,0.006389617919921875,0.0255584716796875
output-boba,tournament_k3_obs_rho1_look,ar1,tournament,3.0,obs,1.0,look,cell,0.25,0.0,20,600,0.03825454149748255,0.000854783408582707,0.002773237443371778,0.022344625634552657,-0.1408599233152461,0.13435334628859533,0.9854354858398438,0.9854354858398438
output-boba,tournament_k3_obs_rho1_look,ar1,tournament,3.0,obs,1.0,look,cell,0.25,20.0,20,600,0.022728479424807015,-0.0006220614269518076,0.002773237443371778,-0.027369249624013922,-0.3597208781079059,0.10731937605771852,0.8408222198486328,0.9609396798270089
output-boba,tournament_k3_obs_rho1_look,ar1,tournament,3.0,obs,1.0,look,cell,1.0,0.0,20,600,0.20939594374896484,0.014926371573833922,0.002773237443371778,0.07128300246220845,0.013543145053836317,0.12644337537431577,0.0758514404296875,0.143511962890625
output-boba,tournament_k3_obs_rho1_look,ar1,tournament,3.0,obs,1.0,look,cell,1.0,20.0,20,600,0.12514782730766216,0.025028548177812478,0.002773237443371778,0.1999918713433398,0.1350569198304553,0.2553200716065954,0.0007076263427734375,0.0056610107421875
output-boba,tournament_k3_obs_rho1_look,ar1,tournament,3.0,obs,1.0,look,cell,5.0,0.0,20,600,0.7264068798293957,0.027468008047327647,0.002773237443371778,0.03781352959346806,0.003626932821382106,0.07032112008145412,0.026641845703125,0.071044921875
output-boba,tournament_k3_obs_rho1_look,ar1,tournament,3.0,obs,1.0,look,cell,5.0,20.0,20,600,0.4553017321055197,0.019351035836869042,0.002773237443371778,0.04250156428656917,-0.0010231947094590762,0.08839088753700587,0.08969497680664062,0.143511962890625
output-boba,tournament_k3_obs_rho1_look,ar1,tournament,3.0,obs,1.0,look,pooled,,,20,4800,0.19799264279855544,0.00993847236500978,0.002773237443371778,0.050196170042144064,0.016056075346754805,0.07632813355026297,0.017181396484375,
output-boba,tournament_k3_obs_rho1_look,bias,tournament,3.0,obs,1.0,look,cell,0.05,0.0,20,600,0.013395489962064456,-0.005098492897806615,0.002773237443371778,-0.38061264740934175,-0.7524645420296181,-0.20768569403364415,0.0008374789865327178,0.006699831892261743
output-boba,tournament_k3_obs_rho1_look,bias,tournament,3.0,obs,1.0,look,cell,0.05,20.0,20,600,0.008569131211679494,-0.001849925507730342,0.002773237443371778,-0.2158825045424609,-0.8991071934992338,-0.013812536844067483,0.05316925048828125,0.14178466796875
output-boba,tournament_k3_obs_rho1_look,bias,tournament,3.0,obs,1.0,look,cell,0.25,0.0,20,600,0.04075634626349373,-0.007609392769965052,0.002773237443371778,-0.18670448819846583,-0.39431509454292296,-0.073635829734824,0.00830841064453125,0.033233642578125
output-boba,tournament_k3_obs_rho1_look,bias,tournament,3.0,obs,1.0,look,cell,0.25,20.0,20,600,0.03844830317953616,-0.0009690917415361338,0.002773237443371778,-0.025205058777520408,-0.24099942636710805,0.10182967561938254,1.0,1.0
output-boba,tournament_k3_obs_rho1_look,bias,tournament,3.0,obs,1.0,look,cell,1.0,0.0,20,600,0.24778106004099362,0.017693846047665506,0.002773237443371778,0.07140919505606355,0.005728170844135237,0.13934053226866894,0.11398696899414062,0.22797393798828125
output-boba,tournament_k3_obs_rho1_look,bias,tournament,3.0,obs,1.0,look,cell,1.0,20.0,20,600,0.15642646108862632,0.003247645575899049,0.002773237443371778,0.020761484682946543,-0.04122829648954583,0.07326096623057063,0.5216732025146484,0.8346771240234375
output-boba,tournament_k3_obs_rho1_look,bias,tournament,3.0,obs,1.0,look,cell,5.0,0.0,20,600,0.7380725752210011,0.0003453417806278669,0.002773237443371778,0.0004678967790185961,-0.0452745213733916,0.04098299202519595,0.9272785186767578,1.0
output-boba,tournament_k3_obs_rho1_look,bias,tournament,3.0,obs,1.0,look,cell,5.0,20.0,20,600,0.5685229542516816,-0.007626794946708507,0.002773237443371778,-0.013415104684290673,-0.080027547512514,0.042157131461508845,0.956329345703125,1.0
output-boba,tournament_k3_obs_rho1_look,bias,tournament,3.0,obs,1.0,look,pooled,,,20,4800,0.22649654015238457,-0.00023335805744426757,0.002773237443371778,-0.001030294137328838,-0.040234394227232344,0.03269982318974805,0.956329345703125,
output-boba,tournament_k3_obs_rho1_look,drift,tournament,3.0,obs,1.0,look,cell,0.05,0.0,20,600,0.007546259012326475,-0.003130822656984864,0.002773237443371778,-0.41488407061973437,-1.660483876538061,-0.10950403010670651,0.02977446084184663,0.05954892168369326
output-boba,tournament_k3_obs_rho1_look,drift,tournament,3.0,obs,1.0,look,cell,0.05,20.0,20,600,0.005545591729968432,-0.0037695092835936792,0.002773237443371778,-0.6797307604206083,-3.23865695813081,-0.15196274683816144,0.0072956085205078125,0.02850341796875
output-boba,tournament_k3_obs_rho1_look,drift,tournament,3.0,obs,1.0,look,cell,0.25,0.0,20,600,0.04441843487071276,-0.0028648092128045846,0.002773237443371778,-0.06449595131262703,-0.1564201135408628,0.0209804171683434,0.26109886169433594,0.29839869907924105
output-boba,tournament_k3_obs_rho1_look,drift,tournament,3.0,obs,1.0,look,cell,0.25,20.0,20,600,0.03700249218932726,0.0030003997164632134,0.002773237443371778,0.0810864225336862,-0.03522739208744726,0.1798057518845898,0.2305126190185547,0.29839869907924105
output-boba,tournament_k3_obs_rho1_look,drift,tournament,3.0,obs,1.0,look,cell,1.0,0.0,20,600,0.25418753076862133,0.0029526431819217338,0.002773237443371778,0.011616003243720988,-0.0593715070505705,0.0839602283732707,0.9854354858398438,0.9854354858398438
output-boba,tournament_k3_obs_rho1_look,drift,tournament,3.0,obs,1.0,look,cell,1.0,20.0,20,600,0.16046191077310898,0.018952223023044817,0.002773237443371778,0.11811041593442702,0.04439522769739444,0.1772674273260496,0.01068878173828125,0.02850341796875
output-boba,tournament_k3_obs_rho1_look,drift,tournament,3.0,obs,1.0,look,cell,5.0,0.0,20,600,0.7552009810904712,0.03304730131092828,0.002773237443371778,0.04375961120072922,-0.0017866598177654343,0.08685397439319424,0.13272666931152344,0.2123626708984375
output-boba,tournament_k3_obs_rho1_look,drift,tournament,3.0,obs,1.0,look,cell,5.0,20.0,20,600,0.6408456819973191,0.06703458177371902,0.002773237443371778,0.10460331349162379,0.05125121026135429,0.16549904054008335,0.0004825592041015625,0.0038604736328125
output-boba,tournament_k3_obs_rho1_look,drift,tournament,3.0,obs,1.0,look,pooled,,,20,4800,0.2381511103039819,0.01440275098158674,0.002773237443371778,0.0604773623066578,0.024953379084119875,0.09482585229253843,0.006389617919921875,
output-boba,tournament_k3_obs_rho1_look,gaussian,tournament,3.0,obs,1.0,look,cell,0.05,0.0,20,600,0.006930780737448017,-0.00487254254899456,0.002773237443371778,-0.7030293892674319,-5.90233489716035,-0.20789957704763112,0.0008374789865327178,0.006699831892261743
output-boba,tournament_k3_obs_rho1_look,gaussian,tournament,3.0,obs,1.0,look,cell,0.05,20.0,20,600,0.002573926727981019,-0.005933570059974467,0.002773237443371778,-2.305259895501665,-29.548948687905515,-0.26321948828847175,0.007907736601400244,0.031630946405600976
output-boba,tournament_k3_obs_rho1_look,gaussian,tournament,3.0,obs,1.0,look,cell,0.25,0.0,20,600,0.049786948458824795,0.0019172467303934075,0.002773237443371778,0.0385090227407495,-0.03486251370184154,0.09071834955420002,0.34881019592285156,0.5170004708426339
output-boba,tournament_k3_obs_rho1_look,gaussian,tournament,3.0,obs,1.0,look,cell,0.25,20.0,20,600,0.032441606005650915,-0.004404546066188444,0.002773237443371778,-0.135768434689122,-0.3932007202323365,0.010353761145376027,0.4523754119873047,0.5170004708426339
output-boba,tournament_k3_obs_rho1_look,gaussian,tournament,3.0,obs,1.0,look,cell,1.0,0.0,20,600,0.2561344386822541,0.0011345991113553458,0.002773237443371778,0.004429701516096651,-0.05479032702067247,0.0704363999598761,0.8123550415039062,0.8123550415039062
output-boba,tournament_k3_obs_rho1_look,gaussian,tournament,3.0,obs,1.0,look,cell,1.0,20.0,20,600,0.12941445146457056,0.0049789825597401915,0.002773237443371778,0.03847315739002513,-0.07332279779108411,0.11503893984159261,0.4523754119873047,0.5170004708426339
output-boba,tournament_k3_obs_rho1_look,gaussian,tournament,3.0,obs,1.0,look,cell,5.0,0.0,20,600,0.7731111054368147,0.0365258126261737,0.002773237443371778,0.04724523082039585,-0.0032347123901083218,0.11284721659458441,0.40909767150878906,0.5170004708426339
output-boba,tournament_k3_obs_rho1_look,gaussian,tournament,3.0,obs,1.0,look,cell,5.0,20.0,20,600,0.5199289879562881,0.050398160459070786,0.002773237443371778,0.09693277664162073,-0.003670073874761866,0.19576192145029633,0.09730720520019531,0.2594858805338542
output-boba,tournament_k3_obs_rho1_look,gaussian,tournament,3.0,obs,1.0,look,pooled,,,20,4800,0.221290280683729,0.009968017851447002,0.002773237443371778,0.04504498715735928,-0.0012040302105659332,0.09157378524833608,0.1893482208251953,
output-boba,tournament_k3_obs_rho1_post,ar1,tournament,3.0,obs,1.0,post,cell,0.05,0.0,20,600,0.007283275356432553,-0.009507995053455528,0.009591925453372067,-1.305455936807073,-10.434497440235887,-0.3263300704220379,0.05262434185535094,0.10524868371070188
output-boba,tournament_k3_obs_rho1_post,ar1,tournament,3.0,obs,1.0,post,cell,0.05,20.0,20,600,-0.0005775368818208183,-0.012086877206556943,0.009591925453372067,,-122.356441829582,-0.9012615424679181,0.01959328479398985,0.052248759450639594
output-boba,tournament_k3_obs_rho1_post,ar1,tournament,3.0,obs,1.0,post,cell,0.25,0.0,20,600,0.03825454149748255,-0.002135998361469158,0.009591925453372067,-0.05583646484456554,-0.3595811002567027,0.13439769444951333,0.7475000777680043,0.7561664581298828
output-boba,tournament_k3_obs_rho1_post,ar1,tournament,3.0,obs,1.0,post,cell,0.25,20.0,20,600,0.022728479424807015,-0.0035168650847225437,0.009591925453372067,-0.15473384818185676,-0.67416678927691,0.10070839671386793,0.7561664581298828,0.7561664581298828
output-boba,tournament_k3_obs_rho1_post,ar1,tournament,3.0,obs,1.0,post,cell,1.0,0.0,20,600,0.20939594374896484,0.011725050846379023,0.009591925453372067,0.05599464171300112,-0.015501526273374297,0.11991108100966573,0.16495704650878906,0.2199427286783854
output-boba,tournament_k3_obs_rho1_post,ar1,tournament,3.0,obs,1.0,post,cell,1.0,20.0,20,600,0.12514782730766216,0.02434144520788962,0.009591925453372067,0.19450154055051114,0.11048228781046592,0.2597266457667329,0.001689910888671875,0.0067596435546875
output-boba,tournament_k3_obs_rho1_post,ar1,tournament,3.0,obs,1.0,post,cell,5.0,0.0,20,600,0.7264068798293957,0.03825293553864658,0.009591925453372067,0.052660480786788096,0.030911505165340625,0.07687500398789932,0.0001678466796875,0.0013427734375
output-boba,tournament_k3_obs_rho1_post,ar1,tournament,3.0,obs,1.0,post,cell,5.0,20.0,20,600,0.4553017321055197,0.020889832356854886,0.009591925453372067,0.045881293401303175,0.001238955231235019,0.08623497128759774,0.0758514404296875,0.1213623046875
output-boba,tournament_k3_obs_rho1_post,ar1,tournament,3.0,obs,1.0,post,pooled,,,20,4800,0.19799264279855544,0.008495191030445742,0.009591925453372067,0.04290659950980625,0.011253056588899685,0.07033194784252325,0.029575347900390625,
output-boba,tournament_k3_obs_rho1_post,bias,tournament,3.0,obs,1.0,post,cell,0.05,0.0,20,600,0.013395489962064456,-0.009507330655536095,0.009591925453372067,-0.7097411653071678,-1.5271170069139364,-0.31018664762178455,0.006210256590449749,0.01656068424119933
output-boba,tournament_k3_obs_rho1_post,bias,tournament,3.0,obs,1.0,post,cell,0.05,20.0,20,600,0.008569131211679494,-0.007192624644420061,0.009591925453372067,-0.8393645127777607,-4.528002871338734,-0.15056863128593748,0.11654426427752808,0.22864990234375
output-boba,tournament_k3_obs_rho1_post,bias,tournament,3.0,obs,1.0,post,cell,0.25,0.0,20,600,0.04075634626349373,-0.0062906543743580625,0.009591925453372067,-0.15434784888930847,-0.45197610993335763,0.017704813825402125,0.24320097107575667,0.3242679614343422
output-boba,tournament_k3_obs_rho1_post,bias,tournament,3.0,obs,1.0,post,cell,0.25,20.0,20,600,0.03844830317953616,-0.002710879559278032,0.009591925453372067,-0.07050713126713168,-0.3421123459657453,0.12757363969694674,0.6215133666992188,0.6215133666992188
output-boba,tournament_k3_obs_rho1_post,bias,tournament,3.0,obs,1.0,post,cell,1.0,0.0,20,600,0.24778106004099362,0.027111034631487174,0.009591925453372067,0.10941528229398101,0.06651212089013267,0.15651809346067883,4.76837158203125e-05,0.0003814697265625
output-boba,tournament_k3_obs_rho1_post,bias,tournament,3.0,obs,1.0,post,cell,1.0,20.0,20,600,0.15642646108862632,0.016724401194824955,0.009591925453372067,0.10691542261094454,0.06738318308958077,0.1477499844939622,0.0001678466796875,0.00067138671875
output-boba,tournament_k3_obs_rho1_post,bias,tournament,3.0,obs,1.0,post,cell,5.0,0.0,20,600,0.7380725752210011,0.018447177555656176,0.009591925453372067,0.024993717657281245,-0.0159554834718331,0.07217504206170244,0.4523754119873047,0.5170004708426339
output-boba,tournament_k3_obs_rho1_post,bias,tournament,3.0,obs,1.0,post,cell,5.0,20.0,20,600,0.5685229542516816,-0.03435222646950477,0.009591925453372067,-0.06042364026395537,-0.15155521344996914,0.010359239431009377,0.14290618896484375,0.22864990234375
output-boba,tournament_k3_obs_rho1_post,bias,tournament,3.0,obs,1.0,post,pooled,,,20,4800,0.22649654015238457,0.00027861220985892914,0.009591925453372067,0.0012300947717412446,-0.03559391192965407,0.040237422071654046,0.5216732025146484,
output-boba,tournament_k3_obs_rho1_post,drift,tournament,3.0,obs,1.0,post,cell,0.05,0.0,20,600,0.007546259012326475,-0.008380380424483922,0.009591925453372067,-1.1105344265012567,-5.208147968584947,-0.27775733797950786,0.1589900610113243,0.3179801220226486
output-boba,tournament_k3_obs_rho1_post,drift,tournament,3.0,obs,1.0,post,cell,0.05,20.0,20,600,0.005545591729968432,-0.009602023155111727,0.009591925453372067,-1.7314695388090509,-8.22911760750499,-0.4809501066155948,0.08355636667535958,0.22281697780095888
output-boba,tournament_k3_obs_rho1_post,drift,tournament,3.0,obs,1.0,post,cell,0.25,0.0,20,600,0.04441843487071276,-0.004271482380757808,0.009591925453372067,-0.09616463059066957,-0.2599325088741629,0.020975229565344464,0.26109886169433594,0.34813181559244794
output-boba,tournament_k3_obs_rho1_post,drift,tournament,3.0,obs,1.0,post,cell,0.25,20.0,20,600,0.03700249218932726,0.0008568871886139604,0.009591925453372067,0.023157553394771473,-0.28300723836635355,0.2188260303462885,0.7561664581298828,0.7561664581298828
output-boba,tournament_k3_obs_rho1_post,drift,tournament,3.0,obs,1.0,post,cell,1.0,0.0,20,600,0.25418753076862133,0.010365689432747035,0.009591925453372067,0.040779692856698725,-0.005167481193590393,0.09078026260687166,0.40909767150878906,0.46754019601004465
output-boba,tournament_k3_obs_rho1_post,drift,tournament,3.0,obs,1.0,post,cell,1.0,20.0,20,600,0.16046191077310898,0.01873383365889796,0.009591925453372067,0.11674941154968142,0.054405165634569874,0.17483799792676258,0.006389617919921875,0.051116943359375
output-boba,tournament_k3_obs_rho1_post,drift,tournament,3.0,obs,1.0,post,cell,5.0,0.0,20,600,0.7552009810904712,0.029498892082294958,0.009591925453372067,0.0390609822033071,0.0031752404484388613,0.07922680360814302,0.069580078125,0.22281697780095888
output-boba,tournament_k3_obs_rho1_post,drift,tournament,3.0,obs,1.0,post,cell,5.0,20.0,20,600,0.6408456819973191,0.02323328204883789,0.009591925453372067,0.036254097829647364,-0.010548674767355213,0.08441070388958519,0.20244979858398438,0.323919677734375
output-boba,tournament_k3_obs_rho1_post,drift,tournament,3.0,obs,1.0,post,pooled,,,20,4800,0.2381511103039819,0.0075543373063797865,0.009591925453372067,0.03172077298626593,0.003100189614316971,0.05788431985968995,0.06372261047363281,
output-boba,tournament_k3_obs_rho1_post,gaussian,tournament,3.0,obs,1.0,post,cell,0.05,0.0,20,600,0.006930780737448017,-0.011481491708575547,0.009591925453372067,-1.6565942775450069,-10.621004023777596,-0.42396151743123744,0.022231238286019243,0.04446247657203849
output-boba,tournament_k3_obs_rho1_post,gaussian,tournament,3.0,obs,1.0,post,cell,0.05,20.0,20,600,0.002573926727981019,-0.012413432093487758,0.009591925453372067,-4.822760476645277,-57.462268853963835,-0.5594997288663915,0.09099512294672399,0.14559219671475837
output-boba,tournament_k3_obs_rho1_post,gaussian,tournament,3.0,obs,1.0,post,cell,0.25,0.0,20,600,0.049786948458824795,0.001950553463251139,0.009591925453372067,0.03917800796456328,-0.07154091726447905,0.126005314467155,0.35466939531524566,0.35466939531524566
output-boba,tournament_k3_obs_rho1_post,gaussian,tournament,3.0,obs,1.0,post,cell,0.25,20.0,20,600,0.032441606005650915,-0.005730177716727465,0.009591925453372067,-0.17663051933154422,-0.4858851261603212,0.02685955088587805,0.2773551940917969,0.3169773646763393
output-boba,tournament_k3_obs_rho1_post,gaussian,tournament,3.0,obs,1.0,post,cell,1.0,0.0,20,600,0.2561344386822541,0.020043293960696183,0.009591925453372067,0.07825302237299202,0.030048814895505687,0.13655520817103198,0.0072956085205078125,0.02850341796875
output-boba,tournament_k3_obs_rho1_post,gaussian,tournament,3.0,obs,1.0,post,cell,1.0,20.0,20,600,0.12941445146457056,0.008166446553062711,0.009591925453372067,0.06310304962578632,-0.016228328031732898,0.14013853909773238,0.14290618896484375,0.19054158528645834
output-boba,tournament_k3_obs_rho1_post,gaussian,tournament,3.0,obs,1.0,post,cell,5.0,0.0,20,600,0.7731111054368147,0.082732710023642,0.009591925453372067,0.107012704179042,0.04746898993856617,0.1858067541006743,0.0005855560302734375,0.0046844482421875
output-boba,tournament_k3_obs_rho1_post,gaussian,tournament,3.0,obs,1.0,post,cell,5.0,20.0,20,600,0.5199289879562881,0.04989571021835017,0.009591925453372067,0.09596639420794334,0.02900525225353394,0.16454340451304067,0.01068878173828125,0.02850341796875
output-boba,tournament_k3_obs_rho1_post,gaussian,tournament,3.0,obs,1.0,post,pooled,,,20,4800,0.221290280683729,0.016645451587526443,0.009591925453372067,0.07521998497221097,0.022361332913765797,0.13260250135257026,0.01068878173828125,
output-boba,tournament_k5_lcb_rho0.5_look,ar1,tournament,5.0,lcb,0.5,look,cell,0.05,0.0,20,600,0.007283275356432553,-0.00798808695191602,0.013164785307427953,-1.0967712410956674,-8.545862477523247,-0.17438750727243632,0.12209548134133213,0.16279397512177618
output-boba,tournament_k5_lcb_rho0.5_look,ar1,tournament,5.0,lcb,0.5,look,cell,0.05,20.0,20,600,-0.0005775368818208183,-0.013108369918170378,0.013164785307427953,,-148.61823484895552,-1.0233341876215365,0.07015661401800452,0.11225058242880723
output-boba,tournament_k5_lcb_rho0.5_look,ar1,tournament,5.0,lcb,0.5,look,cell,0.25,0.0,20,600,0.03825454149748255,0.0037801771288938474,0.013164785307427953,0.09881642756436154,-0.22478228709573034,0.3223364771937317,0.4688451964332785,0.5358230816380326
output-boba,tournament_k5_lcb_rho0.5_look,ar1,tournament,5.0,lcb,0.5,look,cell,0.25,20.0,20,600,0.022728479424807015,-0.0056754711343253985,0.013164785307427953,-0.24970747176913655,-1.1172238080423946,0.14082478731398,0.6742229461669922,0.6742229461669922
output-boba,tournament_k5_lcb_rho0.5_look,ar1,tournament,5.0,lcb,0.5,look,cell,1.0,0.0,20,600,0.20939594374896484,0.03664372394355104,0.013164785307427953,0.174997295971891,0.08553601693642714,0.24774590156796075,0.00485992431640625,0.0097198486328125
output-boba,tournament_k5_lcb_rho0.5_look,ar1,tournament,5.0,lcb,0.5,look,cell,1.0,20.0,20,600,0.12514782730766216,0.03940887157166126,0.013164785307427953,0.3148985677136758,0.2258741790628866,0.3872594681924423,0.0003223419189453125,0.0008595784505208334
output-boba,tournament_k5_lcb_rho0.5_look,ar1,tournament,5.0,lcb,0.5,look,cell,5.0,0.0,20,600,0.7264068798293957,0.09597190901673,0.013164785307427953,0.1321186674873867,0.08212969047305994,0.18985127739716492,2.6702880859375e-05,0.0001068115234375
output-boba,tournament_k5_lcb_rho0.5_look,ar1,tournament,5.0,lcb,0.5,look,cell,5.0,20.0,20,600,0.4553017321055197,0.11925025339650086,0.013164785307427953,0.2619147808751663,0.21016627685226322,0.32055315569429255,1.9073486328125e-06,1.52587890625e-05
output-boba,tournament_k5_lcb_rho0.5_look,ar1,tournament,5.0,lcb,0.5,look,pooled,,,20,4800,0.19799264279855544,0.03353537588161564,0.013164785307427953,0.16937687889612996,0.11413417011389039,0.21631119707025734,0.000133514404296875,
output-boba,tournament_k5_lcb_rho0.5_look,bias,tournament,5.0,lcb,0.5,look,cell,0.05,0.0,20,600,0.013395489962064456,-0.012098829869355824,0.013164785307427953,-0.9032017420504418,-2.1520692121020546,-0.32976626256916614,0.021801738635254905,0.04360347727050981
output-boba,tournament_k5_lcb_rho0.5_look,bias,tournament,5.0,lcb,0.5,look,cell,0.05,20.0,20,600,0.008569131211679494,-0.010965222313916358,0.013164785307427953,-1.2796189068701687,-7.742563834445144,-0.20458065625196442,0.11398696899414062,0.182379150390625
output-boba,tournament_k5_lcb_rho0.5_look,bias,tournament,5.0,lcb,0.5,look,cell,0.25,0.0,20,600,0.04075634626349373,-0.005317606606196121,0.013164785307427953,-0.13047309422236425,-0.5463027252705812,0.1064690654389067,0.9039076325167246,0.9039076325167246
output-boba,tournament_k5_lcb_rho0.5_look,bias,tournament,5.0,lcb,0.5,look,cell,0.25,20.0,20,600,0.03844830317953616,-0.0030011001356064207,0.013164785307427953,-0.07805546376371,-0.4004845803887026,0.1377925159982619,0.6476554870605469,0.8325783865792411
output-boba,tournament_k5_lcb_rho0.5_look,bias,tournament,5.0,lcb,0.5,look,cell,1.0,0.0,20,600,0.24778106004099362,0.033419724579838106,0.013164785307427953,0.13487602552959072,0.08171809254473408,0.19282001118363734,8.20159912109375e-05,0.0006561279296875
output-boba,tournament_k5_lcb_rho0.5_look,bias,tournament,5.0,lcb,0.5,look,cell,1.0,20.0,20,600,0.15642646108862632,0.01581810860340379,0.013164785307427953,0.10112169317978591,0.057022853482012824,0.14110253737455156,0.000850677490234375,0.0022684733072916665
output-boba,tournament_k5_lcb_rho0.5_look,bias,tournament,5.0,lcb,0.5,look,cell,5.0,0.0,20,600,0.7380725752210011,0.08062880251422705,0.013164785307427953,0.10924237699806738,0.0580867300295009,0.16742673863477703,0.0007076263427734375,0.0022684733072916665
output-boba,tournament_k5_lcb_rho0.5_look,bias,tournament,5.0,lcb,0.5,look,cell,5.0,20.0,20,600,0.5685229542516816,0.005915823015240204,0.013164785307427953,0.010405600989368857,-0.054757919023245186,0.08945482567096952,0.7285060882568359,0.8325783865792411
output-boba,tournament_k5_lcb_rho0.5_look,bias,tournament,5.0,lcb,0.5,look,pooled,,,20,4800,0.22649654015238457,0.013049962473454321,0.013164785307427953,0.057616608468608124,0.015336513596069374,0.10445328441440682,0.058258056640625,
output-boba,tournament_k5_lcb_rho0.5_look,drift,tournament,5.0,lcb,0.5,look,cell,0.05,0.0,20,600,0.007546259012326475,-0.010351073419217286,0.013164785307427953,-1.3716827639111344,-5.775605581937677,-0.41115504373433726,0.1474161990774467,0.19655493210326228
output-boba,tournament_k5_lcb_rho0.5_look,drift,tournament,5.0,lcb,0.5,look,cell,0.05,20.0,20,600,0.005545591729968432,-0.012018532474805884,0.013164785307427953,-2.1672227347458013,-9.017354112252978,-0.5663367788218714,0.08355636667535958,0.13369018668057533
output-boba,tournament_k5_lcb_rho0.5_look,drift,tournament,5.0,lcb,0.5,look,cell,0.25,0.0,20,600,0.04441843487071276,-0.006041917134961911,0.013164785307427953,-0.13602273813897126,-0.3651967683969046,0.008093843856173559,0.1893482208251953,0.21639796665736608
output-boba,tournament_k5_lcb_rho0.5_look,drift,tournament,5.0,lcb,0.5,look,cell,0.25,20.0,20,600,0.03700249218932726,0.004183163195184003,0.013164785307427953,0.11305085002870605,-0.19965276010514985,0.32348857202593706,0.5216732025146484,0.5216732025146484
output-boba,tournament_k5_lcb_rho0.5_look,drift,tournament,5.0,lcb,0.5,look,cell,1.0,0.0,20,600,0.25418753076862133,0.022861313506906924,0.013164785307427953,0.08993876858466687,0.04251793228629832,0.14095540488804073,0.00485992431640625,0.0097198486328125
output-boba,tournament_k5_lcb_rho0.5_look,drift,tournament,5.0,lcb,0.5,look,cell,1.0,20.0,20,600,0.16046191077310898,0.03896169716659027,0.013164785307427953,0.24280962989205332,0.16814914557494912,0.31553892598193384,8.20159912109375e-05,0.00032806396484375
output-boba,tournament_k5_lcb_rho0.5_look,drift,tournament,5.0,lcb,0.5,look,cell,5.0,0.0,20,600,0.7552009810904712,0.08327088059627977,0.013164785307427953,0.11026320500278074,0.05616342449655948,0.16478643770313373,0.0003223419189453125,0.0008595784505208334
output-boba,tournament_k5_lcb_rho0.5_look,drift,tournament,5.0,lcb,0.5,look,cell,5.0,20.0,20,600,0.6408456819973191,0.15777320729403974,0.013164785307427953,0.24619531928858307,0.17435096107230552,0.313655716068101,3.62396240234375e-05,0.0002899169921875
output-boba,tournament_k5_lcb_rho0.5_look,drift,tournament,5.0,lcb,0.5,look,pooled,,,20,4800,0.2381511103039819,0.03482984234125196,0.013164785307427953,0.14625101809012897,0.09790316730739605,0.1961265747574437,0.0001049041748046875,
output-boba,tournament_k5_lcb_rho0.5_look,gaussian,tournament,5.0,lcb,0.5,look,cell,0.05,0.0,20,600,0.006930780737448017,-0.015318372708989465,0.013164785307427953,-2.2101943906870503,-14.201159626575983,-0.554729589604761,0.0249069201811637,0.03985107228986192
output-boba,tournament_k5_lcb_rho0.5_look,gaussian,tournament,5.0,lcb,0.5,look,cell,0.05,20.0,20,600,0.002573926727981019,-0.014718210180195373,0.013164785307427953,-5.718193148310906,-69.88013718722482,-0.5644376563368413,0.06414936248047728,0.08553248330730305
output-boba,tournament_k5_lcb_rho0.5_look,gaussian,tournament,5.0,lcb,0.5,look,cell,0.25,0.0,20,600,0.049786948458824795,0.0024186658356537436,0.013164785307427953,0.0485803189495345,-0.12324027364476652,0.16590483822713847,0.44450890263539566,0.5080101744404522
output-boba,tournament_k5_lcb_rho0.5_look,gaussian,tournament,5.0,lcb,0.5,look,cell,0.25,20.0,20,600,0.032441606005650915,-0.001174623197532565,0.013164785307427953,-0.03620730728706713,-0.3855820477842223,0.20416194132433674,0.956329345703125,0.956329345703125
output-boba,tournament_k5_lcb_rho0.5_look,gaussian,tournament,5.0,lcb,0.5,look,cell,1.0,0.0,20,600,0.2561344386822541,0.03862644324982285,0.013164785307427953,0.1508053483496635,0.08569517486511845,0.2165542920860611,0.0005855560302734375,0.0015614827473958333
output-boba,tournament_k5_lcb_rho0.5_look,gaussian,tournament,5.0,lcb,0.5,look,cell,1.0,20.0,20,600,0.12941445146457056,0.032096239607958696,0.013164785307427953,0.24801124793041832,0.1414308318253131,0.34364032663185673,0.0014324188232421875,0.002864837646484375
output-boba,tournament_k5_lcb_rho0.5_look,gaussian,tournament,5.0,lcb,0.5,look,cell,5.0,0.0,20,600,0.7731111054368147,0.13167343900770073,0.013164785307427953,0.1703163207483665,0.10187722242389755,0.25517334032849687,1.9073486328125e-05,7.62939453125e-05
output-boba,tournament_k5_lcb_rho0.5_look,gaussian,tournament,5.0,lcb,0.5,look,cell,5.0,20.0,20,600,0.5199289879562881,0.1744822746851816,0.013164785307427953,0.3355886644655613,0.25379819717049956,0.4099264580983105,1.9073486328125e-06,1.52587890625e-05
output-boba,tournament_k5_lcb_rho0.5_look,gaussian,tournament,5.0,lcb,0.5,look,pooled,,,20,4800,0.221290280683729,0.043510732037450026,0.013164785307427953,0.1966228787952786,0.1269470718012065,0.2678360771004011,0.000209808349609375,
output-boba,tournament_k5_lcb_rho0.5_post,ar1,tournament,5.0,lcb,0.5,post,cell,0.05,0.0,20,600,0.007283275356432553,-0.021119404065124685,0.02123346467533383,-2.899712427661015,-27.29284855489146,-0.679814392578165,0.06418536322763828,0.10269658116422124
output-boba,tournament_k5_lcb_rho0.5_post,ar1,tournament,5.0,lcb,0.5,post,cell,0.05,20.0,20,600,-0.0005775368818208183,-0.02184476514481313,0.02123346467533383,,-223.33360455371414,-1.6852800841995157,0.03293821172843571,0.06587642345687142
output-boba,tournament_k5_lcb_rho0.5_post,ar1,tournament,5.0,lcb,0.5,post,cell,0.25,0.0,20,600,0.03825454149748255,-0.00861015846442997,0.02123346467533383,-0.22507545842619983,-0.877877837775389,0.17297807176935107,1.0,1.0
output-boba,tournament_k5_lcb_rho0.5_post,ar1,tournament,5.0,lcb,0.5,post,cell,0.25,20.0,20,600,0.022728479424807015,-0.012865575614478217,0.02123346467533383,-0.566055272506971,-1.8845862537036395,0.07081803099180739,0.5958194732666016,0.6809365408761161
output-boba,tournament_k5_lcb_rho0.5_post,ar1,tournament,5.0,lcb,0.5,post,cell,1.0,0.0,20,600,0.20939594374896484,0.021115893291940767,0.02123346467533383,0.10084194045924615,-0.005208405807524207,0.19272158719568638,0.08969497680664062,0.11959330240885417
output-boba,tournament_k5_lcb_rho0.5_post,ar1,tournament,5.0,lcb,0.5,post,cell,1.0,20.0,20,600,0.12514782730766216,0.021207609446226804,0.02123346467533383,0.16946046849131652,0.035159031551615594,0.28155623733076823,0.023950576782226562,0.06386820475260417
output-boba,tournament_k5_lcb_rho0.5_post,ar1,tournament,5.0,lcb,0.5,post,cell,5.0,0.0,20,600,0.7264068798293957,0.061272495753324406,0.02123346467533383,0.08435010385324944,0.033340604727525716,0.14102740255530452,0.00365447998046875,0.014617919921875
output-boba,tournament_k5_lcb_rho0.5_post,ar1,tournament,5.0,lcb,0.5,post,cell,5.0,20.0,20,600,0.4553017321055197,0.07451361331876041,0.02123346467533383,0.1636576539565883,0.09123847291490193,0.23440873509539795,0.0010166168212890625,0.0081329345703125
output-boba,tournament_k5_lcb_rho0.5_post,ar1,tournament,5.0,lcb,0.5,post,pooled,,,20,4800,0.19799264279855544,0.014208713565175803,0.02123346467533383,0.07176384619317516,-0.007291296265930571,0.1389927587963698,0.09730720520019531,
output-boba,tournament_k5_lcb_rho0.5_post,bias,tournament,5.0,lcb,0.5,post,cell,0.05,0.0,20,600,0.013395489962064456,-0.023158490386679293,0.02123346467533383,-1.7288274226820595,-4.371355953585033,-0.6168704373251623,0.02687559167118386,0.05375118334236772
output-boba,tournament_k5_lcb_rho0.5_post,bias,tournament,5.0,lcb,0.5,post,cell,0.05,20.0,20,600,0.008569131211679494,-0.021112898499599936,0.02123346467533383,-2.4638318609036616,-14.18056815618373,-0.49813070074875476,0.10746614473256638,0.14328819297675519
output-boba,tournament_k5_lcb_rho0.5_post,bias,tournament,5.0,lcb,0.5,post,cell,0.25,0.0,20,600,0.04075634626349373,-0.014945333699640417,0.02123346467533383,-0.3666995466918792,-1.068699623720801,0.012739051024696033,0.4939012303138084,0.5458755493164062
output-boba,tournament_k5_lcb_rho0.5_post,bias,tournament,5.0,lcb,0.5,post,cell,0.25,20.0,20,600,0.03844830317953616,-0.011504788964863684,0.02123346467533383,-0.29922748244939523,-0.8393650920584366,0.0824748400535298,0.5458755493164062,0.5458755493164062
output-boba,tournament_k5_lcb_rho0.5_post,bias,tournament,5.0,lcb,0.5,post,cell,1.0,0.0,20,600,0.24778106004099362,0.02779505171426095,0.02123346467533383,0.11217585278577166,0.017594601028664593,0.1933422314249416,0.01068878173828125,0.02850341796875
output-boba,tournament_k5_lcb_rho0.5_post,bias,tournament,5.0,lcb,0.5,post,cell,1.0,20.0,20,600,0.15642646108862632,0.011601391669228448,0.02123346467533383,0.07416514820120787,0.010267950971685735,0.1481380032968222,0.03623390197753906,0.0579742431640625
output-boba,tournament_k5_lcb_rho0.5_post,bias,tournament,5.0,lcb,0.5,post,cell,5.0,0.0,20,600,0.7380725752210011,0.06616672211725746,0.02123346467533383,0.0896479890171304,0.04163018376948348,0.1406691023908185,0.0042209625244140625,0.02850341796875
output-boba,tournament_k5_lcb_rho0.5_post,bias,tournament,5.0,lcb,0.5,post,cell,5.0,20.0,20,600,0.5685229542516816,-0.04498032026705138,0.02123346467533383,-0.07911786134696483,-0.1333930252459497,-0.024192678857561583,0.01068878173828125,0.02850341796875
output-boba,tournament_k5_lcb_rho0.5_post,bias,tournament,5.0,lcb,0.5,post,pooled,,,20,4800,0.22649654015238457,-0.0012673332896359663,0.02123346467533383,-0.00559537593282139,-0.07312212024439556,0.05373123905039741,0.956329345703125,
output-boba,tournament_k5_lcb_rho0.5_post,drift,tournament,5.0,lcb,0.5,post,cell,0.05,0.0,20,600,0.007546259012326475,-0.021018277029819288,0.02123346467533383,-2.7852578337805363,-11.910800888770638,-0.808406862919475,0.1474161990774467,0.19655493210326228
output-boba,tournament_k5_lcb_rho0.5_post,drift,tournament,5.0,lcb,0.5,post,cell,0.05,20.0,20,600,0.005545591729968432,-0.021868745116651742,0.02123346467533383,-3.9434466476269483,-16.896279816194525,-1.090752350758989,0.09895736546518985,0.15833178474430376
output-boba,tournament_k5_lcb_rho0.5_post,drift,tournament,5.0,lcb,0.5,post,cell,0.25,0.0,20,600,0.04441843487071276,-0.009784687772994568,0.02123346467533383,-0.22028438871100545,-0.7438507893118006,0.07208285719713449,0.6215133666992188,0.7103009905133929
output-boba,tournament_k5_lcb_rho0.5_post,drift,tournament,5.0,lcb,0.5,post,cell,0.25,20.0,20,600,0.03700249218932726,-0.005757883409697904,0.02123346467533383,-0.15560798932777473,-0.7676931260616974,0.1904658909719748,0.8694877624511719,0.8694877624511719
output-boba,tournament_k5_lcb_rho0.5_post,drift,tournament,5.0,lcb,0.5,post,cell,1.0,0.0,20,600,0.25418753076862133,0.01627741782350121,0.02123346467533383,0.06403704294337717,0.012216094812122913,0.11574304365787948,0.082550048828125,0.15833178474430376
output-boba,tournament_k5_lcb_rho0.5_post,drift,tournament,5.0,lcb,0.5,post,cell,1.0,20.0,20,600,0.16046191077310898,0.026402577558613666,0.02123346467533383,0.16454108910585366,0.07835444467730605,0.2514425795356776,0.0014324188232421875,0.00572967529296875
output-boba,tournament_k5_lcb_rho0.5_post,drift,tournament,5.0,lcb,0.5,post,cell,5.0,0.0,20,600,0.7552009810904712,0.0718731163474823,0.02123346467533383,0.09517084610205515,0.04435335230085748,0.1473683042636629,0.0023250579833984375,0.006200154622395833
output-boba,tournament_k5_lcb_rho0.5_post,drift,tournament,5.0,lcb,0.5,post,cell,5.0,20.0,20,600,0.6408456819973191,0.07854012023898554,0.02123346467533383,0.12255699374333011,0.061244180795575996,0.1845771256199132,0.0014324188232421875,0.00572967529296875
output-boba,tournament_k5_lcb_rho0.5_post,drift,tournament,5.0,lcb,0.5,post,pooled,,,20,4800,0.2381511103039819,0.016832954829927416,0.02123346467533383,0.07068182385730397,0.00017325609757739432,0.13334708849642476,0.05316925048828125,
output-boba,tournament_k5_lcb_rho0.5_post,gaussian,tournament,5.0,lcb,0.5,post,cell,0.05,0.0,20,600,0.006930780737448017,-0.02400036388128578,0.02123346467533383,-3.462865843036748,-21.002386347127345,-0.8749864785556313,0.027857098015306787,0.047320556640625
output-boba,tournament_k5_lcb_rho0.5_post,gaussian,tournament,5.0,lcb,0.5,post,cell,0.05,20.0,20,600,0.002573926727981019,-0.028090637893271354,0.02123346467533383,-10.913534401698207,-126.3953933885915,-1.2931404010876313,0.04862480166721016,0.06483306888961354
output-boba,tournament_k5_lcb_rho0.5_post,gaussian,tournament,5.0,lcb,0.5,post,cell,0.25,0.0,20,600,0.049786948458824795,-0.003618096483995413,0.02123346467533383,-0.07267158554591231,-0.37948162791642315,0.14408942214736586,0.9679000486136345,0.9679000486136345
output-boba,tournament_k5_lcb_rho0.5_post,gaussian,tournament,5.0,lcb,0.5,post,cell,0.25,20.0,20,600,0.032441606005650915,-0.007316383318719,0.02123346467533383,-0.2255246955851871,-0.753565448441905,0.14398360971771512,0.7285060882568359,0.8325783865792411
output-boba,tournament_k5_lcb_rho0.5_post,gaussian,tournament,5.0,lcb,0.5,post,cell,1.0,0.0,20,600,0.2561344386822541,0.02846917221550178,0.02123346467533383,0.11114933377162539,0.036586306310497425,0.19345988339302242,0.023950576782226562,0.047320556640625
output-boba,tournament_k5_lcb_rho0.5_post,gaussian,tournament,5.0,lcb,0.5,post,cell,1.0,20.0,20,600,0.12941445146457056,0.022369993148510844,0.02123346467533383,0.17285544925896484,0.022917832353288585,0.31780407107879655,0.029575347900390625,0.047320556640625
output-boba,tournament_k5_lcb_rho0.5_post,gaussian,tournament,5.0,lcb,0.5,post,cell,5.0,0.0,20,600,0.7731111054368147,0.10632843371430281,0.02123346467533383,0.13753318632543288,0.061649844364438065,0.22301292884710683,0.001689910888671875,0.0067596435546875
output-boba,tournament_k5_lcb_rho0.5_post,gaussian,tournament,5.0,lcb,0.5,post,cell,5.0,20.0,20,600,0.5199289879562881,0.10944357871926405,0.02123346467533383,0.21049716644855604,0.132202974147964,0.28475820042392624,0.0001678466796875,0.0013427734375
output-boba,tournament_k5_lcb_rho0.5_post,gaussian,tournament,5.0,lcb,0.5,post,pooled,,,20,4800,0.221290280683729,0.025448212027538497,0.02123346467533383,0.1149992306436152,0.018152073163724386,0.2066485268482513,0.04405403137207031,
output-boba,tournament_k5_lcb_rho1_look,ar1,tournament,5.0,lcb,1.0,look,cell,0.05,0.0,20,600,0.007283275356432553,-0.008975340230403524,0.013164785307427953,-1.2323219693288883,-10.042429961490214,-0.3177488174477742,0.031103769479907197,0.04976603116785151
output-boba,tournament_k5_lcb_rho1_look,ar1,tournament,5.0,lcb,1.0,look,cell,0.05,20.0,20,600,-0.0005775368818208183,-0.01415670797124185,0.013164785307427953,,-158.02263623987534,-1.229863584934718,0.006389617919921875,0.01277923583984375
output-boba,tournament_k5_lcb_rho1_look,ar1,tournament,5.0,lcb,1.0,look,cell,0.25,0.0,20,600,0.03825454149748255,0.0003530108318814987,0.013164785307427953,0.009227945704295777,-0.34428642201927523,0.2575959522064231,0.8721180313900541,0.8721180313900541
output-boba,tournament_k5_lcb_rho1_look,ar1,tournament,5.0,lcb,1.0,look,cell,0.25,20.0,20,600,0.022728479424807015,-0.010381232110640964,0.013164785307427953,-0.4567499618698803,-1.4275592255043756,-0.04350105378988432,0.14290618896484375,0.19054158528645834
output-boba,tournament_k5_lcb_rho1_look,ar1,tournament,5.0,lcb,1.0,look,cell,1.0,0.0,20,600,0.20939594374896484,0.013882194157421016,0.013164785307427953,0.06629638525407035,-0.02288888311961789,0.14306648735647365,0.21616744995117188,0.24704851422991073
output-boba,tournament_k5_lcb_rho1_look,ar1,tournament,5.0,lcb,1.0,look,cell,1.0,20.0,20,600,0.12514782730766216,0.025232319324433504,0.013164785307427953,0.2016201149253884,0.1005797050311468,0.2780092471485845,0.00365447998046875,0.009745279947916666
output-boba,tournament_k5_lcb_rho1_look,ar1,tournament,5.0,lcb,1.0,look,cell,5.0,0.0,20,600,0.7264068798293957,0.06188633956988902,0.013164785307427953,0.08519514515669742,0.04140859715319531,0.13558374928908185,0.0002613067626953125,0.00104522705078125
output-boba,tournament_k5_lcb_rho1_look,ar1,tournament,5.0,lcb,1.0,look,cell,5.0,20.0,20,600,0.4553017321055197,0.09518656786659734,0.013164785307427953,0.2090626087153499,0.15329599021308796,0.26651174856016263,3.814697265625e-06,3.0517578125e-05
output-boba,tournament_k5_lcb_rho1_look,ar1,tournament,5.0,lcb,1.0,look,pooled,,,20,4800,0.19799264279855544,0.02037839392974201,0.013164785307427953,0.10292500590779877,0.05449657979110045,0.1443926603406221,0.0023250579833984375,
output-boba,tournament_k5_lcb_rho1_look,bias,tournament,5.0,lcb,1.0,look,cell,0.05,0.0,20,600,0.013395489962064456,-0.013700652143862435,0.013164785307427953,-1.022780964538228,-2.3481032396796233,-0.45429591901592226,0.0037622518256999957,0.030098014605599965
output-boba,tournament_k5_lcb_rho1_look,bias,tournament,5.0,lcb,1.0,look,cell,0.05,20.0,20,600,0.008569131211679494,-0.012792111139178327,0.013164785307427953,-1.4928130779165834,-8.680711481051661,-0.36862804204707755,0.01531219482421875,0.061248779296875
output-boba,tournament_k5_lcb_rho1_look,bias,tournament,5.0,lcb,1.0,look,cell,0.25,0.0,20,600,0.04075634626349373,-0.011142547448733286,0.013164785307427953,-0.27339416974955594,-0.7147624521919587,-0.023365825585447687,0.07015661401800452,0.14031322803600904
output-boba,tournament_k5_lcb_rho1_look,bias,tournament,5.0,lcb,1.0,look,cell,0.25,20.0,20,600,0.03844830317953616,-0.008595138880801082,0.013164785307427953,-0.2235505385157227,-0.584091077652583,0.02026407311292725,0.16495704650878906,0.2639312744140625
output-boba,tournament_k5_lcb_rho1_look,bias,tournament,5.0,lcb,1.0,look,cell,1.0,0.0,20,600,0.24778106004099362,0.009729165743991767,0.013164785307427953,0.03926517120550758,-0.02079791577638264,0.10401970121461773,0.4304332733154297,0.4304332733154297
output-boba,tournament_k5_lcb_rho1_look,bias,tournament,5.0,lcb,1.0,look,cell,1.0,20.0,20,600,0.15642646108862632,0.0024675659060966774,0.013164785307427953,0.015774606731649016,-0.05745981760420588,0.07211558461066471,0.2773551940917969,0.3698069254557292
output-boba,tournament_k5_lcb_rho1_look,bias,tournament,5.0,lcb,1.0,look,cell,5.0,0.0,20,600,0.7380725752210011,0.027446802523143264,0.013164785307427953,0.03718713232899199,-0.012171887336450768,0.09527125224605876,0.36827659606933594,0.42088753836495535
output-boba,tournament_k5_lcb_rho1_look,bias,tournament,5.0,lcb,1.0,look,cell,5.0,20.0,20,600,0.5685229542516816,-0.0450640643047922,0.013164785307427953,-0.07926516241390424,-0.15435279816732655,-0.0003345047450864112,0.058258056640625,0.14031322803600904
output-boba,tournament_k5_lcb_rho1_look,bias,tournament,5.0,lcb,1.0,look,pooled,,,20,4800,0.22649654015238457,-0.006456372468016942,0.013164785307427953,-0.0285053911360993,-0.07146807069979445,0.018674550136966842,0.04844093322753906,
output-boba,tournament_k5_lcb_rho1_look,drift,tournament,5.0,lcb,1.0,look,cell,0.05,0.0,20,600,0.007546259012326475,-0.012081672662357176,0.013164785307427953,-1.6010148396208381,-6.893123064276204,-0.5925328156160424,0.023950576782226562,0.0383209228515625
output-boba,tournament_k5_lcb_rho1_look,drift,tournament,5.0,lcb,1.0,look,cell,0.05,20.0,20,600,0.005545591729968432,-0.013358816242057162,0.013164785307427953,-2.408907271313535,-9.916720802537524,-0.7488858897985082,0.009435653686523438,0.018871307373046875
output-boba,tournament_k5_lcb_rho1_look,drift,tournament,5.0,lcb,1.0,look,cell,0.25,0.0,20,600,0.04441843487071276,-0.011600048126404246,0.013164785307427953,-0.26115391413876055,-0.5430646921587281,-0.10461165369986203,0.0023250579833984375,0.00930023193359375
output-boba,tournament_k5_lcb_rho1_look,drift,tournament,5.0,lcb,1.0,look,cell,0.25,20.0,20,600,0.03700249218932726,-0.0030501631671646344,0.013164785307427953,-0.08243129007522369,-0.4707084811412822,0.15001264901084677,0.6476554870605469,0.6476554870605469
output-boba,tournament_k5_lcb_rho1_look,drift,tournament,5.0,lcb,1.0,look,cell,1.0,0.0,20,600,0.25418753076862133,0.0065308240377397065,0.013164785307427953,0.025692936305693546,-0.031346528557380085,0.08625698523384405,0.6215133666992188,0.6476554870605469
output-boba,tournament_k5_lcb_rho1_look,drift,tournament,5.0,lcb,1.0,look,cell,1.0,20.0,20,600,0.16046191077310898,0.019579667502963007,0.013164785307427953,0.12202065529836796,0.03106596676862506,0.2028387655310961,0.03623390197753906,0.048311869303385414
output-boba,tournament_k5_lcb_rho1_look,drift,tournament,5.0,lcb,1.0,look,cell,5.0,0.0,20,600,0.7552009810904712,0.04966749454508456,0.013164785307427953,0.06576725373604159,0.022511052406911754,0.11144584926205853,0.006389617919921875,0.017038981119791668
output-boba,tournament_k5_lcb_rho1_look,drift,tournament,5.0,lcb,1.0,look,cell,5.0,20.0,20,600,0.6408456819973191,0.13429502872427326,0.013164785307427953,0.20955907560415626,0.12756492324931218,0.2840359695732497,0.0004825592041015625,0.0038604736328125
output-boba,tournament_k5_lcb_rho1_look,drift,tournament,5.0,lcb,1.0,look,pooled,,,20,4800,0.2381511103039819,0.021247789326509663,0.013164785307427953,0.08921977856575376,0.03890130627963024,0.1409970433113801,0.00830841064453125,
output-boba,tournament_k5_lcb_rho1_look,gaussian,tournament,5.0,lcb,1.0,look,cell,0.05,0.0,20,600,0.006930780737448017,-0.01751772731195972,0.013164785307427953,-2.5275258265362357,-15.717639848952333,-0.7936296792186855,0.007013002905356987,0.02805201162142795
output-boba,tournament_k5_lcb_rho1_look,gaussian,tournament,5.0,lcb,1.0,look,cell,0.05,20.0,20,600,0.002573926727981019,-0.016285140488385773,0.013164785307427953,-6.326963511179587,-76.51853891748347,-0.8095807677559436,0.014097354120504295,0.02819470824100859
output-boba,tournament_k5_lcb_rho1_look,gaussian,tournament,5.0,lcb,1.0,look,cell,0.25,0.0,20,600,0.049786948458824795,-0.0045877378674508695,0.013164785307427953,-0.09214740026183886,-0.28239965050952537,0.03432665101402356,0.4209099170051037,0.4209099170051037
output-boba,tournament_k5_lcb_rho1_look,gaussian,tournament,5.0,lcb,1.0,look,cell,0.25,20.0,20,600,0.032441606005650915,-0.0073046545252075015,0.013164785307427953,-0.22516316004624196,-0.6743157885153244,0.06734657994092622,0.21616744995117188,0.24704851422991073
output-boba,tournament_k5_lcb_rho1_look,gaussian,tournament,5.0,lcb,1.0,look,cell,1.0,0.0,20,600,0.2561344386822541,0.021413814205529905,0.013164785307427953,0.08360380710887017,0.023224158509893438,0.15050063820654758,0.029575347900390625,0.047320556640625
output-boba,tournament_k5_lcb_rho1_look,gaussian,tournament,5.0,lcb,1.0,look,cell,1.0,20.0,20,600,0.12941445146457056,0.016431168134625966,0.013164785307427953,0.12696548143330252,-0.02051068237643154,0.24096846435537253,0.10539817810058594,0.1405309041341146
output-boba,tournament_k5_lcb_rho1_look,gaussian,tournament,5.0,lcb,1.0,look,cell,5.0,0.0,20,600,0.7731111054368147,0.0868740080137427,0.013164785307427953,0.11236937020152894,0.035617131338755444,0.1927136174165077,0.01068878173828125,0.02819470824100859
output-boba,tournament_k5_lcb_rho1_look,gaussian,tournament,5.0,lcb,1.0,look,cell,5.0,20.0,20,600,0.5199289879562881,0.13673032467711538,0.013164785307427953,0.262978844889123,0.19304034021422417,0.3288957480029218,9.5367431640625e-06,7.62939453125e-05
output-boba,tournament_k5_lcb_rho1_look,gaussian,tournament,5.0,lcb,1.0,look,pooled,,,20,4800,0.221290280683729,0.026969256854751256,0.013164785307427953,0.12187275813209382,0.05541599911512625,0.18900532500238035,0.006389617919921875,
output-boba,tournament_k5_lcb_rho1_post,ar1,tournament,5.0,lcb,1.0,post,cell,0.05,0.0,20,600,0.007283275356432553,-0.0211531548507679,0.02123346467533383,-2.9043464396942698,-27.34381109901232,-0.6837549006374841,0.05816656898450356,0.111328125
output-boba,tournament_k5_lcb_rho1_post,ar1,tournament,5.0,lcb,1.0,post,cell,0.05,20.0,20,600,-0.0005775368818208183,-0.021911183495800266,0.02123346467533383,,-223.72442847215032,-1.6897940271546732,0.02977446084184663,0.07939856224492435
output-boba,tournament_k5_lcb_rho1_post,ar1,tournament,5.0,lcb,1.0,post,cell,0.25,0.0,20,600,0.03825454149748255,-0.00874899844568763,0.02123346467533383,-0.22870483093525987,-0.8922727076849613,0.17495914216848613,1.0,1.0
output-boba,tournament_k5_lcb_rho1_post,ar1,tournament,5.0,lcb,1.0,post,cell,0.25,20.0,20,600,0.022728479424807015,-0.012593918431113054,0.02123346467533383,-0.554102991041601,-1.8553180081293548,0.0661492806067068,0.5216732025146484,0.5961979457310268
output-boba,tournament_k5_lcb_rho1_post,ar1,tournament,5.0,lcb,1.0,post,cell,1.0,0.0,20,600,0.20939594374896484,0.013276427022164684,0.02123346467533383,0.06340345846470255,-0.03609713230230853,0.1541584232486447,0.26109886169433594,0.34813181559244794
output-boba,tournament_k5_lcb_rho1_post,ar1,tournament,5.0,lcb,1.0,post,cell,1.0,20.0,20,600,0.12514782730766216,0.01866780796164812,0.02123346467533383,0.1491660571601884,0.0026950736093359256,0.26480891711346777,0.069580078125,0.111328125
output-boba,tournament_k5_lcb_rho1_post,ar1,tournament,5.0,lcb,1.0,post,cell,5.0,0.0,20,600,0.7264068798293957,0.05742622375715569,0.02123346467533383,0.07905517603390932,0.033145305693833275,0.13002025186564323,0.0023250579833984375,0.00930023193359375
output-boba,tournament_k5_lcb_rho1_post,ar1,tournament,5.0,lcb,1.0,post,cell,5.0,20.0,20,600,0.4553017321055197,0.06906081241281578,0.02123346467533383,0.1516814181519749,0.08327062533368339,0.21797965271882738,0.001209259033203125,0.00930023193359375
output-boba,tournament_k5_lcb_rho1_post,ar1,tournament,5.0,lcb,1.0,post,pooled,,,20,4800,0.19799264279855544,0.011753001991301918,0.02123346467533383,0.05936080161958254,-0.01961010826240149,0.12757634103284637,0.2942523956298828,
output-boba,tournament_k5_lcb_rho1_post,bias,tournament,5.0,lcb,1.0,post,cell,0.05,0.0,20,600,0.013395489962064456,-0.023544595374535873,0.02123346467533383,-1.7576509288733235,-4.411226333500734,-0.6489326742644931,0.021801738635254905,0.08720695454101962
output-boba,tournament_k5_lcb_rho1_post,bias,tournament,5.0,lcb,1.0,post,cell,0.05,20.0,20,600,0.008569131211679494,-0.020766677162666787,0.02123346467533383,-2.4234285424830895,-13.94274243100704,-0.49707533375449703,0.09099512294672399,0.18199024589344798
output-boba,tournament_k5_lcb_rho1_post,bias,tournament,5.0,lcb,1.0,post,cell,0.25,0.0,20,600,0.04075634626349373,-0.014976531150995875,0.02123346467533383,-0.36746500910977514,-1.0631724507996294,-0.000740414693729868,0.3759797524564171,0.4296911456644767
output-boba,tournament_k5_lcb_rho1_post,bias,tournament,5.0,lcb,1.0,post,cell,0.25,20.0,20,600,0.03844830317953616,-0.012297184803004088,0.02123346467533383,-0.3198368662872274,-0.8569242266946588,0.062106274758753015,0.4523754119873047,0.4523754119873047
output-boba,tournament_k5_lcb_rho1_post,bias,tournament,5.0,lcb,1.0,post,cell,1.0,0.0,20,600,0.24778106004099362,0.018725838578687447,0.02123346467533383,0.07557413216163249,-0.010672022228022462,0.1512958538902159,0.039989471435546875,0.10663859049479167
output-boba,tournament_k5_lcb_rho1_post,bias,tournament,5.0,lcb,1.0,post,cell,1.0,20.0,20,600,0.15642646108862632,0.007656846926268983,0.02123346467533383,0.04894854024685027,-0.015309407997169563,0.12511694243327096,0.1230926513671875,0.1969482421875
output-boba,tournament_k5_lcb_rho1_post,bias,tournament,5.0,lcb,1.0,post,cell,5.0,0.0,20,600,0.7380725752210011,0.0301837333556626,0.02123346467533383,0.04089534602559197,-3.835560242967277e-05,0.08554308630010296,0.21616744995117188,0.2882232666015625
output-boba,tournament_k5_lcb_rho1_post,bias,tournament,5.0,lcb,1.0,post,cell,5.0,20.0,20,600,0.5685229542516816,-0.06145431155143599,0.02123346467533383,-0.10809468833553999,-0.16649590600475758,-0.05295243385573943,0.001209259033203125,0.009674072265625
output-boba,tournament_k5_lcb_rho1_post,bias,tournament,5.0,lcb,1.0,post,pooled,,,20,4800,0.22649654015238457,-0.00955911014775242,0.02123346467533383,-0.042204221491953686,-0.10672265670197038,0.013936265468381358,0.24548721313476562,
output-boba,tournament_k5_lcb_rho1_post,drift,tournament,5.0,lcb,1.0,post,cell,0.05,0.0,20,600,0.007546259012326475,-0.021444083149313446,0.02123346467533383,-2.8416839541666272,-12.14685868038056,-0.8496957979124606,0.11654426427752808,0.18647082284404493
output-boba,tournament_k5_lcb_rho1_post,drift,tournament,5.0,lcb,1.0,post,cell,0.05,20.0,20,600,0.005545591729968432,-0.02174406713098586,0.02123346467533383,-3.920964288351901,-16.805661570363153,-1.079438093421094,0.09895736546518985,0.18647082284404493
output-boba,tournament_k5_lcb_rho1_post,drift,tournament,5.0,lcb,1.0,post,cell,0.25,0.0,20,600,0.04441843487071276,-0.013810923476671465,0.02123346467533383,-0.31092773792841766,-0.8606666625401037,-0.02402107166810648,0.2773551940917969,0.3169773646763393
output-boba,tournament_k5_lcb_rho1_post,drift,tournament,5.0,lcb,1.0,post,cell,0.25,20.0,20,600,0.03700249218932726,-0.006216345600368523,0.02123346467533383,-0.1679980247968682,-0.7525410109004224,0.1688174518639658,0.8123550415039062,0.8123550415039062
output-boba,tournament_k5_lcb_rho1_post,drift,tournament,5.0,lcb,1.0,post,cell,1.0,0.0,20,600,0.25418753076862133,0.010622121235096944,0.02123346467533383,0.041788522052900845,-0.008160592085651236,0.09445048470388749,0.21616744995117188,0.2882232666015625
output-boba,tournament_k5_lcb_rho1_post,drift,tournament,5.0,lcb,1.0,post,cell,1.0,20.0,20,600,0.16046191077310898,0.022316575816214386,0.02123346467533383,0.139077091309038,0.05000605121175719,0.2323384771359687,0.012079238891601562,0.0322113037109375
output-boba,tournament_k5_lcb_rho1_post,drift,tournament,5.0,lcb,1.0,post,cell,5.0,0.0,20,600,0.7552009810904712,0.05403367462645875,0.02123346467533383,0.07154873468045145,0.0283382073920979,0.11647078027735364,0.0042209625244140625,0.01688385009765625
output-boba,tournament_k5_lcb_rho1_post,drift,tournament,5.0,lcb,1.0,post,cell,5.0,20.0,20,600,0.6408456819973191,0.05473465803485249,0.02123346467533383,0.08541004421573284,0.029868666485810533,0.14886443505832447,0.0042209625244140625,0.01688385009765625
output-boba,tournament_k5_lcb_rho1_post,drift,tournament,5.0,lcb,1.0,post,pooled,,,20,4800,0.2381511103039819,0.009811451294410412,0.02123346467533383,0.041198427678488816,-0.023196443187660388,0.09430580498509204,0.1230926513671875,
output-boba,tournament_k5_lcb_rho1_post,gaussian,tournament,5.0,lcb,1.0,post,cell,0.05,0.0,20,600,0.006930780737448017,-0.024921381793585932,0.02123346467533383,-3.5957538894474155,-21.95630792499739,-0.9558249673985723,0.0249069201811637,0.0704864501953125
output-boba,tournament_k5_lcb_rho1_post,gaussian,tournament,5.0,lcb,1.0,post,cell,0.05,20.0,20,600,0.002573926727981019,-0.02822595960122904,0.02123346467533383,-10.966108434395647,-126.82618100847233,-1.3060102918561758,0.040135536373545506,0.0704864501953125
output-boba,tournament_k5_lcb_rho1_post,gaussian,tournament,5.0,lcb,1.0,post,cell,0.25,0.0,20,600,0.049786948458824795,-0.005112321307699637,0.02123346467533383,-0.1026839656969069,-0.37272344537759,0.08772675485685688,0.6580087852326646,0.6580087852326646
output-boba,tournament_k5_lcb_rho1_post,gaussian,tournament,5.0,lcb,1.0,post,cell,0.25,20.0,20,600,0.032441606005650915,-0.009234875799537245,0.02123346467533383,-0.2846614867934913,-0.805828992127367,0.09418827426498068,0.5958194732666016,0.6580087852326646
output-boba,tournament_k5_lcb_rho1_post,gaussian,tournament,5.0,lcb,1.0,post,cell,1.0,0.0,20,600,0.2561344386822541,0.023406286881017913,0.02123346467533383,0.09138281834116976,0.013835717134008062,0.17405399018392378,0.04405403137207031,0.0704864501953125
output-boba,tournament_k5_lcb_rho1_post,gaussian,tournament,5.0,lcb,1.0,post,cell,1.0,20.0,20,600,0.12941445146457056,0.014148650041962968,0.02123346467533383,0.10932820779939252,-0.04945976418518057,0.24014420704226905,0.082550048828125,0.11006673177083333
output-boba,tournament_k5_lcb_rho1_post,gaussian,tournament,5.0,lcb,1.0,post,cell,5.0,0.0,20,600,0.7731111054368147,0.07704188556012412,0.02123346467533383,0.09965176417507902,0.017078178052706547,0.19253726717778682,0.029575347900390625,0.0704864501953125
output-boba,tournament_k5_lcb_rho1_post,gaussian,tournament,5.0,lcb,1.0,post,cell,5.0,20.0,20,600,0.5199289879562881,0.10434223765258262,0.02123346467533383,0.20068555527693518,0.11792070483440403,0.2801978780076519,0.0004825592041015625,0.0038604736328125
output-boba,tournament_k5_lcb_rho1_post,gaussian,tournament,5.0,lcb,1.0,post,pooled,,,20,4800,0.221290280683729,0.018930565204204466,0.02123346467533383,0.08554630210470147,-0.009970993744041114,0.17687324605955182,0.13272666931152344,
output-boba,tournament_k5_obs_rho0.5_look,ar1,tournament,5.0,obs,0.5,look,cell,0.05,0.0,20,600,0.007283275356432553,-0.0038465324043527828,0.0064617082623603436,-0.5281322229504263,-3.579328283083028,0.011156001698935799,0.21453736472050733,0.21453736472050733
output-boba,tournament_k5_obs_rho0.5_look,ar1,tournament,5.0,obs,0.5,look,cell,0.05,20.0,20,600,-0.0005775368818208183,-0.0076273741176218195,0.0064617082623603436,,-84.83057335357691,-0.2324979890391255,0.11654426427752808,0.15539235237003743
output-boba,tournament_k5_obs_rho0.5_look,ar1,tournament,5.0,obs,0.5,look,cell,0.25,0.0,20,600,0.03825454149748255,0.008091543579328413,0.0064617082623603436,0.21151850898176103,0.020851639061930327,0.3372479559752507,0.021801738635254905,0.034882781816407846
output-boba,tournament_k5_obs_rho0.5_look,ar1,tournament,5.0,obs,0.5,look,cell,0.25,20.0,20,600,0.022728479424807015,0.002515696839705619,0.0064617082623603436,0.11068478417257688,-0.3730647123275271,0.3126144770991184,0.20244979858398438,0.21453736472050733
output-boba,tournament_k5_obs_rho0.5_look,ar1,tournament,5.0,obs,0.5,look,cell,1.0,0.0,20,600,0.20939594374896484,0.044164818812466096,0.0064617082623603436,0.21091535022957877,0.13614603753235122,0.2735150541160279,0.0003948211669921875,0.000789642333984375
output-boba,tournament_k5_obs_rho0.5_look,ar1,tournament,5.0,obs,0.5,look,cell,1.0,20.0,20,600,0.12514782730766216,0.04991158702650645,0.0064617082623603436,0.39882104308374694,0.32102770084418925,0.4610182947626161,3.62396240234375e-05,9.663899739583333e-05
output-boba,tournament_k5_obs_rho0.5_look,ar1,tournament,5.0,obs,0.5,look,cell,5.0,0.0,20,600,0.7264068798293957,0.08754180410802774,0.0064617082623603436,0.12051345676762844,0.08041846671830913,0.15958186433720645,1.33514404296875e-05,5.340576171875e-05
output-boba,tournament_k5_obs_rho0.5_look,ar1,tournament,5.0,obs,0.5,look,cell,5.0,20.0,20,600,0.4553017321055197,0.10028514318790602,0.0064617082623603436,0.2202608426814949,0.18101220197336756,0.25964253122405967,1.9073486328125e-06,1.52587890625e-05
output-boba,tournament_k5_obs_rho0.5_look,ar1,tournament,5.0,obs,0.5,look,pooled,,,20,4800,0.19799264279855544,0.035129585878995714,0.006461708262360345,0.17742874372729986,0.13568802192859433,0.2095118435576123,1.9073486328125e-05,
output-boba,tournament_k5_obs_rho0.5_look,bias,tournament,5.0,obs,0.5,look,cell,0.05,0.0,20,600,0.013395489962064456,-0.00629929703916707,0.0064617082623603436,-0.4702550677135702,-1.0779202545325872,-0.16178018843255246,0.0442084385246971,0.07073350163951536
output-boba,tournament_k5_obs_rho0.5_look,bias,tournament,5.0,obs,0.5,look,cell,0.05,20.0,20,600,0.008569131211679494,-0.0024861000469932316,0.0064617082623603436,-0.2901227657250416,-1.2711367814654138,0.05292742544794019,0.2942523956298828,0.3362884521484375
output-boba,tournament_k5_obs_rho0.5_look,bias,tournament,5.0,obs,0.5,look,cell,0.25,0.0,20,600,0.04075634626349373,-0.0018017063389868695,0.0064617082623603436,-0.04420676788195545,-0.28510305275279624,0.10864621573954686,0.9358520318812181,0.9358520318812181
output-boba,tournament_k5_obs_rho0.5_look,bias,tournament,5.0,obs,0.5,look,cell,0.25,20.0,20,600,0.03844830317953616,0.004840654496010122,0.0064617082623603436,0.12590034138584627,-0.11164762056406734,0.2753012597148203,0.15364646911621094,0.2048619588216146
output-boba,tournament_k5_obs_rho0.5_look,bias,tournament,5.0,obs,0.5,look,cell,1.0,0.0,20,600,0.24778106004099362,0.03196977519321116,0.0064617082623603436,0.129024289378381,0.0763722450643484,0.17857929840983122,0.000850677490234375,0.0048370361328125
output-boba,tournament_k5_obs_rho0.5_look,bias,tournament,5.0,obs,0.5,look,cell,1.0,20.0,20,600,0.15642646108862632,0.01825915986203094,0.0064617082623603436,0.1167267975952347,0.06323684600800632,0.16586433883737164,0.001209259033203125,0.0048370361328125
output-boba,tournament_k5_obs_rho0.5_look,bias,tournament,5.0,obs,0.5,look,cell,5.0,0.0,20,600,0.7380725752210011,0.06673608221822805,0.0064617082623603436,0.09041940380760694,0.032216077564412436,0.1583799679650605,0.01068878173828125,0.02850341796875
output-boba,tournament_k5_obs_rho0.5_look,bias,tournament,5.0,obs,0.5,look,cell,5.0,20.0,20,600,0.5685229542516816,0.03083060959763153,0.0064617082623603436,0.0542293136399608,-0.02131686322502558,0.11371411214677114,0.029575347900390625,0.05915069580078125
output-boba,tournament_k5_obs_rho0.5_look,bias,tournament,5.0,obs,0.5,look,pooled,,,20,4800,0.22649654015238457,0.017756147242745594,0.006461708262360345,0.07839478356181263,0.03575762706216077,0.11747081177665496,0.006389617919921875,
output-boba,tournament_k5_obs_rho0.5_look,drift,tournament,5.0,obs,0.5,look,cell,0.05,0.0,20,600,0.007546259012326475,-0.0038347102145180846,0.0064617082623603436,-0.5081604286646214,-2.0152193964172493,0.06206558551614242,0.3759797524564171,0.4296911456644767
output-boba,tournament_k5_obs_rho0.5_look,drift,tournament,5.0,obs,0.5,look,cell,0.05,20.0,20,600,0.005545591729968432,-0.003713934699586975,0.0064617082623603436,-0.6697093620355851,-3.533592559958514,0.015536036257951694,0.18418074965866182,0.24557433287821576
output-boba,tournament_k5_obs_rho0.5_look,drift,tournament,5.0,obs,0.5,look,cell,0.25,0.0,20,600,0.04441843487071276,0.000890079227425462,0.0064617082623603436,0.020038509461582463,-0.10803137405971969,0.13200510966902476,0.49800872802734375,0.49800872802734375
output-boba,tournament_k5_obs_rho0.5_look,drift,tournament,5.0,obs,0.5,look,cell,0.25,20.0,20,600,0.03700249218932726,0.008670033268257497,0.0064617082623603436,0.23430944120996858,0.09568197364703317,0.33021398006593317,0.017181396484375,0.027490234375
output-boba,tournament_k5_obs_rho0.5_look,drift,tournament,5.0,obs,0.5,look,cell,1.0,0.0,20,600,0.25418753076862133,0.028708150294185164,0.0064617082623603436,0.1129408284008914,0.05860357656108818,0.1733126228838742,0.005580902099609375,0.01116180419921875
output-boba,tournament_k5_obs_rho0.5_look,drift,tournament,5.0,obs,0.5,look,cell,1.0,20.0,20,600,0.16046191077310898,0.03858588136935778,0.0064617082623603436,0.24046754263021153,0.15195310999173597,0.31688467178157426,0.0004825592041015625,0.0012868245442708333
output-boba,tournament_k5_obs_rho0.5_look,drift,tournament,5.0,obs,0.5,look,cell,5.0,0.0,20,600,0.7552009810904712,0.09505669998188132,0.0064617082623603436,0.12586940743194527,0.07456673119817571,0.17292425036170364,0.000133514404296875,0.0005340576171875
output-boba,tournament_k5_obs_rho0.5_look,drift,tournament,5.0,obs,0.5,look,cell,5.0,20.0,20,600,0.6408456819973191,0.18869683723621616,0.0064617082623603436,0.29444972875233566,0.22448901409820385,0.36803454902235516,9.5367431640625e-06,7.62939453125e-05
output-boba,tournament_k5_obs_rho0.5_look,drift,tournament,5.0,obs,0.5,look,pooled,,,20,4800,0.2381511103039819,0.0441323795579023,0.006461708262360345,0.18531250810282032,0.14061366336924788,0.23338945670825367,1.33514404296875e-05,
output-boba,tournament_k5_obs_rho0.5_look,gaussian,tournament,5.0,obs,0.5,look,cell,0.05,0.0,20,600,0.006930780737448017,-0.007384334394194278,0.0064617082623603436,-1.0654404855567923,-7.8393598591727445,-0.2545563145159959,0.027857098015306787,0.04457135682449086
output-boba,tournament_k5_obs_rho0.5_look,gaussian,tournament,5.0,obs,0.5,look,cell,0.05,20.0,20,600,0.002573926727981019,-0.006413590160902165,0.0064617082623603436,-2.491753199957237,-35.69693266977612,-0.07817752848649846,0.09099512294672399,0.10399442622482742
output-boba,tournament_k5_obs_rho0.5_look,gaussian,tournament,5.0,obs,0.5,look,cell,0.25,0.0,20,600,0.049786948458824795,0.006000822972034218,0.0064617082623603436,0.12053004166337021,0.02119680385236039,0.1995670289278574,0.04862480166721016,0.06483306888961354
output-boba,tournament_k5_obs_rho0.5_look,gaussian,tournament,5.0,obs,0.5,look,cell,0.25,20.0,20,600,0.032441606005650915,0.0023305746864941998,0.0064617082623603436,0.07183906635473729,-0.14073694408007284,0.20534300237796071,0.40909767150878906,0.40909767150878906
output-boba,tournament_k5_obs_rho0.5_look,gaussian,tournament,5.0,obs,0.5,look,cell,1.0,0.0,20,600,0.2561344386822541,0.03638998719026436,0.0064617082623603436,0.14207377726119727,0.0720066217076146,0.21283745347427607,0.001689910888671875,0.004506429036458333
output-boba,tournament_k5_obs_rho0.5_look,gaussian,tournament,5.0,obs,0.5,look,cell,1.0,20.0,20,600,0.12941445146457056,0.019644075735542887,0.0064617082623603436,0.15179197928231988,0.04156882543035926,0.23201000084788354,0.017181396484375,0.03436279296875
output-boba,tournament_k5_obs_rho0.5_look,gaussian,tournament,5.0,obs,0.5,look,cell,5.0,0.0,20,600,0.7731111054368147,0.08760937466888039,0.0064617082623603436,0.11332054869316656,0.06243203162130713,0.168288653326031,0.0004825592041015625,0.00193023681640625
output-boba,tournament_k5_obs_rho0.5_look,gaussian,tournament,5.0,obs,0.5,look,cell,5.0,20.0,20,600,0.5199289879562881,0.1082717947938862,0.0064617082623603436,0.20824342804865675,0.15370493930286033,0.2607552248849445,3.814697265625e-06,3.0517578125e-05
output-boba,tournament_k5_obs_rho0.5_look,gaussian,tournament,5.0,obs,0.5,look,pooled,,,20,4800,0.221290280683729,0.030806088186500723,0.006461708262360345,0.13921121203930864,0.10461967954903113,0.16840046305234166,3.62396240234375e-05,
output-boba,tournament_k5_obs_rho0.5_post,ar1,tournament,5.0,obs,0.5,post,cell,0.05,0.0,20,600,0.007283275356432553,-0.013709786294283327,0.015111028955033693,-1.8823655049887562,-15.130780445506767,-0.46536785657281254,0.07070932047868624,0.09427909397158164
output-boba,tournament_k5_obs_rho0.5_post,ar1,tournament,5.0,obs,0.5,post,cell,0.05,20.0,20,600,-0.0005775368818208183,-0.017480220919687407,0.015111028955033693,,-182.52346270297886,-1.3920128363897857,0.03638546131456511,0.07277092262913022
output-boba,tournament_k5_obs_rho0.5_post,ar1,tournament,5.0,obs,0.5,post,cell,0.25,0.0,20,600,0.03825454149748255,-0.004092168867083669,0.015111028955033693,-0.10697210597473678,-0.5517898640458632,0.15628210066948878,0.9679000486136345,0.9679000486136345
output-boba,tournament_k5_obs_rho0.5_post,ar1,tournament,5.0,obs,0.5,post,cell,0.25,20.0,20,600,0.022728479424807015,-0.008400975628722433,0.015111028955033693,-0.3696233026285596,-1.3446419199171147,0.08372684917002647,0.5958194732666016,0.6809365408761161
output-boba,tournament_k5_obs_rho0.5_post,ar1,tournament,5.0,obs,0.5,post,cell,1.0,0.0,20,600,0.20939594374896484,0.020767866402325252,0.015111028955033693,0.09917988873377076,0.01258376546680974,0.17518811926691358,0.06372261047363281,0.09427909397158164
output-boba,tournament_k5_obs_rho0.5_post,ar1,tournament,5.0,obs,0.5,post,cell,1.0,20.0,20,600,0.12514782730766216,0.03085153823311466,0.015111028955033693,0.24652076585612268,0.1549546897777238,0.3330383682140385,0.0004825592041015625,0.00193023681640625
output-boba,tournament_k5_obs_rho0.5_post,ar1,tournament,5.0,obs,0.5,post,cell,5.0,0.0,20,600,0.7264068798293957,0.045985035572162415,0.015111028955033693,0.06330479081222701,0.024116737233353766,0.09499946552231293,0.0010166168212890625,0.0027109781901041665
output-boba,tournament_k5_obs_rho0.5_post,ar1,tournament,5.0,obs,0.5,post,cell,5.0,20.0,20,600,0.4553017321055197,0.061445818347401836,0.015111028955033693,0.13495625870617442,0.08494420391098043,0.17655717409423277,0.000209808349609375,0.001678466796875
output-boba,tournament_k5_obs_rho0.5_post,ar1,tournament,5.0,obs,0.5,post,pooled,,,20,4800,0.19799264279855544,0.01442088835565342,0.015111028955033693,0.07283547586324068,0.026935638124388248,0.11258797305578458,0.01531219482421875,
output-boba,tournament_k5_obs_rho0.5_post,bias,tournament,5.0,obs,0.5,post,cell,0.05,0.0,20,600,0.013395489962064456,-0.015684748575265053,0.015111028955033693,-1.1708977140577683,-2.6262646268416434,-0.4541206080865781,0.0442084385246971,0.11651611328125
output-boba,tournament_k5_obs_rho0.5_post,bias,tournament,5.0,obs,0.5,post,cell,0.05,20.0,20,600,0.008569131211679494,-0.011750273125202078,0.015111028955033693,-1.3712327230077623,-7.337891724336618,-0.28992606562502504,0.10746614473256638,0.17194583157210622
output-boba,tournament_k5_obs_rho0.5_post,bias,tournament,5.0,obs,0.5,post,cell,0.25,0.0,20,600,0.04075634626349373,-0.010059289057489262,0.015111028955033693,-0.2468152810473977,-0.7420424372808238,0.032916956951026914,0.6291623521725525,0.6476554870605469
output-boba,tournament_k5_obs_rho0.5_post,bias,tournament,5.0,obs,0.5,post,cell,0.25,20.0,20,600,0.03844830317953616,-0.006040777552996033,0.015111028955033693,-0.1571142821254904,-0.5681581384861185,0.11436998801371343,0.49800872802734375,0.6476554870605469
output-boba,tournament_k5_obs_rho0.5_post,bias,tournament,5.0,obs,0.5,post,cell,1.0,0.0,20,600,0.24778106004099362,0.02820912030342814,0.015111028955033693,0.11384695948415566,0.05967916233578228,0.17758707501321705,0.0003948211669921875,0.0031585693359375
output-boba,tournament_k5_obs_rho0.5_post,bias,tournament,5.0,obs,0.5,post,cell,1.0,20.0,20,600,0.15642646108862632,0.011816757664459911,0.015111028955033693,0.07554193569440217,0.010856283979471287,0.14498519450242026,0.058258056640625,0.11651611328125
output-boba,tournament_k5_obs_rho0.5_post,bias,tournament,5.0,obs,0.5,post,cell,5.0,0.0,20,600,0.7380725752210011,0.015527043950917451,0.015111028955033693,0.021037286131744142,-0.03638962161710018,0.07750578471165863,0.6476554870605469,0.6476554870605469
output-boba,tournament_k5_obs_rho0.5_post,bias,tournament,5.0,obs,0.5,post,cell,5.0,20.0,20,600,0.5685229542516816,-0.047221619296534886,0.015111028955033693,-0.08306018067237117,-0.1462780376432956,-0.011858407996574385,0.009435653686523438,0.03774261474609375
output-boba,tournament_k5_obs_rho0.5_post,bias,tournament,5.0,obs,0.5,post,pooled,,,20,4800,0.22649654015238457,-0.0044004732110852094,0.015111028955033693,-0.019428434571780284,-0.06682760968356025,0.028612013604804115,0.3117942810058594,
output-boba,tournament_k5_obs_rho0.5_post,drift,tournament,5.0,obs,0.5,post,cell,0.05,0.0,20,600,0.007546259012326475,-0.014714335168021207,0.015111028955033693,-1.949884723541294,-8.435195254372022,-0.6107344642677687,0.1474161990774467,0.19655493210326228
output-boba,tournament_k5_obs_rho0.5_post,drift,tournament,5.0,obs,0.5,post,cell,0.05,20.0,20,600,0.005545591729968432,-0.015237923082173135,0.015111028955033693,-2.747754220677164,-12.213438847251993,-0.8064823896503164,0.09895736546518985,0.15833178474430376
output-boba,tournament_k5_obs_rho0.5_post,drift,tournament,5.0,obs,0.5,post,cell,0.25,0.0,20,600,0.04441843487071276,-0.005913851163561171,0.015111028955033693,-0.1331395665059883,-0.4555902165433745,0.06651970445890903,0.49800872802734375,0.56915283203125
output-boba,tournament_k5_obs_rho0.5_post,drift,tournament,5.0,obs,0.5,post,cell,0.25,20.0,20,600,0.03700249218932726,-0.0007834577636160811,0.015111028955033693,-0.021173108006007663,-0.4232060773310953,0.21915907460029968,0.7841262817382812,0.7841262817382812
output-boba,tournament_k5_obs_rho0.5_post,drift,tournament,5.0,obs,0.5,post,cell,1.0,0.0,20,600,0.25418753076862133,0.013751269862138319,0.015111028955033693,0.05409891594822428,0.012459357461052744,0.09871340925905518,0.04405403137207031,0.1174774169921875
output-boba,tournament_k5_obs_rho0.5_post,drift,tournament,5.0,obs,0.5,post,cell,1.0,20.0,20,600,0.16046191077310898,0.026706198535690014,0.015111028955033693,0.16643325763116598,0.1005366495836417,0.23550618375545965,0.0005855560302734375,0.0046844482421875
output-boba,tournament_k5_obs_rho0.5_post,drift,tournament,5.0,obs,0.5,post,cell,5.0,0.0,20,600,0.7552009810904712,0.0321385159568328,0.015111028955033693,0.04255624232694513,0.005245211429388875,0.07770111334188448,0.01923370361328125,0.076934814453125
output-boba,tournament_k5_obs_rho0.5_post,drift,tournament,5.0,obs,0.5,post,cell,5.0,20.0,20,600,0.6408456819973191,0.05091856168121399,0.015111028955033693,0.07945526218186644,0.00970713378156919,0.1528246570022059,0.06372261047363281,0.12744522094726562
output-boba,tournament_k5_obs_rho0.5_post,drift,tournament,5.0,obs,0.5,post,pooled,,,20,4800,0.2381511103039819,0.010858122357312936,0.015111028955033693,0.04559341480060019,0.0011303346815911429,0.08628068349606796,0.04844093322753906,
output-boba,tournament_k5_obs_rho0.5_post,gaussian,tournament,5.0,obs,0.5,post,cell,0.05,0.0,20,600,0.006930780737448017,-0.017760699507745954,0.015111028955033693,-2.5625827999120374,-15.87066727431343,-0.7400452658942767,0.01980910968997144,0.031694575503954305
output-boba,tournament_k5_obs_rho0.5_post,gaussian,tournament,5.0,obs,0.5,post,cell,0.05,20.0,20,600,0.002573926727981019,-0.01734366120997637,0.015111028955033693,-6.738210929407726,-82.1071453735604,-0.8062252094658916,0.11654426427752808,0.15539235237003743
output-boba,tournament_k5_obs_rho0.5_post,gaussian,tournament,5.0,obs,0.5,post,cell,0.25,0.0,20,600,0.049786948458824795,-0.000607645671838045,0.015111028955033693,-0.012204918972701954,-0.23744639833099618,0.17233337649186795,0.9039076325167246,0.9854354858398438
output-boba,tournament_k5_obs_rho0.5_post,gaussian,tournament,5.0,obs,0.5,post,cell,0.25,20.0,20,600,0.032441606005650915,-0.0027566604645572813,0.015111028955033693,-0.08497299622210769,-0.491472909364482,0.20145243249967806,0.9854354858398438,0.9854354858398438
output-boba,tournament_k5_obs_rho0.5_post,gaussian,tournament,5.0,obs,0.5,post,cell,1.0,0.0,20,600,0.2561344386822541,0.03124227211991908,0.015111028955033693,0.1219760696009976,0.060012212336628255,0.19254637249873824,0.001689910888671875,0.0067596435546875
output-boba,tournament_k5_obs_rho0.5_post,gaussian,tournament,5.0,obs,0.5,post,cell,1.0,20.0,20,600,0.12941445146457056,0.027303675387273747,0.015111028955033693,0.21097856598147077,0.11048566156811936,0.3057533757152888,0.002712249755859375,0.007232666015625
output-boba,tournament_k5_obs_rho0.5_post,gaussian,tournament,5.0,obs,0.5,post,cell,5.0,0.0,20,600,0.7731111054368147,0.08846010339241309,0.015111028955033693,0.1144209451530674,0.04477455481032429,0.18639860055594482,0.00365447998046875,0.0073089599609375
output-boba,tournament_k5_obs_rho0.5_post,gaussian,tournament,5.0,obs,0.5,post,cell,5.0,20.0,20,600,0.5199289879562881,0.07077694410895277,0.015111028955033693,0.13612809777573548,0.08215045184190815,0.19877433484051166,0.000209808349609375,0.001678466796875
output-boba,tournament_k5_obs_rho0.5_post,gaussian,tournament,5.0,obs,0.5,post,pooled,,,20,4800,0.221290280683729,0.02241429101930513,0.015111028955033693,0.10128908938092916,0.03836801307137189,0.165001496298722,0.013616561889648438,
output-boba,tournament_k5_obs_rho1_look,ar1,tournament,5.0,obs,1.0,look,cell,0.05,0.0,20,600,0.007283275356432553,-0.0048836349218415315,0.0064617082623603436,-0.6705272947738176,-4.911474469475077,-0.1456829907907911,0.08538899791882958,0.1138519972251061
output-boba,tournament_k5_obs_rho1_look,ar1,tournament,5.0,obs,1.0,look,cell,0.05,20.0,20,600,-0.0005775368818208183,-0.009247420369928552,0.0064617082623603436,,-109.58338370954579,-0.7135821864398463,0.00485992431640625,0.012959798177083334
output-boba,tournament_k5_obs_rho1_look,ar1,tournament,5.0,obs,1.0,look,cell,0.25,0.0,20,600,0.03825454149748255,-0.00014453264637393734,0.0064617082623603436,-0.0037781826867131245,-0.19782481953149494,0.11092767557646183,0.9272785186767578,0.9272785186767578
output-boba,tournament_k5_obs_rho1_look,ar1,tournament,5.0,obs,1.0,look,cell,0.25,20.0,20,600,0.022728479424807015,-0.003140926158222154,0.0064617082623603436,-0.13819341362510984,-0.7478993253613482,0.11413449568553068,0.7011814117431641,0.8013501848493304
output-boba,tournament_k5_obs_rho1_look,ar1,tournament,5.0,obs,1.0,look,cell,1.0,0.0,20,600,0.20939594374896484,0.0168191707979944,0.0064617082623603436,0.08032233335980056,0.012146263467525429,0.13957063339693027,0.03276824951171875,0.05242919921875
output-boba,tournament_k5_obs_rho1_look,ar1,tournament,5.0,obs,1.0,look,cell,1.0,20.0,20,600,0.12514782730766216,0.036298884869734614,0.0064617082623603436,0.2900480627641885,0.19219309959875414,0.36288744121995536,0.0004825592041015625,0.00193023681640625
output-boba,tournament_k5_obs_rho1_look,ar1,tournament,5.0,obs,1.0,look,cell,5.0,0.0,20,600,0.7264068798293957,0.03135950459217349,0.0064617082623603436,0.043170715287744243,0.01030141302671303,0.07549187580367231,0.013616561889648438,0.027233123779296875
output-boba,tournament_k5_obs_rho1_look,ar1,tournament,5.0,obs,1.0,look,cell,5.0,20.0,20,600,0.4553017321055197,0.06020578492224506,0.0064617082623603436,0.13223271662909444,0.08793829817984784,0.17079702990974285,0.0002613067626953125,0.00193023681640625
output-boba,tournament_k5_obs_rho1_look,ar1,tournament,5.0,obs,1.0,look,pooled,,,20,4800,0.19799264279855544,0.015908353885722676,0.006461708262360345,0.08034820719024588,0.042080701589993774,0.10908536932937123,0.001689910888671875,
output-boba,tournament_k5_obs_rho1_look,bias,tournament,5.0,obs,1.0,look,cell,0.05,0.0,20,600,0.013395489962064456,-0.008038675942981199,0.0064617082623603436,-0.6001031664945768,-1.3037553954412038,-0.28305074760523696,0.0042740329557000925,0.03419226364560074
output-boba,tournament_k5_obs_rho1_look,bias,tournament,5.0,obs,1.0,look,cell,0.05,20.0,20,600,0.008569131211679494,-0.004343856564758865,0.0064617082623603436,-0.5069191330433015,-1.9233975885739183,-0.13998191912274635,0.012079238891601562,0.04831695556640625
output-boba,tournament_k5_obs_rho1_look,bias,tournament,5.0,obs,1.0,look,cell,0.25,0.0,20,600,0.04075634626349373,-0.008669240226320044,0.0064617082623603436,-0.2127089648878868,-0.5103577380077836,-0.04169132343800867,0.04844093322753906,0.12917582194010416
output-boba,tournament_k5_obs_rho1_look,bias,tournament,5.0,obs,1.0,look,cell,0.25,20.0,20,600,0.03844830317953616,-0.0030601323701548453,0.0064617082623603436,-0.07959083020817365,-0.36465991392681574,0.10281841608306687,0.5958194732666016,0.7944259643554688
output-boba,tournament_k5_obs_rho1_look,bias,tournament,5.0,obs,1.0,look,cell,1.0,0.0,20,600,0.24778106004099362,-0.0017610257841316924,0.0064617082623603436,-0.007107184801939031,-0.07065291237930994,0.051117435824652224,0.956329345703125,0.956329345703125
output-boba,tournament_k5_obs_rho1_look,bias,tournament,5.0,obs,1.0,look,cell,1.0,20.0,20,600,0.15642646108862632,0.00026838521021504345,0.0064617082623603436,0.0017157276866538891,-0.05958968771223678,0.049952885393609286,0.8983173370361328,0.956329345703125
output-boba,tournament_k5_obs_rho1_look,bias,tournament,5.0,obs,1.0,look,cell,5.0,0.0,20,600,0.7380725752210011,0.019403120394463635,0.0064617082623603436,0.026288905787691347,-0.03242264279982329,0.08876925250187048,0.49800872802734375,0.7944259643554688
output-boba,tournament_k5_obs_rho1_look,bias,tournament,5.0,obs,1.0,look,cell,5.0,20.0,20,600,0.5685229542516816,-0.01779561494078895,0.0064617082623603436,-0.031301488898038306,-0.11526500933454194,0.03631378172729288,0.3117942810058594,0.6235885620117188
output-boba,tournament_k5_obs_rho1_look,bias,tournament,5.0,obs,1.0,look,pooled,,,20,4800,0.22649654015238457,-0.002999630028057099,0.006461708262360345,-0.013243601981906558,-0.061906489826939935,0.029360590027164155,0.5958194732666016,
output-boba,tournament_k5_obs_rho1_look,drift,tournament,5.0,obs,1.0,look,cell,0.05,0.0,20,600,0.007546259012326475,-0.0060689636261204005,0.0064617082623603436,-0.8042347362059824,-3.001332201333431,-0.2894443177586863,0.00365447998046875,0.014617919921875
output-boba,tournament_k5_obs_rho1_look,drift,tournament,5.0,obs,1.0,look,cell,0.05,20.0,20,600,0.005545591729968432,-0.005637610666663119,0.0064617082623603436,-1.016593168263256,-4.683819692265654,-0.23574269413478866,0.006389617919921875,0.017038981119791668
output-boba,tournament_k5_obs_rho1_look,drift,tournament,5.0,obs,1.0,look,cell,0.25,0.0,20,600,0.04441843487071276,-0.00543889280135928,0.0064617082623603436,-0.1224467457529758,-0.265880626167462,-0.013095208876258724,0.039989471435546875,0.063983154296875
output-boba,tournament_k5_obs_rho1_look,drift,tournament,5.0,obs,1.0,look,cell,0.25,20.0,20,600,0.03700249218932726,0.0016164401842573867,0.0064617082623603436,0.04368463010509388,-0.15489974353624983,0.1704110911574042,0.7011814117431641,0.8013501848493304
output-boba,tournament_k5_obs_rho1_look,drift,tournament,5.0,obs,1.0,look,cell,1.0,0.0,20,600,0.25418753076862133,0.0015219663145762258,0.0064617082623603436,0.005987572679013993,-0.05910361327777776,0.07550706531971546,1.0,1.0
output-boba,tournament_k5_obs_rho1_look,drift,tournament,5.0,obs,1.0,look,cell,1.0,20.0,20,600,0.16046191077310898,0.010358308789016255,0.0064617082623603436,0.0645530689439612,-0.023839439120407636,0.12537166451543624,0.11398696899414062,0.15198262532552084
output-boba,tournament_k5_obs_rho1_look,drift,tournament,5.0,obs,1.0,look,cell,5.0,0.0,20,600,0.7552009810904712,0.04068315677053469,0.0064617082623603436,0.05387063548539134,0.011874070878219706,0.089277322116941,0.026641845703125,0.05328369140625
output-boba,tournament_k5_obs_rho1_look,drift,tournament,5.0,obs,1.0,look,cell,5.0,20.0,20,600,0.6408456819973191,0.11690681380075334,0.0064617082623603436,0.1824258430460056,0.1001155001128581,0.267191584804521,0.0003948211669921875,0.0031585693359375
output-boba,tournament_k5_obs_rho1_look,drift,tournament,5.0,obs,1.0,look,pooled,,,20,4800,0.2381511103039819,0.019242652345624396,0.006461708262360345,0.08080017901685449,0.039624007315025855,0.12238905661504086,0.0014324188232421875,
output-boba,tournament_k5_obs_rho1_look,gaussian,tournament,5.0,obs,1.0,look,cell,0.05,0.0,20,600,0.006930780737448017,-0.009569900093742739,0.0064617082623603436,-1.3807824047924608,-9.605304357158266,-0.48345835316398045,0.001284705613291876,0.010277644906335008
output-boba,tournament_k5_obs_rho1_look,gaussian,tournament,5.0,obs,1.0,look,cell,0.05,20.0,20,600,0.002573926727981019,-0.00861816273084943,0.0064617082623603436,-3.3482548812139235,-44.213477113137415,-0.4369144954909543,0.006210256590449749,0.024841026361798996
output-boba,tournament_k5_obs_rho1_look,gaussian,tournament,5.0,obs,1.0,look,cell,0.25,0.0,20,600,0.049786948458824795,-0.0027290418158764664,0.0064617082623603436,-0.05481440217476796,-0.17192868371146772,0.0355594211624574,0.29542405582364173,0.33762749236987627
output-boba,tournament_k5_obs_rho1_look,gaussian,tournament,5.0,obs,1.0,look,cell,0.25,20.0,20,600,0.032441606005650915,-0.006525931485753542,0.0064617082623603436,-0.20115932252604288,-0.4663459061611674,-0.04707654097320805,0.04844093322753906,0.12744522094726562
output-boba,tournament_k5_obs_rho1_look,gaussian,tournament,5.0,obs,1.0,look,cell,1.0,0.0,20,600,0.2561344386822541,0.009449033945530608,0.0064617082623603436,0.03689091554475634,-0.023725235172901794,0.09366261388568094,0.24548721313476562,0.3273162841796875
output-boba,tournament_k5_obs_rho1_look,gaussian,tournament,5.0,obs,1.0,look,cell,1.0,20.0,20,600,0.12941445146457056,-0.0013518413958647443,0.0064617082623603436,-0.010445830280668726,-0.16191627037238984,0.09286578804989837,1.0,1.0
output-boba,tournament_k5_obs_rho1_look,gaussian,tournament,5.0,obs,1.0,look,cell,5.0,0.0,20,600,0.7731111054368147,0.006700028863434121,0.0064617082623603436,0.008666320812515744,-0.05561282033195304,0.06355231133570946,0.1230926513671875,0.1969482421875
output-boba,tournament_k5_obs_rho1_look,gaussian,tournament,5.0,obs,1.0,look,cell,5.0,20.0,20,600,0.5199289879562881,0.04164298089280367,0.0064617082623603436,0.08009359327413519,0.0072365194561672015,0.15084288991437253,0.06372261047363281,0.12744522094726562
output-boba,tournament_k5_obs_rho1_look,gaussian,tournament,5.0,obs,1.0,look,pooled,,,20,4800,0.221290280683729,0.00362464577246019,0.006461708262360345,0.016379597699731702,-0.014148060399428147,0.04214707373501187,0.2942523956298828,
output-boba,tournament_k5_obs_rho1_post,ar1,tournament,5.0,obs,1.0,post,cell,0.05,0.0,20,600,0.007283275356432553,-0.013821992387217116,0.015111028955033693,-1.8977714985071379,-15.14794028249622,-0.47759291689743777,0.06418536322763828,0.10269658116422124
output-boba,tournament_k5_obs_rho1_post,ar1,tournament,5.0,obs,1.0,post,cell,0.05,20.0,20,600,-0.0005775368818208183,-0.017610215803625977,0.015111028955033693,,-184.22178923150386,-1.4111922867742008,0.02422372469374016,0.04844744938748032
output-boba,tournament_k5_obs_rho1_post,ar1,tournament,5.0,obs,1.0,post,cell,0.25,0.0,20,600,0.03825454149748255,-0.004481321947752833,0.015111028955033693,-0.11714483489621066,-0.5664747761036272,0.1457016390519869,0.9679000486136345,0.9679000486136345
output-boba,tournament_k5_obs_rho1_post,ar1,tournament,5.0,obs,1.0,post,cell,0.25,20.0,20,600,0.022728479424807015,-0.010447974268360775,0.015111028955033693,-0.45968646089704207,-1.427646034441407,-0.01466457659044289,0.49800872802734375,0.56915283203125
output-boba,tournament_k5_obs_rho1_post,ar1,tournament,5.0,obs,1.0,post,cell,1.0,0.0,20,600,0.20939594374896484,0.017517267459141946,0.015111028955033693,0.08365619288281244,-0.0025043846167058298,0.15626604138485248,0.11398696899414062,0.15198262532552084
output-boba,tournament_k5_obs_rho1_post,ar1,tournament,5.0,obs,1.0,post,cell,1.0,20.0,20,600,0.12514782730766216,0.03395507777281588,0.015111028955033693,0.2713197544320211,0.1820857264934613,0.35336288335122645,0.0002613067626953125,0.0020904541015625
output-boba,tournament_k5_obs_rho1_post,ar1,tournament,5.0,obs,1.0,post,cell,5.0,0.0,20,600,0.7264068798293957,0.031078230875078237,0.015111028955033693,0.04278350293485283,-0.006955503605538588,0.0782923623951497,0.0007076263427734375,0.00283050537109375
output-boba,tournament_k5_obs_rho1_post,ar1,tournament,5.0,obs,1.0,post,cell,5.0,20.0,20,600,0.4553017321055197,0.04381504402937898,0.015111028955033693,0.09623298340368383,0.03464834021283773,0.14698919432275961,0.01068878173828125,0.02850341796875
output-boba,tournament_k5_obs_rho1_post,ar1,tournament,5.0,obs,1.0,post,pooled,,,20,4800,0.19799264279855544,0.010000514466182301,0.015111028955033693,0.05050952563099615,0.0005839964399383191,0.09343479767960731,0.082550048828125,
output-boba,tournament_k5_obs_rho1_post,bias,tournament,5.0,obs,1.0,post,cell,0.05,0.0,20,600,0.013395489962064456,-0.01578725441616805,0.015111028955033693,-1.178549979200237,-2.632524338086408,-0.46382082247743706,0.0442084385246971,0.11788916939919226
output-boba,tournament_k5_obs_rho1_post,bias,tournament,5.0,obs,1.0,post,cell,0.05,20.0,20,600,0.008569131211679494,-0.011932666440238831,0.015111028955033693,-1.3925176479938748,-7.351960917420779,-0.3046298646939874,0.10746614473256638,0.182379150390625
output-boba,tournament_k5_obs_rho1_post,bias,tournament,5.0,obs,1.0,post,cell,0.25,0.0,20,600,0.04075634626349373,-0.010779512920173014,0.015111028955033693,-0.2644867341758856,-0.7315325435964332,0.01321037992399688,0.44450890263539566,0.5080101744404522
output-boba,tournament_k5_obs_rho1_post,bias,tournament,5.0,obs,1.0,post,cell,0.25,20.0,20,600,0.03844830317953616,-0.006778754340280885,0.015111028955033693,-0.1763082835834698,-0.5837032903349759,0.09061133534590929,0.4304332733154297,0.5080101744404522
output-boba,tournament_k5_obs_rho1_post,bias,tournament,5.0,obs,1.0,post,cell,1.0,0.0,20,600,0.24778106004099362,0.02481329301828938,0.015111028955033693,0.10014200849001209,0.04783137151733304,0.16340533520557274,0.000850677490234375,0.006805419921875
output-boba,tournament_k5_obs_rho1_post,bias,tournament,5.0,obs,1.0,post,cell,1.0,20.0,20,600,0.15642646108862632,0.009154536857107442,0.015111028955033693,0.05852294294327076,-0.00040663401389948926,0.11912903005461735,0.11398696899414062,0.182379150390625
output-boba,tournament_k5_obs_rho1_post,bias,tournament,5.0,obs,1.0,post,cell,5.0,0.0,20,600,0.7380725752210011,0.019227020082156616,0.015111028955033693,0.026050310941846698,-0.040499339088474764,0.08977153979095213,0.6476554870605469,0.6476554870605469
output-boba,tournament_k5_obs_rho1_post,bias,tournament,5.0,obs,1.0,post,cell,5.0,20.0,20,600,0.5685229542516816,-0.06970927328775547,0.015111028955033693,-0.12261470318205588,-0.19617099045594716,-0.04823544371802249,0.00365447998046875,0.014617919921875
output-boba,tournament_k5_obs_rho1_post,bias,tournament,5.0,obs,1.0,post,pooled,,,20,4800,0.22649654015238457,-0.007724076430882841,0.015111028955033693,-0.034102403620320916,-0.08117394283188324,0.01566973843312843,0.1893482208251953,
output-boba,tournament_k5_obs_rho1_post,drift,tournament,5.0,obs,1.0,post,cell,0.05,0.0,20,600,0.007546259012326475,-0.014742813833444352,0.015111028955033693,-1.9536586021448015,-8.272502134811704,-0.6347109345721421,0.1474161990774467,0.2948323981548934
output-boba,tournament_k5_obs_rho1_post,drift,tournament,5.0,obs,1.0,post,cell,0.05,20.0,20,600,0.005545591729968432,-0.015571806208405486,0.015111028955033693,-2.8079611638655786,-12.454898495358092,-0.8270057059878734,0.06414936248047728,0.25659744992190914
output-boba,tournament_k5_obs_rho1_post,drift,tournament,5.0,obs,1.0,post,cell,0.25,0.0,20,600,0.04441843487071276,-0.008049428159156638,0.015111028955033693,-0.18121818525542013,-0.5369806504877243,0.02928404235433575,0.36827659606933594,0.49103546142578125
output-boba,tournament_k5_obs_rho1_post,drift,tournament,5.0,obs,1.0,post,cell,0.25,20.0,20,600,0.03700249218932726,-0.001406017390873538,0.015111028955033693,-0.037997910618546925,-0.4458192441316521,0.20170538798657806,0.9272785186767578,0.9272785186767578
output-boba,tournament_k5_obs_rho1_post,drift,tournament,5.0,obs,1.0,post,cell,1.0,0.0,20,600,0.25418753076862133,0.007026687721345536,0.015111028955033693,0.027643715252663993,-0.01866444678692056,0.0764846222515598,0.6215133666992188,0.7103009905133929
output-boba,tournament_k5_obs_rho1_post,drift,tournament,5.0,obs,1.0,post,cell,1.0,20.0,20,600,0.16046191077310898,0.02045624984493229,0.015111028955033693,0.12748352394891493,0.048582037944449416,0.2045385306581421,0.005580902099609375,0.044647216796875
output-boba,tournament_k5_obs_rho1_post,drift,tournament,5.0,obs,1.0,post,cell,5.0,0.0,20,600,0.7552009810904712,0.016845700804530146,0.015111028955033693,0.022306248570024133,-0.014192814684490792,0.059585530763780856,0.24548721313476562,0.392779541015625
output-boba,tournament_k5_obs_rho1_post,drift,tournament,5.0,obs,1.0,post,cell,5.0,20.0,20,600,0.6408456819973191,0.04930941741133051,0.015111028955033693,0.07694429220096828,-0.00031296348983720013,0.15044172218712876,0.09730720520019531,0.2594858805338542
output-boba,tournament_k5_obs_rho1_post,drift,tournament,5.0,obs,1.0,post,pooled,,,20,4800,0.2381511103039819,0.006733498773782309,0.015111028955033693,0.02827405996632771,-0.01555747510383796,0.06847655253394991,0.15364646911621094,
output-boba,tournament_k5_obs_rho1_post,gaussian,tournament,5.0,obs,1.0,post,cell,0.05,0.0,20,600,0.006930780737448017,-0.018256339100749627,0.015111028955033693,-2.6340956080327245,-16.194193366362928,-0.787826127977822,0.01980910968997144,0.04296875
output-boba,tournament_k5_obs_rho1_post,gaussian,tournament,5.0,obs,1.0,post,cell,0.05,20.0,20,600,0.002573926727981019,-0.017832063921300545,0.015111028955033693,-6.927960973966018,-83.52520680020199,-0.9018187444791965,0.10746614473256638,0.14328819297675519
output-boba,tournament_k5_obs_rho1_post,gaussian,tournament,5.0,obs,1.0,post,cell,0.25,0.0,20,600,0.049786948458824795,-0.0030794548827962247,0.015111028955033693,-0.061852653719940684,-0.2701525065597742,0.10510228340802255,0.7781771795228314,0.7841262817382812
output-boba,tournament_k5_obs_rho1_post,gaussian,tournament,5.0,obs,1.0,post,cell,0.25,20.0,20,600,0.032441606005650915,-0.005338327388712339,0.015111028955033693,-0.16455188401531262,-0.5732038805635032,0.11329176816678255,0.7841262817382812,0.7841262817382812
output-boba,tournament_k5_obs_rho1_post,gaussian,tournament,5.0,obs,1.0,post,cell,1.0,0.0,20,600,0.2561344386822541,0.02509923384585837,0.015111028955033693,0.09799242138225332,0.040141743321123954,0.1679482477427032,0.006389617919921875,0.0255584716796875
output-boba,tournament_k5_obs_rho1_post,gaussian,tournament,5.0,obs,1.0,post,cell,1.0,20.0,20,600,0.12941445146457056,0.017512176972210844,0.015111028955033693,0.13531855812103877,0.02429807495745502,0.22761867150608814,0.05316925048828125,0.08507080078125
output-boba,tournament_k5_obs_rho1_post,gaussian,tournament,5.0,obs,1.0,post,cell,5.0,0.0,20,600,0.7731111054368147,0.05676707675636912,0.015111028955033693,0.07342680289697198,0.011473313374797579,0.13394734266845237,0.021484375,0.04296875
output-boba,tournament_k5_obs_rho1_post,gaussian,tournament,5.0,obs,1.0,post,cell,5.0,20.0,20,600,0.5199289879562881,0.043065595281213793,0.015111028955033693,0.08282976383081461,0.040525814025871285,0.12475569209525418,0.001209259033203125,0.009674072265625
output-boba,tournament_k5_obs_rho1_post,gaussian,tournament,5.0,obs,1.0,post,pooled,,,20,4800,0.221290280683729,0.012242237195261671,0.015111028955033693,0.05532207360140882,0.003450697509301327,0.10458278168194401,0.04844093322753906,
output-boba-misclick,confirm_k2,misclick,confirmation,2.0,,,,cell,0.01,0.0,20,300,0.005497568297731875,-0.027306870193371406,0.02335850166488688,-4.967081573981967,-11.659395456449161,-2.658589780872737,1.9073486328125e-06,3.814697265625e-06
output-boba-misclick,confirm_k2,misclick,confirmation,2.0,,,,cell,0.01,20.0,20,300,0.0015562268558935903,-0.026647233709077938,0.02335850166488688,-17.122975103637454,-188.8059246540467,-5.3043908067008205,0.0001318338889828333,0.00021093422237253328
output-boba-misclick,confirm_k2,misclick,confirmation,2.0,,,,cell,0.05,0.0,20,300,0.03879954929559608,-0.02723628105528224,0.02335850166488688,-0.7019741607764933,-1.3264919632262682,-0.26357676929612633,0.0005855560302734375,0.0006692068917410714
output-boba-misclick,confirm_k2,misclick,confirmation,2.0,,,,cell,0.05,20.0,20,300,0.004669946794676183,-0.034424936359943224,0.02335850166488688,-7.371590699745921,-104.98625388660089,-2.064969196519009,1.9073486328125e-06,3.814697265625e-06
output-boba-misclick,confirm_k2,misclick,confirmation,2.0,,,,cell,0.15,0.0,20,300,0.08495550243000338,-0.04934536085179279,0.02335850166488688,-0.5808377261078465,-1.0838048689155018,-0.28051798085783064,0.0003223419189453125,0.0004297892252604167
output-boba-misclick,confirm_k2,misclick,confirmation,2.0,,,,cell,0.15,20.0,20,300,0.025402938238949346,-0.05529668059602548,0.02335850166488688,-2.1767828617258616,-7.5983876257812275,-1.0137575985148963,1.9073486328125e-06,3.814697265625e-06
output-boba-misclick,confirm_k2,misclick,confirmation,2.0,,,,cell,0.4,0.0,20,300,0.3113992598538697,0.0002945396565060848,0.02335850166488688,0.0009458585631973031,-0.13283302925113258,0.11557804527870548,0.6742229461669922,0.6742229461669922
output-boba-misclick,confirm_k2,misclick,confirmation,2.0,,,,cell,0.4,20.0,20,300,0.07108650847310317,-0.05057814334799765,0.02335850166488688,-0.7115013022075036,-1.5038269485741327,-0.38120682311299187,1.9073486328125e-06,3.814697265625e-06
output-boba-misclick,confirm_k2,misclick,confirmation,2.0,,,,pooled,,,20,2400,0.06792093752997791,-0.033817620807123076,0.02335850166488688,-0.49789684943905804,-0.7942410351526781,-0.30279417815068327,1.33514404296875e-05,
output-boba-misclick,confirm_k4,misclick,confirmation,4.0,,,,cell,0.01,0.0,20,300,0.005497568297731875,-0.03621312437818391,0.034737290306923005,-6.587116779090186,-13.346535625717516,-4.12514673332514,0.0001318338889828333,0.00021093422237253328
output-boba-misclick,confirm_k4,misclick,confirmation,4.0,,,,cell,0.01,20.0,20,300,0.0015562268558935903,-0.03558625257457802,0.034737290306923005,-22.86700839264484,-249.82921774186124,-6.741279495402226,0.00019643672621231134,0.0002619156349497485
output-boba-misclick,confirm_k4,misclick,confirmation,4.0,,,,cell,0.05,0.0,20,300,0.03879954929559608,-0.030039808955112657,0.034737290306923005,-0.7742308738241531,-1.3761609359627804,-0.34721894202978626,0.0003223419189453125,0.00036839076450892856
output-boba-misclick,confirm_k4,misclick,confirmation,4.0,,,,cell,0.05,20.0,20,300,0.004669946794676183,-0.040610386252913064,0.034737290306923005,-8.696113261763406,-131.31182401006984,-2.3201272234633463,0.0001318338889828333,0.00021093422237253328
output-boba-misclick,confirm_k4,misclick,confirmation,4.0,,,,cell,0.15,0.0,20,300,0.08495550243000338,-0.05022330193392188,0.034737290306923005,-0.5911718546459297,-1.064301392894128,-0.30640287312677167,9.5367431640625e-06,2.5431315104166668e-05
output-boba-misclick,confirm_k4,misclick,confirmation,4.0,,,,cell,0.15,20.0,20,300,0.025402938238949346,-0.04889962481435353,0.034737290306923005,-1.9249594025063455,-6.580676300082744,-0.8153638877652516,1.9073486328125e-06,7.62939453125e-06
output-boba-misclick,confirm_k4,misclick,confirmation,4.0,,,,cell,0.4,0.0,20,300,0.3113992598538697,0.004855641358994578,0.034737290306923005,0.015592976557725874,-0.10704905924475822,0.11482177145429961,0.8983173370361328,0.8983173370361328
output-boba-misclick,confirm_k4,misclick,confirmation,4.0,,,,cell,0.4,20.0,20,300,0.07108650847310317,-0.054802783602905844,0.034737290306923005,-0.7709308669118478,-1.5615633918462906,-0.44112135549424286,1.9073486328125e-06,7.62939453125e-06
output-boba-misclick,confirm_k4,misclick,confirmation,4.0,,,,pooled,,,20,2400,0.06792093752997791,-0.036439955144121794,0.034737290306923005,-0.536505479301408,-0.851511306296824,-0.32662938679698605,9.5367431640625e-06,
output-boba-misclick,tournament_k3_lcb_rho0.5_look,misclick,tournament,3.0,lcb,0.5,look,cell,0.01,0.0,20,300,0.005497568297731875,-0.01927880091615996,0.01535140426624835,-3.5067869778195915,-7.255117690426257,-2.173026506915831,1.9073486328125e-06,3.814697265625e-06
output-boba-misclick,tournament_k3_lcb_rho0.5_look,misclick,tournament,3.0,lcb,0.5,look,cell,0.01,20.0,20,300,0.0015562268558935903,-0.016335653652871446,0.01535140426624835,-10.49696166789993,-107.71238918284368,-3.4351417433879985,1.9073486328125e-06,3.814697265625e-06
output-boba-misclick,tournament_k3_lcb_rho0.5_look,misclick,tournament,3.0,lcb,0.5,look,cell,0.05,0.0,20,300,0.03879954929559608,-0.016231255509347252,0.01535140426624835,-0.41833618699250125,-0.8693862771830222,-0.09882140103549121,0.002712249755859375,0.0036163330078125
output-boba-misclick,tournament_k3_lcb_rho0.5_look,misclick,tournament,3.0,lcb,0.5,look,cell,0.05,20.0,20,300,0.004669946794676183,-0.023701505883351487,0.01535140426624835,-5.075326748983864,-78.73445318852248,-1.5550521063097131,1.9073486328125e-06,3.814697265625e-06
output-boba-misclick,tournament_k3_lcb_rho0.5_look,misclick,tournament,3.0,lcb,0.5,look,cell,0.15,0.0,20,300,0.08495550243000338,-0.029810663416462733,0.01535140426624835,-0.3508973823211082,-0.6524569259548139,-0.146594211485322,0.000850677490234375,0.001361083984375
output-boba-misclick,tournament_k3_lcb_rho0.5_look,misclick,tournament,3.0,lcb,0.5,look,cell,0.15,20.0,20,300,0.025402938238949346,-0.02853561235833831,0.01535140426624835,-1.1233193613243428,-3.7804707686529673,-0.5282092242980971,1.9073486328125e-06,3.814697265625e-06
output-boba-misclick,tournament_k3_lcb_rho0.5_look,misclick,tournament,3.0,lcb,0.5,look,cell,0.4,0.0,20,300,0.3113992598538697,0.04866627183221503,0.01535140426624835,0.15628255460546903,0.041245955785595305,0.267141662747711,0.03623390197753906,0.03623390197753906
output-boba-misclick,tournament_k3_lcb_rho0.5_look,misclick,tournament,3.0,lcb,0.5,look,cell,0.4,20.0,20,300,0.07108650847310317,-0.018239962207740826,0.01535140426624835,-0.2565882415598205,-0.7472841898220356,-0.043192534534076295,0.01068878173828125,0.012215750558035714
output-boba-misclick,tournament_k3_lcb_rho0.5_look,misclick,tournament,3.0,lcb,0.5,look,pooled,,,20,2400,0.06792093752997791,-0.012933397764007131,0.015351404266248352,-0.1904184222766181,-0.36478178224673763,-0.06246100893926509,0.013616561889648438,
output-boba-misclick,tournament_k3_lcb_rho0.5_post,misclick,tournament,3.0,lcb,0.5,post,cell,0.01,0.0,20,300,0.005497568297731875,-0.022856685274659054,0.01609551296876951,-4.157599148716171,-10.12920317058555,-2.1978206337450996,1.9073486328125e-06,5.086263020833333e-06
output-boba-misclick,tournament_k3_lcb_rho0.5_post,misclick,tournament,3.0,lcb,0.5,post,cell,0.01,20.0,20,300,0.0015562268558935903,-0.015346679362376936,0.01609551296876951,-9.861466729132383,-107.88428386769863,-2.834428925396965,0.0001318338889828333,0.00017577851864377772
output-boba-misclick,tournament_k3_lcb_rho0.5_post,misclick,tournament,3.0,lcb,0.5,post,cell,0.05,0.0,20,300,0.03879954929559608,-0.02344834135684925,0.01609551296876951,-0.6043457149001146,-1.1915067794429166,-0.20938009721045622,0.0004825592041015625,0.0005514962332589286
output-boba-misclick,tournament_k3_lcb_rho0.5_post,misclick,tournament,3.0,lcb,0.5,post,cell,0.05,20.0,20,300,0.004669946794676183,-0.032840241287573554,0.01609551296876951,-7.032251700385961,-104.33208127056153,-2.087954149486217,1.9073486328125e-06,5.086263020833333e-06
output-boba-misclick,tournament_k3_lcb_rho0.5_post,misclick,tournament,3.0,lcb,0.5,post,cell,0.15,0.0,20,300,0.08495550243000338,-0.04608002866971389,0.01609551296876951,-0.5424019322077483,-0.9622416859627907,-0.2633416173161765,8.20159912109375e-05,0.0001312255859375
output-boba-misclick,tournament_k3_lcb_rho0.5_post,misclick,tournament,3.0,lcb,0.5,post,cell,0.15,20.0,20,300,0.025402938238949346,-0.049578487501093546,0.01609551296876951,-1.9516831885642567,-6.326588050870097,-0.9861896385635934,1.9073486328125e-06,5.086263020833333e-06
output-boba-misclick,tournament_k3_lcb_rho0.5_post,misclick,tournament,3.0,lcb,0.5,post,cell,0.4,0.0,20,300,0.3113992598538697,0.010126716974547468,0.01609551296876951,0.03252004188866612,-0.08700114030633249,0.144204278254551,0.8983173370361328,0.8983173370361328
output-boba-misclick,tournament_k3_lcb_rho0.5_post,misclick,tournament,3.0,lcb,0.5,post,cell,0.4,20.0,20,300,0.07108650847310317,-0.04943522685430761,0.01609551296876951,-0.6954234764957163,-1.5195436572879566,-0.33505818592383807,5.7220458984375e-06,1.1444091796875e-05
output-boba-misclick,tournament_k3_lcb_rho0.5_post,misclick,tournament,3.0,lcb,0.5,post,pooled,,,20,2400,0.06792093752997791,-0.0286823716665033,0.01609551296876951,-0.4222905735634746,-0.6921339516314257,-0.2341638918482216,0.000209808349609375,
output-boba-misclick,tournament_k3_lcb_rho1_look,misclick,tournament,3.0,lcb,1.0,look,cell,0.01,0.0,20,300,0.005497568297731875,-0.020941880942828773,0.017594659592869436,-3.809298913388441,-7.871710121936287,-2.3402274995441963,1.9073486328125e-06,3.814697265625e-06
output-boba-misclick,tournament_k3_lcb_rho1_look,misclick,tournament,3.0,lcb,1.0,look,cell,0.01,20.0,20,300,0.0015562268558935903,-0.01937318715637793,0.017594659592869436,-12.448819452645795,-128.7947381597274,-4.080608421236128,1.9073486328125e-06,3.814697265625e-06
output-boba-misclick,tournament_k3_lcb_rho1_look,misclick,tournament,3.0,lcb,1.0,look,cell,0.05,0.0,20,300,0.03879954929559608,-0.019049085314158512,0.017594659592869436,-0.49096151012044537,-0.9848279420588275,-0.15184457704908005,0.0023250579833984375,0.0026572091238839285
output-boba-misclick,tournament_k3_lcb_rho1_look,misclick,tournament,3.0,lcb,1.0,look,cell,0.05,20.0,20,300,0.004669946794676183,-0.029621113592979354,0.017594659592869436,-6.342923141383092,-99.57661148421735,-1.9692706127784612,1.9073486328125e-06,3.814697265625e-06
output-boba-misclick,tournament_k3_lcb_rho1_look,misclick,tournament,3.0,lcb,1.0,look,cell,0.15,0.0,20,300,0.08495550243000338,-0.03246104172924633,0.017594659592869436,-0.3820946354356702,-0.6959678185807555,-0.17494522981867655,0.0005855560302734375,0.0009368896484375
output-boba-misclick,tournament_k3_lcb_rho1_look,misclick,tournament,3.0,lcb,1.0,look,cell,0.15,20.0,20,300,0.025402938238949346,-0.033005500923037015,0.017594659592869436,-1.2992788713091052,-4.272865298333912,-0.6347854267304108,1.9073486328125e-06,3.814697265625e-06
output-boba-misclick,tournament_k3_lcb_rho1_look,misclick,tournament,3.0,lcb,1.0,look,cell,0.4,0.0,20,300,0.3113992598538697,0.03952255600791314,0.017594659592869436,0.126919235538517,0.0076870350027771085,0.2333770697061207,0.082550048828125,0.082550048828125
output-boba-misclick,tournament_k3_lcb_rho1_look,misclick,tournament,3.0,lcb,1.0,look,cell,0.4,20.0,20,300,0.07108650847310317,-0.026007318538123603,0.017594659592869436,-0.3658544933032395,-0.9310453902376341,-0.11810390512484342,0.0014324188232421875,0.0019098917643229167
output-boba-misclick,tournament_k3_lcb_rho1_look,misclick,tournament,3.0,lcb,1.0,look,pooled,,,20,2400,0.06792093752997791,-0.017617071523604793,0.017594659592869436,-0.25937615357310456,-0.4597617693953878,-0.12483703051660754,0.0023250579833984375,
output-boba-misclick,tournament_k3_lcb_rho1_post,misclick,tournament,3.0,lcb,1.0,post,cell,0.01,0.0,20,300,0.005497568297731875,-0.02431104835378255,0.01760166771015066,-4.422145762848008,-10.615333212291901,-2.4614202485773258,1.9073486328125e-06,3.814697265625e-06
output-boba-misclick,tournament_k3_lcb_rho1_post,misclick,tournament,3.0,lcb,1.0,post,cell,0.01,20.0,20,300,0.0015562268558935903,-0.018290456074022916,0.01760166771015066,-11.75307828981044,-130.3377472836738,-3.416354625887333,1.9073486328125e-06,3.814697265625e-06
output-boba-misclick,tournament_k3_lcb_rho1_post,misclick,tournament,3.0,lcb,1.0,post,cell,0.05,0.0,20,300,0.03879954929559608,-0.024711122831732078,0.01760166771015066,-0.6368920072619736,-1.2649610803307283,-0.22597702694162494,0.0004825592041015625,0.0005514962332589286
output-boba-misclick,tournament_k3_lcb_rho1_post,misclick,tournament,3.0,lcb,1.0,post,cell,0.05,20.0,20,300,0.004669946794676183,-0.034194549115654435,0.01760166771015066,-7.322256680662142,-108.3659985741024,-2.189404663094927,1.9073486328125e-06,3.814697265625e-06
output-boba-misclick,tournament_k3_lcb_rho1_post,misclick,tournament,3.0,lcb,1.0,post,cell,0.15,0.0,20,300,0.08495550243000338,-0.0472516047493063,0.01760166771015066,-0.5561923995239495,-0.9846216413501517,-0.2698155154914615,8.20159912109375e-05,0.00010935465494791667
output-boba-misclick,tournament_k3_lcb_rho1_post,misclick,tournament,3.0,lcb,1.0,post,cell,0.15,20.0,20,300,0.025402938238949346,-0.05015169378172455,0.01760166771015066,-1.9742477547273996,-6.286079841733458,-1.0220123526489377,1.9073486328125e-06,3.814697265625e-06
output-boba-misclick,tournament_k3_lcb_rho1_post,misclick,tournament,3.0,lcb,1.0,post,cell,0.4,0.0,20,300,0.3113992598538697,0.010544555972995634,0.01760166771015066,0.03386185303697856,-0.08516060175085637,0.14363199330624365,0.9272785186767578,0.9272785186767578
output-boba-misclick,tournament_k3_lcb_rho1_post,misclick,tournament,3.0,lcb,1.0,post,cell,0.4,20.0,20,300,0.07108650847310317,-0.05109184406945187,0.01760166771015066,-0.7187277187595079,-1.579189305672445,-0.34133568661238234,9.5367431640625e-06,1.52587890625e-05
output-boba-misclick,tournament_k3_lcb_rho1_post,misclick,tournament,3.0,lcb,1.0,post,pooled,,,20,2400,0.06792093752997791,-0.029932220375334873,0.01760166771015066,-0.4406920967797867,-0.7112591161537745,-0.24843741498968056,0.000133514404296875,
output-boba-misclick,tournament_k3_obs_rho0.5_look,misclick,tournament,3.0,obs,0.5,look,cell,0.01,0.0,20,300,0.005497568297731875,-0.007662407252765876,0.00833622280689022,-1.3937811842969092,-3.5422913620313823,-0.8049335875310519,1.9073486328125e-06,5.086263020833333e-06
output-boba-misclick,tournament_k3_obs_rho0.5_look,misclick,tournament,3.0,obs,0.5,look,cell,0.01,20.0,20,300,0.0015562268558935903,-0.007475332055460876,0.00833622280689022,-4.803497656624437,-45.904881508768824,-1.6580710895867998,1.9073486328125e-06,5.086263020833333e-06
output-boba-misclick,tournament_k3_obs_rho0.5_look,misclick,tournament,3.0,obs,0.5,look,cell,0.05,0.0,20,300,0.03879954929559608,-0.004246408869123723,0.00833622280689022,-0.1094447988756846,-0.35551750892766076,0.11327008580702624,0.0072956085205078125,0.00972747802734375
output-boba-misclick,tournament_k3_obs_rho0.5_look,misclick,tournament,3.0,obs,0.5,look,cell,0.05,20.0,20,300,0.004669946794676183,-0.006863787980890065,0.00833622280689022,-1.4697786254684737,-23.584652794175533,-0.43467880654765234,1.9073486328125e-06,5.086263020833333e-06
output-boba-misclick,tournament_k3_obs_rho0.5_look,misclick,tournament,3.0,obs,0.5,look,cell,0.15,0.0,20,300,0.08495550243000338,0.0015276626017546886,0.00833622280689022,0.01798191474429054,-0.08998020413248811,0.12839502433247338,0.7011814117431641,0.8013501848493304
output-boba-misclick,tournament_k3_obs_rho0.5_look,misclick,tournament,3.0,obs,0.5,look,cell,0.15,20.0,20,300,0.025402938238949346,-0.007748267393211263,0.00833622280689022,-0.3050146136768991,-0.8969569391138545,-0.12805896258237942,0.000133514404296875,0.00026702880859375
output-boba-misclick,tournament_k3_obs_rho0.5_look,misclick,tournament,3.0,obs,0.5,look,cell,0.4,0.0,20,300,0.3113992598538697,0.08581163350798504,0.00833622280689022,0.27556787883264033,0.16217583303988622,0.40251423302458983,0.0003223419189453125,0.0005157470703125
output-boba-misclick,tournament_k3_obs_rho0.5_look,misclick,tournament,3.0,obs,0.5,look,cell,0.4,20.0,20,300,0.07108650847310317,0.004756269688782044,0.00833622280689022,0.06690819103292521,-0.09955124811182513,0.19416300813847406,0.8408222198486328,0.8408222198486328
output-boba-misclick,tournament_k3_obs_rho0.5_look,misclick,tournament,3.0,obs,0.5,look,pooled,,,20,2400,0.06792093752997791,0.007262420280883741,0.00833622280689022,0.10692461772451778,0.003680492312999747,0.22068329936830847,0.069580078125,
output-boba-misclick,tournament_k3_obs_rho0.5_post,misclick,tournament,3.0,obs,0.5,post,cell,0.01,0.0,20,300,0.005497568297731875,-0.010621580676620963,0.011164805877004571,-1.9320506997617646,-4.120746815105487,-1.138871272863389,1.9073486328125e-06,7.62939453125e-06
output-boba-misclick,tournament_k3_obs_rho0.5_post,misclick,tournament,3.0,obs,0.5,post,cell,0.01,20.0,20,300,0.0015562268558935903,-0.011475460849247405,0.011164805877004571,-7.373899766469561,-64.59801785824148,-2.3587553728857467,0.0001318338889828333,0.0002636677779656666
output-boba-misclick,tournament_k3_obs_rho0.5_post,misclick,tournament,3.0,obs,0.5,post,cell,0.05,0.0,20,300,0.03879954929559608,-0.007605671717980553,0.011164805877004571,-0.19602474399989567,-0.4723200114194244,0.04958012869666252,0.0031528472900390625,0.0050445556640625
output-boba-misclick,tournament_k3_obs_rho0.5_post,misclick,tournament,3.0,obs,0.5,post,cell,0.05,20.0,20,300,0.004669946794676183,-0.011528705877612774,0.011164805877004571,-2.4687017613895925,-34.63076993282334,-0.7356794985054685,1.9073486328125e-06,7.62939453125e-06
output-boba-misclick,tournament_k3_obs_rho0.5_post,misclick,tournament,3.0,obs,0.5,post,cell,0.15,0.0,20,300,0.08495550243000338,-0.013292955465704692,0.011164805877004571,-0.15646962333790018,-0.3394936112436801,-0.007513811018073718,0.039989471435546875,0.04570225306919643
output-boba-misclick,tournament_k3_obs_rho0.5_post,misclick,tournament,3.0,obs,0.5,post,cell,0.15,20.0,20,300,0.025402938238949346,-0.016428804191979614,0.011164805877004571,-0.6467285019332906,-1.6732219579523429,-0.3741254412105542,4.76837158203125e-05,0.00012715657552083334
output-boba-misclick,tournament_k3_obs_rho0.5_post,misclick,tournament,3.0,obs,0.5,post,cell,0.4,0.0,20,300,0.3113992598538697,0.04609127980170653,0.011164805877004571,0.14801345328609897,0.038025921169615236,0.2574241110795909,0.04844093322753906,0.04844093322753906
output-boba-misclick,tournament_k3_obs_rho0.5_post,misclick,tournament,3.0,obs,0.5,post,cell,0.4,20.0,20,300,0.07108650847310317,-0.00694447544334865,0.011164805877004571,-0.09769048434804213,-0.3336799854117238,0.04005952196652916,0.039989471435546875,0.04570225306919643
output-boba-misclick,tournament_k3_obs_rho0.5_post,misclick,tournament,3.0,obs,0.5,post,pooled,,,20,2400,0.06792093752997791,-0.003975796802598513,0.011164805877004571,-0.058535658475617126,-0.17509563228153247,0.05359205149686296,0.38837623596191406,
output-boba-misclick,tournament_k3_obs_rho1_look,misclick,tournament,3.0,obs,1.0,look,cell,0.01,0.0,20,300,0.005497568297731875,-0.009262635001231345,0.010546465427370571,-1.6848603781880833,-4.037911795461947,-1.0391389154577488,1.9073486328125e-06,5.086263020833333e-06
output-boba-misclick,tournament_k3_obs_rho1_look,misclick,tournament,3.0,obs,1.0,look,cell,0.01,20.0,20,300,0.0015562268558935903,-0.009733806138965533,0.010546465427370571,-6.254747565949407,-59.36372511594416,-2.1175981790280454,1.9073486328125e-06,5.086263020833333e-06
output-boba-misclick,tournament_k3_obs_rho1_look,misclick,tournament,3.0,obs,1.0,look,cell,0.05,0.0,20,300,0.03879954929559608,-0.005392014255005835,0.010546465427370571,-0.138971053862676,-0.3988194982293512,0.09061159748649468,0.00485992431640625,0.006479899088541667
output-boba-misclick,tournament_k3_obs_rho1_look,misclick,tournament,3.0,obs,1.0,look,cell,0.05,20.0,20,300,0.004669946794676183,-0.010137537529483908,0.010546465427370571,-2.1708036462087468,-35.51249956846115,-0.6263585978074019,1.9073486328125e-06,5.086263020833333e-06
output-boba-misclick,tournament_k3_obs_rho1_look,misclick,tournament,3.0,obs,1.0,look,cell,0.15,0.0,20,300,0.08495550243000338,-0.00292557719019427,0.010546465427370571,-0.0344365827581882,-0.13644474551237168,0.0567311730303948,0.40909767150878906,0.40909767150878906
output-boba-misclick,tournament_k3_obs_rho1_look,misclick,tournament,3.0,obs,1.0,look,cell,0.15,20.0,20,300,0.025402938238949346,-0.011840334449697718,0.010546465427370571,-0.46610098163933605,-1.4965314230794153,-0.21097716125302887,6.29425048828125e-05,0.000125885009765625
output-boba-misclick,tournament_k3_obs_rho1_look,misclick,tournament,3.0,obs,1.0,look,cell,0.4,0.0,20,300,0.3113992598538697,0.07714167130868947,0.010546465427370571,0.247725930192929,0.13783836294310628,0.3683584218855824,0.0007076263427734375,0.0011322021484375
output-boba-misclick,tournament_k3_obs_rho1_look,misclick,tournament,3.0,obs,1.0,look,cell,0.4,20.0,20,300,0.07108650847310317,-0.0002807437397378508,0.010546465427370571,-0.003949325206260131,-0.22151956063327918,0.1232189249676148,0.24548721313476562,0.2805568150111607
output-boba-misclick,tournament_k3_obs_rho1_look,misclick,tournament,3.0,obs,1.0,look,pooled,,,20,2400,0.06792093752997791,0.0034461278755466298,0.010546465427370571,0.05073734257607428,-0.0549260716029658,0.15171245249604998,0.36827659606933594,
output-boba-misclick,tournament_k3_obs_rho1_post,misclick,tournament,3.0,obs,1.0,post,cell,0.01,0.0,20,300,0.005497568297731875,-0.011951891409211653,0.012608052648638526,-2.1740323652082014,-4.594727292523207,-1.3566184458141504,1.9073486328125e-06,5.086263020833333e-06
output-boba-misclick,tournament_k3_obs_rho1_post,misclick,tournament,3.0,obs,1.0,post,cell,0.01,20.0,20,300,0.0015562268558935903,-0.012684317587808188,0.012608052648638526,-8.150686732960159,-75.86377258314658,-2.845700457703407,1.9073486328125e-06,5.086263020833333e-06
output-boba-misclick,tournament_k3_obs_rho1_post,misclick,tournament,3.0,obs,1.0,post,cell,0.05,0.0,20,300,0.03879954929559608,-0.007745986481860934,0.012608052648638526,-0.1996411459021803,-0.4609024004955071,0.04305520613907484,0.0031528472900390625,0.0050445556640625
output-boba-misclick,tournament_k3_obs_rho1_post,misclick,tournament,3.0,obs,1.0,post,cell,0.05,20.0,20,300,0.004669946794676183,-0.012118912861290475,0.012608052648638526,-2.5950858530350365,-36.81884138779074,-0.7782580102465452,1.9073486328125e-06,5.086263020833333e-06
output-boba-misclick,tournament_k3_obs_rho1_post,misclick,tournament,3.0,obs,1.0,post,cell,0.15,0.0,20,300,0.08495550243000338,-0.014897851992179151,0.012608052648638526,-0.1753606484106642,-0.34963522127345814,-0.04619850214141322,0.01923370361328125,0.025644938151041668
output-boba-misclick,tournament_k3_obs_rho1_post,misclick,tournament,3.0,obs,1.0,post,cell,0.15,20.0,20,300,0.025402938238949346,-0.01663572866772616,0.012608052648638526,-0.6548741925538062,-1.689976777272704,-0.38289365600137304,4.76837158203125e-05,9.5367431640625e-05
output-boba-misclick,tournament_k3_obs_rho1_post,misclick,tournament,3.0,obs,1.0,post,cell,0.4,0.0,20,300,0.3113992598538697,0.04381212037207954,0.012608052648638526,0.1406943625769671,0.030180098337823903,0.2495492628726205,0.06372261047363281,0.06372261047363281
output-boba-misclick,tournament_k3_obs_rho1_post,misclick,tournament,3.0,obs,1.0,post,cell,0.4,20.0,20,300,0.07108650847310317,-0.00662972111747904,0.012608052648638526,-0.09326271974642715,-0.3250785468499764,0.0424605258090317,0.04405403137207031,0.05034746442522321
output-boba-misclick,tournament_k3_obs_rho1_post,misclick,tournament,3.0,obs,1.0,post,pooled,,,20,2400,0.06792093752997791,-0.0048565362181845016,0.012608052648638526,-0.07150278536778144,-0.18742444471397413,0.0354647757575027,0.24548721313476562,
output-boba-misclick,tournament_k5_lcb_rho0.5_look,misclick,tournament,5.0,lcb,0.5,look,cell,0.01,0.0,20,300,0.005497568297731875,-0.02142347211638357,0.018637715893765068,-3.896899675666098,-7.865878074887194,-2.749240651300118,1.9073486328125e-06,5.086263020833333e-06
output-boba-misclick,tournament_k5_lcb_rho0.5_look,misclick,tournament,5.0,lcb,0.5,look,cell,0.01,20.0,20,300,0.0015562268558935903,-0.018449469370260915,0.018637715893765068,-11.85525702784969,-118.22977422983881,-4.028982843296591,1.9073486328125e-06,5.086263020833333e-06
output-boba-misclick,tournament_k5_lcb_rho0.5_look,misclick,tournament,5.0,lcb,0.5,look,cell,0.05,0.0,20,300,0.03879954929559608,-0.016059309596584474,0.018637715893765068,-0.4139045398243138,-0.8115365794683275,-0.12526687974944314,0.0019855499267578125,0.0031000773111979165
output-boba-misclick,tournament_k5_lcb_rho0.5_look,misclick,tournament,5.0,lcb,0.5,look,cell,0.05,20.0,20,300,0.004669946794676183,-0.022834590992225713,0.018637715893765068,-4.889689753694309,-82.14306690424479,-1.2166341481999579,5.7220458984375e-06,1.1444091796875e-05
output-boba-misclick,tournament_k5_lcb_rho0.5_look,misclick,tournament,5.0,lcb,0.5,look,cell,0.15,0.0,20,300,0.08495550243000338,-0.02631157015040725,0.018637715893765068,-0.30971001757168,-0.5990891762323521,-0.12212512865687644,0.0023250579833984375,0.0031000773111979165
output-boba-misclick,tournament_k5_lcb_rho0.5_look,misclick,tournament,5.0,lcb,0.5,look,cell,0.15,20.0,20,300,0.025402938238949346,-0.025674495416096267,0.018637715893765068,-1.0106899908424984,-3.7727262418045657,-0.4351519439175691,1.9073486328125e-06,5.086263020833333e-06
output-boba-misclick,tournament_k5_lcb_rho0.5_look,misclick,tournament,5.0,lcb,0.5,look,cell,0.4,0.0,20,300,0.3113992598538697,0.06734692343928989,0.018637715893765068,0.2162719444834062,0.09445570918211385,0.3325867002956998,0.0042209625244140625,0.004823957170758929
output-boba-misclick,tournament_k5_lcb_rho0.5_look,misclick,tournament,5.0,lcb,0.5,look,cell,0.4,20.0,20,300,0.07108650847310317,-0.01454069595782036,0.018637715893765068,-0.20454930577047664,-0.7082017474571759,0.022586373141004378,0.012079238891601562,0.012079238891601562
output-boba-misclick,tournament_k5_lcb_rho0.5_look,misclick,tournament,5.0,lcb,0.5,look,pooled,,,20,2400,0.06792093752997791,-0.00974333502006108,0.018637715893765068,-0.1434511267716338,-0.2983437873114367,-0.023352616009227157,0.026641845703125,
output-boba-misclick,tournament_k5_lcb_rho0.5_post,misclick,tournament,5.0,lcb,0.5,post,cell,0.01,0.0,20,300,0.005497568297731875,-0.02436514444143486,0.021671557313988725,-4.431985765686105,-8.283714874875107,-2.7473760534361813,1.9073486328125e-06,3.814697265625e-06
output-boba-misclick,tournament_k5_lcb_rho0.5_post,misclick,tournament,5.0,lcb,0.5,post,cell,0.01,20.0,20,300,0.0015562268558935903,-0.024545742465918265,0.021671557313988725,-15.772599202334176,-155.8466632059225,-4.811398190089192,0.0001318338889828333,0.00017577851864377772
output-boba-misclick,tournament_k5_lcb_rho0.5_post,misclick,tournament,5.0,lcb,0.5,post,cell,0.05,0.0,20,300,0.03879954929559608,-0.023205813703685896,0.021671557313988725,-0.598094929580016,-1.1034970681721135,-0.22361287575816124,0.000850677490234375,0.0009722028459821429
output-boba-misclick,tournament_k5_lcb_rho0.5_post,misclick,tournament,5.0,lcb,0.5,post,cell,0.05,20.0,20,300,0.004669946794676183,-0.03568987584413989,0.021671557313988725,-7.642458771656017,-125.64955542429914,-2.001601074900063,1.9073486328125e-06,3.814697265625e-06
output-boba-misclick,tournament_k5_lcb_rho0.5_post,misclick,tournament,5.0,lcb,0.5,post,cell,0.15,0.0,20,300,0.08495550243000338,-0.04698233026057493,0.021671557313988725,-0.5530228050771009,-0.9653927775068167,-0.27623357115208325,8.20159912109375e-05,0.0001312255859375
output-boba-misclick,tournament_k5_lcb_rho0.5_post,misclick,tournament,5.0,lcb,0.5,post,cell,0.15,20.0,20,300,0.025402938238949346,-0.04649902591841861,0.021671557313988725,-1.8304585666835755,-6.541319547528496,-0.8166565194744181,1.9073486328125e-06,3.814697265625e-06
output-boba-misclick,tournament_k5_lcb_rho0.5_post,misclick,tournament,5.0,lcb,0.5,post,cell,0.4,0.0,20,300,0.3113992598538697,0.023600198823678854,0.021671557313988725,0.07578758804614281,-0.07333067600739265,0.21238083426435553,0.956329345703125,0.956329345703125
output-boba-misclick,tournament_k5_lcb_rho0.5_post,misclick,tournament,5.0,lcb,0.5,post,cell,0.4,20.0,20,300,0.07108650847310317,-0.05407876236113733,0.021671557313988725,-0.7607457944231285,-1.6181537558251409,-0.4139776893800197,1.9073486328125e-06,3.814697265625e-06
output-boba-misclick,tournament_k5_lcb_rho0.5_post,misclick,tournament,5.0,lcb,0.5,post,pooled,,,20,2400,0.06792093752997791,-0.02897081202145387,0.021671557313988725,-0.4265372810654619,-0.7007122053657325,-0.21637840635012578,0.000850677490234375,
output-boba-misclick,tournament_k5_lcb_rho1_look,misclick,tournament,5.0,lcb,1.0,look,cell,0.01,0.0,20,300,0.005497568297731875,-0.024011789208075406,0.024263507259652116,-4.367710941941716,-9.045148942093007,-3.0914775126951444,1.9073486328125e-06,5.086263020833333e-06
output-boba-misclick,tournament_k5_lcb_rho1_look,misclick,tournament,5.0,lcb,1.0,look,cell,0.01,20.0,20,300,0.0015562268558935903,-0.026051480329835775,0.024263507259652116,-16.74015599408027,-167.03516163540428,-5.7593351385128235,1.9073486328125e-06,5.086263020833333e-06
output-boba-misclick,tournament_k5_lcb_rho1_look,misclick,tournament,5.0,lcb,1.0,look,cell,0.05,0.0,20,300,0.03879954929559608,-0.021761340276157566,0.024263507259652116,-0.5608658005372134,-1.0687787337907038,-0.224606437604362,0.000850677490234375,0.0011342366536458333
output-boba-misclick,tournament_k5_lcb_rho1_look,misclick,tournament,5.0,lcb,1.0,look,cell,0.05,20.0,20,300,0.004669946794676183,-0.029460303913541035,0.024263507259652116,-6.308488128200148,-102.39327048655139,-1.6646905636437417,5.7220458984375e-06,1.1444091796875e-05
output-boba-misclick,tournament_k5_lcb_rho1_look,misclick,tournament,5.0,lcb,1.0,look,cell,0.15,0.0,20,300,0.08495550243000338,-0.034915294280310746,0.024263507259652116,-0.41098331810912647,-0.7479599888420961,-0.19820593565126157,0.0004825592041015625,0.0007720947265625
output-boba-misclick,tournament_k5_lcb_rho1_look,misclick,tournament,5.0,lcb,1.0,look,cell,0.15,20.0,20,300,0.025402938238949346,-0.03395308861676502,0.024263507259652116,-1.3365811583443548,-4.757474696956153,-0.5943321961450737,1.9073486328125e-06,5.086263020833333e-06
output-boba-misclick,tournament_k5_lcb_rho1_look,misclick,tournament,5.0,lcb,1.0,look,cell,0.4,0.0,20,300,0.3113992598538697,0.06046469024123746,0.024263507259652116,0.19417095040499366,0.06608346536284884,0.3109676926199992,0.021484375,0.021484375
output-boba-misclick,tournament_k5_lcb_rho1_look,misclick,tournament,5.0,lcb,1.0,look,cell,0.4,20.0,20,300,0.07108650847310317,-0.023473195721916904,0.024263507259652116,-0.33020605774720807,-0.9514677245719084,-0.05787043242236192,0.0023250579833984375,0.0026572091238839285
output-boba-misclick,tournament_k5_lcb_rho1_look,misclick,tournament,5.0,lcb,1.0,look,pooled,,,20,2400,0.06792093752997791,-0.016645225263170638,0.024263507259652116,-0.2450676605549507,-0.44896603280545344,-0.10431970568882615,0.002712249755859375,
output-boba-misclick,tournament_k5_lcb_rho1_post,misclick,tournament,5.0,lcb,1.0,post,cell,0.01,0.0,20,300,0.005497568297731875,-0.028749570312912524,0.023539477341595165,-5.229506712044614,-9.805400932620303,-3.324968476144341,1.9073486328125e-06,3.814697265625e-06
output-boba-misclick,tournament_k5_lcb_rho1_post,misclick,tournament,5.0,lcb,1.0,post,cell,0.01,20.0,20,300,0.0015562268558935903,-0.026560914842170318,0.023539477341595165,-17.067508340176378,-176.84353645302787,-5.574607142129175,1.9073486328125e-06,3.814697265625e-06
output-boba-misclick,tournament_k5_lcb_rho1_post,misclick,tournament,5.0,lcb,1.0,post,cell,0.05,0.0,20,300,0.03879954929559608,-0.026771959094967223,0.023539477341595165,-0.6900069609315271,-1.2161741684498313,-0.3112867351408884,0.000850677490234375,0.0009722028459821429
output-boba-misclick,tournament_k5_lcb_rho1_post,misclick,tournament,5.0,lcb,1.0,post,cell,0.05,20.0,20,300,0.004669946794676183,-0.0382475320118499,0.023539477341595165,-8.190142991661643,-136.90886967962666,-2.138500503161866,1.9073486328125e-06,3.814697265625e-06
output-boba-misclick,tournament_k5_lcb_rho1_post,misclick,tournament,5.0,lcb,1.0,post,cell,0.15,0.0,20,300,0.08495550243000338,-0.04933777819466624,0.023539477341595165,-0.5807484716521648,-1.0280795902525652,-0.28602353502147987,8.20159912109375e-05,0.00010935465494791667
output-boba-misclick,tournament_k5_lcb_rho1_post,misclick,tournament,5.0,lcb,1.0,post,cell,0.15,20.0,20,300,0.025402938238949346,-0.04743791943865443,0.023539477341595165,-1.867418603014973,-6.456531647526203,-0.8702208904555543,5.7220458984375e-06,9.1552734375e-06
output-boba-misclick,tournament_k5_lcb_rho1_post,misclick,tournament,5.0,lcb,1.0,post,cell,0.4,0.0,20,300,0.3113992598538697,0.02228756419071058,0.023539477341595165,0.0715723094562571,-0.07899458448720216,0.2087944230128948,0.7561664581298828,0.7561664581298828
output-boba-misclick,tournament_k5_lcb_rho1_post,misclick,tournament,5.0,lcb,1.0,post,cell,0.4,20.0,20,300,0.07108650847310317,-0.0550435540084729,0.023539477341595165,-0.774317872558048,-1.6391963834237966,-0.42543485571927614,1.9073486328125e-06,3.814697265625e-06
output-boba-misclick,tournament_k5_lcb_rho1_post,misclick,tournament,5.0,lcb,1.0,post,pooled,,,20,2400,0.06792093752997791,-0.03123270796412287,0.023539477341595172,-0.45983917625309356,-0.7442663749426953,-0.2514019687921203,0.0004825592041015625,
output-boba-misclick,tournament_k5_obs_rho0.5_look,misclick,tournament,5.0,obs,0.5,look,cell,0.01,0.0,20,300,0.005497568297731875,-0.012413020924743043,0.012865404299165708,-2.257911180451231,-5.085098538905781,-1.397610031875181,1.9073486328125e-06,5.086263020833333e-06
output-boba-misclick,tournament_k5_obs_rho0.5_look,misclick,tournament,5.0,obs,0.5,look,cell,0.01,20.0,20,300,0.0015562268558935903,-0.011855091441396012,0.012865404299165708,-7.617842730640181,-72.36222443675915,-2.9157495981796826,1.9073486328125e-06,5.086263020833333e-06
output-boba-misclick,tournament_k5_obs_rho0.5_look,misclick,tournament,5.0,obs,0.5,look,cell,0.05,0.0,20,300,0.03879954929559608,-0.006449301389235826,0.012865404299165708,-0.1662210388090217,-0.4075977579090127,0.05117257057600158,0.00365447998046875,0.004872639973958333
output-boba-misclick,tournament_k5_obs_rho0.5_look,misclick,tournament,5.0,obs,0.5,look,cell,0.05,20.0,20,300,0.004669946794676183,-0.011359597937884148,0.012865404299165708,-2.4324897985635037,-35.062243042354154,-0.7348877813741479,1.9073486328125e-06,5.086263020833333e-06
output-boba-misclick,tournament_k5_obs_rho0.5_look,misclick,tournament,5.0,obs,0.5,look,cell,0.15,0.0,20,300,0.08495550243000338,-0.004604295535740504,0.012865404299165708,-0.054196554714441,-0.17885115490376347,0.06868688286331778,0.3299827575683594,0.3299827575683594
output-boba-misclick,tournament_k5_obs_rho0.5_look,misclick,tournament,5.0,obs,0.5,look,cell,0.15,20.0,20,300,0.025402938238949346,-0.010486945228948146,0.012865404299165708,-0.4128241044521738,-1.248856987542519,-0.18726408192784677,8.20159912109375e-05,0.000164031982421875
output-boba-misclick,tournament_k5_obs_rho0.5_look,misclick,tournament,5.0,obs,0.5,look,cell,0.4,0.0,20,300,0.3113992598538697,0.08932097307326947,0.012865404299165708,0.2868374610626407,0.16682801798175798,0.4135650312863171,0.0003948211669921875,0.0006317138671875
output-boba-misclick,tournament_k5_obs_rho0.5_look,misclick,tournament,5.0,obs,0.5,look,cell,0.4,20.0,20,300,0.07108650847310317,-0.0017313012429161323,0.012865404299165708,-0.02435484988788274,-0.27796476994451363,0.1208832354145004,0.15364646911621094,0.17559596470424108
output-boba-misclick,tournament_k5_obs_rho0.5_look,misclick,tournament,5.0,obs,0.5,look,pooled,,,20,2400,0.06792093752997791,0.003802677421550699,0.012865404299165707,0.05598682173479026,-0.04708454355528412,0.16346951012868688,0.38837623596191406,
output-boba-misclick,tournament_k5_obs_rho0.5_post,misclick,tournament,5.0,obs,0.5,post,cell,0.01,0.0,20,300,0.005497568297731875,-0.01900754892024159,0.017305307484895976,-3.457446618368254,-6.6675299965838235,-2.2234395368271556,1.9073486328125e-06,7.62939453125e-06
output-boba-misclick,tournament_k5_obs_rho0.5_post,misclick,tournament,5.0,obs,0.5,post,cell,0.01,20.0,20,300,0.0015562268558935903,-0.01696865478094075,0.017305307484895976,-10.903715429841554,-101.75459364086302,-3.744854972570216,0.0001318338889828333,0.00035155703728755543
output-boba-misclick,tournament_k5_obs_rho0.5_post,misclick,tournament,5.0,obs,0.5,post,cell,0.05,0.0,20,300,0.03879954929559608,-0.014260159180889959,0.017305307484895976,-0.3675341451069008,-0.7670242446220994,-0.05767140014513627,0.0014324188232421875,0.0019098917643229167
output-boba-misclick,tournament_k5_obs_rho0.5_post,misclick,tournament,5.0,obs,0.5,post,cell,0.05,20.0,20,300,0.004669946794676183,-0.021412276801180553,0.017305307484895976,-4.585122217150505,-67.83996378887745,-1.2651476445638026,1.9073486328125e-06,7.62939453125e-06
output-boba-misclick,tournament_k5_obs_rho0.5_post,misclick,tournament,5.0,obs,0.5,post,cell,0.15,0.0,20,300,0.08495550243000338,-0.024261633852792026,0.017305307484895976,-0.28558048812414116,-0.5116386678905681,-0.10966703815649864,0.002712249755859375,0.0030997140066964285
output-boba-misclick,tournament_k5_obs_rho0.5_post,misclick,tournament,5.0,obs,0.5,post,cell,0.15,20.0,20,300,0.025402938238949346,-0.025015846031454625,0.017305307484895976,-0.9847619120334196,-2.968904541414147,-0.4964833118524559,0.00029256438440193296,0.0005851287688038659
output-boba-misclick,tournament_k5_obs_rho0.5_post,misclick,tournament,5.0,obs,0.5,post,cell,0.4,0.0,20,300,0.3113992598538697,0.050781248007304346,0.017305307484895976,0.16307440175398766,0.030701411798691933,0.2933963918946526,0.069580078125,0.069580078125
output-boba-misclick,tournament_k5_obs_rho0.5_post,misclick,tournament,5.0,obs,0.5,post,cell,0.4,20.0,20,300,0.07108650847310317,-0.022444175130275083,0.017305307484895976,-0.31573044748381796,-0.7114769489956907,-0.13774353335291012,0.0005855560302734375,0.0009368896484375
output-boba-misclick,tournament_k5_obs_rho0.5_post,misclick,tournament,5.0,obs,0.5,post,pooled,,,20,2400,0.06792093752997791,-0.011573630836308772,0.017305307484895976,-0.17039857306446307,-0.31776641198447364,-0.026667908525000766,0.04844093322753906,
output-boba-misclick,tournament_k5_obs_rho1_look,misclick,tournament,5.0,obs,1.0,look,cell,0.01,0.0,20,300,0.005497568297731875,-0.016250559804779956,0.01824124594391135,-2.955954146396768,-6.525912387233701,-1.8658170529626972,1.9073486328125e-06,5.086263020833333e-06
output-boba-misclick,tournament_k5_obs_rho1_look,misclick,tournament,5.0,obs,1.0,look,cell,0.01,20.0,20,300,0.0015562268558935903,-0.01935777178888107,0.01824124594391135,-12.438913848306376,-106.3314058965999,-4.64573189560367,1.9073486328125e-06,5.086263020833333e-06
output-boba-misclick,tournament_k5_obs_rho1_look,misclick,tournament,5.0,obs,1.0,look,cell,0.05,0.0,20,300,0.03879954929559608,-0.011272799703744922,0.01824124594391135,-0.29053944977202184,-0.6057596839743512,-0.04377872302347995,0.0023250579833984375,0.0031000773111979165
output-boba-misclick,tournament_k5_obs_rho1_look,misclick,tournament,5.0,obs,1.0,look,cell,0.05,20.0,20,300,0.004669946794676183,-0.01699620040087342,0.01824124594391135,-3.639484805319275,-54.51980007044422,-1.0565895805296415,1.9073486328125e-06,5.086263020833333e-06
output-boba-misclick,tournament_k5_obs_rho1_look,misclick,tournament,5.0,obs,1.0,look,cell,0.15,0.0,20,300,0.08495550243000338,-0.012492117613414136,0.01824124594391135,-0.14704306673610285,-0.30804668551701486,-0.011730494385422105,0.04405403137207031,0.04405403137207031
output-boba-misclick,tournament_k5_obs_rho1_look,misclick,tournament,5.0,obs,1.0,look,cell,0.15,20.0,20,300,0.025402938238949346,-0.01672574547703928,0.01824124594391135,-0.6584177515101123,-2.0276274988286875,-0.30408995006469136,1.33514404296875e-05,2.6702880859375e-05
output-boba-misclick,tournament_k5_obs_rho1_look,misclick,tournament,5.0,obs,1.0,look,cell,0.4,0.0,20,300,0.3113992598538697,0.08116733885544064,0.01824124594391135,0.2606536023673596,0.14672068698887714,0.37981488236044925,0.000850677490234375,0.001361083984375
output-boba-misclick,tournament_k5_obs_rho1_look,misclick,tournament,5.0,obs,1.0,look,cell,0.4,20.0,20,300,0.07108650847310317,-0.009589628921977306,0.01824124594391135,-0.13490082897524375,-0.4879640514727275,0.04704467671795844,0.029575347900390625,0.03380039760044643
output-boba-misclick,tournament_k5_obs_rho1_look,misclick,tournament,5.0,obs,1.0,look,pooled,,,20,2400,0.06792093752997791,-0.0026896856069086746,0.018241245943911348,-0.03960024264567229,-0.16377052983495882,0.06797857249888896,0.5216732025146484,
output-boba-misclick,tournament_k5_obs_rho1_post,misclick,tournament,5.0,obs,1.0,post,cell,0.01,0.0,20,300,0.005497568297731875,-0.020783733963534758,0.019083525378532716,-3.780532198592144,-7.513238395155578,-2.5712392728043403,1.9073486328125e-06,5.086263020833333e-06
output-boba-misclick,tournament_k5_obs_rho1_post,misclick,tournament,5.0,obs,1.0,post,cell,0.01,20.0,20,300,0.0015562268558935903,-0.020548122307258915,0.019083525378532716,-13.20380909084114,-124.31872266560904,-4.8629386036848175,1.9073486328125e-06,5.086263020833333e-06
output-boba-misclick,tournament_k5_obs_rho1_post,misclick,tournament,5.0,obs,1.0,post,cell,0.05,0.0,20,300,0.03879954929559608,-0.01647335153648507,0.019083525378532716,-0.42457584780127505,-0.8255526710897532,-0.1079665782133209,0.0014324188232421875,0.0019098917643229167
output-boba-misclick,tournament_k5_obs_rho1_post,misclick,tournament,5.0,obs,1.0,post,cell,0.05,20.0,20,300,0.004669946794676183,-0.021490010531331948,0.019083525378532716,-4.601767745155238,-67.02830017814978,-1.387327986752769,1.9073486328125e-06,5.086263020833333e-06
output-boba-misclick,tournament_k5_obs_rho1_post,misclick,tournament,5.0,obs,1.0,post,cell,0.15,0.0,20,300,0.08495550243000338,-0.025067634183218064,0.019083525378532716,-0.29506781157432166,-0.5239231467765024,-0.11894366639493245,0.001689910888671875,0.0019313267299107143
output-boba-misclick,tournament_k5_obs_rho1_post,misclick,tournament,5.0,obs,1.0,post,cell,0.15,20.0,20,300,0.025402938238949346,-0.026746129913202455,0.019083525378532716,-1.052875445415745,-3.1735619148900858,-0.5420062001555873,1.33514404296875e-05,2.6702880859375e-05
output-boba-misclick,tournament_k5_obs_rho1_post,misclick,tournament,5.0,obs,1.0,post,cell,0.4,0.0,20,300,0.3113992598538697,0.050328114018118084,0.019083525378532716,0.1616192473987753,0.031832944914631844,0.2887154797967676,0.082550048828125,0.082550048828125
output-boba-misclick,tournament_k5_obs_rho1_post,misclick,tournament,5.0,obs,1.0,post,cell,0.4,20.0,20,300,0.07108650847310317,-0.02293517050512623,0.019083525378532716,-0.32263745959339324,-0.7359455251281717,-0.141923237835311,0.0010166168212890625,0.0016265869140625
output-boba-misclick,tournament_k5_obs_rho1_post,misclick,tournament,5.0,obs,1.0,post,pooled,,,20,2400,0.06792093752997791,-0.012964504865254915,0.019083525378532716,-0.19087641214511855,-0.3407317017606692,-0.05269483743900898,0.03276824951171875,
output-boba-slip,confirm_k2,slip,confirmation,2.0,,,,cell,0.01,0.0,20,300,0.018819485436881635,-0.02261522650744801,0.02335850166488688,-1.2016920751259033,-3.8726764899474486,-0.6187660684142283,0.00039814247498266234,0.001061713266620433
output-boba-slip,confirm_k2,slip,confirmation,2.0,,,,cell,0.01,20.0,20,300,0.018798717767450672,-0.022907913065384235,0.02335850166488688,-1.2185891265971605,-2.499451685911986,-0.8026975515643746,0.00034155628132162525,0.001061713266620433
output-boba-slip,confirm_k2,slip,confirmation,2.0,,,,cell,0.05,0.0,20,300,0.15286905837119164,0.011047259243003291,0.02335850166488688,0.07226615615161767,-0.10464067288390899,0.1923300787763833,0.9854354858398438,0.9854354858398438
output-boba-slip,confirm_k2,slip,confirmation,2.0,,,,cell,0.05,20.0,20,300,0.09017329361888379,-0.001529528780692236,0.02335850166488688,-0.01696210395903657,-0.269692960220005,0.12757107079299526,0.2772406362261136,0.3168464414012727
output-boba-slip,confirm_k2,slip,confirmation,2.0,,,,cell,0.15,0.0,20,300,0.33576589946162727,0.05584574874537511,0.02335850166488688,0.16632346773427298,0.08698865320507278,0.242889162005101,0.0023250579833984375,0.0037200927734375
output-boba-slip,confirm_k2,slip,confirmation,2.0,,,,cell,0.15,20.0,20,300,0.1308563118775677,-0.007649628138644905,0.02335850166488688,-0.05845822818086208,-0.29330640551226717,0.11239783684841372,0.008903385115881386,0.011871180154508514
output-boba-slip,confirm_k2,slip,confirmation,2.0,,,,cell,0.4,0.0,20,300,0.6790809991183233,0.1987878684978916,0.02335850166488688,0.2927307180674845,0.18286407737372606,0.4119974847339942,1.9073486328125e-06,1.52587890625e-05
output-boba-slip,confirm_k2,slip,confirmation,2.0,,,,cell,0.4,20.0,20,300,0.1273202266429922,-0.041491666271257235,0.02335850166488688,-0.3258843262005846,-0.6243015544268772,-0.1422485521645501,0.0005855560302734375,0.001171112060546875
output-boba-slip,confirm_k2,slip,confirmation,2.0,,,,pooled,,,20,2400,0.19421049903686477,0.02118586421535541,0.02335850166488688,0.10908712103836332,0.04149057050806927,0.19180180279299625,0.00365447998046875,
output-boba-slip,confirm_k4,slip,confirmation,4.0,,,,cell,0.01,0.0,20,300,0.018819485436881635,-0.023078151956456676,0.034737290306923005,-1.2262902741872572,-3.836339259605358,-0.6687477076553725,0.00029256438440193296,0.0007801716917384879
output-boba-slip,confirm_k4,slip,confirmation,4.0,,,,cell,0.01,20.0,20,300,0.018798717767450672,-0.02288613529175287,0.034737290306923005,-1.2174306553705179,-2.469561171051336,-0.8051307562881809,0.00021367000439069728,0.0007801716917384879
output-boba-slip,confirm_k4,slip,confirmation,4.0,,,,cell,0.05,0.0,20,300,0.15286905837119164,0.009582739232860692,0.034737290306923005,0.06268593091999167,-0.11871451677924728,0.1742622539507676,0.6873736155096972,0.6873736155096972
output-boba-slip,confirm_k4,slip,confirmation,4.0,,,,cell,0.05,20.0,20,300,0.09017329361888379,-0.0055375369651134146,0.034737290306923005,-0.061409944595322646,-0.32853450383795085,0.12430743212736109,0.3143893322216611,0.3593020939676127
output-boba-slip,confirm_k4,slip,confirmation,4.0,,,,cell,0.15,0.0,20,300,0.33576589946162727,0.04572599446756527,0.034737290306923005,0.13618415253271135,0.058047950405710494,0.21137062313133712,0.01531219482421875,0.02449951171875
output-boba-slip,confirm_k4,slip,confirmation,4.0,,,,cell,0.15,20.0,20,300,0.1308563118775677,-0.0010362227940265904,0.034737290306923005,-0.007918783428621352,-0.20597075838667503,0.1605674656346005,0.02422372469374016,0.03229829959165355
output-boba-slip,confirm_k4,slip,confirmation,4.0,,,,cell,0.4,0.0,20,300,0.6790809991183233,0.18493548103294616,0.034737290306923005,0.27233199172566297,0.15459621797501305,0.39518270273169964,9.5367431640625e-06,7.62939453125e-05
output-boba-slip,confirm_k4,slip,confirmation,4.0,,,,cell,0.4,20.0,20,300,0.1273202266429922,-0.035641069092375154,0.034737290306923005,-0.27993249801787773,-0.5804197288325963,-0.0764589853917292,0.0031528472900390625,0.006305694580078125
output-boba-slip,confirm_k4,slip,confirmation,4.0,,,,pooled,,,20,2400,0.19421049903686477,0.01900813732920593,0.034737290306923005,0.09787389159428417,0.023259893934839418,0.1837620691132364,0.03276824951171875,
output-boba-slip,rerate3x2,slip,rerate,6.0,,,,cell,0.01,0.0,20,200,0.02471056851295954,-0.0015645376903446755,0.00843352346802268,-0.06331451619674992,-0.8213293483293918,0.21100530223513003,0.9479148130096964,0.9479148130096964
output-boba-slip,rerate3x2,slip,rerate,6.0,,,,cell,0.01,20.0,20,200,0.022878193588619013,-0.000793904700744197,0.00843352346802268,-0.03470137175249417,-0.8212688989907533,0.23574417092769548,0.43475617175843206,0.7135707026831867
output-boba-slip,rerate3x2,slip,rerate,6.0,,,,cell,0.05,0.0,20,200,0.15442647646088417,-0.0015746000591769303,0.00843352346802268,-0.01019643842988137,-0.16393001785451233,0.12672856993120551,0.8694877624511719,0.9479148130096964
output-boba-slip,rerate3x2,slip,rerate,6.0,,,,cell,0.05,20.0,20,200,0.09541321587322267,0.004497345463610582,0.00843352346802268,0.04713545626201604,-0.20953580001313535,0.20547312341035623,0.44598168917699166,0.7135707026831867
output-boba-slip,rerate3x2,slip,rerate,6.0,,,,cell,0.15,0.0,20,200,0.34620054339941103,0.007921334417843488,0.00843352346802268,0.022880768297075305,-0.10467199128843342,0.12206405301815658,0.5958194732666016,0.7944259643554688
output-boba-slip,rerate3x2,slip,rerate,6.0,,,,cell,0.15,20.0,20,200,0.13067266703141728,-0.04729803116576585,0.00843352346802268,-0.36195810677373036,-0.6633107472126951,-0.1707392396461768,0.0010166168212890625,0.00406646728515625
output-boba-slip,rerate3x2,slip,rerate,6.0,,,,cell,0.4,0.0,20,200,0.6578081017020505,0.027834379500742266,0.00843352346802268,0.042313828955164876,-0.03360298760100762,0.13464621484257522,0.38837623596191406,0.7135707026831867
output-boba-slip,rerate3x2,slip,rerate,6.0,,,,cell,0.4,20.0,20,200,0.11519867274065136,-0.08553452393068427,0.00843352346802268,-0.7424957414505072,-1.6447074067064844,-0.33869091898922293,0.0001049041748046875,0.0008392333984375
output-boba-slip,rerate3x2,slip,rerate,6.0,,,,pooled,,,20,1600,0.19341355491365197,-0.012064067270564955,0.00843352346802268,-0.062374466339501736,-0.14652977856591098,0.011221627382595687,0.0758514404296875,
output-boba-slip,tournament_k3_lcb_rho0.5_look,slip,tournament,3.0,lcb,0.5,look,cell,0.01,0.0,20,300,0.018819485436881635,-0.005487525630553959,0.01535140426624835,-0.2915874426513138,-1.3746833773896148,-0.004463287433455617,0.006389617919921875,0.01277923583984375
output-boba-slip,tournament_k3_lcb_rho0.5_look,slip,tournament,3.0,lcb,0.5,look,cell,0.01,20.0,20,300,0.018798717767450672,-0.010959512307668182,0.01535140426624835,-0.5829925446640939,-1.4501883549570902,-0.2901796405353881,0.0002613067626953125,0.0006968180338541666
output-boba-slip,tournament_k3_lcb_rho0.5_look,slip,tournament,3.0,lcb,0.5,look,cell,0.05,0.0,20,300,0.15286905837119164,0.029277013152310894,0.01535140426624835,0.19151693262361447,0.06765007136159472,0.3207180462947165,0.05316925048828125,0.08507080078125
output-boba-slip,tournament_k3_lcb_rho0.5_look,slip,tournament,3.0,lcb,0.5,look,cell,0.05,20.0,20,300,0.09017329361888379,0.016360929979190645,0.01535140426624835,0.1814387533446421,-0.05629025734497456,0.34297340222650424,0.9854354858398438,0.9854354858398438
output-boba-slip,tournament_k3_lcb_rho0.5_look,slip,tournament,3.0,lcb,0.5,look,cell,0.15,0.0,20,300,0.33576589946162727,0.0725661498496841,0.01535140426624835,0.21612126176612304,0.15066968603484776,0.2766702944422084,6.29425048828125e-05,0.00025177001953125
output-boba-slip,tournament_k3_lcb_rho0.5_look,slip,tournament,3.0,lcb,0.5,look,cell,0.15,20.0,20,300,0.1308563118775677,0.01838343660243654,0.01535140426624835,0.14048566965295894,-0.018160201318629294,0.2382842789350119,0.6742229461669922,0.7705405099051339
output-boba-slip,tournament_k3_lcb_rho0.5_look,slip,tournament,3.0,lcb,0.5,look,cell,0.4,0.0,20,300,0.6790809991183233,0.1912252258319646,0.01535140426624835,0.2815941339549179,0.16554221296147514,0.4154583879180028,3.814697265625e-06,3.0517578125e-05
output-boba-slip,tournament_k3_lcb_rho0.5_look,slip,tournament,3.0,lcb,0.5,look,cell,0.4,20.0,20,300,0.1273202266429922,-0.00973661084573651,0.01535140426624835,-0.07647340177172407,-0.2795526089939921,0.05349862877168528,0.17685317993164062,0.23580423990885416
output-boba-slip,tournament_k3_lcb_rho0.5_look,slip,tournament,3.0,lcb,0.5,look,pooled,,,20,2400,0.19421049903686477,0.03770363832895351,0.015351404266248352,0.19413800240427093,0.12577563327972155,0.2761819264126475,2.6702880859375e-05,
output-boba-slip,tournament_k3_lcb_rho0.5_post,slip,tournament,3.0,lcb,0.5,post,cell,0.01,0.0,20,300,0.018819485436881635,-0.013824002019361936,0.01609551296876951,-0.7345579168849239,-2.1575127425066176,-0.33524379152824485,0.002225180116411056,0.0035602881862576894
output-boba-slip,tournament_k3_lcb_rho0.5_post,slip,tournament,3.0,lcb,0.5,post,cell,0.01,20.0,20,300,0.018798717767450672,-0.015309907503428305,0.01609551296876951,-0.8144123281608536,-1.6274291612706877,-0.4469462284457065,4.76837158203125e-05,0.000125885009765625
output-boba-slip,tournament_k3_lcb_rho0.5_post,slip,tournament,3.0,lcb,0.5,post,cell,0.05,0.0,20,300,0.15286905837119164,0.017489184751398962,0.01609551296876951,0.11440630914944408,0.007933142246780921,0.2447425050593379,0.20244979858398438,0.23137119838169642
output-boba-slip,tournament_k3_lcb_rho0.5_post,slip,tournament,3.0,lcb,0.5,post,cell,0.05,20.0,20,300,0.09017329361888379,-0.0013179638265596364,0.01609551296876951,-0.014615899826505092,-0.19268464528556858,0.11811656037617972,0.39806292572561963,0.39806292572561963
output-boba-slip,tournament_k3_lcb_rho0.5_post,slip,tournament,3.0,lcb,0.5,post,cell,0.15,0.0,20,300,0.33576589946162727,0.04697520256709067,0.01609551296876951,0.13990462593852296,0.08559124450202135,0.19140586726592593,2.6702880859375e-05,0.0001068115234375
output-boba-slip,tournament_k3_lcb_rho0.5_post,slip,tournament,3.0,lcb,0.5,post,cell,0.15,20.0,20,300,0.1308563118775677,-0.01190172221662936,0.01609551296876951,-0.09095260324748337,-0.27780048048431066,0.031844010119482485,0.029575347900390625,0.039433797200520836
output-boba-slip,tournament_k3_lcb_rho0.5_post,slip,tournament,3.0,lcb,0.5,post,cell,0.4,0.0,20,300,0.6790809991183233,0.1485432070958115,0.01609551296876951,0.2187415157965998,0.10013918206799612,0.36308908260379247,6.29425048828125e-05,0.000125885009765625
output-boba-slip,tournament_k3_lcb_rho0.5_post,slip,tournament,3.0,lcb,0.5,post,cell,0.4,20.0,20,300,0.1273202266429922,-0.060705857371939356,0.01609551296876951,-0.47679664867515104,-0.7967311849206462,-0.28556607128753103,1.33514404296875e-05,0.0001068115234375
output-boba-slip,tournament_k3_lcb_rho0.5_post,slip,tournament,3.0,lcb,0.5,post,pooled,,,20,2400,0.19421049903686477,0.013743517684547813,0.01609551296876951,0.0707660901583855,0.006087519893830802,0.16346868091972644,0.069580078125,
output-boba-slip,tournament_k3_lcb_rho1_look,slip,tournament,3.0,lcb,1.0,look,cell,0.01,0.0,20,300,0.018819485436881635,-0.007988738587515285,0.017594659592869436,-0.42449293389601883,-1.8375742402459723,-0.07067048918128706,0.0042209625244140625,0.008441925048828125
output-boba-slip,tournament_k3_lcb_rho1_look,slip,tournament,3.0,lcb,1.0,look,cell,0.01,20.0,20,300,0.018798717767450672,-0.013919828222061382,0.017594659592869436,-0.7404668974903746,-1.9583359993302767,-0.38050238888409044,6.29425048828125e-05,0.00025177001953125
output-boba-slip,tournament_k3_lcb_rho1_look,slip,tournament,3.0,lcb,1.0,look,cell,0.05,0.0,20,300,0.15286905837119164,0.02442801715819556,0.017594659592869436,0.15979700155462626,0.014671850579452791,0.294470356396103,0.10539817810058594,0.1405309041341146
output-boba-slip,tournament_k3_lcb_rho1_look,slip,tournament,3.0,lcb,1.0,look,cell,0.05,20.0,20,300,0.09017329361888379,0.012780620429458878,0.017594659592869436,0.141733987043614,-0.1602161108786712,0.3178169634028625,0.7285060882568359,0.8325783865792411
output-boba-slip,tournament_k3_lcb_rho1_look,slip,tournament,3.0,lcb,1.0,look,cell,0.15,0.0,20,300,0.33576589946162727,0.06598026152834546,0.017594659592869436,0.19650673768283,0.1304621380127541,0.2550532816099572,0.0004825592041015625,0.0012868245442708333
output-boba-slip,tournament_k3_lcb_rho1_look,slip,tournament,3.0,lcb,1.0,look,cell,0.15,20.0,20,300,0.1308563118775677,0.011891225098519411,0.017594659592869436,0.09087238458657712,-0.0950283511872502,0.19659558298628232,0.9272785186767578,0.9272785186767578
output-boba-slip,tournament_k3_lcb_rho1_look,slip,tournament,3.0,lcb,1.0,look,cell,0.4,0.0,20,300,0.6790809991183233,0.1824118148199439,0.017594659592869436,0.2686156954130304,0.15336268089542038,0.40076153632435285,5.7220458984375e-06,4.57763671875e-05
output-boba-slip,tournament_k3_lcb_rho1_look,slip,tournament,3.0,lcb,1.0,look,cell,0.4,20.0,20,300,0.1273202266429922,-0.016585632154649026,0.017594659592869436,-0.13026706433028418,-0.37155984854705437,0.016457677661913035,0.069580078125,0.111328125
output-boba-slip,tournament_k3_lcb_rho1_look,slip,tournament,3.0,lcb,1.0,look,pooled,,,20,2400,0.19421049903686477,0.032374717508779675,0.017594659592869436,0.1666991108582361,0.09723294905046835,0.24736471633273852,0.0001049041748046875,
output-boba-slip,tournament_k3_lcb_rho1_post,slip,tournament,3.0,lcb,1.0,post,cell,0.01,0.0,20,300,0.018819485436881635,-0.016034887821464845,0.01760166771015066,-0.8520364637621998,-2.5278446326024686,-0.3968838003096412,0.000133514404296875,0.00026702880859375
output-boba-slip,tournament_k3_lcb_rho1_post,slip,tournament,3.0,lcb,1.0,post,cell,0.01,20.0,20,300,0.018798717767450672,-0.015474561766436357,0.01760166771015066,-0.8231711310241608,-1.712431438264318,-0.46695055488862286,0.0001049041748046875,0.00026702880859375
output-boba-slip,tournament_k3_lcb_rho1_post,slip,tournament,3.0,lcb,1.0,post,cell,0.05,0.0,20,300,0.15286905837119164,0.013295630330249488,0.01760166771015066,0.0869739793776022,-0.01819154106245924,0.20293208721745534,0.8123550415039062,0.8123550415039062
output-boba-slip,tournament_k3_lcb_rho1_post,slip,tournament,3.0,lcb,1.0,post,cell,0.05,20.0,20,300,0.09017329361888379,-0.001685851214507207,0.01760166771015066,-0.018695681912567534,-0.21712969851802044,0.12595478513777586,0.17685317993164062,0.202117919921875
output-boba-slip,tournament_k3_lcb_rho1_post,slip,tournament,3.0,lcb,1.0,post,cell,0.15,0.0,20,300,0.33576589946162727,0.042497044400983675,0.01760166771015066,0.12656748189474915,0.06905477975918808,0.1769183764929686,0.00365447998046875,0.00584716796875
output-boba-slip,tournament_k3_lcb_rho1_post,slip,tournament,3.0,lcb,1.0,post,cell,0.15,20.0,20,300,0.1308563118775677,-0.014296456273152175,0.01760166771015066,-0.10925308888827834,-0.29929874994250366,0.016406872594232052,0.03276824951171875,0.043690999348958336
output-boba-slip,tournament_k3_lcb_rho1_post,slip,tournament,3.0,lcb,1.0,post,cell,0.4,0.0,20,300,0.6790809991183233,0.14518852656134015,0.01760166771015066,0.21380148575772837,0.09586017872203201,0.35590728099503705,8.20159912109375e-05,0.00026702880859375
output-boba-slip,tournament_k3_lcb_rho1_post,slip,tournament,3.0,lcb,1.0,post,cell,0.4,20.0,20,300,0.1273202266429922,-0.060430692412960785,0.01760166771015066,-0.4746354448646195,-0.8049498727889938,-0.2803976004120349,1.33514404296875e-05,0.0001068115234375
output-boba-slip,tournament_k3_lcb_rho1_post,slip,tournament,3.0,lcb,1.0,post,pooled,,,20,2400,0.19421049903686477,0.011632343975506497,0.01760166771015066,0.05989554649822748,-0.0036354328639346266,0.14741913069324883,0.15364646911621094,
output-boba-slip,tournament_k3_obs_rho0.5_look,slip,tournament,3.0,obs,0.5,look,cell,0.01,0.0,20,300,0.018819485436881635,0.001017341252038335,0.00833622280689022,0.054057867599535556,-0.5974071907685227,0.33472666282348046,0.2305126190185547,0.2305126190185547
output-boba-slip,tournament_k3_obs_rho0.5_look,slip,tournament,3.0,obs,0.5,look,cell,0.01,20.0,20,300,0.018798717767450672,0.0006206373950560105,0.00833622280689022,0.03301487913875821,-0.6263765469365591,0.26897841660248656,0.21616744995117188,0.2305126190185547
output-boba-slip,tournament_k3_obs_rho0.5_look,slip,tournament,3.0,obs,0.5,look,cell,0.05,0.0,20,300,0.15286905837119164,0.04154721730034949,0.00833622280689022,0.2717830393084904,0.16171950542804975,0.36447368406101566,0.026641845703125,0.071044921875
output-boba-slip,tournament_k3_obs_rho0.5_look,slip,tournament,3.0,obs,0.5,look,cell,0.05,20.0,20,300,0.09017329361888379,0.03727301498211582,0.00833622280689022,0.4133487143061416,0.16285301860066675,0.5520682608170728,0.17685317993164062,0.2305126190185547
output-boba-slip,tournament_k3_obs_rho0.5_look,slip,tournament,3.0,obs,0.5,look,cell,0.15,0.0,20,300,0.33576589946162727,0.09216655155801512,0.00833622280689022,0.2744964622845754,0.16448174805987584,0.3941656079134524,0.0001049041748046875,0.00041961669921875
output-boba-slip,tournament_k3_obs_rho0.5_look,slip,tournament,3.0,obs,0.5,look,cell,0.15,20.0,20,300,0.1308563118775677,0.04107906176832868,0.00833622280689022,0.31392495462323006,0.10987943942923226,0.49053340037341675,0.10539817810058594,0.21079635620117188
output-boba-slip,tournament_k3_obs_rho0.5_look,slip,tournament,3.0,obs,0.5,look,cell,0.4,0.0,20,300,0.6790809991183233,0.21083584882556378,0.00833622280689022,0.3104723134637841,0.19190953926502935,0.4366370623335074,3.814697265625e-06,3.0517578125e-05
output-boba-slip,tournament_k3_obs_rho0.5_look,slip,tournament,3.0,obs,0.5,look,cell,0.4,20.0,20,300,0.1273202266429922,0.023555611381975157,0.00833622280689022,0.18501075597379701,0.008281665546461044,0.37457374663025034,0.13649771056887278,0.21839633691019644
output-boba-slip,tournament_k3_obs_rho0.5_look,slip,tournament,3.0,obs,0.5,look,pooled,,,20,2400,0.19421049903686477,0.05601191055793027,0.00833622280689022,0.28840825205489107,0.1914392883445577,0.39055421908488014,4.76837158203125e-05,
output-boba-slip,tournament_k3_obs_rho0.5_post,slip,tournament,3.0,obs,0.5,post,cell,0.01,0.0,20,300,0.018819485436881635,-0.007072686454543518,0.011164805877004571,-0.37581720702537197,-1.2615677860081274,-0.06996599844950435,0.005491205694554839,0.01464321518547957
output-boba-slip,tournament_k3_obs_rho0.5_post,slip,tournament,3.0,obs,0.5,post,cell,0.01,20.0,20,300,0.018798717767450672,-0.00681017413936989,0.011164805877004571,-0.3622680133621385,-1.1418707427011041,-0.07601663307965678,0.012079238891601562,0.024158477783203125
output-boba-slip,tournament_k3_obs_rho0.5_post,slip,tournament,3.0,obs,0.5,post,cell,0.05,0.0,20,300,0.15286905837119164,0.01856024502933283,0.011164805877004571,0.1214126993852834,0.01780792327642213,0.23586639524828926,0.1589900610113243,0.1817029268700849
output-boba-slip,tournament_k3_obs_rho0.5_post,slip,tournament,3.0,obs,0.5,post,cell,0.05,20.0,20,300,0.09017329361888379,0.02027464019590035,0.011164805877004571,0.224840852343609,0.07697933939566422,0.3185950326299694,0.06414936248047728,0.10263897996876366
output-boba-slip,tournament_k3_obs_rho0.5_post,slip,tournament,3.0,obs,0.5,post,cell,0.15,0.0,20,300,0.33576589946162727,0.047062941771559404,0.011164805877004571,0.14016593658564172,0.08852682504053937,0.19425554656708371,0.000209808349609375,0.001678466796875
output-boba-slip,tournament_k3_obs_rho0.5_post,slip,tournament,3.0,obs,0.5,post,cell,0.15,20.0,20,300,0.1308563118775677,0.010827308005181665,0.011164805877004571,0.08274196215549735,-0.07593039231149137,0.19584444351072844,0.5705966949462891,0.5705966949462891
output-boba-slip,tournament_k3_obs_rho0.5_post,slip,tournament,3.0,obs,0.5,post,cell,0.4,0.0,20,300,0.6790809991183233,0.1319183324594547,0.011164805877004571,0.19426008477741136,0.07595925474455784,0.33368883714721126,0.001209259033203125,0.0048370361328125
output-boba-slip,tournament_k3_obs_rho0.5_post,slip,tournament,3.0,obs,0.5,post,cell,0.4,20.0,20,300,0.1273202266429922,-0.012823926279312642,0.011164805877004571,-0.10072183043838841,-0.29770400949188425,0.025223016901873084,0.10539817810058594,0.1405309041341146
output-boba-slip,tournament_k3_obs_rho0.5_post,slip,tournament,3.0,obs,0.5,post,pooled,,,20,2400,0.19421049903686477,0.02524208507352535,0.011164805877004571,0.1299728140275976,0.06559203242365652,0.21195808375204403,3.62396240234375e-05,
output-boba-slip,tournament_k3_obs_rho1_look,slip,tournament,3.0,obs,1.0,look,cell,0.01,0.0,20,300,0.018819485436881635,-0.0010751981382623684,0.010546465427370571,-0.05713217515263411,-0.9632293224065497,0.2327330921958068,0.1230926513671875,0.2123626708984375
output-boba-slip,tournament_k3_obs_rho1_look,slip,tournament,3.0,obs,1.0,look,cell,0.01,20.0,20,300,0.018798717767450672,-0.0037538365888625394,0.010546465427370571,-0.19968577832272036,-1.2234793830936264,0.11143080666001072,0.08969497680664062,0.2123626708984375
output-boba-slip,tournament_k3_obs_rho1_look,slip,tournament,3.0,obs,1.0,look,cell,0.05,0.0,20,300,0.15286905837119164,0.03671354957542824,0.010546465427370571,0.24016337881981062,0.09724377258257974,0.3398707601645113,0.13272666931152344,0.2123626708984375
output-boba-slip,tournament_k3_obs_rho1_look,slip,tournament,3.0,obs,1.0,look,cell,0.05,20.0,20,300,0.09017329361888379,0.03271955210772569,0.010546465427370571,0.36285191318412335,0.06344460274227186,0.5108947735215519,0.40909767150878906,0.46754019601004465
output-boba-slip,tournament_k3_obs_rho1_look,slip,tournament,3.0,obs,1.0,look,cell,0.15,0.0,20,300,0.33576589946162727,0.08418030700763826,0.010546465427370571,0.2507113055334517,0.13748479959584,0.3723771722999392,0.0005855560302734375,0.00234222412109375
output-boba-slip,tournament_k3_obs_rho1_look,slip,tournament,3.0,obs,1.0,look,cell,0.15,20.0,20,300,0.1308563118775677,0.03631767806002055,0.010546465427370571,0.27753860351803467,0.058506021492968706,0.45237563573265654,0.2305126190185547,0.30735015869140625
output-boba-slip,tournament_k3_obs_rho1_look,slip,tournament,3.0,obs,1.0,look,cell,0.4,0.0,20,300,0.6790809991183233,0.20250953143805414,0.010546465427370571,0.29821115846413015,0.17892148046981368,0.4194819614880315,9.5367431640625e-06,7.62939453125e-05
output-boba-slip,tournament_k3_obs_rho1_look,slip,tournament,3.0,obs,1.0,look,cell,0.4,20.0,20,300,0.1273202266429922,0.0157508901399644,0.010546465427370571,0.12371082392218898,-0.09735101331398134,0.33022677311089565,0.5196565532398361,0.5196565532398361
output-boba-slip,tournament_k3_obs_rho1_look,slip,tournament,3.0,obs,1.0,look,pooled,,,20,2400,0.19421049903686477,0.05042030920021329,0.010546465427370571,0.25961680470550963,0.15893174394839044,0.3630171535771166,0.0003223419189453125,
output-boba-slip,tournament_k3_obs_rho1_post,slip,tournament,3.0,obs,1.0,post,cell,0.01,0.0,20,300,0.018819485436881635,-0.008079705616322711,0.012608052648638526,-0.4293265957467915,-1.415958815986228,-0.10749833282245141,0.001689910888671875,0.004506429036458333
output-boba-slip,tournament_k3_obs_rho1_post,slip,tournament,3.0,obs,1.0,post,cell,0.01,20.0,20,300,0.018798717767450672,-0.0068738657430158,0.012608052648638526,-0.3656560957001897,-1.179090484011638,-0.08850038782503662,0.0072956085205078125,0.014591217041015625
output-boba-slip,tournament_k3_obs_rho1_post,slip,tournament,3.0,obs,1.0,post,cell,0.05,0.0,20,300,0.15286905837119164,0.01656974707247929,0.012608052648638526,0.10839176514219884,0.008282389175962227,0.21814603723267334,0.2772406362261136,0.3168464414012727
output-boba-slip,tournament_k3_obs_rho1_post,slip,tournament,3.0,obs,1.0,post,cell,0.05,20.0,20,300,0.09017329361888379,0.013145532413249478,0.012608052648638526,0.14578077261776523,0.04197434038758067,0.23232742282538593,0.1230926513671875,0.19054158528645834
output-boba-slip,tournament_k3_obs_rho1_post,slip,tournament,3.0,obs,1.0,post,cell,0.15,0.0,20,300,0.33576589946162727,0.04493641212824167,0.012608052648638526,0.13383256667902688,0.0798368458665687,0.19016433201278718,0.0014324188232421875,0.004506429036458333
output-boba-slip,tournament_k3_obs_rho1_post,slip,tournament,3.0,obs,1.0,post,cell,0.15,20.0,20,300,0.1308563118775677,0.008251482240978086,0.012608052648638526,0.06305757913075198,-0.0922672893221922,0.17040656942214513,0.40909767150878906,0.40909767150878906
output-boba-slip,tournament_k3_obs_rho1_post,slip,tournament,3.0,obs,1.0,post,cell,0.4,0.0,20,300,0.6790809991183233,0.13053679081160566,0.012608052648638526,0.19222565641077652,0.07552874051695725,0.329635826111654,0.0014324188232421875,0.004506429036458333
output-boba-slip,tournament_k3_obs_rho1_post,slip,tournament,3.0,obs,1.0,post,cell,0.4,20.0,20,300,0.1273202266429922,-0.009978287152745766,0.012608052648638526,-0.07837157862375654,-0.28587288461722704,0.06908386576606611,0.14290618896484375,0.19054158528645834
output-boba-slip,tournament_k3_obs_rho1_post,slip,tournament,3.0,obs,1.0,post,pooled,,,20,2400,0.19421049903686477,0.023563513269308733,0.012608052648638526,0.12132976016315132,0.05763748260359716,0.2018221478819194,0.0007076263427734375,
output-boba-slip,tournament_k5_lcb_rho0.5_look,slip,tournament,5.0,lcb,0.5,look,cell,0.01,0.0,20,300,0.018819485436881635,-0.009002210649459455,0.018637715893765068,-0.4783452066025834,-2.1435199834448135,-0.17771686315838714,8.20159912109375e-05,0.00021870930989583334
output-boba-slip,tournament_k5_lcb_rho0.5_look,slip,tournament,5.0,lcb,0.5,look,cell,0.01,20.0,20,300,0.018798717767450672,-0.010966085738929526,0.018637715893765068,-0.5833422191122484,-1.7844789950426656,-0.21763586914544794,0.000209808349609375,0.00041961669921875
output-boba-slip,tournament_k5_lcb_rho0.5_look,slip,tournament,5.0,lcb,0.5,look,cell,0.05,0.0,20,300,0.15286905837119164,0.03640372755949035,0.018637715893765068,0.23813666380475773,0.14326460617936043,0.3035978282357782,0.03276824951171875,0.05242919921875
output-boba-slip,tournament_k5_lcb_rho0.5_look,slip,tournament,5.0,lcb,0.5,look,cell,0.05,20.0,20,300,0.09017329361888379,0.025718432886822525,0.018637715893765068,0.28521119562873165,0.07211685672711712,0.4166182040516964,0.36827659606933594,0.42088753836495535
output-boba-slip,tournament_k5_lcb_rho0.5_look,slip,tournament,5.0,lcb,0.5,look,cell,0.15,0.0,20,300,0.33576589946162727,0.09565310407528238,0.018637715893765068,0.2848803414183935,0.20456380926369827,0.35966572265579394,1.9073486328125e-05,7.62939453125e-05
output-boba-slip,tournament_k5_lcb_rho0.5_look,slip,tournament,5.0,lcb,0.5,look,cell,0.15,20.0,20,300,0.1308563118775677,0.03712258225304592,0.018637715893765068,0.2836896571544726,0.10625578299274217,0.3923335720786001,0.14290618896484375,0.19054158528645834
output-boba-slip,tournament_k5_lcb_rho0.5_look,slip,tournament,5.0,lcb,0.5,look,cell,0.4,0.0,20,300,0.6790809991183233,0.24824040926732588,0.018637715893765068,0.36555346061754906,0.24370774663113712,0.4830363674492702,1.9073486328125e-06,1.52587890625e-05
output-boba-slip,tournament_k5_lcb_rho0.5_look,slip,tournament,5.0,lcb,0.5,look,cell,0.4,20.0,20,300,0.1273202266429922,0.010964149570116615,0.018637715893765068,0.086114750650423,-0.12579027816599886,0.23029339443002173,0.9272785186767578,0.9272785186767578
output-boba-slip,tournament_k5_lcb_rho0.5_look,slip,tournament,5.0,lcb,0.5,look,pooled,,,20,2400,0.19421049903686477,0.05426676365296183,0.018637715893765068,0.2794223995205377,0.20179467035778462,0.35712779003977324,1.9073486328125e-05,
output-boba-slip,tournament_k5_lcb_rho0.5_post,slip,tournament,5.0,lcb,0.5,post,cell,0.01,0.0,20,300,0.018819485436881635,-0.020565827859763484,0.021671557313988725,-1.0927943768037058,-2.905177123496968,-0.5129113059643832,1.9073486328125e-06,1.52587890625e-05
output-boba-slip,tournament_k5_lcb_rho0.5_post,slip,tournament,5.0,lcb,0.5,post,cell,0.01,20.0,20,300,0.018798717767450672,-0.022170960770738154,0.021671557313988725,-1.1793868627107325,-2.793725757374157,-0.6354228191475089,8.20159912109375e-05,0.0001312255859375
output-boba-slip,tournament_k5_lcb_rho0.5_post,slip,tournament,5.0,lcb,0.5,post,cell,0.05,0.0,20,300,0.15286905837119164,0.010203381153259689,0.021671557313988725,0.06674588868392303,-0.02553136290500729,0.17418703194787957,0.3117942810058594,0.35633632114955355
output-boba-slip,tournament_k5_lcb_rho0.5_post,slip,tournament,5.0,lcb,0.5,post,cell,0.05,20.0,20,300,0.09017329361888379,-0.010584540755142475,0.021671557313988725,-0.11737999501135994,-0.41474364011998316,0.13143942810164555,0.19783306556714142,0.26377742075618854
output-boba-slip,tournament_k5_lcb_rho0.5_post,slip,tournament,5.0,lcb,0.5,post,cell,0.15,0.0,20,300,0.33576589946162727,0.05789069342679378,0.021671557313988725,0.1724138559621948,0.11449998643981467,0.22912688150483154,1.33514404296875e-05,5.0862630208333336e-05
output-boba-slip,tournament_k5_lcb_rho0.5_post,slip,tournament,5.0,lcb,0.5,post,cell,0.15,20.0,20,300,0.1308563118775677,0.005309041835226796,0.021671557313988725,0.04057153804085556,-0.12083424994301983,0.13784530092141573,0.5458755493164062,0.5458755493164062
output-boba-slip,tournament_k5_lcb_rho0.5_post,slip,tournament,5.0,lcb,0.5,post,cell,0.4,0.0,20,300,0.6790809991183233,0.1703459666390265,0.021671557313988725,0.250847788202281,0.13240925439277282,0.3822628328137784,1.9073486328125e-05,5.0862630208333336e-05
output-boba-slip,tournament_k5_lcb_rho0.5_post,slip,tournament,5.0,lcb,0.5,post,cell,0.4,20.0,20,300,0.1273202266429922,-0.060928656233654045,0.021671557313988725,-0.4785465580775229,-0.7750440562510594,-0.29359775303306446,3.62396240234375e-05,7.2479248046875e-05
output-boba-slip,tournament_k5_lcb_rho0.5_post,slip,tournament,5.0,lcb,0.5,post,pooled,,,20,2400,0.19421049903686477,0.016187387179376084,0.021671557313988725,0.0833497017908564,0.018344758055847014,0.1718224915530639,0.013616561889648438,
output-boba-slip,tournament_k5_lcb_rho1_look,slip,tournament,5.0,lcb,1.0,look,cell,0.01,0.0,20,300,0.018819485436881635,-0.014459074797057233,0.024263507259652116,-0.7683034079518958,-3.1276091815657368,-0.3340159260753917,1.9073486328125e-05,5.0862630208333336e-05
output-boba-slip,tournament_k5_lcb_rho1_look,slip,tournament,5.0,lcb,1.0,look,cell,0.01,20.0,20,300,0.018798717767450672,-0.015245083290100317,0.024263507259652116,-0.810963996517712,-2.3581721444475394,-0.37566786074196346,5.7220458984375e-06,2.288818359375e-05
output-boba-slip,tournament_k5_lcb_rho1_look,slip,tournament,5.0,lcb,1.0,look,cell,0.05,0.0,20,300,0.15286905837119164,0.031332981376586314,0.024263507259652116,0.20496614364238835,0.08610178011155871,0.2789795979983071,0.13272666931152344,0.2123626708984375
output-boba-slip,tournament_k5_lcb_rho1_look,slip,tournament,5.0,lcb,1.0,look,cell,0.05,20.0,20,300,0.09017329361888379,0.019971269449722842,0.024263507259652116,0.2214765441986753,-0.030136870633176462,0.35832015672336054,0.8694877624511719,0.8694877624511719
output-boba-slip,tournament_k5_lcb_rho1_look,slip,tournament,5.0,lcb,1.0,look,cell,0.15,0.0,20,300,0.33576589946162727,0.08671097643400502,0.024263507259652116,0.2582483110197875,0.172071903440474,0.33709759845427784,0.0010166168212890625,0.002033233642578125
output-boba-slip,tournament_k5_lcb_rho1_look,slip,tournament,5.0,lcb,1.0,look,cell,0.15,20.0,20,300,0.1308563118775677,0.02908049374082951,0.024263507259652116,0.22223225860161733,-0.002714453499370236,0.3462170050990117,0.2942523956298828,0.37712315150669645
output-boba-slip,tournament_k5_lcb_rho1_look,slip,tournament,5.0,lcb,1.0,look,cell,0.4,0.0,20,300,0.6790809991183233,0.2347205978582129,0.024263507259652116,0.34564447858644193,0.23206928446670302,0.4586198770022712,1.9073486328125e-06,1.52587890625e-05
output-boba-slip,tournament_k5_lcb_rho1_look,slip,tournament,5.0,lcb,1.0,look,cell,0.4,20.0,20,300,0.1273202266429922,-0.001808514934651774,0.024263507259652116,-0.014204458964111622,-0.31548107331751213,0.16700087231309416,0.3299827575683594,0.37712315150669645
output-boba-slip,tournament_k5_lcb_rho1_look,slip,tournament,5.0,lcb,1.0,look,pooled,,,20,2400,0.19421049903686477,0.046287955729693395,0.024263507259652116,0.23833910092011595,0.15853006978019485,0.312904300606823,0.0002613067626953125,
output-boba-slip,tournament_k5_lcb_rho1_post,slip,tournament,5.0,lcb,1.0,post,cell,0.01,0.0,20,300,0.018819485436881635,-0.023472192324955704,0.023539477341595165,-1.2472281669803729,-3.5884168505854785,-0.628210005166522,1.9073486328125e-06,1.52587890625e-05
output-boba-slip,tournament_k5_lcb_rho1_post,slip,tournament,5.0,lcb,1.0,post,cell,0.01,20.0,20,300,0.018798717767450672,-0.02599181913384264,0.023539477341595165,-1.3826378721875687,-3.346879621826877,-0.7575601192516355,8.20159912109375e-05,0.000164031982421875
output-boba-slip,tournament_k5_lcb_rho1_post,slip,tournament,5.0,lcb,1.0,post,cell,0.05,0.0,20,300,0.15286905837119164,0.006268418328792659,0.023539477341595165,0.041005147775371856,-0.06398037009771844,0.1506465340654884,0.6476554870605469,0.6476554870605469
output-boba-slip,tournament_k5_lcb_rho1_post,slip,tournament,5.0,lcb,1.0,post,cell,0.05,20.0,20,300,0.09017329361888379,-0.011291879835499632,0.023539477341595165,-0.12522421420276175,-0.43785242688345066,0.13325322679409352,0.17123878524909952,0.2283183803321327
output-boba-slip,tournament_k5_lcb_rho1_post,slip,tournament,5.0,lcb,1.0,post,cell,0.15,0.0,20,300,0.33576589946162727,0.05439298790089973,0.023539477341595165,0.16199676020737772,0.0998984483537911,0.21821871232533163,0.0003223419189453125,0.0005157470703125
output-boba-slip,tournament_k5_lcb_rho1_post,slip,tournament,5.0,lcb,1.0,post,cell,0.15,20.0,20,300,0.1308563118775677,0.002224243162751682,0.023539477341595165,0.016997599357933435,-0.1741548709440172,0.12729696710928506,0.40909767150878906,0.46754019601004465
output-boba-slip,tournament_k5_lcb_rho1_post,slip,tournament,5.0,lcb,1.0,post,cell,0.4,0.0,20,300,0.6790809991183233,0.16247180597621097,0.023539477341595165,0.23925246942140083,0.13020673080733647,0.3604234690857581,1.9073486328125e-05,7.120768229166667e-05
output-boba-slip,tournament_k5_lcb_rho1_post,slip,tournament,5.0,lcb,1.0,post,cell,0.4,20.0,20,300,0.1273202266429922,-0.06295282672010628,0.023539477341595165,-0.4944448213764726,-0.7977090014039758,-0.3042873585511489,2.6702880859375e-05,7.120768229166667e-05
output-boba-slip,tournament_k5_lcb_rho1_post,slip,tournament,5.0,lcb,1.0,post,pooled,,,20,2400,0.19421049903686477,0.012706092169281336,0.023539477341595172,0.06542433201239796,0.005165502756622167,0.14301879822386288,0.082550048828125,
output-boba-slip,tournament_k5_obs_rho0.5_look,slip,tournament,5.0,obs,0.5,look,cell,0.01,0.0,20,300,0.018819485436881635,-0.002967394024134001,0.012865404299165708,-0.15767668218593411,-1.512669423532526,0.20371386351256282,0.11398696899414062,0.15198262532552084
output-boba-slip,tournament_k5_obs_rho0.5_look,slip,tournament,5.0,obs,0.5,look,cell,0.01,20.0,20,300,0.018798717767450672,-0.0032800722417023363,0.012865404299165708,-0.1744838282205432,-1.1180877083057676,0.13519910127359497,0.058258056640625,0.11651611328125
output-boba-slip,tournament_k5_obs_rho0.5_look,slip,tournament,5.0,obs,0.5,look,cell,0.05,0.0,20,300,0.15286905837119164,0.05348208073135703,0.012865404299165708,0.3498554992174649,0.21472803337727664,0.48120591873446256,0.00830841064453125,0.02215576171875
output-boba-slip,tournament_k5_obs_rho0.5_look,slip,tournament,5.0,obs,0.5,look,cell,0.05,20.0,20,300,0.09017329361888379,0.038396871113333245,0.012865404299165708,0.42581200677461223,0.15439463350827132,0.573477440621606,0.21616744995117188,0.21616744995117188
output-boba-slip,tournament_k5_obs_rho0.5_look,slip,tournament,5.0,obs,0.5,look,cell,0.15,0.0,20,300,0.33576589946162727,0.11389664464544835,0.012865404299165708,0.339214449198302,0.2279884951108506,0.46118256320769624,1.33514404296875e-05,5.340576171875e-05
output-boba-slip,tournament_k5_obs_rho0.5_look,slip,tournament,5.0,obs,0.5,look,cell,0.15,20.0,20,300,0.1308563118775677,0.04641090485279808,0.012865404299165708,0.3546707391250736,0.13074826522835695,0.5403970158323758,0.08969497680664062,0.143511962890625
output-boba-slip,tournament_k5_obs_rho0.5_look,slip,tournament,5.0,obs,0.5,look,cell,0.4,0.0,20,300,0.6790809991183233,0.24987379454811548,0.012865404299165708,0.3679587484740939,0.2532206278970857,0.48101182575754853,1.9073486328125e-06,1.52587890625e-05
output-boba-slip,tournament_k5_obs_rho0.5_look,slip,tournament,5.0,obs,0.5,look,cell,0.4,20.0,20,300,0.1273202266429922,0.024738184789858796,0.012865404299165708,0.19429893774242982,0.0144064505770703,0.39728100988950393,0.13649771056887278,0.15599738350728318
output-boba-slip,tournament_k5_obs_rho0.5_look,slip,tournament,5.0,obs,0.5,look,pooled,,,20,2400,0.19421049903686477,0.06506887680188433,0.012865404299165707,0.33504304414321623,0.23566141306730753,0.4381262243813106,1.9073486328125e-05,
output-boba-slip,tournament_k5_obs_rho0.5_post,slip,tournament,5.0,obs,0.5,post,cell,0.01,0.0,20,300,0.018819485436881635,-0.009403026189474877,0.017305307484895976,-0.49964310772531656,-1.6881986496086363,-0.2008152331375354,0.0001049041748046875,0.0002797444661458333
output-boba-slip,tournament_k5_obs_rho0.5_post,slip,tournament,5.0,obs,0.5,post,cell,0.01,20.0,20,300,0.018798717767450672,-0.010331709602569007,0.017305307484895976,-0.549596506015852,-1.5154118961980712,-0.23939265643076194,0.000209808349609375,0.00041961669921875
output-boba-slip,tournament_k5_obs_rho0.5_post,slip,tournament,5.0,obs,0.5,post,cell,0.05,0.0,20,300,0.15286905837119164,0.024377892328007918,0.017305307484895976,0.1594691076647723,0.024351556225557795,0.3407314202827349,0.017181396484375,0.027490234375
output-boba-slip,tournament_k5_obs_rho0.5_post,slip,tournament,5.0,obs,0.5,post,cell,0.05,20.0,20,300,0.09017329361888379,0.018055758297299974,0.017305307484895976,0.20023398916327037,0.02090819777645908,0.30817665443767844,0.29542405582364173,0.29542405582364173
output-boba-slip,tournament_k5_obs_rho0.5_post,slip,tournament,5.0,obs,0.5,post,cell,0.15,0.0,20,300,0.33576589946162727,0.06512484342383475,0.017305307484895976,0.19395907543993307,0.1333262596780235,0.2534619304398267,1.33514404296875e-05,5.340576171875e-05
output-boba-slip,tournament_k5_obs_rho0.5_post,slip,tournament,5.0,obs,0.5,post,cell,0.15,20.0,20,300,0.1308563118775677,0.012095103366890674,0.017305307484895976,0.09243041618204205,-0.07643035255295005,0.21687392267573052,0.26109886169433594,0.29542405582364173
output-boba-slip,tournament_k5_obs_rho0.5_post,slip,tournament,5.0,obs,0.5,post,cell,0.4,0.0,20,300,0.6790809991183233,0.15778077223985437,0.017305307484895976,0.2323445545446083,0.12473756655998157,0.36429831277962066,9.5367431640625e-06,5.340576171875e-05
output-boba-slip,tournament_k5_obs_rho0.5_post,slip,tournament,5.0,obs,0.5,post,cell,0.4,20.0,20,300,0.1273202266429922,-0.014672198350272076,0.017305307484895976,-0.1152385503633538,-0.3058291828975368,0.026010904419299038,0.023950576782226562,0.031934102376302086
output-boba-slip,tournament_k5_obs_rho0.5_post,slip,tournament,5.0,obs,0.5,post,pooled,,,20,2400,0.19421049903686477,0.03037842943919645,0.017305307484895976,0.15642011935425829,0.085151977400485,0.24290094474306526,1.33514404296875e-05,
output-boba-slip,tournament_k5_obs_rho1_look,slip,tournament,5.0,obs,1.0,look,cell,0.01,0.0,20,300,0.018819485436881635,-0.007913290113245399,0.01824124594391135,-0.42048387240903334,-2.491779201515483,0.056110275068505515,0.012079238891601562,0.0322113037109375
output-boba-slip,tournament_k5_obs_rho1_look,slip,tournament,5.0,obs,1.0,look,cell,0.01,20.0,20,300,0.018798717767450672,-0.007531936236087831,0.01824124594391135,-0.4006622328853257,-1.649317869569399,-0.040489189057541904,0.023950576782226562,0.047901153564453125
output-boba-slip,tournament_k5_obs_rho1_look,slip,tournament,5.0,obs,1.0,look,cell,0.05,0.0,20,300,0.15286905837119164,0.04690505204934427,0.01824124594391135,0.30683156257462485,0.14710956807529443,0.43108201057419243,0.03276824951171875,0.05242919921875
output-boba-slip,tournament_k5_obs_rho1_look,slip,tournament,5.0,obs,1.0,look,cell,0.05,20.0,20,300,0.09017329361888379,0.03422820330408827,0.01824124594391135,0.3795824897863142,0.06425725513235266,0.5428153809966411,0.47490501403808594,0.5427485874720982
output-boba-slip,tournament_k5_obs_rho1_look,slip,tournament,5.0,obs,1.0,look,cell,0.15,0.0,20,300,0.33576589946162727,0.10497569823326378,0.01824124594391135,0.3126455021239012,0.19162249313250548,0.4386487593832451,0.0005855560302734375,0.00234222412109375
output-boba-slip,tournament_k5_obs_rho1_look,slip,tournament,5.0,obs,1.0,look,cell,0.15,20.0,20,300,0.1308563118775677,0.03858296652805733,0.01824124594391135,0.2948498698645617,0.04367437918081466,0.48752516175572647,0.2773551940917969,0.3698069254557292
output-boba-slip,tournament_k5_obs_rho1_look,slip,tournament,5.0,obs,1.0,look,cell,0.4,0.0,20,300,0.6790809991183233,0.2382276604747633,0.01824124594391135,0.35080890318542757,0.2408305461693126,0.4585773899470559,1.9073486328125e-06,1.52587890625e-05
output-boba-slip,tournament_k5_obs_rho1_look,slip,tournament,5.0,obs,1.0,look,cell,0.4,20.0,20,300,0.1273202266429922,0.014647340941574796,0.01824124594391135,0.11504331501581565,-0.102095782251134,0.3284074403209139,0.9679000486136345,0.9679000486136345
output-boba-slip,tournament_k5_obs_rho1_look,slip,tournament,5.0,obs,1.0,look,pooled,,,20,2400,0.19421049903686477,0.05776521189771981,0.018241245943911348,0.2974360921999119,0.19445667756700877,0.403498875418306,0.0001049041748046875,
output-boba-slip,tournament_k5_obs_rho1_post,slip,tournament,5.0,obs,1.0,post,cell,0.01,0.0,20,300,0.018819485436881635,-0.012713100537461188,0.019083525378532716,-0.6755285940255619,-2.3448623551583765,-0.2947111531092255,6.29425048828125e-05,0.0001678466796875
output-boba-slip,tournament_k5_obs_rho1_post,slip,tournament,5.0,obs,1.0,post,cell,0.01,20.0,20,300,0.018798717767450672,-0.013391036170044463,0.019083525378532716,-0.7123377421640202,-1.9380283332602122,-0.3516284390096754,9.5367431640625e-06,3.814697265625e-05
output-boba-slip,tournament_k5_obs_rho1_post,slip,tournament,5.0,obs,1.0,post,cell,0.05,0.0,20,300,0.15286905837119164,0.02340679141778271,0.019083525378532716,0.15311660624576562,0.007677325929840434,0.32751020410018833,0.09730720520019531,0.1297429402669271
output-boba-slip,tournament_k5_obs_rho1_post,slip,tournament,5.0,obs,1.0,post,cell,0.05,20.0,20,300,0.09017329361888379,0.015999119983262467,0.019083525378532716,0.1774263680650563,-0.033928386512812984,0.2948658936364421,0.6580087852326646,0.6580087852326646
output-boba-slip,tournament_k5_obs_rho1_post,slip,tournament,5.0,obs,1.0,post,cell,0.15,0.0,20,300,0.33576589946162727,0.06304631438057125,0.019083525378532716,0.18776866406523346,0.12549288371673617,0.24688903811513255,0.000209808349609375,0.00041961669921875
output-boba-slip,tournament_k5_obs_rho1_post,slip,tournament,5.0,obs,1.0,post,cell,0.15,20.0,20,300,0.1308563118775677,0.01185115473223168,0.019083525378532716,0.09056616805248115,-0.08069123011707004,0.21907335316457302,0.38837623596191406,0.44385855538504465
output-boba-slip,tournament_k5_obs_rho1_post,slip,tournament,5.0,obs,1.0,post,cell,0.4,0.0,20,300,0.6790809991183233,0.15527213858644168,0.019083525378532716,0.22865039485427718,0.12196519221294658,0.3614302204071098,9.5367431640625e-06,3.814697265625e-05
output-boba-slip,tournament_k5_obs_rho1_post,slip,tournament,5.0,obs,1.0,post,cell,0.4,20.0,20,300,0.1273202266429922,-0.01816399763179748,0.019083525378532716,-0.1426638807573725,-0.3460059382110246,0.0060665036509143936,0.00485992431640625,0.00777587890625
output-boba-slip,tournament_k5_obs_rho1_post,slip,tournament,5.0,obs,1.0,post,pooled,,,20,2400,0.19421049903686477,0.02816342309512333,0.019083525378532716,0.14501493603482984,0.07318659814619005,0.23033534488262863,0.0002613067626953125,
