dataset,acquisition,seed,error_model,jitter_std,jitter_iteration,variant,budget,k,tolerance,extra,censored,multiplier
ackley,logei,10,slip,0.01,0,rerate3x2,50,10,0.01,6.0,False,1.6
ackley,logei,10,slip,0.01,0,rerate3x2,50,25,0.01,17.0,False,1.68
ackley,logei,10,slip,0.05,0,rerate3x2,50,10,0.01,0.0,False,1.0
ackley,logei,10,slip,0.05,0,rerate3x2,50,25,0.01,30.0,True,2.2
ackley,logei,10,slip,0.15,0,rerate3x2,50,10,0.01,-5.0,False,0.5
ackley,logei,10,slip,0.15,0,rerate3x2,50,25,0.01,30.0,True,2.2
ackley,logei,10,slip,0.4,0,rerate3x2,50,10,0.01,5.0,False,1.5
ackley,logei,10,slip,0.4,0,rerate3x2,50,25,0.01,30.0,True,2.2
ackley,logei,10,slip,0.01,20,rerate3x2,50,10,0.01,0.0,False,1.0
ackley,logei,10,slip,0.01,20,rerate3x2,50,25,0.01,0.0,False,1.0
ackley,logei,10,slip,0.05,20,rerate3x2,50,10,0.01,0.0,False,1.0
ackley,logei,10,slip,0.05,20,rerate3x2,50,25,0.01,0.0,False,1.0
ackley,logei,10,slip,0.15,20,rerate3x2,50,10,0.01,0.0,False,1.0
ackley,logei,10,slip,0.15,20,rerate3x2,50,25,0.01,0.0,False,1.0
ackley,logei,10,slip,0.4,20,rerate3x2,50,10,0.01,0.0,False,1.0
ackley,logei,10,slip,0.4,20,rerate3x2,50,25,0.01,0.0,False,1.0
ackley,logei,11,slip,0.01,0,rerate3x2,50,10,0.01,10.0,False,2.0
ackley,logei,11,slip,0.01,0,rerate3x2,50,25,0.01,-3.0,False,0.88
ackley,logei,11,slip,0.05,0,rerate3x2,50,10,0.01,2.0,False,1.2
ackley,logei,11,slip,0.05,0,rerate3x2,50,25,0.01,-11.0,False,0.56
ackley,logei,11,slip,0.15,0,rerate3x2,50,10,0.01,10.0,False,2.0
ackley,logei,11,slip,0.15,0,rerate3x2,50,25,0.01,-3.0,False,0.88
ackley,logei,11,slip,0.4,0,rerate3x2,50,10,0.01,-4.0,False,0.6
ackley,logei,11,slip,0.4,0,rerate3x2,50,25,0.01,-17.0,False,0.32
ackley,logei,11,slip,0.01,20,rerate3x2,50,10,0.01,0.0,False,1.0
ackley,logei,11,slip,0.01,20,rerate3x2,50,25,0.01,0.0,False,1.0
ackley,logei,11,slip,0.05,20,rerate3x2,50,10,0.01,0.0,False,1.0
ackley,logei,11,slip,0.05,20,rerate3x2,50,25,0.01,0.0,False,1.0
ackley,logei,11,slip,0.15,20,rerate3x2,50,10,0.01,0.0,False,1.0
ackley,logei,11,slip,0.15,20,rerate3x2,50,25,0.01,0.0,False,1.0
ackley,logei,11,slip,0.4,20,rerate3x2,50,10,0.01,0.0,False,1.0
ackley,logei,11,slip,0.4,20,rerate3x2,50,25,0.01,0.0,False,1.0
ackley,logei,7,slip,0.01,0,rerate3x2,50,10,0.01,-4.0,False,0.6
ackley,logei,7,slip,0.01,0,rerate3x2,50,25,0.01,25.0,False,2.0
ackley,logei,7,slip,0.05,0,rerate3x2,50,10,0.01,1.0,False,1.1
ackley,logei,7,slip,0.05,0,rerate3x2,50,25,0.01,29.0,True,2.16
ackley,logei,7,slip,0.15,0,rerate3x2,50,10,0.01,0.0,False,1.0
ackley,logei,7,slip,0.15,0,rerate3x2,50,25,0.01,29.0,True,2.16
ackley,logei,7,slip,0.4,0,rerate3x2,50,10,0.01,42.0,True,5.2
ackley,logei,7,slip,0.4,0,rerate3x2,50,25,0.01,29.0,True,2.16
ackley,logei,7,slip,0.01,20,rerate3x2,50,10,0.01,0.0,False,1.0
ackley,logei,7,slip,0.01,20,rerate3x2,50,25,0.01,0.0,False,1.0
ackley,logei,7,slip,0.05,20,rerate3x2,50,10,0.01,0.0,False,1.0
ackley,logei,7,slip,0.05,20,rerate3x2,50,25,0.01,29.0,True,2.16
ackley,logei,7,slip,0.15,20,rerate3x2,50,10,0.01,0.0,False,1.0
ackley,logei,7,slip,0.15,20,rerate3x2,50,25,0.01,29.0,True,2.16
ackley,logei,7,slip,0.4,20,rerate3x2,50,10,0.01,0.0,False,1.0
ackley,logei,7,slip,0.4,20,rerate3x2,50,25,0.01,29.0,True,2.16
ackley,logei,8,slip,0.01,0,rerate3x2,50,10,0.01,3.0,False,1.3
ackley,logei,8,slip,0.01,0,rerate3x2,50,25,0.01,6.0,False,1.24
ackley,logei,8,slip,0.05,0,rerate3x2,50,10,0.01,0.0,False,1.0
ackley,logei,8,slip,0.05,0,rerate3x2,50,25,0.01,21.0,False,1.84
ackley,logei,8,slip,0.15,0,rerate3x2,50,10,0.01,-3.0,False,0.7
ackley,logei,8,slip,0.15,0,rerate3x2,50,25,0.01,26.0,True,2.04
ackley,logei,8,slip,0.4,0,rerate3x2,50,10,0.01,45.0,True,5.5
ackley,logei,8,slip,0.4,0,rerate3x2,50,25,0.01,26.0,True,2.04
ackley,logei,8,slip,0.01,20,rerate3x2,50,10,0.01,0.0,False,1.0
ackley,logei,8,slip,0.01,20,rerate3x2,50,25,0.01,2.0,False,1.08
ackley,logei,8,slip,0.05,20,rerate3x2,50,10,0.01,0.0,False,1.0
ackley,logei,8,slip,0.05,20,rerate3x2,50,25,0.01,10.0,False,1.4
ackley,logei,8,slip,0.15,20,rerate3x2,50,10,0.01,0.0,False,1.0
ackley,logei,8,slip,0.15,20,rerate3x2,50,25,0.01,26.0,True,2.04
ackley,logei,8,slip,0.4,20,rerate3x2,50,10,0.01,0.0,False,1.0
ackley,logei,8,slip,0.4,20,rerate3x2,50,25,0.01,26.0,True,2.04
ackley,logei,9,slip,0.01,0,rerate3x2,50,10,0.01,3.0,False,1.3
ackley,logei,9,slip,0.01,0,rerate3x2,50,25,0.01,3.0,False,1.12
ackley,logei,9,slip,0.05,0,rerate3x2,50,10,0.01,-2.0,False,0.8
ackley,logei,9,slip,0.05,0,rerate3x2,50,25,0.01,12.0,False,1.48
ackley,logei,9,slip,0.15,0,rerate3x2,50,10,0.01,13.0,False,2.3
ackley,logei,9,slip,0.15,0,rerate3x2,50,25,0.01,26.0,True,2.04
ackley,logei,9,slip,0.4,0,rerate3x2,50,10,0.01,43.0,True,5.3
ackley,logei,9,slip,0.4,0,rerate3x2,50,25,0.01,26.0,True,2.04
ackley,logei,9,slip,0.01,20,rerate3x2,50,10,0.01,0.0,False,1.0
ackley,logei,9,slip,0.01,20,rerate3x2,50,25,0.01,0.0,False,1.0
ackley,logei,9,slip,0.05,20,rerate3x2,50,10,0.01,0.0,False,1.0
ackley,logei,9,slip,0.05,20,rerate3x2,50,25,0.01,12.0,False,1.48
ackley,logei,9,slip,0.15,20,rerate3x2,50,10,0.01,0.0,False,1.0
ackley,logei,9,slip,0.15,20,rerate3x2,50,25,0.01,26.0,True,2.04
ackley,logei,9,slip,0.4,20,rerate3x2,50,10,0.01,0.0,False,1.0
ackley,logei,9,slip,0.4,20,rerate3x2,50,25,0.01,26.0,True,2.04
ackley,qnei,10,slip,0.01,0,rerate3x2,50,10,0.01,0.0,False,1.0
ackley,qnei,10,slip,0.01,0,rerate3x2,50,25,0.01,0.0,False,1.0
ackley,qnei,10,slip,0.05,0,rerate3x2,50,10,0.01,3.0,False,1.3
ackley,qnei,10,slip,0.05,0,rerate3x2,50,25,0.01,3.0,False,1.12
ackley,qnei,10,slip,0.15,0,rerate3x2,50,10,0.01,1.0,False,1.1
ackley,qnei,10,slip,0.15,0,rerate3x2,50,25,0.01,1.0,False,1.04
ackley,qnei,10,slip,0.4,0,rerate3x2,50,10,0.01,0.0,False,1.0
ackley,qnei,10,slip,0.4,0,rerate3x2,50,25,0.01,0.0,False,1.0
ackley,qnei,10,slip,0.01,20,rerate3x2,50,10,0.01,0.0,False,1.0
ackley,qnei,10,slip,0.01,20,rerate3x2,50,25,0.01,0.0,False,1.0
ackley,qnei,10,slip,0.05,20,rerate3x2,50,10,0.01,0.0,False,1.0
ackley,qnei,10,slip,0.05,20,rerate3x2,50,25,0.01,0.0,False,1.0
ackley,qnei,10,slip,0.15,20,rerate3x2,50,10,0.01,0.0,False,1.0
ackley,qnei,10,slip,0.15,20,rerate3x2,50,25,0.01,0.0,False,1.0
ackley,qnei,10,slip,0.4,20,rerate3x2,50,10,0.01,0.0,False,1.0
ackley,qnei,10,slip,0.4,20,rerate3x2,50,25,0.01,0.0,False,1.0
ackley,qnei,11,slip,0.01,0,rerate3x2,50,10,0.01,6.0,False,1.6
ackley,qnei,11,slip,0.01,0,rerate3x2,50,25,0.01,1.0,False,1.04
ackley,qnei,11,slip,0.05,0,rerate3x2,50,10,0.01,7.0,False,1.7
ackley,qnei,11,slip,0.05,0,rerate3x2,50,25,0.01,27.0,True,2.08
ackley,qnei,11,slip,0.15,0,rerate3x2,50,10,0.01,6.0,False,1.6
ackley,qnei,11,slip,0.15,0,rerate3x2,50,25,0.01,24.0,False,1.96
ackley,qnei,11,slip,0.4,0,rerate3x2,50,10,0.01,13.0,False,2.3
ackley,qnei,11,slip,0.4,0,rerate3x2,50,25,0.01,27.0,True,2.08
ackley,qnei,11,slip,0.01,20,rerate3x2,50,10,0.01,0.0,False,1.0
ackley,qnei,11,slip,0.01,20,rerate3x2,50,25,0.01,1.0,False,1.04
ackley,qnei,11,slip,0.05,20,rerate3x2,50,10,0.01,0.0,False,1.0
ackley,qnei,11,slip,0.05,20,rerate3x2,50,25,0.01,17.0,False,1.68
ackley,qnei,11,slip,0.15,20,rerate3x2,50,10,0.01,0.0,False,1.0
ackley,qnei,11,slip,0.15,20,rerate3x2,50,25,0.01,27.0,True,2.08
ackley,qnei,11,slip,0.4,20,rerate3x2,50,10,0.01,0.0,False,1.0
ackley,qnei,11,slip,0.4,20,rerate3x2,50,25,0.01,27.0,True,2.08
ackley,qnei,7,slip,0.01,0,rerate3x2,50,10,0.01,5.0,False,1.5
ackley,qnei,7,slip,0.01,0,rerate3x2,50,25,0.01,1.0,False,1.04
ackley,qnei,7,slip,0.05,0,rerate3x2,50,10,0.01,0.0,False,1.0
ackley,qnei,7,slip,0.05,0,rerate3x2,50,25,0.01,25.0,True,2.0
ackley,qnei,7,slip,0.15,0,rerate3x2,50,10,0.01,42.0,True,5.2
ackley,qnei,7,slip,0.15,0,rerate3x2,50,25,0.01,25.0,True,2.0
ackley,qnei,7,slip,0.4,0,rerate3x2,50,10,0.01,42.0,True,5.2
ackley,qnei,7,slip,0.4,0,rerate3x2,50,25,0.01,25.0,True,2.0
ackley,qnei,7,slip,0.01,20,rerate3x2,50,10,0.01,0.0,False,1.0
ackley,qnei,7,slip,0.01,20,rerate3x2,50,25,0.01,25.0,True,2.0
ackley,qnei,7,slip,0.05,20,rerate3x2,50,10,0.01,0.0,False,1.0
ackley,qnei,7,slip,0.05,20,rerate3x2,50,25,0.01,25.0,True,2.0
ackley,qnei,7,slip,0.15,20,rerate3x2,50,10,0.01,0.0,False,1.0
ackley,qnei,7,slip,0.15,20,rerate3x2,50,25,0.01,25.0,True,2.0
ackley,qnei,7,slip,0.4,20,rerate3x2,50,10,0.01,0.0,False,1.0
ackley,qnei,7,slip,0.4,20,rerate3x2,50,25,0.01,25.0,True,2.0
ackley,qnei,8,slip,0.01,0,rerate3x2,50,10,0.01,10.0,False,2.0
ackley,qnei,8,slip,0.01,0,rerate3x2,50,25,0.01,4.0,False,1.16
ackley,qnei,8,slip,0.05,0,rerate3x2,50,10,0.01,3.0,False,1.3
ackley,qnei,8,slip,0.05,0,rerate3x2,50,25,0.01,27.0,True,2.08
ackley,qnei,8,slip,0.15,0,rerate3x2,50,10,0.01,2.0,False,1.2
ackley,qnei,8,slip,0.15,0,rerate3x2,50,25,0.01,27.0,True,2.08
ackley,qnei,8,slip,0.4,0,rerate3x2,50,10,0.01,42.0,True,5.2
ackley,qnei,8,slip,0.4,0,rerate3x2,50,25,0.01,27.0,True,2.08
ackley,qnei,8,slip,0.01,20,rerate3x2,50,10,0.01,0.0,False,1.0
ackley,qnei,8,slip,0.01,20,rerate3x2,50,25,0.01,5.0,False,1.2
ackley,qnei,8,slip,0.05,20,rerate3x2,50,10,0.01,0.0,False,1.0
ackley,qnei,8,slip,0.05,20,rerate3x2,50,25,0.01,27.0,True,2.08
ackley,qnei,8,slip,0.15,20,rerate3x2,50,10,0.01,0.0,False,1.0
ackley,qnei,8,slip,0.15,20,rerate3x2,50,25,0.01,27.0,True,2.08
ackley,qnei,8,slip,0.4,20,rerate3x2,50,10,0.01,0.0,False,1.0
ackley,qnei,8,slip,0.4,20,rerate3x2,50,25,0.01,27.0,True,2.08
ackley,qnei,9,slip,0.01,0,rerate3x2,50,10,0.01,0.0,False,1.0
ackley,qnei,9,slip,0.01,0,rerate3x2,50,25,0.01,10.0,False,1.4
ackley,qnei,9,slip,0.05,0,rerate3x2,50,10,0.01,1.0,False,1.1
ackley,qnei,9,slip,0.05,0,rerate3x2,50,25,0.01,3.0,False,1.12
ackley,qnei,9,slip,0.15,0,rerate3x2,50,10,0.01,-4.0,False,0.6
ackley,qnei,9,slip,0.15,0,rerate3x2,50,25,0.01,29.0,True,2.16
ackley,qnei,9,slip,0.4,0,rerate3x2,50,10,0.01,6.0,False,1.6
ackley,qnei,9,slip,0.4,0,rerate3x2,50,25,0.01,29.0,True,2.16
ackley,qnei,9,slip,0.01,20,rerate3x2,50,10,0.01,0.0,False,1.0
ackley,qnei,9,slip,0.01,20,rerate3x2,50,25,0.01,2.0,False,1.08
ackley,qnei,9,slip,0.05,20,rerate3x2,50,10,0.01,0.0,False,1.0
ackley,qnei,9,slip,0.05,20,rerate3x2,50,25,0.01,7.0,False,1.28
ackley,qnei,9,slip,0.15,20,rerate3x2,50,10,0.01,0.0,False,1.0
ackley,qnei,9,slip,0.15,20,rerate3x2,50,25,0.01,29.0,True,2.16
ackley,qnei,9,slip,0.4,20,rerate3x2,50,10,0.01,0.0,False,1.0
ackley,qnei,9,slip,0.4,20,rerate3x2,50,25,0.01,29.0,True,2.16
branin,logei,10,slip,0.01,0,rerate3x2,50,10,0.01,0.0,False,1.0
branin,logei,10,slip,0.01,0,rerate3x2,50,25,0.01,-1.0,False,0.96
branin,logei,10,slip,0.05,0,rerate3x2,50,10,0.01,0.0,False,1.0
branin,logei,10,slip,0.05,0,rerate3x2,50,25,0.01,-23.0,False,0.08
branin,logei,10,slip,0.15,0,rerate3x2,50,10,0.01,49.0,True,5.9
branin,logei,10,slip,0.15,0,rerate3x2,50,25,0.01,26.0,True,2.04
branin,logei,10,slip,0.4,0,rerate3x2,50,10,0.01,6.0,False,1.6
branin,logei,10,slip,0.4,0,rerate3x2,50,25,0.01,-17.0,False,0.32
branin,logei,10,slip,0.01,20,rerate3x2,50,10,0.01,0.0,False,1.0
branin,logei,10,slip,0.01,20,rerate3x2,50,25,0.01,1.0,False,1.04
branin,logei,10,slip,0.05,20,rerate3x2,50,10,0.01,0.0,False,1.0
branin,logei,10,slip,0.05,20,rerate3x2,50,25,0.01,19.0,False,1.76
branin,logei,10,slip,0.15,20,rerate3x2,50,10,0.01,0.0,False,1.0
branin,logei,10,slip,0.15,20,rerate3x2,50,25,0.01,-3.0,False,0.88
branin,logei,10,slip,0.4,20,rerate3x2,50,10,0.01,0.0,False,1.0
branin,logei,10,slip,0.4,20,rerate3x2,50,25,0.01,2.0,False,1.08
branin,logei,11,slip,0.01,0,rerate3x2,50,10,0.01,1.0,False,1.1
branin,logei,11,slip,0.01,0,rerate3x2,50,25,0.01,3.0,False,1.12
branin,logei,11,slip,0.05,0,rerate3x2,50,10,0.01,-4.0,False,0.6
branin,logei,11,slip,0.05,0,rerate3x2,50,25,0.01,18.0,False,1.72
branin,logei,11,slip,0.15,0,rerate3x2,50,10,0.01,6.0,False,1.6
branin,logei,11,slip,0.15,0,rerate3x2,50,25,0.01,37.0,True,2.48
branin,logei,11,slip,0.4,0,rerate3x2,50,10,0.01,-2.0,False,0.8
branin,logei,11,slip,0.4,0,rerate3x2,50,25,0.01,37.0,True,2.48
branin,logei,11,slip,0.01,20,rerate3x2,50,10,0.01,0.0,False,1.0
branin,logei,11,slip,0.01,20,rerate3x2,50,25,0.01,0.0,False,1.0
branin,logei,11,slip,0.05,20,rerate3x2,50,10,0.01,0.0,False,1.0
branin,logei,11,slip,0.05,20,rerate3x2,50,25,0.01,0.0,False,1.0
branin,logei,11,slip,0.15,20,rerate3x2,50,10,0.01,0.0,False,1.0
branin,logei,11,slip,0.15,20,rerate3x2,50,25,0.01,0.0,False,1.0
branin,logei,11,slip,0.4,20,rerate3x2,50,10,0.01,0.0,False,1.0
branin,logei,11,slip,0.4,20,rerate3x2,50,25,0.01,0.0,False,1.0
branin,logei,7,slip,0.01,0,rerate3x2,50,10,0.01,0.0,False,1.0
branin,logei,7,slip,0.01,0,rerate3x2,50,25,0.01,6.0,False,1.24
branin,logei,7,slip,0.05,0,rerate3x2,50,10,0.01,-2.0,False,0.8
branin,logei,7,slip,0.05,0,rerate3x2,50,25,0.01,12.0,False,1.48
branin,logei,7,slip,0.15,0,rerate3x2,50,10,0.01,2.0,False,1.2
branin,logei,7,slip,0.15,0,rerate3x2,50,25,0.01,42.0,True,2.68
branin,logei,7,slip,0.4,0,rerate3x2,50,10,0.01,42.0,True,5.2
branin,logei,7,slip,0.4,0,rerate3x2,50,25,0.01,42.0,True,2.68
branin,logei,7,slip,0.01,20,rerate3x2,50,10,0.01,0.0,False,1.0
branin,logei,7,slip,0.01,20,rerate3x2,50,25,0.01,0.0,False,1.0
branin,logei,7,slip,0.05,20,rerate3x2,50,10,0.01,0.0,False,1.0
branin,logei,7,slip,0.05,20,rerate3x2,50,25,0.01,0.0,False,1.0
branin,logei,7,slip,0.15,20,rerate3x2,50,10,0.01,0.0,False,1.0
branin,logei,7,slip,0.15,20,rerate3x2,50,25,0.01,0.0,False,1.0
branin,logei,7,slip,0.4,20,rerate3x2,50,10,0.01,0.0,False,1.0
branin,logei,7,slip,0.4,20,rerate3x2,50,25,0.01,0.0,False,1.0
branin,logei,8,slip,0.01,0,rerate3x2,50,10,0.01,-1.0,False,0.9
branin,logei,8,slip,0.01,0,rerate3x2,50,25,0.01,-1.0,False,0.96
branin,logei,8,slip,0.05,0,rerate3x2,50,10,0.01,-4.0,False,0.6
branin,logei,8,slip,0.05,0,rerate3x2,50,25,0.01,-4.0,False,0.84
branin,logei,8,slip,0.15,0,rerate3x2,50,10,0.01,18.0,False,2.8
branin,logei,8,slip,0.15,0,rerate3x2,50,25,0.01,18.0,False,1.72
branin,logei,8,slip,0.4,0,rerate3x2,50,10,0.01,12.0,False,2.2
branin,logei,8,slip,0.4,0,rerate3x2,50,25,0.01,15.0,False,1.6
branin,logei,8,slip,0.01,20,rerate3x2,50,10,0.01,0.0,False,1.0
branin,logei,8,slip,0.01,20,rerate3x2,50,25,0.01,0.0,False,1.0
branin,logei,8,slip,0.05,20,rerate3x2,50,10,0.01,0.0,False,1.0
branin,logei,8,slip,0.05,20,rerate3x2,50,25,0.01,0.0,False,1.0
branin,logei,8,slip,0.15,20,rerate3x2,50,10,0.01,0.0,False,1.0
branin,logei,8,slip,0.15,20,rerate3x2,50,25,0.01,0.0,False,1.0
branin,logei,8,slip,0.4,20,rerate3x2,50,10,0.01,0.0,False,1.0
branin,logei,8,slip,0.4,20,rerate3x2,50,25,0.01,0.0,False,1.0
branin,logei,9,slip,0.01,0,rerate3x2,50,10,0.01,-7.0,False,0.3
branin,logei,9,slip,0.01,0,rerate3x2,50,25,0.01,0.0,False,1.0
branin,logei,9,slip,0.05,0,rerate3x2,50,10,0.01,-1.0,False,0.9
branin,logei,9,slip,0.05,0,rerate3x2,50,25,0.01,-2.0,False,0.92
branin,logei,9,slip,0.15,0,rerate3x2,50,10,0.01,-2.0,False,0.8
branin,logei,9,slip,0.15,0,rerate3x2,50,25,0.01,26.0,False,2.04
branin,logei,9,slip,0.4,0,rerate3x2,50,10,0.01,-3.0,False,0.7
branin,logei,9,slip,0.4,0,rerate3x2,50,25,0.01,38.0,True,2.52
branin,logei,9,slip,0.01,20,rerate3x2,50,10,0.01,0.0,False,1.0
branin,logei,9,slip,0.01,20,rerate3x2,50,25,0.01,0.0,False,1.0
branin,logei,9,slip,0.05,20,rerate3x2,50,10,0.01,0.0,False,1.0
branin,logei,9,slip,0.05,20,rerate3x2,50,25,0.01,0.0,False,1.0
branin,logei,9,slip,0.15,20,rerate3x2,50,10,0.01,0.0,False,1.0
branin,logei,9,slip,0.15,20,rerate3x2,50,25,0.01,0.0,False,1.0
branin,logei,9,slip,0.4,20,rerate3x2,50,10,0.01,0.0,False,1.0
branin,logei,9,slip,0.4,20,rerate3x2,50,25,0.01,0.0,False,1.0
branin,qnei,10,slip,0.01,0,rerate3x2,50,10,0.01,17.0,False,2.7
branin,qnei,10,slip,0.01,0,rerate3x2,50,25,0.01,1.0,False,1.04
branin,qnei,10,slip,0.05,0,rerate3x2,50,10,0.01,0.0,False,1.0
branin,qnei,10,slip,0.05,0,rerate3x2,50,25,0.01,-10.0,False,0.6
branin,qnei,10,slip,0.15,0,rerate3x2,50,10,0.01,40.0,False,5.0
branin,qnei,10,slip,0.15,0,rerate3x2,50,25,0.01,24.0,False,1.96
branin,qnei,10,slip,0.4,0,rerate3x2,50,10,0.01,49.0,True,5.9
branin,qnei,10,slip,0.4,0,rerate3x2,50,25,0.01,32.0,True,2.28
branin,qnei,10,slip,0.01,20,rerate3x2,50,10,0.01,0.0,False,1.0
branin,qnei,10,slip,0.01,20,rerate3x2,50,25,0.01,0.0,False,1.0
branin,qnei,10,slip,0.05,20,rerate3x2,50,10,0.01,0.0,False,1.0
branin,qnei,10,slip,0.05,20,rerate3x2,50,25,0.01,0.0,False,1.0
branin,qnei,10,slip,0.15,20,rerate3x2,50,10,0.01,0.0,False,1.0
branin,qnei,10,slip,0.15,20,rerate3x2,50,25,0.01,0.0,False,1.0
branin,qnei,10,slip,0.4,20,rerate3x2,50,10,0.01,0.0,False,1.0
branin,qnei,10,slip,0.4,20,rerate3x2,50,25,0.01,0.0,False,1.0
branin,qnei,11,slip,0.01,0,rerate3x2,50,10,0.01,-1.0,False,0.9
branin,qnei,11,slip,0.01,0,rerate3x2,50,25,0.01,3.0,False,1.12
branin,qnei,11,slip,0.05,0,rerate3x2,50,10,0.01,-1.0,False,0.9
branin,qnei,11,slip,0.05,0,rerate3x2,50,25,0.01,33.0,False,2.32
branin,qnei,11,slip,0.15,0,rerate3x2,50,10,0.01,-4.0,False,0.6
branin,qnei,11,slip,0.15,0,rerate3x2,50,25,0.01,37.0,True,2.48
branin,qnei,11,slip,0.4,0,rerate3x2,50,10,0.01,-5.0,False,0.5
branin,qnei,11,slip,0.4,0,rerate3x2,50,25,0.01,13.0,False,1.52
branin,qnei,11,slip,0.01,20,rerate3x2,50,10,0.01,0.0,False,1.0
branin,qnei,11,slip,0.01,20,rerate3x2,50,25,0.01,0.0,False,1.0
branin,qnei,11,slip,0.05,20,rerate3x2,50,10,0.01,0.0,False,1.0
branin,qnei,11,slip,0.05,20,rerate3x2,50,25,0.01,0.0,False,1.0
branin,qnei,11,slip,0.15,20,rerate3x2,50,10,0.01,0.0,False,1.0
branin,qnei,11,slip,0.15,20,rerate3x2,50,25,0.01,0.0,False,1.0
branin,qnei,11,slip,0.4,20,rerate3x2,50,10,0.01,0.0,False,1.0
branin,qnei,11,slip,0.4,20,rerate3x2,50,25,0.01,0.0,False,1.0
branin,qnei,7,slip,0.01,0,rerate3x2,50,10,0.01,0.0,False,1.0
branin,qnei,7,slip,0.01,0,rerate3x2,50,25,0.01,-4.0,False,0.84
branin,qnei,7,slip,0.05,0,rerate3x2,50,10,0.01,9.0,False,1.9
branin,qnei,7,slip,0.05,0,rerate3x2,50,25,0.01,6.0,False,1.24
branin,qnei,7,slip,0.15,0,rerate3x2,50,10,0.01,10.0,False,2.0
branin,qnei,7,slip,0.15,0,rerate3x2,50,25,0.01,38.0,True,2.52
branin,qnei,7,slip,0.4,0,rerate3x2,50,10,0.01,42.0,True,5.2
branin,qnei,7,slip,0.4,0,rerate3x2,50,25,0.01,38.0,True,2.52
branin,qnei,7,slip,0.01,20,rerate3x2,50,10,0.01,0.0,False,1.0
branin,qnei,7,slip,0.01,20,rerate3x2,50,25,0.01,0.0,False,1.0
branin,qnei,7,slip,0.05,20,rerate3x2,50,10,0.01,0.0,False,1.0
branin,qnei,7,slip,0.05,20,rerate3x2,50,25,0.01,0.0,False,1.0
branin,qnei,7,slip,0.15,20,rerate3x2,50,10,0.01,0.0,False,1.0
branin,qnei,7,slip,0.15,20,rerate3x2,50,25,0.01,0.0,False,1.0
branin,qnei,7,slip,0.4,20,rerate3x2,50,10,0.01,0.0,False,1.0
branin,qnei,7,slip,0.4,20,rerate3x2,50,25,0.01,0.0,False,1.0
branin,qnei,8,slip,0.01,0,rerate3x2,50,10,0.01,-1.0,False,0.9
branin,qnei,8,slip,0.01,0,rerate3x2,50,25,0.01,4.0,False,1.16
branin,qnei,8,slip,0.05,0,rerate3x2,50,10,0.01,-6.0,False,0.4
branin,qnei,8,slip,0.05,0,rerate3x2,50,25,0.01,-1.0,False,0.96
branin,qnei,8,slip,0.15,0,rerate3x2,50,10,0.01,29.0,False,3.9
branin,qnei,8,slip,0.15,0,rerate3x2,50,25,0.01,34.0,True,2.36
branin,qnei,8,slip,0.4,0,rerate3x2,50,10,0.01,0.0,False,1.0
branin,qnei,8,slip,0.4,0,rerate3x2,50,25,0.01,34.0,True,2.36
branin,qnei,8,slip,0.01,20,rerate3x2,50,10,0.01,0.0,False,1.0
branin,qnei,8,slip,0.01,20,rerate3x2,50,25,0.01,0.0,False,1.0
branin,qnei,8,slip,0.05,20,rerate3x2,50,10,0.01,0.0,False,1.0
branin,qnei,8,slip,0.05,20,rerate3x2,50,25,0.01,0.0,False,1.0
branin,qnei,8,slip,0.15,20,rerate3x2,50,10,0.01,0.0,False,1.0
branin,qnei,8,slip,0.15,20,rerate3x2,50,25,0.01,0.0,False,1.0
branin,qnei,8,slip,0.4,20,rerate3x2,50,10,0.01,0.0,False,1.0
branin,qnei,8,slip,0.4,20,rerate3x2,50,25,0.01,0.0,False,1.0
branin,qnei,9,slip,0.01,0,rerate3x2,50,10,0.01,-7.0,False,0.3
branin,qnei,9,slip,0.01,0,rerate3x2,50,25,0.01,-4.0,False,0.84
branin,qnei,9,slip,0.05,0,rerate3x2,50,10,0.01,7.0,False,1.7
branin,qnei,9,slip,0.05,0,rerate3x2,50,25,0.01,27.0,False,2.08
branin,qnei,9,slip,0.15,0,rerate3x2,50,10,0.01,21.0,False,3.1
branin,qnei,9,slip,0.15,0,rerate3x2,50,25,0.01,34.0,True,2.36
branin,qnei,9,slip,0.4,0,rerate3x2,50,10,0.01,32.0,False,4.2
branin,qnei,9,slip,0.4,0,rerate3x2,50,25,0.01,34.0,True,2.36
branin,qnei,9,slip,0.01,20,rerate3x2,50,10,0.01,0.0,False,1.0
branin,qnei,9,slip,0.01,20,rerate3x2,50,25,0.01,0.0,False,1.0
branin,qnei,9,slip,0.05,20,rerate3x2,50,10,0.01,0.0,False,1.0
branin,qnei,9,slip,0.05,20,rerate3x2,50,25,0.01,0.0,False,1.0
branin,qnei,9,slip,0.15,20,rerate3x2,50,10,0.01,0.0,False,1.0
branin,qnei,9,slip,0.15,20,rerate3x2,50,25,0.01,0.0,False,1.0
branin,qnei,9,slip,0.4,20,rerate3x2,50,10,0.01,0.0,False,1.0
branin,qnei,9,slip,0.4,20,rerate3x2,50,25,0.01,0.0,False,1.0
eggholder,logei,10,slip,0.01,0,rerate3x2,50,10,0.01,25.0,False,3.5
eggholder,logei,10,slip,0.01,0,rerate3x2,50,25,0.01,25.0,False,2.0
eggholder,logei,10,slip,0.05,0,rerate3x2,50,10,0.01,15.0,False,2.5
eggholder,logei,10,slip,0.05,0,rerate3x2,50,25,0.01,15.0,False,1.6
eggholder,logei,10,slip,0.15,0,rerate3x2,50,10,0.01,29.0,False,3.9
eggholder,logei,10,slip,0.15,0,rerate3x2,50,25,0.01,29.0,False,2.16
eggholder,logei,10,slip,0.4,0,rerate3x2,50,10,0.01,34.0,False,4.4
eggholder,logei,10,slip,0.4,0,rerate3x2,50,25,0.01,34.0,False,2.36
eggholder,logei,10,slip,0.01,20,rerate3x2,50,10,0.01,0.0,False,1.0
eggholder,logei,10,slip,0.01,20,rerate3x2,50,25,0.01,0.0,False,1.0
eggholder,logei,10,slip,0.05,20,rerate3x2,50,10,0.01,0.0,False,1.0
eggholder,logei,10,slip,0.05,20,rerate3x2,50,25,0.01,0.0,False,1.0
eggholder,logei,10,slip,0.15,20,rerate3x2,50,10,0.01,0.0,False,1.0
eggholder,logei,10,slip,0.15,20,rerate3x2,50,25,0.01,0.0,False,1.0
eggholder,logei,10,slip,0.4,20,rerate3x2,50,10,0.01,0.0,False,1.0
eggholder,logei,10,slip,0.4,20,rerate3x2,50,25,0.01,0.0,False,1.0
eggholder,logei,11,slip,0.01,0,rerate3x2,50,10,0.01,22.0,False,3.2
eggholder,logei,11,slip,0.01,0,rerate3x2,50,25,0.01,24.0,False,1.96
eggholder,logei,11,slip,0.05,0,rerate3x2,50,10,0.01,41.0,True,5.1
eggholder,logei,11,slip,0.05,0,rerate3x2,50,25,0.01,36.0,True,2.44
eggholder,logei,11,slip,0.15,0,rerate3x2,50,10,0.01,4.0,False,1.4
eggholder,logei,11,slip,0.15,0,rerate3x2,50,25,0.01,12.0,False,1.48
eggholder,logei,11,slip,0.4,0,rerate3x2,50,10,0.01,6.0,False,1.6
eggholder,logei,11,slip,0.4,0,rerate3x2,50,25,0.01,1.0,False,1.04
eggholder,logei,11,slip,0.01,20,rerate3x2,50,10,0.01,0.0,False,1.0
eggholder,logei,11,slip,0.01,20,rerate3x2,50,25,0.01,0.0,False,1.0
eggholder,logei,11,slip,0.05,20,rerate3x2,50,10,0.01,0.0,False,1.0
eggholder,logei,11,slip,0.05,20,rerate3x2,50,25,0.01,0.0,False,1.0
eggholder,logei,11,slip,0.15,20,rerate3x2,50,10,0.01,0.0,False,1.0
eggholder,logei,11,slip,0.15,20,rerate3x2,50,25,0.01,0.0,False,1.0
eggholder,logei,11,slip,0.4,20,rerate3x2,50,10,0.01,0.0,False,1.0
eggholder,logei,11,slip,0.4,20,rerate3x2,50,25,0.01,0.0,False,1.0
eggholder,logei,7,slip,0.01,0,rerate3x2,50,10,0.01,3.0,False,1.3
eggholder,logei,7,slip,0.01,0,rerate3x2,50,25,0.01,9.0,False,1.36
eggholder,logei,7,slip,0.05,0,rerate3x2,50,10,0.01,1.0,False,1.1
eggholder,logei,7,slip,0.05,0,rerate3x2,50,25,0.01,25.0,True,2.0
eggholder,logei,7,slip,0.15,0,rerate3x2,50,10,0.01,2.0,False,1.2
eggholder,logei,7,slip,0.15,0,rerate3x2,50,25,0.01,25.0,True,2.0
eggholder,logei,7,slip,0.4,0,rerate3x2,50,10,0.01,4.0,False,1.4
eggholder,logei,7,slip,0.4,0,rerate3x2,50,25,0.01,25.0,True,2.0
eggholder,logei,7,slip,0.01,20,rerate3x2,50,10,0.01,0.0,False,1.0
eggholder,logei,7,slip,0.01,20,rerate3x2,50,25,0.01,20.0,False,1.8
eggholder,logei,7,slip,0.05,20,rerate3x2,50,10,0.01,0.0,False,1.0
eggholder,logei,7,slip,0.05,20,rerate3x2,50,25,0.01,25.0,True,2.0
eggholder,logei,7,slip,0.15,20,rerate3x2,50,10,0.01,0.0,False,1.0
eggholder,logei,7,slip,0.15,20,rerate3x2,50,25,0.01,25.0,True,2.0
eggholder,logei,7,slip,0.4,20,rerate3x2,50,10,0.01,0.0,False,1.0
eggholder,logei,7,slip,0.4,20,rerate3x2,50,25,0.01,25.0,True,2.0
eggholder,logei,8,slip,0.01,0,rerate3x2,50,10,0.01,4.0,False,1.4
eggholder,logei,8,slip,0.01,0,rerate3x2,50,25,0.01,-8.0,False,0.68
eggholder,logei,8,slip,0.05,0,rerate3x2,50,10,0.01,-1.0,False,0.9
eggholder,logei,8,slip,0.05,0,rerate3x2,50,25,0.01,33.0,True,2.32
eggholder,logei,8,slip,0.15,0,rerate3x2,50,10,0.01,3.0,False,1.3
eggholder,logei,8,slip,0.15,0,rerate3x2,50,25,0.01,33.0,True,2.32
eggholder,logei,8,slip,0.4,0,rerate3x2,50,10,0.01,-1.0,False,0.9
eggholder,logei,8,slip,0.4,0,rerate3x2,50,25,0.01,11.0,False,1.44
eggholder,logei,8,slip,0.01,20,rerate3x2,50,10,0.01,0.0,False,1.0
eggholder,logei,8,slip,0.01,20,rerate3x2,50,25,0.01,0.0,False,1.0
eggholder,logei,8,slip,0.05,20,rerate3x2,50,10,0.01,0.0,False,1.0
eggholder,logei,8,slip,0.05,20,rerate3x2,50,25,0.01,0.0,False,1.0
eggholder,logei,8,slip,0.15,20,rerate3x2,50,10,0.01,0.0,False,1.0
eggholder,logei,8,slip,0.15,20,rerate3x2,50,25,0.01,0.0,False,1.0
eggholder,logei,8,slip,0.4,20,rerate3x2,50,10,0.01,0.0,False,1.0
eggholder,logei,8,slip,0.4,20,rerate3x2,50,25,0.01,0.0,False,1.0
eggholder,logei,9,slip,0.01,0,rerate3x2,50,10,0.01,4.0,False,1.4
eggholder,logei,9,slip,0.01,0,rerate3x2,50,25,0.01,25.0,True,2.0
eggholder,logei,9,slip,0.05,0,rerate3x2,50,10,0.01,7.0,False,1.7
eggholder,logei,9,slip,0.05,0,rerate3x2,50,25,0.01,25.0,True,2.0
eggholder,logei,9,slip,0.15,0,rerate3x2,50,10,0.01,17.0,False,2.7
eggholder,logei,9,slip,0.15,0,rerate3x2,50,25,0.01,25.0,True,2.0
eggholder,logei,9,slip,0.4,0,rerate3x2,50,10,0.01,0.0,False,1.0
eggholder,logei,9,slip,0.4,0,rerate3x2,50,25,0.01,25.0,True,2.0
eggholder,logei,9,slip,0.01,20,rerate3x2,50,10,0.01,0.0,False,1.0
eggholder,logei,9,slip,0.01,20,rerate3x2,50,25,0.01,4.0,False,1.16
eggholder,logei,9,slip,0.05,20,rerate3x2,50,10,0.01,0.0,False,1.0
eggholder,logei,9,slip,0.05,20,rerate3x2,50,25,0.01,25.0,True,2.0
eggholder,logei,9,slip,0.15,20,rerate3x2,50,10,0.01,0.0,False,1.0
eggholder,logei,9,slip,0.15,20,rerate3x2,50,25,0.01,10.0,False,1.4
eggholder,logei,9,slip,0.4,20,rerate3x2,50,10,0.01,0.0,False,1.0
eggholder,logei,9,slip,0.4,20,rerate3x2,50,25,0.01,25.0,True,2.0
eggholder,qnei,10,slip,0.01,0,rerate3x2,50,10,0.01,18.0,False,2.8
eggholder,qnei,10,slip,0.01,0,rerate3x2,50,25,0.01,18.0,False,1.72
eggholder,qnei,10,slip,0.05,0,rerate3x2,50,10,0.01,11.0,False,2.1
eggholder,qnei,10,slip,0.05,0,rerate3x2,50,25,0.01,11.0,False,1.44
eggholder,qnei,10,slip,0.15,0,rerate3x2,50,10,0.01,49.0,True,5.9
eggholder,qnei,10,slip,0.15,0,rerate3x2,50,25,0.01,49.0,True,2.96
eggholder,qnei,10,slip,0.4,0,rerate3x2,50,10,0.01,13.0,False,2.3
eggholder,qnei,10,slip,0.4,0,rerate3x2,50,25,0.01,13.0,False,1.52
eggholder,qnei,10,slip,0.01,20,rerate3x2,50,10,0.01,0.0,False,1.0
eggholder,qnei,10,slip,0.01,20,rerate3x2,50,25,0.01,0.0,False,1.0
eggholder,qnei,10,slip,0.05,20,rerate3x2,50,10,0.01,0.0,False,1.0
eggholder,qnei,10,slip,0.05,20,rerate3x2,50,25,0.01,0.0,False,1.0
eggholder,qnei,10,slip,0.15,20,rerate3x2,50,10,0.01,0.0,False,1.0
eggholder,qnei,10,slip,0.15,20,rerate3x2,50,25,0.01,0.0,False,1.0
eggholder,qnei,10,slip,0.4,20,rerate3x2,50,10,0.01,0.0,False,1.0
eggholder,qnei,10,slip,0.4,20,rerate3x2,50,25,0.01,0.0,False,1.0
eggholder,qnei,11,slip,0.01,0,rerate3x2,50,10,0.01,41.0,True,5.1
eggholder,qnei,11,slip,0.01,0,rerate3x2,50,25,0.01,28.0,True,2.12
eggholder,qnei,11,slip,0.05,0,rerate3x2,50,10,0.01,26.0,False,3.6
eggholder,qnei,11,slip,0.05,0,rerate3x2,50,25,0.01,28.0,True,2.12
eggholder,qnei,11,slip,0.15,0,rerate3x2,50,10,0.01,41.0,True,5.1
eggholder,qnei,11,slip,0.15,0,rerate3x2,50,25,0.01,28.0,True,2.12
eggholder,qnei,11,slip,0.4,0,rerate3x2,50,10,0.01,41.0,True,5.1
eggholder,qnei,11,slip,0.4,0,rerate3x2,50,25,0.01,28.0,True,2.12
eggholder,qnei,11,slip,0.01,20,rerate3x2,50,10,0.01,0.0,False,1.0
eggholder,qnei,11,slip,0.01,20,rerate3x2,50,25,0.01,28.0,True,2.12
eggholder,qnei,11,slip,0.05,20,rerate3x2,50,10,0.01,0.0,False,1.0
eggholder,qnei,11,slip,0.05,20,rerate3x2,50,25,0.01,28.0,True,2.12
eggholder,qnei,11,slip,0.15,20,rerate3x2,50,10,0.01,0.0,False,1.0
eggholder,qnei,11,slip,0.15,20,rerate3x2,50,25,0.01,28.0,True,2.12
eggholder,qnei,11,slip,0.4,20,rerate3x2,50,10,0.01,0.0,False,1.0
eggholder,qnei,11,slip,0.4,20,rerate3x2,50,25,0.01,28.0,True,2.12
eggholder,qnei,7,slip,0.01,0,rerate3x2,50,10,0.01,-1.0,False,0.9
eggholder,qnei,7,slip,0.01,0,rerate3x2,50,25,0.01,-12.0,False,0.52
eggholder,qnei,7,slip,0.05,0,rerate3x2,50,10,0.01,-3.0,False,0.7
eggholder,qnei,7,slip,0.05,0,rerate3x2,50,25,0.01,26.0,False,2.04
eggholder,qnei,7,slip,0.15,0,rerate3x2,50,10,0.01,-3.0,False,0.7
eggholder,qnei,7,slip,0.15,0,rerate3x2,50,25,0.01,-11.0,False,0.56
eggholder,qnei,7,slip,0.4,0,rerate3x2,50,10,0.01,-1.0,False,0.9
eggholder,qnei,7,slip,0.4,0,rerate3x2,50,25,0.01,-6.0,False,0.76
eggholder,qnei,7,slip,0.01,20,rerate3x2,50,10,0.01,0.0,False,1.0
eggholder,qnei,7,slip,0.01,20,rerate3x2,50,25,0.01,0.0,False,1.0
eggholder,qnei,7,slip,0.05,20,rerate3x2,50,10,0.01,0.0,False,1.0
eggholder,qnei,7,slip,0.05,20,rerate3x2,50,25,0.01,0.0,False,1.0
eggholder,qnei,7,slip,0.15,20,rerate3x2,50,10,0.01,0.0,False,1.0
eggholder,qnei,7,slip,0.15,20,rerate3x2,50,25,0.01,0.0,False,1.0
eggholder,qnei,7,slip,0.4,20,rerate3x2,50,10,0.01,0.0,False,1.0
eggholder,qnei,7,slip,0.4,20,rerate3x2,50,25,0.01,0.0,False,1.0
eggholder,qnei,8,slip,0.01,0,rerate3x2,50,10,0.01,0.0,False,1.0
eggholder,qnei,8,slip,0.01,0,rerate3x2,50,25,0.01,-2.0,False,0.92
eggholder,qnei,8,slip,0.05,0,rerate3x2,50,10,0.01,8.0,False,1.8
eggholder,qnei,8,slip,0.05,0,rerate3x2,50,25,0.01,-9.0,False,0.64
eggholder,qnei,8,slip,0.15,0,rerate3x2,50,10,0.01,-1.0,False,0.9
eggholder,qnei,8,slip,0.15,0,rerate3x2,50,25,0.01,14.0,False,1.56
eggholder,qnei,8,slip,0.4,0,rerate3x2,50,10,0.01,-2.0,False,0.8
eggholder,qnei,8,slip,0.4,0,rerate3x2,50,25,0.01,26.0,False,2.04
eggholder,qnei,8,slip,0.01,20,rerate3x2,50,10,0.01,0.0,False,1.0
eggholder,qnei,8,slip,0.01,20,rerate3x2,50,25,0.01,0.0,False,1.0
eggholder,qnei,8,slip,0.05,20,rerate3x2,50,10,0.01,0.0,False,1.0
eggholder,qnei,8,slip,0.05,20,rerate3x2,50,25,0.01,0.0,False,1.0
eggholder,qnei,8,slip,0.15,20,rerate3x2,50,10,0.01,0.0,False,1.0
eggholder,qnei,8,slip,0.15,20,rerate3x2,50,25,0.01,0.0,False,1.0
eggholder,qnei,8,slip,0.4,20,rerate3x2,50,10,0.01,0.0,False,1.0
eggholder,qnei,8,slip,0.4,20,rerate3x2,50,25,0.01,0.0,False,1.0
eggholder,qnei,9,slip,0.01,0,rerate3x2,50,10,0.01,1.0,False,1.1
eggholder,qnei,9,slip,0.01,0,rerate3x2,50,25,0.01,34.0,True,2.36
eggholder,qnei,9,slip,0.05,0,rerate3x2,50,10,0.01,1.0,False,1.1
eggholder,qnei,9,slip,0.05,0,rerate3x2,50,25,0.01,34.0,True,2.36
eggholder,qnei,9,slip,0.15,0,rerate3x2,50,10,0.01,-6.0,False,0.4
eggholder,qnei,9,slip,0.15,0,rerate3x2,50,25,0.01,34.0,True,2.36
eggholder,qnei,9,slip,0.4,0,rerate3x2,50,10,0.01,0.0,False,1.0
eggholder,qnei,9,slip,0.4,0,rerate3x2,50,25,0.01,34.0,True,2.36
eggholder,qnei,9,slip,0.01,20,rerate3x2,50,10,0.01,0.0,False,1.0
eggholder,qnei,9,slip,0.01,20,rerate3x2,50,25,0.01,0.0,False,1.0
eggholder,qnei,9,slip,0.05,20,rerate3x2,50,10,0.01,0.0,False,1.0
eggholder,qnei,9,slip,0.05,20,rerate3x2,50,25,0.01,0.0,False,1.0
eggholder,qnei,9,slip,0.15,20,rerate3x2,50,10,0.01,0.0,False,1.0
eggholder,qnei,9,slip,0.15,20,rerate3x2,50,25,0.01,0.0,False,1.0
eggholder,qnei,9,slip,0.4,20,rerate3x2,50,10,0.01,0.0,False,1.0
eggholder,qnei,9,slip,0.4,20,rerate3x2,50,25,0.01,0.0,False,1.0
griewank,logei,10,slip,0.01,0,rerate3x2,50,10,0.01,5.0,False,1.5
griewank,logei,10,slip,0.01,0,rerate3x2,50,25,0.01,3.0,False,1.12
griewank,logei,10,slip,0.05,0,rerate3x2,50,10,0.01,13.0,False,2.3
griewank,logei,10,slip,0.05,0,rerate3x2,50,25,0.01,33.0,True,2.32
griewank,logei,10,slip,0.15,0,rerate3x2,50,10,0.01,11.0,False,2.1
griewank,logei,10,slip,0.15,0,rerate3x2,50,25,0.01,33.0,True,2.32
griewank,logei,10,slip,0.4,0,rerate3x2,50,10,0.01,43.0,True,5.3
griewank,logei,10,slip,0.4,0,rerate3x2,50,25,0.01,33.0,True,2.32
griewank,logei,10,slip,0.01,20,rerate3x2,50,10,0.01,0.0,False,1.0
griewank,logei,10,slip,0.01,20,rerate3x2,50,25,0.01,0.0,False,1.0
griewank,logei,10,slip,0.05,20,rerate3x2,50,10,0.01,0.0,False,1.0
griewank,logei,10,slip,0.05,20,rerate3x2,50,25,0.01,0.0,False,1.0
griewank,logei,10,slip,0.15,20,rerate3x2,50,10,0.01,0.0,False,1.0
griewank,logei,10,slip,0.15,20,rerate3x2,50,25,0.01,0.0,False,1.0
griewank,logei,10,slip,0.4,20,rerate3x2,50,10,0.01,0.0,False,1.0
griewank,logei,10,slip,0.4,20,rerate3x2,50,25,0.01,0.0,False,1.0
griewank,logei,11,slip,0.01,0,rerate3x2,50,10,0.01,10.0,False,2.0
griewank,logei,11,slip,0.01,0,rerate3x2,50,25,0.01,7.0,False,1.28
griewank,logei,11,slip,0.05,0,rerate3x2,50,10,0.01,16.0,False,2.6
griewank,logei,11,slip,0.05,0,rerate3x2,50,25,0.01,30.0,True,2.2
griewank,logei,11,slip,0.15,0,rerate3x2,50,10,0.01,41.0,True,5.1
griewank,logei,11,slip,0.15,0,rerate3x2,50,25,0.01,30.0,True,2.2
griewank,logei,11,slip,0.4,0,rerate3x2,50,10,0.01,41.0,True,5.1
griewank,logei,11,slip,0.4,0,rerate3x2,50,25,0.01,30.0,True,2.2
griewank,logei,11,slip,0.01,20,rerate3x2,50,10,0.01,0.0,False,1.0
griewank,logei,11,slip,0.01,20,rerate3x2,50,25,0.01,0.0,False,1.0
griewank,logei,11,slip,0.05,20,rerate3x2,50,10,0.01,0.0,False,1.0
griewank,logei,11,slip,0.05,20,rerate3x2,50,25,0.01,0.0,False,1.0
griewank,logei,11,slip,0.15,20,rerate3x2,50,10,0.01,0.0,False,1.0
griewank,logei,11,slip,0.15,20,rerate3x2,50,25,0.01,0.0,False,1.0
griewank,logei,11,slip,0.4,20,rerate3x2,50,10,0.01,0.0,False,1.0
griewank,logei,11,slip,0.4,20,rerate3x2,50,25,0.01,0.0,False,1.0
griewank,logei,7,slip,0.01,0,rerate3x2,50,10,0.01,4.0,False,1.4
griewank,logei,7,slip,0.01,0,rerate3x2,50,25,0.01,-2.0,False,0.92
griewank,logei,7,slip,0.05,0,rerate3x2,50,10,0.01,13.0,False,2.3
griewank,logei,7,slip,0.05,0,rerate3x2,50,25,0.01,28.0,True,2.12
griewank,logei,7,slip,0.15,0,rerate3x2,50,10,0.01,-1.0,False,0.9
griewank,logei,7,slip,0.15,0,rerate3x2,50,25,0.01,28.0,True,2.12
griewank,logei,7,slip,0.4,0,rerate3x2,50,10,0.01,40.0,True,5.0
griewank,logei,7,slip,0.4,0,rerate3x2,50,25,0.01,28.0,True,2.12
griewank,logei,7,slip,0.01,20,rerate3x2,50,10,0.01,0.0,False,1.0
griewank,logei,7,slip,0.01,20,rerate3x2,50,25,0.01,0.0,False,1.0
griewank,logei,7,slip,0.05,20,rerate3x2,50,10,0.01,0.0,False,1.0
griewank,logei,7,slip,0.05,20,rerate3x2,50,25,0.01,4.0,False,1.16
griewank,logei,7,slip,0.15,20,rerate3x2,50,10,0.01,0.0,False,1.0
griewank,logei,7,slip,0.15,20,rerate3x2,50,25,0.01,28.0,True,2.12
griewank,logei,7,slip,0.4,20,rerate3x2,50,10,0.01,0.0,False,1.0
griewank,logei,7,slip,0.4,20,rerate3x2,50,25,0.01,28.0,True,2.12
griewank,logei,8,slip,0.01,0,rerate3x2,50,10,0.01,8.0,False,1.8
griewank,logei,8,slip,0.01,0,rerate3x2,50,25,0.01,2.0,False,1.08
griewank,logei,8,slip,0.05,0,rerate3x2,50,10,0.01,3.0,False,1.3
griewank,logei,8,slip,0.05,0,rerate3x2,50,25,0.01,27.0,True,2.08
griewank,logei,8,slip,0.15,0,rerate3x2,50,10,0.01,-5.0,False,0.5
griewank,logei,8,slip,0.15,0,rerate3x2,50,25,0.01,27.0,True,2.08
griewank,logei,8,slip,0.4,0,rerate3x2,50,10,0.01,43.0,True,5.3
griewank,logei,8,slip,0.4,0,rerate3x2,50,25,0.01,27.0,True,2.08
griewank,logei,8,slip,0.01,20,rerate3x2,50,10,0.01,0.0,False,1.0
griewank,logei,8,slip,0.01,20,rerate3x2,50,25,0.01,0.0,False,1.0
griewank,logei,8,slip,0.05,20,rerate3x2,50,10,0.01,0.0,False,1.0
griewank,logei,8,slip,0.05,20,rerate3x2,50,25,0.01,27.0,True,2.08
griewank,logei,8,slip,0.15,20,rerate3x2,50,10,0.01,0.0,False,1.0
griewank,logei,8,slip,0.15,20,rerate3x2,50,25,0.01,27.0,True,2.08
griewank,logei,8,slip,0.4,20,rerate3x2,50,10,0.01,0.0,False,1.0
griewank,logei,8,slip,0.4,20,rerate3x2,50,25,0.01,27.0,True,2.08
griewank,logei,9,slip,0.01,0,rerate3x2,50,10,0.01,4.0,False,1.4
griewank,logei,9,slip,0.01,0,rerate3x2,50,25,0.01,2.0,False,1.08
griewank,logei,9,slip,0.05,0,rerate3x2,50,10,0.01,4.0,False,1.4
griewank,logei,9,slip,0.05,0,rerate3x2,50,25,0.01,29.0,True,2.16
griewank,logei,9,slip,0.15,0,rerate3x2,50,10,0.01,-1.0,False,0.9
griewank,logei,9,slip,0.15,0,rerate3x2,50,25,0.01,29.0,True,2.16
griewank,logei,9,slip,0.4,0,rerate3x2,50,10,0.01,40.0,True,5.0
griewank,logei,9,slip,0.4,0,rerate3x2,50,25,0.01,29.0,True,2.16
griewank,logei,9,slip,0.01,20,rerate3x2,50,10,0.01,0.0,False,1.0
griewank,logei,9,slip,0.01,20,rerate3x2,50,25,0.01,0.0,False,1.0
griewank,logei,9,slip,0.05,20,rerate3x2,50,10,0.01,0.0,False,1.0
griewank,logei,9,slip,0.05,20,rerate3x2,50,25,0.01,14.0,False,1.56
griewank,logei,9,slip,0.15,20,rerate3x2,50,10,0.01,0.0,False,1.0
griewank,logei,9,slip,0.15,20,rerate3x2,50,25,0.01,29.0,True,2.16
griewank,logei,9,slip,0.4,20,rerate3x2,50,10,0.01,0.0,False,1.0
griewank,logei,9,slip,0.4,20,rerate3x2,50,25,0.01,29.0,True,2.16
griewank,qnei,10,slip,0.01,0,rerate3x2,50,10,0.01,0.0,False,1.0
griewank,qnei,10,slip,0.01,0,rerate3x2,50,25,0.01,-1.0,False,0.96
griewank,qnei,10,slip,0.05,0,rerate3x2,50,10,0.01,10.0,False,2.0
griewank,qnei,10,slip,0.05,0,rerate3x2,50,25,0.01,30.0,True,2.2
griewank,qnei,10,slip,0.15,0,rerate3x2,50,10,0.01,1.0,False,1.1
griewank,qnei,10,slip,0.15,0,rerate3x2,50,25,0.01,30.0,True,2.2
griewank,qnei,10,slip,0.4,0,rerate3x2,50,10,0.01,43.0,True,5.3
griewank,qnei,10,slip,0.4,0,rerate3x2,50,25,0.01,30.0,True,2.2
griewank,qnei,10,slip,0.01,20,rerate3x2,50,10,0.01,0.0,False,1.0
griewank,qnei,10,slip,0.01,20,rerate3x2,50,25,0.01,0.0,False,1.0
griewank,qnei,10,slip,0.05,20,rerate3x2,50,10,0.01,0.0,False,1.0
griewank,qnei,10,slip,0.05,20,rerate3x2,50,25,0.01,0.0,False,1.0
griewank,qnei,10,slip,0.15,20,rerate3x2,50,10,0.01,0.0,False,1.0
griewank,qnei,10,slip,0.15,20,rerate3x2,50,25,0.01,0.0,False,1.0
griewank,qnei,10,slip,0.4,20,rerate3x2,50,10,0.01,0.0,False,1.0
griewank,qnei,10,slip,0.4,20,rerate3x2,50,25,0.01,0.0,False,1.0
griewank,qnei,11,slip,0.01,0,rerate3x2,50,10,0.01,7.0,False,1.7
griewank,qnei,11,slip,0.01,0,rerate3x2,50,25,0.01,-2.0,False,0.92
griewank,qnei,11,slip,0.05,0,rerate3x2,50,10,0.01,10.0,False,2.0
griewank,qnei,11,slip,0.05,0,rerate3x2,50,25,0.01,25.0,False,2.0
griewank,qnei,11,slip,0.15,0,rerate3x2,50,10,0.01,41.0,True,5.1
griewank,qnei,11,slip,0.15,0,rerate3x2,50,25,0.01,25.0,True,2.0
griewank,qnei,11,slip,0.4,0,rerate3x2,50,10,0.01,41.0,True,5.1
griewank,qnei,11,slip,0.4,0,rerate3x2,50,25,0.01,25.0,True,2.0
griewank,qnei,11,slip,0.01,20,rerate3x2,50,10,0.01,0.0,False,1.0
griewank,qnei,11,slip,0.01,20,rerate3x2,50,25,0.01,0.0,False,1.0
griewank,qnei,11,slip,0.05,20,rerate3x2,50,10,0.01,0.0,False,1.0
griewank,qnei,11,slip,0.05,20,rerate3x2,50,25,0.01,-4.0,False,0.84
griewank,qnei,11,slip,0.15,20,rerate3x2,50,10,0.01,0.0,False,1.0
griewank,qnei,11,slip,0.15,20,rerate3x2,50,25,0.01,25.0,True,2.0
griewank,qnei,11,slip,0.4,20,rerate3x2,50,10,0.01,0.0,False,1.0
griewank,qnei,11,slip,0.4,20,rerate3x2,50,25,0.01,25.0,True,2.0
griewank,qnei,7,slip,0.01,0,rerate3x2,50,10,0.01,3.0,False,1.3
griewank,qnei,7,slip,0.01,0,rerate3x2,50,25,0.01,0.0,False,1.0
griewank,qnei,7,slip,0.05,0,rerate3x2,50,10,0.01,0.0,False,1.0
griewank,qnei,7,slip,0.05,0,rerate3x2,50,25,0.01,30.0,True,2.2
griewank,qnei,7,slip,0.15,0,rerate3x2,50,10,0.01,-3.0,False,0.7
griewank,qnei,7,slip,0.15,0,rerate3x2,50,25,0.01,30.0,True,2.2
griewank,qnei,7,slip,0.4,0,rerate3x2,50,10,0.01,41.0,True,5.1
griewank,qnei,7,slip,0.4,0,rerate3x2,50,25,0.01,30.0,True,2.2
griewank,qnei,7,slip,0.01,20,rerate3x2,50,10,0.01,0.0,False,1.0
griewank,qnei,7,slip,0.01,20,rerate3x2,50,25,0.01,0.0,False,1.0
griewank,qnei,7,slip,0.05,20,rerate3x2,50,10,0.01,0.0,False,1.0
griewank,qnei,7,slip,0.05,20,rerate3x2,50,25,0.01,0.0,False,1.0
griewank,qnei,7,slip,0.15,20,rerate3x2,50,10,0.01,0.0,False,1.0
griewank,qnei,7,slip,0.15,20,rerate3x2,50,25,0.01,0.0,False,1.0
griewank,qnei,7,slip,0.4,20,rerate3x2,50,10,0.01,0.0,False,1.0
griewank,qnei,7,slip,0.4,20,rerate3x2,50,25,0.01,0.0,False,1.0
griewank,qnei,8,slip,0.01,0,rerate3x2,50,10,0.01,10.0,False,2.0
griewank,qnei,8,slip,0.01,0,rerate3x2,50,25,0.01,-1.0,False,0.96
griewank,qnei,8,slip,0.05,0,rerate3x2,50,10,0.01,13.0,False,2.3
griewank,qnei,8,slip,0.05,0,rerate3x2,50,25,0.01,28.0,True,2.12
griewank,qnei,8,slip,0.15,0,rerate3x2,50,10,0.01,-1.0,False,0.9
griewank,qnei,8,slip,0.15,0,rerate3x2,50,25,0.01,28.0,True,2.12
griewank,qnei,8,slip,0.4,0,rerate3x2,50,10,0.01,26.0,False,3.6
griewank,qnei,8,slip,0.4,0,rerate3x2,50,25,0.01,28.0,True,2.12
griewank,qnei,8,slip,0.01,20,rerate3x2,50,10,0.01,0.0,False,1.0
griewank,qnei,8,slip,0.01,20,rerate3x2,50,25,0.01,0.0,False,1.0
griewank,qnei,8,slip,0.05,20,rerate3x2,50,10,0.01,0.0,False,1.0
griewank,qnei,8,slip,0.05,20,rerate3x2,50,25,0.01,-1.0,False,0.96
griewank,qnei,8,slip,0.15,20,rerate3x2,50,10,0.01,0.0,False,1.0
griewank,qnei,8,slip,0.15,20,rerate3x2,50,25,0.01,28.0,True,2.12
griewank,qnei,8,slip,0.4,20,rerate3x2,50,10,0.01,0.0,False,1.0
griewank,qnei,8,slip,0.4,20,rerate3x2,50,25,0.01,28.0,True,2.12
griewank,qnei,9,slip,0.01,0,rerate3x2,50,10,0.01,2.0,False,1.2
griewank,qnei,9,slip,0.01,0,rerate3x2,50,25,0.01,4.0,False,1.16
griewank,qnei,9,slip,0.05,0,rerate3x2,50,10,0.01,1.0,False,1.1
griewank,qnei,9,slip,0.05,0,rerate3x2,50,25,0.01,29.0,True,2.16
griewank,qnei,9,slip,0.15,0,rerate3x2,50,10,0.01,3.0,False,1.3
griewank,qnei,9,slip,0.15,0,rerate3x2,50,25,0.01,29.0,True,2.16
griewank,qnei,9,slip,0.4,0,rerate3x2,50,10,0.01,0.0,False,1.0
griewank,qnei,9,slip,0.4,0,rerate3x2,50,25,0.01,29.0,True,2.16
griewank,qnei,9,slip,0.01,20,rerate3x2,50,10,0.01,0.0,False,1.0
griewank,qnei,9,slip,0.01,20,rerate3x2,50,25,0.01,24.0,False,1.96
griewank,qnei,9,slip,0.05,20,rerate3x2,50,10,0.01,0.0,False,1.0
griewank,qnei,9,slip,0.05,20,rerate3x2,50,25,0.01,3.0,False,1.12
griewank,qnei,9,slip,0.15,20,rerate3x2,50,10,0.01,0.0,False,1.0
griewank,qnei,9,slip,0.15,20,rerate3x2,50,25,0.01,29.0,True,2.16
griewank,qnei,9,slip,0.4,20,rerate3x2,50,10,0.01,0.0,False,1.0
griewank,qnei,9,slip,0.4,20,rerate3x2,50,25,0.01,29.0,True,2.16
hartmann_3,logei,10,slip,0.01,0,rerate3x2,50,10,0.01,4.0,False,1.4
hartmann_3,logei,10,slip,0.01,0,rerate3x2,50,25,0.01,1.0,False,1.04
hartmann_3,logei,10,slip,0.05,0,rerate3x2,50,10,0.01,-1.0,False,0.9
hartmann_3,logei,10,slip,0.05,0,rerate3x2,50,25,0.01,37.0,True,2.48
hartmann_3,logei,10,slip,0.15,0,rerate3x2,50,10,0.01,41.0,True,5.1
hartmann_3,logei,10,slip,0.15,0,rerate3x2,50,25,0.01,37.0,True,2.48
hartmann_3,logei,10,slip,0.4,0,rerate3x2,50,10,0.01,35.0,False,4.5
hartmann_3,logei,10,slip,0.4,0,rerate3x2,50,25,0.01,37.0,True,2.48
hartmann_3,logei,10,slip,0.01,20,rerate3x2,50,10,0.01,0.0,False,1.0
hartmann_3,logei,10,slip,0.01,20,rerate3x2,50,25,0.01,0.0,False,1.0
hartmann_3,logei,10,slip,0.05,20,rerate3x2,50,10,0.01,0.0,False,1.0
hartmann_3,logei,10,slip,0.05,20,rerate3x2,50,25,0.01,0.0,False,1.0
hartmann_3,logei,10,slip,0.15,20,rerate3x2,50,10,0.01,0.0,False,1.0
hartmann_3,logei,10,slip,0.15,20,rerate3x2,50,25,0.01,0.0,False,1.0
hartmann_3,logei,10,slip,0.4,20,rerate3x2,50,10,0.01,0.0,False,1.0
hartmann_3,logei,10,slip,0.4,20,rerate3x2,50,25,0.01,0.0,False,1.0
hartmann_3,logei,11,slip,0.01,0,rerate3x2,50,10,0.01,0.0,False,1.0
hartmann_3,logei,11,slip,0.01,0,rerate3x2,50,25,0.01,-3.0,False,0.88
hartmann_3,logei,11,slip,0.05,0,rerate3x2,50,10,0.01,0.0,False,1.0
hartmann_3,logei,11,slip,0.05,0,rerate3x2,50,25,0.01,30.0,False,2.2
hartmann_3,logei,11,slip,0.15,0,rerate3x2,50,10,0.01,-9.0,False,0.1
hartmann_3,logei,11,slip,0.15,0,rerate3x2,50,25,0.01,31.0,True,2.24
hartmann_3,logei,11,slip,0.4,0,rerate3x2,50,10,0.01,-3.0,False,0.7
hartmann_3,logei,11,slip,0.4,0,rerate3x2,50,25,0.01,31.0,True,2.24
hartmann_3,logei,11,slip,0.01,20,rerate3x2,50,10,0.01,0.0,False,1.0
hartmann_3,logei,11,slip,0.01,20,rerate3x2,50,25,0.01,0.0,False,1.0
hartmann_3,logei,11,slip,0.05,20,rerate3x2,50,10,0.01,0.0,False,1.0
hartmann_3,logei,11,slip,0.05,20,rerate3x2,50,25,0.01,0.0,False,1.0
hartmann_3,logei,11,slip,0.15,20,rerate3x2,50,10,0.01,0.0,False,1.0
hartmann_3,logei,11,slip,0.15,20,rerate3x2,50,25,0.01,0.0,False,1.0
hartmann_3,logei,11,slip,0.4,20,rerate3x2,50,10,0.01,0.0,False,1.0
hartmann_3,logei,11,slip,0.4,20,rerate3x2,50,25,0.01,0.0,False,1.0
hartmann_3,logei,7,slip,0.01,0,rerate3x2,50,10,0.01,-1.0,False,0.9
hartmann_3,logei,7,slip,0.01,0,rerate3x2,50,25,0.01,-1.0,False,0.96
hartmann_3,logei,7,slip,0.05,0,rerate3x2,50,10,0.01,5.0,False,1.5
hartmann_3,logei,7,slip,0.05,0,rerate3x2,50,25,0.01,3.0,False,1.12
hartmann_3,logei,7,slip,0.15,0,rerate3x2,50,10,0.01,37.0,False,4.7
hartmann_3,logei,7,slip,0.15,0,rerate3x2,50,25,0.01,36.0,True,2.44
hartmann_3,logei,7,slip,0.4,0,rerate3x2,50,10,0.01,41.0,True,5.1
hartmann_3,logei,7,slip,0.4,0,rerate3x2,50,25,0.01,36.0,True,2.44
hartmann_3,logei,7,slip,0.01,20,rerate3x2,50,10,0.01,0.0,False,1.0
hartmann_3,logei,7,slip,0.01,20,rerate3x2,50,25,0.01,0.0,False,1.0
hartmann_3,logei,7,slip,0.05,20,rerate3x2,50,10,0.01,0.0,False,1.0
hartmann_3,logei,7,slip,0.05,20,rerate3x2,50,25,0.01,0.0,False,1.0
hartmann_3,logei,7,slip,0.15,20,rerate3x2,50,10,0.01,0.0,False,1.0
hartmann_3,logei,7,slip,0.15,20,rerate3x2,50,25,0.01,0.0,False,1.0
hartmann_3,logei,7,slip,0.4,20,rerate3x2,50,10,0.01,0.0,False,1.0
hartmann_3,logei,7,slip,0.4,20,rerate3x2,50,25,0.01,0.0,False,1.0
hartmann_3,logei,8,slip,0.01,0,rerate3x2,50,10,0.01,2.0,False,1.2
hartmann_3,logei,8,slip,0.01,0,rerate3x2,50,25,0.01,0.0,False,1.0
hartmann_3,logei,8,slip,0.05,0,rerate3x2,50,10,0.01,-2.0,False,0.8
hartmann_3,logei,8,slip,0.05,0,rerate3x2,50,25,0.01,31.0,True,2.24
hartmann_3,logei,8,slip,0.15,0,rerate3x2,50,10,0.01,4.0,False,1.4
hartmann_3,logei,8,slip,0.15,0,rerate3x2,50,25,0.01,17.0,False,1.68
hartmann_3,logei,8,slip,0.4,0,rerate3x2,50,10,0.01,-6.0,False,0.4
hartmann_3,logei,8,slip,0.4,0,rerate3x2,50,25,0.01,31.0,True,2.24
hartmann_3,logei,8,slip,0.01,20,rerate3x2,50,10,0.01,0.0,False,1.0
hartmann_3,logei,8,slip,0.01,20,rerate3x2,50,25,0.01,0.0,False,1.0
hartmann_3,logei,8,slip,0.05,20,rerate3x2,50,10,0.01,0.0,False,1.0
hartmann_3,logei,8,slip,0.05,20,rerate3x2,50,25,0.01,0.0,False,1.0
hartmann_3,logei,8,slip,0.15,20,rerate3x2,50,10,0.01,0.0,False,1.0
hartmann_3,logei,8,slip,0.15,20,rerate3x2,50,25,0.01,0.0,False,1.0
hartmann_3,logei,8,slip,0.4,20,rerate3x2,50,10,0.01,0.0,False,1.0
hartmann_3,logei,8,slip,0.4,20,rerate3x2,50,25,0.01,0.0,False,1.0
hartmann_3,logei,9,slip,0.01,0,rerate3x2,50,10,0.01,5.0,False,1.5
hartmann_3,logei,9,slip,0.01,0,rerate3x2,50,25,0.01,10.0,False,1.4
hartmann_3,logei,9,slip,0.05,0,rerate3x2,50,10,0.01,2.0,False,1.2
hartmann_3,logei,9,slip,0.05,0,rerate3x2,50,25,0.01,-1.0,False,0.96
hartmann_3,logei,9,slip,0.15,0,rerate3x2,50,10,0.01,12.0,False,2.2
hartmann_3,logei,9,slip,0.15,0,rerate3x2,50,25,0.01,36.0,True,2.44
hartmann_3,logei,9,slip,0.4,0,rerate3x2,50,10,0.01,42.0,True,5.2
hartmann_3,logei,9,slip,0.4,0,rerate3x2,50,25,0.01,36.0,True,2.44
hartmann_3,logei,9,slip,0.01,20,rerate3x2,50,10,0.01,0.0,False,1.0
hartmann_3,logei,9,slip,0.01,20,rerate3x2,50,25,0.01,0.0,False,1.0
hartmann_3,logei,9,slip,0.05,20,rerate3x2,50,10,0.01,0.0,False,1.0
hartmann_3,logei,9,slip,0.05,20,rerate3x2,50,25,0.01,0.0,False,1.0
hartmann_3,logei,9,slip,0.15,20,rerate3x2,50,10,0.01,0.0,False,1.0
hartmann_3,logei,9,slip,0.15,20,rerate3x2,50,25,0.01,0.0,False,1.0
hartmann_3,logei,9,slip,0.4,20,rerate3x2,50,10,0.01,0.0,False,1.0
hartmann_3,logei,9,slip,0.4,20,rerate3x2,50,25,0.01,0.0,False,1.0
hartmann_3,qnei,10,slip,0.01,0,rerate3x2,50,10,0.01,1.0,False,1.1
hartmann_3,qnei,10,slip,0.01,0,rerate3x2,50,25,0.01,0.0,False,1.0
hartmann_3,qnei,10,slip,0.05,0,rerate3x2,50,10,0.01,-1.0,False,0.9
hartmann_3,qnei,10,slip,0.05,0,rerate3x2,50,25,0.01,1.0,False,1.04
hartmann_3,qnei,10,slip,0.15,0,rerate3x2,50,10,0.01,-1.0,False,0.9
hartmann_3,qnei,10,slip,0.15,0,rerate3x2,50,25,0.01,36.0,True,2.44
hartmann_3,qnei,10,slip,0.4,0,rerate3x2,50,10,0.01,41.0,True,5.1
hartmann_3,qnei,10,slip,0.4,0,rerate3x2,50,25,0.01,36.0,True,2.44
hartmann_3,qnei,10,slip,0.01,20,rerate3x2,50,10,0.01,0.0,False,1.0
hartmann_3,qnei,10,slip,0.01,20,rerate3x2,50,25,0.01,0.0,False,1.0
hartmann_3,qnei,10,slip,0.05,20,rerate3x2,50,10,0.01,0.0,False,1.0
hartmann_3,qnei,10,slip,0.05,20,rerate3x2,50,25,0.01,0.0,False,1.0
hartmann_3,qnei,10,slip,0.15,20,rerate3x2,50,10,0.01,0.0,False,1.0
hartmann_3,qnei,10,slip,0.15,20,rerate3x2,50,25,0.01,0.0,False,1.0
hartmann_3,qnei,10,slip,0.4,20,rerate3x2,50,10,0.01,0.0,False,1.0
hartmann_3,qnei,10,slip,0.4,20,rerate3x2,50,25,0.01,0.0,False,1.0
hartmann_3,qnei,11,slip,0.01,0,rerate3x2,50,10,0.01,2.0,False,1.2
hartmann_3,qnei,11,slip,0.01,0,rerate3x2,50,25,0.01,4.0,False,1.16
hartmann_3,qnei,11,slip,0.05,0,rerate3x2,50,10,0.01,0.0,False,1.0
hartmann_3,qnei,11,slip,0.05,0,rerate3x2,50,25,0.01,29.0,False,2.16
hartmann_3,qnei,11,slip,0.15,0,rerate3x2,50,10,0.01,3.0,False,1.3
hartmann_3,qnei,11,slip,0.15,0,rerate3x2,50,25,0.01,31.0,True,2.24
hartmann_3,qnei,11,slip,0.4,0,rerate3x2,50,10,0.01,-4.0,False,0.6
hartmann_3,qnei,11,slip,0.4,0,rerate3x2,50,25,0.01,31.0,True,2.24
hartmann_3,qnei,11,slip,0.01,20,rerate3x2,50,10,0.01,0.0,False,1.0
hartmann_3,qnei,11,slip,0.01,20,rerate3x2,50,25,0.01,0.0,False,1.0
hartmann_3,qnei,11,slip,0.05,20,rerate3x2,50,10,0.01,0.0,False,1.0
hartmann_3,qnei,11,slip,0.05,20,rerate3x2,50,25,0.01,0.0,False,1.0
hartmann_3,qnei,11,slip,0.15,20,rerate3x2,50,10,0.01,0.0,False,1.0
hartmann_3,qnei,11,slip,0.15,20,rerate3x2,50,25,0.01,0.0,False,1.0
hartmann_3,qnei,11,slip,0.4,20,rerate3x2,50,10,0.01,0.0,False,1.0
hartmann_3,qnei,11,slip,0.4,20,rerate3x2,50,25,0.01,0.0,False,1.0
hartmann_3,qnei,7,slip,0.01,0,rerate3x2,50,10,0.01,3.0,False,1.3
hartmann_3,qnei,7,slip,0.01,0,rerate3x2,50,25,0.01,1.0,False,1.04
hartmann_3,qnei,7,slip,0.05,0,rerate3x2,50,10,0.01,8.0,False,1.8
hartmann_3,qnei,7,slip,0.05,0,rerate3x2,50,25,0.01,10.0,False,1.4
hartmann_3,qnei,7,slip,0.15,0,rerate3x2,50,10,0.01,40.0,True,5.0
hartmann_3,qnei,7,slip,0.15,0,rerate3x2,50,25,0.01,38.0,True,2.52
hartmann_3,qnei,7,slip,0.4,0,rerate3x2,50,10,0.01,40.0,True,5.0
hartmann_3,qnei,7,slip,0.4,0,rerate3x2,50,25,0.01,38.0,True,2.52
hartmann_3,qnei,7,slip,0.01,20,rerate3x2,50,10,0.01,0.0,False,1.0
hartmann_3,qnei,7,slip,0.01,20,rerate3x2,50,25,0.01,0.0,False,1.0
hartmann_3,qnei,7,slip,0.05,20,rerate3x2,50,10,0.01,0.0,False,1.0
hartmann_3,qnei,7,slip,0.05,20,rerate3x2,50,25,0.01,0.0,False,1.0
hartmann_3,qnei,7,slip,0.15,20,rerate3x2,50,10,0.01,0.0,False,1.0
hartmann_3,qnei,7,slip,0.15,20,rerate3x2,50,25,0.01,0.0,False,1.0
hartmann_3,qnei,7,slip,0.4,20,rerate3x2,50,10,0.01,0.0,False,1.0
hartmann_3,qnei,7,slip,0.4,20,rerate3x2,50,25,0.01,0.0,False,1.0
hartmann_3,qnei,8,slip,0.01,0,rerate3x2,50,10,0.01,3.0,False,1.3
hartmann_3,qnei,8,slip,0.01,0,rerate3x2,50,25,0.01,8.0,False,1.32
hartmann_3,qnei,8,slip,0.05,0,rerate3x2,50,10,0.01,4.0,False,1.4
hartmann_3,qnei,8,slip,0.05,0,rerate3x2,50,25,0.01,34.0,True,2.36
hartmann_3,qnei,8,slip,0.15,0,rerate3x2,50,10,0.01,-7.0,False,0.3
hartmann_3,qnei,8,slip,0.15,0,rerate3x2,50,25,0.01,34.0,True,2.36
hartmann_3,qnei,8,slip,0.4,0,rerate3x2,50,10,0.01,1.0,False,1.1
hartmann_3,qnei,8,slip,0.4,0,rerate3x2,50,25,0.01,34.0,True,2.36
hartmann_3,qnei,8,slip,0.01,20,rerate3x2,50,10,0.01,0.0,False,1.0
hartmann_3,qnei,8,slip,0.01,20,rerate3x2,50,25,0.01,0.0,False,1.0
hartmann_3,qnei,8,slip,0.05,20,rerate3x2,50,10,0.01,0.0,False,1.0
hartmann_3,qnei,8,slip,0.05,20,rerate3x2,50,25,0.01,0.0,False,1.0
hartmann_3,qnei,8,slip,0.15,20,rerate3x2,50,10,0.01,0.0,False,1.0
hartmann_3,qnei,8,slip,0.15,20,rerate3x2,50,25,0.01,0.0,False,1.0
hartmann_3,qnei,8,slip,0.4,20,rerate3x2,50,10,0.01,0.0,False,1.0
hartmann_3,qnei,8,slip,0.4,20,rerate3x2,50,25,0.01,0.0,False,1.0
hartmann_3,qnei,9,slip,0.01,0,rerate3x2,50,10,0.01,4.0,False,1.4
hartmann_3,qnei,9,slip,0.01,0,rerate3x2,50,25,0.01,0.0,False,1.0
hartmann_3,qnei,9,slip,0.05,0,rerate3x2,50,10,0.01,1.0,False,1.1
hartmann_3,qnei,9,slip,0.05,0,rerate3x2,50,25,0.01,32.0,False,2.28
hartmann_3,qnei,9,slip,0.15,0,rerate3x2,50,10,0.01,34.0,False,4.4
hartmann_3,qnei,9,slip,0.15,0,rerate3x2,50,25,0.01,37.0,True,2.48
hartmann_3,qnei,9,slip,0.4,0,rerate3x2,50,10,0.01,-5.0,False,0.5
hartmann_3,qnei,9,slip,0.4,0,rerate3x2,50,25,0.01,37.0,True,2.48
hartmann_3,qnei,9,slip,0.01,20,rerate3x2,50,10,0.01,0.0,False,1.0
hartmann_3,qnei,9,slip,0.01,20,rerate3x2,50,25,0.01,0.0,False,1.0
hartmann_3,qnei,9,slip,0.05,20,rerate3x2,50,10,0.01,0.0,False,1.0
hartmann_3,qnei,9,slip,0.05,20,rerate3x2,50,25,0.01,0.0,False,1.0
hartmann_3,qnei,9,slip,0.15,20,rerate3x2,50,10,0.01,0.0,False,1.0
hartmann_3,qnei,9,slip,0.15,20,rerate3x2,50,25,0.01,0.0,False,1.0
hartmann_3,qnei,9,slip,0.4,20,rerate3x2,50,10,0.01,0.0,False,1.0
hartmann_3,qnei,9,slip,0.4,20,rerate3x2,50,25,0.01,0.0,False,1.0
hartmann_6,logei,10,slip,0.01,0,rerate3x2,50,10,0.01,10.0,False,2.0
hartmann_6,logei,10,slip,0.01,0,rerate3x2,50,25,0.01,4.0,False,1.16
hartmann_6,logei,10,slip,0.05,0,rerate3x2,50,10,0.01,0.0,False,1.0
hartmann_6,logei,10,slip,0.05,0,rerate3x2,50,25,0.01,27.0,True,2.08
hartmann_6,logei,10,slip,0.15,0,rerate3x2,50,10,0.01,12.0,False,2.2
hartmann_6,logei,10,slip,0.15,0,rerate3x2,50,25,0.01,27.0,True,2.08
hartmann_6,logei,10,slip,0.4,0,rerate3x2,50,10,0.01,42.0,True,5.2
hartmann_6,logei,10,slip,0.4,0,rerate3x2,50,25,0.01,27.0,True,2.08
hartmann_6,logei,10,slip,0.01,20,rerate3x2,50,10,0.01,0.0,False,1.0
hartmann_6,logei,10,slip,0.01,20,rerate3x2,50,25,0.01,2.0,False,1.08
hartmann_6,logei,10,slip,0.05,20,rerate3x2,50,10,0.01,0.0,False,1.0
hartmann_6,logei,10,slip,0.05,20,rerate3x2,50,25,0.01,16.0,False,1.64
hartmann_6,logei,10,slip,0.15,20,rerate3x2,50,10,0.01,0.0,False,1.0
hartmann_6,logei,10,slip,0.15,20,rerate3x2,50,25,0.01,27.0,True,2.08
hartmann_6,logei,10,slip,0.4,20,rerate3x2,50,10,0.01,0.0,False,1.0
hartmann_6,logei,10,slip,0.4,20,rerate3x2,50,25,0.01,27.0,True,2.08
hartmann_6,logei,11,slip,0.01,0,rerate3x2,50,10,0.01,0.0,False,1.0
hartmann_6,logei,11,slip,0.01,0,rerate3x2,50,25,0.01,-3.0,False,0.88
hartmann_6,logei,11,slip,0.05,0,rerate3x2,50,10,0.01,-1.0,False,0.9
hartmann_6,logei,11,slip,0.05,0,rerate3x2,50,25,0.01,21.0,False,1.84
hartmann_6,logei,11,slip,0.15,0,rerate3x2,50,10,0.01,-3.0,False,0.7
hartmann_6,logei,11,slip,0.15,0,rerate3x2,50,25,0.01,26.0,True,2.04
hartmann_6,logei,11,slip,0.4,0,rerate3x2,50,10,0.01,-4.0,False,0.6
hartmann_6,logei,11,slip,0.4,0,rerate3x2,50,25,0.01,26.0,True,2.04
hartmann_6,logei,11,slip,0.01,20,rerate3x2,50,10,0.01,0.0,False,1.0
hartmann_6,logei,11,slip,0.01,20,rerate3x2,50,25,0.01,5.0,False,1.2
hartmann_6,logei,11,slip,0.05,20,rerate3x2,50,10,0.01,0.0,False,1.0
hartmann_6,logei,11,slip,0.05,20,rerate3x2,50,25,0.01,22.0,False,1.88
hartmann_6,logei,11,slip,0.15,20,rerate3x2,50,10,0.01,0.0,False,1.0
hartmann_6,logei,11,slip,0.15,20,rerate3x2,50,25,0.01,26.0,True,2.04
hartmann_6,logei,11,slip,0.4,20,rerate3x2,50,10,0.01,0.0,False,1.0
hartmann_6,logei,11,slip,0.4,20,rerate3x2,50,25,0.01,26.0,True,2.04
hartmann_6,logei,7,slip,0.01,0,rerate3x2,50,10,0.01,0.0,False,1.0
hartmann_6,logei,7,slip,0.01,0,rerate3x2,50,25,0.01,-1.0,False,0.96
hartmann_6,logei,7,slip,0.05,0,rerate3x2,50,10,0.01,18.0,False,2.8
hartmann_6,logei,7,slip,0.05,0,rerate3x2,50,25,0.01,30.0,True,2.2
hartmann_6,logei,7,slip,0.15,0,rerate3x2,50,10,0.01,14.0,False,2.4
hartmann_6,logei,7,slip,0.15,0,rerate3x2,50,25,0.01,30.0,True,2.2
hartmann_6,logei,7,slip,0.4,0,rerate3x2,50,10,0.01,40.0,True,5.0
hartmann_6,logei,7,slip,0.4,0,rerate3x2,50,25,0.01,30.0,True,2.2
hartmann_6,logei,7,slip,0.01,20,rerate3x2,50,10,0.01,0.0,False,1.0
hartmann_6,logei,7,slip,0.01,20,rerate3x2,50,25,0.01,0.0,False,1.0
hartmann_6,logei,7,slip,0.05,20,rerate3x2,50,10,0.01,0.0,False,1.0
hartmann_6,logei,7,slip,0.05,20,rerate3x2,50,25,0.01,0.0,False,1.0
hartmann_6,logei,7,slip,0.15,20,rerate3x2,50,10,0.01,0.0,False,1.0
hartmann_6,logei,7,slip,0.15,20,rerate3x2,50,25,0.01,0.0,False,1.0
hartmann_6,logei,7,slip,0.4,20,rerate3x2,50,10,0.01,0.0,False,1.0
hartmann_6,logei,7,slip,0.4,20,rerate3x2,50,25,0.01,0.0,False,1.0
hartmann_6,logei,8,slip,0.01,0,rerate3x2,50,10,0.01,0.0,False,1.0
hartmann_6,logei,8,slip,0.01,0,rerate3x2,50,25,0.01,8.0,False,1.32
hartmann_6,logei,8,slip,0.05,0,rerate3x2,50,10,0.01,8.0,False,1.8
hartmann_6,logei,8,slip,0.05,0,rerate3x2,50,25,0.01,29.0,True,2.16
hartmann_6,logei,8,slip,0.15,0,rerate3x2,50,10,0.01,16.0,False,2.6
hartmann_6,logei,8,slip,0.15,0,rerate3x2,50,25,0.01,29.0,True,2.16
hartmann_6,logei,8,slip,0.4,0,rerate3x2,50,10,0.01,43.0,True,5.3
hartmann_6,logei,8,slip,0.4,0,rerate3x2,50,25,0.01,29.0,True,2.16
hartmann_6,logei,8,slip,0.01,20,rerate3x2,50,10,0.01,0.0,False,1.0
hartmann_6,logei,8,slip,0.01,20,rerate3x2,50,25,0.01,0.0,False,1.0
hartmann_6,logei,8,slip,0.05,20,rerate3x2,50,10,0.01,0.0,False,1.0
hartmann_6,logei,8,slip,0.05,20,rerate3x2,50,25,0.01,29.0,True,2.16
hartmann_6,logei,8,slip,0.15,20,rerate3x2,50,10,0.01,0.0,False,1.0
hartmann_6,logei,8,slip,0.15,20,rerate3x2,50,25,0.01,29.0,True,2.16
hartmann_6,logei,8,slip,0.4,20,rerate3x2,50,10,0.01,0.0,False,1.0
hartmann_6,logei,8,slip,0.4,20,rerate3x2,50,25,0.01,29.0,True,2.16
hartmann_6,logei,9,slip,0.01,0,rerate3x2,50,10,0.01,12.0,False,2.2
hartmann_6,logei,9,slip,0.01,0,rerate3x2,50,25,0.01,11.0,False,1.44
hartmann_6,logei,9,slip,0.05,0,rerate3x2,50,10,0.01,9.0,False,1.9
hartmann_6,logei,9,slip,0.05,0,rerate3x2,50,25,0.01,32.0,True,2.28
hartmann_6,logei,9,slip,0.15,0,rerate3x2,50,10,0.01,26.0,False,3.6
hartmann_6,logei,9,slip,0.15,0,rerate3x2,50,25,0.01,32.0,True,2.28
hartmann_6,logei,9,slip,0.4,0,rerate3x2,50,10,0.01,44.0,True,5.4
hartmann_6,logei,9,slip,0.4,0,rerate3x2,50,25,0.01,32.0,True,2.28
hartmann_6,logei,9,slip,0.01,20,rerate3x2,50,10,0.01,0.0,False,1.0
hartmann_6,logei,9,slip,0.01,20,rerate3x2,50,25,0.01,0.0,False,1.0
hartmann_6,logei,9,slip,0.05,20,rerate3x2,50,10,0.01,0.0,False,1.0
hartmann_6,logei,9,slip,0.05,20,rerate3x2,50,25,0.01,0.0,False,1.0
hartmann_6,logei,9,slip,0.15,20,rerate3x2,50,10,0.01,0.0,False,1.0
hartmann_6,logei,9,slip,0.15,20,rerate3x2,50,25,0.01,0.0,False,1.0
hartmann_6,logei,9,slip,0.4,20,rerate3x2,50,10,0.01,0.0,False,1.0
hartmann_6,logei,9,slip,0.4,20,rerate3x2,50,25,0.01,0.0,False,1.0
hartmann_6,qnei,10,slip,0.01,0,rerate3x2,50,10,0.01,6.0,False,1.6
hartmann_6,qnei,10,slip,0.01,0,rerate3x2,50,25,0.01,9.0,False,1.36
hartmann_6,qnei,10,slip,0.05,0,rerate3x2,50,10,0.01,29.0,False,3.9
hartmann_6,qnei,10,slip,0.05,0,rerate3x2,50,25,0.01,27.0,True,2.08
hartmann_6,qnei,10,slip,0.15,0,rerate3x2,50,10,0.01,0.0,False,1.0
hartmann_6,qnei,10,slip,0.15,0,rerate3x2,50,25,0.01,27.0,True,2.08
hartmann_6,qnei,10,slip,0.4,0,rerate3x2,50,10,0.01,42.0,True,5.2
hartmann_6,qnei,10,slip,0.4,0,rerate3x2,50,25,0.01,27.0,True,2.08
hartmann_6,qnei,10,slip,0.01,20,rerate3x2,50,10,0.01,0.0,False,1.0
hartmann_6,qnei,10,slip,0.01,20,rerate3x2,50,25,0.01,-2.0,False,0.92
hartmann_6,qnei,10,slip,0.05,20,rerate3x2,50,10,0.01,0.0,False,1.0
hartmann_6,qnei,10,slip,0.05,20,rerate3x2,50,25,0.01,10.0,False,1.4
hartmann_6,qnei,10,slip,0.15,20,rerate3x2,50,10,0.01,0.0,False,1.0
hartmann_6,qnei,10,slip,0.15,20,rerate3x2,50,25,0.01,27.0,True,2.08
hartmann_6,qnei,10,slip,0.4,20,rerate3x2,50,10,0.01,0.0,False,1.0
hartmann_6,qnei,10,slip,0.4,20,rerate3x2,50,25,0.01,27.0,True,2.08
hartmann_6,qnei,11,slip,0.01,0,rerate3x2,50,10,0.01,11.0,False,2.1
hartmann_6,qnei,11,slip,0.01,0,rerate3x2,50,25,0.01,10.0,False,1.4
hartmann_6,qnei,11,slip,0.05,0,rerate3x2,50,10,0.01,15.0,False,2.5
hartmann_6,qnei,11,slip,0.05,0,rerate3x2,50,25,0.01,26.0,True,2.04
hartmann_6,qnei,11,slip,0.15,0,rerate3x2,50,10,0.01,-1.0,False,0.9
hartmann_6,qnei,11,slip,0.15,0,rerate3x2,50,25,0.01,26.0,True,2.04
hartmann_6,qnei,11,slip,0.4,0,rerate3x2,50,10,0.01,41.0,True,5.1
hartmann_6,qnei,11,slip,0.4,0,rerate3x2,50,25,0.01,26.0,True,2.04
hartmann_6,qnei,11,slip,0.01,20,rerate3x2,50,10,0.01,0.0,False,1.0
hartmann_6,qnei,11,slip,0.01,20,rerate3x2,50,25,0.01,0.0,False,1.0
hartmann_6,qnei,11,slip,0.05,20,rerate3x2,50,10,0.01,0.0,False,1.0
hartmann_6,qnei,11,slip,0.05,20,rerate3x2,50,25,0.01,12.0,False,1.48
hartmann_6,qnei,11,slip,0.15,20,rerate3x2,50,10,0.01,0.0,False,1.0
hartmann_6,qnei,11,slip,0.15,20,rerate3x2,50,25,0.01,26.0,True,2.04
hartmann_6,qnei,11,slip,0.4,20,rerate3x2,50,10,0.01,0.0,False,1.0
hartmann_6,qnei,11,slip,0.4,20,rerate3x2,50,25,0.01,26.0,True,2.04
hartmann_6,qnei,7,slip,0.01,0,rerate3x2,50,10,0.01,0.0,False,1.0
hartmann_6,qnei,7,slip,0.01,0,rerate3x2,50,25,0.01,12.0,False,1.48
hartmann_6,qnei,7,slip,0.05,0,rerate3x2,50,10,0.01,8.0,False,1.8
hartmann_6,qnei,7,slip,0.05,0,rerate3x2,50,25,0.01,27.0,False,2.08
hartmann_6,qnei,7,slip,0.15,0,rerate3x2,50,10,0.01,23.0,False,3.3
hartmann_6,qnei,7,slip,0.15,0,rerate3x2,50,25,0.01,36.0,True,2.44
hartmann_6,qnei,7,slip,0.4,0,rerate3x2,50,10,0.01,-2.0,False,0.8
hartmann_6,qnei,7,slip,0.4,0,rerate3x2,50,25,0.01,36.0,True,2.44
hartmann_6,qnei,7,slip,0.01,20,rerate3x2,50,10,0.01,0.0,False,1.0
hartmann_6,qnei,7,slip,0.01,20,rerate3x2,50,25,0.01,0.0,False,1.0
hartmann_6,qnei,7,slip,0.05,20,rerate3x2,50,10,0.01,0.0,False,1.0
hartmann_6,qnei,7,slip,0.05,20,rerate3x2,50,25,0.01,0.0,False,1.0
hartmann_6,qnei,7,slip,0.15,20,rerate3x2,50,10,0.01,0.0,False,1.0
hartmann_6,qnei,7,slip,0.15,20,rerate3x2,50,25,0.01,0.0,False,1.0
hartmann_6,qnei,7,slip,0.4,20,rerate3x2,50,10,0.01,0.0,False,1.0
hartmann_6,qnei,7,slip,0.4,20,rerate3x2,50,25,0.01,0.0,False,1.0
hartmann_6,qnei,8,slip,0.01,0,rerate3x2,50,10,0.01,4.0,False,1.4
hartmann_6,qnei,8,slip,0.01,0,rerate3x2,50,25,0.01,10.0,False,1.4
hartmann_6,qnei,8,slip,0.05,0,rerate3x2,50,10,0.01,2.0,False,1.2
hartmann_6,qnei,8,slip,0.05,0,rerate3x2,50,25,0.01,30.0,True,2.2
hartmann_6,qnei,8,slip,0.15,0,rerate3x2,50,10,0.01,0.0,False,1.0
hartmann_6,qnei,8,slip,0.15,0,rerate3x2,50,25,0.01,30.0,True,2.2
hartmann_6,qnei,8,slip,0.4,0,rerate3x2,50,10,0.01,43.0,True,5.3
hartmann_6,qnei,8,slip,0.4,0,rerate3x2,50,25,0.01,30.0,True,2.2
hartmann_6,qnei,8,slip,0.01,20,rerate3x2,50,10,0.01,0.0,False,1.0
hartmann_6,qnei,8,slip,0.01,20,rerate3x2,50,25,0.01,0.0,False,1.0
hartmann_6,qnei,8,slip,0.05,20,rerate3x2,50,10,0.01,0.0,False,1.0
hartmann_6,qnei,8,slip,0.05,20,rerate3x2,50,25,0.01,0.0,False,1.0
hartmann_6,qnei,8,slip,0.15,20,rerate3x2,50,10,0.01,0.0,False,1.0
hartmann_6,qnei,8,slip,0.15,20,rerate3x2,50,25,0.01,0.0,False,1.0
hartmann_6,qnei,8,slip,0.4,20,rerate3x2,50,10,0.01,0.0,False,1.0
hartmann_6,qnei,8,slip,0.4,20,rerate3x2,50,25,0.01,0.0,False,1.0
hartmann_6,qnei,9,slip,0.01,0,rerate3x2,50,10,0.01,7.0,False,1.7
hartmann_6,qnei,9,slip,0.01,0,rerate3x2,50,25,0.01,0.0,False,1.0
hartmann_6,qnei,9,slip,0.05,0,rerate3x2,50,10,0.01,29.0,False,3.9
hartmann_6,qnei,9,slip,0.05,0,rerate3x2,50,25,0.01,29.0,True,2.16
hartmann_6,qnei,9,slip,0.15,0,rerate3x2,50,10,0.01,43.0,True,5.3
hartmann_6,qnei,9,slip,0.15,0,rerate3x2,50,25,0.01,29.0,True,2.16
hartmann_6,qnei,9,slip,0.4,0,rerate3x2,50,10,0.01,15.0,False,2.5
hartmann_6,qnei,9,slip,0.4,0,rerate3x2,50,25,0.01,29.0,True,2.16
hartmann_6,qnei,9,slip,0.01,20,rerate3x2,50,10,0.01,0.0,False,1.0
hartmann_6,qnei,9,slip,0.01,20,rerate3x2,50,25,0.01,24.0,False,1.96
hartmann_6,qnei,9,slip,0.05,20,rerate3x2,50,10,0.01,0.0,False,1.0
hartmann_6,qnei,9,slip,0.05,20,rerate3x2,50,25,0.01,29.0,True,2.16
hartmann_6,qnei,9,slip,0.15,20,rerate3x2,50,10,0.01,0.0,False,1.0
hartmann_6,qnei,9,slip,0.15,20,rerate3x2,50,25,0.01,29.0,True,2.16
hartmann_6,qnei,9,slip,0.4,20,rerate3x2,50,10,0.01,0.0,False,1.0
hartmann_6,qnei,9,slip,0.4,20,rerate3x2,50,25,0.01,29.0,True,2.16
hicks_law,logei,10,slip,0.01,0,rerate3x2,50,10,0.01,18.0,False,2.8
hicks_law,logei,10,slip,0.01,0,rerate3x2,50,25,0.01,18.0,False,1.72
hicks_law,logei,10,slip,0.05,0,rerate3x2,50,10,0.01,5.0,False,1.5
hicks_law,logei,10,slip,0.05,0,rerate3x2,50,25,0.01,5.0,False,1.2
hicks_law,logei,10,slip,0.15,0,rerate3x2,50,10,0.01,22.0,False,3.2
hicks_law,logei,10,slip,0.15,0,rerate3x2,50,25,0.01,22.0,False,1.88
hicks_law,logei,10,slip,0.4,0,rerate3x2,50,10,0.01,41.0,True,5.1
hicks_law,logei,10,slip,0.4,0,rerate3x2,50,25,0.01,41.0,True,2.64
hicks_law,logei,10,slip,0.01,20,rerate3x2,50,10,0.01,0.0,False,1.0
hicks_law,logei,10,slip,0.01,20,rerate3x2,50,25,0.01,0.0,False,1.0
hicks_law,logei,10,slip,0.05,20,rerate3x2,50,10,0.01,0.0,False,1.0
hicks_law,logei,10,slip,0.05,20,rerate3x2,50,25,0.01,0.0,False,1.0
hicks_law,logei,10,slip,0.15,20,rerate3x2,50,10,0.01,0.0,False,1.0
hicks_law,logei,10,slip,0.15,20,rerate3x2,50,25,0.01,0.0,False,1.0
hicks_law,logei,10,slip,0.4,20,rerate3x2,50,10,0.01,0.0,False,1.0
hicks_law,logei,10,slip,0.4,20,rerate3x2,50,25,0.01,0.0,False,1.0
hicks_law,logei,11,slip,0.01,0,rerate3x2,50,10,0.01,2.0,False,1.2
hicks_law,logei,11,slip,0.01,0,rerate3x2,50,25,0.01,2.0,False,1.08
hicks_law,logei,11,slip,0.05,0,rerate3x2,50,10,0.01,6.0,False,1.6
hicks_law,logei,11,slip,0.05,0,rerate3x2,50,25,0.01,6.0,False,1.24
hicks_law,logei,11,slip,0.15,0,rerate3x2,50,10,0.01,6.0,False,1.6
hicks_law,logei,11,slip,0.15,0,rerate3x2,50,25,0.01,6.0,False,1.24
hicks_law,logei,11,slip,0.4,0,rerate3x2,50,10,0.01,40.0,True,5.0
hicks_law,logei,11,slip,0.4,0,rerate3x2,50,25,0.01,40.0,True,2.6
hicks_law,logei,11,slip,0.01,20,rerate3x2,50,10,0.01,0.0,False,1.0
hicks_law,logei,11,slip,0.01,20,rerate3x2,50,25,0.01,0.0,False,1.0
hicks_law,logei,11,slip,0.05,20,rerate3x2,50,10,0.01,0.0,False,1.0
hicks_law,logei,11,slip,0.05,20,rerate3x2,50,25,0.01,0.0,False,1.0
hicks_law,logei,11,slip,0.15,20,rerate3x2,50,10,0.01,0.0,False,1.0
hicks_law,logei,11,slip,0.15,20,rerate3x2,50,25,0.01,0.0,False,1.0
hicks_law,logei,11,slip,0.4,20,rerate3x2,50,10,0.01,0.0,False,1.0
hicks_law,logei,11,slip,0.4,20,rerate3x2,50,25,0.01,0.0,False,1.0
hicks_law,logei,7,slip,0.01,0,rerate3x2,50,10,0.01,1.0,False,1.1
hicks_law,logei,7,slip,0.01,0,rerate3x2,50,25,0.01,1.0,False,1.04
hicks_law,logei,7,slip,0.05,0,rerate3x2,50,10,0.01,0.0,False,1.0
hicks_law,logei,7,slip,0.05,0,rerate3x2,50,25,0.01,0.0,False,1.0
hicks_law,logei,7,slip,0.15,0,rerate3x2,50,10,0.01,42.0,True,5.2
hicks_law,logei,7,slip,0.15,0,rerate3x2,50,25,0.01,42.0,True,2.68
hicks_law,logei,7,slip,0.4,0,rerate3x2,50,10,0.01,42.0,True,5.2
hicks_law,logei,7,slip,0.4,0,rerate3x2,50,25,0.01,42.0,True,2.68
hicks_law,logei,7,slip,0.01,20,rerate3x2,50,10,0.01,0.0,False,1.0
hicks_law,logei,7,slip,0.01,20,rerate3x2,50,25,0.01,0.0,False,1.0
hicks_law,logei,7,slip,0.05,20,rerate3x2,50,10,0.01,0.0,False,1.0
hicks_law,logei,7,slip,0.05,20,rerate3x2,50,25,0.01,0.0,False,1.0
hicks_law,logei,7,slip,0.15,20,rerate3x2,50,10,0.01,0.0,False,1.0
hicks_law,logei,7,slip,0.15,20,rerate3x2,50,25,0.01,0.0,False,1.0
hicks_law,logei,7,slip,0.4,20,rerate3x2,50,10,0.01,0.0,False,1.0
hicks_law,logei,7,slip,0.4,20,rerate3x2,50,25,0.01,0.0,False,1.0
hicks_law,logei,8,slip,0.01,0,rerate3x2,50,10,0.01,2.0,False,1.2
hicks_law,logei,8,slip,0.01,0,rerate3x2,50,25,0.01,2.0,False,1.08
hicks_law,logei,8,slip,0.05,0,rerate3x2,50,10,0.01,4.0,False,1.4
hicks_law,logei,8,slip,0.05,0,rerate3x2,50,25,0.01,4.0,False,1.16
hicks_law,logei,8,slip,0.15,0,rerate3x2,50,10,0.01,41.0,True,5.1
hicks_law,logei,8,slip,0.15,0,rerate3x2,50,25,0.01,41.0,True,2.64
hicks_law,logei,8,slip,0.4,0,rerate3x2,50,10,0.01,41.0,True,5.1
hicks_law,logei,8,slip,0.4,0,rerate3x2,50,25,0.01,41.0,True,2.64
hicks_law,logei,8,slip,0.01,20,rerate3x2,50,10,0.01,0.0,False,1.0
hicks_law,logei,8,slip,0.01,20,rerate3x2,50,25,0.01,0.0,False,1.0
hicks_law,logei,8,slip,0.05,20,rerate3x2,50,10,0.01,0.0,False,1.0
hicks_law,logei,8,slip,0.05,20,rerate3x2,50,25,0.01,0.0,False,1.0
hicks_law,logei,8,slip,0.15,20,rerate3x2,50,10,0.01,0.0,False,1.0
hicks_law,logei,8,slip,0.15,20,rerate3x2,50,25,0.01,0.0,False,1.0
hicks_law,logei,8,slip,0.4,20,rerate3x2,50,10,0.01,0.0,False,1.0
hicks_law,logei,8,slip,0.4,20,rerate3x2,50,25,0.01,0.0,False,1.0
hicks_law,logei,9,slip,0.01,0,rerate3x2,50,10,0.01,2.0,False,1.2
hicks_law,logei,9,slip,0.01,0,rerate3x2,50,25,0.01,2.0,False,1.08
hicks_law,logei,9,slip,0.05,0,rerate3x2,50,10,0.01,30.0,False,4.0
hicks_law,logei,9,slip,0.05,0,rerate3x2,50,25,0.01,30.0,False,2.2
hicks_law,logei,9,slip,0.15,0,rerate3x2,50,10,0.01,42.0,True,5.2
hicks_law,logei,9,slip,0.15,0,rerate3x2,50,25,0.01,42.0,True,2.68
hicks_law,logei,9,slip,0.4,0,rerate3x2,50,10,0.01,42.0,True,5.2
hicks_law,logei,9,slip,0.4,0,rerate3x2,50,25,0.01,42.0,True,2.68
hicks_law,logei,9,slip,0.01,20,rerate3x2,50,10,0.01,0.0,False,1.0
hicks_law,logei,9,slip,0.01,20,rerate3x2,50,25,0.01,0.0,False,1.0
hicks_law,logei,9,slip,0.05,20,rerate3x2,50,10,0.01,0.0,False,1.0
hicks_law,logei,9,slip,0.05,20,rerate3x2,50,25,0.01,0.0,False,1.0
hicks_law,logei,9,slip,0.15,20,rerate3x2,50,10,0.01,0.0,False,1.0
hicks_law,logei,9,slip,0.15,20,rerate3x2,50,25,0.01,0.0,False,1.0
hicks_law,logei,9,slip,0.4,20,rerate3x2,50,10,0.01,0.0,False,1.0
hicks_law,logei,9,slip,0.4,20,rerate3x2,50,25,0.01,0.0,False,1.0
hicks_law,qnei,10,slip,0.01,0,rerate3x2,50,10,0.01,41.0,True,5.1
hicks_law,qnei,10,slip,0.01,0,rerate3x2,50,25,0.01,41.0,True,2.64
hicks_law,qnei,10,slip,0.05,0,rerate3x2,50,10,0.01,41.0,True,5.1
hicks_law,qnei,10,slip,0.05,0,rerate3x2,50,25,0.01,41.0,True,2.64
hicks_law,qnei,10,slip,0.15,0,rerate3x2,50,10,0.01,41.0,True,5.1
hicks_law,qnei,10,slip,0.15,0,rerate3x2,50,25,0.01,41.0,True,2.64
hicks_law,qnei,10,slip,0.4,0,rerate3x2,50,10,0.01,41.0,True,5.1
hicks_law,qnei,10,slip,0.4,0,rerate3x2,50,25,0.01,41.0,True,2.64
hicks_law,qnei,10,slip,0.01,20,rerate3x2,50,10,0.01,0.0,False,1.0
hicks_law,qnei,10,slip,0.01,20,rerate3x2,50,25,0.01,0.0,False,1.0
hicks_law,qnei,10,slip,0.05,20,rerate3x2,50,10,0.01,0.0,False,1.0
hicks_law,qnei,10,slip,0.05,20,rerate3x2,50,25,0.01,0.0,False,1.0
hicks_law,qnei,10,slip,0.15,20,rerate3x2,50,10,0.01,0.0,False,1.0
hicks_law,qnei,10,slip,0.15,20,rerate3x2,50,25,0.01,0.0,False,1.0
hicks_law,qnei,10,slip,0.4,20,rerate3x2,50,10,0.01,0.0,False,1.0
hicks_law,qnei,10,slip,0.4,20,rerate3x2,50,25,0.01,0.0,False,1.0
hicks_law,qnei,11,slip,0.01,0,rerate3x2,50,10,0.01,40.0,True,5.0
hicks_law,qnei,11,slip,0.01,0,rerate3x2,50,25,0.01,40.0,True,2.6
hicks_law,qnei,11,slip,0.05,0,rerate3x2,50,10,0.01,-2.0,False,0.8
hicks_law,qnei,11,slip,0.05,0,rerate3x2,50,25,0.01,-2.0,False,0.92
hicks_law,qnei,11,slip,0.15,0,rerate3x2,50,10,0.01,40.0,True,5.0
hicks_law,qnei,11,slip,0.15,0,rerate3x2,50,25,0.01,40.0,True,2.6
hicks_law,qnei,11,slip,0.4,0,rerate3x2,50,10,0.01,7.0,False,1.7
hicks_law,qnei,11,slip,0.4,0,rerate3x2,50,25,0.01,7.0,False,1.28
hicks_law,qnei,11,slip,0.01,20,rerate3x2,50,10,0.01,0.0,False,1.0
hicks_law,qnei,11,slip,0.01,20,rerate3x2,50,25,0.01,0.0,False,1.0
hicks_law,qnei,11,slip,0.05,20,rerate3x2,50,10,0.01,0.0,False,1.0
hicks_law,qnei,11,slip,0.05,20,rerate3x2,50,25,0.01,0.0,False,1.0
hicks_law,qnei,11,slip,0.15,20,rerate3x2,50,10,0.01,0.0,False,1.0
hicks_law,qnei,11,slip,0.15,20,rerate3x2,50,25,0.01,0.0,False,1.0
hicks_law,qnei,11,slip,0.4,20,rerate3x2,50,10,0.01,0.0,False,1.0
hicks_law,qnei,11,slip,0.4,20,rerate3x2,50,25,0.01,0.0,False,1.0
hicks_law,qnei,7,slip,0.01,0,rerate3x2,50,10,0.01,40.0,False,5.0
hicks_law,qnei,7,slip,0.01,0,rerate3x2,50,25,0.01,40.0,False,2.6
hicks_law,qnei,7,slip,0.05,0,rerate3x2,50,10,0.01,42.0,True,5.2
hicks_law,qnei,7,slip,0.05,0,rerate3x2,50,25,0.01,42.0,True,2.68
hicks_law,qnei,7,slip,0.15,0,rerate3x2,50,10,0.01,42.0,True,5.2
hicks_law,qnei,7,slip,0.15,0,rerate3x2,50,25,0.01,42.0,True,2.68
hicks_law,qnei,7,slip,0.4,0,rerate3x2,50,10,0.01,42.0,True,5.2
hicks_law,qnei,7,slip,0.4,0,rerate3x2,50,25,0.01,42.0,True,2.68
hicks_law,qnei,7,slip,0.01,20,rerate3x2,50,10,0.01,0.0,False,1.0
hicks_law,qnei,7,slip,0.01,20,rerate3x2,50,25,0.01,0.0,False,1.0
hicks_law,qnei,7,slip,0.05,20,rerate3x2,50,10,0.01,0.0,False,1.0
hicks_law,qnei,7,slip,0.05,20,rerate3x2,50,25,0.01,0.0,False,1.0
hicks_law,qnei,7,slip,0.15,20,rerate3x2,50,10,0.01,0.0,False,1.0
hicks_law,qnei,7,slip,0.15,20,rerate3x2,50,25,0.01,0.0,False,1.0
hicks_law,qnei,7,slip,0.4,20,rerate3x2,50,10,0.01,0.0,False,1.0
hicks_law,qnei,7,slip,0.4,20,rerate3x2,50,25,0.01,0.0,False,1.0
hicks_law,qnei,8,slip,0.01,0,rerate3x2,50,10,0.01,36.0,False,4.6
hicks_law,qnei,8,slip,0.01,0,rerate3x2,50,25,0.01,36.0,False,2.44
hicks_law,qnei,8,slip,0.05,0,rerate3x2,50,10,0.01,41.0,True,5.1
hicks_law,qnei,8,slip,0.05,0,rerate3x2,50,25,0.01,41.0,True,2.64
hicks_law,qnei,8,slip,0.15,0,rerate3x2,50,10,0.01,41.0,True,5.1
hicks_law,qnei,8,slip,0.15,0,rerate3x2,50,25,0.01,41.0,True,2.64
hicks_law,qnei,8,slip,0.4,0,rerate3x2,50,10,0.01,41.0,True,5.1
hicks_law,qnei,8,slip,0.4,0,rerate3x2,50,25,0.01,41.0,True,2.64
hicks_law,qnei,8,slip,0.01,20,rerate3x2,50,10,0.01,0.0,False,1.0
hicks_law,qnei,8,slip,0.01,20,rerate3x2,50,25,0.01,0.0,False,1.0
hicks_law,qnei,8,slip,0.05,20,rerate3x2,50,10,0.01,0.0,False,1.0
hicks_law,qnei,8,slip,0.05,20,rerate3x2,50,25,0.01,0.0,False,1.0
hicks_law,qnei,8,slip,0.15,20,rerate3x2,50,10,0.01,0.0,False,1.0
hicks_law,qnei,8,slip,0.15,20,rerate3x2,50,25,0.01,0.0,False,1.0
hicks_law,qnei,8,slip,0.4,20,rerate3x2,50,10,0.01,0.0,False,1.0
hicks_law,qnei,8,slip,0.4,20,rerate3x2,50,25,0.01,0.0,False,1.0
hicks_law,qnei,9,slip,0.01,0,rerate3x2,50,10,0.01,42.0,True,5.2
hicks_law,qnei,9,slip,0.01,0,rerate3x2,50,25,0.01,42.0,True,2.68
hicks_law,qnei,9,slip,0.05,0,rerate3x2,50,10,0.01,-1.0,False,0.9
hicks_law,qnei,9,slip,0.05,0,rerate3x2,50,25,0.01,-1.0,False,0.96
hicks_law,qnei,9,slip,0.15,0,rerate3x2,50,10,0.01,42.0,True,5.2
hicks_law,qnei,9,slip,0.15,0,rerate3x2,50,25,0.01,42.0,True,2.68
hicks_law,qnei,9,slip,0.4,0,rerate3x2,50,10,0.01,42.0,True,5.2
hicks_law,qnei,9,slip,0.4,0,rerate3x2,50,25,0.01,42.0,True,2.68
hicks_law,qnei,9,slip,0.01,20,rerate3x2,50,10,0.01,0.0,False,1.0
hicks_law,qnei,9,slip,0.01,20,rerate3x2,50,25,0.01,0.0,False,1.0
hicks_law,qnei,9,slip,0.05,20,rerate3x2,50,10,0.01,0.0,False,1.0
hicks_law,qnei,9,slip,0.05,20,rerate3x2,50,25,0.01,0.0,False,1.0
hicks_law,qnei,9,slip,0.15,20,rerate3x2,50,10,0.01,0.0,False,1.0
hicks_law,qnei,9,slip,0.15,20,rerate3x2,50,25,0.01,0.0,False,1.0
hicks_law,qnei,9,slip,0.4,20,rerate3x2,50,10,0.01,0.0,False,1.0
hicks_law,qnei,9,slip,0.4,20,rerate3x2,50,25,0.01,0.0,False,1.0
levy_10,logei,10,slip,0.01,0,rerate3x2,50,10,0.01,-4.0,False,0.6
levy_10,logei,10,slip,0.01,0,rerate3x2,50,25,0.01,5.0,False,1.2
levy_10,logei,10,slip,0.05,0,rerate3x2,50,10,0.01,-3.0,False,0.7
levy_10,logei,10,slip,0.05,0,rerate3x2,50,25,0.01,-10.0,False,0.6
levy_10,logei,10,slip,0.15,0,rerate3x2,50,10,0.01,-2.0,False,0.8
levy_10,logei,10,slip,0.15,0,rerate3x2,50,25,0.01,27.0,True,2.08
levy_10,logei,10,slip,0.4,0,rerate3x2,50,10,0.01,20.0,False,3.0
levy_10,logei,10,slip,0.4,0,rerate3x2,50,25,0.01,27.0,True,2.08
levy_10,logei,10,slip,0.01,20,rerate3x2,50,10,0.01,0.0,False,1.0
levy_10,logei,10,slip,0.01,20,rerate3x2,50,25,0.01,12.0,False,1.48
levy_10,logei,10,slip,0.05,20,rerate3x2,50,10,0.01,0.0,False,1.0
levy_10,logei,10,slip,0.05,20,rerate3x2,50,25,0.01,23.0,False,1.92
levy_10,logei,10,slip,0.15,20,rerate3x2,50,10,0.01,0.0,False,1.0
levy_10,logei,10,slip,0.15,20,rerate3x2,50,25,0.01,27.0,True,2.08
levy_10,logei,10,slip,0.4,20,rerate3x2,50,10,0.01,0.0,False,1.0
levy_10,logei,10,slip,0.4,20,rerate3x2,50,25,0.01,27.0,True,2.08
levy_10,logei,11,slip,0.01,0,rerate3x2,50,10,0.01,0.0,False,1.0
levy_10,logei,11,slip,0.01,0,rerate3x2,50,25,0.01,4.0,False,1.16
levy_10,logei,11,slip,0.05,0,rerate3x2,50,10,0.01,-3.0,False,0.7
levy_10,logei,11,slip,0.05,0,rerate3x2,50,25,0.01,-6.0,False,0.76
levy_10,logei,11,slip,0.15,0,rerate3x2,50,10,0.01,-1.0,False,0.9
levy_10,logei,11,slip,0.15,0,rerate3x2,50,25,0.01,38.0,True,2.52
levy_10,logei,11,slip,0.4,0,rerate3x2,50,10,0.01,41.0,True,5.1
levy_10,logei,11,slip,0.4,0,rerate3x2,50,25,0.01,38.0,True,2.52
levy_10,logei,11,slip,0.01,20,rerate3x2,50,10,0.01,0.0,False,1.0
levy_10,logei,11,slip,0.01,20,rerate3x2,50,25,0.01,0.0,False,1.0
levy_10,logei,11,slip,0.05,20,rerate3x2,50,10,0.01,0.0,False,1.0
levy_10,logei,11,slip,0.05,20,rerate3x2,50,25,0.01,0.0,False,1.0
levy_10,logei,11,slip,0.15,20,rerate3x2,50,10,0.01,0.0,False,1.0
levy_10,logei,11,slip,0.15,20,rerate3x2,50,25,0.01,0.0,False,1.0
levy_10,logei,11,slip,0.4,20,rerate3x2,50,10,0.01,0.0,False,1.0
levy_10,logei,11,slip,0.4,20,rerate3x2,50,25,0.01,0.0,False,1.0
levy_10,logei,7,slip,0.01,0,rerate3x2,50,10,0.01,-1.0,False,0.9
levy_10,logei,7,slip,0.01,0,rerate3x2,50,25,0.01,23.0,False,1.92
levy_10,logei,7,slip,0.05,0,rerate3x2,50,10,0.01,27.0,False,3.7
levy_10,logei,7,slip,0.05,0,rerate3x2,50,25,0.01,22.0,False,1.88
levy_10,logei,7,slip,0.15,0,rerate3x2,50,10,0.01,41.0,True,5.1
levy_10,logei,7,slip,0.15,0,rerate3x2,50,25,0.01,30.0,True,2.2
levy_10,logei,7,slip,0.4,0,rerate3x2,50,10,0.01,41.0,True,5.1
levy_10,logei,7,slip,0.4,0,rerate3x2,50,25,0.01,30.0,True,2.2
levy_10,logei,7,slip,0.01,20,rerate3x2,50,10,0.01,0.0,False,1.0
levy_10,logei,7,slip,0.01,20,rerate3x2,50,25,0.01,0.0,False,1.0
levy_10,logei,7,slip,0.05,20,rerate3x2,50,10,0.01,0.0,False,1.0
levy_10,logei,7,slip,0.05,20,rerate3x2,50,25,0.01,0.0,False,1.0
levy_10,logei,7,slip,0.15,20,rerate3x2,50,10,0.01,0.0,False,1.0
levy_10,logei,7,slip,0.15,20,rerate3x2,50,25,0.01,0.0,False,1.0
levy_10,logei,7,slip,0.4,20,rerate3x2,50,10,0.01,0.0,False,1.0
levy_10,logei,7,slip,0.4,20,rerate3x2,50,25,0.01,0.0,False,1.0
levy_10,logei,8,slip,0.01,0,rerate3x2,50,10,0.01,0.0,False,1.0
levy_10,logei,8,slip,0.01,0,rerate3x2,50,25,0.01,-13.0,False,0.48
levy_10,logei,8,slip,0.05,0,rerate3x2,50,10,0.01,14.0,False,2.4
levy_10,logei,8,slip,0.05,0,rerate3x2,50,25,0.01,32.0,True,2.28
levy_10,logei,8,slip,0.15,0,rerate3x2,50,10,0.01,45.0,True,5.5
levy_10,logei,8,slip,0.15,0,rerate3x2,50,25,0.01,32.0,True,2.28
levy_10,logei,8,slip,0.4,0,rerate3x2,50,10,0.01,45.0,True,5.5
levy_10,logei,8,slip,0.4,0,rerate3x2,50,25,0.01,32.0,True,2.28
levy_10,logei,8,slip,0.01,20,rerate3x2,50,10,0.01,0.0,False,1.0
levy_10,logei,8,slip,0.01,20,rerate3x2,50,25,0.01,0.0,False,1.0
levy_10,logei,8,slip,0.05,20,rerate3x2,50,10,0.01,0.0,False,1.0
levy_10,logei,8,slip,0.05,20,rerate3x2,50,25,0.01,0.0,False,1.0
levy_10,logei,8,slip,0.15,20,rerate3x2,50,10,0.01,0.0,False,1.0
levy_10,logei,8,slip,0.15,20,rerate3x2,50,25,0.01,0.0,False,1.0
levy_10,logei,8,slip,0.4,20,rerate3x2,50,10,0.01,0.0,False,1.0
levy_10,logei,8,slip,0.4,20,rerate3x2,50,25,0.01,0.0,False,1.0
levy_10,logei,9,slip,0.01,0,rerate3x2,50,10,0.01,0.0,False,1.0
levy_10,logei,9,slip,0.01,0,rerate3x2,50,25,0.01,-18.0,False,0.28
levy_10,logei,9,slip,0.05,0,rerate3x2,50,10,0.01,0.0,False,1.0
levy_10,logei,9,slip,0.05,0,rerate3x2,50,25,0.01,-8.0,False,0.68
levy_10,logei,9,slip,0.15,0,rerate3x2,50,10,0.01,1.0,False,1.1
levy_10,logei,9,slip,0.15,0,rerate3x2,50,25,0.01,-10.0,False,0.6
levy_10,logei,9,slip,0.4,0,rerate3x2,50,10,0.01,44.0,True,5.4
levy_10,logei,9,slip,0.4,0,rerate3x2,50,25,0.01,26.0,True,2.04
levy_10,logei,9,slip,0.01,20,rerate3x2,50,10,0.01,0.0,False,1.0
levy_10,logei,9,slip,0.01,20,rerate3x2,50,25,0.01,0.0,False,1.0
levy_10,logei,9,slip,0.05,20,rerate3x2,50,10,0.01,0.0,False,1.0
levy_10,logei,9,slip,0.05,20,rerate3x2,50,25,0.01,4.0,False,1.16
levy_10,logei,9,slip,0.15,20,rerate3x2,50,10,0.01,0.0,False,1.0
levy_10,logei,9,slip,0.15,20,rerate3x2,50,25,0.01,-1.0,False,0.96
levy_10,logei,9,slip,0.4,20,rerate3x2,50,10,0.01,0.0,False,1.0
levy_10,logei,9,slip,0.4,20,rerate3x2,50,25,0.01,26.0,True,2.04
levy_10,qnei,10,slip,0.01,0,rerate3x2,50,10,0.01,0.0,False,1.0
levy_10,qnei,10,slip,0.01,0,rerate3x2,50,25,0.01,-1.0,False,0.96
levy_10,qnei,10,slip,0.05,0,rerate3x2,50,10,0.01,3.0,False,1.3
levy_10,qnei,10,slip,0.05,0,rerate3x2,50,25,0.01,17.0,False,1.68
levy_10,qnei,10,slip,0.15,0,rerate3x2,50,10,0.01,-6.0,False,0.4
levy_10,qnei,10,slip,0.15,0,rerate3x2,50,25,0.01,18.0,False,1.72
levy_10,qnei,10,slip,0.4,0,rerate3x2,50,10,0.01,41.0,True,5.1
levy_10,qnei,10,slip,0.4,0,rerate3x2,50,25,0.01,29.0,True,2.16
levy_10,qnei,10,slip,0.01,20,rerate3x2,50,10,0.01,0.0,False,1.0
levy_10,qnei,10,slip,0.01,20,rerate3x2,50,25,0.01,9.0,False,1.36
levy_10,qnei,10,slip,0.05,20,rerate3x2,50,10,0.01,0.0,False,1.0
levy_10,qnei,10,slip,0.05,20,rerate3x2,50,25,0.01,11.0,False,1.44
levy_10,qnei,10,slip,0.15,20,rerate3x2,50,10,0.01,0.0,False,1.0
levy_10,qnei,10,slip,0.15,20,rerate3x2,50,25,0.01,5.0,False,1.2
levy_10,qnei,10,slip,0.4,20,rerate3x2,50,10,0.01,0.0,False,1.0
levy_10,qnei,10,slip,0.4,20,rerate3x2,50,25,0.01,29.0,True,2.16
levy_10,qnei,11,slip,0.01,0,rerate3x2,50,10,0.01,5.0,False,1.5
levy_10,qnei,11,slip,0.01,0,rerate3x2,50,25,0.01,24.0,False,1.96
levy_10,qnei,11,slip,0.05,0,rerate3x2,50,10,0.01,2.0,False,1.2
levy_10,qnei,11,slip,0.05,0,rerate3x2,50,25,0.01,13.0,False,1.52
levy_10,qnei,11,slip,0.15,0,rerate3x2,50,10,0.01,23.0,False,3.3
levy_10,qnei,11,slip,0.15,0,rerate3x2,50,25,0.01,29.0,True,2.16
levy_10,qnei,11,slip,0.4,0,rerate3x2,50,10,0.01,42.0,True,5.2
levy_10,qnei,11,slip,0.4,0,rerate3x2,50,25,0.01,29.0,True,2.16
levy_10,qnei,11,slip,0.01,20,rerate3x2,50,10,0.01,0.0,False,1.0
levy_10,qnei,11,slip,0.01,20,rerate3x2,50,25,0.01,0.0,False,1.0
levy_10,qnei,11,slip,0.05,20,rerate3x2,50,10,0.01,0.0,False,1.0
levy_10,qnei,11,slip,0.05,20,rerate3x2,50,25,0.01,14.0,False,1.56
levy_10,qnei,11,slip,0.15,20,rerate3x2,50,10,0.01,0.0,False,1.0
levy_10,qnei,11,slip,0.15,20,rerate3x2,50,25,0.01,29.0,True,2.16
levy_10,qnei,11,slip,0.4,20,rerate3x2,50,10,0.01,0.0,False,1.0
levy_10,qnei,11,slip,0.4,20,rerate3x2,50,25,0.01,29.0,True,2.16
levy_10,qnei,7,slip,0.01,0,rerate3x2,50,10,0.01,-3.0,False,0.7
levy_10,qnei,7,slip,0.01,0,rerate3x2,50,25,0.01,-1.0,False,0.96
levy_10,qnei,7,slip,0.05,0,rerate3x2,50,10,0.01,31.0,False,4.1
levy_10,qnei,7,slip,0.05,0,rerate3x2,50,25,0.01,16.0,False,1.64
levy_10,qnei,7,slip,0.15,0,rerate3x2,50,10,0.01,3.0,False,1.3
levy_10,qnei,7,slip,0.15,0,rerate3x2,50,25,0.01,14.0,False,1.56
levy_10,qnei,7,slip,0.4,0,rerate3x2,50,10,0.01,40.0,True,5.0
levy_10,qnei,7,slip,0.4,0,rerate3x2,50,25,0.01,25.0,True,2.0
levy_10,qnei,7,slip,0.01,20,rerate3x2,50,10,0.01,0.0,False,1.0
levy_10,qnei,7,slip,0.01,20,rerate3x2,50,25,0.01,20.0,False,1.8
levy_10,qnei,7,slip,0.05,20,rerate3x2,50,10,0.01,0.0,False,1.0
levy_10,qnei,7,slip,0.05,20,rerate3x2,50,25,0.01,20.0,False,1.8
levy_10,qnei,7,slip,0.15,20,rerate3x2,50,10,0.01,0.0,False,1.0
levy_10,qnei,7,slip,0.15,20,rerate3x2,50,25,0.01,25.0,True,2.0
levy_10,qnei,7,slip,0.4,20,rerate3x2,50,10,0.01,0.0,False,1.0
levy_10,qnei,7,slip,0.4,20,rerate3x2,50,25,0.01,25.0,True,2.0
levy_10,qnei,8,slip,0.01,0,rerate3x2,50,10,0.01,0.0,False,1.0
levy_10,qnei,8,slip,0.01,0,rerate3x2,50,25,0.01,-1.0,False,0.96
levy_10,qnei,8,slip,0.05,0,rerate3x2,50,10,0.01,12.0,False,2.2
levy_10,qnei,8,slip,0.05,0,rerate3x2,50,25,0.01,16.0,False,1.64
levy_10,qnei,8,slip,0.15,0,rerate3x2,50,10,0.01,6.0,False,1.6
levy_10,qnei,8,slip,0.15,0,rerate3x2,50,25,0.01,26.0,True,2.04
levy_10,qnei,8,slip,0.4,0,rerate3x2,50,10,0.01,45.0,True,5.5
levy_10,qnei,8,slip,0.4,0,rerate3x2,50,25,0.01,26.0,True,2.04
levy_10,qnei,8,slip,0.01,20,rerate3x2,50,10,0.01,0.0,False,1.0
levy_10,qnei,8,slip,0.01,20,rerate3x2,50,25,0.01,3.0,False,1.12
levy_10,qnei,8,slip,0.05,20,rerate3x2,50,10,0.01,0.0,False,1.0
levy_10,qnei,8,slip,0.05,20,rerate3x2,50,25,0.01,-1.0,False,0.96
levy_10,qnei,8,slip,0.15,20,rerate3x2,50,10,0.01,0.0,False,1.0
levy_10,qnei,8,slip,0.15,20,rerate3x2,50,25,0.01,26.0,True,2.04
levy_10,qnei,8,slip,0.4,20,rerate3x2,50,10,0.01,0.0,False,1.0
levy_10,qnei,8,slip,0.4,20,rerate3x2,50,25,0.01,26.0,True,2.04
levy_10,qnei,9,slip,0.01,0,rerate3x2,50,10,0.01,3.0,False,1.3
levy_10,qnei,9,slip,0.01,0,rerate3x2,50,25,0.01,-1.0,False,0.96
levy_10,qnei,9,slip,0.05,0,rerate3x2,50,10,0.01,-1.0,False,0.9
levy_10,qnei,9,slip,0.05,0,rerate3x2,50,25,0.01,29.0,True,2.16
levy_10,qnei,9,slip,0.15,0,rerate3x2,50,10,0.01,15.0,False,2.5
levy_10,qnei,9,slip,0.15,0,rerate3x2,50,25,0.01,29.0,True,2.16
levy_10,qnei,9,slip,0.4,0,rerate3x2,50,10,0.01,41.0,True,5.1
levy_10,qnei,9,slip,0.4,0,rerate3x2,50,25,0.01,29.0,True,2.16
levy_10,qnei,9,slip,0.01,20,rerate3x2,50,10,0.01,0.0,False,1.0
levy_10,qnei,9,slip,0.01,20,rerate3x2,50,25,0.01,0.0,False,1.0
levy_10,qnei,9,slip,0.05,20,rerate3x2,50,10,0.01,0.0,False,1.0
levy_10,qnei,9,slip,0.05,20,rerate3x2,50,25,0.01,11.0,False,1.44
levy_10,qnei,9,slip,0.15,20,rerate3x2,50,10,0.01,0.0,False,1.0
levy_10,qnei,9,slip,0.15,20,rerate3x2,50,25,0.01,29.0,True,2.16
levy_10,qnei,9,slip,0.4,20,rerate3x2,50,10,0.01,0.0,False,1.0
levy_10,qnei,9,slip,0.4,20,rerate3x2,50,25,0.01,29.0,True,2.16
michalewicz,logei,10,slip,0.01,0,rerate3x2,50,10,0.01,26.0,False,3.6
michalewicz,logei,10,slip,0.01,0,rerate3x2,50,25,0.01,29.0,True,2.16
michalewicz,logei,10,slip,0.05,0,rerate3x2,50,10,0.01,27.0,False,3.7
michalewicz,logei,10,slip,0.05,0,rerate3x2,50,25,0.01,29.0,True,2.16
michalewicz,logei,10,slip,0.15,0,rerate3x2,50,10,0.01,4.0,False,1.4
michalewicz,logei,10,slip,0.15,0,rerate3x2,50,25,0.01,29.0,True,2.16
michalewicz,logei,10,slip,0.4,0,rerate3x2,50,10,0.01,40.0,True,5.0
michalewicz,logei,10,slip,0.4,0,rerate3x2,50,25,0.01,29.0,True,2.16
michalewicz,logei,10,slip,0.01,20,rerate3x2,50,10,0.01,0.0,False,1.0
michalewicz,logei,10,slip,0.01,20,rerate3x2,50,25,0.01,0.0,False,1.0
michalewicz,logei,10,slip,0.05,20,rerate3x2,50,10,0.01,0.0,False,1.0
michalewicz,logei,10,slip,0.05,20,rerate3x2,50,25,0.01,2.0,False,1.08
michalewicz,logei,10,slip,0.15,20,rerate3x2,50,10,0.01,0.0,False,1.0
michalewicz,logei,10,slip,0.15,20,rerate3x2,50,25,0.01,29.0,True,2.16
michalewicz,logei,10,slip,0.4,20,rerate3x2,50,10,0.01,0.0,False,1.0
michalewicz,logei,10,slip,0.4,20,rerate3x2,50,25,0.01,29.0,True,2.16
michalewicz,logei,11,slip,0.01,0,rerate3x2,50,10,0.01,12.0,False,2.2
michalewicz,logei,11,slip,0.01,0,rerate3x2,50,25,0.01,13.0,False,1.52
michalewicz,logei,11,slip,0.05,0,rerate3x2,50,10,0.01,-1.0,False,0.9
michalewicz,logei,11,slip,0.05,0,rerate3x2,50,25,0.01,34.0,True,2.36
michalewicz,logei,11,slip,0.15,0,rerate3x2,50,10,0.01,7.0,False,1.7
michalewicz,logei,11,slip,0.15,0,rerate3x2,50,25,0.01,34.0,True,2.36
michalewicz,logei,11,slip,0.4,0,rerate3x2,50,10,0.01,-1.0,False,0.9
michalewicz,logei,11,slip,0.4,0,rerate3x2,50,25,0.01,34.0,True,2.36
michalewicz,logei,11,slip,0.01,20,rerate3x2,50,10,0.01,0.0,False,1.0
michalewicz,logei,11,slip,0.01,20,rerate3x2,50,25,0.01,0.0,False,1.0
michalewicz,logei,11,slip,0.05,20,rerate3x2,50,10,0.01,0.0,False,1.0
michalewicz,logei,11,slip,0.05,20,rerate3x2,50,25,0.01,0.0,False,1.0
michalewicz,logei,11,slip,0.15,20,rerate3x2,50,10,0.01,0.0,False,1.0
michalewicz,logei,11,slip,0.15,20,rerate3x2,50,25,0.01,0.0,False,1.0
michalewicz,logei,11,slip,0.4,20,rerate3x2,50,10,0.01,0.0,False,1.0
michalewicz,logei,11,slip,0.4,20,rerate3x2,50,25,0.01,0.0,False,1.0
michalewicz,logei,7,slip,0.01,0,rerate3x2,50,10,0.01,10.0,False,2.0
michalewicz,logei,7,slip,0.01,0,rerate3x2,50,25,0.01,34.0,True,2.36
michalewicz,logei,7,slip,0.05,0,rerate3x2,50,10,0.01,20.0,False,3.0
michalewicz,logei,7,slip,0.05,0,rerate3x2,50,25,0.01,34.0,True,2.36
michalewicz,logei,7,slip,0.15,0,rerate3x2,50,10,0.01,34.0,False,4.4
michalewicz,logei,7,slip,0.15,0,rerate3x2,50,25,0.01,34.0,True,2.36
michalewicz,logei,7,slip,0.4,0,rerate3x2,50,10,0.01,15.0,False,2.5
michalewicz,logei,7,slip,0.4,0,rerate3x2,50,25,0.01,34.0,True,2.36
michalewicz,logei,7,slip,0.01,20,rerate3x2,50,10,0.01,0.0,False,1.0
michalewicz,logei,7,slip,0.01,20,rerate3x2,50,25,0.01,0.0,False,1.0
michalewicz,logei,7,slip,0.05,20,rerate3x2,50,10,0.01,0.0,False,1.0
michalewicz,logei,7,slip,0.05,20,rerate3x2,50,25,0.01,0.0,False,1.0
michalewicz,logei,7,slip,0.15,20,rerate3x2,50,10,0.01,0.0,False,1.0
michalewicz,logei,7,slip,0.15,20,rerate3x2,50,25,0.01,0.0,False,1.0
michalewicz,logei,7,slip,0.4,20,rerate3x2,50,10,0.01,0.0,False,1.0
michalewicz,logei,7,slip,0.4,20,rerate3x2,50,25,0.01,0.0,False,1.0
michalewicz,logei,8,slip,0.01,0,rerate3x2,50,10,0.01,-7.0,False,0.3
michalewicz,logei,8,slip,0.01,0,rerate3x2,50,25,0.01,-8.0,False,0.68
michalewicz,logei,8,slip,0.05,0,rerate3x2,50,10,0.01,-7.0,False,0.3
michalewicz,logei,8,slip,0.05,0,rerate3x2,50,25,0.01,-4.0,False,0.84
michalewicz,logei,8,slip,0.15,0,rerate3x2,50,10,0.01,10.0,False,2.0
michalewicz,logei,8,slip,0.15,0,rerate3x2,50,25,0.01,0.0,False,1.0
michalewicz,logei,8,slip,0.4,0,rerate3x2,50,10,0.01,-2.0,False,0.8
michalewicz,logei,8,slip,0.4,0,rerate3x2,50,25,0.01,-3.0,False,0.88
michalewicz,logei,8,slip,0.01,20,rerate3x2,50,10,0.01,0.0,False,1.0
michalewicz,logei,8,slip,0.01,20,rerate3x2,50,25,0.01,0.0,False,1.0
michalewicz,logei,8,slip,0.05,20,rerate3x2,50,10,0.01,0.0,False,1.0
michalewicz,logei,8,slip,0.05,20,rerate3x2,50,25,0.01,0.0,False,1.0
michalewicz,logei,8,slip,0.15,20,rerate3x2,50,10,0.01,0.0,False,1.0
michalewicz,logei,8,slip,0.15,20,rerate3x2,50,25,0.01,0.0,False,1.0
michalewicz,logei,8,slip,0.4,20,rerate3x2,50,10,0.01,0.0,False,1.0
michalewicz,logei,8,slip,0.4,20,rerate3x2,50,25,0.01,0.0,False,1.0
michalewicz,logei,9,slip,0.01,0,rerate3x2,50,10,0.01,-2.0,False,0.8
michalewicz,logei,9,slip,0.01,0,rerate3x2,50,25,0.01,18.0,False,1.72
michalewicz,logei,9,slip,0.05,0,rerate3x2,50,10,0.01,3.0,False,1.3
michalewicz,logei,9,slip,0.05,0,rerate3x2,50,25,0.01,32.0,True,2.28
michalewicz,logei,9,slip,0.15,0,rerate3x2,50,10,0.01,-8.0,False,0.2
michalewicz,logei,9,slip,0.15,0,rerate3x2,50,25,0.01,32.0,True,2.28
michalewicz,logei,9,slip,0.4,0,rerate3x2,50,10,0.01,41.0,True,5.1
michalewicz,logei,9,slip,0.4,0,rerate3x2,50,25,0.01,32.0,True,2.28
michalewicz,logei,9,slip,0.01,20,rerate3x2,50,10,0.01,0.0,False,1.0
michalewicz,logei,9,slip,0.01,20,rerate3x2,50,25,0.01,0.0,False,1.0
michalewicz,logei,9,slip,0.05,20,rerate3x2,50,10,0.01,0.0,False,1.0
michalewicz,logei,9,slip,0.05,20,rerate3x2,50,25,0.01,0.0,False,1.0
michalewicz,logei,9,slip,0.15,20,rerate3x2,50,10,0.01,0.0,False,1.0
michalewicz,logei,9,slip,0.15,20,rerate3x2,50,25,0.01,0.0,False,1.0
michalewicz,logei,9,slip,0.4,20,rerate3x2,50,10,0.01,0.0,False,1.0
michalewicz,logei,9,slip,0.4,20,rerate3x2,50,25,0.01,0.0,False,1.0
michalewicz,qnei,10,slip,0.01,0,rerate3x2,50,10,0.01,1.0,False,1.1
michalewicz,qnei,10,slip,0.01,0,rerate3x2,50,25,0.01,4.0,False,1.16
michalewicz,qnei,10,slip,0.05,0,rerate3x2,50,10,0.01,9.0,False,1.9
michalewicz,qnei,10,slip,0.05,0,rerate3x2,50,25,0.01,28.0,True,2.12
michalewicz,qnei,10,slip,0.15,0,rerate3x2,50,10,0.01,-7.0,False,0.3
michalewicz,qnei,10,slip,0.15,0,rerate3x2,50,25,0.01,28.0,True,2.12
michalewicz,qnei,10,slip,0.4,0,rerate3x2,50,10,0.01,-7.0,False,0.3
michalewicz,qnei,10,slip,0.4,0,rerate3x2,50,25,0.01,28.0,True,2.12
michalewicz,qnei,10,slip,0.01,20,rerate3x2,50,10,0.01,0.0,False,1.0
michalewicz,qnei,10,slip,0.01,20,rerate3x2,50,25,0.01,11.0,False,1.44
michalewicz,qnei,10,slip,0.05,20,rerate3x2,50,10,0.01,0.0,False,1.0
michalewicz,qnei,10,slip,0.05,20,rerate3x2,50,25,0.01,28.0,True,2.12
michalewicz,qnei,10,slip,0.15,20,rerate3x2,50,10,0.01,0.0,False,1.0
michalewicz,qnei,10,slip,0.15,20,rerate3x2,50,25,0.01,28.0,True,2.12
michalewicz,qnei,10,slip,0.4,20,rerate3x2,50,10,0.01,0.0,False,1.0
michalewicz,qnei,10,slip,0.4,20,rerate3x2,50,25,0.01,28.0,True,2.12
michalewicz,qnei,11,slip,0.01,0,rerate3x2,50,10,0.01,24.0,False,3.4
michalewicz,qnei,11,slip,0.01,0,rerate3x2,50,25,0.01,39.0,True,2.56
michalewicz,qnei,11,slip,0.05,0,rerate3x2,50,10,0.01,-6.0,False,0.4
michalewicz,qnei,11,slip,0.05,0,rerate3x2,50,25,0.01,39.0,True,2.56
michalewicz,qnei,11,slip,0.15,0,rerate3x2,50,10,0.01,-6.0,False,0.4
michalewicz,qnei,11,slip,0.15,0,rerate3x2,50,25,0.01,39.0,True,2.56
michalewicz,qnei,11,slip,0.4,0,rerate3x2,50,10,0.01,-9.0,False,0.1
michalewicz,qnei,11,slip,0.4,0,rerate3x2,50,25,0.01,39.0,True,2.56
michalewicz,qnei,11,slip,0.01,20,rerate3x2,50,10,0.01,0.0,False,1.0
michalewicz,qnei,11,slip,0.01,20,rerate3x2,50,25,0.01,0.0,False,1.0
michalewicz,qnei,11,slip,0.05,20,rerate3x2,50,10,0.01,0.0,False,1.0
michalewicz,qnei,11,slip,0.05,20,rerate3x2,50,25,0.01,0.0,False,1.0
michalewicz,qnei,11,slip,0.15,20,rerate3x2,50,10,0.01,0.0,False,1.0
michalewicz,qnei,11,slip,0.15,20,rerate3x2,50,25,0.01,0.0,False,1.0
michalewicz,qnei,11,slip,0.4,20,rerate3x2,50,10,0.01,0.0,False,1.0
michalewicz,qnei,11,slip,0.4,20,rerate3x2,50,25,0.01,0.0,False,1.0
michalewicz,qnei,7,slip,0.01,0,rerate3x2,50,10,0.01,16.0,False,2.6
michalewicz,qnei,7,slip,0.01,0,rerate3x2,50,25,0.01,13.0,False,1.52
michalewicz,qnei,7,slip,0.05,0,rerate3x2,50,10,0.01,16.0,False,2.6
michalewicz,qnei,7,slip,0.05,0,rerate3x2,50,25,0.01,20.0,False,1.8
michalewicz,qnei,7,slip,0.15,0,rerate3x2,50,10,0.01,8.0,False,1.8
michalewicz,qnei,7,slip,0.15,0,rerate3x2,50,25,0.01,34.0,True,2.36
michalewicz,qnei,7,slip,0.4,0,rerate3x2,50,10,0.01,29.0,False,3.9
michalewicz,qnei,7,slip,0.4,0,rerate3x2,50,25,0.01,34.0,True,2.36
michalewicz,qnei,7,slip,0.01,20,rerate3x2,50,10,0.01,0.0,False,1.0
michalewicz,qnei,7,slip,0.01,20,rerate3x2,50,25,0.01,0.0,False,1.0
michalewicz,qnei,7,slip,0.05,20,rerate3x2,50,10,0.01,0.0,False,1.0
michalewicz,qnei,7,slip,0.05,20,rerate3x2,50,25,0.01,0.0,False,1.0
michalewicz,qnei,7,slip,0.15,20,rerate3x2,50,10,0.01,0.0,False,1.0
michalewicz,qnei,7,slip,0.15,20,rerate3x2,50,25,0.01,0.0,False,1.0
michalewicz,qnei,7,slip,0.4,20,rerate3x2,50,10,0.01,0.0,False,1.0
michalewicz,qnei,7,slip,0.4,20,rerate3x2,50,25,0.01,0.0,False,1.0
michalewicz,qnei,8,slip,0.01,0,rerate3x2,50,10,0.01,-7.0,False,0.3
michalewicz,qnei,8,slip,0.01,0,rerate3x2,50,25,0.01,12.0,False,1.48
michalewicz,qnei,8,slip,0.05,0,rerate3x2,50,10,0.01,-4.0,False,0.6
michalewicz,qnei,8,slip,0.05,0,rerate3x2,50,25,0.01,-3.0,False,0.88
michalewicz,qnei,8,slip,0.15,0,rerate3x2,50,10,0.01,-7.0,False,0.3
michalewicz,qnei,8,slip,0.15,0,rerate3x2,50,25,0.01,-16.0,False,0.36
michalewicz,qnei,8,slip,0.4,0,rerate3x2,50,10,0.01,-5.0,False,0.5
michalewicz,qnei,8,slip,0.4,0,rerate3x2,50,25,0.01,28.0,True,2.12
michalewicz,qnei,8,slip,0.01,20,rerate3x2,50,10,0.01,0.0,False,1.0
michalewicz,qnei,8,slip,0.01,20,rerate3x2,50,25,0.01,1.0,False,1.04
michalewicz,qnei,8,slip,0.05,20,rerate3x2,50,10,0.01,0.0,False,1.0
michalewicz,qnei,8,slip,0.05,20,rerate3x2,50,25,0.01,28.0,True,2.12
michalewicz,qnei,8,slip,0.15,20,rerate3x2,50,10,0.01,0.0,False,1.0
michalewicz,qnei,8,slip,0.15,20,rerate3x2,50,25,0.01,11.0,False,1.44
michalewicz,qnei,8,slip,0.4,20,rerate3x2,50,10,0.01,0.0,False,1.0
michalewicz,qnei,8,slip,0.4,20,rerate3x2,50,25,0.01,28.0,True,2.12
michalewicz,qnei,9,slip,0.01,0,rerate3x2,50,10,0.01,41.0,True,5.1
michalewicz,qnei,9,slip,0.01,0,rerate3x2,50,25,0.01,32.0,True,2.28
michalewicz,qnei,9,slip,0.05,0,rerate3x2,50,10,0.01,41.0,True,5.1
michalewicz,qnei,9,slip,0.05,0,rerate3x2,50,25,0.01,32.0,True,2.28
michalewicz,qnei,9,slip,0.15,0,rerate3x2,50,10,0.01,41.0,True,5.1
michalewicz,qnei,9,slip,0.15,0,rerate3x2,50,25,0.01,32.0,True,2.28
michalewicz,qnei,9,slip,0.4,0,rerate3x2,50,10,0.01,41.0,True,5.1
michalewicz,qnei,9,slip,0.4,0,rerate3x2,50,25,0.01,32.0,True,2.28
michalewicz,qnei,9,slip,0.01,20,rerate3x2,50,10,0.01,0.0,False,1.0
michalewicz,qnei,9,slip,0.01,20,rerate3x2,50,25,0.01,0.0,False,1.0
michalewicz,qnei,9,slip,0.05,20,rerate3x2,50,10,0.01,0.0,False,1.0
michalewicz,qnei,9,slip,0.05,20,rerate3x2,50,25,0.01,0.0,False,1.0
michalewicz,qnei,9,slip,0.15,20,rerate3x2,50,10,0.01,0.0,False,1.0
michalewicz,qnei,9,slip,0.15,20,rerate3x2,50,25,0.01,0.0,False,1.0
michalewicz,qnei,9,slip,0.4,20,rerate3x2,50,10,0.01,0.0,False,1.0
michalewicz,qnei,9,slip,0.4,20,rerate3x2,50,25,0.01,0.0,False,1.0
moving_peaks,logei,10,slip,0.01,0,rerate3x2,50,10,0.01,29.0,False,3.9
moving_peaks,logei,10,slip,0.01,0,rerate3x2,50,25,0.01,15.0,False,1.6
moving_peaks,logei,10,slip,0.05,0,rerate3x2,50,10,0.01,19.0,False,2.9
moving_peaks,logei,10,slip,0.05,0,rerate3x2,50,25,0.01,4.0,False,1.16
moving_peaks,logei,10,slip,0.15,0,rerate3x2,50,10,0.01,42.0,True,5.2
moving_peaks,logei,10,slip,0.15,0,rerate3x2,50,25,0.01,27.0,True,2.08
moving_peaks,logei,10,slip,0.4,0,rerate3x2,50,10,0.01,42.0,True,5.2
moving_peaks,logei,10,slip,0.4,0,rerate3x2,50,25,0.01,27.0,True,2.08
moving_peaks,logei,10,slip,0.01,20,rerate3x2,50,10,0.01,0.0,False,1.0
moving_peaks,logei,10,slip,0.01,20,rerate3x2,50,25,0.01,-2.0,False,0.92
moving_peaks,logei,10,slip,0.05,20,rerate3x2,50,10,0.01,0.0,False,1.0
moving_peaks,logei,10,slip,0.05,20,rerate3x2,50,25,0.01,24.0,False,1.96
moving_peaks,logei,10,slip,0.15,20,rerate3x2,50,10,0.01,0.0,False,1.0
moving_peaks,logei,10,slip,0.15,20,rerate3x2,50,25,0.01,27.0,False,2.08
moving_peaks,logei,10,slip,0.4,20,rerate3x2,50,10,0.01,0.0,False,1.0
moving_peaks,logei,10,slip,0.4,20,rerate3x2,50,25,0.01,27.0,True,2.08
moving_peaks,logei,11,slip,0.01,0,rerate3x2,50,10,0.01,2.0,False,1.2
moving_peaks,logei,11,slip,0.01,0,rerate3x2,50,25,0.01,26.0,False,2.04
moving_peaks,logei,11,slip,0.05,0,rerate3x2,50,10,0.01,1.0,False,1.1
moving_peaks,logei,11,slip,0.05,0,rerate3x2,50,25,0.01,28.0,True,2.12
moving_peaks,logei,11,slip,0.15,0,rerate3x2,50,10,0.01,-8.0,False,0.2
moving_peaks,logei,11,slip,0.15,0,rerate3x2,50,25,0.01,28.0,True,2.12
moving_peaks,logei,11,slip,0.4,0,rerate3x2,50,10,0.01,8.0,False,1.8
moving_peaks,logei,11,slip,0.4,0,rerate3x2,50,25,0.01,28.0,True,2.12
moving_peaks,logei,11,slip,0.01,20,rerate3x2,50,10,0.01,0.0,False,1.0
moving_peaks,logei,11,slip,0.01,20,rerate3x2,50,25,0.01,5.0,False,1.2
moving_peaks,logei,11,slip,0.05,20,rerate3x2,50,10,0.01,0.0,False,1.0
moving_peaks,logei,11,slip,0.05,20,rerate3x2,50,25,0.01,24.0,False,1.96
moving_peaks,logei,11,slip,0.15,20,rerate3x2,50,10,0.01,0.0,False,1.0
moving_peaks,logei,11,slip,0.15,20,rerate3x2,50,25,0.01,28.0,True,2.12
moving_peaks,logei,11,slip,0.4,20,rerate3x2,50,10,0.01,0.0,False,1.0
moving_peaks,logei,11,slip,0.4,20,rerate3x2,50,25,0.01,28.0,True,2.12
moving_peaks,logei,7,slip,0.01,0,rerate3x2,50,10,0.01,6.0,False,1.6
moving_peaks,logei,7,slip,0.01,0,rerate3x2,50,25,0.01,8.0,False,1.32
moving_peaks,logei,7,slip,0.05,0,rerate3x2,50,10,0.01,0.0,False,1.0
moving_peaks,logei,7,slip,0.05,0,rerate3x2,50,25,0.01,-5.0,False,0.8
moving_peaks,logei,7,slip,0.15,0,rerate3x2,50,10,0.01,0.0,False,1.0
moving_peaks,logei,7,slip,0.15,0,rerate3x2,50,25,0.01,29.0,True,2.16
moving_peaks,logei,7,slip,0.4,0,rerate3x2,50,10,0.01,47.0,True,5.7
moving_peaks,logei,7,slip,0.4,0,rerate3x2,50,25,0.01,29.0,True,2.16
moving_peaks,logei,7,slip,0.01,20,rerate3x2,50,10,0.01,0.0,False,1.0
moving_peaks,logei,7,slip,0.01,20,rerate3x2,50,25,0.01,2.0,False,1.08
moving_peaks,logei,7,slip,0.05,20,rerate3x2,50,10,0.01,0.0,False,1.0
moving_peaks,logei,7,slip,0.05,20,rerate3x2,50,25,0.01,0.0,False,1.0
moving_peaks,logei,7,slip,0.15,20,rerate3x2,50,10,0.01,0.0,False,1.0
moving_peaks,logei,7,slip,0.15,20,rerate3x2,50,25,0.01,6.0,False,1.24
moving_peaks,logei,7,slip,0.4,20,rerate3x2,50,10,0.01,0.0,False,1.0
moving_peaks,logei,7,slip,0.4,20,rerate3x2,50,25,0.01,29.0,True,2.16
moving_peaks,logei,8,slip,0.01,0,rerate3x2,50,10,0.01,0.0,False,1.0
moving_peaks,logei,8,slip,0.01,0,rerate3x2,50,25,0.01,0.0,False,1.0
moving_peaks,logei,8,slip,0.05,0,rerate3x2,50,10,0.01,15.0,False,2.5
moving_peaks,logei,8,slip,0.05,0,rerate3x2,50,25,0.01,15.0,False,1.6
moving_peaks,logei,8,slip,0.15,0,rerate3x2,50,10,0.01,20.0,False,3.0
moving_peaks,logei,8,slip,0.15,0,rerate3x2,50,25,0.01,20.0,False,1.8
moving_peaks,logei,8,slip,0.4,0,rerate3x2,50,10,0.01,45.0,True,5.5
moving_peaks,logei,8,slip,0.4,0,rerate3x2,50,25,0.01,45.0,True,2.8
moving_peaks,logei,8,slip,0.01,20,rerate3x2,50,10,0.01,0.0,False,1.0
moving_peaks,logei,8,slip,0.01,20,rerate3x2,50,25,0.01,0.0,False,1.0
moving_peaks,logei,8,slip,0.05,20,rerate3x2,50,10,0.01,0.0,False,1.0
moving_peaks,logei,8,slip,0.05,20,rerate3x2,50,25,0.01,0.0,False,1.0
moving_peaks,logei,8,slip,0.15,20,rerate3x2,50,10,0.01,0.0,False,1.0
moving_peaks,logei,8,slip,0.15,20,rerate3x2,50,25,0.01,0.0,False,1.0
moving_peaks,logei,8,slip,0.4,20,rerate3x2,50,10,0.01,0.0,False,1.0
moving_peaks,logei,8,slip,0.4,20,rerate3x2,50,25,0.01,0.0,False,1.0
moving_peaks,logei,9,slip,0.01,0,rerate3x2,50,10,0.01,5.0,False,1.5
moving_peaks,logei,9,slip,0.01,0,rerate3x2,50,25,0.01,2.0,False,1.08
moving_peaks,logei,9,slip,0.05,0,rerate3x2,50,10,0.01,-2.0,False,0.8
moving_peaks,logei,9,slip,0.05,0,rerate3x2,50,25,0.01,33.0,True,2.32
moving_peaks,logei,9,slip,0.15,0,rerate3x2,50,10,0.01,16.0,False,2.6
moving_peaks,logei,9,slip,0.15,0,rerate3x2,50,25,0.01,10.0,False,1.4
moving_peaks,logei,9,slip,0.4,0,rerate3x2,50,10,0.01,40.0,True,5.0
moving_peaks,logei,9,slip,0.4,0,rerate3x2,50,25,0.01,33.0,True,2.32
moving_peaks,logei,9,slip,0.01,20,rerate3x2,50,10,0.01,0.0,False,1.0
moving_peaks,logei,9,slip,0.01,20,rerate3x2,50,25,0.01,0.0,False,1.0
moving_peaks,logei,9,slip,0.05,20,rerate3x2,50,10,0.01,0.0,False,1.0
moving_peaks,logei,9,slip,0.05,20,rerate3x2,50,25,0.01,0.0,False,1.0
moving_peaks,logei,9,slip,0.15,20,rerate3x2,50,10,0.01,0.0,False,1.0
moving_peaks,logei,9,slip,0.15,20,rerate3x2,50,25,0.01,0.0,False,1.0
moving_peaks,logei,9,slip,0.4,20,rerate3x2,50,10,0.01,0.0,False,1.0
moving_peaks,logei,9,slip,0.4,20,rerate3x2,50,25,0.01,0.0,False,1.0
moving_peaks,qnei,10,slip,0.01,0,rerate3x2,50,10,0.01,6.0,False,1.6
moving_peaks,qnei,10,slip,0.01,0,rerate3x2,50,25,0.01,6.0,False,1.24
moving_peaks,qnei,10,slip,0.05,0,rerate3x2,50,10,0.01,29.0,False,3.9
moving_peaks,qnei,10,slip,0.05,0,rerate3x2,50,25,0.01,29.0,False,2.16
moving_peaks,qnei,10,slip,0.15,0,rerate3x2,50,10,0.01,42.0,True,5.2
moving_peaks,qnei,10,slip,0.15,0,rerate3x2,50,25,0.01,42.0,True,2.68
moving_peaks,qnei,10,slip,0.4,0,rerate3x2,50,10,0.01,42.0,True,5.2
moving_peaks,qnei,10,slip,0.4,0,rerate3x2,50,25,0.01,42.0,True,2.68
moving_peaks,qnei,10,slip,0.01,20,rerate3x2,50,10,0.01,0.0,False,1.0
moving_peaks,qnei,10,slip,0.01,20,rerate3x2,50,25,0.01,0.0,False,1.0
moving_peaks,qnei,10,slip,0.05,20,rerate3x2,50,10,0.01,0.0,False,1.0
moving_peaks,qnei,10,slip,0.05,20,rerate3x2,50,25,0.01,0.0,False,1.0
moving_peaks,qnei,10,slip,0.15,20,rerate3x2,50,10,0.01,0.0,False,1.0
moving_peaks,qnei,10,slip,0.15,20,rerate3x2,50,25,0.01,0.0,False,1.0
moving_peaks,qnei,10,slip,0.4,20,rerate3x2,50,10,0.01,0.0,False,1.0
moving_peaks,qnei,10,slip,0.4,20,rerate3x2,50,25,0.01,0.0,False,1.0
moving_peaks,qnei,11,slip,0.01,0,rerate3x2,50,10,0.01,-6.0,False,0.4
moving_peaks,qnei,11,slip,0.01,0,rerate3x2,50,25,0.01,-2.0,False,0.92
moving_peaks,qnei,11,slip,0.05,0,rerate3x2,50,10,0.01,0.0,False,1.0
moving_peaks,qnei,11,slip,0.05,0,rerate3x2,50,25,0.01,3.0,False,1.12
moving_peaks,qnei,11,slip,0.15,0,rerate3x2,50,10,0.01,-2.0,False,0.8
moving_peaks,qnei,11,slip,0.15,0,rerate3x2,50,25,0.01,-19.0,False,0.24
moving_peaks,qnei,11,slip,0.4,0,rerate3x2,50,10,0.01,-3.0,False,0.7
moving_peaks,qnei,11,slip,0.4,0,rerate3x2,50,25,0.01,26.0,True,2.04
moving_peaks,qnei,11,slip,0.01,20,rerate3x2,50,10,0.01,0.0,False,1.0
moving_peaks,qnei,11,slip,0.01,20,rerate3x2,50,25,0.01,-1.0,False,0.96
moving_peaks,qnei,11,slip,0.05,20,rerate3x2,50,10,0.01,0.0,False,1.0
moving_peaks,qnei,11,slip,0.05,20,rerate3x2,50,25,0.01,19.0,False,1.76
moving_peaks,qnei,11,slip,0.15,20,rerate3x2,50,10,0.01,0.0,False,1.0
moving_peaks,qnei,11,slip,0.15,20,rerate3x2,50,25,0.01,26.0,True,2.04
moving_peaks,qnei,11,slip,0.4,20,rerate3x2,50,10,0.01,0.0,False,1.0
moving_peaks,qnei,11,slip,0.4,20,rerate3x2,50,25,0.01,26.0,True,2.04
moving_peaks,qnei,7,slip,0.01,0,rerate3x2,50,10,0.01,0.0,False,1.0
moving_peaks,qnei,7,slip,0.01,0,rerate3x2,50,25,0.01,-12.0,False,0.52
moving_peaks,qnei,7,slip,0.05,0,rerate3x2,50,10,0.01,8.0,False,1.8
moving_peaks,qnei,7,slip,0.05,0,rerate3x2,50,25,0.01,-1.0,False,0.96
moving_peaks,qnei,7,slip,0.15,0,rerate3x2,50,10,0.01,44.0,False,5.4
moving_peaks,qnei,7,slip,0.15,0,rerate3x2,50,25,0.01,28.0,False,2.12
moving_peaks,qnei,7,slip,0.4,0,rerate3x2,50,10,0.01,47.0,True,5.7
moving_peaks,qnei,7,slip,0.4,0,rerate3x2,50,25,0.01,31.0,True,2.24
moving_peaks,qnei,7,slip,0.01,20,rerate3x2,50,10,0.01,0.0,False,1.0
moving_peaks,qnei,7,slip,0.01,20,rerate3x2,50,25,0.01,0.0,False,1.0
moving_peaks,qnei,7,slip,0.05,20,rerate3x2,50,10,0.01,0.0,False,1.0
moving_peaks,qnei,7,slip,0.05,20,rerate3x2,50,25,0.01,0.0,False,1.0
moving_peaks,qnei,7,slip,0.15,20,rerate3x2,50,10,0.01,0.0,False,1.0
moving_peaks,qnei,7,slip,0.15,20,rerate3x2,50,25,0.01,0.0,False,1.0
moving_peaks,qnei,7,slip,0.4,20,rerate3x2,50,10,0.01,0.0,False,1.0
moving_peaks,qnei,7,slip,0.4,20,rerate3x2,50,25,0.01,0.0,False,1.0
moving_peaks,qnei,8,slip,0.01,0,rerate3x2,50,10,0.01,0.0,False,1.0
moving_peaks,qnei,8,slip,0.01,0,rerate3x2,50,25,0.01,8.0,False,1.32
moving_peaks,qnei,8,slip,0.05,0,rerate3x2,50,10,0.01,0.0,False,1.0
moving_peaks,qnei,8,slip,0.05,0,rerate3x2,50,25,0.01,28.0,True,2.12
moving_peaks,qnei,8,slip,0.15,0,rerate3x2,50,10,0.01,45.0,False,5.5
moving_peaks,qnei,8,slip,0.15,0,rerate3x2,50,25,0.01,28.0,True,2.12
moving_peaks,qnei,8,slip,0.4,0,rerate3x2,50,10,0.01,45.0,True,5.5
moving_peaks,qnei,8,slip,0.4,0,rerate3x2,50,25,0.01,28.0,True,2.12
moving_peaks,qnei,8,slip,0.01,20,rerate3x2,50,10,0.01,0.0,False,1.0
moving_peaks,qnei,8,slip,0.01,20,rerate3x2,50,25,0.01,0.0,False,1.0
moving_peaks,qnei,8,slip,0.05,20,rerate3x2,50,10,0.01,0.0,False,1.0
moving_peaks,qnei,8,slip,0.05,20,rerate3x2,50,25,0.01,27.0,False,2.08
moving_peaks,qnei,8,slip,0.15,20,rerate3x2,50,10,0.01,0.0,False,1.0
moving_peaks,qnei,8,slip,0.15,20,rerate3x2,50,25,0.01,28.0,True,2.12
moving_peaks,qnei,8,slip,0.4,20,rerate3x2,50,10,0.01,0.0,False,1.0
moving_peaks,qnei,8,slip,0.4,20,rerate3x2,50,25,0.01,28.0,True,2.12
moving_peaks,qnei,9,slip,0.01,0,rerate3x2,50,10,0.01,-4.0,False,0.6
moving_peaks,qnei,9,slip,0.01,0,rerate3x2,50,25,0.01,-13.0,False,0.48
moving_peaks,qnei,9,slip,0.05,0,rerate3x2,50,10,0.01,-4.0,False,0.6
moving_peaks,qnei,9,slip,0.05,0,rerate3x2,50,25,0.01,25.0,True,2.0
moving_peaks,qnei,9,slip,0.15,0,rerate3x2,50,10,0.01,18.0,False,2.8
moving_peaks,qnei,9,slip,0.15,0,rerate3x2,50,25,0.01,25.0,True,2.0
moving_peaks,qnei,9,slip,0.4,0,rerate3x2,50,10,0.01,40.0,True,5.0
moving_peaks,qnei,9,slip,0.4,0,rerate3x2,50,25,0.01,25.0,True,2.0
moving_peaks,qnei,9,slip,0.01,20,rerate3x2,50,10,0.01,0.0,False,1.0
moving_peaks,qnei,9,slip,0.01,20,rerate3x2,50,25,0.01,11.0,False,1.44
moving_peaks,qnei,9,slip,0.05,20,rerate3x2,50,10,0.01,0.0,False,1.0
moving_peaks,qnei,9,slip,0.05,20,rerate3x2,50,25,0.01,25.0,True,2.0
moving_peaks,qnei,9,slip,0.15,20,rerate3x2,50,10,0.01,0.0,False,1.0
moving_peaks,qnei,9,slip,0.15,20,rerate3x2,50,25,0.01,25.0,True,2.0
moving_peaks,qnei,9,slip,0.4,20,rerate3x2,50,10,0.01,0.0,False,1.0
moving_peaks,qnei,9,slip,0.4,20,rerate3x2,50,25,0.01,25.0,True,2.0
powell,logei,10,slip,0.01,0,rerate3x2,50,10,0.01,0.0,False,1.0
powell,logei,10,slip,0.01,0,rerate3x2,50,25,0.01,12.0,False,1.48
powell,logei,10,slip,0.05,0,rerate3x2,50,10,0.01,-1.0,False,0.9
powell,logei,10,slip,0.05,0,rerate3x2,50,25,0.01,15.0,False,1.6
powell,logei,10,slip,0.15,0,rerate3x2,50,10,0.01,6.0,False,1.6
powell,logei,10,slip,0.15,0,rerate3x2,50,25,0.01,26.0,False,2.04
powell,logei,10,slip,0.4,0,rerate3x2,50,10,0.01,1.0,False,1.1
powell,logei,10,slip,0.4,0,rerate3x2,50,25,0.01,31.0,True,2.24
powell,logei,10,slip,0.01,20,rerate3x2,50,10,0.01,0.0,False,1.0
powell,logei,10,slip,0.01,20,rerate3x2,50,25,0.01,0.0,False,1.0
powell,logei,10,slip,0.05,20,rerate3x2,50,10,0.01,0.0,False,1.0
powell,logei,10,slip,0.05,20,rerate3x2,50,25,0.01,0.0,False,1.0
powell,logei,10,slip,0.15,20,rerate3x2,50,10,0.01,0.0,False,1.0
powell,logei,10,slip,0.15,20,rerate3x2,50,25,0.01,0.0,False,1.0
powell,logei,10,slip,0.4,20,rerate3x2,50,10,0.01,0.0,False,1.0
powell,logei,10,slip,0.4,20,rerate3x2,50,25,0.01,0.0,False,1.0
powell,logei,11,slip,0.01,0,rerate3x2,50,10,0.01,0.0,False,1.0
powell,logei,11,slip,0.01,0,rerate3x2,50,25,0.01,0.0,False,1.0
powell,logei,11,slip,0.05,0,rerate3x2,50,10,0.01,15.0,False,2.5
powell,logei,11,slip,0.05,0,rerate3x2,50,25,0.01,15.0,False,1.6
powell,logei,11,slip,0.15,0,rerate3x2,50,10,0.01,19.0,False,2.9
powell,logei,11,slip,0.15,0,rerate3x2,50,25,0.01,25.0,False,2.0
powell,logei,11,slip,0.4,0,rerate3x2,50,10,0.01,46.0,False,5.6
powell,logei,11,slip,0.4,0,rerate3x2,50,25,0.01,46.0,False,2.84
powell,logei,11,slip,0.01,20,rerate3x2,50,10,0.01,0.0,False,1.0
powell,logei,11,slip,0.01,20,rerate3x2,50,25,0.01,0.0,False,1.0
powell,logei,11,slip,0.05,20,rerate3x2,50,10,0.01,0.0,False,1.0
powell,logei,11,slip,0.05,20,rerate3x2,50,25,0.01,0.0,False,1.0
powell,logei,11,slip,0.15,20,rerate3x2,50,10,0.01,0.0,False,1.0
powell,logei,11,slip,0.15,20,rerate3x2,50,25,0.01,0.0,False,1.0
powell,logei,11,slip,0.4,20,rerate3x2,50,10,0.01,0.0,False,1.0
powell,logei,11,slip,0.4,20,rerate3x2,50,25,0.01,0.0,False,1.0
powell,logei,7,slip,0.01,0,rerate3x2,50,10,0.01,-2.0,False,0.8
powell,logei,7,slip,0.01,0,rerate3x2,50,25,0.01,12.0,False,1.48
powell,logei,7,slip,0.05,0,rerate3x2,50,10,0.01,-2.0,False,0.8
powell,logei,7,slip,0.05,0,rerate3x2,50,25,0.01,-10.0,False,0.6
powell,logei,7,slip,0.15,0,rerate3x2,50,10,0.01,7.0,False,1.7
powell,logei,7,slip,0.15,0,rerate3x2,50,25,0.01,8.0,False,1.32
powell,logei,7,slip,0.4,0,rerate3x2,50,10,0.01,19.0,False,2.9
powell,logei,7,slip,0.4,0,rerate3x2,50,25,0.01,33.0,True,2.32
powell,logei,7,slip,0.01,20,rerate3x2,50,10,0.01,0.0,False,1.0
powell,logei,7,slip,0.01,20,rerate3x2,50,25,0.01,0.0,False,1.0
powell,logei,7,slip,0.05,20,rerate3x2,50,10,0.01,0.0,False,1.0
powell,logei,7,slip,0.05,20,rerate3x2,50,25,0.01,0.0,False,1.0
powell,logei,7,slip,0.15,20,rerate3x2,50,10,0.01,0.0,False,1.0
powell,logei,7,slip,0.15,20,rerate3x2,50,25,0.01,0.0,False,1.0
powell,logei,7,slip,0.4,20,rerate3x2,50,10,0.01,0.0,False,1.0
powell,logei,7,slip,0.4,20,rerate3x2,50,25,0.01,0.0,False,1.0
powell,logei,8,slip,0.01,0,rerate3x2,50,10,0.01,6.0,False,1.6
powell,logei,8,slip,0.01,0,rerate3x2,50,25,0.01,6.0,False,1.24
powell,logei,8,slip,0.05,0,rerate3x2,50,10,0.01,1.0,False,1.1
powell,logei,8,slip,0.05,0,rerate3x2,50,25,0.01,1.0,False,1.04
powell,logei,8,slip,0.15,0,rerate3x2,50,10,0.01,-5.0,False,0.5
powell,logei,8,slip,0.15,0,rerate3x2,50,25,0.01,-5.0,False,0.8
powell,logei,8,slip,0.4,0,rerate3x2,50,10,0.01,8.0,False,1.8
powell,logei,8,slip,0.4,0,rerate3x2,50,25,0.01,8.0,False,1.32
powell,logei,8,slip,0.01,20,rerate3x2,50,10,0.01,0.0,False,1.0
powell,logei,8,slip,0.01,20,rerate3x2,50,25,0.01,0.0,False,1.0
powell,logei,8,slip,0.05,20,rerate3x2,50,10,0.01,0.0,False,1.0
powell,logei,8,slip,0.05,20,rerate3x2,50,25,0.01,0.0,False,1.0
powell,logei,8,slip,0.15,20,rerate3x2,50,10,0.01,0.0,False,1.0
powell,logei,8,slip,0.15,20,rerate3x2,50,25,0.01,0.0,False,1.0
powell,logei,8,slip,0.4,20,rerate3x2,50,10,0.01,0.0,False,1.0
powell,logei,8,slip,0.4,20,rerate3x2,50,25,0.01,0.0,False,1.0
powell,logei,9,slip,0.01,0,rerate3x2,50,10,0.01,0.0,False,1.0
powell,logei,9,slip,0.01,0,rerate3x2,50,25,0.01,0.0,False,1.0
powell,logei,9,slip,0.05,0,rerate3x2,50,10,0.01,0.0,False,1.0
powell,logei,9,slip,0.05,0,rerate3x2,50,25,0.01,0.0,False,1.0
powell,logei,9,slip,0.15,0,rerate3x2,50,10,0.01,19.0,False,2.9
powell,logei,9,slip,0.15,0,rerate3x2,50,25,0.01,19.0,False,1.76
powell,logei,9,slip,0.4,0,rerate3x2,50,10,0.01,47.0,True,5.7
powell,logei,9,slip,0.4,0,rerate3x2,50,25,0.01,47.0,True,2.88
powell,logei,9,slip,0.01,20,rerate3x2,50,10,0.01,0.0,False,1.0
powell,logei,9,slip,0.01,20,rerate3x2,50,25,0.01,0.0,False,1.0
powell,logei,9,slip,0.05,20,rerate3x2,50,10,0.01,0.0,False,1.0
powell,logei,9,slip,0.05,20,rerate3x2,50,25,0.01,0.0,False,1.0
powell,logei,9,slip,0.15,20,rerate3x2,50,10,0.01,0.0,False,1.0
powell,logei,9,slip,0.15,20,rerate3x2,50,25,0.01,0.0,False,1.0
powell,logei,9,slip,0.4,20,rerate3x2,50,10,0.01,0.0,False,1.0
powell,logei,9,slip,0.4,20,rerate3x2,50,25,0.01,0.0,False,1.0
powell,qnei,10,slip,0.01,0,rerate3x2,50,10,0.01,0.0,False,1.0
powell,qnei,10,slip,0.01,0,rerate3x2,50,25,0.01,-1.0,False,0.96
powell,qnei,10,slip,0.05,0,rerate3x2,50,10,0.01,0.0,False,1.0
powell,qnei,10,slip,0.05,0,rerate3x2,50,25,0.01,1.0,False,1.04
powell,qnei,10,slip,0.15,0,rerate3x2,50,10,0.01,12.0,False,2.2
powell,qnei,10,slip,0.15,0,rerate3x2,50,25,0.01,30.0,True,2.2
powell,qnei,10,slip,0.4,0,rerate3x2,50,10,0.01,6.0,False,1.6
powell,qnei,10,slip,0.4,0,rerate3x2,50,25,0.01,28.0,False,2.12
powell,qnei,10,slip,0.01,20,rerate3x2,50,10,0.01,0.0,False,1.0
powell,qnei,10,slip,0.01,20,rerate3x2,50,25,0.01,0.0,False,1.0
powell,qnei,10,slip,0.05,20,rerate3x2,50,10,0.01,0.0,False,1.0
powell,qnei,10,slip,0.05,20,rerate3x2,50,25,0.01,0.0,False,1.0
powell,qnei,10,slip,0.15,20,rerate3x2,50,10,0.01,0.0,False,1.0
powell,qnei,10,slip,0.15,20,rerate3x2,50,25,0.01,0.0,False,1.0
powell,qnei,10,slip,0.4,20,rerate3x2,50,10,0.01,0.0,False,1.0
powell,qnei,10,slip,0.4,20,rerate3x2,50,25,0.01,0.0,False,1.0
powell,qnei,11,slip,0.01,0,rerate3x2,50,10,0.01,0.0,False,1.0
powell,qnei,11,slip,0.01,0,rerate3x2,50,25,0.01,2.0,False,1.08
powell,qnei,11,slip,0.05,0,rerate3x2,50,10,0.01,7.0,False,1.7
powell,qnei,11,slip,0.05,0,rerate3x2,50,25,0.01,-2.0,False,0.92
powell,qnei,11,slip,0.15,0,rerate3x2,50,10,0.01,18.0,False,2.8
powell,qnei,11,slip,0.15,0,rerate3x2,50,25,0.01,4.0,False,1.16
powell,qnei,11,slip,0.4,0,rerate3x2,50,10,0.01,40.0,False,5.0
powell,qnei,11,slip,0.4,0,rerate3x2,50,25,0.01,30.0,True,2.2
powell,qnei,11,slip,0.01,20,rerate3x2,50,10,0.01,0.0,False,1.0
powell,qnei,11,slip,0.01,20,rerate3x2,50,25,0.01,0.0,False,1.0
powell,qnei,11,slip,0.05,20,rerate3x2,50,10,0.01,0.0,False,1.0
powell,qnei,11,slip,0.05,20,rerate3x2,50,25,0.01,0.0,False,1.0
powell,qnei,11,slip,0.15,20,rerate3x2,50,10,0.01,0.0,False,1.0
powell,qnei,11,slip,0.15,20,rerate3x2,50,25,0.01,0.0,False,1.0
powell,qnei,11,slip,0.4,20,rerate3x2,50,10,0.01,0.0,False,1.0
powell,qnei,11,slip,0.4,20,rerate3x2,50,25,0.01,0.0,False,1.0
powell,qnei,7,slip,0.01,0,rerate3x2,50,10,0.01,-2.0,False,0.8
powell,qnei,7,slip,0.01,0,rerate3x2,50,25,0.01,-5.0,False,0.8
powell,qnei,7,slip,0.05,0,rerate3x2,50,10,0.01,12.0,False,2.2
powell,qnei,7,slip,0.05,0,rerate3x2,50,25,0.01,22.0,False,1.88
powell,qnei,7,slip,0.15,0,rerate3x2,50,10,0.01,-5.0,False,0.5
powell,qnei,7,slip,0.15,0,rerate3x2,50,25,0.01,19.0,False,1.76
powell,qnei,7,slip,0.4,0,rerate3x2,50,10,0.01,41.0,True,5.1
powell,qnei,7,slip,0.4,0,rerate3x2,50,25,0.01,38.0,True,2.52
powell,qnei,7,slip,0.01,20,rerate3x2,50,10,0.01,0.0,False,1.0
powell,qnei,7,slip,0.01,20,rerate3x2,50,25,0.01,0.0,False,1.0
powell,qnei,7,slip,0.05,20,rerate3x2,50,10,0.01,0.0,False,1.0
powell,qnei,7,slip,0.05,20,rerate3x2,50,25,0.01,0.0,False,1.0
powell,qnei,7,slip,0.15,20,rerate3x2,50,10,0.01,0.0,False,1.0
powell,qnei,7,slip,0.15,20,rerate3x2,50,25,0.01,0.0,False,1.0
powell,qnei,7,slip,0.4,20,rerate3x2,50,10,0.01,0.0,False,1.0
powell,qnei,7,slip,0.4,20,rerate3x2,50,25,0.01,0.0,False,1.0
powell,qnei,8,slip,0.01,0,rerate3x2,50,10,0.01,12.0,False,2.2
powell,qnei,8,slip,0.01,0,rerate3x2,50,25,0.01,12.0,False,1.48
powell,qnei,8,slip,0.05,0,rerate3x2,50,10,0.01,9.0,False,1.9
powell,qnei,8,slip,0.05,0,rerate3x2,50,25,0.01,9.0,False,1.36
powell,qnei,8,slip,0.15,0,rerate3x2,50,10,0.01,4.0,False,1.4
powell,qnei,8,slip,0.15,0,rerate3x2,50,25,0.01,15.0,False,1.6
powell,qnei,8,slip,0.4,0,rerate3x2,50,10,0.01,43.0,True,5.3
powell,qnei,8,slip,0.4,0,rerate3x2,50,25,0.01,43.0,True,2.72
powell,qnei,8,slip,0.01,20,rerate3x2,50,10,0.01,0.0,False,1.0
powell,qnei,8,slip,0.01,20,rerate3x2,50,25,0.01,0.0,False,1.0
powell,qnei,8,slip,0.05,20,rerate3x2,50,10,0.01,0.0,False,1.0
powell,qnei,8,slip,0.05,20,rerate3x2,50,25,0.01,0.0,False,1.0
powell,qnei,8,slip,0.15,20,rerate3x2,50,10,0.01,0.0,False,1.0
powell,qnei,8,slip,0.15,20,rerate3x2,50,25,0.01,0.0,False,1.0
powell,qnei,8,slip,0.4,20,rerate3x2,50,10,0.01,0.0,False,1.0
powell,qnei,8,slip,0.4,20,rerate3x2,50,25,0.01,0.0,False,1.0
powell,qnei,9,slip,0.01,0,rerate3x2,50,10,0.01,0.0,False,1.0
powell,qnei,9,slip,0.01,0,rerate3x2,50,25,0.01,-6.0,False,0.76
powell,qnei,9,slip,0.05,0,rerate3x2,50,10,0.01,16.0,False,2.6
powell,qnei,9,slip,0.05,0,rerate3x2,50,25,0.01,-4.0,False,0.84
powell,qnei,9,slip,0.15,0,rerate3x2,50,10,0.01,43.0,False,5.3
powell,qnei,9,slip,0.15,0,rerate3x2,50,25,0.01,23.0,False,1.92
powell,qnei,9,slip,0.4,0,rerate3x2,50,10,0.01,0.0,False,1.0
powell,qnei,9,slip,0.4,0,rerate3x2,50,25,0.01,27.0,True,2.08
powell,qnei,9,slip,0.01,20,rerate3x2,50,10,0.01,0.0,False,1.0
powell,qnei,9,slip,0.01,20,rerate3x2,50,25,0.01,-2.0,False,0.92
powell,qnei,9,slip,0.05,20,rerate3x2,50,10,0.01,0.0,False,1.0
powell,qnei,9,slip,0.05,20,rerate3x2,50,25,0.01,-2.0,False,0.92
powell,qnei,9,slip,0.15,20,rerate3x2,50,10,0.01,0.0,False,1.0
powell,qnei,9,slip,0.15,20,rerate3x2,50,25,0.01,27.0,False,2.08
powell,qnei,9,slip,0.4,20,rerate3x2,50,10,0.01,0.0,False,1.0
powell,qnei,9,slip,0.4,20,rerate3x2,50,25,0.01,27.0,True,2.08
power_law_practice,logei,10,slip,0.01,0,rerate3x2,50,10,0.01,-1.0,False,0.9
power_law_practice,logei,10,slip,0.01,0,rerate3x2,50,25,0.01,-1.0,False,0.96
power_law_practice,logei,10,slip,0.05,0,rerate3x2,50,10,0.01,-2.0,False,0.8
power_law_practice,logei,10,slip,0.05,0,rerate3x2,50,25,0.01,-2.0,False,0.92
power_law_practice,logei,10,slip,0.15,0,rerate3x2,50,10,0.01,1.0,False,1.1
power_law_practice,logei,10,slip,0.15,0,rerate3x2,50,25,0.01,1.0,False,1.04
power_law_practice,logei,10,slip,0.4,0,rerate3x2,50,10,0.01,41.0,True,5.1
power_law_practice,logei,10,slip,0.4,0,rerate3x2,50,25,0.01,41.0,True,2.64
power_law_practice,logei,10,slip,0.01,20,rerate3x2,50,10,0.01,0.0,False,1.0
power_law_practice,logei,10,slip,0.01,20,rerate3x2,50,25,0.01,0.0,False,1.0
power_law_practice,logei,10,slip,0.05,20,rerate3x2,50,10,0.01,0.0,False,1.0
power_law_practice,logei,10,slip,0.05,20,rerate3x2,50,25,0.01,0.0,False,1.0
power_law_practice,logei,10,slip,0.15,20,rerate3x2,50,10,0.01,0.0,False,1.0
power_law_practice,logei,10,slip,0.15,20,rerate3x2,50,25,0.01,0.0,False,1.0
power_law_practice,logei,10,slip,0.4,20,rerate3x2,50,10,0.01,0.0,False,1.0
power_law_practice,logei,10,slip,0.4,20,rerate3x2,50,25,0.01,0.0,False,1.0
power_law_practice,logei,11,slip,0.01,0,rerate3x2,50,10,0.01,3.0,False,1.3
power_law_practice,logei,11,slip,0.01,0,rerate3x2,50,25,0.01,-2.0,False,0.92
power_law_practice,logei,11,slip,0.05,0,rerate3x2,50,10,0.01,-1.0,False,0.9
power_law_practice,logei,11,slip,0.05,0,rerate3x2,50,25,0.01,-1.0,False,0.96
power_law_practice,logei,11,slip,0.15,0,rerate3x2,50,10,0.01,-3.0,False,0.7
power_law_practice,logei,11,slip,0.15,0,rerate3x2,50,25,0.01,2.0,False,1.08
power_law_practice,logei,11,slip,0.4,0,rerate3x2,50,10,0.01,-3.0,False,0.7
power_law_practice,logei,11,slip,0.4,0,rerate3x2,50,25,0.01,-9.0,False,0.64
power_law_practice,logei,11,slip,0.01,20,rerate3x2,50,10,0.01,0.0,False,1.0
power_law_practice,logei,11,slip,0.01,20,rerate3x2,50,25,0.01,0.0,False,1.0
power_law_practice,logei,11,slip,0.05,20,rerate3x2,50,10,0.01,0.0,False,1.0
power_law_practice,logei,11,slip,0.05,20,rerate3x2,50,25,0.01,0.0,False,1.0
power_law_practice,logei,11,slip,0.15,20,rerate3x2,50,10,0.01,0.0,False,1.0
power_law_practice,logei,11,slip,0.15,20,rerate3x2,50,25,0.01,0.0,False,1.0
power_law_practice,logei,11,slip,0.4,20,rerate3x2,50,10,0.01,0.0,False,1.0
power_law_practice,logei,11,slip,0.4,20,rerate3x2,50,25,0.01,0.0,False,1.0
power_law_practice,logei,7,slip,0.01,0,rerate3x2,50,10,0.01,0.0,False,1.0
power_law_practice,logei,7,slip,0.01,0,rerate3x2,50,25,0.01,0.0,False,1.0
power_law_practice,logei,7,slip,0.05,0,rerate3x2,50,10,0.01,1.0,False,1.1
power_law_practice,logei,7,slip,0.05,0,rerate3x2,50,25,0.01,1.0,False,1.04
power_law_practice,logei,7,slip,0.15,0,rerate3x2,50,10,0.01,9.0,False,1.9
power_law_practice,logei,7,slip,0.15,0,rerate3x2,50,25,0.01,9.0,False,1.36
power_law_practice,logei,7,slip,0.4,0,rerate3x2,50,10,0.01,40.0,True,5.0
power_law_practice,logei,7,slip,0.4,0,rerate3x2,50,25,0.01,40.0,True,2.6
power_law_practice,logei,7,slip,0.01,20,rerate3x2,50,10,0.01,0.0,False,1.0
power_law_practice,logei,7,slip,0.01,20,rerate3x2,50,25,0.01,0.0,False,1.0
power_law_practice,logei,7,slip,0.05,20,rerate3x2,50,10,0.01,0.0,False,1.0
power_law_practice,logei,7,slip,0.05,20,rerate3x2,50,25,0.01,0.0,False,1.0
power_law_practice,logei,7,slip,0.15,20,rerate3x2,50,10,0.01,0.0,False,1.0
power_law_practice,logei,7,slip,0.15,20,rerate3x2,50,25,0.01,0.0,False,1.0
power_law_practice,logei,7,slip,0.4,20,rerate3x2,50,10,0.01,0.0,False,1.0
power_law_practice,logei,7,slip,0.4,20,rerate3x2,50,25,0.01,0.0,False,1.0
power_law_practice,logei,8,slip,0.01,0,rerate3x2,50,10,0.01,-1.0,False,0.9
power_law_practice,logei,8,slip,0.01,0,rerate3x2,50,25,0.01,-4.0,False,0.84
power_law_practice,logei,8,slip,0.05,0,rerate3x2,50,10,0.01,1.0,False,1.1
power_law_practice,logei,8,slip,0.05,0,rerate3x2,50,25,0.01,0.0,False,1.0
power_law_practice,logei,8,slip,0.15,0,rerate3x2,50,10,0.01,8.0,False,1.8
power_law_practice,logei,8,slip,0.15,0,rerate3x2,50,25,0.01,36.0,False,2.44
power_law_practice,logei,8,slip,0.4,0,rerate3x2,50,10,0.01,-1.0,False,0.9
power_law_practice,logei,8,slip,0.4,0,rerate3x2,50,25,0.01,38.0,True,2.52
power_law_practice,logei,8,slip,0.01,20,rerate3x2,50,10,0.01,0.0,False,1.0
power_law_practice,logei,8,slip,0.01,20,rerate3x2,50,25,0.01,0.0,False,1.0
power_law_practice,logei,8,slip,0.05,20,rerate3x2,50,10,0.01,0.0,False,1.0
power_law_practice,logei,8,slip,0.05,20,rerate3x2,50,25,0.01,0.0,False,1.0
power_law_practice,logei,8,slip,0.15,20,rerate3x2,50,10,0.01,0.0,False,1.0
power_law_practice,logei,8,slip,0.15,20,rerate3x2,50,25,0.01,0.0,False,1.0
power_law_practice,logei,8,slip,0.4,20,rerate3x2,50,10,0.01,0.0,False,1.0
power_law_practice,logei,8,slip,0.4,20,rerate3x2,50,25,0.01,0.0,False,1.0
power_law_practice,logei,9,slip,0.01,0,rerate3x2,50,10,0.01,0.0,False,1.0
power_law_practice,logei,9,slip,0.01,0,rerate3x2,50,25,0.01,0.0,False,1.0
power_law_practice,logei,9,slip,0.05,0,rerate3x2,50,10,0.01,5.0,False,1.5
power_law_practice,logei,9,slip,0.05,0,rerate3x2,50,25,0.01,5.0,False,1.2
power_law_practice,logei,9,slip,0.15,0,rerate3x2,50,10,0.01,5.0,False,1.5
power_law_practice,logei,9,slip,0.15,0,rerate3x2,50,25,0.01,5.0,False,1.2
power_law_practice,logei,9,slip,0.4,0,rerate3x2,50,10,0.01,17.0,False,2.7
power_law_practice,logei,9,slip,0.4,0,rerate3x2,50,25,0.01,17.0,False,1.68
power_law_practice,logei,9,slip,0.01,20,rerate3x2,50,10,0.01,0.0,False,1.0
power_law_practice,logei,9,slip,0.01,20,rerate3x2,50,25,0.01,0.0,False,1.0
power_law_practice,logei,9,slip,0.05,20,rerate3x2,50,10,0.01,0.0,False,1.0
power_law_practice,logei,9,slip,0.05,20,rerate3x2,50,25,0.01,0.0,False,1.0
power_law_practice,logei,9,slip,0.15,20,rerate3x2,50,10,0.01,0.0,False,1.0
power_law_practice,logei,9,slip,0.15,20,rerate3x2,50,25,0.01,0.0,False,1.0
power_law_practice,logei,9,slip,0.4,20,rerate3x2,50,10,0.01,0.0,False,1.0
power_law_practice,logei,9,slip,0.4,20,rerate3x2,50,25,0.01,0.0,False,1.0
power_law_practice,qnei,10,slip,0.01,0,rerate3x2,50,10,0.01,0.0,False,1.0
power_law_practice,qnei,10,slip,0.01,0,rerate3x2,50,25,0.01,0.0,False,1.0
power_law_practice,qnei,10,slip,0.05,0,rerate3x2,50,10,0.01,2.0,False,1.2
power_law_practice,qnei,10,slip,0.05,0,rerate3x2,50,25,0.01,2.0,False,1.08
power_law_practice,qnei,10,slip,0.15,0,rerate3x2,50,10,0.01,0.0,False,1.0
power_law_practice,qnei,10,slip,0.15,0,rerate3x2,50,25,0.01,0.0,False,1.0
power_law_practice,qnei,10,slip,0.4,0,rerate3x2,50,10,0.01,13.0,False,2.3
power_law_practice,qnei,10,slip,0.4,0,rerate3x2,50,25,0.01,13.0,False,1.52
power_law_practice,qnei,10,slip,0.01,20,rerate3x2,50,10,0.01,0.0,False,1.0
power_law_practice,qnei,10,slip,0.01,20,rerate3x2,50,25,0.01,0.0,False,1.0
power_law_practice,qnei,10,slip,0.05,20,rerate3x2,50,10,0.01,0.0,False,1.0
power_law_practice,qnei,10,slip,0.05,20,rerate3x2,50,25,0.01,0.0,False,1.0
power_law_practice,qnei,10,slip,0.15,20,rerate3x2,50,10,0.01,0.0,False,1.0
power_law_practice,qnei,10,slip,0.15,20,rerate3x2,50,25,0.01,0.0,False,1.0
power_law_practice,qnei,10,slip,0.4,20,rerate3x2,50,10,0.01,0.0,False,1.0
power_law_practice,qnei,10,slip,0.4,20,rerate3x2,50,25,0.01,0.0,False,1.0
power_law_practice,qnei,11,slip,0.01,0,rerate3x2,50,10,0.01,0.0,False,1.0
power_law_practice,qnei,11,slip,0.01,0,rerate3x2,50,25,0.01,31.0,False,2.24
power_law_practice,qnei,11,slip,0.05,0,rerate3x2,50,10,0.01,1.0,False,1.1
power_law_practice,qnei,11,slip,0.05,0,rerate3x2,50,25,0.01,36.0,True,2.44
power_law_practice,qnei,11,slip,0.15,0,rerate3x2,50,10,0.01,7.0,False,1.7
power_law_practice,qnei,11,slip,0.15,0,rerate3x2,50,25,0.01,36.0,True,2.44
power_law_practice,qnei,11,slip,0.4,0,rerate3x2,50,10,0.01,6.0,False,1.6
power_law_practice,qnei,11,slip,0.4,0,rerate3x2,50,25,0.01,36.0,True,2.44
power_law_practice,qnei,11,slip,0.01,20,rerate3x2,50,10,0.01,0.0,False,1.0
power_law_practice,qnei,11,slip,0.01,20,rerate3x2,50,25,0.01,0.0,False,1.0
power_law_practice,qnei,11,slip,0.05,20,rerate3x2,50,10,0.01,0.0,False,1.0
power_law_practice,qnei,11,slip,0.05,20,rerate3x2,50,25,0.01,0.0,False,1.0
power_law_practice,qnei,11,slip,0.15,20,rerate3x2,50,10,0.01,0.0,False,1.0
power_law_practice,qnei,11,slip,0.15,20,rerate3x2,50,25,0.01,0.0,False,1.0
power_law_practice,qnei,11,slip,0.4,20,rerate3x2,50,10,0.01,0.0,False,1.0
power_law_practice,qnei,11,slip,0.4,20,rerate3x2,50,25,0.01,0.0,False,1.0
power_law_practice,qnei,7,slip,0.01,0,rerate3x2,50,10,0.01,-2.0,False,0.8
power_law_practice,qnei,7,slip,0.01,0,rerate3x2,50,25,0.01,-2.0,False,0.92
power_law_practice,qnei,7,slip,0.05,0,rerate3x2,50,10,0.01,38.0,False,4.8
power_law_practice,qnei,7,slip,0.05,0,rerate3x2,50,25,0.01,38.0,False,2.52
power_law_practice,qnei,7,slip,0.15,0,rerate3x2,50,10,0.01,0.0,False,1.0
power_law_practice,qnei,7,slip,0.15,0,rerate3x2,50,25,0.01,0.0,False,1.0
power_law_practice,qnei,7,slip,0.4,0,rerate3x2,50,10,0.01,16.0,False,2.6
power_law_practice,qnei,7,slip,0.4,0,rerate3x2,50,25,0.01,16.0,False,1.64
power_law_practice,qnei,7,slip,0.01,20,rerate3x2,50,10,0.01,0.0,False,1.0
power_law_practice,qnei,7,slip,0.01,20,rerate3x2,50,25,0.01,0.0,False,1.0
power_law_practice,qnei,7,slip,0.05,20,rerate3x2,50,10,0.01,0.0,False,1.0
power_law_practice,qnei,7,slip,0.05,20,rerate3x2,50,25,0.01,0.0,False,1.0
power_law_practice,qnei,7,slip,0.15,20,rerate3x2,50,10,0.01,0.0,False,1.0
power_law_practice,qnei,7,slip,0.15,20,rerate3x2,50,25,0.01,0.0,False,1.0
power_law_practice,qnei,7,slip,0.4,20,rerate3x2,50,10,0.01,0.0,False,1.0
power_law_practice,qnei,7,slip,0.4,20,rerate3x2,50,25,0.01,0.0,False,1.0
power_law_practice,qnei,8,slip,0.01,0,rerate3x2,50,10,0.01,-1.0,False,0.9
power_law_practice,qnei,8,slip,0.01,0,rerate3x2,50,25,0.01,-6.0,False,0.76
power_law_practice,qnei,8,slip,0.05,0,rerate3x2,50,10,0.01,-1.0,False,0.9
power_law_practice,qnei,8,slip,0.05,0,rerate3x2,50,25,0.01,36.0,True,2.44
power_law_practice,qnei,8,slip,0.15,0,rerate3x2,50,10,0.01,-1.0,False,0.9
power_law_practice,qnei,8,slip,0.15,0,rerate3x2,50,25,0.01,36.0,True,2.44
power_law_practice,qnei,8,slip,0.4,0,rerate3x2,50,10,0.01,2.0,False,1.2
power_law_practice,qnei,8,slip,0.4,0,rerate3x2,50,25,0.01,36.0,True,2.44
power_law_practice,qnei,8,slip,0.01,20,rerate3x2,50,10,0.01,0.0,False,1.0
power_law_practice,qnei,8,slip,0.01,20,rerate3x2,50,25,0.01,0.0,False,1.0
power_law_practice,qnei,8,slip,0.05,20,rerate3x2,50,10,0.01,0.0,False,1.0
power_law_practice,qnei,8,slip,0.05,20,rerate3x2,50,25,0.01,0.0,False,1.0
power_law_practice,qnei,8,slip,0.15,20,rerate3x2,50,10,0.01,0.0,False,1.0
power_law_practice,qnei,8,slip,0.15,20,rerate3x2,50,25,0.01,0.0,False,1.0
power_law_practice,qnei,8,slip,0.4,20,rerate3x2,50,10,0.01,0.0,False,1.0
power_law_practice,qnei,8,slip,0.4,20,rerate3x2,50,25,0.01,0.0,False,1.0
power_law_practice,qnei,9,slip,0.01,0,rerate3x2,50,10,0.01,0.0,False,1.0
power_law_practice,qnei,9,slip,0.01,0,rerate3x2,50,25,0.01,0.0,False,1.0
power_law_practice,qnei,9,slip,0.05,0,rerate3x2,50,10,0.01,44.0,True,5.4
power_law_practice,qnei,9,slip,0.05,0,rerate3x2,50,25,0.01,44.0,True,2.76
power_law_practice,qnei,9,slip,0.15,0,rerate3x2,50,10,0.01,44.0,True,5.4
power_law_practice,qnei,9,slip,0.15,0,rerate3x2,50,25,0.01,44.0,True,2.76
power_law_practice,qnei,9,slip,0.4,0,rerate3x2,50,10,0.01,44.0,True,5.4
power_law_practice,qnei,9,slip,0.4,0,rerate3x2,50,25,0.01,44.0,True,2.76
power_law_practice,qnei,9,slip,0.01,20,rerate3x2,50,10,0.01,0.0,False,1.0
power_law_practice,qnei,9,slip,0.01,20,rerate3x2,50,25,0.01,0.0,False,1.0
power_law_practice,qnei,9,slip,0.05,20,rerate3x2,50,10,0.01,0.0,False,1.0
power_law_practice,qnei,9,slip,0.05,20,rerate3x2,50,25,0.01,0.0,False,1.0
power_law_practice,qnei,9,slip,0.15,20,rerate3x2,50,10,0.01,0.0,False,1.0
power_law_practice,qnei,9,slip,0.15,20,rerate3x2,50,25,0.01,0.0,False,1.0
power_law_practice,qnei,9,slip,0.4,20,rerate3x2,50,10,0.01,0.0,False,1.0
power_law_practice,qnei,9,slip,0.4,20,rerate3x2,50,25,0.01,0.0,False,1.0
rastrigin,logei,10,slip,0.01,0,rerate3x2,50,10,0.01,1.0,False,1.1
rastrigin,logei,10,slip,0.01,0,rerate3x2,50,25,0.01,1.0,False,1.04
rastrigin,logei,10,slip,0.05,0,rerate3x2,50,10,0.01,20.0,False,3.0
rastrigin,logei,10,slip,0.05,0,rerate3x2,50,25,0.01,20.0,False,1.8
rastrigin,logei,10,slip,0.15,0,rerate3x2,50,10,0.01,37.0,False,4.7
rastrigin,logei,10,slip,0.15,0,rerate3x2,50,25,0.01,37.0,False,2.48
rastrigin,logei,10,slip,0.4,0,rerate3x2,50,10,0.01,42.0,True,5.2
rastrigin,logei,10,slip,0.4,0,rerate3x2,50,25,0.01,42.0,True,2.68
rastrigin,logei,10,slip,0.01,20,rerate3x2,50,10,0.01,0.0,False,1.0
rastrigin,logei,10,slip,0.01,20,rerate3x2,50,25,0.01,0.0,False,1.0
rastrigin,logei,10,slip,0.05,20,rerate3x2,50,10,0.01,0.0,False,1.0
rastrigin,logei,10,slip,0.05,20,rerate3x2,50,25,0.01,0.0,False,1.0
rastrigin,logei,10,slip,0.15,20,rerate3x2,50,10,0.01,0.0,False,1.0
rastrigin,logei,10,slip,0.15,20,rerate3x2,50,25,0.01,0.0,False,1.0
rastrigin,logei,10,slip,0.4,20,rerate3x2,50,10,0.01,0.0,False,1.0
rastrigin,logei,10,slip,0.4,20,rerate3x2,50,25,0.01,0.0,False,1.0
rastrigin,logei,11,slip,0.01,0,rerate3x2,50,10,0.01,0.0,False,1.0
rastrigin,logei,11,slip,0.01,0,rerate3x2,50,25,0.01,-14.0,False,0.44
rastrigin,logei,11,slip,0.05,0,rerate3x2,50,10,0.01,3.0,False,1.3
rastrigin,logei,11,slip,0.05,0,rerate3x2,50,25,0.01,-8.0,False,0.68
rastrigin,logei,11,slip,0.15,0,rerate3x2,50,10,0.01,13.0,False,2.3
rastrigin,logei,11,slip,0.15,0,rerate3x2,50,25,0.01,25.0,False,2.0
rastrigin,logei,11,slip,0.4,0,rerate3x2,50,10,0.01,2.0,False,1.2
rastrigin,logei,11,slip,0.4,0,rerate3x2,50,25,0.01,25.0,True,2.0
rastrigin,logei,11,slip,0.01,20,rerate3x2,50,10,0.01,0.0,False,1.0
rastrigin,logei,11,slip,0.01,20,rerate3x2,50,25,0.01,-3.0,False,0.88
rastrigin,logei,11,slip,0.05,20,rerate3x2,50,10,0.01,0.0,False,1.0
rastrigin,logei,11,slip,0.05,20,rerate3x2,50,25,0.01,-2.0,False,0.92
rastrigin,logei,11,slip,0.15,20,rerate3x2,50,10,0.01,0.0,False,1.0
rastrigin,logei,11,slip,0.15,20,rerate3x2,50,25,0.01,3.0,False,1.12
rastrigin,logei,11,slip,0.4,20,rerate3x2,50,10,0.01,0.0,False,1.0
rastrigin,logei,11,slip,0.4,20,rerate3x2,50,25,0.01,25.0,True,2.0
rastrigin,logei,7,slip,0.01,0,rerate3x2,50,10,0.01,4.0,False,1.4
rastrigin,logei,7,slip,0.01,0,rerate3x2,50,25,0.01,30.0,False,2.2
rastrigin,logei,7,slip,0.05,0,rerate3x2,50,10,0.01,-7.0,False,0.3
rastrigin,logei,7,slip,0.05,0,rerate3x2,50,25,0.01,32.0,True,2.28
rastrigin,logei,7,slip,0.15,0,rerate3x2,50,10,0.01,24.0,False,3.4
rastrigin,logei,7,slip,0.15,0,rerate3x2,50,25,0.01,32.0,True,2.28
rastrigin,logei,7,slip,0.4,0,rerate3x2,50,10,0.01,40.0,True,5.0
rastrigin,logei,7,slip,0.4,0,rerate3x2,50,25,0.01,32.0,True,2.28
rastrigin,logei,7,slip,0.01,20,rerate3x2,50,10,0.01,0.0,False,1.0
rastrigin,logei,7,slip,0.01,20,rerate3x2,50,25,0.01,0.0,False,1.0
rastrigin,logei,7,slip,0.05,20,rerate3x2,50,10,0.01,0.0,False,1.0
rastrigin,logei,7,slip,0.05,20,rerate3x2,50,25,0.01,0.0,False,1.0
rastrigin,logei,7,slip,0.15,20,rerate3x2,50,10,0.01,0.0,False,1.0
rastrigin,logei,7,slip,0.15,20,rerate3x2,50,25,0.01,0.0,False,1.0
rastrigin,logei,7,slip,0.4,20,rerate3x2,50,10,0.01,0.0,False,1.0
rastrigin,logei,7,slip,0.4,20,rerate3x2,50,25,0.01,0.0,False,1.0
rastrigin,logei,8,slip,0.01,0,rerate3x2,50,10,0.01,1.0,False,1.1
rastrigin,logei,8,slip,0.01,0,rerate3x2,50,25,0.01,-7.0,False,0.72
rastrigin,logei,8,slip,0.05,0,rerate3x2,50,10,0.01,1.0,False,1.1
rastrigin,logei,8,slip,0.05,0,rerate3x2,50,25,0.01,25.0,True,2.0
rastrigin,logei,8,slip,0.15,0,rerate3x2,50,10,0.01,1.0,False,1.1
rastrigin,logei,8,slip,0.15,0,rerate3x2,50,25,0.01,25.0,True,2.0
rastrigin,logei,8,slip,0.4,0,rerate3x2,50,10,0.01,11.0,False,2.1
rastrigin,logei,8,slip,0.4,0,rerate3x2,50,25,0.01,25.0,True,2.0
rastrigin,logei,8,slip,0.01,20,rerate3x2,50,10,0.01,0.0,False,1.0
rastrigin,logei,8,slip,0.01,20,rerate3x2,50,25,0.01,25.0,True,2.0
rastrigin,logei,8,slip,0.05,20,rerate3x2,50,10,0.01,0.0,False,1.0
rastrigin,logei,8,slip,0.05,20,rerate3x2,50,25,0.01,13.0,False,1.52
rastrigin,logei,8,slip,0.15,20,rerate3x2,50,10,0.01,0.0,False,1.0
rastrigin,logei,8,slip,0.15,20,rerate3x2,50,25,0.01,1.0,False,1.04
rastrigin,logei,8,slip,0.4,20,rerate3x2,50,10,0.01,0.0,False,1.0
rastrigin,logei,8,slip,0.4,20,rerate3x2,50,25,0.01,25.0,True,2.0
rastrigin,logei,9,slip,0.01,0,rerate3x2,50,10,0.01,5.0,False,1.5
rastrigin,logei,9,slip,0.01,0,rerate3x2,50,25,0.01,4.0,False,1.16
rastrigin,logei,9,slip,0.05,0,rerate3x2,50,10,0.01,4.0,False,1.4
rastrigin,logei,9,slip,0.05,0,rerate3x2,50,25,0.01,-6.0,False,0.76
rastrigin,logei,9,slip,0.15,0,rerate3x2,50,10,0.01,13.0,False,2.3
rastrigin,logei,9,slip,0.15,0,rerate3x2,50,25,0.01,-1.0,False,0.96
rastrigin,logei,9,slip,0.4,0,rerate3x2,50,10,0.01,44.0,True,5.4
rastrigin,logei,9,slip,0.4,0,rerate3x2,50,25,0.01,30.0,True,2.2
rastrigin,logei,9,slip,0.01,20,rerate3x2,50,10,0.01,0.0,False,1.0
rastrigin,logei,9,slip,0.01,20,rerate3x2,50,25,0.01,0.0,False,1.0
rastrigin,logei,9,slip,0.05,20,rerate3x2,50,10,0.01,0.0,False,1.0
rastrigin,logei,9,slip,0.05,20,rerate3x2,50,25,0.01,0.0,False,1.0
rastrigin,logei,9,slip,0.15,20,rerate3x2,50,10,0.01,0.0,False,1.0
rastrigin,logei,9,slip,0.15,20,rerate3x2,50,25,0.01,0.0,False,1.0
rastrigin,logei,9,slip,0.4,20,rerate3x2,50,10,0.01,0.0,False,1.0
rastrigin,logei,9,slip,0.4,20,rerate3x2,50,25,0.01,0.0,False,1.0
rastrigin,qnei,10,slip,0.01,0,rerate3x2,50,10,0.01,-5.0,False,0.5
rastrigin,qnei,10,slip,0.01,0,rerate3x2,50,25,0.01,26.0,True,2.04
rastrigin,qnei,10,slip,0.05,0,rerate3x2,50,10,0.01,1.0,False,1.1
rastrigin,qnei,10,slip,0.05,0,rerate3x2,50,25,0.01,11.0,False,1.44
rastrigin,qnei,10,slip,0.15,0,rerate3x2,50,10,0.01,2.0,False,1.2
rastrigin,qnei,10,slip,0.15,0,rerate3x2,50,25,0.01,6.0,False,1.24
rastrigin,qnei,10,slip,0.4,0,rerate3x2,50,10,0.01,12.0,False,2.2
rastrigin,qnei,10,slip,0.4,0,rerate3x2,50,25,0.01,26.0,True,2.04
rastrigin,qnei,10,slip,0.01,20,rerate3x2,50,10,0.01,0.0,False,1.0
rastrigin,qnei,10,slip,0.01,20,rerate3x2,50,25,0.01,26.0,True,2.04
rastrigin,qnei,10,slip,0.05,20,rerate3x2,50,10,0.01,0.0,False,1.0
rastrigin,qnei,10,slip,0.05,20,rerate3x2,50,25,0.01,4.0,False,1.16
rastrigin,qnei,10,slip,0.15,20,rerate3x2,50,10,0.01,0.0,False,1.0
rastrigin,qnei,10,slip,0.15,20,rerate3x2,50,25,0.01,23.0,False,1.92
rastrigin,qnei,10,slip,0.4,20,rerate3x2,50,10,0.01,0.0,False,1.0
rastrigin,qnei,10,slip,0.4,20,rerate3x2,50,25,0.01,26.0,True,2.04
rastrigin,qnei,11,slip,0.01,0,rerate3x2,50,10,0.01,4.0,False,1.4
rastrigin,qnei,11,slip,0.01,0,rerate3x2,50,25,0.01,-13.0,False,0.48
rastrigin,qnei,11,slip,0.05,0,rerate3x2,50,10,0.01,10.0,False,2.0
rastrigin,qnei,11,slip,0.05,0,rerate3x2,50,25,0.01,12.0,False,1.48
rastrigin,qnei,11,slip,0.15,0,rerate3x2,50,10,0.01,0.0,False,1.0
rastrigin,qnei,11,slip,0.15,0,rerate3x2,50,25,0.01,-16.0,False,0.36
rastrigin,qnei,11,slip,0.4,0,rerate3x2,50,10,0.01,15.0,False,2.5
rastrigin,qnei,11,slip,0.4,0,rerate3x2,50,25,0.01,20.0,False,1.8
rastrigin,qnei,11,slip,0.01,20,rerate3x2,50,10,0.01,0.0,False,1.0
rastrigin,qnei,11,slip,0.01,20,rerate3x2,50,25,0.01,2.0,False,1.08
rastrigin,qnei,11,slip,0.05,20,rerate3x2,50,10,0.01,0.0,False,1.0
rastrigin,qnei,11,slip,0.05,20,rerate3x2,50,25,0.01,13.0,False,1.52
rastrigin,qnei,11,slip,0.15,20,rerate3x2,50,10,0.01,0.0,False,1.0
rastrigin,qnei,11,slip,0.15,20,rerate3x2,50,25,0.01,26.0,False,2.04
rastrigin,qnei,11,slip,0.4,20,rerate3x2,50,10,0.01,0.0,False,1.0
rastrigin,qnei,11,slip,0.4,20,rerate3x2,50,25,0.01,26.0,True,2.04
rastrigin,qnei,7,slip,0.01,0,rerate3x2,50,10,0.01,37.0,False,4.7
rastrigin,qnei,7,slip,0.01,0,rerate3x2,50,25,0.01,25.0,False,2.0
rastrigin,qnei,7,slip,0.05,0,rerate3x2,50,10,0.01,40.0,True,5.0
rastrigin,qnei,7,slip,0.05,0,rerate3x2,50,25,0.01,28.0,True,2.12
rastrigin,qnei,7,slip,0.15,0,rerate3x2,50,10,0.01,40.0,True,5.0
rastrigin,qnei,7,slip,0.15,0,rerate3x2,50,25,0.01,28.0,True,2.12
rastrigin,qnei,7,slip,0.4,0,rerate3x2,50,10,0.01,40.0,True,5.0
rastrigin,qnei,7,slip,0.4,0,rerate3x2,50,25,0.01,28.0,True,2.12
rastrigin,qnei,7,slip,0.01,20,rerate3x2,50,10,0.01,0.0,False,1.0
rastrigin,qnei,7,slip,0.01,20,rerate3x2,50,25,0.01,23.0,False,1.92
rastrigin,qnei,7,slip,0.05,20,rerate3x2,50,10,0.01,0.0,False,1.0
rastrigin,qnei,7,slip,0.05,20,rerate3x2,50,25,0.01,28.0,True,2.12
rastrigin,qnei,7,slip,0.15,20,rerate3x2,50,10,0.01,0.0,False,1.0
rastrigin,qnei,7,slip,0.15,20,rerate3x2,50,25,0.01,28.0,True,2.12
rastrigin,qnei,7,slip,0.4,20,rerate3x2,50,10,0.01,0.0,False,1.0
rastrigin,qnei,7,slip,0.4,20,rerate3x2,50,25,0.01,28.0,True,2.12
rastrigin,qnei,8,slip,0.01,0,rerate3x2,50,10,0.01,1.0,False,1.1
rastrigin,qnei,8,slip,0.01,0,rerate3x2,50,25,0.01,-22.0,False,0.12
rastrigin,qnei,8,slip,0.05,0,rerate3x2,50,10,0.01,5.0,False,1.5
rastrigin,qnei,8,slip,0.05,0,rerate3x2,50,25,0.01,-4.0,False,0.84
rastrigin,qnei,8,slip,0.15,0,rerate3x2,50,10,0.01,4.0,False,1.4
rastrigin,qnei,8,slip,0.15,0,rerate3x2,50,25,0.01,-14.0,False,0.44
rastrigin,qnei,8,slip,0.4,0,rerate3x2,50,10,0.01,20.0,False,3.0
rastrigin,qnei,8,slip,0.4,0,rerate3x2,50,25,0.01,3.0,False,1.12
rastrigin,qnei,8,slip,0.01,20,rerate3x2,50,10,0.01,0.0,False,1.0
rastrigin,qnei,8,slip,0.01,20,rerate3x2,50,25,0.01,3.0,False,1.12
rastrigin,qnei,8,slip,0.05,20,rerate3x2,50,10,0.01,0.0,False,1.0
rastrigin,qnei,8,slip,0.05,20,rerate3x2,50,25,0.01,3.0,False,1.12
rastrigin,qnei,8,slip,0.15,20,rerate3x2,50,10,0.01,0.0,False,1.0
rastrigin,qnei,8,slip,0.15,20,rerate3x2,50,25,0.01,14.0,False,1.56
rastrigin,qnei,8,slip,0.4,20,rerate3x2,50,10,0.01,0.0,False,1.0
rastrigin,qnei,8,slip,0.4,20,rerate3x2,50,25,0.01,4.0,False,1.16
rastrigin,qnei,9,slip,0.01,0,rerate3x2,50,10,0.01,1.0,False,1.1
rastrigin,qnei,9,slip,0.01,0,rerate3x2,50,25,0.01,28.0,True,2.12
rastrigin,qnei,9,slip,0.05,0,rerate3x2,50,10,0.01,23.0,False,3.3
rastrigin,qnei,9,slip,0.05,0,rerate3x2,50,25,0.01,28.0,True,2.12
rastrigin,qnei,9,slip,0.15,0,rerate3x2,50,10,0.01,15.0,False,2.5
rastrigin,qnei,9,slip,0.15,0,rerate3x2,50,25,0.01,28.0,True,2.12
rastrigin,qnei,9,slip,0.4,0,rerate3x2,50,10,0.01,44.0,True,5.4
rastrigin,qnei,9,slip,0.4,0,rerate3x2,50,25,0.01,28.0,True,2.12
rastrigin,qnei,9,slip,0.01,20,rerate3x2,50,10,0.01,0.0,False,1.0
rastrigin,qnei,9,slip,0.01,20,rerate3x2,50,25,0.01,28.0,True,2.12
rastrigin,qnei,9,slip,0.05,20,rerate3x2,50,10,0.01,0.0,False,1.0
rastrigin,qnei,9,slip,0.05,20,rerate3x2,50,25,0.01,28.0,True,2.12
rastrigin,qnei,9,slip,0.15,20,rerate3x2,50,10,0.01,0.0,False,1.0
rastrigin,qnei,9,slip,0.15,20,rerate3x2,50,25,0.01,28.0,True,2.12
rastrigin,qnei,9,slip,0.4,20,rerate3x2,50,10,0.01,0.0,False,1.0
rastrigin,qnei,9,slip,0.4,20,rerate3x2,50,25,0.01,28.0,True,2.12
rosenbrock,logei,10,slip,0.01,0,rerate3x2,50,10,0.01,6.0,False,1.6
rosenbrock,logei,10,slip,0.01,0,rerate3x2,50,25,0.01,4.0,False,1.16
rosenbrock,logei,10,slip,0.05,0,rerate3x2,50,10,0.01,8.0,False,1.8
rosenbrock,logei,10,slip,0.05,0,rerate3x2,50,25,0.01,18.0,False,1.72
rosenbrock,logei,10,slip,0.15,0,rerate3x2,50,10,0.01,24.0,False,3.4
rosenbrock,logei,10,slip,0.15,0,rerate3x2,50,25,0.01,36.0,True,2.44
rosenbrock,logei,10,slip,0.4,0,rerate3x2,50,10,0.01,13.0,False,2.3
rosenbrock,logei,10,slip,0.4,0,rerate3x2,50,25,0.01,8.0,False,1.32
rosenbrock,logei,10,slip,0.01,20,rerate3x2,50,10,0.01,0.0,False,1.0
rosenbrock,logei,10,slip,0.01,20,rerate3x2,50,25,0.01,0.0,False,1.0
rosenbrock,logei,10,slip,0.05,20,rerate3x2,50,10,0.01,0.0,False,1.0
rosenbrock,logei,10,slip,0.05,20,rerate3x2,50,25,0.01,0.0,False,1.0
rosenbrock,logei,10,slip,0.15,20,rerate3x2,50,10,0.01,0.0,False,1.0
rosenbrock,logei,10,slip,0.15,20,rerate3x2,50,25,0.01,0.0,False,1.0
rosenbrock,logei,10,slip,0.4,20,rerate3x2,50,10,0.01,0.0,False,1.0
rosenbrock,logei,10,slip,0.4,20,rerate3x2,50,25,0.01,0.0,False,1.0
rosenbrock,logei,11,slip,0.01,0,rerate3x2,50,10,0.01,14.0,False,2.4
rosenbrock,logei,11,slip,0.01,0,rerate3x2,50,25,0.01,14.0,False,1.56
rosenbrock,logei,11,slip,0.05,0,rerate3x2,50,10,0.01,7.0,False,1.7
rosenbrock,logei,11,slip,0.05,0,rerate3x2,50,25,0.01,7.0,False,1.28
rosenbrock,logei,11,slip,0.15,0,rerate3x2,50,10,0.01,27.0,False,3.7
rosenbrock,logei,11,slip,0.15,0,rerate3x2,50,25,0.01,27.0,False,2.08
rosenbrock,logei,11,slip,0.4,0,rerate3x2,50,10,0.01,40.0,True,5.0
rosenbrock,logei,11,slip,0.4,0,rerate3x2,50,25,0.01,40.0,True,2.6
rosenbrock,logei,11,slip,0.01,20,rerate3x2,50,10,0.01,0.0,False,1.0
rosenbrock,logei,11,slip,0.01,20,rerate3x2,50,25,0.01,0.0,False,1.0
rosenbrock,logei,11,slip,0.05,20,rerate3x2,50,10,0.01,0.0,False,1.0
rosenbrock,logei,11,slip,0.05,20,rerate3x2,50,25,0.01,0.0,False,1.0
rosenbrock,logei,11,slip,0.15,20,rerate3x2,50,10,0.01,0.0,False,1.0
rosenbrock,logei,11,slip,0.15,20,rerate3x2,50,25,0.01,0.0,False,1.0
rosenbrock,logei,11,slip,0.4,20,rerate3x2,50,10,0.01,0.0,False,1.0
rosenbrock,logei,11,slip,0.4,20,rerate3x2,50,25,0.01,0.0,False,1.0
rosenbrock,logei,7,slip,0.01,0,rerate3x2,50,10,0.01,0.0,False,1.0
rosenbrock,logei,7,slip,0.01,0,rerate3x2,50,25,0.01,0.0,False,1.0
rosenbrock,logei,7,slip,0.05,0,rerate3x2,50,10,0.01,0.0,False,1.0
rosenbrock,logei,7,slip,0.05,0,rerate3x2,50,25,0.01,0.0,False,1.0
rosenbrock,logei,7,slip,0.15,0,rerate3x2,50,10,0.01,13.0,False,2.3
rosenbrock,logei,7,slip,0.15,0,rerate3x2,50,25,0.01,13.0,False,1.52
rosenbrock,logei,7,slip,0.4,0,rerate3x2,50,10,0.01,23.0,False,3.3
rosenbrock,logei,7,slip,0.4,0,rerate3x2,50,25,0.01,23.0,False,1.92
rosenbrock,logei,7,slip,0.01,20,rerate3x2,50,10,0.01,0.0,False,1.0
rosenbrock,logei,7,slip,0.01,20,rerate3x2,50,25,0.01,0.0,False,1.0
rosenbrock,logei,7,slip,0.05,20,rerate3x2,50,10,0.01,0.0,False,1.0
rosenbrock,logei,7,slip,0.05,20,rerate3x2,50,25,0.01,0.0,False,1.0
rosenbrock,logei,7,slip,0.15,20,rerate3x2,50,10,0.01,0.0,False,1.0
rosenbrock,logei,7,slip,0.15,20,rerate3x2,50,25,0.01,0.0,False,1.0
rosenbrock,logei,7,slip,0.4,20,rerate3x2,50,10,0.01,0.0,False,1.0
rosenbrock,logei,7,slip,0.4,20,rerate3x2,50,25,0.01,0.0,False,1.0
rosenbrock,logei,8,slip,0.01,0,rerate3x2,50,10,0.01,-4.0,False,0.6
rosenbrock,logei,8,slip,0.01,0,rerate3x2,50,25,0.01,5.0,False,1.2
rosenbrock,logei,8,slip,0.05,0,rerate3x2,50,10,0.01,0.0,False,1.0
rosenbrock,logei,8,slip,0.05,0,rerate3x2,50,25,0.01,0.0,False,1.0
rosenbrock,logei,8,slip,0.15,0,rerate3x2,50,10,0.01,-4.0,False,0.6
rosenbrock,logei,8,slip,0.15,0,rerate3x2,50,25,0.01,-4.0,False,0.84
rosenbrock,logei,8,slip,0.4,0,rerate3x2,50,10,0.01,43.0,True,5.3
rosenbrock,logei,8,slip,0.4,0,rerate3x2,50,25,0.01,43.0,True,2.72
rosenbrock,logei,8,slip,0.01,20,rerate3x2,50,10,0.01,0.0,False,1.0
rosenbrock,logei,8,slip,0.01,20,rerate3x2,50,25,0.01,0.0,False,1.0
rosenbrock,logei,8,slip,0.05,20,rerate3x2,50,10,0.01,0.0,False,1.0
rosenbrock,logei,8,slip,0.05,20,rerate3x2,50,25,0.01,0.0,False,1.0
rosenbrock,logei,8,slip,0.15,20,rerate3x2,50,10,0.01,0.0,False,1.0
rosenbrock,logei,8,slip,0.15,20,rerate3x2,50,25,0.01,0.0,False,1.0
rosenbrock,logei,8,slip,0.4,20,rerate3x2,50,10,0.01,0.0,False,1.0
rosenbrock,logei,8,slip,0.4,20,rerate3x2,50,25,0.01,0.0,False,1.0
rosenbrock,logei,9,slip,0.01,0,rerate3x2,50,10,0.01,-2.0,False,0.8
rosenbrock,logei,9,slip,0.01,0,rerate3x2,50,25,0.01,8.0,False,1.32
rosenbrock,logei,9,slip,0.05,0,rerate3x2,50,10,0.01,-2.0,False,0.8
rosenbrock,logei,9,slip,0.05,0,rerate3x2,50,25,0.01,9.0,False,1.36
rosenbrock,logei,9,slip,0.15,0,rerate3x2,50,10,0.01,-4.0,False,0.6
rosenbrock,logei,9,slip,0.15,0,rerate3x2,50,25,0.01,-12.0,False,0.52
rosenbrock,logei,9,slip,0.4,0,rerate3x2,50,10,0.01,3.0,False,1.3
rosenbrock,logei,9,slip,0.4,0,rerate3x2,50,25,0.01,32.0,True,2.28
rosenbrock,logei,9,slip,0.01,20,rerate3x2,50,10,0.01,0.0,False,1.0
rosenbrock,logei,9,slip,0.01,20,rerate3x2,50,25,0.01,0.0,False,1.0
rosenbrock,logei,9,slip,0.05,20,rerate3x2,50,10,0.01,0.0,False,1.0
rosenbrock,logei,9,slip,0.05,20,rerate3x2,50,25,0.01,0.0,False,1.0
rosenbrock,logei,9,slip,0.15,20,rerate3x2,50,10,0.01,0.0,False,1.0
rosenbrock,logei,9,slip,0.15,20,rerate3x2,50,25,0.01,0.0,False,1.0
rosenbrock,logei,9,slip,0.4,20,rerate3x2,50,10,0.01,0.0,False,1.0
rosenbrock,logei,9,slip,0.4,20,rerate3x2,50,25,0.01,0.0,False,1.0
rosenbrock,qnei,10,slip,0.01,0,rerate3x2,50,10,0.01,0.0,False,1.0
rosenbrock,qnei,10,slip,0.01,0,rerate3x2,50,25,0.01,0.0,False,1.0
rosenbrock,qnei,10,slip,0.05,0,rerate3x2,50,10,0.01,4.0,False,1.4
rosenbrock,qnei,10,slip,0.05,0,rerate3x2,50,25,0.01,4.0,False,1.16
rosenbrock,qnei,10,slip,0.15,0,rerate3x2,50,10,0.01,33.0,False,4.3
rosenbrock,qnei,10,slip,0.15,0,rerate3x2,50,25,0.01,37.0,False,2.48
rosenbrock,qnei,10,slip,0.4,0,rerate3x2,50,10,0.01,-1.0,False,0.9
rosenbrock,qnei,10,slip,0.4,0,rerate3x2,50,25,0.01,-1.0,False,0.96
rosenbrock,qnei,10,slip,0.01,20,rerate3x2,50,10,0.01,0.0,False,1.0
rosenbrock,qnei,10,slip,0.01,20,rerate3x2,50,25,0.01,0.0,False,1.0
rosenbrock,qnei,10,slip,0.05,20,rerate3x2,50,10,0.01,0.0,False,1.0
rosenbrock,qnei,10,slip,0.05,20,rerate3x2,50,25,0.01,0.0,False,1.0
rosenbrock,qnei,10,slip,0.15,20,rerate3x2,50,10,0.01,0.0,False,1.0
rosenbrock,qnei,10,slip,0.15,20,rerate3x2,50,25,0.01,0.0,False,1.0
rosenbrock,qnei,10,slip,0.4,20,rerate3x2,50,10,0.01,0.0,False,1.0
rosenbrock,qnei,10,slip,0.4,20,rerate3x2,50,25,0.01,0.0,False,1.0
rosenbrock,qnei,11,slip,0.01,0,rerate3x2,50,10,0.01,5.0,False,1.5
rosenbrock,qnei,11,slip,0.01,0,rerate3x2,50,25,0.01,1.0,False,1.04
rosenbrock,qnei,11,slip,0.05,0,rerate3x2,50,10,0.01,9.0,False,1.9
rosenbrock,qnei,11,slip,0.05,0,rerate3x2,50,25,0.01,2.0,False,1.08
rosenbrock,qnei,11,slip,0.15,0,rerate3x2,50,10,0.01,8.0,False,1.8
rosenbrock,qnei,11,slip,0.15,0,rerate3x2,50,25,0.01,-10.0,False,0.6
rosenbrock,qnei,11,slip,0.4,0,rerate3x2,50,10,0.01,0.0,False,1.0
rosenbrock,qnei,11,slip,0.4,0,rerate3x2,50,25,0.01,31.0,True,2.24
rosenbrock,qnei,11,slip,0.01,20,rerate3x2,50,10,0.01,0.0,False,1.0
rosenbrock,qnei,11,slip,0.01,20,rerate3x2,50,25,0.01,0.0,False,1.0
rosenbrock,qnei,11,slip,0.05,20,rerate3x2,50,10,0.01,0.0,False,1.0
rosenbrock,qnei,11,slip,0.05,20,rerate3x2,50,25,0.01,0.0,False,1.0
rosenbrock,qnei,11,slip,0.15,20,rerate3x2,50,10,0.01,0.0,False,1.0
rosenbrock,qnei,11,slip,0.15,20,rerate3x2,50,25,0.01,0.0,False,1.0
rosenbrock,qnei,11,slip,0.4,20,rerate3x2,50,10,0.01,0.0,False,1.0
rosenbrock,qnei,11,slip,0.4,20,rerate3x2,50,25,0.01,0.0,False,1.0
rosenbrock,qnei,7,slip,0.01,0,rerate3x2,50,10,0.01,0.0,False,1.0
rosenbrock,qnei,7,slip,0.01,0,rerate3x2,50,25,0.01,0.0,False,1.0
rosenbrock,qnei,7,slip,0.05,0,rerate3x2,50,10,0.01,0.0,False,1.0
rosenbrock,qnei,7,slip,0.05,0,rerate3x2,50,25,0.01,0.0,False,1.0
rosenbrock,qnei,7,slip,0.15,0,rerate3x2,50,10,0.01,10.0,False,2.0
rosenbrock,qnei,7,slip,0.15,0,rerate3x2,50,25,0.01,27.0,False,2.08
rosenbrock,qnei,7,slip,0.4,0,rerate3x2,50,10,0.01,42.0,False,5.2
rosenbrock,qnei,7,slip,0.4,0,rerate3x2,50,25,0.01,42.0,False,2.68
rosenbrock,qnei,7,slip,0.01,20,rerate3x2,50,10,0.01,0.0,False,1.0
rosenbrock,qnei,7,slip,0.01,20,rerate3x2,50,25,0.01,0.0,False,1.0
rosenbrock,qnei,7,slip,0.05,20,rerate3x2,50,10,0.01,0.0,False,1.0
rosenbrock,qnei,7,slip,0.05,20,rerate3x2,50,25,0.01,0.0,False,1.0
rosenbrock,qnei,7,slip,0.15,20,rerate3x2,50,10,0.01,0.0,False,1.0
rosenbrock,qnei,7,slip,0.15,20,rerate3x2,50,25,0.01,0.0,False,1.0
rosenbrock,qnei,7,slip,0.4,20,rerate3x2,50,10,0.01,0.0,False,1.0
rosenbrock,qnei,7,slip,0.4,20,rerate3x2,50,25,0.01,0.0,False,1.0
rosenbrock,qnei,8,slip,0.01,0,rerate3x2,50,10,0.01,-4.0,False,0.6
rosenbrock,qnei,8,slip,0.01,0,rerate3x2,50,25,0.01,7.0,False,1.28
rosenbrock,qnei,8,slip,0.05,0,rerate3x2,50,10,0.01,-4.0,False,0.6
rosenbrock,qnei,8,slip,0.05,0,rerate3x2,50,25,0.01,-4.0,False,0.84
rosenbrock,qnei,8,slip,0.15,0,rerate3x2,50,10,0.01,6.0,False,1.6
rosenbrock,qnei,8,slip,0.15,0,rerate3x2,50,25,0.01,0.0,False,1.0
rosenbrock,qnei,8,slip,0.4,0,rerate3x2,50,10,0.01,-2.0,False,0.8
rosenbrock,qnei,8,slip,0.4,0,rerate3x2,50,25,0.01,9.0,False,1.36
rosenbrock,qnei,8,slip,0.01,20,rerate3x2,50,10,0.01,0.0,False,1.0
rosenbrock,qnei,8,slip,0.01,20,rerate3x2,50,25,0.01,0.0,False,1.0
rosenbrock,qnei,8,slip,0.05,20,rerate3x2,50,10,0.01,0.0,False,1.0
rosenbrock,qnei,8,slip,0.05,20,rerate3x2,50,25,0.01,0.0,False,1.0
rosenbrock,qnei,8,slip,0.15,20,rerate3x2,50,10,0.01,0.0,False,1.0
rosenbrock,qnei,8,slip,0.15,20,rerate3x2,50,25,0.01,0.0,False,1.0
rosenbrock,qnei,8,slip,0.4,20,rerate3x2,50,10,0.01,0.0,False,1.0
rosenbrock,qnei,8,slip,0.4,20,rerate3x2,50,25,0.01,0.0,False,1.0
rosenbrock,qnei,9,slip,0.01,0,rerate3x2,50,10,0.01,-2.0,False,0.8
rosenbrock,qnei,9,slip,0.01,0,rerate3x2,50,25,0.01,0.0,False,1.0
rosenbrock,qnei,9,slip,0.05,0,rerate3x2,50,10,0.01,-2.0,False,0.8
rosenbrock,qnei,9,slip,0.05,0,rerate3x2,50,25,0.01,-4.0,False,0.84
rosenbrock,qnei,9,slip,0.15,0,rerate3x2,50,10,0.01,9.0,False,1.9
rosenbrock,qnei,9,slip,0.15,0,rerate3x2,50,25,0.01,14.0,False,1.56
rosenbrock,qnei,9,slip,0.4,0,rerate3x2,50,10,0.01,10.0,False,2.0
rosenbrock,qnei,9,slip,0.4,0,rerate3x2,50,25,0.01,37.0,False,2.48
rosenbrock,qnei,9,slip,0.01,20,rerate3x2,50,10,0.01,0.0,False,1.0
rosenbrock,qnei,9,slip,0.01,20,rerate3x2,50,25,0.01,0.0,False,1.0
rosenbrock,qnei,9,slip,0.05,20,rerate3x2,50,10,0.01,0.0,False,1.0
rosenbrock,qnei,9,slip,0.05,20,rerate3x2,50,25,0.01,0.0,False,1.0
rosenbrock,qnei,9,slip,0.15,20,rerate3x2,50,10,0.01,0.0,False,1.0
rosenbrock,qnei,9,slip,0.15,20,rerate3x2,50,25,0.01,0.0,False,1.0
rosenbrock,qnei,9,slip,0.4,20,rerate3x2,50,10,0.01,0.0,False,1.0
rosenbrock,qnei,9,slip,0.4,20,rerate3x2,50,25,0.01,0.0,False,1.0
schwefel,logei,10,slip,0.01,0,rerate3x2,50,10,0.01,-5.0,False,0.5
schwefel,logei,10,slip,0.01,0,rerate3x2,50,25,0.01,26.0,False,2.04
schwefel,logei,10,slip,0.05,0,rerate3x2,50,10,0.01,11.0,False,2.1
schwefel,logei,10,slip,0.05,0,rerate3x2,50,25,0.01,32.0,True,2.28
schwefel,logei,10,slip,0.15,0,rerate3x2,50,10,0.01,-4.0,False,0.6
schwefel,logei,10,slip,0.15,0,rerate3x2,50,25,0.01,32.0,True,2.28
schwefel,logei,10,slip,0.4,0,rerate3x2,50,10,0.01,-1.0,False,0.9
schwefel,logei,10,slip,0.4,0,rerate3x2,50,25,0.01,32.0,True,2.28
schwefel,logei,10,slip,0.01,20,rerate3x2,50,10,0.01,0.0,False,1.0
schwefel,logei,10,slip,0.01,20,rerate3x2,50,25,0.01,0.0,False,1.0
schwefel,logei,10,slip,0.05,20,rerate3x2,50,10,0.01,0.0,False,1.0
schwefel,logei,10,slip,0.05,20,rerate3x2,50,25,0.01,0.0,False,1.0
schwefel,logei,10,slip,0.15,20,rerate3x2,50,10,0.01,0.0,False,1.0
schwefel,logei,10,slip,0.15,20,rerate3x2,50,25,0.01,0.0,False,1.0
schwefel,logei,10,slip,0.4,20,rerate3x2,50,10,0.01,0.0,False,1.0
schwefel,logei,10,slip,0.4,20,rerate3x2,50,25,0.01,0.0,False,1.0
schwefel,logei,11,slip,0.01,0,rerate3x2,50,10,0.01,1.0,False,1.1
schwefel,logei,11,slip,0.01,0,rerate3x2,50,25,0.01,29.0,False,2.16
schwefel,logei,11,slip,0.05,0,rerate3x2,50,10,0.01,17.0,False,2.7
schwefel,logei,11,slip,0.05,0,rerate3x2,50,25,0.01,37.0,True,2.48
schwefel,logei,11,slip,0.15,0,rerate3x2,50,10,0.01,4.0,False,1.4
schwefel,logei,11,slip,0.15,0,rerate3x2,50,25,0.01,37.0,True,2.48
schwefel,logei,11,slip,0.4,0,rerate3x2,50,10,0.01,11.0,False,2.1
schwefel,logei,11,slip,0.4,0,rerate3x2,50,25,0.01,37.0,True,2.48
schwefel,logei,11,slip,0.01,20,rerate3x2,50,10,0.01,0.0,False,1.0
schwefel,logei,11,slip,0.01,20,rerate3x2,50,25,0.01,0.0,False,1.0
schwefel,logei,11,slip,0.05,20,rerate3x2,50,10,0.01,0.0,False,1.0
schwefel,logei,11,slip,0.05,20,rerate3x2,50,25,0.01,0.0,False,1.0
schwefel,logei,11,slip,0.15,20,rerate3x2,50,10,0.01,0.0,False,1.0
schwefel,logei,11,slip,0.15,20,rerate3x2,50,25,0.01,0.0,False,1.0
schwefel,logei,11,slip,0.4,20,rerate3x2,50,10,0.01,0.0,False,1.0
schwefel,logei,11,slip,0.4,20,rerate3x2,50,25,0.01,0.0,False,1.0
schwefel,logei,7,slip,0.01,0,rerate3x2,50,10,0.01,0.0,False,1.0
schwefel,logei,7,slip,0.01,0,rerate3x2,50,25,0.01,0.0,False,1.0
schwefel,logei,7,slip,0.05,0,rerate3x2,50,10,0.01,0.0,False,1.0
schwefel,logei,7,slip,0.05,0,rerate3x2,50,25,0.01,2.0,False,1.08
schwefel,logei,7,slip,0.15,0,rerate3x2,50,10,0.01,7.0,False,1.7
schwefel,logei,7,slip,0.15,0,rerate3x2,50,25,0.01,11.0,False,1.44
schwefel,logei,7,slip,0.4,0,rerate3x2,50,10,0.01,0.0,False,1.0
schwefel,logei,7,slip,0.4,0,rerate3x2,50,25,0.01,1.0,False,1.04
schwefel,logei,7,slip,0.01,20,rerate3x2,50,10,0.01,0.0,False,1.0
schwefel,logei,7,slip,0.01,20,rerate3x2,50,25,0.01,0.0,False,1.0
schwefel,logei,7,slip,0.05,20,rerate3x2,50,10,0.01,0.0,False,1.0
schwefel,logei,7,slip,0.05,20,rerate3x2,50,25,0.01,0.0,False,1.0
schwefel,logei,7,slip,0.15,20,rerate3x2,50,10,0.01,0.0,False,1.0
schwefel,logei,7,slip,0.15,20,rerate3x2,50,25,0.01,0.0,False,1.0
schwefel,logei,7,slip,0.4,20,rerate3x2,50,10,0.01,0.0,False,1.0
schwefel,logei,7,slip,0.4,20,rerate3x2,50,25,0.01,0.0,False,1.0
schwefel,logei,8,slip,0.01,0,rerate3x2,50,10,0.01,0.0,False,1.0
schwefel,logei,8,slip,0.01,0,rerate3x2,50,25,0.01,-11.0,False,0.56
schwefel,logei,8,slip,0.05,0,rerate3x2,50,10,0.01,0.0,False,1.0
schwefel,logei,8,slip,0.05,0,rerate3x2,50,25,0.01,-8.0,False,0.68
schwefel,logei,8,slip,0.15,0,rerate3x2,50,10,0.01,3.0,False,1.3
schwefel,logei,8,slip,0.15,0,rerate3x2,50,25,0.01,-17.0,False,0.32
schwefel,logei,8,slip,0.4,0,rerate3x2,50,10,0.01,1.0,False,1.1
schwefel,logei,8,slip,0.4,0,rerate3x2,50,25,0.01,-19.0,False,0.24
schwefel,logei,8,slip,0.01,20,rerate3x2,50,10,0.01,0.0,False,1.0
schwefel,logei,8,slip,0.01,20,rerate3x2,50,25,0.01,8.0,False,1.32
schwefel,logei,8,slip,0.05,20,rerate3x2,50,10,0.01,0.0,False,1.0
schwefel,logei,8,slip,0.05,20,rerate3x2,50,25,0.01,2.0,False,1.08
schwefel,logei,8,slip,0.15,20,rerate3x2,50,10,0.01,0.0,False,1.0
schwefel,logei,8,slip,0.15,20,rerate3x2,50,25,0.01,4.0,False,1.16
schwefel,logei,8,slip,0.4,20,rerate3x2,50,10,0.01,0.0,False,1.0
schwefel,logei,8,slip,0.4,20,rerate3x2,50,25,0.01,0.0,False,1.0
schwefel,logei,9,slip,0.01,0,rerate3x2,50,10,0.01,13.0,False,2.3
schwefel,logei,9,slip,0.01,0,rerate3x2,50,25,0.01,32.0,True,2.28
schwefel,logei,9,slip,0.05,0,rerate3x2,50,10,0.01,6.0,False,1.6
schwefel,logei,9,slip,0.05,0,rerate3x2,50,25,0.01,32.0,True,2.28
schwefel,logei,9,slip,0.15,0,rerate3x2,50,10,0.01,48.0,True,5.8
schwefel,logei,9,slip,0.15,0,rerate3x2,50,25,0.01,32.0,True,2.28
schwefel,logei,9,slip,0.4,0,rerate3x2,50,10,0.01,48.0,True,5.8
schwefel,logei,9,slip,0.4,0,rerate3x2,50,25,0.01,32.0,True,2.28
schwefel,logei,9,slip,0.01,20,rerate3x2,50,10,0.01,0.0,False,1.0
schwefel,logei,9,slip,0.01,20,rerate3x2,50,25,0.01,0.0,False,1.0
schwefel,logei,9,slip,0.05,20,rerate3x2,50,10,0.01,0.0,False,1.0
schwefel,logei,9,slip,0.05,20,rerate3x2,50,25,0.01,0.0,False,1.0
schwefel,logei,9,slip,0.15,20,rerate3x2,50,10,0.01,0.0,False,1.0
schwefel,logei,9,slip,0.15,20,rerate3x2,50,25,0.01,0.0,False,1.0
schwefel,logei,9,slip,0.4,20,rerate3x2,50,10,0.01,0.0,False,1.0
schwefel,logei,9,slip,0.4,20,rerate3x2,50,25,0.01,0.0,False,1.0
schwefel,qnei,10,slip,0.01,0,rerate3x2,50,10,0.01,5.0,False,1.5
schwefel,qnei,10,slip,0.01,0,rerate3x2,50,25,0.01,2.0,False,1.08
schwefel,qnei,10,slip,0.05,0,rerate3x2,50,10,0.01,-7.0,False,0.3
schwefel,qnei,10,slip,0.05,0,rerate3x2,50,25,0.01,-10.0,False,0.6
schwefel,qnei,10,slip,0.15,0,rerate3x2,50,10,0.01,-4.0,False,0.6
schwefel,qnei,10,slip,0.15,0,rerate3x2,50,25,0.01,38.0,True,2.52
schwefel,qnei,10,slip,0.4,0,rerate3x2,50,10,0.01,7.0,False,1.7
schwefel,qnei,10,slip,0.4,0,rerate3x2,50,25,0.01,10.0,False,1.4
schwefel,qnei,10,slip,0.01,20,rerate3x2,50,10,0.01,0.0,False,1.0
schwefel,qnei,10,slip,0.01,20,rerate3x2,50,25,0.01,0.0,False,1.0
schwefel,qnei,10,slip,0.05,20,rerate3x2,50,10,0.01,0.0,False,1.0
schwefel,qnei,10,slip,0.05,20,rerate3x2,50,25,0.01,0.0,False,1.0
schwefel,qnei,10,slip,0.15,20,rerate3x2,50,10,0.01,0.0,False,1.0
schwefel,qnei,10,slip,0.15,20,rerate3x2,50,25,0.01,0.0,False,1.0
schwefel,qnei,10,slip,0.4,20,rerate3x2,50,10,0.01,0.0,False,1.0
schwefel,qnei,10,slip,0.4,20,rerate3x2,50,25,0.01,0.0,False,1.0
schwefel,qnei,11,slip,0.01,0,rerate3x2,50,10,0.01,12.0,False,2.2
schwefel,qnei,11,slip,0.01,0,rerate3x2,50,25,0.01,27.0,True,2.08
schwefel,qnei,11,slip,0.05,0,rerate3x2,50,10,0.01,14.0,False,2.4
schwefel,qnei,11,slip,0.05,0,rerate3x2,50,25,0.01,25.0,False,2.0
schwefel,qnei,11,slip,0.15,0,rerate3x2,50,10,0.01,-8.0,False,0.2
schwefel,qnei,11,slip,0.15,0,rerate3x2,50,25,0.01,27.0,True,2.08
schwefel,qnei,11,slip,0.4,0,rerate3x2,50,10,0.01,3.0,False,1.3
schwefel,qnei,11,slip,0.4,0,rerate3x2,50,25,0.01,27.0,True,2.08
schwefel,qnei,11,slip,0.01,20,rerate3x2,50,10,0.01,0.0,False,1.0
schwefel,qnei,11,slip,0.01,20,rerate3x2,50,25,0.01,-1.0,False,0.96
schwefel,qnei,11,slip,0.05,20,rerate3x2,50,10,0.01,0.0,False,1.0
schwefel,qnei,11,slip,0.05,20,rerate3x2,50,25,0.01,27.0,True,2.08
schwefel,qnei,11,slip,0.15,20,rerate3x2,50,10,0.01,0.0,False,1.0
schwefel,qnei,11,slip,0.15,20,rerate3x2,50,25,0.01,13.0,False,1.52
schwefel,qnei,11,slip,0.4,20,rerate3x2,50,10,0.01,0.0,False,1.0
schwefel,qnei,11,slip,0.4,20,rerate3x2,50,25,0.01,27.0,True,2.08
schwefel,qnei,7,slip,0.01,0,rerate3x2,50,10,0.01,0.0,False,1.0
schwefel,qnei,7,slip,0.01,0,rerate3x2,50,25,0.01,6.0,False,1.24
schwefel,qnei,7,slip,0.05,0,rerate3x2,50,10,0.01,0.0,False,1.0
schwefel,qnei,7,slip,0.05,0,rerate3x2,50,25,0.01,31.0,True,2.24
schwefel,qnei,7,slip,0.15,0,rerate3x2,50,10,0.01,2.0,False,1.2
schwefel,qnei,7,slip,0.15,0,rerate3x2,50,25,0.01,11.0,False,1.44
schwefel,qnei,7,slip,0.4,0,rerate3x2,50,10,0.01,0.0,False,1.0
schwefel,qnei,7,slip,0.4,0,rerate3x2,50,25,0.01,31.0,True,2.24
schwefel,qnei,7,slip,0.01,20,rerate3x2,50,10,0.01,0.0,False,1.0
schwefel,qnei,7,slip,0.01,20,rerate3x2,50,25,0.01,0.0,False,1.0
schwefel,qnei,7,slip,0.05,20,rerate3x2,50,10,0.01,0.0,False,1.0
schwefel,qnei,7,slip,0.05,20,rerate3x2,50,25,0.01,0.0,False,1.0
schwefel,qnei,7,slip,0.15,20,rerate3x2,50,10,0.01,0.0,False,1.0
schwefel,qnei,7,slip,0.15,20,rerate3x2,50,25,0.01,0.0,False,1.0
schwefel,qnei,7,slip,0.4,20,rerate3x2,50,10,0.01,0.0,False,1.0
schwefel,qnei,7,slip,0.4,20,rerate3x2,50,25,0.01,0.0,False,1.0
schwefel,qnei,8,slip,0.01,0,rerate3x2,50,10,0.01,8.0,False,1.8
schwefel,qnei,8,slip,0.01,0,rerate3x2,50,25,0.01,1.0,False,1.04
schwefel,qnei,8,slip,0.05,0,rerate3x2,50,10,0.01,2.0,False,1.2
schwefel,qnei,8,slip,0.05,0,rerate3x2,50,25,0.01,30.0,True,2.2
schwefel,qnei,8,slip,0.15,0,rerate3x2,50,10,0.01,-1.0,False,0.9
schwefel,qnei,8,slip,0.15,0,rerate3x2,50,25,0.01,30.0,True,2.2
schwefel,qnei,8,slip,0.4,0,rerate3x2,50,10,0.01,1.0,False,1.1
schwefel,qnei,8,slip,0.4,0,rerate3x2,50,25,0.01,-6.0,False,0.76
schwefel,qnei,8,slip,0.01,20,rerate3x2,50,10,0.01,0.0,False,1.0
schwefel,qnei,8,slip,0.01,20,rerate3x2,50,25,0.01,0.0,False,1.0
schwefel,qnei,8,slip,0.05,20,rerate3x2,50,10,0.01,0.0,False,1.0
schwefel,qnei,8,slip,0.05,20,rerate3x2,50,25,0.01,0.0,False,1.0
schwefel,qnei,8,slip,0.15,20,rerate3x2,50,10,0.01,0.0,False,1.0
schwefel,qnei,8,slip,0.15,20,rerate3x2,50,25,0.01,0.0,False,1.0
schwefel,qnei,8,slip,0.4,20,rerate3x2,50,10,0.01,0.0,False,1.0
schwefel,qnei,8,slip,0.4,20,rerate3x2,50,25,0.01,0.0,False,1.0
schwefel,qnei,9,slip,0.01,0,rerate3x2,50,10,0.01,48.0,False,5.8
schwefel,qnei,9,slip,0.01,0,rerate3x2,50,25,0.01,28.0,True,2.12
schwefel,qnei,9,slip,0.05,0,rerate3x2,50,10,0.01,48.0,True,5.8
schwefel,qnei,9,slip,0.05,0,rerate3x2,50,25,0.01,28.0,True,2.12
schwefel,qnei,9,slip,0.15,0,rerate3x2,50,10,0.01,48.0,True,5.8
schwefel,qnei,9,slip,0.15,0,rerate3x2,50,25,0.01,28.0,True,2.12
schwefel,qnei,9,slip,0.4,0,rerate3x2,50,10,0.01,48.0,True,5.8
schwefel,qnei,9,slip,0.4,0,rerate3x2,50,25,0.01,28.0,True,2.12
schwefel,qnei,9,slip,0.01,20,rerate3x2,50,10,0.01,0.0,False,1.0
schwefel,qnei,9,slip,0.01,20,rerate3x2,50,25,0.01,23.0,False,1.92
schwefel,qnei,9,slip,0.05,20,rerate3x2,50,10,0.01,0.0,False,1.0
schwefel,qnei,9,slip,0.05,20,rerate3x2,50,25,0.01,28.0,True,2.12
schwefel,qnei,9,slip,0.15,20,rerate3x2,50,10,0.01,0.0,False,1.0
schwefel,qnei,9,slip,0.15,20,rerate3x2,50,25,0.01,28.0,True,2.12
schwefel,qnei,9,slip,0.4,20,rerate3x2,50,10,0.01,0.0,False,1.0
schwefel,qnei,9,slip,0.4,20,rerate3x2,50,25,0.01,28.0,True,2.12
shekel,logei,10,slip,0.01,0,rerate3x2,50,10,0.01,0.0,False,1.0
shekel,logei,10,slip,0.01,0,rerate3x2,50,25,0.01,-8.0,False,0.68
shekel,logei,10,slip,0.05,0,rerate3x2,50,10,0.01,10.0,False,2.0
shekel,logei,10,slip,0.05,0,rerate3x2,50,25,0.01,12.0,False,1.48
shekel,logei,10,slip,0.15,0,rerate3x2,50,10,0.01,-5.0,False,0.5
shekel,logei,10,slip,0.15,0,rerate3x2,50,25,0.01,26.0,True,2.04
shekel,logei,10,slip,0.4,0,rerate3x2,50,10,0.01,40.0,True,5.0
shekel,logei,10,slip,0.4,0,rerate3x2,50,25,0.01,26.0,True,2.04
shekel,logei,10,slip,0.01,20,rerate3x2,50,10,0.01,0.0,False,1.0
shekel,logei,10,slip,0.01,20,rerate3x2,50,25,0.01,1.0,False,1.04
shekel,logei,10,slip,0.05,20,rerate3x2,50,10,0.01,0.0,False,1.0
shekel,logei,10,slip,0.05,20,rerate3x2,50,25,0.01,-3.0,False,0.88
shekel,logei,10,slip,0.15,20,rerate3x2,50,10,0.01,0.0,False,1.0
shekel,logei,10,slip,0.15,20,rerate3x2,50,25,0.01,26.0,True,2.04
shekel,logei,10,slip,0.4,20,rerate3x2,50,10,0.01,0.0,False,1.0
shekel,logei,10,slip,0.4,20,rerate3x2,50,25,0.01,26.0,True,2.04
shekel,logei,11,slip,0.01,0,rerate3x2,50,10,0.01,0.0,False,1.0
shekel,logei,11,slip,0.01,0,rerate3x2,50,25,0.01,15.0,False,1.6
shekel,logei,11,slip,0.05,0,rerate3x2,50,10,0.01,0.0,False,1.0
shekel,logei,11,slip,0.05,0,rerate3x2,50,25,0.01,14.0,False,1.56
shekel,logei,11,slip,0.15,0,rerate3x2,50,10,0.01,17.0,False,2.7
shekel,logei,11,slip,0.15,0,rerate3x2,50,25,0.01,33.0,True,2.32
shekel,logei,11,slip,0.4,0,rerate3x2,50,10,0.01,-2.0,False,0.8
shekel,logei,11,slip,0.4,0,rerate3x2,50,25,0.01,33.0,True,2.32
shekel,logei,11,slip,0.01,20,rerate3x2,50,10,0.01,0.0,False,1.0
shekel,logei,11,slip,0.01,20,rerate3x2,50,25,0.01,0.0,False,1.0
shekel,logei,11,slip,0.05,20,rerate3x2,50,10,0.01,0.0,False,1.0
shekel,logei,11,slip,0.05,20,rerate3x2,50,25,0.01,0.0,False,1.0
shekel,logei,11,slip,0.15,20,rerate3x2,50,10,0.01,0.0,False,1.0
shekel,logei,11,slip,0.15,20,rerate3x2,50,25,0.01,0.0,False,1.0
shekel,logei,11,slip,0.4,20,rerate3x2,50,10,0.01,0.0,False,1.0
shekel,logei,11,slip,0.4,20,rerate3x2,50,25,0.01,0.0,False,1.0
shekel,logei,7,slip,0.01,0,rerate3x2,50,10,0.01,0.0,False,1.0
shekel,logei,7,slip,0.01,0,rerate3x2,50,25,0.01,26.0,True,2.04
shekel,logei,7,slip,0.05,0,rerate3x2,50,10,0.01,1.0,False,1.1
shekel,logei,7,slip,0.05,0,rerate3x2,50,25,0.01,26.0,True,2.04
shekel,logei,7,slip,0.15,0,rerate3x2,50,10,0.01,17.0,False,2.7
shekel,logei,7,slip,0.15,0,rerate3x2,50,25,0.01,26.0,True,2.04
shekel,logei,7,slip,0.4,0,rerate3x2,50,10,0.01,42.0,True,5.2
shekel,logei,7,slip,0.4,0,rerate3x2,50,25,0.01,26.0,True,2.04
shekel,logei,7,slip,0.01,20,rerate3x2,50,10,0.01,0.0,False,1.0
shekel,logei,7,slip,0.01,20,rerate3x2,50,25,0.01,26.0,True,2.04
shekel,logei,7,slip,0.05,20,rerate3x2,50,10,0.01,0.0,False,1.0
shekel,logei,7,slip,0.05,20,rerate3x2,50,25,0.01,26.0,True,2.04
shekel,logei,7,slip,0.15,20,rerate3x2,50,10,0.01,0.0,False,1.0
shekel,logei,7,slip,0.15,20,rerate3x2,50,25,0.01,26.0,True,2.04
shekel,logei,7,slip,0.4,20,rerate3x2,50,10,0.01,0.0,False,1.0
shekel,logei,7,slip,0.4,20,rerate3x2,50,25,0.01,26.0,True,2.04
shekel,logei,8,slip,0.01,0,rerate3x2,50,10,0.01,0.0,False,1.0
shekel,logei,8,slip,0.01,0,rerate3x2,50,25,0.01,4.0,False,1.16
shekel,logei,8,slip,0.05,0,rerate3x2,50,10,0.01,6.0,False,1.6
shekel,logei,8,slip,0.05,0,rerate3x2,50,25,0.01,28.0,True,2.12
shekel,logei,8,slip,0.15,0,rerate3x2,50,10,0.01,-4.0,False,0.6
shekel,logei,8,slip,0.15,0,rerate3x2,50,25,0.01,28.0,True,2.12
shekel,logei,8,slip,0.4,0,rerate3x2,50,10,0.01,-4.0,False,0.6
shekel,logei,8,slip,0.4,0,rerate3x2,50,25,0.01,28.0,True,2.12
shekel,logei,8,slip,0.01,20,rerate3x2,50,10,0.01,0.0,False,1.0
shekel,logei,8,slip,0.01,20,rerate3x2,50,25,0.01,0.0,False,1.0
shekel,logei,8,slip,0.05,20,rerate3x2,50,10,0.01,0.0,False,1.0
shekel,logei,8,slip,0.05,20,rerate3x2,50,25,0.01,21.0,False,1.84
shekel,logei,8,slip,0.15,20,rerate3x2,50,10,0.01,0.0,False,1.0
shekel,logei,8,slip,0.15,20,rerate3x2,50,25,0.01,28.0,True,2.12
shekel,logei,8,slip,0.4,20,rerate3x2,50,10,0.01,0.0,False,1.0
shekel,logei,8,slip,0.4,20,rerate3x2,50,25,0.01,28.0,True,2.12
shekel,logei,9,slip,0.01,0,rerate3x2,50,10,0.01,12.0,False,2.2
shekel,logei,9,slip,0.01,0,rerate3x2,50,25,0.01,22.0,False,1.88
shekel,logei,9,slip,0.05,0,rerate3x2,50,10,0.01,45.0,True,5.5
shekel,logei,9,slip,0.05,0,rerate3x2,50,25,0.01,29.0,True,2.16
shekel,logei,9,slip,0.15,0,rerate3x2,50,10,0.01,45.0,True,5.5
shekel,logei,9,slip,0.15,0,rerate3x2,50,25,0.01,29.0,True,2.16
shekel,logei,9,slip,0.4,0,rerate3x2,50,10,0.01,45.0,True,5.5
shekel,logei,9,slip,0.4,0,rerate3x2,50,25,0.01,29.0,True,2.16
shekel,logei,9,slip,0.01,20,rerate3x2,50,10,0.01,0.0,False,1.0
shekel,logei,9,slip,0.01,20,rerate3x2,50,25,0.01,0.0,False,1.0
shekel,logei,9,slip,0.05,20,rerate3x2,50,10,0.01,0.0,False,1.0
shekel,logei,9,slip,0.05,20,rerate3x2,50,25,0.01,29.0,True,2.16
shekel,logei,9,slip,0.15,20,rerate3x2,50,10,0.01,0.0,False,1.0
shekel,logei,9,slip,0.15,20,rerate3x2,50,25,0.01,29.0,True,2.16
shekel,logei,9,slip,0.4,20,rerate3x2,50,10,0.01,0.0,False,1.0
shekel,logei,9,slip,0.4,20,rerate3x2,50,25,0.01,29.0,True,2.16
shekel,qnei,10,slip,0.01,0,rerate3x2,50,10,0.01,0.0,False,1.0
shekel,qnei,10,slip,0.01,0,rerate3x2,50,25,0.01,12.0,False,1.48
shekel,qnei,10,slip,0.05,0,rerate3x2,50,10,0.01,6.0,False,1.6
shekel,qnei,10,slip,0.05,0,rerate3x2,50,25,0.01,25.0,True,2.0
shekel,qnei,10,slip,0.15,0,rerate3x2,50,10,0.01,40.0,True,5.0
shekel,qnei,10,slip,0.15,0,rerate3x2,50,25,0.01,25.0,True,2.0
shekel,qnei,10,slip,0.4,0,rerate3x2,50,10,0.01,40.0,True,5.0
shekel,qnei,10,slip,0.4,0,rerate3x2,50,25,0.01,25.0,True,2.0
shekel,qnei,10,slip,0.01,20,rerate3x2,50,10,0.01,0.0,False,1.0
shekel,qnei,10,slip,0.01,20,rerate3x2,50,25,0.01,-1.0,False,0.96
shekel,qnei,10,slip,0.05,20,rerate3x2,50,10,0.01,0.0,False,1.0
shekel,qnei,10,slip,0.05,20,rerate3x2,50,25,0.01,25.0,True,2.0
shekel,qnei,10,slip,0.15,20,rerate3x2,50,10,0.01,0.0,False,1.0
shekel,qnei,10,slip,0.15,20,rerate3x2,50,25,0.01,25.0,True,2.0
shekel,qnei,10,slip,0.4,20,rerate3x2,50,10,0.01,0.0,False,1.0
shekel,qnei,10,slip,0.4,20,rerate3x2,50,25,0.01,25.0,True,2.0
shekel,qnei,11,slip,0.01,0,rerate3x2,50,10,0.01,0.0,False,1.0
shekel,qnei,11,slip,0.01,0,rerate3x2,50,25,0.01,5.0,False,1.2
shekel,qnei,11,slip,0.05,0,rerate3x2,50,10,0.01,0.0,False,1.0
shekel,qnei,11,slip,0.05,0,rerate3x2,50,25,0.01,26.0,True,2.04
shekel,qnei,11,slip,0.15,0,rerate3x2,50,10,0.01,0.0,False,1.0
shekel,qnei,11,slip,0.15,0,rerate3x2,50,25,0.01,26.0,True,2.04
shekel,qnei,11,slip,0.4,0,rerate3x2,50,10,0.01,45.0,True,5.5
shekel,qnei,11,slip,0.4,0,rerate3x2,50,25,0.01,26.0,True,2.04
shekel,qnei,11,slip,0.01,20,rerate3x2,50,10,0.01,0.0,False,1.0
shekel,qnei,11,slip,0.01,20,rerate3x2,50,25,0.01,10.0,False,1.4
shekel,qnei,11,slip,0.05,20,rerate3x2,50,10,0.01,0.0,False,1.0
shekel,qnei,11,slip,0.05,20,rerate3x2,50,25,0.01,26.0,True,2.04
shekel,qnei,11,slip,0.15,20,rerate3x2,50,10,0.01,0.0,False,1.0
shekel,qnei,11,slip,0.15,20,rerate3x2,50,25,0.01,26.0,True,2.04
shekel,qnei,11,slip,0.4,20,rerate3x2,50,10,0.01,0.0,False,1.0
shekel,qnei,11,slip,0.4,20,rerate3x2,50,25,0.01,26.0,True,2.04
shekel,qnei,7,slip,0.01,0,rerate3x2,50,10,0.01,0.0,False,1.0
shekel,qnei,7,slip,0.01,0,rerate3x2,50,25,0.01,28.0,True,2.12
shekel,qnei,7,slip,0.05,0,rerate3x2,50,10,0.01,9.0,False,1.9
shekel,qnei,7,slip,0.05,0,rerate3x2,50,25,0.01,28.0,True,2.12
shekel,qnei,7,slip,0.15,0,rerate3x2,50,10,0.01,8.0,False,1.8
shekel,qnei,7,slip,0.15,0,rerate3x2,50,25,0.01,28.0,True,2.12
shekel,qnei,7,slip,0.4,0,rerate3x2,50,10,0.01,-1.0,False,0.9
shekel,qnei,7,slip,0.4,0,rerate3x2,50,25,0.01,28.0,True,2.12
shekel,qnei,7,slip,0.01,20,rerate3x2,50,10,0.01,0.0,False,1.0
shekel,qnei,7,slip,0.01,20,rerate3x2,50,25,0.01,1.0,False,1.04
shekel,qnei,7,slip,0.05,20,rerate3x2,50,10,0.01,0.0,False,1.0
shekel,qnei,7,slip,0.05,20,rerate3x2,50,25,0.01,6.0,False,1.24
shekel,qnei,7,slip,0.15,20,rerate3x2,50,10,0.01,0.0,False,1.0
shekel,qnei,7,slip,0.15,20,rerate3x2,50,25,0.01,28.0,True,2.12
shekel,qnei,7,slip,0.4,20,rerate3x2,50,10,0.01,0.0,False,1.0
shekel,qnei,7,slip,0.4,20,rerate3x2,50,25,0.01,28.0,True,2.12
shekel,qnei,8,slip,0.01,0,rerate3x2,50,10,0.01,1.0,False,1.1
shekel,qnei,8,slip,0.01,0,rerate3x2,50,25,0.01,14.0,False,1.56
shekel,qnei,8,slip,0.05,0,rerate3x2,50,10,0.01,6.0,False,1.6
shekel,qnei,8,slip,0.05,0,rerate3x2,50,25,0.01,25.0,True,2.0
shekel,qnei,8,slip,0.15,0,rerate3x2,50,10,0.01,21.0,False,3.1
shekel,qnei,8,slip,0.15,0,rerate3x2,50,25,0.01,25.0,True,2.0
shekel,qnei,8,slip,0.4,0,rerate3x2,50,10,0.01,7.0,False,1.7
shekel,qnei,8,slip,0.4,0,rerate3x2,50,25,0.01,25.0,True,2.0
shekel,qnei,8,slip,0.01,20,rerate3x2,50,10,0.01,0.0,False,1.0
shekel,qnei,8,slip,0.01,20,rerate3x2,50,25,0.01,21.0,False,1.84
shekel,qnei,8,slip,0.05,20,rerate3x2,50,10,0.01,0.0,False,1.0
shekel,qnei,8,slip,0.05,20,rerate3x2,50,25,0.01,25.0,True,2.0
shekel,qnei,8,slip,0.15,20,rerate3x2,50,10,0.01,0.0,False,1.0
shekel,qnei,8,slip,0.15,20,rerate3x2,50,25,0.01,25.0,True,2.0
shekel,qnei,8,slip,0.4,20,rerate3x2,50,10,0.01,0.0,False,1.0
shekel,qnei,8,slip,0.4,20,rerate3x2,50,25,0.01,25.0,True,2.0
shekel,qnei,9,slip,0.01,0,rerate3x2,50,10,0.01,9.0,False,1.9
shekel,qnei,9,slip,0.01,0,rerate3x2,50,25,0.01,3.0,False,1.12
shekel,qnei,9,slip,0.05,0,rerate3x2,50,10,0.01,42.0,True,5.2
shekel,qnei,9,slip,0.05,0,rerate3x2,50,25,0.01,30.0,True,2.2
shekel,qnei,9,slip,0.15,0,rerate3x2,50,10,0.01,42.0,True,5.2
shekel,qnei,9,slip,0.15,0,rerate3x2,50,25,0.01,30.0,True,2.2
shekel,qnei,9,slip,0.4,0,rerate3x2,50,10,0.01,42.0,True,5.2
shekel,qnei,9,slip,0.4,0,rerate3x2,50,25,0.01,30.0,True,2.2
shekel,qnei,9,slip,0.01,20,rerate3x2,50,10,0.01,0.0,False,1.0
shekel,qnei,9,slip,0.01,20,rerate3x2,50,25,0.01,0.0,False,1.0
shekel,qnei,9,slip,0.05,20,rerate3x2,50,10,0.01,0.0,False,1.0
shekel,qnei,9,slip,0.05,20,rerate3x2,50,25,0.01,0.0,False,1.0
shekel,qnei,9,slip,0.15,20,rerate3x2,50,10,0.01,0.0,False,1.0
shekel,qnei,9,slip,0.15,20,rerate3x2,50,25,0.01,0.0,False,1.0
shekel,qnei,9,slip,0.4,20,rerate3x2,50,10,0.01,0.0,False,1.0
shekel,qnei,9,slip,0.4,20,rerate3x2,50,25,0.01,0.0,False,1.0
steering_law,logei,10,slip,0.01,0,rerate3x2,50,10,0.01,2.0,False,1.2
steering_law,logei,10,slip,0.01,0,rerate3x2,50,25,0.01,2.0,False,1.08
steering_law,logei,10,slip,0.05,0,rerate3x2,50,10,0.01,5.0,False,1.5
steering_law,logei,10,slip,0.05,0,rerate3x2,50,25,0.01,5.0,False,1.2
steering_law,logei,10,slip,0.15,0,rerate3x2,50,10,0.01,16.0,False,2.6
steering_law,logei,10,slip,0.15,0,rerate3x2,50,25,0.01,16.0,False,1.64
steering_law,logei,10,slip,0.4,0,rerate3x2,50,10,0.01,40.0,False,5.0
steering_law,logei,10,slip,0.4,0,rerate3x2,50,25,0.01,40.0,False,2.6
steering_law,logei,10,slip,0.01,20,rerate3x2,50,10,0.01,0.0,False,1.0
steering_law,logei,10,slip,0.01,20,rerate3x2,50,25,0.01,0.0,False,1.0
steering_law,logei,10,slip,0.05,20,rerate3x2,50,10,0.01,0.0,False,1.0
steering_law,logei,10,slip,0.05,20,rerate3x2,50,25,0.01,0.0,False,1.0
steering_law,logei,10,slip,0.15,20,rerate3x2,50,10,0.01,0.0,False,1.0
steering_law,logei,10,slip,0.15,20,rerate3x2,50,25,0.01,0.0,False,1.0
steering_law,logei,10,slip,0.4,20,rerate3x2,50,10,0.01,0.0,False,1.0
steering_law,logei,10,slip,0.4,20,rerate3x2,50,25,0.01,0.0,False,1.0
steering_law,logei,11,slip,0.01,0,rerate3x2,50,10,0.01,0.0,False,1.0
steering_law,logei,11,slip,0.01,0,rerate3x2,50,25,0.01,0.0,False,1.0
steering_law,logei,11,slip,0.05,0,rerate3x2,50,10,0.01,6.0,False,1.6
steering_law,logei,11,slip,0.05,0,rerate3x2,50,25,0.01,33.0,False,2.32
steering_law,logei,11,slip,0.15,0,rerate3x2,50,10,0.01,0.0,False,1.0
steering_law,logei,11,slip,0.15,0,rerate3x2,50,25,0.01,39.0,True,2.56
steering_law,logei,11,slip,0.4,0,rerate3x2,50,10,0.01,-4.0,False,0.6
steering_law,logei,11,slip,0.4,0,rerate3x2,50,25,0.01,22.0,False,1.88
steering_law,logei,11,slip,0.01,20,rerate3x2,50,10,0.01,0.0,False,1.0
steering_law,logei,11,slip,0.01,20,rerate3x2,50,25,0.01,0.0,False,1.0
steering_law,logei,11,slip,0.05,20,rerate3x2,50,10,0.01,0.0,False,1.0
steering_law,logei,11,slip,0.05,20,rerate3x2,50,25,0.01,0.0,False,1.0
steering_law,logei,11,slip,0.15,20,rerate3x2,50,10,0.01,0.0,False,1.0
steering_law,logei,11,slip,0.15,20,rerate3x2,50,25,0.01,0.0,False,1.0
steering_law,logei,11,slip,0.4,20,rerate3x2,50,10,0.01,0.0,False,1.0
steering_law,logei,11,slip,0.4,20,rerate3x2,50,25,0.01,0.0,False,1.0
steering_law,logei,7,slip,0.01,0,rerate3x2,50,10,0.01,-1.0,False,0.9
steering_law,logei,7,slip,0.01,0,rerate3x2,50,25,0.01,-2.0,False,0.92
steering_law,logei,7,slip,0.05,0,rerate3x2,50,10,0.01,0.0,False,1.0
steering_law,logei,7,slip,0.05,0,rerate3x2,50,25,0.01,-2.0,False,0.92
steering_law,logei,7,slip,0.15,0,rerate3x2,50,10,0.01,11.0,False,2.1
steering_law,logei,7,slip,0.15,0,rerate3x2,50,25,0.01,24.0,False,1.96
steering_law,logei,7,slip,0.4,0,rerate3x2,50,10,0.01,15.0,False,2.5
steering_law,logei,7,slip,0.4,0,rerate3x2,50,25,0.01,13.0,False,1.52
steering_law,logei,7,slip,0.01,20,rerate3x2,50,10,0.01,0.0,False,1.0
steering_law,logei,7,slip,0.01,20,rerate3x2,50,25,0.01,0.0,False,1.0
steering_law,logei,7,slip,0.05,20,rerate3x2,50,10,0.01,0.0,False,1.0
steering_law,logei,7,slip,0.05,20,rerate3x2,50,25,0.01,0.0,False,1.0
steering_law,logei,7,slip,0.15,20,rerate3x2,50,10,0.01,0.0,False,1.0
steering_law,logei,7,slip,0.15,20,rerate3x2,50,25,0.01,0.0,False,1.0
steering_law,logei,7,slip,0.4,20,rerate3x2,50,10,0.01,0.0,False,1.0
steering_law,logei,7,slip,0.4,20,rerate3x2,50,25,0.01,0.0,False,1.0
steering_law,logei,8,slip,0.01,0,rerate3x2,50,10,0.01,7.0,False,1.7
steering_law,logei,8,slip,0.01,0,rerate3x2,50,25,0.01,7.0,False,1.28
steering_law,logei,8,slip,0.05,0,rerate3x2,50,10,0.01,10.0,False,2.0
steering_law,logei,8,slip,0.05,0,rerate3x2,50,25,0.01,18.0,False,1.72
steering_law,logei,8,slip,0.15,0,rerate3x2,50,10,0.01,40.0,False,5.0
steering_law,logei,8,slip,0.15,0,rerate3x2,50,25,0.01,43.0,True,2.72
steering_law,logei,8,slip,0.4,0,rerate3x2,50,10,0.01,43.0,True,5.3
steering_law,logei,8,slip,0.4,0,rerate3x2,50,25,0.01,43.0,True,2.72
steering_law,logei,8,slip,0.01,20,rerate3x2,50,10,0.01,0.0,False,1.0
steering_law,logei,8,slip,0.01,20,rerate3x2,50,25,0.01,0.0,False,1.0
steering_law,logei,8,slip,0.05,20,rerate3x2,50,10,0.01,0.0,False,1.0
steering_law,logei,8,slip,0.05,20,rerate3x2,50,25,0.01,0.0,False,1.0
steering_law,logei,8,slip,0.15,20,rerate3x2,50,10,0.01,0.0,False,1.0
steering_law,logei,8,slip,0.15,20,rerate3x2,50,25,0.01,0.0,False,1.0
steering_law,logei,8,slip,0.4,20,rerate3x2,50,10,0.01,0.0,False,1.0
steering_law,logei,8,slip,0.4,20,rerate3x2,50,25,0.01,0.0,False,1.0
steering_law,logei,9,slip,0.01,0,rerate3x2,50,10,0.01,0.0,False,1.0
steering_law,logei,9,slip,0.01,0,rerate3x2,50,25,0.01,0.0,False,1.0
steering_law,logei,9,slip,0.05,0,rerate3x2,50,10,0.01,0.0,False,1.0
steering_law,logei,9,slip,0.05,0,rerate3x2,50,25,0.01,9.0,False,1.36
steering_law,logei,9,slip,0.15,0,rerate3x2,50,10,0.01,1.0,False,1.1
steering_law,logei,9,slip,0.15,0,rerate3x2,50,25,0.01,8.0,False,1.32
steering_law,logei,9,slip,0.4,0,rerate3x2,50,10,0.01,0.0,False,1.0
steering_law,logei,9,slip,0.4,0,rerate3x2,50,25,0.01,0.0,False,1.0
steering_law,logei,9,slip,0.01,20,rerate3x2,50,10,0.01,0.0,False,1.0
steering_law,logei,9,slip,0.01,20,rerate3x2,50,25,0.01,0.0,False,1.0
steering_law,logei,9,slip,0.05,20,rerate3x2,50,10,0.01,0.0,False,1.0
steering_law,logei,9,slip,0.05,20,rerate3x2,50,25,0.01,0.0,False,1.0
steering_law,logei,9,slip,0.15,20,rerate3x2,50,10,0.01,0.0,False,1.0
steering_law,logei,9,slip,0.15,20,rerate3x2,50,25,0.01,0.0,False,1.0
steering_law,logei,9,slip,0.4,20,rerate3x2,50,10,0.01,0.0,False,1.0
steering_law,logei,9,slip,0.4,20,rerate3x2,50,25,0.01,0.0,False,1.0
steering_law,qnei,10,slip,0.01,0,rerate3x2,50,10,0.01,5.0,False,1.5
steering_law,qnei,10,slip,0.01,0,rerate3x2,50,25,0.01,5.0,False,1.2
steering_law,qnei,10,slip,0.05,0,rerate3x2,50,10,0.01,11.0,False,2.1
steering_law,qnei,10,slip,0.05,0,rerate3x2,50,25,0.01,11.0,False,1.44
steering_law,qnei,10,slip,0.15,0,rerate3x2,50,10,0.01,2.0,False,1.2
steering_law,qnei,10,slip,0.15,0,rerate3x2,50,25,0.01,2.0,False,1.08
steering_law,qnei,10,slip,0.4,0,rerate3x2,50,10,0.01,23.0,False,3.3
steering_law,qnei,10,slip,0.4,0,rerate3x2,50,25,0.01,23.0,False,1.92
steering_law,qnei,10,slip,0.01,20,rerate3x2,50,10,0.01,0.0,False,1.0
steering_law,qnei,10,slip,0.01,20,rerate3x2,50,25,0.01,0.0,False,1.0
steering_law,qnei,10,slip,0.05,20,rerate3x2,50,10,0.01,0.0,False,1.0
steering_law,qnei,10,slip,0.05,20,rerate3x2,50,25,0.01,0.0,False,1.0
steering_law,qnei,10,slip,0.15,20,rerate3x2,50,10,0.01,0.0,False,1.0
steering_law,qnei,10,slip,0.15,20,rerate3x2,50,25,0.01,0.0,False,1.0
steering_law,qnei,10,slip,0.4,20,rerate3x2,50,10,0.01,0.0,False,1.0
steering_law,qnei,10,slip,0.4,20,rerate3x2,50,25,0.01,0.0,False,1.0
steering_law,qnei,11,slip,0.01,0,rerate3x2,50,10,0.01,0.0,False,1.0
steering_law,qnei,11,slip,0.01,0,rerate3x2,50,25,0.01,0.0,False,1.0
steering_law,qnei,11,slip,0.05,0,rerate3x2,50,10,0.01,0.0,False,1.0
steering_law,qnei,11,slip,0.05,0,rerate3x2,50,25,0.01,12.0,False,1.48
steering_law,qnei,11,slip,0.15,0,rerate3x2,50,10,0.01,0.0,False,1.0
steering_law,qnei,11,slip,0.15,0,rerate3x2,50,25,0.01,25.0,False,2.0
steering_law,qnei,11,slip,0.4,0,rerate3x2,50,10,0.01,-5.0,False,0.5
steering_law,qnei,11,slip,0.4,0,rerate3x2,50,25,0.01,16.0,False,1.64
steering_law,qnei,11,slip,0.01,20,rerate3x2,50,10,0.01,0.0,False,1.0
steering_law,qnei,11,slip,0.01,20,rerate3x2,50,25,0.01,0.0,False,1.0
steering_law,qnei,11,slip,0.05,20,rerate3x2,50,10,0.01,0.0,False,1.0
steering_law,qnei,11,slip,0.05,20,rerate3x2,50,25,0.01,0.0,False,1.0
steering_law,qnei,11,slip,0.15,20,rerate3x2,50,10,0.01,0.0,False,1.0
steering_law,qnei,11,slip,0.15,20,rerate3x2,50,25,0.01,0.0,False,1.0
steering_law,qnei,11,slip,0.4,20,rerate3x2,50,10,0.01,0.0,False,1.0
steering_law,qnei,11,slip,0.4,20,rerate3x2,50,25,0.01,0.0,False,1.0
steering_law,qnei,7,slip,0.01,0,rerate3x2,50,10,0.01,-2.0,False,0.8
steering_law,qnei,7,slip,0.01,0,rerate3x2,50,25,0.01,-1.0,False,0.96
steering_law,qnei,7,slip,0.05,0,rerate3x2,50,10,0.01,-3.0,False,0.7
steering_law,qnei,7,slip,0.05,0,rerate3x2,50,25,0.01,3.0,False,1.12
steering_law,qnei,7,slip,0.15,0,rerate3x2,50,10,0.01,6.0,False,1.6
steering_law,qnei,7,slip,0.15,0,rerate3x2,50,25,0.01,12.0,False,1.48
steering_law,qnei,7,slip,0.4,0,rerate3x2,50,10,0.01,4.0,False,1.4
steering_law,qnei,7,slip,0.4,0,rerate3x2,50,25,0.01,25.0,False,2.0
steering_law,qnei,7,slip,0.01,20,rerate3x2,50,10,0.01,0.0,False,1.0
steering_law,qnei,7,slip,0.01,20,rerate3x2,50,25,0.01,0.0,False,1.0
steering_law,qnei,7,slip,0.05,20,rerate3x2,50,10,0.01,0.0,False,1.0
steering_law,qnei,7,slip,0.05,20,rerate3x2,50,25,0.01,0.0,False,1.0
steering_law,qnei,7,slip,0.15,20,rerate3x2,50,10,0.01,0.0,False,1.0
steering_law,qnei,7,slip,0.15,20,rerate3x2,50,25,0.01,0.0,False,1.0
steering_law,qnei,7,slip,0.4,20,rerate3x2,50,10,0.01,0.0,False,1.0
steering_law,qnei,7,slip,0.4,20,rerate3x2,50,25,0.01,0.0,False,1.0
steering_law,qnei,8,slip,0.01,0,rerate3x2,50,10,0.01,2.0,False,1.2
steering_law,qnei,8,slip,0.01,0,rerate3x2,50,25,0.01,2.0,False,1.08
steering_law,qnei,8,slip,0.05,0,rerate3x2,50,10,0.01,6.0,False,1.6
steering_law,qnei,8,slip,0.05,0,rerate3x2,50,25,0.01,6.0,False,1.24
steering_law,qnei,8,slip,0.15,0,rerate3x2,50,10,0.01,15.0,False,2.5
steering_law,qnei,8,slip,0.15,0,rerate3x2,50,25,0.01,15.0,False,1.6
steering_law,qnei,8,slip,0.4,0,rerate3x2,50,10,0.01,5.0,False,1.5
steering_law,qnei,8,slip,0.4,0,rerate3x2,50,25,0.01,5.0,False,1.2
steering_law,qnei,8,slip,0.01,20,rerate3x2,50,10,0.01,0.0,False,1.0
steering_law,qnei,8,slip,0.01,20,rerate3x2,50,25,0.01,0.0,False,1.0
steering_law,qnei,8,slip,0.05,20,rerate3x2,50,10,0.01,0.0,False,1.0
steering_law,qnei,8,slip,0.05,20,rerate3x2,50,25,0.01,0.0,False,1.0
steering_law,qnei,8,slip,0.15,20,rerate3x2,50,10,0.01,0.0,False,1.0
steering_law,qnei,8,slip,0.15,20,rerate3x2,50,25,0.01,0.0,False,1.0
steering_law,qnei,8,slip,0.4,20,rerate3x2,50,10,0.01,0.0,False,1.0
steering_law,qnei,8,slip,0.4,20,rerate3x2,50,25,0.01,0.0,False,1.0
steering_law,qnei,9,slip,0.01,0,rerate3x2,50,10,0.01,6.0,False,1.6
steering_law,qnei,9,slip,0.01,0,rerate3x2,50,25,0.01,8.0,False,1.32
steering_law,qnei,9,slip,0.05,0,rerate3x2,50,10,0.01,2.0,False,1.2
steering_law,qnei,9,slip,0.05,0,rerate3x2,50,25,0.01,13.0,False,1.52
steering_law,qnei,9,slip,0.15,0,rerate3x2,50,10,0.01,23.0,False,3.3
steering_law,qnei,9,slip,0.15,0,rerate3x2,50,25,0.01,33.0,False,2.32
steering_law,qnei,9,slip,0.4,0,rerate3x2,50,10,0.01,18.0,False,2.8
steering_law,qnei,9,slip,0.4,0,rerate3x2,50,25,0.01,43.0,True,2.72
steering_law,qnei,9,slip,0.01,20,rerate3x2,50,10,0.01,0.0,False,1.0
steering_law,qnei,9,slip,0.01,20,rerate3x2,50,25,0.01,0.0,False,1.0
steering_law,qnei,9,slip,0.05,20,rerate3x2,50,10,0.01,0.0,False,1.0
steering_law,qnei,9,slip,0.05,20,rerate3x2,50,25,0.01,0.0,False,1.0
steering_law,qnei,9,slip,0.15,20,rerate3x2,50,10,0.01,0.0,False,1.0
steering_law,qnei,9,slip,0.15,20,rerate3x2,50,25,0.01,0.0,False,1.0
steering_law,qnei,9,slip,0.4,20,rerate3x2,50,10,0.01,0.0,False,1.0
steering_law,qnei,9,slip,0.4,20,rerate3x2,50,25,0.01,0.0,False,1.0
stevens,logei,10,slip,0.01,0,rerate3x2,50,10,0.01,0.0,False,1.0
stevens,logei,10,slip,0.01,0,rerate3x2,50,25,0.01,0.0,False,1.0
stevens,logei,10,slip,0.05,0,rerate3x2,50,10,0.01,18.0,False,2.8
stevens,logei,10,slip,0.05,0,rerate3x2,50,25,0.01,18.0,False,1.72
stevens,logei,10,slip,0.15,0,rerate3x2,50,10,0.01,42.0,True,5.2
stevens,logei,10,slip,0.15,0,rerate3x2,50,25,0.01,42.0,True,2.68
stevens,logei,10,slip,0.4,0,rerate3x2,50,10,0.01,42.0,True,5.2
stevens,logei,10,slip,0.4,0,rerate3x2,50,25,0.01,42.0,True,2.68
stevens,logei,10,slip,0.01,20,rerate3x2,50,10,0.01,0.0,False,1.0
stevens,logei,10,slip,0.01,20,rerate3x2,50,25,0.01,0.0,False,1.0
stevens,logei,10,slip,0.05,20,rerate3x2,50,10,0.01,0.0,False,1.0
stevens,logei,10,slip,0.05,20,rerate3x2,50,25,0.01,0.0,False,1.0
stevens,logei,10,slip,0.15,20,rerate3x2,50,10,0.01,0.0,False,1.0
stevens,logei,10,slip,0.15,20,rerate3x2,50,25,0.01,0.0,False,1.0
stevens,logei,10,slip,0.4,20,rerate3x2,50,10,0.01,0.0,False,1.0
stevens,logei,10,slip,0.4,20,rerate3x2,50,25,0.01,0.0,False,1.0
stevens,logei,11,slip,0.01,0,rerate3x2,50,10,0.01,0.0,False,1.0
stevens,logei,11,slip,0.01,0,rerate3x2,50,25,0.01,-1.0,False,0.96
stevens,logei,11,slip,0.05,0,rerate3x2,50,10,0.01,-1.0,False,0.9
stevens,logei,11,slip,0.05,0,rerate3x2,50,25,0.01,2.0,False,1.08
stevens,logei,11,slip,0.15,0,rerate3x2,50,10,0.01,10.0,False,2.0
stevens,logei,11,slip,0.15,0,rerate3x2,50,25,0.01,24.0,False,1.96
stevens,logei,11,slip,0.4,0,rerate3x2,50,10,0.01,-4.0,False,0.6
stevens,logei,11,slip,0.4,0,rerate3x2,50,25,0.01,38.0,True,2.52
stevens,logei,11,slip,0.01,20,rerate3x2,50,10,0.01,0.0,False,1.0
stevens,logei,11,slip,0.01,20,rerate3x2,50,25,0.01,0.0,False,1.0
stevens,logei,11,slip,0.05,20,rerate3x2,50,10,0.01,0.0,False,1.0
stevens,logei,11,slip,0.05,20,rerate3x2,50,25,0.01,0.0,False,1.0
stevens,logei,11,slip,0.15,20,rerate3x2,50,10,0.01,0.0,False,1.0
stevens,logei,11,slip,0.15,20,rerate3x2,50,25,0.01,0.0,False,1.0
stevens,logei,11,slip,0.4,20,rerate3x2,50,10,0.01,0.0,False,1.0
stevens,logei,11,slip,0.4,20,rerate3x2,50,25,0.01,0.0,False,1.0
stevens,logei,7,slip,0.01,0,rerate3x2,50,10,0.01,2.0,False,1.2
stevens,logei,7,slip,0.01,0,rerate3x2,50,25,0.01,2.0,False,1.08
stevens,logei,7,slip,0.05,0,rerate3x2,50,10,0.01,5.0,False,1.5
stevens,logei,7,slip,0.05,0,rerate3x2,50,25,0.01,5.0,False,1.2
stevens,logei,7,slip,0.15,0,rerate3x2,50,10,0.01,12.0,False,2.2
stevens,logei,7,slip,0.15,0,rerate3x2,50,25,0.01,12.0,False,1.48
stevens,logei,7,slip,0.4,0,rerate3x2,50,10,0.01,3.0,False,1.3
stevens,logei,7,slip,0.4,0,rerate3x2,50,25,0.01,3.0,False,1.12
stevens,logei,7,slip,0.01,20,rerate3x2,50,10,0.01,0.0,False,1.0
stevens,logei,7,slip,0.01,20,rerate3x2,50,25,0.01,0.0,False,1.0
stevens,logei,7,slip,0.05,20,rerate3x2,50,10,0.01,0.0,False,1.0
stevens,logei,7,slip,0.05,20,rerate3x2,50,25,0.01,0.0,False,1.0
stevens,logei,7,slip,0.15,20,rerate3x2,50,10,0.01,0.0,False,1.0
stevens,logei,7,slip,0.15,20,rerate3x2,50,25,0.01,0.0,False,1.0
stevens,logei,7,slip,0.4,20,rerate3x2,50,10,0.01,0.0,False,1.0
stevens,logei,7,slip,0.4,20,rerate3x2,50,25,0.01,0.0,False,1.0
stevens,logei,8,slip,0.01,0,rerate3x2,50,10,0.01,-2.0,False,0.8
stevens,logei,8,slip,0.01,0,rerate3x2,50,25,0.01,-3.0,False,0.88
stevens,logei,8,slip,0.05,0,rerate3x2,50,10,0.01,5.0,False,1.5
stevens,logei,8,slip,0.05,0,rerate3x2,50,25,0.01,10.0,False,1.4
stevens,logei,8,slip,0.15,0,rerate3x2,50,10,0.01,40.0,True,5.0
stevens,logei,8,slip,0.15,0,rerate3x2,50,25,0.01,39.0,True,2.56
stevens,logei,8,slip,0.4,0,rerate3x2,50,10,0.01,20.0,False,3.0
stevens,logei,8,slip,0.4,0,rerate3x2,50,25,0.01,39.0,True,2.56
stevens,logei,8,slip,0.01,20,rerate3x2,50,10,0.01,0.0,False,1.0
stevens,logei,8,slip,0.01,20,rerate3x2,50,25,0.01,0.0,False,1.0
stevens,logei,8,slip,0.05,20,rerate3x2,50,10,0.01,0.0,False,1.0
stevens,logei,8,slip,0.05,20,rerate3x2,50,25,0.01,0.0,False,1.0
stevens,logei,8,slip,0.15,20,rerate3x2,50,10,0.01,0.0,False,1.0
stevens,logei,8,slip,0.15,20,rerate3x2,50,25,0.01,0.0,False,1.0
stevens,logei,8,slip,0.4,20,rerate3x2,50,10,0.01,0.0,False,1.0
stevens,logei,8,slip,0.4,20,rerate3x2,50,25,0.01,0.0,False,1.0
stevens,logei,9,slip,0.01,0,rerate3x2,50,10,0.01,1.0,False,1.1
stevens,logei,9,slip,0.01,0,rerate3x2,50,25,0.01,1.0,False,1.04
stevens,logei,9,slip,0.05,0,rerate3x2,50,10,0.01,13.0,False,2.3
stevens,logei,9,slip,0.05,0,rerate3x2,50,25,0.01,13.0,False,1.52
stevens,logei,9,slip,0.15,0,rerate3x2,50,10,0.01,3.0,False,1.3
stevens,logei,9,slip,0.15,0,rerate3x2,50,25,0.01,3.0,False,1.12
stevens,logei,9,slip,0.4,0,rerate3x2,50,10,0.01,31.0,False,4.1
stevens,logei,9,slip,0.4,0,rerate3x2,50,25,0.01,31.0,False,2.24
stevens,logei,9,slip,0.01,20,rerate3x2,50,10,0.01,0.0,False,1.0
stevens,logei,9,slip,0.01,20,rerate3x2,50,25,0.01,0.0,False,1.0
stevens,logei,9,slip,0.05,20,rerate3x2,50,10,0.01,0.0,False,1.0
stevens,logei,9,slip,0.05,20,rerate3x2,50,25,0.01,0.0,False,1.0
stevens,logei,9,slip,0.15,20,rerate3x2,50,10,0.01,0.0,False,1.0
stevens,logei,9,slip,0.15,20,rerate3x2,50,25,0.01,0.0,False,1.0
stevens,logei,9,slip,0.4,20,rerate3x2,50,10,0.01,0.0,False,1.0
stevens,logei,9,slip,0.4,20,rerate3x2,50,25,0.01,0.0,False,1.0
stevens,qnei,10,slip,0.01,0,rerate3x2,50,10,0.01,1.0,False,1.1
stevens,qnei,10,slip,0.01,0,rerate3x2,50,25,0.01,1.0,False,1.04
stevens,qnei,10,slip,0.05,0,rerate3x2,50,10,0.01,38.0,False,4.8
stevens,qnei,10,slip,0.05,0,rerate3x2,50,25,0.01,38.0,False,2.52
stevens,qnei,10,slip,0.15,0,rerate3x2,50,10,0.01,43.0,True,5.3
stevens,qnei,10,slip,0.15,0,rerate3x2,50,25,0.01,43.0,True,2.72
stevens,qnei,10,slip,0.4,0,rerate3x2,50,10,0.01,43.0,True,5.3
stevens,qnei,10,slip,0.4,0,rerate3x2,50,25,0.01,43.0,True,2.72
stevens,qnei,10,slip,0.01,20,rerate3x2,50,10,0.01,0.0,False,1.0
stevens,qnei,10,slip,0.01,20,rerate3x2,50,25,0.01,0.0,False,1.0
stevens,qnei,10,slip,0.05,20,rerate3x2,50,10,0.01,0.0,False,1.0
stevens,qnei,10,slip,0.05,20,rerate3x2,50,25,0.01,0.0,False,1.0
stevens,qnei,10,slip,0.15,20,rerate3x2,50,10,0.01,0.0,False,1.0
stevens,qnei,10,slip,0.15,20,rerate3x2,50,25,0.01,0.0,False,1.0
stevens,qnei,10,slip,0.4,20,rerate3x2,50,10,0.01,0.0,False,1.0
stevens,qnei,10,slip,0.4,20,rerate3x2,50,25,0.01,0.0,False,1.0
stevens,qnei,11,slip,0.01,0,rerate3x2,50,10,0.01,-2.0,False,0.8
stevens,qnei,11,slip,0.01,0,rerate3x2,50,25,0.01,39.0,True,2.56
stevens,qnei,11,slip,0.05,0,rerate3x2,50,10,0.01,0.0,False,1.0
stevens,qnei,11,slip,0.05,0,rerate3x2,50,25,0.01,39.0,True,2.56
stevens,qnei,11,slip,0.15,0,rerate3x2,50,10,0.01,-1.0,False,0.9
stevens,qnei,11,slip,0.15,0,rerate3x2,50,25,0.01,39.0,True,2.56
stevens,qnei,11,slip,0.4,0,rerate3x2,50,10,0.01,5.0,False,1.5
stevens,qnei,11,slip,0.4,0,rerate3x2,50,25,0.01,39.0,True,2.56
stevens,qnei,11,slip,0.01,20,rerate3x2,50,10,0.01,0.0,False,1.0
stevens,qnei,11,slip,0.01,20,rerate3x2,50,25,0.01,0.0,False,1.0
stevens,qnei,11,slip,0.05,20,rerate3x2,50,10,0.01,0.0,False,1.0
stevens,qnei,11,slip,0.05,20,rerate3x2,50,25,0.01,0.0,False,1.0
stevens,qnei,11,slip,0.15,20,rerate3x2,50,10,0.01,0.0,False,1.0
stevens,qnei,11,slip,0.15,20,rerate3x2,50,25,0.01,0.0,False,1.0
stevens,qnei,11,slip,0.4,20,rerate3x2,50,10,0.01,0.0,False,1.0
stevens,qnei,11,slip,0.4,20,rerate3x2,50,25,0.01,0.0,False,1.0
stevens,qnei,7,slip,0.01,0,rerate3x2,50,10,0.01,0.0,False,1.0
stevens,qnei,7,slip,0.01,0,rerate3x2,50,25,0.01,0.0,False,1.0
stevens,qnei,7,slip,0.05,0,rerate3x2,50,10,0.01,41.0,False,5.1
stevens,qnei,7,slip,0.05,0,rerate3x2,50,25,0.01,41.0,False,2.64
stevens,qnei,7,slip,0.15,0,rerate3x2,50,10,0.01,3.0,False,1.3
stevens,qnei,7,slip,0.15,0,rerate3x2,50,25,0.01,3.0,False,1.12
stevens,qnei,7,slip,0.4,0,rerate3x2,50,10,0.01,19.0,False,2.9
stevens,qnei,7,slip,0.4,0,rerate3x2,50,25,0.01,19.0,False,1.76
stevens,qnei,7,slip,0.01,20,rerate3x2,50,10,0.01,0.0,False,1.0
stevens,qnei,7,slip,0.01,20,rerate3x2,50,25,0.01,0.0,False,1.0
stevens,qnei,7,slip,0.05,20,rerate3x2,50,10,0.01,0.0,False,1.0
stevens,qnei,7,slip,0.05,20,rerate3x2,50,25,0.01,0.0,False,1.0
stevens,qnei,7,slip,0.15,20,rerate3x2,50,10,0.01,0.0,False,1.0
stevens,qnei,7,slip,0.15,20,rerate3x2,50,25,0.01,0.0,False,1.0
stevens,qnei,7,slip,0.4,20,rerate3x2,50,10,0.01,0.0,False,1.0
stevens,qnei,7,slip,0.4,20,rerate3x2,50,25,0.01,0.0,False,1.0
stevens,qnei,8,slip,0.01,0,rerate3x2,50,10,0.01,1.0,False,1.1
stevens,qnei,8,slip,0.01,0,rerate3x2,50,25,0.01,0.0,False,1.0
stevens,qnei,8,slip,0.05,0,rerate3x2,50,10,0.01,0.0,False,1.0
stevens,qnei,8,slip,0.05,0,rerate3x2,50,25,0.01,39.0,True,2.56
stevens,qnei,8,slip,0.15,0,rerate3x2,50,10,0.01,10.0,False,2.0
stevens,qnei,8,slip,0.15,0,rerate3x2,50,25,0.01,9.0,False,1.36
stevens,qnei,8,slip,0.4,0,rerate3x2,50,10,0.01,40.0,True,5.0
stevens,qnei,8,slip,0.4,0,rerate3x2,50,25,0.01,39.0,True,2.56
stevens,qnei,8,slip,0.01,20,rerate3x2,50,10,0.01,0.0,False,1.0
stevens,qnei,8,slip,0.01,20,rerate3x2,50,25,0.01,0.0,False,1.0
stevens,qnei,8,slip,0.05,20,rerate3x2,50,10,0.01,0.0,False,1.0
stevens,qnei,8,slip,0.05,20,rerate3x2,50,25,0.01,0.0,False,1.0
stevens,qnei,8,slip,0.15,20,rerate3x2,50,10,0.01,0.0,False,1.0
stevens,qnei,8,slip,0.15,20,rerate3x2,50,25,0.01,0.0,False,1.0
stevens,qnei,8,slip,0.4,20,rerate3x2,50,10,0.01,0.0,False,1.0
stevens,qnei,8,slip,0.4,20,rerate3x2,50,25,0.01,0.0,False,1.0
stevens,qnei,9,slip,0.01,0,rerate3x2,50,10,0.01,0.0,False,1.0
stevens,qnei,9,slip,0.01,0,rerate3x2,50,25,0.01,0.0,False,1.0
stevens,qnei,9,slip,0.05,0,rerate3x2,50,10,0.01,0.0,False,1.0
stevens,qnei,9,slip,0.05,0,rerate3x2,50,25,0.01,0.0,False,1.0
stevens,qnei,9,slip,0.15,0,rerate3x2,50,10,0.01,7.0,False,1.7
stevens,qnei,9,slip,0.15,0,rerate3x2,50,25,0.01,7.0,False,1.28
stevens,qnei,9,slip,0.4,0,rerate3x2,50,10,0.01,44.0,True,5.4
stevens,qnei,9,slip,0.4,0,rerate3x2,50,25,0.01,44.0,True,2.76
stevens,qnei,9,slip,0.01,20,rerate3x2,50,10,0.01,0.0,False,1.0
stevens,qnei,9,slip,0.01,20,rerate3x2,50,25,0.01,0.0,False,1.0
stevens,qnei,9,slip,0.05,20,rerate3x2,50,10,0.01,0.0,False,1.0
stevens,qnei,9,slip,0.05,20,rerate3x2,50,25,0.01,0.0,False,1.0
stevens,qnei,9,slip,0.15,20,rerate3x2,50,10,0.01,0.0,False,1.0
stevens,qnei,9,slip,0.15,20,rerate3x2,50,25,0.01,0.0,False,1.0
stevens,qnei,9,slip,0.4,20,rerate3x2,50,10,0.01,0.0,False,1.0
stevens,qnei,9,slip,0.4,20,rerate3x2,50,25,0.01,0.0,False,1.0
weber_fechner,logei,10,slip,0.01,0,rerate3x2,50,10,0.01,0.0,False,1.0
weber_fechner,logei,10,slip,0.01,0,rerate3x2,50,25,0.01,0.0,False,1.0
weber_fechner,logei,10,slip,0.05,0,rerate3x2,50,10,0.01,8.0,False,1.8
weber_fechner,logei,10,slip,0.05,0,rerate3x2,50,25,0.01,8.0,False,1.32
weber_fechner,logei,10,slip,0.15,0,rerate3x2,50,10,0.01,7.0,False,1.7
weber_fechner,logei,10,slip,0.15,0,rerate3x2,50,25,0.01,7.0,False,1.28
weber_fechner,logei,10,slip,0.4,0,rerate3x2,50,10,0.01,17.0,False,2.7
weber_fechner,logei,10,slip,0.4,0,rerate3x2,50,25,0.01,17.0,False,1.68
weber_fechner,logei,10,slip,0.01,20,rerate3x2,50,10,0.01,0.0,False,1.0
weber_fechner,logei,10,slip,0.01,20,rerate3x2,50,25,0.01,0.0,False,1.0
weber_fechner,logei,10,slip,0.05,20,rerate3x2,50,10,0.01,0.0,False,1.0
weber_fechner,logei,10,slip,0.05,20,rerate3x2,50,25,0.01,0.0,False,1.0
weber_fechner,logei,10,slip,0.15,20,rerate3x2,50,10,0.01,0.0,False,1.0
weber_fechner,logei,10,slip,0.15,20,rerate3x2,50,25,0.01,0.0,False,1.0
weber_fechner,logei,10,slip,0.4,20,rerate3x2,50,10,0.01,0.0,False,1.0
weber_fechner,logei,10,slip,0.4,20,rerate3x2,50,25,0.01,0.0,False,1.0
weber_fechner,logei,11,slip,0.01,0,rerate3x2,50,10,0.01,0.0,False,1.0
weber_fechner,logei,11,slip,0.01,0,rerate3x2,50,25,0.01,1.0,False,1.04
weber_fechner,logei,11,slip,0.05,0,rerate3x2,50,10,0.01,1.0,False,1.1
weber_fechner,logei,11,slip,0.05,0,rerate3x2,50,25,0.01,29.0,False,2.16
weber_fechner,logei,11,slip,0.15,0,rerate3x2,50,10,0.01,11.0,False,2.1
weber_fechner,logei,11,slip,0.15,0,rerate3x2,50,25,0.01,18.0,False,1.72
weber_fechner,logei,11,slip,0.4,0,rerate3x2,50,10,0.01,-3.0,False,0.7
weber_fechner,logei,11,slip,0.4,0,rerate3x2,50,25,0.01,38.0,True,2.52
weber_fechner,logei,11,slip,0.01,20,rerate3x2,50,10,0.01,0.0,False,1.0
weber_fechner,logei,11,slip,0.01,20,rerate3x2,50,25,0.01,0.0,False,1.0
weber_fechner,logei,11,slip,0.05,20,rerate3x2,50,10,0.01,0.0,False,1.0
weber_fechner,logei,11,slip,0.05,20,rerate3x2,50,25,0.01,0.0,False,1.0
weber_fechner,logei,11,slip,0.15,20,rerate3x2,50,10,0.01,0.0,False,1.0
weber_fechner,logei,11,slip,0.15,20,rerate3x2,50,25,0.01,0.0,False,1.0
weber_fechner,logei,11,slip,0.4,20,rerate3x2,50,10,0.01,0.0,False,1.0
weber_fechner,logei,11,slip,0.4,20,rerate3x2,50,25,0.01,0.0,False,1.0
weber_fechner,logei,7,slip,0.01,0,rerate3x2,50,10,0.01,0.0,False,1.0
weber_fechner,logei,7,slip,0.01,0,rerate3x2,50,25,0.01,0.0,False,1.0
weber_fechner,logei,7,slip,0.05,0,rerate3x2,50,10,0.01,1.0,False,1.1
weber_fechner,logei,7,slip,0.05,0,rerate3x2,50,25,0.01,1.0,False,1.04
weber_fechner,logei,7,slip,0.15,0,rerate3x2,50,10,0.01,9.0,False,1.9
weber_fechner,logei,7,slip,0.15,0,rerate3x2,50,25,0.01,9.0,False,1.36
weber_fechner,logei,7,slip,0.4,0,rerate3x2,50,10,0.01,40.0,True,5.0
weber_fechner,logei,7,slip,0.4,0,rerate3x2,50,25,0.01,40.0,True,2.6
weber_fechner,logei,7,slip,0.01,20,rerate3x2,50,10,0.01,0.0,False,1.0
weber_fechner,logei,7,slip,0.01,20,rerate3x2,50,25,0.01,0.0,False,1.0
weber_fechner,logei,7,slip,0.05,20,rerate3x2,50,10,0.01,0.0,False,1.0
weber_fechner,logei,7,slip,0.05,20,rerate3x2,50,25,0.01,0.0,False,1.0
weber_fechner,logei,7,slip,0.15,20,rerate3x2,50,10,0.01,0.0,False,1.0
weber_fechner,logei,7,slip,0.15,20,rerate3x2,50,25,0.01,0.0,False,1.0
weber_fechner,logei,7,slip,0.4,20,rerate3x2,50,10,0.01,0.0,False,1.0
weber_fechner,logei,7,slip,0.4,20,rerate3x2,50,25,0.01,0.0,False,1.0
weber_fechner,logei,8,slip,0.01,0,rerate3x2,50,10,0.01,1.0,False,1.1
weber_fechner,logei,8,slip,0.01,0,rerate3x2,50,25,0.01,1.0,False,1.04
weber_fechner,logei,8,slip,0.05,0,rerate3x2,50,10,0.01,11.0,False,2.1
weber_fechner,logei,8,slip,0.05,0,rerate3x2,50,25,0.01,1.0,False,1.04
weber_fechner,logei,8,slip,0.15,0,rerate3x2,50,10,0.01,7.0,False,1.7
weber_fechner,logei,8,slip,0.15,0,rerate3x2,50,25,0.01,28.0,False,2.12
weber_fechner,logei,8,slip,0.4,0,rerate3x2,50,10,0.01,-1.0,False,0.9
weber_fechner,logei,8,slip,0.4,0,rerate3x2,50,25,0.01,-7.0,False,0.72
weber_fechner,logei,8,slip,0.01,20,rerate3x2,50,10,0.01,0.0,False,1.0
weber_fechner,logei,8,slip,0.01,20,rerate3x2,50,25,0.01,0.0,False,1.0
weber_fechner,logei,8,slip,0.05,20,rerate3x2,50,10,0.01,0.0,False,1.0
weber_fechner,logei,8,slip,0.05,20,rerate3x2,50,25,0.01,0.0,False,1.0
weber_fechner,logei,8,slip,0.15,20,rerate3x2,50,10,0.01,0.0,False,1.0
weber_fechner,logei,8,slip,0.15,20,rerate3x2,50,25,0.01,0.0,False,1.0
weber_fechner,logei,8,slip,0.4,20,rerate3x2,50,10,0.01,0.0,False,1.0
weber_fechner,logei,8,slip,0.4,20,rerate3x2,50,25,0.01,0.0,False,1.0
weber_fechner,logei,9,slip,0.01,0,rerate3x2,50,10,0.01,0.0,False,1.0
weber_fechner,logei,9,slip,0.01,0,rerate3x2,50,25,0.01,0.0,False,1.0
weber_fechner,logei,9,slip,0.05,0,rerate3x2,50,10,0.01,2.0,False,1.2
weber_fechner,logei,9,slip,0.05,0,rerate3x2,50,25,0.01,-1.0,False,0.96
weber_fechner,logei,9,slip,0.15,0,rerate3x2,50,10,0.01,-3.0,False,0.7
weber_fechner,logei,9,slip,0.15,0,rerate3x2,50,25,0.01,-3.0,False,0.88
weber_fechner,logei,9,slip,0.4,0,rerate3x2,50,10,0.01,14.0,False,2.4
weber_fechner,logei,9,slip,0.4,0,rerate3x2,50,25,0.01,38.0,True,2.52
weber_fechner,logei,9,slip,0.01,20,rerate3x2,50,10,0.01,0.0,False,1.0
weber_fechner,logei,9,slip,0.01,20,rerate3x2,50,25,0.01,0.0,False,1.0
weber_fechner,logei,9,slip,0.05,20,rerate3x2,50,10,0.01,0.0,False,1.0
weber_fechner,logei,9,slip,0.05,20,rerate3x2,50,25,0.01,0.0,False,1.0
weber_fechner,logei,9,slip,0.15,20,rerate3x2,50,10,0.01,0.0,False,1.0
weber_fechner,logei,9,slip,0.15,20,rerate3x2,50,25,0.01,0.0,False,1.0
weber_fechner,logei,9,slip,0.4,20,rerate3x2,50,10,0.01,0.0,False,1.0
weber_fechner,logei,9,slip,0.4,20,rerate3x2,50,25,0.01,0.0,False,1.0
weber_fechner,qnei,10,slip,0.01,0,rerate3x2,50,10,0.01,0.0,False,1.0
weber_fechner,qnei,10,slip,0.01,0,rerate3x2,50,25,0.01,0.0,False,1.0
weber_fechner,qnei,10,slip,0.05,0,rerate3x2,50,10,0.01,0.0,False,1.0
weber_fechner,qnei,10,slip,0.05,0,rerate3x2,50,25,0.01,0.0,False,1.0
weber_fechner,qnei,10,slip,0.15,0,rerate3x2,50,10,0.01,0.0,False,1.0
weber_fechner,qnei,10,slip,0.15,0,rerate3x2,50,25,0.01,0.0,False,1.0
weber_fechner,qnei,10,slip,0.4,0,rerate3x2,50,10,0.01,42.0,True,5.2
weber_fechner,qnei,10,slip,0.4,0,rerate3x2,50,25,0.01,42.0,True,2.68
weber_fechner,qnei,10,slip,0.01,20,rerate3x2,50,10,0.01,0.0,False,1.0
weber_fechner,qnei,10,slip,0.01,20,rerate3x2,50,25,0.01,0.0,False,1.0
weber_fechner,qnei,10,slip,0.05,20,rerate3x2,50,10,0.01,0.0,False,1.0
weber_fechner,qnei,10,slip,0.05,20,rerate3x2,50,25,0.01,0.0,False,1.0
weber_fechner,qnei,10,slip,0.15,20,rerate3x2,50,10,0.01,0.0,False,1.0
weber_fechner,qnei,10,slip,0.15,20,rerate3x2,50,25,0.01,0.0,False,1.0
weber_fechner,qnei,10,slip,0.4,20,rerate3x2,50,10,0.01,0.0,False,1.0
weber_fechner,qnei,10,slip,0.4,20,rerate3x2,50,25,0.01,0.0,False,1.0
weber_fechner,qnei,11,slip,0.01,0,rerate3x2,50,10,0.01,2.0,False,1.2
weber_fechner,qnei,11,slip,0.01,0,rerate3x2,50,25,0.01,1.0,False,1.04
weber_fechner,qnei,11,slip,0.05,0,rerate3x2,50,10,0.01,14.0,False,2.4
weber_fechner,qnei,11,slip,0.05,0,rerate3x2,50,25,0.01,37.0,True,2.48
weber_fechner,qnei,11,slip,0.15,0,rerate3x2,50,10,0.01,2.0,False,1.2
weber_fechner,qnei,11,slip,0.15,0,rerate3x2,50,25,0.01,16.0,False,1.64
weber_fechner,qnei,11,slip,0.4,0,rerate3x2,50,10,0.01,35.0,False,4.5
weber_fechner,qnei,11,slip,0.4,0,rerate3x2,50,25,0.01,37.0,True,2.48
weber_fechner,qnei,11,slip,0.01,20,rerate3x2,50,10,0.01,0.0,False,1.0
weber_fechner,qnei,11,slip,0.01,20,rerate3x2,50,25,0.01,0.0,False,1.0
weber_fechner,qnei,11,slip,0.05,20,rerate3x2,50,10,0.01,0.0,False,1.0
weber_fechner,qnei,11,slip,0.05,20,rerate3x2,50,25,0.01,0.0,False,1.0
weber_fechner,qnei,11,slip,0.15,20,rerate3x2,50,10,0.01,0.0,False,1.0
weber_fechner,qnei,11,slip,0.15,20,rerate3x2,50,25,0.01,0.0,False,1.0
weber_fechner,qnei,11,slip,0.4,20,rerate3x2,50,10,0.01,0.0,False,1.0
weber_fechner,qnei,11,slip,0.4,20,rerate3x2,50,25,0.01,0.0,False,1.0
weber_fechner,qnei,7,slip,0.01,0,rerate3x2,50,10,0.01,0.0,False,1.0
weber_fechner,qnei,7,slip,0.01,0,rerate3x2,50,25,0.01,-2.0,False,0.92
weber_fechner,qnei,7,slip,0.05,0,rerate3x2,50,10,0.01,37.0,False,4.7
weber_fechner,qnei,7,slip,0.05,0,rerate3x2,50,25,0.01,35.0,False,2.4
weber_fechner,qnei,7,slip,0.15,0,rerate3x2,50,10,0.01,27.0,False,3.7
weber_fechner,qnei,7,slip,0.15,0,rerate3x2,50,25,0.01,25.0,False,2.0
weber_fechner,qnei,7,slip,0.4,0,rerate3x2,50,10,0.01,40.0,False,5.0
weber_fechner,qnei,7,slip,0.4,0,rerate3x2,50,25,0.01,38.0,False,2.52
weber_fechner,qnei,7,slip,0.01,20,rerate3x2,50,10,0.01,0.0,False,1.0
weber_fechner,qnei,7,slip,0.01,20,rerate3x2,50,25,0.01,0.0,False,1.0
weber_fechner,qnei,7,slip,0.05,20,rerate3x2,50,10,0.01,0.0,False,1.0
weber_fechner,qnei,7,slip,0.05,20,rerate3x2,50,25,0.01,0.0,False,1.0
weber_fechner,qnei,7,slip,0.15,20,rerate3x2,50,10,0.01,0.0,False,1.0
weber_fechner,qnei,7,slip,0.15,20,rerate3x2,50,25,0.01,0.0,False,1.0
weber_fechner,qnei,7,slip,0.4,20,rerate3x2,50,10,0.01,0.0,False,1.0
weber_fechner,qnei,7,slip,0.4,20,rerate3x2,50,25,0.01,0.0,False,1.0
weber_fechner,qnei,8,slip,0.01,0,rerate3x2,50,10,0.01,7.0,False,1.7
weber_fechner,qnei,8,slip,0.01,0,rerate3x2,50,25,0.01,0.0,False,1.0
weber_fechner,qnei,8,slip,0.05,0,rerate3x2,50,10,0.01,7.0,False,1.7
weber_fechner,qnei,8,slip,0.05,0,rerate3x2,50,25,0.01,0.0,False,1.0
weber_fechner,qnei,8,slip,0.15,0,rerate3x2,50,10,0.01,11.0,False,2.1
weber_fechner,qnei,8,slip,0.15,0,rerate3x2,50,25,0.01,24.0,False,1.96
weber_fechner,qnei,8,slip,0.4,0,rerate3x2,50,10,0.01,20.0,False,3.0
weber_fechner,qnei,8,slip,0.4,0,rerate3x2,50,25,0.01,30.0,True,2.2
weber_fechner,qnei,8,slip,0.01,20,rerate3x2,50,10,0.01,0.0,False,1.0
weber_fechner,qnei,8,slip,0.01,20,rerate3x2,50,25,0.01,0.0,False,1.0
weber_fechner,qnei,8,slip,0.05,20,rerate3x2,50,10,0.01,0.0,False,1.0
weber_fechner,qnei,8,slip,0.05,20,rerate3x2,50,25,0.01,0.0,False,1.0
weber_fechner,qnei,8,slip,0.15,20,rerate3x2,50,10,0.01,0.0,False,1.0
weber_fechner,qnei,8,slip,0.15,20,rerate3x2,50,25,0.01,0.0,False,1.0
weber_fechner,qnei,8,slip,0.4,20,rerate3x2,50,10,0.01,0.0,False,1.0
weber_fechner,qnei,8,slip,0.4,20,rerate3x2,50,25,0.01,0.0,False,1.0
weber_fechner,qnei,9,slip,0.01,0,rerate3x2,50,10,0.01,4.0,False,1.4
weber_fechner,qnei,9,slip,0.01,0,rerate3x2,50,25,0.01,26.0,False,2.04
weber_fechner,qnei,9,slip,0.05,0,rerate3x2,50,10,0.01,-3.0,False,0.7
weber_fechner,qnei,9,slip,0.05,0,rerate3x2,50,25,0.01,-13.0,False,0.48
weber_fechner,qnei,9,slip,0.15,0,rerate3x2,50,10,0.01,4.0,False,1.4
weber_fechner,qnei,9,slip,0.15,0,rerate3x2,50,25,0.01,-3.0,False,0.88
weber_fechner,qnei,9,slip,0.4,0,rerate3x2,50,10,0.01,41.0,True,5.1
weber_fechner,qnei,9,slip,0.4,0,rerate3x2,50,25,0.01,31.0,True,2.24
weber_fechner,qnei,9,slip,0.01,20,rerate3x2,50,10,0.01,0.0,False,1.0
weber_fechner,qnei,9,slip,0.01,20,rerate3x2,50,25,0.01,0.0,False,1.0
weber_fechner,qnei,9,slip,0.05,20,rerate3x2,50,10,0.01,0.0,False,1.0
weber_fechner,qnei,9,slip,0.05,20,rerate3x2,50,25,0.01,0.0,False,1.0
weber_fechner,qnei,9,slip,0.15,20,rerate3x2,50,10,0.01,0.0,False,1.0
weber_fechner,qnei,9,slip,0.15,20,rerate3x2,50,25,0.01,0.0,False,1.0
weber_fechner,qnei,9,slip,0.4,20,rerate3x2,50,10,0.01,0.0,False,1.0
weber_fechner,qnei,9,slip,0.4,20,rerate3x2,50,25,0.01,0.0,False,1.0
yerkes_dodson,logei,10,slip,0.01,0,rerate3x2,50,10,0.01,-1.0,False,0.9
yerkes_dodson,logei,10,slip,0.01,0,rerate3x2,50,25,0.01,-6.0,False,0.76
yerkes_dodson,logei,10,slip,0.05,0,rerate3x2,50,10,0.01,-2.0,False,0.8
yerkes_dodson,logei,10,slip,0.05,0,rerate3x2,50,25,0.01,-6.0,False,0.76
yerkes_dodson,logei,10,slip,0.15,0,rerate3x2,50,10,0.01,-5.0,False,0.5
yerkes_dodson,logei,10,slip,0.15,0,rerate3x2,50,25,0.01,16.0,False,1.64
yerkes_dodson,logei,10,slip,0.4,0,rerate3x2,50,10,0.01,-4.0,False,0.6
yerkes_dodson,logei,10,slip,0.4,0,rerate3x2,50,25,0.01,31.0,True,2.24
yerkes_dodson,logei,10,slip,0.01,20,rerate3x2,50,10,0.01,0.0,False,1.0
yerkes_dodson,logei,10,slip,0.01,20,rerate3x2,50,25,0.01,0.0,False,1.0
yerkes_dodson,logei,10,slip,0.05,20,rerate3x2,50,10,0.01,0.0,False,1.0
yerkes_dodson,logei,10,slip,0.05,20,rerate3x2,50,25,0.01,0.0,False,1.0
yerkes_dodson,logei,10,slip,0.15,20,rerate3x2,50,10,0.01,0.0,False,1.0
yerkes_dodson,logei,10,slip,0.15,20,rerate3x2,50,25,0.01,0.0,False,1.0
yerkes_dodson,logei,10,slip,0.4,20,rerate3x2,50,10,0.01,0.0,False,1.0
yerkes_dodson,logei,10,slip,0.4,20,rerate3x2,50,25,0.01,0.0,False,1.0
yerkes_dodson,logei,11,slip,0.01,0,rerate3x2,50,10,0.01,5.0,False,1.5
yerkes_dodson,logei,11,slip,0.01,0,rerate3x2,50,25,0.01,30.0,True,2.2
yerkes_dodson,logei,11,slip,0.05,0,rerate3x2,50,10,0.01,8.0,False,1.8
yerkes_dodson,logei,11,slip,0.05,0,rerate3x2,50,25,0.01,30.0,True,2.2
yerkes_dodson,logei,11,slip,0.15,0,rerate3x2,50,10,0.01,15.0,False,2.5
yerkes_dodson,logei,11,slip,0.15,0,rerate3x2,50,25,0.01,30.0,True,2.2
yerkes_dodson,logei,11,slip,0.4,0,rerate3x2,50,10,0.01,43.0,True,5.3
yerkes_dodson,logei,11,slip,0.4,0,rerate3x2,50,25,0.01,30.0,True,2.2
yerkes_dodson,logei,11,slip,0.01,20,rerate3x2,50,10,0.01,0.0,False,1.0
yerkes_dodson,logei,11,slip,0.01,20,rerate3x2,50,25,0.01,0.0,False,1.0
yerkes_dodson,logei,11,slip,0.05,20,rerate3x2,50,10,0.01,0.0,False,1.0
yerkes_dodson,logei,11,slip,0.05,20,rerate3x2,50,25,0.01,0.0,False,1.0
yerkes_dodson,logei,11,slip,0.15,20,rerate3x2,50,10,0.01,0.0,False,1.0
yerkes_dodson,logei,11,slip,0.15,20,rerate3x2,50,25,0.01,0.0,False,1.0
yerkes_dodson,logei,11,slip,0.4,20,rerate3x2,50,10,0.01,0.0,False,1.0
yerkes_dodson,logei,11,slip,0.4,20,rerate3x2,50,25,0.01,0.0,False,1.0
yerkes_dodson,logei,7,slip,0.01,0,rerate3x2,50,10,0.01,0.0,False,1.0
yerkes_dodson,logei,7,slip,0.01,0,rerate3x2,50,25,0.01,1.0,False,1.04
yerkes_dodson,logei,7,slip,0.05,0,rerate3x2,50,10,0.01,10.0,False,2.0
yerkes_dodson,logei,7,slip,0.05,0,rerate3x2,50,25,0.01,26.0,False,2.04
yerkes_dodson,logei,7,slip,0.15,0,rerate3x2,50,10,0.01,46.0,True,5.6
yerkes_dodson,logei,7,slip,0.15,0,rerate3x2,50,25,0.01,30.0,True,2.2
yerkes_dodson,logei,7,slip,0.4,0,rerate3x2,50,10,0.01,6.0,False,1.6
yerkes_dodson,logei,7,slip,0.4,0,rerate3x2,50,25,0.01,30.0,True,2.2
yerkes_dodson,logei,7,slip,0.01,20,rerate3x2,50,10,0.01,0.0,False,1.0
yerkes_dodson,logei,7,slip,0.01,20,rerate3x2,50,25,0.01,0.0,False,1.0
yerkes_dodson,logei,7,slip,0.05,20,rerate3x2,50,10,0.01,0.0,False,1.0
yerkes_dodson,logei,7,slip,0.05,20,rerate3x2,50,25,0.01,0.0,False,1.0
yerkes_dodson,logei,7,slip,0.15,20,rerate3x2,50,10,0.01,0.0,False,1.0
yerkes_dodson,logei,7,slip,0.15,20,rerate3x2,50,25,0.01,0.0,False,1.0
yerkes_dodson,logei,7,slip,0.4,20,rerate3x2,50,10,0.01,0.0,False,1.0
yerkes_dodson,logei,7,slip,0.4,20,rerate3x2,50,25,0.01,0.0,False,1.0
yerkes_dodson,logei,8,slip,0.01,0,rerate3x2,50,10,0.01,5.0,False,1.5
yerkes_dodson,logei,8,slip,0.01,0,rerate3x2,50,25,0.01,5.0,False,1.2
yerkes_dodson,logei,8,slip,0.05,0,rerate3x2,50,10,0.01,-1.0,False,0.9
yerkes_dodson,logei,8,slip,0.05,0,rerate3x2,50,25,0.01,24.0,False,1.96
yerkes_dodson,logei,8,slip,0.15,0,rerate3x2,50,10,0.01,41.0,True,5.1
yerkes_dodson,logei,8,slip,0.15,0,rerate3x2,50,25,0.01,36.0,True,2.44
yerkes_dodson,logei,8,slip,0.4,0,rerate3x2,50,10,0.01,41.0,True,5.1
yerkes_dodson,logei,8,slip,0.4,0,rerate3x2,50,25,0.01,36.0,True,2.44
yerkes_dodson,logei,8,slip,0.01,20,rerate3x2,50,10,0.01,0.0,False,1.0
yerkes_dodson,logei,8,slip,0.01,20,rerate3x2,50,25,0.01,0.0,False,1.0
yerkes_dodson,logei,8,slip,0.05,20,rerate3x2,50,10,0.01,0.0,False,1.0
yerkes_dodson,logei,8,slip,0.05,20,rerate3x2,50,25,0.01,0.0,False,1.0
yerkes_dodson,logei,8,slip,0.15,20,rerate3x2,50,10,0.01,0.0,False,1.0
yerkes_dodson,logei,8,slip,0.15,20,rerate3x2,50,25,0.01,0.0,False,1.0
yerkes_dodson,logei,8,slip,0.4,20,rerate3x2,50,10,0.01,0.0,False,1.0
yerkes_dodson,logei,8,slip,0.4,20,rerate3x2,50,25,0.01,0.0,False,1.0
yerkes_dodson,logei,9,slip,0.01,0,rerate3x2,50,10,0.01,-1.0,False,0.9
yerkes_dodson,logei,9,slip,0.01,0,rerate3x2,50,25,0.01,-7.0,False,0.72
yerkes_dodson,logei,9,slip,0.05,0,rerate3x2,50,10,0.01,0.0,False,1.0
yerkes_dodson,logei,9,slip,0.05,0,rerate3x2,50,25,0.01,-7.0,False,0.72
yerkes_dodson,logei,9,slip,0.15,0,rerate3x2,50,10,0.01,2.0,False,1.2
yerkes_dodson,logei,9,slip,0.15,0,rerate3x2,50,25,0.01,15.0,False,1.6
yerkes_dodson,logei,9,slip,0.4,0,rerate3x2,50,10,0.01,40.0,False,5.0
yerkes_dodson,logei,9,slip,0.4,0,rerate3x2,50,25,0.01,29.0,True,2.16
yerkes_dodson,logei,9,slip,0.01,20,rerate3x2,50,10,0.01,0.0,False,1.0
yerkes_dodson,logei,9,slip,0.01,20,rerate3x2,50,25,0.01,0.0,False,1.0
yerkes_dodson,logei,9,slip,0.05,20,rerate3x2,50,10,0.01,0.0,False,1.0
yerkes_dodson,logei,9,slip,0.05,20,rerate3x2,50,25,0.01,1.0,False,1.04
yerkes_dodson,logei,9,slip,0.15,20,rerate3x2,50,10,0.01,0.0,False,1.0
yerkes_dodson,logei,9,slip,0.15,20,rerate3x2,50,25,0.01,29.0,True,2.16
yerkes_dodson,logei,9,slip,0.4,20,rerate3x2,50,10,0.01,0.0,False,1.0
yerkes_dodson,logei,9,slip,0.4,20,rerate3x2,50,25,0.01,20.0,False,1.8
yerkes_dodson,qnei,10,slip,0.01,0,rerate3x2,50,10,0.01,10.0,False,2.0
yerkes_dodson,qnei,10,slip,0.01,0,rerate3x2,50,25,0.01,18.0,False,1.72
yerkes_dodson,qnei,10,slip,0.05,0,rerate3x2,50,10,0.01,35.0,False,4.5
yerkes_dodson,qnei,10,slip,0.05,0,rerate3x2,50,25,0.01,34.0,True,2.36
yerkes_dodson,qnei,10,slip,0.15,0,rerate3x2,50,10,0.01,41.0,True,5.1
yerkes_dodson,qnei,10,slip,0.15,0,rerate3x2,50,25,0.01,34.0,True,2.36
yerkes_dodson,qnei,10,slip,0.4,0,rerate3x2,50,10,0.01,41.0,True,5.1
yerkes_dodson,qnei,10,slip,0.4,0,rerate3x2,50,25,0.01,34.0,True,2.36
yerkes_dodson,qnei,10,slip,0.01,20,rerate3x2,50,10,0.01,0.0,False,1.0
yerkes_dodson,qnei,10,slip,0.01,20,rerate3x2,50,25,0.01,0.0,False,1.0
yerkes_dodson,qnei,10,slip,0.05,20,rerate3x2,50,10,0.01,0.0,False,1.0
yerkes_dodson,qnei,10,slip,0.05,20,rerate3x2,50,25,0.01,0.0,False,1.0
yerkes_dodson,qnei,10,slip,0.15,20,rerate3x2,50,10,0.01,0.0,False,1.0
yerkes_dodson,qnei,10,slip,0.15,20,rerate3x2,50,25,0.01,0.0,False,1.0
yerkes_dodson,qnei,10,slip,0.4,20,rerate3x2,50,10,0.01,0.0,False,1.0
yerkes_dodson,qnei,10,slip,0.4,20,rerate3x2,50,25,0.01,0.0,False,1.0
yerkes_dodson,qnei,11,slip,0.01,0,rerate3x2,50,10,0.01,3.0,False,1.3
yerkes_dodson,qnei,11,slip,0.01,0,rerate3x2,50,25,0.01,-3.0,False,0.88
yerkes_dodson,qnei,11,slip,0.05,0,rerate3x2,50,10,0.01,-2.0,False,0.8
yerkes_dodson,qnei,11,slip,0.05,0,rerate3x2,50,25,0.01,3.0,False,1.12
yerkes_dodson,qnei,11,slip,0.15,0,rerate3x2,50,10,0.01,-2.0,False,0.8
yerkes_dodson,qnei,11,slip,0.15,0,rerate3x2,50,25,0.01,30.0,True,2.2
yerkes_dodson,qnei,11,slip,0.4,0,rerate3x2,50,10,0.01,41.0,True,5.1
yerkes_dodson,qnei,11,slip,0.4,0,rerate3x2,50,25,0.01,30.0,True,2.2
yerkes_dodson,qnei,11,slip,0.01,20,rerate3x2,50,10,0.01,0.0,False,1.0
yerkes_dodson,qnei,11,slip,0.01,20,rerate3x2,50,25,0.01,0.0,False,1.0
yerkes_dodson,qnei,11,slip,0.05,20,rerate3x2,50,10,0.01,0.0,False,1.0
yerkes_dodson,qnei,11,slip,0.05,20,rerate3x2,50,25,0.01,0.0,False,1.0
yerkes_dodson,qnei,11,slip,0.15,20,rerate3x2,50,10,0.01,0.0,False,1.0
yerkes_dodson,qnei,11,slip,0.15,20,rerate3x2,50,25,0.01,0.0,False,1.0
yerkes_dodson,qnei,11,slip,0.4,20,rerate3x2,50,10,0.01,0.0,False,1.0
yerkes_dodson,qnei,11,slip,0.4,20,rerate3x2,50,25,0.01,0.0,False,1.0
yerkes_dodson,qnei,7,slip,0.01,0,rerate3x2,50,10,0.01,0.0,False,1.0
yerkes_dodson,qnei,7,slip,0.01,0,rerate3x2,50,25,0.01,-1.0,False,0.96
yerkes_dodson,qnei,7,slip,0.05,0,rerate3x2,50,10,0.01,6.0,False,1.6
yerkes_dodson,qnei,7,slip,0.05,0,rerate3x2,50,25,0.01,7.0,False,1.28
yerkes_dodson,qnei,7,slip,0.15,0,rerate3x2,50,10,0.01,31.0,False,4.1
yerkes_dodson,qnei,7,slip,0.15,0,rerate3x2,50,25,0.01,34.0,True,2.36
yerkes_dodson,qnei,7,slip,0.4,0,rerate3x2,50,10,0.01,46.0,True,5.6
yerkes_dodson,qnei,7,slip,0.4,0,rerate3x2,50,25,0.01,34.0,True,2.36
yerkes_dodson,qnei,7,slip,0.01,20,rerate3x2,50,10,0.01,0.0,False,1.0
yerkes_dodson,qnei,7,slip,0.01,20,rerate3x2,50,25,0.01,0.0,False,1.0
yerkes_dodson,qnei,7,slip,0.05,20,rerate3x2,50,10,0.01,0.0,False,1.0
yerkes_dodson,qnei,7,slip,0.05,20,rerate3x2,50,25,0.01,0.0,False,1.0
yerkes_dodson,qnei,7,slip,0.15,20,rerate3x2,50,10,0.01,0.0,False,1.0
yerkes_dodson,qnei,7,slip,0.15,20,rerate3x2,50,25,0.01,0.0,False,1.0
yerkes_dodson,qnei,7,slip,0.4,20,rerate3x2,50,10,0.01,0.0,False,1.0
yerkes_dodson,qnei,7,slip,0.4,20,rerate3x2,50,25,0.01,0.0,False,1.0
yerkes_dodson,qnei,8,slip,0.01,0,rerate3x2,50,10,0.01,3.0,False,1.3
yerkes_dodson,qnei,8,slip,0.01,0,rerate3x2,50,25,0.01,7.0,False,1.28
yerkes_dodson,qnei,8,slip,0.05,0,rerate3x2,50,10,0.01,5.0,False,1.5
yerkes_dodson,qnei,8,slip,0.05,0,rerate3x2,50,25,0.01,31.0,True,2.24
yerkes_dodson,qnei,8,slip,0.15,0,rerate3x2,50,10,0.01,7.0,False,1.7
yerkes_dodson,qnei,8,slip,0.15,0,rerate3x2,50,25,0.01,31.0,True,2.24
yerkes_dodson,qnei,8,slip,0.4,0,rerate3x2,50,10,0.01,41.0,True,5.1
yerkes_dodson,qnei,8,slip,0.4,0,rerate3x2,50,25,0.01,31.0,True,2.24
yerkes_dodson,qnei,8,slip,0.01,20,rerate3x2,50,10,0.01,0.0,False,1.0
yerkes_dodson,qnei,8,slip,0.01,20,rerate3x2,50,25,0.01,0.0,False,1.0
yerkes_dodson,qnei,8,slip,0.05,20,rerate3x2,50,10,0.01,0.0,False,1.0
yerkes_dodson,qnei,8,slip,0.05,20,rerate3x2,50,25,0.01,0.0,False,1.0
yerkes_dodson,qnei,8,slip,0.15,20,rerate3x2,50,10,0.01,0.0,False,1.0
yerkes_dodson,qnei,8,slip,0.15,20,rerate3x2,50,25,0.01,0.0,False,1.0
yerkes_dodson,qnei,8,slip,0.4,20,rerate3x2,50,10,0.01,0.0,False,1.0
yerkes_dodson,qnei,8,slip,0.4,20,rerate3x2,50,25,0.01,0.0,False,1.0
yerkes_dodson,qnei,9,slip,0.01,0,rerate3x2,50,10,0.01,-1.0,False,0.9
yerkes_dodson,qnei,9,slip,0.01,0,rerate3x2,50,25,0.01,-1.0,False,0.96
yerkes_dodson,qnei,9,slip,0.05,0,rerate3x2,50,10,0.01,-1.0,False,0.9
yerkes_dodson,qnei,9,slip,0.05,0,rerate3x2,50,25,0.01,28.0,True,2.12
yerkes_dodson,qnei,9,slip,0.15,0,rerate3x2,50,10,0.01,0.0,False,1.0
yerkes_dodson,qnei,9,slip,0.15,0,rerate3x2,50,25,0.01,28.0,True,2.12
yerkes_dodson,qnei,9,slip,0.4,0,rerate3x2,50,10,0.01,37.0,False,4.7
yerkes_dodson,qnei,9,slip,0.4,0,rerate3x2,50,25,0.01,28.0,True,2.12
yerkes_dodson,qnei,9,slip,0.01,20,rerate3x2,50,10,0.01,0.0,False,1.0
yerkes_dodson,qnei,9,slip,0.01,20,rerate3x2,50,25,0.01,0.0,False,1.0
yerkes_dodson,qnei,9,slip,0.05,20,rerate3x2,50,10,0.01,0.0,False,1.0
yerkes_dodson,qnei,9,slip,0.05,20,rerate3x2,50,25,0.01,28.0,True,2.12
yerkes_dodson,qnei,9,slip,0.15,20,rerate3x2,50,10,0.01,0.0,False,1.0
yerkes_dodson,qnei,9,slip,0.15,20,rerate3x2,50,25,0.01,28.0,True,2.12
yerkes_dodson,qnei,9,slip,0.4,20,rerate3x2,50,10,0.01,0.0,False,1.0
yerkes_dodson,qnei,9,slip,0.4,20,rerate3x2,50,25,0.01,28.0,True,2.12
