dataset,objective,acquisition,oracle_model,error_model,jitter_std,jitter_iteration,seed,param_columns,dim,delta_excess_x0,delta_excess_x1,delta_excess_x2,delta_excess_x3,delta_excess_l2_norm,final_simple_regret_excess_true,final_cum_regret_excess_true,final_avg_regret_excess_true,auc_simple_regret_excess_true,final_inference_simple_regret_excess_true,auc_inference_simple_regret_excess_true,delta_excess_x4,delta_excess_x5,delta_excess_x6,delta_excess_x7,delta_excess_x8,delta_excess_x9,delta_excess_x10
stevens,value,ts,exact,gaussian,0.05,0,7,"x0,x1,x2,x3",4,0.0,0.0,0.0,0.0,0.0,0.0,0.9302255727527395,0.018604511455054762,0.2141854615941945,0.0,0.2781371233977854,,,,,,,
stevens,value,ts,exact,gaussian,0.05,20,7,"x0,x1,x2,x3",4,0.0,0.0,0.0,0.0,0.0,0.0,0.014471815027057744,0.0002894363005411238,0.0,0.0,0.0,,,,,,,
stevens,value,ts,exact,gaussian,0.25,0,7,"x0,x1,x2,x3",4,0.0,0.0,0.0,0.0,0.0,0.0,12.34082694195611,0.24681653883912213,3.489669286402581,0.0011155294105811286,3.749030891040352,,,,,,,
stevens,value,ts,exact,gaussian,0.25,20,7,"x0,x1,x2,x3",4,0.0,0.0,0.0,0.0,0.0,0.0,1.2462394922584146,0.02492478984516827,0.0,0.0,0.0,,,,,,,
stevens,value,ts,exact,gaussian,1.0,0,7,"x0,x1,x2,x3",4,0.0,0.0,0.0,0.0,0.0,0.0,57.97002561710859,1.1594005123421716,13.189521125684173,0.2812123350487057,37.34343154193455,,,,,,,
stevens,value,ts,exact,gaussian,1.0,20,7,"x0,x1,x2,x3",4,0.0,-0.24529955380634438,0.0,0.0,0.24529955380634438,0.0,19.223815936967803,0.38447631873935606,0.0,0.22206916106452868,8.017731031555108,,,,,,,
stevens,value,ts,exact,gaussian,5.0,0,7,"x0,x1,x2,x3",4,0.0,0.0,0.0,0.0,0.0,0.6959586766110712,126.60379650701873,2.5320759301403744,32.447582407003665,1.3570082674551796,113.62967336767436,,,,,,,
stevens,value,ts,exact,gaussian,5.0,20,7,"x0,x1,x2,x3",4,0.0,-0.3977022540157915,0.0,0.0,0.3977022540157915,0.0,84.53408653474621,1.6906817306949242,0.0,2.248876311080881,94.60356514022857,,,,,,,
powell,value,ts,exact,gaussian,0.05,0,7,"x0,x1,x2,x3",4,0.0,0.0,0.0,0.0,0.0,0.0029299402330342783,10.838396731694957,0.2167679346338992,-0.29418388668860374,0.0316200975631562,-0.0967742290864928,,,,,,,
powell,value,ts,exact,gaussian,0.05,20,7,"x0,x1,x2,x3",4,0.02224994921797885,0.0023469070343229426,0.0,0.009721102009858651,0.02439401642035337,-0.002799947316729612,1.5378311983830955,0.030756623967661878,-0.17194534343174928,0.020546438888604412,0.37282094277504996,,,,,,,
powell,value,ts,exact,gaussian,0.25,0,7,"x0,x1,x2,x3",4,0.0,0.0,0.0,0.0,0.0,0.018055461443653664,2.1665040146490924,0.0433300802929818,0.2904072610819197,0.032464667421314264,5.309143283438296,,,,,,,
powell,value,ts,exact,gaussian,0.25,20,7,"x0,x1,x2,x3",4,0.12621880022846244,0.017329746567767534,0.0,0.05471824361145328,0.1386563804198635,-0.0016861394382319261,-0.2132762317193837,-0.004265524634387674,-0.13760222077402418,0.0872531321071992,0.6432129278140102,,,,,,,
powell,value,ts,exact,gaussian,1.0,0,7,"x0,x1,x2,x3",4,0.0,0.0,0.0,0.0,0.0,0.023246459123720586,0.7354403144020054,0.014708806288040055,0.06852766466073401,0.909372963816039,30.288710656573002,,,,,,,
powell,value,ts,exact,gaussian,1.0,20,7,"x0,x1,x2,x3",4,-0.6352516609157446,-0.17986314187025765,8.128854313701126,2.2895573111279086,8.470905533460773,0.0019050356466060459,12.571514887575454,0.25143029775150916,0.12964474927309944,0.08006620863348479,24.758312572435596,,,,,,,
powell,value,ts,exact,gaussian,5.0,0,7,"x0,x1,x2,x3",4,0.0,0.0,0.0,0.0,0.0,0.01772777143067117,-7.542111600820036,-0.15084223201640068,-0.23073856702361617,0.24204909413198972,33.80400689532457,,,,,,,
powell,value,ts,exact,gaussian,5.0,20,7,"x0,x1,x2,x3",4,0.4594368780169137,-3.2391219878933493,0.0,1.1716915171480158,3.4750330226765773,0.012370453108053958,22.1338117933672,0.44267623586734406,0.0014185989425827827,0.5904870896329906,6.537724968389007,,,,,,,
yerkes_dodson,value,ts,exact,gaussian,0.05,0,7,"x0,x1,x2,x3",4,0.0,0.0,0.0,0.0,0.0,0.00900174947951049,33.580339526722014,0.6716067905344405,18.87165306160578,0.00900174947951049,19.040799657331572,,,,,,,
yerkes_dodson,value,ts,exact,gaussian,0.05,20,7,"x0,x1,x2,x3",4,-7.102814169246408e-05,-0.0001303485306944907,-0.00018909853390847164,8.581631016768565e-05,0.00025526149530163603,0.00404529337441728,3.3658215222988446,0.06731643044597702,1.0376302709684353,0.02025144446518512,1.1742132596357528,,,,,,,
yerkes_dodson,value,ts,exact,gaussian,0.25,0,7,"x0,x1,x2,x3",4,0.0,0.0,0.0,0.0,0.0,0.06672555144929815,17.71210525070748,0.35424210501414977,14.136810168875204,0.08024885687780303,14.399023050575156,,,,,,,
yerkes_dodson,value,ts,exact,gaussian,0.25,20,7,"x0,x1,x2,x3",4,-0.0004393483542597387,-0.0008172088106916942,-0.001195127178780564,0.0005036858956450896,0.0015946428037634823,0.05253781828324433,20.48336885856095,0.40966737717121915,1.786381249655392,0.1038385356206728,2.345655063386136,,,,,,,
yerkes_dodson,value,ts,exact,gaussian,1.0,0,7,"x0,x1,x2,x3",4,0.0,0.0,0.0,0.0,0.0,0.7876437756082146,101.29482431277009,2.0258964862554016,40.79927093005324,0.7876437756082146,123.7579552999896,,,,,,,
yerkes_dodson,value,ts,exact,gaussian,1.0,20,7,"x0,x1,x2,x3",4,0.0033181476280880196,0.006289727127302247,0.007871670207072134,-0.004834032900714935,0.01165769432399947,0.058795035375831084,21.565047560943796,0.4313009512188761,2.9283913040847374,0.36322442076213735,7.739817351069153,,,,,,,
yerkes_dodson,value,ts,exact,gaussian,5.0,0,7,"x0,x1,x2,x3",4,0.0,0.0,0.0,0.0,0.0,1.2173323862762948,119.76045882067353,2.395209176413471,43.162558288727695,4.183392927636763,195.93837427237727,,,,,,,
yerkes_dodson,value,ts,exact,gaussian,5.0,20,7,"x0,x1,x2,x3",4,0.021232969457252615,0.05682302666108041,0.03300203164952409,-0.012989827605541238,0.0702678095938414,0.19205198597124884,68.15448343582713,1.3630896687165428,4.4810031906198695,4.1795477679641095,85.29433641109146,,,,,,,
rosenbrock,value,ts,exact,gaussian,0.05,0,7,"x0,x1,x2,x3",4,0.0,0.0,0.0,0.0,0.0,-0.0004494965925538885,7.587618000512254,0.15175236001024517,-0.012553414677086483,0.01560481729868668,0.4500302168349912,,,,,,,
rosenbrock,value,ts,exact,gaussian,0.05,20,7,"x0,x1,x2,x3",4,0.0,-0.06768790195098617,0.05925556894020989,0.0,0.0899604052956315,0.0004687224307393656,0.5050474142307166,0.010100948284614386,0.003515418230545464,0.007514489337246966,0.1549994067204592,,,,,,,
rosenbrock,value,ts,exact,gaussian,0.25,0,7,"x0,x1,x2,x3",4,0.0,0.0,0.0,0.0,0.0,0.0004687224307393656,15.361964671068083,0.3072392934213617,0.003515418230545464,0.02176861151295051,3.342393889227254,,,,,,,
rosenbrock,value,ts,exact,gaussian,0.25,20,7,"x0,x1,x2,x3",4,0.0,-0.36118476811186095,0.3278798911540015,0.0,0.4878110902174925,0.0004687224307393656,5.7317751229019045,0.11463550245803811,0.003515418230545464,0.09591905218493124,1.941719799384126,,,,,,,
rosenbrock,value,ts,exact,gaussian,1.0,0,7,"x0,x1,x2,x3",4,0.0,0.0,0.0,0.0,0.0,0.0004687224307393656,35.02945889732413,0.7005891779464828,0.003515418230545464,0.9240192710170495,45.261622616731565,,,,,,,
rosenbrock,value,ts,exact,gaussian,1.0,20,7,"x0,x1,x2,x3",4,2.7084877254918167,-3.5295520448888653,-0.7434801426396973,0.6969141843008764,4.5642190459593746,-0.0008557324072757666,-2.5096906523345517,-0.050193813046691016,-0.0064179930545682495,0.06730095310974726,4.827226135101504,,,,,,,
rosenbrock,value,ts,exact,gaussian,5.0,0,7,"x0,x1,x2,x3",4,0.0,0.0,0.0,0.0,0.0,0.0004687224307393656,39.50305740438897,0.7900611480877793,0.003515418230545464,0.3319999617862188,18.733642295534683,,,,,,,
rosenbrock,value,ts,exact,gaussian,5.0,20,7,"x0,x1,x2,x3",4,13.380899106227696,-4.628013886871834,13.173667668715101,15.0,24.47473173037599,0.0004687224307393656,15.222614275663222,0.30445228551326453,0.003515418230545464,1.9175774013852713,6.356030295129809,,,,,,,
rastrigin,value,ts,exact,gaussian,0.05,0,7,"x0,x1,x2,x3",4,0.0,0.0,0.0,0.0,0.0,1.1143098957656798,24.35069439916674,0.487013887983335,23.677584983300548,1.1143098957656798,23.677584983300548,,,,,,,
rastrigin,value,ts,exact,gaussian,0.05,20,7,"x0,x1,x2,x3",4,-0.0062260701057534895,-0.0016056781259909947,-0.0306556527538433,-0.013839641528448965,0.03424393193846514,0.8606932005885253,1.672404867709247,0.03344809735418508,16.95471235677492,0.8606932005885253,16.95471235677492,,,,,,,
rastrigin,value,ts,exact,gaussian,0.25,0,7,"x0,x1,x2,x3",4,0.0,0.0,0.0,0.0,0.0,0.27582003553674106,22.820826645832028,0.4564165329166405,-11.433807482167907,0.27582003553674106,-2.680954704405252,,,,,,,
rastrigin,value,ts,exact,gaussian,0.25,20,7,"x0,x1,x2,x3",4,-0.02780873107607551,-0.009333836079718605,-0.1806386781201894,-0.0773675257286004,0.19868697010725084,0.7817704398040126,4.476971797219875,0.08953943594439773,8.582244465592694,1.899268436656317,15.84598144513268,,,,,,,
rastrigin,value,ts,exact,gaussian,1.0,0,7,"x0,x1,x2,x3",4,0.0,0.0,0.0,0.0,0.0,0.5017761408334773,35.44580534597594,0.7089161069195189,14.713538396962846,1.7893977406507218,80.07318354360619,,,,,,,
rastrigin,value,ts,exact,gaussian,1.0,20,7,"x0,x1,x2,x3",4,1.5893245315839226,1.3485837650718295,3.480380024507898,1.4303948399365816,4.301593327038316,0.947630550418521,-3.1814870001827273,-0.06362974000365451,11.8036485790888,0.947630550418521,13.306609414468511,,,,,,,
rastrigin,value,ts,exact,gaussian,5.0,0,7,"x0,x1,x2,x3",4,0.0,0.0,0.0,0.0,0.0,1.4914483754117316,37.904908166043754,0.7580981633208754,28.074113563769274,4.2698711570317975,120.50111820707788,,,,,,,
rastrigin,value,ts,exact,gaussian,5.0,20,7,"x0,x1,x2,x3",4,-3.4449209636956213,-4.335521504606845,2.3713892862888395,3.430496115241175,6.932244795650847,1.228353415938301,28.46498231045993,0.5692996462091986,19.52352738088277,3.6581568314314477,103.59806460614861,,,,,,,
ackley,value,ts,exact,gaussian,0.05,0,7,"x0,x1,x2,x3",4,0.0,0.0,0.0,0.0,0.0,-4.631880426701768,-12.310069183609016,-0.24620138367218303,-166.84776439775828,-4.631880426701768,-166.84776439775828,,,,,,,
ackley,value,ts,exact,gaussian,0.05,20,7,"x0,x1,x2,x3",4,-0.38099328514316966,0.0,0.17823307747584138,-0.2281919318577934,0.4785336675675868,-0.2253567878813687,8.594492322121141,0.1718898464424221,-12.001121733005448,-0.2253567878813687,-12.001121733005448,,,,,,,
ackley,value,ts,exact,gaussian,0.25,0,7,"x0,x1,x2,x3",4,0.0,0.0,0.0,0.0,0.0,0.9067947767256612,10.417559385702816,0.20835118771405448,30.322200015914405,0.9067947767256612,30.322200015914405,,,,,,,
ackley,value,ts,exact,gaussian,0.25,20,7,"x0,x1,x2,x3",4,-2.2069182873641253,0.0,0.9542456647221211,-1.0472581664582261,2.6225603487730482,-2.477408595818547,-9.83212011138562,-0.19664240222771312,0.7177970087781205,-2.477408595818547,0.7177970087781205,,,,,,,
ackley,value,ts,exact,gaussian,1.0,0,7,"x0,x1,x2,x3",4,0.0,0.0,0.0,0.0,0.0,9.86187530954645,112.84799265293577,2.2569598530587136,227.6160158856278,9.86187530954645,256.91119705859023,,,,,,,
ackley,value,ts,exact,gaussian,1.0,20,7,"x0,x1,x2,x3",4,9.449732900938265,-5.536791063884522,-9.808514921880908,44.87369713772627,47.22085521213407,1.3931220736717336,29.284594343791582,0.5856918868758285,86.63577267197172,3.8839733922543367,115.79498633185415,,,,,,,
ackley,value,ts,exact,gaussian,5.0,0,7,"x0,x1,x2,x3",4,0.0,0.0,0.0,0.0,0.0,8.142393303159515,104.24250030678559,2.08485000613571,198.07022088782094,12.904094964121546,351.4024300232853,,,,,,,
ackley,value,ts,exact,gaussian,5.0,20,7,"x0,x1,x2,x3",4,9.449732900938265,-55.61612850892796,-6.407667473588049,18.595451862819885,59.74362086997401,8.69867914257467,108.48645014490216,2.169729002898041,182.79663798507966,13.362255687256825,263.0218532834451,,,,,,,
shekel,value,ts,exact,gaussian,0.05,0,7,"x0,x1,x2,x3",4,0.0,0.0,0.0,0.0,0.0,-10.85822191253662,-17.506731825807492,-0.3501346365161453,-72.8041401246669,-10.85822191253662,-72.8041401246669,,,,,,,
shekel,value,ts,exact,gaussian,0.05,20,7,"x0,x1,x2,x3",4,0.9794591883508783,0.447875573803973,0.9774283013237373,1.6419149026400017,2.193441009691196,-8.001257898656547,-41.84136981433903,-0.8368273962867789,-33.97355008105251,-8.001257898656547,-33.97355008105251,,,,,,,
shekel,value,ts,exact,gaussian,0.25,0,7,"x0,x1,x2,x3",4,0.0,0.0,0.0,0.0,0.0,-7.616039575259741,-55.179686718790435,-1.1035937343758064,-178.41591761251038,-7.616039575259741,-178.05988630311867,,,,,,,
shekel,value,ts,exact,gaussian,0.25,20,7,"x0,x1,x2,x3",4,0.9685420702829584,0.4296600178733305,0.9677085226804252,1.5976809042790254,2.1474928473997497,-2.0095530068622054,-39.24313476476709,-0.7848626952953381,-32.58223599956864,-1.949171698466543,-31.948232261413978,,,,,,,
shekel,value,ts,exact,gaussian,1.0,0,7,"x0,x1,x2,x3",4,0.0,0.0,0.0,0.0,0.0,5.875148983479939,48.527915663845306,0.9705583132769107,179.92665344344914,6.913827225870165,230.29598431338354,,,,,,,
shekel,value,ts,exact,gaussian,1.0,20,7,"x0,x1,x2,x3",4,-4.825057349879708,-3.9306000993287826,1.3235425701190477,0.8377737120414022,6.417509275254426,-6.845805055391963,-17.391102728806345,-0.34782205457612747,26.24959340362193,-6.845805055391963,26.290619936266467,,,,,,,
shekel,value,ts,exact,gaussian,5.0,0,7,"x0,x1,x2,x3",4,0.0,0.0,0.0,0.0,0.0,7.182361481705769,72.47400249258635,1.4494800498517293,189.94795790227727,8.591155456133954,277.6954741676959,,,,,,,
shekel,value,ts,exact,gaussian,5.0,20,7,"x0,x1,x2,x3",4,-4.849014309232349,-3.9306000993287826,3.1070595797467444,0.36220702129830773,6.981946008840037,4.639146406140277,61.54673218662765,1.230934643732553,111.00047100754409,8.846216677455722,229.46305967808257,,,,,,,
schwefel,value,ts,exact,gaussian,0.05,0,7,"x0,x1,x2,x3",4,0.0,0.0,0.0,0.0,0.0,0.33158983343435633,11.363619720791007,0.22727239441582014,4.381721550776717,0.33158983343435633,4.381721550776717,,,,,,,
schwefel,value,ts,exact,gaussian,0.05,20,7,"x0,x1,x2,x3",4,-0.11173425823744765,0.0,-0.2342456745929553,-0.5128228789526474,0.5747546308701331,-0.0019566485286541813,16.13530478567509,0.3227060957135022,-2.2948931838338638,-0.0019566485286541813,-2.2948931838338638,,,,,,,
schwefel,value,ts,exact,gaussian,0.25,0,7,"x0,x1,x2,x3",4,0.0,0.0,0.0,0.0,0.0,0.10332925259209924,12.174059383963737,0.24348118767927485,-3.2756513447176587,0.2259993957373596,-1.3615502208847943,,,,,,,
schwefel,value,ts,exact,gaussian,0.25,20,7,"x0,x1,x2,x3",4,-1.4361770793052528,0.0,-1.8654426228980583,-3.3374452920182023,4.084240671123706,0.05685842388171336,16.33835464913048,0.3267670929826094,1.3475975087864072,0.05685842388171336,1.3475975087864072,,,,,,,
schwefel,value,ts,exact,gaussian,1.0,0,7,"x0,x1,x2,x3",4,0.0,0.0,0.0,0.0,0.0,-0.1373361417850698,7.477799481343425,0.14955598962686878,7.392894861328273,0.14727470140979815,40.619734239708265,,,,,,,
schwefel,value,ts,exact,gaussian,1.0,20,7,"x0,x1,x2,x3",4,649.0694290271274,198.6089503816271,492.67031586610267,-143.8107829616012,850.9654636358205,0.08467314635728895,5.069146980101635,0.1013829396020327,0.43217868487022315,0.7162057581438406,12.40713366580161,,,,,,,
schwefel,value,ts,exact,gaussian,5.0,0,7,"x0,x1,x2,x3",4,0.0,0.0,0.0,0.0,0.0,-0.2757532171452639,-3.166926769790564,-0.06333853539581114,-13.192868260676335,0.9965422330439466,42.39918703415532,,,,,,,
schwefel,value,ts,exact,gaussian,5.0,20,7,"x0,x1,x2,x3",4,-43.79465016337883,944.0923895544432,344.91969392137156,-362.79359718046544,1069.493899378349,0.1534964236974865,5.9146082907054165,0.11829216581410851,0.9190670850060201,1.2790247940979143,7.6637953872696585,,,,,,,
griewank,value,ts,exact,gaussian,0.05,0,7,"x0,x1,x2,x3,x4,x5",6,0.0,0.0,0.0,0.0,0.0,0.004414426787319403,-9.933600784525026,-0.19867201569050064,-3.9981656514365014,0.019990415354803837,-3.1314466410085586,0.0,0.0,,,,,
griewank,value,ts,exact,gaussian,0.05,20,7,"x0,x1,x2,x3,x4,x5",6,0.9774638304415362,4.261059370137261,2.066202011824771,3.0366166558431473,8.812737955362937,0.00458908728291485,-3.720802298660672,-0.0744160459732135,-0.14229616912590615,0.027943231310516126,0.196338919274325,0.0,-6.712827742913248,,,,,
griewank,value,ts,exact,gaussian,0.25,0,7,"x0,x1,x2,x3,x4,x5",6,0.0,0.0,0.0,0.0,0.0,0.015332571231994052,0.17741768032712457,0.003548353606542598,5.395276148391254,0.22466605107152882,10.58565712440393,0.0,0.0,,,,,
griewank,value,ts,exact,gaussian,0.25,20,7,"x0,x1,x2,x3,x4,x5",6,8.203120237286726,25.547413411538002,13.671352936235223,17.565864224665575,53.492018270821816,0.09803840164469646,4.564291055174181,0.09128582110348349,-1.4779912638083843,0.25439583178338987,0.7214846542247315,0.0,-40.570543846145654,,,,,
griewank,value,ts,exact,gaussian,1.0,0,7,"x0,x1,x2,x3,x4,x5",6,0.0,0.0,0.0,0.0,0.0,0.2672081639708397,58.98622258360669,1.1797244516721337,-1.1693948399880725,1.3199787317592735,21.64299941467096,0.0,0.0,,,,,
griewank,value,ts,exact,gaussian,1.0,20,7,"x0,x1,x2,x3,x4,x5",6,-1065.620365600309,504.98250745669606,179.13485391201,653.3964873954501,1536.0064832798382,0.05617495270428874,23.764216045493328,0.4752843209098665,-5.097883906885642,0.20907397095662272,-2.8594911865905175,-227.02819960274974,676.9074908853141,,,,,
griewank,value,ts,exact,gaussian,5.0,0,7,"x0,x1,x2,x3,x4,x5",6,0.0,0.0,0.0,0.0,0.0,1.643763007208271,81.29568281634806,1.6259136563269614,45.85632515379158,4.6957988550492065,150.61666064570133,0.0,0.0,,,,,
griewank,value,ts,exact,gaussian,5.0,20,7,"x0,x1,x2,x3,x4,x5",6,-1004.7497457522632,81.71210895957046,734.7477404218653,719.6894953122787,1587.3504594866358,1.9424107845728071,111.49010715809652,2.2298021431619306,49.40409079371265,2.986754776835309,110.0487157223709,-414.7885920355078,-523.0925091146859,,,,,
michalewicz,value,ts,exact,gaussian,0.05,0,7,"x0,x1,x2,x3,x4",5,0.0,0.0,0.0,0.0,0.0,0.25711737161988957,2.248807090243588,0.04497614180487197,24.519708040240005,0.25711737161988957,24.519708040240005,0.0,,,,,,
michalewicz,value,ts,exact,gaussian,0.05,20,7,"x0,x1,x2,x3,x4",5,0.004000003762371196,-0.0050875346570316005,-0.001334941743088791,-0.0004925224379042081,0.006626287557506195,0.0,-16.848797894639176,-0.33697595789278356,0.0,0.0,0.0,0.0,,,,,,
michalewicz,value,ts,exact,gaussian,0.25,0,7,"x0,x1,x2,x3,x4",5,0.0,0.0,0.0,0.0,0.0,-0.3167501014202756,6.907140264492796,0.13814280528985634,3.7381749529025114,-0.3167501014202756,3.7542759343629086,0.0,,,,,,
michalewicz,value,ts,exact,gaussian,0.25,20,7,"x0,x1,x2,x3,x4",5,0.026790304400024056,-0.03374309964594957,-0.008770539213339923,-0.002967532725329125,0.04406864863064288,-1.1239553783658263,-14.277836460350159,-0.2855567292070029,-30.908772905060147,-1.1239553783658263,-30.908772905060147,0.0,,,,,,
michalewicz,value,ts,exact,gaussian,1.0,0,7,"x0,x1,x2,x3,x4",5,0.0,0.0,0.0,0.0,0.0,0.34235061470394257,25.588956974017776,0.511779139480355,30.963812826387368,1.2241286547928016,49.9220406882979,0.0,,,,,,
michalewicz,value,ts,exact,gaussian,1.0,20,7,"x0,x1,x2,x3,x4",5,-0.036639460686293535,-0.9382698017398301,0.5757089421654862,-0.5595061832727874,1.3371708471003503,0.0,18.257371121733172,0.3651474224346636,0.0,2.152550337508698,26.906879218858762,0.5117081670141688,,,,,,
michalewicz,value,ts,exact,gaussian,5.0,0,7,"x0,x1,x2,x3,x4",5,0.0,0.0,0.0,0.0,0.0,-0.8437909660226408,-2.3706524997062957,-0.04741304999412588,-39.23962904251866,3.7922018711802714,47.151643105353514,0.0,,,,,,
michalewicz,value,ts,exact,gaussian,5.0,20,7,"x0,x1,x2,x3,x4",5,-0.882074458346393,-0.37829803045696053,-1.7813177113362118,-0.20171409638420457,2.7602313461891907,0.0,17.207422986278573,0.34414845972557195,0.0,0.6104614740924355,90.62675691194227,1.866529123579517,,,,,,
hartmann_6,value,ts,exact,gaussian,0.05,0,7,"x0,x1,x2,x3,x4,x5",6,0.0,0.0,0.0,0.0,0.0,-3.195966417697629,-95.99946382939106,-1.9199892765878213,-166.32616966852282,-3.195966417697629,-166.24315290854457,0.0,0.0,,,,,
hartmann_6,value,ts,exact,gaussian,0.05,20,7,"x0,x1,x2,x3,x4,x5",6,0.03399032112859679,0.6552955993518791,0.14587773852940544,0.0,1.169916774916001,-3.159022313591329,-15.18293835881019,-0.3036587671762039,10.781474843373871,-3.159022313591329,10.812624707913074,-0.9203936915761073,0.26406956219516386,,,,,
hartmann_6,value,ts,exact,gaussian,0.25,0,7,"x0,x1,x2,x3,x4,x5",6,0.0,0.0,0.0,0.0,0.0,-2.5182553751874694,-12.97630749942789,-0.2595261499885577,8.369878006930264,-2.5182553751874694,16.415020471175012,0.0,0.0,,,,,
hartmann_6,value,ts,exact,gaussian,0.25,20,7,"x0,x1,x2,x3,x4,x5",6,-0.5314306863016206,-0.14210682484784476,-0.5044855822138242,-0.657043499387065,1.0485394101221241,-1.7781764534060063,-15.412095714941302,-0.30824191429882664,1.96516053157859,-1.7781764534060063,2.503697370970258,0.07960630842389271,-0.3229132135398044,,,,,
hartmann_6,value,ts,exact,gaussian,1.0,0,7,"x0,x1,x2,x3,x4,x5",6,0.0,0.0,0.0,0.0,0.0,0.31878649219551924,11.136652595562907,0.22273305191125825,-58.630873032418805,0.31878649219551924,-48.461948483067545,0.0,0.0,,,,,
hartmann_6,value,ts,exact,gaussian,1.0,20,7,"x0,x1,x2,x3,x4,x5",6,-0.0701996509179259,0.3098091629127392,-0.7557876788888068,-0.632920952338674,1.2555551176185502,-0.11507857543871314,9.277242988283774,0.1855448597656748,-30.159194150736766,-0.11507857543871314,-28.834107014137942,-0.6320063718163078,-0.3229132135398044,,,,,
hartmann_6,value,ts,exact,gaussian,5.0,0,7,"x0,x1,x2,x3,x4,x5",6,0.0,0.0,0.0,0.0,0.0,-0.5661670657382301,32.677280072693236,0.6535456014538639,29.434592811529626,4.725591849654596,105.45158164123939,0.0,0.0,,,,,
hartmann_6,value,ts,exact,gaussian,5.0,20,7,"x0,x1,x2,x3,x4,x5",6,-0.4332553628980503,0.6552955993518791,0.14587773852940544,-0.5430520756772397,1.0217233046794787,2.5569649835623283,39.873555994053845,0.7974711198810773,32.39163485435108,3.194928508169336,93.5117958628473,0.07960630842389271,-0.3229132135398044,,,,,
branin,value,ts,exact,gaussian,0.05,0,7,"x0,x1",2,0.0,0.0,,,0.0,8.119459697164544e-05,-0.8760321135541513,-0.017520642271083076,-0.041984649871570134,0.0062478742316147695,0.9351369699710377,,,,,,,
branin,value,ts,exact,gaussian,0.05,20,7,"x0,x1",2,-0.014672986126920584,0.0005769904111359025,,,0.01468432633168259,0.000354190998318904,1.468636444564428,0.029372728891288558,0.005649281250309279,0.004839042395778037,0.12898269468043644,,,,,,,
branin,value,ts,exact,gaussian,0.25,0,7,"x0,x1",2,0.0,0.0,,,0.0,0.0007245908373214593,8.964083182676445,0.17928166365352888,1.1810061165891783,0.02942825702806484,4.181608788845718,,,,,,,
branin,value,ts,exact,gaussian,0.25,20,7,"x0,x1",2,6.82415476098747,5.847932675926241,,,8.98706875371908,0.0034636467172450836,3.6887060336169615,0.07377412067233918,0.11891647617824042,0.046974226493635696,0.8865979793360612,,,,,,,
branin,value,ts,exact,gaussian,1.0,0,7,"x0,x1",2,0.0,0.0,,,0.0,0.07460157540960055,12.65780523421716,0.25315610468434313,6.52142556245558,0.20969183300826755,14.146593079341441,,,,,,,
branin,value,ts,exact,gaussian,1.0,20,7,"x0,x1",2,0.021886321947860665,0.332514453774591,,,0.3332339614406371,0.005561207694396275,10.971307223282702,0.219426144465654,0.15404925708851547,0.24724876585726485,3.2437496244084514,,,,,,,
branin,value,ts,exact,gaussian,5.0,0,7,"x0,x1",2,0.0,0.0,,,0.0,0.04131438597989967,33.508615468657545,0.670172309373151,6.226639805855447,0.24283557599679972,23.98549891896819,,,,,,,
branin,value,ts,exact,gaussian,5.0,20,7,"x0,x1",2,1.2955314505925015,-0.24775125220573502,,,1.319008120689111,0.005561207694396275,26.08115169400228,0.5216230338800456,0.15404925708851547,0.9750698475779196,11.049163272861792,,,,,,,
eggholder,value,ts,exact,gaussian,0.05,0,7,"x0,x1",2,0.0,0.0,,,0.0,-0.08240262231257045,9.007778451744286,0.18015556903488594,-9.058343366817219,-0.06208215578970799,-9.048183133555789,,,,,,,
eggholder,value,ts,exact,gaussian,0.05,20,7,"x0,x1",2,0.0,0.0,,,0.0,0.00048981046467933,-5.121987474791524,-0.10243974949583023,1.329092225543576,0.01836467915829232,1.3737793972776018,,,,,,,
eggholder,value,ts,exact,gaussian,0.25,0,7,"x0,x1",2,0.0,0.0,,,0.0,-0.1821165718511475,-2.6133408417413477,-0.05226681683482681,-1.554371999054169,-0.1821165718511475,-0.580718482119849,,,,,,,
eggholder,value,ts,exact,gaussian,0.25,20,7,"x0,x1",2,0.0,0.0,,,0.0,0.011973011509529119,0.016183948614184374,0.0003236789722835809,0.8886803009401945,0.09841123596756152,2.314911004497745,,,,,,,
eggholder,value,ts,exact,gaussian,1.0,0,7,"x0,x1",2,0.0,0.0,,,0.0,0.7445633996669243,7.499430119793175,0.14998860239586342,8.335017375607151,1.4549089485097442,52.62538850654427,,,,,,,
eggholder,value,ts,exact,gaussian,1.0,20,7,"x0,x1",2,-1024.0,-48.68417459568502,,,1025.156646008825,-0.28692817200004495,13.432018260389867,0.2686403652077973,7.554952918597095,0.05681300121996946,8.792699623694162,,,,,,,
eggholder,value,ts,exact,gaussian,5.0,0,7,"x0,x1",2,0.0,0.0,,,0.0,1.0177973803788545,26.21428056024945,0.5242856112049892,26.49079928759585,4.766371762873154,137.26484606696664,,,,,,,
eggholder,value,ts,exact,gaussian,5.0,20,7,"x0,x1",2,-1024.0,-180.17749141577883,,,1039.7306999472908,0.9394932089236461,29.06253780524358,0.5812507561048714,26.14327340473409,4.027549571119157,82.26759877727599,,,,,,,
hicks_law,value,ts,exact,gaussian,0.05,0,7,"x0,x1,x2,x3",4,0.0,0.0,0.0,0.0,0.0,0.0,8.022413499797302,0.16044826999594597,0.19492231854916753,0.0,0.19492231854916753,,,,,,,
hicks_law,value,ts,exact,gaussian,0.05,20,7,"x0,x1,x2,x3",4,0.0,-0.05361169271996946,0.0,0.0,0.05361169271996946,0.0,0.01961231618127357,0.00039224632362544476,0.0,0.0,0.0,,,,,,,
hicks_law,value,ts,exact,gaussian,0.25,0,7,"x0,x1,x2,x3",4,0.0,0.0,0.0,0.0,0.0,0.0,10.39960785491477,0.20799215709829533,1.9465187245939646,0.0,2.1435237826614255,,,,,,,
hicks_law,value,ts,exact,gaussian,0.25,20,7,"x0,x1,x2,x3",4,0.0,0.7479434414528479,0.0,0.0,0.7479434414528479,0.0,0.9476663882140599,0.018953327764281158,0.0,0.0,0.0,,,,,,,
hicks_law,value,ts,exact,gaussian,1.0,0,7,"x0,x1,x2,x3",4,0.0,0.0,0.0,0.0,0.0,0.0,66.5405340541758,1.3308106810835163,53.858061615761606,0.0,74.61017205920797,,,,,,,
hicks_law,value,ts,exact,gaussian,1.0,20,7,"x0,x1,x2,x3",4,0.0,4.463101459795347,0.0,0.0,4.463101459795347,0.0,17.15080201696332,0.34301604033926625,0.0,0.0,0.0,,,,,,,
hicks_law,value,ts,exact,gaussian,5.0,0,7,"x0,x1,x2,x3",4,0.0,0.0,0.0,0.0,0.0,2.677129804045388,208.78751224370083,4.175750244874017,112.19839260881943,5.426124532379818,181.65707652471548,,,,,,,
hicks_law,value,ts,exact,gaussian,5.0,20,7,"x0,x1,x2,x3",4,0.0,4.463101459795347,0.0,0.0,4.463101459795347,0.0,96.47443464985702,1.9294886929971407,0.0,3.5385133457301476,32.016190571672176,,,,,,,
moving_peaks,value,ts,exact,gaussian,0.05,0,7,"x0,x1,x2,x3",4,0.0,0.0,0.0,0.0,0.0,-0.429699002627679,-6.769889637789433,-0.13539779275578878,-8.035799582574661,-0.429699002627679,-7.704926003403578,,,,,,,
moving_peaks,value,ts,exact,gaussian,0.05,20,7,"x0,x1,x2,x3",4,-0.0013834001540622975,0.001972031652422601,-0.01099548710767928,0.0029163067117949915,0.011627909803434922,-0.721835379073996,-10.3999357042145,-0.20799871408428983,-10.900620856911864,-0.721835379073996,-10.900620856911864,,,,,,,
moving_peaks,value,ts,exact,gaussian,0.25,0,7,"x0,x1,x2,x3",4,0.0,0.0,0.0,0.0,0.0,-0.8625471611407092,-13.511510503881723,-0.2702302100776346,-14.689112890092858,-0.4716671692917316,0.5917040518928189,,,,,,,
moving_peaks,value,ts,exact,gaussian,0.25,20,7,"x0,x1,x2,x3",4,-0.008578220702448902,0.010229044637735663,-0.06696337879850689,0.021936285149545043,0.0717182956496819,-0.7664442154325315,-9.492060779976953,-0.18984121559953904,-16.478550631799422,-0.7664442154325315,-16.478550631799422,,,,,,,
moving_peaks,value,ts,exact,gaussian,1.0,0,7,"x0,x1,x2,x3",4,0.0,0.0,0.0,0.0,0.0,0.09311566057423093,38.05145724806121,0.7610291449612241,3.4918372715336545,1.5481987843186287,88.30347306399977,,,,,,,
moving_peaks,value,ts,exact,gaussian,1.0,20,7,"x0,x1,x2,x3",4,-0.28605303345265387,0.13367933890816375,-0.9327663640547661,-0.17625353889825612,1.0004073687675916,-0.08653277150275196,21.51512168526949,0.43030243370539,-0.9951268722816167,0.25048187991837145,3.6319872588163946,,,,,,,
moving_peaks,value,ts,exact,gaussian,5.0,0,7,"x0,x1,x2,x3",4,0.0,0.0,0.0,0.0,0.0,-0.008409916070965862,29.767950445128065,0.5953590089025611,1.81666525688793,0.8618610987084943,94.28487597565464,,,,,,,
moving_peaks,value,ts,exact,gaussian,5.0,20,7,"x0,x1,x2,x3",4,-0.28605303345265387,0.046240147357426875,-0.9327663640547661,-0.7701219736941337,1.2438269306674454,0.0,20.887922447921966,0.4177584489584394,0.0,1.1768101459874265,60.99785519138368,,,,,,,
weber_fechner,value,ts,exact,gaussian,0.05,0,7,"x0,x1,x2,x3",4,0.0,0.0,0.0,0.0,0.0,0.0,6.151726429971447,0.12303452859942898,0.5622625613416563,0.0,1.5730652016727351,,,,,,,
weber_fechner,value,ts,exact,gaussian,0.05,20,7,"x0,x1,x2,x3",4,0.0,0.002256109433693587,-0.00919203032999516,0.0,0.009464853478229451,0.0,-3.6658045664870045,-0.07331609132974004,0.0,0.0,0.0,,,,,,,
weber_fechner,value,ts,exact,gaussian,0.25,0,7,"x0,x1,x2,x3",4,0.0,0.0,0.0,0.0,0.0,0.06243016230259135,31.65975629633553,0.6331951259267106,5.576854173436249,0.1895643182481983,9.92080919220964,,,,,,,
weber_fechner,value,ts,exact,gaussian,0.25,20,7,"x0,x1,x2,x3",4,0.0,-0.01053803002006215,-0.05867657628087075,0.0,0.05961535608170579,0.0,7.165613529162101,0.14331227058324203,0.0,0.1060952475845065,1.4794647685993052,,,,,,,
weber_fechner,value,ts,exact,gaussian,1.0,0,7,"x0,x1,x2,x3",4,0.0,0.0,0.0,0.0,0.0,0.0,20.63410740826074,0.41268214816521476,4.799673361635177,0.45941740520567853,16.606549735472434,,,,,,,
weber_fechner,value,ts,exact,gaussian,1.0,20,7,"x0,x1,x2,x3",4,0.0,-0.15649544956628836,0.041966157875944265,0.0,0.16202464053909635,0.0,18.15103372703063,0.3630206745406126,0.0,0.31954457670956393,6.361397819878659,,,,,,,
weber_fechner,value,ts,exact,gaussian,5.0,0,7,"x0,x1,x2,x3",4,0.0,0.0,0.0,0.0,0.0,0.015617297012854525,97.22934108843452,1.9445868217686904,4.893514290583903,3.1619910481845412,100.26517271489296,,,,,,,
weber_fechner,value,ts,exact,gaussian,5.0,20,7,"x0,x1,x2,x3",4,-1.0,-0.13670020183387888,-0.24440322138332382,0.0,1.0384699705836318,0.0,63.781783174846595,1.275635663496932,0.0,0.8779069155407404,79.7169450618544,,,,,,,
hartmann_3,value,ts,exact,gaussian,0.05,0,7,"x0,x1,x2",3,0.0,0.0,0.0,,0.0,0.001893758410467239,7.669760584723136,0.1533952116944628,6.471232784361799,0.011945831517321537,7.259427732176789,,,,,,,
hartmann_3,value,ts,exact,gaussian,0.05,20,7,"x0,x1,x2",3,0.0,0.0014330603942480646,-0.0007265197138736079,,0.001606702520135388,-0.007595442118563334,0.00014704671771426092,2.940934354267455e-06,-0.06719917566617184,0.0026730595341293295,0.06410621273133899,,,,,,,
hartmann_3,value,ts,exact,gaussian,0.25,0,7,"x0,x1,x2",3,0.0,0.0,0.0,,0.0,0.030802650031539702,13.498840207724392,0.2699768041544879,2.7389302123866415,0.10022510584357214,4.695258097966718,,,,,,,
hartmann_3,value,ts,exact,gaussian,0.25,20,7,"x0,x1,x2",3,0.0,0.014550250681637733,-0.006579450827126299,,0.01596868711212892,0.0006639958139142976,1.9794900071678612,0.03958980014335722,0.01086602414563842,0.0354844064252231,0.24314696233540545,,,,,,,
hartmann_3,value,ts,exact,gaussian,1.0,0,7,"x0,x1,x2",3,0.0,0.0,0.0,,0.0,0.20305923351446653,105.35627107562627,2.1071254215125252,51.08448137883915,0.5843120989449782,102.46018900203902,,,,,,,
hartmann_3,value,ts,exact,gaussian,1.0,20,7,"x0,x1,x2",3,0.0,0.02519861890964381,-0.03242174023491806,,0.04106263063679631,0.0009614092747272096,16.69844860902817,0.3339689721805633,0.018747480857179255,0.31206298756952977,6.589866523293232,,,,,,,
hartmann_3,value,ts,exact,gaussian,5.0,0,7,"x0,x1,x2",3,0.0,0.0,0.0,,0.0,1.7945865879404705,130.4545650239104,2.609091300478208,71.2593067331419,3.3949658975897754,145.3972844288319,,,,,,,
hartmann_3,value,ts,exact,gaussian,5.0,20,7,"x0,x1,x2",3,0.43424403560892244,0.06841123310969843,0.07997738859700909,,0.4468158031720785,0.0009614092747272096,63.00150235576273,1.2600300471152548,0.018747480857179255,1.7125944122471535,26.543214739680543,,,,,,,
power_law_practice,value,ts,exact,gaussian,0.05,0,7,"x0,x1,x2,x3",4,0.0,0.0,0.0,0.0,0.0,0.0,-0.05769746089814021,-0.001153949217962802,-0.08223931325131328,0.0,0.02643084476793245,,,,,,,
power_law_practice,value,ts,exact,gaussian,0.05,20,7,"x0,x1,x2,x3",4,0.0,0.0,0.0,0.0,0.0,0.0,0.040488741742700896,0.0008097748348540046,0.0,0.0,0.0,,,,,,,
power_law_practice,value,ts,exact,gaussian,0.25,0,7,"x0,x1,x2,x3",4,0.0,0.0,0.0,0.0,0.0,0.0,29.039528914154282,0.5807905782830856,-0.07031361373733613,0.2524270447921355,12.45102839364682,,,,,,,
power_law_practice,value,ts,exact,gaussian,0.25,20,7,"x0,x1,x2,x3",4,0.0,0.0,0.0,0.0,0.0,0.0,19.99602407636204,0.39992048152724086,0.0,0.35180807183982177,2.286752466958842,,,,,,,
power_law_practice,value,ts,exact,gaussian,1.0,0,7,"x0,x1,x2,x3",4,0.0,0.0,0.0,0.0,0.0,0.23907848324074954,59.2282457831948,1.184564915663896,11.807653317216314,0.7904485732884381,37.497106409437926,,,,,,,
power_law_practice,value,ts,exact,gaussian,1.0,20,7,"x0,x1,x2,x3",4,0.0,0.0,0.0,0.0,0.0,0.0,27.309120592936026,0.5461824118587204,0.0,0.0,0.0,,,,,,,
power_law_practice,value,ts,exact,gaussian,5.0,0,7,"x0,x1,x2,x3",4,0.0,0.0,0.0,0.0,0.0,0.3648049007557632,83.25893603456191,1.665178720691238,15.139403381364176,0.6773871647056104,32.804891417811994,,,,,,,
power_law_practice,value,ts,exact,gaussian,5.0,20,7,"x0,x1,x2,x3",4,-0.9225415373161704,-1.0,0.0,0.0,1.3605450702103488,0.0,62.20820089747662,1.2441640179495326,0.0,1.5830853723724654,19.72458609696841,,,,,,,
steering_law,value,ts,exact,gaussian,0.05,0,7,"x0,x1,x2,x3",4,0.0,0.0,0.0,0.0,0.0,0.002170850628449239,-2.051240299290468,-0.041024805985809376,0.6553464699372356,0.020825044643700608,1.567775719870932,,,,,,,
steering_law,value,ts,exact,gaussian,0.05,20,7,"x0,x1,x2,x3",4,0.013630195802493139,-0.00428966844858758,0.0,-0.0035426888371680176,0.014721893125889219,1.2957255224321784e-07,-0.3603506791849753,-0.0072070135836995175,1.3605117974435643e-06,0.0016541879961462502,0.020481004978254447,,,,,,,
steering_law,value,ts,exact,gaussian,0.25,0,7,"x0,x1,x2,x3",4,0.0,0.0,0.0,0.0,0.0,0.0007266610480929359,7.9208813318845195,0.15841762663769038,-2.1730220395440174,0.0605654587566089,6.680209115591635,,,,,,,
steering_law,value,ts,exact,gaussian,0.25,20,7,"x0,x1,x2,x3",4,0.02299179809021923,-0.035424121174910825,0.0,-0.2956815174998254,0.29868219051599937,1.2957255224321784e-07,5.621047991953525,0.11242095983907047,1.3605117974435643e-06,0.006684822173728788,0.053121410638818034,,,,,,,
steering_law,value,ts,exact,gaussian,1.0,0,7,"x0,x1,x2,x3",4,0.0,0.0,0.0,0.0,0.0,0.0026919762849140216,42.958371527077034,0.8591674305415407,2.845855894143,0.11565678885695085,23.71827846369229,,,,,,,
steering_law,value,ts,exact,gaussian,1.0,20,7,"x0,x1,x2,x3",4,0.2960013506067609,-0.03634876127856982,0.0,-0.6475540770704916,0.712926584395707,1.2957255224321784e-07,20.25651943308399,0.40513038866167983,1.3605117974435643e-06,0.08304432245566917,7.634309524238887,,,,,,,
steering_law,value,ts,exact,gaussian,5.0,0,7,"x0,x1,x2,x3",4,0.0,0.0,0.0,0.0,0.0,0.16874630551673087,40.659071481802755,0.8131814296360551,6.707318740327159,0.8785929442218778,38.149320441446164,,,,,,,
steering_law,value,ts,exact,gaussian,5.0,20,7,"x0,x1,x2,x3",4,0.2966690654601608,0.21621573212714165,0.0,-0.842777430757323,0.9192581655956042,1.2957255224321784e-07,21.695220093555275,0.43390440187110546,1.3605117974435643e-06,0.04223314455218086,10.961984953067077,,,,,,,
levy_10,value,ts,exact,gaussian,0.05,0,7,"x0,x1,x2,x3,x4,x5,x6,x7,x8,x9,x10",11,0.0,0.0,0.0,0.0,0.0,0.0,-3.332532296105853,-0.06665064592211678,0.0,0.0,0.0,0.0,0.0,0.0,0.0,0.0,0.0,0.0
levy_10,value,ts,exact,gaussian,0.05,20,7,"x0,x1,x2,x3,x4,x5,x6,x7,x8,x9,x10",11,-0.33354506495281555,0.0,0.0,0.04415414734851808,0.341521295245171,0.0,-9.145640815437218,-0.18291281630874412,0.0,0.0,0.0,-0.027575571303877666,0.0,0.0,0.0,0.03876691640150298,-0.03422879027179193,0.0
levy_10,value,ts,exact,gaussian,0.25,0,7,"x0,x1,x2,x3,x4,x5,x6,x7,x8,x9,x10",11,0.0,0.0,0.0,0.0,0.0,0.0,-54.114418602453725,-1.0822883720490744,0.0,0.015386511435466543,0.11539883576600118,0.0,0.0,0.0,0.0,0.0,0.0,0.0
levy_10,value,ts,exact,gaussian,0.25,20,7,"x0,x1,x2,x3,x4,x5,x6,x7,x8,x9,x10",11,-2.8380351033558604,0.0,0.0,0.27239091722094244,3.441517980988213,-0.9009165979991212,-9.473198626116641,-0.18946397252233282,-4.054124690996041,-0.9009165979991212,-4.054124690996041,-0.20115983556635442,-1.6908532182419904,0.0,0.0,0.8424814659869035,-0.3258543358385615,0.0
levy_10,value,ts,exact,gaussian,1.0,0,7,"x0,x1,x2,x3,x4,x5,x6,x7,x8,x9,x10",11,0.0,0.0,0.0,0.0,0.0,0.0,-15.728784992372937,-0.3145756998474587,0.0,0.0,1.868911113720145,0.0,0.0,0.0,0.0,0.0,0.0,0.0
levy_10,value,ts,exact,gaussian,1.0,20,7,"x0,x1,x2,x3,x4,x5,x6,x7,x8,x9,x10",11,16.953568295092243,7.6789388678577595,14.98654877986886,-9.269447884890521,38.36272178429251,0.0,-12.009714567963215,-0.24019429135926362,0.0,1.3918520869112039,2.0877781303668144,0.1150075865440745,-8.67078392867732,-13.604507500144647,-9.338144746835836,19.5664868523183,-4.387102002409739,8.075652925037936
levy_10,value,ts,exact,gaussian,5.0,0,7,"x0,x1,x2,x3,x4,x5,x6,x7,x8,x9,x10",11,0.0,0.0,0.0,0.0,0.0,0.0,62.16419387475031,1.2432838774950064,0.0,6.924145102115931,235.4519614099169,0.0,0.0,0.0,0.0,0.0,0.0,0.0
levy_10,value,ts,exact,gaussian,5.0,20,7,"x0,x1,x2,x3,x4,x5,x6,x7,x8,x9,x10",11,16.953568295092243,9.341619442622004,17.407135191594207,-9.269447884890521,40.64753836136895,0.0,17.520358011619066,0.3504071602323817,0.0,1.1915907590947603,29.193973597821632,2.898297578275221,-7.2946330497506295,-14.593387374235839,-10.054045455176254,19.5664868523183,-4.998115432717912,10.252359365042139
griewank,value,ts,exact,gaussian,0.05,0,8,"x0,x1,x2,x3,x4,x5",6,0.0,0.0,0.0,0.0,0.0,0.012832456119475033,-9.407719756621617,-0.18815439513243226,-6.784199334557627,0.03768944732758861,-6.12144897385415,0.0,0.0,,,,,
griewank,value,ts,exact,gaussian,0.05,20,8,"x0,x1,x2,x3,x4,x5",6,-0.5587821685452354,0.0,0.0,1.0556797795763373,1.2842979236817111,0.018383993510144414,1.133199686994459,0.022663993739889143,0.33947474109062625,0.018383993510144414,0.5191353653843933,0.0,0.47193627523500936,,,,,
griewank,value,ts,exact,gaussian,0.25,0,8,"x0,x1,x2,x3,x4,x5",6,0.0,0.0,0.0,0.0,0.0,0.012000096186748355,18.089902207649345,0.36179804415298666,6.851862201339365,0.08392497357119133,9.989757218863481,0.0,0.0,,,,,
griewank,value,ts,exact,gaussian,0.25,20,8,"x0,x1,x2,x3,x4,x5",6,0.18019082015206322,0.0,0.0,-1.4946162512921433,1.548399013725434,0.026381639996392536,9.760362124406655,0.19520724248813304,0.2671790280783952,0.08116578810973563,1.4170866812078273,0.0,-0.36220579152222854,,,,,
griewank,value,ts,exact,gaussian,1.0,0,8,"x0,x1,x2,x3,x4,x5",6,0.0,0.0,0.0,0.0,0.0,0.21003268910888462,90.30019210676444,1.8060038421352889,28.60600423657123,0.8798222897785806,56.18718670148329,0.0,0.0,,,,,
griewank,value,ts,exact,gaussian,1.0,20,8,"x0,x1,x2,x3,x4,x5",6,-158.06883968195808,525.3886039543761,0.0,-210.56872647654356,677.6237903954296,0.03993219858163721,82.68525988990628,1.6537051977981256,-0.33671236894292633,0.477111610970153,54.32081844197844,333.9382288130628,47.970082693084805,,,,,
griewank,value,ts,exact,gaussian,5.0,0,8,"x0,x1,x2,x3,x4,x5",6,0.0,0.0,0.0,0.0,0.0,0.6840713180380362,90.0484452310629,1.8009689046212578,31.030917471492153,1.4692447061962255,91.6704573400782,0.0,0.0,,,,,
griewank,value,ts,exact,gaussian,5.0,20,8,"x0,x1,x2,x3,x4,x5",6,559.4189524548667,0.0,368.0900623692649,-650.6361437669041,1291.8895681261515,0.8476779231418985,111.02667965057144,2.220533593011429,21.06854933190401,4.632916836688502,117.35159197582749,583.6995776574236,675.652432334216,,,,,
hartmann_6,value,ts,exact,gaussian,0.05,0,8,"x0,x1,x2,x3,x4,x5",6,0.0,0.0,0.0,0.0,0.0,-0.3479361332269555,-15.606016089665104,-0.3121203217933024,-17.01760814079327,-0.3479361332269555,-17.01760814079327,0.0,0.0,,,,,
hartmann_6,value,ts,exact,gaussian,0.05,20,8,"x0,x1,x2,x3,x4,x5",6,0.00012182409442240694,0.0013635156186676545,0.000792982425677824,0.0017640316220703944,0.005351094054822278,0.25262716082075,5.946738483707122,0.11893476967414252,-1.0176277334193742,0.25262716082075,-1.0176277334193742,0.004797870667298532,0.0,,,,,
hartmann_6,value,ts,exact,gaussian,0.25,0,8,"x0,x1,x2,x3,x4,x5",6,0.0,0.0,0.0,0.0,0.0,-0.35975069241645574,-6.851751621675362,-0.13703503243350745,-10.99952292546638,-0.35975069241645574,-8.343860078046959,0.0,0.0,,,,,
hartmann_6,value,ts,exact,gaussian,0.25,20,8,"x0,x1,x2,x3,x4,x5",6,-0.0010348335209215964,-0.005540582500024871,-0.0009746009460327998,-0.0019934478024299374,0.008240138981739665,-0.7850544662408172,-15.611783594064093,-0.31223567188128154,-38.914988371142925,-0.4062016175665635,-37.58900340078304,-0.005586347146191328,0.0,,,,,
hartmann_6,value,ts,exact,gaussian,1.0,0,8,"x0,x1,x2,x3,x4,x5",6,0.0,0.0,0.0,0.0,0.0,1.5443706286045558,40.64367041109506,0.8128734082219014,34.04387994037313,1.5443706286045558,43.794916416277005,0.0,0.0,,,,,
hartmann_6,value,ts,exact,gaussian,1.0,20,8,"x0,x1,x2,x3,x4,x5",6,0.0703415714294725,-0.6012789024387076,-0.3026446735236568,0.6737317260230096,0.9632574022301622,-0.26757265148886233,7.1741842453363915,0.14348368490672758,-35.462905354310294,-0.26757265148886233,-35.462905354310294,-0.10285468197884351,0.07275469122319478,,,,,
hartmann_6,value,ts,exact,gaussian,5.0,0,8,"x0,x1,x2,x3,x4,x5",6,0.0,0.0,0.0,0.0,0.0,3.197283595180531,75.97591515315145,1.5195183030630295,39.82907532338908,7.706082822562373,240.85906500651208,0.0,0.0,,,,,
hartmann_6,value,ts,exact,gaussian,5.0,20,8,"x0,x1,x2,x3,x4,x5",6,-0.4753217380950398,-0.7411759524560665,-0.0935182201056709,-0.32626827397699043,1.1989022811978534,3.197283595180531,75.63091175858813,1.5126182351717619,39.82907532338908,7.567647687251399,150.0781066171569,0.38498901293557386,0.6314118691312393,,,,,
powell,value,ts,exact,gaussian,0.05,0,8,"x0,x1,x2,x3",4,0.0,0.0,0.0,0.0,0.0,0.005794630872851481,-8.607767631257708,-0.17215535262515413,0.3232469186372824,0.023585576843922595,0.4566790134203158,,,,,,,
powell,value,ts,exact,gaussian,0.05,20,8,"x0,x1,x2,x3",4,-0.013916406601983233,-0.04139195399312001,-0.020494887987174693,0.01559828439151989,0.05069819659165261,0.0015812709456500817,-0.5249873409387291,-0.010499746818774525,-0.0038113723880730532,0.0015812709456500817,0.44931709505051964,,,,,,,
powell,value,ts,exact,gaussian,0.25,0,8,"x0,x1,x2,x3",4,0.0,0.0,0.0,0.0,0.0,-0.0005638472194268163,-5.959798941335457,-0.11919597882670907,0.036653024613607865,-0.0005638472194268163,5.016774022656831,,,,,,,
powell,value,ts,exact,gaussian,0.25,20,8,"x0,x1,x2,x3",4,0.01777883499316424,0.061954578327971355,0.030673639599243963,-0.021344930524362482,0.07450459700491688,-0.0011808640883701482,9.737955807184555,0.19475911614369112,-0.0757994666239783,0.023585576843922595,0.4566790134203158,,,,,,,
powell,value,ts,exact,gaussian,1.0,0,8,"x0,x1,x2,x3",4,0.0,0.0,0.0,0.0,0.0,-0.0005364598892320105,0.5008365780129509,0.010016731560259173,-0.2307990334745904,0.3024651476550898,19.864252623263393,,,,,,,
powell,value,ts,exact,gaussian,1.0,20,8,"x0,x1,x2,x3",4,0.08951855911843776,0.4221066400164011,0.030673639599243963,-0.10855480418359464,0.44599619465885554,0.005554683827833418,-4.304564232233673,-0.08609128464467342,0.008765727366711218,0.2172349543984029,4.062454183644974,,,,,,,
powell,value,ts,exact,gaussian,5.0,0,8,"x0,x1,x2,x3",4,0.0,0.0,0.0,0.0,0.0,0.0015744665976161754,1.129221193690043,0.022584423873800996,-0.18424105961758253,0.6391115879859706,27.87845711546652,,,,,,,
powell,value,ts,exact,gaussian,5.0,20,8,"x0,x1,x2,x3",4,-6.717159084860085,2.7925913376684823,-2.5799626780010962,4.5228501122668945,8.946014370011412,-0.0016263799399112155,7.8673719108247795,0.15734743821649555,0.2171654239738945,0.11328347270717598,12.408328167012304,,,,,,,
schwefel,value,ts,exact,gaussian,0.05,0,8,"x0,x1,x2,x3",4,0.0,0.0,0.0,0.0,0.0,-0.16520178607990932,-12.499402444999674,-0.2499880488999935,5.686729395037247,-0.16520178607990932,5.686729395037247,,,,,,,
schwefel,value,ts,exact,gaussian,0.05,20,8,"x0,x1,x2,x3",4,-0.6341931159465162,-5.031609266006399,0.1651572608902825,0.0,5.0741077673715385,-0.43212476563481417,-1.7620563713992965,-0.03524112742798646,-9.227953667580422,-0.43212476563481417,-9.227953667580422,,,,,,,
schwefel,value,ts,exact,gaussian,0.25,0,8,"x0,x1,x2,x3",4,0.0,0.0,0.0,0.0,0.0,-0.3352149786327123,-23.515314778633694,-0.4703062955726742,3.0228321498968853,0.1441576176516044,8.09741212813887,,,,,,,
schwefel,value,ts,exact,gaussian,0.25,20,8,"x0,x1,x2,x3",4,0.8746443714952647,6.5361128114330995,-0.19237791015996208,0.0,6.597179906648427,-0.19871469899845318,2.5252306149085086,0.050504612298169604,-1.415239420545248,-0.19871469899845318,-1.415239420545248,,,,,,,
schwefel,value,ts,exact,gaussian,1.0,0,8,"x0,x1,x2,x3",4,0.0,0.0,0.0,0.0,0.0,-0.2318322714610268,-7.031805718139452,-0.14063611436278922,-17.453008320864754,0.11489407641146432,7.399886293926187,,,,,,,
schwefel,value,ts,exact,gaussian,1.0,20,8,"x0,x1,x2,x3",4,5.29068423102234,35.00393227094639,-0.6876317731008612,0.0,35.40818339758154,0.08109780193123939,1.343541011096363,0.02687082022192655,1.5241895091680533,0.6505076284636546,13.033380165029143,,,,,,,
schwefel,value,ts,exact,gaussian,5.0,0,8,"x0,x1,x2,x3",4,0.0,0.0,0.0,0.0,0.0,-1.0211308752992827,-1.3960597850753231,-0.02792119570150664,-40.42536167917807,1.7481297822918744,69.38086327711298,,,,,,,
schwefel,value,ts,exact,gaussian,5.0,20,8,"x0,x1,x2,x3",4,-70.11355714498029,583.9949484374696,329.0038122863846,-0.33355735523730345,673.9507626343997,-0.48650490541698765,-8.854194957279702,-0.17708389914559408,-11.795723362634462,0.4122174633331852,8.106983101891558,,,,,,,
ackley,value,ts,exact,gaussian,0.05,0,8,"x0,x1,x2,x3",4,0.0,0.0,0.0,0.0,0.0,-3.6912112063516407,-32.169451475519395,-0.6433890295103879,-25.33439099184534,-3.6912112063516407,-25.33439099184534,,,,,,,
ackley,value,ts,exact,gaussian,0.05,20,8,"x0,x1,x2,x3",4,0.010912328232940638,0.12487040042862319,0.1924802604282405,-0.16183236972377202,0.28098053732528,-1.4362421155988816,7.094571071864721,0.14189142143729327,-76.04740494793487,-1.4362421155988816,-76.04740494793487,,,,,,,
ackley,value,ts,exact,gaussian,0.25,0,8,"x0,x1,x2,x3",4,0.0,0.0,0.0,0.0,0.0,-2.172964342404713,3.4494190646097422,0.06898838129219342,-46.44569030221294,-2.172964342404713,-46.44569030221294,,,,,,,
ackley,value,ts,exact,gaussian,0.25,20,8,"x0,x1,x2,x3",4,-0.026224413168613125,-0.15266191947905838,-0.24100068176126754,0.2271922034220104,0.36563780905455134,-0.5358582387275206,-27.285245470295422,-0.5457049094059094,-18.0050792185898,-0.5358582387275206,-18.0050792185898,,,,,,,
ackley,value,ts,exact,gaussian,1.0,0,8,"x0,x1,x2,x3",4,0.0,0.0,0.0,0.0,0.0,-3.512060258950351,0.3039300555981299,0.006078601111962456,80.92571509093773,-3.512060258950351,85.0736530033081,,,,,,,
ackley,value,ts,exact,gaussian,1.0,20,8,"x0,x1,x2,x3",4,-0.2846062839645427,-0.7041235045090488,-1.2034374034943465,1.4818744517453055,2.0545082431907824,-2.0120178925714622,-7.2859684959698825,-0.14571936991939793,-64.86131249443963,-2.0120178925714622,-64.86131249443963,,,,,,,
ackley,value,ts,exact,gaussian,5.0,0,8,"x0,x1,x2,x3",4,0.0,0.0,0.0,0.0,0.0,10.544455034982557,103.66941180892945,2.0733882361785874,239.58473053488717,12.468490278067287,340.34075666730644,,,,,,,
ackley,value,ts,exact,gaussian,5.0,20,8,"x0,x1,x2,x3",4,-4.226363469807637,51.74341317868793,5.489047598679914,-6.9016450931804485,52.659332545068736,9.305762727461483,91.94614038352961,1.838922807670592,228.89694959737392,12.790294249482683,296.269760047193,,,,,,,
shekel,value,ts,exact,gaussian,0.05,0,8,"x0,x1,x2,x3",4,0.0,0.0,0.0,0.0,0.0,5.369726855827587,-6.266848595141255,-0.12533697190282567,-2.075845313942864,5.369726855827587,-1.8281868740227765,,,,,,,
shekel,value,ts,exact,gaussian,0.05,20,8,"x0,x1,x2,x3",4,0.3403976568105964,0.0,0.0,-0.18374787572102225,0.38682534378467603,-0.3539287276862524,-8.950633372508946,-0.17901266745018063,-126.03008901518433,-0.3539287276862524,-126.03008901518433,,,,,,,
shekel,value,ts,exact,gaussian,0.25,0,8,"x0,x1,x2,x3",4,0.0,0.0,0.0,0.0,0.0,-1.8431866228334073,8.695638766621414,0.17391277533242544,-110.08249568657584,-1.8431866228334073,-109.70692632084183,,,,,,,
shekel,value,ts,exact,gaussian,0.25,20,8,"x0,x1,x2,x3",4,-0.17964794201599155,0.0,0.0,0.3507602220141486,0.39408897018058736,8.166195683150583,24.03728545646709,0.48074570912934433,46.63921512103889,8.166195683150583,46.63921512103889,,,,,,,
shekel,value,ts,exact,gaussian,1.0,0,8,"x0,x1,x2,x3",4,0.0,0.0,0.0,0.0,0.0,10.994968753938224,71.12540005983146,1.4225080011966327,173.5335114397276,10.994968753938224,186.37853416850112,,,,,,,
shekel,value,ts,exact,gaussian,1.0,20,8,"x0,x1,x2,x3",4,-3.5479621158511168,3.4152473907704466,-4.972977527225092,-1.0579863410739065,7.078261827586193,-1.8783679680983738,-16.54278741921371,-0.33085574838427334,-73.48715003041434,0.818086905415754,-58.47849302991108,,,,,,,
shekel,value,ts,exact,gaussian,5.0,0,8,"x0,x1,x2,x3",4,0.0,0.0,0.0,0.0,0.0,3.3571301033354572,64.498385897155,1.2899677179430995,92.17641380922396,16.074735679577834,238.66944222283018,,,,,,,
shekel,value,ts,exact,gaussian,5.0,20,8,"x0,x1,x2,x3",4,-7.494917595051856,3.7829789515581886,0.0,3.966659706428672,9.285424531552394,12.91416854633411,91.38810702384626,1.8277621404769278,185.9492153258061,14.282456804136316,240.10871630155498,,,,,,,
rosenbrock,value,ts,exact,gaussian,0.05,0,8,"x0,x1,x2,x3",4,0.0,0.0,0.0,0.0,0.0,0.000669920058593787,-0.291775926881229,-0.00583551853762454,0.31255324844230126,0.07030485849106227,3.0870129936610566,,,,,,,
rosenbrock,value,ts,exact,gaussian,0.05,20,8,"x0,x1,x2,x3",4,0.0,0.0,0.0140363845041378,0.0,0.0140363845041378,0.0,-0.7101514996721932,-0.014203029993443916,0.0,0.026361047390269343,0.47344176935319693,,,,,,,
rosenbrock,value,ts,exact,gaussian,0.25,0,8,"x0,x1,x2,x3",4,0.0,0.0,0.0,0.0,0.0,0.006310569726246884,-1.5258254706954162,-0.03051650941390832,0.4889415398520991,0.011772529952488009,0.6731423918347512,,,,,,,
rosenbrock,value,ts,exact,gaussian,0.25,20,8,"x0,x1,x2,x3",4,0.0,0.0,-0.017261671397671208,0.0,0.017261671397671208,0.0,9.030476259168733,0.1806095251833747,0.0,0.056738522947571535,4.5132361551353775,,,,,,,
rosenbrock,value,ts,exact,gaussian,1.0,0,8,"x0,x1,x2,x3",4,0.0,0.0,0.0,0.0,0.0,0.013259219582628878,21.965876766026316,0.4393175353205263,1.2549341888477312,0.1286202061143904,29.90004286271955,,,,,,,
rosenbrock,value,ts,exact,gaussian,1.0,20,8,"x0,x1,x2,x3",4,0.0,0.0,-0.07058585514623061,0.0,0.07058585514623061,0.0,0.49525945236783286,0.00990518904735671,0.0,0.005528634628580109,1.9307809753315923,,,,,,,
rosenbrock,value,ts,exact,gaussian,5.0,0,8,"x0,x1,x2,x3",4,0.0,0.0,0.0,0.0,0.0,0.01985067015042552,46.04738560226352,0.9209477120452703,1.3994068025716317,0.12328225097376011,50.40485265342301,,,,,,,
rosenbrock,value,ts,exact,gaussian,5.0,20,8,"x0,x1,x2,x3",4,4.467830415799559,7.234960399878335,0.6493497019344172,0.0,8.528060485688036,0.0,28.592623758649484,0.5718524751729896,0.0,0.267946740621249,6.355125134853189,,,,,,,
rastrigin,value,ts,exact,gaussian,0.05,0,8,"x0,x1,x2,x3",4,0.0,0.0,0.0,0.0,0.0,-1.4401871002060078,-32.291041791669414,-0.6458208358333883,-35.832059415604206,-1.4401871002060078,-35.832059415604206,,,,,,,
rastrigin,value,ts,exact,gaussian,0.05,20,8,"x0,x1,x2,x3",4,-0.053916513833396795,-0.12438968517785831,-0.023912417511740003,-0.1901845875380146,0.23478024893686025,-0.6982283049017055,-0.13578177397820923,-0.0027156354795643267,-3.012759054031335,-0.6982283049017055,-3.012759054031335,,,,,,,
rastrigin,value,ts,exact,gaussian,0.25,0,8,"x0,x1,x2,x3",4,0.0,0.0,0.0,0.0,0.0,0.2017279320126748,-0.3392809649840842,-0.006785619299681578,7.426398446559759,0.40117190657538515,10.970541127851547,,,,,,,
rastrigin,value,ts,exact,gaussian,0.25,20,8,"x0,x1,x2,x3",4,0.05753063015259263,0.0,0.06269238378233055,0.28823441014072193,0.30053150180843824,-0.09712153296989379,-0.75996102594533,-0.015199220518906653,-6.045785797614457,0.03252237687253956,-2.697255570264943,,,,,,,
rastrigin,value,ts,exact,gaussian,1.0,0,8,"x0,x1,x2,x3",4,0.0,0.0,0.0,0.0,0.0,-0.8872918225893902,-3.2942807304764585,-0.06588561460952924,3.563824266453537,0.3052741009872548,21.341945553922443,,,,,,,
rastrigin,value,ts,exact,gaussian,1.0,20,8,"x0,x1,x2,x3",4,-4.240100685631418,-5.145652502112898,0.13604253246614162,4.80060211553247,8.217084746982191,0.36492023640786186,8.673840196804576,0.17347680393609144,13.265317555142744,1.270386311993863,21.65748670198039,,,,,,,
rastrigin,value,ts,exact,gaussian,5.0,0,8,"x0,x1,x2,x3",4,0.0,0.0,0.0,0.0,0.0,0.27529283051621967,17.38837470123994,0.347767494024799,1.3069930702247206,2.0302844181914903,58.27984097011742,,,,,,,
rastrigin,value,ts,exact,gaussian,5.0,20,8,"x0,x1,x2,x3",4,-2.5622099685054383,-7.5544530474876375,-3.4393499055529935,4.769870817704188,9.910372150419846,-0.09633704488474937,12.049470538573388,0.24098941077146785,-6.156209749370859,2.3026428080807007,77.13375932737591,,,,,,,
michalewicz,value,ts,exact,gaussian,0.05,0,8,"x0,x1,x2,x3,x4",5,0.0,0.0,0.0,0.0,0.0,0.16563885546755497,4.619983222403562,0.09239966444807113,-29.758191235446873,0.16563885546755497,-29.758191235446873,0.0,,,,,,
michalewicz,value,ts,exact,gaussian,0.05,20,8,"x0,x1,x2,x3,x4",5,0.0027892789145713692,0.0,0.0009078429132207688,0.014039929014559416,0.01434409748879762,1.6621157249347611,21.855057073535136,0.437101141470702,30.23789138770246,1.6621157249347611,30.23789138770246,-0.00017108598979831413,,,,,,
michalewicz,value,ts,exact,gaussian,0.25,0,8,"x0,x1,x2,x3,x4",5,0.0,0.0,0.0,0.0,0.0,0.645439311821951,8.908783929856725,0.17817567859713446,-5.49283400744639,0.645439311821951,-5.147200591911087,0.0,,,,,,
michalewicz,value,ts,exact,gaussian,0.25,20,8,"x0,x1,x2,x3,x4",5,-0.0036908666925867806,0.0,-0.0009836766508013461,-0.016651830599353712,0.01709331497452662,2.484049177751884,35.90630079044945,0.7181260158089895,47.388771629049415,2.484049177751884,47.388771629049415,0.0005548313374577063,,,,,,
michalewicz,value,ts,exact,gaussian,1.0,0,8,"x0,x1,x2,x3,x4",5,0.0,0.0,0.0,0.0,0.0,0.8701937351619629,11.701737074141931,0.2340347414828381,8.8293580603073,1.8922175555178837,35.11855168988399,0.0,,,,,,
michalewicz,value,ts,exact,gaussian,1.0,20,8,"x0,x1,x2,x3,x4",5,-0.014880618450135774,0.0,-0.0029857168817479796,-0.07545947025625699,0.07780264152403996,2.344666821652541,27.22392000889471,0.5444784001778942,43.97390390461544,2.344666821652541,43.97390390461544,0.011347778020690091,,,,,,
michalewicz,value,ts,exact,gaussian,5.0,0,8,"x0,x1,x2,x3,x4",5,0.0,0.0,0.0,0.0,0.0,-0.13149096312795816,21.42862034367687,0.4285724068735366,-20.64207096096061,5.04903765613848,124.48693772132054,0.0,,,,,,
michalewicz,value,ts,exact,gaussian,5.0,20,8,"x0,x1,x2,x3,x4",5,-1.4268855447484083,3.141592653589793,1.30611445774952,-1.3416206845703107,4.431343116449372,1.8613389846740676,27.68288305505098,0.5536576611010187,38.80292972258451,2.9155915283427243,79.8471236145378,2.0555568634296346,,,,,,
yerkes_dodson,value,ts,exact,gaussian,0.05,0,8,"x0,x1,x2,x3",4,0.0,0.0,0.0,0.0,0.0,-0.009371710621395302,-9.46276929102632,-0.18925538582052637,7.101621790751224,-0.006738185248195361,7.7672195016656005,,,,,,,
yerkes_dodson,value,ts,exact,gaussian,0.05,20,8,"x0,x1,x2,x3",4,0.00034144874929431523,0.00010268560551696115,-0.00017045151879813147,-0.0004030604888259903,0.0005644847738320966,0.009621769696546156,0.8043575447904203,0.016087150895808477,0.09276575761654726,0.05688113747969625,0.8725453260385194,,,,,,,
yerkes_dodson,value,ts,exact,gaussian,0.25,0,8,"x0,x1,x2,x3",4,0.0,0.0,0.0,0.0,0.0,0.00915689550669141,-9.248381592128183,-0.18496763184256348,6.94934351542171,0.03316362691036545,7.652734516466445,,,,,,,
yerkes_dodson,value,ts,exact,gaussian,0.25,20,8,"x0,x1,x2,x3",4,-0.0004834337113299725,-0.0001280155404116412,0.0002629411810098903,0.0004945127253250803,0.0007508508720221812,0.007441832527293357,-8.151515597170643,-0.1630303119434129,-0.07789024184126703,0.03018497160867062,0.11542644035043992,,,,,,,
yerkes_dodson,value,ts,exact,gaussian,1.0,0,8,"x0,x1,x2,x3",4,0.0,0.0,0.0,0.0,0.0,0.6131195313951494,76.08593559877548,1.5217187119755096,53.13084593210322,2.974173660297616,143.24352710418643,,,,,,,
yerkes_dodson,value,ts,exact,gaussian,1.0,20,8,"x0,x1,x2,x3",4,-0.0031252883478831706,-0.0006157104504588284,0.0019524844404126274,0.0024426237471385503,0.004463757708070311,0.07606438426857753,26.398357269755365,0.5279671453951074,1.3000505725979465,0.7117242637911203,15.60239786185516,,,,,,,
yerkes_dodson,value,ts,exact,gaussian,5.0,0,8,"x0,x1,x2,x3",4,0.0,0.0,0.0,0.0,0.0,1.7695917193915924,79.68933389385842,1.5937866778771683,62.214038801981225,4.183849857830843,162.20338901489475,,,,,,,
yerkes_dodson,value,ts,exact,gaussian,5.0,20,8,"x0,x1,x2,x3",4,0.15493900005367145,0.03215205180618075,0.19535177882402066,-0.4891864431582562,0.5500050380064839,0.8162421573594396,71.62275802168782,1.4324551604337565,22.395117105687525,3.8587508293267954,124.62591683682612,,,,,,,
stevens,value,ts,exact,gaussian,0.05,0,8,"x0,x1,x2,x3",4,0.0,0.0,0.0,0.0,0.0,0.0,0.5580526211669117,0.011161052423338258,0.0334248283655576,0.0,0.0334248283655576,,,,,,,
stevens,value,ts,exact,gaussian,0.05,20,8,"x0,x1,x2,x3",4,0.0,0.0,0.0,0.0,0.0,0.0,0.4713870290390858,0.009427740580781718,0.0,0.0,0.0,,,,,,,
stevens,value,ts,exact,gaussian,0.25,0,8,"x0,x1,x2,x3",4,0.0,0.0,0.0,0.0,0.0,0.0,2.125141244089665,0.0425028248817933,-0.7825734323192002,0.022103491415008225,4.977060181085253,,,,,,,
stevens,value,ts,exact,gaussian,0.25,20,8,"x0,x1,x2,x3",4,0.0,0.0,0.0,0.0,0.0,0.0,0.9728012749458905,0.019456025498917784,0.0,0.0,0.01917373553682644,,,,,,,
stevens,value,ts,exact,gaussian,1.0,0,8,"x0,x1,x2,x3",4,0.0,0.0,0.0,0.0,0.0,0.0,55.35638955679048,1.1071277911358097,8.497267469803116,0.2984339794720845,12.211775453701037,,,,,,,
stevens,value,ts,exact,gaussian,1.0,20,8,"x0,x1,x2,x3",4,0.0,0.0,0.0,-0.04784823251687775,0.04784823251687775,0.0,19.21093897010045,0.38421877940200905,0.0,0.4089315905544688,6.119079285574962,,,,,,,
stevens,value,ts,exact,gaussian,5.0,0,8,"x0,x1,x2,x3",4,0.0,0.0,0.0,0.0,0.0,0.7837561755440037,124.89170347183125,2.497834069436625,47.4018403530426,0.795081308795087,56.947551508265875,,,,,,,
stevens,value,ts,exact,gaussian,5.0,20,8,"x0,x1,x2,x3",4,-0.12391579925368179,0.0,-1.0,-1.0,1.4196320387004089,0.0,80.6431652217691,1.6128633044353822,0.0,3.0095894504633827,77.23910327237955,,,,,,,
hicks_law,value,ts,exact,gaussian,0.05,0,8,"x0,x1,x2,x3",4,0.0,0.0,0.0,0.0,0.0,0.0,10.330605567982964,0.2066121113596593,3.7173697885042927,0.0,3.7173697885042927,,,,,,,
hicks_law,value,ts,exact,gaussian,0.05,20,8,"x0,x1,x2,x3",4,0.0,0.0,0.0,0.0,0.0,0.0,-5.596520598287917,-0.11193041196575826,0.0,8.881784197001252e-16,7.105427357601002e-15,,,,,,,
hicks_law,value,ts,exact,gaussian,0.25,0,8,"x0,x1,x2,x3",4,0.0,0.0,0.0,0.0,0.0,0.0,-9.510585877757258,-0.1902117175551452,3.6731667376269073,0.0,3.965886128121973,,,,,,,
hicks_law,value,ts,exact,gaussian,0.25,20,8,"x0,x1,x2,x3",4,0.0,0.0,0.0,0.0,0.0,0.0,-9.993500642340827,-0.1998700128468165,0.0,0.0,0.0,,,,,,,
hicks_law,value,ts,exact,gaussian,1.0,0,8,"x0,x1,x2,x3",4,0.0,0.0,0.0,0.0,0.0,0.0,82.49055444105412,1.6498110888210822,62.71507625368348,0.0,89.54774275255633,,,,,,,
hicks_law,value,ts,exact,gaussian,1.0,20,8,"x0,x1,x2,x3",4,0.0,0.0,0.0,0.0,0.0,0.0,-9.509351194192156,-0.19018702388384323,0.0,0.0,0.0,,,,,,,
hicks_law,value,ts,exact,gaussian,5.0,0,8,"x0,x1,x2,x3",4,0.0,0.0,0.0,0.0,0.0,0.0,169.8965363976069,3.397930727952138,100.55906241167062,4.037109819703453,210.6781203250303,,,,,,,
hicks_law,value,ts,exact,gaussian,5.0,20,8,"x0,x1,x2,x3",4,6.439117862005048,0.0,0.0,0.09978617929959104,6.439891002367329,0.0,124.48012853188013,2.489602570637602,0.0,4.238549460836109,157.63922812937275,,,,,,,
branin,value,ts,exact,gaussian,0.05,0,8,"x0,x1",2,0.0,0.0,,,0.0,0.0006423472564316413,-1.017301134040002,-0.020346022680800047,0.16625981871650986,0.006741075940953634,0.628474983192918,,,,,,,
branin,value,ts,exact,gaussian,0.05,20,8,"x0,x1",2,0.06778333073808263,-0.34347643356616064,,,0.3501009002291732,6.024153322847781e-07,0.5233139518996239,0.01046627903799252,-0.0023952810326361984,0.0011794548932908544,0.09454299899447793,,,,,,,
branin,value,ts,exact,gaussian,0.25,0,8,"x0,x1",2,0.0,0.0,,,0.0,0.004509907466073049,3.0942739175836316,0.06188547835167263,0.033703715987301486,0.05741481972836571,1.7512722973545802,,,,,,,
branin,value,ts,exact,gaussian,0.25,20,8,"x0,x1",2,0.04450603642013906,-0.23236342595326143,,,0.23658729678190152,0.00020333750754608637,7.078111179829264,0.14156222359658532,0.002977198911030321,0.042706063291139795,1.0295660449678303,,,,,,,
branin,value,ts,exact,gaussian,1.0,0,8,"x0,x1",2,0.0,0.0,,,0.0,0.019426132776420024,22.837795711100885,0.4567559142220177,-0.02567442122219621,0.2862818662639306,14.394519318768822,,,,,,,
branin,value,ts,exact,gaussian,1.0,20,8,"x0,x1",2,6.505689411253653,-1.2944951015620787,,,6.633227893240674,0.00020333750754608637,13.19677248482628,0.26393544969652566,0.002977198911030321,0.005301961360923535,0.11959238893668456,,,,,,,
branin,value,ts,exact,gaussian,5.0,0,8,"x0,x1",2,0.0,0.0,,,0.0,0.07573107309334803,38.13772598608031,0.7627545197216061,2.577896990172049,0.8638016134657105,72.07193507538524,,,,,,,
branin,value,ts,exact,gaussian,5.0,20,8,"x0,x1",2,6.976868723747962,6.270020277626483,,,9.38029058559807,0.00020333750754608637,27.87361360964996,0.5574722721929992,0.002977198911030321,0.9404868494058916,26.136928071601012,,,,,,,
eggholder,value,ts,exact,gaussian,0.05,0,8,"x0,x1",2,0.0,0.0,,,0.0,-1.408748414120098,-20.809475556773293,-0.4161895111354661,-33.140732729279684,-1.408748414120098,-33.09782760337025,,,,,,,
eggholder,value,ts,exact,gaussian,0.05,20,8,"x0,x1",2,-1.3191371985301004,-1.0811401358017747,,,1.7055752524551127,-0.304312422669234,-8.879931626138813,-0.17759863252277652,-3.674698945002177,-0.304312422669234,-3.674698945002177,,,,,,,
eggholder,value,ts,exact,gaussian,0.25,0,8,"x0,x1",2,0.0,0.0,,,0.0,-0.27605313615656457,-10.144039801192946,-0.20288079602385922,-16.450287438773373,-0.022222341240880406,-8.20078660401363,,,,,,,
eggholder,value,ts,exact,gaussian,0.25,20,8,"x0,x1",2,1.6967219290285982,1.9458759953317895,,,2.581723977046154,-0.9539960213752992,-22.603344707379335,-0.45206689414758694,-7.198254437924959,-0.9539960213752992,-4.936231042544449,,,,,,,
eggholder,value,ts,exact,gaussian,1.0,0,8,"x0,x1",2,0.0,0.0,,,0.0,-0.2647359932015181,-20.636068535760558,-0.4127213707152113,-15.355723911066079,-0.22145955890406266,10.805817932761585,,,,,,,
eggholder,value,ts,exact,gaussian,1.0,20,8,"x0,x1",2,7.357352301490209,23.139339988302254,,,24.280850231869703,0.0,-8.25068471023448,-0.1650136942046898,0.0,1.9879813725789865,41.01897301504033,,,,,,,
eggholder,value,ts,exact,gaussian,5.0,0,8,"x0,x1",2,0.0,0.0,,,0.0,-0.9240382392442925,0.6222934959367876,0.012445869918735752,-26.702657691550073,1.3696011853027843,52.68937767071587,,,,,,,
eggholder,value,ts,exact,gaussian,5.0,20,8,"x0,x1",2,-468.8289592170494,-748.8120854101469,,,883.4705044634114,-0.310471991807707,10.036498742682767,0.20072997485365507,-5.087533532721906,1.5145643524128494,38.62139098652766,,,,,,,
weber_fechner,value,ts,exact,gaussian,0.05,0,8,"x0,x1,x2,x3",4,0.0,0.0,0.0,0.0,0.0,0.11463215588602393,-5.334848473244648,-0.10669696946489293,2.2406579479468256,0.11463215588602393,2.4655668665789143,,,,,,,
weber_fechner,value,ts,exact,gaussian,0.05,20,8,"x0,x1,x2,x3",4,-0.08234083446703921,0.0,0.0,-0.006853988056981231,0.08262560240635825,0.0003204975349033745,0.038251649903799034,0.000765032998075954,1.1501067549355142,0.02842994809674293,1.5962524152198725,,,,,,,
weber_fechner,value,ts,exact,gaussian,0.25,0,8,"x0,x1,x2,x3",4,0.0,0.0,0.0,0.0,0.0,0.0,-10.920341576749351,-0.21840683153498708,-11.845409820651167,0.041889984452614826,-10.434442603486273,,,,,,,
weber_fechner,value,ts,exact,gaussian,0.25,20,8,"x0,x1,x2,x3",4,0.0,0.0,0.0,-0.00284385363943207,0.00284385363943207,0.1132803928057542,-1.4769147282237398,-0.029538294564474876,2.7154034456526652,0.1744637969262699,6.131160110459955,,,,,,,
weber_fechner,value,ts,exact,gaussian,1.0,0,8,"x0,x1,x2,x3",4,0.0,0.0,0.0,0.0,0.0,0.05823766456484636,11.6176927260897,0.23235385452179402,-10.326264505894759,0.20747055198482744,2.916560239092444,,,,,,,
weber_fechner,value,ts,exact,gaussian,1.0,20,8,"x0,x1,x2,x3",4,0.0,0.0,-0.004513433619893759,-0.04211276060613811,0.04235393357069784,0.08703211505875519,19.137733655669336,0.3827546731133866,2.2723656905542633,0.19371108926684832,15.35209156366108,,,,,,,
weber_fechner,value,ts,exact,gaussian,5.0,0,8,"x0,x1,x2,x3",4,0.0,0.0,0.0,0.0,0.0,0.8377375173072936,73.29931886624313,1.4659863773248625,28.986235587748578,1.132452396144182,77.10877298411893,,,,,,,
weber_fechner,value,ts,exact,gaussian,5.0,20,8,"x0,x1,x2,x3",4,-0.12039238987824785,-0.39238348253991406,-1.0,-0.48000697963052896,1.182736583269821,0.5061852019619739,67.07129775717381,1.341425955143476,10.733516058829426,0.9195494053177764,66.40124685995622,,,,,,,
power_law_practice,value,ts,exact,gaussian,0.05,0,8,"x0,x1,x2,x3",4,0.0,0.0,0.0,0.0,0.0,0.0,1.6993719861622978,0.03398743972324597,0.8544056080738152,0.0,0.9596999723232749,,,,,,,
power_law_practice,value,ts,exact,gaussian,0.05,20,8,"x0,x1,x2,x3",4,0.0,0.0,0.0,0.0,0.0,0.0,0.2572341444665991,0.005144682889331981,0.0,0.0,0.0,,,,,,,
power_law_practice,value,ts,exact,gaussian,0.25,0,8,"x0,x1,x2,x3",4,0.0,0.0,0.0,0.0,0.0,0.0,6.640153895845925,0.13280307791691853,0.5284978303310801,0.1616780176342436,6.4616424641914065,,,,,,,
power_law_practice,value,ts,exact,gaussian,0.25,20,8,"x0,x1,x2,x3",4,0.0,0.0,0.0,0.0,0.0,0.0,1.6755310200826834,0.0335106204016537,0.0,0.0,0.0,,,,,,,
power_law_practice,value,ts,exact,gaussian,1.0,0,8,"x0,x1,x2,x3",4,0.0,0.0,0.0,0.0,0.0,0.1113980108595074,43.504627883670736,0.8700925576734149,11.329467962305749,0.8808717716843452,28.613487106663566,,,,,,,
power_law_practice,value,ts,exact,gaussian,1.0,20,8,"x0,x1,x2,x3",4,0.0,0.0,0.0,0.0,0.0,0.0,11.692413665477288,0.23384827330954577,0.0,0.024536091272036487,0.6316455102814578,,,,,,,
power_law_practice,value,ts,exact,gaussian,5.0,0,8,"x0,x1,x2,x3",4,0.0,0.0,0.0,0.0,0.0,0.0,79.98533157613328,1.5997066315226656,16.814749011449912,0.9276652674550812,49.99920463654966,,,,,,,
power_law_practice,value,ts,exact,gaussian,5.0,20,8,"x0,x1,x2,x3",4,-0.4737732365799874,-1.0,0.0,-0.4767116562423329,1.2048713968290494,0.0,39.46123835655038,0.7892247671310078,0.0,0.7324482287528057,18.677429833196545,,,,,,,
moving_peaks,value,ts,exact,gaussian,0.05,0,8,"x0,x1,x2,x3",4,0.0,0.0,0.0,0.0,0.0,0.7156313060086865,14.823609060748396,0.296472181214968,6.537328000091634,0.7156313060086865,6.537328000091634,,,,,,,
moving_peaks,value,ts,exact,gaussian,0.05,20,8,"x0,x1,x2,x3",4,0.0005911958868497491,-0.012324680488607243,0.0,0.007144031930861772,0.014257785731033297,0.22593680546867656,9.93562358022686,0.1987124716045372,0.1328244104082259,0.22593680546867656,0.18139149125459397,,,,,,,
moving_peaks,value,ts,exact,gaussian,0.25,0,8,"x0,x1,x2,x3",4,0.0,0.0,0.0,0.0,0.0,0.23811727064447208,1.2864987340200997,0.02572997468040228,-5.288962478973666,0.23811727064447208,-5.161765866331628,,,,,,,
moving_peaks,value,ts,exact,gaussian,0.25,20,8,"x0,x1,x2,x3",4,-0.0008207858877379848,0.01504033606979871,0.0,-0.00978913243432894,0.017964200855669278,0.3334276522164865,6.480395261752534,0.12960790523505095,-2.5004667090416817,0.40613445997381925,-1.6643384198323616,,,,,,,
moving_peaks,value,ts,exact,gaussian,1.0,0,8,"x0,x1,x2,x3",4,0.0,0.0,0.0,0.0,0.0,0.1883537793055723,30.025896624888276,0.6005179324977656,-9.765597174055976,2.303787414031433,77.88161497837743,,,,,,,
moving_peaks,value,ts,exact,gaussian,1.0,20,8,"x0,x1,x2,x3",4,-0.005536444598310597,0.06910170460947695,0.0,-0.05640020644302951,0.0893682330895152,0.3206233068115014,28.140526607262956,0.5628105321452592,-0.3753119858591134,2.490150777429361,31.082836338099874,,,,,,,
moving_peaks,value,ts,exact,gaussian,5.0,0,8,"x0,x1,x2,x3",4,0.0,0.0,0.0,0.0,0.0,0.3632034714282293,14.761570892787631,0.2952314178557529,5.296995963234451,1.9742431319178717,68.37010104760884,,,,,,,
moving_peaks,value,ts,exact,gaussian,5.0,20,8,"x0,x1,x2,x3",4,0.7316675096538341,-0.18965962730362634,-0.8064701925121952,0.12435996251955433,1.112280401068236,0.7156313060086865,41.23388372368737,0.8246776744737474,6.537328000091634,2.5358969157282334,52.954101047940064,,,,,,,
hartmann_3,value,ts,exact,gaussian,0.05,0,8,"x0,x1,x2",3,0.0,0.0,0.0,,0.0,0.003443765543966748,0.8678810888887654,0.017357621777775334,1.53765284202591,0.011272465501139806,1.7856017650976987,,,,,,,
hartmann_3,value,ts,exact,gaussian,0.05,20,8,"x0,x1,x2",3,0.0,-0.001756517906951749,0.0007249900946010301,,0.001900254139506546,0.008829256603872793,0.2619985082384346,0.005239970164768626,0.1321326716549649,0.010632548682120824,0.29193626407934303,,,,,,,
hartmann_3,value,ts,exact,gaussian,0.25,0,8,"x0,x1,x2",3,0.0,0.0,0.0,,0.0,0.022992821948401687,12.314009373084517,0.24628018746169023,-4.713277609147582,0.08074419727852833,-1.769059575764647,,,,,,,
hartmann_3,value,ts,exact,gaussian,0.25,20,8,"x0,x1,x2",3,0.0,0.0015428548422142807,-0.0008055432008170493,,0.0017404886993389614,0.009745455234240197,2.9524645922741826,0.05904929184548369,0.3064051384922415,0.04406455357075245,1.074068844612281,,,,,,,
hartmann_3,value,ts,exact,gaussian,1.0,0,8,"x0,x1,x2",3,0.0,0.0,0.0,,0.0,0.013868803598724,63.124123263729146,1.2624824652745827,13.148719745648418,0.12311646962359601,22.63095388694347,,,,,,,
hartmann_3,value,ts,exact,gaussian,1.0,20,8,"x0,x1,x2",3,0.0,-0.01503404193195923,-0.008370956561275178,,0.017207420799255895,0.02146828595415018,19.54772944593887,0.3909545889187773,0.430982856903416,0.09721401707845923,5.383688753384998,,,,,,,
hartmann_3,value,ts,exact,gaussian,5.0,0,8,"x0,x1,x2",3,0.0,0.0,0.0,,0.0,0.2238111934064264,103.69755276063201,2.0739510552126403,1.059543346800229,4.0331585769551905,150.77168758591637,,,,,,,
hartmann_3,value,ts,exact,gaussian,5.0,20,8,"x0,x1,x2",3,1.0,0.42829108500492996,-0.001820077461764269,,1.0878587068993228,0.02146828595415018,89.8934271415671,1.797868542831342,0.430982856903416,3.5877147498189803,101.16244091637871,,,,,,,
levy_10,value,ts,exact,gaussian,0.05,0,8,"x0,x1,x2,x3,x4,x5,x6,x7,x8,x9,x10",11,0.0,0.0,0.0,0.0,0.0,-0.15520734922042845,-39.914264134561705,-0.7982852826912339,-0.5432257222714973,0.0,0.0,0.0,0.0,0.0,0.0,0.0,0.0,0.0
levy_10,value,ts,exact,gaussian,0.05,20,8,"x0,x1,x2,x3,x4,x5,x6,x7,x8,x9,x10",11,-2.5395242152525253,0.0,0.0,-0.7368230781026952,33.19256041162339,0.0,9.716554991464022,0.19433109982928087,0.0,0.0,0.0,1.1236546451472194,-17.195145294204224,9.516391452665479,0.0,-20.0,-8.114973602676333,-15.537176412982399
levy_10,value,ts,exact,gaussian,0.25,0,8,"x0,x1,x2,x3,x4,x5,x6,x7,x8,x9,x10",11,0.0,0.0,0.0,0.0,0.0,-0.10068271399481832,-48.71723787818149,-0.9743447575636299,-0.45307221297667866,0.0,0.0,0.0,0.0,0.0,0.0,0.0,0.0,0.0
levy_10,value,ts,exact,gaussian,0.25,20,8,"x0,x1,x2,x3,x4,x5,x6,x7,x8,x9,x10",11,-2.4974773544691624,0.0,0.0,-0.6390847509588973,33.18179298897246,-0.19459704310872183,-1.272283047845633,-0.025445660956912697,-2.2378659957502975,0.0,0.0,1.1236546451472194,-17.195145294204224,9.516391452665479,0.0,-20.0,-8.339313668432544,-15.405975571731979
levy_10,value,ts,exact,gaussian,1.0,0,8,"x0,x1,x2,x3,x4,x5,x6,x7,x8,x9,x10",11,0.0,0.0,0.0,0.0,0.0,0.0,13.525869252086977,0.2705173850417397,0.0,0.0,0.0,0.0,0.0,0.0,0.0,0.0,0.0,0.0
levy_10,value,ts,exact,gaussian,1.0,20,8,"x0,x1,x2,x3,x4,x5,x6,x7,x8,x9,x10",11,0.19324540657636824,0.0,0.0,-0.21556787379619635,1.500233366136335,0.0,14.655032008778505,0.29310064017557025,0.0,2.34637710184619,34.022467976769754,0.5997385483526028,1.0171302991689686,0.8790031203728672,0.0,0.0,0.0,0.0
levy_10,value,ts,exact,gaussian,5.0,0,8,"x0,x1,x2,x3,x4,x5,x6,x7,x8,x9,x10",11,0.0,0.0,0.0,0.0,0.0,0.0,-7.795778318564828,-0.1559155663712959,0.0,5.385502579283966,152.22726077841654,0.0,0.0,0.0,0.0,0.0,0.0,0.0
levy_10,value,ts,exact,gaussian,5.0,20,8,"x0,x1,x2,x3,x4,x5,x6,x7,x8,x9,x10",11,2.97749038228503,1.1885828370268463,19.4403533851086,-1.4076216024406385,37.10889712908261,0.0,23.20148375506136,0.4640296751012274,0.0,3.5764139447146617,106.82337823670528,-5.052019337154188,-13.498033448433358,-10.483608547334521,2.5209388157465042,-10.787626969886524,-20.0,-12.104934820158586
steering_law,value,ts,exact,gaussian,0.05,0,8,"x0,x1,x2,x3",4,0.0,0.0,0.0,0.0,0.0,2.4402946949830806e-06,-0.36892893211873456,-0.007378578642374678,0.6020567213357193,2.4402946949830806e-06,1.8006434990275562,,,,,,,
steering_law,value,ts,exact,gaussian,0.05,20,8,"x0,x1,x2,x3",4,0.12759738905338325,0.0,0.013074591627604937,0.0,0.1282655005816805,1.0348595467224442e-05,-3.8480825347493557,-0.07696165069498709,0.0258805416393022,0.003437243325248085,0.08079527390822339,,,,,,,
steering_law,value,ts,exact,gaussian,0.25,0,8,"x0,x1,x2,x3",4,0.0,0.0,0.0,0.0,0.0,0.009079478011879472,8.067533174783623,0.1613506634956725,1.8620103175821168,0.04589338074255256,6.543430743435078,,,,,,,
steering_law,value,ts,exact,gaussian,0.25,20,8,"x0,x1,x2,x3",4,-0.06314848933118665,0.0,0.009004094637906523,0.0,0.06378718856525478,0.0009475829040366257,-3.335386541987962,-0.0667077308397592,0.03384173759344922,0.00913873334072468,0.30531772779111144,,,,,,,
steering_law,value,ts,exact,gaussian,1.0,0,8,"x0,x1,x2,x3",4,0.0,0.0,0.0,0.0,0.0,0.148138197748775,29.605403918992774,0.5921080783798556,8.007647005381697,0.4281740883028846,24.616597225242387,,,,,,,
steering_law,value,ts,exact,gaussian,1.0,20,8,"x0,x1,x2,x3",4,-0.06314848933118665,0.19279711914835965,0.2132084616010692,0.0,0.294306488129318,0.001553439438637394,5.633264964285196,0.11266529928570396,0.03838566160295542,0.07438118797599214,2.678052758658559,,,,,,,
steering_law,value,ts,exact,gaussian,5.0,0,8,"x0,x1,x2,x3",4,0.0,0.0,0.0,0.0,0.0,0.11671535607404482,51.766247078398976,1.0353249415679795,5.817849787524114,1.3714236173491468,71.13834912535677,,,,,,,
steering_law,value,ts,exact,gaussian,5.0,20,8,"x0,x1,x2,x3",4,0.38502799943601534,0.0,-0.7867915383989308,-0.49649177956631485,1.0068721728316772,0.001553439438637394,44.88448071187581,0.8976896142375164,0.03838566160295542,0.17398350979426036,5.857138678845647,,,,,,,
griewank,value,ts,exact,gaussian,0.05,0,9,"x0,x1,x2,x3,x4,x5",6,0.0,0.0,0.0,0.0,0.0,0.017465242118852586,-12.270826008432152,-0.24541652016864313,-6.712177424126182,0.059135831437222564,-6.278534634269384,0.0,0.0,,,,,
griewank,value,ts,exact,gaussian,0.05,20,9,"x0,x1,x2,x3,x4,x5",6,0.0,-0.09635188856799459,0.30915528327719244,0.0,0.5865432468336097,0.007899920090404855,0.6191746487515672,0.012383492975031274,0.1795918145631603,0.02872254681129771,1.218795294275715,0.1806720157840047,-0.4544556386599652,,,,,
griewank,value,ts,exact,gaussian,0.25,0,9,"x0,x1,x2,x3,x4,x5",6,0.0,0.0,0.0,0.0,0.0,0.05149531085450265,29.857516834027464,0.5971503366805493,19.563239063157752,0.06604658270645736,22.99786235683247,0.0,0.0,,,,,
griewank,value,ts,exact,gaussian,0.25,20,9,"x0,x1,x2,x3,x4,x5",6,0.0,1.7672373491116105,-2.2719420079125996,0.0,5.032273612971528,0.0004098284605813518,-1.2177185458507722,-0.024354370917015533,-1.58048841383728,0.07715063542457612,-0.9869098018243037,-2.0182374212947636,3.6007842328695574,,,,,
griewank,value,ts,exact,gaussian,1.0,0,9,"x0,x1,x2,x3,x4,x5",6,0.0,0.0,0.0,0.0,0.0,1.6053375640110998,112.50314613963877,2.2500629227927753,52.83318356354276,2.9867223410042234,98.77516807099663,0.0,0.0,,,,,
griewank,value,ts,exact,gaussian,1.0,20,9,"x0,x1,x2,x3,x4,x5",6,0.0,150.26978835209064,4.6859562606877745,-920.487820326588,974.6659197200163,1.0920338082620704,74.52738287539921,1.4905476575079843,27.279106705931227,1.8066235452205772,44.93909586737654,-42.771461827758614,279.7203286672773,,,,,
griewank,value,ts,exact,gaussian,5.0,0,9,"x0,x1,x2,x3,x4,x5",6,0.0,0.0,0.0,0.0,0.0,0.9520026106921009,127.23719486985362,2.5447438973970726,62.42104965574991,3.492121638237938,125.57474946369449,0.0,0.0,,,,,
griewank,value,ts,exact,gaussian,5.0,20,9,"x0,x1,x2,x3,x4,x5",6,-727.5100330245199,-394.7083398207575,-97.6068400236191,-1200.0,1553.9485840484488,1.0920338082620704,113.07119416582304,2.2614238833164606,27.279106705931227,5.117807125330291,125.25498916387677,-35.0887403867809,-528.1404787264986,,,,,
powell,value,ts,exact,gaussian,0.05,0,9,"x0,x1,x2,x3",4,0.0,0.0,0.0,0.0,0.0,0.002540947054463616,1.3522997268606396,0.027045994537212792,0.1257427721548528,0.011679629642495248,1.69041535596113,,,,,,,
powell,value,ts,exact,gaussian,0.05,20,9,"x0,x1,x2,x3",4,-0.0008085946916711606,-0.0003206293616955236,0.001925734274937696,-0.0024588837502106387,0.003242096599069776,0.0034641906880711337,-3.710253476394179,-0.07420506952788358,0.05893453124207432,0.0034641906880711337,0.07304837391913616,,,,,,,
powell,value,ts,exact,gaussian,0.25,0,9,"x0,x1,x2,x3",4,0.0,0.0,0.0,0.0,0.0,0.004349092896097306,14.544457067948933,0.2908891413589786,0.11132524323381904,0.3643372453499662,13.563213754523701,,,,,,,
powell,value,ts,exact,gaussian,0.25,20,9,"x0,x1,x2,x3",4,0.015656858308704003,0.008713105934092802,-0.03267798218648732,0.03894947152819661,0.0539070243959332,0.002323037442448328,-0.09973154521793504,-0.0019946309043586963,0.04360779286626615,0.14533748925622725,4.09714893560917,,,,,,,
powell,value,ts,exact,gaussian,1.0,0,9,"x0,x1,x2,x3",4,0.0,0.0,0.0,0.0,0.0,-0.002794671469762422,35.9089473902624,0.7181789478052479,0.0876903046107006,0.1682228823415779,11.865921443141957,,,,,,,
powell,value,ts,exact,gaussian,1.0,20,9,"x0,x1,x2,x3",4,5.045952963050328,1.94736727933314,2.115827609626944,3.856768227369618,6.971747862569415,0.006051493100747374,28.48412027083068,0.5696824054166135,0.12749804517799468,0.16290377910696463,3.707928886454436,,,,,,,
powell,value,ts,exact,gaussian,5.0,0,9,"x0,x1,x2,x3",4,0.0,0.0,0.0,0.0,0.0,0.006051493100747374,61.69111081985926,1.233822216397185,0.12749804517799468,0.6385478055979571,57.836314856371025,,,,,,,
powell,value,ts,exact,gaussian,5.0,20,9,"x0,x1,x2,x3",4,-0.4269899877283425,2.520146497446367,3.792742086604478,3.856768227369618,5.982726177367649,-0.0016045896911552893,27.698588081250477,0.5539717616250096,0.008828761903503402,0.022295392778876266,18.921199249503285,,,,,,,
ackley,value,ts,exact,gaussian,0.05,0,9,"x0,x1,x2,x3",4,0.0,0.0,0.0,0.0,0.0,0.41298612503942245,-10.363268850783129,-0.20726537701566272,31.691204519695475,0.41298612503942245,31.691204519695475,,,,,,,
ackley,value,ts,exact,gaussian,0.05,20,9,"x0,x1,x2,x3",4,-42.67408699161473,11.127953765378598,29.31281472077655,20.513614895149594,56.78871858470996,1.7555426813407689,21.437642933145412,0.42875285866290724,12.42724626008453,1.7555426813407689,12.42724626008453,,,,,,,
ackley,value,ts,exact,gaussian,0.25,0,9,"x0,x1,x2,x3",4,0.0,0.0,0.0,0.0,0.0,0.6945952398132,-1.3387396652417465,-0.026774793304834787,49.044088571154134,0.6945952398132,49.47055498186387,,,,,,,
ackley,value,ts,exact,gaussian,0.25,20,9,"x0,x1,x2,x3",4,-39.498321698660156,-6.310634857468811,2.052658192703504,-7.712038640419348,40.78762649336857,-2.5730515924574995,-10.29720857049233,-0.2059441714098469,-76.40235737833518,-2.5730515924574995,-76.40235737833518,,,,,,,
ackley,value,ts,exact,gaussian,1.0,0,9,"x0,x1,x2,x3",4,0.0,0.0,0.0,0.0,0.0,7.628544710128018,88.8599652632787,1.7771993052655723,259.42373991061686,7.850655971328848,284.0172974837901,,,,,,,
ackley,value,ts,exact,gaussian,1.0,20,9,"x0,x1,x2,x3",4,-25.953669213552534,-16.98399029561172,8.000309643686325,-5.261783826240786,32.46136465764937,-0.5085410027977293,-8.103845679874894,-0.16207691359749887,30.452226244837902,-0.5085410027977293,33.78849294217832,,,,,,,
ackley,value,ts,exact,gaussian,5.0,0,9,"x0,x1,x2,x3",4,0.0,0.0,0.0,0.0,0.0,12.279711972869077,121.94407738342159,2.43888154766843,325.71633454691835,13.894146233663257,400.9847885368456,,,,,,,
ackley,value,ts,exact,gaussian,5.0,20,9,"x0,x1,x2,x3",4,6.998210125488484,7.612636755952435,12.241871014772777,20.513614895149594,26.030731556131972,5.964034416787644,91.39891912201983,1.8279783824403957,109.70864588452798,5.964034416787644,109.70864588452798,,,,,,,
michalewicz,value,ts,exact,gaussian,0.05,0,9,"x0,x1,x2,x3,x4",5,0.0,0.0,0.0,0.0,0.0,-2.7869143534282763,-33.08454664781635,-0.6616909329563265,-29.392736778086146,-2.7869143534282763,-29.392736778086146,0.0,,,,,,
michalewicz,value,ts,exact,gaussian,0.05,20,9,"x0,x1,x2,x3,x4",5,0.0,0.0,0.0013661877615716023,-0.0007924668814052183,0.0017359679962256614,-0.050521721353510074,-7.441782202590048,-0.1488356440518004,14.599640741557721,-0.050521721353510074,14.599640741557721,0.0007204943621761384,,,,,,
michalewicz,value,ts,exact,gaussian,0.25,0,9,"x0,x1,x2,x3,x4",5,0.0,0.0,0.0,0.0,0.0,-1.3867937480597092,-10.85483525338367,-0.2170967050676733,-17.111827816350285,-1.3867937480597092,-1.0099809444037078,0.0,,,,,,
michalewicz,value,ts,exact,gaussian,0.25,20,9,"x0,x1,x2,x3,x4",5,0.0,0.0,-0.020047541014365233,0.00715200524912496,0.02326175264549283,0.5359141574814021,-3.856544212638312,-0.0771308842527656,18.05993997215006,0.5359141574814021,18.05993997215006,-0.009383712289596557,,,,,,
michalewicz,value,ts,exact,gaussian,1.0,0,9,"x0,x1,x2,x3,x4",5,0.0,0.0,0.0,0.0,0.0,0.5460424539138069,-8.429571670684027,-0.1685914334136811,-3.467366650564884,1.4778354673569787,39.93292257162176,0.0,,,,,,
michalewicz,value,ts,exact,gaussian,1.0,20,9,"x0,x1,x2,x3,x4",5,-1.691321313295241,-2.6739883435109126,-2.209725994330038,1.3210687283311169,4.292555109477409,-0.14311909681126522,-16.229613982811486,-0.3245922796562297,4.393088532826994,0.4301104046231101,15.147940341173069,1.3368381977148047,,,,,,
michalewicz,value,ts,exact,gaussian,5.0,0,9,"x0,x1,x2,x3,x4",5,0.0,0.0,0.0,0.0,0.0,-0.8527546512548367,2.0890887772364977,0.04178177554473095,-23.14751907546531,1.9405394298556606,61.009986641701516,0.0,,,,,,
michalewicz,value,ts,exact,gaussian,5.0,20,9,"x0,x1,x2,x3,x4",5,-0.5668629077586291,0.0,-0.9021049380079296,1.7242369512811504,2.2402399276617917,1.0168343312321744,-2.1467751199484155,-0.042935502398968595,26.25102871056731,3.462945044081712,77.10286388764757,-0.9542300529515586,,,,,,
schwefel,value,ts,exact,gaussian,0.05,0,9,"x0,x1,x2,x3",4,0.0,0.0,0.0,0.0,0.0,0.0,16.510440231645845,0.3302088046329166,0.0,0.0,0.0,,,,,,,
schwefel,value,ts,exact,gaussian,0.05,20,9,"x0,x1,x2,x3",4,0.01241295914701368,0.006728526283552583,0.013590587362500628,0.0031600349511791137,0.019850554311764794,0.0,3.4096324931589095,0.06819264986317819,0.0,0.0,0.0,,,,,,,
schwefel,value,ts,exact,gaussian,0.25,0,9,"x0,x1,x2,x3",4,0.0,0.0,0.0,0.0,0.0,0.0,10.606687620337084,0.21213375240674193,0.0,0.0,0.0,,,,,,,
schwefel,value,ts,exact,gaussian,0.25,20,9,"x0,x1,x2,x3",4,0.038349238363196037,0.21779664325612202,0.05047147176708222,-0.07783409661487894,0.23981567495654116,0.0,-3.1960173496853486,-0.06392034699370708,0.0,0.0,0.0,,,,,,,
schwefel,value,ts,exact,gaussian,1.0,0,9,"x0,x1,x2,x3",4,0.0,0.0,0.0,0.0,0.0,0.0,4.721667635633224,0.09443335271266484,0.0,2.380424847601745,8.331486966606093,,,,,,,
schwefel,value,ts,exact,gaussian,1.0,20,9,"x0,x1,x2,x3",4,2.936346247733411,3.071205650002753,2.540597343450031,-1.7229149192525028,5.241898903232981,-0.4518997949386532,4.999408104507495,0.09998816209014993,-10.619645181058345,1.1904161038752115,8.928120779064074,,,,,,,
schwefel,value,ts,exact,gaussian,5.0,0,9,"x0,x1,x2,x3",4,0.0,0.0,0.0,0.0,0.0,0.0,14.146254467775265,0.28292508935550487,0.0,1.6756569018513217,93.13003506660571,,,,,,,
schwefel,value,ts,exact,gaussian,5.0,20,9,"x0,x1,x2,x3",4,-126.80746662845718,359.03717824505134,-26.874895090483164,63.70345871832478,386.99899172181034,0.0,4.578410187225671,0.09156820374451335,0.0,3.696653421090785,91.05448677569446,,,,,,,
rastrigin,value,ts,exact,gaussian,0.05,0,9,"x0,x1,x2,x3",4,0.0,0.0,0.0,0.0,0.0,-0.29833838592709294,14.996992330914537,0.29993984661829076,-2.6257848525087724,-0.29833838592709294,-2.6257848525087724,,,,,,,
rastrigin,value,ts,exact,gaussian,0.05,20,9,"x0,x1,x2,x3",4,0.00203505856401609,-0.001071432294690311,-0.000415272450680515,0.000675524349938339,0.00243273814388939,0.2679630893713154,7.9781422396326604,0.15956284479265337,0.5392333621160077,0.2679630893713154,0.5392333621160077,,,,,,,
rastrigin,value,ts,exact,gaussian,0.25,0,9,"x0,x1,x2,x3",4,0.0,0.0,0.0,0.0,0.0,-0.3030198590310562,16.413273797187884,0.32826547594375777,-1.4592069572922952,-0.3030198590310562,-1.4592069572922952,,,,,,,
rastrigin,value,ts,exact,gaussian,0.25,20,9,"x0,x1,x2,x3",4,-0.02352265616100091,0.022145549939148523,-0.00544390444503029,0.00039764366628425307,0.032764843217509096,-0.417749922732898,9.662689921346669,0.19325379842693335,-6.66075326497824,-0.07154832238446307,-4.41044286271341,,,,,,,
rastrigin,value,ts,exact,gaussian,1.0,0,9,"x0,x1,x2,x3",4,0.0,0.0,0.0,0.0,0.0,-1.3166299574660874,-17.43550554973254,-0.3487101109946509,-48.25983472600191,-1.2450629599141216,-36.64265542851592,,,,,,,
rastrigin,value,ts,exact,gaussian,1.0,20,9,"x0,x1,x2,x3",4,-3.403574695119427,6.482728705020263,6.991292161592743,0.2247164808697022,10.126142195015513,-1.1256311080868218,6.233925241763558,0.12467850483527121,-23.848665093401394,0.8085612842765488,3.72488120873075,,,,,,,
rastrigin,value,ts,exact,gaussian,5.0,0,9,"x0,x1,x2,x3",4,0.0,0.0,0.0,0.0,0.0,-0.5970897241639752,28.640155209153534,0.5728031041830706,-3.3535042987927994,1.79885492875665,117.1101833600664,,,,,,,
rastrigin,value,ts,exact,gaussian,5.0,20,9,"x0,x1,x2,x3",4,-0.7474405473095387,0.9828540322584347,6.991292161592743,0.9580136624608842,7.163841545337173,0.2679630893713154,13.209570544008216,0.2641914108801644,0.5392333621160077,1.6502023961120644,38.42576743119682,,,,,,,
stevens,value,ts,exact,gaussian,0.05,0,9,"x0,x1,x2,x3",4,0.0,0.0,0.0,0.0,0.0,0.0,0.09819447329262943,0.001963889465852575,0.030156651872321305,0.0,0.04057964011474802,,,,,,,
stevens,value,ts,exact,gaussian,0.05,20,9,"x0,x1,x2,x3",4,0.0,0.0,0.0,0.0,0.0,0.0,0.0,0.0,0.0,0.0,0.0,,,,,,,
stevens,value,ts,exact,gaussian,0.25,0,9,"x0,x1,x2,x3",4,0.0,0.0,0.0,0.0,0.0,0.0,2.408484033088417,0.0481696806617683,-0.0030981962160741006,0.0,0.0070101827480435475,,,,,,,
stevens,value,ts,exact,gaussian,0.25,20,9,"x0,x1,x2,x3",4,0.0,0.0,0.0,0.0,0.0,0.0,0.6711637861746702,0.013423275723493389,0.0,0.0,0.0,,,,,,,
stevens,value,ts,exact,gaussian,1.0,0,9,"x0,x1,x2,x3",4,0.0,0.0,0.0,0.0,0.0,0.0,73.09164490426014,1.461832898085203,-0.2867642203481884,1.1421878740308002,33.22149229828679,,,,,,,
stevens,value,ts,exact,gaussian,1.0,20,9,"x0,x1,x2,x3",4,0.0,0.0,0.0,0.0,0.0,0.0,31.328692366021404,0.6265738473204281,0.0,0.036785908680110335,10.72252288912563,,,,,,,
stevens,value,ts,exact,gaussian,5.0,0,9,"x0,x1,x2,x3",4,0.0,0.0,0.0,0.0,0.0,0.12265636661124768,137.35918530166384,2.7471837060332764,7.022247079873658,2.381107905883769,99.4446029135465,,,,,,,
stevens,value,ts,exact,gaussian,5.0,20,9,"x0,x1,x2,x3",4,0.0,-0.5321614618489956,-1.0,-0.04997243834552789,1.133884062006102,0.0,84.56222520963256,1.6912445041926514,0.0,2.450731021082124,52.44575204430694,,,,,,,
rosenbrock,value,ts,exact,gaussian,0.05,0,9,"x0,x1,x2,x3",4,0.0,0.0,0.0,0.0,0.0,-0.0022874915430650677,-10.992439338920583,-0.21984878677841163,0.41830075458822424,0.004701402621684059,0.9965651960340596,,,,,,,
rosenbrock,value,ts,exact,gaussian,0.05,20,9,"x0,x1,x2,x3",4,-0.0017716020333651272,-0.0032351421791423363,0.0,0.0,0.003688457493843365,-0.004274792335325461,-10.818111074689462,-0.2163622214937892,-0.00294015565140171,0.008506834064461621,0.19613708182632728,,,,,,,
rosenbrock,value,ts,exact,gaussian,0.25,0,9,"x0,x1,x2,x3",4,0.0,0.0,0.0,0.0,0.0,-0.001750470340832866,7.753877683952936,0.15507755367905873,0.5020083410003178,0.0095596630316237,1.7001330034004845,,,,,,,
rosenbrock,value,ts,exact,gaussian,0.25,20,9,"x0,x1,x2,x3",4,0.017246724103813005,0.04447277218807422,0.0,0.0,0.04769986329545811,0.0034364413587606446,-0.9928555927899367,-0.019857111855798748,0.0567012824195503,0.07478901771272328,2.0902497085074856,,,,,,,
rosenbrock,value,ts,exact,gaussian,1.0,0,9,"x0,x1,x2,x3",4,0.0,0.0,0.0,0.0,0.0,-0.005674079481260419,3.1802273071679323,0.06360454614335864,1.2528383172107258,0.5903556065869295,7.0816915376646055,,,,,,,
rosenbrock,value,ts,exact,gaussian,1.0,20,9,"x0,x1,x2,x3",4,2.958847414693931,8.84668008987103,0.5156708950933204,0.0,9.34261436151615,-0.008630500343120628,12.12131562809364,0.24242631256187286,-0.23893878927654066,0.28058722578859707,3.8721722090233905,,,,,,,
rosenbrock,value,ts,exact,gaussian,5.0,0,9,"x0,x1,x2,x3",4,0.0,0.0,0.0,0.0,0.0,-0.0037790156295909316,52.49431339738826,1.0498862679477652,0.32972309491897134,0.16776562604692802,28.558711147630103,,,,,,,
rosenbrock,value,ts,exact,gaussian,5.0,20,9,"x0,x1,x2,x3",4,-0.35803126594143997,8.84668008987103,14.191089767874379,-6.725480047442078,18.02806272643632,0.0034364413587606446,34.834496698317274,0.6966899339663456,0.0567012824195503,2.9473197607250583,57.86236498594704,,,,,,,
yerkes_dodson,value,ts,exact,gaussian,0.05,0,9,"x0,x1,x2,x3",4,0.0,0.0,0.0,0.0,0.0,0.014131650602561052,13.151845012970611,0.2630369002594124,12.913749251761189,0.014131650602561052,12.913749251761189,,,,,,,
yerkes_dodson,value,ts,exact,gaussian,0.05,20,9,"x0,x1,x2,x3",4,0.0004138914182904019,0.0001594156255550483,-0.00032753881887548353,0.004790152107708945,0.004821779582339319,0.008643120991563169,-3.2518379083583824,-0.06503675816716781,1.3608721407052329,0.04408658483295991,1.3960655790017569,,,,,,,
yerkes_dodson,value,ts,exact,gaussian,0.25,0,9,"x0,x1,x2,x3",4,0.0,0.0,0.0,0.0,0.0,0.334593938968879,28.52776440448845,0.5705552880897691,44.347190239696275,0.334593938968879,45.633376670432256,,,,,,,
yerkes_dodson,value,ts,exact,gaussian,0.25,20,9,"x0,x1,x2,x3",4,-0.006083636721746,-0.0024444424243476592,0.005444433236955315,-0.06380498738987905,0.0643716102301505,0.04512987532242407,-10.109541977567943,-0.20219083955135875,-1.9799866450488608,0.04512987532242407,-1.1395319069125378,,,,,,,
yerkes_dodson,value,ts,exact,gaussian,1.0,0,9,"x0,x1,x2,x3",4,0.0,0.0,0.0,0.0,0.0,0.6907529474591985,39.27179370443706,0.785435874088741,7.228381313480668,0.730748007473438,14.493282430548959,,,,,,,
yerkes_dodson,value,ts,exact,gaussian,1.0,20,9,"x0,x1,x2,x3",4,-0.07358695296187123,-0.04189149418931787,0.06035930116497634,-0.7817114971408323,0.788597518973343,0.22386120709661395,13.771929371507753,0.27543858743015504,2.9575070218034867,1.2497714152068768,35.43616854958235,,,,,,,
yerkes_dodson,value,ts,exact,gaussian,5.0,0,9,"x0,x1,x2,x3",4,0.0,0.0,0.0,0.0,0.0,0.6685840969003225,85.9052337786717,1.718104675573434,50.1084048393612,3.8536493295504197,131.0491414257892,,,,,,,
yerkes_dodson,value,ts,exact,gaussian,5.0,20,9,"x0,x1,x2,x3",4,0.011136307712714233,0.5415502968874004,0.05708483028564837,-0.7817114971408323,0.9527498538542037,1.4210993890096764,73.45232432323756,1.4690464864647512,32.289842478673506,3.285849264922317,97.0132204218778,,,,,,,
hartmann_6,value,ts,exact,gaussian,0.05,0,9,"x0,x1,x2,x3,x4,x5",6,0.0,0.0,0.0,0.0,0.0,3.4014445356188947,30.986228518421115,0.6197245703684224,68.44106434156504,3.4014445356188947,68.61384544420957,0.0,0.0,,,,,
hartmann_6,value,ts,exact,gaussian,0.05,20,9,"x0,x1,x2,x3,x4,x5",6,0.0,0.0,-2.982006644552948e-05,-1.203405834064239e-05,5.192445220673331e-05,0.4183047790626553,7.447488754643587,0.14894977509287166,36.46623733502457,0.4183047790626553,36.46623733502457,0.0,-4.0768784799249946e-05,,,,,
hartmann_6,value,ts,exact,gaussian,0.25,0,9,"x0,x1,x2,x3,x4,x5",6,0.0,0.0,0.0,0.0,0.0,-0.07453227717783228,-27.503340497428724,-0.550066809948575,-51.937067399463984,0.09435345840788312,-50.459101903631506,0.0,0.0,,,,,
hartmann_6,value,ts,exact,gaussian,0.25,20,9,"x0,x1,x2,x3,x4,x5",6,0.0,0.0,-0.00019292810049859055,0.00014302820985227175,0.00028602780623872986,0.8974645613367267,2.1097071750556893,0.0421941435011135,4.219617292385806,0.8974645613367267,6.1319427296725735,0.0,0.0001553498798396724,,,,,
hartmann_6,value,ts,exact,gaussian,1.0,0,9,"x0,x1,x2,x3,x4,x5",6,0.0,0.0,0.0,0.0,0.0,4.47859433832549,67.14149905012044,1.3428299810024091,93.63797343768528,4.843278847482422,115.46682122210615,0.0,0.0,,,,,
hartmann_6,value,ts,exact,gaussian,1.0,20,9,"x0,x1,x2,x3,x4,x5",6,0.09166455543572842,0.0,-0.013513843562713512,-0.007663144596604879,0.12736573110107996,4.218225030288245,61.02957678058203,1.2205915356116401,65.0771528045587,4.218225030288245,65.0771528045587,0.06921351890808491,-0.05279942976109764,,,,,
hartmann_6,value,ts,exact,gaussian,5.0,0,9,"x0,x1,x2,x3,x4,x5",6,0.0,0.0,0.0,0.0,0.0,3.7659542662791807,73.47886944352138,1.4695773888704275,-2.2944153241662093,7.470742461937769,151.50878173746298,0.0,0.0,,,,,
hartmann_6,value,ts,exact,gaussian,5.0,20,9,"x0,x1,x2,x3,x4,x5",6,0.0,1.0,0.29426301742955113,-0.007663144596604879,1.1598471518477345,4.310575683710317,67.6276806070241,1.3525536121404818,75.77260628390127,7.412816093981599,125.07363008092386,0.0925188514916338,-0.5000362292435597,,,,,
shekel,value,ts,exact,gaussian,0.05,0,9,"x0,x1,x2,x3",4,0.0,0.0,0.0,0.0,0.0,2.992185096518014,12.648543393889213,0.2529708678777851,46.37886899602927,2.992185096518014,46.37886899602927,,,,,,,
shekel,value,ts,exact,gaussian,0.05,20,9,"x0,x1,x2,x3",4,3.734887361872552e-05,-1.1210638342085133e-05,-5.876302001439626e-05,0.0,7.052452973141258e-05,0.07040597695939255,3.3329164501651576,0.06665832900330315,1.0912926428700302,0.07040597695939255,1.0912926428700302,,,,,,,
shekel,value,ts,exact,gaussian,0.25,0,9,"x0,x1,x2,x3",4,0.0,0.0,0.0,0.0,0.0,2.992185096518014,5.348328757645504,0.10696657515291008,46.37886899602927,2.992185096518014,46.37886899602927,,,,,,,
shekel,value,ts,exact,gaussian,0.25,20,9,"x0,x1,x2,x3",4,0.000923793270176887,0.0002839135535230852,0.0004167792194049724,0.0,0.0010524760470557184,2.992185096518014,16.59292398001344,0.33185847960027104,46.37886899602927,2.992185096518014,46.37886899602927,,,,,,,
shekel,value,ts,exact,gaussian,1.0,0,9,"x0,x1,x2,x3",4,0.0,0.0,0.0,0.0,0.0,1.0553328796707788,-12.414609414112874,-0.24829218828225663,22.168216285438575,1.0553328796707788,22.168216285438575,,,,,,,
shekel,value,ts,exact,gaussian,1.0,20,9,"x0,x1,x2,x3",4,-7.3733007431188895,0.044798147095512775,-3.1891704030715347,7.204895337729739,10.79114893836277,2.992185096518014,20.150272112598486,0.4030054422519669,46.37886899602927,2.992185096518014,46.37886899602927,,,,,,,
shekel,value,ts,exact,gaussian,5.0,0,9,"x0,x1,x2,x3",4,0.0,0.0,0.0,0.0,0.0,2.992185096518014,37.43077330720644,0.7486154661441304,46.37886899602927,2.992185096518014,46.37886899602927,,,,,,,
shekel,value,ts,exact,gaussian,5.0,20,9,"x0,x1,x2,x3",4,-7.271341969527964,0.15787452492959453,-3.1734976731541886,7.649896217663368,11.022220194950558,2.992185096518014,27.312645563117258,0.5462529112623429,46.37886899602927,2.992185096518014,46.37886899602927,,,,,,,
hicks_law,value,ts,exact,gaussian,0.05,0,9,"x0,x1,x2,x3",4,0.0,0.0,0.0,0.0,0.0,0.0,-8.399404723431587,-0.16798809446863183,0.011728697095861662,0.0,0.011728697095861662,,,,,,,
hicks_law,value,ts,exact,gaussian,0.05,20,9,"x0,x1,x2,x3",4,0.0,0.0,0.0,0.015969773278292188,0.015969773278292188,0.0,-3.968426958111671,-0.07936853916223352,0.0,0.0,0.0,,,,,,,
hicks_law,value,ts,exact,gaussian,0.25,0,9,"x0,x1,x2,x3",4,0.0,0.0,0.0,0.0,0.0,0.0,-8.361008120404499,-0.16722016240809012,3.131278052051133,0.0,3.131278052051133,,,,,,,
hicks_law,value,ts,exact,gaussian,0.25,20,9,"x0,x1,x2,x3",4,0.0,0.0,0.0,-0.11459924416891365,0.11459924416891365,0.0,-13.827041528921171,-0.2765408305784235,0.0,0.0,0.0,,,,,,,
hicks_law,value,ts,exact,gaussian,1.0,0,9,"x0,x1,x2,x3",4,0.0,0.0,0.0,0.0,0.0,0.0,0.614827326139725,0.012296546522794438,1.843338874945271,0.0,10.467860528240017,,,,,,,
hicks_law,value,ts,exact,gaussian,1.0,20,9,"x0,x1,x2,x3",4,0.0,0.0,0.0,-3.794049087880028,3.794049087880028,0.0,7.125521719169129,0.1425104343833825,0.0,0.0,0.0,,,,,,,
hicks_law,value,ts,exact,gaussian,5.0,0,9,"x0,x1,x2,x3",4,0.0,0.0,0.0,0.0,0.0,0.0,182.47742440232426,3.6495484880464852,99.910424578142,1.8191577017883174,215.7919397131223,,,,,,,
hicks_law,value,ts,exact,gaussian,5.0,20,9,"x0,x1,x2,x3",4,1.239882368807546,0.0,0.0,-0.34847937868357937,1.2879231987379933,0.0,98.40909652142659,1.968181930428532,0.0,3.8239647427515813,76.82311691790062,,,,,,,
branin,value,ts,exact,gaussian,0.05,0,9,"x0,x1",2,0.0,0.0,,,0.0,-0.0001305853229367493,1.9922057281289476,0.03984411456257897,0.08318314070923205,0.0028268154790487277,0.26386006005985463,,,,,,,
branin,value,ts,exact,gaussian,0.05,20,9,"x0,x1",2,-0.0008547930260718317,-1.6535001357009804e-05,,,0.0008549529365356409,-2.4631197740321298e-05,0.159304183223675,0.003186083664473538,0.005844377926150113,0.010131344241745222,0.5074485735007412,,,,,,,
branin,value,ts,exact,gaussian,0.25,0,9,"x0,x1",2,0.0,0.0,,,0.0,0.0006287804286815302,4.520973479512765,0.09041946959025532,0.8136383109972323,0.05723979125123568,2.275958206515851,,,,,,,
branin,value,ts,exact,gaussian,0.25,20,9,"x0,x1",2,0.022482560080431924,-0.004695136202877759,,,0.022967581756332216,0.0002512889625703174,3.8186206842730783,0.0763724136854616,0.005982338006305543,0.006066549149227107,0.17171725332602406,,,,,,,
branin,value,ts,exact,gaussian,1.0,0,9,"x0,x1",2,0.0,0.0,,,0.0,0.00560251040624693,8.289778194609166,0.1657955638921833,3.663845376244365,0.2690900142499759,20.74471740831004,,,,,,,
branin,value,ts,exact,gaussian,1.0,20,9,"x0,x1",2,0.4321673861747879,-0.07580763807773039,,,0.438765823263472,0.0002512889625703174,7.935559508170975,0.1587111901634195,0.005982338006305543,0.23741510359877616,4.444242522450547,,,,,,,
branin,value,ts,exact,gaussian,5.0,0,9,"x0,x1",2,0.0,0.0,,,0.0,0.07594307638947195,59.4845025355221,1.189690050710442,4.7735585758012276,0.5053084789419466,38.617977451895726,,,,,,,
branin,value,ts,exact,gaussian,5.0,20,9,"x0,x1",2,-7.783163304667729,7.3898397777475315,,,10.732537582878804,0.0002512889625703174,31.335913396982516,0.6267182679396504,0.005982338006305543,2.4168269463018515,42.18568453207248,,,,,,,
eggholder,value,ts,exact,gaussian,0.05,0,9,"x0,x1",2,0.0,0.0,,,0.0,-0.4600922517657786,-19.606019421787437,-0.39212038843574915,-10.274375588314854,-0.4600922517657786,-10.274375588314854,,,,,,,
eggholder,value,ts,exact,gaussian,0.05,20,9,"x0,x1",2,-0.08276922020621669,0.0064411880146622025,,,0.08301947191222922,-0.032379913953088924,6.7477005678460955,0.13495401135692164,0.2509224985139724,-0.032379913953088924,0.2509224985139724,,,,,,,
eggholder,value,ts,exact,gaussian,0.25,0,9,"x0,x1",2,0.0,0.0,,,0.0,-0.7500495779346605,-19.884008193065227,-0.3976801638613048,-16.30869184065682,-0.7285443974612755,-14.503429453293691,,,,,,,
eggholder,value,ts,exact,gaussian,0.25,20,9,"x0,x1",2,1.1933618033277753,-0.12605101155139664,,,1.2000005213144078,-1.0218320844741642,-0.622370206625277,-0.012447404132505557,-22.590493698783888,-1.0218320844741642,-22.561275283010758,,,,,,,
eggholder,value,ts,exact,gaussian,1.0,0,9,"x0,x1",2,0.0,0.0,,,0.0,-1.2514566714275854,-10.80907694349284,-0.21618153886985692,-13.86699810512907,0.9527755742798074,14.395676818042062,,,,,,,
eggholder,value,ts,exact,gaussian,1.0,20,9,"x0,x1",2,111.70262856765032,-15.818408233777006,,,112.81710538731649,-0.3262600823606059,2.143099200203636,0.042861984004072706,-3.072396877338832,-0.3262600823606059,-2.337378557286172,,,,,,,
eggholder,value,ts,exact,gaussian,5.0,0,9,"x0,x1",2,0.0,0.0,,,0.0,-0.9387841706720146,1.4257854889659711,0.028515709779319387,-27.63565792066956,0.5595683016885686,42.727744854366975,,,,,,,
eggholder,value,ts,exact,gaussian,5.0,20,9,"x0,x1",2,-360.6373448981916,35.80452710604601,,,362.41034573602445,-1.4684999424799938,-8.8428168865712,-0.17685633773142406,-34.47694500585046,0.7165433509728396,17.42286893041795,,,,,,,
weber_fechner,value,ts,exact,gaussian,0.05,0,9,"x0,x1,x2,x3",4,0.0,0.0,0.0,0.0,0.0,0.0,27.08765838717235,0.5417531677434471,-0.24596133946361176,0.0,-0.24596133946361176,,,,,,,
weber_fechner,value,ts,exact,gaussian,0.05,20,9,"x0,x1,x2,x3",4,0.0,0.0,0.0,0.0,0.0,0.0,13.305510601166041,0.2661102120233208,0.0,0.0,0.0,,,,,,,
weber_fechner,value,ts,exact,gaussian,0.25,0,9,"x0,x1,x2,x3",4,0.0,0.0,0.0,0.0,0.0,0.010730556543478098,53.57939357095596,1.0715878714191194,0.4504015716810601,0.19448993543904747,7.85830186903441,,,,,,,
weber_fechner,value,ts,exact,gaussian,0.25,20,9,"x0,x1,x2,x3",4,0.0,0.0,0.0,0.0,0.0,0.0,24.72494344603984,0.4944988689207968,0.0,0.0,0.0,,,,,,,
weber_fechner,value,ts,exact,gaussian,1.0,0,9,"x0,x1,x2,x3",4,0.0,0.0,0.0,0.0,0.0,0.0,45.971853666728975,0.9194370733345796,-0.0989715655126715,0.08060366527017271,2.1890609528994376,,,,,,,
weber_fechner,value,ts,exact,gaussian,1.0,20,9,"x0,x1,x2,x3",4,-0.07405816651006858,0.0,-0.022826921597869476,0.0,0.07749632492233631,0.0,21.01475963826113,0.4202951927652226,0.0,0.3125746682862691,5.319915406118483,,,,,,,
weber_fechner,value,ts,exact,gaussian,5.0,0,9,"x0,x1,x2,x3",4,0.0,0.0,0.0,0.0,0.0,0.0,97.44641333504514,1.948928266700903,-0.3513206185767599,0.06369793327216566,14.205559357270849,,,,,,,
weber_fechner,value,ts,exact,gaussian,5.0,20,9,"x0,x1,x2,x3",4,-0.19827508516992565,-0.3669854102187492,-1.0,0.0,1.083508791248398,0.0,77.70358518196423,1.5540717036392848,0.0,0.9677977291451474,26.834884651896875,,,,,,,
moving_peaks,value,ts,exact,gaussian,0.05,0,9,"x0,x1,x2,x3",4,0.0,0.0,0.0,0.0,0.0,0.13569230867075,1.6726592815953722,0.033453185631907356,8.881238411629504,0.13569230867075,8.881238411629504,,,,,,,
moving_peaks,value,ts,exact,gaussian,0.05,20,9,"x0,x1,x2,x3",4,-3.967488630796101e-06,0.00039947117669292265,-0.00036543352208806557,0.006407143187015296,0.0064299781057136325,-0.19041570510037342,-3.1121049534700376,-0.06224209906940059,-3.9127244110894424,-0.19041570510037342,-3.9127244110894424,,,,,,,
moving_peaks,value,ts,exact,gaussian,0.25,0,9,"x0,x1,x2,x3",4,0.0,0.0,0.0,0.0,0.0,-0.14734048478056483,5.331909005982084,0.10663818011964166,0.7547209026624273,-0.14734048478056483,3.6135322030745627,,,,,,,
moving_peaks,value,ts,exact,gaussian,0.25,20,9,"x0,x1,x2,x3",4,0.0002808109198131348,-0.004971488544984082,0.0049932032199360155,-0.08074056160291099,0.08104791742836233,-0.19624301300837033,10.47673816432848,0.20953476328656961,1.75114589975761,-0.19624301300837033,1.75114589975761,,,,,,,
moving_peaks,value,ts,exact,gaussian,1.0,0,9,"x0,x1,x2,x3",4,0.0,0.0,0.0,0.0,0.0,0.562299892500377,25.377482447671753,0.507549648953435,29.30039103600479,1.6960237372007327,59.8599068114549,,,,,,,
moving_peaks,value,ts,exact,gaussian,1.0,20,9,"x0,x1,x2,x3",4,-0.015320322586928697,0.2955726716066873,-0.042886830527040454,0.3939174790541017,0.4945787874766526,0.5122172122431006,16.95418624480604,0.33908372489612093,15.97030994771216,0.5122172122431006,21.645787772745017,,,,,,,
moving_peaks,value,ts,exact,gaussian,5.0,0,9,"x0,x1,x2,x3",4,0.0,0.0,0.0,0.0,0.0,0.10556589770060709,44.89800517996957,0.8979601035993916,30.94630297776056,1.9223570986213718,85.43778873336092,,,,,,,
moving_peaks,value,ts,exact,gaussian,5.0,20,9,"x0,x1,x2,x3",4,0.4296165348571719,-0.7044273283933127,0.42311222743282995,0.10623271517228561,0.9333260817024618,0.6513059165184942,40.42957459385872,0.8085914918771744,17.01347522977762,3.3253520456326595,95.2586249058397,,,,,,,
levy_10,value,ts,exact,gaussian,0.05,0,9,"x0,x1,x2,x3,x4,x5,x6,x7,x8,x9,x10",11,0.0,0.0,0.0,0.0,0.0,-0.08762033601984309,20.432218225611052,0.4086443645122211,-0.13143050402976542,0.0,0.0,0.0,0.0,0.0,0.0,0.0,0.0,0.0
levy_10,value,ts,exact,gaussian,0.05,20,9,"x0,x1,x2,x3,x4,x5,x6,x7,x8,x9,x10",11,0.0,-0.029470440331431647,-0.03943846169286225,0.0,0.18175599398857442,-0.8723097189534827,-9.900536790611852,-0.19801073581223694,-11.776181205872007,-0.8723097189534827,-11.776181205872007,-0.06062596520037289,0.008100345300013245,0.08023520766831282,0.0,0.10298743988774461,-0.0989913192535461,-0.005180383627108043
levy_10,value,ts,exact,gaussian,0.25,0,9,"x0,x1,x2,x3,x4,x5,x6,x7,x8,x9,x10",11,0.0,0.0,0.0,0.0,0.0,0.0,8.648406495919346,0.17296812991838628,0.0,0.0,0.0,0.0,0.0,0.0,0.0,0.0,0.0,0.0
levy_10,value,ts,exact,gaussian,0.25,20,9,"x0,x1,x2,x3,x4,x5,x6,x7,x8,x9,x10",11,0.0,0.010543239280486283,-0.05330493213367049,0.0,0.20784121705082897,-0.7100675344895562,-11.584326813796963,-0.23168653627593994,-5.190449224175595,-0.6507669642266465,-4.880752231699859,-0.09290032035546947,-0.02782373821755968,0.09481945672352055,0.0,0.10765500499095282,-0.09608223933030402,-0.0320724134210284
levy_10,value,ts,exact,gaussian,1.0,0,9,"x0,x1,x2,x3,x4,x5,x6,x7,x8,x9,x10",11,0.0,0.0,0.0,0.0,0.0,0.0,47.994511736089805,0.9598902347217955,0.0,1.6592659997076007,5.807430998976599,0.0,0.0,0.0,0.0,0.0,0.0,0.0
levy_10,value,ts,exact,gaussian,1.0,20,9,"x0,x1,x2,x3,x4,x5,x6,x7,x8,x9,x10",11,0.0,0.8011965986392582,0.003586420721356731,0.0,2.778142171588453,0.0,-1.4373918816878017,-0.028747837633756212,0.0,1.201641895898209,13.81888180282941,-1.1426844818006723,-1.083041309990107,0.7383221707858905,0.0,1.8969084751925855,-0.6101377079793746,-0.28598838359375284
levy_10,value,ts,exact,gaussian,5.0,0,9,"x0,x1,x2,x3,x4,x5,x6,x7,x8,x9,x10",11,0.0,0.0,0.0,0.0,0.0,-0.10561953382983047,7.1340925801998765,0.1426818516039976,-3.327015315639642,1.181203873716837,59.442177241260936,0.0,0.0,0.0,0.0,0.0,0.0,0.0
levy_10,value,ts,exact,gaussian,5.0,20,9,"x0,x1,x2,x3,x4,x5,x6,x7,x8,x9,x10",11,-20.0,-1.299426162870887,-8.779087999839954,18.953722436705597,41.62140615900296,0.0,43.50390404721588,0.8700780809443174,0.0,4.3576293327964,87.33882466486278,1.7817676288403757,-16.602804292222515,-3.327941618334947,20.0,-8.358386944715825,-11.596719748311612,-0.2956671790663549
power_law_practice,value,ts,exact,gaussian,0.05,0,9,"x0,x1,x2,x3",4,0.0,0.0,0.0,0.0,0.0,0.0,1.3950194204507707,0.027900388409015403,0.009825484795189077,0.0,0.009825484795189077,,,,,,,
power_law_practice,value,ts,exact,gaussian,0.05,20,9,"x0,x1,x2,x3",4,0.0,0.0,0.0,0.0,0.0,0.0,-0.3403927867693497,-0.006807855735387003,0.0,0.0,0.0,,,,,,,
power_law_practice,value,ts,exact,gaussian,0.25,0,9,"x0,x1,x2,x3",4,0.0,0.0,0.0,0.0,0.0,0.0,11.529970458427483,0.23059940916854965,0.5658846249531311,0.08532278487118328,3.2535523483954045,,,,,,,
power_law_practice,value,ts,exact,gaussian,0.25,20,9,"x0,x1,x2,x3",4,0.0,0.0,0.0,0.0,0.0,0.0,1.5791813592368626,0.031583627184737256,0.0,0.0,0.0,,,,,,,
power_law_practice,value,ts,exact,gaussian,1.0,0,9,"x0,x1,x2,x3",4,0.0,0.0,0.0,0.0,0.0,0.0,33.425633214007156,0.6685126642801431,1.0372899090595409,0.0,16.24806931245093,,,,,,,
power_law_practice,value,ts,exact,gaussian,1.0,20,9,"x0,x1,x2,x3",4,0.0,0.0,-0.7768653049011736,0.0,0.7768653049011736,0.0,23.215104313951308,0.46430208627902614,0.0,0.7209744298465314,8.291205943235111,,,,,,,
power_law_practice,value,ts,exact,gaussian,5.0,0,9,"x0,x1,x2,x3",4,0.0,0.0,0.0,0.0,0.0,0.038300308415608386,63.374667966046495,1.2674933593209299,3.9732562752555682,0.6347691981230392,38.654742814705024,,,,,,,
power_law_practice,value,ts,exact,gaussian,5.0,20,9,"x0,x1,x2,x3",4,0.0,-0.19775785427305004,-1.0,-0.2205221103644771,1.042946868294969,0.0,42.26447263013817,0.8452894526027634,0.0,0.8762697709228905,22.698986416938787,,,,,,,
hartmann_3,value,ts,exact,gaussian,0.05,0,9,"x0,x1,x2",3,0.0,0.0,0.0,,0.0,-0.004576943150180757,10.981527644640963,0.2196305528928192,1.5814837025767972,0.00406071168033284,1.7364735286794897,,,,,,,
hartmann_3,value,ts,exact,gaussian,0.05,20,9,"x0,x1,x2",3,0.0,0.00010892780820026537,-2.8590239666836936e-06,,0.00010896532208623013,0.0,0.3844485099044732,0.007688970198089451,0.0,0.0014373882299101304,0.12012821630386838,,,,,,,
hartmann_3,value,ts,exact,gaussian,0.25,0,9,"x0,x1,x2",3,0.0,0.0,0.0,,0.0,-0.003371987848518998,-1.4677941368689673,-0.029355882737379435,-2.1830097140128153,0.013526326576535297,-0.7700821102309092,,,,,,,
hartmann_3,value,ts,exact,gaussian,0.25,20,9,"x0,x1,x2",3,0.0,-0.0010868323792293522,0.00022772744086740904,,0.0011104343329820785,0.0,1.3834235361401852,0.02766847072280365,0.0,0.0030535262522026763,0.08702549818777783,,,,,,,
hartmann_3,value,ts,exact,gaussian,1.0,0,9,"x0,x1,x2",3,0.0,0.0,0.0,,0.0,0.2981557154540164,78.6318301818228,1.572636603636456,13.99629199987659,0.5781702499481187,23.28449552248678,,,,,,,
hartmann_3,value,ts,exact,gaussian,1.0,20,9,"x0,x1,x2",3,0.1419468207528351,-0.012936417461224647,0.01830810978651143,,0.14370608095179385,0.0,10.664047538512968,0.21328095077025933,0.0,0.14089387986490198,3.3538254926783395,,,,,,,
hartmann_3,value,ts,exact,gaussian,5.0,0,9,"x0,x1,x2",3,0.0,0.0,0.0,,0.0,1.3087063330241284,123.87527946745058,2.4775055893490117,49.21852647168513,2.4703885960484846,127.60645741029717,,,,,,,
hartmann_3,value,ts,exact,gaussian,5.0,20,9,"x0,x1,x2",3,0.8455725710188767,-0.1803200789509813,0.07194320383542896,,0.8675737019472568,0.0,83.22657643321286,1.664531528664257,0.0,3.3379797645686797,92.50305625177728,,,,,,,
steering_law,value,ts,exact,gaussian,0.05,0,9,"x0,x1,x2,x3",4,0.0,0.0,0.0,0.0,0.0,-2.9041670039919865e-06,3.604891627292103,0.07209783254584207,0.19560138504762925,0.0010382202560603737,0.6733864473439519,,,,,,,
steering_law,value,ts,exact,gaussian,0.05,20,9,"x0,x1,x2,x3",4,0.00012120715733221488,0.0,-0.0010517627361371629,0.0,0.001058723773283328,0.0001943369166848008,2.7678011708738737,0.05535602341747747,0.07991278135696911,0.0001943369166848008,0.34703137430287345,,,,,,,
steering_law,value,ts,exact,gaussian,0.25,0,9,"x0,x1,x2,x3",4,0.0,0.0,0.0,0.0,0.0,0.013316139908251312,21.55217730710373,0.43104354614207463,1.0139827760343927,0.13842553638861887,5.837100249094004,,,,,,,
steering_law,value,ts,exact,gaussian,0.25,20,9,"x0,x1,x2,x3",4,-0.0012584537880589997,0.0,0.010182026785140907,0.0,0.010259501712559287,-1.2348227771630249e-05,0.9554483136457073,0.01910896627291417,0.022585070225446646,0.004787238218509016,0.11490629995133039,,,,,,,
steering_law,value,ts,exact,gaussian,1.0,0,9,"x0,x1,x2,x3",4,0.0,0.0,0.0,0.0,0.0,0.00045430034532323305,37.64124785672841,0.7528249571345683,8.883646783376314,0.2514471370818656,20.68882585595444,,,,,,,
steering_law,value,ts,exact,gaussian,1.0,20,9,"x0,x1,x2,x3",4,-0.021283260878172228,0.0,-0.12431111820724583,-0.06153947324291309,0.14033295432848053,0.008928417597921845,23.325282173051985,0.46650564346103973,0.23292991226459625,0.3735376176941223,8.30652349347008,,,,,,,
steering_law,value,ts,exact,gaussian,5.0,0,9,"x0,x1,x2,x3",4,0.0,0.0,0.0,0.0,0.0,0.13554816054390328,56.005694898796776,1.1201138979759357,6.401304364577733,0.3699903840390327,26.704213914357158,,,,,,,
steering_law,value,ts,exact,gaussian,5.0,20,9,"x0,x1,x2,x3",4,-0.9618055030481576,0.6798794923866136,-0.12431111820724583,0.0,1.1843813591793544,0.0010906167557389601,45.65312370551398,0.9130624741102796,0.036632888466077596,2.1935695230929513,36.273624411981714,,,,,,,
griewank,value,ts,exact,gaussian,0.05,0,10,"x0,x1,x2,x3,x4,x5",6,0.0,0.0,0.0,0.0,0.0,0.01036406898916864,2.2547516148762554,0.045095032297525206,2.5606035853392513,0.015896793014469335,2.949387262966674,0.0,0.0,,,,,
griewank,value,ts,exact,gaussian,0.05,20,10,"x0,x1,x2,x3,x4,x5",6,-25.365633413048386,-4.398123584050353,12.286948501287043,112.03704638273689,116.90928366927956,0.013401872280908833,1.1001876237577193,0.022003752475154403,0.5148252384723726,0.044309000599721315,0.9912030567321715,-1.3868812399086892,-17.315584117895384,,,,,
griewank,value,ts,exact,gaussian,0.25,0,10,"x0,x1,x2,x3,x4,x5",6,0.0,0.0,0.0,0.0,0.0,0.028737932119648146,9.98851573891389,0.1997703147782779,-1.9495310884015389,0.11169256847728448,-1.0816087791037994,0.0,0.0,,,,,
griewank,value,ts,exact,gaussian,0.25,20,10,"x0,x1,x2,x3,x4,x5",6,-37.28264679918007,-12.59316495688671,64.05199638527245,498.7126696710979,510.2567699772965,0.023830952083220502,7.230655898921881,0.14461311797843757,0.7145783851161305,0.05528528739552341,2.116099832554074,-69.81060844462247,-33.50942507502853,,,,,
griewank,value,ts,exact,gaussian,1.0,0,10,"x0,x1,x2,x3,x4,x5",6,0.0,0.0,0.0,0.0,0.0,0.7381604939767303,81.26892793328891,1.6253785586657783,20.993167397484303,0.8239055885346849,21.293275228437142,0.0,0.0,,,,,
griewank,value,ts,exact,gaussian,1.0,20,10,"x0,x1,x2,x3,x4,x5",6,-35.81063439051874,-0.6475615667275463,80.82950497106039,498.7126696710979,512.800773671308,0.8239055885346849,101.68123587754563,2.0336247175509126,21.293275228437142,1.7315299974756433,47.42507033630322,-69.32550978251756,-40.3491082368832,,,,,
griewank,value,ts,exact,gaussian,5.0,0,10,"x0,x1,x2,x3,x4,x5",6,0.0,0.0,0.0,0.0,0.0,0.8239055885346849,112.10255858348727,2.242051171669745,21.293275228437142,4.753774750046093,146.01479084266907,0.0,0.0,,,,,
griewank,value,ts,exact,gaussian,5.0,20,10,"x0,x1,x2,x3,x4,x5",6,-95.34568365981517,-11.957311601978915,144.76929976462847,498.7126696710979,539.7298464904467,0.8239055885346849,97.9214250231925,1.9584285004638498,21.293275228437142,3.7539398819466103,83.73947332082052,-58.43371607783301,-94.80271240749167,,,,,
hartmann_6,value,ts,exact,gaussian,0.05,0,10,"x0,x1,x2,x3,x4,x5",6,0.0,0.0,0.0,0.0,0.0,-0.1766275354988709,-6.397140922865731,-0.12794281845731437,20.884452734851692,-0.1682338375976995,20.979190209307177,0.0,0.0,,,,,
hartmann_6,value,ts,exact,gaussian,0.05,20,10,"x0,x1,x2,x3,x4,x5",6,0.0004429535997371725,0.013485369094080712,-0.0001114619438706832,0.0017470968301074308,0.013729827036431863,0.30463751759386337,-3.5378374427351673,-0.07075674885470296,-1.5924735349450714,0.30463751759386337,-1.5924735349450714,-0.00016447341238917668,0.001834377374790197,,,,,
hartmann_6,value,ts,exact,gaussian,0.25,0,10,"x0,x1,x2,x3,x4,x5",6,0.0,0.0,0.0,0.0,0.0,0.9057463263665175,32.40338534877907,0.6480677069755814,12.66088707618863,0.9694328276065081,20.758149935998745,0.0,0.0,,,,,
hartmann_6,value,ts,exact,gaussian,0.25,20,10,"x0,x1,x2,x3,x4,x5",6,0.000896738358079241,0.06543969822998053,-0.037905365838437954,0.009057189383179898,0.07793340384086421,0.08440869490222358,0.5237491417110505,0.010474982834221436,-22.577530174478937,0.08440869490222358,-20.759791413690948,0.0034033202201215196,0.016125295740548995,,,,,
hartmann_6,value,ts,exact,gaussian,1.0,0,10,"x0,x1,x2,x3,x4,x5",6,0.0,0.0,0.0,0.0,0.0,3.609712978247858,69.60365441850928,1.3920730883701857,55.82939888828105,3.609712978247858,61.600341113760976,0.0,0.0,,,,,
hartmann_6,value,ts,exact,gaussian,1.0,20,10,"x0,x1,x2,x3,x4,x5",6,0.00032183260627055565,0.06543969822998053,-0.08815611745494312,0.01023999497917738,0.11340234086112311,0.7464187025533517,1.148201821408179,0.02296403642816358,-2.044914934725199,1.1233965615186472,5.422369624602794,0.009648034956734552,0.024661510734245384,,,,,
hartmann_6,value,ts,exact,gaussian,5.0,0,10,"x0,x1,x2,x3,x4,x5",6,0.0,0.0,0.0,0.0,0.0,3.782835436479857,92.48129811344864,1.8496259622689735,70.25484543890224,7.852820846650054,193.89237352912875,0.0,0.0,,,,,
hartmann_6,value,ts,exact,gaussian,5.0,20,10,"x0,x1,x2,x3,x4,x5",6,-0.11770979193272946,-0.15427823776957805,0.01117041951763087,0.08118394980891097,0.35738750309382855,3.844965183570043,58.998496030293325,1.179969920605867,47.23359394886711,5.374300306341588,84.37025923732261,0.11597000774576971,0.26439327322414774,,,,,
schwefel,value,ts,exact,gaussian,0.05,0,10,"x0,x1,x2,x3",4,0.0,0.0,0.0,0.0,0.0,-0.2849298702851435,0.45327954547806826,0.009065590909560939,-6.631088854370219,-0.2849298702851435,-6.457559377482966,,,,,,,
schwefel,value,ts,exact,gaussian,0.05,20,10,"x0,x1,x2,x3",4,0.0,-2.0216112931061616,0.37097520620727664,0.9781116736028252,2.276233131749254,-0.26044648304229545,-1.9218628804927675,-0.03843725760985528,3.2031217379962413,-0.26044648304229545,3.2031217379962413,,,,,,,
schwefel,value,ts,exact,gaussian,0.25,0,10,"x0,x1,x2,x3",4,0.0,0.0,0.0,0.0,0.0,-0.072468982741408,-11.81023520566012,-0.23620470411320227,-2.7769532904136867,0.003624589958445057,5.024833006900508,,,,,,,
schwefel,value,ts,exact,gaussian,0.25,20,10,"x0,x1,x2,x3",4,0.0,-14.82483820092395,3.2310334837614505,7.759250199390408,17.04175368656353,0.08541478532563218,-0.7129359966183699,-0.014258719932367825,3.385473513934812,0.08541478532563218,3.385473513934812,,,,,,,
schwefel,value,ts,exact,gaussian,1.0,0,10,"x0,x1,x2,x3",4,0.0,0.0,0.0,0.0,0.0,0.30758050163224127,6.592630880450486,0.13185261760900957,17.710055035659224,1.0361211220574482,41.1476244830956,,,,,,,
schwefel,value,ts,exact,gaussian,1.0,20,10,"x0,x1,x2,x3",4,0.0,-21.187444591171243,5.0013228683390025,11.892241944437956,24.806177803167735,0.2634985061959463,2.174308341146741,0.04348616682293471,5.34106336538926,0.9344654585513701,6.7583734792648045,,,,,,,
schwefel,value,ts,exact,gaussian,5.0,0,10,"x0,x1,x2,x3",4,0.0,0.0,0.0,0.0,0.0,0.33136585597682355,-5.581719205121573,-0.1116343841024312,14.039430691014303,1.7658759335075969,61.07092288765952,,,,,,,
schwefel,value,ts,exact,gaussian,5.0,20,10,"x0,x1,x2,x3",4,0.0,-24.598189777739094,15.603649088730066,34.74108449298842,45.33748732533437,-0.3981295861041816,-7.679723941963346,-0.1535944788392669,2.445864671155846,1.6990426638703413,44.4917857382639,,,,,,,
powell,value,ts,exact,gaussian,0.05,0,10,"x0,x1,x2,x3",4,0.0,0.0,0.0,0.0,0.0,0.010290457951503296,2.141196609770411,0.042823932195408254,1.3422665025848808,0.0811714898615743,4.246325831775891,,,,,,,
powell,value,ts,exact,gaussian,0.05,20,10,"x0,x1,x2,x3",4,0.0,-0.036965326460285386,-0.10028306671413478,0.0,0.10687903830923574,0.0003113935377203614,2.9936005029882224,0.0598720100597645,0.001089877382021598,0.012611921817822225,0.13024542432309172,,,,,,,
powell,value,ts,exact,gaussian,0.25,0,10,"x0,x1,x2,x3",4,0.0,0.0,0.0,0.0,0.0,-0.0012765421520393172,-1.1395507797571938,-0.02279101559514385,0.9663090779949819,0.17830647170365543,6.738465647157742,,,,,,,
powell,value,ts,exact,gaussian,0.25,20,10,"x0,x1,x2,x3",4,0.0,-0.2865590152787547,-1.045063019783231,0.0,1.0836386780453968,0.0003113935377203614,3.779115857384191,0.07558231714768382,0.001089877382021598,0.12983972217795547,4.5099516296447515,,,,,,,
powell,value,ts,exact,gaussian,1.0,0,10,"x0,x1,x2,x3",4,0.0,0.0,0.0,0.0,0.0,0.007288808653068801,26.291560287205556,0.5258312057441112,0.291251929335135,0.9055937740814429,19.655967332204145,,,,,,,
powell,value,ts,exact,gaussian,1.0,20,10,"x0,x1,x2,x3",4,0.0,-0.39708643151016876,-1.6612750970049461,0.0,1.7080727683615453,0.0003113935377203614,13.20711983267418,0.2641423966534837,0.001089877382021598,0.3124757287320253,9.095481541473866,,,,,,,
powell,value,ts,exact,gaussian,5.0,0,10,"x0,x1,x2,x3",4,0.0,0.0,0.0,0.0,0.0,0.07393208333650225,10.809292352877712,0.21618584705755417,4.256302919521145,0.943084391097477,37.05697112912165,,,,,,,
powell,value,ts,exact,gaussian,5.0,20,10,"x0,x1,x2,x3",4,6.170624199832072,5.1500192058916685,7.338724902995055,5.7202240737458325,12.295411643873798,0.0003113935377203614,27.277628052892084,0.5455525610578418,0.001089877382021598,0.6384503864433756,15.361490524483521,,,,,,,
shekel,value,ts,exact,gaussian,0.05,0,10,"x0,x1,x2,x3",4,0.0,0.0,0.0,0.0,0.0,-0.12168841312036704,6.896855454386696,0.13793710908773704,-98.55771232328516,-0.12168841312036704,-98.55771232328516,,,,,,,
shekel,value,ts,exact,gaussian,0.05,20,10,"x0,x1,x2,x3",4,0.02055702089708067,-0.0020379464282163084,0.004116415833112175,0.011311700604272446,0.023909073250109155,-6.196372867057384,-57.76343766921673,-1.155268753384334,-120.25248169734687,-6.196372867057384,-120.25248169734687,,,,,,,
shekel,value,ts,exact,gaussian,0.25,0,10,"x0,x1,x2,x3",4,0.0,0.0,0.0,0.0,0.0,1.8618834969463904,6.907074134667255,0.13814148269334936,-23.79739448925966,2.102153298854212,-17.365951185740414,,,,,,,
shekel,value,ts,exact,gaussian,0.25,20,10,"x0,x1,x2,x3",4,0.07849822007092122,-0.01805239336282316,0.026886079686701425,0.0729007289081407,0.11191620533545069,-9.021078062982575,-39.75657991739763,-0.7951315983479503,-66.35051545379292,-9.021078062982575,-66.0885899822947,,,,,,,
shekel,value,ts,exact,gaussian,1.0,0,10,"x0,x1,x2,x3",4,0.0,0.0,0.0,0.0,0.0,2.157884649321808,29.212022007182895,0.5842404401436596,-52.86757017638547,3.6092076821157235,-16.616894118332766,,,,,,,
shekel,value,ts,exact,gaussian,1.0,20,10,"x0,x1,x2,x3",4,8.898007963467137,-0.6342716353187887,-0.6337055650423755,-2.849042299465752,9.385918761240443,3.1319507773117152,48.22802027233456,0.9645604054466972,28.74470276742477,4.538469841744202,50.95624695397555,,,,,,,
shekel,value,ts,exact,gaussian,5.0,0,10,"x0,x1,x2,x3",4,0.0,0.0,0.0,0.0,0.0,4.345299260583438,53.727668603674374,1.0745533720734883,58.81814525914615,7.644563989661485,127.46787171365759,,,,,,,
shekel,value,ts,exact,gaussian,5.0,20,10,"x0,x1,x2,x3",4,9.748476177417,-0.49749647042485723,-0.595382392813625,-2.6427017409968854,10.130086041356826,5.406909632743975,61.08613706427923,1.221722741285589,63.595391933868996,7.695333376860333,106.57963383086144,,,,,,,
michalewicz,value,ts,exact,gaussian,0.05,0,10,"x0,x1,x2,x3,x4",5,0.0,0.0,0.0,0.0,0.0,0.09978407341672746,3.319469161821644,0.06638938323643284,-3.6487402946342513,0.09978407341672746,-3.5522568407755557,0.0,,,,,,
michalewicz,value,ts,exact,gaussian,0.05,20,10,"x0,x1,x2,x3,x4",5,0.0,-0.007316606480094023,0.00682899248201263,-0.007019054739316299,0.012224767449391515,-2.1967175529997016,-24.497554396762837,-0.489951087935256,-36.23006412595737,-2.1967175529997016,-36.23006412595737,-9.970483561394516e-05,,,,,,
michalewicz,value,ts,exact,gaussian,0.25,0,10,"x0,x1,x2,x3,x4",5,0.0,0.0,0.0,0.0,0.0,0.04664381892376124,13.940920130048426,0.2788184026009697,-1.0369067973758774,0.04664381892376124,1.1453716532346903,0.0,,,,,,
michalewicz,value,ts,exact,gaussian,0.25,20,10,"x0,x1,x2,x3,x4",5,0.0,-0.05537662071246974,0.06627961764699242,-0.052182902775169904,0.10101182964969094,-0.06509472348282141,-2.394585681371325,-0.04789171362742639,-3.1993601002832293,0.05659125106088769,-1.5565994439431279,0.004558130117833681,,,,,,
michalewicz,value,ts,exact,gaussian,1.0,0,10,"x0,x1,x2,x3,x4",5,0.0,0.0,0.0,0.0,0.0,-1.2705451510086592,9.471362613292172,0.18942725226584312,-79.61852274030468,-1.2705451510086592,-77.97491862125443,0.0,,,,,,
michalewicz,value,ts,exact,gaussian,1.0,20,10,"x0,x1,x2,x3,x4",5,0.0,-0.08452179607402543,0.11538260548495494,-0.0780602804731263,0.1633688056846385,0.5918632133536192,15.980569271506909,0.31961138543013856,12.473136503719331,1.4121751682029915,28.46921962328213,0.011784719903592533,,,,,,
michalewicz,value,ts,exact,gaussian,5.0,0,10,"x0,x1,x2,x3,x4",5,0.0,0.0,0.0,0.0,0.0,1.8259089845460998,30.985350124322906,0.6197070024864582,49.43943763524186,1.8259089845460998,57.69246236934123,0.0,,,,,,
michalewicz,value,ts,exact,gaussian,5.0,20,10,"x0,x1,x2,x3,x4",5,0.0,-0.5387642274213348,-0.729176096644746,-2.181127591753402,2.3632517554740895,0.23969139207649093,22.97838088645699,0.4595676177291397,2.7884114185982867,3.362987727780749,75.40457888874181,0.07534331806069727,,,,,,
ackley,value,ts,exact,gaussian,0.05,0,10,"x0,x1,x2,x3",4,0.0,0.0,0.0,0.0,0.0,8.048643214032214,35.5771059626901,0.711542119253803,66.00228531423431,8.048643214032214,66.91298918890698,,,,,,,
ackley,value,ts,exact,gaussian,0.05,20,10,"x0,x1,x2,x3",4,-0.43848016906035525,0.4691747096136538,0.41556504366256064,-0.30396514908512984,0.8230910546062722,-0.6623044640603659,-36.18579177928143,-0.7237158355856295,-40.88262014389136,-0.6623044640603659,-40.88262014389136,,,,,,,
ackley,value,ts,exact,gaussian,0.25,0,10,"x0,x1,x2,x3",4,0.0,0.0,0.0,0.0,0.0,-1.8189230397972924,-45.81147935739568,-0.9162295871479138,-110.54392617040992,-1.8189230397972924,-107.37952535783643,,,,,,,
ackley,value,ts,exact,gaussian,0.25,20,10,"x0,x1,x2,x3",4,8.430707978771366,23.09453293645783,-14.868738547849988,-37.60399761101845,47.324140889299365,0.5809366342819544,-33.5448950326296,-0.6708979006525908,-102.9333026880679,0.5809366342819544,-102.33901451704196,,,,,,,
ackley,value,ts,exact,gaussian,1.0,0,10,"x0,x1,x2,x3",4,0.0,0.0,0.0,0.0,0.0,10.410356551554049,59.77693818826344,1.1955387637652706,79.0420989286498,11.15412665537302,94.67642359406568,,,,,,,
ackley,value,ts,exact,gaussian,1.0,20,10,"x0,x1,x2,x3",4,8.430707978771366,22.678651273045375,-14.563859383769357,-37.11581310114439,46.63783488646327,10.458950712988187,53.14851758757766,1.0629703517515523,58.45286645926171,11.254967821874896,64.72949903689334,,,,,,,
ackley,value,ts,exact,gaussian,5.0,0,10,"x0,x1,x2,x3",4,0.0,0.0,0.0,0.0,0.0,10.509915327632207,67.88730438488403,1.3577460876976808,71.5418104944672,11.783437646302911,109.65758798453771,,,,,,,
ackley,value,ts,exact,gaussian,5.0,20,10,"x0,x1,x2,x3",4,-5.469109983871931,16.79888783461507,12.296893282644486,-44.0923270242879,49.065881051064004,8.656626690134878,64.59665843003643,1.2919331686007283,7.320646700737598,12.884931055482532,125.17985249430103,,,,,,,
rastrigin,value,ts,exact,gaussian,0.05,0,10,"x0,x1,x2,x3",4,0.0,0.0,0.0,0.0,0.0,0.584953767055755,-11.253169806440525,-0.2250633961288102,-10.29240471275078,0.6731269984293382,-10.160144865690413,,,,,,,
rastrigin,value,ts,exact,gaussian,0.05,20,10,"x0,x1,x2,x3",4,-0.03281135831329718,0.04001685150681045,-0.015438288411756762,0.12631680984491123,0.1373761654631608,0.16924794768809992,0.6948571117458187,0.013897142234916338,1.344329610320031,0.16924794768809992,1.344329610320031,,,,,,,
rastrigin,value,ts,exact,gaussian,0.25,0,10,"x0,x1,x2,x3",4,0.0,0.0,0.0,0.0,0.0,-0.16116600302483342,-29.619519735014393,-0.5923903947002875,-42.87606723053155,-0.16116600302483342,-41.84609505572993,,,,,,,
rastrigin,value,ts,exact,gaussian,0.25,20,10,"x0,x1,x2,x3",4,0.5812005197076617,5.794192833354231,0.3935146418130384,0.8060670608560172,5.891948957188978,0.363739317780273,-5.597243073085508,-0.11194486146170979,-5.975013694193649,0.363739317780273,-5.975013694193649,,,,,,,
rastrigin,value,ts,exact,gaussian,1.0,0,10,"x0,x1,x2,x3",4,0.0,0.0,0.0,0.0,0.0,0.7550008050061892,18.114460883989125,0.3622892176797827,-1.9441579513175924,2.5265461511590894,38.081661648796086,,,,,,,
rastrigin,value,ts,exact,gaussian,1.0,20,10,"x0,x1,x2,x3",4,0.622759897606194,5.528331259764016,0.4184208034733423,0.7971754126649606,5.635675737219744,-0.1596223561517398,-10.151394880832811,-0.20302789761665618,-24.08349609102406,0.7494651978161153,0.13617232490349807,,,,,,,
rastrigin,value,ts,exact,gaussian,5.0,0,10,"x0,x1,x2,x3",4,0.0,0.0,0.0,0.0,0.0,0.514773563028549,21.13511573192625,0.42270231463852515,11.099275396846238,0.514773563028549,35.82116031070228,,,,,,,
rastrigin,value,ts,exact,gaussian,5.0,20,10,"x0,x1,x2,x3",4,-0.4532819230806874,-0.1613605102390192,0.14224130028949178,1.7542445444992762,1.824584398012282,1.17208808470917,34.93126953096049,0.6986253906192101,13.021182328635419,4.444773120547079,86.28984420960381,,,,,,,
rosenbrock,value,ts,exact,gaussian,0.05,0,10,"x0,x1,x2,x3",4,0.0,0.0,0.0,0.0,0.0,-0.002087241938191209,-0.4708392040099696,-0.009416784080199414,-1.1227266382858856,0.04893081724035886,1.2880774782153859,,,,,,,
rosenbrock,value,ts,exact,gaussian,0.05,20,10,"x0,x1,x2,x3",4,0.08792032781260284,0.0,0.0,1.4957159854896265,1.4982977986007588,0.0027495990209351895,-3.3354380899442404,-0.06670876179888485,-0.22087705375383582,0.030047500554074347,0.1460409743369553,,,,,,,
rosenbrock,value,ts,exact,gaussian,0.25,0,10,"x0,x1,x2,x3",4,0.0,0.0,0.0,0.0,0.0,0.013068429876126775,17.30397867794639,0.3460795735589278,1.0008617422549397,0.2641727493817596,15.265592330073456,,,,,,,
rosenbrock,value,ts,exact,gaussian,0.25,20,10,"x0,x1,x2,x3",4,0.06519945085471601,15.0,0.0,10.632223933276883,18.386093569209788,0.006299990931359467,0.9271758282018681,0.01854351656403741,-0.2683972794274201,0.051374654651852536,0.9426448124823699,,,,,,,
rosenbrock,value,ts,exact,gaussian,1.0,0,10,"x0,x1,x2,x3",4,0.0,0.0,0.0,0.0,0.0,0.0030797006579763586,23.759474573304303,0.475189491466086,0.7637962003477297,0.45083479270357385,18.339808059604657,,,,,,,
rosenbrock,value,ts,exact,gaussian,1.0,20,10,"x0,x1,x2,x3",4,-0.18761537136790274,15.0,0.0,10.939204407062658,18.56613563957434,0.02281940389956938,0.8567296552579506,0.01713459310515897,0.20806232981429051,0.16764459307080393,5.1151802069583185,,,,,,,
rosenbrock,value,ts,exact,gaussian,5.0,0,10,"x0,x1,x2,x3",4,0.0,0.0,0.0,0.0,0.0,0.06699990041105575,47.34551801089679,0.9469103602179357,2.2281782719762413,1.889299865243418,63.92369519274079,,,,,,,
rosenbrock,value,ts,exact,gaussian,5.0,20,10,"x0,x1,x2,x3",4,-1.5015643227658386,15.0,0.0,11.916937048067709,19.21634939375874,0.0064790521290374326,15.29620900540396,0.3059241801080791,0.038062165418376814,0.105959339832988,4.186840861466238,,,,,,,
yerkes_dodson,value,ts,exact,gaussian,0.05,0,10,"x0,x1,x2,x3",4,0.0,0.0,0.0,0.0,0.0,0.010126787841693297,19.797160846315492,0.39594321692630974,10.482340577346399,0.04252930203353644,10.961855207666268,,,,,,,
yerkes_dodson,value,ts,exact,gaussian,0.05,20,10,"x0,x1,x2,x3",4,0.00895663684791187,0.005338257498519239,-0.001983246066803279,-0.003164971552293061,0.0110755878685596,0.01417696465464946,-4.440510458432854,-0.08881020916865712,0.24509545755567075,0.06835305058528895,1.034187130740257,,,,,,,
yerkes_dodson,value,ts,exact,gaussian,0.25,0,10,"x0,x1,x2,x3",4,0.0,0.0,0.0,0.0,0.0,0.0736909647545052,-1.8928097615290937,-0.037856195230582035,-9.329232167312,0.12662232366037385,0.9067168239081056,,,,,,,
yerkes_dodson,value,ts,exact,gaussian,0.25,20,10,"x0,x1,x2,x3",4,0.09869700833504869,0.017977400627265605,-0.015871531871122835,-0.003454203330615413,0.10162737540735362,0.020947358485607026,1.6103166711770456,0.032206333423540956,0.8539295052604814,0.0525264131521177,3.2823903584660883,,,,,,,
yerkes_dodson,value,ts,exact,gaussian,1.0,0,10,"x0,x1,x2,x3",4,0.0,0.0,0.0,0.0,0.0,0.3444562555248214,46.80163704149234,0.9360327408298468,28.4500383079015,1.3599471810734292,50.703850345832684,,,,,,,
yerkes_dodson,value,ts,exact,gaussian,1.0,20,10,"x0,x1,x2,x3",4,0.5203425109400382,0.3506079423313177,-0.17738380387794545,-0.03621850133465482,0.6530383232508811,0.07165318299928503,5.131824211226757,0.10263648422453509,2.364951215224103,0.07737985994048824,15.123776269140528,,,,,,,
yerkes_dodson,value,ts,exact,gaussian,5.0,0,10,"x0,x1,x2,x3",4,0.0,0.0,0.0,0.0,0.0,1.6979172966336777,110.41786985259918,2.208357397051983,69.10664412541038,3.369605406123516,145.50699563517276,,,,,,,
yerkes_dodson,value,ts,exact,gaussian,5.0,20,10,"x0,x1,x2,x3",4,0.2648444918558702,0.08282668709104857,-0.16776520525625715,-0.029363887414870615,0.3255921788674597,0.2325965666223797,75.87126511166909,1.5174253022333817,4.543317824294306,4.185516601336707,93.32263531785188,,,,,,,
stevens,value,ts,exact,gaussian,0.05,0,10,"x0,x1,x2,x3",4,0.0,0.0,0.0,0.0,0.0,0.0,1.0001643065979415,0.020003286131958786,0.8912639708927497,0.0,0.9172435087939075,,,,,,,
stevens,value,ts,exact,gaussian,0.05,20,10,"x0,x1,x2,x3",4,0.0,0.0,0.0,0.0,0.0,0.0,0.13375679122952988,0.0026751358245905577,0.0,0.0,0.0,,,,,,,
stevens,value,ts,exact,gaussian,0.25,0,10,"x0,x1,x2,x3",4,0.0,0.0,0.0,0.0,0.0,0.0,13.080175951031912,0.26160351902063816,6.896433410476753,0.0,10.546606259677155,,,,,,,
stevens,value,ts,exact,gaussian,0.25,20,10,"x0,x1,x2,x3",4,0.0,0.0,0.0,0.0,0.0,0.0,1.1878622926790712,0.02375724585358141,0.0,0.0,0.0,,,,,,,
stevens,value,ts,exact,gaussian,1.0,0,10,"x0,x1,x2,x3",4,0.0,0.0,0.0,0.0,0.0,0.0,80.15345669125145,1.603069133825029,16.90454757700213,0.692737893323061,62.81427999427062,,,,,,,
stevens,value,ts,exact,gaussian,1.0,20,10,"x0,x1,x2,x3",4,0.0,0.0,0.0,0.0,0.0,0.0,2.6821082038613078,0.05364216407722611,0.0,0.09770284012322383,1.4166911817867476,,,,,,,
stevens,value,ts,exact,gaussian,5.0,0,10,"x0,x1,x2,x3",4,0.0,0.0,0.0,0.0,0.0,0.0,107.22259965712539,2.144451993142508,20.849541971238523,0.8276534699743219,79.24690250998603,,,,,,,
stevens,value,ts,exact,gaussian,5.0,20,10,"x0,x1,x2,x3",4,0.0,0.0,0.0,0.0,0.0,0.0,108.61495494236945,2.172299098847389,0.0,5.68117088401752,116.46400312235917,,,,,,,
hicks_law,value,ts,exact,gaussian,0.05,0,10,"x0,x1,x2,x3",4,0.0,0.0,0.0,0.0,0.0,0.0,-4.961423961167299,-0.09922847922334599,-6.1985645597553685,0.0,-6.1985645597553685,,,,,,,
hicks_law,value,ts,exact,gaussian,0.05,20,10,"x0,x1,x2,x3",4,0.0,0.0,0.0,0.0,0.0,0.0,0.0,0.0,0.0,0.0,0.0,,,,,,,
hicks_law,value,ts,exact,gaussian,0.25,0,10,"x0,x1,x2,x3",4,0.0,0.0,0.0,0.0,0.0,0.0,-14.240266225883346,-0.2848053245176668,-13.63789066816112,0.0,-12.755357096042587,,,,,,,
hicks_law,value,ts,exact,gaussian,0.25,20,10,"x0,x1,x2,x3",4,0.0,0.0,0.0,0.0,0.0,0.0,0.0,0.0,0.0,0.0,0.0,,,,,,,
hicks_law,value,ts,exact,gaussian,1.0,0,10,"x0,x1,x2,x3",4,0.0,0.0,0.0,0.0,0.0,0.0,59.94747288702185,1.1989494577404372,32.014583451060915,0.0,42.64316294720297,,,,,,,
hicks_law,value,ts,exact,gaussian,1.0,20,10,"x0,x1,x2,x3",4,0.0,0.0,0.0,0.0,0.0,0.0,1.9142935994711934,0.0382858719894239,0.0,0.0,0.0,,,,,,,
hicks_law,value,ts,exact,gaussian,5.0,0,10,"x0,x1,x2,x3",4,0.0,0.0,0.0,0.0,0.0,1.3778018506804388,184.73275476470084,3.6946550952940163,53.6639636911474,6.510037983721444,216.4822189951497,,,,,,,
hicks_law,value,ts,exact,gaussian,5.0,20,10,"x0,x1,x2,x3",4,0.0,3.1469414313233357,0.0,0.0,3.1469414313233357,0.0,78.53823756310015,1.570764751262003,0.0,1.9019980400049072,45.08230928681398,,,,,,,
weber_fechner,value,ts,exact,gaussian,0.05,0,10,"x0,x1,x2,x3",4,0.0,0.0,0.0,0.0,0.0,0.0,33.02726093254493,0.6605452186508987,9.216194479886042,0.003636729958996554,9.707172663058746,,,,,,,
weber_fechner,value,ts,exact,gaussian,0.05,20,10,"x0,x1,x2,x3",4,0.0,0.0,-0.0351834966675425,0.0,0.0351834966675425,0.0,0.11569615622628326,0.002313923124525663,0.0,0.0,0.0407278189091258,,,,,,,
weber_fechner,value,ts,exact,gaussian,0.25,0,10,"x0,x1,x2,x3",4,0.0,0.0,0.0,0.0,0.0,0.0,31.845421103297546,0.6369084220659509,5.446122209511714,0.13642698897231575,14.774174490769465,,,,,,,
weber_fechner,value,ts,exact,gaussian,0.25,20,10,"x0,x1,x2,x3",4,0.0,0.0,-0.010114440421629789,0.0,0.010114440421629789,0.0,1.0434938000142857,0.020869876000285725,0.0,0.01247933263463663,0.6703237848416084,,,,,,,
weber_fechner,value,ts,exact,gaussian,1.0,0,10,"x0,x1,x2,x3",4,0.0,0.0,0.0,0.0,0.0,0.047336803828756935,85.56562069172801,1.7113124138345601,13.409570883210844,0.2142597901830685,50.96008568179391,,,,,,,
weber_fechner,value,ts,exact,gaussian,1.0,20,10,"x0,x1,x2,x3",4,0.0,0.0,0.0,0.0,0.0,0.0,40.16214115449206,0.8032428230898412,0.0,0.0,0.013575939636375267,,,,,,,
weber_fechner,value,ts,exact,gaussian,5.0,0,10,"x0,x1,x2,x3",4,0.0,0.0,0.0,0.0,0.0,0.484813191489025,116.95399546945791,2.339079909389158,21.9862438070606,2.6318079788158895,98.45477493712366,,,,,,,
weber_fechner,value,ts,exact,gaussian,5.0,20,10,"x0,x1,x2,x3",4,0.0,0.0,0.0,0.0,0.0,0.0,70.25416964662972,1.4050833929325943,0.0,3.812313943939259,78.27461930748218,,,,,,,
levy_10,value,ts,exact,gaussian,0.05,0,10,"x0,x1,x2,x3,x4,x5,x6,x7,x8,x9,x10",11,0.0,0.0,0.0,0.0,0.0,-1.0890405315467058,-42.354326067101965,-0.8470865213420389,-6.025031886645877,-1.0890405315467058,-6.025031886645877,0.0,0.0,0.0,0.0,0.0,0.0,0.0
levy_10,value,ts,exact,gaussian,0.05,20,10,"x0,x1,x2,x3,x4,x5,x6,x7,x8,x9,x10",11,-0.018284043454293908,0.0,-0.009220445907143215,0.024074307797630645,0.05940873607104166,0.006938220524604022,3.6040153014833436,0.07208030602966708,-1.003964151919206,0.006938220524604022,-1.003964151919206,0.026268663235426537,-0.012568923313700964,0.04038801253066282,0.0,0.00716175259553431,0.0,0.0
levy_10,value,ts,exact,gaussian,0.25,0,10,"x0,x1,x2,x3,x4,x5,x6,x7,x8,x9,x10",11,0.0,0.0,0.0,0.0,0.0,-0.263672901430295,-24.6299369734312,-0.4925987394686233,0.22555971979272726,-0.263672901430295,7.849511506891034,0.0,0.0,0.0,0.0,0.0,0.0,0.0
levy_10,value,ts,exact,gaussian,0.25,20,10,"x0,x1,x2,x3,x4,x5,x6,x7,x8,x9,x10",11,-0.010657911186960689,0.0,0.19539765327043312,-0.062012218490691495,0.5906216217406942,0.5141239618776627,18.03621295951757,0.3607242591903521,0.7711859428165013,0.5141239618776627,0.7711859428165013,0.3953621242380727,-0.28818922409275594,0.24902912117198284,0.0,0.07290273996286345,0.0,0.0
levy_10,value,ts,exact,gaussian,1.0,0,10,"x0,x1,x2,x3,x4,x5,x6,x7,x8,x9,x10",11,0.0,0.0,0.0,0.0,0.0,0.5918619189688801,4.583130064322404,0.09166260128644854,3.219931591189848,0.9079327653497764,18.930838383217335,0.0,0.0,0.0,0.0,0.0,0.0,0.0
levy_10,value,ts,exact,gaussian,1.0,20,10,"x0,x1,x2,x3,x4,x5,x6,x7,x8,x9,x10",11,-0.07676722323138119,0.0,0.0032579037078832584,-0.02139897606911756,0.8486115336859913,0.5141239618776627,-3.857409917386917,-0.07714819834773756,0.7711859428165013,0.5141239618776627,0.7711859428165013,0.4785374423950657,-0.4829546456118461,0.5014829112660024,0.0,-0.007170400613443206,0.0,0.0
levy_10,value,ts,exact,gaussian,5.0,0,10,"x0,x1,x2,x3,x4,x5,x6,x7,x8,x9,x10",11,0.0,0.0,0.0,0.0,0.0,0.5918619189688801,57.667744778518,1.1533548955703603,3.219931591189848,2.1578409633806217,129.83047572918542,0.0,0.0,0.0,0.0,0.0,0.0,0.0
levy_10,value,ts,exact,gaussian,5.0,20,10,"x0,x1,x2,x3,x4,x5,x6,x7,x8,x9,x10",11,-2.1391890434071774,-15.131974658562694,-12.98841638551439,-5.735438246855816,35.32411957521337,0.5141239618776627,6.05584712371342,0.12111694247426907,0.7711859428165013,3.380813392427023,66.18793252929508,6.977557266199787,-5.4385054676532985,0.4228927894204162,9.007464184388125,-15.908159176252603,-20.0,0.0
eggholder,value,ts,exact,gaussian,0.05,0,10,"x0,x1",2,0.0,0.0,,,0.0,-0.5505982367441358,-7.588591953406819,-0.1517718390681364,-11.065553963916933,-0.5505982367441358,-11.065553963916933,,,,,,,
eggholder,value,ts,exact,gaussian,0.05,20,10,"x0,x1",2,-1.2180171087963458,-1.3656446382440208,,,1.8299046301065125,0.05205764503453647,-0.5899485904202777,-0.0117989718084055,0.8068934980353077,0.05205764503453647,0.8068934980353077,,,,,,,
eggholder,value,ts,exact,gaussian,0.25,0,10,"x0,x1",2,0.0,0.0,,,0.0,-0.38269041598584774,0.1262926740055832,0.002525853480111806,-9.95843089868616,-0.2757733628864063,-7.552797203948728,,,,,,,
eggholder,value,ts,exact,gaussian,0.25,20,10,"x0,x1",2,-8.981558333672012,-9.836409015665026,,,13.32003500087779,0.05205764503453647,4.105463377566792,0.08210926755133618,0.8068934980353077,0.05205764503453647,0.8068934980353077,,,,,,,
eggholder,value,ts,exact,gaussian,1.0,0,10,"x0,x1",2,0.0,0.0,,,0.0,-0.6368243635466828,-3.7988563144176055,-0.07597712628835174,-28.47059186666651,-0.06994377292758092,51.16483735245994,,,,,,,
eggholder,value,ts,exact,gaussian,1.0,20,10,"x0,x1",2,557.4321275473067,76.76175862874226,,,562.6925842853218,-0.3262688839883596,-15.456546513441282,-0.30913093026882565,-5.43549423084248,-0.15144303769640421,-5.3480813076965035,,,,,,,
eggholder,value,ts,exact,gaussian,5.0,0,10,"x0,x1",2,0.0,0.0,,,0.0,-0.19822970919492544,28.293165258996282,0.565863305179926,-5.074859326357043,3.6427713354115476,86.33453598830731,,,,,,,
eggholder,value,ts,exact,gaussian,5.0,20,10,"x0,x1",2,-21.71522193689583,-69.08113558949196,,,72.413770500523,0.05205764503453647,-4.4737122650695085,-0.08947424530138992,0.8068934980353077,1.8722210497982492,43.56940362757334,,,,,,,
power_law_practice,value,ts,exact,gaussian,0.05,0,10,"x0,x1,x2,x3",4,0.0,0.0,0.0,0.0,0.0,0.0,0.8556388847929597,0.0171127776958592,-0.07382449658228829,0.0,-0.07382449658228829,,,,,,,
power_law_practice,value,ts,exact,gaussian,0.05,20,10,"x0,x1,x2,x3",4,0.0,0.0,0.0,0.0,0.0,0.0,0.01006900439538505,0.0002013800879077099,0.0,0.0,0.0,,,,,,,
power_law_practice,value,ts,exact,gaussian,0.25,0,10,"x0,x1,x2,x3",4,0.0,0.0,0.0,0.0,0.0,0.0,22.30476020184235,0.446095204036847,4.513445946221436,0.10398055842555287,12.57503863355579,,,,,,,
power_law_practice,value,ts,exact,gaussian,0.25,20,10,"x0,x1,x2,x3",4,0.0,0.0,-0.19395598144779547,0.0,0.19395598144779547,0.0,2.828682817768563,0.05657365635537126,0.0,0.0,0.427641622509662,,,,,,,
power_law_practice,value,ts,exact,gaussian,1.0,0,10,"x0,x1,x2,x3",4,0.0,0.0,0.0,0.0,0.0,0.11271768378443192,45.90473294333877,0.9180946588667753,16.478194219861074,1.091686184071114,48.93635784441432,,,,,,,
power_law_practice,value,ts,exact,gaussian,1.0,20,10,"x0,x1,x2,x3",4,0.0,0.0,-0.21300716648082063,0.0,0.21300716648082063,0.0,37.2929893191251,0.7458597863825019,0.0,0.12636358104423695,3.6868903842626857,,,,,,,
power_law_practice,value,ts,exact,gaussian,5.0,0,10,"x0,x1,x2,x3",4,0.0,0.0,0.0,0.0,0.0,0.5714021116709065,67.2248979290911,1.344497958581822,24.773920007179157,1.4102925771296444,66.56935347837485,,,,,,,
power_law_practice,value,ts,exact,gaussian,5.0,20,10,"x0,x1,x2,x3",4,0.0,0.0,-0.1534826718675122,-0.06620629269551359,0.16715323435720422,0.0,58.51142775806028,1.1702285551612055,0.0,5.803733996956323,122.3394359317579,,,,,,,
branin,value,ts,exact,gaussian,0.05,0,10,"x0,x1",2,0.0,0.0,,,0.0,0.0015298384951321076,3.2719270399426126,0.06543854079885225,0.1180412087480367,0.0071403572476016475,0.21345410880927485,,,,,,,
branin,value,ts,exact,gaussian,0.05,20,10,"x0,x1",2,9.4794074555001,2.8260786192825385,,,9.891707945029351,0.0,2.9443795384386817,0.05888759076877359,0.0,0.0012818861776831003,0.05684906592279482,,,,,,,
branin,value,ts,exact,gaussian,0.25,0,10,"x0,x1",2,0.0,0.0,,,0.0,0.002670475221951518,2.9933761528211296,0.05986752305642257,0.09738414604899692,0.11572975790615203,6.454938020874239,,,,,,,
branin,value,ts,exact,gaussian,0.25,20,10,"x0,x1",2,9.513477835536941,4.185906144585251,,,10.39365531362904,0.0,5.062601692855301,0.10125203385710602,0.0,0.00028433088719892474,0.10383414923361711,,,,,,,
branin,value,ts,exact,gaussian,1.0,0,10,"x0,x1",2,0.0,0.0,,,0.0,0.0002060323812078657,25.542385179579327,0.5108477035915866,0.18922704551494163,0.03428379085698796,9.11990542975844,,,,,,,
branin,value,ts,exact,gaussian,1.0,20,10,"x0,x1",2,9.553857421303043,4.547748938282893,,,10.581030764166618,0.0,9.292933004406636,0.18585866008813273,0.0,0.010270827914442338,2.788070183208271,,,,,,,
branin,value,ts,exact,gaussian,5.0,0,10,"x0,x1",2,0.0,0.0,,,0.0,0.011679863079673503,39.63504858643087,0.7927009717286173,0.4593829515754595,1.0201893551603853,28.134426264939325,,,,,,,
branin,value,ts,exact,gaussian,5.0,20,10,"x0,x1",2,10.0,3.7217992650303358,,,10.670135414753664,0.0,22.74057892953008,0.4548115785906017,0.0,0.9181404404149739,20.703716159847193,,,,,,,
moving_peaks,value,ts,exact,gaussian,0.05,0,10,"x0,x1,x2,x3",4,0.0,0.0,0.0,0.0,0.0,0.5438299018237407,19.816565253375742,0.3963313050675148,5.370846621595064,0.5438299018237407,5.951073888662137,,,,,,,
moving_peaks,value,ts,exact,gaussian,0.05,20,10,"x0,x1,x2,x3",4,0.00038750390247377364,-0.004670638028573815,-0.0038287008690260915,-0.0038930656787360407,0.007195827234712209,0.5132043708052807,12.415429423321555,0.24830858846643133,4.605980858239704,0.5132043708052807,4.635144824506256,,,,,,,
moving_peaks,value,ts,exact,gaussian,0.25,0,10,"x0,x1,x2,x3",4,0.0,0.0,0.0,0.0,0.0,0.47251800688120227,10.887570551903607,0.21775141103807227,1.855286081804401,0.47251800688120227,4.3726108252288824,,,,,,,
moving_peaks,value,ts,exact,gaussian,0.25,20,10,"x0,x1,x2,x3",4,0.005617352800302677,-0.03584703954037183,-0.0069157862128848,-0.006742253168786294,0.03754798227636721,0.2775157616495352,8.902053773042027,0.17804107546084058,-1.8432910778639666,0.4419879815597154,1.528389430294716,,,,,,,
moving_peaks,value,ts,exact,gaussian,1.0,0,10,"x0,x1,x2,x3",4,0.0,0.0,0.0,0.0,0.0,0.5943168055115913,25.530354483743835,0.5106070896748767,7.334201578608159,0.7804107839550951,40.618359503344536,,,,,,,
moving_peaks,value,ts,exact,gaussian,1.0,20,10,"x0,x1,x2,x3",4,0.010900291871536155,-0.05523721941328419,0.002984607435717712,0.020802238291519504,0.06009665357470812,0.4015447201148523,29.939156931010032,0.5987831386202007,7.641984623663262,1.5669023667828594,35.943570760185864,,,,,,,
moving_peaks,value,ts,exact,gaussian,5.0,0,10,"x0,x1,x2,x3",4,0.0,0.0,0.0,0.0,0.0,0.6818945390610645,60.24141025230712,1.2048282050461423,9.625243728757255,2.4775719995345367,88.37194929125972,,,,,,,
moving_peaks,value,ts,exact,gaussian,5.0,20,10,"x0,x1,x2,x3",4,0.05884545875896152,-0.16691865899393188,0.09242906893741187,0.2190784062646417,0.2964171176112766,0.1629020664412688,35.30029011723538,0.7060058023447078,-3.3966664965658353,3.5240591061034494,65.50705281650887,,,,,,,
hartmann_3,value,ts,exact,gaussian,0.05,0,10,"x0,x1,x2",3,0.0,0.0,0.0,,0.0,0.007605987625836974,-22.842510066565637,-0.4568502013313127,-12.321643697524795,0.012957333760914569,-12.092601827193086,,,,,,,
hartmann_3,value,ts,exact,gaussian,0.05,20,10,"x0,x1,x2",3,0.008940704924521217,0.0013429628295091867,0.0017098220490087135,,0.009201263236538646,0.0009023954672184864,-6.325149734947438,-0.12650299469894877,0.030627248888816183,0.0009960323945543692,0.04690835097473567,,,,,,,
hartmann_3,value,ts,exact,gaussian,0.25,0,10,"x0,x1,x2",3,0.0,0.0,0.0,,0.0,0.01132779814483742,0.9263512737081996,0.01852702547416407,1.303114692570304,0.08697514918757143,5.404626738944128,,,,,,,
hartmann_3,value,ts,exact,gaussian,0.25,20,10,"x0,x1,x2",3,-0.021528245935530335,0.007805398879612624,0.005933060385849398,,0.023655672264230238,0.008459124448154665,-5.233241654784173,-0.10466483309568342,0.2443337974753952,0.040272984044578575,0.7948576043810363,,,,,,,
hartmann_3,value,ts,exact,gaussian,1.0,0,10,"x0,x1,x2",3,0.0,0.0,0.0,,0.0,0.17133660464238165,43.131354788818385,0.8626270957763678,17.351592084418616,0.813146330694241,40.652348476427605,,,,,,,
hartmann_3,value,ts,exact,gaussian,1.0,20,10,"x0,x1,x2",3,-0.05799713044437649,0.01013057405052209,0.00639853949292124,,0.059221929874140426,0.01897729856506336,28.20327591989806,0.5640655183979613,0.4434787939690352,0.1275910263398301,3.538970035549891,,,,,,,
hartmann_3,value,ts,exact,gaussian,5.0,0,10,"x0,x1,x2",3,0.0,0.0,0.0,,0.0,0.24788569241749014,90.250895466248,1.80501790932496,27.83880096982512,4.040813810191501,143.87492516756868,,,,,,,
hartmann_3,value,ts,exact,gaussian,5.0,20,10,"x0,x1,x2",3,-0.09944401939918157,0.017793834024435573,0.00525235609854402,,0.1011598772643575,0.01897729856506336,85.02327747670087,1.7004655495340173,0.4434787939690352,3.960132097495882,88.25922419876291,,,,,,,
steering_law,value,ts,exact,gaussian,0.05,0,10,"x0,x1,x2,x3",4,0.0,0.0,0.0,0.0,0.0,3.171345678731896e-06,2.967806225597469,0.05935612451194938,0.04068035999300168,0.00715541924882146,0.5958034095991203,,,,,,,
steering_law,value,ts,exact,gaussian,0.05,20,10,"x0,x1,x2,x3",4,0.0002599449821937272,0.0,0.02206260688431061,0.0,0.02206413818678168,3.795280933571732e-05,2.3070026279190454,0.04614005255838091,0.0008154750942301892,0.002611617399375765,0.0717956454453963,,,,,,,
steering_law,value,ts,exact,gaussian,0.25,0,10,"x0,x1,x2,x3",4,0.0,0.0,0.0,0.0,0.0,0.01761611568944277,11.537669874860297,0.23075339749720594,1.5578856288783502,0.01761611568944277,10.097422842589467,,,,,,,
steering_law,value,ts,exact,gaussian,0.25,20,10,"x0,x1,x2,x3",4,0.3862189424266959,0.0,0.00937861895000136,0.0,0.38633279692850925,3.795280933571732e-05,2.358460647654347,0.04716921295308693,0.0008154750942301892,0.044996018216586275,0.9181524937847676,,,,,,,
steering_law,value,ts,exact,gaussian,1.0,0,10,"x0,x1,x2,x3",4,0.0,0.0,0.0,0.0,0.0,0.08514053209242833,52.73118224215096,1.0546236448430193,3.8909628709439614,0.18857846859654415,8.738415044035735,,,,,,,
steering_law,value,ts,exact,gaussian,1.0,20,10,"x0,x1,x2,x3",4,0.4467570578904276,0.0,0.007901055011208302,0.0,0.44682691889052634,1.237093157580027e-05,3.8027733300003934,0.07605546660000786,0.0004957016222313371,0.0383030636599504,1.0922971539084505,,,,,,,
steering_law,value,ts,exact,gaussian,5.0,0,10,"x0,x1,x2,x3",4,0.0,0.0,0.0,0.0,0.0,0.08173954856773591,57.91303148384433,1.1582606296768867,5.895413324622451,1.3456468170242477,39.707777974559775,,,,,,,
steering_law,value,ts,exact,gaussian,5.0,20,10,"x0,x1,x2,x3",4,0.4467570578904276,0.0,0.024332496222282507,0.0,0.44741919845634504,3.795280933571732e-05,25.37226750120614,0.5074453500241228,0.0008154750942301892,0.30373876842517256,6.884078092165611,,,,,,,
griewank,value,ts,exact,gaussian,0.05,0,11,"x0,x1,x2,x3,x4,x5",6,0.0,0.0,0.0,0.0,0.0,0.010852740365408398,11.226663605790876,0.22453327211581753,3.6457288371888907,0.08782421183562938,4.871097655781469,0.0,0.0,,,,,
griewank,value,ts,exact,gaussian,0.05,20,11,"x0,x1,x2,x3,x4,x5",6,-20.973700228531982,11.16444166007929,-18.277484996459187,-3.8132473207854076,30.228185053940347,0.00546431388274371,0.5486328888375596,0.010972657776751271,0.09258657854402941,0.00546431388274371,0.14052404566477605,0.0,0.771362348289216,,,,,
griewank,value,ts,exact,gaussian,0.25,0,11,"x0,x1,x2,x3,x4,x5",6,0.0,0.0,0.0,0.0,0.0,0.033229635785473555,47.83525117421283,0.9567050234842565,15.755041515314169,0.033229635785473555,16.539466714651752,0.0,0.0,,,,,
griewank,value,ts,exact,gaussian,0.25,20,11,"x0,x1,x2,x3,x4,x5",6,-32.01033123979607,15.33093524156422,-26.501652374272673,-4.012264017821039,44.47904659987953,0.016216062533833675,17.112512441898176,0.3422502488379635,2.9526744357532095,0.08579110262537837,5.193796140373927,0.0,0.5008631112997932,,,,,
griewank,value,ts,exact,gaussian,1.0,0,11,"x0,x1,x2,x3,x4,x5",6,0.0,0.0,0.0,0.0,0.0,0.3049027118579173,95.09652546824357,1.9019305093648715,6.030567998060398,3.2967039646296885,98.40361873828328,0.0,0.0,,,,,
griewank,value,ts,exact,gaussian,1.0,20,11,"x0,x1,x2,x3,x4,x5",6,-163.95354208282197,18.27994510094649,-43.86164322979134,8.346311946643809,172.66309150815448,0.3249878215910651,77.93995756143921,1.5587991512287844,11.488582534833931,1.770456941783468,29.45392175066535,0.0,-24.57881495979497,,,,,
griewank,value,ts,exact,gaussian,5.0,0,11,"x0,x1,x2,x3,x4,x5",6,0.0,0.0,0.0,0.0,0.0,1.7579145747405,159.14663429956693,3.1829326859913376,54.54812112644141,4.157254564949627,144.25593403616077,0.0,0.0,,,,,
griewank,value,ts,exact,gaussian,5.0,20,11,"x0,x1,x2,x3,x4,x5",6,-327.5878998334375,-340.9527047304822,-235.75983110371183,-84.20829598523994,1057.172082804382,0.8800901328504658,103.5993571190319,2.071987142380638,23.423282226911056,5.433976849635812,149.24881185256052,-592.4879228278826,693.0617287868042,,,,,
hartmann_6,value,ts,exact,gaussian,0.05,0,11,"x0,x1,x2,x3,x4,x5",6,0.0,0.0,0.0,0.0,0.0,0.023354515436533774,53.24298703711787,1.0648597407423575,86.50203631844326,0.023354515436533774,86.50203631844326,0.0,0.0,,,,,
hartmann_6,value,ts,exact,gaussian,0.05,20,11,"x0,x1,x2,x3,x4,x5",6,0.0,0.15029696004193027,0.004171342951916124,0.597109730233695,0.61877020077805,0.7793257390763193,39.286722886710095,0.7857344577342023,10.708324066259081,0.7793257390763193,10.708324066259081,-0.04988775453707334,0.035230201227540836,,,,,
hartmann_6,value,ts,exact,gaussian,0.25,0,11,"x0,x1,x2,x3,x4,x5",6,0.0,0.0,0.0,0.0,0.0,-0.10190161667842723,-5.0055758292922405,-0.10011151658584438,-1.3629136241665663,-0.10190161667842723,1.6731026100907798,0.0,0.0,,,,,
hartmann_6,value,ts,exact,gaussian,0.25,20,11,"x0,x1,x2,x3,x4,x5",6,0.0,0.15029696004193027,0.004351972759537248,0.6504499495097562,0.6710425654753642,0.31757184932941307,38.42083581615384,0.7684167163230766,39.58504300444818,0.31757184932941307,39.623666019277636,-0.050803560842571094,0.0449874449539408,,,,,
hartmann_6,value,ts,exact,gaussian,1.0,0,11,"x0,x1,x2,x3,x4,x5",6,0.0,0.0,0.0,0.0,0.0,3.4043316591721346,109.99173606369374,2.1998347212738745,74.7606617405475,7.0298936818212665,178.08917938604782,0.0,0.0,,,,,
hartmann_6,value,ts,exact,gaussian,1.0,20,11,"x0,x1,x2,x3,x4,x5",6,0.0,0.15029696004193027,0.004113931837358642,0.7137915915033044,0.7403452750570708,3.704388066563543,96.55919803819768,1.9311839607639536,76.52222643472163,3.704388066563543,76.52222643472163,-0.05337375631173841,0.11470759217539528,,,,,
hartmann_6,value,ts,exact,gaussian,5.0,0,11,"x0,x1,x2,x3,x4,x5",6,0.0,0.0,0.0,0.0,0.0,4.722735991394537,123.58575260063753,2.47171505201275,134.29545745606117,8.00976475108701,259.1285121949484,0.0,0.0,,,,,
hartmann_6,value,ts,exact,gaussian,5.0,20,11,"x0,x1,x2,x3,x4,x5",6,0.0,-0.45966679333417526,0.37855835783734604,-0.17076711096316338,0.6640955200424183,3.704388066563543,115.94676541693201,2.3189353083386406,76.52222643472163,8.00973496560887,194.91926615846813,-0.1078894837739868,0.21359148312153242,,,,,
schwefel,value,ts,exact,gaussian,0.05,0,11,"x0,x1,x2,x3",4,0.0,0.0,0.0,0.0,0.0,1.7397942326010307,18.142658590482654,0.36285317180965304,59.456055484112426,1.7397942326010307,59.456055484112426,,,,,,,
schwefel,value,ts,exact,gaussian,0.05,20,11,"x0,x1,x2,x3",4,2.7026772651209967,-90.79521645891367,0.0,0.0,90.8354324931653,0.0,-11.922905591061436,-0.23845811182122878,0.0,0.0,0.0,,,,,,,
schwefel,value,ts,exact,gaussian,0.25,0,11,"x0,x1,x2,x3",4,0.0,0.0,0.0,0.0,0.0,1.3148702881393062,5.766640563668432,0.11533281127336803,47.11136073323112,1.3148702881393062,47.11136073323112,,,,,,,
schwefel,value,ts,exact,gaussian,0.25,20,11,"x0,x1,x2,x3",4,4.33679800087009,-128.74437494997323,0.0,0.0,128.8173974980074,0.0,-7.470523907438604,-0.14941047814877217,0.0,0.0,0.0,,,,,,,
schwefel,value,ts,exact,gaussian,1.0,0,11,"x0,x1,x2,x3",4,0.0,0.0,0.0,0.0,0.0,1.0144803563669313,10.275189716198838,0.20550379432397659,18.828757470221348,2.742561140219375,80.73206084322766,,,,,,,
schwefel,value,ts,exact,gaussian,1.0,20,11,"x0,x1,x2,x3",4,8.943123529456273,134.17467279227088,12.68903056098776,0.0,135.06973670646488,0.0,-12.55763112001543,-0.2511526224003089,0.0,0.7915562622604315,17.810015900859725,,,,,,,
schwefel,value,ts,exact,gaussian,5.0,0,11,"x0,x1,x2,x3",4,0.0,0.0,0.0,0.0,0.0,0.5356937972258495,-2.116743818501874,-0.0423348763700373,24.797020438745307,2.119570427233289,79.78324425894229,,,,,,,
schwefel,value,ts,exact,gaussian,5.0,20,11,"x0,x1,x2,x3",4,-642.2969270278209,350.9096315241921,1000.0,-40.71566597897174,1239.8954300351047,0.0,6.699965300952442,0.13399930601904853,0.0,2.8224979696573174,80.93968188310251,,,,,,,
powell,value,ts,exact,gaussian,0.05,0,11,"x0,x1,x2,x3",4,0.0,0.0,0.0,0.0,0.0,0.0007970997085008369,-5.544268871027164,-0.11088537742054327,-0.25148845866433794,0.0007970997085008369,-0.22173271888275387,,,,,,,
powell,value,ts,exact,gaussian,0.05,20,11,"x0,x1,x2,x3",4,0.014792889533004061,0.0,0.0,0.05859610338454235,0.06043453410582096,0.0015266189603204694,8.704530706300766,0.17409061412601534,0.01602949908336493,0.0015266189603204694,0.15957360808982823,,,,,,,
powell,value,ts,exact,gaussian,0.25,0,11,"x0,x1,x2,x3",4,0.0,0.0,0.0,0.0,0.0,0.003212328119561514,-6.282294738640353,-0.12564589477280708,-0.08032109355861106,0.08587641795241419,4.567807446671088,,,,,,,
powell,value,ts,exact,gaussian,0.25,20,11,"x0,x1,x2,x3",4,0.04283306487692995,0.0,0.0,0.08730090771932009,0.09724258293241975,0.0003432133769349921,8.11910409544393,0.1623820819088786,-0.0800100784173784,0.0031288315614353968,3.0232880224210037,,,,,,,
powell,value,ts,exact,gaussian,1.0,0,11,"x0,x1,x2,x3",4,0.0,0.0,0.0,0.0,0.0,0.00560061113443977,-3.0572220894486435,-0.061144441788972825,0.0987061558435931,0.017526271117563885,5.395071429084307,,,,,,,
powell,value,ts,exact,gaussian,1.0,20,11,"x0,x1,x2,x3",4,0.22256138119029112,0.0,0.0,0.26270642241785147,0.34430833968539987,0.013580558920834873,0.4920727647639609,0.009841455295279244,0.14259586866876617,0.1111928941501803,3.581659880559778,,,,,,,
powell,value,ts,exact,gaussian,5.0,0,11,"x0,x1,x2,x3",4,0.0,0.0,0.0,0.0,0.0,0.013580558920834873,17.426107724597095,0.348522154491942,0.14259586866876617,2.0222673980218047,67.02363174996242,,,,,,,
powell,value,ts,exact,gaussian,5.0,20,11,"x0,x1,x2,x3",4,8.164605416394679,-8.983925670256852,9.0,-0.6748685295192507,15.127033733890356,0.013580558920834873,21.460648461424576,0.4292129692284915,0.14259586866876617,0.5402212756298803,14.625215578167515,,,,,,,
ackley,value,ts,exact,gaussian,0.05,0,11,"x0,x1,x2,x3",4,0.0,0.0,0.0,0.0,0.0,0.8183596818045604,22.34119442871986,0.4468238885743965,105.81347199497623,0.8183596818045604,105.81347199497623,,,,,,,
ackley,value,ts,exact,gaussian,0.05,20,11,"x0,x1,x2,x3",4,0.05849020755189649,0.05859108106078992,0.02417983699992554,0.015294472312675111,0.08759340477457271,0.8418972005421423,13.60443678338595,0.27208873566771885,60.29285637116743,0.8418972005421423,60.29285637116743,,,,,,,
ackley,value,ts,exact,gaussian,0.25,0,11,"x0,x1,x2,x3",4,0.0,0.0,0.0,0.0,0.0,0.6737955633041341,42.478903941660974,0.8495780788332183,171.31070315665875,0.6737955633041341,171.83690007479152,,,,,,,
ackley,value,ts,exact,gaussian,0.25,20,11,"x0,x1,x2,x3",4,0.0864032250301765,0.08611901567591573,0.03533160078206521,0.022276881598628506,0.12894411046723492,3.0417897775959446,43.79957191340509,0.8759914382681018,31.87947309859817,3.0417897775959446,31.87947309859817,,,,,,,
ackley,value,ts,exact,gaussian,1.0,0,11,"x0,x1,x2,x3",4,0.0,0.0,0.0,0.0,0.0,5.161568529221327,122.09902302082992,2.441980460416598,282.39807089237604,5.161568529221327,325.8027867393231,,,,,,,
ackley,value,ts,exact,gaussian,1.0,20,11,"x0,x1,x2,x3",4,0.2810988228294402,0.26362316643940176,0.10744839640378778,0.06358939112518769,0.4050956561517923,2.8008042776587097,63.22743730486377,1.264548746097276,153.85439477757257,2.8008042776587097,159.53495936594084,,,,,,,
ackley,value,ts,exact,gaussian,5.0,0,11,"x0,x1,x2,x3",4,0.0,0.0,0.0,0.0,0.0,14.293219694059747,157.100978469565,3.1420195693913016,330.93952814782426,15.425648584139918,387.2726075934645,,,,,,,
ackley,value,ts,exact,gaussian,5.0,20,11,"x0,x1,x2,x3",4,-0.9565502183821106,19.14570034484433,-30.81312675059487,-20.290423603191368,41.57671103105715,6.82973738201558,106.07245393462074,2.1214490786924145,94.42207969388505,6.905393913220086,96.42697777080446,,,,,,,
michalewicz,value,ts,exact,gaussian,0.05,0,11,"x0,x1,x2,x3,x4",5,0.0,0.0,0.0,0.0,0.0,-1.162172294395928,4.7727302976505825,0.09545460595301059,15.702163290725764,-1.162172294395928,15.702163290725764,0.0,,,,,,
michalewicz,value,ts,exact,gaussian,0.05,20,11,"x0,x1,x2,x3,x4",5,0.0,0.0008196373617752606,0.0,0.0,0.0008196373617752606,-0.06184867877873135,4.105199890764425,0.08210399781528821,7.0902611902732815,-0.06184867877873135,7.0902611902732815,0.0,,,,,,
michalewicz,value,ts,exact,gaussian,0.25,0,11,"x0,x1,x2,x3,x4",5,0.0,0.0,0.0,0.0,0.0,-1.420668129894703,-17.75750675068923,-0.3551501350137851,-74.84107597668194,-1.420668129894703,-73.48536250381866,0.0,,,,,,
michalewicz,value,ts,exact,gaussian,0.25,20,11,"x0,x1,x2,x3,x4",5,0.0,0.0012576856156347738,0.0,0.0,0.0012576856156347738,-1.380241071264387,2.2506972144619795,0.04501394428923966,5.166627050532725,-1.380241071264387,5.166627050532725,0.0,,,,,,
michalewicz,value,ts,exact,gaussian,1.0,0,11,"x0,x1,x2,x3,x4",5,0.0,0.0,0.0,0.0,0.0,0.9181891789866024,17.37138360843187,0.3474276721686369,29.345697354410277,3.515317323026326,106.66846493365904,0.0,,,,,,
michalewicz,value,ts,exact,gaussian,1.0,20,11,"x0,x1,x2,x3,x4",5,0.0,0.005249581278281568,0.0,0.0,0.005249581278281568,-0.38913246886643993,-0.3486292287914239,-0.006972584575828833,-6.549029487518055,0.5085177417701514,8.622353206262915,0.0,,,,,,
michalewicz,value,ts,exact,gaussian,5.0,0,11,"x0,x1,x2,x3,x4",5,0.0,0.0,0.0,0.0,0.0,-0.002627641697523053,6.904695835796019,0.13809391671592053,-6.571538311141865,2.7756963944285618,93.98080978842324,0.0,,,,,,
michalewicz,value,ts,exact,gaussian,5.0,20,11,"x0,x1,x2,x3,x4",5,0.0,0.13442516998103615,0.03598985382673581,0.0,0.13915960585924447,0.37515831418001166,17.982252225622574,0.35964504451245105,10.132135821932764,3.411227152123142,89.14615037027835,0.0,,,,,,
shekel,value,ts,exact,gaussian,0.05,0,11,"x0,x1,x2,x3",4,0.0,0.0,0.0,0.0,0.0,-1.4622664097911056,2.9142485246411525,0.058284970492820776,-62.58175207433669,-1.4622664097911056,-62.58175207433669,,,,,,,
shekel,value,ts,exact,gaussian,0.05,20,11,"x0,x1,x2,x3",4,-0.00380800278571769,-0.16040187866623157,0.0,-0.0017056683104010872,0.16045614001731942,1.4452432462861822,-2.927187505333677,-0.058543750106679227,-28.813896942153406,1.4452432462861822,-28.813896942153406,,,,,,,
shekel,value,ts,exact,gaussian,0.25,0,11,"x0,x1,x2,x3",4,0.0,0.0,0.0,0.0,0.0,2.4514431014290565,34.93167825630917,0.6986335651261797,-74.8241988059417,2.4514431014290565,-74.3403662718647,,,,,,,
shekel,value,ts,exact,gaussian,0.25,20,11,"x0,x1,x2,x3",4,-0.004812131859360136,-0.2396597803216558,0.0,-0.0020860163674005783,0.2397171633011313,2.0063154804794223,-5.971732416506256,-0.1194346483301274,-0.9621704804471847,2.0063154804794223,1.2120600143712181,,,,,,,
shekel,value,ts,exact,gaussian,1.0,0,11,"x0,x1,x2,x3",4,0.0,0.0,0.0,0.0,0.0,8.874887842941263,103.16543229688614,2.063308645937717,114.87207218423873,11.11877474569065,179.30668144667334,,,,,,,
shekel,value,ts,exact,gaussian,1.0,20,11,"x0,x1,x2,x3",4,-0.0010770466659604239,-0.751907571415023,0.0,-0.0026030425459118156,0.7519128485477917,2.701081497042935,11.74652187582933,0.2349304375165815,-30.722945636656732,2.701081497042935,-29.438394933628388,,,,,,,
shekel,value,ts,exact,gaussian,5.0,0,11,"x0,x1,x2,x3",4,0.0,0.0,0.0,0.0,0.0,9.051425647376355,102.23296607203247,2.0446593214406477,120.0799374150738,10.090283714254909,178.79722591639847,,,,,,,
shekel,value,ts,exact,gaussian,5.0,20,11,"x0,x1,x2,x3",4,-4.608675985696392,1.4682716297192933,4.22333389360884,7.858715461196368,10.148481354208876,6.478541140099303,81.90731549752081,1.6381463099504145,34.246317170822294,8.480361993861628,89.29639064928688,,,,,,,
rosenbrock,value,ts,exact,gaussian,0.05,0,11,"x0,x1,x2,x3",4,0.0,0.0,0.0,0.0,0.0,-0.007412933573147873,-6.463057714259733,-0.1292611542851947,-0.2821280195723104,0.006027259458906586,0.943071226812142,,,,,,,
rosenbrock,value,ts,exact,gaussian,0.05,20,11,"x0,x1,x2,x3",4,0.11048739608367164,-0.023305122068850936,-0.19492568097221508,0.12656813135530776,0.25839138218069574,-0.002543152272456606,-1.7579714789520473,-0.035159429579040946,-0.12033196094252574,0.037783271269796304,0.5577989429919066,,,,,,,
rosenbrock,value,ts,exact,gaussian,0.25,0,11,"x0,x1,x2,x3",4,0.0,0.0,0.0,0.0,0.0,-0.005968439318437824,-11.784462366910066,-0.23568924733820135,-0.3360123837570099,0.0312567298105183,0.9805432279714001,,,,,,,
rosenbrock,value,ts,exact,gaussian,0.25,20,11,"x0,x1,x2,x3",4,0.3534971122131605,-0.06757471493449407,-0.48386957109730666,0.47626520305374687,0.7684301242892811,-0.005370559667044139,-1.7391381283407412,-0.034782762566814895,-0.16353472124280155,-0.005370559667044139,0.4352893220525347,,,,,,,
rosenbrock,value,ts,exact,gaussian,1.0,0,11,"x0,x1,x2,x3",4,0.0,0.0,0.0,0.0,0.0,0.0020989744221875384,26.953232320726812,0.5390646464145361,-0.16813225382214037,0.38328094399958446,11.325165472357702,,,,,,,
rosenbrock,value,ts,exact,gaussian,1.0,20,11,"x0,x1,x2,x3",4,0.11944088643689632,5.606572426432271,3.2320870124496315,5.900477667328874,8.75842129934818,0.005252232006105251,10.995598371402025,0.21991196742804042,0.04707980141687074,0.29651179067669964,6.350173706867883,,,,,,,
rosenbrock,value,ts,exact,gaussian,5.0,0,11,"x0,x1,x2,x3",4,0.0,0.0,0.0,0.0,0.0,-0.0038624051980771235,37.12472559303866,0.7424945118607733,1.0706886465596412,0.11460565124225164,9.026627517457406,,,,,,,
rosenbrock,value,ts,exact,gaussian,5.0,20,11,"x0,x1,x2,x3",4,-0.6866821977326012,-3.3146387027273327,1.6695699781397462,5.900477667328874,7.004388823077511,0.005252232006105251,28.165726102807618,0.5633145220561524,0.04707980141687074,1.8828842289655945,51.681959717802826,,,,,,,
rastrigin,value,ts,exact,gaussian,0.05,0,11,"x0,x1,x2,x3",4,0.0,0.0,0.0,0.0,0.0,-0.25365192283336135,-0.07800313618008659,-0.0015600627236018738,6.21403612991098,-0.25365192283336135,6.21403612991098,,,,,,,
rastrigin,value,ts,exact,gaussian,0.05,20,11,"x0,x1,x2,x3",4,0.02831748435663073,0.055899249637222814,0.000776743264947477,-0.0037333131962213884,0.06277855515869493,-0.08632176115404766,-6.6029951846226425,-0.1320599036924528,-0.12948264173105883,-0.08632176115404766,-0.12948264173105883,,,,,,,
rastrigin,value,ts,exact,gaussian,0.25,0,11,"x0,x1,x2,x3",4,0.0,0.0,0.0,0.0,0.0,0.04684798629415399,-3.485095713031228,-0.06970191426062478,17.922038768369333,0.04684798629415399,24.00582335546366,,,,,,,
rastrigin,value,ts,exact,gaussian,0.25,20,11,"x0,x1,x2,x3",4,0.04513864728312944,0.0814279777701411,0.0012652069011602762,-0.004892664486824572,0.09323921898304781,0.0,3.3909411504826608,0.06781882300965325,0.0,0.0,0.0,,,,,,,
rastrigin,value,ts,exact,gaussian,1.0,0,11,"x0,x1,x2,x3",4,0.0,0.0,0.0,0.0,0.0,1.0383352189775827,19.73550116902868,0.39471002338057337,41.27669935138604,1.9676712916642272,79.47984611438136,,,,,,,
rastrigin,value,ts,exact,gaussian,1.0,20,11,"x0,x1,x2,x3",4,0.19764987393642075,0.24975739666851526,0.005406807892301302,-0.007369382493919829,0.31863422795996516,0.0,-6.1336998774958715,-0.12267399754991759,0.0,0.2295316603551456,5.1644623579908,,,,,,,
rastrigin,value,ts,exact,gaussian,5.0,0,11,"x0,x1,x2,x3",4,0.0,0.0,0.0,0.0,0.0,0.3199819504994148,17.599038112783745,0.35198076225567476,22.540050394735374,0.9374349011487371,46.336432014406114,,,,,,,
rastrigin,value,ts,exact,gaussian,5.0,20,11,"x0,x1,x2,x3",4,2.109951077519558,2.5893208938743175,-0.010766173134411972,-0.0654319923175084,3.3407893523960226,0.0,31.975211882404665,0.6395042376480933,0.0,1.1918700814917034,32.77642724102185,,,,,,,
yerkes_dodson,value,ts,exact,gaussian,0.05,0,11,"x0,x1,x2,x3",4,0.0,0.0,0.0,0.0,0.0,0.0012029698968158975,18.80423121495069,0.3760846242990139,12.673062066901288,0.0012029698968158975,12.705235615531826,,,,,,,
yerkes_dodson,value,ts,exact,gaussian,0.05,20,11,"x0,x1,x2,x3",4,0.007653994783021756,-0.029569900583400754,-0.00489930004076744,-0.004194242624890987,0.031217903016324537,0.015963375092573173,-5.325776759730772,-0.10651553519461543,0.303521236447736,0.015963375092573173,0.4728875775221155,,,,,,,
yerkes_dodson,value,ts,exact,gaussian,0.25,0,11,"x0,x1,x2,x3",4,0.0,0.0,0.0,0.0,0.0,0.03112125507769692,9.728311023207453,0.19456622046414918,28.217402251372654,0.1655499268272309,33.59177716142893,,,,,,,
yerkes_dodson,value,ts,exact,gaussian,0.25,20,11,"x0,x1,x2,x3",4,0.012030792371192423,-0.04255419213453804,-0.006586321250569627,-0.005047341189893417,0.044993938636274336,0.11932365358106267,-16.850331941013025,-0.3370066388202604,1.7245654689447178,0.2938033175464452,5.187203564766925,,,,,,,
yerkes_dodson,value,ts,exact,gaussian,1.0,0,11,"x0,x1,x2,x3",4,0.0,0.0,0.0,0.0,0.0,1.0569359250179349,52.373619846839446,1.0474723969367892,20.16142145155635,1.8478737660653368,61.15019481340048,,,,,,,
yerkes_dodson,value,ts,exact,gaussian,1.0,20,11,"x0,x1,x2,x3",4,0.0438990040705709,-0.10321578324447478,-0.011066987413939855,-0.004944975485243974,0.11281645031700106,0.08856525099010559,7.690937085757952,0.1538187417151593,1.510922565696852,0.08856525099010559,4.167427660524567,,,,,,,
yerkes_dodson,value,ts,exact,gaussian,5.0,0,11,"x0,x1,x2,x3",4,0.0,0.0,0.0,0.0,0.0,1.6090430482021232,92.15269507315536,1.843053901463107,51.62329484461386,4.5893605310428525,162.54546205655947,,,,,,,
yerkes_dodson,value,ts,exact,gaussian,5.0,20,11,"x0,x1,x2,x3",4,0.030377541417218934,0.07557794588739708,0.541868372867758,-0.09458945842543476,0.5560605363507483,0.19788557494728742,95.08907997790176,1.9017815995580354,2.549465643290077,4.128895702216565,110.65224414319525,,,,,,,
stevens,value,ts,exact,gaussian,0.05,0,11,"x0,x1,x2,x3",4,0.0,0.0,0.0,0.0,0.0,0.0,0.6286358636619802,0.012572717273239609,0.009451122798420641,0.0,0.17186156195161573,,,,,,,
stevens,value,ts,exact,gaussian,0.05,20,11,"x0,x1,x2,x3",4,0.0,0.0,0.0,0.0,0.0,0.0,0.2937424754881093,0.005874849509762192,0.0,0.0,0.0,,,,,,,
stevens,value,ts,exact,gaussian,0.25,0,11,"x0,x1,x2,x3",4,0.0,0.0,0.0,0.0,0.0,0.0,1.1560495445599486,0.023120990891198956,-2.6204383956932684,0.0,-1.3049923968456376,,,,,,,
stevens,value,ts,exact,gaussian,0.25,20,11,"x0,x1,x2,x3",4,0.0,0.0,0.0,-0.03256281787255999,0.03256281787255999,0.0,1.3952769727546368,0.02790553945509272,0.0,0.0,0.1672763066930152,,,,,,,
stevens,value,ts,exact,gaussian,1.0,0,11,"x0,x1,x2,x3",4,0.0,0.0,0.0,0.0,0.0,0.06806792899757097,46.93899128336503,0.9387798256673003,14.757345255908085,0.23278853348501904,35.33742633387844,,,,,,,
stevens,value,ts,exact,gaussian,1.0,20,11,"x0,x1,x2,x3",4,0.0,0.0,0.0,-0.10551034717076457,0.10551034717076457,0.0,20.190311262275397,0.40380622524550797,0.0,0.05458349415699626,6.386399554852563,,,,,,,
stevens,value,ts,exact,gaussian,5.0,0,11,"x0,x1,x2,x3",4,0.0,0.0,0.0,0.0,0.0,0.005675277028488246,127.37189219840317,2.5474378439680634,12.051043230064337,3.0496890058654813,132.8360723702512,,,,,,,
stevens,value,ts,exact,gaussian,5.0,20,11,"x0,x1,x2,x3",4,0.0,-0.14430879715100686,0.0,-0.3508535998950142,0.37937221497424023,0.0,84.97044647938567,1.6994089295877135,0.0,1.9064101593472509,52.42627938204939,,,,,,,
hicks_law,value,ts,exact,gaussian,0.05,0,11,"x0,x1,x2,x3",4,0.0,0.0,0.0,0.0,0.0,0.0,-6.375127707313133,-0.12750255414626266,-12.125370493452976,0.0,-12.125370493452976,,,,,,,
hicks_law,value,ts,exact,gaussian,0.05,20,11,"x0,x1,x2,x3",4,0.0,0.0,0.0,0.0,0.0,0.0,0.1741121557688885,0.0034822431153777034,0.0,0.0,0.0,,,,,,,
hicks_law,value,ts,exact,gaussian,0.25,0,11,"x0,x1,x2,x3",4,0.0,0.0,0.0,0.0,0.0,0.0,-12.600073833823451,-0.252001476676469,-13.830515154227882,0.0,-13.830515154227882,,,,,,,
hicks_law,value,ts,exact,gaussian,0.25,20,11,"x0,x1,x2,x3",4,0.0,0.0,0.0,0.0,0.0,0.0,0.3957818450702817,0.00791563690140562,0.0,0.0,0.0,,,,,,,
hicks_law,value,ts,exact,gaussian,1.0,0,11,"x0,x1,x2,x3",4,0.0,0.0,0.0,0.0,0.0,0.0,24.820701596138612,0.4964140319227722,14.710655694710134,0.17490774026757538,23.734068828456735,,,,,,,
hicks_law,value,ts,exact,gaussian,1.0,20,11,"x0,x1,x2,x3",4,0.0,0.0,0.0,0.0,0.0,0.0,3.684823082234999,0.0736964616447,0.0,0.0,0.0,,,,,,,
hicks_law,value,ts,exact,gaussian,5.0,0,11,"x0,x1,x2,x3",4,0.0,0.0,0.0,0.0,0.0,2.0758802689168334,206.1571990131538,4.123143980263076,86.1660515733041,4.035265592032491,196.71851896885755,,,,,,,
hicks_law,value,ts,exact,gaussian,5.0,20,11,"x0,x1,x2,x3",4,0.0,0.0,0.0,0.9893804203839442,0.9893804203839442,0.0,126.59715227394017,2.531943045478803,0.0,2.709877013041401,74.52161785863855,,,,,,,
eggholder,value,ts,exact,gaussian,0.05,0,11,"x0,x1",2,0.0,0.0,,,0.0,-0.5838482483876444,19.975925424179508,0.39951850848358994,-13.330806165367548,-0.5838482483876444,-13.318114250759109,,,,,,,
eggholder,value,ts,exact,gaussian,0.05,20,11,"x0,x1",2,1.6573441113020522,-9.818348380090583,,,9.9572463269769,0.04722288343476411,19.17209616332255,0.38344192326645077,1.6232141459197251,0.04722288343476411,1.6232141459197251,,,,,,,
eggholder,value,ts,exact,gaussian,0.25,0,11,"x0,x1",2,0.0,0.0,,,0.0,-0.6471348112934523,11.821138452000724,0.23642276904001447,-9.2649920608349,-0.37781762758465565,-8.053064734145323,,,,,,,
eggholder,value,ts,exact,gaussian,0.25,20,11,"x0,x1",2,2.6671758014562954,-15.475856809059906,,,15.70401129426491,0.061193814490311915,8.720244136499502,0.17440488272999,4.328221786357076,0.061193814490311915,8.129615265561782,,,,,,,
eggholder,value,ts,exact,gaussian,1.0,0,11,"x0,x1",2,0.0,0.0,,,0.0,0.2535430048051315,44.61507407151788,0.8923014814303576,6.34788828466268,1.9418488946364376,54.46460614485491,,,,,,,
eggholder,value,ts,exact,gaussian,1.0,20,11,"x0,x1",2,-65.35532483520797,751.5092091605243,,,754.3456833159398,-0.05516527839916607,12.336983585732412,0.24673967171464817,-2.450297786659796,0.12242843946815718,3.66003969525471,,,,,,,
eggholder,value,ts,exact,gaussian,5.0,0,11,"x0,x1",2,0.0,0.0,,,0.0,0.2535430048051315,36.086788532813074,0.7217357706562613,6.34788828466268,2.6382753550154265,85.16578206717392,,,,,,,
eggholder,value,ts,exact,gaussian,5.0,20,11,"x0,x1",2,-285.8576391201814,-272.4907908394757,,,394.9250826874469,-0.18336003679521928,20.89665007128056,0.4179330014256113,-2.6086240681445076,2.9643155102488845,80.89413218436587,,,,,,,
branin,value,ts,exact,gaussian,0.05,0,11,"x0,x1",2,0.0,0.0,,,0.0,0.0001241411474166565,-1.628544113305571,-0.03257088226611138,-0.44704288682015747,0.003969418720252138,0.06286400157021976,,,,,,,
branin,value,ts,exact,gaussian,0.05,20,11,"x0,x1",2,6.544078353850782,0.03978268152105624,,,6.544199275930354,0.0004155134833110363,0.17027753764749676,0.0034055507529499596,0.024012635138475957,0.009288465103052035,0.32898658810740944,,,,,,,
branin,value,ts,exact,gaussian,0.25,0,11,"x0,x1",2,0.0,0.0,,,0.0,0.0009511274379350176,-2.1187867357314545,-0.042375734714629076,-1.6165016909246157,0.06654441593673455,3.3605694184466595,,,,,,,
branin,value,ts,exact,gaussian,0.25,20,11,"x0,x1",2,6.59098498978808,-0.11961516242428472,,,6.592070306261422,0.0010622498388428436,1.3795956566657885,0.02759191313331577,0.026784221457273105,0.03398919789419064,0.8796266676589406,,,,,,,
branin,value,ts,exact,gaussian,1.0,0,11,"x0,x1",2,0.0,0.0,,,0.0,0.013412929583983324,10.489725231145826,0.20979450462291654,-0.24226081371632358,0.3363270043643414,12.15909538417566,,,,,,,
branin,value,ts,exact,gaussian,1.0,20,11,"x0,x1",2,6.609665193054662,-0.9336508452009635,,,6.675281107565643,0.0011300021582285602,5.294971371315626,0.10589942742631253,0.02763112544959423,0.09605595928225497,2.615966780069825,,,,,,,
branin,value,ts,exact,gaussian,5.0,0,11,"x0,x1",2,0.0,0.0,,,0.0,0.22733954403044443,40.920606902474994,0.8184121380495,9.124456243740887,0.4229034816434727,18.779311199697386,,,,,,,
branin,value,ts,exact,gaussian,5.0,20,11,"x0,x1",2,6.89617584256972,0.6357558150853571,,,6.925418883219775,0.0011300021582285602,25.25511415961983,0.5051022831923966,0.02763112544959423,0.8545903189678011,23.497789837712837,,,,,,,
moving_peaks,value,ts,exact,gaussian,0.05,0,11,"x0,x1,x2,x3",4,0.0,0.0,0.0,0.0,0.0,-0.037545075629554336,-30.2641882397278,-0.6052837647945561,-27.482894846386557,-0.037545075629554336,-27.482894846386557,,,,,,,
moving_peaks,value,ts,exact,gaussian,0.05,20,11,"x0,x1,x2,x3",4,0.0027593323747157616,-0.0012333342656339896,-0.0016870710383942167,-0.013316581853559106,0.013759091158796416,0.0378174651240033,-10.923126921163828,-0.21846253842327634,6.814661290361698,0.0378174651240033,7.524038583826737,,,,,,,
moving_peaks,value,ts,exact,gaussian,0.25,0,11,"x0,x1,x2,x3",4,0.0,0.0,0.0,0.0,0.0,0.6980592038074747,-4.9503205544525315,-0.0990064110890505,5.1589537367225375,0.7028584040812651,10.20042632593865,,,,,,,
moving_peaks,value,ts,exact,gaussian,0.25,20,11,"x0,x1,x2,x3",4,0.003682905364745026,-0.002543347639698046,-0.002225026047857015,-0.018914069046676807,0.01956336264444651,0.09563206717671768,-13.724843994972304,-0.2744968798994458,-13.260905362023564,0.177776106308984,-13.219833342457427,,,,,,,
moving_peaks,value,ts,exact,gaussian,1.0,0,11,"x0,x1,x2,x3",4,0.0,0.0,0.0,0.0,0.0,0.5794149757184195,6.05803930464981,0.12116078609299619,9.423148513176812,1.4584651505992063,31.1311186801275,,,,,,,
moving_peaks,value,ts,exact,gaussian,1.0,20,11,"x0,x1,x2,x3",4,0.0049565518115767815,-0.01933032883579827,-0.0011869937158993094,-0.04826869617556817,0.05224466483127088,1.0642648011433122,5.410581380703633,0.10821162761407255,12.429340836865833,1.6211902657899735,22.616645300863183,,,,,,,
moving_peaks,value,ts,exact,gaussian,5.0,0,11,"x0,x1,x2,x3",4,0.0,0.0,0.0,0.0,0.0,0.5975604459913293,30.140913548360118,0.6028182709672025,13.212793796745842,2.2505938527846667,55.1068684945251,,,,,,,
moving_peaks,value,ts,exact,gaussian,5.0,20,11,"x0,x1,x2,x3",4,0.30961583531063624,-0.3732951990684406,0.019813169528781593,0.3421225780244511,0.5938448376499729,1.1390139229891496,29.56507791543379,0.5913015583086758,13.214206616247125,1.204125323578293,15.004770132448556,,,,,,,
weber_fechner,value,ts,exact,gaussian,0.05,0,11,"x0,x1,x2,x3",4,0.0,0.0,0.0,0.0,0.0,0.007692364734387613,2.391877490132181,0.04783754980264365,2.3079012207554968,0.007692364734387613,3.314044767425294,,,,,,,
weber_fechner,value,ts,exact,gaussian,0.05,20,11,"x0,x1,x2,x3",4,0.0,0.0,0.013529918382897188,0.02651446840783067,0.02976702414413826,0.0,-7.698736232421261,-0.1539747246484252,-0.41233216641533943,0.01596213786623002,0.18530883146897636,,,,,,,
weber_fechner,value,ts,exact,gaussian,0.25,0,11,"x0,x1,x2,x3",4,0.0,0.0,0.0,0.0,0.0,0.18667446764094953,-11.431607319091995,-0.22863214638183993,-2.8515581099221947,0.2717311213947047,-1.5230774021601192,,,,,,,
weber_fechner,value,ts,exact,gaussian,0.25,20,11,"x0,x1,x2,x3",4,0.0,0.0,0.020951369601208802,0.04288511008869045,0.04772936785130886,0.06946409224477579,-0.029168231506702114,-0.0005833646301340867,2.0352583671124513,0.17908692647193702,4.424001501087655,,,,,,,
weber_fechner,value,ts,exact,gaussian,1.0,0,11,"x0,x1,x2,x3",4,0.0,0.0,0.0,0.0,0.0,0.22782812508830608,48.54396547266724,0.9708793094533448,2.3626190373469242,0.6814194679443664,24.00512233514619,,,,,,,
weber_fechner,value,ts,exact,gaussian,1.0,20,11,"x0,x1,x2,x3",4,0.0,-0.28044908092270193,0.16411244275663583,0.247882804556673,0.408693608529446,0.05248311859573951,3.787967110958725,0.07575934221917446,2.662661480847202,0.3134211320087763,7.60851277106978,,,,,,,
weber_fechner,value,ts,exact,gaussian,5.0,0,11,"x0,x1,x2,x3",4,0.0,0.0,0.0,0.0,0.0,0.39927538868853807,75.5907513576117,1.5118150271522337,17.016038918093827,0.39927538868853807,39.98743129629979,,,,,,,
weber_fechner,value,ts,exact,gaussian,5.0,20,11,"x0,x1,x2,x3",4,0.0,-0.8492139199915937,-0.23745553386055623,-0.17323182766814726,0.898642686825936,0.0,55.92692315613199,1.1185384631226398,1.7000919727502328,0.12685637716872256,2.8506914622340247,,,,,,,
power_law_practice,value,ts,exact,gaussian,0.05,0,11,"x0,x1,x2,x3",4,0.0,0.0,0.0,0.0,0.0,0.0,0.30724861867511954,0.006144972373502422,1.3623452622659507,0.0,1.402633059937699,,,,,,,
power_law_practice,value,ts,exact,gaussian,0.05,20,11,"x0,x1,x2,x3",4,0.0,0.0,-0.05715940829794097,0.0,0.05715940829794097,0.0,0.14105807155994476,0.0028211614311989264,0.0,0.0,0.06252145478922344,,,,,,,
power_law_practice,value,ts,exact,gaussian,0.25,0,11,"x0,x1,x2,x3",4,0.0,0.0,0.0,0.0,0.0,0.0,15.645713873827987,0.31291427747655975,9.20687578945601,0.0,12.695571626898765,,,,,,,
power_law_practice,value,ts,exact,gaussian,0.25,20,11,"x0,x1,x2,x3",4,0.0,0.0,-0.07076830208696538,0.0,0.07076830208696538,0.0,3.686716646155684,0.07373433292311371,0.0,0.15114011163852004,3.346887986118624,,,,,,,
power_law_practice,value,ts,exact,gaussian,1.0,0,11,"x0,x1,x2,x3",4,0.0,0.0,0.0,0.0,0.0,0.0,41.746771062635055,0.8349354212527011,16.596038167145213,0.7218147563199813,34.200447898522754,,,,,,,
power_law_practice,value,ts,exact,gaussian,1.0,20,11,"x0,x1,x2,x3",4,0.0,0.0,-0.17992703379154162,0.0,0.17992703379154162,0.0,29.656780943727938,0.5931356188745588,0.0,0.5987438303233474,13.594537889355983,,,,,,,
power_law_practice,value,ts,exact,gaussian,5.0,0,11,"x0,x1,x2,x3",4,0.0,0.0,0.0,0.0,0.0,0.449230590324301,82.73869171594788,1.6547738343189575,20.9532113665323,0.8790348038339719,39.7580592609268,,,,,,,
power_law_practice,value,ts,exact,gaussian,5.0,20,11,"x0,x1,x2,x3",4,0.0,0.0,0.0046477556663854225,-0.3617394747834398,0.3617693315488936,0.0,83.05643365891441,1.6611286731782884,0.0,0.06092090930876415,1.6753250059910147,,,,,,,
levy_10,value,ts,exact,gaussian,0.05,0,11,"x0,x1,x2,x3,x4,x5,x6,x7,x8,x9,x10",11,0.0,0.0,0.0,0.0,0.0,0.44690121931092297,16.831150282947732,0.33662300565895453,18.12267971228514,0.44690121931092297,18.12267971228514,0.0,0.0,0.0,0.0,0.0,0.0,0.0
levy_10,value,ts,exact,gaussian,0.05,20,11,"x0,x1,x2,x3,x4,x5,x6,x7,x8,x9,x10",11,-0.12444428136863728,-0.029282931623020758,-0.048303962198090744,-0.05181845526981732,0.458191195216544,-0.11965933470743995,13.224604623088936,0.2644920924617784,-0.2059523067062372,-0.11965933470743995,-0.2059523067062372,-0.15700960817444365,0.03983979892347023,0.21069099379190281,-0.2975659179922605,0.0025720429270066347,-0.1714493061981175,0.0
levy_10,value,ts,exact,gaussian,0.25,0,11,"x0,x1,x2,x3,x4,x5,x6,x7,x8,x9,x10",11,0.0,0.0,0.0,0.0,0.0,-0.15267644570151795,-5.954415384761319,-0.11908830769522716,1.5263202574999397,-0.08232831004995322,1.7021905966288458,0.0,0.0,0.0,0.0,0.0,0.0,0.0
levy_10,value,ts,exact,gaussian,0.25,20,11,"x0,x1,x2,x3,x4,x5,x6,x7,x8,x9,x10",11,-0.13702550680817893,-0.10775776658248049,-0.06744947255980094,-0.2142883978024246,0.5624535045940373,0.507413713119903,0.9107904882188791,0.018215809764376978,4.4424031755654525,0.507413713119903,4.4424031755654525,-0.13010177275560952,0.049923664707836046,0.3380365007595798,-0.2473862361861503,-0.0010741394125286519,-0.20151587338541166,0.0
levy_10,value,ts,exact,gaussian,1.0,0,11,"x0,x1,x2,x3,x4,x5,x6,x7,x8,x9,x10",11,0.0,0.0,0.0,0.0,0.0,1.017452427098909,27.707320493262245,0.5541464098652442,18.97850652396712,1.017452427098909,18.97850652396712,0.0,0.0,0.0,0.0,0.0,0.0,0.0
levy_10,value,ts,exact,gaussian,1.0,20,11,"x0,x1,x2,x3,x4,x5,x6,x7,x8,x9,x10",11,-0.3833249307644575,-0.05120049653103731,-0.31146294997662594,-0.5501364571758414,1.7732077031487057,1.0003841759268932,19.734005372408575,0.3946801074481714,18.492061365564673,1.466653124469976,22.347511754250128,-0.02189225625665525,0.25695851941087655,1.029731914320807,-0.9310646413135775,-0.06001791064297102,-0.7731160918893227,0.0
levy_10,value,ts,exact,gaussian,5.0,0,11,"x0,x1,x2,x3,x4,x5,x6,x7,x8,x9,x10",11,0.0,0.0,0.0,0.0,0.0,1.017452427098909,91.77925637751062,1.8355851275502122,18.97850652396712,4.674481487940481,147.2452545877933,0.0,0.0,0.0,0.0,0.0,0.0,0.0
levy_10,value,ts,exact,gaussian,5.0,20,11,"x0,x1,x2,x3,x4,x5,x6,x7,x8,x9,x10",11,5.652797787365008,1.3937648997166452,-1.1729996845417041,-6.06684337527554,21.771104220976934,1.017452427098909,48.447546689447876,0.9689509337889568,18.97850652396712,5.507217034865617,142.4470332375516,5.666852383035447,-2.5629370237237783,2.12401951190919,5.57719964282877,14.958301031921746,10.094191926205156,1.3999291102672569
hartmann_3,value,ts,exact,gaussian,0.05,0,11,"x0,x1,x2",3,0.0,0.0,0.0,,0.0,0.0008099786113660024,0.5661187348537347,0.011322374697074644,0.12018405770765739,0.027178048876212113,0.8764623662700153,,,,,,,
hartmann_3,value,ts,exact,gaussian,0.05,20,11,"x0,x1,x2",3,-0.04869848881104344,-0.06376644310720248,0.020337917721159837,,0.08277277919857517,0.0010225123597438213,0.36779596984814944,0.0073559193969630066,0.04803532188960524,0.012479902228558881,0.1642766226219905,,,,,,,
hartmann_3,value,ts,exact,gaussian,0.25,0,11,"x0,x1,x2",3,0.0,0.0,0.0,,0.0,0.008611892425858247,7.184536615786822,0.14369073231573637,5.715391717119758,0.06564584880077584,6.3359565063826295,,,,,,,
hartmann_3,value,ts,exact,gaussian,0.25,20,11,"x0,x1,x2",3,-0.05629227931268743,-0.08043486952034495,0.02368976018007457,,0.1009940279539438,0.0004276610321789498,2.1203852748219525,0.04240770549643902,0.19026585280335162,0.03050039857551301,1.0381611919962435,,,,,,,
hartmann_3,value,ts,exact,gaussian,1.0,0,11,"x0,x1,x2",3,0.0,0.0,0.0,,0.0,0.2562441830090805,80.13263968714094,1.6026527937428185,25.82391736567718,0.6564326996606562,71.017563439178,,,,,,,
hartmann_3,value,ts,exact,gaussian,1.0,20,11,"x0,x1,x2",3,0.05658747341414938,-0.10396579916954796,0.02529307340638509,,0.1210403614778997,0.008290944360681785,18.27186670828497,0.36543733416569946,0.20992406112460849,0.40400131672605566,6.622668721627139,,,,,,,
hartmann_3,value,ts,exact,gaussian,5.0,0,11,"x0,x1,x2",3,0.0,0.0,0.0,,0.0,0.5692495932527595,122.60083526273304,2.4520167052546604,45.514785332322305,3.1884562393660523,134.72213701222998,,,,,,,
hartmann_3,value,ts,exact,gaussian,5.0,20,11,"x0,x1,x2",3,0.010627061820448924,-0.1448027062385393,0.06316893516046945,,0.15833847462397743,0.008290944360681785,60.61118827614375,1.2122237655228747,0.20992406112460849,1.321435294853325,36.3213936996723,,,,,,,
steering_law,value,ts,exact,gaussian,0.05,0,11,"x0,x1,x2,x3",4,0.0,0.0,0.0,0.0,0.0,2.3900570050194858e-05,-0.6823853478318291,-0.013647706956636585,0.018413060762068945,0.0007497440816794931,0.08777939009268909,,,,,,,
steering_law,value,ts,exact,gaussian,0.05,20,11,"x0,x1,x2,x3",4,0.5842413385962855,0.0,-0.8192426914118515,0.0,1.006228865197433,4.700862351447732e-05,0.11364236601551525,0.0022728473203103006,0.0013204487930327247,0.005555329877146908,0.2172218541680797,,,,,,,
steering_law,value,ts,exact,gaussian,0.25,0,11,"x0,x1,x2,x3",4,0.0,0.0,0.0,0.0,0.0,-3.512707897890266e-07,0.7510708309218721,0.015021416618437422,0.4724756336862992,8.921348817469976e-07,1.2951633746764495,,,,,,,
steering_law,value,ts,exact,gaussian,0.25,20,11,"x0,x1,x2,x3",4,0.577377190040295,0.0,-0.8235432715803945,0.0,1.0057772813819998,4.700862351447732e-05,-1.4657421315502006,-0.029314842631004034,0.0013204487930327247,0.036048385996763965,1.2435647696302228,,,,,,,
steering_law,value,ts,exact,gaussian,1.0,0,11,"x0,x1,x2,x3",4,0.0,0.0,0.0,0.0,0.0,3.4941910916908014e-05,7.727399695168113,0.15454799390336227,-0.07970935362259102,0.004059240653537355,2.7705730729943143,,,,,,,
steering_law,value,ts,exact,gaussian,1.0,20,11,"x0,x1,x2,x3",4,-0.06283969436254078,0.0,0.0,0.0,0.06283969436254078,4.700862351447732e-05,6.077450984459098,0.12154901968918197,0.0013204487930327247,0.19315962598850756,5.575112454498149,,,,,,,
steering_law,value,ts,exact,gaussian,5.0,0,11,"x0,x1,x2,x3",4,0.0,0.0,0.0,0.0,0.0,0.13669242362812595,36.96529059728226,0.7393058119456453,5.367414848632998,0.36281633312116124,27.685903295577784,,,,,,,
steering_law,value,ts,exact,gaussian,5.0,20,11,"x0,x1,x2,x3",4,0.39304444755143353,0.33109642636018355,-0.32441510878808455,0.0,0.6077449663382501,3.6658176973070056e-05,13.35297897069902,0.2670595794139804,0.0012014186578070962,0.48432098677210356,13.324828102232637,,,,,,,
