delta_x0,delta_x1,delta_x2,delta_x3,delta_l2_norm,iteration,final_best_true,final_simple_regret_true,final_cum_regret_true,final_avg_regret_true,final_inference_simple_regret_true,auc_simple_regret_true,auc_inference_simple_regret_true,acq_opt_failures,dataset,objective,acquisition,oracle_model,error_model,jitter_std,jitter_iteration,iterations,seed,run_id,baseline,xi,kappa,runtime_sec,y_opt,param_columns,dim,error_bias_used,error_spike_std_used,delta_x4,delta_x5,delta_x6,delta_x7,delta_x8,delta_x9,delta_x10
-0.32492918169344154,-0.023660355573313585,-0.7704203856796188,0.5960212283921744,1.027096714485386,0.0,3.0593887562558817,0.0,16.924294946541323,0.3384858989308265,0.0,10.168330576348438,10.168330576348438,0.0,stevens,value,ts,exact,none,0.0,0,50,7,e7bf4e73-da6b-43de-9afc-0f129c47677d,True,0.01,2.0,16.326359499944374,3.0593887562558817,"x0,x1,x2,x3",4,0.2,0.5,,,,,,,
0.0,0.0,0.0,0.0,0.0,20.0,3.0593887562558817,0.0,16.924294946541323,0.3384858989308265,0.0,10.168330576348438,10.168330576348438,0.0,stevens,value,ts,exact,none,0.0,20,50,7,e7bf4e73-da6b-43de-9afc-0f129c47677d,True,0.01,2.0,16.326359499944374,3.0593887562558817,"x0,x1,x2,x3",4,0.2,0.5,,,,,,,
-0.32492918169344154,-0.023660355573313585,-0.7704203856796188,0.5960212283921744,1.027096714485386,0.0,3.0593887562558817,0.0,17.854520519294063,0.35709041038588124,0.0,10.382516037942633,10.446467699746224,0.0,stevens,value,ts,exact,gaussian,0.05,0,50,7,8f0d63a4-307b-40e3-bbfa-03287698fd36,False,0.01,2.0,22.690222300007008,3.0593887562558817,"x0,x1,x2,x3",4,0.05,0.05,,,,,,,
0.0,0.0,0.0,0.0,0.0,20.0,3.0593887562558817,0.0,16.93876676156838,0.3387753352313676,0.0,10.168330576348438,10.168330576348438,0.0,stevens,value,ts,exact,gaussian,0.05,20,50,7,e29e4f54-23c2-4f69-9b12-81e36d72212b,False,0.01,2.0,23.771227499993984,3.0593887562558817,"x0,x1,x2,x3",4,0.05,0.05,,,,,,,
-0.32492918169344154,-0.023660355573313585,-0.7704203856796188,0.5960212283921744,1.027096714485386,0.0,3.0593887562558817,0.0,29.265121888497433,0.5853024377699486,0.0011155294105811286,13.65799986275102,13.91736146738879,0.0,stevens,value,ts,exact,gaussian,0.25,0,50,7,02b37ed2-4a58-41a4-988a-34fc962ac915,False,0.01,2.0,18.640522600035183,3.0593887562558817,"x0,x1,x2,x3",4,0.25,0.25,,,,,,,
0.0,0.0,0.0,0.0,0.0,20.0,3.0593887562558817,0.0,18.170534438799738,0.36341068877599475,0.0,10.168330576348438,10.168330576348438,0.0,stevens,value,ts,exact,gaussian,0.25,20,50,7,c2b47ecf-62d3-420a-8ad0-d7838c875432,False,0.01,2.0,20.021316200029105,3.0593887562558817,"x0,x1,x2,x3",4,0.25,0.25,,,,,,,
-0.32492918169344154,-0.023660355573313585,-0.7704203856796188,0.5960212283921744,1.027096714485386,0.0,3.0593887562558817,0.0,74.89432056364991,1.4978864112729982,0.2812123350487057,23.35785170203261,47.51176211828299,0.0,stevens,value,ts,exact,gaussian,1.0,0,50,7,5a9a89b5-068b-4f07-9a27-4bc904202e10,False,0.01,2.0,16.52063949999865,3.0593887562558817,"x0,x1,x2,x3",4,1.0,1.0,,,,,,,
0.0,-0.24529955380634438,0.0,0.0,0.24529955380634438,20.0,3.0593887562558817,0.0,36.148110883509126,0.7229622176701825,0.22206916106452868,10.168330576348438,18.186061607903547,0.0,stevens,value,ts,exact,gaussian,1.0,20,50,7,9e52a827-8d17-4a12-bdec-34dd3861d9f1,False,0.01,2.0,17.358992900000885,3.0593887562558817,"x0,x1,x2,x3",4,1.0,1.0,,,,,,,
-0.32492918169344154,-0.023660355573313585,-0.7704203856796188,0.5960212283921744,1.027096714485386,0.0,2.3634300796448104,0.6959586766110712,143.52809145356005,2.870561829071201,1.3570082674551796,42.6159129833521,123.7980039440228,0.0,stevens,value,ts,exact,gaussian,5.0,0,50,7,fb0819a9-8bbf-403a-a8a7-81e905be3fec,False,0.01,2.0,18.574820199981332,3.0593887562558817,"x0,x1,x2,x3",4,5.0,5.0,,,,,,,
0.0,-0.3977022540157915,0.0,0.0,0.3977022540157915,20.0,3.0593887562558817,0.0,101.45838148128753,2.029167629625751,2.248876311080881,10.168330576348438,104.771895716577,0.0,stevens,value,ts,exact,gaussian,5.0,20,50,7,015c5acc-ca92-4b19-976e-a138273d2c2c,False,0.01,2.0,16.59201129997382,3.0593887562558817,"x0,x1,x2,x3",4,5.0,5.0,,,,,,,
-2.924362635240974,-0.21294320015982215,-6.93378347111657,5.36419105552957,9.243870430368473,0.0,0.7582077349117511,0.006016148546708733,44.49382154922678,0.8898764309845356,0.006016148546708733,2.4885852943467057,2.4885852943467057,0.0,powell,value,ts,exact,none,0.0,0,50,7,d6a5e31b-d1a5-4601-9a0d-99ef9231a6e8,True,0.01,2.0,17.109802499995567,0.7642238834584598,"x0,x1,x2,x3",4,0.2,0.5,,,,,,,
-1.0921419979867713,-1.056590410679811,-3.8879931923866717,1.1870846417973497,4.339909958805979,20.0,0.7582077349117511,0.006016148546708733,44.49382154922678,0.8898764309845356,0.006016148546708733,2.4885852943467057,2.4885852943467057,0.0,powell,value,ts,exact,none,0.0,20,50,7,d6a5e31b-d1a5-4601-9a0d-99ef9231a6e8,True,0.01,2.0,17.109802499995567,0.7642238834584598,"x0,x1,x2,x3",4,0.2,0.5,,,,,,,
-2.924362635240974,-0.21294320015982215,-6.93378347111657,5.36419105552957,9.243870430368473,0.0,0.7552777946787168,0.008946088779743011,55.33221828092174,1.1066443656184348,0.037636246109864935,2.194401407658102,2.391811065260213,0.0,powell,value,ts,exact,gaussian,0.05,0,50,7,d76ce1f7-26ff-474b-b50b-a1411978cf47,False,0.01,2.0,16.622559499985073,0.7642238834584598,"x0,x1,x2,x3",4,0.05,0.05,,,,,,,
-1.0698920487687924,-1.054243503645488,-3.8879931923866717,1.1968057438072084,4.3364655439023645,20.0,0.7610076822284807,0.003216201229979121,46.031652747609876,0.9206330549521975,0.026562587435313145,2.3166399509149564,2.8614062371217557,0.0,powell,value,ts,exact,gaussian,0.05,20,50,7,848e641a-63c9-4bb2-9897-8d3ee3c4b614,False,0.01,2.0,20.842318999988493,0.7642238834584598,"x0,x1,x2,x3",4,0.05,0.05,,,,,,,
-2.924362635240974,-0.21294320015982215,-6.93378347111657,5.36419105552957,9.243870430368473,0.0,0.7401522734680974,0.024071609990362397,46.66032556387587,0.9332065112775174,0.038480815968023,2.7789925554286254,7.797728577785001,0.0,powell,value,ts,exact,gaussian,0.25,0,50,7,c6538791-d35f-4f1c-930b-8de440e8cfcb,False,0.01,2.0,17.55336590000661,0.7642238834584598,"x0,x1,x2,x3",4,0.25,0.25,,,,,,,
-0.9659231977583088,-1.0392606641120434,-3.8879931923866717,1.241802885408803,4.3210688286803505,20.0,0.759893874349983,0.004330009108476807,44.280545317507396,0.8856109063501479,0.09326928065390794,2.3509830735726815,3.131798222160716,0.0,powell,value,ts,exact,gaussian,0.25,20,50,7,168fd952-e0e1-485e-b17b-4695afae9424,False,0.01,2.0,17.559723899990786,0.7642238834584598,"x0,x1,x2,x3",4,0.25,0.25,,,,,,,
-2.924362635240974,-0.21294320015982215,-6.93378347111657,5.36419105552957,9.243870430368473,0.0,0.7349612757880305,0.02926260767042932,45.229261863628786,0.9045852372725757,0.9153891123627478,2.5571129590074397,32.77729595091971,0.0,powell,value,ts,exact,gaussian,1.0,0,50,7,2efcfdb1-ce45-4d52-9f3f-62c036c603a1,False,0.01,2.0,23.760952699987683,0.7642238834584598,"x0,x1,x2,x3",4,1.0,1.0,,,,,,,
-1.7273936589025158,-1.2364535525500686,4.240861121314455,3.4766419529252586,5.8808714115806655,20.0,0.756302699265145,0.007921184193314779,57.065336436802234,1.1413067287360448,0.08608235718019353,2.618230043619805,27.2468978667823,0.0,powell,value,ts,exact,gaussian,1.0,20,50,7,1346e5fe-e302-416a-981f-9dd76a98e46b,False,0.01,2.0,20.0818103000056,0.7642238834584598,"x0,x1,x2,x3",4,1.0,1.0,,,,,,,
-2.924362635240974,-0.21294320015982215,-6.93378347111657,5.36419105552957,9.243870430368473,0.0,0.7404799634810799,0.0237439199773799,36.951709948406744,0.7390341989681349,0.24806524267869845,2.2578467273230896,36.292592189671275,0.0,powell,value,ts,exact,gaussian,5.0,0,50,7,17a44867-53f3-4217-b3eb-beceb54bed3c,False,0.01,2.0,19.396698600030504,0.7642238834584598,"x0,x1,x2,x3",4,5.0,5.0,,,,,,,
-0.6327051199698576,-4.29571239857316,-3.8879931923866717,2.3587761589453655,6.287589109678319,20.0,0.7458372818036971,0.01838660165476269,66.62763334259398,1.3325526668518797,0.5965032381796993,2.4900038932892885,9.026310262735713,0.0,powell,value,ts,exact,gaussian,5.0,20,50,7,84cf5a4b-a9f9-4c3c-ac7b-07669793c366,False,0.01,2.0,18.54147259995807,0.7642238834584598,"x0,x1,x2,x3",4,5.0,5.0,,,,,,,
-0.32492918169344154,-0.023660355573313585,-0.7704203856796188,0.5960212283921744,1.027096714485386,0.0,3.5298183309207465,0.005594212866112169,85.05128384304894,1.7010256768609786,0.005594212866112169,22.851890529291705,22.851890529291705,0.0,yerkes_dodson,value,ts,exact,none,0.0,0,50,7,799f7ec6-271e-4868-8448-8d28c560afc8,True,0.01,2.0,18.76960010000039,3.5354125437868587,"x0,x1,x2,x3",4,0.2,0.5,,,,,,,
-0.554898108103004,0.3187412967417828,-0.48903980987037554,0.5004203827691268,0.9482027313574765,20.0,3.5298183309207465,0.005594212866112169,85.05128384304894,1.7010256768609786,0.005594212866112169,22.851890529291705,22.851890529291705,0.0,yerkes_dodson,value,ts,exact,none,0.0,20,50,7,799f7ec6-271e-4868-8448-8d28c560afc8,True,0.01,2.0,18.76960010000039,3.5354125437868587,"x0,x1,x2,x3",4,0.2,0.5,,,,,,,
-0.32492918169344154,-0.023660355573313585,-0.7704203856796188,0.5960212283921744,1.027096714485386,0.0,3.520816581441236,0.01459596234562266,118.63162336977095,2.372632467395419,0.01459596234562266,41.723543590897485,41.89269018662328,0.0,yerkes_dodson,value,ts,exact,gaussian,0.05,0,50,7,8473bf64-d372-4527-bc46-437ed2719913,False,0.01,2.0,20.104676400020253,3.5354125437868587,"x0,x1,x2,x3",4,0.05,0.05,,,,,,,
-0.5549691362446965,0.3186109482110883,-0.489228908404284,0.5005061990792945,0.9483433231901847,20.0,3.525773037546329,0.00963950624052945,88.41710536534778,1.7683421073069556,0.02584565733129729,23.88952080026014,24.026103788927458,0.0,yerkes_dodson,value,ts,exact,gaussian,0.05,20,50,7,0df08402-f03c-44c8-8db5-5ec643841c1c,False,0.01,2.0,18.6544991999981,3.5354125437868587,"x0,x1,x2,x3",4,0.05,0.05,,,,,,,
-0.32492918169344154,-0.023660355573313585,-0.7704203856796188,0.5960212283921744,1.027096714485386,0.0,3.4630927794714483,0.07231976431541032,102.76338909375642,2.0552677818751284,0.0858430697439152,36.98870069816691,37.25091357986686,0.0,yerkes_dodson,value,ts,exact,gaussian,0.25,0,50,7,b6efe339-9f52-4196-bc54-3999292e07ad,False,0.01,2.0,16.52415569999721,3.5354125437868587,"x0,x1,x2,x3",4,0.25,0.25,,,,,,,
-0.5553374564572637,0.3179240879310911,-0.4902349370491561,0.5009240686647719,0.949068296964185,20.0,3.477280512637502,0.0581320311493565,105.53465270160989,2.1106930540321978,0.10943274848678497,24.638271778947097,25.19754559267784,0.0,yerkes_dodson,value,ts,exact,gaussian,0.25,20,50,7,7d6b0344-5748-4d48-ab07-356b68d5c383,False,0.01,2.0,19.834403400018346,3.5354125437868587,"x0,x1,x2,x3",4,0.25,0.25,,,,,,,
-0.32492918169344154,-0.023660355573313585,-0.7704203856796188,0.5960212283921744,1.027096714485386,0.0,2.742174555312532,0.7932379884743268,186.34610815581902,3.7269221631163805,0.7932379884743268,63.65116145934495,146.6098458292813,0.0,yerkes_dodson,value,ts,exact,gaussian,1.0,0,50,7,378cbea7-01fb-49a5-9214-2ccada081d1b,False,0.01,2.0,24.139730900002178,3.5354125437868587,"x0,x1,x2,x3",4,1.0,1.0,,,,,,,
-0.551579960474916,0.32503102386908506,-0.4811681396633034,0.4955863498684119,0.9418143278151144,20.0,3.4710232955449154,0.06438924824194325,106.61633140399273,2.1323266280798547,0.3688186336282495,25.780281833376442,30.591707880360858,0.0,yerkes_dodson,value,ts,exact,gaussian,1.0,20,50,7,f9f673ef-e518-48d1-acc2-3b52e78c03c9,False,0.01,2.0,15.154544099990744,3.5354125437868587,"x0,x1,x2,x3",4,1.0,1.0,,,,,,,
-0.32492918169344154,-0.023660355573313585,-0.7704203856796188,0.5960212283921744,1.027096714485386,0.0,2.3124859446444517,1.222926599142407,204.81174266372247,4.096234853274449,4.188987140502876,66.0144488180194,218.79026480166897,0.0,yerkes_dodson,value,ts,exact,gaussian,5.0,0,50,7,38c762e8-2b80-42aa-8b3c-024b83757a16,False,0.01,2.0,17.524661000003107,3.5354125437868587,"x0,x1,x2,x3",4,5.0,5.0,,,,,,,
-0.5336651386457514,0.3755643234028632,-0.45603777822085145,0.4874305551635856,0.9334913189154633,20.0,3.3377663449494976,0.197646198837361,153.20576727887607,3.0641153455775214,4.185141980830222,27.332893719911574,108.14622694038317,0.0,yerkes_dodson,value,ts,exact,gaussian,5.0,20,50,7,54d7456f-ecac-4609-af67-2903e6da2a33,False,0.01,2.0,20.610946299973875,3.5354125437868587,"x0,x1,x2,x3",4,5.0,5.0,,,,,,,
-4.873937725401622,-0.354905333599703,-11.556305785194283,8.940318425882616,15.406450717280787,0.0,1.0231254474941742,0.0024978030772495607,27.654160940015917,0.5530832188003183,0.0024978030772495607,3.0052226680545857,3.0052226680545857,0.0,rosenbrock,value,ts,exact,none,0.0,0,50,7,2b9c8bbe-349b-492d-b2d7-a0c30fbb457c,True,0.01,2.0,18.0599958000239,1.0256232505714238,"x0,x1,x2,x3",4,0.2,0.5,,,,,,,
-9.30959454636137,-1.6014048342262517,-8.045077220853287,-15.0,19.466800341869668,20.0,1.0231254474941742,0.0024978030772495607,27.654160940015917,0.5530832188003183,0.0024978030772495607,3.0052226680545857,3.0052226680545857,0.0,rosenbrock,value,ts,exact,none,0.0,20,50,7,2b9c8bbe-349b-492d-b2d7-a0c30fbb457c,True,0.01,2.0,18.0599958000239,1.0256232505714238,"x0,x1,x2,x3",4,0.2,0.5,,,,,,,
-4.873937725401622,-0.354905333599703,-11.556305785194283,8.940318425882616,15.406450717280787,0.0,1.0235749440867281,0.0020483064846956722,35.24177894052817,0.7048355788105635,0.01810262037593624,2.9926692533774992,3.455252884889577,0.0,rosenbrock,value,ts,exact,gaussian,0.05,0,50,7,d40fe1cd-b080-492a-9fb1-e6a669e507d3,False,0.01,2.0,19.453655899968,1.0256232505714238,"x0,x1,x2,x3",4,0.05,0.05,,,,,,,
-9.30959454636137,-1.6690927361772379,-7.985821651913077,-15.0,19.448078790352653,20.0,1.0226567250634349,0.0029665255079889263,28.159208354246633,0.5631841670849327,0.010012292414496526,3.008738086285131,3.160222074775045,0.0,rosenbrock,value,ts,exact,gaussian,0.05,20,50,7,424868b0-7d52-4702-ab4f-d48efb64b60c,False,0.01,2.0,20.616010900004767,1.0256232505714238,"x0,x1,x2,x3",4,0.05,0.05,,,,,,,
-4.873937725401622,-0.354905333599703,-11.556305785194283,8.940318425882616,15.406450717280787,0.0,1.0226567250634349,0.0029665255079889263,43.016125611084,0.86032251222168,0.02426641459020007,3.008738086285131,6.34761655728184,0.0,rosenbrock,value,ts,exact,gaussian,0.25,0,50,7,123218f2-c1d0-4f32-878e-5ceb2b17b5db,False,0.01,2.0,21.52903720003087,1.0256232505714238,"x0,x1,x2,x3",4,0.25,0.25,,,,,,,
-9.30959454636137,-1.9625896023381126,-7.717197329699285,-15.0,19.36686456787378,20.0,1.0226567250634349,0.0029665255079889263,33.38593606291782,0.6677187212583564,0.0984168552621808,3.008738086285131,4.946942467438712,0.0,rosenbrock,value,ts,exact,gaussian,0.25,20,50,7,8a236d3f-7a9b-4b6a-992d-006872c126d0,False,0.01,2.0,20.403716500033624,1.0256232505714238,"x0,x1,x2,x3",4,0.25,0.25,,,,,,,
-4.873937725401622,-0.354905333599703,-11.556305785194283,8.940318425882616,15.406450717280787,0.0,1.0226567250634349,0.0029665255079889263,62.68361983734005,1.253672396746801,0.9265170740942991,3.008738086285131,48.26684528478615,0.0,rosenbrock,value,ts,exact,gaussian,1.0,0,50,7,81f44bc6-4f27-4808-b160-00b6828fb7f5,False,0.01,2.0,23.27704860002268,1.0256232505714238,"x0,x1,x2,x3",4,1.0,1.0,,,,,,,
-6.6011068208695525,-5.130956879115117,-8.788557363492984,-14.303085815699124,18.754155116627608,20.0,1.02398117990145,0.0016420706699737941,25.144470287681365,0.5028894057536273,0.06979875618699682,2.9988046750000175,7.8324488031560895,0.0,rosenbrock,value,ts,exact,gaussian,1.0,20,50,7,01eb5f73-3a4b-4024-ba0b-8c4fcc9c3786,False,0.01,2.0,15.092462199972942,1.0256232505714238,"x0,x1,x2,x3",4,1.0,1.0,,,,,,,
-4.873937725401622,-0.354905333599703,-11.556305785194283,8.940318425882616,15.406450717280787,0.0,1.0226567250634349,0.0029665255079889263,67.15721834440488,1.3431443668880976,0.3344977648634684,3.008738086285131,21.73886496358927,0.0,rosenbrock,value,ts,exact,gaussian,5.0,0,50,7,13d1ae22-873c-44e5-8864-dfe6920dd972,False,0.01,2.0,15.574159100011457,1.0256232505714238,"x0,x1,x2,x3",4,5.0,5.0,,,,,,,
4.071304559866327,-6.229418721098085,5.128590447861813,0.0,9.037899003853445,20.0,1.0226567250634349,0.0029665255079889263,42.87677521567914,0.8575355043135828,1.920075204462521,3.008738086285131,9.361252963184395,0.0,rosenbrock,value,ts,exact,gaussian,5.0,20,50,7,85f81aa9-95e1-478d-ab18-00c09ae5eb2f,False,0.01,2.0,17.95516569999745,1.0256232505714238,"x0,x1,x2,x3",4,5.0,5.0,,,,,,,
-3.327274820540841,-0.24228204107073203,-7.889104749359297,6.103257378735867,10.517470356330351,0.0,2.9258210552900787,0.713118018147973,163.67039865899775,3.273407973179955,0.713118018147973,80.95613231331491,80.95613231331491,0.0,rastrigin,value,ts,exact,none,0.0,0,50,7,33bac358-27b4-4af4-9f11-dc3bb52f08ff,True,0.01,2.0,20.164154800004326,3.638939073438052,"x0,x1,x2,x3",4,0.2,0.5,,,,,,,
2.021620941392215,-3.916690649580566,-9.07173913283654,-2.883401582473935,10.489893824783854,20.0,2.9258210552900787,0.713118018147973,163.67039865899775,3.273407973179955,0.713118018147973,80.95613231331491,80.95613231331491,0.0,rastrigin,value,ts,exact,none,0.0,20,50,7,33bac358-27b4-4af4-9f11-dc3bb52f08ff,True,0.01,2.0,20.164154800004326,3.638939073438052,"x0,x1,x2,x3",4,0.2,0.5,,,,,,,
-3.327274820540841,-0.24228204107073203,-7.889104749359297,6.103257378735867,10.517470356330351,0.0,1.811511159524399,1.827427913913653,188.0210930581645,3.76042186116329,1.827427913913653,104.63371729661546,104.63371729661546,0.0,rastrigin,value,ts,exact,gaussian,0.05,0,50,7,632d2430-0f76-4afc-83a4-51ee8fd7ad47,False,0.01,2.0,25.0639899999951,3.638939073438052,"x0,x1,x2,x3",4,0.05,0.05,,,,,,,
2.0153948712864613,-3.918296327706557,-9.102394785590384,-2.897241224002384,10.519622623541602,20.0,2.0651278547015535,1.5738112187364983,165.342803526707,3.30685607053414,1.5738112187364983,97.91084467008983,97.91084467008983,0.0,rastrigin,value,ts,exact,gaussian,0.05,20,50,7,ba31a9cf-a190-46f9-910f-47b0aa10dcda,False,0.01,2.0,22.99698100000387,3.638939073438052,"x0,x1,x2,x3",4,0.05,0.05,,,,,,,
-3.327274820540841,-0.24228204107073203,-7.889104749359297,6.103257378735867,10.517470356330351,0.0,2.6500010197533377,0.9889380536847141,186.49122530482978,3.7298245060965955,0.9889380536847141,69.522324831147,78.27517760890966,0.0,rastrigin,value,ts,exact,gaussian,0.25,0,50,7,dc9bd062-9bfc-4453-825d-ba3a08baa52f,False,0.01,2.0,20.14696440001717,3.638939073438052,"x0,x1,x2,x3",4,0.25,0.25,,,,,,,
1.9938122103161393,-3.9260244856602844,-9.25237781095673,-2.9607691082025354,10.665908506113333,20.0,2.144050615486066,1.4948884579519857,168.14737045621763,3.3629474091243527,2.61238645480429,89.5383767789076,96.80211375844759,0.0,rastrigin,value,ts,exact,gaussian,0.25,20,50,7,6bef8272-34e8-4349-a4c1-28f0b7d6a904,False,0.01,2.0,16.739310799981467,3.638939073438052,"x0,x1,x2,x3",4,0.25,0.25,,,,,,,
-3.327274820540841,-0.24228204107073203,-7.889104749359297,6.103257378735867,10.517470356330351,0.0,2.4240449144566014,1.2148941589814504,199.1162040049737,3.982324080099474,2.502515758798695,95.66967071027776,161.0293158569211,0.0,rastrigin,value,ts,exact,gaussian,1.0,0,50,7,ceb4789e-ae37-4870-aa61-d2dc342a2da7,False,0.01,2.0,23.987617200007662,3.638939073438052,"x0,x1,x2,x3",4,1.0,1.0,,,,,,,
3.6109454729761374,-2.5681068845087363,-5.591359108328643,-1.4530067425373534,7.280702263601824,20.0,1.9781905048715578,1.660748568566494,160.48891165881503,3.2097782331763005,1.660748568566494,92.75978089240371,94.26274172778342,0.0,rastrigin,value,ts,exact,gaussian,1.0,20,50,7,971bbb73-6d85-43fb-b8c0-3f315ddf4a80,False,0.01,2.0,16.159049700014293,3.638939073438052,"x0,x1,x2,x3",4,1.0,1.0,,,,,,,
-3.327274820540841,-0.24228204107073203,-7.889104749359297,6.103257378735867,10.517470356330351,0.0,1.4343726798783474,2.2045663935597046,201.5753068250415,4.0315061365008305,4.982989175179771,109.03024587708418,201.4572505203928,0.0,rastrigin,value,ts,exact,gaussian,5.0,0,50,7,d9176fa5-01d1-4edf-8c28-a3452366d8e7,False,0.01,2.0,17.55735379998805,3.638939073438052,"x0,x1,x2,x3",4,5.0,5.0,,,,,,,
-1.4233000223034065,-8.252212154187411,-6.700349846547701,0.5470945327672401,10.738658616657991,20.0,1.6974676393517778,1.941471434086274,192.13538096945769,3.8427076193891536,4.371274849579421,100.47965969419768,184.55419691946352,0.0,rastrigin,value,ts,exact,gaussian,5.0,20,50,7,521604db-d9eb-4d96-9a7b-0eb652f1cb7a,False,0.01,2.0,20.27237740001874,3.638939073438052,"x0,x1,x2,x3",4,5.0,5.0,,,,,,,
-21.294558851461385,-1.5506050628526822,-50.49027039589949,39.06084722390954,67.31181028051424,0.0,12.383780026967573,7.71866712688586,897.0921583648992,17.941843167297986,7.71866712688586,638.1254668654642,638.1254668654642,0.0,ackley,value,ts,exact,none,0.0,0,50,7,c6e1dd8b-39d8-49df-8cc4-d0b360a2842b,True,0.01,2.0,19.58021300000837,20.102447153853433,"x0,x1,x2,x3",4,0.2,0.5,,,,,,,
33.17792309815224,19.818072068904957,10.855861384524486,-3.7575007828916185,40.317478841919865,20.0,12.383780026967573,7.71866712688586,897.0921583648992,17.941843167297986,7.71866712688586,638.1254668654642,638.1254668654642,0.0,ackley,value,ts,exact,none,0.0,20,50,7,c6e1dd8b-39d8-49df-8cc4-d0b360a2842b,True,0.01,2.0,19.58021300000837,20.102447153853433,"x0,x1,x2,x3",4,0.2,0.5,,,,,,,
-21.294558851461385,-1.5506050628526822,-50.49027039589949,39.06084722390954,67.31181028051424,0.0,17.01566045366934,3.086786700184092,884.7820891812902,17.695641783625803,3.086786700184092,471.2777024677059,471.2777024677059,0.0,ackley,value,ts,exact,gaussian,0.05,0,50,7,c2f02ae3-ca66-42e4-aa71-53f279575f26,False,0.01,2.0,18.413508099969476,20.102447153853433,"x0,x1,x2,x3",4,0.05,0.05,,,,,,,
32.79692981300907,19.818072068904957,11.034094462000327,-3.985692714749412,40.07532373793763,20.0,12.609136814848942,7.493310339004491,905.6866506870203,18.113733013740408,7.493310339004491,626.1243451324588,626.1243451324588,0.0,ackley,value,ts,exact,gaussian,0.05,20,50,7,1a80958a-b250-472a-acb4-554c851eb2be,False,0.01,2.0,25.701490000006743,20.102447153853433,"x0,x1,x2,x3",4,0.05,0.05,,,,,,,
-21.294558851461385,-1.5506050628526822,-50.49027039589949,39.06084722390954,67.31181028051424,0.0,11.476985250241912,8.625461903611521,907.509717750602,18.15019435501204,8.625461903611521,668.4476668813786,668.4476668813786,0.0,ackley,value,ts,exact,gaussian,0.25,0,50,7,9d36b8a6-dfbc-4828-b970-d0066bf53dc8,False,0.01,2.0,25.468942200008314,20.102447153853433,"x0,x1,x2,x3",4,0.25,0.25,,,,,,,
30.971004810788116,19.818072068904957,11.810107049246607,-4.804758949349845,38.916878813622674,20.0,14.86118862278612,5.241258531067313,887.2600382535136,17.745200765070273,5.241258531067313,638.8432638742423,638.8432638742423,0.0,ackley,value,ts,exact,gaussian,0.25,20,50,7,fdbc1174-fb79-46f9-8a82-7f00f0ba7b02,False,0.01,2.0,22.362807400000747,20.102447153853433,"x0,x1,x2,x3",4,0.25,0.25,,,,,,,
-21.294558851461385,-1.5506050628526822,-50.49027039589949,39.06084722390954,67.31181028051424,0.0,2.521904717421122,17.58054243643231,1009.940151017835,20.1988030203567,17.58054243643231,865.741482751092,895.0366639240544,0.0,ackley,value,ts,exact,gaussian,1.0,0,50,7,b9c6cd5d-ee4f-4fc0-996b-117f74d3b45a,False,0.01,2.0,17.982246899977326,20.102447153853433,"x0,x1,x2,x3",4,1.0,1.0,,,,,,,
42.62765599909051,14.281281005020436,1.0473464626435784,41.11619635483465,60.93201605415074,20.0,10.99065795329584,9.111789200557594,926.3767527086908,18.527535054173814,11.602640519140197,724.7612395374359,753.9204531973184,0.0,ackley,value,ts,exact,gaussian,1.0,20,50,7,beb3e3ee-0272-4ede-b5bf-dee53fa7ef00,False,0.01,2.0,19.02581989997998,20.102447153853433,"x0,x1,x2,x3",4,1.0,1.0,,,,,,,
-21.294558851461385,-1.5506050628526822,-50.49027039589949,39.06084722390954,67.31181028051424,0.0,4.241386723808057,15.861060430045375,1001.3346586716848,20.026693173433696,20.622762091007406,836.1956877532851,989.5278968887495,0.0,ackley,value,ts,exact,gaussian,5.0,0,50,7,881bb12c-1ffa-4b8c-b37a-1c5d99694ab5,False,0.01,2.0,19.609682599955704,20.102447153853433,"x0,x1,x2,x3",4,5.0,5.0,,,,,,,
42.62765599909051,-35.798056440023,4.448193910936437,14.837951079928267,57.78035238884845,20.0,3.685100884392902,16.41734626946053,1005.5786085098014,20.111572170196027,21.080922814142685,820.9221048505439,901.1473201489093,0.0,ackley,value,ts,exact,gaussian,5.0,20,50,7,030eba7a-69fa-44c6-a25f-82d80dfb39d2,False,0.01,2.0,18.19839590002084,20.102447153853433,"x0,x1,x2,x3",4,5.0,5.0,,,,,,,
-3.249291816934415,-0.23660355573313652,-7.704203856796188,5.960212283921744,10.27096714485386,0.0,8.86955260812041,47.904521429897976,2786.2790079291426,55.72558015858285,47.904521429897976,2519.0083651932578,2519.0083651932578,0.0,shekel,value,ts,exact,none,0.0,0,50,7,14883bee-7a45-4e2e-9ec8-f1c26e94f49a,True,0.01,2.0,18.356410500011407,56.774074038018384,"x0,x1,x2,x3",4,0.2,0.5,,,,,,,
-4.9905650276937825,1.5484639680481442,-0.3192373551108654,1.3459805424371623,5.405280387315839,20.0,8.86955260812041,47.904521429897976,2786.2790079291426,55.72558015858285,47.904521429897976,2519.0083651932578,2519.0083651932578,0.0,shekel,value,ts,exact,none,0.0,20,50,7,14883bee-7a45-4e2e-9ec8-f1c26e94f49a,True,0.01,2.0,18.356410500011407,56.774074038018384,"x0,x1,x2,x3",4,0.2,0.5,,,,,,,
-3.249291816934415,-0.23660355573313652,-7.704203856796188,5.960212283921744,10.27096714485386,0.0,19.72777452065703,37.046299517361355,2768.772276103335,55.375445522066705,37.046299517361355,2446.204225068591,2446.204225068591,0.0,shekel,value,ts,exact,gaussian,0.05,0,50,7,70f74869-6fc6-4272-ac49-c0f791bb0ec4,False,0.01,2.0,35.69209319999209,56.774074038018384,"x0,x1,x2,x3",4,0.05,0.05,,,,,,,
-4.011105839342904,1.9963395418521173,0.6581909462128719,2.987895445077164,5.425410227177529,20.0,16.870810506776955,39.90326353124143,2744.4376381148036,54.88875276229607,39.90326353124143,2485.0348151122053,2485.0348151122053,0.0,shekel,value,ts,exact,gaussian,0.05,20,50,7,dfbd47aa-4133-46fb-8781-591bab07661b,False,0.01,2.0,22.584911599988118,56.774074038018384,"x0,x1,x2,x3",4,0.05,0.05,,,,,,,
-3.249291816934415,-0.23660355573313652,-7.704203856796188,5.960212283921744,10.27096714485386,0.0,16.48559218338015,40.288481854638235,2731.099321210352,54.621986424207044,40.288481854638235,2340.5924475807474,2340.948478890139,0.0,shekel,value,ts,exact,gaussian,0.25,0,50,7,a8f88fa7-64ad-4292-a497-b145db687bf9,False,0.01,2.0,25.90842180000618,56.774074038018384,"x0,x1,x2,x3",4,0.25,0.25,,,,,,,
-4.022022957410824,1.9781239859214748,0.6484711675695598,2.9436614467161877,5.401416549542337,20.0,10.879105614982613,45.89496842303577,2747.0358731643755,54.94071746328751,45.95534973143143,2486.426129193689,2487.060132931844,0.0,shekel,value,ts,exact,gaussian,0.25,20,50,7,1fa7aa5b-26bb-4225-a60d-92a7cd3bad9c,False,0.01,2.0,15.081837399979122,56.774074038018384,"x0,x1,x2,x3",4,0.25,0.25,,,,,,,
-3.249291816934415,-0.23660355573313652,-7.704203856796188,5.960212283921744,10.27096714485386,0.0,2.9944036246404666,53.779670413377914,2834.806923592988,56.69613847185976,54.81834865576814,2698.935018636707,2749.3043495066413,0.0,shekel,value,ts,exact,gaussian,1.0,0,50,7,d305a09b-e140-474a-a22c-3227678bbc52,False,0.01,2.0,20.443289799964987,56.774074038018384,"x0,x1,x2,x3",4,1.0,1.0,,,,,,,
-9.81562237757349,-2.3821361312806384,1.0043052150081824,2.1837542544785644,10.382602121622499,20.0,15.715357663512373,41.05871637450601,2768.8879052003363,55.37775810400672,41.05871637450601,2545.2579585968797,2545.298985129524,0.0,shekel,value,ts,exact,gaussian,1.0,20,50,7,1a997389-a380-4ac6-9e4c-7bdae936fd78,False,0.01,2.0,17.721725300012622,56.774074038018384,"x0,x1,x2,x3",4,1.0,1.0,,,,,,,
-3.249291816934415,-0.23660355573313652,-7.704203856796188,5.960212283921744,10.27096714485386,0.0,1.6871911264146415,55.086882911603745,2858.753010421729,57.17506020843458,56.49567688603193,2708.956323095535,2796.7038393609537,0.0,shekel,value,ts,exact,gaussian,5.0,0,50,7,799ecb6d-f9d9-4595-a5b9-e09133bf7ec4,False,0.01,2.0,15.67928410001332,56.774074038018384,"x0,x1,x2,x3",4,5.0,5.0,,,,,,,
-9.839579336926132,-2.3821361312806384,2.787822224635879,1.70818756373547,10.638691253377488,20.0,4.2304062019801325,52.54366783603825,2847.8257401157703,56.956514802315404,56.7507381073537,2630.008836200802,2748.4714248713403,0.0,shekel,value,ts,exact,gaussian,5.0,20,50,7,e373bc5e-dd8d-454e-9309-3f57011e9691,False,0.01,2.0,15.995972200005781,56.774074038018384,"x0,x1,x2,x3",4,5.0,5.0,,,,,,,
-324.92918169344154,-23.66035557331361,-770.4203856796188,596.0212283921744,1027.096714485386,0.0,2.139829020144364,2.1885613516344877,206.70366252644175,4.134073250528835,2.1885613516344877,137.58777650075845,137.58777650075845,0.0,schwefel,value,ts,exact,none,0.0,0,50,7,92797bb1-d74d-436e-a7a2-0f7c0ed9fb62,True,0.01,2.0,33.00384779996239,4.328390371778852,"x0,x1,x2,x3",4,0.2,0.5,,,,,,,
-633.0431238275105,-722.2406540094233,-430.57704871240867,250.33168645819194,1081.8676938758006,20.0,2.139829020144364,2.1885613516344877,206.70366252644175,4.134073250528835,2.1885613516344877,137.58777650075845,137.58777650075845,0.0,schwefel,value,ts,exact,none,0.0,20,50,7,92797bb1-d74d-436e-a7a2-0f7c0ed9fb62,True,0.01,2.0,33.00384779996239,4.328390371778852,"x0,x1,x2,x3",4,0.2,0.5,,,,,,,
-324.92918169344154,-23.66035557331361,-770.4203856796188,596.0212283921744,1027.096714485386,0.0,1.808239186710008,2.520151185068844,218.06728224723275,4.361345644944655,2.520151185068844,141.96949805153517,141.96949805153517,0.0,schwefel,value,ts,exact,gaussian,0.05,0,50,7,1b650b9c-0bf0-4008-a23a-6dc9b4c94344,False,0.01,2.0,25.127797599998303,4.328390371778852,"x0,x1,x2,x3",4,0.05,0.05,,,,,,,
-633.154858085748,-722.2406540094233,-430.8112943870016,249.8188635792393,1081.9077930179492,20.0,2.1417856686730183,2.1866047031058335,222.83896731211684,4.456779346242337,2.1866047031058335,135.2928833169246,135.2928833169246,0.0,schwefel,value,ts,exact,gaussian,0.05,20,50,7,c6b3fe68-3bfd-418c-84f6-d18c79de378e,False,0.01,2.0,22.497260199976154,4.328390371778852,"x0,x1,x2,x3",4,0.05,0.05,,,,,,,
-324.92918169344154,-23.66035557331361,-770.4203856796188,596.0212283921744,1027.096714485386,0.0,2.036499767552265,2.291890604226587,218.87772191040548,4.37755443820811,2.4145607473718473,134.3121251560408,136.22622627987366,0.0,schwefel,value,ts,exact,gaussian,0.25,0,50,7,6c092aa1-51af-433c-9930-71dc5eda8b1f,False,0.01,2.0,18.070352000009734,4.328390371778852,"x0,x1,x2,x3",4,0.25,0.25,,,,,,,
-634.4793009068158,-722.2406540094233,-432.4424913353067,246.99424116617374,1082.685646466555,20.0,2.082970596262651,2.245419775516201,223.04201717557223,4.460840343511444,2.245419775516201,138.93537400954486,138.93537400954486,0.0,schwefel,value,ts,exact,gaussian,0.25,20,50,7,f6c304d8-54a6-4e6e-ab7b-cfe81846ba27,False,0.01,2.0,19.371774500003085,4.328390371778852,"x0,x1,x2,x3",4,0.25,0.25,,,,,,,
-324.92918169344154,-23.66035557331361,-770.4203856796188,596.0212283921744,1027.096714485386,0.0,2.277165161929434,2.051225209849418,214.18146200778517,4.283629240155704,2.335836053044286,144.98067136208672,178.20751074046672,0.0,schwefel,value,ts,exact,gaussian,1.0,0,50,7,fc2b00ea-38f5-440b-9d0d-bc64d2b8e0b6,False,0.01,2.0,18.889921099995263,4.328390371778852,"x0,x1,x2,x3",4,1.0,1.0,,,,,,,
16.0263051996169,-523.6317036277962,62.093267153694,106.52090349659073,538.1907470498257,20.0,2.055155873787075,2.2732344979917767,211.77280950654338,4.235456190130868,2.9047671097783283,138.01995518562867,149.99491016656006,0.0,schwefel,value,ts,exact,gaussian,1.0,20,50,7,ddd9a898-7c05-4777-8ff3-4e45c84b98f7,False,0.01,2.0,15.032325199979823,4.328390371778852,"x0,x1,x2,x3",4,1.0,1.0,,,,,,,
-324.92918169344154,-23.66035557331361,-770.4203856796188,596.0212283921744,1027.096714485386,0.0,2.415582237289628,1.9128081344892238,203.53673575665118,4.070734715133024,3.1851035846784344,124.39490824008212,179.98696353491377,0.0,schwefel,value,ts,exact,gaussian,5.0,0,50,7,af6e1b53-d446-4460-a9f8-a2e5cab81d7d,False,0.01,2.0,19.70504999998957,4.328390371778852,"x0,x1,x2,x3",4,5.0,5.0,,,,,,,
-676.8377739908893,221.85173554501992,-85.65735479103711,-112.4619107222735,726.1628113986435,20.0,1.9863325964468779,2.3420577753319742,212.61827081714716,4.252365416342943,3.467586145732402,138.50684358576447,145.2515718880281,0.0,schwefel,value,ts,exact,gaussian,5.0,20,50,7,93cecb6b-7fe7-44d5-86d2-b38b5e1db1c8,False,0.01,2.0,19.72899440000765,4.328390371778852,"x0,x1,x2,x3",4,5.0,5.0,,,,,,,
-743.7961944469107,-91.18245910417102,25.660486208223347,291.2733154237547,1075.6730602218613,0.0,2.736852869169411,0.0170029464895598,109.86211822606089,2.197242364521218,0.0170029464895598,55.25029954211984,55.25029954211984,0.0,griewank,value,ts,exact,none,0.0,0,50,7,284203d2-dc4f-46ae-b7ab-0460edc1f399,True,0.01,2.0,21.997205499967095,2.7538558156589708,"x0,x1,x2,x3,x4,x5",6,0.2,0.5,3.439370289705721,-714.1533999545863,,,,,
432.6467777614962,-7.875491490387944,-15.904713490315956,-423.7040281234507,635.1465939208773,20.0,2.736852869169411,0.0170029464895598,109.86211822606089,2.197242364521218,0.0170029464895598,55.25029954211984,55.25029954211984,0.0,griewank,value,ts,exact,none,0.0,20,50,7,284203d2-dc4f-46ae-b7ab-0460edc1f399,True,0.01,2.0,21.997205499967095,2.7538558156589708,"x0,x1,x2,x3,x4,x5",6,0.2,0.5,0.0,190.75606081177148,,,,,
-743.7961944469107,-91.18245910417102,25.660486208223347,291.2733154237547,1075.6730602218613,0.0,2.7324384423820915,0.021417373276879204,99.92851744153586,1.9985703488307172,0.03699336184436364,51.25213389068334,52.11885290111128,0.0,griewank,value,ts,exact,gaussian,0.05,0,50,7,12ed6fcb-ecab-444e-9a59-c1c82afef6dc,False,0.01,2.0,42.43084990000352,2.7538558156589708,"x0,x1,x2,x3,x4,x5",6,0.05,0.05,3.439370289705721,-714.1533999545863,,,,,
433.62424159193773,-3.614432120250683,-13.838511478491185,-420.66741146760756,631.7179229094035,20.0,2.732263781886496,0.02159203377247465,106.14131592740021,2.1228263185480043,0.044946177800075926,55.108003372993934,55.446638461394166,0.0,griewank,value,ts,exact,gaussian,0.05,20,50,7,a828db12-63e1-40ca-903a-6a6203282128,False,0.01,2.0,25.037298000010196,2.7538558156589708,"x0,x1,x2,x3,x4,x5",6,0.05,0.05,0.0,184.04323306885823,,,,,
-743.7961944469107,-91.18245910417102,25.660486208223347,291.2733154237547,1075.6730602218613,0.0,2.721520297937417,0.03233551772155385,110.03953590638801,2.2007907181277604,0.24166899756108862,60.645575690511095,65.83595666652377,0.0,griewank,value,ts,exact,gaussian,0.25,0,50,7,abc05d27-1866-45fc-ba4a-43056290d4b9,False,0.01,2.0,19.639783599996008,2.7538558156589708,"x0,x1,x2,x3,x4,x5",6,0.25,0.25,3.439370289705721,-714.1533999545863,,,,,
440.8498979987829,17.67192192115006,-2.2333605540807326,-406.13816389878514,618.1988474355138,20.0,2.6388144675247145,0.11504134813425626,114.42640928123507,2.2885281856247013,0.27139877827294967,53.772308278311456,55.97178419634457,0.0,griewank,value,ts,exact,gaussian,0.25,20,50,7,09a70dad-0b04-427c-8897-a3381255b253,False,0.01,2.0,22.618393199983984,2.7538558156589708,"x0,x1,x2,x3,x4,x5",6,0.25,0.25,0.0,150.18551696562582,,,,,
-743.7961944469107,-91.18245910417102,25.660486208223347,291.2733154237547,1075.6730602218613,0.0,2.4696447051985713,0.2842111104603995,168.84834080966758,3.3769668161933515,1.3369816782488333,54.08090470213177,76.8932989567908,0.0,griewank,value,ts,exact,gaussian,1.0,0,50,7,47803f35-418d-48cb-ae7b-ef569c150c8b,False,0.01,2.0,19.820461199968122,2.7538558156589708,"x0,x1,x2,x3,x4,x5",6,1.0,1.0,3.439370289705721,-714.1533999545863,,,,,
-632.9735878388127,497.1070159663081,163.23014042169402,229.69245927199938,1237.560299610261,20.0,2.680677916465122,0.07317789919384854,133.6263342715542,2.6725266854310843,0.22607691744618252,50.1524156352342,52.39080835552932,0.0,griewank,value,ts,exact,gaussian,1.0,20,50,7,f014031a-1dbb-4086-bc07-3b21862880a1,False,0.01,2.0,20.829498299979605,2.7538558156589708,"x0,x1,x2,x3,x4,x5",6,1.0,1.0,-227.02819960274974,867.6635516970856,,,,,
-743.7961944469107,-91.18245910417102,25.660486208223347,291.2733154237547,1075.6730602218613,0.0,1.09308986196114,1.6607659536978308,191.15780104240895,3.823156020848179,4.712801801538766,101.10662469591142,205.86696018782118,0.0,griewank,value,ts,exact,gaussian,5.0,0,50,7,3b75f980-9501-4bbb-ae36-d1bb7c71c4db,False,0.01,2.0,21.602612199960276,2.7538558156589708,"x0,x1,x2,x3,x4,x5",6,5.0,5.0,3.439370289705721,-714.1533999545863,,,,,
-572.102967990767,73.83661746918251,718.8430269315493,295.985467188828,1104.3520440383268,20.0,0.7944420845966038,1.959413731062367,221.3522253841574,4.427044507683148,3.0037577233248687,104.65439033583249,165.29901526449075,0.0,griewank,value,ts,exact,gaussian,5.0,20,50,7,f81eeef1-1725-4e3b-98a0-4f3e4a8f5f6f,False,0.01,2.0,24.75284880003892,2.7538558156589708,"x0,x1,x2,x3,x4,x5",6,5.0,5.0,-414.7885920355078,-332.3364483029144,,,,,
0.7805537608974431,-2.802138843683271,0.1430767001414357,1.7965582081583973,3.462243739646996,0.0,2.7382691485024484,5.30945201818653,394.0971705409232,7.881943410818463,5.30945201818653,277.8992482293024,277.8992482293024,0.0,michalewicz,value,ts,exact,none,0.0,0,50,7,1fe89bc2-fd0e-43f3-beea-e5e658fbd38f,True,0.01,2.0,31.04842639999697,8.047721166688978,"x0,x1,x2,x3,x4",5,0.2,0.5,0.5270608146792729,,,,,,
0.882074458346393,2.3623943441275417,0.07492722149647246,-1.0220362020667593,3.37895316595713,20.0,2.7382691485024484,5.30945201818653,394.0971705409232,7.881943410818463,5.30945201818653,277.8992482293024,277.8992482293024,0.0,michalewicz,value,ts,exact,none,0.0,20,50,7,1fe89bc2-fd0e-43f3-beea-e5e658fbd38f,True,0.01,2.0,31.04842639999697,8.047721166688978,"x0,x1,x2,x3,x4",5,0.2,0.5,-2.002046458912132,,,,,,
0.7805537608974431,-2.802138843683271,0.1430767001414357,1.7965582081583973,3.462243739646996,0.0,2.4811517768825593,5.5665693898064195,396.34597763116676,7.926919552623335,5.5665693898064195,302.4189562695424,302.4189562695424,0.0,michalewicz,value,ts,exact,gaussian,0.05,0,50,7,9e3089e4-a9df-4d8a-8f31-e6d03470221d,False,0.01,2.0,29.87390539998887,8.047721166688978,"x0,x1,x2,x3,x4",5,0.05,0.05,0.5270608146792729,,,,,,
0.8860744621087642,2.35730680947051,0.07359227975338367,-1.0225287245046635,3.376565442294346,20.0,2.7382691485024484,5.30945201818653,377.248372646284,7.54496745292568,5.30945201818653,277.8992482293024,277.8992482293024,0.0,michalewicz,value,ts,exact,gaussian,0.05,20,50,7,2cc96e5d-1181-456c-b94f-bfe0f15cabd4,False,0.01,2.0,24.62509049999062,8.047721166688978,"x0,x1,x2,x3,x4",5,0.05,0.05,-2.002046458912132,,,,,,
0.7805537608974431,-2.802138843683271,0.1430767001414357,1.7965582081583973,3.462243739646996,0.0,3.055019249922724,4.992701916766254,401.00431080541597,8.02008621610832,4.992701916766254,281.6374231822049,281.6535241636653,0.0,michalewicz,value,ts,exact,gaussian,0.25,0,50,7,386c45f6-6244-47cc-8d4c-7e5bae80009a,False,0.01,2.0,23.043011499976274,8.047721166688978,"x0,x1,x2,x3,x4",5,0.25,0.25,0.5270608146792729,,,,,,
0.908864762746417,2.328651244481592,0.06615668228313254,-1.0250037347920884,3.3633095548847143,20.0,3.862224526868275,4.185496639820704,379.819334080573,7.5963866816114605,4.185496639820704,246.99047532424223,246.99047532424223,0.0,michalewicz,value,ts,exact,gaussian,0.25,20,50,7,7f528323-0751-421a-bf29-6112706abd95,False,0.01,2.0,28.417604099959135,8.047721166688978,"x0,x1,x2,x3,x4",5,0.25,0.25,-2.002046458912132,,,,,,
0.7805537608974431,-2.802138843683271,0.1430767001414357,1.7965582081583973,3.462243739646996,0.0,2.3959185337985063,5.6518026328904725,419.68612751494095,8.393722550298818,6.5335806729793315,308.86306105568974,327.82128891760027,0.0,michalewicz,value,ts,exact,gaussian,1.0,0,50,7,11273a91-dad1-4616-849a-9de8e6228914,False,0.01,2.0,20.87207280000439,8.047721166688978,"x0,x1,x2,x3,x4",5,1.0,1.0,0.5270608146792729,,,,,,
0.8454349976600994,1.4241245423877116,0.6506361636619586,-1.5815423853395467,2.8086656984922813,20.0,2.7382691485024484,5.30945201818653,412.35454166265635,8.247090833253127,7.462002355695228,277.8992482293024,304.80612744816113,0.0,michalewicz,value,ts,exact,gaussian,1.0,20,50,7,b7d44b01-8f7c-4be8-9195-c870ca01cb29,False,0.01,2.0,21.891844799974933,8.047721166688978,"x0,x1,x2,x3,x4",5,1.0,1.0,-1.490338291897963,,,,,,
0.7805537608974431,-2.802138843683271,0.1430767001414357,1.7965582081583973,3.462243739646996,0.0,3.582060114525089,4.465661052163889,391.7265180412169,7.8345303608243375,9.101653889366801,238.65961918678371,325.0508913346559,0.0,michalewicz,value,ts,exact,gaussian,5.0,0,50,7,911ab4de-2356-462a-863f-37a307bd246d,False,0.01,2.0,21.9432145000319,8.047721166688978,"x0,x1,x2,x3,x4",5,5.0,5.0,0.5270608146792729,,,,,,
0.0,1.9840963136705811,-1.7063904898397393,-1.2237502984509638,2.892116254038065,20.0,2.7382691485024484,5.30945201818653,411.30459352720175,8.226091870544035,5.919913492278965,277.8992482293024,368.52600514124464,0.0,michalewicz,value,ts,exact,gaussian,5.0,20,50,7,2ae565d0-7ca9-4a34-81e0-0287fa727439,False,0.01,2.0,20.170322399993893,8.047721166688978,"x0,x1,x2,x3,x4",5,5.0,5.0,-0.1355173353326149,,,,,,
-0.6198301620390922,-0.0759853825868092,0.021383738506852712,0.24272776285312891,0.8963942168515511,0.0,4.267012713561966,3.700151249729971,375.11997274219374,7.502399454843875,3.700151249729971,311.2091004001352,311.2091004001352,0.0,hartmann_6,value,ts,exact,none,0.0,0,50,7,1433eeda-ca01-4aeb-93f7-eb58dcb00646,True,0.01,2.0,24.900688100024126,7.967163963291937,"x0,x1,x2,x3,x4,x5",6,0.2,0.5,0.0028661419080880934,-0.5951278332954886,,,,,
0.5048822759323922,-0.5511131902232713,-0.14587773852940544,0.7142207500254252,1.460549554747637,20.0,4.267012713561966,3.700151249729971,375.11997274219374,7.502399454843875,3.700151249729971,311.2091004001352,311.2091004001352,0.0,hartmann_6,value,ts,exact,none,0.0,20,50,7,1433eeda-ca01-4aeb-93f7-eb58dcb00646,True,0.01,2.0,24.900688100024126,7.967163963291937,"x0,x1,x2,x3,x4,x5",6,0.2,0.5,0.9203936915761073,-0.44278324158254667,,,,,
-0.6198301620390922,-0.0759853825868092,0.021383738506852712,0.24272776285312891,0.8963942168515511,0.0,7.462979131259595,0.5041848320323421,279.1205089128027,5.582410178256054,0.5041848320323421,144.88293073161236,144.9659474915906,0.0,hartmann_6,value,ts,exact,gaussian,0.05,0,50,7,81006717-e6e3-4bff-9e40-e57ed99747ad,False,0.01,2.0,38.51009080000222,7.967163963291937,"x0,x1,x2,x3,x4,x5",6,0.05,0.05,0.0028661419080880934,-0.5951278332954886,,,,,
0.538872597060989,0.10418240912860777,0.0,0.7142207500254252,0.9183068709326707,20.0,7.426035027153295,0.5411289361386418,359.93703438338355,7.198740687667671,0.5411289361386418,321.99057524350906,322.02172510804826,0.0,hartmann_6,value,ts,exact,gaussian,0.05,20,50,7,733bd565-d22b-4a90-9fd9-f3cbae0cdd4c,False,0.01,2.0,33.29502089996822,7.967163963291937,"x0,x1,x2,x3,x4,x5",6,0.05,0.05,0.0,-0.1787136793873828,,,,,
-0.6198301620390922,-0.0759853825868092,0.021383738506852712,0.24272776285312891,0.8963942168515511,0.0,6.785268088749436,1.1818958745425014,362.14366524276585,7.242873304855317,1.1818958745425014,319.57897840706545,327.6241208713102,0.0,hartmann_6,value,ts,exact,gaussian,0.25,0,50,7,d0303609-2bee-427e-99d4-1a7dd077ff30,False,0.01,2.0,21.19403719995171,7.967163963291937,"x0,x1,x2,x3,x4,x5",6,0.25,0.25,0.0028661419080880934,-0.5951278332954886,,,,,
-0.026548410369228365,-0.6932200150711161,-0.6503633207432297,0.05717725063836021,1.5791743272146963,20.0,6.0451891669679725,1.9219747963239646,359.70787702725244,7.194157540545048,1.9219747963239646,313.1742609317138,313.71279777110544,0.0,hartmann_6,value,ts,exact,gaussian,0.25,20,50,7,4b79cd24-b7ef-42de-80d6-4b6ea7833d48,False,0.01,2.0,23.54222950001713,7.967163963291937,"x0,x1,x2,x3,x4,x5",6,0.25,0.25,1.0,-0.7656964551223511,,,,,
-0.6198301620390922,-0.0759853825868092,0.021383738506852712,0.24272776285312891,0.8963942168515511,0.0,3.948226221366447,4.01893774192549,386.25662533775665,7.725132506755133,4.01893774192549,252.57822736771638,262.74715191706764,0.0,hartmann_6,value,ts,exact,gaussian,1.0,0,50,7,c5408052-35f3-4de7-b95b-257041c4304a,False,0.01,2.0,23.78551299998071,7.967163963291937,"x0,x1,x2,x3,x4,x5",6,1.0,1.0,0.0028661419080880934,-0.5951278332954886,,,,,
0.4346826250144663,-0.24130402731053213,-0.9016654174182123,0.08129979768675122,1.317666538902309,20.0,4.382091289000679,3.5850726742912578,384.3972157304775,7.68794431460955,3.5850726742912578,281.0499062493984,282.37499338599724,0.0,hartmann_6,value,ts,exact,gaussian,1.0,20,50,7,7b098afe-a814-4e10-90fc-a38102e19a1e,False,0.01,2.0,25.22503259999212,7.967163963291937,"x0,x1,x2,x3,x4,x5",6,1.0,1.0,0.28838731975979953,-0.7656964551223511,,,,,
-0.6198301620390922,-0.0759853825868092,0.021383738506852712,0.24272776285312891,0.8963942168515511,0.0,4.833179779300196,3.133984183991741,407.797252814887,8.155945056297739,8.425743099384567,340.6436932116648,416.66068204137457,0.0,hartmann_6,value,ts,exact,gaussian,5.0,0,50,7,50fd3a2a-e3cb-407e-ae76-7e79c7686c1c,False,0.01,2.0,26.214070299989544,7.967163963291937,"x0,x1,x2,x3,x4,x5",6,5.0,5.0,0.0028661419080880934,-0.5951278332954886,,,,,
0.07162691303434192,0.10418240912860777,0.0,0.1711686743481855,1.277330875500831,20.0,1.7100477299996382,6.257116233292299,414.9935287362476,8.299870574724952,6.895079757899307,343.60073525448627,404.7208962629825,0.0,hartmann_6,value,ts,exact,gaussian,5.0,20,50,7,c0fa94c2-0f23-45b3-b213-f0cd8562a256,False,0.01,2.0,26.053846800001338,7.967163963291937,"x0,x1,x2,x3,x4,x5",6,5.0,5.0,1.0,-0.7656964551223511,,,,,
1.5059022364052659,-6.720066109789836,,,6.886728545946638,0.0,1.2500379241961752,1.754170389345333e-05,14.13338409044445,0.282667681808889,1.754170389345333e-05,4.656830983491231,4.656830983491231,0.0,branin,value,ts,exact,none,0.0,0,50,7,e5d86d06-dd30-46bb-b631-d43318e5762f,True,0.01,2.0,12.570667299965862,1.2500554659000687,"x0,x1",2,0.2,0.5,,,,,,,
-6.212359717261927,-1.1528510202216853,,,6.318423753713016,20.0,1.2500379241961752,1.754170389345333e-05,14.13338409044445,0.282667681808889,1.754170389345333e-05,4.656830983491231,4.656830983491231,0.0,branin,value,ts,exact,none,0.0,20,50,7,e5d86d06-dd30-46bb-b631-d43318e5762f,True,0.01,2.0,12.570667299965862,1.2500554659000687,"x0,x1",2,0.2,0.5,,,,,,,
1.5059022364052659,-6.720066109789836,,,6.886728545946638,0.0,1.2499567295992036,9.873630086509877e-05,13.257351976890298,0.26514703953780594,0.006265415935508223,4.614846333619661,5.591967953462269,0.0,branin,value,ts,exact,gaussian,0.05,0,50,7,a28f388c-06bd-4232-9243-35691197f736,False,0.01,2.0,11.917073299991898,1.2500554659000687,"x0,x1",2,0.05,0.05,,,,,,,
-6.227032703388848,-1.1522740298105494,,,6.332745986446169,20.0,1.2496837331978563,0.0003717327022123573,15.602020535008878,0.3120404107001776,0.00485658409967149,4.66248026474154,4.785813678171667,0.0,branin,value,ts,exact,gaussian,0.05,20,50,7,23fd20de-8f0a-40a9-92ed-39dc199a2bc7,False,0.01,2.0,12.912647600052878,1.2500554659000687,"x0,x1",2,0.05,0.05,,,,,,,
1.5059022364052659,-6.720066109789836,,,6.886728545946638,0.0,1.2493133333588538,0.0007421325412149127,23.097467273120895,0.4619493454624179,0.029445798731958295,5.837837100080409,8.83843977233695,0.0,branin,value,ts,exact,gaussian,0.25,0,50,7,d25a4f12-7102-4a4f-9c6a-8e03c2e5b259,False,0.01,2.0,11.49583500000881,1.2500554659000687,"x0,x1",2,0.25,0.25,,,,,,,
0.611795043725543,4.695081655704556,,,4.7347740103684535,20.0,1.2465742774789301,0.003481188421138537,17.82209012406141,0.3564418024812282,0.04699176819752915,4.775747459669471,5.543428962827292,0.0,branin,value,ts,exact,gaussian,0.25,20,50,7,3b8a6956-b4f6-4052-b99e-8f014f86cc2c,False,0.01,2.0,12.471439399989322,1.2500554659000687,"x0,x1",2,0.25,0.25,,,,,,,
1.5059022364052659,-6.720066109789836,,,6.886728545946638,0.0,1.1754363487865747,0.074619117113494,26.79118932466161,0.5358237864932321,0.209709374712161,11.17825654594681,18.803424062832672,0.0,branin,value,ts,exact,gaussian,1.0,0,50,7,d926ad9a-702a-46ba-8979-e63008fbe6b4,False,0.01,2.0,10.944805499981157,1.2500554659000687,"x0,x1",2,1.0,1.0,,,,,,,
-6.190473395314067,-0.8203365664470943,,,6.244590694380335,20.0,1.244476716501779,0.0055787493982897285,25.10469131372715,0.502093826274543,0.2472663075611583,4.810880240579746,7.900580607899682,0.0,branin,value,ts,exact,gaussian,1.0,20,50,7,975bc966-1a92-4289-bff2-97d5762cf480,False,0.01,2.0,11.07430060004117,1.2500554659000687,"x0,x1",2,1.0,1.0,,,,,,,
1.5059022364052659,-6.720066109789836,,,6.886728545946638,0.0,1.2087235382162755,0.041331927683793124,47.641999559102,0.95283999118204,0.24285311770069318,10.883470789346678,28.64232990245942,0.0,branin,value,ts,exact,gaussian,5.0,0,50,7,ed9939f9-7820-4a6d-8692-8effb0f3edf9,False,0.01,2.0,12.37059509998653,1.2500554659000687,"x0,x1",2,5.0,5.0,,,,,,,
-4.916828266669426,-1.4006022724274203,,,5.112424760272598,20.0,1.244476716501779,0.0055787493982897285,40.21453578444673,0.8042907156889346,0.975087389281813,4.810880240579746,15.705994256353023,0.0,branin,value,ts,exact,gaussian,5.0,20,50,7,e1c5f93b-018a-491c-a98c-f54edadf25c7,False,0.01,2.0,10.236279400007334,1.2500554659000687,"x0,x1",2,5.0,5.0,,,,,,,
154.20438900789918,-688.1347696424792,,,705.2010031049356,0.0,2.7396726513128593,0.46537287974219943,154.03778282016307,3.0807556564032614,0.46537287974219943,65.0176479003828,65.0176479003828,0.0,eggholder,value,ts,exact,none,0.0,0,50,7,db93d146-62ea-44fe-90d3-af2428544528,True,0.01,2.0,13.189378200040665,3.2050455310550587,"x0,x1",2,0.2,0.5,,,,,,,
342.9677280797477,967.9761997465888,,,1026.9395239156158,20.0,2.7396726513128593,0.46537287974219943,154.03778282016307,3.0807556564032614,0.46537287974219943,65.0176479003828,65.0176479003828,0.0,eggholder,value,ts,exact,none,0.0,20,50,7,db93d146-62ea-44fe-90d3-af2428544528,True,0.01,2.0,13.189378200040665,3.2050455310550587,"x0,x1",2,0.2,0.5,,,,,,,
154.20438900789918,-688.1347696424792,,,705.2010031049356,0.0,2.8220752736254298,0.382970257429629,163.04556127190736,3.2609112254381474,0.40329072395249144,55.95930453356558,55.96946476682701,0.0,eggholder,value,ts,exact,gaussian,0.05,0,50,7,64db41bd-1c60-4916-a514-2744f09565e5,False,0.01,2.0,13.642747699981555,3.2050455310550587,"x0,x1",2,0.05,0.05,,,,,,,
342.9677280797477,967.9761997465888,,,1026.9395239156158,20.0,2.73918284084818,0.46586269020687876,148.91579534537155,2.978315906907431,0.48373755890049175,66.34674012592637,66.3914272976604,0.0,eggholder,value,ts,exact,gaussian,0.05,20,50,7,0d83b11d-0205-41a9-a9be-9724af4bafd7,False,0.01,2.0,13.138687799975742,3.2050455310550587,"x0,x1",2,0.05,0.05,,,,,,,
154.20438900789918,-688.1347696424792,,,705.2010031049356,0.0,2.921789223164007,0.28325630789105194,151.42444197842173,3.0284888395684346,0.28325630789105194,63.46327590132863,64.43692941826295,0.0,eggholder,value,ts,exact,gaussian,0.25,0,50,7,fce2ee13-bc50-4f6a-b9a3-af06f648ecda,False,0.01,2.0,14.956514800025616,3.2050455310550587,"x0,x1",2,0.25,0.25,,,,,,,
342.9677280797477,967.9761997465888,,,1026.9395239156158,20.0,2.72769963980333,0.47734589125172855,154.05396676877726,3.081079335375545,0.563784115709761,65.90632820132299,67.33255890488054,0.0,eggholder,value,ts,exact,gaussian,0.25,20,50,7,ea617513-bb4e-469c-96e9-3c7026bdb91f,False,0.01,2.0,13.583380399970338,3.2050455310550587,"x0,x1",2,0.25,0.25,,,,,,,
154.20438900789918,-688.1347696424792,,,705.2010031049356,0.0,1.995109251645935,1.2099362794091237,161.53721293995625,3.230744258799125,1.9202818282519436,73.35266527598995,117.64303640692707,0.0,eggholder,value,ts,exact,gaussian,1.0,0,50,7,b2fd5a73-2caf-4d40-bc8f-caf6eee93bc5,False,0.01,2.0,13.251985699986108,3.2050455310550587,"x0,x1",2,1.0,1.0,,,,,,,
-681.0322719202522,919.2920251509038,,,1144.0728923031568,20.0,3.0266008233129043,0.17844470774215448,167.46980108055294,3.3493960216110588,0.5221858809621689,72.5726008189799,73.81034752407696,0.0,eggholder,value,ts,exact,gaussian,1.0,20,50,7,9e9f333d-7754-4c0a-9f71-dc578e44ba89,False,0.01,2.0,11.186586300027557,3.2050455310550587,"x0,x1",2,1.0,1.0,,,,,,,
154.20438900789918,-688.1347696424792,,,705.2010031049356,0.0,1.7218752709340048,1.483170260121054,180.25206338041252,3.6050412676082506,5.231744642615354,91.50844718797865,202.28249396734944,0.0,eggholder,value,ts,exact,gaussian,5.0,0,50,7,3752b84f-97cb-4ce9-8868-5d9691849f94,False,0.01,2.0,14.1906729999464,3.2050455310550587,"x0,x1",2,5.0,5.0,,,,,,,
-681.0322719202522,787.79870833081,,,1041.3605332662426,20.0,1.8001794423892132,1.4048660886658455,183.10032062540665,3.662006412508133,4.492922450861356,91.16092130511689,147.2852466776588,0.0,eggholder,value,ts,exact,gaussian,5.0,20,50,7,642cdf2e-b00b-4894-bf8d-1852432d133a,False,0.01,2.0,12.544709399982821,3.2050455310550587,"x0,x1",2,5.0,5.0,,,,,,,
-3.249291816934415,-0.23660355573313652,-7.704203856796188,5.960212283921744,10.27096714485386,0.0,5.402837764670362,0.0,41.799103796462326,0.8359820759292466,0.0,31.97747247480168,31.97747247480168,0.0,hicks_law,value,ts,exact,none,0.0,0,50,7,e81545e0-1daa-4875-9c80-58e09320174c,True,0.01,2.0,15.053423100034706,5.402837764670362,"x0,x1,x2,x3",4,0.2,0.5,,,,,,,
0.0,5.536898540204653,0.0,0.0,5.536898540204653,20.0,5.402837764670362,0.0,41.799103796462326,0.8359820759292466,0.0,31.97747247480168,31.97747247480168,0.0,hicks_law,value,ts,exact,none,0.0,20,50,7,e81545e0-1daa-4875-9c80-58e09320174c,True,0.01,2.0,15.053423100034706,5.402837764670362,"x0,x1,x2,x3",4,0.2,0.5,,,,,,,
-3.249291816934415,-0.23660355573313652,-7.704203856796188,5.960212283921744,10.27096714485386,0.0,5.402837764670362,0.0,49.82151729625963,0.9964303459251925,0.0,32.17239479335085,32.17239479335085,0.0,hicks_law,value,ts,exact,gaussian,0.05,0,50,7,4ea6b903-6a6d-4ed4-a33f-9c6ef1f6e4ba,False,0.01,2.0,18.929937099979725,5.402837764670362,"x0,x1,x2,x3",4,0.05,0.05,,,,,,,
0.0,5.483286847484684,0.0,0.0,5.483286847484684,20.0,5.402837764670362,0.0,41.8187161126436,0.836374322252872,0.0,31.97747247480168,31.97747247480168,0.0,hicks_law,value,ts,exact,gaussian,0.05,20,50,7,fe2cfac9-c755-4bb6-a3ff-49fdff8192cf,False,0.01,2.0,13.511264699976891,5.402837764670362,"x0,x1,x2,x3",4,0.05,0.05,,,,,,,
-3.249291816934415,-0.23660355573313652,-7.704203856796188,5.960212283921744,10.27096714485386,0.0,5.402837764670362,0.0,52.198711651377096,1.0439742330275419,0.0,33.923991199395644,34.120996257463105,0.0,hicks_law,value,ts,exact,gaussian,0.25,0,50,7,483e452a-c91f-463d-978a-7b0cea06439c,False,0.01,2.0,15.442156500008423,5.402837764670362,"x0,x1,x2,x3",4,0.25,0.25,,,,,,,
0.0,6.284841981657501,0.0,0.0,6.284841981657501,20.0,5.402837764670362,0.0,42.746770184676386,0.8549354036935277,0.0,31.97747247480168,31.97747247480168,0.0,hicks_law,value,ts,exact,gaussian,0.25,20,50,7,584f663a-9e9b-4cbe-b5fe-3d9dc394e99a,False,0.01,2.0,17.236890400003176,5.402837764670362,"x0,x1,x2,x3",4,0.25,0.25,,,,,,,
-3.249291816934415,-0.23660355573313652,-7.704203856796188,5.960212283921744,10.27096714485386,0.0,5.402837764670362,0.0,108.33963785063813,2.1667927570127627,0.0,85.83553409056329,106.58764453400966,0.0,hicks_law,value,ts,exact,gaussian,1.0,0,50,7,6984dae2-face-4d4d-b493-b0916a8e2b4a,False,0.01,2.0,14.120114099991042,5.402837764670362,"x0,x1,x2,x3",4,1.0,1.0,,,,,,,
0.0,10.0,0.0,0.0,10.0,20.0,5.402837764670362,0.0,58.949905813425644,1.1789981162685128,0.0,31.97747247480168,31.97747247480168,0.0,hicks_law,value,ts,exact,gaussian,1.0,20,50,7,a0628807-7d25-459e-a945-89b4dc5abc71,False,0.01,2.0,14.813194899994414,5.402837764670362,"x0,x1,x2,x3",4,1.0,1.0,,,,,,,
-3.249291816934415,-0.23660355573313652,-7.704203856796188,5.960212283921744,10.27096714485386,0.0,2.7257079606249737,2.677129804045388,250.58661604016316,5.011732320803263,5.426124532379818,144.17586508362112,213.63454899951716,0.0,hicks_law,value,ts,exact,gaussian,5.0,0,50,7,c5f32890-1bc1-4524-aca9-0aafd05a6b8f,False,0.01,2.0,17.577281399979256,5.402837764670362,"x0,x1,x2,x3",4,5.0,5.0,,,,,,,
0.0,10.0,0.0,0.0,10.0,20.0,5.402837764670362,0.0,138.27353844631935,2.765470768926387,3.5385133457301476,31.97747247480168,63.993663046473856,0.0,hicks_law,value,ts,exact,gaussian,5.0,20,50,7,fe76c6c7-5d22-4aa0-978d-bd0e1e617f1d,False,0.01,2.0,16.487810599966906,5.402837764670362,"x0,x1,x2,x3",4,5.0,5.0,,,,,,,
-0.32492918169344154,-0.023660355573313585,-0.7704203856796188,0.5960212283921744,1.027096714485386,0.0,1.591735241592074,1.3657645399898433,131.10579928255106,2.622115985651021,1.3657645399898433,71.4759826265877,71.4759826265877,0.0,moving_peaks,value,ts,exact,none,0.0,0,50,7,35ec7d51-f072-48d1-9e68-cadf33971a96,True,0.01,2.0,15.477316300035454,2.9574997815819173,"x0,x1,x2,x3",4,0.2,0.5,,,,,,,
-0.4608368877685185,-0.22940302630118237,0.6615204462279574,0.3985342704145964,0.9281353624751325,20.0,1.591735241592074,1.3657645399898433,131.10579928255106,2.622115985651021,1.3657645399898433,71.4759826265877,71.4759826265877,0.0,moving_peaks,value,ts,exact,none,0.0,20,50,7,35ec7d51-f072-48d1-9e68-cadf33971a96,True,0.01,2.0,15.477316300035454,2.9574997815819173,"x0,x1,x2,x3",4,0.2,0.5,,,,,,,
-0.32492918169344154,-0.023660355573313585,-0.7704203856796188,0.5960212283921744,1.027096714485386,0.0,2.021434244219753,0.9360655373621642,124.33590964476163,2.4867181928952324,0.9360655373621642,63.44018304401303,63.771056623184116,0.0,moving_peaks,value,ts,exact,gaussian,0.05,0,50,7,c7cb68df-c206-4a89-97cb-0dc4d7555675,False,0.01,2.0,16.482458099955693,2.9574997815819173,"x0,x1,x2,x3",4,0.05,0.05,,,,,,,
-0.4622202879225808,-0.22743099464875977,0.6505249591202781,0.4014505771263914,0.9218013561541932,20.0,2.31357062066607,0.6439291609158473,120.70586357833656,2.4141172715667314,0.6439291609158473,60.57536176967583,60.57536176967583,0.0,moving_peaks,value,ts,exact,gaussian,0.05,20,50,7,60744ef3-85e0-49c2-9f4c-ae4c429516d5,False,0.01,2.0,14.8064294999931,2.9574997815819173,"x0,x1,x2,x3",4,0.05,0.05,,,,,,,
-0.32492918169344154,-0.023660355573313585,-0.7704203856796188,0.5960212283921744,1.027096714485386,0.0,2.454282402732783,0.5032173788491341,117.59428877866934,2.3518857755733866,0.8940973706981117,56.786869736494836,72.06768667848051,0.0,moving_peaks,value,ts,exact,gaussian,0.25,0,50,7,822de780-6b61-4ba0-9314-834d26557a2e,False,0.01,2.0,17.459437800047453,2.9574997815819173,"x0,x1,x2,x3",4,0.25,0.25,,,,,,,
-0.4694151084709674,-0.2191739816634467,0.5945570674294505,0.4204705555641414,0.8936897519977192,20.0,2.3581794570246055,0.5993203245573118,121.61373850257411,2.432274770051482,0.5993203245573118,54.99743199478827,54.99743199478827,0.0,moving_peaks,value,ts,exact,gaussian,0.25,20,50,7,b0ccf449-ff63-44ac-ac1f-124cb103a803,False,0.01,2.0,16.614354999968782,2.9574997815819173,"x0,x1,x2,x3",4,0.25,0.25,,,,,,,
-0.32492918169344154,-0.023660355573313585,-0.7704203856796188,0.5960212283921744,1.027096714485386,0.0,1.498619581017843,1.4588802005640742,169.15725653061227,3.3831451306122453,2.913963324308472,74.96781989812135,159.77945569058747,0.0,moving_peaks,value,ts,exact,gaussian,1.0,0,50,7,76e90148-9c5c-4657-9e02-23e2302edf2b,False,0.01,2.0,17.930870999989565,2.9574997815819173,"x0,x1,x2,x3",4,1.0,1.0,,,,,,,
-0.7468899212211724,-0.09572368739301862,-0.27124591782680874,0.22228073151634026,0.8306567584092919,20.0,1.678268013094826,1.2792317684870913,152.62092096782055,3.0524184193564112,1.6162464199082147,70.48085575430608,75.10796988540409,0.0,moving_peaks,value,ts,exact,gaussian,1.0,20,50,7,0861f20b-a120-4f86-8657-2a9307c3ae0d,False,0.01,2.0,17.27816400001757,2.9574997815819173,"x0,x1,x2,x3",4,1.0,1.0,,,,,,,
-0.32492918169344154,-0.023660355573313585,-0.7704203856796188,0.5960212283921744,1.027096714485386,0.0,1.6001451576630399,1.3573546239188774,160.87374972767913,3.2174749945535823,2.2276256386983375,73.29264788347562,165.76085860224234,0.0,moving_peaks,value,ts,exact,gaussian,5.0,0,50,7,87eb139a-0a61-4c78-93f6-44cdb6f6f89a,False,0.01,2.0,19.515559800027404,2.9574997815819173,"x0,x1,x2,x3",4,5.0,5.0,,,,,,,
-0.7468899212211724,-0.1831628789437555,-0.27124591782680874,-0.37158770327953733,0.8961277608750905,20.0,1.591735241592074,1.3657645399898433,151.99372173047303,3.0398744346094606,2.5425746859772698,71.4759826265877,132.47383781797137,0.0,moving_peaks,value,ts,exact,gaussian,5.0,20,50,7,e6233833-3aa9-4334-bee1-9c2ef6cf0520,False,0.01,2.0,15.419494100031443,2.9574997815819173,"x0,x1,x2,x3",4,5.0,5.0,,,,,,,
-0.32492918169344154,-0.023660355573313585,-0.7704203856796188,0.5960212283921744,1.027096714485386,0.0,2.153305282720616,0.0,33.56336845398508,0.6712673690797015,0.0,8.064261635165971,8.064261635165971,0.0,weber_fechner,value,ts,exact,none,0.0,0,50,7,4a3c2381-7a47-4ad1-9f60-73965f44a8b0,True,0.01,2.0,17.2330850000144,2.153305282720616,"x0,x1,x2,x3",4,0.2,0.5,,,,,,,
0.0,-0.07640512055194426,0.017658192167473663,0.0,0.07841909332031685,20.0,2.153305282720616,0.0,33.56336845398508,0.6712673690797015,0.0,8.064261635165971,8.064261635165971,0.0,weber_fechner,value,ts,exact,none,0.0,20,50,7,4a3c2381-7a47-4ad1-9f60-73965f44a8b0,True,0.01,2.0,17.2330850000144,2.153305282720616,"x0,x1,x2,x3",4,0.2,0.5,,,,,,,
-0.32492918169344154,-0.023660355573313585,-0.7704203856796188,0.5960212283921744,1.027096714485386,0.0,2.153305282720616,0.0,39.715094883956525,0.7943018976791305,0.0,8.626524196507628,9.637326836838707,0.0,weber_fechner,value,ts,exact,gaussian,0.05,0,50,7,aaaf591e-b4b2-4b9e-ac68-a1e481c5ed00,False,0.01,2.0,17.690762399986852,2.153305282720616,"x0,x1,x2,x3",4,0.05,0.05,,,,,,,
0.0,-0.07414901111825067,0.008466161837478503,0.0,0.07463076943240529,20.0,2.153305282720616,0.0,29.897563887498073,0.5979512777499615,0.0,8.064261635165971,8.064261635165971,0.0,weber_fechner,value,ts,exact,gaussian,0.05,20,50,7,3b0552fe-d721-47a8-bbc0-9e37160aa798,False,0.01,2.0,18.395734500023536,2.153305282720616,"x0,x1,x2,x3",4,0.05,0.05,,,,,,,
-0.32492918169344154,-0.023660355573313585,-0.7704203856796188,0.5960212283921744,1.027096714485386,0.0,2.0908751204180245,0.06243016230259135,65.22312475032061,1.304462495006412,0.1895643182481983,13.64111580860222,17.985070827375612,0.0,weber_fechner,value,ts,exact,gaussian,0.25,0,50,7,e2a927f7-f1d0-409f-ad53-299287af531f,False,0.01,2.0,17.812872599984985,2.153305282720616,"x0,x1,x2,x3",4,0.25,0.25,,,,,,,
0.0,-0.08694315057200641,-0.04101838411339709,0.0,0.09613334107717658,20.0,2.153305282720616,0.0,40.72898198314718,0.8145796396629436,0.1060952475845065,8.064261635165971,9.543726403765277,0.0,weber_fechner,value,ts,exact,gaussian,0.25,20,50,7,87cec37e-b6e7-4bb3-bf7d-387d331a716b,False,0.01,2.0,16.4467416999978,2.153305282720616,"x0,x1,x2,x3",4,0.25,0.25,,,,,,,
-0.32492918169344154,-0.023660355573313585,-0.7704203856796188,0.5960212283921744,1.027096714485386,0.0,2.153305282720616,0.0,54.19747586224582,1.0839495172449163,0.45941740520567853,12.863934996801149,24.670811370638404,0.0,weber_fechner,value,ts,exact,gaussian,1.0,0,50,7,273ef689-f05b-4fd0-8f01-4fe256fc550a,False,0.01,2.0,14.443743599986192,2.153305282720616,"x0,x1,x2,x3",4,1.0,1.0,,,,,,,
0.0,-0.23290057011823262,0.05962435004341793,0.0,0.24041160263077532,20.0,2.153305282720616,0.0,51.71440218101571,1.0342880436203141,0.31954457670956393,8.064261635165971,14.42565945504463,0.0,weber_fechner,value,ts,exact,gaussian,1.0,20,50,7,f15977b5-674c-4c12-b5cd-9c45e70407a8,False,0.01,2.0,15.798355799983256,2.153305282720616,"x0,x1,x2,x3",4,1.0,1.0,,,,,,,
-0.32492918169344154,-0.023660355573313585,-0.7704203856796188,0.5960212283921744,1.027096714485386,0.0,2.1376879857077613,0.015617297012854525,130.7927095424196,2.615854190848392,3.1619910481845412,12.957775925749875,108.32943435005893,0.0,weber_fechner,value,ts,exact,gaussian,5.0,0,50,7,d863d2b6-93ff-478a-8caf-9dbe3417eb4a,False,0.01,2.0,19.936622600012925,2.153305282720616,"x0,x1,x2,x3",4,5.0,5.0,,,,,,,
-1.0,-0.21310532238582314,-0.22674502921585016,0.0,1.0472951764919298,20.0,2.153305282720616,0.0,97.34515162883167,1.9469030325766334,0.8779069155407404,8.064261635165971,87.78120669702038,0.0,weber_fechner,value,ts,exact,gaussian,5.0,20,50,7,41e477ad-2854-4662-ae79-241c69968c9d,False,0.01,2.0,15.74859520001337,2.153305282720616,"x0,x1,x2,x3",4,5.0,5.0,,,,,,,
-0.3998882766140751,-0.59704751605835,0.09786775515106838,,0.7252271835108846,0.0,3.046211645961263,0.008689296194464458,35.33074836974138,0.7066149673948275,0.008689296194464458,19.166612090765305,19.166612090765305,0.0,hartmann_3,value,ts,exact,none,0.0,0,50,7,1404450d-ba03-4f23-87eb-52d43c23ca00,True,0.01,2.0,16.92109789996175,3.0549009421557276,"x0,x1,x2",3,0.2,0.5,,,,,,,
0.0,-0.007906966408247618,-0.004602706982061111,,0.009149045269527872,20.0,3.046211645961263,0.008689296194464458,35.33074836974138,0.7066149673948275,0.008689296194464458,19.166612090765305,19.166612090765305,0.0,hartmann_3,value,ts,exact,none,0.0,20,50,7,1404450d-ba03-4f23-87eb-52d43c23ca00,True,0.01,2.0,16.92109789996175,3.0549009421557276,"x0,x1,x2",3,0.2,0.5,,,,,,,
-0.3998882766140751,-0.59704751605835,0.09786775515106838,,0.7252271835108846,0.0,3.044317887550796,0.010583054604931696,43.000508954464514,0.8600101790892903,0.020635127711785994,25.637844875127104,26.426039822942094,0.0,hartmann_3,value,ts,exact,gaussian,0.05,0,50,7,4297309a-0788-4aa1-97e0-694d550e31f6,False,0.01,2.0,16.772619600000326,3.0549009421557276,"x0,x1,x2",3,0.05,0.05,,,,,,,
0.0,-0.006473906013999553,-0.005329226695934719,,0.008385232033448023,20.0,3.0538070880798265,0.001093854075901124,35.33089541645909,0.7066179083291818,0.011362355728593787,19.099412915099133,19.230718303496644,0.0,hartmann_3,value,ts,exact,gaussian,0.05,20,50,7,8aa7efe9-1544-4da5-ae10-958afb75237f,False,0.01,2.0,17.230888199992478,3.0549009421557276,"x0,x1,x2",3,0.05,0.05,,,,,,,
-0.3998882766140751,-0.59704751605835,0.09786775515106838,,0.7252271835108846,0.0,3.0154089959297234,0.03949194622600416,48.82958857746577,0.9765917715493154,0.1089144020380366,21.905542303151947,23.861870188732023,0.0,hartmann_3,value,ts,exact,gaussian,0.25,0,50,7,74b04ae7-166b-46c2-911b-7adbf1e8acb9,False,0.01,2.0,16.22662059997674,3.0549009421557276,"x0,x1,x2",3,0.25,0.25,,,,,,,
0.0,0.006643284273390115,-0.01118215780918741,,0.013006685942492937,20.0,3.045547650147349,0.009353292008378755,37.31023837690924,0.7462047675381848,0.04417370261968756,19.177478114910944,19.40975905310071,0.0,hartmann_3,value,ts,exact,gaussian,0.25,20,50,7,7e426d5d-42b7-4425-bf2a-7b687650995a,False,0.01,2.0,15.494816999998875,3.0549009421557276,"x0,x1,x2",3,0.25,0.25,,,,,,,
-0.3998882766140751,-0.59704751605835,0.09786775515106838,,0.7252271835108846,0.0,2.8431524124467966,0.211748529708931,140.68701944536764,2.8137403889073527,0.5930013951394426,70.25109346960446,121.62680109280433,0.0,hartmann_3,value,ts,exact,gaussian,1.0,0,50,7,bc1db0ad-8973-4637-93d7-c4ca7eb32fdd,False,0.01,2.0,15.669379699975252,3.0549009421557276,"x0,x1,x2",3,1.0,1.0,,,,,,,
0.0,0.017291652501396193,-0.03702444721697917,,0.040863320202253736,20.0,3.045250236686536,0.009650705469191667,52.02919697876955,1.0405839395753909,0.32075228376399423,19.185359571622485,25.756478614058537,0.0,hartmann_3,value,ts,exact,gaussian,1.0,20,50,7,d47495aa-0e65-4dca-a692-3e13b8f2222c,False,0.01,2.0,14.056162099994253,3.0549009421557276,"x0,x1,x2",3,1.0,1.0,,,,,,,
-0.3998882766140751,-0.59704751605835,0.09786775515106838,,0.7252271835108846,0.0,1.2516250580207926,1.803275884134935,165.78531339365176,3.3157062678730354,3.40365519378424,90.4259188239072,164.56389651959722,0.0,hartmann_3,value,ts,exact,gaussian,5.0,0,50,7,01fd2de8-5deb-44f8-b04e-95e55bf830a8,False,0.01,2.0,14.07663299998967,3.0549009421557276,"x0,x1,x2",3,5.0,5.0,,,,,,,
0.43424403560892244,0.060504266701450815,0.07537468161494798,,0.44487075806301113,20.0,3.045250236686536,0.009650705469191667,98.33225072550411,1.9666450145100822,1.721283708441618,19.185359571622485,45.70982683044585,0.0,hartmann_3,value,ts,exact,gaussian,5.0,20,50,7,343ae2ff-1583-4821-8c36-e128eae58315,False,0.01,2.0,15.47726190002868,3.0549009421557276,"x0,x1,x2",3,5.0,5.0,,,,,,,
-0.32492918169344154,-0.023660355573313585,-0.7704203856796188,0.5960212283921744,1.027096714485386,0.0,1.7175746997911816,0.0,10.087388490046514,0.2017477698009303,0.0,5.9658760953138925,5.9658760953138925,0.0,power_law_practice,value,ts,exact,none,0.0,0,50,7,83616f27-1046-42ca-9447-4c8f996121cd,True,0.01,2.0,15.313927999988664,1.7175746997911816,"x0,x1,x2,x3",4,0.2,0.5,,,,,,,
0.0,0.0,0.0,0.0,0.0,20.0,1.7175746997911816,0.0,10.087388490046514,0.2017477698009303,0.0,5.9658760953138925,5.9658760953138925,0.0,power_law_practice,value,ts,exact,none,0.0,20,50,7,83616f27-1046-42ca-9447-4c8f996121cd,True,0.01,2.0,15.313927999988664,1.7175746997911816,"x0,x1,x2,x3",4,0.2,0.5,,,,,,,
-0.32492918169344154,-0.023660355573313585,-0.7704203856796188,0.5960212283921744,1.027096714485386,0.0,1.7175746997911816,0.0,10.029691029148374,0.20059382058296749,0.0,5.883636782062579,5.992306940081825,0.0,power_law_practice,value,ts,exact,gaussian,0.05,0,50,7,a24f28ef-832c-454f-95df-3a6321e544a4,False,0.01,2.0,17.952011900022626,1.7175746997911816,"x0,x1,x2,x3",4,0.05,0.05,,,,,,,
0.0,0.0,0.0,0.0,0.0,20.0,1.7175746997911816,0.0,10.127877231789215,0.2025575446357843,0.0,5.9658760953138925,5.9658760953138925,0.0,power_law_practice,value,ts,exact,gaussian,0.05,20,50,7,80f16163-24eb-4514-b830-65601d757905,False,0.01,2.0,18.756617399980314,1.7175746997911816,"x0,x1,x2,x3",4,0.05,0.05,,,,,,,
-0.32492918169344154,-0.023660355573313585,-0.7704203856796188,0.5960212283921744,1.027096714485386,0.0,1.7175746997911816,0.0,39.126917404200796,0.7825383480840159,0.2524270447921355,5.895562481576556,18.41690448896071,0.0,power_law_practice,value,ts,exact,gaussian,0.25,0,50,7,65e6199f-869e-40f7-9ce0-d4d467a0d494,False,0.01,2.0,17.48316609999165,1.7175746997911816,"x0,x1,x2,x3",4,0.25,0.25,,,,,,,
0.0,0.0,0.0,0.0,0.0,20.0,1.7175746997911816,0.0,30.083412566408555,0.6016682513281711,0.35180807183982177,5.9658760953138925,8.252628562272735,0.0,power_law_practice,value,ts,exact,gaussian,0.25,20,50,7,da633a34-f8d6-421d-8788-8d4bfb0567a3,False,0.01,2.0,17.644703699974343,1.7175746997911816,"x0,x1,x2,x3",4,0.25,0.25,,,,,,,
-0.32492918169344154,-0.023660355573313585,-0.7704203856796188,0.5960212283921744,1.027096714485386,0.0,1.478496216550432,0.23907848324074954,69.31563427324132,1.3863126854648262,0.7904485732884381,17.773529412530205,43.46298250475182,0.0,power_law_practice,value,ts,exact,gaussian,1.0,0,50,7,e9fc1290-42e0-4ebe-8bef-7230bcc354ac,False,0.01,2.0,16.69444019999355,1.7175746997911816,"x0,x1,x2,x3",4,1.0,1.0,,,,,,,
0.0,0.0,0.0,0.0,0.0,20.0,1.7175746997911816,0.0,37.39650908298254,0.7479301816596508,0.0,5.9658760953138925,5.9658760953138925,0.0,power_law_practice,value,ts,exact,gaussian,1.0,20,50,7,c7cdb851-882c-4180-bcb9-3801c2c76af7,False,0.01,2.0,15.99977230001241,1.7175746997911816,"x0,x1,x2,x3",4,1.0,1.0,,,,,,,
-0.32492918169344154,-0.023660355573313585,-0.7704203856796188,0.5960212283921744,1.027096714485386,0.0,1.3527697990354184,0.3648049007557632,93.34632452460842,1.8669264904921683,0.6773871647056104,21.105279476678067,38.77076751312589,0.0,power_law_practice,value,ts,exact,gaussian,5.0,0,50,7,d7e884b8-b273-4c3b-ac28-186c426b703f,False,0.01,2.0,20.9955587000004,1.7175746997911816,"x0,x1,x2,x3",4,5.0,5.0,,,,,,,
-0.9225415373161704,-1.0,0.0,0.0,1.3605450702103488,20.0,1.7175746997911816,0.0,72.29558938752314,1.4459117877504628,1.5830853723724654,5.9658760953138925,25.6904621922823,0.0,power_law_practice,value,ts,exact,gaussian,5.0,20,50,7,794ade67-4c41-456a-af49-ac2ac9bd7343,False,0.01,2.0,16.67693080002209,1.7175746997911816,"x0,x1,x2,x3",4,5.0,5.0,,,,,,,
-0.32492918169344154,-0.023660355573313585,-0.7704203856796188,0.5960212283921744,1.027096714485386,0.0,1.2903745660994568,6.1169956722118e-07,15.939415372124632,0.31878830744249265,6.1169956722118e-07,8.63804078174758,8.63804078174758,0.0,steering_law,value,ts,exact,none,0.0,0,50,7,ae0500f8-62e8-459a-aeec-35a03b0284b6,True,0.01,2.0,21.18677560001379,1.290375177799024,"x0,x1,x2,x3",4,0.2,0.5,,,,,,,
-0.18068457306161523,0.09486318917345296,-0.3466160456389414,-0.08521753080602867,0.4111576951166908,20.0,1.2903745660994568,6.1169956722118e-07,15.939415372124632,0.31878830744249265,6.1169956722118e-07,8.63804078174758,8.63804078174758,0.0,steering_law,value,ts,exact,none,0.0,20,50,7,ae0500f8-62e8-459a-aeec-35a03b0284b6,True,0.01,2.0,21.18677560001379,1.290375177799024,"x0,x1,x2,x3",4,0.2,0.5,,,,,,,
-0.32492918169344154,-0.023660355573313585,-0.7704203856796188,0.5960212283921744,1.027096714485386,0.0,1.2882037154710075,0.0021714623280164602,13.888175072834164,0.27776350145668327,0.02082565634326783,9.293387251684816,10.205816501618513,0.0,steering_law,value,ts,exact,gaussian,0.05,0,50,7,8e875212-18ca-4085-b595-2d49f61ce7aa,False,0.01,2.0,18.442109800002072,1.290375177799024,"x0,x1,x2,x3",4,0.05,0.05,,,,,,,
-0.1670543772591221,0.09057352072486538,-0.3466160456389414,-0.08876021964319669,0.40513181472628873,20.0,1.2903744365269045,7.412721194643979e-07,15.579064692939657,0.31158129385879313,0.0016547996957134714,8.638042142259378,8.658521786725835,0.0,steering_law,value,ts,exact,gaussian,0.05,20,50,7,7257fa8e-531a-4081-a4c8-f9d8919a5640,False,0.01,2.0,21.078567199991085,1.290375177799024,"x0,x1,x2,x3",4,0.05,0.05,,,,,,,
-0.32492918169344154,-0.023660355573313585,-0.7704203856796188,0.5960212283921744,1.027096714485386,0.0,1.2896479050513638,0.000727272747660157,23.86029670400915,0.477205934080183,0.060566070456176124,6.465018742203563,15.318249897339216,0.0,steering_law,value,ts,exact,gaussian,0.25,0,50,7,dde01d42-0b06-46b0-8a11-60b3a4a56ade,False,0.01,2.0,15.55979650001973,1.290375177799024,"x0,x1,x2,x3",4,0.25,0.25,,,,,,,
-0.157692774971396,0.059439067998542136,-0.3466160456389414,-0.3808990483058541,0.5418734005073479,20.0,1.2903744365269045,7.412721194643979e-07,21.560463364078156,0.4312092672815631,0.0066854338732960095,8.638042142259378,8.691162192386399,0.0,steering_law,value,ts,exact,gaussian,0.25,20,50,7,9c234f5a-7a9b-492d-aeae-c2bbd3614b4d,False,0.01,2.0,16.573393600003328,1.290375177799024,"x0,x1,x2,x3",4,0.25,0.25,,,,,,,
-0.32492918169344154,-0.023660355573313585,-0.7704203856796188,0.5960212283921744,1.027096714485386,0.0,1.2876825898145428,0.002692587984481243,58.89778689920167,1.1779557379840333,0.11565740055651808,11.48389667589058,32.35631924543987,0.0,steering_law,value,ts,exact,gaussian,1.0,0,50,7,6a0b41f8-1e76-4bbb-b520-52e03208f21d,False,0.01,2.0,17.48417850001715,1.290375177799024,"x0,x1,x2,x3",4,1.0,1.0,,,,,,,
0.11531677754514569,0.05851442789488314,-0.3466160456389414,-0.7327716078765203,0.8208646720742583,20.0,1.2903744365269045,7.412721194643979e-07,36.19593480520862,0.7239186961041725,0.0830449341552364,8.638042142259378,16.272350305986468,0.0,steering_law,value,ts,exact,gaussian,1.0,20,50,7,44221161-7fd0-425c-beb1-40c308990dad,False,0.01,2.0,16.841465800011065,1.290375177799024,"x0,x1,x2,x3",4,1.0,1.0,,,,,,,
-0.32492918169344154,-0.023660355573313585,-0.7704203856796188,0.5960212283921744,1.027096714485386,0.0,1.121628260582726,0.1687469172162981,56.59848685392738,1.1319697370785478,0.8785935559214451,15.34535952207474,46.78736122319375,0.0,steering_law,value,ts,exact,gaussian,5.0,0,50,7,ec5d0768-99d2-4824-bb44-b5f65424fdee,False,0.01,2.0,18.2254888000316,1.290375177799024,"x0,x1,x2,x3",4,5.0,5.0,,,,,,,
0.11598449239854558,0.3110789213005946,-0.3466160456389414,-0.9279949615633517,1.0447678352322267,20.0,1.2903744365269045,7.412721194643979e-07,37.63463546567991,0.7526927093135981,0.04223375625174808,8.638042142259378,19.600025734814658,0.0,steering_law,value,ts,exact,gaussian,5.0,20,50,7,0511d077-ff0c-4353-9046-dcf66c09a1e4,False,0.01,2.0,15.148809499980416,1.290375177799024,"x0,x1,x2,x3",4,5.0,5.0,,,,,,,
-6.9333970900778725,-12.846884266309017,-6.612187687250939,5.58682137934723,25.138189916473408,0.0,1.5853975188741656,1.0390828129044467,294.3601980500041,5.887203961000082,1.0390828129044467,56.16947559798907,56.16947559798907,0.0,levy_10,value,ts,exact,none,0.0,0,50,7,48a11ff7-8a84-462d-b312-1db98b6f3167,True,0.01,2.0,52.66154329996789,2.6244803317786123,"x0,x1,x2,x3,x4,x5,x6,x7,x8,x9,x10",11,0.2,0.5,5.06662134326534,2.4389367607626156,15.747932292963567,-3.9809837788320728,3.8378143785967715,-5.052525092162437,-2.85640785922938
-16.953568295092243,-2.3568431054510164,-11.994676488977678,-10.730552115109479,39.00216079410573,20.0,1.5853975188741656,1.0390828129044467,294.3601980500041,5.887203961000082,1.0390828129044467,56.16947559798907,56.16947559798907,0.0,levy_10,value,ts,exact,none,0.0,20,50,7,48a11ff7-8a84-462d-b312-1db98b6f3167,True,0.01,2.0,52.66154329996789,2.6244803317786123,"x0,x1,x2,x3,x4,x5,x6,x7,x8,x9,x10",11,0.2,0.5,-3.32319141211714,18.513931609773117,0.0,20.0,0.4335131476817029,1.8363443956582075,-14.553487117433102
-6.9333970900778725,-12.846884266309017,-6.612187687250939,5.58682137934723,25.138189916473408,0.0,1.5853975188741656,1.0390828129044467,291.02766575389825,5.820553315077965,1.0390828129044467,56.16947559798907,56.16947559798907,0.0,levy_10,value,ts,exact,gaussian,0.05,0,50,7,60ff75a1-adf7-4a2a-b4bc-a0c8b3566e38,False,0.01,2.0,47.03446970001096,2.6244803317786123,"x0,x1,x2,x3,x4,x5,x6,x7,x8,x9,x10",11,0.05,0.05,5.06662134326534,2.4389367607626156,15.747932292963567,-3.9809837788320728,3.8378143785967715,-5.052525092162437,-2.85640785922938
-17.28711336004506,-2.3568431054510164,-11.994676488977678,-10.68639796776096,39.13742866831314,20.0,1.5853975188741656,1.0390828129044467,285.2145572345669,5.704291144691338,1.0390828129044467,56.16947559798907,56.16947559798907,0.0,levy_10,value,ts,exact,gaussian,0.05,20,50,7,f245ea6b-71ed-4611-a1b4-95df7fdf5b01,False,0.01,2.0,53.67203060002066,2.6244803317786123,"x0,x1,x2,x3,x4,x5,x6,x7,x8,x9,x10",11,0.05,0.05,-3.3507669834210176,18.513931609773117,0.0,20.0,0.4722800640832059,1.8021156053864156,-14.553487117433102
-6.9333970900778725,-12.846884266309017,-6.612187687250939,5.58682137934723,25.138189916473408,0.0,1.5853975188741656,1.0390828129044467,240.24577944755038,4.804915588951007,1.0544693243399132,56.16947559798907,56.28487443375507,0.0,levy_10,value,ts,exact,gaussian,0.25,0,50,7,03753940-0549-434c-a4c7-55c2be0c871f,False,0.01,2.0,44.500085600011516,2.6244803317786123,"x0,x1,x2,x3,x4,x5,x6,x7,x8,x9,x10",11,0.25,0.25,5.06662134326534,2.4389367607626156,15.747932292963567,-3.9809837788320728,3.8378143785967715,-5.052525092162437,-2.85640785922938
-19.791603398448103,-2.3568431054510164,-11.994676488977678,-10.458161197888536,39.51782410834757,20.0,2.4863141168732867,0.13816621490532555,284.88699942388746,5.697739988477749,0.13816621490532555,52.11535090699303,52.11535090699303,0.0,levy_10,value,ts,exact,gaussian,0.25,20,50,7,96925e05-dac6-4ec5-b436-5c3c58e2c8f1,False,0.01,2.0,46.18443010002375,2.6244803317786123,"x0,x1,x2,x3,x4,x5,x6,x7,x8,x9,x10",11,0.25,0.25,-3.5243512476834944,16.823078391531126,0.0,20.0,1.2759946136686064,1.510490059819646,-14.553487117433102
-6.9333970900778725,-12.846884266309017,-6.612187687250939,5.58682137934723,25.138189916473408,0.0,1.5853975188741656,1.0390828129044467,278.63141305763116,5.572628261152623,1.0390828129044467,56.16947559798907,58.038386711709215,0.0,levy_10,value,ts,exact,gaussian,1.0,0,50,7,c6731f79-6fc8-4c59-b167-3fe3d0701f2b,False,0.01,2.0,44.84578709997004,2.6244803317786123,"x0,x1,x2,x3,x4,x5,x6,x7,x8,x9,x10",11,1.0,1.0,5.06662134326534,2.4389367607626156,15.747932292963567,-3.9809837788320728,3.8378143785967715,-5.052525092162437,-2.85640785922938
0.0,5.322095762406743,2.9918722908911826,-20.0,35.939984485155826,20.0,1.5853975188741656,1.0390828129044467,282.3504834820409,5.647009669640818,2.4309348998156506,56.16947559798907,58.257253728355884,0.0,levy_10,value,ts,exact,gaussian,1.0,20,50,7,6bf60e26-33b3-4109-be10-6856c5647cdc,False,0.01,2.0,40.622823900019284,2.6244803317786123,"x0,x1,x2,x3,x4,x5,x6,x7,x8,x9,x10",11,1.0,1.0,-3.2081838255730655,9.843147681095797,-13.604507500144647,10.661855253164164,20.0,-2.5507576067515316,-6.477834192395166
-6.9333970900778725,-12.846884266309017,-6.612187687250939,5.58682137934723,25.138189916473408,0.0,1.5853975188741656,1.0390828129044467,356.5243919247544,7.130487838495088,7.9632279150203775,56.16947559798907,291.62143700790597,0.0,levy_10,value,ts,exact,gaussian,5.0,0,50,7,80baac41-0478-4f79-96f1-b8f31d8cb2a6,False,0.01,2.0,45.46636620000936,2.6244803317786123,"x0,x1,x2,x3,x4,x5,x6,x7,x8,x9,x10",11,5.0,5.0,5.06662134326534,2.4389367607626156,15.747932292963567,-3.9809837788320728,3.8378143785967715,-5.052525092162437,-2.85640785922938
0.0,6.984776337170987,5.412458702616531,-20.0,36.66770333048112,20.0,1.5853975188741656,1.0390828129044467,311.88055606162317,6.237611121232463,2.230673571999207,56.16947559798907,85.3634491958107,0.0,levy_10,value,ts,exact,gaussian,5.0,20,50,7,0d72b23d-15af-4329-adce-cfe3f486d764,False,0.01,2.0,47.53283919999376,2.6244803317786123,"x0,x1,x2,x3,x4,x5,x6,x7,x8,x9,x10",11,5.0,5.0,-0.42489383384191926,11.219298560022487,-14.593387374235839,9.945954544823746,20.0,-3.1617710370597036,-4.301127752390963
133.0915158206857,-737.4335282982871,-254.10869041529082,-371.50017798877445,1165.691399325861,0.0,2.7357869035382216,0.018068912120749125,85.72931192380325,1.714586238476065,0.018068912120749125,36.153134485013375,36.153134485013375,0.0,griewank,value,ts,exact,none,0.0,0,50,8,b5dcdc71-ed96-4b8d-bb3f-e59023bd7a3d,True,0.01,2.0,21.686746200022753,2.7538558156589708,"x0,x1,x2,x3,x4,x5",6,0.2,0.5,-754.2532399338406,-160.72746958567706,,,,,
-392.8627817659296,-925.6580057799757,0.0,354.0532498553426,1628.4746555118852,20.0,2.7357869035382216,0.018068912120749125,85.72931192380325,1.714586238476065,0.018068912120749125,36.153134485013375,36.153134485013375,0.0,griewank,value,ts,exact,none,0.0,20,50,8,b5dcdc71-ed96-4b8d-bb3f-e59023bd7a3d,True,0.01,2.0,21.686746200022753,2.7538558156589708,"x0,x1,x2,x3,x4,x5",6,0.2,0.5,-1200.0,274.57620244660166,,,,,
133.0915158206857,-737.4335282982871,-254.10869041529082,-371.50017798877445,1165.691399325861,0.0,2.7229544474187466,0.03090136824022416,76.32159216718163,1.5264318433436328,0.055758359448337735,29.368935150455748,30.031685511159225,0.0,griewank,value,ts,exact,gaussian,0.05,0,50,8,fa21d479-accf-42e0-87e0-3b04040e1d6d,False,0.01,2.0,21.215975900006015,2.7538558156589708,"x0,x1,x2,x3,x4,x5",6,0.05,0.05,-754.2532399338406,-160.72746958567706,,,,,
-393.4215639344748,-925.6580057799757,0.0,355.1089296349189,1628.9189977264107,20.0,2.717402910028077,0.03645290563089354,86.86251161079771,1.7372502322159542,0.03645290563089354,36.492609226104,36.67226985039777,0.0,griewank,value,ts,exact,gaussian,0.05,20,50,8,7bc52cf9-dfb7-44bb-b0eb-e5b323467624,False,0.01,2.0,23.444376900035422,2.7538558156589708,"x0,x1,x2,x3,x4,x5",6,0.05,0.05,-1200.0,275.04813872183666,,,,,
133.0915158206857,-737.4335282982871,-254.10869041529082,-371.50017798877445,1165.691399325861,0.0,2.7237868073514733,0.03006900830749748,103.8192141314526,2.0763842826290517,0.10199388569194046,43.00499668635274,46.142891703876856,0.0,griewank,value,ts,exact,gaussian,0.25,0,50,8,929f6f42-7d83-4d06-a241-dc4433b22281,False,0.01,2.0,21.142199199995957,2.7538558156589708,"x0,x1,x2,x3,x4,x5",6,0.25,0.25,-754.2532399338406,-160.72746958567706,,,,,
-392.6825909457775,-925.6580057799757,0.0,352.55863360405044,1628.0458430237022,20.0,2.709405263541829,0.04445055211714166,95.4896740482099,1.909793480964198,0.09923470023048475,36.42031351309177,37.5702211662212,0.0,griewank,value,ts,exact,gaussian,0.25,20,50,8,e76aea7a-ba5a-4a99-bbe9-b475f0af03d4,False,0.01,2.0,19.71563099999912,2.7538558156589708,"x0,x1,x2,x3,x4,x5",6,0.25,0.25,-1200.0,274.2139966550794,,,,,
133.0915158206857,-737.4335282982871,-254.10869041529082,-371.50017798877445,1165.691399325861,0.0,2.525754214429337,0.22810160122963374,176.0295040305677,3.520590080611354,0.8978912018993297,64.7591387215846,92.34032118649667,0.0,griewank,value,ts,exact,gaussian,1.0,0,50,8,a538eecb-8540-457b-a010-b4ff17400715,False,0.01,2.0,22.447938599972986,2.7538558156589708,"x0,x1,x2,x3,x4,x5",6,1.0,1.0,-754.2532399338406,-160.72746958567706,,,,,
-550.9316214478877,-400.2694018255996,0.0,143.48452337879903,1156.9045559453598,20.0,2.6958547049565844,0.05800111070238634,168.41457181370953,3.3682914362741907,0.4951805230909021,35.81642211607045,90.47395292699181,0.0,griewank,value,ts,exact,gaussian,1.0,20,50,8,347d2203-2184-4639-9d84-3c0215be8e9f,False,0.01,2.0,24.678224899980705,2.7538558156589708,"x0,x1,x2,x3,x4,x5",6,1.0,1.0,-866.0617711869372,322.54628513968646,,,,,
133.0915158206857,-737.4335282982871,-254.10869041529082,-371.50017798877445,1165.691399325861,0.0,2.0517155855001854,0.7021402301587854,175.77775715486615,3.515555143097323,1.4873136183169746,67.18405195650553,127.82359182509158,0.0,griewank,value,ts,exact,gaussian,5.0,0,50,8,6ea49b73-71df-46b8-9c7b-940067bc12ae,False,0.01,2.0,23.307178500050213,2.7538558156589708,"x0,x1,x2,x3,x4,x5",6,5.0,5.0,-754.2532399338406,-160.72746958567706,,,,,
166.55617068893713,-925.6580057799757,368.0900623692649,-296.5828939115615,1546.219931824753,20.0,1.8881089803963231,0.8657468352626476,196.7559915743747,3.935119831487494,4.650985748809251,57.221683816917384,153.50472646084086,0.0,griewank,value,ts,exact,gaussian,5.0,20,50,8,4046bdc9-e716-47b8-a32c-fc3c41f5854b,False,0.01,2.0,24.136130500002764,2.7538558156589708,"x0,x1,x2,x3,x4,x5",6,5.0,5.0,-616.3004223425764,950.2286347808176,,,,,
0.11090959651723808,-0.6145279402485725,-0.21175724201274237,-0.309583481657312,0.9714094994382175,0.0,7.0369660969632175,0.9301978663287196,326.97325677677856,6.539465135535571,0.9301978663287196,167.4749574500836,167.4749574500836,0.0,hartmann_6,value,ts,exact,none,0.0,0,50,8,50a9007c-f43c-4510-89ac-37cb860fc11b,True,0.01,2.0,23.122167899971828,7.967163963291937,"x0,x1,x2,x3,x4,x5",6,0.2,0.5,-0.6285443666115338,-0.13393955798806423,,,,,
0.21255454159426673,0.2261606052401085,-0.27538944914350166,-0.5071984182201281,1.2293919147070926,20.0,7.0369660969632175,0.9301978663287196,326.97325677677856,6.539465135535571,0.9301978663287196,167.4749574500836,167.4749574500836,0.0,hartmann_6,value,ts,exact,none,0.0,20,50,8,50a9007c-f43c-4510-89ac-37cb860fc11b,True,0.01,2.0,23.122167899971828,7.967163963291937,"x0,x1,x2,x3,x4,x5",6,0.2,0.5,0.3353971874683682,-0.9846296613072336,,,,,
0.11090959651723808,-0.6145279402485725,-0.21175724201274237,-0.309583481657312,0.9714094994382175,0.0,7.384902230190173,0.5822617331017641,311.36724068711345,6.227344813742269,0.5822617331017641,150.45734930929032,150.45734930929032,0.0,hartmann_6,value,ts,exact,gaussian,0.05,0,50,8,1797e087-2f45-4283-9133-5cd0a8f0f3cf,False,0.01,2.0,20.955545799981337,7.967163963291937,"x0,x1,x2,x3,x4,x5",6,0.05,0.05,-0.6285443666115338,-0.13393955798806423,,,,,
0.21267636568868914,0.22752412085877616,-0.27459646671782384,-0.5054343865980577,1.2300787975941634,20.0,6.7843389361424675,1.1828250271494696,332.9199952604857,6.658399905209714,1.1828250271494696,166.45732971666422,166.45732971666422,0.0,hartmann_6,value,ts,exact,gaussian,0.05,20,50,8,472df6ee-f63b-4394-a0d5-1340a2dada61,False,0.01,2.0,22.907167099998333,7.967163963291937,"x0,x1,x2,x3,x4,x5",6,0.05,0.05,0.34019505813566675,-0.9846296613072336,,,,,
0.11090959651723808,-0.6145279402485725,-0.21175724201274237,-0.309583481657312,0.9714094994382175,0.0,7.396716789379673,0.5704471739122638,320.1215051551032,6.402430103102064,0.5704471739122638,156.4754345246172,159.13109737203663,0.0,hartmann_6,value,ts,exact,gaussian,0.25,0,50,8,a9cdcfc0-2a90-436c-8962-c497d3a23b54,False,0.01,2.0,22.243715499993414,7.967163963291937,"x0,x1,x2,x3,x4,x5",6,0.25,0.25,-0.6285443666115338,-0.13393955798806423,,,,,
0.21151970807334514,0.22062002274008363,-0.27636405008953446,-0.5091918660225581,1.2277369369138942,20.0,7.822020563204035,0.14514340008790239,311.36147318271446,6.2272294636542895,0.5239962487621561,128.55996907894067,129.88595404930055,0.0,hartmann_6,value,ts,exact,gaussian,0.25,20,50,8,56c271db-9597-4794-985d-75e02c9c493d,False,0.01,2.0,22.166000100027304,7.967163963291937,"x0,x1,x2,x3,x4,x5",6,0.25,0.25,0.3298108403221769,-0.9846296613072336,,,,,
0.11090959651723808,-0.6145279402485725,-0.21175724201274237,-0.309583481657312,0.9714094994382175,0.0,5.492595468358662,2.4745684949332754,367.6169271878736,7.352338543757472,2.4745684949332754,201.51883739045672,211.2698738663606,0.0,hartmann_6,value,ts,exact,gaussian,1.0,0,50,8,f6bc95c7-48d8-4791-a549-6aef0434ac90,False,0.01,2.0,23.95214120001765,7.967163963291937,"x0,x1,x2,x3,x4,x5",6,1.0,1.0,-0.6285443666115338,-0.13393955798806423,,,,,
0.28289611302373924,-0.3751182971985991,-0.5780341226671585,0.16653330780288145,1.2116900243699253,20.0,7.30453874845208,0.6626252148398573,334.14744102211495,6.682948820442299,0.6626252148398573,132.0120520957733,132.0120520957733,0.0,hartmann_6,value,ts,exact,gaussian,1.0,20,50,8,702283e3-6a8a-4e65-869e-15a8b494e6c1,False,0.01,2.0,23.625414399954025,7.967163963291937,"x0,x1,x2,x3,x4,x5",6,1.0,1.0,0.2325425054895247,-0.9118749700840388,,,,,
0.11090959651723808,-0.6145279402485725,-0.21175724201274237,-0.309583481657312,0.9714094994382175,0.0,3.8396825017826863,4.127481461509251,402.94917192993,8.0589834385986,8.636280688891093,207.30403277347267,408.3340224565957,0.0,hartmann_6,value,ts,exact,gaussian,5.0,0,50,8,7a89deb6-1a21-42ac-adde-cfeb58c1f322,False,0.01,2.0,23.43309649999719,7.967163963291937,"x0,x1,x2,x3,x4,x5",6,5.0,5.0,-0.6285443666115338,-0.13393955798806423,,,,,
-0.26276719650077307,-0.515015347215958,-0.36890766924917257,-0.8334666921971186,1.344903747224992,20.0,3.8396825017826863,4.127481461509251,402.6041685353667,8.052083370707333,8.497845553580119,207.30403277347267,317.5530640672405,0.0,hartmann_6,value,ts,exact,gaussian,5.0,20,50,8,9f34ea26-85ce-49f1-81e2-6959de39c37d,False,0.01,2.0,27.291122400027234,7.967163963291937,"x0,x1,x2,x3,x4,x5",6,5.0,5.0,0.7203862004039421,-0.35321779217599436,,,,,
4.886318115815898,-5.365728331188584,1.0725393117355386,-3.742200294576083,8.235383954195088,0.0,0.759892392639945,0.004331490818514805,49.83392407489598,0.9966784814979196,0.004331490818514805,1.6634631447279218,1.6634631447279218,0.0,powell,value,ts,exact,none,0.0,0,50,8,44d6e8a6-db91-4f45-8824-3cfd262b8a4e,True,0.01,2.0,15.982138399966061,0.7642238834584598,"x0,x1,x2,x3",4,0.2,0.5,,,,,,,
6.717159084860085,-7.312173072142838,3.396970791715502,-1.824101815648588,10.651519103015772,20.0,0.759892392639945,0.004331490818514805,49.83392407489598,0.9966784814979196,0.004331490818514805,1.6634631447279218,1.6634631447279218,0.0,powell,value,ts,exact,none,0.0,20,50,8,44d6e8a6-db91-4f45-8824-3cfd262b8a4e,True,0.01,2.0,15.982138399966061,0.7642238834584598,"x0,x1,x2,x3",4,0.2,0.5,,,,,,,
4.886318115815898,-5.365728331188584,1.0725393117355386,-3.742200294576083,8.235383954195088,0.0,0.7540977617670935,0.010126121691366285,41.226156443638274,0.8245231288727655,0.0279170676624374,1.9867100633652042,2.1201421581482376,0.0,powell,value,ts,exact,gaussian,0.05,0,50,8,96c27e37-727a-48c9-b502-369c71739434,False,0.01,2.0,15.441663999983575,0.7642238834584598,"x0,x1,x2,x3",4,0.05,0.05,,,,,,,
6.703242678258102,-7.353565026135958,3.3764759037283274,-1.808503531257068,10.662066195079548,20.0,0.7583111216942949,0.005912761764164887,49.30893673395725,0.9861787346791451,0.005912761764164887,1.6596517723398487,2.1127802397784414,0.0,powell,value,ts,exact,gaussian,0.05,20,50,8,1d15a3ca-e756-44c7-98e4-af30ee632edd,False,0.01,2.0,15.056491700001061,0.7642238834584598,"x0,x1,x2,x3",4,0.05,0.05,,,,,,,
4.886318115815898,-5.365728331188584,1.0725393117355386,-3.742200294576083,8.235383954195088,0.0,0.7604562398593718,0.0037676435990879886,43.874125133560526,0.8774825026712105,0.0037676435990879886,1.7001161693415296,6.680237167384752,0.0,powell,value,ts,exact,gaussian,0.25,0,50,8,eb8cb421-27d7-46b2-a30b-84675a770e0d,False,0.01,2.0,16.995285200013313,0.7642238834584598,"x0,x1,x2,x3",4,0.25,0.25,,,,,,,
6.734937919853249,-7.250218493814867,3.427644431314746,-1.8454467461729505,10.63388344081388,20.0,0.7610732567283152,0.0031506267301446567,59.57187988208054,1.1914375976416107,0.0279170676624374,1.5876636781039435,2.1201421581482376,0.0,powell,value,ts,exact,gaussian,0.25,20,50,8,c9a19c92-1946-4d95-87db-1f2d82b98468,False,0.01,2.0,17.24212730000727,0.7642238834584598,"x0,x1,x2,x3",4,0.25,0.25,,,,,,,
4.886318115815898,-5.365728331188584,1.0725393117355386,-3.742200294576083,8.235383954195088,0.0,0.760428852529177,0.0037950309292827944,50.33476065290893,1.0066952130581788,0.3067966384736046,1.4326641112533314,21.527715767991314,0.0,powell,value,ts,exact,gaussian,1.0,0,50,8,7e03892f-3d8c-495e-b0a0-5f497b4e1b74,False,0.01,2.0,17.38787700003013,0.7642238834584598,"x0,x1,x2,x3",4,1.0,1.0,,,,,,,
6.806677643978523,-6.890066432126437,3.427644431314746,-1.9326566198321826,10.454079775181395,20.0,0.7543377088121116,0.009886174646348223,45.52935984266231,0.9105871968532462,0.2215664452169177,1.672228872094633,5.725917328372895,0.0,powell,value,ts,exact,gaussian,1.0,20,50,8,402bce84-b1e6-47fa-8dcb-ed9dcaa09ecf,False,0.01,2.0,16.058964500029106,0.7642238834584598,"x0,x1,x2,x3",4,1.0,1.0,,,,,,,
4.886318115815898,-5.365728331188584,1.0725393117355386,-3.742200294576083,8.235383954195088,0.0,0.7583179260423288,0.00590595741613098,50.963145268586025,1.0192629053717206,0.6434430788044854,1.4792220851103393,29.54192026019444,0.0,powell,value,ts,exact,gaussian,5.0,0,50,8,bb191f0b-e819-4cfc-be5a-295406dc17f6,False,0.01,2.0,20.123600199993234,0.7642238834584598,"x0,x1,x2,x3",4,5.0,5.0,,,,,,,
0.0,-4.519581734474356,0.8170081137144058,2.698748296618307,5.32704079963441,20.0,0.7615187725798562,0.0027051108786035893,57.70129598572076,1.1540259197144151,0.11761496352569079,1.8806285687018163,14.071791311740226,0.0,powell,value,ts,exact,gaussian,5.0,20,50,8,78fa7cf6-4da9-4db0-ad8e-e74d4bc7065d,False,0.01,2.0,19.75001959997462,0.7642238834584598,"x0,x1,x2,x3",4,5.0,5.0,,,,,,,
542.9242350906554,-596.1920367987316,119.1710346372821,-415.8000327306759,915.042661577232,0.0,1.8653755753947252,2.463014796384127,219.94756417061686,4.398951283412337,2.463014796384127,136.93821154423844,136.93821154423844,0.0,schwefel,value,ts,exact,none,0.0,0,50,8,d3ea4680-e671-4db6-8277-a66da131ea8b,True,0.01,2.0,18.99438089999603,4.328390371778852,"x0,x1,x2,x3",4,0.2,0.5,,,,,,,
-428.9806631985264,-583.9949484374696,-76.22469430108015,292.1547722594182,785.0089962376073,20.0,1.8653755753947252,2.463014796384127,219.94756417061686,4.398951283412337,2.463014796384127,136.93821154423844,136.93821154423844,0.0,schwefel,value,ts,exact,none,0.0,20,50,8,d3ea4680-e671-4db6-8277-a66da131ea8b,True,0.01,2.0,18.99438089999603,4.328390371778852,"x0,x1,x2,x3",4,0.2,0.5,,,,,,,
542.9242350906554,-596.1920367987316,119.1710346372821,-415.8000327306759,915.042661577232,0.0,2.0305773614746343,2.2978130103042176,207.44816172561718,4.148963234512344,2.2978130103042176,142.6249409392757,142.6249409392757,0.0,schwefel,value,ts,exact,gaussian,0.05,0,50,8,c30f58df-bd93-4635-ba17-ccaefa8ada6c,False,0.01,2.0,18.52843520004535,4.328390371778852,"x0,x1,x2,x3",4,0.05,0.05,,,,,,,
-429.6148563144729,-589.026557703476,-76.05953704018987,292.1547722594182,789.0885087078838,20.0,2.297500341029539,2.0308900307493127,218.18550779921756,4.363710155984351,2.0308900307493127,127.71025787665802,127.71025787665802,0.0,schwefel,value,ts,exact,gaussian,0.05,20,50,8,1d66e509-f5b2-4de5-8801-011962f07aa0,False,0.01,2.0,18.56859640002949,4.328390371778852,"x0,x1,x2,x3",4,0.05,0.05,,,,,,,
542.9242350906554,-596.1920367987316,119.1710346372821,-415.8000327306759,915.042661577232,0.0,2.2005905540274373,2.1277998177514146,196.43224939198316,3.928644987839663,2.6071724140357313,139.96104369413533,145.0356236723773,0.0,schwefel,value,ts,exact,gaussian,0.25,0,50,8,f5c6e575-14f1-466a-bb31-fb11db421631,False,0.01,2.0,20.7303588000359,4.328390371778852,"x0,x1,x2,x3",4,0.25,0.25,,,,,,,
-428.1060188270311,-577.4588356260365,-76.41707221124011,292.1547722594182,779.6970245408138,20.0,2.064090274393178,2.2643000973856737,222.47279478552537,4.449455895710507,2.2643000973856737,135.5229721236932,135.5229721236932,0.0,schwefel,value,ts,exact,gaussian,0.25,20,50,8,74103066-ef77-44f7-8bd9-3d60cc9a7e19,False,0.01,2.0,19.336787200008985,4.328390371778852,"x0,x1,x2,x3",4,0.25,0.25,,,,,,,
542.9242350906554,-596.1920367987316,119.1710346372821,-415.8000327306759,915.042661577232,0.0,2.097207846855752,2.2311825249231,212.9157584524774,4.258315169049548,2.577908872795591,119.48520322337369,144.33809783816463,0.0,schwefel,value,ts,exact,gaussian,1.0,0,50,8,a8a3f567-6251-4c2a-b8ce-c1fc33d7e087,False,0.01,2.0,17.847226200043224,4.328390371778852,"x0,x1,x2,x3",4,1.0,1.0,,,,,,,
-423.68997896750403,-548.9910161665232,-76.91232607418101,292.1547722594182,756.4220058704859,20.0,1.7842777734634854,2.5441125983153663,221.29110518171322,4.425822103634264,3.1135224248477815,138.4624010534065,149.97159170926759,0.0,schwefel,value,ts,exact,gaussian,1.0,20,50,8,310578fe-652c-4b54-b04a-d76b8e740867,False,0.01,2.0,18.926063199993223,4.328390371778852,"x0,x1,x2,x3",4,1.0,1.0,,,,,,,
542.9242350906554,-596.1920367987316,119.1710346372821,-415.8000327306759,915.042661577232,0.0,2.8865064506940077,1.4418839210848442,218.55150438554153,4.371030087710831,4.211144578676001,96.51284986506037,206.31907482135142,0.0,schwefel,value,ts,exact,gaussian,5.0,0,50,8,767249ef-6b11-46c2-8765-42c97376e0a4,False,0.01,2.0,19.076302399975248,4.328390371778852,"x0,x1,x2,x3",4,5.0,5.0,,,,,,,
-499.09422034350666,0.0,252.77911798530442,291.8212149041809,630.9928246326367,20.0,2.3518804808117126,1.9765098909671392,211.09336921333716,4.221867384266743,2.875232259717312,125.14248818160398,145.04519464613,0.0,schwefel,value,ts,exact,gaussian,5.0,20,50,8,677c250f-cb1e-48ad-99b2-c3022c7bf93e,False,0.01,2.0,17.928206700016744,4.328390371778852,"x0,x1,x2,x3",4,5.0,5.0,,,,,,,
35.58108267090119,-39.07204132364167,7.809992925988919,-27.249870945037575,59.96823586912547,0.0,12.680810997130953,7.42163615672248,906.5866055354229,18.13173211070846,7.42163615672248,645.8017399802624,645.8017399802624,0.0,ackley,value,ts,exact,none,0.0,0,50,8,565427a7-e16d-4032-8763-70bcff50a3d5,True,0.01,2.0,17.55202940001618,20.102447153853433,"x0,x1,x2,x3",4,0.2,0.5,,,,,,,
-48.00917122530711,-24.226386202911428,-14.43228725648321,4.532893011368312,55.862656083466284,20.0,12.680810997130953,7.42163615672248,906.5866055354229,18.13173211070846,7.42163615672248,645.8017399802624,645.8017399802624,0.0,ackley,value,ts,exact,none,0.0,20,50,8,565427a7-e16d-4032-8763-70bcff50a3d5,True,0.01,2.0,17.55202940001618,20.102447153853433,"x0,x1,x2,x3",4,0.2,0.5,,,,,,,
35.58108267090119,-39.07204132364167,7.809992925988919,-27.249870945037575,59.96823586912547,0.0,16.372022203482594,3.730424950370839,874.4171540599035,17.48834308119807,3.730424950370839,620.467348988417,620.467348988417,0.0,ackley,value,ts,exact,gaussian,0.05,0,50,8,bf56df83-8456-4674-aeb5-242d05881e20,False,0.01,2.0,17.109231099952012,20.102447153853433,"x0,x1,x2,x3",4,0.05,0.05,,,,,,,
-47.998258897074166,-24.101515802482805,-14.23980699605497,4.37106064164454,55.736829794541755,20.0,14.117053112729835,5.985394041123598,913.6811766072876,18.273623532145752,5.985394041123598,569.7543350323275,569.7543350323275,0.0,ackley,value,ts,exact,gaussian,0.05,20,50,8,e0114ac3-f90b-445e-87af-320cbfcbbc3f,False,0.01,2.0,17.03501099999994,20.102447153853433,"x0,x1,x2,x3",4,0.05,0.05,,,,,,,
35.58108267090119,-39.07204132364167,7.809992925988919,-27.249870945037575,59.96823586912547,0.0,14.853775339535666,5.248671814317767,910.0360246000326,18.200720492000652,5.248671814317767,599.3560496780494,599.3560496780494,0.0,ackley,value,ts,exact,gaussian,0.25,0,50,8,72aded16-3237-4363-86e7-373f8ae43eda,False,0.01,2.0,17.212188299978152,20.102447153853433,"x0,x1,x2,x3",4,0.25,0.25,,,,,,,
-48.03539563847572,-24.379048122390486,-14.673287938244478,4.7600852147903225,56.03303500319628,20.0,13.216669235858474,6.885777917994959,879.3013600651275,17.58602720130255,6.885777917994959,627.7966607616726,627.7966607616726,0.0,ackley,value,ts,exact,gaussian,0.25,20,50,8,36b2b8fc-681f-4122-9b91-4c15fcce3027,False,0.01,2.0,15.881574300001375,20.102447153853433,"x0,x1,x2,x3",4,0.25,0.25,,,,,,,
35.58108267090119,-39.07204132364167,7.809992925988919,-27.249870945037575,59.96823586912547,0.0,16.192871256081304,3.909575897772129,906.890535591021,18.13781071182042,3.909575897772129,726.7274550712001,730.8753929835705,0.0,ackley,value,ts,exact,gaussian,1.0,0,50,8,3d6169e3-19fe-4846-9ac5-a2ca89f55b59,False,0.01,2.0,16.985232000006363,20.102447153853433,"x0,x1,x2,x3",4,1.0,1.0,,,,,,,
-48.29377750927165,-24.930509707420477,-15.635724659977557,6.014767463113618,56.872423666173916,20.0,14.692828889702415,5.4096182641510175,899.300637039453,17.98601274078906,5.4096182641510175,580.9404274858227,580.9404274858227,0.0,ackley,value,ts,exact,gaussian,1.0,20,50,8,436eee90-6fa5-4ab5-bf2b-9fd272ebcfe5,False,0.01,2.0,17.688355899997987,20.102447153853433,"x0,x1,x2,x3",4,1.0,1.0,,,,,,,
35.58108267090119,-39.07204132364167,7.809992925988919,-27.249870945037575,59.96823586912547,0.0,2.136355962148398,17.966091191705036,1010.2560173443524,20.205120346887046,19.890126434789767,885.3864705151495,986.1424966475688,0.0,ackley,value,ts,exact,gaussian,5.0,0,50,8,72b83896-7f9a-4662-ab2b-5f352a8abf4a,False,0.01,2.0,18.78929349995451,20.102447153853433,"x0,x1,x2,x3",4,5.0,5.0,,,,,,,
-52.235534695114744,27.5170269757765,-8.943239657803296,-2.3687520818121364,59.76060893659085,20.0,3.375048269669471,16.727398884183962,998.5327459189525,19.97065491837905,20.211930406205163,874.6986895776363,942.0715000274554,0.0,ackley,value,ts,exact,gaussian,5.0,20,50,8,df54d6eb-dc06-4f21-823c-7dae98380a40,False,0.01,2.0,18.026911100023426,20.102447153853433,"x0,x1,x2,x3",4,5.0,5.0,,,,,,,
5.429242350906553,-5.961920367987315,1.1917103463728207,-4.158000327306759,9.15042661577232,0.0,15.516936061435425,41.25713797658296,2764.9821623625567,55.29964324725113,41.25713797658296,2542.479001938847,2542.479001938847,0.0,shekel,value,ts,exact,none,0.0,0,50,8,35f72d00-d265-4b90-abfd-29d97f0bff23,True,0.01,2.0,16.464925299980678,56.774074038018384,"x0,x1,x2,x3",4,0.2,0.5,,,,,,,
5.3864930269355575,-2.0860628483301684,4.610974735598717,0.33920172600275666,7.398791195841498,20.0,15.516936061435425,41.25713797658296,2764.9821623625567,55.29964324725113,41.25713797658296,2542.479001938847,2542.479001938847,0.0,shekel,value,ts,exact,none,0.0,20,50,8,35f72d00-d265-4b90-abfd-29d97f0bff23,True,0.01,2.0,16.464925299980678,56.774074038018384,"x0,x1,x2,x3",4,0.2,0.5,,,,,,,
5.429242350906553,-5.961920367987315,1.1917103463728207,-4.158000327306759,9.15042661577232,0.0,10.147209205607837,46.62686483241055,2758.7153137674154,55.17430627534831,46.62686483241055,2540.403156624904,2540.650815064824,0.0,shekel,value,ts,exact,gaussian,0.05,0,50,8,1474599e-3edc-4da9-8531-a170697a1aac,False,0.01,2.0,16.810152799997013,56.774074038018384,"x0,x1,x2,x3",4,0.05,0.05,,,,,,,
5.726890683746154,-2.0860628483301684,4.610974735598717,0.15545385028173442,7.644225861567601,20.0,15.870864789121674,40.90320924889671,2756.0315289900477,55.12063057980095,40.90320924889671,2416.4489129236626,2416.4489129236626,0.0,shekel,value,ts,exact,gaussian,0.05,20,50,8,5148e1bb-0ee2-4652-b40b-557e7213e458,False,0.01,2.0,18.36411309998948,56.774074038018384,"x0,x1,x2,x3",4,0.05,0.05,,,,,,,
5.429242350906553,-5.961920367987315,1.1917103463728207,-4.158000327306759,9.15042661577232,0.0,17.360122684268827,39.41395135374955,2773.677801129178,55.47355602258356,39.41395135374955,2432.396506252271,2432.772075618005,0.0,shekel,value,ts,exact,gaussian,0.25,0,50,8,3cc03d82-c735-4e86-9a1a-5575deb7ab9d,False,0.01,2.0,19.909254700003657,56.774074038018384,"x0,x1,x2,x3",4,0.25,0.25,,,,,,,
5.206845084919566,-2.0860628483301684,4.610974735598717,0.6899619480169052,7.293835030186476,20.0,7.350740378284837,49.423333659733544,2789.0194478190238,55.78038895638048,49.423333659733544,2589.118217059886,2589.118217059886,0.0,shekel,value,ts,exact,gaussian,0.25,20,50,8,866b7af9-854c-475a-b1b5-10719651aab1,False,0.01,2.0,16.555773800006136,56.774074038018384,"x0,x1,x2,x3",4,0.25,0.25,,,,,,,
5.429242350906553,-5.961920367987315,1.1917103463728207,-4.158000327306759,9.15042661577232,0.0,4.521967307497199,52.252106730521184,2836.107562422388,56.722151248447766,52.252106730521184,2716.0125133785746,2728.857536107348,0.0,shekel,value,ts,exact,gaussian,1.0,0,50,8,40d56c9b-df6b-4ea7-bdf8-e10cce6a42cb,False,0.01,2.0,15.793390000006184,56.774074038018384,"x0,x1,x2,x3",4,1.0,1.0,,,,,,,
1.8385309110844408,1.3291845424402782,-0.3620027916263755,-0.7187846150711499,2.4072026925216385,20.0,17.395304029533797,39.37877000848459,2748.439374943343,54.96878749886686,42.075224881998714,2468.9918519084326,2484.000508908936,0.0,shekel,value,ts,exact,gaussian,1.0,20,50,8,3b28a581-4dff-4dc5-8eb5-f9ffae9cceb4,False,0.01,2.0,17.91088879999006,56.774074038018384,"x0,x1,x2,x3",4,1.0,1.0,,,,,,,
5.429242350906553,-5.961920367987315,1.1917103463728207,-4.158000327306759,9.15042661577232,0.0,12.159805958099966,44.61426807991842,2829.4805482597117,56.58961096519423,57.331873656160795,2634.655415748071,2781.148444161677,0.0,shekel,value,ts,exact,gaussian,5.0,0,50,8,51a75626-aa4d-4375-8a7e-7190abc9bf43,False,0.01,2.0,18.24697879998712,56.774074038018384,"x0,x1,x2,x3",4,5.0,5.0,,,,,,,
-2.1084245681162983,1.6969161032280202,4.610974735598717,4.305861432431429,6.864875024970305,20.0,2.6027675151013123,54.17130652291707,2856.370269386403,57.12740538772806,55.53959478071928,2728.428217264653,2782.587718240402,0.0,shekel,value,ts,exact,gaussian,5.0,20,50,8,30ff8993-f862-48a1-98df-d2b0f45489d1,False,0.01,2.0,17.59921310003847,56.774074038018384,"x0,x1,x2,x3",4,5.0,5.0,,,,,,,
8.14386352635983,-8.942880551980974,1.787565519559231,-6.237000490960139,13.72563992365848,0.0,1.0251196577512143,0.0005035928202095086,26.06088456839517,0.5212176913679034,0.0005035928202095086,2.5691641696620837,2.5691641696620837,0.0,rosenbrock,value,ts,exact,none,0.0,0,50,8,02fe2a77-ee0f-4124-949b-96150e24a638,True,0.01,2.0,18.277268500009086,1.0256232505714238,"x0,x1,x2,x3",4,0.2,0.5,,,,,,,
-10.7551152982305,-2.9007716124129947,7.386923053961317,0.0,13.366136810266385,20.0,1.0251196577512143,0.0005035928202095086,26.06088456839517,0.5212176913679034,0.0005035928202095086,2.5691641696620837,2.5691641696620837,0.0,rosenbrock,value,ts,exact,none,0.0,20,50,8,02fe2a77-ee0f-4124-949b-96150e24a638,True,0.01,2.0,18.277268500009086,1.0256232505714238,"x0,x1,x2,x3",4,0.2,0.5,,,,,,,
8.14386352635983,-8.942880551980974,1.787565519559231,-6.237000490960139,13.72563992365848,0.0,1.0244497376926205,0.0011735128788032956,25.76910864151394,0.5153821728302789,0.07080845131127178,2.881717418104385,5.65617716332314,0.0,rosenbrock,value,ts,exact,gaussian,0.05,0,50,8,63f42574-43a8-4a3d-bd8b-5e4d9fb33cf1,False,0.01,2.0,17.824935199983884,1.0256232505714238,"x0,x1,x2,x3",4,0.05,0.05,,,,,,,
-10.7551152982305,-2.9007716124129947,7.4009594384654545,0.0,13.373899268179931,20.0,1.0251196577512143,0.0005035928202095086,25.350733068722977,0.5070146613744595,0.026864640210478852,2.5691641696620837,3.0426059390152806,0.0,rosenbrock,value,ts,exact,gaussian,0.05,20,50,8,5d3ca045-b2a3-474b-8acd-95a8781a2142,False,0.01,2.0,20.712041400023736,1.0256232505714238,"x0,x1,x2,x3",4,0.05,0.05,,,,,,,
8.14386352635983,-8.942880551980974,1.787565519559231,-6.237000490960139,13.72563992365848,0.0,1.0188090880249674,0.006814162546456393,24.535059097699754,0.4907011819539951,0.012276122772697518,3.058105709514183,3.242306561496835,0.0,rosenbrock,value,ts,exact,gaussian,0.25,0,50,8,8cbcb542-c0b9-4e06-9597-06190ff75d23,False,0.01,2.0,17.22805660002632,1.0256232505714238,"x0,x1,x2,x3",4,0.25,0.25,,,,,,,
-10.7551152982305,-2.9007716124129947,7.3696613825636454,0.0,13.356604730217285,20.0,1.0251196577512143,0.0005035928202095086,35.0913608275639,0.7018272165512781,0.05724211576778104,2.5691641696620837,7.082400324797462,0.0,rosenbrock,value,ts,exact,gaussian,0.25,20,50,8,07a5faeb-4cb8-4703-8cde-5a57eb8248cb,False,0.01,2.0,17.039725300041027,1.0256232505714238,"x0,x1,x2,x3",4,0.25,0.25,,,,,,,
8.14386352635983,-8.942880551980974,1.787565519559231,-6.237000490960139,13.72563992365848,0.0,1.0118604381685854,0.013762812402838387,48.02676133442149,0.9605352266884297,0.1291237989345999,3.824098358509815,32.46920703238163,0.0,rosenbrock,value,ts,exact,gaussian,1.0,0,50,8,b6f29895-840e-4068-a418-99118df9da35,False,0.01,2.0,17.780725500022527,1.0256232505714238,"x0,x1,x2,x3",4,1.0,1.0,,,,,,,
-10.7551152982305,-2.9007716124129947,7.316337198815086,0.0,13.327256695673652,20.0,1.0251196577512143,0.0005035928202095086,26.556144020763004,0.5311228804152601,0.006032227448789618,2.5691641696620837,4.499945144993676,0.0,rosenbrock,value,ts,exact,gaussian,1.0,20,50,8,130c5f4c-8c58-4199-bbc2-35a323f97f27,False,0.01,2.0,15.717529799963813,1.0256232505714238,"x0,x1,x2,x3",4,1.0,1.0,,,,,,,
8.14386352635983,-8.942880551980974,1.787565519559231,-6.237000490960139,13.72563992365848,0.0,1.0052689876007888,0.02035426297063503,72.10827017065868,1.4421654034131737,0.12378584379396962,3.9685709722337155,52.974016823085094,0.0,rosenbrock,value,ts,exact,gaussian,5.0,0,50,8,c81b093a-1d9a-49b2-a0a3-c6d503ead64d,False,0.01,2.0,18.024981700000353,1.0256232505714238,"x0,x1,x2,x3",4,5.0,5.0,,,,,,,
-6.28728488243094,4.33418878746534,8.036272755895734,0.0,11.085883972213805,20.0,1.0251196577512143,0.0005035928202095086,54.653508327044655,1.093070166540893,0.2684503334414585,2.5691641696620837,8.924289304515273,0.0,rosenbrock,value,ts,exact,gaussian,5.0,20,50,8,6b3d7fc7-30d2-4e8b-a05a-4c1e4dc3cfc1,False,0.01,2.0,18.612112999951933,1.0256232505714238,"x0,x1,x2,x3",4,5.0,5.0,,,,,,,
5.559544167328312,-6.1050064568190106,1.2203113946857687,-4.257792335162121,9.370036854550856,0.0,1.8457359000597062,1.7932031733783456,185.70220113083988,3.7140440226167977,1.7932031733783456,109.93883637337899,109.93883637337899,0.0,rastrigin,value,ts,exact,none,0.0,0,50,8,b4634334-56cf-49b5-adf9-4e8824a82ca2,True,0.01,2.0,16.370762099977583,3.638939073438052,"x0,x1,x2,x3",4,0.2,0.5,,,,,,,
3.0336354961779795,3.44405922072791,-2.213710650291131,-2.676108653269415,5.755567791874905,20.0,1.8457359000597062,1.7932031733783456,185.70220113083988,3.7140440226167977,1.7932031733783456,109.93883637337899,109.93883637337899,0.0,rastrigin,value,ts,exact,none,0.0,20,50,8,b4634334-56cf-49b5-adf9-4e8824a82ca2,True,0.01,2.0,16.370762099977583,3.638939073438052,"x0,x1,x2,x3",4,0.2,0.5,,,,,,,
5.559544167328312,-6.1050064568190106,1.2203113946857687,-4.257792335162121,9.370036854550856,0.0,3.285923000265714,0.35301607317233774,153.41115933917047,3.0682231867834093,0.35301607317233774,74.10677695777478,74.10677695777478,0.0,rastrigin,value,ts,exact,gaussian,0.05,0,50,8,fbc57569-c98e-43cb-8749-f2b4ed45f2cc,False,0.01,2.0,13.88722949998919,3.638939073438052,"x0,x1,x2,x3",4,0.05,0.05,,,,,,,
2.9797189823445827,3.3196695355500516,-2.237623067802871,-2.8662932408074298,5.755130317800425,20.0,2.5439642049614117,1.09497486847664,185.56641935686167,3.7113283871372333,1.09497486847664,106.92607731934766,106.92607731934766,0.0,rastrigin,value,ts,exact,gaussian,0.05,20,50,8,9ec745d5-7e1c-4b01-8634-c6e7f7af2548,False,0.01,2.0,19.379328100010753,3.638939073438052,"x0,x1,x2,x3",4,0.05,0.05,,,,,,,
5.559544167328312,-6.1050064568190106,1.2203113946857687,-4.257792335162121,9.370036854550856,0.0,1.6440079680470314,1.9949311053910204,185.3629201658558,3.707258403317116,2.1943750799537307,117.36523481993875,120.90937750123054,0.0,rastrigin,value,ts,exact,gaussian,0.25,0,50,8,24f8da7e-b2f1-4fa0-8685-cf7c3f8f1cef,False,0.01,2.0,18.736469999945257,3.638939073438052,"x0,x1,x2,x3",4,0.25,0.25,,,,,,,
3.091166126330572,3.44405922072791,-2.1510182665088005,-2.3878742431286932,5.634330032959237,20.0,1.9428574330296,1.6960816404084518,184.94224010489455,3.698844802097891,1.8257255502508851,103.89305057576453,107.24158080311405,0.0,rastrigin,value,ts,exact,gaussian,0.25,20,50,8,b54c9e7e-f177-49ef-87b5-dd1582f59742,False,0.01,2.0,17.784848299983423,3.638939073438052,"x0,x1,x2,x3",4,0.25,0.25,,,,,,,
5.559544167328312,-6.1050064568190106,1.2203113946857687,-4.257792335162121,9.370036854550856,0.0,2.7330277226490964,0.9059113507889553,182.40792040036342,3.6481584080072684,2.0984772743656004,113.50266063983253,131.28078192730143,0.0,rastrigin,value,ts,exact,gaussian,1.0,0,50,8,a757f68e-f2c7-4ef6-b3a0-fd9905f8726a,False,0.01,2.0,19.02761129999999,3.638939073438052,"x0,x1,x2,x3",4,1.0,1.0,,,,,,,
-1.2064651894534388,-1.7015932813849879,-2.0776681178249894,2.1244934622630556,3.6305860721985854,20.0,1.4808156636518444,2.1581234097862074,194.37604132764446,3.887520826552889,3.0635894853722085,123.20415392852173,131.59632307535938,0.0,rastrigin,value,ts,exact,gaussian,1.0,20,50,8,c69ff494-f945-4a93-be2e-38befc2874d3,False,0.01,2.0,16.516687499999534,3.638939073438052,"x0,x1,x2,x3",4,1.0,1.0,,,,,,,
5.559544167328312,-6.1050064568190106,1.2203113946857687,-4.257792335162121,9.370036854550856,0.0,1.5704430695434868,2.0684960038945652,203.09057583207982,4.061811516641597,3.823487591569836,111.24582944360371,168.2186773434964,0.0,rastrigin,value,ts,exact,gaussian,5.0,0,50,8,fbfeaddc-5ab2-4283-b389-ba66788c7ae8,False,0.01,2.0,18.794812400010414,3.638939073438052,"x0,x1,x2,x3",4,5.0,5.0,,,,,,,
0.4714255276725412,-4.1103938267597275,-5.6530605558441245,2.0937621644347733,7.3115328822665555,20.0,1.9420729449444556,1.6968661284935962,197.75167166941327,3.9550334333882655,4.095845981459046,103.78262662400813,187.0725957007549,0.0,rastrigin,value,ts,exact,gaussian,5.0,20,50,8,d38863df-56d6-4ffa-a931-8bcc54dc1dc4,False,0.01,2.0,19.99364590004552,3.638939073438052,"x0,x1,x2,x3",4,5.0,5.0,,,,,,,
0.20141545304255803,-1.7259752023470254,0.16976558677362275,-2.141294910814377,3.023551846861266,0.0,3.995099532336403,4.052621634352575,381.0355314172714,7.620710628345428,4.052621634352575,281.59855856753444,281.59855856753444,0.0,michalewicz,value,ts,exact,none,0.0,0,50,8,66d8e5fd-0058-4c86-8b0d-2eb85291b588,True,0.01,2.0,22.987897599989083,8.047721166688978,"x0,x1,x2,x3,x4",5,0.2,0.5,-1.2281461384073296,,,,,,
1.4955667635943977,-2.9539584374642986,-2.9740771946919824,0.665243382219928,4.629227586727389,20.0,3.995099532336403,4.052621634352575,381.0355314172714,7.620710628345428,4.052621634352575,281.59855856753444,281.59855856753444,0.0,michalewicz,value,ts,exact,none,0.0,20,50,8,66d8e5fd-0058-4c86-8b0d-2eb85291b588,True,0.01,2.0,22.987897599989083,8.047721166688978,"x0,x1,x2,x3,x4",5,0.2,0.5,1.0860357901601583,,,,,,
0.20141545304255803,-1.7259752023470254,0.16976558677362275,-2.141294910814377,3.023551846861266,0.0,3.8294606768688486,4.21826048982013,385.65551463967495,7.713110292793499,4.21826048982013,251.84036733208757,251.84036733208757,0.0,michalewicz,value,ts,exact,gaussian,0.05,0,50,8,96e23642-bca8-47a7-b374-570125e920d4,False,0.01,2.0,21.59946860000491,8.047721166688978,"x0,x1,x2,x3,x4",5,0.05,0.05,-1.2281461384073296,,,,,,
1.498356042508969,-2.9539584374642986,-2.9731693517787616,0.6792833112344874,4.631544585495305,20.0,2.332983807401642,5.714737359287336,402.8905884908065,8.05781176981613,5.714737359287336,311.8364499552369,311.8364499552369,0.0,michalewicz,value,ts,exact,gaussian,0.05,20,50,8,915cc825-1ff8-4710-9aab-8b7b3b16c454,False,0.01,2.0,24.21944940002868,8.047721166688978,"x0,x1,x2,x3,x4",5,0.05,0.05,1.08586470417036,,,,,,
0.20141545304255803,-1.7259752023470254,0.16976558677362275,-2.141294910814377,3.023551846861266,0.0,3.349660220514452,4.698060946174526,389.9443153471281,7.7988863069425625,4.698060946174526,276.10572456008805,276.45135797562335,0.0,michalewicz,value,ts,exact,gaussian,0.25,0,50,8,462a2706-b52d-4fbb-9b7d-13a4a933ff00,False,0.01,2.0,21.995346200012136,8.047721166688978,"x0,x1,x2,x3,x4",5,0.25,0.25,-1.2281461384073296,,,,,,
1.4918758969018109,-2.9539584374642986,-2.9750608713427837,0.6485915516205742,4.626435075711983,20.0,1.511050354584519,6.536670812104459,416.94183220772084,8.338836644154417,6.536670812104459,328.98733019658386,328.98733019658386,0.0,michalewicz,value,ts,exact,gaussian,0.25,20,50,8,9973c923-1f63-4b15-b9a3-9e3c13636922,False,0.01,2.0,24.065924900001846,8.047721166688978,"x0,x1,x2,x3,x4",5,0.25,0.25,1.086590621497616,,,,,,
0.20141545304255803,-1.7259752023470254,0.16976558677362275,-2.141294910814377,3.023551846861266,0.0,3.12490579717444,4.922815369514538,392.7372684914133,7.854745369828266,5.944839189870459,290.42791662784174,316.7171102574184,0.0,michalewicz,value,ts,exact,gaussian,1.0,0,50,8,526d44d6-65b2-4c61-a6b8-ae2ab6b575bb,False,0.01,2.0,23.299564099987037,8.047721166688978,"x0,x1,x2,x3,x4",5,1.0,1.0,-1.2281461384073296,,,,,,
1.480686145144262,-2.9539584374642986,-2.9770629115737304,0.589783911963671,4.618798680250207,20.0,1.6504327106838619,6.397288456005116,408.2594514261661,8.165189028523322,6.397288456005116,325.5724624721499,325.5724624721499,0.0,michalewicz,value,ts,exact,gaussian,1.0,20,50,8,605d6d2c-0f40-4234-a0b6-69c36fd80018,False,0.01,2.0,24.206779400003143,8.047721166688978,"x0,x1,x2,x3,x4",5,1.0,1.0,1.0973835681808484,,,,,,
0.20141545304255803,-1.7259752023470254,0.16976558677362275,-2.141294910814377,3.023551846861266,0.0,4.126590495464361,3.921130671224617,402.46415176094825,8.049283035218965,9.101659290491055,260.95648760657383,406.085496288855,0.0,michalewicz,value,ts,exact,gaussian,5.0,0,50,8,29740734-9edb-47f6-9f17-bc7561025f1a,False,0.01,2.0,20.89005459996406,8.047721166688978,"x0,x1,x2,x3,x4",5,5.0,5.0,-1.2281461384073296,,,,,,
0.06868121884598932,0.18763421612549447,-1.6679627369424623,-0.6763773023503827,3.626170715360203,20.0,2.133760547662335,5.913960619026643,408.71841447232237,8.174368289446447,6.9682131626952994,320.40148829011895,361.44568218207223,0.0,michalewicz,value,ts,exact,gaussian,5.0,20,50,8,78211826-8e70-4e6f-b798-c8c872f54779,False,0.01,2.0,20.659871299983934,8.047721166688978,"x0,x1,x2,x3,x4",5,5.0,5.0,3.141592653589793,,,,,,
0.5429242350906553,-0.5961920367987316,0.11917103463728207,-0.4158000327306759,0.915042661577232,0.0,3.5072091036575324,0.028203440129326296,110.98589681739489,2.2197179363478976,0.028203440129326296,35.332636112652345,35.332636112652345,0.0,yerkes_dodson,value,ts,exact,none,0.0,0,50,8,5eb8c575-30c4-4b37-a16d-644d5a2be055,True,0.01,2.0,16.451244800002314,3.5354125437868587,"x0,x1,x2,x3",4,0.2,0.5,,,,,,,
-0.16189261715508685,-0.4772899145813262,-0.5153381819865098,-0.14198338446471848,0.734675169940832,20.0,3.5072091036575324,0.028203440129326296,110.98589681739489,2.2197179363478976,0.028203440129326296,35.332636112652345,35.332636112652345,0.0,yerkes_dodson,value,ts,exact,none,0.0,20,50,8,5eb8c575-30c4-4b37-a16d-644d5a2be055,True,0.01,2.0,16.451244800002314,3.5354125437868587,"x0,x1,x2,x3",4,0.2,0.5,,,,,,,
0.5429242350906553,-0.5961920367987316,0.11917103463728207,-0.4158000327306759,0.915042661577232,0.0,3.5165808142789277,0.018831729507930994,101.52312752636857,2.0304625505273712,0.021465254881130935,42.43425790340357,43.099855614317946,0.0,yerkes_dodson,value,ts,exact,gaussian,0.05,0,50,8,df49ac5b-8191-4b39-937b-eb705d9689f3,False,0.01,2.0,18.014876600005664,3.5354125437868587,"x0,x1,x2,x3",4,0.05,0.05,,,,,,,
-0.16155116840579253,-0.47718722897580923,-0.515508633505308,-0.14238644495354447,0.7347308911675804,20.0,3.497587333960986,0.03782520982587245,111.79025436218531,2.235805087243706,0.08508457760902255,35.42540187026889,36.205181438690865,0.0,yerkes_dodson,value,ts,exact,gaussian,0.05,20,50,8,eb8d9fed-8ade-49ff-84bc-a20830a516f0,False,0.01,2.0,18.286843799985945,3.5354125437868587,"x0,x1,x2,x3",4,0.05,0.05,,,,,,,
0.5429242350906553,-0.5961920367987316,0.11917103463728207,-0.4158000327306759,0.915042661577232,0.0,3.498052208150841,0.037360335636017705,101.7375152252667,2.034750304505334,0.06136706703969175,42.281979628074055,42.98537062911879,0.0,yerkes_dodson,value,ts,exact,gaussian,0.25,0,50,8,5d3d47a6-0d49-4e2f-84e1-bde13c7f292c,False,0.01,2.0,15.793081399984658,3.5354125437868587,"x0,x1,x2,x3",4,0.25,0.25,,,,,,,
-0.16237605086641682,-0.47741793012173783,-0.5150752408054999,-0.1414888717393934,0.7345852342741638,20.0,3.499767271130239,0.03564527265661965,102.83438122022424,2.0566876244044847,0.058388411737996915,35.25474587081108,35.448062553002785,0.0,yerkes_dodson,value,ts,exact,gaussian,0.25,20,50,8,bc0c2751-90af-4ada-bed2-725b5ca4cc33,False,0.01,2.0,15.671747000014875,3.5354125437868587,"x0,x1,x2,x3",4,0.25,0.25,,,,,,,
0.5429242350906553,-0.5961920367987316,0.11917103463728207,-0.4158000327306759,0.915042661577232,0.0,2.894089572262383,0.6413229715244757,187.07183241617037,3.741436648323407,3.0023771004269424,88.46348204475557,178.57616321683878,0.0,yerkes_dodson,value,ts,exact,gaussian,1.0,0,50,8,dcd89638-7c62-42e6-895d-9ce0c8d2a1a6,False,0.01,2.0,20.165080400009174,3.5354125437868587,"x0,x1,x2,x3",4,1.0,1.0,,,,,,,
-0.16501790550297002,-0.477905625031785,-0.5133856975460972,-0.13954076071757993,0.7339354153603312,20.0,3.431144719388955,0.10426782439790383,137.38425408715025,2.747685081743005,0.7399277039204466,36.63268668525029,50.935033974507505,0.0,yerkes_dodson,value,ts,exact,gaussian,1.0,20,50,8,6a1d6662-055d-4f6d-8e35-79a9ec5ecf12,False,0.01,2.0,17.73593870003242,3.5354125437868587,"x0,x1,x2,x3",4,1.0,1.0,,,,,,,
0.5429242350906553,-0.5961920367987316,0.11917103463728207,-0.4158000327306759,0.915042661577232,0.0,1.73761738426594,1.7977951595209187,190.6752307112533,3.813504614225066,4.2120532979601695,97.54667491463357,197.5360251275471,0.0,yerkes_dodson,value,ts,exact,gaussian,5.0,0,50,8,1213ae34-4b17-4da5-9276-16d5694acfca,False,0.01,2.0,17.472387099987827,3.5354125437868587,"x0,x1,x2,x3",4,5.0,5.0,,,,,,,
-0.006953617101415399,-0.44513786277514544,-0.31998640316248916,-0.6311698276229747,0.836039902861879,20.0,2.6909669462980927,0.8444455974887659,182.6086548390827,3.652173096781654,3.8869542694561217,57.72775321833987,159.95855294947847,0.0,yerkes_dodson,value,ts,exact,gaussian,5.0,20,50,8,fd77a452-89b1-43fe-a5d0-51a47ce0b8d2,False,0.01,2.0,20.332338200008962,3.5354125437868587,"x0,x1,x2,x3",4,5.0,5.0,,,,,,,
0.5429242350906553,-0.5961920367987316,0.11917103463728207,-0.4158000327306759,0.915042661577232,0.0,3.0593887562558817,0.0,20.830655679032553,0.41661311358065106,0.0,13.314524769492483,13.314524769492483,0.0,stevens,value,ts,exact,none,0.0,0,50,8,50ab55ee-5165-4257-966d-7ea4921db243,True,0.01,2.0,17.531149099988397,3.0593887562558817,"x0,x1,x2,x3",4,0.2,0.5,,,,,,,
0.0,0.0,0.0,0.0,0.0,20.0,3.0593887562558817,0.0,20.830655679032553,0.41661311358065106,0.0,13.314524769492483,13.314524769492483,0.0,stevens,value,ts,exact,none,0.0,20,50,8,50ab55ee-5165-4257-966d-7ea4921db243,True,0.01,2.0,17.531149099988397,3.0593887562558817,"x0,x1,x2,x3",4,0.2,0.5,,,,,,,
0.5429242350906553,-0.5961920367987316,0.11917103463728207,-0.4158000327306759,0.915042661577232,0.0,3.0593887562558817,0.0,21.388708300199465,0.4277741660039893,0.0,13.34794959785804,13.34794959785804,0.0,stevens,value,ts,exact,gaussian,0.05,0,50,8,8c904737-05f1-463a-8160-c68831eb6083,False,0.01,2.0,19.287412200006656,3.0593887562558817,"x0,x1,x2,x3",4,0.05,0.05,,,,,,,
0.0,0.0,0.0,0.0,0.0,20.0,3.0593887562558817,0.0,21.30204270807164,0.4260408541614328,0.0,13.314524769492483,13.314524769492483,0.0,stevens,value,ts,exact,gaussian,0.05,20,50,8,cbd37416-ca0c-45ff-a5e0-3dc87957c635,False,0.01,2.0,16.55769109999528,3.0593887562558817,"x0,x1,x2,x3",4,0.05,0.05,,,,,,,
0.5429242350906553,-0.5961920367987316,0.11917103463728207,-0.4158000327306759,0.915042661577232,0.0,3.0593887562558817,0.0,22.955796923122218,0.45911593846244436,0.022103491415008225,12.531951337173282,18.291584950577736,0.0,stevens,value,ts,exact,gaussian,0.25,0,50,8,523ba0c4-c3e0-4dfc-afe2-2c368ae01585,False,0.01,2.0,15.685303099977318,3.0593887562558817,"x0,x1,x2,x3",4,0.25,0.25,,,,,,,
0.0,0.0,0.0,0.0,0.0,20.0,3.0593887562558817,0.0,21.803456953978444,0.43606913907956885,0.0,13.314524769492483,13.333698505029309,0.0,stevens,value,ts,exact,gaussian,0.25,20,50,8,e2fe49a2-461b-442c-a201-43d03723df41,False,0.01,2.0,16.544734499999322,3.0593887562558817,"x0,x1,x2,x3",4,0.25,0.25,,,,,,,
0.5429242350906553,-0.5961920367987316,0.11917103463728207,-0.4158000327306759,0.915042661577232,0.0,3.0593887562558817,0.0,76.18704523582304,1.5237409047164607,0.2984339794720845,21.8117922392956,25.52630022319352,0.0,stevens,value,ts,exact,gaussian,1.0,0,50,8,b948962c-260d-4535-8bdd-09aabc573777,False,0.01,2.0,15.748238100029994,3.0593887562558817,"x0,x1,x2,x3",4,1.0,1.0,,,,,,,
0.0,0.0,0.0,-0.04784823251687775,0.04784823251687775,20.0,3.0593887562558817,0.0,40.041594649133,0.8008318929826601,0.4089315905544688,13.314524769492483,19.433604055067445,0.0,stevens,value,ts,exact,gaussian,1.0,20,50,8,dd29f148-22aa-4567-808a-69cf3136cdef,False,0.01,2.0,15.029190699977335,3.0593887562558817,"x0,x1,x2,x3",4,1.0,1.0,,,,,,,
0.5429242350906553,-0.5961920367987316,0.11917103463728207,-0.4158000327306759,0.915042661577232,0.0,2.275632580711878,0.7837561755440037,145.7223591508638,2.914447183017276,0.795081308795087,60.71636512253508,70.26207627775835,0.0,stevens,value,ts,exact,gaussian,5.0,0,50,8,5538ab0c-07d4-40bd-a5e7-d80ab0c1725a,False,0.01,2.0,17.770597100025043,3.0593887562558817,"x0,x1,x2,x3",4,5.0,5.0,,,,,,,
-0.12391579925368179,0.0,-1.0,-1.0,1.4196320387004089,20.0,3.0593887562558817,0.0,101.47382090080166,2.029476418016033,3.0095894504633827,13.314524769492483,90.55362804187203,0.0,stevens,value,ts,exact,gaussian,5.0,20,50,8,b37adb57-27be-4756-ad74-c9aa1722bf85,False,0.01,2.0,16.862359699967783,3.0593887562558817,"x0,x1,x2,x3",4,5.0,5.0,,,,,,,
5.429242350906553,-5.961920367987315,1.1917103463728207,-4.158000327306759,9.15042661577232,0.0,5.402837764670362,0.0,60.931175790410585,1.2186235158082117,0.0,37.34090099610884,37.34090099610884,0.0,hicks_law,value,ts,exact,none,0.0,0,50,8,371b0fa4-6321-4fc9-9e16-5aad380d2ae1,True,0.01,2.0,16.782184800016694,5.402837764670362,"x0,x1,x2,x3",4,0.2,0.5,,,,,,,
0.0,0.0,0.0,0.0,0.0,20.0,5.402837764670362,0.0,60.931175790410585,1.2186235158082117,0.0,37.34090099610884,37.34090099610884,0.0,hicks_law,value,ts,exact,none,0.0,20,50,8,371b0fa4-6321-4fc9-9e16-5aad380d2ae1,True,0.01,2.0,16.782184800016694,5.402837764670362,"x0,x1,x2,x3",4,0.2,0.5,,,,,,,
5.429242350906553,-5.961920367987315,1.1917103463728207,-4.158000327306759,9.15042661577232,0.0,5.402837764670362,0.0,71.26178135839355,1.425235627167871,0.0,41.058270784613136,41.058270784613136,0.0,hicks_law,value,ts,exact,gaussian,0.05,0,50,8,540588b5-34a3-488a-b502-f0f5704e2d14,False,0.01,2.0,19.737304700014647,5.402837764670362,"x0,x1,x2,x3",4,0.05,0.05,,,,,,,
0.0,0.0,0.0,0.0,0.0,20.0,5.402837764670362,0.0,55.33465519212267,1.1066931038424535,8.881784197001252e-16,37.34090099610884,37.34090099610885,0.0,hicks_law,value,ts,exact,gaussian,0.05,20,50,8,cfc2ee51-c137-4aec-988b-9dddcef703aa,False,0.01,2.0,17.329299699980766,5.402837764670362,"x0,x1,x2,x3",4,0.05,0.05,,,,,,,
5.429242350906553,-5.961920367987315,1.1917103463728207,-4.158000327306759,9.15042661577232,0.0,5.402837764670362,0.0,51.42058991265333,1.0284117982530665,0.0,41.01406773373575,41.306787124230816,0.0,hicks_law,value,ts,exact,gaussian,0.25,0,50,8,aac44763-d147-4aa1-96d5-af62daa7ba3c,False,0.01,2.0,19.263062000041828,5.402837764670362,"x0,x1,x2,x3",4,0.25,0.25,,,,,,,
0.0,0.0,0.0,0.0,0.0,20.0,5.402837764670362,0.0,50.93767514806976,1.0187535029613952,0.0,37.34090099610884,37.34090099610884,0.0,hicks_law,value,ts,exact,gaussian,0.25,20,50,8,091bdeb8-5923-4430-972a-e2a1d10bb9b5,False,0.01,2.0,16.52426330000162,5.402837764670362,"x0,x1,x2,x3",4,0.25,0.25,,,,,,,
5.429242350906553,-5.961920367987315,1.1917103463728207,-4.158000327306759,9.15042661577232,0.0,5.402837764670362,0.0,143.4217302314647,2.868434604629294,0.0,100.05597724979232,126.88864374866517,0.0,hicks_law,value,ts,exact,gaussian,1.0,0,50,8,0ece6f55-eaa2-4601-864c-6dc7aad3fed4,False,0.01,2.0,15.683659799979068,5.402837764670362,"x0,x1,x2,x3",4,1.0,1.0,,,,,,,
0.0,0.0,0.0,0.0,0.0,20.0,5.402837764670362,0.0,51.42182459621843,1.0284364919243685,0.0,37.34090099610884,37.34090099610884,0.0,hicks_law,value,ts,exact,gaussian,1.0,20,50,8,ec644b2a-d1e9-40b6-a8ef-95e431c5c9cb,False,0.01,2.0,14.607279099989682,5.402837764670362,"x0,x1,x2,x3",4,1.0,1.0,,,,,,,
5.429242350906553,-5.961920367987315,1.1917103463728207,-4.158000327306759,9.15042661577232,0.0,5.402837764670362,0.0,230.82771218801747,4.6165542437603495,4.037109819703453,137.89996340777947,248.01902132113915,0.0,hicks_law,value,ts,exact,gaussian,5.0,0,50,8,7db08081-c7ab-4874-ba64-fa8f0d2e4994,False,0.01,2.0,14.199284300033469,5.402837764670362,"x0,x1,x2,x3",4,5.0,5.0,,,,,,,
6.439117862005048,0.0,0.0,0.09978617929959104,6.439891002367329,20.0,5.402837764670362,0.0,185.4113043222907,3.708226086445814,4.238549460836109,37.34090099610884,194.9801291254816,0.0,hicks_law,value,ts,exact,gaussian,5.0,20,50,8,717911f3-13a6-4ffa-b3bb-2dd351b11f4d,False,0.01,2.0,17.59027879999485,5.402837764670362,"x0,x1,x2,x3",4,5.0,5.0,,,,,,,
-0.08261438120043962,-1.9872790751789653,,,1.9889955401220223,0.0,1.2500455681089717,9.897791096946662e-06,14.49241779943544,0.2898483559887088,9.897791096946662e-06,5.5278980080113,5.5278980080113,0.0,branin,value,ts,exact,none,0.0,0,50,8,db3bc466-e193-4c4d-9d94-73a47e1c9a35,True,0.01,2.0,14.618686400004663,1.2500554659000687,"x0,x1",2,0.2,0.5,,,,,,,
-6.429720222721193,1.205282382045854,,,6.541712907407356,20.0,1.2500455681089717,9.897791096946662e-06,14.49241779943544,0.2898483559887088,9.897791096946662e-06,5.5278980080113,5.5278980080113,0.0,branin,value,ts,exact,none,0.0,20,50,8,db3bc466-e193-4c4d-9d94-73a47e1c9a35,True,0.01,2.0,14.618686400004663,1.2500554659000687,"x0,x1",2,0.2,0.5,,,,,,,
-0.08261438120043962,-1.9872790751789653,,,1.9889955401220223,0.0,1.24940322085254,0.0006522450475285879,13.475116665395438,0.26950233330790874,0.00675097373205058,5.6941578267278095,6.1563729912042175,0.0,branin,value,ts,exact,gaussian,0.05,0,50,8,5f1954c4-65d1-4034-a298-57cb50553a20,False,0.01,2.0,12.544709700043313,1.2500554659000687,"x0,x1",2,0.05,0.05,,,,,,,
-6.3619368919831105,0.8618059484796934,,,6.420042874499415,20.0,1.2500449656936394,1.050020642923144e-05,15.015731751335064,0.3003146350267013,0.001189352684387801,5.525502726978663,5.6224410070057775,0.0,branin,value,ts,exact,gaussian,0.05,20,50,8,1c8ccbc8-82f2-47fa-be4d-79347ecfd7ab,False,0.01,2.0,12.371275099983905,1.2500554659000687,"x0,x1",2,0.05,0.05,,,,,,,
-0.08261438120043962,-1.9872790751789653,,,1.9889955401220223,0.0,1.2455356606428987,0.004519805257169995,17.58669171701907,0.3517338343403814,0.057424717519462654,5.561601723998601,7.27917030536588,0.0,branin,value,ts,exact,gaussian,0.25,0,50,8,30ae4e85-540e-4ad6-bedf-736df4b4dd8e,False,0.01,2.0,12.326786499994341,1.2500554659000687,"x0,x1",2,0.25,0.25,,,,,,,
-6.385214186301054,0.9729189560925926,,,6.4589110150291225,20.0,1.2498422306014256,0.00021323529864303303,21.570528979264704,0.4314105795852941,0.04271596108223674,5.53087520692233,6.55746405297913,0.0,branin,value,ts,exact,gaussian,0.25,20,50,8,5a9b5a13-6250-48f9-bbe6-2d1dda68ddf6,False,0.01,2.0,13.180826600000728,1.2500554659000687,"x0,x1",2,0.25,0.25,,,,,,,
-0.08261438120043962,-1.9872790751789653,,,1.9889955401220223,0.0,1.2306194353325517,0.01943603056751697,37.330213510536325,0.7466042702107265,0.28629176405502754,5.502223586789103,19.92241732678012,0.0,branin,value,ts,exact,gaussian,1.0,0,50,8,04b28b7f-f3a7-466a-9594-cd3289a5579a,False,0.01,2.0,10.247421300038695,1.2500554659000687,"x0,x1",2,1.0,1.0,,,,,,,
0.0759691885324596,-0.08921271951622467,,,0.11717605100770791,20.0,1.2498422306014256,0.00021323529864303303,27.68919028426172,0.5537838056852344,0.005311859152020482,5.53087520692233,5.647490396947984,0.0,branin,value,ts,exact,gaussian,1.0,20,50,8,c8240822-ca57-4e9b-92c7-4e55b93fbba7,False,0.01,2.0,12.68478899996262,1.2500554659000687,"x0,x1",2,1.0,1.0,,,,,,,
-0.08261438120043962,-1.9872790751789653,,,1.9889955401220223,0.0,1.1743144950156237,0.07574097088444498,52.63014378551575,1.052602875710315,0.8638115112568074,8.105794998183349,77.59983308339655,0.0,branin,value,ts,exact,gaussian,5.0,0,50,8,bd7386ad-b3a9-4629-8358-4248ed4dfc3c,False,0.01,2.0,11.14167699997779,1.2500554659000687,"x0,x1",2,5.0,5.0,,,,,,,
0.5471485010267685,7.475302659672337,,,7.495299949693819,20.0,1.2498422306014256,0.00021323529864303303,42.3660314090854,0.8473206281817081,0.9404967471969885,5.53087520692233,31.66482607961231,0.0,branin,value,ts,exact,gaussian,5.0,20,50,8,82b143a8-c47d-40c2-a67b-6a2bb16315ff,False,0.01,2.0,11.232946000003722,1.2500554659000687,"x0,x1",2,5.0,5.0,,,,,,,
-8.45971263492504,-203.49737729832611,,,203.67314330849516,0.0,1.7788640900142607,1.426181441040798,172.03220853889644,3.440644170777929,1.426181441040798,81.34620169845174,81.34620169845174,0.0,eggholder,value,ts,exact,none,0.0,0,50,8,5b703236-c557-4e10-9d27-580edc6ac07a,True,0.01,2.0,14.42123839998385,3.2050455310550587,"x0,x1",2,0.2,0.5,,,,,,,
92.79066848966208,293.5246854111638,,,307.8422471079644,20.0,1.7788640900142607,1.426181441040798,172.03220853889644,3.440644170777929,1.426181441040798,81.34620169845174,81.34620169845174,0.0,eggholder,value,ts,exact,none,0.0,20,50,8,5b703236-c557-4e10-9d27-580edc6ac07a,True,0.01,2.0,14.42123839998385,3.2050455310550587,"x0,x1",2,0.2,0.5,,,,,,,
-8.45971263492504,-203.49737729832611,,,203.67314330849516,0.0,3.187612504134359,0.017433026920699923,151.22273298212315,3.024454659642463,0.017433026920699923,48.20546896917205,48.24837409508149,0.0,eggholder,value,ts,exact,gaussian,0.05,0,50,8,fe199202-d7da-42fa-b379-9f4a3728ac9d,False,0.01,2.0,12.967165499983821,3.2050455310550587,"x0,x1",2,0.05,0.05,,,,,,,
91.47153129113198,292.443545275362,,,306.415189261184,20.0,2.0831765126834947,1.121869018371564,163.15227691275763,3.2630455382551524,1.121869018371564,77.67150275344956,77.67150275344956,0.0,eggholder,value,ts,exact,gaussian,0.05,20,50,8,f7363af9-d08a-489e-989d-d47c9bdb8c6e,False,0.01,2.0,12.824903100030497,3.2050455310550587,"x0,x1",2,0.05,0.05,,,,,,,
-8.45971263492504,-203.49737729832611,,,203.67314330849516,0.0,2.0549172261708253,1.1501283048842335,161.8881687377035,3.2377633747540697,1.4039590997999176,64.89591425967836,73.1454150944381,0.0,eggholder,value,ts,exact,gaussian,0.25,0,50,8,31ea5524-c31c-4322-9673-5a2ea6ed2d63,False,0.01,2.0,12.52395850000903,3.2050455310550587,"x0,x1",2,0.25,0.25,,,,,,,
94.48739041869068,295.47056140649556,,,310.21076642502874,20.0,2.73286011138956,0.4721854196654989,149.4288638315171,2.988577276630342,0.4721854196654989,74.14794726052678,76.40997065590729,0.0,eggholder,value,ts,exact,gaussian,0.25,20,50,8,a4731f76-8c8a-4702-93c6-0d40782aa3fe,False,0.01,2.0,11.700275000010151,3.2050455310550587,"x0,x1",2,0.25,0.25,,,,,,,
-8.45971263492504,-203.49737729832611,,,203.67314330849516,0.0,2.043600083215779,1.16144544783928,151.39614000313588,3.0279228000627176,1.2047218821367354,65.99047778738566,92.15201963121332,0.0,eggholder,value,ts,exact,gaussian,1.0,0,50,8,020dcfd1-fb2c-4373-8224-1a30ebeb70ba,False,0.01,2.0,14.77356120001059,3.2050455310550587,"x0,x1",2,1.0,1.0,,,,,,,
100.14802079115229,316.664025399466,,,332.12306612245214,20.0,1.7788640900142607,1.426181441040798,163.78152382866196,3.275630476573239,3.4141628136197846,81.34620169845174,122.36517471349207,0.0,eggholder,value,ts,exact,gaussian,1.0,20,50,8,c9eede10-97fa-4196-8277-5c1acead094f,False,0.01,2.0,14.173671900003683,3.2050455310550587,"x0,x1",2,1.0,1.0,,,,,,,
-8.45971263492504,-203.49737729832611,,,203.67314330849516,0.0,2.7029023292585532,0.5021432017965055,172.65450203483323,3.4530900406966647,2.7957826263435823,54.643544006901664,134.0355793691676,0.0,eggholder,value,ts,exact,gaussian,5.0,0,50,8,98674487-49a5-4ff7-abd3-d315cbe6479d,False,0.01,2.0,11.812912599998526,3.2050455310550587,"x0,x1",2,5.0,5.0,,,,,,,
-376.0382907273873,-455.2873999989831,,,590.5009844962234,20.0,2.0893360818219677,1.115709449233091,182.0687072815792,3.641374145631584,2.9407457934536474,76.25866816572983,119.9675926849794,0.0,eggholder,value,ts,exact,gaussian,5.0,20,50,8,ac48475e-d632-40d7-b6c8-1ce2095e0584,False,0.01,2.0,11.749325099983253,3.2050455310550587,"x0,x1",2,5.0,5.0,,,,,,,
0.5429242350906553,-0.5961920367987316,0.11917103463728207,-0.4158000327306759,0.915042661577232,0.0,2.153305282720616,0.0,56.165200176423056,1.1233040035284612,0.0,22.8108346215127,22.8108346215127,0.0,weber_fechner,value,ts,exact,none,0.0,0,50,8,6853ab31-e652-4661-9bee-14f15030f01d,True,0.01,2.0,18.96020909998333,2.153305282720616,"x0,x1,x2,x3",4,0.2,0.5,,,,,,,
0.0,0.0,0.645219740914716,-0.519993020369471,0.8286743964302374,20.0,2.153305282720616,0.0,56.165200176423056,1.1233040035284612,0.0,22.8108346215127,22.8108346215127,0.0,weber_fechner,value,ts,exact,none,0.0,20,50,8,6853ab31-e652-4661-9bee-14f15030f01d,True,0.01,2.0,18.96020909998333,2.153305282720616,"x0,x1,x2,x3",4,0.2,0.5,,,,,,,
0.5429242350906553,-0.5961920367987316,0.11917103463728207,-0.4158000327306759,0.915042661577232,0.0,2.038673126834592,0.11463215588602393,50.83035170317841,1.0166070340635682,0.11463215588602393,25.051492569459526,25.276401488091615,0.0,weber_fechner,value,ts,exact,gaussian,0.05,0,50,8,2cd1c899-6059-45b8-bc66-ff814f162112,False,0.01,2.0,19.582538999966346,2.153305282720616,"x0,x1,x2,x3",4,0.05,0.05,,,,,,,
-0.08234083446703921,0.0,0.645219740914716,-0.5268470084264523,0.8370521473448854,20.0,2.1529847851857125,0.0003204975349033745,56.203451826326855,1.1240690365265371,0.02842994809674293,23.960941376448215,24.407087036732573,0.0,weber_fechner,value,ts,exact,gaussian,0.05,20,50,8,478d03eb-3ed8-4f00-a3eb-56fc4a13184b,False,0.01,2.0,17.637168499990366,2.153305282720616,"x0,x1,x2,x3",4,0.05,0.05,,,,,,,
0.5429242350906553,-0.5961920367987316,0.11917103463728207,-0.4158000327306759,0.915042661577232,0.0,2.153305282720616,0.0,45.244858599673705,0.9048971719934741,0.041889984452614826,10.965424800861534,12.376392018026428,0.0,weber_fechner,value,ts,exact,gaussian,0.25,0,50,8,d207d41f-7083-4dc0-8496-cf85f228727d,False,0.01,2.0,16.328967900015414,2.153305282720616,"x0,x1,x2,x3",4,0.25,0.25,,,,,,,
0.0,0.0,0.645219740914716,-0.5228368740089031,0.8304618660055709,20.0,2.0400248899148616,0.1132803928057542,54.688285448199316,1.0937657089639863,0.1744637969262699,25.526238067165366,28.941994731972656,0.0,weber_fechner,value,ts,exact,gaussian,0.25,20,50,8,1b8116a8-3cdc-45cd-9967-d362e0304b66,False,0.01,2.0,16.807656800025143,2.153305282720616,"x0,x1,x2,x3",4,0.25,0.25,,,,,,,
0.5429242350906553,-0.5961920367987316,0.11917103463728207,-0.4158000327306759,0.915042661577232,0.0,2.0950676181557695,0.05823766456484636,67.78289290251276,1.3556578580502552,0.20747055198482744,12.484570115617942,25.727394860605145,0.0,weber_fechner,value,ts,exact,gaussian,1.0,0,50,8,b1cbf862-282f-46cf-87b6-edc0cf94a93a,False,0.01,2.0,15.152727700013202,2.153305282720616,"x0,x1,x2,x3",4,1.0,1.0,,,,,,,
0.0,0.0,0.6407063072948223,-0.5621057809756091,0.8523306173155853,20.0,2.0662731676618606,0.08703211505875519,75.30293383209239,1.5060586766418478,0.19371108926684832,25.083200312066964,38.16292618517378,0.0,weber_fechner,value,ts,exact,gaussian,1.0,20,50,8,689a8490-d5b8-4105-9c3a-2b9daf65c49e,False,0.01,2.0,17.274656699970365,2.153305282720616,"x0,x1,x2,x3",4,1.0,1.0,,,,,,,
0.5429242350906553,-0.5961920367987316,0.11917103463728207,-0.4158000327306759,0.915042661577232,0.0,1.3155677654133222,0.8377375173072936,129.46451904266618,2.5892903808533236,1.132452396144182,51.79707020926128,99.91960760563163,0.0,weber_fechner,value,ts,exact,gaussian,5.0,0,50,8,2082ad0d-7d68-447f-a570-86f329d82fb6,False,0.01,2.0,19.974905799957924,2.153305282720616,"x0,x1,x2,x3",4,5.0,5.0,,,,,,,
-0.12039238987824785,-0.39238348253991406,-0.35478025908528404,-1.0,1.1376854385757815,20.0,1.647120080758642,0.5061852019619739,123.23649793359687,2.464729958671937,0.9195494053177764,33.54435068034213,89.21208148146891,0.0,weber_fechner,value,ts,exact,gaussian,5.0,20,50,8,080bddcd-a72d-4a46-adc5-4266fa09dd83,False,0.01,2.0,14.9940004000091,2.153305282720616,"x0,x1,x2,x3",4,5.0,5.0,,,,,,,
0.5429242350906553,-0.5961920367987316,0.11917103463728207,-0.4158000327306759,0.915042661577232,0.0,1.7175746997911816,0.0,10.892345316570696,0.2178469063314139,0.0,7.303916855679272,7.303916855679272,0.0,power_law_practice,value,ts,exact,none,0.0,0,50,8,c9bc52b2-09fc-4cb0-889a-f64a51c765f5,True,0.01,2.0,13.290131699992344,1.7175746997911816,"x0,x1,x2,x3",4,0.2,0.5,,,,,,,
0.0,0.0,0.0,0.0,0.0,20.0,1.7175746997911816,0.0,10.892345316570696,0.2178469063314139,0.0,7.303916855679272,7.303916855679272,0.0,power_law_practice,value,ts,exact,none,0.0,20,50,8,c9bc52b2-09fc-4cb0-889a-f64a51c765f5,True,0.01,2.0,13.290131699992344,1.7175746997911816,"x0,x1,x2,x3",4,0.2,0.5,,,,,,,
0.5429242350906553,-0.5961920367987316,0.11917103463728207,-0.4158000327306759,0.915042661577232,0.0,1.7175746997911816,0.0,12.591717302732993,0.2518343460546599,0.0,8.158322463753088,8.263616828002547,0.0,power_law_practice,value,ts,exact,gaussian,0.05,0,50,8,2081437d-a7d9-4700-8075-b48baed3b0c8,False,0.01,2.0,19.178957099968102,1.7175746997911816,"x0,x1,x2,x3",4,0.05,0.05,,,,,,,
0.0,0.0,0.0,0.0,0.0,20.0,1.7175746997911816,0.0,11.149579461037295,0.22299158922074588,0.0,7.303916855679272,7.303916855679272,0.0,power_law_practice,value,ts,exact,gaussian,0.05,20,50,8,c9e39d27-ae52-4e44-b65e-e69550077ffe,False,0.01,2.0,17.518937700020615,1.7175746997911816,"x0,x1,x2,x3",4,0.05,0.05,,,,,,,
0.5429242350906553,-0.5961920367987316,0.11917103463728207,-0.4158000327306759,0.915042661577232,0.0,1.7175746997911816,0.0,17.53249921241662,0.35064998424833244,0.1616780176342436,7.8324146860103525,13.765559319870679,0.0,power_law_practice,value,ts,exact,gaussian,0.25,0,50,8,1f725013-b47d-4b36-9240-7f610b1df673,False,0.01,2.0,15.708494600025006,1.7175746997911816,"x0,x1,x2,x3",4,0.25,0.25,,,,,,,
0.0,0.0,0.0,0.0,0.0,20.0,1.7175746997911816,0.0,12.567876336653379,0.2513575267330676,0.0,7.303916855679272,7.303916855679272,0.0,power_law_practice,value,ts,exact,gaussian,0.25,20,50,8,c547c7a3-eb50-4add-9de7-29f6b4c6de03,False,0.01,2.0,16.16675319999922,1.7175746997911816,"x0,x1,x2,x3",4,0.25,0.25,,,,,,,
0.5429242350906553,-0.5961920367987316,0.11917103463728207,-0.4158000327306759,0.915042661577232,0.0,1.6061766889316742,0.1113980108595074,54.39697320024143,1.0879394640048288,0.8808717716843452,18.63338481798502,35.91740396234284,0.0,power_law_practice,value,ts,exact,gaussian,1.0,0,50,8,cfe4f804-d2a0-4812-9ec7-441908bb929b,False,0.01,2.0,16.61595250002574,1.7175746997911816,"x0,x1,x2,x3",4,1.0,1.0,,,,,,,
0.0,0.0,0.0,0.0,0.0,20.0,1.7175746997911816,0.0,22.584758982047983,0.4516951796409597,0.024536091272036487,7.303916855679272,7.93556236596073,0.0,power_law_practice,value,ts,exact,gaussian,1.0,20,50,8,a10134b4-a6a2-4475-9497-ca5c43e99c30,False,0.01,2.0,14.627534300030675,1.7175746997911816,"x0,x1,x2,x3",4,1.0,1.0,,,,,,,
0.5429242350906553,-0.5961920367987316,0.11917103463728207,-0.4158000327306759,0.915042661577232,0.0,1.7175746997911816,0.0,90.87767689270397,1.8175535378540795,0.9276652674550812,24.118665867129184,57.30312149222894,0.0,power_law_practice,value,ts,exact,gaussian,5.0,0,50,8,74bf6e1b-a81e-4aae-ad5a-a1205edde307,False,0.01,2.0,17.841950400033966,1.7175746997911816,"x0,x1,x2,x3",4,5.0,5.0,,,,,,,
-0.4737732365799874,-1.0,0.0,-0.4767116562423329,1.2048713968290494,20.0,1.7175746997911816,0.0,50.35358367312108,1.0070716734624217,0.7324482287528057,7.303916855679272,25.981346688875817,0.0,power_law_practice,value,ts,exact,gaussian,5.0,20,50,8,c61285a8-c3dc-4e14-8b40-4b0b9e0e79b3,False,0.01,2.0,15.629322999971919,1.7175746997911816,"x0,x1,x2,x3",4,5.0,5.0,,,,,,,
0.5429242350906553,-0.5961920367987316,0.11917103463728207,-0.4158000327306759,0.915042661577232,0.0,2.515259513321469,0.4422402682604485,122.94979663237629,2.4589959326475257,0.4422402682604485,51.93868408559846,51.93868408559846,0.0,moving_peaks,value,ts,exact,none,0.0,0,50,8,950c252b-4d74-4f62-b835-3ceae7af2846,True,0.01,2.0,16.473501100030262,2.9574997815819173,"x0,x1,x2,x3",4,0.2,0.5,,,,,,,
-0.38330469413929036,0.4638027324341527,0.24533266581753532,-0.2306041664937571,0.6894939170754301,20.0,2.515259513321469,0.4422402682604485,122.94979663237629,2.4589959326475257,0.4422402682604485,51.93868408559846,51.93868408559846,0.0,moving_peaks,value,ts,exact,none,0.0,20,50,8,950c252b-4d74-4f62-b835-3ceae7af2846,True,0.01,2.0,16.473501100030262,2.9574997815819173,"x0,x1,x2,x3",4,0.2,0.5,,,,,,,
0.5429242350906553,-0.5961920367987316,0.11917103463728207,-0.4158000327306759,0.915042661577232,0.0,1.7996282073127823,1.157871574269135,137.7734056931247,2.7554681138624937,1.157871574269135,58.476012085690094,58.476012085690094,0.0,moving_peaks,value,ts,exact,gaussian,0.05,0,50,8,dc581d37-1436-4ff7-b853-0b38605af763,False,0.01,2.0,16.58123519999208,2.9574997815819173,"x0,x1,x2,x3",4,0.05,0.05,,,,,,,
-0.3827134982524406,0.45147805194554547,0.24533266581753532,-0.22346013456289532,0.6785459467045479,20.0,2.2893227078527922,0.668177073729125,132.88542021260315,2.657708404252063,0.668177073729125,52.071508496006686,52.120075576853054,0.0,moving_peaks,value,ts,exact,gaussian,0.05,20,50,8,2f8a78f5-050a-4dde-979d-14fc04c21e60,False,0.01,2.0,17.449005100002978,2.9574997815819173,"x0,x1,x2,x3",4,0.05,0.05,,,,,,,
0.5429242350906553,-0.5961920367987316,0.11917103463728207,-0.4158000327306759,0.915042661577232,0.0,2.2771422426769967,0.6803575389049206,124.23629536639639,2.484725907327928,0.6803575389049206,46.649721606624794,46.77691821926683,0.0,moving_peaks,value,ts,exact,gaussian,0.25,0,50,8,31aefdd3-8bce-4959-a0d7-1666f8c2f502,False,0.01,2.0,16.722999799996614,2.9574997815819173,"x0,x1,x2,x3",4,0.25,0.25,,,,,,,
-0.38412548002702834,0.4788430685039514,0.24533266581753532,-0.24039329892808603,0.7034345198715666,20.0,2.1818318611049823,0.775667920476935,129.43019189412882,2.5886038378825766,0.8483747282342677,49.43821737655678,50.2743456657661,0.0,moving_peaks,value,ts,exact,gaussian,0.25,20,50,8,6db0252b-a5a3-4b23-ae47-815fdd5901be,False,0.01,2.0,15.72318740002811,2.9574997815819173,"x0,x1,x2,x3",4,0.25,0.25,,,,,,,
0.5429242350906553,-0.5961920367987316,0.11917103463728207,-0.4158000327306759,0.915042661577232,0.0,2.3269057340158965,0.6305940475660208,152.97569325726457,3.0595138651452913,2.7460276822918814,42.173086911542484,129.82029906397588,0.0,moving_peaks,value,ts,exact,gaussian,1.0,0,50,8,a55b50b5-af72-4a8a-8300-1a7733428053,False,0.01,2.0,20.120628400007263,2.9574997815819173,"x0,x1,x2,x3",4,1.0,1.0,,,,,,,
-0.38884113873760096,0.5329044370436297,0.24533266581753532,-0.2870043729367866,0.76009486065722,20.0,2.1946362065099674,0.7628635750719499,151.09032323963925,3.021806464792785,2.9323910456898097,51.56337209973935,83.02152042369833,0.0,moving_peaks,value,ts,exact,gaussian,1.0,20,50,8,9ec8bb4f-691d-4619-8ab7-497d1c2a5099,False,0.01,2.0,17.674661999975797,2.9574997815819173,"x0,x1,x2,x3",4,1.0,1.0,,,,,,,
0.5429242350906553,-0.5961920367987316,0.11917103463728207,-0.4158000327306759,0.915042661577232,0.0,2.1520560418932395,0.8054437396886778,137.71136752516392,2.7542273505032786,2.41648340017832,57.23568004883291,120.30878513320731,0.0,moving_peaks,value,ts,exact,gaussian,5.0,0,50,8,bce38964-71f7-4192-baf8-4fdc9630abd8,False,0.01,2.0,18.24343669996597,2.9574997815819173,"x0,x1,x2,x3",4,5.0,5.0,,,,,,,
0.3483628155145437,0.27414310513052637,-0.5611375266946599,-0.10624420397420276,0.7229621346010723,20.0,1.7996282073127823,1.157871574269135,164.18368035606366,3.283673607121273,2.978137183988682,58.476012085690094,104.89278513353852,0.0,moving_peaks,value,ts,exact,gaussian,5.0,20,50,8,544adbb6-6f53-4a62-b5e7-06e90c875e6b,False,0.01,2.0,17.208099899988156,2.9574997815819173,"x0,x1,x2,x3",4,5.0,5.0,,,,,,,
0.4615766592144682,-0.11738033164170947,0.07237396805367724,,0.4817355559222733,0.0,3.0547735430562026,0.00012739909952497186,39.20176989090278,0.7840353978180556,0.00012739909952497186,31.373508893367177,31.373508893367177,0.0,hartmann_3,value,ts,exact,none,0.0,0,50,8,b720fc94-de15-4adb-af8f-b6f17e027950,True,0.01,2.0,16.741331199998967,3.0549009421557276,"x0,x1,x2",3,0.2,0.5,,,,,,,
0.0,-0.08528605761159325,0.08753156627429282,,0.12221082896928126,20.0,3.0547735430562026,0.00012739909952497186,39.20176989090278,0.7840353978180556,0.00012739909952497186,31.373508893367177,31.373508893367177,0.0,hartmann_3,value,ts,exact,none,0.0,20,50,8,b720fc94-de15-4adb-af8f-b6f17e027950,True,0.01,2.0,16.741331199998967,3.0549009421557276,"x0,x1,x2",3,0.2,0.5,,,,,,,
0.4615766592144682,-0.11738033164170947,0.07237396805367724,,0.4817355559222733,0.0,3.051329777512236,0.00357116464349172,40.06965097979155,0.801393019595831,0.011399864600664777,32.91116173539309,33.159110658464876,0.0,hartmann_3,value,ts,exact,gaussian,0.05,0,50,8,15eeac88-2bba-41ee-8e82-394c76dc6a53,False,0.01,2.0,17.39671639999142,3.0549009421557276,"x0,x1,x2",3,0.05,0.05,,,,,,,
0.0,-0.087042575518545,0.08825655636889385,,0.12395817720101142,20.0,3.04594428645233,0.008956655703397765,39.463768399141216,0.7892753679828243,0.010759947781645796,31.50564156502214,31.66544515744652,0.0,hartmann_3,value,ts,exact,gaussian,0.05,20,50,8,2d3f8fb1-8f85-44b0-adcd-962c0d474a42,False,0.01,2.0,18.037057799985632,3.0549009421557276,"x0,x1,x2",3,0.05,0.05,,,,,,,
0.4615766592144682,-0.11738033164170947,0.07237396805367724,,0.4817355559222733,0.0,3.031780721107801,0.02312022104792666,51.5157792639873,1.0303155852797459,0.0808715963780533,26.660231284219595,29.60444931760253,0.0,hartmann_3,value,ts,exact,gaussian,0.25,0,50,8,04cdfea3-36a0-48b3-8fa1-e93395179fd4,False,0.01,2.0,16.15747040003771,3.0549009421557276,"x0,x1,x2",3,0.25,0.25,,,,,,,
0.0,-0.08374320276937897,0.08672602307347577,,0.12055839700416712,20.0,3.0450280878219624,0.009872854333765169,42.154234483176964,0.8430846896635393,0.04419195267027742,31.67991403185942,32.44757773797946,0.0,hartmann_3,value,ts,exact,gaussian,0.25,20,50,8,ac11d596-2e97-409c-801b-bba1fb69a86a,False,0.01,2.0,15.989516499976162,3.0549009421557276,"x0,x1,x2",3,0.25,0.25,,,,,,,
0.4615766592144682,-0.11738033164170947,0.07237396805367724,,0.4817355559222733,0.0,3.0409047394574786,0.013996202698248972,102.32589315463193,2.0465178630926384,0.12324386872312099,44.522228639015594,54.00446278031065,0.0,hartmann_3,value,ts,exact,gaussian,1.0,0,50,8,991b9045-4cbb-4daf-a91d-23cb0f240783,False,0.01,2.0,15.194174700009171,3.0549009421557276,"x0,x1,x2",3,1.0,1.0,,,,,,,
0.0,-0.10032009954355248,0.07916060971301764,,0.12779094061225538,20.0,3.0333052571020525,0.02159568505367515,58.74949933684165,1.174989986736833,0.0973414161779842,31.804491750270593,36.757197646752175,0.0,hartmann_3,value,ts,exact,gaussian,1.0,20,50,8,b5187b70-cd9b-42e6-b74d-91994293d984,False,0.01,2.0,15.542570199992042,3.0549009421557276,"x0,x1,x2",3,1.0,1.0,,,,,,,
0.4615766592144682,-0.11738033164170947,0.07237396805367724,,0.4817355559222733,0.0,2.830962349649776,0.22393859250595138,142.8993226515348,2.857986453030696,4.0332859760547155,32.433052240167406,182.14519647928356,0.0,hartmann_3,value,ts,exact,gaussian,5.0,0,50,8,6ddace2d-3b4a-489b-92a9-2ba22cf1e2f5,False,0.01,2.0,11.852382999961264,3.0549009421557276,"x0,x1,x2",3,5.0,5.0,,,,,,,
1.0,0.3430050273933367,0.08571148881252855,,1.0606596570679794,20.0,3.0333052571020525,0.02159568505367515,129.09519703246988,2.5819039406493975,3.5878421489185053,31.804491750270593,132.5359498097459,0.0,hartmann_3,value,ts,exact,gaussian,5.0,20,50,8,4782e57e-cd18-46c7-899e-9607dc3c9c49,False,0.01,2.0,16.573721599997953,3.0549009421557276,"x0,x1,x2",3,5.0,5.0,,,,,,,
-1.396540561088619,-16.050905730070212,-2.496925791624121,0.5055746866998394,24.0579731692512,0.0,2.0834676156006213,0.541012716177991,274.8396309468322,5.496792618936643,0.541012716177991,32.36504719915488,32.36504719915488,0.0,levy_10,value,ts,exact,none,0.0,0,50,8,4e31a736-e1df-48c0-bce5-31bfd5e9c900,True,0.01,2.0,45.399238000041805,2.6244803317786123,"x0,x1,x2,x3,x4,x5,x6,x7,x8,x9,x10",11,0.2,0.5,-8.938246471039793,-2.7032860276193578,3.060419572852256,4.630467859382055,10.79808861174827,8.647818525716142,-1.822920662454277
2.668476341519354,-12.588964967042818,0.0,12.287350091820134,32.14546545790671,20.0,2.0834676156006213,0.541012716177991,274.8396309468322,5.496792618936643,0.541012716177991,32.36504719915488,32.36504719915488,0.0,levy_10,value,ts,exact,none,0.0,20,50,8,4e31a736-e1df-48c0-bce5-31bfd5e9c900,True,0.01,2.0,45.399238000041805,2.6244803317786123,"x0,x1,x2,x3,x4,x5,x6,x7,x8,x9,x10",11,0.2,0.5,2.0331976560153766,14.984400675863448,-2.596837646486408,-5.605475987671791,3.0715329357792456,6.362686114405383,20.0
-1.396540561088619,-16.050905730070212,-2.496925791624121,0.5055746866998394,24.0579731692512,0.0,2.2386749648210498,0.3858053669575625,234.92536681227048,4.6985073362454095,0.541012716177991,31.821821476883382,32.36504719915488,0.0,levy_10,value,ts,exact,gaussian,0.05,0,50,8,e0ad48cd-ed69-4534-b834-f2d59d85d004,False,0.01,2.0,45.40803629998118,2.6244803317786123,"x0,x1,x2,x3,x4,x5,x6,x7,x8,x9,x10",11,0.05,0.05,-8.938246471039793,-2.7032860276193578,3.060419572852256,4.630467859382055,10.79808861174827,8.647818525716142,-1.822920662454277
0.12895212626682895,-12.588964967042818,0.0,11.550527013717439,26.37476708874536,20.0,2.0834676156006213,0.541012716177991,284.5561859382962,5.691123718765924,0.541012716177991,32.36504719915488,32.36504719915488,0.0,levy_10,value,ts,exact,gaussian,0.05,20,50,8,14e00e98-7495-4798-b994-128760793074,False,0.01,2.0,47.46282890002476,2.6244803317786123,"x0,x1,x2,x3,x4,x5,x6,x7,x8,x9,x10",11,0.05,0.05,3.156852301162596,-2.210744618340775,6.919553806179071,-5.605475987671791,-16.928467064220754,-1.7522874882709503,4.462823587017601
-1.396540561088619,-16.050905730070212,-2.496925791624121,0.5055746866998394,24.0579731692512,0.0,2.1841503295954396,0.44033000218317264,226.1223930686507,4.5224478613730135,0.541012716177991,31.9119749861782,32.36504719915488,0.0,levy_10,value,ts,exact,gaussian,0.25,0,50,8,0bb230e0-b15a-47d7-b512-89ffe718a3b6,False,0.01,2.0,48.18741429998772,2.6244803317786123,"x0,x1,x2,x3,x4,x5,x6,x7,x8,x9,x10",11,0.25,0.25,-8.938246471039793,-2.7032860276193578,3.060419572852256,4.630467859382055,10.79808861174827,8.647818525716142,-1.822920662454277
0.1709989870501918,-12.588964967042818,0.0,11.648265340861236,26.456250173999205,20.0,2.278064658709343,0.3464156730692691,273.56734789898655,5.471346957979731,0.541012716177991,30.127181203404582,32.36504719915488,0.0,levy_10,value,ts,exact,gaussian,0.25,20,50,8,8aab2e7a-59d3-4205-ace3-b4fab736eae1,False,0.01,2.0,44.93168739997782,2.6244803317786123,"x0,x1,x2,x3,x4,x5,x6,x7,x8,x9,x10",11,0.25,0.25,3.156852301162596,-2.210744618340775,6.919553806179071,-5.605475987671791,-16.928467064220754,-1.9766275540271614,4.594024428268021
-1.396540561088619,-16.050905730070212,-2.496925791624121,0.5055746866998394,24.0579731692512,0.0,2.0834676156006213,0.541012716177991,288.36550019891916,5.767310003978383,0.541012716177991,32.36504719915488,32.36504719915488,0.0,levy_10,value,ts,exact,gaussian,1.0,0,50,8,251abeb1-c076-4123-8e68-719e754d00b8,False,0.01,2.0,44.973702599992976,2.6244803317786123,"x0,x1,x2,x3,x4,x5,x6,x7,x8,x9,x10",11,1.0,1.0,-8.938246471039793,-2.7032860276193578,3.060419572852256,4.630467859382055,10.79808861174827,8.647818525716142,-1.822920662454277
2.8617217480957224,-12.588964967042818,0.0,12.071782218023937,32.55259081085627,20.0,2.0834676156006213,0.541012716177991,289.4946629556107,5.789893259112214,2.887389818024181,32.36504719915488,66.38751517592463,0.0,levy_10,value,ts,exact,gaussian,1.0,20,50,8,1dffdef0-71ba-4d17-b208-bf0413617881,False,0.01,2.0,49.041304699960165,2.6244803317786123,"x0,x1,x2,x3,x4,x5,x6,x7,x8,x9,x10",11,1.0,1.0,2.6329362043679794,16.001530975032416,-1.7178345261135406,-5.605475987671791,3.0715329357792456,6.362686114405383,20.0
-1.396540561088619,-16.050905730070212,-2.496925791624121,0.5055746866998394,24.0579731692512,0.0,2.0834676156006213,0.541012716177991,267.04385262826736,5.3408770525653475,5.926515295461957,32.36504719915488,184.5923079775714,0.0,levy_10,value,ts,exact,gaussian,5.0,0,50,8,f5ed3144-9c87-4341-a984-eb8e518f5fc3,False,0.01,2.0,41.144623400003184,2.6244803317786123,"x0,x1,x2,x3,x4,x5,x6,x7,x8,x9,x10",11,5.0,5.0,-8.938246471039793,-2.7032860276193578,3.060419572852256,4.630467859382055,10.79808861174827,8.647818525716142,-1.822920662454277
5.645966723804384,-11.400382130015972,19.4403533851086,10.879728489379495,34.028267515703774,20.0,2.0834676156006213,0.541012716177991,298.04111470189355,5.960822294037871,4.117426660892653,32.36504719915488,139.18842543586015,0.0,levy_10,value,ts,exact,gaussian,5.0,20,50,8,e2eeab82-fab3-4c0e-a48f-32f026e0aadd,False,0.01,2.0,42.531452400027774,2.6244803317786123,"x0,x1,x2,x3,x4,x5,x6,x7,x8,x9,x10",11,5.0,5.0,-3.018821681138811,1.4863672274300903,-13.08044619382093,-3.0845371719252865,-7.71609403410728,-13.637313885594617,7.895065179841414
0.5429242350906553,-0.5961920367987316,0.11917103463728207,-0.4158000327306759,0.915042661577232,0.0,1.2903684569723168,6.720826707162786e-06,15.054310501103433,0.30108621002206865,6.720826707162786e-06,4.353828166059204,4.353828166059204,0.0,steering_law,value,ts,exact,none,0.0,0,50,8,05d4db19-51de-48c6-889b-c1a951fa80e6,True,0.01,2.0,21.465629999991506,1.290375177799024,"x0,x1,x2,x3",4,0.2,0.5,,,,,,,
0.06314848933118665,0.0,-0.2132084616010692,0.0,0.22236362068266832,20.0,1.2903684569723168,6.720826707162786e-06,15.054310501103433,0.30108621002206865,6.720826707162786e-06,4.353828166059204,4.353828166059204,0.0,steering_law,value,ts,exact,none,0.0,20,50,8,05d4db19-51de-48c6-889b-c1a951fa80e6,True,0.01,2.0,21.465629999991506,1.290375177799024,"x0,x1,x2,x3",4,0.2,0.5,,,,,,,
0.5429242350906553,-0.5961920367987316,0.11917103463728207,-0.4158000327306759,0.915042661577232,0.0,1.2903660166776219,9.161121402145866e-06,14.685381568984699,0.29370763137969397,9.161121402145866e-06,4.955884887394923,6.15447166508676,0.0,steering_law,value,ts,exact,gaussian,0.05,0,50,8,116e8586-4159-4b85-9124-00403a2e8a10,False,0.01,2.0,18.988001699966844,1.290375177799024,"x0,x1,x2,x3",4,0.05,0.05,,,,,,,
0.19074587838456988,0.0,-0.20013386997346427,0.0,0.2764734273510867,20.0,1.2903581083768496,1.7069422174387228e-05,11.206227966354078,0.22412455932708156,0.0034439641519552477,4.379708707698506,4.434623439967427,0.0,steering_law,value,ts,exact,gaussian,0.05,20,50,8,e453e66d-f2e0-4e63-8221-ef597c50dbc3,False,0.01,2.0,19.409804399998393,1.290375177799024,"x0,x1,x2,x3",4,0.05,0.05,,,,,,,
0.5429242350906553,-0.5961920367987316,0.11917103463728207,-0.4158000327306759,0.915042661577232,0.0,1.2812889789604374,0.009086198838586634,23.121843675887057,0.46243687351774115,0.04590010156925972,6.2158384836413205,10.897258909494282,0.0,steering_law,value,ts,exact,gaussian,0.25,0,50,8,ee6e259c-2a23-4ba1-b2ec-30f87aa6ca99,False,0.01,2.0,19.956890799978282,1.290375177799024,"x0,x1,x2,x3",4,0.25,0.25,,,,,,,
0.0,0.0,-0.2042043669631627,0.0,0.2042043669631627,20.0,1.2894208740682802,0.0009543037307437885,11.718923959115472,0.23437847918230945,0.009145454167431843,4.387669903652653,4.659145893850315,0.0,steering_law,value,ts,exact,gaussian,0.25,20,50,8,26326332-a8b5-46e0-b4ba-e6f1ce2a3a29,False,0.01,2.0,17.79101579997223,1.290375177799024,"x0,x1,x2,x3",4,0.25,0.25,,,,,,,
0.5429242350906553,-0.5961920367987316,0.11917103463728207,-0.4158000327306759,0.915042661577232,0.0,1.1422302592235418,0.14814491857548218,44.65971442009621,0.8931942884019242,0.4281808091295918,12.361475171440901,28.970425391301593,0.0,steering_law,value,ts,exact,gaussian,1.0,0,50,8,341c790a-632d-4ec3-aa84-db7796ff01fb,False,0.01,2.0,14.85441589995753,1.290375177799024,"x0,x1,x2,x3",4,1.0,1.0,,,,,,,
0.0,0.19279711914835965,0.0,0.0,0.19279711914835965,20.0,1.2888150175336794,0.0015601602653445568,20.68757546538863,0.4137515093077726,0.0743879088026993,4.392213827662159,7.031880924717763,0.0,steering_law,value,ts,exact,gaussian,1.0,20,50,8,dccc3ee9-298b-41e8-92ac-ba40176d0dc0,False,0.01,2.0,15.241291899990756,1.290375177799024,"x0,x1,x2,x3",4,1.0,1.0,,,,,,,
0.5429242350906553,-0.5961920367987316,0.11917103463728207,-0.4158000327306759,0.915042661577232,0.0,1.173653100898272,0.11672207690075198,66.8205575795024,1.336411151590048,1.371430338175854,10.171677953583318,75.49217729141597,0.0,steering_law,value,ts,exact,gaussian,5.0,0,50,8,3f99dc86-0b82-4f7e-b2c2-cc066cb2c3ad,False,0.01,2.0,18.37451009999495,1.290375177799024,"x0,x1,x2,x3",4,5.0,5.0,,,,,,,
0.448176488767202,0.0,-1.0,-0.49649177956631485,1.2030653566039644,20.0,1.2888150175336794,0.0015601602653445568,59.93879121297925,1.198775824259585,0.17399023062096752,4.392213827662159,10.210966844904851,0.0,steering_law,value,ts,exact,gaussian,5.0,20,50,8,95163afa-5d7f-4a3f-aea6-3dad1da198a5,False,0.01,2.0,17.613738999993075,1.290375177799024,"x0,x1,x2,x3",4,5.0,5.0,,,,,,,
-11.826665744639968,757.7045039534485,-691.8724987007575,-408.34329934880407,1528.9105517963656,0.0,2.734808204051969,0.01904761160700197,90.00899076251523,1.8001798152503046,0.01904761160700197,51.63618754936341,51.63618754936341,0.0,griewank,value,ts,exact,none,0.0,0,50,9,1e31e524-4da2-4a88-aa3c-9b916f0cad87,True,0.01,2.0,25.461942699970677,2.7538558156589708,"x0,x1,x2,x3,x4,x5",6,0.2,0.5,-277.3563631515326,-1020.27110774448,,,,,
550.3906284520751,139.49148183345,-11.182430116242784,274.68373951019777,635.4766409615797,20.0,2.734808204051969,0.01904761160700197,90.00899076251523,1.8001798152503046,0.01904761160700197,51.63618754936341,51.63618754936341,0.0,griewank,value,ts,exact,none,0.0,20,50,9,1e31e524-4da2-4a88-aa3c-9b916f0cad87,True,0.01,2.0,25.461942699970677,2.7538558156589708,"x0,x1,x2,x3,x4,x5",6,0.2,0.5,-38.37747303602208,66.28581963443733,,,,,
-11.826665744639968,757.7045039534485,-691.8724987007575,-408.34329934880407,1528.9105517963656,0.0,2.717342961933116,0.036512853725854555,77.73816475408307,1.5547632950816614,0.07818344304422453,44.92401012523723,45.35765291509403,0.0,griewank,value,ts,exact,gaussian,0.05,0,50,9,9efcfdcb-e0b1-4226-babe-0b74d4797afc,False,0.01,2.0,22.388826399983373,2.7538558156589708,"x0,x1,x2,x3,x4,x5",6,0.05,0.05,-277.3563631515326,-1020.27110774448,,,,,
550.3906284520751,139.395129944882,-10.873274832965592,274.68373951019777,635.3920011228064,20.0,2.726908283961564,0.026947531697406824,90.62816541126679,1.8125633082253358,0.04777015841829968,51.81577936392657,52.85498284363913,0.0,griewank,value,ts,exact,gaussian,0.05,20,50,9,f7ad6961-0413-4305-b764-85dd6794f36f,False,0.01,2.0,24.74351509998087,2.7538558156589708,"x0,x1,x2,x3,x4,x5",6,0.05,0.05,-38.19680102023808,65.83136399577737,,,,,
-11.826665744639968,757.7045039534485,-691.8724987007575,-408.34329934880407,1528.9105517963656,0.0,2.683312893197466,0.07054292246150462,119.86650759654269,2.397330151930854,0.08509419431345933,71.19942661252117,74.63404990619588,0.0,griewank,value,ts,exact,gaussian,0.25,0,50,9,756f7ca8-432d-4805-9b5a-d3ace53d542d,False,0.01,2.0,22.02883289998863,2.7538558156589708,"x0,x1,x2,x3,x4,x5",6,0.25,0.25,-277.3563631515326,-1020.27110774448,,,,,
550.3906284520751,141.2587191825616,-13.454372124155384,274.68373951019777,636.4212420535526,20.0,2.7343983755913874,0.01945744006758332,88.79127221666445,1.775825444333289,0.09619824703157809,50.05569913552613,50.64927774753911,0.0,griewank,value,ts,exact,gaussian,0.25,20,50,9,5d9bfaee-c3c7-4081-be39-d17858a313b0,False,0.01,2.0,23.43706199998269,2.7538558156589708,"x0,x1,x2,x3,x4,x5",6,0.25,0.25,-40.395710457316845,69.88660386730689,,,,,
-11.826665744639968,757.7045039534485,-691.8724987007575,-408.34329934880407,1528.9105517963656,0.0,1.129470640040869,1.6243851756181018,202.512136902154,4.05024273804308,3.0057699526112254,104.46937111290617,150.41135562036004,0.0,griewank,value,ts,exact,gaussian,1.0,0,50,9,5a3124bc-a112-41cc-adb0-8a88dd2deb69,False,0.01,2.0,23.205615099985152,2.7538558156589708,"x0,x1,x2,x3,x4,x5",6,1.0,1.0,-277.3563631515326,-1020.27110774448,,,,,
550.3906284520751,289.76127018554064,-6.49647385555501,-645.8040808163903,964.5216207276958,20.0,1.6427743957898984,1.1110814198690724,164.53637363791444,3.290727472758289,1.8256711568275792,78.91529425529464,96.57528341673995,0.0,griewank,value,ts,exact,gaussian,1.0,20,50,9,0e4cd194-ac72-4789-ba5e-a8a066e6f1dc,False,0.01,2.0,22.438239500042982,2.7538558156589708,"x0,x1,x2,x3,x4,x5",6,1.0,1.0,-81.1489348637807,346.0061483017146,,,,,
-11.826665744639968,757.7045039534485,-691.8724987007575,-408.34329934880407,1528.9105517963656,0.0,1.7828055933598679,0.9710502222991029,217.24618563236885,4.344923712647377,3.51116924984494,114.05723720511332,177.2109370130579,0.0,griewank,value,ts,exact,gaussian,5.0,0,50,9,94277e59-dc8d-4523-a41c-3ffc32c810cb,False,0.01,2.0,22.577374000044074,2.7538558156589708,"x0,x1,x2,x3,x4,x5",6,5.0,5.0,-277.3563631515326,-1020.27110774448,,,,,
-177.11940457244475,-255.21685798730752,-108.78927013986188,-925.3162604898023,1087.7771949903781,20.0,1.6427743957898984,1.1110814198690724,203.08018492833827,4.061603698566765,5.136854736937293,78.91529425529464,176.89117671324018,0.0,griewank,value,ts,exact,gaussian,5.0,20,50,9,68ac3408-3c57-47fb-9eab-1104604795d6,False,0.01,2.0,24.495896000007633,2.7538558156589708,"x0,x1,x2,x3,x4,x5",6,5.0,5.0,-73.46621342280298,-461.85465909206124,,,,,
-1.387571169298674,5.65706620262657,2.3152094921819053,1.2663319151572532,6.3946495824872,0.0,0.7611996872343969,0.003024196224062914,25.478183568779826,0.5095636713755965,0.003024196224062914,0.3719236803021209,0.3719236803021209,0.0,powell,value,ts,exact,none,0.0,0,50,9,83c58e29-94dc-4c57-bc4b-80c50a1f2771,True,0.01,2.0,15.619477499974892,0.7642238834584598,"x0,x1,x2,x3",4,0.2,0.5,,,,,,,
-5.522444328883807,-5.921493444983186,-4.893460988456771,-2.303704762128918,9.737273338116967,20.0,0.7611996872343969,0.003024196224062914,25.478183568779826,0.5095636713755965,0.003024196224062914,0.3719236803021209,0.3719236803021209,0.0,powell,value,ts,exact,none,0.0,20,50,9,83c58e29-94dc-4c57-bc4b-80c50a1f2771,True,0.01,2.0,15.619477499974892,0.7642238834584598,"x0,x1,x2,x3",4,0.2,0.5,,,,,,,
-1.387571169298674,5.65706620262657,2.3152094921819053,1.2663319151572532,6.3946495824872,0.0,0.7586587401799333,0.00556514327852653,26.830483295640466,0.5366096659128093,0.014703825866558162,0.4976664524569737,2.0623390362632508,0.0,powell,value,ts,exact,gaussian,0.05,0,50,9,0ad77953-1a58-47c2-a8bc-0484e02dc8f9,False,0.01,2.0,14.743063699977938,0.7642238834584598,"x0,x1,x2,x3",4,0.05,0.05,,,,,,,
-5.523252923575479,-5.921814074344882,-4.891535254181833,-2.3061636458791286,9.737541409071001,20.0,0.7577354965463258,0.006488386912134048,21.767930092385647,0.43535860184771297,0.006488386912134048,0.43085821154419524,0.4449720542212571,0.0,powell,value,ts,exact,gaussian,0.05,20,50,9,308c4b1c-d9d3-4511-a067-3d6825453bc7,False,0.01,2.0,15.504343300010078,0.7642238834584598,"x0,x1,x2,x3",4,0.05,0.05,,,,,,,
-1.387571169298674,5.65706620262657,2.3152094921819053,1.2663319151572532,6.3946495824872,0.0,0.7568505943382996,0.00737328912016022,40.02264063672876,0.8004528127345751,0.3673614415740291,0.48324892353593996,13.935137434825823,0.0,powell,value,ts,exact,gaussian,0.25,0,50,9,2d473f2c-879c-465b-8d25-20f73aab6905,False,0.01,2.0,15.398266900039744,0.7642238834584598,"x0,x1,x2,x3",4,0.25,0.25,,,,,,,
-5.506787470575103,-5.912780339049093,-4.926138970643258,-2.2647552906007213,9.730449181220909,20.0,0.7588766497919486,0.005347233666511242,25.37845202356189,0.5075690404712379,0.14836168548029016,0.41553147316838707,4.4690726159112915,0.0,powell,value,ts,exact,gaussian,0.25,20,50,9,bc606e83-de4f-4982-aea2-06a9c47e2551,False,0.01,2.0,14.501102900016122,0.7642238834584598,"x0,x1,x2,x3",4,0.25,0.25,,,,,,,
-1.387571169298674,5.65706620262657,2.3152094921819053,1.2663319151572532,6.3946495824872,0.0,0.7639943587041593,0.0002295247543004919,61.387130959042224,1.2277426191808445,0.1712470785656408,0.4596139849128215,12.237845123444078,0.0,powell,value,ts,exact,gaussian,1.0,0,50,9,3d5195f4-f81c-486f-8670-3864f7fea914,False,0.01,2.0,15.118280299997423,0.7642238834584598,"x0,x1,x2,x3",4,1.0,1.0,,,,,,,
-0.4764913658334793,-3.974126165650046,-2.777633378829827,1.5530634652407,5.113509178291679,20.0,0.7551481941336495,0.009075689324810288,53.962303839610506,1.07924607679221,0.16592797533102754,0.4994217254801156,4.079852566756557,0.0,powell,value,ts,exact,gaussian,1.0,20,50,9,c3768a6a-67dc-429a-ab0a-d2de8ec4ba4e,False,0.01,2.0,16.085422399977688,0.7642238834584598,"x0,x1,x2,x3",4,1.0,1.0,,,,,,,
-1.387571169298674,5.65706620262657,2.3152094921819053,1.2663319151572532,6.3946495824872,0.0,0.7551481941336495,0.009075689324810288,87.16929438863909,1.7433858877727817,0.64157200182202,0.4994217254801156,58.20823853667314,0.0,powell,value,ts,exact,gaussian,5.0,0,50,9,3af00f47-cf65-4575-af72-0bd0fb2a7bb2,False,0.01,2.0,17.140686800004914,0.7642238834584598,"x0,x1,x2,x3",4,5.0,5.0,,,,,,,
-5.94943431661215,-3.401346947536819,-1.100718901852293,1.5530634652407,7.112560577820107,20.0,0.7628042769255522,0.0014196065329076246,53.176771650030304,1.0635354330006062,0.02531958900293918,0.3807524422056243,19.293122929805406,0.0,powell,value,ts,exact,gaussian,5.0,20,50,9,84285f4d-786e-43bb-b4e7-34290490e3e8,False,0.01,2.0,17.272382600000128,0.7642238834584598,"x0,x1,x2,x3",4,5.0,5.0,,,,,,,
-10.103984905684214,41.19349896170388,16.85884103107037,9.221147599082855,46.56441722643124,0.0,13.722836640990067,6.379610512863366,903.6325477839765,18.07265095567953,6.379610512863366,611.6458877218745,611.6458877218745,0.0,ackley,value,ts,exact,none,0.0,0,50,9,1f956df4-fa40-45c4-876a-d975e058f109,True,0.01,2.0,18.147358699992765,20.102447153853433,"x0,x1,x2,x3",4,0.2,0.5,,,,,,,
24.182047190224942,4.626941342897558,-5.114831693011922,5.58599116680499,25.759363211545878,20.0,13.722836640990067,6.379610512863366,903.6325477839765,18.07265095567953,6.379610512863366,611.6458877218745,611.6458877218745,0.0,ackley,value,ts,exact,none,0.0,20,50,9,1f956df4-fa40-45c4-876a-d975e058f109,True,0.01,2.0,18.147358699992765,20.102447153853433,"x0,x1,x2,x3",4,0.2,0.5,,,,,,,
-10.103984905684214,41.19349896170388,16.85884103107037,9.221147599082855,46.56441722643124,0.0,13.309850515950645,6.792596637902788,893.2692789331934,17.86538557866387,6.792596637902788,643.33709224157,643.33709224157,0.0,ackley,value,ts,exact,gaussian,0.05,0,50,9,bf9dc113-275b-4006-b1f5-13e8f72922c3,False,0.01,2.0,16.268105800030753,20.102447153853433,"x0,x1,x2,x3",4,0.05,0.05,,,,,,,
-18.492039801389787,15.754895108276155,24.19798302776463,26.099606061954585,43.09180983771939,20.0,11.967293959649298,8.135153194204134,925.0701907171219,18.50140381434244,8.135153194204134,624.073133981959,624.073133981959,0.0,ackley,value,ts,exact,gaussian,0.05,20,50,9,48045158-fb64-4d8e-b893-ab1f503d5817,False,0.01,2.0,17.24561830004677,20.102447153853433,"x0,x1,x2,x3",4,0.05,0.05,,,,,,,
-10.103984905684214,41.19349896170388,16.85884103107037,9.221147599082855,46.56441722643124,0.0,13.028241401176867,7.074205752676566,902.2938081187348,18.045876162374697,7.074205752676566,660.6899762930286,661.1164427037384,0.0,ackley,value,ts,exact,gaussian,0.25,0,50,9,d426175c-8664-43e6-88f2-85d11d67d1a4,False,0.01,2.0,15.941136799985543,20.102447153853433,"x0,x1,x2,x3",4,0.25,0.25,,,,,,,
-15.316274508435214,-1.683693514571253,-3.0621735003084183,-2.126047473614358,15.853077716166183,20.0,16.295888233447567,3.806558920405866,893.3353392134842,17.866706784269685,3.806558920405866,535.2435303435393,535.2435303435393,0.0,ackley,value,ts,exact,gaussian,0.25,20,50,9,81e4901d-2277-4771-800c-8c8c10589d09,False,0.01,2.0,17.230086800002027,20.102447153853433,"x0,x1,x2,x3",4,0.25,0.25,,,,,,,
-10.103984905684214,41.19349896170388,16.85884103107037,9.221147599082855,46.56441722643124,0.0,6.094291930862048,14.008155222991384,992.4925130472552,19.849850260945104,14.230266484192214,871.0696276324913,895.6631852056646,0.0,ackley,value,ts,exact,gaussian,1.0,0,50,9,1d4a7c1b-eb4e-47f8-8557-279e90efc564,False,0.01,2.0,15.718545800016727,20.102447153853433,"x0,x1,x2,x3",4,1.0,1.0,,,,,,,
-1.7716220233275926,-12.357048952714159,2.885477950674402,0.32420734056420386,12.816645302762236,20.0,14.231377643787797,5.871069510065636,895.5287021041016,17.910574042082033,5.871069510065636,642.0981139667124,645.4343806640528,0.0,ackley,value,ts,exact,gaussian,1.0,20,50,9,6025f2d1-cb81-4e0e-8cdd-100877ec3277,False,0.01,2.0,16.973668799968436,20.102447153853433,"x0,x1,x2,x3",4,1.0,1.0,,,,,,,
-10.103984905684214,41.19349896170388,16.85884103107037,9.221147599082855,46.56441722643124,0.0,1.4431246681209895,18.659322485732442,1025.576625167398,20.51153250334796,20.273756746526622,937.3622222687928,1012.6306762587201,0.0,ackley,value,ts,exact,gaussian,5.0,0,50,9,8db9998b-c01a-4ad0-9363-cf2231e91d29,False,0.01,2.0,18.02019619999919,20.102447153853433,"x0,x1,x2,x3",4,5.0,5.0,,,,,,,
31.180257315713426,12.239578098849993,7.127039321760855,26.099606061954585,43.05809847630398,20.0,7.758802224202423,12.34364492965101,995.0314669059964,19.900629338119927,12.34364492965101,721.3545336064025,721.3545336064025,0.0,ackley,value,ts,exact,gaussian,5.0,20,50,9,4356c261-f9ec-45fd-b47b-0b99c39e2444,False,0.01,2.0,18.8331117000198,20.102447153853433,"x0,x1,x2,x3",4,5.0,5.0,,,,,,,
0.14178295579033495,1.8019435304756724,0.9898827924410405,-2.359167531538711,3.252683147508541,0.0,2.4091302480057357,5.638590918683242,414.43672615501487,8.288734523100297,5.638590918683242,311.6815702075661,311.6815702075661,0.0,michalewicz,value,ts,exact,none,0.0,0,50,9,8a560d3a-5440-4de0-9e25-690e728d3f2e,True,0.01,2.0,20.67422779998742,8.047721166688978,"x0,x1,x2,x3,x4",5,0.2,0.5,-0.8759596907808993,,,,,,
0.0,1.3947363899944991,1.9563691735517517,1.4173557023086427,3.0124536384544065,20.0,2.4091302480057357,5.638590918683242,414.43672615501487,8.288734523100297,5.638590918683242,311.6815702075661,311.6815702075661,0.0,michalewicz,value,ts,exact,none,0.0,20,50,9,8a560d3a-5440-4de0-9e25-690e728d3f2e,True,0.01,2.0,20.67422779998742,8.047721166688978,"x0,x1,x2,x3,x4",5,0.2,0.5,-1.1372377922720975,,,,,,
0.14178295579033495,1.8019435304756724,0.9898827924410405,-2.359167531538711,3.252683147508541,0.0,5.1960446014340125,2.851676565254966,381.3521795071985,7.627043590143971,2.851676565254966,282.28883342947995,282.28883342947995,0.0,michalewicz,value,ts,exact,gaussian,0.05,0,50,9,9c78d127-c763-4bd2-9d4c-c04e1eb1ff07,False,0.01,2.0,21.66425850003725,8.047721166688978,"x0,x1,x2,x3,x4",5,0.05,0.05,-0.8759596907808993,,,,,,
0.0,1.3947363899944991,1.9577353613133233,1.4165632354272375,3.0126965182248355,20.0,2.4596519693592467,5.588069197329732,406.9949439524248,8.139898879048497,5.588069197329732,326.2812109491238,326.2812109491238,0.0,michalewicz,value,ts,exact,gaussian,0.05,20,50,9,fbdd272a-6bbc-42f4-85eb-a01741caa79e,False,0.01,2.0,24.08618420001585,8.047721166688978,"x0,x1,x2,x3,x4",5,0.05,0.05,-1.1365172979099214,,,,,,
0.14178295579033495,1.8019435304756724,0.9898827924410405,-2.359167531538711,3.252683147508541,0.0,3.7959239960654454,4.251797170623533,403.5818909016312,8.071637818032624,4.251797170623533,294.5697423912158,310.6715892631624,0.0,michalewicz,value,ts,exact,gaussian,0.25,0,50,9,5fbc3da8-a4ac-4cd3-97a3-c4d191c2cf94,False,0.01,2.0,22.863740900007542,8.047721166688978,"x0,x1,x2,x3,x4",5,0.25,0.25,-0.8759596907808993,,,,,,
0.0,1.3947363899944991,1.9363216325373864,1.4245077075577677,3.006425476512256,20.0,1.8732160905243336,6.174505076164644,410.58018194237656,8.211603638847532,6.174505076164644,329.74151017971616,329.74151017971616,0.0,michalewicz,value,ts,exact,gaussian,0.25,20,50,9,3793bd32-0a37-4ba7-8b13-6d3ddfafbad5,False,0.01,2.0,21.78923669998767,8.047721166688978,"x0,x1,x2,x3,x4",5,0.25,0.25,-1.146621504561694,,,,,,
0.14178295579033495,1.8019435304756724,0.9898827924410405,-2.359167531538711,3.252683147508541,0.0,1.8630877940919295,6.184633372597049,406.00715448433084,8.120143089686616,7.116426386040221,308.2142035570012,351.61449277918786,0.0,michalewicz,value,ts,exact,gaussian,1.0,0,50,9,7c1a6b6c-16c8-443f-9c85-c8f0f5a909f4,False,0.01,2.0,20.906590799975675,8.047721166688978,"x0,x1,x2,x3,x4",5,1.0,1.0,-0.8759596907808993,,,,,,
-1.691321313295241,-1.2792519535164133,-0.25335682077828625,2.7384244306397596,3.4785128587076923,20.0,2.552249344817001,5.495471821871977,398.2071121722034,7.964142243444067,6.068701323306352,316.0746587403931,326.82951054873917,0.0,michalewicz,value,ts,exact,gaussian,1.0,20,50,9,281c7cd9-007c-4cc1-a9e5-420baf03588b,False,0.01,2.0,20.976077700033784,8.047721166688978,"x0,x1,x2,x3,x4",5,1.0,1.0,0.19960040544270718,,,,,,
0.14178295579033495,1.8019435304756724,0.9898827924410405,-2.359167531538711,3.252683147508541,0.0,3.261884899260573,4.785836267428405,416.52581493225136,8.330516298645028,7.579130348538903,288.5340511321008,372.6915568492676,0.0,michalewicz,value,ts,exact,gaussian,5.0,0,50,9,168fb208-d1f9-4f32-90ed-1cc78d64e9bd,False,0.01,2.0,21.221780899970327,8.047721166688978,"x0,x1,x2,x3,x4",5,5.0,5.0,-0.8759596907808993,,,,,,
-0.5668629077586291,1.3947363899944991,1.054264235543822,3.141592653589793,4.197849256560804,20.0,1.3922959167735616,6.6554252499154165,412.28995103506645,8.245799020701329,9.101535962764954,337.9325989181334,388.78443409521367,0.0,michalewicz,value,ts,exact,gaussian,5.0,20,50,9,71a5c5e8-80ab-48f1-a7d9-36e4b9ea4d59,False,0.01,2.0,22.016492199967615,8.047721166688978,"x0,x1,x2,x3,x4",5,5.0,5.0,-2.091467845223656,,,,,,
-154.17457436651932,628.5629114029522,257.24549913132273,140.70354612858364,710.5166202763555,0.0,2.7485478000206873,1.5798425717581646,207.74048212853953,4.1548096425707906,1.5798425717581646,79.23077513638678,79.23077513638678,0.0,schwefel,value,ts,exact,none,0.0,0,50,9,4a326602-bfdf-4935-833b-e8c58e1416fc,True,0.01,2.0,17.806736099999398,4.328390371778852,"x0,x1,x2,x3",4,0.2,0.5,,,,,,,
325.7669876358568,352.62564108871845,545.2352302020837,478.1444199633304,869.6967952005797,20.0,2.7485478000206873,1.5798425717581646,207.74048212853953,4.1548096425707906,1.5798425717581646,79.23077513638678,79.23077513638678,0.0,schwefel,value,ts,exact,none,0.0,20,50,9,4a326602-bfdf-4935-833b-e8c58e1416fc,True,0.01,2.0,17.806736099999398,4.328390371778852,"x0,x1,x2,x3",4,0.2,0.5,,,,,,,
-154.17457436651932,628.5629114029522,257.24549913132273,140.70354612858364,710.5166202763555,0.0,2.7485478000206873,1.5798425717581646,224.25092236018537,4.485018447203707,1.5798425717581646,79.23077513638678,79.23077513638678,0.0,schwefel,value,ts,exact,gaussian,0.05,0,50,9,118c048b-60d4-4383-9c69-7ae54b54b380,False,0.01,2.0,20.237233399995603,4.328390371778852,"x0,x1,x2,x3",4,0.05,0.05,,,,,,,
325.77940059500384,352.632369615002,545.2488207894462,478.14757999828157,869.7144305936438,20.0,2.7485478000206873,1.5798425717581646,211.15011462169844,4.223002292433969,1.5798425717581646,79.23077513638678,79.23077513638678,0.0,schwefel,value,ts,exact,gaussian,0.05,20,50,9,7394f235-91f5-4cc2-811e-80f8268f6ca8,False,0.01,2.0,19.87555679999059,4.328390371778852,"x0,x1,x2,x3",4,0.05,0.05,,,,,,,
-154.17457436651932,628.5629114029522,257.24549913132273,140.70354612858364,710.5166202763555,0.0,2.7485478000206873,1.5798425717581646,218.3471697488766,4.3669433949775325,1.5798425717581646,79.23077513638678,79.23077513638678,0.0,schwefel,value,ts,exact,gaussian,0.25,0,50,9,04d535b7-06db-42cc-a2a5-7755b91cb5f9,False,0.01,2.0,16.93781689996831,4.328390371778852,"x0,x1,x2,x3",4,0.25,0.25,,,,,,,
325.80533687422,352.8434377319746,545.2857016738508,478.0665858667155,869.7883455522058,20.0,2.7485478000206873,1.5798425717581646,204.54446477885418,4.0908892955770835,1.5798425717581646,79.23077513638678,79.23077513638678,0.0,schwefel,value,ts,exact,gaussian,0.25,20,50,9,e64c39df-03a4-4d22-aa67-c6bccfd0e806,False,0.01,2.0,18.53046410001116,4.328390371778852,"x0,x1,x2,x3",4,0.25,0.25,,,,,,,
-154.17457436651932,628.5629114029522,257.24549913132273,140.70354612858364,710.5166202763555,0.0,2.7485478000206873,1.5798425717581646,212.46214976417275,4.249242995283455,3.9602674193599094,79.23077513638678,87.56226210299288,0.0,schwefel,value,ts,exact,gaussian,1.0,0,50,9,d05b78a5-c838-4eac-9157-9ac63f387dfd,False,0.01,2.0,19.813014000013936,4.328390371778852,"x0,x1,x2,x3",4,1.0,1.0,,,,,,,
328.70333388359023,355.6968467387212,547.7758275455337,476.4215050440779,872.6980784886116,20.0,3.2004475949593405,1.1279427768195114,212.73989023304702,4.2547978046609405,2.770258675633376,68.61112995532844,88.15889591545086,0.0,schwefel,value,ts,exact,gaussian,1.0,20,50,9,bf958a94-1d43-4a77-9423-5f413cbe071a,False,0.01,2.0,18.842243699997198,4.328390371778852,"x0,x1,x2,x3",4,1.0,1.0,,,,,,,
-154.17457436651932,628.5629114029522,257.24549913132273,140.70354612858364,710.5166202763555,0.0,2.7485478000206873,1.5798425717581646,221.8867365963148,4.437734731926295,3.255499473609486,79.23077513638678,172.3608102029925,0.0,schwefel,value,ts,exact,gaussian,5.0,0,50,9,9a53fa8e-41a3-41c9-a956-f8f3226f24ce,False,0.01,2.0,19.245612900005654,4.328390371778852,"x0,x1,x2,x3",4,5.0,5.0,,,,,,,
198.95952100739964,711.6628193337698,518.3603351116005,541.8478786816552,1052.7798535640793,20.0,2.7485478000206873,1.5798425717581646,212.3188923157652,4.246377846315304,5.276495992848949,79.23077513638678,170.28526191208124,0.0,schwefel,value,ts,exact,gaussian,5.0,20,50,9,3ca07953-9270-4532-acb3-f56298fd4080,False,0.01,2.0,21.812922000011895,4.328390371778852,"x0,x1,x2,x3",4,5.0,5.0,,,,,,,
-1.578747641513158,6.43648421276623,2.634193911104745,1.440804312356696,7.27569019162988,0.0,1.7927888018322402,1.8461502716058116,176.59227777626177,3.5318455555252353,1.8461502716058116,103.702352677889,103.702352677889,0.0,rastrigin,value,ts,exact,none,0.0,0,50,9,8cc5c6ae-332d-4179-bd01-b1cd49471221,True,0.01,2.0,15.5771363999811,3.638939073438052,"x0,x1,x2,x3",4,0.2,0.5,,,,,,,
-0.8070771173163704,-7.704231531411091,1.9738072638426436,2.6230438168012293,8.413253291238874,20.0,1.7927888018322402,1.8461502716058116,176.59227777626177,3.5318455555252353,1.8461502716058116,103.702352677889,103.702352677889,0.0,rastrigin,value,ts,exact,none,0.0,20,50,9,8cc5c6ae-332d-4179-bd01-b1cd49471221,True,0.01,2.0,15.5771363999811,3.638939073438052,"x0,x1,x2,x3",4,0.2,0.5,,,,,,,
-1.578747641513158,6.43648421276623,2.634193911104745,1.440804312356696,7.27569019162988,0.0,2.091127187759333,1.5478118856787186,191.5892701071763,3.831785402143526,1.5478118856787186,101.07656782538022,101.07656782538022,0.0,rastrigin,value,ts,exact,gaussian,0.05,0,50,9,8e36cd13-4c4b-4dee-8eca-7aedc41f8412,False,0.01,2.0,17.455418900004588,3.638939073438052,"x0,x1,x2,x3",4,0.05,0.05,,,,,,,
-0.8050420587523544,-7.7053029637057815,1.973391991391963,2.6237193411511677,8.414152697192629,20.0,1.524825712460925,2.114113360977127,184.57042001589443,3.6914084003178886,2.114113360977127,104.241586040005,104.241586040005,0.0,rastrigin,value,ts,exact,gaussian,0.05,20,50,9,8c3d7210-31f1-41f1-af9c-27ee89b83a2e,False,0.01,2.0,16.600941899989266,3.638939073438052,"x0,x1,x2,x3",4,0.05,0.05,,,,,,,
-1.578747641513158,6.43648421276623,2.634193911104745,1.440804312356696,7.27569019162988,0.0,2.0958086608632964,1.5431304125747554,193.00555157344965,3.860111031468993,1.5431304125747554,102.2431457205967,102.2431457205967,0.0,rastrigin,value,ts,exact,gaussian,0.25,0,50,9,40a1d9b0-3891-42ed-b5e4-1cb805595f09,False,0.01,2.0,18.085815400001593,3.638939073438052,"x0,x1,x2,x3",4,0.25,0.25,,,,,,,
-0.8305997734773714,-7.682085981471943,1.9683633593976133,2.6234414604675136,8.39411939524018,20.0,2.2105387245651382,1.4284003488729136,186.25496769760844,3.7250993539521686,1.7746019492213485,97.04159941291076,99.29190981517559,0.0,rastrigin,value,ts,exact,gaussian,0.25,20,50,9,550f72bb-30f4-41a4-84e7-015929a3eded,False,0.01,2.0,17.030358500021975,3.638939073438052,"x0,x1,x2,x3",4,0.25,0.25,,,,,,,
-1.578747641513158,6.43648421276623,2.634193911104745,1.440804312356696,7.27569019162988,0.0,3.1094187592983276,0.5295203141397242,159.15677222652923,3.1831354445305844,0.6010873116916899,55.44251795188708,67.05969724937307,0.0,rastrigin,value,ts,exact,gaussian,1.0,0,50,9,43e84c48-eaae-42aa-b13b-4c93843aaa6d,False,0.01,2.0,16.058054099965375,3.638939073438052,"x0,x1,x2,x3",4,1.0,1.0,,,,,,,
-4.210651812435797,-1.2215028263908276,8.965099425435387,2.8477602976709315,10.378073244171212,20.0,2.918419909919062,0.7205191635189898,182.82620301802532,3.6565240603605065,2.6547115558823604,79.8536875844876,107.42723388661975,0.0,rastrigin,value,ts,exact,gaussian,1.0,20,50,9,0bb1770f-cd35-442b-b3e0-00572e5aadce,False,0.01,2.0,16.20607240003301,3.638939073438052,"x0,x1,x2,x3",4,1.0,1.0,,,,,,,
-1.578747641513158,6.43648421276623,2.634193911104745,1.440804312356696,7.27569019162988,0.0,2.3898785259962154,1.2490605474418364,205.2324329854153,4.104648659708306,3.6450052003624616,100.3488483790962,220.8125360379554,0.0,rastrigin,value,ts,exact,gaussian,5.0,0,50,9,b8f3f780-9aa5-49e7-8eef-846861048fa5,False,0.01,2.0,17.28031150001334,3.638939073438052,"x0,x1,x2,x3",4,5.0,5.0,,,,,,,
-1.5545176646259091,-6.7213774991526565,8.965099425435387,3.5810574792621135,11.865513938867993,20.0,1.524825712460925,2.114113360977127,189.80184832026998,3.7960369664053997,3.496352667717876,104.241586040005,142.1281201090858,0.0,rastrigin,value,ts,exact,gaussian,5.0,20,50,9,8c33fe24-1f38-46c1-b1a5-6f22b78dc2d0,False,0.01,2.0,17.325576699979138,3.638939073438052,"x0,x1,x2,x3",4,5.0,5.0,,,,,,,
-0.15417457436651938,0.6285629114029522,0.2572454991313228,0.1407035461285836,0.7105166202763555,0.0,3.0593887562558817,0.0,14.31648983124158,0.2863297966248316,0.0,5.236036131101468,5.236036131101468,0.0,stevens,value,ts,exact,none,0.0,0,50,9,0773dcbc-1d13-4c0b-a7a8-ca63e16a94ed,True,0.01,2.0,13.587851700023748,3.0593887562558817,"x0,x1,x2,x3",4,0.2,0.5,,,,,,,
0.0,0.0,0.0,0.0,0.0,20.0,3.0593887562558817,0.0,14.31648983124158,0.2863297966248316,0.0,5.236036131101468,5.236036131101468,0.0,stevens,value,ts,exact,none,0.0,20,50,9,0773dcbc-1d13-4c0b-a7a8-ca63e16a94ed,True,0.01,2.0,13.587851700023748,3.0593887562558817,"x0,x1,x2,x3",4,0.2,0.5,,,,,,,
-0.15417457436651938,0.6285629114029522,0.2572454991313228,0.1407035461285836,0.7105166202763555,0.0,3.0593887562558817,0.0,14.414684304534209,0.2882936860906842,0.0,5.266192782973789,5.276615771216216,0.0,stevens,value,ts,exact,gaussian,0.05,0,50,9,be0149b6-665a-4f9d-934f-34954092c41f,False,0.01,2.0,15.416136800020467,3.0593887562558817,"x0,x1,x2,x3",4,0.05,0.05,,,,,,,
0.0,0.0,0.0,0.0,0.0,20.0,3.0593887562558817,0.0,14.31648983124158,0.2863297966248316,0.0,5.236036131101468,5.236036131101468,0.0,stevens,value,ts,exact,gaussian,0.05,20,50,9,e50fea61-6587-4079-b48e-7f9c061c571e,False,0.01,2.0,15.171633600024506,3.0593887562558817,"x0,x1,x2,x3",4,0.05,0.05,,,,,,,
-0.15417457436651938,0.6285629114029522,0.2572454991313228,0.1407035461285836,0.7105166202763555,0.0,3.0593887562558817,0.0,16.724973864329996,0.3344994772865999,0.0,5.232937934885394,5.243046313849511,0.0,stevens,value,ts,exact,gaussian,0.25,0,50,9,ad63cbe7-5d64-4e52-b591-0c13af8c78e7,False,0.01,2.0,15.499300399969798,3.0593887562558817,"x0,x1,x2,x3",4,0.25,0.25,,,,,,,
0.0,0.0,0.0,0.0,0.0,20.0,3.0593887562558817,0.0,14.98765361741625,0.299753072348325,0.0,5.236036131101468,5.236036131101468,0.0,stevens,value,ts,exact,gaussian,0.25,20,50,9,1094299e-e525-4b17-86ef-e9481c501e3b,False,0.01,2.0,15.586241299984977,3.0593887562558817,"x0,x1,x2,x3",4,0.25,0.25,,,,,,,
-0.15417457436651938,0.6285629114029522,0.2572454991313228,0.1407035461285836,0.7105166202763555,0.0,3.0593887562558817,0.0,87.40813473550172,1.7481626947100344,1.1421878740308002,4.949271910753279,38.45752842938826,0.0,stevens,value,ts,exact,gaussian,1.0,0,50,9,884daba1-b1a2-45d9-bc81-1c099495e573,False,0.01,2.0,15.769784100004472,3.0593887562558817,"x0,x1,x2,x3",4,1.0,1.0,,,,,,,
0.0,0.0,0.0,0.0,0.0,20.0,3.0593887562558817,0.0,45.64518219726298,0.9129036439452597,0.036785908680110335,5.236036131101468,15.958559020227097,0.0,stevens,value,ts,exact,gaussian,1.0,20,50,9,c3e77d6c-39ac-4394-b8f0-136f073b4527,False,0.01,2.0,15.020224999985658,3.0593887562558817,"x0,x1,x2,x3",4,1.0,1.0,,,,,,,
-0.15417457436651938,0.6285629114029522,0.2572454991313228,0.1407035461285836,0.7105166202763555,0.0,2.936732389644634,0.12265636661124768,151.6756751329054,3.033513502658108,2.381107905883769,12.258283210975126,104.68063904464798,0.0,stevens,value,ts,exact,gaussian,5.0,0,50,9,910cf38b-6253-4e50-afc5-4c2b5e0eaae6,False,0.01,2.0,17.665431200002786,3.0593887562558817,"x0,x1,x2,x3",4,5.0,5.0,,,,,,,
0.0,-0.5321614618489956,-1.0,-0.04997243834552789,1.133884062006102,20.0,3.0593887562558817,0.0,98.87871504087414,1.9775743008174829,2.450731021082124,5.236036131101468,57.681788175408414,0.0,stevens,value,ts,exact,gaussian,5.0,20,50,9,d8f28425-8dda-419d-b1dd-3041f0d02d86,False,0.01,2.0,17.100855299970135,3.0593887562558817,"x0,x1,x2,x3",4,5.0,5.0,,,,,,,
-2.31261861549779,9.428443671044283,3.8586824869698404,2.1105531919287532,10.657749304145332,0.0,1.0161404483784242,0.009482802192999573,33.161190792513146,0.6632238158502629,0.009482802192999573,3.2995148223247277,3.2995148223247277,0.0,rosenbrock,value,ts,exact,none,0.0,0,50,9,8fc8626a-57f9-4833-ae18-c6d55087c8ba,True,0.01,2.0,19.681463500019163,1.0256232505714238,"x0,x1,x2,x3",4,0.2,0.5,,,,,,,
0.7571375345477254,5.200279392117599,-6.90379367226839,15.0,17.328546680883456,20.0,1.0161404483784242,0.009482802192999573,33.161190792513146,0.6632238158502629,0.009482802192999573,3.2995148223247277,3.2995148223247277,0.0,rosenbrock,value,ts,exact,none,0.0,20,50,9,8fc8626a-57f9-4833-ae18-c6d55087c8ba,True,0.01,2.0,19.681463500019163,1.0256232505714238,"x0,x1,x2,x3",4,0.2,0.5,,,,,,,
-2.31261861549779,9.428443671044283,3.8586824869698404,2.1105531919287532,10.657749304145332,0.0,1.0184279399214893,0.007195310649934505,22.168751453592563,0.4433750290718513,0.014184204814683632,3.717815576912952,4.296080018358787,0.0,rosenbrock,value,ts,exact,gaussian,0.05,0,50,9,5fc04ca1-6cac-400a-b83d-8c2d2884e9cc,False,0.01,2.0,20.42214449995663,1.0256232505714238,"x0,x1,x2,x3",4,0.05,0.05,,,,,,,
0.7553659325143602,5.197044249938457,-6.90379367226839,15.0,17.32749877209849,20.0,1.0204152407137497,0.005208009857674112,22.343079717823684,0.4468615943564737,0.017989636257461195,3.296574666673326,3.495651904151055,0.0,rosenbrock,value,ts,exact,gaussian,0.05,20,50,9,237c3a5f-64dc-4309-bac0-135490fe603c,False,0.01,2.0,18.049764800001867,1.0256232505714238,"x0,x1,x2,x3",4,0.05,0.05,,,,,,,
-2.31261861549779,9.428443671044283,3.8586824869698404,2.1105531919287532,10.657749304145332,0.0,1.017890918719257,0.007732331852166707,40.91506847646608,0.8183013695293216,0.019042465224623273,3.8015231633250455,4.999647825725212,0.0,rosenbrock,value,ts,exact,gaussian,0.25,0,50,9,aa6c6bb0-7f76-44f6-b231-a9164f2cee69,False,0.01,2.0,17.842343299998902,1.0256232505714238,"x0,x1,x2,x3",4,0.25,0.25,,,,,,,
0.7743842586515384,5.244752164305673,-6.90379367226839,15.0,17.34270634342545,20.0,1.0127040070196636,0.012919243551760218,32.16833519972321,0.6433667039944642,0.08427181990572286,3.356216104744278,5.389764530832213,0.0,rosenbrock,value,ts,exact,gaussian,0.25,20,50,9,8df46d7c-5411-4c1c-94bf-2558581b01bb,False,0.01,2.0,16.534901400038507,1.0256232505714238,"x0,x1,x2,x3",4,0.25,0.25,,,,,,,
-2.31261861549779,9.428443671044283,3.8586824869698404,2.1105531919287532,10.657749304145332,0.0,1.0218145278596846,0.0038087227117391542,36.34141809968108,0.7268283619936216,0.5998384087799291,4.5523531395354535,10.381206359989333,0.0,rosenbrock,value,ts,exact,gaussian,1.0,0,50,9,3cd02ecf-c3e0-4623-8278-6aa15370ce23,False,0.01,2.0,14.705433399998583,1.0256232505714238,"x0,x1,x2,x3",4,1.0,1.0,,,,,,,
3.7159849492416566,14.04695948198863,-6.388122777175069,15.0,21.8388124092837,20.0,1.0247709487215448,0.0008523018498789448,45.282506420606786,0.9056501284121358,0.29007002798159665,3.060576033048187,7.171687031348118,0.0,rosenbrock,value,ts,exact,gaussian,1.0,20,50,9,039b225a-09a8-44ab-87e8-735a14d966a4,False,0.01,2.0,14.898317699960899,1.0256232505714238,"x0,x1,x2,x3",4,1.0,1.0,,,,,,,
-2.31261861549779,9.428443671044283,3.8586824869698404,2.1105531919287532,10.657749304145332,0.0,1.0199194640080151,0.0057037865634086415,85.65550418990141,1.7131100837980282,0.1772484282399276,3.629237917243699,31.85822596995483,0.0,rosenbrock,value,ts,exact,gaussian,5.0,0,50,9,a022595b-cae3-4765-ba1e-2d0fb7a94e73,False,0.01,2.0,19.579362499993294,1.0256232505714238,"x0,x1,x2,x3",4,5.0,5.0,,,,,,,
0.3991062686062854,14.04695948198863,7.287296095605989,8.274519952557922,17.86193498287866,20.0,1.0127040070196636,0.012919243551760218,67.99568749083042,1.3599137498166085,2.9568025629180577,3.356216104744278,61.16187980827176,0.0,rosenbrock,value,ts,exact,gaussian,5.0,20,50,9,417aefcb-98aa-48a5-8e64-d1d79b7438b0,False,0.01,2.0,17.302463400003035,1.0256232505714238,"x0,x1,x2,x3",4,5.0,5.0,,,,,,,
-0.15417457436651938,0.6285629114029522,0.2572454991313228,0.1407035461285836,0.7105166202763555,0.0,3.529983996609366,0.0054285471774928595,106.86266911269315,2.137253382253863,0.0054285471774928595,53.85048832370066,53.85048832370066,0.0,yerkes_dodson,value,ts,exact,none,0.0,0,50,9,95a93787-9b2f-4d63-81c8-dbd7b5a9e17d,True,0.01,2.0,19.796061000030022,3.5354125437868587,"x0,x1,x2,x3",4,0.2,0.5,,,,,,,
-0.013733872150838655,-0.0339995304730627,0.04731236462704336,-0.21828850285916768,0.22634689669563277,20.0,3.529983996609366,0.0054285471774928595,106.86266911269315,2.137253382253863,0.0054285471774928595,53.85048832370066,53.85048832370066,0.0,yerkes_dodson,value,ts,exact,none,0.0,20,50,9,95a93787-9b2f-4d63-81c8-dbd7b5a9e17d,True,0.01,2.0,19.796061000030022,3.5354125437868587,"x0,x1,x2,x3",4,0.2,0.5,,,,,,,
-0.15417457436651938,0.6285629114029522,0.2572454991313228,0.1407035461285836,0.7105166202763555,0.0,3.5158523460068047,0.019560197780053912,120.01451412566377,2.4002902825132755,0.019560197780053912,66.76423757546185,66.76423757546185,0.0,yerkes_dodson,value,ts,exact,gaussian,0.05,0,50,9,7c9c6a1f-5d8b-4f18-9317-86e66fb1aa7c,False,0.01,2.0,17.337031700008083,3.5354125437868587,"x0,x1,x2,x3",4,0.05,0.05,,,,,,,
-0.013319980732548253,-0.03384011484750765,0.046984825808167874,-0.21349835075145873,0.221611585638984,20.0,3.5213408756178026,0.014071668169056029,103.61083120433477,2.0722166240866953,0.04951513201045277,55.21136046440589,55.246553902702416,0.0,yerkes_dodson,value,ts,exact,gaussian,0.05,20,50,9,97616d84-18f8-4778-b154-195919f57e6f,False,0.01,2.0,18.062385400000494,3.5354125437868587,"x0,x1,x2,x3",4,0.05,0.05,,,,,,,
-0.15417457436651938,0.6285629114029522,0.2572454991313228,0.1407035461285836,0.7105166202763555,0.0,3.195390057640487,0.34002248614637187,135.3904335171816,2.707808670343632,0.34002248614637187,98.19767856339693,99.48386499413292,0.0,yerkes_dodson,value,ts,exact,gaussian,0.25,0,50,9,c94bd11b-1f81-4abf-9bd0-136adb347116,False,0.01,2.0,19.894411200017203,3.5354125437868587,"x0,x1,x2,x3",4,0.25,0.25,,,,,,,
-0.019817508872584655,-0.03644397289741036,0.05275679786399867,-0.28209349024904673,0.28996709085724537,20.0,3.4848541212869417,0.05055842249991693,96.75312713512521,1.9350625427025043,0.05055842249991693,51.8705016786518,52.71095641678812,0.0,yerkes_dodson,value,ts,exact,gaussian,0.25,20,50,9,408daa10-c82e-4856-a8ba-2ec06984d5dd,False,0.01,2.0,17.58366040000692,3.5354125437868587,"x0,x1,x2,x3",4,0.25,0.25,,,,,,,
-0.15417457436651938,0.6285629114029522,0.2572454991313228,0.1407035461285836,0.7105166202763555,0.0,2.8392310491501673,0.6961814946366913,146.1344628171302,2.922689256342604,0.7361765546509309,61.07886963718133,68.34377075424962,0.0,yerkes_dodson,value,ts,exact,gaussian,1.0,0,50,9,5adcb445-e47a-4166-9fa8-da8c49b4cc11,False,0.01,2.0,16.710380199947394,3.5354125437868587,"x0,x1,x2,x3",4,1.0,1.0,,,,,,,
-0.08732082511270989,-0.07589102466238057,0.1076716657920197,-1.0,1.0124117550370002,20.0,3.306122789512752,0.2292897542741068,120.63459848420091,2.412691969684018,1.2551999623843697,56.807995345504146,89.28665687328301,0.0,yerkes_dodson,value,ts,exact,gaussian,1.0,20,50,9,d67ef7e4-1dfa-43c1-8def-3ad03d3f695a,False,0.01,2.0,17.827799499966204,3.5354125437868587,"x0,x1,x2,x3",4,1.0,1.0,,,,,,,
-0.15417457436651938,0.6285629114029522,0.2572454991313228,0.1407035461285836,0.7105166202763555,0.0,2.8613998997090433,0.6740126440778154,192.76790289136486,3.855358057827297,3.8590778767279126,103.95889316306186,184.89962974948986,0.0,yerkes_dodson,value,ts,exact,gaussian,5.0,0,50,9,ab70060f-2c8f-44d7-8f66-6c6ef12e0071,False,0.01,2.0,19.342340599978343,3.5354125437868587,"x0,x1,x2,x3",4,5.0,5.0,,,,,,,
-0.0025975644381244223,0.5075507664143377,0.10439719491269173,-1.0,1.1262829582899807,20.0,2.1088846075996894,1.4265279361871692,180.31499343593072,3.6062998687186143,3.29127781209981,86.14033080237417,150.86370874557846,0.0,yerkes_dodson,value,ts,exact,gaussian,5.0,20,50,9,1b5277d1-2779-4e1b-9318-b58523f0e9c2,False,0.01,2.0,15.792401899991091,3.5354125437868587,"x0,x1,x2,x3",4,5.0,5.0,,,,,,,
-0.009855554787200016,0.631420419961207,-0.5765604155839646,-0.3402860827906701,1.2740921264969713,0.0,6.897694857630838,1.0694691056610992,346.35780627558205,6.927156125511641,1.0694691056610992,268.4768167438828,268.4768167438828,0.0,hartmann_6,value,ts,exact,none,0.0,0,50,9,2fd6e049-bc28-436e-bdf6-fe52c7518d5d,True,0.01,2.0,23.7342622000142,7.967163963291937,"x0,x1,x2,x3,x4,x5",6,0.2,0.5,-0.2311303026262772,-0.8502259231204,,,,,
0.0,-0.9418460255706217,0.009651902920754851,0.007663144596604879,1.0059591731495374,20.0,6.897694857630838,1.0694691056610992,346.35780627558205,6.927156125511641,1.0694691056610992,268.4768167438828,268.4768167438828,0.0,hartmann_6,value,ts,exact,none,0.0,20,50,9,2fd6e049-bc28-436e-bdf6-fe52c7518d5d,True,0.01,2.0,23.7342622000142,7.967163963291937,"x0,x1,x2,x3,x4,x5",6,0.2,0.5,-0.34876212987441907,-0.0556148892912991,,,,,
-0.009855554787200016,0.631420419961207,-0.5765604155839646,-0.3402860827906701,1.2740921264969713,0.0,3.4962503220119427,4.470913641279994,377.34403479400316,7.546880695880064,4.470913641279994,336.91788108544785,337.0906621880924,0.0,hartmann_6,value,ts,exact,gaussian,0.05,0,50,9,dfbd1e0d-c5ea-4acd-bc76-dbb955d94e4e,False,0.01,2.0,23.90257269999711,7.967163963291937,"x0,x1,x2,x3,x4,x5",6,0.05,0.05,-0.2311303026262772,-0.8502259231204,,,,,
0.0,-0.9418460255706217,0.009622082854309322,0.007651110538264237,1.0059610506200152,20.0,6.479390078568183,1.4877738847237545,353.80529503022564,7.076105900604513,1.4877738847237545,304.9430540789074,304.9430540789074,0.0,hartmann_6,value,ts,exact,gaussian,0.05,20,50,9,909582ea-4a7c-48ee-9bee-d24a332dda5c,False,0.01,2.0,26.24774989997968,7.967163963291937,"x0,x1,x2,x3,x4,x5",6,0.05,0.05,-0.34876212987441907,-0.05565565807609835,,,,,
-0.009855554787200016,0.631420419961207,-0.5765604155839646,-0.3402860827906701,1.2740921264969713,0.0,6.97222713480867,0.9949368284832669,318.8544657781533,6.377089315563066,1.1638225640689823,216.53974934441882,218.0177148402513,0.0,hartmann_6,value,ts,exact,gaussian,0.25,0,50,9,eafe5e2e-c184-48c5-ad06-34730c432576,False,0.01,2.0,22.333536999998614,7.967163963291937,"x0,x1,x2,x3,x4,x5",6,0.25,0.25,-0.2311303026262772,-0.8502259231204,,,,,
0.0,-0.9418460255706217,0.00945897482025626,0.007806172806457151,1.0059498636452928,20.0,6.000230296294111,1.966933666997826,348.46751345063774,6.969350269012755,1.966933666997826,272.6964340362686,274.6087594735554,0.0,hartmann_6,value,ts,exact,gaussian,0.25,20,50,9,1e58499b-00ab-447a-aee0-5b6b349ff567,False,0.01,2.0,21.534627299988642,7.967163963291937,"x0,x1,x2,x3,x4,x5",6,0.25,0.25,-0.34876212987441907,-0.055459539411459424,,,,,
-0.009855554787200016,0.631420419961207,-0.5765604155839646,-0.3402860827906701,1.2740921264969713,0.0,2.4191005193053483,5.548063443986589,413.4993053257025,8.26998610651405,5.912747953143521,362.1147901815681,383.94363796598896,0.0,hartmann_6,value,ts,exact,gaussian,1.0,0,50,9,8023246a-b2f1-4f15-8f7f-0877e7511fca,False,0.01,2.0,26.520174400007818,7.967163963291937,"x0,x1,x2,x3,x4,x5",6,1.0,1.0,-0.2311303026262772,-0.8502259231204,,,,,
0.09166455543572842,-0.9418460255706217,-0.003861940641958661,0.0,0.9926692962214202,20.0,2.6794698273425928,5.287694135949344,407.3873830561641,8.147747661123281,5.287694135949344,333.5539695484415,333.5539695484415,0.0,hartmann_6,value,ts,exact,gaussian,1.0,20,50,9,ef240cfb-3309-4d67-8cd3-b86640d53bb8,False,0.01,2.0,25.964025599998422,7.967163963291937,"x0,x1,x2,x3,x4,x5",6,1.0,1.0,-0.27954861096633415,-0.10841431905239673,,,,,
-0.009855554787200016,0.631420419961207,-0.5765604155839646,-0.3402860827906701,1.2740921264969713,0.0,3.1317405913516567,4.83542337194028,419.8366757191034,8.396733514382069,8.540211567598869,266.1824014197166,419.9855984813458,0.0,hartmann_6,value,ts,exact,gaussian,5.0,0,50,9,17087ba8-360a-42fa-8371-c291f73fe4bc,False,0.01,2.0,23.29788109997753,7.967163963291937,"x0,x1,x2,x3,x4,x5",6,5.0,5.0,-0.2311303026262772,-0.8502259231204,,,,,
0.0,0.05815397442937831,0.303914920350306,0.0,0.6856784572953003,20.0,2.5871191739205215,5.380044789371416,413.98548688260615,8.279709737652123,8.482285199642698,344.2494230277841,393.55044682480667,0.0,hartmann_6,value,ts,exact,gaussian,5.0,20,50,9,2dd364bb-c58d-487e-ab87-79a455362fd4,False,0.01,2.0,27.13778419996379,7.967163963291937,"x0,x1,x2,x3,x4,x5",6,5.0,5.0,-0.25624327838278527,-0.5556511185348588,,,,,
-1.541745743665194,6.285629114029522,2.5724549913132284,1.4070354612858367,7.105166202763556,0.0,12.293185219646087,44.48088881837229,2792.9531016954165,55.85906203390833,44.48088881837229,2311.302948551605,2311.302948551605,0.0,shekel,value,ts,exact,none,0.0,0,50,9,3d4754b5-6d71-4632-966e-d6fcab44042e,True,0.01,2.0,17.918608099978883,56.774074038018384,"x0,x1,x2,x3",4,0.2,0.5,,,,,,,
8.103991774529746,-4.721596227332079,3.546475547064267,-6.6614631878294475,12.03830279667088,20.0,12.293185219646087,44.48088881837229,2792.9531016954165,55.85906203390833,44.48088881837229,2311.302948551605,2311.302948551605,0.0,shekel,value,ts,exact,none,0.0,20,50,9,3d4754b5-6d71-4632-966e-d6fcab44042e,True,0.01,2.0,17.918608099978883,56.774074038018384,"x0,x1,x2,x3",4,0.2,0.5,,,,,,,
-1.541745743665194,6.285629114029522,2.5724549913132284,1.4070354612858367,7.105166202763556,0.0,9.301000123128077,47.47307391489031,2805.6016450893057,56.112032901786115,47.47307391489031,2357.681817547634,2357.681817547634,0.0,shekel,value,ts,exact,gaussian,0.05,0,50,9,af1c13d1-cf75-463e-8c0b-8b263d9c757e,False,0.01,2.0,18.883794600027613,56.774074038018384,"x0,x1,x2,x3",4,0.05,0.05,,,,,,,
8.104029123403365,-4.721607437970421,3.5464167840442524,-6.6614631878294475,12.038315024961971,20.0,12.222779242686695,44.551294795331685,2796.2860181455817,55.92572036291163,44.551294795331685,2312.394241194475,2312.394241194475,0.0,shekel,value,ts,exact,gaussian,0.05,20,50,9,9f8f2e61-12b5-4d3b-b846-8c7aff8b6ad0,False,0.01,2.0,17.772181599983014,56.774074038018384,"x0,x1,x2,x3",4,0.05,0.05,,,,,,,
-1.541745743665194,6.285629114029522,2.5724549913132284,1.4070354612858367,7.105166202763556,0.0,9.301000123128077,47.47307391489031,2798.301430453062,55.96602860906124,47.47307391489031,2357.681817547634,2357.681817547634,0.0,shekel,value,ts,exact,gaussian,0.25,0,50,9,514bf2b9-2b1b-481d-bdfc-486ea586a0db,False,0.01,2.0,22.62129320000531,56.774074038018384,"x0,x1,x2,x3",4,0.25,0.25,,,,,,,
8.104915567799923,-4.721312313778556,3.546892326283672,-6.6614631878294475,12.038936136655074,20.0,9.301000123128077,47.47307391489031,2809.54602567543,56.1909205135086,47.47307391489031,2357.681817547634,2357.681817547634,0.0,shekel,value,ts,exact,gaussian,0.25,20,50,9,e8c05d14-20ab-44fb-8003-91a5b5eab434,False,0.01,2.0,19.230741999985185,56.774074038018384,"x0,x1,x2,x3",4,0.25,0.25,,,,,,,
-1.541745743665194,6.285629114029522,2.5724549913132284,1.4070354612858367,7.105166202763556,0.0,11.237852339975312,45.53622169804307,2780.5384922813037,55.61076984562607,45.53622169804307,2333.4711648370435,2333.4711648370435,0.0,shekel,value,ts,exact,gaussian,1.0,0,50,9,d68753e1-b89b-4890-b48e-244023528215,False,0.01,2.0,19.49934849998681,56.774074038018384,"x0,x1,x2,x3",4,1.0,1.0,,,,,,,
0.7306910314108563,-4.6767980802365665,0.357305143992732,0.5434321499002914,4.778005350997173,20.0,9.301000123128077,47.47307391489031,2813.103373808015,56.2620674761603,47.47307391489031,2357.681817547634,2357.681817547634,0.0,shekel,value,ts,exact,gaussian,1.0,20,50,9,841a44bc-f716-4442-abad-cbe94fcbdf0f,False,0.01,2.0,17.99851999996463,56.774074038018384,"x0,x1,x2,x3",4,1.0,1.0,,,,,,,
-1.541745743665194,6.285629114029522,2.5724549913132284,1.4070354612858367,7.105166202763556,0.0,9.301000123128077,47.47307391489031,2830.383875002623,56.60767750005246,47.47307391489031,2357.681817547634,2357.681817547634,0.0,shekel,value,ts,exact,gaussian,5.0,0,50,9,ccf119b6-fd18-4332-83f0-492da30916c4,False,0.01,2.0,20.26054450002266,56.774074038018384,"x0,x1,x2,x3",4,5.0,5.0,,,,,,,
0.8326498050017819,-4.563721702402485,0.3729778739100781,0.9884330298339208,4.757832891521316,20.0,9.301000123128077,47.47307391489031,2820.265747258534,56.40531494517067,47.47307391489031,2357.681817547634,2357.681817547634,0.0,shekel,value,ts,exact,gaussian,5.0,20,50,9,6b515c8e-bbaa-4c61-b499-3d3ee56707e3,False,0.01,2.0,19.17244739999296,56.774074038018384,"x0,x1,x2,x3",4,5.0,5.0,,,,,,,
-1.541745743665194,6.285629114029522,2.5724549913132284,1.4070354612858367,7.105166202763556,0.0,5.402837764670362,0.0,53.67750755247473,1.0735501510494947,0.0,26.385222088493883,26.385222088493883,0.0,hicks_law,value,ts,exact,none,0.0,0,50,9,6d39143c-85f8-4b1a-95d4-3c75b2c91e78,True,0.01,2.0,15.91613219998544,5.402837764670362,"x0,x1,x2,x3",4,0.2,0.5,,,,,,,
0.0,0.0,0.0,3.794049087880028,3.794049087880028,20.0,5.402837764670362,0.0,53.67750755247473,1.0735501510494947,0.0,26.385222088493883,26.385222088493883,0.0,hicks_law,value,ts,exact,none,0.0,20,50,9,6d39143c-85f8-4b1a-95d4-3c75b2c91e78,True,0.01,2.0,15.91613219998544,5.402837764670362,"x0,x1,x2,x3",4,0.2,0.5,,,,,,,
-1.541745743665194,6.285629114029522,2.5724549913132284,1.4070354612858367,7.105166202763556,0.0,5.402837764670362,0.0,45.27810282904314,0.9055620565808629,0.0,26.396950785589745,26.396950785589745,0.0,hicks_law,value,ts,exact,gaussian,0.05,0,50,9,e52c7be8-5621-4b79-a5a7-564e60fef30f,False,0.01,2.0,17.098288799985312,5.402837764670362,"x0,x1,x2,x3",4,0.05,0.05,,,,,,,
0.0,0.0,0.0,3.81001886115832,3.81001886115832,20.0,5.402837764670362,0.0,49.70908059436306,0.9941816118872612,0.0,26.385222088493883,26.385222088493883,0.0,hicks_law,value,ts,exact,gaussian,0.05,20,50,9,db72693d-fee2-4115-904e-91a55a5d74d4,False,0.01,2.0,18.421137899975292,5.402837764670362,"x0,x1,x2,x3",4,0.05,0.05,,,,,,,
-1.541745743665194,6.285629114029522,2.5724549913132284,1.4070354612858367,7.105166202763556,0.0,5.402837764670362,0.0,45.31649943207023,0.9063299886414046,0.0,29.516500140545016,29.516500140545016,0.0,hicks_law,value,ts,exact,gaussian,0.25,0,50,9,99788e29-e7ea-49e4-ac2e-6f317d0ffa32,False,0.01,2.0,16.822633800038602,5.402837764670362,"x0,x1,x2,x3",4,0.25,0.25,,,,,,,
0.0,0.0,0.0,3.6794498437111143,3.6794498437111143,20.0,5.402837764670362,0.0,39.85046602355356,0.7970093204710712,0.0,26.385222088493883,26.385222088493883,0.0,hicks_law,value,ts,exact,gaussian,0.25,20,50,9,4b5be286-d29b-462c-bac5-a673a7797523,False,0.01,2.0,18.202669099962804,5.402837764670362,"x0,x1,x2,x3",4,0.25,0.25,,,,,,,
-1.541745743665194,6.285629114029522,2.5724549913132284,1.4070354612858367,7.105166202763556,0.0,5.402837764670362,0.0,54.292334878614454,1.0858466975722891,0.0,28.228560963439154,36.8530826167339,0.0,hicks_law,value,ts,exact,gaussian,1.0,0,50,9,bf9dd573-6896-4a3b-83cf-7601f8f8ddf1,False,0.01,2.0,13.143908400030341,5.402837764670362,"x0,x1,x2,x3",4,1.0,1.0,,,,,,,
0.0,0.0,0.0,0.0,0.0,20.0,5.402837764670362,0.0,60.80302927164386,1.2160605854328772,0.0,26.385222088493883,26.385222088493883,0.0,hicks_law,value,ts,exact,gaussian,1.0,20,50,9,e05edaf5-764e-461b-aefe-fc6aee391a93,False,0.01,2.0,15.6383107000147,5.402837764670362,"x0,x1,x2,x3",4,1.0,1.0,,,,,,,
-1.541745743665194,6.285629114029522,2.5724549913132284,1.4070354612858367,7.105166202763556,0.0,5.402837764670362,0.0,236.154931954799,4.72309863909598,1.8191577017883174,126.29564666663589,242.1771618016162,0.0,hicks_law,value,ts,exact,gaussian,5.0,0,50,9,04a12a4b-7a15-4476-9ac1-dc2a07611632,False,0.01,2.0,17.783803199999966,5.402837764670362,"x0,x1,x2,x3",4,5.0,5.0,,,,,,,
1.239882368807546,0.0,0.0,3.4455697091964486,3.661865495811105,20.0,5.402837764670362,0.0,152.08660407390133,3.0417320814780267,3.8239647427515813,26.385222088493883,103.20833900639451,0.0,hicks_law,value,ts,exact,gaussian,5.0,20,50,9,f8cbf7ec-f356-47a2-93fd-709b47a1cd25,False,0.01,2.0,16.72144679998746,5.402837764670362,"x0,x1,x2,x3",4,5.0,5.0,,,,,,,
-2.671010539185228,4.907168738326234,,,5.587002982534092,0.0,1.2498322795169234,0.0002231863831452241,16.96197756913872,0.3392395513827744,0.0002231863831452241,1.170319758125001,1.170319758125001,0.0,branin,value,ts,exact,none,0.0,0,50,9,74511ff3-acce-4f7c-999e-33dbda4c5d4d,True,0.01,2.0,13.4074818000081,1.2500554659000687,"x0,x1",2,0.2,0.5,,,,,,,
0.11828554203218289,-0.099981538977854,,,0.15487988116675272,20.0,1.2498322795169234,0.0002231863831452241,16.96197756913872,0.3392395513827744,0.0002231863831452241,1.170319758125001,1.170319758125001,0.0,branin,value,ts,exact,none,0.0,20,50,9,74511ff3-acce-4f7c-999e-33dbda4c5d4d,True,0.01,2.0,13.4074818000081,1.2500554659000687,"x0,x1",2,0.2,0.5,,,,,,,
-2.671010539185228,4.907168738326234,,,5.587002982534092,0.0,1.2499628648398602,9.26010602084748e-05,18.95418329726767,0.37908366594535337,0.0030500018621939518,1.2535028988342332,1.4341798181848557,0.0,branin,value,ts,exact,gaussian,0.05,0,50,9,4af276e9-79ad-4584-b433-7caf2f6deb81,False,0.01,2.0,12.507814400014468,1.2500554659000687,"x0,x1",2,0.05,0.05,,,,,,,
0.11743074900611106,-0.09999807397921101,,,0.15423876170304276,20.0,1.2498569107146638,0.0001985551854049028,17.121281752362396,0.34242563504724793,0.010354530624890446,1.1761641360511512,1.6777683316257423,0.0,branin,value,ts,exact,gaussian,0.05,20,50,9,295b2dd2-de32-4484-8b28-681649702675,False,0.01,2.0,12.061190499982331,1.2500554659000687,"x0,x1",2,0.05,0.05,,,,,,,
-2.671010539185228,4.907168738326234,,,5.587002982534092,0.0,1.249203499088242,0.0008519668118267543,21.482951048651486,0.4296590209730297,0.05746297763438091,1.9839580691222334,3.446277964640852,0.0,branin,value,ts,exact,gaussian,0.25,0,50,9,0deae103-32e0-41dc-8091-3d5562a053bb,False,0.01,2.0,11.493245400022715,1.2500554659000687,"x0,x1",2,0.25,0.25,,,,,,,
0.1407681021126148,-0.10467667518073176,,,0.17542196241998884,20.0,1.2495809905543531,0.0004744753457155415,20.7805982534118,0.415611965068236,0.006289735532372331,1.1763020961313067,1.3420370114510252,0.0,branin,value,ts,exact,gaussian,0.25,20,50,9,60e5922b-6a85-4dfb-a558-6b7fd4fef499,False,0.01,2.0,11.372029800026212,1.2500554659000687,"x0,x1",2,0.25,0.25,,,,,,,
-2.671010539185228,4.907168738326234,,,5.587002982534092,0.0,1.2442297691106765,0.005825696789392154,25.251755763747887,0.5050351152749577,0.26931320063312114,4.834165134369366,21.91503716643504,0.0,branin,value,ts,exact,gaussian,1.0,0,50,9,060f6570-ad7b-4432-91ee-a033135ea6b3,False,0.01,2.0,10.11105469998438,1.2500554659000687,"x0,x1",2,1.0,1.0,,,,,,,
0.5504529282069708,-0.1757891770555844,,,0.5778410343178374,20.0,1.2495809905543531,0.0004744753457155415,24.897537077309696,0.4979507415461939,0.23763828998192138,1.1763020961313067,5.614562280575548,0.0,branin,value,ts,exact,gaussian,1.0,20,50,9,c9e56ebd-367b-4faf-a5c7-f0cd3a98d82f,False,0.01,2.0,10.751813500013668,1.2500554659000687,"x0,x1",2,1.0,1.0,,,,,,,
-2.671010539185228,4.907168738326234,,,5.587002982534092,0.0,1.1738892031274515,0.07616626277261718,76.44648010466082,1.5289296020932164,0.5055316653250919,5.943878333926229,39.78829721002073,0.0,branin,value,ts,exact,gaussian,5.0,0,50,9,8cbf1c5b-6ed5-49b4-9c80-9103471bbedc,False,0.01,2.0,10.46268269995926,1.2500554659000687,"x0,x1",2,5.0,5.0,,,,,,,
-7.664877762635546,7.2898582387696775,,,10.577919656411796,20.0,1.2495809905543531,0.0004744753457155415,48.29789096612124,0.9659578193224247,2.417050132684997,1.1763020961313067,43.35600429019748,0.0,branin,value,ts,exact,gaussian,5.0,20,50,9,e28f64d1-424b-4ceb-ae69-af92b7e216a0,False,0.01,2.0,9.926322299987078,1.2500554659000687,"x0,x1",2,5.0,5.0,,,,,,,
-273.51147921256734,502.4940788046064,,,572.1091054114911,0.0,1.3620384789912838,1.843007052063775,167.66006024007544,3.353201204801509,1.843007052063775,97.69902234318185,97.69902234318185,0.0,eggholder,value,ts,exact,none,0.0,0,50,9,95ce417a-2c4b-47a9-bab1-094018fc1240,True,0.01,2.0,13.41704320005374,3.2050455310550587,"x0,x1",2,0.2,0.5,,,,,,,
450.5144903199915,103.63800342991755,,,462.28145295179354,20.0,1.3620384789912838,1.843007052063775,167.66006024007544,3.353201204801509,1.843007052063775,97.69902234318185,97.69902234318185,0.0,eggholder,value,ts,exact,none,0.0,20,50,9,95ce417a-2c4b-47a9-bab1-094018fc1240,True,0.01,2.0,13.41704320005374,3.2050455310550587,"x0,x1",2,0.2,0.5,,,,,,,
-273.51147921256734,502.4940788046064,,,572.1091054114911,0.0,1.8221307307570624,1.3829148002979963,148.054040818288,2.96108081636576,1.3829148002979963,87.424646754867,87.424646754867,0.0,eggholder,value,ts,exact,gaussian,0.05,0,50,9,9a8b5907-aea1-451d-80ae-b4860b46dfad,False,0.01,2.0,10.808320400014054,3.2050455310550587,"x0,x1",2,0.05,0.05,,,,,,,
450.4317210997853,103.64444461793221,,,462.2022352532216,20.0,1.3944183929443728,1.810627138110686,174.40776080792153,3.4881552161584306,1.810627138110686,97.94994484169582,97.94994484169582,0.0,eggholder,value,ts,exact,gaussian,0.05,20,50,9,0a9c11c8-8e29-4165-81f2-b9640e3540a3,False,0.01,2.0,12.56128780002473,3.2050455310550587,"x0,x1",2,0.05,0.05,,,,,,,
-273.51147921256734,502.4940788046064,,,572.1091054114911,0.0,2.1120880569259444,1.0929574741291144,147.7760520470102,2.955521040940204,1.1144626546024994,81.39033050252503,83.19559288988816,0.0,eggholder,value,ts,exact,gaussian,0.25,0,50,9,d4f213f6-24ba-4d3d-a2ce-5cbb83f6b94a,False,0.01,2.0,11.403274000040255,3.2050455310550587,"x0,x1",2,0.25,0.25,,,,,,,
451.7078521233193,103.51195241836615,,,463.41634408307675,20.0,2.383870563465448,0.8211749675896107,167.03769003345016,3.3407538006690034,0.8211749675896107,75.10852864439796,75.1377470601711,0.0,eggholder,value,ts,exact,gaussian,0.25,20,50,9,b29d9321-bf88-455a-9e15-1dc0b575cb49,False,0.01,2.0,12.923238300019875,3.2050455310550587,"x0,x1",2,0.25,0.25,,,,,,,
-273.51147921256734,502.4940788046064,,,572.1091054114911,0.0,2.6134951504188693,0.5915503806361895,156.8509832965826,3.137019665931652,2.7957826263435823,83.83202423805278,112.09469916122391,0.0,eggholder,value,ts,exact,gaussian,1.0,0,50,9,96253567-7be4-451d-ab16-1d2bd223e7af,False,0.01,2.0,10.327981600014027,3.2050455310550587,"x0,x1",2,1.0,1.0,,,,,,,
562.2171188876418,87.81959519614054,,,569.0345947925616,20.0,1.6882985613518897,1.516746969703169,169.80315944027907,3.3960631888055817,1.516746969703169,94.62662546584302,95.36164378589568,0.0,eggholder,value,ts,exact,gaussian,1.0,20,50,9,478061ad-7288-4ab4-aa5b-f439fb89cd9f,False,0.01,2.0,10.279758799995761,3.2050455310550587,"x0,x1",2,1.0,1.0,,,,,,,
-273.51147921256734,502.4940788046064,,,572.1091054114911,0.0,2.3008226496632984,0.9042228813917603,169.0858457290414,3.3817169145808283,2.4025753537523435,70.0633644225123,140.42676719754883,0.0,eggholder,value,ts,exact,gaussian,5.0,0,50,9,5ff40a18-0590-4890-94a4-f2aff326772b,False,0.01,2.0,11.567430299997795,3.2050455310550587,"x0,x1",2,5.0,5.0,,,,,,,
89.87714542179992,139.44253053596356,,,165.89792220351796,20.0,2.8305384214712777,0.3745071095837811,158.81724335350424,3.176344867070085,2.5595504030366145,63.22207733733139,115.1218912735998,0.0,eggholder,value,ts,exact,gaussian,5.0,20,50,9,96427b72-19bf-4663-93fb-b2bfddbab11b,False,0.01,2.0,12.169554999971297,3.2050455310550587,"x0,x1",2,5.0,5.0,,,,,,,
-0.15417457436651938,0.6285629114029522,0.2572454991313228,0.1407035461285836,0.7105166202763555,0.0,2.153305282720616,0.0,15.112996656552806,0.3022599331310561,0.0,3.3326676649963516,3.3326676649963516,0.0,weber_fechner,value,ts,exact,none,0.0,0,50,9,8f8b6eff-01fb-438e-83df-38f57c3e0ecc,True,0.01,2.0,20.175589499995112,2.153305282720616,"x0,x1,x2,x3",4,0.2,0.5,,,,,,,
0.0,0.0,0.0,0.0,0.0,20.0,2.153305282720616,0.0,15.112996656552806,0.3022599331310561,0.0,3.3326676649963516,3.3326676649963516,0.0,weber_fechner,value,ts,exact,none,0.0,20,50,9,8f8b6eff-01fb-438e-83df-38f57c3e0ecc,True,0.01,2.0,20.175589499995112,2.153305282720616,"x0,x1,x2,x3",4,0.2,0.5,,,,,,,
-0.15417457436651938,0.6285629114029522,0.2572454991313228,0.1407035461285836,0.7105166202763555,0.0,2.153305282720616,0.0,42.200655043725156,0.8440131008745031,0.0,3.08670632553274,3.08670632553274,0.0,weber_fechner,value,ts,exact,gaussian,0.05,0,50,9,536bdacf-b710-456a-8f8c-2e9e4aef6b21,False,0.01,2.0,19.367835899989586,2.153305282720616,"x0,x1,x2,x3",4,0.05,0.05,,,,,,,
0.0,0.0,0.0,0.0,0.0,20.0,2.153305282720616,0.0,28.418507257718847,0.5683701451543769,0.0,3.3326676649963516,3.3326676649963516,0.0,weber_fechner,value,ts,exact,gaussian,0.05,20,50,9,354bbc1d-87f1-4276-86b5-cc3a3960c9a9,False,0.01,2.0,19.59346140001435,2.153305282720616,"x0,x1,x2,x3",4,0.05,0.05,,,,,,,
-0.15417457436651938,0.6285629114029522,0.2572454991313228,0.1407035461285836,0.7105166202763555,0.0,2.1425747261771377,0.010730556543478098,68.69239022750877,1.3738478045501754,0.19448993543904747,3.7830692366774117,11.190969534030762,0.0,weber_fechner,value,ts,exact,gaussian,0.25,0,50,9,815d4aa8-250e-4f81-9a05-644a6e28b1e0,False,0.01,2.0,15.62709329999052,2.153305282720616,"x0,x1,x2,x3",4,0.25,0.25,,,,,,,
0.0,0.0,0.0,0.0,0.0,20.0,2.153305282720616,0.0,39.83794010259265,0.7967588020518529,0.0,3.3326676649963516,3.3326676649963516,0.0,weber_fechner,value,ts,exact,gaussian,0.25,20,50,9,6903f84d-7daa-4d36-b084-2c9a9cc975af,False,0.01,2.0,16.490781700005755,2.153305282720616,"x0,x1,x2,x3",4,0.25,0.25,,,,,,,
-0.15417457436651938,0.6285629114029522,0.2572454991313228,0.1407035461285836,0.7105166202763555,0.0,2.153305282720616,0.0,61.08485032328178,1.2216970064656356,0.08060366527017271,3.23369609948368,5.521728617895789,0.0,weber_fechner,value,ts,exact,gaussian,1.0,0,50,9,441abccc-7277-4d2f-8569-014d4f4c404e,False,0.01,2.0,14.585444699972868,2.153305282720616,"x0,x1,x2,x3",4,1.0,1.0,,,,,,,
-0.07405816651006858,0.0,-0.022826921597869476,0.0,0.07749632492233631,20.0,2.153305282720616,0.0,36.127756294813935,0.7225551258962787,0.3125746682862691,3.3326676649963516,8.652583071114835,0.0,weber_fechner,value,ts,exact,gaussian,1.0,20,50,9,a2369a86-5102-4fac-9fcf-c0368330b38f,False,0.01,2.0,14.06139260000782,2.153305282720616,"x0,x1,x2,x3",4,1.0,1.0,,,,,,,
-0.15417457436651938,0.6285629114029522,0.2572454991313228,0.1407035461285836,0.7105166202763555,0.0,2.153305282720616,0.0,112.55940999159795,2.251188199831959,0.06369793327216566,2.9813470464195917,17.5382270222672,0.0,weber_fechner,value,ts,exact,gaussian,5.0,0,50,9,2c47a2d7-7606-4af5-bd9a-0360dad43bf8,False,0.01,2.0,13.530242200009525,2.153305282720616,"x0,x1,x2,x3",4,5.0,5.0,,,,,,,
-0.19827508516992565,-0.3669854102187492,-1.0,0.0,1.083508791248398,20.0,2.153305282720616,0.0,92.81658183851704,1.8563316367703409,0.9677977291451474,3.3326676649963516,30.167552316893225,0.0,weber_fechner,value,ts,exact,gaussian,5.0,20,50,9,22e77fee-d1f5-425b-b2ce-c52fe5187ab8,False,0.01,2.0,21.16427060001297,2.153305282720616,"x0,x1,x2,x3",4,5.0,5.0,,,,,,,
-0.15417457436651938,0.6285629114029522,0.2572454991313228,0.1407035461285836,0.7105166202763555,0.0,2.2655270018281453,0.691972779753772,126.24838041723103,2.5249676083446206,0.691972779753772,59.64452009486197,59.64452009486197,0.0,moving_peaks,value,ts,exact,none,0.0,0,50,9,5f53d632-ea22-4152-8e9b-904e80a57b63,True,0.01,2.0,16.817002399999183,2.9574997815819173,"x0,x1,x2,x3",4,0.2,0.5,,,,,,,
0.17365058239496167,0.12952597074143402,0.03890231593173887,-0.48762364625691923,0.5349969275017998,20.0,2.2655270018281453,0.691972779753772,126.24838041723103,2.5249676083446206,0.691972779753772,59.64452009486197,59.64452009486197,0.0,moving_peaks,value,ts,exact,none,0.0,20,50,9,5f53d632-ea22-4152-8e9b-904e80a57b63,True,0.01,2.0,16.817002399999183,2.9574997815819173,"x0,x1,x2,x3",4,0.2,0.5,,,,,,,
-0.15417457436651938,0.6285629114029522,0.2572454991313228,0.1407035461285836,0.7105166202763555,0.0,2.1298346931573953,0.827665088424522,127.9210396988264,2.558420793976528,0.827665088424522,68.52575850649147,68.52575850649147,0.0,moving_peaks,value,ts,exact,gaussian,0.05,0,50,9,0fbd5785-1a9a-4aff-8cd7-83cdff99ae1c,False,0.01,2.0,15.486576900002547,2.9574997815819173,"x0,x1,x2,x3",4,0.05,0.05,,,,,,,
0.17364661490633088,0.12992544191812694,0.03853688240965081,-0.48121650306990393,0.5292335793000387,20.0,2.4559427069285187,0.5015570746533986,123.136275463761,2.46272550927522,0.5015570746533986,55.731795683772525,55.731795683772525,0.0,moving_peaks,value,ts,exact,gaussian,0.05,20,50,9,2e763193-0df7-4693-bb54-fbb213a6a2fb,False,0.01,2.0,15.63179900002433,2.9574997815819173,"x0,x1,x2,x3",4,0.05,0.05,,,,,,,
-0.15417457436651938,0.6285629114029522,0.2572454991313228,0.1407035461285836,0.7105166202763555,0.0,2.41286748660871,0.5446322949732072,131.58028942321312,2.6316057884642623,0.5446322949732072,60.399240997524394,63.25805229793653,0.0,moving_peaks,value,ts,exact,gaussian,0.25,0,50,9,ca98a2c8-6c3b-4c36-af00-85019fe89c72,False,0.01,2.0,16.345024199981708,2.9574997815819173,"x0,x1,x2,x3",4,0.25,0.25,,,,,,,
0.1739313933147748,0.12455448219644993,0.04389551915167489,-0.5683642078598302,0.6088765375619034,20.0,2.4617700148365156,0.4957297667454017,136.7251185815595,2.7345023716311903,0.4957297667454017,61.39566599461958,61.39566599461958,0.0,moving_peaks,value,ts,exact,gaussian,0.25,20,50,9,4763eadc-dd2c-4540-94e4-da60491d50a1,False,0.01,2.0,16.227704000019003,2.9574997815819173,"x0,x1,x2,x3",4,0.25,0.25,,,,,,,
-0.15417457436651938,0.6285629114029522,0.2572454991313228,0.1407035461285836,0.7105166202763555,0.0,1.7032271093277682,1.254272672254149,151.62586286490279,3.0325172572980557,2.3879965169545048,88.94491113086676,119.50442690631687,0.0,moving_peaks,value,ts,exact,gaussian,1.0,0,50,9,9343dbc3-04e6-4800-bc71-673436557fba,False,0.01,2.0,15.289868599968031,2.9574997815819173,"x0,x1,x2,x3",4,1.0,1.0,,,,,,,
0.15833025980803297,0.42509864234812134,-0.00398451459530158,-0.09370616720281755,0.46322138230601767,20.0,1.7533097895850447,1.2041899919968726,143.20256666203707,2.8640513332407416,1.2041899919968726,75.61483004257413,81.29030786760698,0.0,moving_peaks,value,ts,exact,gaussian,1.0,20,50,9,05637900-1ad1-4acc-a501-5421d205c79a,False,0.01,2.0,13.460853399999905,2.9574997815819173,"x0,x1,x2,x3",4,1.0,1.0,,,,,,,
-0.15417457436651938,0.6285629114029522,0.2572454991313228,0.1407035461285836,0.7105166202763555,0.0,2.159961104127538,0.7975386774543791,171.1463855972006,3.4229277119440122,2.614329878375144,90.59082307262253,145.0823088282229,0.0,moving_peaks,value,ts,exact,gaussian,5.0,0,50,9,67e6d7b1-58fa-41ea-b653-66760e344102,False,0.01,2.0,16.628685700008646,2.9574997815819173,"x0,x1,x2,x3",4,5.0,5.0,,,,,,,
0.6032671172521336,-0.5749013576518787,0.4620145433645688,-0.3813909310846336,1.0263329218054187,20.0,1.614221085309651,1.3432786962722663,166.67795501108975,3.333559100221795,4.0173248253864315,76.65799532463959,154.90314500070167,0.0,moving_peaks,value,ts,exact,gaussian,5.0,20,50,9,a137eb33-3a0a-462d-b7ab-54e3e22059d2,False,0.01,2.0,20.026490200019907,2.9574997815819173,"x0,x1,x2,x3",4,5.0,5.0,,,,,,,
-16.101900131999543,-5.6238231681632485,4.549465738393904,4.115363227319936,29.7755626024173,0.0,0.568215037462527,2.056265294316085,287.3735429445695,5.747470858891391,2.056265294316085,100.75699942148816,100.75699942148816,0.0,levy_10,value,ts,exact,none,0.0,0,50,9,57717eb0-682d-4d4d-a0cf-e8f4ffc646c6,True,0.01,2.0,48.75151790003292,2.6244803317786123,"x0,x1,x2,x3,x4,x5,x6,x7,x8,x9,x10",11,0.2,0.5,1.370704461382287,-11.995532610244688,-3.101198891868618,-12.381131117010316,14.28321496816303,-3.150015607624434,5.952931767016869
15.797771459523005,4.2609612353625055,2.191700145294607,-5.277492022484511,35.49862517659157,20.0,0.568215037462527,2.056265294316085,287.3735429445695,5.747470858891391,2.056265294316085,100.75699942148816,100.75699942148816,0.0,levy_10,value,ts,exact,none,0.0,20,50,9,57717eb0-682d-4d4d-a0cf-e8f4ffc646c6,True,0.01,2.0,48.75151790003292,2.6244803317786123,"x0,x1,x2,x3,x4,x5,x6,x7,x8,x9,x10",11,0.2,0.5,-4.650275325038419,-2.4745953576289406,-16.672058381665053,-13.74137881951653,15.386254894290584,15.10045961753017,0.6921838330827317
-16.101900131999543,-5.6238231681632485,4.549465738393904,4.115363227319936,29.7755626024173,0.0,0.6558353734823703,1.968644958296242,307.8057611701806,6.156115223403612,2.056265294316085,100.6255689174584,100.75699942148816,0.0,levy_10,value,ts,exact,gaussian,0.05,0,50,9,c1ae2daf-9cc2-49f2-a067-0bcc22364b7d,False,0.01,2.0,46.25161239999579,2.6244803317786123,"x0,x1,x2,x3,x4,x5,x6,x7,x8,x9,x10",11,0.05,0.05,1.370704461382287,-11.995532610244688,-3.101198891868618,-12.381131117010316,14.28321496816303,-3.150015607624434,5.952931767016869
15.797771459523005,4.231490795031074,2.1522616836017447,-5.277492022484511,35.4652249320282,20.0,1.44052475641601,1.1839555753626023,277.47300615395767,5.549460123079154,1.1839555753626023,88.98081821561615,88.98081821561615,0.0,levy_10,value,ts,exact,gaussian,0.05,20,50,9,31e14552-0ffa-43d1-b936-8a53761c76a1,False,0.01,2.0,46.32390359998681,2.6244803317786123,"x0,x1,x2,x3,x4,x5,x6,x7,x8,x9,x10",11,0.05,0.05,-4.710901290238792,-2.4664950123289273,-16.59182317399674,-13.74137881951653,15.489242334178329,15.001468298276624,0.6870034494556236
-16.101900131999543,-5.6238231681632485,4.549465738393904,4.115363227319936,29.7755626024173,0.0,0.568215037462527,2.056265294316085,296.02194944048887,5.920438988809777,2.056265294316085,100.75699942148816,100.75699942148816,0.0,levy_10,value,ts,exact,gaussian,0.25,0,50,9,3f1c1c04-4391-41ec-ae39-c46e0a232c7c,False,0.01,2.0,47.054546700033825,2.6244803317786123,"x0,x1,x2,x3,x4,x5,x6,x7,x8,x9,x10",11,0.25,0.25,1.370704461382287,-11.995532610244688,-3.101198891868618,-12.381131117010316,14.28321496816303,-3.150015607624434,5.952931767016869
15.797771459523005,4.271504474642992,2.1383952131609365,-5.277492022484511,35.47193933280924,20.0,1.2782825719520834,1.346197759826529,275.78921613077256,5.515784322615451,1.4054983300894386,95.56655019731257,95.8762471897883,0.0,levy_10,value,ts,exact,gaussian,0.25,20,50,9,dabcbbf2-720a-4ac4-9dcb-d5b98c8de69e,False,0.01,2.0,43.17525680002291,2.6244803317786123,"x0,x1,x2,x3,x4,x5,x6,x7,x8,x9,x10",11,0.25,0.25,-4.7431756453938885,-2.5024190958465002,-16.577238924941533,-13.74137881951653,15.493909899281537,15.004377378199866,0.6601114196617033
-16.101900131999543,-5.6238231681632485,4.549465738393904,4.115363227319936,29.7755626024173,0.0,0.568215037462527,2.056265294316085,335.3680546806593,6.707361093613186,3.7155312940236858,100.75699942148816,106.56443042046476,0.0,levy_10,value,ts,exact,gaussian,1.0,0,50,9,0f4e45a9-dfe1-4443-9e77-9638e4e570ff,False,0.01,2.0,44.837987799954135,2.6244803317786123,"x0,x1,x2,x3,x4,x5,x6,x7,x8,x9,x10",11,1.0,1.0,1.370704461382287,-11.995532610244688,-3.101198891868618,-12.381131117010316,14.28321496816303,-3.150015607624434,5.952931767016869
15.797771459523005,5.062157834001764,2.1952865660159637,-5.277492022484511,36.133543882403806,20.0,0.568215037462527,2.056265294316085,285.9361510628817,5.7187230212576345,3.257907190214294,100.75699942148816,114.57588122431757,0.0,levy_10,value,ts,exact,gaussian,1.0,20,50,9,e26e64a9-4eb4-4a16-ae5d-6a2b1beca6e3,False,0.01,2.0,43.50831609999295,2.6244803317786123,"x0,x1,x2,x3,x4,x5,x6,x7,x8,x9,x10",11,1.0,1.0,-5.792959806839091,-3.5576366676190476,-15.933736210879163,-13.74137881951653,17.28316336948317,14.490321909550795,0.40619544948897884
-16.101900131999543,-5.6238231681632485,4.549465738393904,4.115363227319936,29.7755626024173,0.0,0.6738345712923577,1.9506457604862546,294.5076355247694,5.890152710495388,3.237469168032922,97.42998410584852,160.1991766627491,0.0,levy_10,value,ts,exact,gaussian,5.0,0,50,9,952b6387-fbcb-45d9-be4b-99e27508fcaa,False,0.01,2.0,43.264550799969584,2.6244803317786123,"x0,x1,x2,x3,x4,x5,x6,x7,x8,x9,x10",11,5.0,5.0,1.370704461382287,-11.995532610244688,-3.101198891868618,-12.381131117010316,14.28321496816303,-3.150015607624434,5.952931767016869
-4.202228540476995,2.9615350724916185,-6.587387854545346,13.676230414221088,33.615957090493424,20.0,0.568215037462527,2.056265294316085,330.8774469917854,6.617548939835708,6.4138946271124855,100.75699942148816,188.09582408635094,0.0,levy_10,value,ts,exact,gaussian,5.0,20,50,9,c68cc0fd-20ed-4b30-9a63-aeba29ac19ca,False,0.01,2.0,52.220161099976394,2.6244803317786123,"x0,x1,x2,x3,x4,x5,x6,x7,x8,x9,x10",11,5.0,5.0,-2.8685076961980434,-19.077399649851458,-20.0,6.258621180483471,7.027867949574759,3.503739869218558,0.39651665401637676
-0.15417457436651938,0.6285629114029522,0.2572454991313228,0.1407035461285836,0.7105166202763555,0.0,1.7175746997911816,0.0,9.048246926205971,0.18096493852411943,0.0,2.9047288686527764,2.9047288686527764,0.0,power_law_practice,value,ts,exact,none,0.0,0,50,9,ad21d0c0-1f49-4f1c-ae0b-154877a6e7a3,True,0.01,2.0,14.719038599985652,1.7175746997911816,"x0,x1,x2,x3",4,0.2,0.5,,,,,,,
0.0,0.0,0.0,0.0,0.0,20.0,1.7175746997911816,0.0,9.048246926205971,0.18096493852411943,0.0,2.9047288686527764,2.9047288686527764,0.0,power_law_practice,value,ts,exact,none,0.0,20,50,9,ad21d0c0-1f49-4f1c-ae0b-154877a6e7a3,True,0.01,2.0,14.719038599985652,1.7175746997911816,"x0,x1,x2,x3",4,0.2,0.5,,,,,,,
-0.15417457436651938,0.6285629114029522,0.2572454991313228,0.1407035461285836,0.7105166202763555,0.0,1.7175746997911816,0.0,10.443266346656742,0.20886532693313484,0.0,2.9145543534479654,2.9145543534479654,0.0,power_law_practice,value,ts,exact,gaussian,0.05,0,50,9,6cf2aa3c-fea4-47ca-87b0-fffee60ffea2,False,0.01,2.0,17.55774710001424,1.7175746997911816,"x0,x1,x2,x3",4,0.05,0.05,,,,,,,
0.0,0.0,0.0,0.0,0.0,20.0,1.7175746997911816,0.0,8.707854139436622,0.17415708278873243,0.0,2.9047288686527764,2.9047288686527764,0.0,power_law_practice,value,ts,exact,gaussian,0.05,20,50,9,709affe7-3898-4693-8a38-9194ba44e068,False,0.01,2.0,16.494693300046492,1.7175746997911816,"x0,x1,x2,x3",4,0.05,0.05,,,,,,,
-0.15417457436651938,0.6285629114029522,0.2572454991313228,0.1407035461285836,0.7105166202763555,0.0,1.7175746997911816,0.0,20.578217384633454,0.4115643476926691,0.08532278487118328,3.4706134936059074,6.158281217048181,0.0,power_law_practice,value,ts,exact,gaussian,0.25,0,50,9,bfc8a17c-92ba-4070-aa45-fc794b7659f0,False,0.01,2.0,14.998468899982981,1.7175746997911816,"x0,x1,x2,x3",4,0.25,0.25,,,,,,,
0.0,0.0,0.0,0.0,0.0,20.0,1.7175746997911816,0.0,10.627428285442834,0.2125485657088567,0.0,2.9047288686527764,2.9047288686527764,0.0,power_law_practice,value,ts,exact,gaussian,0.25,20,50,9,6310371c-2102-4f27-9ff4-3ec7cf8d2169,False,0.01,2.0,15.55863430001773,1.7175746997911816,"x0,x1,x2,x3",4,0.25,0.25,,,,,,,
-0.15417457436651938,0.6285629114029522,0.2572454991313228,0.1407035461285836,0.7105166202763555,0.0,1.7175746997911816,0.0,42.473880140213126,0.8494776028042625,0.0,3.9420187777123172,19.152798181103705,0.0,power_law_practice,value,ts,exact,gaussian,1.0,0,50,9,05576dd9-00b2-4f58-a14f-215668b8d0fe,False,0.01,2.0,13.87145530001726,1.7175746997911816,"x0,x1,x2,x3",4,1.0,1.0,,,,,,,
0.0,0.0,-0.7768653049011736,0.0,0.7768653049011736,20.0,1.7175746997911816,0.0,32.26335124015728,0.6452670248031456,0.7209744298465314,2.9047288686527764,11.195934811887888,0.0,power_law_practice,value,ts,exact,gaussian,1.0,20,50,9,312405c8-5934-4e1e-ab67-01204fb8740c,False,0.01,2.0,14.232596700021531,1.7175746997911816,"x0,x1,x2,x3",4,1.0,1.0,,,,,,,
-0.15417457436651938,0.6285629114029522,0.2572454991313228,0.1407035461285836,0.7105166202763555,0.0,1.6792743913755732,0.038300308415608386,72.42291489225246,1.4484582978450493,0.6347691981230392,6.877985143908345,41.5594716833578,0.0,power_law_practice,value,ts,exact,gaussian,5.0,0,50,9,04aee604-2b29-4c51-be0e-0009b827f637,False,0.01,2.0,19.32605049997801,1.7175746997911816,"x0,x1,x2,x3",4,5.0,5.0,,,,,,,
0.0,-0.19775785427305004,-1.0,-0.2205221103644771,1.042946868294969,20.0,1.7175746997911816,0.0,51.31271955634414,1.0262543911268829,0.8762697709228905,2.9047288686527764,25.603715285591562,0.0,power_law_practice,value,ts,exact,gaussian,5.0,20,50,9,06240365-6c66-4f1b-a807-47db1cfa7b91,False,0.01,2.0,22.07622300001094,1.7175746997911816,"x0,x1,x2,x3",4,5.0,5.0,,,,,,,
-0.09271512104990587,0.4292574205160099,0.3122319704389457,,0.5388384081554913,0.0,3.046574135336672,0.008326806819055399,36.898490467408294,0.7379698093481659,0.008326806819055399,16.382145369279492,16.382145369279492,0.0,hartmann_3,value,ts,exact,none,0.0,0,50,9,2d59e8ba-6f86-42d5-a6c6-c102010f4b18,True,0.01,2.0,16.88956529996358,3.0549009421557276,"x0,x1,x2",3,0.2,0.5,,,,,,,
0.0,0.007194997499863742,0.012996911462104022,,0.014855561133017373,20.0,3.046574135336672,0.008326806819055399,36.898490467408294,0.7379698093481659,0.008326806819055399,16.382145369279492,16.382145369279492,0.0,hartmann_3,value,ts,exact,none,0.0,20,50,9,2d59e8ba-6f86-42d5-a6c6-c102010f4b18,True,0.01,2.0,16.88956529996358,3.0549009421557276,"x0,x1,x2",3,0.2,0.5,,,,,,,
-0.09271512104990587,0.4292574205160099,0.3122319704389457,,0.5388384081554913,0.0,3.051151078486853,0.0037498636688746423,47.88001811204926,0.9576003622409851,0.01238751849938824,17.96362907185629,18.11861889795898,0.0,hartmann_3,value,ts,exact,gaussian,0.05,0,50,9,a363da01-958c-4642-9c77-a8c61bde60aa,False,0.01,2.0,15.092850500019267,3.0549009421557276,"x0,x1,x2",3,0.05,0.05,,,,,,,
0.0,0.007303925308064008,0.012994052438137338,,0.014906130405670038,20.0,3.046574135336672,0.008326806819055399,37.28293897731277,0.7456587795462554,0.00976419504896553,16.382145369279492,16.50227358558336,0.0,hartmann_3,value,ts,exact,gaussian,0.05,20,50,9,f78ba382-4e83-4bd4-acd3-b198015d7ca9,False,0.01,2.0,16.37877159996424,3.0549009421557276,"x0,x1,x2",3,0.05,0.05,,,,,,,
-0.09271512104990587,0.4292574205160099,0.3122319704389457,,0.5388384081554913,0.0,3.049946123185191,0.004954818970536401,35.43069633053933,0.7086139266107865,0.021853133395590696,14.199135655266677,15.612063259048583,0.0,hartmann_3,value,ts,exact,gaussian,0.25,0,50,9,f137c64c-3a1d-4e1a-b405-a1e94eb8f41f,False,0.01,2.0,14.11634489998687,3.0549009421557276,"x0,x1,x2",3,0.25,0.25,,,,,,,
0.0,0.00610816512063439,0.01322463890297143,,0.014567112111016373,20.0,3.046574135336672,0.008326806819055399,38.28191400354848,0.7656382800709696,0.011380333071258075,16.382145369279492,16.46917086746727,0.0,hartmann_3,value,ts,exact,gaussian,0.25,20,50,9,72215cc9-1342-4c12-8919-047990b6f149,False,0.01,2.0,14.692429500049911,3.0549009421557276,"x0,x1,x2",3,0.25,0.25,,,,,,,
-0.09271512104990587,0.4292574205160099,0.3122319704389457,,0.5388384081554913,0.0,2.748418419882656,0.3064825222730718,115.5303206492311,2.310606412984622,0.5864970567671741,30.37843736915608,39.66664089176627,0.0,hartmann_3,value,ts,exact,gaussian,1.0,0,50,9,436e0097-c1cc-4261-8dc6-7fc27bb1da84,False,0.01,2.0,14.714897199999541,3.0549009421557276,"x0,x1,x2",3,1.0,1.0,,,,,,,
0.1419468207528351,-0.005741419961360905,0.03130502124861545,,0.14547119364460606,20.0,3.046574135336672,0.008326806819055399,47.56253800592126,0.9512507601184252,0.14922068668395738,16.382145369279492,19.73597086195783,0.0,hartmann_3,value,ts,exact,gaussian,1.0,20,50,9,325b749b-90f3-47d4-8b09-7f2bdebd6898,False,0.01,2.0,14.737856400024612,3.0549009421557276,"x0,x1,x2",3,1.0,1.0,,,,,,,
-0.09271512104990587,0.4292574205160099,0.3122319704389457,,0.5388384081554913,0.0,1.7378678023125438,1.3170331398431838,160.77376993485888,3.2154753986971776,2.47871540286754,65.60067184096462,143.98860277957667,0.0,hartmann_3,value,ts,exact,gaussian,5.0,0,50,9,40b11305-a25b-48dc-982a-4bc490c24478,False,0.01,2.0,18.71876620000694,3.0549009421557276,"x0,x1,x2",3,5.0,5.0,,,,,,,
0.8455725710188767,-0.17312508145111755,0.08494011529753298,,0.8672831659116228,20.0,3.046574135336672,0.008326806819055399,120.12506690062115,2.402501338012423,3.346306571387735,16.382145369279492,108.88520162105678,0.0,hartmann_3,value,ts,exact,gaussian,5.0,20,50,9,89c25422-a8a2-4a99-aafb-cbb1683eed01,False,0.01,2.0,30.173826300015207,3.0549009421557276,"x0,x1,x2",3,5.0,5.0,,,,,,,
-0.15417457436651938,0.6285629114029522,0.2572454991313228,0.1407035461285836,0.7105166202763555,0.0,1.2903622872296385,1.289056938547084e-05,7.966762606355832,0.15933525212711663,1.289056938547084e-05,2.3608542131085066,2.3608542131085066,0.0,steering_law,value,ts,exact,none,0.0,0,50,9,a55f157c-1373-42a5-ba25-6d420cff7a9e,True,0.01,2.0,20.599302399961744,1.290375177799024,"x0,x1,x2,x3",4,0.2,0.5,,,,,,,
-0.038194496951842405,0.0,-0.8756888817927542,1.0,1.3297705957392985,20.0,1.2903622872296385,1.289056938547084e-05,7.966762606355832,0.15933525212711663,1.289056938547084e-05,2.3608542131085066,2.3608542131085066,0.0,steering_law,value,ts,exact,none,0.0,20,50,9,a55f157c-1373-42a5-ba25-6d420cff7a9e,True,0.01,2.0,20.599302399961744,1.290375177799024,"x0,x1,x2,x3",4,0.2,0.5,,,,,,,
-0.15417457436651938,0.6285629114029522,0.2572454991313228,0.1407035461285836,0.7105166202763555,0.0,1.2903651913966425,9.986402381478854e-06,11.571654233647935,0.2314330846729587,0.0010511108254458446,2.556455598156136,3.0342406604524585,0.0,steering_law,value,ts,exact,gaussian,0.05,0,50,9,f3bba436-64e2-406c-b654-adddd7e9a4e8,False,0.01,2.0,17.83693479996873,1.290375177799024,"x0,x1,x2,x3",4,0.05,0.05,,,,,,,
-0.03807328979451019,0.0,-0.8767406445288913,1.0,1.3304599705232445,20.0,1.2901679503129537,0.00020722748607027164,10.734563777229706,0.2146912755445941,0.00020722748607027164,2.4407669944654757,2.70788558741138,0.0,steering_law,value,ts,exact,gaussian,0.05,20,50,9,ec4b528c-8a98-4282-843d-b80a096a527c,False,0.01,2.0,18.005955300002825,1.290375177799024,"x0,x1,x2,x3",4,0.05,0.05,,,,,,,
-0.15417457436651938,0.6285629114029522,0.2572454991313228,0.1407035461285836,0.7105166202763555,0.0,1.2770461473213872,0.013329030477636783,29.518939913459562,0.5903787982691913,0.13843842695800435,3.3748369891428993,8.19795446220251,0.0,steering_law,value,ts,exact,gaussian,0.25,0,50,9,e04785ff-c507-4dd2-8cf2-69c7f8e644b4,False,0.01,2.0,15.269689199980348,1.290375177799024,"x0,x1,x2,x3",4,0.25,0.25,,,,,,,
-0.039452950739901405,0.0,-0.8655068550076133,1.0,1.3231245789370156,20.0,1.2903746354574102,5.423416138405912e-07,8.92221092000154,0.1784442184000308,0.0048001287878944865,2.3834392833339533,2.475760513059837,0.0,steering_law,value,ts,exact,gaussian,0.25,20,50,9,15b804a9-7176-4468-a8ee-def9b6156516,False,0.01,2.0,15.837332499970216,1.290375177799024,"x0,x1,x2,x3",4,0.25,0.25,,,,,,,
-0.15417457436651938,0.6285629114029522,0.2572454991313228,0.1407035461285836,0.7105166202763555,0.0,1.2899079868843153,0.0004671909147087039,45.60801046308425,0.912160209261685,0.2514600276512511,11.24450099648482,23.049680069062948,0.0,steering_law,value,ts,exact,gaussian,1.0,0,50,9,6ffb3f6c-b494-418e-9b5a-6a54c5c684f0,False,0.01,2.0,15.064069199957885,1.290375177799024,"x0,x1,x2,x3",4,1.0,1.0,,,,,,,
-0.05947775783001463,0.0,-1.0,0.9384605267570869,1.3726783177269446,20.0,1.2814338696317167,0.008941308167307316,31.292044779407817,0.6258408955881564,0.3735505082635078,2.593784125373103,10.667377706578586,0.0,steering_law,value,ts,exact,gaussian,1.0,20,50,9,5bb42482-8575-4da9-a0bf-e925e980d274,False,0.01,2.0,22.27950249996502,1.290375177799024,"x0,x1,x2,x3",4,1.0,1.0,,,,,,,
-0.15417457436651938,0.6285629114029522,0.2572454991313228,0.1407035461285836,0.7105166202763555,0.0,1.1548141266857352,0.13556105111328876,63.97245750515261,1.2794491501030523,0.3700032746084182,8.76215857768624,29.065068127465665,0.0,steering_law,value,ts,exact,gaussian,5.0,0,50,9,613857ad-37b5-4fc7-9c92-5cdae5d038d3,False,0.01,2.0,32.46552820003126,1.290375177799024,"x0,x1,x2,x3",4,5.0,5.0,,,,,,,
-1.0,0.6798794923866136,-1.0,1.0,1.8607085005899981,20.0,1.2892716704738996,0.001103507325124431,53.61988631186981,1.0723977262373963,2.1935824136623365,2.3974871015745842,38.63447862509022,0.0,steering_law,value,ts,exact,gaussian,5.0,20,50,9,f36858a3-cda7-46b4-ad5c-96842b647581,False,0.01,2.0,31.53279189998284,1.290375177799024,"x0,x1,x2,x3",4,5.0,5.0,,,,,,,
-320.35827581741296,760.8790970797585,-483.52306544346493,969.1726564456152,1433.2609662752625,0.0,2.738595243496328,0.01526057216264265,79.57362474232578,1.5914724948465155,0.01526057216264265,26.93896856397996,26.93896856397996,0.0,griewank,value,ts,exact,none,0.0,0,50,10,517056fe-7812-4330-a06a-bd94137c2314,True,0.01,2.0,22.4234610000276,2.7538558156589708,"x0,x1,x2,x3,x4,x5",6,0.2,0.5,375.03394793788016,242.75485014128327,,,,,
128.30072241687674,-38.60605897393151,-203.05782121518678,-379.06011758747843,455.96778454956404,20.0,2.738595243496328,0.01526057216264265,79.57362474232578,1.5914724948465155,0.01526057216264265,26.93896856397996,26.93896856397996,0.0,griewank,value,ts,exact,none,0.0,20,50,10,517056fe-7812-4330-a06a-bd94137c2314,True,0.01,2.0,22.4234610000276,2.7538558156589708,"x0,x1,x2,x3,x4,x5",6,0.2,0.5,67.86072903733638,20.76023451881099,,,,,
-320.35827581741296,760.8790970797585,-483.52306544346493,969.1726564456152,1433.2609662752625,0.0,2.7282311745071595,0.02562464115181129,81.82837635720203,1.6365675271440407,0.031157365177111984,29.49957214931921,29.888355826946633,0.0,griewank,value,ts,exact,gaussian,0.05,0,50,10,bc826047-bb13-4d75-aed0-ac18dea748f4,False,0.01,2.0,20.124103699985426,2.7538558156589708,"x0,x1,x2,x3,x4,x5",6,0.05,0.05,375.03394793788016,242.75485014128327,,,,,
102.93508900382835,-43.00418255798186,-190.77087271389973,-267.02307120474154,352.94543027884896,20.0,2.7251933712154193,0.028662444443551482,80.6738123660835,1.61347624732167,0.059569572762363965,27.45379380245233,27.93017162071213,0.0,griewank,value,ts,exact,gaussian,0.05,20,50,10,5bb2e778-410a-44cc-ade8-b5230403cc3a,False,0.01,2.0,23.099539300019387,2.7538558156589708,"x0,x1,x2,x3,x4,x5",6,0.05,0.05,66.4738477974277,3.444650400915606,,,,,
-320.35827581741296,760.8790970797585,-483.52306544346493,969.1726564456152,1433.2609662752625,0.0,2.70985731137668,0.043998504282290796,89.56214048123967,1.7912428096247934,0.12695314063992713,24.98943747557842,25.85735978487616,0.0,griewank,value,ts,exact,gaussian,0.25,0,50,10,95f0be70-db0b-4e46-8cbe-d65225e72612,False,0.01,2.0,18.620155100012198,2.7538558156589708,"x0,x1,x2,x3,x4,x5",6,0.25,0.25,375.03394793788016,242.75485014128327,,,,,
91.01807561769667,-51.19922393081822,-139.00582482991433,119.65255208361947,211.45057830750102,20.0,2.7147642914131076,0.03909152424586315,86.80428064124766,1.736085612824953,0.07054585955816606,27.65354694909609,29.055068396534033,0.0,griewank,value,ts,exact,gaussian,0.25,20,50,10,65624420-3679-49e7-a2cd-952670e96fbc,False,0.01,2.0,21.030911699985154,2.7538558156589708,"x0,x1,x2,x3,x4,x5",6,0.25,0.25,-1.9498794072860903,-12.749190556217542,,,,,
-320.35827581741296,760.8790970797585,-483.52306544346493,969.1726564456152,1433.2609662752625,0.0,2.0004347495195978,0.753421066139373,160.84255267561468,3.216851053512294,0.8391661606973275,47.93213596146426,48.2322437924171,0.0,griewank,value,ts,exact,gaussian,1.0,0,50,10,3993314b-9c0a-4c9b-b819-9905806af139,False,0.01,2.0,24.799373199988622,2.7538558156589708,"x0,x1,x2,x3,x4,x5",6,1.0,1.0,375.03394793788016,242.75485014128327,,,,,
92.490088026358,-39.25362054065906,-122.22831624412639,119.65255208361947,199.3429887827635,20.0,1.9146896549616432,0.8391661606973275,181.2548606198714,3.6250972123974283,1.746790569638286,48.2322437924171,74.36403890028318,0.0,griewank,value,ts,exact,gaussian,1.0,20,50,10,f6e88227-14b0-468d-8fa5-9faa9408f1f2,False,0.01,2.0,33.93887579999864,2.7538558156589708,"x0,x1,x2,x3,x4,x5",6,1.0,1.0,-1.464780745181173,-19.588873718072207,,,,,
-320.35827581741296,760.8790970797585,-483.52306544346493,969.1726564456152,1433.2609662752625,0.0,1.9146896549616432,0.8391661606973275,191.67618332581304,3.833523666516261,4.769035322208736,48.2322437924171,172.95375940664903,0.0,griewank,value,ts,exact,gaussian,5.0,0,50,10,bdbb2dc7-0685-4d89-b027-5e0541dee6ab,False,0.01,2.0,29.339653499948326,2.7538558156589708,"x0,x1,x2,x3,x4,x5",6,5.0,5.0,375.03394793788016,242.75485014128327,,,,,
32.95503875706157,-50.563370575910426,-58.28852145055831,119.65255208361947,164.0979313755239,20.0,1.9146896549616432,0.8391661606973275,177.49504976551827,3.5499009953103653,3.769200454109253,48.2322437924171,110.67844188480048,0.0,griewank,value,ts,exact,gaussian,5.0,20,50,10,f8d64cb9-c1db-45ba-9a99-fecf852043e6,False,0.01,2.0,40.30880739999702,2.7538558156589708,"x0,x1,x2,x3,x4,x5",6,5.0,5.0,9.427012959503372,-74.04247788868068,,,,,
-0.2669652298478442,0.6340659142331321,-0.40293588786955414,0.8076438803713459,1.194384138562719,0.0,7.218698311432219,0.7484656518597177,322.29434385671976,6.445886877134395,0.7484656518597177,217.76928204228847,217.76928204228847,0.0,hartmann_6,value,ts,exact,none,0.0,0,50,10,7354b991-47b4-414b-bc77-79049e8fbdcc,True,0.01,2.0,20.169812400010414,7.967163963291937,"x0,x1,x2,x3,x4,x5",6,0.2,0.5,0.31252828994823345,0.20229570845106937,,,,,
0.1450263611902296,0.4386945475545295,0.48688186379821785,0.011812312653222246,0.7134462143711167,20.0,7.218698311432219,0.7484656518597177,322.29434385671976,6.445886877134395,0.7484656518597177,217.76928204228847,217.76928204228847,0.0,hartmann_6,value,ts,exact,none,0.0,20,50,10,7354b991-47b4-414b-bc77-79049e8fbdcc,True,0.01,2.0,20.169812400010414,7.967163963291937,"x0,x1,x2,x3,x4,x5",6,0.2,0.5,-0.1345049974912944,-0.2005863278749278,,,,,
-0.2669652298478442,0.6340659142331321,-0.40293588786955414,0.8076438803713459,1.194384138562719,0.0,7.39532584693109,0.5718381163608468,315.89720293385403,6.317944058677081,0.5802318142620182,238.65373477714016,238.74847225159564,0.0,hartmann_6,value,ts,exact,gaussian,0.05,0,50,10,bca4f1ce-2ca2-4154-9c1f-edd6ede66083,False,0.01,2.0,22.570733000000473,7.967163963291937,"x0,x1,x2,x3,x4,x5",6,0.05,0.05,0.31252828994823345,0.20229570845106937,,,,,
0.14546931478996677,0.45217991664861024,0.48677040185434717,0.013559409483329676,0.7213844221314133,20.0,6.914060793838356,1.053103169453581,318.7565064139846,6.375130128279692,1.053103169453581,216.1768085073434,216.1768085073434,0.0,hartmann_6,value,ts,exact,gaussian,0.05,20,50,10,6ad800ff-472c-40f5-9864-f62c8d6efae3,False,0.01,2.0,19.75631769996835,7.967163963291937,"x0,x1,x2,x3,x4,x5",6,0.05,0.05,-0.13466947090368359,-0.1987519505001376,,,,,
-0.2669652298478442,0.6340659142331321,-0.40293588786955414,0.8076438803713459,1.194384138562719,0.0,6.312951985065702,1.6542119782262352,354.69772920549883,7.0939545841099765,1.7178984794662258,230.4301691184771,238.5274319782872,0.0,hartmann_6,value,ts,exact,gaussian,0.25,0,50,10,96fc1f0c-3511-4458-bc6f-efc50936c84e,False,0.01,2.0,19.706672000000253,7.967163963291937,"x0,x1,x2,x3,x4,x5",6,0.25,0.25,0.31252828994823345,0.20229570845106937,,,,,
0.14592309954830884,0.50413424578451,0.4489764979597799,0.020869502036402143,0.727099609922446,20.0,7.134289616529996,0.8328743467619413,322.8180929984308,6.456361859968617,0.8328743467619413,195.19175186780953,197.00949062859752,0.0,hartmann_6,value,ts,exact,gaussian,0.25,20,50,10,d02ac270-4936-4f3a-bdfe-07cd17cc8a52,False,0.01,2.0,22.0265659999568,7.967163963291937,"x0,x1,x2,x3,x4,x5",6,0.25,0.25,-0.1311016772711729,-0.1844610321343788,,,,,
-0.2669652298478442,0.6340659142331321,-0.40293588786955414,0.8076438803713459,1.194384138562719,0.0,3.6089853331843615,4.358178630107576,391.89799827522904,7.837959965504581,4.358178630107576,273.5986809305695,279.36962315604944,0.0,hartmann_6,value,ts,exact,gaussian,1.0,0,50,10,ac0772f3-14e6-4a3d-ae68-0d5cb340bc97,False,0.01,2.0,36.366122300038114,7.967163963291937,"x0,x1,x2,x3,x4,x5",6,1.0,1.0,0.31252828994823345,0.20229570845106937,,,,,
0.14534819379650016,0.50413424578451,0.39872574634327473,0.022052307632399626,0.6937469010099262,20.0,6.472279608878868,1.4948843544130694,323.44254567812794,6.468850913562559,1.871862213378365,215.72436710756327,223.19165166689126,0.0,hartmann_6,value,ts,exact,gaussian,1.0,20,50,10,11da059b-a839-4b57-8a7e-b7ebc76cc826,False,0.01,2.0,30.710749799967743,7.967163963291937,"x0,x1,x2,x3,x4,x5",6,1.0,1.0,-0.12485696253455986,-0.17592481714068242,,,,,
-0.2669652298478442,0.6340659142331321,-0.40293588786955414,0.8076438803713459,1.194384138562719,0.0,3.435862874952362,4.531301088339575,414.7756419701684,8.295512839403369,8.601286498509772,288.0241274811907,411.6616555714172,0.0,hartmann_6,value,ts,exact,gaussian,5.0,0,50,10,151506dd-31b8-4400-8aa9-050f4fd5ca97,False,0.01,2.0,38.70901829999639,7.967163963291937,"x0,x1,x2,x3,x4,x5",6,5.0,5.0,0.31252828994823345,0.20229570845106937,,,,,
0.027316569257500145,0.28441630978495147,0.4980522833158487,0.09299626246213322,0.5854554518453225,20.0,3.3737331278621765,4.593430835429761,381.2928398870131,7.625856797740262,6.122765958201306,265.0028759911556,302.1395412796111,0.0,hartmann_6,value,ts,exact,gaussian,5.0,20,50,10,64278a2e-f51b-4797-b13f-e9cdffa56e35,False,0.01,2.0,38.14527899998939,7.967163963291937,"x0,x1,x2,x3,x4,x5",6,5.0,5.0,-0.0185349897455247,0.06380694534921993,,,,,
-443.19709319241053,-71.76220605864023,-139.40840549339964,692.4656012302587,836.968810674568,0.0,1.9510287803033257,2.377361591475526,217.7036211995682,4.354072423991364,2.377361591475526,129.09383346346172,129.09383346346172,0.0,schwefel,value,ts,exact,none,0.0,0,50,10,221cc088-5ef9-4377-a09e-0c412f968cb4,True,0.01,2.0,22.13471169996774,4.328390371778852,"x0,x1,x2,x3",4,0.2,0.5,,,,,,,
1000.0,-11.24474760310818,128.9620114352684,-322.9776020192063,1058.806958868407,20.0,1.9510287803033257,2.377361591475526,217.7036211995682,4.354072423991364,2.377361591475526,129.09383346346172,129.09383346346172,0.0,schwefel,value,ts,exact,none,0.0,20,50,10,221cc088-5ef9-4377-a09e-0c412f968cb4,True,0.01,2.0,22.13471169996774,4.328390371778852,"x0,x1,x2,x3",4,0.2,0.5,,,,,,,
-443.19709319241053,-71.76220605864023,-139.40840549339964,692.4656012302587,836.968810674568,0.0,2.2359586505884694,2.0924317211903825,218.15690074504627,4.363138014900925,2.0924317211903825,122.4627446090915,122.63627408597876,0.0,schwefel,value,ts,exact,gaussian,0.05,0,50,10,2b151500-eb43-49e2-9e6c-7e10853ae5db,False,0.01,2.0,22.998830700002145,4.328390371778852,"x0,x1,x2,x3",4,0.05,0.05,,,,,,,
1000.0,-13.266358896214342,129.33298664147569,-321.9994903456035,1058.577672868078,20.0,2.2114752633456214,2.1169151084332305,215.78175831907544,4.315635166381509,2.1169151084332305,132.29695520145796,132.29695520145796,0.0,schwefel,value,ts,exact,gaussian,0.05,20,50,10,d6160812-0335-4ae4-a717-8301d57dfbb5,False,0.01,2.0,19.995619699999224,4.328390371778852,"x0,x1,x2,x3",4,0.05,0.05,,,,,,,
-443.19709319241053,-71.76220605864023,-139.40840549339964,692.4656012302587,836.968810674568,0.0,2.023497763044734,2.304892608734118,205.89338599390808,4.117867719878162,2.380986181433971,126.31688017304803,134.11866647036223,0.0,schwefel,value,ts,exact,gaussian,0.25,0,50,10,eb4ac8e8-61a7-41de-b0d8-a69804840d8d,False,0.01,2.0,25.646828999975696,4.328390371778852,"x0,x1,x2,x3",4,0.25,0.25,,,,,,,
1000.0,-26.06958580403213,132.19304491902986,-315.2183518198159,1057.1268768473155,20.0,1.8656139949776935,2.462776376801158,216.99068520294983,4.339813704058996,2.462776376801158,132.47930697739653,132.47930697739653,0.0,schwefel,value,ts,exact,gaussian,0.25,20,50,10,95240051-94fe-4805-b567-3e836bbded5d,False,0.01,2.0,30.31794960005209,4.328390371778852,"x0,x1,x2,x3",4,0.25,0.25,,,,,,,
-443.19709319241053,-71.76220605864023,-139.40840549339964,692.4656012302587,836.968810674568,0.0,1.6434482786710847,2.684942093107767,224.2962520800187,4.485925041600374,3.413482713532974,146.80388849912094,170.24145794655732,0.0,schwefel,value,ts,exact,gaussian,1.0,0,50,10,21e3a990-70c3-4431-a8e6-2cf16ff8bbd6,False,0.01,2.0,22.960387099999934,4.328390371778852,"x0,x1,x2,x3",4,1.0,1.0,,,,,,,
1000.0,-32.43219219427942,133.9633343036074,-311.08536007476835,1056.3011517938978,20.0,1.6875302741073797,2.6408600976714722,219.87792954071494,4.397558590814299,3.311827050026896,134.43489682885098,135.85220694272653,0.0,schwefel,value,ts,exact,gaussian,1.0,20,50,10,79dd3163-bffd-412d-a1cf-b135e1488c9c,False,0.01,2.0,23.10320369998226,4.328390371778852,"x0,x1,x2,x3",4,1.0,1.0,,,,,,,
-443.19709319241053,-71.76220605864023,-139.40840549339964,692.4656012302587,836.968810674568,0.0,1.6196629243265026,2.7087274474523495,212.12190199444663,4.242438039888933,4.143237524983123,143.13326415447602,190.16475635112124,0.0,schwefel,value,ts,exact,gaussian,5.0,0,50,10,d8314f8b-eacd-49f2-a524-c1d01d4e074b,False,0.01,2.0,34.26391140004853,4.328390371778852,"x0,x1,x2,x3",4,5.0,5.0,,,,,,,
1000.0,-35.842937380847275,144.56566052399847,-288.2365175262179,1051.3154790064061,20.0,2.3491583664075075,1.9792320053713444,210.02389725760486,4.200477945152097,4.076404255345867,131.53969813461757,173.58561920172562,0.0,schwefel,value,ts,exact,gaussian,5.0,20,50,10,a5534b20-a63a-4e04-8ddc-31549abc76e3,False,0.01,2.0,16.799480299989227,4.328390371778852,"x0,x1,x2,x3",4,5.0,5.0,,,,,,,
-3.988773838731695,-0.6458598545277621,-1.2546756494405962,6.232190411072328,7.532719296071111,0.0,0.7612476565130278,0.002976226945431981,41.40304788636092,0.8280609577272184,0.002976226945431981,4.556660648193404,4.556660648193404,0.0,powell,value,ts,exact,none,0.0,0,50,10,941d217f-5e78-4f32-a9ab-e84f900310aa,True,0.01,2.0,21.29292820004048,0.7642238834584598,"x0,x1,x2,x3",4,0.2,0.5,,,,,,,
-5.98277987962397,-3.5714410921651667,-6.593480854443488,-5.381820987243349,10.999401505513157,20.0,0.7612476565130278,0.002976226945431981,41.40304788636092,0.8280609577272184,0.002976226945431981,4.556660648193404,4.556660648193404,0.0,powell,value,ts,exact,none,0.0,20,50,10,941d217f-5e78-4f32-a9ab-e84f900310aa,True,0.01,2.0,21.29292820004048,0.7642238834584598,"x0,x1,x2,x3",4,0.2,0.5,,,,,,,
-3.988773838731695,-0.6458598545277621,-1.2546756494405962,6.232190411072328,7.532719296071111,0.0,0.7509571985615245,0.013266684896935277,43.544244496131334,0.8708848899226267,0.08414771680700628,5.898927150778285,8.802986479969295,0.0,powell,value,ts,exact,gaussian,0.05,0,50,10,d0fae206-32bb-45bb-82b0-f3fb7341f362,False,0.01,2.0,24.134323699981906,0.7642238834584598,"x0,x1,x2,x3",4,0.05,0.05,,,,,,,
-5.98277987962397,-3.608406418625452,-6.693763921157623,-5.381820987243349,11.071798613637046,20.0,0.7609362629753075,0.0032876204831523426,44.396648389349146,0.8879329677869829,0.015588148763254206,4.557750525575425,4.6869060725164955,0.0,powell,value,ts,exact,gaussian,0.05,20,50,10,af3d5884-b6d6-4f79-b2ee-94dea591cf8c,False,0.01,2.0,23.673474499955773,0.7642238834584598,"x0,x1,x2,x3",4,0.05,0.05,,,,,,,
-3.988773838731695,-0.6458598545277621,-1.2546756494405962,6.232190411072328,7.532719296071111,0.0,0.7625241986650672,0.001699684793392664,40.26349710660373,0.8052699421320746,0.18128269864908741,5.522969726188386,11.295126295351146,0.0,powell,value,ts,exact,gaussian,0.25,0,50,10,c22eccbd-3cc3-4ecb-9ddd-f4d8b93c115d,False,0.01,2.0,25.117516600003,0.7642238834584598,"x0,x1,x2,x3",4,0.25,0.25,,,,,,,
-5.98277987962397,-3.8580001074439214,-7.638543874226719,-5.381820987243349,11.746879141895102,20.0,0.7609362629753075,0.0032876204831523426,45.182163743745114,0.9036432748749023,0.13281594912338746,4.557750525575425,9.066612277838155,0.0,powell,value,ts,exact,gaussian,0.25,20,50,10,5398fe5b-7040-4614-9d63-541978b95121,False,0.01,2.0,19.028351699991617,0.7642238834584598,"x0,x1,x2,x3",4,0.25,0.25,,,,,,,
-3.988773838731695,-0.6458598545277621,-1.2546756494405962,6.232190411072328,7.532719296071111,0.0,0.753958847859959,0.010265035598500782,67.69460817356648,1.3538921634713297,0.9085700010268749,4.847912577528539,24.21262798039755,0.0,powell,value,ts,exact,gaussian,1.0,0,50,10,dc708082-1866-4e03-a14d-2963e0f172c2,False,0.01,2.0,24.614477399969473,0.7642238834584598,"x0,x1,x2,x3",4,1.0,1.0,,,,,,,
-5.98277987962397,-3.9685275236753355,-8.254755951448434,-5.381820987243349,12.19212281560961,20.0,0.7609362629753075,0.0032876204831523426,54.610167719035104,1.0922033543807022,0.31545195567745726,4.557750525575425,13.65214218966727,0.0,powell,value,ts,exact,gaussian,1.0,20,50,10,58106f34-d060-4e8d-bf57-6458271a44c6,False,0.01,2.0,26.908612500003073,0.7642238834584598,"x0,x1,x2,x3",4,1.0,1.0,,,,,,,
-3.988773838731695,-0.6458598545277621,-1.2546756494405962,6.232190411072328,7.532719296071111,0.0,0.6873155731765256,0.07690831028193423,52.212340239238635,1.0442468047847726,0.946060618042909,8.812963567714549,41.61363177731505,0.0,powell,value,ts,exact,gaussian,5.0,0,50,10,213c5d48-6560-474a-9616-3a58b93ec679,False,0.01,2.0,32.17829510004958,0.7642238834584598,"x0,x1,x2,x3",4,5.0,5.0,,,,,,,
0.1878443202081017,1.5785781137265018,0.7452440485515668,0.3384030865024834,1.7880435371172319,20.0,0.7609362629753075,0.0032876204831523426,68.680675939253,1.3736135187850602,0.6414266133888076,4.557750525575425,19.918151172676925,0.0,powell,value,ts,exact,gaussian,5.0,20,50,10,7f0094d3-7f8f-41c9-84f6-dedcd11f48da,False,0.01,2.0,21.015332099981606,0.7642238834584598,"x0,x1,x2,x3",4,5.0,5.0,,,,,,,
-4.431970931924105,-0.7176220605864025,-1.3940840549339955,6.924656012302586,8.369688106745679,0.0,6.7915358795842735,49.98253815843411,2803.1612273162823,56.06322454632564,49.98253815843411,2672.0053172923363,2672.0053172923363,0.0,shekel,value,ts,exact,none,0.0,0,50,10,aaab6101-6fc2-460d-baba-e59a02e2e296,True,0.01,2.0,32.42805139999837,56.774074038018384,"x0,x1,x2,x3",4,0.2,0.5,,,,,,,
-7.783832920365859,-1.8668284056678468,-3.131672007317574,1.3402411241566723,8.699236694140291,20.0,6.7915358795842735,49.98253815843411,2803.1612273162823,56.06322454632564,49.98253815843411,2672.0053172923363,2672.0053172923363,0.0,shekel,value,ts,exact,none,0.0,20,50,10,aaab6101-6fc2-460d-baba-e59a02e2e296,True,0.01,2.0,32.42805139999837,56.774074038018384,"x0,x1,x2,x3",4,0.2,0.5,,,,,,,
-4.431970931924105,-0.7176220605864025,-1.3940840549339955,6.924656012302586,8.369688106745679,0.0,6.913224292704644,49.86084974531374,2810.058082770669,56.20116165541338,49.86084974531374,2573.447604969051,2573.447604969051,0.0,shekel,value,ts,exact,gaussian,0.05,0,50,10,15fb4573-418a-44cb-bb16-46fc5c980148,False,0.01,2.0,22.222082199994475,56.774074038018384,"x0,x1,x2,x3",4,0.05,0.05,,,,,,,
-7.763275899468779,-1.868866352096063,-3.127555591484462,1.3515528247609447,8.681555917530833,20.0,12.987908746641658,43.786165291376726,2745.3977896470656,54.90795579294131,43.786165291376726,2551.7528355949894,2551.7528355949894,0.0,shekel,value,ts,exact,gaussian,0.05,20,50,10,c1357cbb-d14e-4923-a037-ab75cdd82091,False,0.01,2.0,19.37822509999387,56.774074038018384,"x0,x1,x2,x3",4,0.05,0.05,,,,,,,
-4.431970931924105,-0.7176220605864025,-1.3940840549339955,6.924656012302586,8.369688106745679,0.0,4.929652382637886,51.8444216553805,2810.0683014509495,56.20136602901899,52.08469145728832,2648.2079228030766,2654.639366106596,0.0,shekel,value,ts,exact,gaussian,0.25,0,50,10,42b0b95b-1d8c-4ed4-9213-211983ae36dd,False,0.01,2.0,19.595310000004247,56.774074038018384,"x0,x1,x2,x3",4,0.25,0.25,,,,,,,
-7.705334700294938,-1.88488079903067,-3.1047859276308727,1.413141853064813,8.634907296747427,20.0,15.812613942566848,40.961460095451535,2763.4046473988847,55.26809294797769,40.961460095451535,2605.6548018385433,2605.9167273100416,0.0,shekel,value,ts,exact,gaussian,0.25,20,50,10,3521e859-72b0-4464-bee6-62066a72ae5a,False,0.01,2.0,25.349582399998326,56.774074038018384,"x0,x1,x2,x3",4,0.25,0.25,,,,,,,
-4.431970931924105,-0.7176220605864025,-1.3940840549339955,6.924656012302586,8.369688106745679,0.0,4.6336512302624655,52.14042280775592,2832.373249323465,56.6474649864693,53.591745840549834,2619.137747115951,2655.3884231740035,0.0,shekel,value,ts,exact,gaussian,1.0,0,50,10,d355f569-d3ce-4ab9-a4c8-e60eeefa33fc,False,0.01,2.0,32.64411429996835,56.774074038018384,"x0,x1,x2,x3",4,1.0,1.0,,,,,,,
1.1141750431012767,-2.5011000409866355,-3.7653775723599496,-1.5088011753090798,4.8940205037104665,20.0,3.6595851022725583,53.114488935745825,2851.389247588617,57.02778495177234,54.52100800017831,2700.750020059761,2722.961564246312,0.0,shekel,value,ts,exact,gaussian,1.0,20,50,10,7a904e28-5ce8-43b9-801e-596674a6cb16,False,0.01,2.0,24.243772400019225,56.774074038018384,"x0,x1,x2,x3",4,1.0,1.0,,,,,,,
-4.431970931924105,-0.7176220605864025,-1.3940840549339955,6.924656012302586,8.369688106745679,0.0,2.4462366190008358,54.32783741901755,2856.8888959199567,57.13777791839913,57.627102148095595,2730.8234625514824,2799.473189005994,0.0,shekel,value,ts,exact,gaussian,5.0,0,50,10,f5d7bd76-2f75-482c-bcc7-8ce32fe2677e,False,0.01,2.0,17.80885569995735,56.774074038018384,"x0,x1,x2,x3",4,5.0,5.0,,,,,,,
1.9646432570511418,-2.364324876092704,-3.727054400131199,-1.302460616840213,5.003717958392981,20.0,1.3846262468403014,55.389447791178085,2864.2473643805615,57.28494728761123,57.67787153529444,2735.6007092262053,2778.5849511231977,0.0,shekel,value,ts,exact,gaussian,5.0,20,50,10,2c0de4a4-3bbe-4a03-bafa-cb306c14f5fd,False,0.01,2.0,20.36810019996483,56.774074038018384,"x0,x1,x2,x3",4,5.0,5.0,,,,,,,
-2.5763639183200144,1.5122202941068952,0.04179210139287726,0.8677923190970707,3.409690555775156,0.0,2.5996199010720575,5.448101265616921,395.9676766258112,7.919353532516223,5.448101265616921,319.7303014209456,319.7303014209456,0.0,michalewicz,value,ts,exact,none,0.0,0,50,10,fe93bb1d-9076-4e97-8542-38f78d908d52,True,0.01,2.0,21.021201500028837,8.047721166688978,"x0,x1,x2,x3,x4",5,0.2,0.5,1.3952484867540926,,,,,,
0.0,1.4108275439836429,-0.7826564803418754,0.4383292969372721,1.74342579367901,20.0,2.5996199010720575,5.448101265616921,395.9676766258112,7.919353532516223,5.448101265616921,319.7303014209456,319.7303014209456,0.0,michalewicz,value,ts,exact,none,0.0,20,50,10,fe93bb1d-9076-4e97-8542-38f78d908d52,True,0.01,2.0,21.021201500028837,8.047721166688978,"x0,x1,x2,x3,x4",5,0.2,0.5,-0.4943838593923886,,,,,,
-2.5763639183200144,1.5122202941068952,0.04179210139287726,0.8677923190970707,3.409690555775156,0.0,2.49983582765533,5.547885339033648,399.2871457876328,7.985742915752656,5.547885339033648,316.0815611263113,316.17804458017,0.0,michalewicz,value,ts,exact,gaussian,0.05,0,50,10,d4b5b0b2-75fd-4732-9192-acd3e3dea8eb,False,0.01,2.0,27.34283429995412,8.047721166688978,"x0,x1,x2,x3,x4",5,0.05,0.05,1.3952484867540926,,,,,,
0.0,1.4035109375035488,-0.7758274878598628,0.4313102421979558,1.7327128333707016,20.0,4.796337454071759,3.251383712617219,371.47012222904834,7.429402444580967,3.251383712617219,283.5002372949882,283.5002372949882,0.0,michalewicz,value,ts,exact,gaussian,0.05,20,50,10,3be68043-b8a6-4442-a971-db91aa8acf33,False,0.01,2.0,33.34065229998669,8.047721166688978,"x0,x1,x2,x3,x4",5,0.05,0.05,-0.49448356422800255,,,,,,
-2.5763639183200144,1.5122202941068952,0.04179210139287726,0.8677923190970707,3.409690555775156,0.0,2.552976082148296,5.494745084540682,409.9085967558596,8.198171935117193,5.494745084540682,318.6933946235697,320.87567307418027,0.0,michalewicz,value,ts,exact,gaussian,0.25,0,50,10,418e8364-73ad-4cde-b71d-a61e4b3ab727,False,0.01,2.0,37.889934799983166,8.047721166688978,"x0,x1,x2,x3,x4",5,0.25,0.25,1.3952484867540926,,,,,,
0.0,1.3554509232711731,-0.716376862694883,0.38614639416210217,1.6551378485144317,20.0,2.664714624554879,5.383006542134099,393.57309094443985,7.871461818888797,5.5046925166778085,316.53094132066235,318.17370197700245,0.0,michalewicz,value,ts,exact,gaussian,0.25,20,50,10,ee323e23-906a-41f4-85db-8566cb50a91d,False,0.01,2.0,30.89918479998596,8.047721166688978,"x0,x1,x2,x3,x4",5,0.25,0.25,-0.4898257292745549,,,,,,
-2.5763639183200144,1.5122202941068952,0.04179210139287726,0.8677923190970707,3.409690555775156,0.0,3.870165052080717,4.177556114608262,405.43903923910335,8.108780784782066,4.177556114608262,240.1117786806409,241.75538279969115,0.0,michalewicz,value,ts,exact,gaussian,1.0,0,50,10,ff436872-718b-4a52-ab13-3e1a926de9af,False,0.01,2.0,24.71802699996624,8.047721166688978,"x0,x1,x2,x3,x4",5,1.0,1.0,1.3952484867540926,,,,,,
0.0,1.3263057479096174,-0.6672738748569205,0.3602690164641458,1.602197570421335,20.0,2.0077566877184383,6.03996447897054,411.9482458973181,8.238964917946362,6.860276433819912,332.2034379246649,348.1995210442277,0.0,michalewicz,value,ts,exact,gaussian,1.0,20,50,10,b94a7658-a42b-40ca-8609-cab9a0dc2ea9,False,0.01,2.0,31.44485229998827,8.047721166688978,"x0,x1,x2,x3,x4",5,1.0,1.0,-0.48259913948879607,,,,,,
-2.5763639183200144,1.5122202941068952,0.04179210139287726,0.8677923190970707,3.409690555775156,0.0,0.7737109165259577,7.274010250163021,426.9530267501341,8.539060535002681,7.274010250163021,369.16973905618744,377.4227637902868,0.0,michalewicz,value,ts,exact,gaussian,5.0,0,50,10,2e94d998-a3eb-4669-bd40-438a0e5ece2f,False,0.01,2.0,26.959263400000054,8.047721166688978,"x0,x1,x2,x3,x4",5,5.0,5.0,1.3952484867540926,,,,,,
0.0,0.8720633165623081,-1.5118325769866214,-1.7427982948161298,2.5018139500420946,20.0,2.3599285089955666,5.687792657693412,418.94605751226817,8.378921150245363,8.81108899339767,322.51871283954387,395.1348803096874,0.0,michalewicz,value,ts,exact,gaussian,5.0,20,50,10,aa6d2f8b-0a6f-4697-9a48-c3671bbaa909,False,0.01,2.0,27.839389300032053,8.047721166688978,"x0,x1,x2,x3,x4",5,5.0,5.0,-0.41904054133169133,,,,,,
-29.045364699457814,-4.7030079362590484,-9.13626926241544,45.38142564222623,54.851587976368485,0.0,12.205257520975671,7.897189632877762,961.3583391412318,19.227166782824636,7.897189632877762,881.9355083542548,881.9355083542548,0.0,ackley,value,ts,exact,none,0.0,0,50,10,74a2a33c-ac6d-4d55-9ce6-a5554d7c639d,True,0.01,2.0,28.892798399960157,20.102447153853433,"x0,x1,x2,x3",4,0.2,0.5,,,,,,,
50.59897747460283,-18.838632865899484,-14.12560124037668,40.88409114407058,69.18231080854639,20.0,12.205257520975671,7.897189632877762,961.3583391412318,19.227166782824636,7.897189632877762,881.9355083542548,881.9355083542548,0.0,ackley,value,ts,exact,none,0.0,20,50,10,74a2a33c-ac6d-4d55-9ce6-a5554d7c639d,True,0.01,2.0,28.892798399960157,20.102447153853433,"x0,x1,x2,x3",4,0.2,0.5,,,,,,,
-29.045364699457814,-4.7030079362590484,-9.13626926241544,45.38142564222623,54.851587976368485,0.0,4.156614306943458,15.945832846909976,996.9354451039219,19.93870890207844,15.945832846909976,947.9377936684891,948.8484975431618,0.0,ackley,value,ts,exact,gaussian,0.05,0,50,10,0a9a6dfe-b17f-4067-b93f-a51a04a39b4d,False,0.01,2.0,25.17661909997696,20.102447153853433,"x0,x1,x2,x3",4,0.05,0.05,,,,,,,
50.16049730554248,-18.36945815628583,-13.71003619671412,40.58012599498545,68.4706083015112,20.0,12.867561985036037,7.234885168817396,925.1725473619504,18.503450947239006,7.234885168817396,841.0528882103634,841.0528882103634,0.0,ackley,value,ts,exact,gaussian,0.05,20,50,10,f46a1810-1bd1-4808-9468-ebd79682f68b,False,0.01,2.0,19.201307200011797,20.102447153853433,"x0,x1,x2,x3",4,0.05,0.05,,,,,,,
-29.045364699457814,-4.7030079362590484,-9.13626926241544,45.38142564222623,54.851587976368485,0.0,14.024180560772963,6.078266593080469,915.5468597838361,18.310937195676722,6.078266593080469,771.3915821838449,774.5559829964184,0.0,ackley,value,ts,exact,gaussian,0.25,0,50,10,678cb6fb-bb2c-45f6-9142-4cda96e5a920,False,0.01,2.0,31.442397899983916,20.102447153853433,"x0,x1,x2,x3",4,0.25,0.25,,,,,,,
59.0296854533742,4.255900070558345,-28.994339788226668,3.2800935330521295,65.98520442853527,20.0,11.624320886693717,8.478126267159716,927.8134441086022,18.556268882172045,8.478126267159716,779.0022056661869,779.5964938372128,0.0,ackley,value,ts,exact,gaussian,0.25,20,50,10,8123136e-7795-43a5-97db-65bbb4308b26,False,0.01,2.0,24.31747389998054,20.102447153853433,"x0,x1,x2,x3",4,0.25,0.25,,,,,,,
-29.045364699457814,-4.7030079362590484,-9.13626926241544,45.38142564222623,54.851587976368485,0.0,1.794900969421622,18.30754618443181,1021.1352773294952,20.422705546589906,19.05131628825078,960.9776072829046,976.6119319483205,0.0,ackley,value,ts,exact,gaussian,1.0,0,50,10,db97915c-f5f8-4c59-ad85-23faccba54b9,False,0.01,2.0,24.710956800030544,20.102447153853433,"x0,x1,x2,x3",4,1.0,1.0,,,,,,,
59.0296854533742,3.840018407145889,-28.689460624146037,3.7682780429261893,65.85236955801015,20.0,1.7463068079874846,18.35614034586595,1014.5068567288095,20.290137134576188,19.152157454752658,940.3883748135165,946.6650073911482,0.0,ackley,value,ts,exact,gaussian,1.0,20,50,10,2143e508-fbd6-4a21-b2a4-7619debc3698,False,0.01,2.0,25.228670799988322,20.102447153853433,"x0,x1,x2,x3",4,1.0,1.0,,,,,,,
-29.045364699457814,-4.7030079362590484,-9.13626926241544,45.38142564222623,54.851587976368485,0.0,1.6953421933434627,18.40710496050997,1029.2456435261158,20.584912870522317,19.680627279180673,953.477318848722,991.5930963387925,0.0,ackley,value,ts,exact,gaussian,5.0,0,50,10,3bd72f69-9a50-4571-a696-6d7a76505627,False,0.01,2.0,23.652340699976776,20.102447153853433,"x0,x1,x2,x3",4,5.0,5.0,,,,,,,
45.1298674907309,-2.039745031284415,-1.8287079577321936,-3.2082358802173196,45.3266196597691,20.0,3.5486308308407932,16.55381632301264,1025.9549975712682,20.519099951425364,20.782120688360294,889.2561550549924,1007.1153608485558,0.0,ackley,value,ts,exact,gaussian,5.0,20,50,10,292dabfb-dfd5-4d2a-ab04-e671c75684f5,False,0.01,2.0,20.884117599984165,20.102447153853433,"x0,x1,x2,x3",4,5.0,5.0,,,,,,,
-4.5383382342902845,-0.7348449900404761,-1.4275420722524128,7.09084775659785,8.570560621307576,0.0,2.6631490338446273,0.9757900395934245,177.03136408013228,3.5406272816026454,0.9757900395934245,108.81288953382727,108.81288953382727,0.0,rastrigin,value,ts,exact,none,0.0,0,50,10,63c5ddc1-a2b4-471d-859b-9ef28a95a38b,True,0.01,2.0,30.680329700000584,3.638939073438052,"x0,x1,x2,x3",4,0.2,0.5,,,,,,,
-0.45988852021657345,-6.992770734990996,-2.269051042260278,2.1232839631668314,7.665981178153088,20.0,2.6631490338446273,0.9757900395934245,177.03136408013228,3.5406272816026454,0.9757900395934245,108.81288953382727,108.81288953382727,0.0,rastrigin,value,ts,exact,none,0.0,20,50,10,63c5ddc1-a2b4-471d-859b-9ef28a95a38b,True,0.01,2.0,30.680329700000584,3.638939073438052,"x0,x1,x2,x3",4,0.2,0.5,,,,,,,
-4.5383382342902845,-0.7348449900404761,-1.4275420722524128,7.09084775659785,8.570560621307576,0.0,2.0781952667888723,1.5607438066491794,165.77819427369175,3.315563885473835,1.6489170380227627,98.5204848210765,98.65274466813686,0.0,rastrigin,value,ts,exact,gaussian,0.05,0,50,10,54637a28-4fd5-459b-90b3-32aeb4157402,False,0.01,2.0,20.299552600015886,3.638939073438052,"x0,x1,x2,x3",4,0.05,0.05,,,,,,,
-0.4926998785298706,-6.952753883484186,-2.284489330672035,2.2496007730117427,7.672231414295138,20.0,2.4939010861565274,1.1450379872815244,177.7262211918781,3.5545244238375617,1.1450379872815244,110.1572191441473,110.1572191441473,0.0,rastrigin,value,ts,exact,gaussian,0.05,20,50,10,21de83c1-857f-44c2-8d6d-b85755357633,False,0.01,2.0,19.782233399979305,3.638939073438052,"x0,x1,x2,x3",4,0.05,0.05,,,,,,,
-4.5383382342902845,-0.7348449900404761,-1.4275420722524128,7.09084775659785,8.570560621307576,0.0,2.8243150368694607,0.8146240365685911,147.41184434511788,2.948236886902358,0.8146240365685911,65.93682230329573,66.96679447809734,0.0,rastrigin,value,ts,exact,gaussian,0.25,0,50,10,249b4314-4f8a-4c90-be15-deacfb64dcc6,False,0.01,2.0,23.961172799987253,3.638939073438052,"x0,x1,x2,x3",4,0.25,0.25,,,,,,,
0.12131199949108827,-1.198577901636766,-1.8755364004472397,2.9293510240228486,3.6810378697941726,20.0,2.2994097160643543,1.3395293573736975,171.43412100704677,3.4286824201409356,1.3395293573736975,102.83787583963363,102.83787583963363,0.0,rastrigin,value,ts,exact,gaussian,0.25,20,50,10,1d096ebc-2381-4186-8493-312ce10030a9,False,0.01,2.0,23.846509099996183,3.638939073438052,"x0,x1,x2,x3",4,0.25,0.25,,,,,,,
-4.5383382342902845,-0.7348449900404761,-1.4275420722524128,7.09084775659785,8.570560621307576,0.0,1.9081482288384382,1.7307908445996136,195.1458249641214,3.902916499282428,3.502336190752514,106.86873158250968,146.89455118262336,0.0,rastrigin,value,ts,exact,gaussian,1.0,0,50,10,52eccce0-d1df-4980-ab84-c6775d85b114,False,0.01,2.0,34.158691800024826,3.638939073438052,"x0,x1,x2,x3",4,1.0,1.0,,,,,,,
0.16287137738962054,-1.4644394752269796,-1.8506302387869358,2.920459375831792,3.758327461620697,20.0,2.822771389996367,0.8161676834416847,166.87996919929947,3.337599383985989,1.7252552374095398,84.72939344280321,108.94906185873077,0.0,rastrigin,value,ts,exact,gaussian,1.0,20,50,10,1396bc4d-29ef-42f2-96af-6963ed2f73c7,False,0.01,2.0,27.68843650002964,3.638939073438052,"x0,x1,x2,x3",4,1.0,1.0,,,,,,,
-4.5383382342902845,-0.7348449900404761,-1.4275420722524128,7.09084775659785,8.570560621307576,0.0,2.1483754708160783,1.4905636026219735,198.16647981205853,3.9633295962411705,1.4905636026219735,119.91216493067351,144.63404984452956,0.0,rastrigin,value,ts,exact,gaussian,5.0,0,50,10,de486130-1c91-40e8-b988-623c970afd66,False,0.01,2.0,18.165270199999213,3.638939073438052,"x0,x1,x2,x3",4,5.0,5.0,,,,,,,
-0.9131704432972608,-7.154131245230015,-2.1268097419707863,3.8775285076661077,8.46014309209917,20.0,1.4910609491354572,2.1478781243025944,211.96263361109277,4.2392526722218555,5.420563160140503,121.8340718624627,195.1027337434311,0.0,rastrigin,value,ts,exact,gaussian,5.0,20,50,10,a93ccde6-f4b6-4742-922b-56b2659b2732,False,0.01,2.0,23.806988700001966,3.638939073438052,"x0,x1,x2,x3",4,5.0,5.0,,,,,,,
-6.647956397886158,-1.076433090879604,-2.0911260824009954,10.38698401845388,12.55453216011852,0.0,1.0215138071771295,0.00410944339429431,36.57211689191579,0.7314423378383158,0.00410944339429431,4.319583642317842,4.319583642317842,0.0,rosenbrock,value,ts,exact,none,0.0,0,50,10,8c2dbe05-5eaf-4158-a47e-eee7f1dbe380,True,0.01,2.0,27.983196699991822,1.0256232505714238,"x0,x1,x2,x3",4,0.2,0.5,,,,,,,
0.9280442412579075,-7.1991666716498,0.0,-14.312090451277136,16.047591718555886,20.0,1.0215138071771295,0.00410944339429431,36.57211689191579,0.7314423378383158,0.00410944339429431,4.319583642317842,4.319583642317842,0.0,rosenbrock,value,ts,exact,none,0.0,20,50,10,8c2dbe05-5eaf-4158-a47e-eee7f1dbe380,True,0.01,2.0,27.983196699991822,1.0256232505714238,"x0,x1,x2,x3",4,0.2,0.5,,,,,,,
-6.647956397886158,-1.076433090879604,-2.0911260824009954,10.38698401845388,12.55453216011852,0.0,1.0236010491153207,0.002022201456103101,36.10127768790582,0.7220255537581164,0.05304026063465317,3.1968570040319566,5.607661120533228,0.0,rosenbrock,value,ts,exact,gaussian,0.05,0,50,10,cfff8b98-16bc-472b-a5cd-6a740f577f1a,False,0.01,2.0,30.92065599997295,1.0256232505714238,"x0,x1,x2,x3",4,0.05,0.05,,,,,,,
1.0159645690705104,-7.1991666716498,0.0,-12.81637446578751,14.734980122792496,20.0,1.0187642081561943,0.006859042415229499,33.23667880197155,0.664733576039431,0.03415694394836866,4.098706588564006,4.4656246166547975,0.0,rosenbrock,value,ts,exact,gaussian,0.05,20,50,10,83b7cd62-26bb-492a-a7a3-11c499cf594e,False,0.01,2.0,28.6305220000213,1.0256232505714238,"x0,x1,x2,x3",4,0.05,0.05,,,,,,,
-6.647956397886158,-1.076433090879604,-2.0911260824009954,10.38698401845388,12.55453216011852,0.0,1.0084453773010027,0.017177873270421085,53.87609556986218,1.0775219113972436,0.2682821927760539,5.320445384572782,19.585175972391298,0.0,rosenbrock,value,ts,exact,gaussian,0.25,0,50,10,fa3d906e-04eb-4402-85fc-8119bb067c0b,False,0.01,2.0,26.537979600019753,1.0256232505714238,"x0,x1,x2,x3",4,0.25,0.25,,,,,,,
0.9932436921126235,7.8008333283502,0.0,-3.679866518000253,8.682220409487432,20.0,1.01521381624577,0.010409434325653777,37.49929272011766,0.7499858544023532,0.055484098046146846,4.051186362890422,5.262228454800212,0.0,rosenbrock,value,ts,exact,gaussian,0.25,20,50,10,619f8510-da0e-483d-b916-94ad37601985,False,0.01,2.0,34.311064399953466,1.0256232505714238,"x0,x1,x2,x3",4,0.25,0.25,,,,,,,
-6.647956397886158,-1.076433090879604,-2.0911260824009954,10.38698401845388,12.55453216011852,0.0,1.0184341065191531,0.0071891440522706684,60.33159146522009,1.2066318293044018,0.45494423609786816,5.083379842665572,22.659391701922498,0.0,rosenbrock,value,ts,exact,gaussian,1.0,0,50,10,94d55b9d-8322-4d63-bc48-af8e1fb44039,False,0.01,2.0,24.563760699995328,1.0256232505714238,"x0,x1,x2,x3",4,1.0,1.0,,,,,,,
0.7404288698900048,7.8008333283502,0.0,-3.3728860442144795,8.530978595408774,20.0,0.9986944032775601,0.02692884729386369,37.42884654717374,0.7485769309434748,0.17175403646509824,4.527645972132133,9.43476384927616,0.0,rosenbrock,value,ts,exact,gaussian,1.0,20,50,10,44024445-1c4c-4095-8044-3095ed19d37e,False,0.01,2.0,16.588373300037347,1.0256232505714238,"x0,x1,x2,x3",4,1.0,1.0,,,,,,,
-6.647956397886158,-1.076433090879604,-2.0911260824009954,10.38698401845388,12.55453216011852,0.0,0.9545139067660737,0.07110934380535006,83.91763490281258,1.6783526980562515,1.8934093086377124,6.5477619142940835,68.24327883505863,0.0,rosenbrock,value,ts,exact,gaussian,5.0,0,50,10,2f3d00c3-1098-48ac-a66b-ff5987aa71c0,False,0.01,2.0,15.942707399954088,1.0256232505714238,"x0,x1,x2,x3",4,5.0,5.0,,,,,,,
-0.5735200815079311,7.8008333283502,0.0,-2.3951534032094273,8.180384204027206,20.0,1.015034755048092,0.010588495523331742,51.86832589731975,1.037366517946395,0.11006878322728231,4.357645807736219,8.50642450378408,0.0,rosenbrock,value,ts,exact,gaussian,5.0,20,50,10,ffc1bba4-46d7-4157-9d83-ff617d532f5e,False,0.01,2.0,20.929469999973662,1.0256232505714238,"x0,x1,x2,x3",4,5.0,5.0,,,,,,,
-0.4431970931924105,-0.07176220605864025,-0.1394084054933996,0.6924656012302587,0.836968810674568,0.0,3.5342391479345587,0.0011733958522999188,90.7734256518913,1.815468513037826,0.0011733958522999188,51.29160353633943,51.29160353633943,0.0,yerkes_dodson,value,ts,exact,none,0.0,0,50,10,966e65e1-1b68-413b-809f-16058d36aaf9,True,0.01,2.0,22.938996899989434,3.5354125437868587,"x0,x1,x2,x3",4,0.2,0.5,,,,,,,
-0.18822871050571222,-0.11991360299387982,0.01892703712122279,-0.10134876774011037,0.24584370054618854,20.0,3.5342391479345587,0.0011733958522999188,90.7734256518913,1.815468513037826,0.0011733958522999188,51.29160353633943,51.29160353633943,0.0,yerkes_dodson,value,ts,exact,none,0.0,20,50,10,966e65e1-1b68-413b-809f-16058d36aaf9,True,0.01,2.0,22.938996899989434,3.5354125437868587,"x0,x1,x2,x3",4,0.2,0.5,,,,,,,
-0.4431970931924105,-0.07176220605864025,-0.1394084054933996,0.6924656012302587,0.836968810674568,0.0,3.5241123600928654,0.011300183693993215,110.5705864982068,2.211411729964136,0.04370269788583636,61.77394411368583,62.2534587440057,0.0,yerkes_dodson,value,ts,exact,gaussian,0.05,0,50,10,ba069d7c-5572-48a0-82bc-d05c50e7da7a,False,0.01,2.0,27.40143759996863,3.5354125437868587,"x0,x1,x2,x3",4,0.05,0.05,,,,,,,
-0.17927207365780035,-0.11457534549536058,0.01694379105441951,-0.10451373929240343,0.23764721741506956,20.0,3.5200621832799093,0.015350360506949379,86.33291519345845,1.726658303869169,0.06952644643758887,51.5366989938951,52.32579066707969,0.0,yerkes_dodson,value,ts,exact,gaussian,0.05,20,50,10,f539f1b9-b1dd-463f-a948-da96ab2e2ea5,False,0.01,2.0,28.804045400000177,3.5354125437868587,"x0,x1,x2,x3",4,0.05,0.05,,,,,,,
-0.4431970931924105,-0.07176220605864025,-0.1394084054933996,0.6924656012302587,0.836968810674568,0.0,3.4605481831800535,0.07486436060680512,88.88061589036221,1.777612317807244,0.12779571951267377,41.96237136902743,52.198320360247536,0.0,yerkes_dodson,value,ts,exact,gaussian,0.25,0,50,10,04e5cb3e-cd82-4062-8d72-6d9d3c2bafcb,False,0.01,2.0,19.999604300013743,3.5354125437868587,"x0,x1,x2,x3",4,0.25,0.25,,,,,,,
-0.08953170217066353,-0.10193620236661421,0.0030555052500999547,-0.10480297107072578,0.1714640309338623,20.0,3.5132917894489517,0.022120754337906945,92.38374232306835,1.847674846461367,0.05369980900441762,52.14553304159991,54.57399389480552,0.0,yerkes_dodson,value,ts,exact,gaussian,0.25,20,50,10,a2ae1a9d-f725-45e6-af84-15fc9726e11a,False,0.01,2.0,29.244758100016043,3.5354125437868587,"x0,x1,x2,x3",4,0.25,0.25,,,,,,,
-0.4431970931924105,-0.07176220605864025,-0.1394084054933996,0.6924656012302587,0.836968810674568,0.0,3.1897828924097373,0.3456296513771213,137.57506269338364,2.751501253867673,1.361120576925729,79.74164184424093,101.99545388217211,0.0,yerkes_dodson,value,ts,exact,gaussian,1.0,0,50,10,443a7ea0-7011-41bd-a2f5-78c99ca36327,False,0.01,2.0,25.796944800007623,3.5354125437868587,"x0,x1,x2,x3",4,1.0,1.0,,,,,,,
0.33211380043432603,0.23069433933743788,-0.15845676675672266,-0.13756726907476519,0.45557958151452693,20.0,3.4625859649352737,0.07282657885158494,95.90524986311806,1.9181049972623612,0.07855325579278816,53.65655475156353,66.41537980547996,0.0,yerkes_dodson,value,ts,exact,gaussian,1.0,20,50,10,681930f5-32c4-46ea-aa1a-3ff0eb9ddba9,False,0.01,2.0,20.042197600007057,3.5354125437868587,"x0,x1,x2,x3",4,1.0,1.0,,,,,,,
-0.4431970931924105,-0.07176220605864025,-0.1394084054933996,0.6924656012302587,0.836968810674568,0.0,1.836321851300881,1.6990906924859777,201.19129550449048,4.023825910089809,3.370778801975816,120.3982476617498,196.7985991715122,0.0,yerkes_dodson,value,ts,exact,gaussian,5.0,0,50,10,20c5bf6a-fbd8-452e-9b21-35ba442bf259,False,0.01,2.0,21.52649979997659,3.5354125437868587,"x0,x1,x2,x3",4,5.0,5.0,,,,,,,
0.07661578135015801,-0.03708691590283125,-0.14883816813503437,-0.13071265515498098,0.21560152085395093,20.0,3.301642581312179,0.23376996247467963,166.6446907635604,3.3328938152712078,4.186689997189007,55.834921360633736,144.6142388541913,0.0,yerkes_dodson,value,ts,exact,gaussian,5.0,20,50,10,60479b99-275b-4147-bf36-564a33b541d0,False,0.01,2.0,20.642401900026016,3.5354125437868587,"x0,x1,x2,x3",4,5.0,5.0,,,,,,,
-0.4431970931924105,-0.07176220605864025,-0.1394084054933996,0.6924656012302587,0.836968810674568,0.0,3.0593887562558817,0.0,22.070999734814727,0.44141999469629456,0.0,14.36120031166783,14.36120031166783,0.0,stevens,value,ts,exact,none,0.0,0,50,10,92eb03fb-052e-48b8-8889-bc7f5a047c1a,True,0.01,2.0,27.21963449998293,3.0593887562558817,"x0,x1,x2,x3",4,0.2,0.5,,,,,,,
0.0,0.0,0.0,0.0,0.0,20.0,3.0593887562558817,0.0,22.070999734814727,0.44141999469629456,0.0,14.36120031166783,14.36120031166783,0.0,stevens,value,ts,exact,none,0.0,20,50,10,92eb03fb-052e-48b8-8889-bc7f5a047c1a,True,0.01,2.0,27.21963449998293,3.0593887562558817,"x0,x1,x2,x3",4,0.2,0.5,,,,,,,
-0.4431970931924105,-0.07176220605864025,-0.1394084054933996,0.6924656012302587,0.836968810674568,0.0,3.0593887562558817,0.0,23.07116404141267,0.46142328082825335,0.0,15.25246428256058,15.278443820461737,0.0,stevens,value,ts,exact,gaussian,0.05,0,50,10,da42cc43-fe70-4fc1-9769-9cdbbf7fa9e9,False,0.01,2.0,28.601782299985643,3.0593887562558817,"x0,x1,x2,x3",4,0.05,0.05,,,,,,,
0.0,0.0,0.0,0.0,0.0,20.0,3.0593887562558817,0.0,22.204756526044257,0.4440951305208851,0.0,14.36120031166783,14.36120031166783,0.0,stevens,value,ts,exact,gaussian,0.05,20,50,10,b52c310f-40e3-43d7-8adc-98e3896c54eb,False,0.01,2.0,20.4690552999964,3.0593887562558817,"x0,x1,x2,x3",4,0.05,0.05,,,,,,,
-0.4431970931924105,-0.07176220605864025,-0.1394084054933996,0.6924656012302587,0.836968810674568,0.0,3.0593887562558817,0.0,35.15117568584664,0.7030235137169327,0.0,21.257633722144583,24.907806571344985,0.0,stevens,value,ts,exact,gaussian,0.25,0,50,10,2ae346e2-6c64-4d52-9dbf-938e7d037e09,False,0.01,2.0,31.976974799996242,3.0593887562558817,"x0,x1,x2,x3",4,0.25,0.25,,,,,,,
0.0,0.0,0.0,0.0,0.0,20.0,3.0593887562558817,0.0,23.258862027493798,0.46517724054987597,0.0,14.36120031166783,14.36120031166783,0.0,stevens,value,ts,exact,gaussian,0.25,20,50,10,3517ed6a-33e1-4c8e-beb2-fa252f7e3d4f,False,0.01,2.0,23.874687400006223,3.0593887562558817,"x0,x1,x2,x3",4,0.25,0.25,,,,,,,
-0.4431970931924105,-0.07176220605864025,-0.1394084054933996,0.6924656012302587,0.836968810674568,0.0,3.0593887562558817,0.0,102.22445642606617,2.0444891285213234,0.692737893323061,31.26574788866996,77.17548030593845,0.0,stevens,value,ts,exact,gaussian,1.0,0,50,10,e7e944ce-0954-4cc2-b654-2cd01e56fb54,False,0.01,2.0,20.89439610001864,3.0593887562558817,"x0,x1,x2,x3",4,1.0,1.0,,,,,,,
0.0,0.0,0.0,0.0,0.0,20.0,3.0593887562558817,0.0,24.753107938676035,0.49506215877352067,0.09770284012322383,14.36120031166783,15.777891493454577,0.0,stevens,value,ts,exact,gaussian,1.0,20,50,10,4270b88e-d429-4a80-94c9-defe54cbea5f,False,0.01,2.0,16.874048300029244,3.0593887562558817,"x0,x1,x2,x3",4,1.0,1.0,,,,,,,
-0.4431970931924105,-0.07176220605864025,-0.1394084054933996,0.6924656012302587,0.836968810674568,0.0,3.0593887562558817,0.0,129.29359939194012,2.5858719878388023,0.8276534699743219,35.21074228290635,93.60810282165386,0.0,stevens,value,ts,exact,gaussian,5.0,0,50,10,2fc649f1-8b54-4730-8694-c0dd07f3d718,False,0.01,2.0,19.462678399984725,3.0593887562558817,"x0,x1,x2,x3",4,5.0,5.0,,,,,,,
0.0,0.0,0.0,0.0,0.0,20.0,3.0593887562558817,0.0,130.68595467718418,2.6137190935436836,5.68117088401752,14.36120031166783,130.825203434027,0.0,stevens,value,ts,exact,gaussian,5.0,20,50,10,2a3ec035-545e-4709-82ce-170902a94867,False,0.01,2.0,17.783571799984202,3.0593887562558817,"x0,x1,x2,x3",4,5.0,5.0,,,,,,,
-4.431970931924105,-0.7176220605864025,-1.3940840549339955,6.924656012302586,8.369688106745679,0.0,5.402837764670362,0.0,57.68344400294158,1.1536688800588315,0.0,48.7640214564597,48.7640214564597,0.0,hicks_law,value,ts,exact,none,0.0,0,50,10,b2445f41-27d7-4eec-a1f0-af5df5849496,True,0.01,2.0,20.00795780000044,5.402837764670362,"x0,x1,x2,x3",4,0.2,0.5,,,,,,,
0.0,0.0,0.0,0.0,0.0,20.0,5.402837764670362,0.0,57.68344400294158,1.1536688800588315,0.0,48.7640214564597,48.7640214564597,0.0,hicks_law,value,ts,exact,none,0.0,20,50,10,b2445f41-27d7-4eec-a1f0-af5df5849496,True,0.01,2.0,20.00795780000044,5.402837764670362,"x0,x1,x2,x3",4,0.2,0.5,,,,,,,
-4.431970931924105,-0.7176220605864025,-1.3940840549339955,6.924656012302586,8.369688106745679,0.0,5.402837764670362,0.0,52.72202004177428,1.0544404008354855,0.0,42.56545689670433,42.56545689670433,0.0,hicks_law,value,ts,exact,gaussian,0.05,0,50,10,221f22bd-7a8b-4209-8103-b56dd0030aff,False,0.01,2.0,31.974771600042004,5.402837764670362,"x0,x1,x2,x3",4,0.05,0.05,,,,,,,
0.0,0.0,0.0,0.0,0.0,20.0,5.402837764670362,0.0,57.68344400294158,1.1536688800588315,0.0,48.7640214564597,48.7640214564597,0.0,hicks_law,value,ts,exact,gaussian,0.05,20,50,10,68c4f0db-b5e2-433e-abcc-d83b56dd54ed,False,0.01,2.0,21.937570100009907,5.402837764670362,"x0,x1,x2,x3",4,0.05,0.05,,,,,,,
-4.431970931924105,-0.7176220605864025,-1.3940840549339955,6.924656012302586,8.369688106745679,0.0,5.402837764670362,0.0,43.44317777705823,0.8688635555411647,0.0,35.12613078829858,36.008664360417114,0.0,hicks_law,value,ts,exact,gaussian,0.25,0,50,10,643b8c5b-78d8-4f6f-8c0d-d18cdc5a3463,False,0.01,2.0,21.221157899999525,5.402837764670362,"x0,x1,x2,x3",4,0.25,0.25,,,,,,,
0.0,0.0,0.0,0.0,0.0,20.0,5.402837764670362,0.0,57.68344400294158,1.1536688800588315,0.0,48.7640214564597,48.7640214564597,0.0,hicks_law,value,ts,exact,gaussian,0.25,20,50,10,b51025b2-750b-47e7-aaa1-9b7d206bfbdf,False,0.01,2.0,17.801536899991333,5.402837764670362,"x0,x1,x2,x3",4,0.25,0.25,,,,,,,
-4.431970931924105,-0.7176220605864025,-1.3940840549339955,6.924656012302586,8.369688106745679,0.0,5.402837764670362,0.0,117.63091688996343,2.3526183377992687,0.0,80.77860490752062,91.40718440366267,0.0,hicks_law,value,ts,exact,gaussian,1.0,0,50,10,1fdd39c2-236e-4fa9-a1af-3d6d61d97750,False,0.01,2.0,15.584300900052767,5.402837764670362,"x0,x1,x2,x3",4,1.0,1.0,,,,,,,
0.0,0.0,0.0,0.0,0.0,20.0,5.402837764670362,0.0,59.59773760241277,1.1919547520482554,0.0,48.7640214564597,48.7640214564597,0.0,hicks_law,value,ts,exact,gaussian,1.0,20,50,10,d672487b-efb9-442b-8979-40821c4a2fed,False,0.01,2.0,14.732643700030167,5.402837764670362,"x0,x1,x2,x3",4,1.0,1.0,,,,,,,
-4.431970931924105,-0.7176220605864025,-1.3940840549339955,6.924656012302586,8.369688106745679,0.0,4.025035913989923,1.3778018506804388,242.4161987676424,4.848323975352848,6.510037983721444,102.4279851476071,265.2462404516094,0.0,hicks_law,value,ts,exact,gaussian,5.0,0,50,10,0a361b85-743e-4873-9d2b-c45f3641797c,False,0.01,2.0,17.27369310002541,5.402837764670362,"x0,x1,x2,x3",4,5.0,5.0,,,,,,,
0.0,3.1469414313233357,0.0,0.0,3.1469414313233357,20.0,5.402837764670362,0.0,136.22168156604172,2.7244336313208346,1.9019980400049072,48.7640214564597,93.84633074327368,0.0,hicks_law,value,ts,exact,gaussian,5.0,20,50,10,db84d155-3dfd-4ed9-be6a-343bb78418dc,False,0.01,2.0,14.83434069994837,5.402837764670362,"x0,x1,x2,x3",4,5.0,5.0,,,,,,,
-0.4431970931924105,-0.07176220605864025,-0.1394084054933996,0.6924656012302587,0.836968810674568,0.0,2.153305282720616,0.0,11.766674802849428,0.23533349605698856,0.0,7.305075918705487,7.305075918705487,0.0,weber_fechner,value,ts,exact,none,0.0,0,50,10,3a6b8985-eae9-4762-bb69-b456705445a9,True,0.01,2.0,36.77547799999593,2.153305282720616,"x0,x1,x2,x3",4,0.2,0.5,,,,,,,
0.0,0.0,0.024005580269190863,0.0,0.024005580269190863,20.0,2.153305282720616,0.0,11.766674802849428,0.23533349605698856,0.0,7.305075918705487,7.305075918705487,0.0,weber_fechner,value,ts,exact,none,0.0,20,50,10,3a6b8985-eae9-4762-bb69-b456705445a9,True,0.01,2.0,36.77547799999593,2.153305282720616,"x0,x1,x2,x3",4,0.2,0.5,,,,,,,
-0.4431970931924105,-0.07176220605864025,-0.1394084054933996,0.6924656012302587,0.836968810674568,0.0,2.153305282720616,0.0,44.793935735394356,0.8958787147078872,0.003636729958996554,16.52127039859153,17.012248581764233,0.0,weber_fechner,value,ts,exact,gaussian,0.05,0,50,10,7705f30d-7c53-4f32-9ad2-26a59f813ace,False,0.01,2.0,22.556023099983577,2.153305282720616,"x0,x1,x2,x3",4,0.05,0.05,,,,,,,
0.0,0.0,-0.01117791639835164,0.0,0.01117791639835164,20.0,2.153305282720616,0.0,11.882370959075711,0.23764741918151422,0.0,7.305075918705487,7.345803737614613,0.0,weber_fechner,value,ts,exact,gaussian,0.05,20,50,10,34b11c7f-92e9-472a-84d8-bab6157a316d,False,0.01,2.0,18.544647999980953,2.153305282720616,"x0,x1,x2,x3",4,0.05,0.05,,,,,,,
-0.4431970931924105,-0.07176220605864025,-0.1394084054933996,0.6924656012302587,0.836968810674568,0.0,2.153305282720616,0.0,43.612095906146976,0.8722419181229395,0.13642698897231575,12.751198128217201,22.07925040947495,0.0,weber_fechner,value,ts,exact,gaussian,0.25,0,50,10,b4c446ce-59ab-4495-b2a8-f174bf5e837d,False,0.01,2.0,17.51089969999157,2.153305282720616,"x0,x1,x2,x3",4,0.25,0.25,,,,,,,
0.0,0.0,0.013891139847561074,0.0,0.013891139847561074,20.0,2.153305282720616,0.0,12.810168602863714,0.2562033720572743,0.01247933263463663,7.305075918705487,7.975399703547096,0.0,weber_fechner,value,ts,exact,gaussian,0.25,20,50,10,8a8c0ba9-f7f4-4fce-b23e-032acb546b3d,False,0.01,2.0,15.905430599988904,2.153305282720616,"x0,x1,x2,x3",4,0.25,0.25,,,,,,,
-0.4431970931924105,-0.07176220605864025,-0.1394084054933996,0.6924656012302587,0.836968810674568,0.0,2.105968478891859,0.047336803828756935,97.33229549457744,1.9466459098915487,0.2142597901830685,20.71464680191633,58.265161600499404,0.0,weber_fechner,value,ts,exact,gaussian,1.0,0,50,10,1bcefdc8-b057-4c42-9f36-65d9f7aed2a5,False,0.01,2.0,16.293061999953352,2.153305282720616,"x0,x1,x2,x3",4,1.0,1.0,,,,,,,
0.0,0.0,0.024005580269190863,0.0,0.024005580269190863,20.0,2.153305282720616,0.0,51.92881595734149,1.0385763191468298,0.0,7.305075918705487,7.3186518583418625,0.0,weber_fechner,value,ts,exact,gaussian,1.0,20,50,10,4fda0289-d909-4142-8f89-f45c9879f499,False,0.01,2.0,16.61184620001586,2.153305282720616,"x0,x1,x2,x3",4,1.0,1.0,,,,,,,
-0.4431970931924105,-0.07176220605864025,-0.1394084054933996,0.6924656012302587,0.836968810674568,0.0,1.6684920912315908,0.484813191489025,128.72067027230733,2.5744134054461467,2.6318079788158895,29.291319725766087,105.75985085582914,0.0,weber_fechner,value,ts,exact,gaussian,5.0,0,50,10,f203cb8e-9d6e-4580-bdd9-f6ff57601720,False,0.01,2.0,16.278494900034275,2.153305282720616,"x0,x1,x2,x3",4,5.0,5.0,,,,,,,
0.0,0.0,0.024005580269190863,0.0,0.024005580269190863,20.0,2.153305282720616,0.0,82.02084444947914,1.640416888989583,3.812313943939259,7.305075918705487,85.57969522618767,0.0,weber_fechner,value,ts,exact,gaussian,5.0,20,50,10,050eaeba-8cfc-49ce-9298-401d114af766,False,0.01,2.0,18.48592390003614,2.153305282720616,"x0,x1,x2,x3",4,5.0,5.0,,,,,,,
-12.355727943147986,7.361574757307334,-1.502860411321075,13.556436278855504,31.125862049461226,0.0,1.0479279179172172,1.576552413861395,287.8655934928569,5.757311869857137,1.576552413861395,104.50415126106545,104.50415126106545,0.0,levy_10,value,ts,exact,none,0.0,0,50,10,22edb80f-5946-4916-b1ce-53eecfd67191,True,0.01,2.0,44.78462509997189,2.6244803317786123,"x0,x1,x2,x3,x4,x5,x6,x7,x8,x9,x10",11,0.2,0.5,8.41267708830033,0.18150181831441348,1.1308746252561264,-14.047926608889131,9.620395174159006,-14.616231395576778,0.5581368704161598
-3.671832391240968,15.319114638711584,18.674919600539532,2.7449488986905957,46.39062616014913,20.0,1.0479279179172172,1.576552413861395,287.8655934928569,5.757311869857137,1.576552413861395,104.50415126106545,104.50415126106545,0.0,levy_10,value,ts,exact,none,0.0,20,50,10,22edb80f-5946-4916-b1ce-53eecfd67191,True,0.01,2.0,44.78462509997189,2.6244803317786123,"x0,x1,x2,x3,x4,x5,x6,x7,x8,x9,x10",11,0.2,0.5,7.941667388876558,8.599919860692411,16.169313022571068,-20.0,-2.703106042864426,18.489538505262573,-20.0
-12.355727943147986,7.361574757307334,-1.502860411321075,13.556436278855504,31.125862049461226,0.0,2.136968449463923,0.48751188231468934,245.5112674257549,4.910225348515098,0.48751188231468934,98.47911937441957,98.47911937441957,0.0,levy_10,value,ts,exact,gaussian,0.05,0,50,10,cd15ceba-8b3c-4d6d-af03-a25e96c8693c,False,0.01,2.0,40.2424381999881,2.6244803317786123,"x0,x1,x2,x3,x4,x5,x6,x7,x8,x9,x10",11,0.05,0.05,8.41267708830033,0.18150181831441348,1.1308746252561264,-14.047926608889131,9.620395174159006,-14.616231395576778,0.5581368704161598
-3.6901164346952617,15.319114638711584,18.66569915463239,2.7690232064882263,46.40564842256117,20.0,1.0409896973926132,1.5834906343859991,291.4696087943402,5.829392175886804,1.5834906343859991,103.50018710914624,103.50018710914624,0.0,levy_10,value,ts,exact,gaussian,0.05,20,50,10,f2e63a3a-d963-43b3-9a18-62ceb8a861f9,False,0.01,2.0,48.069072799989954,2.6244803317786123,"x0,x1,x2,x3,x4,x5,x6,x7,x8,x9,x10",11,0.05,0.05,7.967936052111985,8.58735093737871,16.20970103510173,-20.0,-2.6959442902688915,18.489538505262573,-20.0
-12.355727943147986,7.361574757307334,-1.502860411321075,13.556436278855504,31.125862049461226,0.0,1.3116008193475122,1.3128795124311001,263.2356565194257,5.264713130388514,1.3128795124311001,104.72971098085817,112.35366276795648,0.0,levy_10,value,ts,exact,gaussian,0.25,0,50,10,06aeffab-818d-4d7a-afb0-a6bee87180b8,False,0.01,2.0,58.75574279995635,2.6244803317786123,"x0,x1,x2,x3,x4,x5,x6,x7,x8,x9,x10",11,0.25,0.25,8.41267708830033,0.18150181831441348,1.1308746252561264,-14.047926608889131,9.620395174159006,-14.616231395576778,0.5581368704161598
-3.6824903024279285,15.319114638711584,18.870317253809965,2.682936680199904,46.566693249682096,20.0,0.5338039560395543,2.090676375739058,305.90180645237444,6.118036129047489,2.090676375739058,105.27533720388195,105.27533720388195,0.0,levy_10,value,ts,exact,gaussian,0.25,20,50,10,cf575181-7fe9-4fc7-95af-5273bf57c355,False,0.01,2.0,68.72713060001843,2.6244803317786123,"x0,x1,x2,x3,x4,x5,x6,x7,x8,x9,x10",11,0.25,0.25,8.337029513114631,8.311730636599655,16.41834214374305,-20.0,-2.6302033029015623,18.489538505262573,-20.0
-12.355727943147986,7.361574757307334,-1.502860411321075,13.556436278855504,31.125862049461226,0.0,0.45606599894833727,2.168414332830275,292.4487235571793,5.848974471143586,2.4844851792111715,107.7240828522553,123.43498964428278,0.0,levy_10,value,ts,exact,gaussian,1.0,0,50,10,d9440773-fade-46cd-98db-84588cc68d42,False,0.01,2.0,70.74279230000684,2.6244803317786123,"x0,x1,x2,x3,x4,x5,x6,x7,x8,x9,x10",11,1.0,1.0,8.41267708830033,0.18150181831441348,1.1308746252561264,-14.047926608889131,9.620395174159006,-14.616231395576778,0.5581368704161598
-3.748599614472349,15.319114638711584,18.678177504247415,2.723549922621478,46.57175490309003,20.0,0.5338039560395543,2.090676375739058,284.00818357546996,5.6801636715093995,2.090676375739058,105.27533720388195,105.27533720388195,0.0,levy_10,value,ts,exact,gaussian,1.0,20,50,10,873a35dd-a7db-4503-a9ae-a7d05c1f8b27,False,0.01,2.0,43.75228059996152,2.6244803317786123,"x0,x1,x2,x3,x4,x5,x6,x7,x8,x9,x10",11,1.0,1.0,8.420204831271624,8.116965215080565,16.67079593383707,-20.0,-2.710276443477869,18.489538505262573,-20.0
-12.355727943147986,7.361574757307334,-1.502860411321075,13.556436278855504,31.125862049461226,0.0,0.45606599894833727,2.168414332830275,345.5333382713749,6.910666765427497,3.7343933772420166,107.7240828522553,234.33462699025088,0.0,levy_10,value,ts,exact,gaussian,5.0,0,50,10,cf1e4fe8-9836-40da-a037-75653a0ef5c4,False,0.01,2.0,43.299438300018664,2.6244803317786123,"x0,x1,x2,x3,x4,x5,x6,x7,x8,x9,x10",11,5.0,5.0,8.41267708830033,0.18150181831441348,1.1308746252561264,-14.047926608889131,9.620395174159006,-14.616231395576778,0.5581368704161598
-5.811021434648145,0.18713998014888933,5.686503215025143,-2.9904893481652204,38.11112654414243,20.0,0.5338039560395543,2.090676375739058,293.9214406165703,5.878428812331406,4.9573658062884185,105.27533720388195,170.69208379036053,0.0,levy_10,value,ts,exact,gaussian,5.0,20,50,10,a5c8e7e1-da59-4848-be09-848c527f5ac4,False,0.01,2.0,36.91671949997544,2.6244803317786123,"x0,x1,x2,x3,x4,x5,x6,x7,x8,x9,x10",11,5.0,5.0,14.919224655076345,3.161414393039113,16.592205811991484,-10.992535815611875,-18.61126521911703,-1.5104614947374273,-20.0
-130.61818813895127,-59.80127948505765,,,143.656897156915,0.0,2.3832245011091806,0.8218210299458781,159.64138057466778,3.1928276114933554,0.8218210299458781,42.013161576005004,42.013161576005004,0.0,eggholder,value,ts,exact,none,0.0,0,50,10,3d611deb-c273-48be-a0be-02f46f7df6f9,True,0.01,2.0,16.206726300006267,3.2050455310550587,"x0,x1",2,0.2,0.5,,,,,,,
367.3738372568785,-352.818425372917,,,509.35682736512723,20.0,2.3832245011091806,0.8218210299458781,159.64138057466778,3.1928276114933554,0.8218210299458781,42.013161576005004,42.013161576005004,0.0,eggholder,value,ts,exact,none,0.0,20,50,10,3d611deb-c273-48be-a0be-02f46f7df6f9,True,0.01,2.0,16.206726300006267,3.2050455310550587,"x0,x1",2,0.2,0.5,,,,,,,
-130.61818813895127,-59.80127948505765,,,143.656897156915,0.0,2.9338227378533164,0.27122279320174236,152.05278862126096,3.041055772425219,0.27122279320174236,30.94760761208807,30.94760761208807,0.0,eggholder,value,ts,exact,gaussian,0.05,0,50,10,5bc792a2-8573-47ef-8afe-dad058011c05,False,0.01,2.0,13.769281600019895,3.2050455310550587,"x0,x1",2,0.05,0.05,,,,,,,
366.15582014808217,-354.184070011161,,,509.4275611684017,20.0,2.331166856074644,0.8738786749804146,159.0514319842475,3.18102863968495,0.8738786749804146,42.82005507404031,42.82005507404031,0.0,eggholder,value,ts,exact,gaussian,0.05,20,50,10,90a82fb8-1c56-40f4-bd41-cb75c3793820,False,0.01,2.0,13.265075200004503,3.2050455310550587,"x0,x1",2,0.05,0.05,,,,,,,
-130.61818813895127,-59.80127948505765,,,143.656897156915,0.0,2.7659149170950283,0.4391306139600304,159.76767324867336,3.195353464973467,0.5460476670594718,32.054730677318844,34.460364372056276,0.0,eggholder,value,ts,exact,gaussian,0.25,0,50,10,0d9e49ed-08ad-40ac-be5c-188c2af06c91,False,0.01,2.0,13.335258600011002,3.2050455310550587,"x0,x1",2,0.25,0.25,,,,,,,
358.3922789232065,-362.654834388582,,,509.86621235102376,20.0,2.331166856074644,0.8738786749804146,163.74684395223457,3.2749368790446916,0.8738786749804146,42.82005507404031,42.82005507404031,0.0,eggholder,value,ts,exact,gaussian,0.25,20,50,10,5c281421-f6ec-42c5-91bc-2e8026ff86d5,False,0.01,2.0,13.687953700020444,3.2050455310550587,"x0,x1",2,0.25,0.25,,,,,,,
-130.61818813895127,-59.80127948505765,,,143.656897156915,0.0,3.0200488646558634,0.18499666639919532,155.84252426025017,3.1168504852050036,0.7518772570182972,13.542569709338496,93.17799892846494,0.0,eggholder,value,ts,exact,gaussian,1.0,0,50,10,d367b23b-b838-49ab-bcc2-9bfc01dafa70,False,0.01,2.0,13.594895799993537,3.2050455310550587,"x0,x1",2,1.0,1.0,,,,,,,
924.8059648041851,-276.0566667441747,,,965.1286731785063,20.0,2.7094933850975402,0.4955521459575185,144.1848340612265,2.8836966812245297,0.6703779922494739,36.577667345162524,36.6650802683085,0.0,eggholder,value,ts,exact,gaussian,1.0,20,50,10,461590e9-8982-4ebf-8eb0-e224fd6d5a5c,False,0.01,2.0,12.721894399961457,3.2050455310550587,"x0,x1",2,1.0,1.0,,,,,,,
-130.61818813895127,-59.80127948505765,,,143.656897156915,0.0,2.581454210304106,0.6235913207509527,187.93454583366406,3.7586909166732814,4.464592365357426,36.93830224964796,128.3476975643123,0.0,eggholder,value,ts,exact,gaussian,5.0,0,50,10,074d09a3-4148-4b72-afc9-7f91262f6100,False,0.01,2.0,12.210795799968764,3.2050455310550587,"x0,x1",2,5.0,5.0,,,,,,,
345.6586153199827,-421.89956096240894,,,545.4164627926087,20.0,2.331166856074644,0.8738786749804146,155.16766830959827,3.1033533661919654,2.6940420797441273,42.82005507404031,85.58256520357834,0.0,eggholder,value,ts,exact,gaussian,5.0,20,50,10,9c2be2da-8a93-4445-a15b-80b52a220433,False,0.01,2.0,12.166560399986338,3.2050455310550587,"x0,x1",2,5.0,5.0,,,,,,,
-0.4431970931924105,-0.07176220605864025,-0.1394084054933996,0.6924656012302587,0.836968810674568,0.0,1.7175746997911816,0.0,8.236164711805927,0.16472329423611853,0.0,5.3565078523496314,5.3565078523496314,0.0,power_law_practice,value,ts,exact,none,0.0,0,50,10,6f8a7015-7a8c-432b-8d12-5f53201d2520,True,0.01,2.0,15.525184199970681,1.7175746997911816,"x0,x1,x2,x3",4,0.2,0.5,,,,,,,
0.0,0.0,0.14468417542381373,0.0,0.14468417542381373,20.0,1.7175746997911816,0.0,8.236164711805927,0.16472329423611853,0.0,5.3565078523496314,5.3565078523496314,0.0,power_law_practice,value,ts,exact,none,0.0,20,50,10,6f8a7015-7a8c-432b-8d12-5f53201d2520,True,0.01,2.0,15.525184199970681,1.7175746997911816,"x0,x1,x2,x3",4,0.2,0.5,,,,,,,
-0.4431970931924105,-0.07176220605864025,-0.1394084054933996,0.6924656012302587,0.836968810674568,0.0,1.7175746997911816,0.0,9.091803596598886,0.18183607193197773,0.0,5.282683355767343,5.282683355767343,0.0,power_law_practice,value,ts,exact,gaussian,0.05,0,50,10,52fba5d3-dfd5-43de-85b4-48556c065937,False,0.01,2.0,18.920000200043432,1.7175746997911816,"x0,x1,x2,x3",4,0.05,0.05,,,,,,,
0.0,0.0,0.14468417542381373,0.0,0.14468417542381373,20.0,1.7175746997911816,0.0,8.246233716201312,0.16492467432402624,0.0,5.3565078523496314,5.3565078523496314,0.0,power_law_practice,value,ts,exact,gaussian,0.05,20,50,10,4c458e2f-b7b0-4bcb-b1fa-252a3eeb81f5,False,0.01,2.0,15.66193329996895,1.7175746997911816,"x0,x1,x2,x3",4,0.05,0.05,,,,,,,
-0.4431970931924105,-0.07176220605864025,-0.1394084054933996,0.6924656012302587,0.836968810674568,0.0,1.7175746997911816,0.0,30.540924913648276,0.6108184982729655,0.10398055842555287,9.869953798571068,17.93154648590542,0.0,power_law_practice,value,ts,exact,gaussian,0.25,0,50,10,caafb9d1-b54c-4d38-94f9-90d4e471091f,False,0.01,2.0,15.350328300031833,1.7175746997911816,"x0,x1,x2,x3",4,0.25,0.25,,,,,,,
0.0,0.0,-0.049271806023981735,0.0,0.049271806023981735,20.0,1.7175746997911816,0.0,11.06484752957449,0.2212969505914898,0.0,5.3565078523496314,5.784149474859293,0.0,power_law_practice,value,ts,exact,gaussian,0.25,20,50,10,7525b1b8-8af4-43c3-a2a4-e74738e50e87,False,0.01,2.0,15.019210600003134,1.7175746997911816,"x0,x1,x2,x3",4,0.25,0.25,,,,,,,
-0.4431970931924105,-0.07176220605864025,-0.1394084054933996,0.6924656012302587,0.836968810674568,0.0,1.6048570160067497,0.11271768378443192,54.1408976551447,1.0828179531028939,1.091686184071114,21.834702072210703,54.29286569676395,0.0,power_law_practice,value,ts,exact,gaussian,1.0,0,50,10,650ace3f-2c3d-48cd-8018-28ba6b70e58f,False,0.01,2.0,17.85793509997893,1.7175746997911816,"x0,x1,x2,x3",4,1.0,1.0,,,,,,,
0.0,0.0,-0.0683229910570069,0.0,0.0683229910570069,20.0,1.7175746997911816,0.0,45.529154030931025,0.9105830806186205,0.12636358104423695,5.3565078523496314,9.043398236612317,0.0,power_law_practice,value,ts,exact,gaussian,1.0,20,50,10,47785c98-0b07-409d-962f-43bcc0091919,False,0.01,2.0,15.98964830004843,1.7175746997911816,"x0,x1,x2,x3",4,1.0,1.0,,,,,,,
-0.4431970931924105,-0.07176220605864025,-0.1394084054933996,0.6924656012302587,0.836968810674568,0.0,1.1461725881202751,0.5714021116709065,75.46106264089703,1.5092212528179405,1.4102925771296444,30.130427859528787,71.92586133072449,0.0,power_law_practice,value,ts,exact,gaussian,5.0,0,50,10,2542b688-ef10-4d2e-83c3-bbdecef8ab2e,False,0.01,2.0,16.45167280000169,1.7175746997911816,"x0,x1,x2,x3",4,5.0,5.0,,,,,,,
0.0,0.0,-0.008798496443698456,-0.06620629269551359,0.0667883727317397,20.0,1.7175746997911816,0.0,66.7475924698662,1.334951849397324,5.803733996956323,5.3565078523496314,127.69594378410754,0.0,power_law_practice,value,ts,exact,gaussian,5.0,20,50,10,b671c8af-233b-46f6-a763-e4288d6ece1c,False,0.01,2.0,16.082785000035074,1.7175746997911816,"x0,x1,x2,x3",4,5.0,5.0,,,,,,,
-1.2755682435444466,-0.5839968699712661,,,1.4028993862979984,0.0,1.250021933161458,3.353273861073092e-05,12.918916520599806,0.25837833041199615,3.353273861073092e-05,0.31313166423789696,0.31313166423789696,0.0,branin,value,ts,exact,none,0.0,0,50,10,088e880b-ff36-40a7-b021-43aaa8362f20,True,0.01,2.0,13.136080699972808,1.2500554659000687,"x0,x1",2,0.2,0.5,,,,,,,
-9.533064628045292,-2.890051990177359,,,9.96151201918747,20.0,1.250021933161458,3.353273861073092e-05,12.918916520599806,0.25837833041199615,3.353273861073092e-05,0.31313166423789696,0.31313166423789696,0.0,branin,value,ts,exact,none,0.0,20,50,10,088e880b-ff36-40a7-b021-43aaa8362f20,True,0.01,2.0,13.136080699972808,1.2500554659000687,"x0,x1",2,0.2,0.5,,,,,,,
-1.2755682435444466,-0.5839968699712661,,,1.4028993862979984,0.0,1.2484920946663258,0.0015633712337428385,16.19084356054242,0.3238168712108484,0.007173889986212378,0.43117287298593365,0.5265857730471718,0.0,branin,value,ts,exact,gaussian,0.05,0,50,10,a5ec5379-5027-415a-8084-db4b13566b8d,False,0.01,2.0,12.059430599969346,1.2500554659000687,"x0,x1",2,0.05,0.05,,,,,,,
-0.053657172545191756,-0.06397337089482047,,,0.08349661280070433,20.0,1.250021933161458,3.353273861073092e-05,15.863296059038488,0.31726592118076974,0.0013154189162938312,0.31313166423789696,0.3699807301606918,0.0,branin,value,ts,exact,gaussian,0.05,20,50,10,71f9fa7c-6a19-43b2-9b95-f710b7b33319,False,0.01,2.0,14.144131399982143,1.2500554659000687,"x0,x1",2,0.05,0.05,,,,,,,
-1.2755682435444466,-0.5839968699712661,,,1.4028993862979984,0.0,1.2473514579395064,0.002704007960562249,15.912292673420936,0.3182458534684187,0.11576329064476276,0.4105158102868939,6.768069685112136,0.0,branin,value,ts,exact,gaussian,0.25,0,50,10,776a8e84-1780-4cbb-b5e0-d3ac4f27bbde,False,0.01,2.0,11.85417070001131,1.2500554659000687,"x0,x1",2,0.25,0.25,,,,,,,
-0.019586792508350825,1.2958541544078916,,,1.2960021728133626,20.0,1.250021933161458,3.353273861073092e-05,17.981518213455107,0.35963036426910217,0.00031786362580965566,0.31313166423789696,0.41696581347151407,0.0,branin,value,ts,exact,gaussian,0.25,20,50,10,ff989f53-44f5-4714-97fc-cb1df9b908db,False,0.01,2.0,12.674950099957641,1.2500554659000687,"x0,x1",2,0.25,0.25,,,,,,,
-1.2755682435444466,-0.5839968699712661,,,1.4028993862979984,0.0,1.24981590078025,0.00023956511981859663,38.461301700179135,0.7692260340035827,0.03431732359559869,0.5023587097528386,9.433037093996337,0.0,branin,value,ts,exact,gaussian,1.0,0,50,10,ceae16e7-4c2f-405c-a218-5a20526acddd,False,0.01,2.0,12.259265600005165,1.2500554659000687,"x0,x1",2,1.0,1.0,,,,,,,
0.020792793257751185,1.6576969481055337,,,1.6578273468639189,20.0,1.250021933161458,3.353273861073092e-05,22.211849525006443,0.4442369905001289,0.010304360653053068,0.31313166423789696,3.101201847446168,0.0,branin,value,ts,exact,gaussian,1.0,20,50,10,70d018fc-3d36-4b47-828e-8bf1c28019d3,False,0.01,2.0,11.670115800050553,1.2500554659000687,"x0,x1",2,1.0,1.0,,,,,,,
-1.2755682435444466,-0.5839968699712661,,,1.4028993862979984,0.0,1.2383420700817844,0.011713395818284233,52.55396510703068,1.0510793021406135,1.020222887898996,0.7725146158133565,28.447557929177222,0.0,branin,value,ts,exact,gaussian,5.0,0,50,10,bbf0cc78-f457-4296-89db-678ae503d511,False,0.01,2.0,13.048919300024863,1.2500554659000687,"x0,x1",2,5.0,5.0,,,,,,,
0.46693537195470824,0.8317472748529768,,,0.9538512309620589,20.0,1.250021933161458,3.353273861073092e-05,35.65949545012989,0.7131899090025978,0.9181739731535846,0.31313166423789696,21.01684782408509,0.0,branin,value,ts,exact,gaussian,5.0,20,50,10,dca0cbe1-096e-4f52-9a15-af6ca0876233,False,0.01,2.0,11.61698560003424,1.2500554659000687,"x0,x1",2,5.0,5.0,,,,,,,
-0.4431970931924105,-0.07176220605864025,-0.1394084054933996,0.6924656012302587,0.836968810674568,0.0,2.3956406595488886,0.5618591220330287,113.43663052796431,2.268732610559286,0.5618591220330287,58.743831876197774,58.743831876197774,0.0,moving_peaks,value,ts,exact,none,0.0,0,50,10,93502075-ac95-4192-8267-eb036336d893,True,0.01,2.0,21.610707300016657,2.9574997815819173,"x0,x1,x2,x3",4,0.2,0.5,,,,,,,
-0.20950473628650393,0.6423153226174355,-0.1011912211179582,-0.47552736238263216,0.8323623873058804,20.0,2.3956406595488886,0.5618591220330287,113.43663052796431,2.268732610559286,0.5618591220330287,58.743831876197774,58.743831876197774,0.0,moving_peaks,value,ts,exact,none,0.0,20,50,10,93502075-ac95-4192-8267-eb036336d893,True,0.01,2.0,21.610707300016657,2.9574997815819173,"x0,x1,x2,x3",4,0.2,0.5,,,,,,,
-0.4431970931924105,-0.07176220605864025,-0.1394084054933996,0.6924656012302587,0.836968810674568,0.0,1.851810757725148,1.1056890238567694,133.25319578134005,2.665063915626801,1.1056890238567694,64.11467849779284,64.69490576485991,0.0,moving_peaks,value,ts,exact,gaussian,0.05,0,50,10,b2385a9b-c8dd-4170-a1ca-a592c4052647,False,0.01,2.0,19.92534610000439,2.9574997815819173,"x0,x1,x2,x3",4,0.05,0.05,,,,,,,
-0.20911723238403016,0.6376446845888617,-0.10501992198698429,-0.4794204280613682,0.8313807139458331,20.0,1.882436288743608,1.0750634928383094,125.85205995128587,2.5170411990257175,1.0750634928383094,63.34981273443748,63.37897670070403,0.0,moving_peaks,value,ts,exact,gaussian,0.05,20,50,10,3c0db13a-df84-4412-9b10-e5bcf4c76577,False,0.01,2.0,17.24110559996916,2.9574997815819173,"x0,x1,x2,x3",4,0.05,0.05,,,,,,,
-0.4431970931924105,-0.07176220605864025,-0.1394084054933996,0.6924656012302587,0.836968810674568,0.0,1.9231226526676863,1.034377128914231,124.32420107986792,2.4864840215973585,1.034377128914231,60.599117958002175,63.11644270142666,0.0,moving_peaks,value,ts,exact,gaussian,0.25,0,50,10,4b2e2990-b409-4f50-888a-22d33e3272f7,False,0.01,2.0,14.95009779999964,2.9574997815819173,"x0,x1,x2,x3",4,0.25,0.25,,,,,,,
-0.20388738348620125,0.6064682830770637,-0.108107007330843,-0.48226961555141845,0.8084831171035266,20.0,2.1181248978993534,0.8393748836825639,122.33868430100634,2.446773686020127,1.003847103592744,56.90054079833381,60.27222130649249,0.0,moving_peaks,value,ts,exact,gaussian,0.25,20,50,10,ab10abbe-6ba0-41cd-9999-ecfa60c0d6cc,False,0.01,2.0,16.05273550003767,2.9574997815819173,"x0,x1,x2,x3",4,0.25,0.25,,,,,,,
-0.4431970931924105,-0.07176220605864025,-0.1394084054933996,0.6924656012302587,0.836968810674568,0.0,1.8013238540372973,1.15617592754462,138.96698501170815,2.779339700234163,1.3422699059881238,66.07803345480593,99.36219137954231,0.0,moving_peaks,value,ts,exact,gaussian,1.0,0,50,10,942a83e4-1d09-4921-a4b4-04c7ef248167,False,0.01,2.0,17.25271500000963,2.9574997815819173,"x0,x1,x2,x3",4,1.0,1.0,,,,,,,
-0.19860444441496777,0.5870781032041513,-0.09820661368224048,-0.45472512409111265,0.7749347727736656,20.0,1.9940959394340363,0.963403842147881,143.37578745897434,2.867515749179487,2.128761488815888,66.38581649986104,94.68740263638364,0.0,moving_peaks,value,ts,exact,gaussian,1.0,20,50,10,bc99f9d0-a942-42bc-98b5-81cf818be851,False,0.01,2.0,16.569602800009307,2.9574997815819173,"x0,x1,x2,x3",4,1.0,1.0,,,,,,,
-0.4431970931924105,-0.07176220605864025,-0.1394084054933996,0.6924656012302587,0.836968810674568,0.0,1.7137461204878242,1.2437536610940931,173.67804078027143,3.4735608156054285,3.0394311215675653,68.36907560495503,147.1157811674575,0.0,moving_peaks,value,ts,exact,gaussian,5.0,0,50,10,97466f50-0b05-48d1-9581-056ea12b5875,False,0.01,2.0,17.164739799976815,2.9574997815819173,"x0,x1,x2,x3",4,5.0,5.0,,,,,,,
-0.1506592775275424,0.47539666362350363,-0.008762152180546323,-0.25644895611799046,0.5608413751626405,20.0,2.23273859310762,0.7247611884742975,148.7369206451997,2.974738412903994,4.085918228136478,55.34716537963194,124.25088469270665,0.0,moving_peaks,value,ts,exact,gaussian,5.0,20,50,10,ca9bd54b-3e8d-4fef-ae0b-ece43af6d1d0,False,0.01,2.0,16.555859399959445,2.9574997815819173,"x0,x1,x2,x3",4,5.0,5.0,,,,,,,
-0.8067195865469551,0.30512280635741795,-0.6925252812540241,,1.1061137750945342,0.0,3.0542232783740433,0.0006776637816843234,51.66204251703799,1.0332408503407597,0.0006776637816843234,27.072380207723743,27.072380207723743,0.0,hartmann_3,value,ts,exact,none,0.0,0,50,10,5fa30009-f54b-4d4f-bf8c-ae23b0926435,True,0.01,2.0,19.923107300011907,3.0549009421557276,"x0,x1,x2",3,0.2,0.5,,,,,,,
-0.08937456789746295,0.002574534751246693,-0.028113699395365233,,0.09372737972298464,20.0,3.0542232783740433,0.0006776637816843234,51.66204251703799,1.0332408503407597,0.0006776637816843234,27.072380207723743,27.072380207723743,0.0,hartmann_3,value,ts,exact,none,0.0,20,50,10,5fa30009-f54b-4d4f-bf8c-ae23b0926435,True,0.01,2.0,19.923107300011907,3.0549009421557276,"x0,x1,x2",3,0.2,0.5,,,,,,,
-0.8067195865469551,0.30512280635741795,-0.6925252812540241,,1.1061137750945342,0.0,3.0466172907482063,0.008283651407521297,28.81953245047235,0.576390649009447,0.013634997542598892,14.750736510198948,14.979778380530657,0.0,hartmann_3,value,ts,exact,gaussian,0.05,0,50,10,8f9812ae-75bc-4e64-aec5-ba228599409a,False,0.01,2.0,17.316363500023726,3.0549009421557276,"x0,x1,x2",3,0.05,0.05,,,,,,,
-0.08043386297294174,0.00391749758075588,-0.02640387734635652,,0.08474737659046819,20.0,3.053320882906825,0.0015800592489028098,45.33689278209055,0.906737855641811,0.0016736961762386926,27.10300745661256,27.11928855869848,0.0,hartmann_3,value,ts,exact,gaussian,0.05,20,50,10,61d2f951-545c-4e9a-9af1-5e5fb6e2bdf7,False,0.01,2.0,16.47854430001462,3.0549009421557276,"x0,x1,x2",3,0.05,0.05,,,,,,,
-0.8067195865469551,0.30512280635741795,-0.6925252812540241,,1.1061137750945342,0.0,3.042895480229206,0.012005461926521743,52.58839379074619,1.0517678758149238,0.08765281296925576,28.375494900294047,32.47700694666787,0.0,hartmann_3,value,ts,exact,gaussian,0.25,0,50,10,18434e6f-890d-4fd2-aa9f-211844a20987,False,0.01,2.0,15.238943799980916,3.0549009421557276,"x0,x1,x2",3,0.25,0.25,,,,,,,
-0.11090281383299329,0.010379933630859317,-0.022180639009515835,,0.1135744596514862,20.0,3.0457641539258886,0.009136788229838988,46.428800862253816,0.9285760172450763,0.0409506478262629,27.316714005199138,27.86723781210478,0.0,hartmann_3,value,ts,exact,gaussian,0.25,20,50,10,4cadbd43-86a9-4c9e-a0ef-1bebc123b5b1,False,0.01,2.0,15.697057300014421,3.0549009421557276,"x0,x1,x2",3,0.25,0.25,,,,,,,
-0.8067195865469551,0.30512280635741795,-0.6925252812540241,,1.1061137750945342,0.0,2.8828866737316616,0.17201426842406597,94.79339730585637,1.8958679461171275,0.8138239944759253,44.42397229214236,67.72472868415134,0.0,hartmann_3,value,ts,exact,gaussian,1.0,0,50,10,bb9d7ba9-e2d7-4e19-a687-f858566bb39e,False,0.01,2.0,14.577516000019386,3.0549009421557276,"x0,x1,x2",3,1.0,1.0,,,,,,,
-0.14737169834183944,0.012705108801768783,-0.021715159902443992,,0.1495037973812425,20.0,3.03524597980898,0.019654962346747684,79.86531843693605,1.597306368738721,0.12826869012151443,27.515859001692778,30.611350243273634,0.0,hartmann_3,value,ts,exact,gaussian,1.0,20,50,10,2e6c4508-56b7-435c-baad-6efa15a7e6d3,False,0.01,2.0,13.981325400003698,3.0549009421557276,"x0,x1,x2",3,1.0,1.0,,,,,,,
-0.8067195865469551,0.30512280635741795,-0.6925252812540241,,1.1061137750945342,0.0,2.806337585956553,0.24856335619917447,141.91293798328599,2.83825875966572,4.041491473973186,54.91118117754886,170.94730537529242,0.0,hartmann_3,value,ts,exact,gaussian,5.0,0,50,10,5a956b3b-5453-4287-8152-ed46034459f8,False,0.01,2.0,15.029433200019412,3.0549009421557276,"x0,x1,x2",3,5.0,5.0,,,,,,,
-0.18881858729664452,0.020368368775682266,-0.022861343296821213,,0.19128505004996565,20.0,3.03524597980898,0.019654962346747684,136.68531999373886,2.733706399874777,3.960809761277566,27.515859001692778,115.33160440648665,0.0,hartmann_3,value,ts,exact,gaussian,5.0,20,50,10,9b42cc46-0e96-4c7d-be03-747fd31c17a5,False,0.01,2.0,13.314089099992998,3.0549009421557276,"x0,x1,x2",3,5.0,5.0,,,,,,,
-0.4431970931924105,-0.07176220605864025,-0.1394084054933996,0.6924656012302587,0.836968810674568,0.0,1.29037464025025,5.37548773937857e-07,8.132693880663146,0.16265387761326291,5.37548773937857e-07,1.5097988038271704,1.5097988038271704,0.0,steering_law,value,ts,exact,none,0.0,0,50,10,48854beb-943d-495a-91b7-5bc7a35b2d30,True,0.01,2.0,25.140401099983137,1.290375177799024,"x0,x1,x2,x3",4,0.2,0.5,,,,,,,
0.22751664892217988,0.0,-0.0408142709911582,0.0,0.23114850259804443,20.0,1.29037464025025,5.37548773937857e-07,8.132693880663146,0.16265387761326291,5.37548773937857e-07,1.5097988038271704,1.5097988038271704,0.0,steering_law,value,ts,exact,none,0.0,20,50,10,48854beb-943d-495a-91b7-5bc7a35b2d30,True,0.01,2.0,25.140401099983137,1.290375177799024,"x0,x1,x2,x3",4,0.2,0.5,,,,,,,
-0.4431970931924105,-0.07176220605864025,-0.1394084054933996,0.6924656012302587,0.836968810674568,0.0,1.2903714689045713,3.708894452669753e-06,11.100500106260615,0.2220100021252123,0.0071559567975953975,1.550479163820172,2.1056022134262906,0.0,steering_law,value,ts,exact,gaussian,0.05,0,50,10,16a0d512-08be-401b-a71d-9ce6e5a85520,False,0.01,2.0,18.756191299995407,1.290375177799024,"x0,x1,x2,x3",4,0.05,0.05,,,,,,,
0.2277765939043736,0.0,-0.018751664106847588,0.0,0.22854715407865828,20.0,1.2903366874409143,3.8490358109655176e-05,10.439696508582191,0.20879393017164383,0.002612154948149703,1.5106142789214005,1.5815944492725666,0.0,steering_law,value,ts,exact,gaussian,0.05,20,50,10,9761813b-81ce-46fa-8622-2d7465a94626,False,0.01,2.0,20.857508499990217,1.290375177799024,"x0,x1,x2,x3",4,0.05,0.05,,,,,,,
-0.4431970931924105,-0.07176220605864025,-0.1394084054933996,0.6924656012302587,0.836968810674568,0.0,1.2727585245608073,0.017616653238216706,19.670363755523443,0.39340727511046886,0.017616653238216706,3.0676844327055206,11.607221646416637,0.0,steering_law,value,ts,exact,gaussian,0.25,0,50,10,cd40753d-d4d1-42ee-8b88-6848f2f168c7,False,0.01,2.0,14.930581099994015,1.290375177799024,"x0,x1,x2,x3",4,0.25,0.25,,,,,,,
0.6137355913488758,0.0,-0.031435652041156836,0.0,0.6145401340088432,20.0,1.2903366874409143,3.8490358109655176e-05,10.491154528317493,0.20982309056634985,0.04499655576536021,1.5106142789214005,2.427951297611938,0.0,steering_law,value,ts,exact,gaussian,0.25,20,50,10,d6b7933f-f88e-43d2-a354-b37356a7cb5c,False,0.01,2.0,17.368874399980996,1.290375177799024,"x0,x1,x2,x3",4,0.25,0.25,,,,,,,
-0.4431970931924105,-0.07176220605864025,-0.1394084054933996,0.6924656012302587,0.836968810674568,0.0,1.2052341081578217,0.08514106964120227,60.863876122814105,1.2172775224562822,0.18857900614531808,5.400761674771132,10.248213847862905,0.0,steering_law,value,ts,exact,gaussian,1.0,0,50,10,af61b92d-8f6e-424d-a3d4-0afae3c6997b,False,0.01,2.0,15.53826600004686,1.290375177799024,"x0,x1,x2,x3",4,1.0,1.0,,,,,,,
0.6742737068126075,0.0,-0.032913215979949895,0.0,0.6750765226883223,20.0,1.2903622693186743,1.2908480349738127e-05,11.935467210663539,0.23870934421327078,0.038303601208724336,1.5102945054494017,2.602095957735621,0.0,steering_law,value,ts,exact,gaussian,1.0,20,50,10,6c38222d-1202-474b-a97b-7388def72d24,False,0.01,2.0,15.273406299995258,1.290375177799024,"x0,x1,x2,x3",4,1.0,1.0,,,,,,,
-0.4431970931924105,-0.07176220605864025,-0.1394084054933996,0.6924656012302587,0.836968810674568,0.0,1.2086350916825142,0.08174008611650985,66.04572536450748,1.3209145072901496,1.3456473545730216,7.405212128449621,41.21757677838695,0.0,steering_law,value,ts,exact,gaussian,5.0,0,50,10,760cb524-603d-457c-9183-7fb7ffcb47c0,False,0.01,2.0,16.749432899989188,1.290375177799024,"x0,x1,x2,x3",4,5.0,5.0,,,,,,,
0.6742737068126075,0.0,-0.01648177476887569,0.0,0.6744751148844159,20.0,1.2903366874409143,3.8490358109655176e-05,33.504961381869286,0.6700992276373857,0.3037393059739465,1.5106142789214005,8.393876895992781,0.0,steering_law,value,ts,exact,gaussian,5.0,20,50,10,35608e96-1873-4f47-bae3-067dad372ab6,False,0.01,2.0,17.832580699992832,1.290375177799024,"x0,x1,x2,x3",4,5.0,5.0,,,,,,,
-69.77955193800335,-443.40469564898035,416.1961148021012,711.8335013093259,1096.3402760066645,0.0,2.737112319533013,0.016743496125957602,64.76581325435323,1.2953162650870647,0.016743496125957602,34.66448342212731,34.66448342212731,0.0,griewank,value,ts,exact,none,0.0,0,50,11,3f9697e9-ffbd-49ce-963b-29896e4a17b7,True,0.01,2.0,20.5853727000067,2.7538558156589708,"x0,x1,x2,x3,x4,x5",6,0.2,0.5,265.280446982802,-500.1852013885283,,,,,
-343.20394107513107,166.84936670810214,26.581465757532463,25.399449129136613,484.55189046684217,20.0,2.737112319533013,0.016743496125957602,64.76581325435323,1.2953162650870647,0.016743496125957602,34.66448342212731,34.66448342212731,0.0,griewank,value,ts,exact,none,0.0,20,50,11,3f9697e9-ffbd-49ce-963b-29896e4a17b7,True,0.01,2.0,20.5853727000067,2.7538558156589708,"x0,x1,x2,x3,x4,x5",6,0.2,0.5,278.4428473375974,-101.39404638953302,,,,,
-69.77955193800335,-443.40469564898035,416.1961148021012,711.8335013093259,1096.3402760066645,0.0,2.7262595791676048,0.027596236491366,75.99247686014411,1.5198495372028822,0.10456770796158699,38.3102122593162,39.53558107790878,0.0,griewank,value,ts,exact,gaussian,0.05,0,50,11,7d2b86f4-b110-4d0a-936b-ee968bfe9ae9,False,0.01,2.0,24.124669199984055,2.7538558156589708,"x0,x1,x2,x3,x4,x5",6,0.05,0.05,265.280446982802,-500.1852013885283,,,,,
-364.17764130366305,178.01380836818143,8.303980761073277,21.586201808351206,502.49829290990317,20.0,2.7316480056502694,0.022207810008701312,65.31444614319079,1.306288922863816,0.022207810008701312,34.75707000067134,34.80500746779209,0.0,griewank,value,ts,exact,gaussian,0.05,20,50,11,9e2cb922-241c-4da8-b766-ac3b53fdc40a,False,0.01,2.0,21.887687399983406,2.7538558156589708,"x0,x1,x2,x3,x4,x5",6,0.05,0.05,278.4428473375974,-100.6226840412438,,,,,
-69.77955193800335,-443.40469564898035,416.1961148021012,711.8335013093259,1096.3402760066645,0.0,2.7038826837475396,0.04997313191143116,112.60106442856606,2.252021288571321,0.04997313191143116,50.41952493744148,51.20395013677906,0.0,griewank,value,ts,exact,gaussian,0.25,0,50,11,6ba3dc81-7202-461e-ae50-e6670b115fd0,False,0.01,2.0,20.034192000050098,2.7538558156589708,"x0,x1,x2,x3,x4,x5",6,0.25,0.25,265.280446982802,-500.1852013885283,,,,,
-375.21427231492714,182.18030194966636,0.07981338325978982,21.387185111315574,511.9987151252799,20.0,2.7208962569991795,0.03295955865979128,81.87832569625141,1.6375665139250282,0.10253459875133597,37.61715785788052,39.85827956250124,0.0,griewank,value,ts,exact,gaussian,0.25,20,50,11,8fd4c77f-116b-4997-b417-582ab83bd6e2,False,0.01,2.0,18.764390899974387,2.7538558156589708,"x0,x1,x2,x3,x4,x5",6,0.25,0.25,278.4428473375974,-100.89318327823322,,,,,
-69.77955193800335,-443.40469564898035,416.1961148021012,711.8335013093259,1096.3402760066645,0.0,2.432209607675096,0.3216462079838749,159.8623387225968,3.197246774451936,3.313447460755646,40.69505142018771,133.0681021604106,0.0,griewank,value,ts,exact,gaussian,1.0,0,50,11,b1b4d6e4-dbfc-4481-87cf-703ced4909b3,False,0.01,2.0,19.893012299959082,2.7538558156589708,"x0,x1,x2,x3,x4,x5",6,1.0,1.0,265.280446982802,-500.1852013885283,,,,,
-507.15748315795304,185.12931180904863,-17.280177472258877,33.74576107578042,621.5452813496884,20.0,2.412124497941948,0.3417313177170227,142.70577081579245,2.854115416315849,1.7872004379094255,46.15306595696124,64.11840517279266,0.0,griewank,value,ts,exact,gaussian,1.0,20,50,11,fde0acf5-98d0-4813-9a68-295590721099,False,0.01,2.0,17.201599999971222,2.7538558156589708,"x0,x1,x2,x3,x4,x5",6,1.0,1.0,278.4428473375974,-125.97286134932799,,,,,
-69.77955193800335,-443.40469564898035,416.1961148021012,711.8335013093259,1096.3402760066645,0.0,0.9791977447925131,1.7746580708664577,223.91244755392015,4.4782489510784025,4.173998061075585,89.21260454856872,178.92041745828809,0.0,griewank,value,ts,exact,gaussian,5.0,0,50,11,a77e2982-e686-4917-9a8f-8b21a85b1a65,False,0.01,2.0,19.843294300022535,2.7538558156589708,"x0,x1,x2,x3,x4,x5",6,5.0,5.0,265.280446982802,-500.1852013885283,,,,,
-670.7918409085686,-174.10333802238006,-209.17836534617936,-58.80884685610333,988.0195802566582,20.0,1.8570221866825474,0.8968336289764234,168.36517037338513,3.3673034074677024,5.45072034576177,58.08776564903837,183.91329527468784,0.0,griewank,value,ts,exact,gaussian,5.0,20,50,11,d4408cb5-3ec0-467f-aa60-66616cccd488,False,0.01,2.0,19.881923499982804,2.7538558156589708,"x0,x1,x2,x3,x4,x5",6,5.0,5.0,-314.0450754902851,591.6676823972712,,,,,
-0.05814962661500278,-0.369503913040817,0.3468300956684176,0.5931945844244383,0.9136168966722203,0.0,7.34136477541723,0.6257991878747067,289.03284997786636,5.780656999557327,0.6257991878747067,159.38457850231435,159.38457850231435,0.0,hartmann_6,value,ts,exact,none,0.0,0,50,11,0a9ddd3a-a024-487b-91f4-f4ca889340e6,True,0.01,2.0,21.927037900022697,7.967163963291937,"x0,x1,x2,x3,x4,x5",6,0.2,0.5,0.22106703915233505,-0.41682100115710685,,,,,
-0.24477793029486308,0.8497030399580697,0.06712461187885155,0.28620840849669565,0.9911353071035698,20.0,7.34136477541723,0.6257991878747067,289.03284997786636,5.780656999557327,0.6257991878747067,159.38457850231435,159.38457850231435,0.0,hartmann_6,value,ts,exact,none,0.0,20,50,11,0a9ddd3a-a024-487b-91f4-f4ca889340e6,True,0.01,2.0,21.927037900022697,7.967163963291937,"x0,x1,x2,x3,x4,x5",6,0.2,0.5,0.33658661513780774,-0.026947905481520373,,,,,
-0.05814962661500278,-0.369503913040817,0.3468300956684176,0.5931945844244383,0.9136168966722203,0.0,7.318010259980697,0.6491537033112404,342.27583701498423,6.845516740299685,0.6491537033112404,245.88661482075761,245.88661482075761,0.0,hartmann_6,value,ts,exact,gaussian,0.05,0,50,11,d4e009cd-5d63-4fce-b2f0-4d57471bcb2b,False,0.01,2.0,22.30247870000312,7.967163963291937,"x0,x1,x2,x3,x4,x5",6,0.05,0.05,0.22106703915233505,-0.41682100115710685,,,,,
-0.24477793029486308,1.0,0.07129595483076767,0.8833181387303906,1.3883497814446377,20.0,6.562039036340911,1.405124926951026,328.31957286457646,6.566391457291529,1.405124926951026,170.09290256857344,170.09290256857344,0.0,hartmann_6,value,ts,exact,gaussian,0.05,20,50,11,690b98dc-1b87-4d40-b5cc-144d204cd605,False,0.01,2.0,21.043673900014255,7.967163963291937,"x0,x1,x2,x3,x4,x5",6,0.05,0.05,0.2866988606007344,0.008282295746020463,,,,,
-0.05814962661500278,-0.369503913040817,0.3468300956684176,0.5931945844244383,0.9136168966722203,0.0,7.443266392095658,0.5238975711962794,284.0272741485741,5.680545482971483,0.5238975711962794,158.0216648781478,161.05768111240513,0.0,hartmann_6,value,ts,exact,gaussian,0.25,0,50,11,20b75cad-a3ae-4c9a-8353-1fd7f1ae86f6,False,0.01,2.0,25.41266029997496,7.967163963291937,"x0,x1,x2,x3,x4,x5",6,0.25,0.25,0.22106703915233505,-0.41682100115710685,,,,,
-0.24477793029486308,1.0,0.0714765846383888,0.9366583580064518,1.4227970326230792,20.0,7.023792926087817,0.9433710372041197,327.4536857940202,6.549073715880404,0.9433710372041197,198.96962150676254,199.008244521592,0.0,hartmann_6,value,ts,exact,gaussian,0.25,20,50,11,260e4855-6ffd-4bb5-b5b5-4e5294b5ae7c,False,0.01,2.0,20.535448600014206,7.967163963291937,"x0,x1,x2,x3,x4,x5",6,0.25,0.25,0.28578305429523665,0.01803953947242043,,,,,
-0.05814962661500278,-0.369503913040817,0.3468300956684176,0.5931945844244383,0.9136168966722203,0.0,3.9370331162450958,4.030130847046841,399.0245860415601,7.980491720831202,7.655692869695973,234.14524024286186,337.4737578883622,0.0,hartmann_6,value,ts,exact,gaussian,1.0,0,50,11,f71473ff-62e0-48fe-ae29-6e80f917ed52,False,0.01,2.0,19.76948379998794,7.967163963291937,"x0,x1,x2,x3,x4,x5",6,1.0,1.0,0.22106703915233505,-0.41682100115710685,,,,,
-0.24477793029486308,1.0,0.07123854371621019,1.0,1.4672772237322043,20.0,3.6369767088536875,4.33018725443825,385.59204801606404,7.711840960321281,4.33018725443825,235.906804937036,235.906804937036,0.0,hartmann_6,value,ts,exact,gaussian,1.0,20,50,11,94dae9fc-53a0-4651-af85-066c5268bd37,False,0.01,2.0,20.977351200010162,7.967163963291937,"x0,x1,x2,x3,x4,x5",6,1.0,1.0,0.28321285882606934,0.0877596866938749,,,,,
-0.05814962661500278,-0.369503913040817,0.3468300956684176,0.5931945844244383,0.9136168966722203,0.0,2.618628784022693,5.348535179269244,412.6186025785039,8.252372051570077,8.635563938961717,293.6800359583755,418.5130906972628,0.0,hartmann_6,value,ts,exact,gaussian,5.0,0,50,11,1e1a7b10-bcb8-40d5-9c05-9819d561b28e,False,0.01,2.0,22.361070599989034,7.967163963291937,"x0,x1,x2,x3,x4,x5",6,5.0,5.0,0.22106703915233505,-0.41682100115710685,,,,,
-0.24477793029486308,0.39003624662389447,0.4456829697161976,0.11544129753353227,0.7149424553622976,20.0,3.6369767088536875,4.33018725443825,404.9796153947984,8.099592307895968,8.635534153483576,235.906804937036,354.3038446607825,0.0,hartmann_6,value,ts,exact,gaussian,5.0,20,50,11,509a5ea9-c08e-4a3d-aba6-4a2b0334f8c8,False,0.01,2.0,20.34207549999701,7.967163963291937,"x0,x1,x2,x3,x4,x5",6,5.0,5.0,0.22869713136382094,0.18664357764001205,,,,,
19.3558818082563,428.93316052025455,-531.0777814691606,101.08494102735341,690.3767678790898,0.0,3.001915182799415,1.3264751889794368,207.23873612738112,4.144774722547623,1.3264751889794368,104.2233611032849,104.2233611032849,0.0,schwefel,value,ts,exact,none,0.0,0,50,11,b18ad678-2519-4085-bf9c-5a26bf2ff9eb,True,0.01,2.0,15.897316300019156,4.328390371778852,"x0,x1,x2,x3",4,0.2,0.5,,,,,,,
-0.05976915263187266,-250.29953665429815,0.0,44.76908507575405,254.27176917665878,20.0,3.001915182799415,1.3264751889794368,207.23873612738112,4.144774722547623,1.3264751889794368,104.2233611032849,104.2233611032849,0.0,schwefel,value,ts,exact,none,0.0,20,50,11,b18ad678-2519-4085-bf9c-5a26bf2ff9eb,True,0.01,2.0,15.897316300019156,4.328390371778852,"x0,x1,x2,x3",4,0.2,0.5,,,,,,,
19.3558818082563,428.93316052025455,-531.0777814691606,101.08494102735341,690.3767678790898,0.0,1.2621209501983846,3.0662694215804676,225.38139471786377,4.507627894357276,3.0662694215804676,163.67941658739733,163.67941658739733,0.0,schwefel,value,ts,exact,gaussian,0.05,0,50,11,4a25c33a-a684-4e28-984f-f7407cb935ff,False,0.01,2.0,17.236070699989796,4.328390371778852,"x0,x1,x2,x3",4,0.05,0.05,,,,,,,
2.642908112489124,-341.0947531132118,0.0,44.76908507575405,344.03035700817753,20.0,3.001915182799415,1.3264751889794368,195.31583053631968,3.906316610726394,1.3264751889794368,104.2233611032849,104.2233611032849,0.0,schwefel,value,ts,exact,gaussian,0.05,20,50,11,96d3cd25-9361-48f6-88e4-ae58f5f66f56,False,0.01,2.0,17.795516400015913,4.328390371778852,"x0,x1,x2,x3",4,0.05,0.05,,,,,,,
19.3558818082563,428.93316052025455,-531.0777814691606,101.08494102735341,690.3767678790898,0.0,1.6870448946601089,2.641345477118743,213.00537669104955,4.260107533820991,2.641345477118743,151.33472183651602,151.33472183651602,0.0,schwefel,value,ts,exact,gaussian,0.25,0,50,11,18ac590c-920f-42d8-8811-c06736261665,False,0.01,2.0,16.51436879998073,4.328390371778852,"x0,x1,x2,x3",4,0.25,0.25,,,,,,,
4.277028848238217,-379.0439116042714,0.0,44.76908507575405,381.70256860356,20.0,3.001915182799415,1.3264751889794368,199.7682122199425,3.9953642443988504,1.3264751889794368,104.2233611032849,104.2233611032849,0.0,schwefel,value,ts,exact,gaussian,0.25,20,50,11,f8e2924e-da1e-4659-8ee6-7e656608031b,False,0.01,2.0,15.251109800010454,4.328390371778852,"x0,x1,x2,x3",4,0.25,0.25,,,,,,,
19.3558818082563,428.93316052025455,-531.0777814691606,101.08494102735341,690.3767678790898,0.0,1.987434826432484,2.340955545346368,217.51392584357995,4.350278516871599,4.069036329198812,123.05211857350625,184.95542194651256,0.0,schwefel,value,ts,exact,gaussian,1.0,0,50,11,dd1af81e-5d69-422e-a033-dc113804a6db,False,0.01,2.0,17.960085799975786,4.328390371778852,"x0,x1,x2,x3",4,1.0,1.0,,,,,,,
8.8833543768244,-116.12486386202727,12.68903056098776,44.76908507575405,125.41602954589337,20.0,3.001915182799415,1.3264751889794368,194.6811050073657,3.8936221001473137,2.1180314512398684,104.2233611032849,122.03337700414463,0.0,schwefel,value,ts,exact,gaussian,1.0,20,50,11,75c28d27-f82b-420a-8ffa-ec5b9fdedc38,False,0.01,2.0,15.15671760000987,4.328390371778852,"x0,x1,x2,x3",4,1.0,1.0,,,,,,,
19.3558818082563,428.93316052025455,-531.0777814691606,101.08494102735341,690.3767678790898,0.0,2.4662213855735655,1.8621689862052864,205.12199230887924,4.102439846177585,3.446045616212726,129.0203815420302,184.0066053622272,0.0,schwefel,value,ts,exact,gaussian,5.0,0,50,11,0064f096-3a07-4f7f-8255-58d939f0bc78,False,0.01,2.0,14.59845089999726,4.328390371778852,"x0,x1,x2,x3",4,5.0,5.0,,,,,,,
-642.3566961804527,100.61009486989394,1000.0,4.0534190967823065,1192.795433644835,20.0,3.001915182799415,1.3264751889794368,213.93870142833356,4.278774028566671,4.148973158636754,104.2233611032849,185.1630429863874,0.0,schwefel,value,ts,exact,gaussian,5.0,20,50,11,d8f70046-07c3-47e5-ba49-fe80d0bc57d9,False,0.01,2.0,12.869751299964264,4.328390371778852,"x0,x1,x2,x3",4,5.0,5.0,,,,,,,
0.17420293627430716,3.86039844468229,-4.779700033222446,0.909764469246181,6.213390910911808,0.0,0.7605723606490548,0.003651522809405061,39.20713168057087,0.7841426336114173,0.003651522809405061,0.7017761361129906,0.7017761361129906,0.0,powell,value,ts,exact,none,0.0,0,50,11,ef6c8a04-45ea-46e3-b36d-8f004325076c,True,0.01,2.0,13.829463100002613,0.7642238834584598,"x0,x1,x2,x3",4,0.2,0.5,,,,,,,
-0.405767370008828,0.16775091652722818,-7.877195044726272,-4.172129542009798,8.924665496058136,20.0,0.7605723606490548,0.003651522809405061,39.20713168057087,0.7841426336114173,0.003651522809405061,0.7017761361129906,0.7017761361129906,0.0,powell,value,ts,exact,none,0.0,20,50,11,ef6c8a04-45ea-46e3-b36d-8f004325076c,True,0.01,2.0,13.829463100002613,0.7642238834584598,"x0,x1,x2,x3",4,0.2,0.5,,,,,,,
0.17420293627430716,3.86039844468229,-4.779700033222446,0.909764469246181,6.213390910911808,0.0,0.7597752609405539,0.004448622517905898,33.662862809543704,0.6732572561908741,0.004448622517905898,0.45028767744865267,0.48004341723023675,0.0,powell,value,ts,exact,gaussian,0.05,0,50,11,d65184b9-3e20-43eb-ad61-d8f7465f8d6d,False,0.01,2.0,14.69186580000678,0.7642238834584598,"x0,x1,x2,x3",4,0.05,0.05,,,,,,,
-0.39097448047582395,0.16775091652722818,-7.877195044726272,-4.113533438625256,8.896761238660241,20.0,0.7590457416887343,0.0051781417697255305,47.91166238687163,0.9582332477374327,0.0051781417697255305,0.7178056351963555,0.8613497442028188,0.0,powell,value,ts,exact,gaussian,0.05,20,50,11,1aaaa646-ca3f-4034-b5a8-c05599905d6e,False,0.01,2.0,13.670506900001783,0.7642238834584598,"x0,x1,x2,x3",4,0.05,0.05,,,,,,,
0.17420293627430716,3.86039844468229,-4.779700033222446,0.909764469246181,6.213390910911808,0.0,0.7573600325294932,0.006863850928966575,32.924836941930515,0.6584967388386103,0.08952794076181925,0.6214550425543796,5.269583582784079,0.0,powell,value,ts,exact,gaussian,0.25,0,50,11,37cee9d2-f27d-481c-8f57-ac33f1cb4929,False,0.01,2.0,11.600370100000873,0.7642238834584598,"x0,x1,x2,x3",4,0.25,0.25,,,,,,,
-0.36293430513189806,0.16775091652722818,-7.877195044726272,-4.084828634290478,8.882335752718248,20.0,0.7602291472721198,0.003994736186340053,47.3262357760148,0.9465247155202959,0.006780354370840458,0.6217660576956122,3.7250641585339945,0.0,powell,value,ts,exact,gaussian,0.25,20,50,11,f0490de5-6a50-4446-ae8b-96a2c88b1790,False,0.01,2.0,13.251715900027193,0.7642238834584598,"x0,x1,x2,x3",4,0.25,0.25,,,,,,,
0.17420293627430716,3.86039844468229,-4.779700033222446,0.909764469246181,6.213390910911808,0.0,0.754971749514615,0.009252133943844831,36.149909591122224,0.7229981918224445,0.021177793926968946,0.8004822919565837,6.096847565197298,0.0,powell,value,ts,exact,gaussian,1.0,0,50,11,106844e8-3b7e-435c-a1f0-29fbcd925936,False,0.01,2.0,12.948899899958633,0.7642238834584598,"x0,x1,x2,x3",4,1.0,1.0,,,,,,,
-0.1832059888185369,0.16775091652722818,-7.877195044726272,-3.9094231195919464,8.7974709834699,20.0,0.7469918017282199,0.017232081730239934,39.69920444533483,0.7939840889066966,0.11484441695958536,0.8443720047817568,4.283436016672769,0.0,powell,value,ts,exact,gaussian,1.0,20,50,11,2d93529d-c1cf-4160-9a1c-1fa2f30d4e9d,False,0.01,2.0,14.999413000012282,0.7642238834584598,"x0,x1,x2,x3",4,1.0,1.0,,,,,,,
0.17420293627430716,3.86039844468229,-4.779700033222446,0.909764469246181,6.213390910911808,0.0,0.7469918017282199,0.017232081730239934,56.63323940516796,1.1326647881033594,2.02591892083121,0.8443720047817568,67.72540788607542,0.0,powell,value,ts,exact,gaussian,5.0,0,50,11,2902d689-7ece-43b2-98b8-bef0661303e1,False,0.01,2.0,14.999344599957112,0.7642238834584598,"x0,x1,x2,x3",4,5.0,5.0,,,,,,,
7.75883804638585,-8.816174753729623,1.122804955273728,-4.846998071529049,12.754551595071373,20.0,0.7469918017282199,0.017232081730239934,60.66778014199544,1.2133556028399088,0.5438727984392854,0.8443720047817568,15.326991714280505,0.0,powell,value,ts,exact,gaussian,5.0,20,50,11,395bb540-b461-46fe-8645-3a22dc29cab8,False,0.01,2.0,15.355338599998504,0.7642238834584598,"x0,x1,x2,x3",4,5.0,5.0,,,,,,,
1.268507070185887,28.110563607855404,-34.804713486362914,6.6247026951686365,45.244531859724034,0.0,15.582968404992002,4.519478748861431,862.0020714655125,17.24004142931025,4.519478748861431,595.4083835343355,595.4083835343355,0.0,ackley,value,ts,exact,none,0.0,0,50,11,51a1e23b-c56f-4915-916a-b129965730a2,True,0.01,2.0,15.307297300023492,20.102447153853433,"x0,x1,x2,x3",4,0.2,0.5,,,,,,,
-6.119570238446759,-22.695911661260673,9.85284433165947,-29.599990612435025,39.06138158999483,20.0,15.582968404992002,4.519478748861431,862.0020714655125,17.24004142931025,4.519478748861431,595.4083835343355,595.4083835343355,0.0,ackley,value,ts,exact,none,0.0,20,50,11,51a1e23b-c56f-4915-916a-b129965730a2,True,0.01,2.0,15.307297300023492,20.102447153853433,"x0,x1,x2,x3",4,0.2,0.5,,,,,,,
1.268507070185887,28.110563607855404,-34.804713486362914,6.6247026951686365,45.244531859724034,0.0,14.764608723187441,5.337838430665991,884.3432658942323,17.686865317884646,5.337838430665991,701.2218555293117,701.2218555293117,0.0,ackley,value,ts,exact,gaussian,0.05,0,50,11,25c76ec8-a5c0-4a9c-bf5a-ef5b398817a4,False,0.01,2.0,16.16471179999644,20.102447153853433,"x0,x1,x2,x3",4,0.05,0.05,,,,,,,
-6.061080030894862,-22.637320580199884,9.877024168659396,-29.58469614012235,39.012752098811305,20.0,14.74107120444986,5.361375949403573,875.6065082488984,17.512130164977968,5.361375949403573,655.7012399055029,655.7012399055029,0.0,ackley,value,ts,exact,gaussian,0.05,20,50,11,7a36afd3-02d7-440b-b6ba-a5844a850547,False,0.01,2.0,13.70363920001546,20.102447153853433,"x0,x1,x2,x3",4,0.05,0.05,,,,,,,
1.268507070185887,28.110563607855404,-34.804713486362914,6.6247026951686365,45.244531859724034,0.0,14.909172841687868,5.193274312165565,904.4809754071734,18.089619508143468,5.193274312165565,766.7190866909942,767.245283609127,0.0,ackley,value,ts,exact,gaussian,0.25,0,50,11,399e6d17-b46e-4cdb-9cf7-c47a1310b6dc,False,0.01,2.0,14.405057299998589,20.102447153853433,"x0,x1,x2,x3",4,0.25,0.25,,,,,,,
-6.033167013416582,-22.609792645584758,9.888175932441536,-29.577713730836397,38.98998590025829,20.0,12.541178627396057,7.561268526457376,905.8016433789176,18.11603286757835,7.561268526457376,627.2878566329337,627.2878566329337,0.0,ackley,value,ts,exact,gaussian,0.25,20,50,11,5c2c7a2f-1a71-4eb5-9942-9d5901c808c4,False,0.01,2.0,15.249277300026733,20.102447153853433,"x0,x1,x2,x3",4,0.25,0.25,,,,,,,
1.268507070185887,28.110563607855404,-34.804713486362914,6.6247026951686365,45.244531859724034,0.0,10.421399875770675,9.681047278082758,984.1010944863424,19.682021889726848,9.681047278082758,877.8064544267115,921.2111702736586,0.0,ackley,value,ts,exact,gaussian,1.0,0,50,11,15546ce9-992e-4dbe-8feb-8dff43a321e3,False,0.01,2.0,13.3187427999801,20.102447153853433,"x0,x1,x2,x3",4,1.0,1.0,,,,,,,
-5.8384714156173185,-22.43228849482127,9.960292728063258,-29.536401221309838,38.84458448639623,20.0,12.782164127333292,7.320283026520141,925.2295087703762,18.504590175407525,7.320283026520141,749.262778311908,754.9433429002763,0.0,ackley,value,ts,exact,gaussian,1.0,20,50,11,ddae0085-cff1-4ef2-8afe-92ed198b12c0,False,0.01,2.0,15.044931499985978,20.102447153853433,"x0,x1,x2,x3",4,1.0,1.0,,,,,,,
1.268507070185887,28.110563607855404,-34.804713486362914,6.6247026951686365,45.244531859724034,0.0,1.2897487109322534,18.812698442921178,1019.1030499350775,20.38206099870155,19.94512733300135,926.3479116821597,982.6809911278,0.0,ackley,value,ts,exact,gaussian,5.0,0,50,11,d04a4504-be79-41af-980a-6705e54a2b62,False,0.01,2.0,15.212936399970204,20.102447153853433,"x0,x1,x2,x3",4,5.0,5.0,,,,,,,
-7.076120456828869,-3.5502113164163465,-20.9602824189354,-49.89041421562639,54.69060569054864,20.0,8.753231022976422,11.34921613087701,968.0745254001332,19.361490508002664,11.424872662081517,689.8304632282205,691.8353613051399,0.0,ackley,value,ts,exact,gaussian,5.0,20,50,11,f72a65cc-61ec-45bf-b1eb-fab2b1406268,False,0.01,2.0,14.613289200002328,20.102447153853433,"x0,x1,x2,x3",4,5.0,5.0,,,,,,,
2.512145726223096,-1.347294900034295,-1.481965935395698,2.8891325241115347,4.57017014560389,0.0,2.461379900256671,5.586341266432307,400.0610851582104,8.001221703164209,5.586341266432307,299.93981041045527,299.93981041045527,0.0,michalewicz,value,ts,exact,none,0.0,0,50,11,9311d391-8487-456f-a66c-8b4277d1fc41,True,0.01,2.0,23.704048799991142,8.047721166688978,"x0,x1,x2,x3,x4",5,0.2,0.5,1.4889814259343046,,,,,,
-3.141592653589793,-2.127263651068838,-2.5037211910141526,0.0,5.372418588120241,20.0,2.461379900256671,5.586341266432307,400.0610851582104,8.001221703164209,5.586341266432307,299.93981041045527,299.93981041045527,0.0,michalewicz,value,ts,exact,none,0.0,20,50,11,9311d391-8487-456f-a66c-8b4277d1fc41,True,0.01,2.0,23.704048799991142,8.047721166688978,"x0,x1,x2,x3,x4",5,0.2,0.5,2.8634606058750784,,,,,,
2.512145726223096,-1.347294900034295,-1.481965935395698,2.8891325241115347,4.57017014560389,0.0,3.623552194652599,4.424168972036379,404.833815455861,8.09667630911722,4.424168972036379,315.64197370118103,315.64197370118103,0.0,michalewicz,value,ts,exact,gaussian,0.05,0,50,11,37eeab25-b8da-46ff-adf0-cf6e33980fdb,False,0.01,2.0,19.865510899981018,8.047721166688978,"x0,x1,x2,x3,x4",5,0.05,0.05,1.4889814259343046,,,,,,
-3.141592653589793,-2.126444013707063,-2.5037211910141526,0.0,5.372094097114435,20.0,2.5232285790354028,5.524492587653576,404.1662850489748,8.083325700979497,5.524492587653576,307.03007160072855,307.03007160072855,0.0,michalewicz,value,ts,exact,gaussian,0.05,20,50,11,2e3da424-7673-447f-a480-71bdf24eba3f,False,0.01,2.0,20.56564610003261,8.047721166688978,"x0,x1,x2,x3,x4",5,0.05,0.05,2.8634606058750784,,,,,,
2.512145726223096,-1.347294900034295,-1.481965935395698,2.8891325241115347,4.57017014560389,0.0,3.882048030151374,4.165673136537604,382.3035784075212,7.646071568150424,4.165673136537604,225.09873443377333,226.4544479066366,0.0,michalewicz,value,ts,exact,gaussian,0.25,0,50,11,7ca3a907-b3ba-49fe-9fac-dd08e4d100b4,False,0.01,2.0,21.65741420001723,8.047721166688978,"x0,x1,x2,x3,x4",5,0.25,0.25,1.4889814259343046,,,,,,
-3.141592653589793,-2.1260059654532033,-2.5037211910141526,0.0,5.3719207188829365,20.0,3.8416209715210576,4.20610019516792,402.3117823726724,8.046235647453448,4.20610019516792,305.106437460988,305.106437460988,0.0,michalewicz,value,ts,exact,gaussian,0.25,20,50,11,40d5cbef-0eda-4872-b657-4f21f923d1e7,False,0.01,2.0,19.681561600009445,8.047721166688978,"x0,x1,x2,x3,x4",5,0.25,0.25,2.8634606058750784,,,,,,
2.512145726223096,-1.347294900034295,-1.481965935395698,2.8891325241115347,4.57017014560389,0.0,1.543190721270069,6.50453044541891,417.4324687666423,8.348649375332846,9.101658589458633,329.28550776486554,406.6082753441143,0.0,michalewicz,value,ts,exact,gaussian,1.0,0,50,11,74331d00-7420-40e3-83ce-287f3950504b,False,0.01,2.0,17.57604109996464,8.047721166688978,"x0,x1,x2,x3,x4",5,1.0,1.0,1.4889814259343046,,,,,,
-3.141592653589793,-2.1220140697905565,-2.5037211910141526,0.0,5.370342126644283,20.0,2.8505123691231105,5.197208797565867,399.712455929419,7.99424911858838,6.094859008202459,293.3907809229372,308.5621636167182,0.0,michalewicz,value,ts,exact,gaussian,1.0,20,50,11,5ab6a772-c8d6-4c60-b0b1-f278deeb8494,False,0.01,2.0,21.737749400024768,8.047721166688978,"x0,x1,x2,x3,x4",5,1.0,1.0,2.8634606058750784,,,,,,
2.512145726223096,-1.347294900034295,-1.481965935395698,2.8891325241115347,4.57017014560389,0.0,2.464007541954194,5.583713624734784,406.9657809940064,8.13931561988013,8.362037660860869,293.3682720993134,393.9206201988785,0.0,michalewicz,value,ts,exact,gaussian,5.0,0,50,11,52a3dba9-e89d-468c-9555-d6d8ff947c78,False,0.01,2.0,17.885458200005814,8.047721166688978,"x0,x1,x2,x3,x4",5,5.0,5.0,1.4889814259343046,,,,,,
-3.141592653589793,-1.992838481087802,-2.4677313371874168,0.0,5.303783009016202,20.0,2.0862215860766598,5.961499580612319,418.043337383833,8.36086674767666,8.99756841855545,310.07194623238803,389.0859607807336,0.0,michalewicz,value,ts,exact,gaussian,5.0,20,50,11,3f697b3f-252a-4855-85c1-4bbb3b8cf599,False,0.01,2.0,16.552260000025854,8.047721166688978,"x0,x1,x2,x3,x4",5,5.0,5.0,2.8634606058750784,,,,,,
0.19355881808256314,4.289331605202546,-5.3107778146916065,1.0108494102735344,6.903767678790898,0.0,10.248395879510225,46.52567815850816,2762.931253330132,55.25862506660265,46.52567815850816,2608.642055700545,2608.642055700545,0.0,shekel,value,ts,exact,none,0.0,0,50,11,e7b2d868-1b1f-45b6-9148-0153ecaf2176,True,0.01,2.0,13.982714499987196,56.774074038018384,"x0,x1,x2,x3",4,0.2,0.5,,,,,,,
2.2547898216969386,5.037999245962496,-7.91872644631254,-3.4887853489253366,10.263691601210185,20.0,10.248395879510225,46.52567815850816,2762.931253330132,55.25862506660265,46.52567815850816,2608.642055700545,2608.642055700545,0.0,shekel,value,ts,exact,none,0.0,20,50,11,e7b2d868-1b1f-45b6-9148-0153ecaf2176,True,0.01,2.0,13.982714499987196,56.774074038018384,"x0,x1,x2,x3",4,0.2,0.5,,,,,,,
0.19355881808256314,4.289331605202546,-5.3107778146916065,1.0108494102735344,6.903767678790898,0.0,11.71066228930133,45.06341174871705,2765.8455018547734,55.31691003709547,45.06341174871705,2546.060303626208,2546.060303626208,0.0,shekel,value,ts,exact,gaussian,0.05,0,50,11,685c2eb2-ef1a-4eca-a558-b5e60162d1b7,False,0.01,2.0,15.705412699957378,56.774074038018384,"x0,x1,x2,x3",4,0.05,0.05,,,,,,,
2.250981818911221,4.877597367296264,-7.91872644631254,-3.4904910172357377,10.18565811813146,20.0,8.803152633224043,47.97092140479434,2760.0040658247985,55.20008131649597,47.97092140479434,2579.8281587583915,2579.8281587583915,0.0,shekel,value,ts,exact,gaussian,0.05,20,50,11,5bcf65fd-3325-4474-bc8c-4c6528eb0763,False,0.01,2.0,13.517755799985025,56.774074038018384,"x0,x1,x2,x3",4,0.05,0.05,,,,,,,
0.19355881808256314,4.289331605202546,-5.3107778146916065,1.0108494102735344,6.903767678790898,0.0,7.7969527780811685,48.97712125993721,2797.8629315864414,55.95725863172883,48.97712125993721,2533.817856894603,2534.30168942868,0.0,shekel,value,ts,exact,gaussian,0.25,0,50,11,0a0584cf-5d91-4271-a507-f7eb9a85ca06,False,0.01,2.0,16.453492900007404,56.774074038018384,"x0,x1,x2,x3",4,0.25,0.25,,,,,,,
2.2499776898375785,4.79833946564084,-7.91872644631254,-3.4908713652927372,10.147850642024826,20.0,8.242080399030804,48.53199363898758,2756.959520913626,55.13919041827252,48.53199363898758,2607.6798852200977,2609.854115714916,0.0,shekel,value,ts,exact,gaussian,0.25,20,50,11,44145c5d-795e-4a91-a52c-9a4bbf2dd776,False,0.01,2.0,14.348577800032217,56.774074038018384,"x0,x1,x2,x3",4,0.25,0.25,,,,,,,
0.19355881808256314,4.289331605202546,-5.3107778146916065,1.0108494102735344,6.903767678790898,0.0,1.373508036568961,55.40056600144942,2866.0966856270184,57.321933712540364,57.64445290419881,2723.5141278847836,2787.9487371472183,0.0,shekel,value,ts,exact,gaussian,1.0,0,50,11,b0e38551-be3c-47de-824c-532fdfc11603,False,0.01,2.0,14.355374700040556,56.774074038018384,"x0,x1,x2,x3",4,1.0,1.0,,,,,,,
2.253712775030978,4.286091674547473,-7.91872644631254,-3.4913883914712485,9.91694633173906,20.0,7.54731438246729,49.22675965555109,2774.6777752059616,55.49355550411923,49.22675965555109,2577.919110063888,2579.2036607669165,0.0,shekel,value,ts,exact,gaussian,1.0,20,50,11,ac4e5dba-a152-4e34-876b-40c6ec0ee404,False,0.01,2.0,13.68171880004229,56.774074038018384,"x0,x1,x2,x3",4,1.0,1.0,,,,,,,
0.19355881808256314,4.289331605202546,-5.3107778146916065,1.0108494102735344,6.903767678790898,0.0,1.196970232133873,55.57710380588451,2865.1642194021647,57.303284388043295,56.615961872763066,2728.7219931156187,2787.4392816169434,0.0,shekel,value,ts,exact,gaussian,5.0,0,50,11,4946be9c-ab57-41fa-ae5f-186e013d95b7,False,0.01,2.0,14.944074800005183,56.774074038018384,"x0,x1,x2,x3",4,5.0,5.0,,,,,,,
-2.3538861639994533,6.506270875681789,-3.6953925527037006,4.369930112271032,8.979117778797884,20.0,3.769854739410925,53.00421929860746,2844.838568827653,56.89677137655306,55.006040152369785,2642.888372871367,2697.938446349832,0.0,shekel,value,ts,exact,gaussian,5.0,20,50,11,34e0a719-d36d-42b7-9314-5cb3ac53b3f1,False,0.01,2.0,13.370031400001608,56.774074038018384,"x0,x1,x2,x3",4,5.0,5.0,,,,,,,
0.2903382271238444,6.433997407803819,-7.966166722037409,1.5162741154103019,10.355651518186347,0.0,1.0153633087880243,0.010259941783399507,31.374669485778327,0.6274933897155666,0.010259941783399507,1.8647420666045862,1.8647420666045862,0.0,rosenbrock,value,ts,exact,none,0.0,0,50,11,66285728-a2de-4eda-9ebf-fa392c5341c2,True,0.01,2.0,16.56841710000299,1.0256232505714238,"x0,x1,x2,x3",4,0.2,0.5,,,,,,,
-8.946350584000397,1.4032338216484856,-9.171625175628684,-5.900477667328874,14.175351812033982,20.0,1.0153633087880243,0.010259941783399507,31.374669485778327,0.6274933897155666,0.010259941783399507,1.8647420666045862,1.8647420666045862,0.0,rosenbrock,value,ts,exact,none,0.0,20,50,11,66285728-a2de-4eda-9ebf-fa392c5341c2,True,0.01,2.0,16.56841710000299,1.0256232505714238,"x0,x1,x2,x3",4,0.2,0.5,,,,,,,
0.2903382271238444,6.433997407803819,-7.966166722037409,1.5162741154103019,10.355651518186347,0.0,1.0227762423611721,0.0028470082102516336,24.911611771518594,0.4982322354303719,0.016287201242306093,1.5826140470322758,2.807813293416728,0.0,rosenbrock,value,ts,exact,gaussian,0.05,0,50,11,f8a60084-baf3-4a03-8a5d-95f3c30072bf,False,0.01,2.0,15.248853400000371,1.0256232505714238,"x0,x1,x2,x3",4,0.05,0.05,,,,,,,
-8.835863187916726,1.3799286995796347,-9.366550856600899,-5.773909535973567,14.179103912814906,20.0,1.0179064610604809,0.007716789510942901,29.61669800682628,0.5923339601365256,0.04804321305319581,1.7444101056620605,2.4225410095964928,0.0,rosenbrock,value,ts,exact,gaussian,0.05,20,50,11,48b50c62-5f2b-4865-bcf0-796d24c601b4,False,0.01,2.0,15.13588020001771,1.0256232505714238,"x0,x1,x2,x3",4,0.05,0.05,,,,,,,
0.2903382271238444,6.433997407803819,-7.966166722037409,1.5162741154103019,10.355651518186347,0.0,1.021331748106462,0.004291502464961683,19.59020711886826,0.3918041423773652,0.04151667159391781,1.5287296828475763,2.8452852945759863,0.0,rosenbrock,value,ts,exact,gaussian,0.25,0,50,11,9b3a384b-1414-44e7-bd49-bb961ebcb2bd,False,0.01,2.0,15.10686679999344,1.0256232505714238,"x0,x1,x2,x3",4,0.25,0.25,,,,,,,
-8.592853471787237,1.3356591067139916,-9.65549474672599,-5.4242124642751275,14.080901096826326,20.0,1.0207338684550684,0.0048893821163553675,29.635531357437586,0.5927106271487517,0.0048893821163553675,1.7012073453617846,2.300031388657121,0.0,rosenbrock,value,ts,exact,gaussian,0.25,20,50,11,fb0f2d46-4b35-40e8-9933-19eb1131063f,False,0.01,2.0,14.8298418999766,1.0256232505714238,"x0,x1,x2,x3",4,0.25,0.25,,,,,,,
0.2903382271238444,6.433997407803819,-7.966166722037409,1.5162741154103019,10.355651518186347,0.0,1.0132643343658367,0.012358916205587045,58.32790180650514,1.1665580361301027,0.39354088578298396,1.6966098127824458,13.189907538962288,0.0,rosenbrock,value,ts,exact,gaussian,1.0,0,50,11,0dcc93e8-bad7-4e83-8db7-456b5fd44934,False,0.01,2.0,16.277758200012613,1.0256232505714238,"x0,x1,x2,x3",4,1.0,1.0,,,,,,,
-8.8269096975635,7.009806248080756,-5.939538163179052,0.0,12.74087249902584,20.0,1.010111076781919,0.015512173789504757,42.37026785718035,0.847405357143607,0.30677173246009914,1.911821868021457,8.21491577347247,0.0,rosenbrock,value,ts,exact,gaussian,1.0,20,50,11,bf19565f-257e-48a7-8e18-13b7f236da4a,False,0.01,2.0,14.272493599972222,1.0256232505714238,"x0,x1,x2,x3",4,1.0,1.0,,,,,,,
0.2903382271238444,6.433997407803819,-7.966166722037409,1.5162741154103019,10.355651518186347,0.0,1.0192257139861014,0.006397536585322383,68.49939507881699,1.3699879015763399,0.12486559302565114,2.9354307131642274,10.891369584061993,0.0,rosenbrock,value,ts,exact,gaussian,5.0,0,50,11,892586e1-b22e-4466-ba21-9de42e95ab5d,False,0.01,2.0,16.684336700011045,1.0256232505714238,"x0,x1,x2,x3",4,5.0,5.0,,,,,,,
-9.633032781732998,-1.9114048810788469,-7.502055197488938,0.0,12.358382636070361,20.0,1.010111076781919,0.015512173789504757,59.540395588585945,1.190807911771719,1.893144170748994,1.911821868021457,53.54670178440741,0.0,rosenbrock,value,ts,exact,gaussian,5.0,20,50,11,7da002c3-96db-41cb-8682-ae5595d81043,False,0.01,2.0,13.360937700024806,1.0256232505714238,"x0,x1,x2,x3",4,5.0,5.0,,,,,,,
0.19820422971654494,4.392275563727407,-5.438236482244204,1.0351097961200995,7.06945810308188,0.0,2.160496472332279,1.478442601105773,180.61930170257693,3.612386034051539,1.478442601105773,82.04541383269839,82.04541383269839,0.0,rastrigin,value,ts,exact,none,0.0,0,50,11,c3fa4417-c34e-4b84-b2a4-9dbc1122433c,True,0.01,2.0,15.113097900000867,3.638939073438052,"x0,x1,x2,x3",4,0.2,0.5,,,,,,,
-2.109951077519558,-0.683140660667063,-3.0031575229879715,-9.12715614732532,9.861161653543673,20.0,2.160496472332279,1.478442601105773,180.61930170257693,3.612386034051539,1.478442601105773,82.04541383269839,82.04541383269839,0.0,rastrigin,value,ts,exact,none,0.0,20,50,11,c3fa4417-c34e-4b84-b2a4-9dbc1122433c,True,0.01,2.0,15.113097900000867,3.638939073438052,"x0,x1,x2,x3",4,0.2,0.5,,,,,,,
0.19820422971654494,4.392275563727407,-5.438236482244204,1.0351097961200995,7.06945810308188,0.0,2.41414839516564,1.2247906782724116,180.54129856639685,3.610825971327937,1.2247906782724116,88.25944996260937,88.25944996260937,0.0,rastrigin,value,ts,exact,gaussian,0.05,0,50,11,1f64a888-c5ff-4900-95ba-d64debfa52da,False,0.01,2.0,13.835042799997609,3.638939073438052,"x0,x1,x2,x3",4,0.05,0.05,,,,,,,
-2.0816335931629273,-0.6272414110298402,-3.002380779723024,-9.13088946052154,9.854646766404603,20.0,2.2468182334863265,1.3921208399517253,174.0163065179543,3.480326130359086,1.3921208399517253,81.91593119096733,81.91593119096733,0.0,rastrigin,value,ts,exact,gaussian,0.05,20,50,11,bc3c372e-b9b9-40cf-920f-db160a3781fd,False,0.01,2.0,14.05098800000269,3.638939073438052,"x0,x1,x2,x3",4,0.05,0.05,,,,,,,
0.19820422971654494,4.392275563727407,-5.438236482244204,1.0351097961200995,7.06945810308188,0.0,2.113648486038125,1.525290587399927,177.1342059895457,3.542684119790914,1.525290587399927,99.96745260106772,106.05123718816205,0.0,rastrigin,value,ts,exact,gaussian,0.25,0,50,11,1a24b4d2-d5c4-4dfa-85dc-682f84ea8de1,False,0.01,2.0,15.935317700030282,3.638939073438052,"x0,x1,x2,x3",4,0.25,0.25,,,,,,,
-2.0648124302364286,-0.6017126828969219,-3.001892316086811,-9.132048811812144,9.850440675600177,20.0,2.160496472332279,1.478442601105773,184.0102428530596,3.680204857061192,1.478442601105773,82.04541383269839,82.04541383269839,0.0,rastrigin,value,ts,exact,gaussian,0.25,20,50,11,4d1661ba-d163-435c-a3e0-878e7564ccb1,False,0.01,2.0,15.371392500004731,3.638939073438052,"x0,x1,x2,x3",4,0.25,0.25,,,,,,,
0.19820422971654494,4.392275563727407,-5.438236482244204,1.0351097961200995,7.06945810308188,0.0,1.122161253354696,2.5167778200833557,200.3548028716056,4.007096057432112,3.44611389277,123.32211318408443,161.52525994707975,0.0,rastrigin,value,ts,exact,gaussian,1.0,0,50,11,32dedd66-2f94-4050-92cd-ee752085b304,False,0.01,2.0,16.320509000041056,3.638939073438052,"x0,x1,x2,x3",4,1.0,1.0,,,,,,,
-1.9123012035831373,-0.43338326399854776,-2.99775071509567,-9.13452552981924,9.811767575290174,20.0,2.160496472332279,1.478442601105773,174.48560182508106,3.489712036501621,1.7079742614609186,82.04541383269839,87.20987619068919,0.0,rastrigin,value,ts,exact,gaussian,1.0,20,50,11,2221b6cb-1f1d-4766-b08c-fa1f3ed69c4c,False,0.01,2.0,14.82713099999819,3.638939073438052,"x0,x1,x2,x3",4,1.0,1.0,,,,,,,
0.19820422971654494,4.392275563727407,-5.438236482244204,1.0351097961200995,7.06945810308188,0.0,1.840514521832864,1.7984245516051878,198.21833981536068,3.9643667963072136,2.41587750225451,104.58546422743376,128.3818458471045,0.0,rastrigin,value,ts,exact,gaussian,5.0,0,50,11,76d33b41-d37c-4cec-80bd-02f82c5097d7,False,0.01,2.0,15.542643200024031,3.638939073438052,"x0,x1,x2,x3",4,5.0,5.0,,,,,,,
0.0,1.9061802332072544,-3.0139236961223834,-9.192588139642828,9.860067739758184,20.0,2.160496472332279,1.478442601105773,212.5945135849816,4.251890271699632,2.6703126825974763,82.04541383269839,114.82184107372024,0.0,rastrigin,value,ts,exact,gaussian,5.0,20,50,11,e70ff42d-fa44-4e57-8a09-370fe884278f,False,0.01,2.0,12.795940999989398,3.638939073438052,"x0,x1,x2,x3",4,5.0,5.0,,,,,,,
0.019355881808256314,0.42893316052025454,-0.5310777814691606,0.10108494102735344,0.6903767678790899,0.0,3.531844207282013,0.0035683365048457816,100.6658457013139,2.013316914026278,0.0035683365048457816,42.88582072018183,42.88582072018183,0.0,yerkes_dodson,value,ts,exact,none,0.0,0,50,11,407ef92d-5755-4c4a-8c2b-93a95a1be6bc,True,0.01,2.0,16.66485719999764,3.5354125437868587,"x0,x1,x2,x3",4,0.2,0.5,,,,,,,
0.029587620064006614,-0.14569822567727964,-0.11633784542034004,-0.10079910865494918,0.2140055018200203,20.0,3.531844207282013,0.0035683365048457816,100.6658457013139,2.013316914026278,0.0035683365048457816,42.88582072018183,42.88582072018183,0.0,yerkes_dodson,value,ts,exact,none,0.0,20,50,11,407ef92d-5755-4c4a-8c2b-93a95a1be6bc,True,0.01,2.0,16.66485719999764,3.5354125437868587,"x0,x1,x2,x3",4,0.2,0.5,,,,,,,
0.019355881808256314,0.42893316052025454,-0.5310777814691606,0.10108494102735344,0.6903767678790899,0.0,3.530641237385197,0.004771306401661679,119.47007691626459,2.389401538325292,0.004771306401661679,55.55888278708312,55.59105633571366,0.0,yerkes_dodson,value,ts,exact,gaussian,0.05,0,50,11,b1fca52b-fac3-4524-befa-558badcd047e,False,0.01,2.0,14.96231189998798,3.5354125437868587,"x0,x1,x2,x3",4,0.05,0.05,,,,,,,
0.03724161484702837,-0.1752681262606804,-0.12123714546110748,-0.10499335127984016,0.2404743296318213,20.0,3.5158808321894397,0.019531711597418955,95.34006894158313,1.9068013788316625,0.019531711597418955,43.18934195662957,43.35870829770395,0.0,yerkes_dodson,value,ts,exact,gaussian,0.05,20,50,11,a5202a3e-de9e-4138-99c7-a83cbcd67eea,False,0.01,2.0,14.762378400017042,3.5354125437868587,"x0,x1,x2,x3",4,0.05,0.05,,,,,,,
0.019355881808256314,0.42893316052025454,-0.5310777814691606,0.10108494102735344,0.6903767678790899,0.0,3.500722952204316,0.0346895915825427,110.39415672452135,2.207883134490427,0.1691182633320767,71.10322297155449,76.47759788161076,0.0,yerkes_dodson,value,ts,exact,gaussian,0.25,0,50,11,83ed50bc-c039-4618-9c43-cf5f6097d005,False,0.01,2.0,14.714997400005814,3.5354125437868587,"x0,x1,x2,x3",4,0.25,0.25,,,,,,,
0.04161841243519904,-0.18825241781181767,-0.12292416667090966,-0.1058464498448426,0.25196207405503684,20.0,3.41252055370095,0.12289199008590845,83.81551376030087,1.6763102752060175,0.29737165405129096,44.61038618912655,48.07302428494876,0.0,yerkes_dodson,value,ts,exact,gaussian,0.25,20,50,11,b86aeb20-0882-49f7-a8ff-36ffaa2f56c9,False,0.01,2.0,14.31703400000697,3.5354125437868587,"x0,x1,x2,x3",4,0.25,0.25,,,,,,,
0.019355881808256314,0.42893316052025454,-0.5310777814691606,0.10108494102735344,0.6903767678790899,0.0,2.474908282264078,1.0605042615227807,153.03946554815334,3.060789310963067,1.8514421025701826,63.04724217173818,104.03601553358232,0.0,yerkes_dodson,value,ts,exact,gaussian,1.0,0,50,11,70427ce0-2231-4064-ba8c-197876eec994,False,0.01,2.0,14.390603900013957,3.5354125437868587,"x0,x1,x2,x3",4,1.0,1.0,,,,,,,
0.07348662413457752,-0.24891400892175441,-0.1274048328342799,-0.10574408414019315,0.3078510524984038,20.0,3.4432789562919073,0.09213358749495137,108.35678278707185,2.167135655741437,0.09213358749495137,44.396743285878685,47.0532483807064,0.0,yerkes_dodson,value,ts,exact,gaussian,1.0,20,50,11,178492b8-540a-40b9-b366-83ff50bf4d7d,False,0.01,2.0,12.807392700051423,3.5354125437868587,"x0,x1,x2,x3",4,1.0,1.0,,,,,,,
0.019355881808256314,0.42893316052025454,-0.5310777814691606,0.10108494102735344,0.6903767678790899,0.0,1.9228011590798897,1.612611384706969,192.81854077446926,3.856370815489385,4.592928867547698,94.50911556479569,205.4312827767413,0.0,yerkes_dodson,value,ts,exact,gaussian,5.0,0,50,11,00b6a945-b77e-4b44-b363-068b463cd870,False,0.01,2.0,15.517595400044229,3.5354125437868587,"x0,x1,x2,x3",4,5.0,5.0,,,,,,,
0.05996516148122555,-0.07012027978988256,0.42553052744741793,-0.19538856708038393,0.4772479399271245,20.0,3.3339586323347254,0.2014539114521332,195.75492567921566,3.9150985135843133,4.132464038721411,45.43528636347191,153.5380648633771,0.0,yerkes_dodson,value,ts,exact,gaussian,5.0,20,50,11,2cf719c5-509e-41a1-a37d-6720a816dd0e,False,0.01,2.0,13.53459259995725,3.5354125437868587,"x0,x1,x2,x3",4,5.0,5.0,,,,,,,
0.019355881808256314,0.42893316052025454,-0.5310777814691606,0.10108494102735344,0.6903767678790899,0.0,3.0593887562558817,0.0,22.181834591037816,0.4436366918207563,0.0,18.244949153300553,18.244949153300553,0.0,stevens,value,ts,exact,none,0.0,0,50,11,dc094129-d4df-42df-8b6b-db870d2e0dab,True,0.01,2.0,15.2438876000233,3.0593887562558817,"x0,x1,x2,x3",4,0.2,0.5,,,,,,,
0.0,0.0,0.0,0.0,0.0,20.0,3.0593887562558817,0.0,22.181834591037816,0.4436366918207563,0.0,18.244949153300553,18.244949153300553,0.0,stevens,value,ts,exact,none,0.0,20,50,11,dc094129-d4df-42df-8b6b-db870d2e0dab,True,0.01,2.0,15.2438876000233,3.0593887562558817,"x0,x1,x2,x3",4,0.2,0.5,,,,,,,
0.019355881808256314,0.42893316052025454,-0.5310777814691606,0.10108494102735344,0.6903767678790899,0.0,3.0593887562558817,0.0,22.810470454699797,0.45620940909399593,0.0,18.254400276098973,18.41681071525217,0.0,stevens,value,ts,exact,gaussian,0.05,0,50,11,610495b0-8283-43cc-ab20-ce47102e5c8d,False,0.01,2.0,16.180970999994315,3.0593887562558817,"x0,x1,x2,x3",4,0.05,0.05,,,,,,,
0.0,0.0,0.0,0.0,0.0,20.0,3.0593887562558817,0.0,22.475577066525926,0.4495115413305185,0.0,18.244949153300553,18.244949153300553,0.0,stevens,value,ts,exact,gaussian,0.05,20,50,11,9d6ea452-9028-4332-80a3-63fa334edb15,False,0.01,2.0,14.868090700008906,3.0593887562558817,"x0,x1,x2,x3",4,0.05,0.05,,,,,,,
0.019355881808256314,0.42893316052025454,-0.5310777814691606,0.10108494102735344,0.6903767678790899,0.0,3.0593887562558817,0.0,23.337884135597765,0.4667576827119553,0.0,15.624510757607284,16.939956756454915,0.0,stevens,value,ts,exact,gaussian,0.25,0,50,11,dcdcc9dd-6bc3-4d3f-b78b-950c6651a993,False,0.01,2.0,14.804499600024428,3.0593887562558817,"x0,x1,x2,x3",4,0.25,0.25,,,,,,,
0.0,0.0,0.0,-0.03256281787255999,0.03256281787255999,20.0,3.0593887562558817,0.0,23.577111563792453,0.47154223127584904,0.0,18.244949153300553,18.412225459993568,0.0,stevens,value,ts,exact,gaussian,0.25,20,50,11,4452c713-a00e-4a36-8643-5849f41c4ebb,False,0.01,2.0,12.738787099951878,3.0593887562558817,"x0,x1,x2,x3",4,0.25,0.25,,,,,,,
0.019355881808256314,0.42893316052025454,-0.5310777814691606,0.10108494102735344,0.6903767678790899,0.0,2.9913208272583107,0.06806792899757097,69.12082587440284,1.3824165174880567,0.23278853348501904,33.00229440920864,53.58237548717899,0.0,stevens,value,ts,exact,gaussian,1.0,0,50,11,e8b2afbe-4931-41ef-ae4d-b47a69006d00,False,0.01,2.0,12.173376599967014,3.0593887562558817,"x0,x1,x2,x3",4,1.0,1.0,,,,,,,
0.0,0.0,0.0,-0.10551034717076457,0.10551034717076457,20.0,3.0593887562558817,0.0,42.372145853313214,0.8474429170662643,0.05458349415699626,18.244949153300553,24.631348708153116,0.0,stevens,value,ts,exact,gaussian,1.0,20,50,11,1d0927c4-2adf-4945-b88e-79fe8cb3d257,False,0.01,2.0,12.982505500025582,3.0593887562558817,"x0,x1,x2,x3",4,1.0,1.0,,,,,,,
0.019355881808256314,0.42893316052025454,-0.5310777814691606,0.10108494102735344,0.6903767678790899,0.0,3.0537134792273934,0.005675277028488246,149.553726789441,2.9910745357888198,3.0496890058654813,30.29599238336489,151.08102152355175,0.0,stevens,value,ts,exact,gaussian,5.0,0,50,11,2a4adb2b-64cb-4671-b850-20e0c6becc2c,False,0.01,2.0,15.901350100000855,3.0593887562558817,"x0,x1,x2,x3",4,5.0,5.0,,,,,,,
0.0,-0.14430879715100686,0.0,-0.3508535998950142,0.37937221497424023,20.0,3.0593887562558817,0.0,107.15228107042348,2.14304562140847,1.9064101593472509,18.244949153300553,70.67122853534994,0.0,stevens,value,ts,exact,gaussian,5.0,20,50,11,b962040e-4a01-41c8-9380-138b97cb177f,False,0.01,2.0,14.31443190004211,3.0593887562558817,"x0,x1,x2,x3",4,5.0,5.0,,,,,,,
0.19355881808256314,4.289331605202546,-5.3107778146916065,1.0108494102735344,6.903767678790898,0.0,5.402837764670362,0.0,45.74298220053465,0.914859644010693,0.0,32.832523956217386,32.832523956217386,0.0,hicks_law,value,ts,exact,none,0.0,0,50,11,6f3f3cd5-eff2-4e31-8a46-a73edc0df056,True,0.01,2.0,14.637615800020285,5.402837764670362,"x0,x1,x2,x3",4,0.2,0.5,,,,,,,
0.0,0.0,0.0,0.0,0.0,20.0,5.402837764670362,0.0,45.74298220053465,0.914859644010693,0.0,32.832523956217386,32.832523956217386,0.0,hicks_law,value,ts,exact,none,0.0,20,50,11,6f3f3cd5-eff2-4e31-8a46-a73edc0df056,True,0.01,2.0,14.637615800020285,5.402837764670362,"x0,x1,x2,x3",4,0.2,0.5,,,,,,,
0.19355881808256314,4.289331605202546,-5.3107778146916065,1.0108494102735344,6.903767678790898,0.0,5.402837764670362,0.0,39.367854493221515,0.7873570898644303,0.0,20.70715346276441,20.70715346276441,0.0,hicks_law,value,ts,exact,gaussian,0.05,0,50,11,ce01c0eb-9f15-4e04-8b79-e41d85e9afbe,False,0.01,2.0,16.068082199955825,5.402837764670362,"x0,x1,x2,x3",4,0.05,0.05,,,,,,,
0.0,0.0,0.0,0.0,0.0,20.0,5.402837764670362,0.0,45.91709435630354,0.9183418871260707,0.0,32.832523956217386,32.832523956217386,0.0,hicks_law,value,ts,exact,gaussian,0.05,20,50,11,4ff20cc9-ee59-4e51-9a51-b3beba911946,False,0.01,2.0,15.180871699994896,5.402837764670362,"x0,x1,x2,x3",4,0.05,0.05,,,,,,,
0.19355881808256314,4.289331605202546,-5.3107778146916065,1.0108494102735344,6.903767678790898,0.0,5.402837764670362,0.0,33.1429083667112,0.662858167334224,0.0,19.002008801989504,19.002008801989504,0.0,hicks_law,value,ts,exact,gaussian,0.25,0,50,11,b2d91221-9a15-4ce1-9f25-ef2cd588d793,False,0.01,2.0,15.46480849996442,5.402837764670362,"x0,x1,x2,x3",4,0.25,0.25,,,,,,,
0.0,0.0,0.0,0.0,0.0,20.0,5.402837764670362,0.0,46.13876404560493,0.9227752809120986,0.0,32.832523956217386,32.832523956217386,0.0,hicks_law,value,ts,exact,gaussian,0.25,20,50,11,35e60e17-04d6-4ed6-b88f-24c8510ac087,False,0.01,2.0,15.282222599955276,5.402837764670362,"x0,x1,x2,x3",4,0.25,0.25,,,,,,,
0.19355881808256314,4.289331605202546,-5.3107778146916065,1.0108494102735344,6.903767678790898,0.0,5.402837764670362,0.0,70.56368379667326,1.4112736759334652,0.17490774026757538,47.54317965092752,56.56659278467412,0.0,hicks_law,value,ts,exact,gaussian,1.0,0,50,11,bc9588dd-fff1-493e-b99f-106952772ac8,False,0.01,2.0,10.887578100024257,5.402837764670362,"x0,x1,x2,x3",4,1.0,1.0,,,,,,,
0.0,0.0,0.0,0.0,0.0,20.0,5.402837764670362,0.0,49.42780528276965,0.988556105655393,0.0,32.832523956217386,32.832523956217386,0.0,hicks_law,value,ts,exact,gaussian,1.0,20,50,11,c14d28ca-6b06-4f0d-8968-8ad6fdae0b70,False,0.01,2.0,12.37234719999833,5.402837764670362,"x0,x1,x2,x3",4,1.0,1.0,,,,,,,
0.19355881808256314,4.289331605202546,-5.3107778146916065,1.0108494102735344,6.903767678790898,0.0,3.326957495753528,2.0758802689168334,251.90018121368843,5.0380036242737685,4.035265592032491,118.99857552952149,229.55104292507494,0.0,hicks_law,value,ts,exact,gaussian,5.0,0,50,11,36c583a3-9c38-43fe-b3f2-ef2ee7665103,False,0.01,2.0,15.756221999996342,5.402837764670362,"x0,x1,x2,x3",4,5.0,5.0,,,,,,,
0.0,0.0,0.0,0.9893804203839442,0.9893804203839442,20.0,5.402837764670362,0.0,172.3401344744748,3.446802689489496,2.709877013041401,32.832523956217386,107.35414181485594,0.0,hicks_law,value,ts,exact,gaussian,5.0,20,50,11,145b290e-5172-444d-8d3c-bfd6ef9ca74f,False,0.01,2.0,14.834654600010253,5.402837764670362,"x0,x1,x2,x3",4,5.0,5.0,,,,,,,
484.27843057065763,-481.8829865658065,,,683.1813895720231,0.0,2.5572641789779302,0.6477813520771285,132.13957408298842,2.6427914816597684,0.6477813520771285,46.30672988547289,46.30672988547289,0.0,eggholder,value,ts,exact,none,0.0,0,50,11,f3654c11-352c-431f-9f94-bd7c2ef3fda5,True,0.01,2.0,11.515027199988253,3.2050455310550587,"x0,x1",2,0.2,0.5,,,,,,,
44.636498677169755,-751.5092091605243,,,752.8336525868338,20.0,2.5572641789779302,0.6477813520771285,132.13957408298842,2.6427914816597684,0.6477813520771285,46.30672988547289,46.30672988547289,0.0,eggholder,value,ts,exact,none,0.0,20,50,11,f3654c11-352c-431f-9f94-bd7c2ef3fda5,True,0.01,2.0,11.515027199988253,3.2050455310550587,"x0,x1",2,0.2,0.5,,,,,,,
484.27843057065763,-481.8829865658065,,,683.1813895720231,0.0,3.1411124273655746,0.06393310368948413,152.11549950716793,3.0423099901433583,0.06393310368948413,32.97592372010534,32.98861563471378,0.0,eggholder,value,ts,exact,gaussian,0.05,0,50,11,674d04d9-1d2f-445b-a42d-c6daffb58788,False,0.01,2.0,12.338153899996541,3.2050455310550587,"x0,x1",2,0.05,0.05,,,,,,,
46.29384278847181,-761.3275575406149,,,762.733747615039,20.0,2.510041295543166,0.6950042355118926,151.31167024631097,3.026233404926219,0.6950042355118926,47.929944031392615,47.929944031392615,0.0,eggholder,value,ts,exact,gaussian,0.05,20,50,11,65c5ef5c-2bf9-454b-8501-2980572f92b5,False,0.01,2.0,10.777089799987152,3.2050455310550587,"x0,x1",2,0.05,0.05,,,,,,,
484.27843057065763,-481.8829865658065,,,683.1813895720231,0.0,3.2043989902713825,0.0006465407836762083,143.96071253498914,2.879214250699783,0.26996372449247286,37.04173782463799,38.25366515132757,0.0,eggholder,value,ts,exact,gaussian,0.25,0,50,11,ad44d1d4-b801-49e1-9b09-32bd2c810759,False,0.01,2.0,10.102855700009968,3.2050455310550587,"x0,x1",2,0.25,0.25,,,,,,,
47.30367447862605,-766.9850659695842,,,768.4424045037774,20.0,2.4960703644876183,0.7089751665674404,140.85981821948792,2.8171963643897584,0.7089751665674404,50.63495167182997,54.43634515103467,0.0,eggholder,value,ts,exact,gaussian,0.25,20,50,11,b781002c-3353-4499-bd0e-bf22dfca6d7a,False,0.01,2.0,10.580222700024024,3.2050455310550587,"x0,x1",2,0.25,0.25,,,,,,,
484.27843057065763,-481.8829865658065,,,683.1813895720231,0.0,2.3037211741727988,0.90132435688226,176.7546481545063,3.535092963090126,2.589630246713566,52.65461817013557,100.7713360303278,0.0,eggholder,value,ts,exact,gaussian,1.0,0,50,11,6f1a0468-218a-4793-a6fe-664fce0b016a,False,0.01,2.0,9.848315300012473,3.2050455310550587,"x0,x1",2,1.0,1.0,,,,,,,
-20.718826158038212,0.0,,,20.718826158038212,20.0,2.6124294573770963,0.5926160736779624,144.47655766872083,2.8895311533744166,0.7702097915452857,43.856432098813094,49.9667695807276,0.0,eggholder,value,ts,exact,gaussian,1.0,20,50,11,b3cc8e90-29e6-4dc3-9679-75852afa2edf,False,0.01,2.0,11.164675200008787,3.2050455310550587,"x0,x1",2,1.0,1.0,,,,,,,
484.27843057065763,-481.8829865658065,,,683.1813895720231,0.0,2.3037211741727988,0.90132435688226,168.2263626158015,3.3645272523160297,3.286056707092555,52.65461817013557,131.4725119526468,0.0,eggholder,value,ts,exact,gaussian,5.0,0,50,11,c8f614df-00fb-4057-8b32-eb59ecd017c6,False,0.01,2.0,10.225767099997029,3.2050455310550587,"x0,x1",2,5.0,5.0,,,,,,,
-241.22114044301162,-1024.0,,,1052.0283449587407,20.0,2.7406242157731495,0.4644213152819092,153.03622415426898,3.0607244830853797,3.612096862326013,43.69810581732838,127.20086206983876,0.0,eggholder,value,ts,exact,gaussian,5.0,20,50,11,42b0d8a9-8fcc-4ec2-997b-c4310884c917,False,0.01,2.0,9.129118599987123,3.2050455310550587,"x0,x1",2,5.0,5.0,,,,,,,
4.729281548541579,-4.705888540681705,,,6.67169325753929,0.0,1.2500134609962912,4.200490377748167e-05,16.248539009337208,0.32497078018674413,4.200490377748167e-05,5.7117528755752565,5.7117528755752565,0.0,branin,value,ts,exact,none,0.0,0,50,11,b147b730-b60e-49d3-916e-1849c6e0f20d,True,0.01,2.0,10.237945200002287,1.2500554659000687,"x0,x1",2,0.2,0.5,,,,,,,
-0.08173340806572504,-0.0030021742281500785,,,0.08178852635996381,20.0,1.2500134609962912,4.200490377748167e-05,16.248539009337208,0.32497078018674413,4.200490377748167e-05,5.7117528755752565,5.7117528755752565,0.0,branin,value,ts,exact,none,0.0,20,50,11,b147b730-b60e-49d3-916e-1849c6e0f20d,True,0.01,2.0,10.237945200002287,1.2500554659000687,"x0,x1",2,0.2,0.5,,,,,,,
4.729281548541579,-4.705888540681705,,,6.67169325753929,0.0,1.2498893198488745,0.00016614605119413817,14.619994896031637,0.29239989792063276,0.00401142362402962,5.264709988755099,5.774616877145476,0.0,branin,value,ts,exact,gaussian,0.05,0,50,11,2406d26b-f149-42ad-9058-e9932315c344,False,0.01,2.0,10.973727600008715,1.2500554659000687,"x0,x1",2,0.05,0.05,,,,,,,
6.462344945785057,0.03678050729290616,,,6.462449613268207,20.0,1.2495979475129801,0.000457518387088518,16.418816546984704,0.3283763309396941,0.009330470006829517,5.735765510713732,6.040739463682666,0.0,branin,value,ts,exact,gaussian,0.05,20,50,11,f3906842-4ab0-4bd2-bc3e-7f80fbac86b6,False,0.01,2.0,9.51696630002698,1.2500554659000687,"x0,x1",2,0.05,0.05,,,,,,,
4.729281548541579,-4.705888540681705,,,6.67169325753929,0.0,1.2490623335583562,0.0009931323417124993,14.129752273605753,0.28259504547211506,0.06658642084051203,4.095251184650641,9.072322294021916,0.0,branin,value,ts,exact,gaussian,0.25,0,50,11,4c7e9d7c-ca26-4163-a9d7-a55a76d6001b,False,0.01,2.0,10.199489000020549,1.2500554659000687,"x0,x1",2,0.25,0.25,,,,,,,
6.509251581722355,-0.1226173366524348,,,6.510406374828127,20.0,1.2489512111574483,0.0011042547426203253,17.628134666002996,0.3525626933200599,0.03403120279796812,5.73853709703253,6.591379543234197,0.0,branin,value,ts,exact,gaussian,0.25,20,50,11,5be96075-de22-4e71-9542-0f0fd7a43bd0,False,0.01,2.0,10.141464299988002,1.2500554659000687,"x0,x1",2,0.25,0.25,,,,,,,
4.729281548541579,-4.705888540681705,,,6.67169325753929,0.0,1.2366005314123079,0.013454934487760806,26.738264240483034,0.5347652848096607,0.33636900926811886,5.469492061858933,17.870848259750918,0.0,branin,value,ts,exact,gaussian,1.0,0,50,11,4a7513c7-a5f3-4cc2-a5b1-508bd89cabe6,False,0.01,2.0,9.444504500017501,1.2500554659000687,"x0,x1",2,1.0,1.0,,,,,,,
6.527931784988937,-0.9366530194291136,,,6.594786749264491,20.0,1.2488834588380626,0.0011720070620060419,21.543510380652833,0.43087020761305667,0.09609796418603245,5.739384001024851,8.327719655645081,0.0,branin,value,ts,exact,gaussian,1.0,20,50,11,c60ad6a1-0ac1-42fd-9aea-220085531165,False,0.01,2.0,9.685219299979508,1.2500554659000687,"x0,x1",2,1.0,1.0,,,,,,,
4.729281548541579,-4.705888540681705,,,6.67169325753929,0.0,1.0226739169658468,0.2273815489342219,57.1691459118122,1.143382918236244,0.42294548654725017,14.836209119316145,24.491064075272643,0.0,branin,value,ts,exact,gaussian,5.0,0,50,11,79360b14-64f3-4bd1-ab00-fe64494966eb,False,0.01,2.0,10.224424400017597,1.2500554659000687,"x0,x1",2,5.0,5.0,,,,,,,
6.814442434503995,0.632753640857207,,,6.843756487718334,20.0,1.2488834588380626,0.0011720070620060419,41.50365316895704,0.8300730633791408,0.8546323238715786,5.739384001024851,29.209542713288094,0.0,branin,value,ts,exact,gaussian,5.0,20,50,11,0be1222f-e6ae-4314-bdb1-7a69ea690c7d,False,0.01,2.0,8.361029799969401,1.2500554659000687,"x0,x1",2,5.0,5.0,,,,,,,
0.019355881808256314,0.42893316052025454,-0.5310777814691606,0.10108494102735344,0.6903767678790899,0.0,2.4729667403950617,0.4845330411868556,142.75848222935335,2.855169644587067,0.4845330411868556,73.32513514697256,73.32513514697256,0.0,moving_peaks,value,ts,exact,none,0.0,0,50,11,b32055e1-2ff2-4a63-96cd-a50d66904a60,True,0.01,2.0,14.031286099983845,2.9574997815819173,"x0,x1,x2,x3",4,0.2,0.5,,,,,,,
0.15580008524031264,-0.030125462228135724,-0.21085909446685996,-0.4770696163663002,0.5451955489680932,20.0,2.4729667403950617,0.4845330411868556,142.75848222935335,2.855169644587067,0.4845330411868556,73.32513514697256,73.32513514697256,0.0,moving_peaks,value,ts,exact,none,0.0,20,50,11,b32055e1-2ff2-4a63-96cd-a50d66904a60,True,0.01,2.0,14.031286099983845,2.9574997815819173,"x0,x1,x2,x3",4,0.2,0.5,,,,,,,
0.019355881808256314,0.42893316052025454,-0.5310777814691606,0.10108494102735344,0.6903767678790899,0.0,2.510511816024616,0.44698796555730125,112.49429398962555,2.2498858797925108,0.44698796555730125,45.842240300586,45.842240300586,0.0,moving_peaks,value,ts,exact,gaussian,0.05,0,50,11,5c187d24-7693-4f9e-b284-d23004abe0ca,False,0.01,2.0,15.195586199988611,2.9574997815819173,"x0,x1,x2,x3",4,0.05,0.05,,,,,,,
0.1585594176150284,-0.031358796493769714,-0.21254616550525418,-0.4903861982198593,0.5583717031758223,20.0,2.4351492752710584,0.5223505063108589,131.83535530818952,2.6367071061637906,0.5223505063108589,80.13979643733425,80.8491737307993,0.0,moving_peaks,value,ts,exact,gaussian,0.05,20,50,11,966d8782-cf83-49c3-9a69-21afa5608f0d,False,0.01,2.0,13.723279400030151,2.9574997815819173,"x0,x1,x2,x3",4,0.05,0.05,,,,,,,
0.019355881808256314,0.42893316052025454,-0.5310777814691606,0.10108494102735344,0.6903767678790899,0.0,1.774907536587587,1.1825922449943302,137.80816167490082,2.7561632334980164,1.1873914452681207,78.4840888836951,83.5255614729112,0.0,moving_peaks,value,ts,exact,gaussian,0.25,0,50,11,89f906b4-ee73-4295-be14-832fc9082a66,False,0.01,2.0,13.733648699999321,2.9574997815819173,"x0,x1,x2,x3",4,0.25,0.25,,,,,,,
0.15948299060505766,-0.03266880986783377,-0.21308412051471698,-0.495983685412977,0.5638321860641542,20.0,2.377334673218344,0.5801651083635733,129.03363823438104,2.580672764687621,0.6623091474958396,60.06422978494899,60.10530180451513,0.0,moving_peaks,value,ts,exact,gaussian,0.25,20,50,11,fea33487-6083-4455-a129-1d0f47501433,False,0.01,2.0,11.900090499955695,2.9574997815819173,"x0,x1,x2,x3",4,0.25,0.25,,,,,,,
0.019355881808256314,0.42893316052025454,-0.5310777814691606,0.10108494102735344,0.6903767678790899,0.0,1.8935517646766422,1.063948016905275,148.81652153400316,2.976330430680063,1.942998191786062,82.74828366014937,104.45625382710006,0.0,moving_peaks,value,ts,exact,gaussian,1.0,0,50,11,3bcbcdcb-e49e-4ab3-a899-f2ea60bce7d8,False,0.01,2.0,12.634860099991783,2.9574997815819173,"x0,x1,x2,x3",4,1.0,1.0,,,,,,,
0.16075663705188942,-0.049455791063933996,-0.21204608818275927,-0.5253383125418684,0.590958930691415,20.0,1.4087019392517495,1.5487978423301678,148.16906361005698,2.9633812722011394,2.105723306976829,85.75447598383839,95.94178044783574,0.0,moving_peaks,value,ts,exact,gaussian,1.0,20,50,11,8e1493f3-6850-413b-8809-471de7c8c947,False,0.01,2.0,14.162042299984023,2.9574997815819173,"x0,x1,x2,x3",4,1.0,1.0,,,,,,,
0.019355881808256314,0.42893316052025454,-0.5310777814691606,0.10108494102735344,0.6903767678790899,0.0,1.8754062944037324,1.0820934871781849,172.89939577771347,3.4579879155542694,2.7351268939715223,86.5379289437184,128.43200364149766,0.0,moving_peaks,value,ts,exact,gaussian,5.0,0,50,11,39084a2f-5e78-4e30-b90b-3f1827586cc7,False,0.01,2.0,14.434956200013403,2.9574997815819173,"x0,x1,x2,x3",4,5.0,5.0,,,,,,,
0.4654159205509489,-0.40342066129657633,-0.19104592493807837,-0.13494703834184907,0.65883947791244,20.0,1.333952817405912,1.6235469641760052,172.32356014478714,3.4464712028957427,1.6886583647651485,86.53934176321968,88.32990527942111,0.0,moving_peaks,value,ts,exact,gaussian,5.0,20,50,11,908da2e9-ed5f-43f1-9189-ec1c55708ec0,False,0.01,2.0,10.51646760001313,2.9574997815819173,"x0,x1,x2,x3",4,5.0,5.0,,,,,,,
0.019355881808256314,0.42893316052025454,-0.5310777814691606,0.10108494102735344,0.6903767678790899,0.0,2.153305282720616,0.0,45.48997089866482,0.9097994179732964,0.0,20.93898003643403,20.93898003643403,0.0,weber_fechner,value,ts,exact,none,0.0,0,50,11,ee69f712-9278-4499-a61d-9d4576cb11db,True,0.01,2.0,15.980206299980637,2.153305282720616,"x0,x1,x2,x3",4,0.2,0.5,,,,,,,
0.0,0.05751813995813426,0.09871052427000993,-0.247882804556673,0.27294319705899517,20.0,2.153305282720616,0.0,45.48997089866482,0.9097994179732964,0.0,20.93898003643403,20.93898003643403,0.0,weber_fechner,value,ts,exact,none,0.0,20,50,11,ee69f712-9278-4499-a61d-9d4576cb11db,True,0.01,2.0,15.980206299980637,2.153305282720616,"x0,x1,x2,x3",4,0.2,0.5,,,,,,,
0.019355881808256314,0.42893316052025454,-0.5310777814691606,0.10108494102735344,0.6903767678790899,0.0,2.145612917986228,0.007692364734387613,47.881848388797,0.9576369677759401,0.007692364734387613,23.24688125718953,24.253024803859326,0.0,weber_fechner,value,ts,exact,gaussian,0.05,0,50,11,326aaf34-0779-4918-bef0-2079d4c9f5f4,False,0.01,2.0,15.52413630002411,2.153305282720616,"x0,x1,x2,x3",4,0.05,0.05,,,,,,,
0.0,0.05751813995813426,0.11224044265290711,-0.22136833614884233,0.25477479004106923,20.0,2.153305282720616,0.0,37.79123466624356,0.7558246933248712,0.01596213786623002,20.526647870018692,21.124288867903008,0.0,weber_fechner,value,ts,exact,gaussian,0.05,20,50,11,a5030095-db2c-40ec-ae27-e41385293335,False,0.01,2.0,15.562717699969653,2.153305282720616,"x0,x1,x2,x3",4,0.05,0.05,,,,,,,
0.019355881808256314,0.42893316052025454,-0.5310777814691606,0.10108494102735344,0.6903767678790899,0.0,1.9666308150796663,0.18667446764094953,34.05836357957283,0.6811672715914565,0.2717311213947047,18.087421926511837,19.415902634273912,0.0,weber_fechner,value,ts,exact,gaussian,0.25,0,50,11,ac86b9f8-b141-48bd-9401-73351812c397,False,0.01,2.0,14.10287280002376,2.153305282720616,"x0,x1,x2,x3",4,0.25,0.25,,,,,,,
0.0,0.05751813995813426,0.11966189387121873,-0.20499769446798255,0.24423627905427697,20.0,2.08384119047584,0.06946409224477579,45.46080266715812,0.9092160533431624,0.17908692647193702,22.974238403546483,25.362981537521687,0.0,weber_fechner,value,ts,exact,gaussian,0.25,20,50,11,49a4dfe1-4598-4b2f-a15b-3c49990746ea,False,0.01,2.0,12.78222510003252,2.153305282720616,"x0,x1,x2,x3",4,0.25,0.25,,,,,,,
0.019355881808256314,0.42893316052025454,-0.5310777814691606,0.10108494102735344,0.6903767678790899,0.0,1.9254771576323098,0.22782812508830608,94.03393637133206,1.8806787274266412,0.6814194679443664,23.301599073780956,44.94410237158022,0.0,weber_fechner,value,ts,exact,gaussian,1.0,0,50,11,95259b06-e668-477a-a96e-cfeaea00b0a2,False,0.01,2.0,13.849267699988559,2.153305282720616,"x0,x1,x2,x3",4,1.0,1.0,,,,,,,
0.0,-0.22293094096456767,0.26282296702664576,0.0,0.34463620882901563,20.0,2.1008221641248763,0.05248311859573951,49.27793800962355,0.9855587601924709,0.3134211320087763,23.601641517281234,28.54749280750381,0.0,weber_fechner,value,ts,exact,gaussian,1.0,20,50,11,a3982adf-6b8d-4293-bbf2-f81d593c15fb,False,0.01,2.0,11.989091900002677,2.153305282720616,"x0,x1,x2,x3",4,1.0,1.0,,,,,,,
0.019355881808256314,0.42893316052025454,-0.5310777814691606,0.10108494102735344,0.6903767678790899,0.0,1.7540298940320778,0.39927538868853807,121.08072225627652,2.42161444512553,0.39927538868853807,37.95501895452786,60.92641133273382,0.0,weber_fechner,value,ts,exact,gaussian,5.0,0,50,11,d6b98904-4122-4612-991b-4230e1dede9b,False,0.01,2.0,14.865278199955355,2.153305282720616,"x0,x1,x2,x3",4,5.0,5.0,,,,,,,
0.0,-0.7916957800334594,-0.1387450095905463,-0.42111463222482026,0.9073973326404008,20.0,2.153305282720616,0.0,101.41689405479681,2.0283378810959363,0.12685637716872256,22.639072009184265,23.789671498668056,0.0,weber_fechner,value,ts,exact,gaussian,5.0,20,50,11,3fc8c2f1-eb9a-49df-b17a-c2b70d29eade,False,0.01,2.0,10.796040599991102,2.153305282720616,"x0,x1,x2,x3",4,5.0,5.0,,,,,,,
0.019355881808256314,0.42893316052025454,-0.5310777814691606,0.10108494102735344,0.6903767678790899,0.0,1.7175746997911816,0.0,15.0974937196941,0.301949874393882,0.0,10.919272189018418,10.919272189018418,0.0,power_law_practice,value,ts,exact,none,0.0,0,50,11,ad7473e9-2540-4c64-bf54-c56d5c339ceb,True,0.01,2.0,18.98900209995918,1.7175746997911816,"x0,x1,x2,x3",4,0.2,0.5,,,,,,,
0.0,0.0,-0.0046477556663854225,0.0,0.0046477556663854225,20.0,1.7175746997911816,0.0,15.0974937196941,0.301949874393882,0.0,10.919272189018418,10.919272189018418,0.0,power_law_practice,value,ts,exact,none,0.0,20,50,11,ad7473e9-2540-4c64-bf54-c56d5c339ceb,True,0.01,2.0,18.98900209995918,1.7175746997911816,"x0,x1,x2,x3",4,0.2,0.5,,,,,,,
0.019355881808256314,0.42893316052025454,-0.5310777814691606,0.10108494102735344,0.6903767678790899,0.0,1.7175746997911816,0.0,15.40474233836922,0.3080948467673844,0.0,12.281617451284369,12.321905248956117,0.0,power_law_practice,value,ts,exact,gaussian,0.05,0,50,11,eb050d74-7e0a-4b24-9bde-7e4fbbc18d5e,False,0.01,2.0,14.712236100051086,1.7175746997911816,"x0,x1,x2,x3",4,0.05,0.05,,,,,,,
0.0,0.0,-0.061807163964326395,0.0,0.061807163964326395,20.0,1.7175746997911816,0.0,15.238551791254045,0.3047710358250809,0.0,10.919272189018418,10.981793643807642,0.0,power_law_practice,value,ts,exact,gaussian,0.05,20,50,11,dfc2be71-24b7-4c93-bfcf-de91988aeb12,False,0.01,2.0,16.40583429997787,1.7175746997911816,"x0,x1,x2,x3",4,0.05,0.05,,,,,,,
0.019355881808256314,0.42893316052025454,-0.5310777814691606,0.10108494102735344,0.6903767678790899,0.0,1.7175746997911816,0.0,30.743207593522087,0.6148641518704417,0.0,20.126147978474428,23.614843815917183,0.0,power_law_practice,value,ts,exact,gaussian,0.25,0,50,11,271d29c8-b131-4c30-9b60-470bc470adf3,False,0.01,2.0,12.7012437999947,1.7175746997911816,"x0,x1,x2,x3",4,0.25,0.25,,,,,,,
0.0,0.0,-0.07541605775335081,0.0,0.07541605775335081,20.0,1.7175746997911816,0.0,18.784210365849784,0.3756842073169957,0.15114011163852004,10.919272189018418,14.266160175137042,0.0,power_law_practice,value,ts,exact,gaussian,0.25,20,50,11,9aa4c223-dbc5-4e8c-9b45-e8dc31468362,False,0.01,2.0,13.3219773999881,1.7175746997911816,"x0,x1,x2,x3",4,0.25,0.25,,,,,,,
0.019355881808256314,0.42893316052025454,-0.5310777814691606,0.10108494102735344,0.6903767678790899,0.0,1.7175746997911816,0.0,56.844264782329155,1.1368852956465831,0.7218147563199813,27.51531035616363,45.119720087541175,0.0,power_law_practice,value,ts,exact,gaussian,1.0,0,50,11,55689d96-b4a8-4c75-9a51-558468314dc3,False,0.01,2.0,12.613889700034633,1.7175746997911816,"x0,x1,x2,x3",4,1.0,1.0,,,,,,,
0.0,0.0,-0.18457478945792705,0.0,0.18457478945792705,20.0,1.7175746997911816,0.0,44.75427466342204,0.8950854932684408,0.5987438303233474,10.919272189018418,24.5138100783744,0.0,power_law_practice,value,ts,exact,gaussian,1.0,20,50,11,d12e3f9b-268a-47a1-ae52-c9fb8596c5bd,False,0.01,2.0,13.268741699983366,1.7175746997911816,"x0,x1,x2,x3",4,1.0,1.0,,,,,,,
0.019355881808256314,0.42893316052025454,-0.5310777814691606,0.10108494102735344,0.6903767678790899,0.0,1.2683441094668806,0.449230590324301,97.83618543564198,1.9567237087128395,0.8790348038339719,31.87248355555072,50.67733144994522,0.0,power_law_practice,value,ts,exact,gaussian,5.0,0,50,11,424bae52-ba9f-43c3-872d-1cdeebb25ba9,False,0.01,2.0,14.260823799995705,1.7175746997911816,"x0,x1,x2,x3",4,5.0,5.0,,,,,,,
0.0,0.0,0.0,-0.3617394747834398,0.3617394747834398,20.0,1.7175746997911816,0.0,98.15392737860851,1.9630785475721704,0.06092090930876415,10.919272189018418,12.594597195009433,0.0,power_law_practice,value,ts,exact,gaussian,5.0,20,50,11,38e0bd1a-ace1-44bf-824f-4115388e07bb,False,0.01,2.0,11.63540039997315,1.7175746997911816,"x0,x1,x2,x3",4,5.0,5.0,,,,,,,
7.656396380681262,3.271301801533685,-6.523790837244563,2.1855812899002167,26.46118990581866,0.0,2.0886045451842663,0.535875786594346,250.11973901369416,5.0023947802738835,0.535875786594346,58.96006435749633,58.96006435749633,0.0,levy_10,value,ts,exact,none,0.0,0,50,11,eeb353b3-8970-4d8d-acf9-ab9ac7b175af,True,0.01,2.0,42.74365660001058,2.6244803317786123,"x0,x1,x2,x3,x4,x5,x6,x7,x8,x9,x10",11,0.2,0.5,12.802270198530717,-5.157008777157715,8.839234746579272,13.739249731407202,-7.985063688434973,7.1806009300184535,-3.289673247994922
-14.27497290155066,-6.494394184369034,-9.194508314224645,-4.033728380056998,27.507261945973415,20.0,2.0886045451842663,0.535875786594346,250.11973901369416,5.0023947802738835,0.535875786594346,58.96006435749633,58.96006435749633,0.0,levy_10,value,ts,exact,none,0.0,20,50,11,eeb353b3-8970-4d8d-acf9-ab9ac7b175af,True,0.01,2.0,42.74365660001058,2.6244803317786123,"x0,x1,x2,x3,x4,x5,x6,x7,x8,x9,x10",11,0.2,0.5,0.25284408259523516,3.0123879503995727,-1.766018476345364,11.961140018473913,-14.958301031921746,5.550732560866472,0.0
7.656396380681262,3.271301801533685,-6.523790837244563,2.1855812899002167,26.46118990581866,0.0,1.6417033258733433,0.982777005905269,266.9508892966419,5.339017785932838,0.982777005905269,77.08274406978147,77.08274406978147,0.0,levy_10,value,ts,exact,gaussian,0.05,0,50,11,0eb438d7-cf8f-483d-8356-45e220d1a1f9,False,0.01,2.0,44.24144409998553,2.6244803317786123,"x0,x1,x2,x3,x4,x5,x6,x7,x8,x9,x10",11,0.05,0.05,12.802270198530717,-5.157008777157715,8.839234746579272,13.739249731407202,-7.985063688434973,7.1806009300184535,-3.289673247994922
-14.399417182919297,-6.523677115992054,-9.242812276422736,-4.085546835326816,27.430214195739705,20.0,2.2082638798917062,0.41621645188690604,263.3443436367831,5.266886872735662,0.41621645188690604,58.75411205079009,58.75411205079009,0.0,levy_10,value,ts,exact,gaussian,0.05,20,50,11,37565806-0ba4-415e-87d9-6b10b1e5e243,False,0.01,2.0,39.925738199963234,2.6244803317786123,"x0,x1,x2,x3,x4,x5,x6,x7,x8,x9,x10",11,0.05,0.05,0.09583447442079152,3.052227749323043,-1.555327482553461,11.663574100481652,-14.95572898899474,5.379283254668355,0.0
7.656396380681262,3.271301801533685,-6.523790837244563,2.1855812899002167,26.46118990581866,0.0,2.2412809908857843,0.38319934089282803,244.16532362893284,4.883306472578656,0.45354747654439276,60.48638461499627,60.662254954125174,0.0,levy_10,value,ts,exact,gaussian,0.25,0,50,11,0e10549b-0334-4d39-a1f4-465d12dafefe,False,0.01,2.0,38.46962779999012,2.6244803317786123,"x0,x1,x2,x3,x4,x5,x6,x7,x8,x9,x10",11,0.25,0.25,12.802270198530717,-5.157008777157715,8.839234746579272,13.739249731407202,-7.985063688434973,7.1806009300184535,-3.289673247994922
-14.411998408358839,-6.602151950951514,-9.261957786784446,-4.248016777859423,27.49844759397894,20.0,1.5811908320643633,1.043289499714249,251.03052950191304,5.0206105900382605,1.043289499714249,63.40246753306178,63.40246753306178,0.0,levy_10,value,ts,exact,gaussian,0.25,20,50,11,5e6b3d89-b1fc-4182-b2b3-5db601fc9511,False,0.01,2.0,37.10682709998218,2.6244803317786123,"x0,x1,x2,x3,x4,x5,x6,x7,x8,x9,x10",11,0.25,0.25,0.12274230983962564,3.062311615107409,-1.427981975585784,11.713753782287762,-14.959375171334274,5.349216687481061,0.0
7.656396380681262,3.271301801533685,-6.523790837244563,2.1855812899002167,26.46118990581866,0.0,1.0711521180853574,1.553328213693255,277.8270595069564,5.556541190139128,1.553328213693255,77.93857088146345,77.93857088146345,0.0,levy_10,value,ts,exact,gaussian,1.0,0,50,11,64c2102a-221f-424b-8164-7f19fa81c94e,False,0.01,2.0,38.24211600003764,2.6244803317786123,"x0,x1,x2,x3,x4,x5,x6,x7,x8,x9,x10",11,1.0,1.0,12.802270198530717,-5.157008777157715,8.839234746579272,13.739249731407202,-7.985063688434973,7.1806009300184535,-3.289673247994922
-14.658297832315117,-6.545594680900071,-9.505971264201271,-4.58386483723284,27.393575531273186,20.0,1.088220369257373,1.5362599625212392,269.85374438610273,5.397074887722055,2.002528911064322,77.452125723061,81.30757611174646,0.0,levy_10,value,ts,exact,gaussian,1.0,20,50,11,7c6d1bc7-9b6f-4b4f-8e08-39946a4c9017,False,0.01,2.0,40.503323399985675,2.6244803317786123,"x0,x1,x2,x3,x4,x5,x6,x7,x8,x9,x10",11,1.0,1.0,0.2309518263385799,3.2693464698104493,-0.7362865620245569,11.030075377160335,-15.018318942564717,4.77761646897715,0.0
7.656396380681262,3.271301801533685,-6.523790837244563,2.1855812899002167,26.46118990581866,0.0,1.0711521180853574,1.553328213693255,341.8989953912048,6.837979907824096,5.210357274534827,77.93857088146345,206.20531894528963,0.0,levy_10,value,ts,exact,gaussian,5.0,0,50,11,d0fd272d-a428-488e-949f-917b3b671753,False,0.01,2.0,42.497934599989094,2.6244803317786123,"x0,x1,x2,x3,x4,x5,x6,x7,x8,x9,x10",11,5.0,5.0,12.802270198530717,-5.157008777157715,8.839234746579272,13.739249731407202,-7.985063688434973,7.1806009300184535,-3.289673247994922
-8.622175114185652,-5.100629284652388,-10.36750799876635,-10.100571755332538,29.992580642645045,20.0,1.0711521180853574,1.553328213693255,298.56728570314203,5.97134571406284,6.043092821459963,77.93857088146345,201.40709759504793,0.0,levy_10,value,ts,exact,gaussian,5.0,20,50,11,526902c6-971a-4e72-aaf2-b719a7679b4e,False,0.01,2.0,33.03124470001785,2.6244803317786123,"x0,x1,x2,x3,x4,x5,x6,x7,x8,x9,x10",11,5.0,5.0,5.9196964656306825,0.4494509266757943,0.3580010355638259,17.538339661302683,0.0,15.644924487071627,1.3999291102672569
-0.09988119439725507,-0.35135177786265903,0.32671266533701204,,0.49006682247739236,0.0,3.0546959859674674,0.0002049561882602191,31.79127975481028,0.6358255950962056,0.0002049561882602191,12.833365858232252,12.833365858232252,0.0,hartmann_3,value,ts,exact,none,0.0,0,50,11,83916b31-e584-4822-bc28-59fcccdbdf1f,True,0.01,2.0,16.4524412000319,3.0549009421557276,"x0,x1,x2",3,0.2,0.5,,,,,,,
0.9434125265858506,0.2147920185366513,-0.5037752009829026,,1.0908493295004178,20.0,3.0546959859674674,0.0002049561882602191,31.79127975481028,0.6358255950962056,0.0002049561882602191,12.833365858232252,12.833365858232252,0.0,hartmann_3,value,ts,exact,none,0.0,20,50,11,83916b31-e584-4822-bc28-59fcccdbdf1f,True,0.01,2.0,16.4524412000319,3.0549009421557276,"x0,x1,x2",3,0.2,0.5,,,,,,,
-0.09988119439725507,-0.35135177786265903,0.32671266533701204,,0.49006682247739236,0.0,3.0538860073561014,0.0010149347996262215,32.357398489664014,0.6471479697932803,0.027383005064472332,12.95354991593991,13.709828224502267,0.0,hartmann_3,value,ts,exact,gaussian,0.05,0,50,11,16ff33dc-30ae-4dba-9ed5-76e1cadae8e0,False,0.01,2.0,14.833480299974326,3.0549009421557276,"x0,x1,x2",3,0.05,0.05,,,,,,,
0.8947140377748072,0.15102557542944883,-0.4834372832617428,,1.0281213647583585,20.0,3.0536734736077236,0.0012274685480040404,32.15907572465843,0.6431815144931686,0.0126848584168191,12.881401180121857,12.997642480854243,0.0,hartmann_3,value,ts,exact,gaussian,0.05,20,50,11,858a61ec-57e2-4aba-8516-48879d596f08,False,0.01,2.0,14.123349700006656,3.0549009421557276,"x0,x1,x2",3,0.05,0.05,,,,,,,
-0.09988119439725507,-0.35135177786265903,0.32671266533701204,,0.49006682247739236,0.0,3.046084093541609,0.008816848614118467,38.9758163705971,0.779516327411942,0.06585080498903606,18.54875757535201,19.16932236461488,0.0,hartmann_3,value,ts,exact,gaussian,0.25,0,50,11,cff1e5b6-c247-45f8-a653-e478b540ce75,False,0.01,2.0,11.904907699965406,3.0549009421557276,"x0,x1,x2",3,0.25,0.25,,,,,,,
0.8871202472731632,0.13435714901630635,-0.48008544080282806,,1.0176031677842958,20.0,3.0542683249352884,0.0006326172204391689,33.91166502963223,0.6782333005926446,0.03070535476377323,13.023631711035604,13.871527050228496,0.0,hartmann_3,value,ts,exact,gaussian,0.25,20,50,11,b6d4631a-731e-44d3-a8c4-3e773451f3cf,False,0.01,2.0,13.881163799960632,3.0549009421557276,"x0,x1,x2",3,0.25,0.25,,,,,,,
-0.09988119439725507,-0.35135177786265903,0.32671266533701204,,0.49006682247739236,0.0,2.798451802958387,0.2564491391973407,111.92391944195121,2.2384783888390243,0.6566376558489164,38.65728322390943,83.85092929741026,0.0,hartmann_3,value,ts,exact,gaussian,1.0,0,50,11,0106557c-313c-4de3-a06b-0294701c43e6,False,0.01,2.0,12.280654200003482,3.0549009421557276,"x0,x1,x2",3,1.0,1.0,,,,,,,
1.0,0.11082621936710335,-0.47848212757651754,,1.1141039436737292,20.0,3.0464050416067856,0.008495900548942004,50.06314646309525,1.001262929261905,0.4042062729143159,13.04328991935686,19.45603457985939,0.0,hartmann_3,value,ts,exact,gaussian,1.0,20,50,11,1c367567-7350-4961-8733-c2ce3581e10a,False,0.01,2.0,12.783083699992858,3.0549009421557276,"x0,x1,x2",3,1.0,1.0,,,,,,,
-0.09988119439725507,-0.35135177786265903,0.32671266533701204,,0.49006682247739236,0.0,2.485446392714708,0.5694545494410197,154.39211501754332,3.087842300350866,3.1886611955543125,58.34815119055456,147.55550287046222,0.0,hartmann_3,value,ts,exact,gaussian,5.0,0,50,11,c34eafb3-e8d7-406f-98ac-70add87ae792,False,0.01,2.0,12.559238200017717,3.0549009421557276,"x0,x1,x2",3,5.0,5.0,,,,,,,
0.9540395884062995,0.069989312298112,-0.4406062658224332,,1.0531970003586284,20.0,3.0464050416067856,0.008495900548942004,92.40246803095403,1.8480493606190804,1.3216402510415852,13.04328991935686,49.154759557904555,0.0,hartmann_3,value,ts,exact,gaussian,5.0,20,50,11,4f4c5fa8-97f0-43f4-adad-70e839eb2f2b,False,0.01,2.0,9.195658300013747,3.0549009421557276,"x0,x1,x2",3,5.0,5.0,,,,,,,
0.019355881808256314,0.42893316052025454,-0.5310777814691606,0.10108494102735344,0.6903767678790899,0.0,1.2903742737019759,9.040970481155597e-07,22.992307273343137,0.45984614546686275,9.040970481155597e-07,6.709321152296686,6.709321152296686,0.0,steering_law,value,ts,exact,none,0.0,0,50,11,de3db6a6-b8ef-4c6b-b85d-c0481b42b63a,True,0.01,2.0,19.655902799975593,1.290375177799024,"x0,x1,x2,x3",4,0.2,0.5,,,,,,,
-0.7153085359217344,0.0,0.7264357350382772,0.0,1.0194975128479213,20.0,1.2903742737019759,9.040970481155597e-07,22.992307273343137,0.45984614546686275,9.040970481155597e-07,6.709321152296686,6.709321152296686,0.0,steering_law,value,ts,exact,none,0.0,20,50,11,de3db6a6-b8ef-4c6b-b85d-c0481b42b63a,True,0.01,2.0,19.655902799975593,1.290375177799024,"x0,x1,x2,x3",4,0.2,0.5,,,,,,,
0.019355881808256314,0.42893316052025454,-0.5310777814691606,0.10108494102735344,0.6903767678790899,0.0,1.2903503731319257,2.4804667098310418e-05,22.309921925511308,0.44619843851022617,0.0007506481787276087,6.7277342130587545,6.797100542389375,0.0,steering_law,value,ts,exact,gaussian,0.05,0,50,11,db4abc6f-5269-4394-97b3-37535f3b2179,False,0.01,2.0,15.883578700013459,1.290375177799024,"x0,x1,x2,x3",4,0.05,0.05,,,,,,,
-0.13106719732544891,0.0,-0.09280695637357425,0.0,0.16059807397996614,20.0,1.2903272650784614,4.791272056259288e-05,23.105949639358652,0.46211899278717306,0.005556233974195024,6.710641601089718,6.926543006464765,0.0,steering_law,value,ts,exact,gaussian,0.05,20,50,11,c363de0f-cabe-4936-98a3-e848c54c5fa2,False,0.01,2.0,14.51015779998852,1.290375177799024,"x0,x1,x2,x3",4,0.05,0.05,,,,,,,
0.019355881808256314,0.42893316052025454,-0.5310777814691606,0.10108494102735344,0.6903767678790899,0.0,1.2903746249727657,5.528262583265331e-07,23.74337810426501,0.4748675620853002,1.7962319298625573e-06,7.181796785982985,8.004484526973135,0.0,steering_law,value,ts,exact,gaussian,0.25,0,50,11,16501282-7f8f-4961-b499-1d282afef407,False,0.01,2.0,13.672869100002572,1.290375177799024,"x0,x1,x2,x3",4,0.25,0.25,,,,,,,
-0.1379313458814394,0.0,-0.09710753654211737,0.0,0.16868589102217152,20.0,1.2903272650784614,4.791272056259288e-05,21.526565141792936,0.4305313028358587,0.03604929009381208,6.710641601089718,7.952885921926908,0.0,steering_law,value,ts,exact,gaussian,0.25,20,50,11,6cfa45c8-6b37-4b93-b6ff-e42186b9825c,False,0.01,2.0,14.091685199993663,1.290375177799024,"x0,x1,x2,x3",4,0.25,0.25,,,,,,,
0.019355881808256314,0.42893316052025454,-0.5310777814691606,0.10108494102735344,0.6903767678790899,0.0,1.290339331791059,3.5846007965023574e-05,30.71970696851125,0.614394139370225,0.00406014475058547,6.629611798674095,9.479894225291,0.0,steering_law,value,ts,exact,gaussian,1.0,0,50,11,dcc77baf-9d8f-49d4-a033-ec967d0a526c,False,0.01,2.0,10.790129300032277,1.290375177799024,"x0,x1,x2,x3",4,1.0,1.0,,,,,,,
-0.7781482302842752,0.0,0.7264357350382772,0.0,1.064529729709392,20.0,1.2903272650784614,4.791272056259288e-05,29.069758257802235,0.5813951651560447,0.19316053008555567,6.710641601089718,12.284433606794835,0.0,steering_law,value,ts,exact,gaussian,1.0,20,50,11,3f6277a5-a843-4c72-8ce8-6940f4215a52,False,0.01,2.0,12.839068199973553,1.290375177799024,"x0,x1,x2,x3",4,1.0,1.0,,,,,,,
0.019355881808256314,0.42893316052025454,-0.5310777814691606,0.10108494102735344,0.6903767678790899,0.0,1.15368185007385,0.13669332772517406,59.9575978706254,1.199151957412508,0.36281723721820935,12.076736000929683,34.39522444787447,0.0,steering_law,value,ts,exact,gaussian,5.0,0,50,11,aaf39e10-851a-4f87-9434-f43512e3a447,False,0.01,2.0,12.29421540000476,1.290375177799024,"x0,x1,x2,x3",4,5.0,5.0,,,,,,,
-0.32226408837030085,0.33109642636018355,0.40202062625019264,0.0,0.6124537289724201,20.0,1.2903376155250028,3.7562274021185615e-05,36.34528624404216,0.7269057248808432,0.48432189086915167,6.710522570954493,20.03414925452932,0.0,steering_law,value,ts,exact,gaussian,5.0,20,50,11,f107504d-3392-49dc-95ca-f7894af6bdb0,False,0.01,2.0,8.645306100021116,1.290375177799024,"x0,x1,x2,x3",4,5.0,5.0,,,,,,,
