dataset,acquisition,error_model,jitter_std,jitter_iteration,seed,ref,trt,opt_z,ref_raw,trt_raw,delta,share_removed
ackley,ei,gaussian,0.05,0,10,-0.07926224138101212,0.14269756733690583,20.102447153853433,-1.5933650186577708,2.8685703063735914,0.22195980871791796,
ackley,ei,gaussian,0.25,0,10,0.3010562356737321,0.13876262626022937,20.102447153853433,6.051967067969244,2.7894683613261755,-0.1622936094135027,0.539080710453669
ackley,ei,gaussian,1.0,0,10,0.341424183672355,0.17209801196872718,20.102447153853433,6.863461609321064,3.4595911908845736,-0.16932617170362782,0.4959407675295794
ackley,ei,gaussian,5.0,0,10,0.30977852913314935,0.1895817791929992,20.102447153853433,6.227306511297581,3.811057697560777,-0.12019674994015014,0.38800865339665636
ackley,ei,gaussian,0.05,20,10,0.08861380770206331,-0.02951524344296466,20.102447153853433,1.781354386432458,-0.5933286215453162,-0.11812905114502797,1.3330772506943906
ackley,ei,gaussian,0.25,20,10,0.12207561183217479,0.06968754187766148,20.102447153853433,2.4540185356306186,1.4008901278776378,-0.05238806995451331,0.42914443899355237
ackley,ei,gaussian,1.0,20,10,0.36301950020960283,0.1260780439578969,20.102447153853433,7.297580318781826,2.5344772159248325,-0.23694145625170593,0.6526962218693457
ackley,ei,gaussian,5.0,20,10,0.513286480467772,0.20439415061814611,20.102447153853433,10.318314348390809,4.1088226113580415,-0.3088923298496259,0.6017932316629961
ackley,ei,gaussian,0.05,0,11,0.06895633565297382,-0.015433340341396175,20.102447153853433,1.3861910933872856,-0.3102479086203509,-0.08438967599437,1.22381323188438
ackley,ei,gaussian,0.25,0,11,0.01998543011195376,-0.19132833662833815,20.102447153853433,0.4017560526725816,-3.846167776105848,-0.2113137667402919,10.573390993166573
ackley,ei,gaussian,1.0,0,11,-0.0013574485860649887,0.04486896771102812,20.102447153853433,-0.0272880384654445,0.9019760522588988,0.046226416297093106,
ackley,ei,gaussian,5.0,0,11,0.3727178824195927,0.04486896771102812,20.102447153853433,7.49254153463602,0.9019760522588988,-0.3278489147085646,0.8796168098515965
ackley,ei,gaussian,0.05,20,11,0.06036474450228203,-0.020985901030134504,20.102447153853433,1.2134790863129892,-0.4218679664342772,-0.08135064553241654,1.3476516169026633
ackley,ei,gaussian,0.25,20,11,0.007523696612423933,-0.014297701872363693,20.102447153853433,0.1512447135528782,-0.2874187963107424,-0.021821398484787626,2.9003559830886587
ackley,ei,gaussian,1.0,20,11,0.028249716381529816,-0.007690885418906548,20.102447153853433,0.5678884306710508,-0.1546056176999108,-0.035940601800436366,1.2722464648861038
ackley,ei,gaussian,5.0,20,11,0.3718349432437157,-0.0029042259454554894,20.102447153853433,7.474792296512885,-0.058382048591369,-0.37473916918917116,1.0078105245303746
ackley,ei,gaussian,0.05,0,7,-0.051519989740464504,0.048610783223466084,20.102447153853433,-1.0356778711247587,0.977195700857152,0.10013077296393058,
ackley,ei,gaussian,0.25,0,7,-0.02877200574818706,0.20978064007147823,20.102447153853433,-0.5783877250632976,4.217104230938439,0.2385526458196653,
ackley,ei,gaussian,1.0,0,7,0.15865529634754177,-0.0010557395190094296,20.102447153853433,3.189359710505414,-0.0212229478891217,-0.1597110358665512,1.0066542973560542
ackley,ei,gaussian,5.0,0,7,0.4317311938096167,0.46848643338695006,20.102447153853433,8.678853508227874,9.41772376945844,0.03675523957733334,-0.08513454692259637
ackley,ei,gaussian,0.05,20,7,-0.06380310010354427,0.06887758733800936,20.102447153853433,-1.2825984480835193,1.3846080595472574,0.13268068744155365,
ackley,ei,gaussian,0.25,20,7,0.01389896037695634,0.0010030475985217313,20.102447153853433,0.2794031164712676,0.0201637113420827,-0.012895912778434607,0.9278329046692784
ackley,ei,gaussian,1.0,20,7,0.09928972538013768,0.060265793560560985,20.102447153853433,1.9959664573748377,1.2114899302362176,-0.039023931819576696,0.3930309170477694
ackley,ei,gaussian,5.0,20,7,0.14234814879096683,0.11607768743971626,20.102447153853433,2.861546138519276,2.3334455774984124,-0.026270461351250565,0.18455077620874294
ackley,ei,gaussian,0.05,0,8,0.011812600158080203,-0.031096889441220906,20.102447153853433,0.237462170427408,-0.6251235766413661,-0.04290948959930111,3.632518583975741
ackley,ei,gaussian,0.25,0,8,0.11150607624627387,0.0303476424759277,20.102447153853433,2.241545005074272,0.6100618791163743,-0.08115843377034618,0.7278386658597736
ackley,ei,gaussian,1.0,0,8,0.19298778483015094,0.10949630251647617,20.102447153853433,3.879526745887347,2.201143634879811,-0.08349148231367477,0.43262573528762893
ackley,ei,gaussian,5.0,0,8,0.43831478421490394,0.4735187012730924,20.102447153853433,8.811199786432777,9.51888466870365,0.03520391705818848,-0.0803165175485574
ackley,ei,gaussian,0.05,20,8,-0.014938131372805141,-0.050024112233311824,20.102447153853433,-0.3002929964991354,-1.005607072588584,-0.03508598086050668,
ackley,ei,gaussian,0.25,20,8,-0.05109470686642895,-0.013347134836871694,20.102447153853433,-1.0271286446240202,-0.2683100727135694,0.03774757202955726,
ackley,ei,gaussian,1.0,20,8,0.021730734533763854,-0.026464860003495804,20.102447153853433,0.4368409425794057,-0.5320084496544037,-0.04819559453725966,2.217853909281178
ackley,ei,gaussian,5.0,20,8,0.08850428714259793,0.09811107675443147,20.102447153853433,1.7791527551735449,1.9722727356636165,0.009606789611833533,-0.10854603683045427
ackley,ei,gaussian,0.05,0,9,0.2746067341206735,-0.06315891191092027,20.102447153853433,5.520267360753119,-1.2696486889841587,-0.33776564603159376,1.229997680549107
ackley,ei,gaussian,0.25,0,9,0.2349318613431939,-0.05126557691497322,20.102447153853433,4.7227053274079775,-1.0305635507450577,-0.2861974382581671,1.2182146628467871
ackley,ei,gaussian,1.0,0,9,0.29037792656966316,0.24943369388673112,20.102447153853433,5.837306923512186,5.014227649748467,-0.04094423268293204,0.14100325450567375
ackley,ei,gaussian,5.0,0,9,0.44328701253530545,0.37039383551390925,20.102447153853433,8.911153743480542,7.445822504531442,-0.0728931770213962,0.16443788101188872
ackley,ei,gaussian,0.05,20,9,-0.018789940722379564,0.01632889801793509,20.102447153853433,-0.3777237903956738,0.3282508094862022,0.035118838740314656,
ackley,ei,gaussian,0.25,20,9,0.027476319881289804,0.1269162398179789,20.102447153853433,0.5523412683960007,2.5513270039067093,0.09943991993668909,-3.6191134899547963
ackley,ei,gaussian,1.0,20,9,0.018551050405940694,0.227721909241211,20.102447153853433,0.3729215104338941,4.577767646296052,0.2091708588352703,-11.275418602080155
ackley,ei,gaussian,5.0,20,9,0.08416307192848219,0.3453513131518311,20.102447153853433,1.6918837057482785,6.9424065221485725,0.26118824122334894,-3.103359172123546
ackley,logei,gaussian,0.05,0,10,0.12776115855818998,-0.5184333758203461,20.102447153853433,2.568311938231103,-10.421779540222344,-0.646194534378536,5.057832456052916
ackley,logei,gaussian,0.25,0,10,0.1156863825435387,-0.35188130521308403,20.102447153853433,2.325579391501959,-7.073675342474992,-0.4675676877566227,4.041683018143065
ackley,logei,gaussian,1.0,0,10,0.44301573236221464,0.014862780795926636,20.102447153853433,8.905700348137096,0.2987782655094229,-0.428152951566288,0.9664508961867416
ackley,logei,gaussian,5.0,0,10,0.4535875766980182,0.02897574015326061,20.102447153853433,9.118220290216351,0.5824832851747104,-0.4246118365447576,0.9361187527132129
ackley,logei,gaussian,0.05,20,10,0.03206796248110283,-0.0015726745895222214,20.102447153853433,0.6446445211081242,-0.0316146078260786,-0.03364063707062505,1.0490419243333273
ackley,logei,gaussian,0.25,20,10,0.0205322857871911,-0.020603688290717813,20.102447153853433,0.412749189984825,-0.4141845550386236,-0.041135974077908914,2.003477572067074
ackley,logei,gaussian,1.0,20,10,0.0865973656325719,0.00041836018104377784,20.102447153853433,1.7408189662917,0.0084100634307091,-0.08617900545152811,0.9951689040655248
ackley,logei,gaussian,5.0,20,10,0.29680990615513003,0.00041836018104377784,20.102447153853433,5.966605453223698,0.0084100634307091,-0.29639154597408623,0.9985904777018287
ackley,logei,gaussian,0.05,0,11,0.02120281514445959,0.038855363000420695,20.102447153853433,0.4262284709544222,0.781087881359749,0.017652547855961105,-0.832556796618293
ackley,logei,gaussian,0.25,0,11,-0.213705506744933,-0.368852459619605,20.102447153853433,-4.296003655827484,-7.414837077071967,-0.155146952874672,
ackley,logei,gaussian,1.0,0,11,-0.011053205469421434,-0.1342927328805517,20.102447153853433,-0.2221964788297281,-2.699612565877846,-0.12323952741113028,
ackley,logei,gaussian,5.0,0,11,0.21599127680666447,0.06108533679013637,20.102447153853433,4.341953227699301,1.2279647546990553,-0.1549059400165281,0.7171860933772138
ackley,logei,gaussian,0.05,20,11,-0.03127383340585348,-0.005629927642633044,20.102447153853433,-0.6286805833395857,-0.1131753229160494,0.025643905763220433,
ackley,logei,gaussian,0.25,20,11,0.18331936008465746,0.011128348696339812,20.102447153853433,3.685167748380055,0.2237070415778248,-0.17219101138831766,0.9392952894271467
ackley,logei,gaussian,1.0,20,11,0.029502533893047803,-0.015992135793326583,20.102447153853433,0.5930731284897632,-0.3214810646625956,-0.04549466968637439,1.542059738031352
ackley,logei,gaussian,5.0,20,11,0.2616114220144436,0.011128348696339812,20.102447153853433,5.259029785889801,0.2237070415778248,-0.25048307331810377,0.9574622980501004
ackley,logei,gaussian,0.05,0,7,0.04146753579465254,-0.003304970610387388,20.102447153853433,0.8335989469125282,-0.0664379970403512,-0.04477250640503993,1.0797001931041579
ackley,logei,gaussian,0.25,0,7,0.1529962983668392,0.08209335649557199,20.102447153853433,3.0756000026545776,1.6502773606346866,-0.07090294187126721,0.46342913278374376
ackley,logei,gaussian,1.0,0,7,0.06220322147835932,0.42171658112589894,20.102447153853433,1.250436972568159,8.477535285987127,0.3595133596475396,-5.779658209062618
ackley,logei,gaussian,5.0,0,7,0.29961597597315254,0.47327664783234624,20.102447153853433,6.023014323450519,9.514018802202642,0.1736606718591937,-0.5796108545118261
ackley,logei,gaussian,0.05,20,7,-0.016394324435607604,-0.015737178141329383,20.102447153853433,-0.3295660405899299,-0.3163557919368513,0.0006571462942782207,
ackley,logei,gaussian,0.25,20,7,0.03049304483996386,0.0,20.102447153853433,0.6129848224554566,0.0,-0.03049304483996386,1.0
ackley,logei,gaussian,1.0,20,7,0.03049304483996386,0.0,20.102447153853433,0.6129848224554566,0.0,-0.03049304483996386,1.0
ackley,logei,gaussian,5.0,20,7,0.03049304483996386,0.0,20.102447153853433,0.6129848224554566,0.0,-0.03049304483996386,1.0
ackley,logei,gaussian,0.05,0,8,0.007774191436442019,0.1249522406803424,20.102447153853433,0.1562802725150156,2.5118458150321583,0.11717804924390038,-15.072699225622458
ackley,logei,gaussian,0.25,0,8,0.1945793776834271,-0.09356768681671991,20.102447153853433,3.911521657110781,-1.8809394795414205,-0.288147064500147,1.480871549342453
ackley,logei,gaussian,1.0,0,8,-0.06769156608974698,0.25324926022930083,20.102447153853433,-1.360766130080716,5.090929870511996,0.3209408263190478,
ackley,logei,gaussian,5.0,0,8,0.40508241602778866,0.468322352801884,20.102447153853433,8.143147861153892,9.414425348168177,0.06323993677409534,-0.1561162229509292
ackley,logei,gaussian,0.05,20,8,0.022625927516629184,-0.0034601792139904086,20.102447153853433,0.4548365122099564,-0.0695580697921043,-0.026086106730619594,1.1529298284654765
ackley,logei,gaussian,0.25,20,8,0.019968371720075866,0.0018595040120816101,20.102447153853433,0.4014131372513265,0.037380581135249,-0.018108867707994254,0.9068775342251819
ackley,logei,gaussian,1.0,20,8,0.06037647766249486,-0.02253388968638141,20.102447153853433,1.2137149515461152,-0.4529863265912452,-0.08291036734887627,1.3732229927745387
ackley,logei,gaussian,5.0,20,8,0.42886719347673175,0.19066181257022022,20.102447153853433,8.621280092887435,3.83276901145076,-0.23820538090651153,0.5554292436673298
ackley,logei,gaussian,0.05,0,9,0.013277660217625581,0.010215458123507755,20.102447153853433,0.2669134628516403,0.2053557070802174,-0.0030622020941178264,0.2306281410976967
ackley,logei,gaussian,0.25,0,9,0.05491173302330419,0.26748457709813506,20.102447153853433,1.103860211227481,5.377094575586094,0.21257284407483087,-3.871173470059965
ackley,logei,gaussian,1.0,0,9,0.24401483908554567,0.26469697595200464,20.102447153853433,4.905295407473231,5.321056970859987,0.020682136866458978,-0.08475770139212035
ackley,logei,gaussian,5.0,0,9,0.4991344167002811,0.34454718506841064,20.102447153853433,10.033823234386858,6.926241579846684,-0.15458723163187044,0.3097106239514166
ackley,logei,gaussian,0.05,20,9,-0.0189921997874658,-0.05862984416257263,20.102447153853433,-0.3817896925629576,-1.1786033439167785,-0.039637644375106834,
ackley,logei,gaussian,0.25,20,9,0.016378598693665116,-0.07164272337312996,20.102447153853433,0.3292499146935759,-1.4401940605664851,-0.08802132206679508,5.374166844984107
ackley,logei,gaussian,1.0,20,9,0.01586306714615057,-0.008764139469447688,20.102447153853433,0.3188864690035204,-0.1761806505335732,-0.02462720661559826,1.5524870687806707
ackley,logei,gaussian,5.0,20,9,0.24675135464949033,0.27145306753810505,20.102447153853433,4.960306066983126,5.456870944936163,0.024701712888614724,-0.10010770933234969
ackley,pi,gaussian,0.05,0,10,0.0009880905246062572,-0.024094198288959274,20.102447153853433,0.0198630375541206,-0.4843523478182696,-0.025082288813565532,25.384606155959787
ackley,pi,gaussian,0.25,0,10,-0.0010299306425939306,0.003894045801685038,20.102447153853433,-0.0207041263148788,0.0782798499430583,0.004923976444278969,
ackley,pi,gaussian,1.0,0,10,-0.01706688843091581,-0.014238535365775382,20.102447153853433,-0.3430862227631976,-0.2862294047387728,0.0028283530651404265,
ackley,pi,gaussian,5.0,0,10,-0.007693004080118352,0.018828890903204876,20.102447153853433,-0.154648207974958,0.3785067843473477,0.02652189498332323,
ackley,pi,gaussian,0.05,20,10,0.023903161265597238,0.00037244182517109215,20.102447153853433,0.4805120361517048,0.0074869921083866,-0.023530719440426145,0.9844187209786711
ackley,pi,gaussian,0.25,20,10,0.023903161265597238,0.001065330328210007,20.102447153853433,0.4805120361517048,0.021415746624239,-0.02283783093738723,0.9554314043915484
ackley,pi,gaussian,1.0,20,10,-0.0030655424755616006,0.001065330328210007,20.102447153853433,-0.0616249056128701,0.021415746624239,0.004130872803771607,
ackley,pi,gaussian,5.0,20,10,-0.1263757730867558,-0.005583938222461237,20.102447153853433,-2.540462300003881,-0.1122508230274093,0.12079183486429455,
ackley,pi,gaussian,0.05,0,11,-0.19985932217322092,-0.01057639720787614,20.102447153853433,-4.017661462192141,-0.2126114659494931,0.18928292496534477,
ackley,pi,gaussian,0.25,0,11,0.05453317675847132,0.0023375123126730397,20.102447153853433,1.096250303918918,0.0469897177369915,-0.05219566444579828,0.9571359592156912
ackley,pi,gaussian,1.0,0,11,0.03728430737336179,-0.3469722845715508,20.102447153853433,0.7495058186410333,-6.974992014451395,-0.38425659194491263,10.306121234786549
ackley,pi,gaussian,5.0,0,11,0.05468213297397831,0.031961644683343886,20.102447153853433,1.0992446883693852,0.642507273197161,-0.022720488290634423,0.41550113455608007
ackley,pi,gaussian,0.05,20,11,-0.10649533257504117,6.71016092948678e-05,20.102447153853433,-2.140816795221811,0.0013489065547886,0.10656243418433603,
ackley,pi,gaussian,0.25,20,11,-0.06916560143012829,-0.00018627104270476925,20.102447153853433,-1.3903978476136434,-0.0037445037922658,0.06897933038742352,
ackley,pi,gaussian,1.0,20,11,0.025416096901778068,0.0008739198383454328,20.102447153853433,0.5109257448252116,0.0175679273670432,-0.024542177063432636,0.9656154978585916
ackley,pi,gaussian,5.0,20,11,-0.015117951640917239,0.0007981105138697372,20.102447153853433,-0.3039078239360506,0.0160439744280012,0.015916062154786977,
ackley,pi,gaussian,0.05,0,7,0.052738389127283423,-0.2323572557300114,20.102447153853433,1.0601706804105735,-4.670949454126962,-0.2850956448572948,5.40584666265062
ackley,pi,gaussian,0.25,0,7,0.03674600171374912,-0.12655813730722543,20.102447153853433,0.7386845575660494,-2.5441282671086256,-0.16330413902097454,4.444133549361688
ackley,pi,gaussian,1.0,0,7,0.10718409088038117,-0.08040870725312114,20.102447153853433,2.154662522656686,-1.616411788265539,-0.18759279813350233,1.7501925574277464
ackley,pi,gaussian,5.0,0,7,0.38672652536487745,0.0894229241688934,20.102447153853433,7.774149539140808,1.7976196074482225,-0.29730360119598404,0.7687696128820679
ackley,pi,gaussian,0.05,20,7,0.11247496396795678,0.0,20.102447153853433,2.26102201929742,0.0,-0.11247496396795678,1.0
ackley,pi,gaussian,0.25,20,7,0.20926202502092034,0.0,20.102447153853433,4.206678799291406,0.0,-0.20926202502092034,1.0
ackley,pi,gaussian,1.0,20,7,0.3030772957600598,-0.012573977810521598,20.102447153853433,6.0925953215494095,-0.2527677244497361,-0.3156512735705814,1.041487693028897
ackley,pi,gaussian,5.0,20,7,0.2730994422799599,-0.002982734623546966,20.102447153853433,5.48996710617974,-0.0599602651438218,-0.2760821769035069,1.01092178950878
ackley,pi,gaussian,0.05,0,8,0.20683515795138105,-0.03926269963866901,20.102447153853433,4.157892832276565,-0.7892763446039641,-0.24609785759005007,1.1898260432488859
ackley,pi,gaussian,0.25,0,8,0.417453744413635,-0.19861081099718314,20.102447153853433,8.391841836253334,-3.9925633322548464,-0.6160645554108182,1.4757672284773884
ackley,pi,gaussian,1.0,0,8,0.3038568747494379,0.06424965646476162,20.102447153853433,6.108266766985637,1.291575323736108,-0.2396072182846763,0.7885528951163528
ackley,pi,gaussian,5.0,0,8,0.5520724655156128,0.08207026728093458,20.102447153853433,11.09800756312518,1.649813210917614,-0.47000219823467826,0.8513414951707755
ackley,pi,gaussian,0.05,20,8,0.0019371518176025655,0.0,20.102447153853433,0.0389414920423467,0.0,-0.0019371518176025655,1.0
ackley,pi,gaussian,0.25,20,8,-0.025954292343282153,-0.004446185488633971,20.102447153853433,-0.5217447902464922,-0.0893792088214944,0.02150810685464818,
ackley,pi,gaussian,1.0,20,8,-0.028311501371936918,0.09280709580416639,20.102447153853433,-0.5691304601756109,1.8656497389058675,0.12111859717610331,
ackley,pi,gaussian,5.0,20,8,0.030457843678823333,0.09292384714763886,20.102447153853433,0.6122771929738748,1.8679967266181643,0.062466003468815534,-2.05090038965059
ackley,pi,gaussian,0.05,0,9,-0.27057748136079285,-0.007438564728736605,20.102447153853433,-5.439269520078101,-0.1495333543599457,0.26313891663205624,
ackley,pi,gaussian,0.25,0,9,0.004708076015319724,-0.0865002528236223,20.102447153853433,0.0946438492942896,-1.7388667611818285,-0.09120832883894202,19.372739212824303
ackley,pi,gaussian,1.0,0,9,-0.045548048216927116,0.004496180679982336,20.102447153853433,-0.9156272322419454,0.0903842345135217,0.05004422889690945,
ackley,pi,gaussian,5.0,0,9,-0.0538357757296791,-0.04620427573659277,20.102447153853433,-1.0822308365925792,-0.9288190112769286,0.007631499993086328,
ackley,pi,gaussian,0.05,20,9,-0.03265155247749301,-0.027425868048501355,20.102447153853433,-0.6563761081700754,-0.5513270630935558,0.005225684428991656,
ackley,pi,gaussian,0.25,20,9,0.010762545194753871,-0.004160661186423035,20.102447153853433,0.2163534960184989,-0.0836394716251582,-0.014923206381176907,1.3865871047353298
ackley,pi,gaussian,1.0,20,9,-0.10726945617381795,-0.004106525513056458,20.102447153853433,-2.156378573956772,-0.0825512121121683,0.10316293066076149,
ackley,pi,gaussian,5.0,20,9,0.012300432522346992,-0.0021042879779359087,20.102447153853433,0.2472687947500205,-0.0423013378729457,-0.014404720500282901,1.1710743076808814
ackley,qnei,gaussian,0.05,0,10,-0.27904542573795654,0.07174055039908983,20.102447153853433,-5.609495924421804,1.4421606231860622,0.3507859761370464,
ackley,qnei,gaussian,0.25,0,10,-0.17454112508283412,0.02821757743318017,20.102447153853433,-3.508703743151795,0.5672423591602715,0.2027587025160143,
ackley,qnei,gaussian,1.0,0,10,0.014359802941100739,0.09606570930102279,20.102447153853433,0.2886671797632267,1.9311558445212569,0.08170590635992205,-5.689904429402912
ackley,qnei,gaussian,5.0,0,10,0.028880091169789422,0.07963560997427938,20.102447153853433,0.580560506539161,1.6008706410728344,0.05075551880448995,-1.7574570144565107
ackley,qnei,gaussian,0.05,20,10,0.04593259214961028,0.017656847526957536,20.102447153853433,0.9233575063270436,0.3549458443143116,-0.02827574462265274,0.6155921819207116
ackley,qnei,gaussian,0.25,20,10,0.04890327118360897,-0.002942001386624707,20.102447153853433,0.9830754246190628,-0.0591414274011867,-0.05184527257023368,1.060159603139407
ackley,qnei,gaussian,1.0,20,10,0.04890327118360897,-0.018195719179501347,20.102447153853433,0.9830754246190628,-0.3657784832322832,-0.06709899036311032,1.3720757065756382
ackley,qnei,gaussian,5.0,20,10,0.032473090104571646,0.025888148994538004,20.102447153853433,0.6527885777494724,0.5204151470737841,-0.006584941110033642,0.20278147502527322
ackley,qnei,gaussian,0.05,0,11,-0.04745836677026516,-0.47179522374914723,20.102447153853433,-0.9540293100074492,-9.484238552857688,-0.42433685697888207,
ackley,qnei,gaussian,0.25,0,11,0.16736986560585743,-0.4782052043866504,20.102447153853433,3.3645438784893003,-9.61309484988032,-0.6455750699925078,3.857176246486241
ackley,qnei,gaussian,1.0,0,11,0.09744861376005494,0.060621690592096454,20.102447153853433,1.9589556083277788,1.2186443315048727,-0.036826923167958485,0.3779112061936193
ackley,qnei,gaussian,5.0,0,11,0.3935772551688874,0.060621690592096454,20.102447153853433,7.911865972991247,1.2186443315048727,-0.332955564576791,0.84597257642319
ackley,qnei,gaussian,0.05,20,11,-0.007688791182646768,-0.04767979811340507,20.102447153853433,-0.1545635184261709,-0.958480621881126,-0.039991006930758306,
ackley,qnei,gaussian,0.25,20,11,0.03021271437266373,-5.1236037694001114e-05,20.102447153853433,0.6073494940509407,-0.0010299697401165,-0.03026395041035773,1.0016958435796937
ackley,qnei,gaussian,1.0,20,11,0.19013645167384116,-0.002924764529479597,20.102447153853433,3.822207971794599,-0.0587949243913286,-0.19306121620332076,1.0153824503598958
ackley,qnei,gaussian,5.0,20,11,0.5375640136850638,0.00037850864586001125,20.102447153853433,10.806352176917338,0.0076089500506775,-0.5371855050392038,0.9992958817252939
ackley,qnei,gaussian,0.05,0,7,0.028936800106088383,0.19177412401922184,20.102447153853433,0.5817004949342621,3.8551291935729415,0.16283732391313346,-5.627343843000527
ackley,qnei,gaussian,0.25,0,7,-0.06678382460539896,-0.04988628863358193,20.102447153853433,-1.342518304862249,-1.00283648095846,0.016897535971817028,
ackley,qnei,gaussian,1.0,0,7,0.04362743072081156,0.03695666451260282,20.102447153853433,0.8770181205235161,0.7429193953472888,-0.0066707662082087366,0.15290302678829504
ackley,qnei,gaussian,5.0,0,7,0.11894110011582497,0.5066532730009211,20.102447153853433,2.391007179499562,10.184970645827892,0.38771217288509613,-3.2596988972486516
ackley,qnei,gaussian,0.05,20,7,-0.02560876430997528,0.06802256278582186,20.102447153853433,-0.514798831216766,1.367419973671661,0.09363132709579713,
ackley,qnei,gaussian,0.25,20,7,0.02564615794232146,-0.010704101761859265,20.102447153853433,0.5155505347348956,-0.2151786399972453,-0.036350259704180723,1.417376426751053
ackley,qnei,gaussian,1.0,20,7,-0.008975280969109666,0.0019211945467677055,20.102447153853433,-0.1804251113725135,0.0386207118486692,0.010896475515877371,
ackley,qnei,gaussian,5.0,20,7,0.030319999570240473,0.05417383768932959,20.102447153853433,0.6095061890656179,1.0890267092711814,0.023853838119089116,-0.7867360968732338
ackley,qnei,gaussian,0.05,0,8,-0.11447420755075496,-0.039491421934060786,20.102447153853433,-2.301211707768301,-0.7938742224599853,0.07498278561669418,
ackley,qnei,gaussian,0.25,0,8,-0.018283266755231266,-0.0013499596252500344,20.102447153853433,-0.3675384037468419,-0.0271374920264246,0.016933307129981232,
ackley,qnei,gaussian,1.0,0,8,0.23781243671407604,0.1912555385431666,20.102447153853433,4.780611941573827,3.844704356445785,-0.04655689817090944,0.19577150301388657
ackley,qnei,gaussian,5.0,0,8,0.41086717575915,0.4594966429066468,20.102447153853433,8.259435687951322,9.23700698140393,0.04862946714749683,-0.11835812159402925
ackley,qnei,gaussian,0.05,20,8,-0.025002595140869895,-0.00511718365924757,20.102447153853433,-0.5026133475285297,-0.1028679140865866,0.019885411481622324,
ackley,qnei,gaussian,0.25,20,8,0.004535110108281382,-0.07325874161155572,20.102447153853433,0.091166811288633,-1.4726799818041023,-0.0777938517198371,17.153685326797444
ackley,qnei,gaussian,1.0,20,8,0.03991203932501652,0.0071967378501822075,20.102447153853433,0.8023296613336646,0.1446720423134246,-0.03271530147483431,0.8196850381014895
ackley,qnei,gaussian,5.0,20,8,0.14096438275445625,0.08134865017656248,20.102447153853433,2.8337290548970246,1.635306941211657,-0.059615732577893765,0.4229134438997795
ackley,qnei,gaussian,0.05,0,9,0.042735271201281046,-0.223152750776836,20.102447153853433,0.8590835309293468,-4.485916379728371,-0.26588802197811706,6.22174645214716
ackley,qnei,gaussian,0.25,0,9,0.3313116565671093,-0.1686580899600246,20.102447153853433,6.660175067595953,-3.390440340491253,-0.4999697465271339,1.5090617447860963
ackley,qnei,gaussian,1.0,0,9,0.37841733204804096,-0.11349438012839064,20.102447153853433,7.60711441959795,-2.281514778790326,-0.4919117121764316,1.2999185568857143
ackley,qnei,gaussian,5.0,0,9,0.503761350578255,0.3281648698470758,20.102447153853433,10.126835928153204,6.596916953852031,-0.17559648073117917,0.3485707677447195
ackley,qnei,gaussian,0.05,20,9,0.018774943095415074,0.3467922900360118,20.102447153853433,0.3774223013921869,6.97137368381274,0.32801734694059675,-17.47101683736661
ackley,qnei,gaussian,0.25,20,9,0.04043916937750683,0.018959880218120045,20.102447153853433,0.812926265357059,0.3811399901281493,-0.021479289159386784,0.5311506020035626
ackley,qnei,gaussian,1.0,20,9,0.0553717009111304,0.022563383092019766,20.102447153853433,1.113106691384977,0.4535792162194774,-0.03280831781911064,0.5925105654920518
ackley,qnei,gaussian,5.0,20,9,0.1870890611380879,0.47693311014895046,20.102447153853433,3.760947964592466,9.587522642692235,0.2898440490108626,-1.549230335796771
ackley,qucb,gaussian,0.05,0,10,0.26668378417737637,-0.06037950924562925,20.102447153853433,5.360996678215363,-1.2137758937858667,-0.3270632934230056,1.226408626350786
ackley,qucb,gaussian,0.25,0,10,0.234620944933514,0.30925695454514085,20.102447153853433,4.7164551467131215,6.216821585705347,0.07463600961162686,-0.3181131575136096
ackley,qucb,gaussian,1.0,0,10,0.5004252586922888,0.3550134506187591,20.102447153853433,10.059772317315169,7.13663912997076,-0.1454118080735297,0.29057647580283985
ackley,qucb,gaussian,5.0,0,10,0.48219947343903957,0.35265278937541766,20.102447153853433,9.693389432424246,7.089184062078338,-0.1295466840636219,0.268657871274095
ackley,qucb,gaussian,0.05,20,10,0.023768434927012472,-0.03829718249392392,20.102447153853433,0.4778037070500724,-0.7698670872255864,-0.06206561742093639,2.611262273327039
ackley,qucb,gaussian,0.25,20,10,0.020746598941997024,0.018929915230796686,20.102447153853433,0.4170574088536867,0.3805376205540156,-0.0018166837112003377,0.0875653747527192
ackley,qucb,gaussian,1.0,20,10,-0.0060625768403651335,0.35778127232700546,20.102447153853433,-0.1218726305496158,7.192279119592071,0.3638438491673706,
ackley,qucb,gaussian,5.0,20,10,0.04650592900647679,0.46138007924221497,20.102447153853433,0.9348829801935592,9.274868660807336,0.41487415023573815,-8.920887273920696
ackley,qucb,gaussian,0.05,0,11,-0.009983746952728256,-0.04353251214970456,20.102447153853433,-0.200697745514665,-0.8751100249639183,-0.033548765196976305,
ackley,qucb,gaussian,0.25,0,11,-0.015422734995520887,-0.049601925531482904,20.102447153853433,-0.3100347152153446,-0.9971200867260084,-0.034179190535962016,
ackley,qucb,gaussian,1.0,0,11,0.22364578940074833,0.38568462878246407,20.102447153853433,4.4958276626103775,7.7532048681530625,0.16203883938171573,-0.7245333784995174
ackley,qucb,gaussian,5.0,0,11,0.3784039521999961,0.38568462878246407,20.102447153853433,7.606845451909702,7.7532048681530625,0.007280676582467949,-0.0192404876855512
ackley,qucb,gaussian,0.05,20,11,-0.00457608971355112,0.04807055082844778,20.102447153853433,-0.0919906016379537,0.9663357076854968,0.0526466405419989,
ackley,qucb,gaussian,0.25,20,11,0.13531952160840213,-0.00805835353298513,20.102447153853433,2.7202535320176318,-0.1619926260439017,-0.14337787514138725,1.0595505617903749
ackley,qucb,gaussian,1.0,20,11,0.05657515826805028,0.10124192859093754,20.102447153853433,1.1372991293043748,2.035210519253525,0.04466677032288727,-0.789512070143195
ackley,qucb,gaussian,5.0,20,11,0.01889426112930458,0.31687697606976006,20.102447153853433,0.3798208858629524,6.37000266571523,0.2979827149404555,-15.771070003806123
ackley,qucb,gaussian,0.05,0,7,-0.14471349865363065,-0.08632376200757237,20.102447153853433,-2.90909545913385,-1.7353188638790442,0.058389736646058274,
ackley,qucb,gaussian,0.25,0,7,-0.031060173298213777,-0.06064131058640931,20.102447153853433,-0.6243854923168719,-1.2190387414037058,-0.02958113728819553,
ackley,qucb,gaussian,1.0,0,7,-0.04819412324262611,0.114874608352666,20.102447153853433,-0.9688198156111908,2.3092607437290784,0.16306873159529212,
ackley,qucb,gaussian,5.0,0,7,0.3598782584419461,0.24937107773614173,20.102447153853433,7.234433672150029,5.012968911890265,-0.11050718070580437,0.30706823241902204
ackley,qucb,gaussian,0.05,20,7,0.009108906128393077,-0.014512139598587322,20.102447153853433,0.1831113040754335,-0.2917295193699454,-0.0236210457269804,2.5931813759011084
ackley,qucb,gaussian,0.25,20,7,0.03381566437210725,0.00017821114937108416,20.102447153853433,0.6797776060127303,0.0035824802124597,-0.03363745322273617,0.9947299231678535
ackley,qucb,gaussian,1.0,20,7,0.08081672820624065,0.09303369968148743,20.102447153853433,1.624614007913289,1.870205031374572,0.01221697147524678,-0.15116884519340612
ackley,qucb,gaussian,5.0,20,7,0.3521948572387507,0.23253095049879874,20.102447153853433,7.07997850550094,4.67444114403741,-0.11966390673995198,0.33976619556040977
ackley,qucb,gaussian,0.05,0,8,0.05959402373136376,0.01085906330776724,20.102447153853433,1.1979857127452274,0.2182937462847398,-0.04873496042359652,0.8177826797412201
ackley,qucb,gaussian,0.25,0,8,0.08946945766902195,0.04601936196586232,20.102447153853433,1.7985550446754406,0.9251017919728,-0.04345009570315963,0.48564165733401843
ackley,qucb,gaussian,1.0,0,8,0.36208643331031864,0.39055220088994846,20.102447153853433,7.278823390747956,7.851054979211339,0.02846576757962982,-0.07861594625179946
ackley,qucb,gaussian,5.0,0,8,0.4783837554372847,0.47213057038721457,20.102447153853433,9.61668416293996,9.49097984092766,-0.006253185050070109,0.013071482839868032
ackley,qucb,gaussian,0.05,20,8,-0.06381280930388893,-0.04155846036675204,20.102447153853433,-1.282793626770354,-0.8354267533181452,0.02225434893713689,
ackley,qucb,gaussian,0.25,20,8,-0.023450694612682642,-0.026700470219575497,20.102447153853433,-0.4714163491726082,-0.5367447915720538,-0.0032497756068928553,
ackley,qucb,gaussian,1.0,20,8,-0.017646000855058134,-0.09166265768558654,20.102447153853433,-0.3547277996656586,-1.8426437321062608,-0.07401665683052841,
ackley,qucb,gaussian,5.0,20,8,0.186684765755289,0.182003685105748,20.102447153853433,3.752820638025204,3.65871946164488,-0.0046810806495410084,0.025074786529057702
ackley,qucb,gaussian,0.05,0,9,0.027703854084261865,0.06589831608078553,20.102447153853433,0.5569152626869407,1.3247174165419209,0.03819446199652367,-1.3786696204923108
ackley,qucb,gaussian,0.25,0,9,0.035736776364792056,0.00017850963935965006,20.102447153853433,0.7183966583223107,0.0035884805916808,-0.03555826672543241,0.9950048757185744
ackley,qucb,gaussian,1.0,0,9,0.396386945274773,0.0558442999453534,20.102447153853433,7.968347619863517,1.122607088495407,-0.3405426453294196,0.8591167024770645
ackley,qucb,gaussian,5.0,0,9,0.3838979846093272,0.4202889376486214,20.102447153853433,7.717288948079839,8.448836158430613,0.03639095303929418,-0.09479329014015891
ackley,qucb,gaussian,0.05,20,9,0.03637730931618182,0.048224108115895066,20.102447153853433,0.7312729381279253,0.969422584941495,0.011846798799713246,-0.3256645151169386
ackley,qucb,gaussian,0.25,20,9,0.014239000306514376,-0.0567466520273734,20.102447153853433,0.2862387511854081,-1.1407465735383835,-0.07098565233388777,4.985297479164437
ackley,qucb,gaussian,1.0,20,9,0.017561983621227555,0.0071176483345337495,20.102447153853433,0.3530388476625665,0.1430821495046776,-0.010444335286693807,0.5947127335928903
ackley,qucb,gaussian,5.0,20,9,0.1203839462295271,0.13888196166398578,20.102447153853433,2.4200119172514016,2.7918672949737724,0.018498015434458684,-0.15365849030393064
ackley,ucb,gaussian,0.05,0,10,0.20341906453796368,-0.4634565435602143,20.102447153853433,4.089220994960716,-9.31661067502678,-0.666875608098178,3.278333865180667
ackley,ucb,gaussian,0.25,0,10,0.1097720278774054,-0.3696889194696717,20.102447153853433,2.206686389376868,-7.431651967004253,-0.4794609473470771,4.367788011373392
ackley,ucb,gaussian,1.0,0,10,0.42912038904971284,0.04099606557526072,20.102447153853433,8.626369943512877,0.8241212417425885,-0.38812432347445214,0.9044648853296239
ackley,ucb,gaussian,5.0,0,10,0.42166420050600106,-0.03530280991045823,20.102447153853433,8.476482307343744,-0.7096728706075197,-0.45696701041645926,1.083722568499044
ackley,ucb,gaussian,0.05,20,10,0.02397948439167334,0.0021529198818400408,20.102447153853433,0.4820463177602665,0.0432789581511698,-0.021826564509833297,0.9102182579627266
ackley,ucb,gaussian,0.25,20,10,0.048421043665895544,0.0021529198818400408,20.102447153853433,0.9733814714280946,0.0432789581511698,-0.0462681237840555,0.955537515946679
ackley,ucb,gaussian,1.0,20,10,0.011034481322963113,0.0016704269167946862,20.102447153853433,0.2218200776650487,0.0335796688192395,-0.009364054406168427,0.8486175409696446
ackley,ucb,gaussian,5.0,20,10,0.4295039868795228,0.0021529198818400408,20.102447153853433,8.634081198614965,0.0432789581511698,-0.42735106699768277,0.9949874274800529
ackley,ucb,gaussian,0.05,0,11,-0.05353064393221916,-0.0728380006480861,20.102447153853433,-1.0760969407591805,-1.4642220588204928,-0.01930735671586694,
ackley,ucb,gaussian,0.25,0,11,-0.0390091149125938,-0.015407853020491078,20.102447153853433,-0.7841786710490126,-0.3097355510987629,0.023601261892102716,
ackley,ucb,gaussian,1.0,0,11,0.23941873199825017,0.017336622986995908,20.102447153853433,4.812902407637422,0.3485085474223659,-0.22208210901125428,0.9275886943252101
ackley,ucb,gaussian,5.0,0,11,0.39147725877365863,0.42729515116643124,20.102447153853433,7.869650906432877,8.589678195420998,0.03581789239277261,-0.0914941841193424
ackley,ucb,gaussian,0.05,20,11,-0.0003473523008056758,0.026391790652622447,20.102447153853433,-0.0069826312707155,0.5305395768899057,0.02673914295342812,
ackley,ucb,gaussian,0.25,20,11,-0.03485513285016562,0.043475024186614385,20.102447153853433,-0.7006734661609952,0.8739543762239155,0.07833015703678001,
ackley,ucb,gaussian,1.0,20,11,0.029773953899274355,0.01037776513015892,20.102447153853433,0.5985293348214311,0.2086184751041226,-0.019396188769115433,0.6514482031756001
ackley,ucb,gaussian,5.0,20,11,0.17620068658124993,0.223969718440309,20.102447153853433,3.5420649904722685,4.502339429009744,0.04776903185905906,-0.27110582135576267
ackley,ucb,gaussian,0.05,0,7,0.005068262333375959,0.1466980974551934,20.102447153853433,0.1018844757185561,2.9489907516638665,0.14162983512181745,-27.944456266429704
ackley,ucb,gaussian,0.25,0,7,0.005712256220765122,0.11607232681203192,20.102447153853433,0.1148303288072014,2.3333378157636764,0.11036007059126679,-19.319874026323827
ackley,ucb,gaussian,1.0,0,7,0.04446566622317458,0.15656986050523117,20.102447153853433,0.8938687054122525,3.1474373466926133,0.11210419428205659,-2.521140551890128
ackley,ucb,gaussian,5.0,0,7,0.4589917907488875,0.49969961073930463,20.102447153853433,9.226858217582064,10.045185017688002,0.040707819990417116,-0.08868964720261885
ackley,ucb,gaussian,0.05,20,7,0.004528838112414897,-0.028699772672578765,20.102447153853433,0.0910407288231778,-0.5769356634781215,-0.03322861078499366,7.337116046145284
ackley,ucb,gaussian,0.25,20,7,0.05711933242648952,-0.01607778980392847,20.102447153853433,1.1482383615668923,-0.3232029198842356,-0.073197122230418,1.2814772008167288
ackley,ucb,gaussian,1.0,20,7,0.06948809316584093,0.009183543670316095,20.102447153853433,1.396880720688361,0.1846117013176345,-0.06030454949552483,0.867840039179107
ackley,ucb,gaussian,5.0,20,7,0.2439001445623395,0.06233649245334361,20.102447153853433,4.9029897668816425,1.2531160452999233,-0.1815636521089959,0.7444179766059518
ackley,ucb,gaussian,0.05,0,8,0.13834331404492628,0.2885349449952438,20.102447153853433,2.78103915967708,5.800258483806895,0.1501916309503175,-1.0856443044406436
ackley,ucb,gaussian,0.25,0,8,0.14348409777540866,0.09972849878868362,20.102447153853433,2.884381492948491,2.0047868766326484,-0.04375559898672504,0.3049508598173323
ackley,ucb,gaussian,1.0,0,8,0.10000826623243886,0.060536612457947434,20.102447153853433,2.010410886886107,1.2169340528091936,-0.039471653774491425,0.3946839122553284
ackley,ucb,gaussian,5.0,0,8,0.5375668394207631,0.5134311120247038,20.102447153853433,10.806408981119905,10.32122179662081,-0.024135727396059292,0.04489809568995351
ackley,ucb,gaussian,0.05,20,8,-0.0016323916314111234,0.0037019156265149797,20.102447153853433,-0.0328150665048347,0.0744175632500416,0.005334307257926103,
ackley,ucb,gaussian,0.25,20,8,0.04653568075023781,-0.022732365007571795,20.102447153853433,0.93548106305025,-0.456976166246819,-0.06926804575780961,1.4884932301641602
ackley,ucb,gaussian,1.0,20,8,0.024035046593881084,0.040946219960068204,20.102447153853433,0.4831632539938995,0.8231192228973296,0.01691117336618712,-0.7036047673189207
ackley,ucb,gaussian,5.0,20,8,0.18250285087443371,0.015424325544623755,20.102447153853433,3.6687539151308974,0.3100666891446306,-0.16707852532980996,0.9154844679372376
ackley,ucb,gaussian,0.05,0,9,0.10887829258559616,0.06814192038180042,20.102447153853433,2.1887201229037387,1.3698193534372312,-0.04073637220379574,0.3741459499079698
ackley,ucb,gaussian,0.25,0,9,0.4231475743482997,0.11223238974271844,20.102447153853433,8.506301751617961,2.2561456837536795,-0.31091518460558126,0.7347677346004633
ackley,ucb,gaussian,1.0,0,9,0.4298836249256488,0.46063511754904213,20.102447153853433,8.641712852374805,9.259893107738684,0.03075149262339333,-0.07153445918930279
ackley,ucb,gaussian,5.0,0,9,0.4393912826637229,0.48205960913299223,20.102447153853433,8.832840039611366,9.690577817603218,0.042668326469269324,-0.0971078129056202
ackley,ucb,gaussian,0.05,20,9,-0.030769486044551337,-0.007996853234575208,20.102447153853433,-0.618541967161824,-0.16075631954517,0.02277263280997613,
ackley,ucb,gaussian,0.25,20,9,-0.04640626655349549,0.010413471025564083,20.102447153853433,-0.9328795209992792,0.2093362509795859,0.05681973757905957,
ackley,ucb,gaussian,1.0,20,9,0.0033493671363057026,0.04641986093477047,20.102447153853433,0.0673304758564388,0.9331528013304488,0.04307049379846477,-12.859293127826774
ackley,ucb,gaussian,5.0,20,9,0.08373348566635712,0.2306617668371599,20.102447153853433,1.6832479706158878,4.636865978258469,0.14692828117080275,-1.7547135414408812
branin,ei,gaussian,0.05,0,10,0.007156459009495146,0.004282414840599439,1.2500554659000687,0.0089459707013092,0.0053532560787429,-0.0028740441688957074,0.40160142957326284
branin,ei,gaussian,0.25,0,10,0.007156459009495146,0.00734258865822723,1.2500554659000687,0.0089459707013092,0.0091786430860728,0.00018612964873208383,-0.026008623606329273
branin,ei,gaussian,1.0,0,10,0.007156459009495146,0.00959478121200777,1.2500554659000687,0.0089459707013092,0.0119940086981856,0.0024383222025126244,-0.34071629548600413
branin,ei,gaussian,5.0,0,10,0.002218085113584517,0.00959478121200777,1.2500554659000687,0.0027727294200679,0.0119940086981856,0.007376696098423254,-3.3257047050382162
branin,ei,gaussian,0.05,20,10,0.0014695563990049022,8.044890774929773e-05,1.2500554659000687,0.0018370270090245,0.0001005655968577,-0.0013891074912556044,0.945256331908205
branin,ei,gaussian,0.25,20,10,0.012091947981560816,8.044890774929773e-05,1.2500554659000687,0.0151156056677294,0.0001005655968577,-0.012011499073811518,0.9933469025940258
branin,ei,gaussian,1.0,20,10,0.012091947981560816,8.044890774929773e-05,1.2500554659000687,0.0151156056677294,0.0001005655968577,-0.012011499073811518,0.9933469025940258
branin,ei,gaussian,5.0,20,10,0.012091947981560816,-0.000374672111544642,1.2500554659000687,0.0151156056677294,-0.0004683609209567,-0.012466620093105459,1.0309852566448339
branin,ei,gaussian,0.05,0,11,-0.0028246158742872675,-0.004193325646208202,1.2500554659000687,-0.0035309265127209,-0.0052418896443415,-0.0013687097719209344,
branin,ei,gaussian,0.25,0,11,0.0335035276670863,-0.005373626943929857,1.2500554659000687,0.0418812678871754,-0.0067173317329674,-0.03887715461101616,1.1603898848302139
branin,ei,gaussian,1.0,0,11,0.051378192528370094,0.07607264160076385,1.2500554659000687,0.0642255903981551,0.0950950214384918,0.024694449072393758,-0.48064067374028263
branin,ei,gaussian,5.0,0,11,0.3430604559015487,0.2251904190248913,1.2500554659000687,0.4288445980339004,0.2815005141703922,-0.11787003687665742,0.3435838635697601
branin,ei,gaussian,0.05,20,11,0.0,8.834488962366444e-05,1.2500554659000687,0.0,0.0001104360121584,8.834488962366444e-05,
branin,ei,gaussian,0.25,20,11,0.0,8.834488962366444e-05,1.2500554659000687,0.0,0.0001104360121584,8.834488962366444e-05,
branin,ei,gaussian,1.0,20,11,0.0,8.834488962366444e-05,1.2500554659000687,0.0,0.0001104360121584,8.834488962366444e-05,
branin,ei,gaussian,5.0,20,11,0.0,8.834488962366444e-05,1.2500554659000687,0.0,0.0001104360121584,8.834488962366444e-05,
branin,ei,gaussian,0.05,0,7,0.007559950678765222,0.0008556112464014476,1.2500554659000687,0.0094503576679254,0.0010695615152497,-0.006704339432363774,0.8868231708435966
branin,ei,gaussian,0.25,0,7,0.0026283400992845652,0.003625014518101673,1.2500554659000687,0.003285570907355,0.0045314692123201,0.0009966744188171076,-0.37920298788136386
branin,ei,gaussian,1.0,0,7,0.13133483407575408,0.10254161497493018,1.2500554659000687,0.164175827199475,0.1281827062816318,-0.0287932191008239,0.2192352036948243
branin,ei,gaussian,5.0,0,7,0.3666634369502082,0.029993863913228096,1.2500554659000687,0.458349633505313,0.0374939935281936,-0.3366695730369801,0.9181978324244499
branin,ei,gaussian,0.05,20,7,0.0,0.0004934455729682084,1.2500554659000687,0.0,0.0006168343356131,0.0004934455729682084,
branin,ei,gaussian,0.25,20,7,-5.9046834295185566e-05,0.0004934455729682084,1.2500554659000687,-7.381181795479235e-05,0.0006168343356131,0.0005524924072633939,
branin,ei,gaussian,1.0,20,7,0.0,0.0004934455729682084,1.2500554659000687,0.0,0.0006168343356131,0.0004934455729682084,
branin,ei,gaussian,5.0,20,7,0.0,-0.0001385999524301512,1.2500554659000687,0.0,-0.0001732576281088,-0.0001385999524301512,
branin,ei,gaussian,0.05,0,8,0.02935349817765409,0.04109229170738029,1.2500554659000687,0.0366935008402642,0.0513676438551708,0.011738793529726198,-0.3999112289336124
branin,ei,gaussian,0.25,0,8,0.016457824381773276,0.02426318350593129,1.2500554659000687,0.0205731933252591,0.0303303251617258,0.007805359124158015,-0.47426433428237935
branin,ei,gaussian,1.0,0,8,0.029806714705961718,0.04151670863644647,1.2500554659000687,0.0372600466387114,0.0518981885571705,0.011709993930484754,-0.39286429403582024
branin,ei,gaussian,5.0,0,8,0.029517428551311668,0.05141489354967107,1.2500554659000687,0.0368984228998819,0.0642714687104365,0.0218974649983594,-0.7418486661293651
branin,ei,gaussian,0.05,20,8,0.031073370538114427,2.516605019546511e-05,1.2500554659000687,0.0388434366851081,3.145895860195665e-05,-0.03104820448791896,0.9991901087728929
branin,ei,gaussian,0.25,20,8,0.052942319023802975,4.039138154429367e-05,1.2500554659000687,0.0661808352731301,5.049146727469946e-05,-0.05290192764225868,0.9992370681472013
branin,ei,gaussian,1.0,20,8,0.02541660134730159,2.8616877223577094e-06,1.2500554659000687,0.0317721614387974,3.577268379032373e-06,-0.025413739659579233,0.9998874087182918
branin,ei,gaussian,5.0,20,8,0.052942319023802975,-4.254763205004099e-05,1.2500554659000687,0.0661808352731301,-5.318690000525868e-05,-0.052984866655853016,1.0008036601500383
branin,ei,gaussian,0.05,0,9,0.000259341129430825,0.00016780658767174186,1.2500554659000687,0.0003241907963777,0.0002097675421331,-9.153454175908315e-05,0.35295034752094145
branin,ei,gaussian,0.25,0,9,0.03633687980078541,0.04239605053838858,1.2500554659000687,0.0454231152087256,0.0529974147080882,0.006059170737603169,-0.16674989076723645
branin,ei,gaussian,1.0,0,9,0.06645218333953692,0.04804274215348511,1.2500554659000687,0.0830689150045816,0.0600560924257917,-0.01840944118605181,0.2770329018685347
branin,ei,gaussian,5.0,0,9,0.021929037225844106,-0.009210939102800068,1.2500554659000687,0.0274125128460925,-0.0115141847715279,-0.031139976328644174,1.420033903355532
branin,ei,gaussian,0.05,20,9,3.7637194825859986e-05,0.0,1.2500554659000687,4.704858111321206e-05,0.0,-3.7637194825859986e-05,1.0
branin,ei,gaussian,0.25,20,9,3.7637194825859986e-05,0.0,1.2500554659000687,4.704858111321206e-05,0.0,-3.7637194825859986e-05,1.0
branin,ei,gaussian,1.0,20,9,3.7637194825859986e-05,0.0,1.2500554659000687,4.704858111321206e-05,0.0,-3.7637194825859986e-05,1.0
branin,ei,gaussian,5.0,20,9,3.7637194825859986e-05,0.0,1.2500554659000687,4.704858111321206e-05,0.0,-3.7637194825859986e-05,1.0
branin,logei,gaussian,0.05,0,10,-0.0021141766321366353,0.003944087194572643,1.2500554659000687,-0.0026428380548806,0.004930327755562,0.006058263826709279,
branin,logei,gaussian,0.25,0,10,0.007155743249959745,0.00957884981996985,1.2500554659000687,0.0089450759621897,0.0119740935744892,0.0024231065700101046,-0.33862402344071474
branin,logei,gaussian,1.0,0,10,0.007155743249959745,0.00957884981996985,1.2500554659000687,0.0089450759621897,0.0119740935744892,0.0024231065700101046,-0.33862402344071474
branin,logei,gaussian,5.0,0,10,-0.0018858561058525513,0.00957884981996985,1.2500554659000687,-0.002357424733022,0.0119740935744892,0.0114647059258224,
branin,logei,gaussian,0.05,20,10,0.012090738594759558,6.093137054038955e-05,1.2500554659000687,0.0151140938671481,7.616759278879638e-05,-0.012029807224219168,0.9949604922757326
branin,logei,gaussian,0.25,20,10,0.012090738594759558,6.093137054038955e-05,1.2500554659000687,0.0151140938671481,7.616759278879638e-05,-0.012029807224219168,0.9949604922757326
branin,logei,gaussian,1.0,20,10,0.012090738594759558,6.093137054038955e-05,1.2500554659000687,0.0151140938671481,7.616759278879638e-05,-0.012029807224219168,0.9949604922757326
branin,logei,gaussian,5.0,20,10,0.012090738594759558,6.093137054038955e-05,1.2500554659000687,0.0151140938671481,7.616759278879638e-05,-0.012029807224219168,0.9949604922757326
branin,logei,gaussian,0.05,0,11,-0.010730225271394786,-0.01103562465664648,1.2500554659000687,-0.0134133767508461,-0.0137951429216625,-0.000305399385251693,
branin,logei,gaussian,0.25,0,11,0.0011661833269747395,0.08012500819971416,1.2500554659000687,0.0014577938421263,0.1001607044553405,0.07895882487273942,-67.70704317782597
branin,logei,gaussian,1.0,0,11,0.028229187994338788,0.03471699850859155,1.2500554659000687,0.0352880507502438,0.0433981737453094,0.006487810514252762,-0.22982632428371152
branin,logei,gaussian,5.0,0,11,0.10378345987396556,0.09956273090479806,1.2500554659000687,0.1297350812854711,0.1244589359674805,-0.004220728969167503,0.040668609181975124
branin,logei,gaussian,0.05,20,11,0.0,-2.911434826841436e-05,1.2500554659000687,0.0,-3.639455018904957e-05,-2.911434826841436e-05,
branin,logei,gaussian,0.25,20,11,0.0,0.0,1.2500554659000687,0.0,0.0,0.0,
branin,logei,gaussian,1.0,20,11,0.0,0.0,1.2500554659000687,0.0,0.0,0.0,
branin,logei,gaussian,5.0,20,11,0.0,0.0,1.2500554659000687,0.0,0.0,0.0,
branin,logei,gaussian,0.05,0,7,0.00016299860471326373,-0.0005121628995388763,1.2500554659000687,0.0002037572967559,-0.0006402320319998,-0.00067516150425214,4.14213057492019
branin,logei,gaussian,0.25,0,7,0.008801852310843926,0.005830215727040565,1.2500554659000687,0.0110028035912156,0.0072880930369636,-0.0029716365838033613,0.337614910913955
branin,logei,gaussian,1.0,0,7,0.0695854255720259,0.03462676427406542,1.2500554659000687,0.0869856415832934,0.0432853759472287,-0.034958661297960485,0.5023848170875346
branin,logei,gaussian,5.0,0,7,0.014987655925732687,0.056346825085131794,1.2500554659000687,0.0187354012109917,0.0704366566837841,0.041359169159399106,-2.7595488823831684
branin,logei,gaussian,0.05,20,7,-6.247585287896338e-05,0.00046775982353621724,1.2500554659000687,-7.809828137811671e-05,0.0005847257241399,0.0005302356764151806,
branin,logei,gaussian,0.25,20,7,0.0,0.00046775982353621724,1.2500554659000687,0.0,0.0005847257241399,0.00046775982353621724,
branin,logei,gaussian,1.0,20,7,0.0,0.00046775982353621724,1.2500554659000687,0.0,0.0005847257241399,0.00046775982353621724,
branin,logei,gaussian,5.0,20,7,0.0,-0.00031290373909790084,1.2500554659000687,0.0,-0.0003911470293599,-0.00031290373909790084,
branin,logei,gaussian,0.05,0,8,-0.004874395074358488,0.010032184275979102,1.2500554659000687,-0.0060932642056582,0.0125407867891044,0.01490657935033759,
branin,logei,gaussian,0.25,0,8,0.04718511888569389,0.04444573959672724,1.2500554659000687,0.0589840157722062,0.05555963971886,-0.0027393792889666493,0.05805600057091742
branin,logei,gaussian,1.0,0,8,-0.0027524280281335566,0.045092313360281196,1.2500554659000687,-0.0034406877010649,0.0563678927860982,0.047844741388414755,
branin,logei,gaussian,5.0,0,8,0.02933827970326823,0.05940638628574291,1.2500554659000687,0.0366744769031755,0.0742612778858638,0.030068106582474677,-1.024876266999566
branin,logei,gaussian,0.05,20,8,0.047603303716795366,0.001017982840563515,1.2500554659000687,0.0595067700060811,0.0012725350140389,-0.04658532087623185,0.9786152900937346
branin,logei,gaussian,0.25,20,8,0.04757002571999236,0.0011431457903941008,1.2500554659000687,0.0594651706642833,0.0014289956436028,-0.04642687992959826,0.9759691996568824
branin,logei,gaussian,1.0,20,8,0.04754151148978784,0.0011431457903941008,1.2500554659000687,0.0594295262949602,0.0014289956436028,-0.046398365699393734,0.9759547865734212
branin,logei,gaussian,5.0,20,8,0.04760087736776163,0.0011431457903941008,1.2500554659000687,0.0595037369352093,0.0014289956436028,-0.04645773157736753,0.9759847747855103
branin,logei,gaussian,0.05,0,9,0.0037276156046457424,0.0019132992892538566,1.2500554659000687,0.0046597262613618,0.0023917302344345,-0.0018143163153918858,0.48672301755864955
branin,logei,gaussian,0.25,0,9,0.045743888456357545,0.0404840654946336,1.2500554659000687,0.0571823977963928,0.0506073273534231,-0.005259822961723948,0.11498416814176471
branin,logei,gaussian,1.0,0,9,0.06963180806617504,0.09642062353518012,1.2500554659000687,0.0870436222736266,0.1205311274756447,0.02678881546900508,-0.38472095171715415
branin,logei,gaussian,5.0,0,9,0.10103991845462387,0.09916732774459988,1.2500554659000687,0.1263055023382998,0.1239646600858406,-0.0018725907100239914,0.018533177170614534
branin,logei,gaussian,0.05,20,9,-8.021717267065349e-05,0.0,1.2500554659000687,-0.000100275915156,0.0,8.021717267065349e-05,
branin,logei,gaussian,0.25,20,9,3.7641682594437185e-05,0.0,1.2500554659000687,4.705419107285168e-05,0.0,-3.7641682594437185e-05,1.0
branin,logei,gaussian,1.0,20,9,3.7641682594437185e-05,0.0,1.2500554659000687,4.705419107285168e-05,0.0,-3.7641682594437185e-05,1.0
branin,logei,gaussian,5.0,20,9,3.7641682594437185e-05,0.0,1.2500554659000687,4.705419107285168e-05,0.0,-3.7641682594437185e-05,1.0
branin,pi,gaussian,0.05,0,10,0.006600355936245539,0.0025643333503293183,1.2500554659000687,0.0082508110149897,0.003205558920969,-0.00403602258591622,0.6114855963680073
branin,pi,gaussian,0.25,0,10,0.00039977825920986,0.005407918660057698,1.2500554659000687,0.0004997449980733,0.0067601982801481,0.005008140400847838,-12.527295533144187
branin,pi,gaussian,1.0,0,10,0.0013523750281281075,0.010915204708074987,1.2500554659000687,0.0016905437958583,0.0136446113067473,0.00956282967994688,-7.071137429373632
branin,pi,gaussian,5.0,0,10,0.003085311229678683,0.011019476551475988,1.2500554659000687,0.0038568101666627,0.0137749568945302,0.007934165321797306,-2.5715931817431597
branin,pi,gaussian,0.05,20,10,0.0001579353374958825,0.000330990447843437,1.2500554659000687,0.0001974279318955,0.0004137564184874,0.0001730551103475545,-1.0957339446092371
branin,pi,gaussian,0.25,20,10,0.0001579353374958825,0.000330990447843437,1.2500554659000687,0.0001974279318955,0.0004137564184874,0.0001730551103475545,-1.0957339446092371
branin,pi,gaussian,1.0,20,10,0.00015731175268075695,0.000330990447843437,1.2500554659000687,0.0001966484162889,0.0004137564184874,0.00017367869516268005,-1.1040414476541853
branin,pi,gaussian,5.0,20,10,0.0001579353374958825,3.164055644504787e-05,1.2500554659000687,0.0001974279318955,3.955245052825174e-05,-0.00012629478105083463,0.7996613237625002
branin,pi,gaussian,0.05,0,11,0.033305187623096665,0.029483108847437402,1.2500554659000687,0.0416333318310793,0.0368555213664658,-0.003822078775659262,0.1147592626984244
branin,pi,gaussian,0.25,0,11,0.1411204081385194,0.36615265418105675,1.2500554659000687,0.1764083375436047,0.4577111267128476,0.22503224604253735,-1.594611644133375
branin,pi,gaussian,1.0,0,11,0.25429928828793574,0.10714629070947046,1.2500554659000687,0.3178882152988314,0.1339388063522913,-0.14715299757846528,0.5786606740788365
branin,pi,gaussian,5.0,0,11,0.02794049169878261,0.0848701405700893,1.2500554659000687,0.0349271643679987,0.1060923831113473,0.05692964887130669,-2.0375321051986774
branin,pi,gaussian,0.05,20,11,8.549588064746217e-05,0.0007304280431759599,1.2500554659000687,0.0001068745929153,0.0009130755678188,0.0006449321625284977,-7.543429667539678
branin,pi,gaussian,0.25,20,11,0.0003780508439355755,0.0010790328856045569,1.2500554659000687,0.0004725845238498,0.0013488509565359,0.0007009820416689814,-1.854200441325922
branin,pi,gaussian,1.0,20,11,0.0003780508439355755,0.0012183702376493215,1.2500554659000687,0.0004725845238498,0.0015230303750635,0.000840319393713746,-2.222768199551875
branin,pi,gaussian,5.0,20,11,0.0003780508439355755,0.0012183702376493215,1.2500554659000687,0.0004725845238498,0.0015230303750635,0.000840319393713746,-2.222768199551875
branin,pi,gaussian,0.05,0,7,0.0019281800420202998,0.23090721899369482,1.2500554659000687,0.0024103320007669,0.2886468312188524,0.2289790389516745,-118.75397211961383
branin,pi,gaussian,0.25,0,7,0.06020287495907174,-0.008990141237706724,1.2500554659000687,0.075256932905486,-0.0112381751934089,-0.06919301619677846,1.1493307627554095
branin,pi,gaussian,1.0,0,7,0.2986493813555023,0.22763716925209163,1.2500554659000687,0.3733282915511197,0.2845590876655962,-0.07101221210341066,0.2377778644010653
branin,pi,gaussian,5.0,0,7,0.29000212052533814,0.08703268199265535,1.2500554659000687,0.3625187358853094,0.1087956798368613,-0.2029694385326828,0.6998894979285122
branin,pi,gaussian,0.05,20,7,0.0009135074794685854,0.00039553464398381046,1.2500554659000687,0.0011419350178503,0.0004944402436648,-0.0005179728354847749,0.5670154291304711
branin,pi,gaussian,0.25,20,7,0.0011274855000031425,0.00039553464398381046,1.2500554659000687,0.001409419412002,0.0004944402436648,-0.0007319508560193321,0.6491887088723465
branin,pi,gaussian,1.0,20,7,0.0011755304175421863,0.00039553464398381046,1.2500554659000687,0.0014694782237804,0.0004944402436648,-0.0007799957735583759,0.6635266615977499
branin,pi,gaussian,5.0,20,7,0.0011755304175421863,0.00039553464398381046,1.2500554659000687,0.0014694782237804,0.0004944402436648,-0.0007799957735583759,0.6635266615977499
branin,pi,gaussian,0.05,0,8,0.07203897927446161,0.0986910596703402,1.2500554659000687,0.0900527197999025,0.1233692985763786,0.02665208039587859,-0.3699674907155015
branin,pi,gaussian,0.25,0,8,0.015374078192471224,0.13013627588680476,1.2500554659000687,0.0192184504776737,0.1626775629841796,0.11476219769433355,-7.464655523251681
branin,pi,gaussian,1.0,0,8,0.137635664777138,0.10104958868962174,1.2500554659000687,0.1720522150574509,0.1263175906684154,-0.03658607608751627,0.26581828297743215
branin,pi,gaussian,5.0,0,8,0.1785452952128331,0.2146407243122461,1.2500554659000687,0.2231915221915434,0.268312810631273,0.03609542909941299,-0.20216398901122434
branin,pi,gaussian,0.05,20,8,0.041590653218611745,2.1056912160346323e-05,1.2500554659000687,0.0519906233862799,2.6322308141018543e-05,-0.0415695963064514,0.9994937104726471
branin,pi,gaussian,0.25,20,8,0.03166298154956863,2.1056912160346323e-05,1.2500554659000687,0.0395804831527313,2.6322308141018543e-05,-0.03164192463740829,0.9993349674879044
branin,pi,gaussian,1.0,20,8,0.041614725554675436,2.1056912160346323e-05,1.2500554659000687,0.0520207151415533,2.6322308141018543e-05,-0.04159366864251509,0.9994940033394506
branin,pi,gaussian,5.0,20,8,0.041614725554675436,2.1056912160346323e-05,1.2500554659000687,0.0520207151415533,2.6322308141018543e-05,-0.04159366864251509,0.9994940033394506
branin,pi,gaussian,0.05,0,9,0.0006046369084262875,-0.0014363724841707454,1.2500554659000687,0.0007558296722632,-0.0017955452749061,-0.002041009392597033,3.3755951119643837
branin,pi,gaussian,0.25,0,9,0.01204426633273623,0.031176019845858237,1.2500554659000687,0.0150560009619931,0.0389717540133241,0.019131753513122005,-1.588453209567613
branin,pi,gaussian,1.0,0,9,-0.0008784106149885678,0.0217523595524968,1.2500554659000687,-0.0010980619905711,0.0271916559548222,0.022630770167485367,
branin,pi,gaussian,5.0,0,9,0.04707197871878372,0.003472845043302939,1.2500554659000687,0.0588425842881473,0.0043412489286048,-0.04359913367548078,0.9262226671190025
branin,pi,gaussian,0.05,20,9,0.0,0.0012225374866495482,1.2500554659000687,0.0,0.001528239667454,0.0012225374866495482,
branin,pi,gaussian,0.25,20,9,0.0,0.0012225374866495482,1.2500554659000687,0.0,0.001528239667454,0.0012225374866495482,
branin,pi,gaussian,1.0,20,9,0.0,0.0012225374866495482,1.2500554659000687,0.0,0.001528239667454,0.0012225374866495482,
branin,pi,gaussian,5.0,20,9,0.0,0.0004977635101448708,1.2500554659000687,0.0,0.0006222319965822,0.0004977635101448708,
branin,qnei,gaussian,0.05,0,10,4.720936520477663e-05,0.002415817482954245,1.2500554659000687,5.901432501590354e-05,0.0030199058491839,0.0023686081177494685,-50.17242039742176
branin,qnei,gaussian,0.25,0,10,0.006237295147629234,0.005826551786069191,1.2500554659000687,0.0077969648917259,0.0072835129075256,-0.00041074336156004306,0.06585280186975995
branin,qnei,gaussian,1.0,0,10,-0.000644898276522512,0.0089904868898308,1.2500554659000687,-0.0008061586155165,0.0112386072777359,0.009635385166353313,
branin,qnei,gaussian,5.0,0,10,0.0023597319682436483,0.010101657484342916,1.2500554659000687,0.0029497958449621,0.0126276321529532,0.007741925516099268,-3.2808495287969475
branin,qnei,gaussian,0.05,20,10,-4.1474090341758755e-05,0.0,1.2500554659000687,-5.184491332494878e-05,0.0,4.1474090341758755e-05,
branin,qnei,gaussian,0.25,20,10,-3.55320140694176e-05,0.0,1.2500554659000687,-4.441698840191361e-05,0.0,3.55320140694176e-05,
branin,qnei,gaussian,1.0,20,10,0.0004109278627508234,0.0,1.2500554659000687,0.0005136826209223,0.0,-0.0004109278627508234,1.0
branin,qnei,gaussian,5.0,20,10,0.0004109278627508234,0.0,1.2500554659000687,0.0005136826209223,0.0,-0.0004109278627508234,1.0
branin,qnei,gaussian,0.05,0,11,-0.009258605117217995,-0.009341151282224684,1.2500554659000687,-0.0115737699333887,-0.0116769572181444,-8.254616500668818e-05,
branin,qnei,gaussian,0.25,0,11,0.009392979177284724,-0.026926151837751388,1.2500554659000687,0.0117417449616503,-0.0336591832804363,-0.036319131015036116,3.866625309131694
branin,qnei,gaussian,1.0,0,11,0.046298081953558716,0.004054573442234265,1.2500554659000687,0.0578751704067354,0.0050684416933582,-0.042243508511324454,0.9124245914484885
branin,qnei,gaussian,5.0,0,11,-0.010826680225439953,0.03647165921549561,1.2500554659000687,-0.0135339507933634,0.0455915969527749,0.04729833944093556,
branin,qnei,gaussian,0.05,20,11,0.0002749921862735812,2.457214762741872e-05,1.2500554659000687,0.0003437554855311,3.0716547450558175e-05,-0.00025042003864616245,0.9106441969846639
branin,qnei,gaussian,0.25,20,11,0.0014652542281224062,0.00024984571915408703,1.2500554659000687,0.0018316490567976,0.0003123210068603,-0.0012154085089683192,0.829486436988998
branin,qnei,gaussian,1.0,20,11,0.0014652542281224062,0.00010583017805089598,1.2500554659000687,0.0018316490567976,0.0001322935925297,-0.0013594240500715102,0.9277735044064619
branin,qnei,gaussian,5.0,20,11,0.0014652542281224062,2.885565900334578e-05,1.2500554659000687,0.0018316490567976,3.607117425928092e-05,-0.0014363985691190604,0.9803067218988191
branin,qnei,gaussian,0.05,0,7,0.002192373734025644,0.002495419275955608,1.2500554659000687,0.0027405887695145,0.0031194125056207,0.00030304554192996406,-0.13822713583304558
branin,qnei,gaussian,0.25,0,7,0.013848452985081538,0.021119650195611094,1.2500554659000687,0.0173113343482613,0.0264007341649211,0.007271197210529556,-0.5250548359706724
branin,qnei,gaussian,1.0,0,7,0.03788288350240172,0.001107410602776297,1.2500554659000687,0.0473557055862328,0.0013843246769962,-0.03677547289962542,0.9707675208328297
branin,qnei,gaussian,5.0,0,7,0.07713436150100642,0.09444842404797064,1.2500554659000687,0.0964222302030449,0.1180657687268132,0.01731406254696423,-0.22446627171132194
branin,qnei,gaussian,0.05,20,7,1.6767202131437927e-05,-5.6915698031601075e-06,1.2500554659000687,2.0959932672255264e-05,-7.11477794199207e-06,-2.2458771934598034e-05,1.3394466028705296
branin,qnei,gaussian,0.25,20,7,1.6767202131437927e-05,-6.658611981825178e-07,1.2500554659000687,2.0959932672255264e-05,-8.323634303188253e-07,-1.7433063329620445e-05,1.0397121232846624
branin,qnei,gaussian,1.0,20,7,1.6767202131437927e-05,0.0,1.2500554659000687,2.0959932672255264e-05,0.0,-1.6767202131437927e-05,1.0
branin,qnei,gaussian,5.0,20,7,1.6767202131437927e-05,0.0,1.2500554659000687,2.0959932672255264e-05,0.0,-1.6767202131437927e-05,1.0
branin,qnei,gaussian,0.05,0,8,0.0010997480457447953,0.00022064262137168968,1.2500554659000687,0.0013747460556962,0.0002758155148562,-0.0008791054243731057,0.799369844551748
branin,qnei,gaussian,0.25,0,8,0.017269300425049497,0.014556483008822065,1.2500554659000687,0.0215875833886035,0.0181964111494595,-0.002712817416227432,0.15708901631547456
branin,qnei,gaussian,1.0,0,8,0.10604108779149526,0.05093022733059089,1.2500554659000687,0.1325572414037477,0.0636656090541382,-0.055110860460904375,0.5197123266904509
branin,qnei,gaussian,5.0,0,8,0.05604143709028851,0.06698123809084959,1.2500554659000687,0.07005490475161,0.0837302627882204,0.010939801000561078,-0.19520914467157469
branin,qnei,gaussian,0.05,20,8,0.00020518398322823245,-4.270418016707477e-06,1.2500554659000687,0.0002564913597496,-5.338259383463312e-06,-0.00020945440124493992,1.020812628498187
branin,qnei,gaussian,0.25,20,8,0.00027799351193139797,-2.5369267278671134e-06,1.2500554659000687,0.0003475073090746,-3.171299122758261e-06,-0.0002805304386592651,1.0091258486942427
branin,qnei,gaussian,1.0,20,8,0.00027799351193139797,-5.362722749606904e-06,1.2500554659000687,0.0003475073090746,-6.703700885252756e-06,-0.0002833562346810049,1.019290819819314
branin,qnei,gaussian,5.0,20,8,0.00027799351193139797,1.6586072632240805e-05,1.2500554659000687,0.0003475073090746,2.073351075174816e-05,-0.0002614074392991572,0.940336475779572
branin,qnei,gaussian,0.05,0,9,0.0005425494220999772,0.0005339477087835542,1.2500554659000687,0.000678216870617,0.0006674642518697,-8.601713316422972e-06,0.01585424841690808
branin,qnei,gaussian,0.25,0,9,0.00575338386838344,0.012459389922848499,1.2500554659000687,0.007192048952094,0.015574928474837,0.006706006054465059,-1.1655759823912604
branin,qnei,gaussian,1.0,0,9,-0.012061315848654513,0.029809020426261195,1.2500554659000687,-0.0150773138025577,0.0372629289169746,0.04187033627491571,
branin,qnei,gaussian,5.0,0,9,0.06656782321097224,0.08002479703355025,1.2500554659000687,0.0832134712579453,0.1000354349393331,0.013456973822578017,-0.20215433182979514
branin,qnei,gaussian,0.05,20,9,1.84204660393997e-05,-7.626858876553118e-06,1.2500554659000687,2.3026604256978187e-05,-9.533996626283682e-06,-2.604732491595282e-05,1.4140426664689134
branin,qnei,gaussian,0.25,20,9,1.84204660393997e-05,-4.012987383738586e-06,1.2500554659000687,2.3026604256978187e-05,-5.016456813630435e-06,-2.2433453423138286e-05,1.2178548238223272
branin,qnei,gaussian,1.0,20,9,1.84204660393997e-05,-2.2921096272283756e-07,1.2500554659000687,2.3026604256978187e-05,-2.865264167959e-07,-1.8649677002122538e-05,1.0124432770719576
branin,qnei,gaussian,5.0,20,9,1.84204660393997e-05,-1.9282500525676278e-05,1.2500554659000687,2.3026604256978187e-05,-2.410419517834258e-05,-3.770296656507598e-05,2.0467976480308785
branin,qucb,gaussian,0.05,0,10,0.0021342947861490995,0.0007409242454364353,1.2500554659000687,0.0026679868632677,0.0009261964028257,-0.0013933705407126642,0.6528482146680017
branin,qucb,gaussian,0.25,0,10,0.008091650668213398,0.009845806363607152,1.2500554659000687,0.0101150121459541,0.0123078040610208,0.0017541556953937533,-0.21678589045924102
branin,qucb,gaussian,1.0,0,10,0.008091650668213398,0.009845806363607152,1.2500554659000687,0.0101150121459541,0.0123078040610208,0.0017541556953937533,-0.21678589045924102
branin,qucb,gaussian,5.0,0,10,0.008091650668213398,0.009845806363607152,1.2500554659000687,0.0101150121459541,0.0123078040610208,0.0017541556953937533,-0.21678589045924102
branin,qucb,gaussian,0.05,20,10,0.0011693091407360403,4.537319155743404e-06,1.2500554659000687,0.001461701282704,5.671900611170128e-06,-0.0011647718215802968,0.996119658183047
branin,qucb,gaussian,0.25,20,10,0.0019789580808547576,4.537319155743404e-06,1.2500554659000687,0.0024738073657596,5.671900611170128e-06,-0.0019744207616990144,0.9977072181570498
branin,qucb,gaussian,1.0,20,10,0.006460206803571528,4.537319155743404e-06,1.2500554659000687,0.0080756168256494,5.671900611170128e-06,-0.006455669484415785,0.999297651097913
branin,qucb,gaussian,5.0,20,10,0.006460206803571528,4.537319155743404e-06,1.2500554659000687,0.0080756168256494,5.671900611170128e-06,-0.006455669484415785,0.999297651097913
branin,qucb,gaussian,0.05,0,11,-0.0021589517932871045,-0.0018082080765859368,1.2500554659000687,-0.0026988094898133,-0.0022603603896209,0.00035074371670116775,
branin,qucb,gaussian,0.25,0,11,0.023131664052424998,0.0025788990261793013,1.2500554659000687,0.028915863084098,0.0032237668236798,-0.020552765026245697,0.8885121701432914
branin,qucb,gaussian,1.0,0,11,0.012621193425772718,0.0036455223083522773,1.2500554659000687,0.0157771918280692,0.0045571050876164,-0.00897567111742044,0.7111586689648499
branin,qucb,gaussian,5.0,0,11,0.1832760708138254,0.16777403906661578,1.2500554659000687,0.2291052540895105,0.2097268545713547,-0.015502031747209627,0.08458295552918538
branin,qucb,gaussian,0.05,20,11,1.3269788055268908e-06,0.0,1.2500554659000687,1.658797108982434e-06,0.0,-1.3269788055268908e-06,1.0
branin,qucb,gaussian,0.25,20,11,1.3269788055268908e-06,0.0,1.2500554659000687,1.658797108982434e-06,0.0,-1.3269788055268908e-06,1.0
branin,qucb,gaussian,1.0,20,11,1.3269788055268908e-06,-2.7520809309157295e-05,1.2500554659000687,1.658797108982434e-06,-3.440253810290557e-05,-2.8847788114684188e-05,21.73944903606043
branin,qucb,gaussian,5.0,20,11,1.3269788055268908e-06,0.0,1.2500554659000687,1.658797108982434e-06,0.0,-1.3269788055268908e-06,1.0
branin,qucb,gaussian,0.05,0,7,-0.0007588263446299994,0.012631455577286583,1.2500554659000687,-0.0009485750197737,0.015790020086661,0.013390281921916582,
branin,qucb,gaussian,0.25,0,7,0.012269148397427248,0.03256141933184779,1.2500554659000687,0.015337116016143,0.0407035802132405,0.020292270934420546,-1.6539266033065254
branin,qucb,gaussian,1.0,0,7,0.03372928230417514,0.013894351585961211,1.2500554659000687,0.0421634737052206,0.0173687101451681,-0.019834930718213933,0.5880626376612432
branin,qucb,gaussian,5.0,0,7,0.053610612013422515,0.05664481709652657,1.2500554659000687,0.0670162385776267,0.0708091632264227,0.0030342050831040565,-0.05659709839433247
branin,qucb,gaussian,0.05,20,7,0.0014294966677291835,0.00017910198834201002,1.2500554659000687,0.0017869501229808,0.0002238874194805,-0.0012503946793871734,0.8747097545694029
branin,qucb,gaussian,0.25,20,7,0.0026283134268112155,0.00017910198834201002,1.2500554659000687,0.0032855375652839,0.0002238874194805,-0.0024492114384692056,0.9318566855402385
branin,qucb,gaussian,1.0,20,7,0.0028969709194175053,0.00015527631835323454,1.2500554659000687,0.0036213743323714,0.0001941040104823,-0.0027416946010642707,0.9464004566588967
branin,qucb,gaussian,5.0,20,7,0.0028969709194175053,-4.876077358028597e-05,1.2500554659000687,0.0036213743323714,-6.095367153555214e-05,-0.002945731692997791,1.0168316406814641
branin,qucb,gaussian,0.05,0,8,0.039650936737959414,-0.00035306890227667915,1.2500554659000687,0.049565870197344,-0.0004413557111303,-0.040004005640236096,1.0089044277720347
branin,qucb,gaussian,0.25,0,8,0.009932435055996678,-0.018559776117110394,1.2500554659000687,0.0124160947314461,-0.0232007495810754,-0.028492211173107074,2.8686028161749704
branin,qucb,gaussian,1.0,0,8,0.04047142752667278,0.0077778264421846455,1.2500554659000687,0.0505915291924958,0.009722714456875,-0.032693601084488134,0.8078193205055925
branin,qucb,gaussian,5.0,0,8,0.023818658323841155,0.009968286883602528,1.2500554659000687,0.0297746440281238,0.0124609115045073,-0.013850371440238627,0.5814925111199556
branin,qucb,gaussian,0.05,20,8,0.00014765961257790766,4.507245468020146e-07,1.2500554659000687,0.0001845827057957,5.634306833451896e-07,-0.00014720888803110564,0.9969475434823845
branin,qucb,gaussian,0.25,20,8,0.00014765961257790766,4.5912758283851796e-07,1.2500554659000687,0.0001845827057957,5.739349444727759e-07,-0.00014720048499506914,0.9968906353279487
branin,qucb,gaussian,1.0,20,8,0.00014765961257790766,7.359205247804368e-07,1.2500554659000687,0.0001845827057957,9.19941474469832e-07,-0.00014692369205312724,0.9950161014787158
branin,qucb,gaussian,5.0,20,8,0.00014765961257790766,5.092327761285282e-07,1.2500554659000687,0.0001845827057957,6.365692152149327e-07,-0.00014715037980177914,0.9965513062967042
branin,qucb,gaussian,0.05,0,9,0.0023866802025085533,0.003952292262533939,1.2500554659000687,0.0029834826325013,0.0049405845456151,0.0015656120600253853,-0.6559789863676864
branin,qucb,gaussian,0.25,0,9,0.024474798813993667,0.001395201860047484,1.2500554659000687,0.0305948560342373,0.0017440797111863,-0.023079596953946183,0.9429943481598808
branin,qucb,gaussian,1.0,0,9,0.030483341011246327,0.04422185183127462,1.2500554659000687,0.0381058670500042,0.0552797675939078,0.01373851082002829,-0.45068914247161085
branin,qucb,gaussian,5.0,0,9,0.05799278366892457,0.04661890730649498,1.2500554659000687,0.0724941962080994,0.0582762198927727,-0.011373876362429584,0.19612571845769622
branin,qucb,gaussian,0.05,20,9,0.00012199353807256659,0.0,1.2500554659000687,0.0001524986890721,0.0,-0.00012199353807256659,1.0
branin,qucb,gaussian,0.25,20,9,0.00018701734766774652,0.0,1.2500554659000687,0.0002337820576702,0.0,-0.00018701734766774652,1.0
branin,qucb,gaussian,1.0,20,9,0.00018701734766774652,0.0,1.2500554659000687,0.0002337820576702,0.0,-0.00018701734766774652,1.0
branin,qucb,gaussian,5.0,20,9,0.00018701734766774652,-1.762707797045515e-05,1.2500554659000687,0.0002337820576702,-2.203482516481415e-05,-0.0002046444256382017,1.0942537052860533
branin,ucb,gaussian,0.05,0,10,0.008110223773556113,0.0010922204335375044,1.2500554659000687,0.0101382295578065,0.0013653361229113,-0.007018003340018609,0.8653279534531764
branin,ucb,gaussian,0.25,0,10,-0.0009306507474553142,0.009834201800010803,1.2500554659000687,-0.0011633650537005,0.0122932977128678,0.010764852547466118,
branin,ucb,gaussian,1.0,0,10,0.008110223773556113,0.009834201800010803,1.2500554659000687,0.0101382295578065,0.0122932977128678,0.0017239780264546901,-0.21256849065938566
branin,ucb,gaussian,5.0,0,10,0.008110223773556113,0.009834201800010803,1.2500554659000687,0.0101382295578065,0.0122932977128678,0.0017239780264546901,-0.21256849065938566
branin,ucb,gaussian,0.05,20,10,0.0006819476525534811,4.619454664699933e-06,1.2500554659000687,0.0008524723905322,5.774574553085721e-06,-0.0006773281978887811,0.9932260861264015
branin,ucb,gaussian,0.25,20,10,0.0002917271479493316,4.619454664699933e-06,1.2500554659000687,0.0003646751158455,5.774574553085721e-06,-0.0002871076932846317,0.9841651533044766
branin,ucb,gaussian,1.0,20,10,0.006139607833476278,4.619454664699933e-06,1.2500554659000687,0.0076748503307199,5.774574553085721e-06,-0.006134988378811578,0.9992475977635717
branin,ucb,gaussian,5.0,20,10,0.006139607833476278,4.619454664699933e-06,1.2500554659000687,0.0076748503307199,5.774574553085721e-06,-0.006134988378811578,0.9992475977635717
branin,ucb,gaussian,0.05,0,11,0.0002704819019738838,0.0009257539510882086,1.2500554659000687,0.0003381173799895,0.0011572437866364,0.0006552720491143247,-2.422609588044061
branin,ucb,gaussian,0.25,0,11,0.024583317542435947,-0.0030004639546909037,1.2500554659000687,0.0307305104638791,-0.0037507463667975,-0.027583781497126852,1.1220528494378952
branin,ucb,gaussian,1.0,0,11,0.043027763889784326,0.02683437073729054,1.2500554659000687,0.0537870914358825,0.0335444518141389,-0.016193393152493785,0.3763475414147289
branin,ucb,gaussian,5.0,0,11,0.11031476076997995,0.10574482768904458,1.2500554659000687,0.1378995696699719,0.1321868998433511,-0.004569933080935368,0.04142630640757361
branin,ucb,gaussian,0.05,20,11,2.657665392893164e-06,1.95812139835602e-06,1.2500554659000687,3.3222291509195527e-06,2.4477603569108284e-06,-6.995439945371438e-07,0.26321748268528733
branin,ucb,gaussian,0.25,20,11,2.657665392893164e-06,1.95812139835602e-06,1.2500554659000687,3.3222291509195527e-06,2.4477603569108284e-06,-6.995439945371438e-07,0.26321748268528733
branin,ucb,gaussian,1.0,20,11,2.657665392893164e-06,-8.634806695698325e-06,1.2500554659000687,3.3222291509195527e-06,-1.0793987306948202e-05,-1.1292472088591488e-05,4.249019503654814
branin,ucb,gaussian,5.0,20,11,2.657665392893164e-06,1.95812139835602e-06,1.2500554659000687,3.3222291509195527e-06,2.4477603569108284e-06,-6.995439945371438e-07,0.26321748268528733
branin,ucb,gaussian,0.05,0,7,-0.006098503805668197,-0.0015598027993826422,1.2500554659000687,-0.0076234680160879,-0.0019498400150945,0.0045387010062855546,
branin,ucb,gaussian,0.25,0,7,0.003434664408169014,0.0005326912721417856,1.2500554659000687,0.0042935210169641,0.0006658936363781,-0.002901973136027228,0.8449073304294791
branin,ucb,gaussian,1.0,0,7,0.08137008405434669,-0.013917991003638507,1.2500554659000687,0.1017171183328841,-0.0173982607284463,-0.0952880750579852,1.1710455527407684
branin,ucb,gaussian,5.0,0,7,0.09442665982649523,0.10250642018592127,1.2500554659000687,0.1180385622427968,0.12813871084326,0.008079760359426036,-0.08556651664129844
branin,ucb,gaussian,0.05,20,7,0.0018939011986016626,0.0001423784497748263,1.2500554659000687,0.0023674815451867,0.0001779809593674,-0.0017515227488268362,0.9248226624071259
branin,ucb,gaussian,0.25,20,7,0.0008721919107269911,0.0001423784497748263,1.2500554659000687,0.0010902882653181,0.0001779809593674,-0.0007298134609521648,0.8367578877724849
branin,ucb,gaussian,1.0,20,7,0.002782977216772401,7.74079270346401e-05,1.2500554659000687,0.0034788758813017,9.676420229364556e-05,-0.002705569289737761,0.9721852099369986
branin,ucb,gaussian,5.0,20,7,0.002782977216772401,0.0001423784497748263,1.2500554659000687,0.0034788758813017,0.0001779809593674,-0.002640598766997575,0.9488395201668407
branin,ucb,gaussian,0.05,0,8,0.011966785658109956,-0.006549396099259799,1.2500554659000687,0.0149591458211749,-0.0081871083922243,-0.018516181757369757,1.5472978531057116
branin,ucb,gaussian,0.25,0,8,-0.0020486618957807315,-0.04756508905014199,1.2500554659000687,-0.0025609410006019,-0.0594589995531535,-0.04551642715436126,
branin,ucb,gaussian,1.0,0,8,0.04769773304685961,-0.045239777418679974,1.2500554659000687,0.0596248119062692,-0.0565522310383234,-0.09293751046553958,1.9484680828381324
branin,ucb,gaussian,5.0,0,8,0.1672378338211655,0.11495403277394374,1.2500554659000687,0.2090565682734353,0.143698916996324,-0.05228380104722176,0.3126314175004864
branin,ucb,gaussian,0.05,20,8,-1.866214938119409e-05,4.447716597202731e-07,1.2500554659000687,-2.3328721839405256e-05,5.559892443107728e-07,1.9106921040914364e-05,
branin,ucb,gaussian,0.25,20,8,0.00014311816492973282,4.485382437754317e-07,1.2500554659000687,0.00017890564434,5.606976832966959e-07,-0.00014266962668595739,0.9968659586713143
branin,ucb,gaussian,1.0,20,8,0.00014311816492973282,7.554922699809074e-07,1.2500554659000687,0.00017890564434,9.444072415348836e-07,-0.00014236267265975192,0.99472119929464
branin,ucb,gaussian,5.0,20,8,0.00014311816492973282,-6.245673864421742e-08,1.2500554659000687,0.00017890564434,-7.807438752449604e-08,-0.00014318062166837704,1.0004363998006465
branin,ucb,gaussian,0.05,0,9,0.002179577478928289,0.0019471321896700378,1.2500554659000687,0.002724592740887,0.002434023236527,-0.00023244528925825143,0.10664694946864017
branin,ucb,gaussian,0.25,0,9,-0.001357759321908507,0.039799984674362014,1.2500554659000687,-0.0016972744617285,0.0497521883849252,0.04115774399627052,
branin,ucb,gaussian,1.0,0,9,0.03331677873684342,0.03892493373734667,1.2500554659000687,0.0416478213661743,0.0486583261781682,0.005608155000503254,-0.16832824820190262
branin,ucb,gaussian,5.0,0,9,0.07479284312367436,0.08305194819610835,1.2500554659000687,0.0934952023569555,0.1038195417961946,0.008259105072433992,-0.11042640883135135
branin,ucb,gaussian,0.05,20,9,2.8956227576046585e-05,0.0,1.2500554659000687,3.619689055328333e-05,0.0,-2.8956227576046585e-05,1.0
branin,ucb,gaussian,0.25,20,9,-2.7491806626578863e-05,0.0,1.2500554659000687,-3.4366283141022634e-05,0.0,2.7491806626578863e-05,
branin,ucb,gaussian,1.0,20,9,0.00018357787607309672,0.0,1.2500554659000687,0.0002294825274035,0.0,-0.00018357787607309672,1.0
branin,ucb,gaussian,5.0,20,9,0.00018357787607309672,-1.5783914420562614e-05,1.2500554659000687,0.0002294825274035,-1.973076849472321e-05,-0.00019936179049365933,1.0859793933680646
eggholder,ei,gaussian,0.05,0,10,0.10326496455251635,0.002381281683811028,3.2050455310550587,0.3309689131536016,0.0076321162188818,-0.10088368286870532,0.9769400813322314
eggholder,ei,gaussian,0.25,0,10,0.10282161074624238,0.005516209129852416,3.2050455310550587,0.3295479440181269,0.0176797014199986,-0.09730540161638997,0.9463516561370927
eggholder,ei,gaussian,1.0,0,10,0.1121251263684094,-0.000975317451395607,3.2050455310550587,0.3593661351860543,-0.0031259368389555,-0.11310044381980501,1.0086984735980677
eggholder,ei,gaussian,5.0,0,10,0.10126527537985823,-0.026479840354940547,3.2050455310550587,0.3245598183072745,-0.0848690939926536,-0.12774511573479877,1.2614898370207506
eggholder,ei,gaussian,0.05,20,10,0.011748007988711775,-0.004868571040619591,3.2050455310550587,0.0376529005030198,-0.0156039918563619,-0.016616579029331367,1.4144167288018208
eggholder,ei,gaussian,0.25,20,10,0.009537788123827674,0.0006927430430902227,3.2050455310550587,0.0305690452024239,0.0022202729944258,-0.00884504508073745,0.9273685854522618
eggholder,ei,gaussian,1.0,20,10,0.18945279972593318,0.0020477961630600157,3.2050455310550587,0.6072048491074712,0.0065632799409272,-0.18740500356287315,0.9891909955090534
eggholder,ei,gaussian,5.0,20,10,0.16982225011432142,0.0051737748940351444,3.2050455310550587,0.5442880438026203,0.0165821841028122,-0.16464847522028628,0.9695341753477401
eggholder,ei,gaussian,0.05,0,11,0.00051741894127925,0.004098700339101682,3.2050455310550587,0.0016583512654303,0.0131365212049717,0.0035812813978224316,-6.921434667560075
eggholder,ei,gaussian,0.25,0,11,0.0059537841518467315,-0.0031010505065756457,3.2050455310550587,0.0190821492887428,-0.0099390080676763,-0.009054834658422377,1.520853700350183
eggholder,ei,gaussian,1.0,0,11,0.03325254326484738,0.02021174291227589,3.2050455310550587,0.1065759151872141,0.0647795562958236,-0.013040800352571491,0.39217452477860404
eggholder,ei,gaussian,5.0,0,11,0.05151392755561787,0.08072480198576171,3.2050455310550587,0.1651044832992271,0.2587266658497701,0.029210874430143835,-0.5670480939083091
eggholder,ei,gaussian,0.05,20,11,0.0,0.0,3.2050455310550587,0.0,0.0,0.0,
eggholder,ei,gaussian,0.25,20,11,-0.00016475550525504493,0.0,3.2050455310550587,-0.0005280488958344,0.0,0.00016475550525504493,
eggholder,ei,gaussian,1.0,20,11,0.0,0.0,3.2050455310550587,0.0,0.0,0.0,
eggholder,ei,gaussian,5.0,20,11,0.0,0.0,3.2050455310550587,0.0,0.0,0.0,
eggholder,ei,gaussian,0.05,0,7,-0.11351797937720694,-0.06612600386186167,3.2050455310550587,-0.3638302924973174,-0.2119368531639893,0.04739197551534527,
eggholder,ei,gaussian,0.25,0,7,0.22982147750464965,0.039038610653331994,3.2050455310550587,0.7365882994167481,0.1251205246130601,-0.19078286685131765,0.8301350636276273
eggholder,ei,gaussian,1.0,0,7,0.1016069574352491,0.21970524077811737,3.2050455310550587,0.3256549248519467,0.7041653001052808,0.11809828334286827,-1.1623050854379589
eggholder,ei,gaussian,5.0,0,7,0.09031663940938175,0.12083280186918083,3.2050455310550587,0.2894689415189502,0.3872746316356794,0.030516162459799073,-0.33787973799021986
eggholder,ei,gaussian,0.05,20,7,0.11759943119258019,0.018348522682927918,3.2050455310550587,0.376911531398396,0.0588078506263805,-0.09925090850965228,0.8439743925897016
eggholder,ei,gaussian,0.25,20,7,0.009677724248036762,0.018348522682927918,3.2050455310550587,0.0310175468519534,0.0588078506263805,0.008670798434891156,-0.8959542773343772
eggholder,ei,gaussian,1.0,20,7,0.1691567815700546,0.018348522682927918,3.2050455310550587,0.5421551868187602,0.0588078506263805,-0.15080825888712668,0.8915294881315233
eggholder,ei,gaussian,5.0,20,7,0.19811902029937542,-0.008228512173954183,3.2050455310550587,0.6349804806275197,-0.026372756170364,-0.2063475324733296,1.0415331761762205
eggholder,ei,gaussian,0.05,0,8,0.10932164761393864,0.09989742544228196,3.2050455310550587,0.35038085813263,0.3201757969776917,-0.009424222171656685,0.08620636788184566
eggholder,ei,gaussian,0.25,0,8,0.06224750973502898,-0.23451456816713248,3.2050455310550587,0.1995061028955609,-0.7516298686713749,-0.29676207790216147,4.767453014030575
eggholder,ei,gaussian,1.0,0,8,0.34455448308332215,0.1641453269154994,3.2050455310550587,1.1043128062111875,0.5260932464740931,-0.18040915616782274,0.5236012445793519
eggholder,ei,gaussian,5.0,0,8,0.23993116538580944,0.06719683988239451,3.2050455310550587,0.7689903093806207,0.2153689313660909,-0.17273432550341494,0.7199328408448233
eggholder,ei,gaussian,0.05,20,8,0.00013722545057212308,-0.033210686580667975,3.2050455310550587,0.0004398138171032,-0.1064417626086401,-0.0333479120312401,243.01550399146308
eggholder,ei,gaussian,0.25,20,8,-0.006393935435998915,0.027834444406422375,3.2050455310550587,-0.0204928541950029,0.0892106616542045,0.03422837984242129,
eggholder,ei,gaussian,1.0,20,8,0.0069296776180929895,-0.027424033654550248,3.2050455310550587,0.0222099322815212,-0.0878952765080198,-0.034353711272643236,4.957476114465653
eggholder,ei,gaussian,5.0,20,8,0.022103318981036568,0.1540799045292253,3.2050455310550587,0.0708421437216557,0.4938331094367836,0.13197658554818872,-5.970894491520363
eggholder,ei,gaussian,0.05,0,9,-0.37295090847945145,-0.17011077877073436,3.2050455310550587,-1.1953246425249902,-0.5452127912834379,0.2028401297087171,
eggholder,ei,gaussian,0.25,0,9,-0.29132368225045996,0.033655257590610894,3.2050455310550587,-0.9337056658873406,0.1078666329372943,0.32497893984107085,
eggholder,ei,gaussian,1.0,0,9,-0.25445061183305506,0.2054542996201353,3.2050455310550587,-0.8155257963297585,0.6584903848335617,0.45990491145319035,
eggholder,ei,gaussian,5.0,0,9,-0.2211811843076603,0.3626679473178386,3.2050455310550587,-0.7088957663187319,1.16236728380795,0.5838491316254989,
eggholder,ei,gaussian,0.05,20,9,-0.04223361934733007,0.005564818132742186,3.2050455310550587,-0.1353606729494407,0.0178354954874795,0.04779843748007225,
eggholder,ei,gaussian,0.25,20,9,-0.06546970979841263,0.20625891215975767,3.2050455310550587,-0.209833400808874,0.6610692046579092,0.27172862195817027,
eggholder,ei,gaussian,1.0,20,9,-0.00039954844249218916,0.36317247845398937,3.2050455310550587,-0.0012805709500496,1.1639843290711482,0.36357202689648155,
eggholder,ei,gaussian,5.0,20,9,-0.08829025543439821,0.35533938887833694,3.2050455310550587,-0.2829742886157276,1.1388789203323495,0.44362964431273516,
eggholder,logei,gaussian,0.05,0,10,-0.00300000576658183,0.0011323293840361532,3.2050455310550587,-0.0096151550753225,0.0036291672319874,0.004132335150617983,
eggholder,logei,gaussian,0.25,0,10,0.0030215022333146195,0.0049981737913053085,3.2050455310550587,0.0096840522299579,0.0160193745732596,0.001976671557990689,-0.654201587606394
eggholder,logei,gaussian,1.0,0,10,0.004378248128513946,0.011336763860540148,3.2050455310550587,0.0140324845981438,0.0363348443478507,0.006958515732026201,-1.5893379104550758
eggholder,logei,gaussian,5.0,0,10,0.004378248128513946,0.011336763860540148,3.2050455310550587,0.0140324845981438,0.0363348443478507,0.006958515732026201,-1.5893379104550758
eggholder,logei,gaussian,0.05,20,10,-0.000617581069743217,0.0,3.2050455310550587,-0.0019793754476447,0.0,0.000617581069743217,
eggholder,logei,gaussian,0.25,20,10,-0.00814605457357507,-0.00019109096096796722,3.2050455310550587,-0.0261084758067674,-0.0006124552304754,0.007954963612607101,
eggholder,logei,gaussian,1.0,20,10,0.007397729596454582,0.0,3.2050455310550587,0.0237100601830705,0.0,-0.007397729596454582,1.0
eggholder,logei,gaussian,5.0,20,10,0.007397729596454582,0.0,3.2050455310550587,0.0237100601830705,0.0,-0.007397729596454582,1.0
eggholder,logei,gaussian,0.05,0,11,0.002795060857460158,0.004314712433244162,3.2050455310550587,0.0089582973102296,0.0138288498019569,0.0015196515757840041,-0.5436917667563401
eggholder,logei,gaussian,0.25,0,11,0.07112635521485594,0.010844321453149498,3.2050455310550587,0.2279632069216087,0.0347565440107413,-0.06028203376170645,0.8475344136446841
eggholder,logei,gaussian,1.0,0,11,0.08159513787141671,0.07025361900192288,3.2050455310550587,0.2615161319906055,0.2251660476225577,-0.011341518869493833,0.13899748398448186
eggholder,logei,gaussian,5.0,0,11,0.08159513787141671,0.0816470651233073,3.2050455310550587,0.2615161319906055,0.2616825611972174,5.1927251890585e-05,-0.0006364013009256819
eggholder,logei,gaussian,0.05,20,11,0.0006731267835749939,0.0,3.2050455310550587,0.0021574019895305,0.0,-0.0006731267835749939,1.0
eggholder,logei,gaussian,0.25,20,11,-0.009756739804883634,0.0,3.2050455310550587,-0.0312707953093093,0.0,0.009756739804883634,
eggholder,logei,gaussian,1.0,20,11,0.0006731267835749939,0.0,3.2050455310550587,0.0021574019895305,0.0,-0.0006731267835749939,1.0
eggholder,logei,gaussian,5.0,20,11,0.0006731267835749939,0.0,3.2050455310550587,0.0021574019895305,0.0,-0.0006731267835749939,1.0
eggholder,logei,gaussian,0.05,0,7,0.15981960295097614,0.20766238096776068,3.2050455310550587,0.5122291042130199,0.6655673860889745,0.04784277801678455,-0.29935487971059516
eggholder,logei,gaussian,0.25,0,7,0.024432474737153487,0.017341522821996844,3.2050455310550587,0.0783071939689294,0.0555803702223303,-0.007090951915156643,0.2902265116997631
eggholder,logei,gaussian,1.0,0,7,-0.06969540013489729,0.1992275871470006,3.2050455310550587,-0.2233769307374467,0.6385334878483765,0.2689229872818979,
eggholder,logei,gaussian,5.0,0,7,0.17102567009335387,0.07797124380456089,3.2050455310550587,0.5481450596284007,0.2499013865066123,-0.09305442628879299,0.5440962531414114
eggholder,logei,gaussian,0.05,20,7,0.0016954855336893337,0.0,3.2050455310550587,0.0054341083327195,0.0,-0.0016954855336893337,1.0
eggholder,logei,gaussian,0.25,20,7,0.009610093969185732,0.0,3.2050455310550587,0.0308007887289579,0.0,-0.009610093969185732,1.0
eggholder,logei,gaussian,1.0,20,7,0.009830656790246277,0.0,3.2050455310550587,0.0315077026129149,0.0,-0.009830656790246277,1.0
eggholder,logei,gaussian,5.0,20,7,0.1923936801378029,0.0,3.2050455310550587,0.6166305047289016,0.0,-0.1923936801378029,1.0
eggholder,logei,gaussian,0.05,0,8,0.27052597333255024,0.31295977444401035,3.2050455310550587,0.8670480618638101,1.0030503264817745,0.04243380111146011,-0.15685666181597058
eggholder,logei,gaussian,0.25,0,8,0.045526118836265485,0.3393564926183553,3.2050455310550587,0.1459132837224542,1.0876530101009787,0.2938303737820898,-6.454105495767159
eggholder,logei,gaussian,1.0,0,8,0.3664030760268708,0.4482160270378629,3.2050455310550587,1.1743385413847491,1.4365527744049558,0.08181295101099212,-0.22328674720239583
eggholder,logei,gaussian,5.0,0,8,0.22984323965875525,0.3319918476026484,3.2050455310550587,0.7366580481115104,1.0640489875055803,0.10214860794389313,-0.44442728920611985
eggholder,logei,gaussian,0.05,20,8,0.014873693444102144,0.00013563446413524042,3.2050455310550587,0.0476708647033025,0.0004347146331337,-0.014738058979966905,0.9908809157157247
eggholder,logei,gaussian,0.25,20,8,-0.01272382117956712,0.010755086360969028,3.2050455310550587,-0.0407804262095153,0.034470541477335,0.023478907540536147,
eggholder,logei,gaussian,1.0,20,8,0.015330203128570885,0.01129508991859464,3.2050455310550587,0.0491339990273924,0.0362012774664568,-0.004035113209976245,0.2632132905307698
eggholder,logei,gaussian,5.0,20,8,0.015005685680184962,0.01129508991859464,3.2050455310550587,0.0480939058296937,0.0362012774664568,-0.003710595761590321,0.2472793206970988
eggholder,logei,gaussian,0.05,0,9,0.15717210998766343,0.06416326030142593,3.2050455310550587,0.5037437687224549,0.2056461706870076,-0.0930088496862375,0.59176433842835
eggholder,logei,gaussian,0.25,0,9,0.3573441642304472,0.27455622027824045,3.2050455310550587,1.1453043166153998,0.8799651868261429,-0.08278794395220673,0.23167565680131752
eggholder,logei,gaussian,1.0,0,9,0.28066893713548985,0.13855951311200715,3.2050455310550587,0.8995567226720749,0.4440895482848033,-0.1421094240234827,0.5063240181612294
eggholder,logei,gaussian,5.0,0,9,0.47979378886500235,0.20010102784077702,3.2050455310550587,1.5377609388297502,0.6413329050406062,-0.27969276102422536,0.5829436885497519
eggholder,logei,gaussian,0.05,20,9,-0.0036129959785725966,0.024074851309831162,3.2050455310550587,-0.011579816614844,0.0771609946013894,0.027687847288403757,
eggholder,logei,gaussian,0.25,20,9,0.0020260153307593213,0.024074851309831162,3.2050455310550587,0.0064934713816992,0.0771609946013894,0.02204883597907184,-10.88285742181835
eggholder,logei,gaussian,1.0,20,9,-0.010369159564200989,0.022778469677363047,3.2050455310550587,-0.0332336285220392,0.0730060324437056,0.03314762924156404,
eggholder,logei,gaussian,5.0,20,9,0.25205808213660313,0.024074851309831162,3.2050455310550587,0.8078576297182288,0.0771609946013894,-0.22798323082677197,0.9044868900621732
eggholder,pi,gaussian,0.05,0,10,0.00684176774994252,0.003474041224349747,3.2050455310550587,0.0219281771514699,0.0111344603008032,-0.003367726525592773,0.4922304656747617
eggholder,pi,gaussian,0.25,0,10,0.0019422561976502111,0.004227970860639924,3.2050455310550587,0.0062250195464428,0.013550839112325,0.002285714662989713,-1.1768347892286437
eggholder,pi,gaussian,1.0,0,10,0.003945982881543232,0.01571741080034648,3.2050455310550587,0.0126470548001099,0.050375017245407,0.01177142791880325,-2.9831421656344257
eggholder,pi,gaussian,5.0,0,10,0.012252620348283621,0.01571741080034648,3.2050455310550587,0.0392702060909807,0.050375017245407,0.00346479045206286,-0.28277954866594857
eggholder,pi,gaussian,0.05,20,10,0.0008501259020986411,-7.825884661112998e-06,3.2050455310550587,0.0027246922233554,-2.5082316659652548e-05,-0.000857951786759754,1.0092055596021645
eggholder,pi,gaussian,0.25,20,10,0.004137886881900765,0.0,3.2050455310550587,0.0132621158588474,0.0,-0.004137886881900765,1.0
eggholder,pi,gaussian,1.0,20,10,0.006494069880213489,0.0,3.2050455310550587,0.0208137896479375,0.0,-0.006494069880213489,1.0
eggholder,pi,gaussian,5.0,20,10,0.006494069880213489,0.0,3.2050455310550587,0.0208137896479375,0.0,-0.006494069880213489,1.0
eggholder,pi,gaussian,0.05,0,11,0.02683301359278141,0.024222670255237173,3.2050455310550587,0.0860010303002837,0.0776347610517682,-0.0026103433375442367,0.09728103511438868
eggholder,pi,gaussian,0.25,0,11,0.024766194711774565,0.030555975143753217,3.2050455310550587,0.0793767816822125,0.0979332915815157,0.005789780431978652,-0.2337775544188072
eggholder,pi,gaussian,1.0,0,11,0.08616846538379462,0.05311616143430066,3.2050455310550587,0.2761738548962035,0.1702397158318044,-0.03305230394949396,0.38357772535786605
eggholder,pi,gaussian,5.0,0,11,0.10936044778557462,0.10779314611762912,3.2050455310550587,0.350505214449336,0.3454819412426722,-0.0015673016679454976,0.01433152204184951
eggholder,pi,gaussian,0.05,20,11,0.04171536259641215,0.0,3.2050455310550587,0.1336996364659721,0.0,-0.04171536259641215,1.0
eggholder,pi,gaussian,0.25,20,11,0.01842485928754603,0.0,3.2050455310550587,0.0590525129198677,0.0,-0.01842485928754603,1.0
eggholder,pi,gaussian,1.0,20,11,0.041966062295134804,0.0,3.2050455310550587,0.134503140415,0.0,-0.041966062295134804,1.0
eggholder,pi,gaussian,5.0,20,11,0.041966062295134804,0.0,3.2050455310550587,0.134503140415,0.0,-0.041966062295134804,1.0
eggholder,pi,gaussian,0.05,0,7,0.007156389632529585,0.046836307684057436,3.2050455310550587,0.0229365546102277,0.150112498633908,0.03967991805152785,-5.5446838544343064
eggholder,pi,gaussian,0.25,0,7,-0.04088971342743928,0.15233769677576262,3.2050455310550587,-0.1310533932867363,0.4882492542623786,0.1932274102032019,
eggholder,pi,gaussian,1.0,0,7,0.1950495906467939,0.24085683867665014,3.2050455310550587,0.6251428188366254,0.7719571344246468,0.04580724802985625,-0.23484923950856396
eggholder,pi,gaussian,5.0,0,7,0.24590965831377667,0.3018179193584693,3.2050455310550587,0.7881516514218464,0.967340173632198,0.055908261044692625,-0.22735284749716755
eggholder,pi,gaussian,0.05,20,7,0.02378723209648587,0.0,3.2050455310550587,0.0762391619270115,0.0,-0.02378723209648587,1.0
eggholder,pi,gaussian,0.25,20,7,0.024786840648568422,-0.016982867067577314,3.2050455310550587,0.0794429528496681,-0.0544308621994408,-0.041769707716145736,1.6851565840262974
eggholder,pi,gaussian,1.0,20,7,0.08579760261406058,0.0,3.2050455310550587,0.2749852228334327,0.0,-0.08579760261406058,1.0
eggholder,pi,gaussian,5.0,20,7,0.08579760261406058,0.0,3.2050455310550587,0.2749852228334327,0.0,-0.08579760261406058,1.0
eggholder,pi,gaussian,0.05,0,8,0.17305616188401296,-0.06857650881903177,3.2050455310550587,0.5546528782678966,-0.2197908331257956,-0.24163267070304473,1.396267362412635
eggholder,pi,gaussian,0.25,0,8,0.24396973208969475,0.030408461045797933,3.2050455310550587,0.7819340995467761,0.0974605021810965,-0.21356127104389683,0.8753596981669088
eggholder,pi,gaussian,1.0,0,8,0.24152846802281586,0.04729512501933736,3.2050455310550587,0.7741097370591006,0.1515830290839175,-0.1942333430034785,0.8041840557906008
eggholder,pi,gaussian,5.0,0,8,0.2849491422022226,0.09697144864207134,3.2050455310550587,0.913274974793206,0.3107979081102059,-0.18797769356015126,0.6596885749764683
eggholder,pi,gaussian,0.05,20,8,0.0024098092822101686,0.0674297046701015,3.2050455310550587,0.0077235484706427,0.2161152736132712,0.06501989538789132,-26.981344900563254
eggholder,pi,gaussian,0.25,20,8,0.09165318184160413,-0.06024504709067173,3.2050455310550587,0.29375262086841,-0.193088118946159,-0.15189822893227586,1.6573153913498362
eggholder,pi,gaussian,1.0,20,8,0.030367986939597823,0.08374035797183897,3.2050455310550587,0.0973307808278964,0.2683916600865934,0.05337237103224115,-1.7575208767838064
eggholder,pi,gaussian,5.0,20,8,0.17878585487275397,0.07585111005560817,3.2050455310550587,0.5730168051757785,0.2431062613092924,-0.1029347448171458,0.5757432258296208
eggholder,pi,gaussian,0.05,0,9,0.0931604687939727,-0.15191085892421985,3.2050455310550587,0.2985835441791165,-0.4868812195138063,-0.24507132771819257,2.630636480159578
eggholder,pi,gaussian,0.25,0,9,0.18806008560150705,0.06608980491530009,3.2050455310550587,0.602741136926942,0.2118208338920832,-0.12197028068620697,0.6485708027627821
eggholder,pi,gaussian,1.0,0,9,0.25281491712631204,0.12842523347117998,3.2050455310550587,0.8102833203197415,0.411608720611508,-0.12438968365513206,0.49201876641236386
eggholder,pi,gaussian,5.0,0,9,0.16572393810103253,-0.07013180576817439,3.2050455310550587,0.5311527671995595,-0.2247756306621087,-0.23585574386920694,1.423184523441743
eggholder,pi,gaussian,0.05,20,9,-0.03329703056019615,0.05103128067635669,3.2050455310550587,-0.1067184989943604,0.1635575780757734,0.08432831123655285,
eggholder,pi,gaussian,0.25,20,9,0.16268792362394402,0.06169095289905245,3.2050455310550587,0.5214222025675485,0.1977223128956362,-0.10099697072489157,0.6208018915918297
eggholder,pi,gaussian,1.0,20,9,0.27169305655267134,0.09826841804837701,3.2050455310550587,0.8707886167228286,0.314954754109801,-0.17342463850429435,0.6383108965122694
eggholder,pi,gaussian,5.0,20,9,0.2402371459302072,-0.004292264639009047,3.2050455310550587,0.7699709909570326,-0.0137569035993616,-0.24452941056921626,1.0178667816851938
eggholder,qnei,gaussian,0.05,0,10,-0.022920574303083596,0.0012235154689054977,3.2050455310550587,-0.0734614842393135,0.0039214227857923,0.024144089771989095,
eggholder,qnei,gaussian,0.25,0,10,0.0020858268125948684,0.010233272763675373,3.2050455310550587,0.006685169904262,0.0327981051392852,0.008147445951080504,-3.9060989636741184
eggholder,qnei,gaussian,1.0,0,10,-0.025129136726832826,-0.07288854310068932,3.2050455310550587,-0.0805400273656071,-0.2336110993299783,-0.04775940637385649,
eggholder,qnei,gaussian,5.0,0,10,-0.08368417282849594,0.011914521651226988,3.2050455310550587,-0.2682115841440101,0.0381865843729238,0.09559869447972293,
eggholder,qnei,gaussian,0.05,20,10,-0.011634592449621402,0.0,3.2050455310550587,-0.037289398536306,0.0,0.011634592449621402,
eggholder,qnei,gaussian,0.25,20,10,-0.16501761333075884,0.0,3.2050455310550587,-0.5288889641511203,0.0,0.16501761333075884,
eggholder,qnei,gaussian,1.0,20,10,-0.050286372643197186,0.0,3.2050455310550587,-0.1611701139130485,0.0,0.050286372643197186,
eggholder,qnei,gaussian,5.0,20,10,0.0035243280626602604,0.0,3.2050455310550587,0.0112956319072012,0.0,-0.0035243280626602604,1.0
eggholder,qnei,gaussian,0.05,0,11,-0.027684696985353065,0.06362945525983792,3.2050455310550587,-0.0887307143515193,0.2039353012240113,0.09131415224519099,
eggholder,qnei,gaussian,0.25,0,11,0.043551901264612794,0.05722396380563475,3.2050455310550587,0.1395858265170984,0.1834054094645061,0.013672062541021955,-0.31392573329814444
eggholder,qnei,gaussian,1.0,0,11,0.03400160745564931,-0.010068460980883532,3.2050455310550587,0.1089767000244172,-0.032269875871383,-0.04407006843653284,1.296117205459081
eggholder,qnei,gaussian,5.0,0,11,0.09702264443229884,0.10459527597481741,3.2050455310550587,0.3109619929488834,0.3352326218325591,0.007572631542518568,-0.0780501457863545
eggholder,qnei,gaussian,0.05,20,11,-8.507528665929452e-05,-0.027134733718311693,3.2050455310550587,-0.0002726701673106,-0.0869680570402439,-0.0270496584316524,
eggholder,qnei,gaussian,0.25,20,11,0.012700983856444503,0.017641943213141192,3.2050455310550587,0.0407072315490999,0.0565432312544053,0.0049409593566966895,-0.38902178071737636
eggholder,qnei,gaussian,1.0,20,11,-0.0962849943482463,-0.02367150618221688,3.2050455310550587,-0.3085977908435084,-0.0758682551026564,0.07261348816602943,
eggholder,qnei,gaussian,5.0,20,11,0.060118968754072286,0.05715025037223956,3.2050455310550587,0.1926840321368781,0.1831691545542241,-0.0029687183818327273,0.049380726971163025
eggholder,qnei,gaussian,0.05,0,7,-0.003581022727423161,-0.19703985581365432,3.2050455310550587,-0.0114773408891342,-0.631521709315286,-0.19345883308623116,
eggholder,qnei,gaussian,0.25,0,7,-0.25494275944780553,-0.14408536651408335,3.2050455310550587,-0.8171031518430341,-0.461800160036393,0.11085739293372218,
eggholder,qnei,gaussian,1.0,0,7,0.01864666038727861,-0.0719718019641805,3.2050455310550587,0.0597633955433487,-0.2306729022472764,-0.09061846235145911,4.8597690132910945
eggholder,qnei,gaussian,5.0,0,7,0.09403065709813734,-0.01184270544685543,3.2050455310550587,0.3013725373145557,-0.0379564101680454,-0.10587336254499277,1.12594515248889
eggholder,qnei,gaussian,0.05,20,7,8.089463314918884e-10,-0.01324790798057383,3.2050455310550587,2.592709824611461e-09,-0.0424601482689668,-0.013247908789520162,16376746.236166105
eggholder,qnei,gaussian,0.25,20,7,0.15706475493043842,0.0750283085375167,3.2050455310550587,0.5033996908760596,0.240469144980788,-0.08203644639292172,0.522309708688333
eggholder,qnei,gaussian,1.0,20,7,0.0006992704379785607,0.05758299441882429,3.2050455310550587,0.0022411935922421,0.1845561189268212,0.056883723980845735,-81.34724548814654
eggholder,qnei,gaussian,5.0,20,7,0.03308554121863264,0.05748057752682931,3.2050455310550587,0.1060406660253165,0.1842278681248281,0.024395036308196665,-0.7373322427156856
eggholder,qnei,gaussian,0.05,0,8,-0.15284313495256852,-0.0587623409041391,3.2050455310550587,-0.489869206632175,-0.1883359781091449,0.09408079404842942,
eggholder,qnei,gaussian,0.25,0,8,-0.2985194687608175,-0.2647453869065797,3.2050455310550587,-0.9567684892847882,-0.8485210191723758,0.03377408185423775,
eggholder,qnei,gaussian,1.0,0,8,-0.36464398853059954,-0.05596717745234981,3.2050455310550587,-1.1687005858660902,-0.1793773519794192,0.30867681107824974,
eggholder,qnei,gaussian,5.0,0,8,-0.11934277493408636,-0.056964834437446744,3.2050455310550587,-0.3824990274662032,-0.18257488804103,0.06237794049663962,
eggholder,qnei,gaussian,0.05,20,8,-0.05879148231180832,0.0011698183818849128,3.2050455310550587,-0.1884293776475638,0.0037493211770063,0.05996130069369324,
eggholder,qnei,gaussian,0.25,20,8,0.0009996981795721198,0.0003877180501649019,3.2050455310550587,0.0032040781828415,0.0012426540039904,-0.0006119801294072178,0.6121648932772401
eggholder,qnei,gaussian,1.0,20,8,0.016021974592068954,0.004771662524238748,3.2050455310550587,0.0513511580649883,0.0152933956490143,-0.011250312067830205,0.7021801216311521
eggholder,qnei,gaussian,5.0,20,8,0.009746422943882501,-0.09905546238504839,3.2050455310550587,0.0312377293000631,-0.3174772670437918,-0.1088018853289309,11.16326327673089
eggholder,qnei,gaussian,0.05,0,9,0.024545753067157828,0.011429344807790755,3.2050455310550587,0.0786702561742752,0.0366315704990971,-0.013116408259367072,0.5343656893915715
eggholder,qnei,gaussian,0.25,0,9,0.24783496565386381,0.15750358440326778,3.2050455310550587,0.7943223491081002,0.5048061593168467,-0.09033138125059603,0.3644819891022013
eggholder,qnei,gaussian,1.0,0,9,0.1622382457653231,-0.07475095968055301,3.2050455310550587,0.5199809645563611,-0.2395802292662333,-0.23698920544587612,1.4607480765582237
eggholder,qnei,gaussian,5.0,0,9,0.16643107968100063,0.0769676856944642,3.2050455310550587,0.5334191881602595,0.2466849370706929,-0.08946339398653642,0.5375401887556783
eggholder,qnei,gaussian,0.05,20,9,0.0,0.13853850556395136,3.2050455310550587,0.0,0.4440222181367887,0.13853850556395136,
eggholder,qnei,gaussian,0.25,20,9,0.0,-0.003537307822822359,3.2050455310550587,0.0,-0.0113372326295029,-0.003537307822822359,
eggholder,qnei,gaussian,1.0,20,9,0.0,-0.003564886930628731,3.2050455310550587,0.0,-0.0114256249257282,-0.003564886930628731,
eggholder,qnei,gaussian,5.0,20,9,0.0,0.016663494362291708,3.2050455310550587,0.0,0.0534072581376242,0.016663494362291708,
eggholder,qucb,gaussian,0.05,0,10,0.04316880669790534,-0.0034161437753163423,3.2050455310550587,0.1383579909881012,-0.0109488963405192,-0.046584950473221684,1.0791345426623087
eggholder,qucb,gaussian,0.25,0,10,0.013432287615491175,-0.0014945126829592344,3.2050455310550587,0.0430510933938762,-0.0047899811956236,-0.014926800298450409,1.1112627071233678
eggholder,qucb,gaussian,1.0,0,10,-0.08676455833036052,-0.005454559561594346,3.2050455310550587,-0.278084359930688,-0.0174821117467616,0.08130999876876617,
eggholder,qucb,gaussian,5.0,0,10,-0.1676940041933151,-0.005102943620297149,3.2050455310550587,-0.5374669187245128,-0.0163551666454593,0.16259106057301795,
eggholder,qucb,gaussian,0.05,20,10,0.015011638930344505,-0.002914250551963982,3.2050455310550587,0.0481129862675128,-0.0093403057079469,-0.01792588948230849,1.1941327369707195
eggholder,qucb,gaussian,0.25,20,10,0.03239540720726496,-1.735882808534443e-05,3.2050455310550587,0.1038287550963534,-5.563583437928621e-05,-0.03241276603535031,1.000535842256104
eggholder,qucb,gaussian,1.0,20,10,0.09127362933666748,0.00014743433746123666,3.2050455310550587,0.292536137808662,0.0004725337644042,-0.09112619499920624,0.9983846995180019
eggholder,qucb,gaussian,5.0,20,10,0.09127362933666748,0.00014743433746123666,3.2050455310550587,0.292536137808662,0.0004725337644042,-0.09112619499920624,0.9983846995180019
eggholder,qucb,gaussian,0.05,0,11,0.0610752351890906,-0.00786964668666244,3.2050455310550587,0.1957489096009315,-0.0252225759440697,-0.06894488187575304,1.1288516804282096
eggholder,qucb,gaussian,0.25,0,11,0.06595403588772426,0.027219857094264353,3.2050455310550587,0.2113856879769956,0.0872408813359293,-0.03873417879345991,0.587290501212062
eggholder,qucb,gaussian,1.0,0,11,0.07201235598861294,0.11306044696892757,3.2050455310550587,0.2308028797420499,0.3623638802968488,0.04104809098031463,-0.5700145539857828
eggholder,qucb,gaussian,5.0,0,11,0.09252885587383722,0.020252791594360504,3.2050455310550587,0.2965591960120796,0.0649111191908946,-0.07227606427947672,0.7811191827339234
eggholder,qucb,gaussian,0.05,20,11,0.0028218666722660455,0.002676653865905915,3.2050455310550587,0.0090442111671795,0.008578797511103,-0.0001452128063601306,0.05145983961160017
eggholder,qucb,gaussian,0.25,20,11,0.0074918773678512235,-0.0011939848148856019,3.2050455310550587,0.0240118080770441,-0.0038267756950967,-0.008685862182736825,1.1593705764604705
eggholder,qucb,gaussian,1.0,20,11,0.015661905080028668,0.00877976903182749,3.2050455310550587,0.0501971188845544,0.0281395594991543,-0.006882136048201178,0.43941883270490234
eggholder,qucb,gaussian,5.0,20,11,0.05648735777152476,0.07439410741707134,3.2050455310550587,0.1810445535867337,0.2384365015139145,0.017906749645546574,-0.3170045537972277
eggholder,qucb,gaussian,0.05,0,7,0.137843517208092,0.2118650417043368,3.2050455310550587,0.4417947488127063,0.6790371051012782,0.0740215244962448,-0.5369967771824922
eggholder,qucb,gaussian,0.25,0,7,0.06900127576015468,0.15604247228854534,3.2050455310550587,0.2211522305121815,0.5001232284631851,0.08704119652839067,-1.2614432931782584
eggholder,qucb,gaussian,1.0,0,7,0.02369813882782828,0.22055498732850617,3.2050455310550587,0.0759536139444534,0.7068887764891338,0.1968568485006779,-8.306848479995931
eggholder,qucb,gaussian,5.0,0,7,0.2699819098126097,0.15201842697454176,3.2050455310550587,0.8653043135106147,0.4872259800127749,-0.11796348283806796,0.4369310629736066
eggholder,qucb,gaussian,0.05,20,7,0.00041471734714344257,0.0021226631340059204,3.2050455310550587,0.0013291879801131,0.006803231991581,0.0017079457868624777,-4.118336979696519
eggholder,qucb,gaussian,0.25,20,7,-0.00033477250189712445,0.003639862965772449,3.2050455310550587,-0.0010729611111255,0.0116659265321018,0.003974635467669574,
eggholder,qucb,gaussian,1.0,20,7,-0.06865117298245153,0.004969957522379504,3.2050455310550587,-0.2200301351690941,0.0159289401466359,0.07362113050483103,
eggholder,qucb,gaussian,5.0,20,7,0.2701130352228944,0.004969957522379504,3.2050455310550587,0.8657245764208555,0.0159289401466359,-0.26514307770051493,0.9816004528686357
eggholder,qucb,gaussian,0.05,0,8,0.0043233064937190325,-0.06306210340171847,3.2050455310550587,0.0138563941570755,-0.2021169126866098,-0.06738540989543751,15.586544695208651
eggholder,qucb,gaussian,0.25,0,8,0.13382461679314434,-0.049281857356462656,3.2050455310550587,0.428913989998023,-0.1579505966824235,-0.18310647414960698,1.3682570407254646
eggholder,qucb,gaussian,1.0,0,8,0.20300878340143944,0.05672358225084752,3.2050455310550587,0.6506523940057078,0.1818016637985129,-0.1462852011505919,0.7205855761487938
eggholder,qucb,gaussian,5.0,0,8,0.3624007460915031,0.0998880759567729,3.2050455310550587,1.161510891711591,0.3201458314509433,-0.2625126701347302,0.7243712187845441
eggholder,qucb,gaussian,0.05,20,8,0.001190399858783054,-0.0014204433300554233,3.2050455310550587,0.0038152857475612,-0.0045525855471111,-0.0026108431888384773,2.1932489067224377
eggholder,qucb,gaussian,0.25,20,8,0.0036168366591983877,-0.0009771168295786064,3.2050455310550587,0.0115921261711199,-0.0031317039279596,-0.004593953488776994,1.2701578538509861
eggholder,qucb,gaussian,1.0,20,8,0.015142428080745252,0.04519672561925378,3.2050455310550587,0.0485321714495152,0.144857563464311,0.03005429753850853,-1.9847739991398639
eggholder,qucb,gaussian,5.0,20,8,0.029883109215400182,-0.0945252830424769,3.2050455310550587,0.0957767256448486,-0.3029578359870051,-0.12440839225787709,4.16316760619285
eggholder,qucb,gaussian,0.05,0,9,-0.004229039876522694,-0.017180747199168993,3.2050455310550587,-0.0135542653569027,-0.0550650770308833,-0.012951707322646298,
eggholder,qucb,gaussian,0.25,0,9,-0.04159685669538643,-0.17113217962883825,3.2050455310550587,-0.133319819657486,-0.5484864275391196,-0.12953532293345182,
eggholder,qucb,gaussian,1.0,0,9,0.02301136373781818,0.2209123355994211,3.2050455310550587,0.0737524685113766,0.70803409396786,0.19790097186160294,-8.60014096150074
eggholder,qucb,gaussian,5.0,0,9,0.19952960133781222,0.13566025314312485,3.2050455310550587,0.6395014570809525,0.4347972880781703,-0.06386934819468737,0.3200996131223347
eggholder,qucb,gaussian,0.05,20,9,0.0014399148126573744,0.14388276765485414,3.2050455310550587,0.0046149925354075,0.4611508214680236,0.14244285284219677,-98.92449997046515
eggholder,qucb,gaussian,0.25,20,9,0.0010947102185072286,0.15711065638049904,3.2050455310550587,0.0035085960936269,0.5035468071134453,0.1560159461619918,-142.51803219187872
eggholder,qucb,gaussian,1.0,20,9,0.06550057466298463,0.11916859447217405,3.2050455310550587,0.2099323241051371,0.381940771155154,0.05366801980918942,-0.819351892488327
eggholder,qucb,gaussian,5.0,20,9,0.06550057466298463,0.1415174594845027,3.2050455310550587,0.2099323241051371,0.4535699010870707,0.07601688482151807,-1.1605529449572352
eggholder,ucb,gaussian,0.05,0,10,0.0024426068325508333,-0.10143879537310357,3.2050455310550587,0.0078286661127916,-0.3251159577861742,-0.10388140220565441,42.52890838644312
eggholder,ucb,gaussian,0.25,0,10,-0.08644849884946965,0.008683758485112823,3.2050455310550587,-0.2770713749039111,0.0278318413254723,0.09513225733458247,
eggholder,ucb,gaussian,1.0,0,10,-0.016701869031657452,0.008683758485112823,3.2050455310550587,-0.0535302507001806,0.0278318413254723,0.025385627516770273,
eggholder,ucb,gaussian,5.0,0,10,0.006958268595911434,-0.04375154991838592,3.2050455310550587,0.0223015676672067,-0.1402257095426551,-0.05070981851429735,7.287706390652068
eggholder,ucb,gaussian,0.05,20,10,0.010285360063912959,0.0010299630472884822,3.2050455310550587,0.0329650473081364,0.0033010784618638,-0.009255397016624476,0.8998612551346459
eggholder,ucb,gaussian,0.25,20,10,0.01175707452412612,0.012471306158489874,3.2050455310550587,0.0376819591618317,0.0399711040696874,0.0007142316343637534,-0.060749094759764644
eggholder,ucb,gaussian,1.0,20,10,0.01175707452412612,0.013582639146591816,3.2050455310550587,0.0376819591618317,0.0435329768967176,0.0018255646224656953,-0.15527371360277953
eggholder,ucb,gaussian,5.0,20,10,0.01175707452412612,0.014672557440363068,3.2050455310550587,0.0376819591618317,0.0470262146533843,0.002915482916236948,-0.24797690192864108
eggholder,ucb,gaussian,0.05,0,11,-0.019728816894137583,0.0006640721142071778,3.2050455310550587,-0.0632317564195592,0.002128381361938,0.02039288900834476,
eggholder,ucb,gaussian,0.25,0,11,0.042794336310396024,-0.011967520052779488,3.2050455310550587,0.137157796346102,-0.0383564466629727,-0.054761856363175515,1.279651960623402
eggholder,ucb,gaussian,1.0,0,11,0.021011375801266656,-0.0025227632777516384,3.2050455310550587,0.0673424161131681,-0.0080855711692677,-0.023534139079018294,1.120066544028952
eggholder,ucb,gaussian,5.0,0,11,0.07044589897362492,0.06698260847359883,3.2050455310550587,0.2257823136865727,0.2146823099467186,-0.0034632905000260977,0.04916241471093674
eggholder,ucb,gaussian,0.05,20,11,0.0006713668980433388,-0.08138215204923974,3.2050455310550587,0.0021517614762721,-0.2608335027330591,-0.08205351894728308,122.21859490901839
eggholder,ucb,gaussian,0.25,20,11,0.0007344947316243476,-0.038039320265940174,3.2050455310550587,0.0023540890571761,-0.1219177534227237,-0.03877381499756452,52.789779596942196
eggholder,ucb,gaussian,1.0,20,11,0.000632362671571321,-0.07371876856625346,3.2050455310550587,0.0020267511545257,-0.2362720097481528,-0.07435113123782479,117.57672389654817
eggholder,ucb,gaussian,5.0,20,11,0.00132841494831833,-0.10044729241787576,3.2050455310550587,0.0042576303934944,-0.3219381456704934,-0.10177570736619408,76.61439484329367
eggholder,ucb,gaussian,0.05,0,7,-0.0238771828134589,0.08070114644946279,3.2050455310550587,-0.0765274580704611,0.2586508487788705,0.10457832926292168,
eggholder,ucb,gaussian,0.25,0,7,0.050275621430443444,0.08998240562707326,3.2050455310550587,0.1611356557866587,0.2883977070286347,0.03970678419662981,-0.7897820666734936
eggholder,ucb,gaussian,1.0,0,7,0.0818924035935015,0.14219887367260223,3.2050455310550587,0.2624688821647092,0.4557538645854366,0.06030647007910073,-0.7364110397644537
eggholder,ucb,gaussian,5.0,0,7,-0.01631046261071889,0.10409693041401051,3.2050455310550587,-0.0522757752999252,0.3336354016199738,0.1204073930247294,
eggholder,ucb,gaussian,0.05,20,7,0.14874032238784907,0.00020074182148963282,3.2050455310550587,0.4767195055568644,0.0006433866778612,-0.14853958056635944,0.9986503873444204
eggholder,ucb,gaussian,0.25,20,7,0.14874032238784907,0.005582176099752591,3.2050455310550587,0.4767195055568644,0.0178911285620744,-0.14315814628809648,0.9624703240510886
eggholder,ucb,gaussian,1.0,20,7,-0.043897057056096554,0.0030627477239479404,3.2050455310550587,-0.1406920665441112,0.0098162459053884,0.046959804780044495,
eggholder,ucb,gaussian,5.0,20,7,0.13685604546678853,0.32607126281220505,3.2050455310550587,0.4386298569211985,1.0450732436817374,0.18921521734541652,-1.3825857432899027
eggholder,ucb,gaussian,0.05,0,8,0.076418665208175,-0.15717840598752533,3.2050455310550587,0.244925301414654,-0.5037639476886757,-0.23359707119570033,3.056806482543887
eggholder,ucb,gaussian,0.25,0,8,0.23098182253002283,0.04572354199531673,3.2050455310550587,0.7403072580548024,0.1465460339360982,-0.1852582805347061,0.8020470117756837
eggholder,ucb,gaussian,1.0,0,8,0.0034752763137168223,-0.1867383774591153,3.2050455310550587,0.0111384188184596,-0.5985050021518102,-0.19021365377283214,54.7333899817013
eggholder,ucb,gaussian,5.0,0,8,0.025016862587247408,0.023721358202760563,3.2050455310550587,0.0801801836362758,0.076028033098314,-0.0012955043844868445,0.05178524605028767
eggholder,ucb,gaussian,0.05,20,8,0.0006105067895458818,0.052298078775391554,3.2050455310550587,0.0019567020575128,0.1676177236618341,0.05168757198584567,-84.66338601130522
eggholder,ucb,gaussian,0.25,20,8,3.618384446221078e-05,0.07038004635005005,3.2050455310550587,0.00011597086899,0.2255712530296758,0.07034386250558783,-1944.0682313083857
eggholder,ucb,gaussian,1.0,20,8,0.04087324108116624,0.09971684801897358,3.2050455310550587,0.1310005986669279,0.3195970381141078,0.058843606937807345,-1.4396608974794898
eggholder,ucb,gaussian,5.0,20,8,0.04025549817117359,0.10302048417076076,3.2050455310550587,0.129020704513915,0.3301853423986252,0.06276498599958717,-1.5591655513167222
eggholder,ucb,gaussian,0.05,0,9,-0.025401300071442055,-0.00402805539212133,3.2050455310550587,-0.0814123232769639,-0.0129101009333607,0.021373244679320724,
eggholder,ucb,gaussian,0.25,0,9,-0.019884840495789376,0.1196117056712854,3.2050455310550587,-0.0637318191667724,0.3833609627236263,0.13949654616707477,
eggholder,ucb,gaussian,1.0,0,9,0.1252412002959686,-0.11878484301561257,3.2050455310550587,0.4014037493125657,-0.3807108302642658,-0.24402604331158118,1.9484486154308769
eggholder,ucb,gaussian,5.0,0,9,0.11877391584058743,0.021108879341438028,3.2050455310550587,0.3806758081707844,0.0676549193988564,-0.0976650364991494,0.8222768089100527
eggholder,ucb,gaussian,0.05,20,9,-0.19021802330615392,0.14087779460557845,3.2050455310550587,-0.6096574255235157,0.4515197460255017,0.33109581791173237,
eggholder,ucb,gaussian,0.25,20,9,-0.1417132686769113,0.1456530720744885,3.2050455310550587,-0.4541974784641394,0.4668247277367797,0.2873663407513998,
eggholder,ucb,gaussian,1.0,20,9,0.04080266559750226,0.17047317229510667,3.2050455310550587,0.1307744010284086,0.5463742790292107,0.1296705066976044,-3.1779910650137086
eggholder,ucb,gaussian,5.0,20,9,-0.13143732736496844,-0.20651842347310237,3.2050455310550587,-0.4212626186849129,-0.6619009502330029,-0.07508109610813393,
griewank,ei,gaussian,0.05,0,10,0.0162157772405711,-0.005313364348049663,2.7538558156589708,0.0446559124593771,-0.0146322393105916,-0.02152914158862076,1.3276663381114955
griewank,ei,gaussian,0.25,0,10,0.008699334018059763,-0.007222984696365472,2.7538558156589708,0.0239567115779938,-0.0198910584125018,-0.015922318714425236,1.8302916845554615
griewank,ei,gaussian,1.0,0,10,0.1303470318742305,0.157602263039089,2.7538558156589708,0.3589569317807349,0.4340139086312101,0.027255231164858507,-0.20909744374660244
griewank,ei,gaussian,5.0,0,10,0.23504422196170338,0.22143283363752728,2.7538558156589708,0.6472778975862749,0.6097940966905498,-0.013611388324176105,0.05790990397710716
griewank,ei,gaussian,0.05,20,10,-0.0006172532862244453,0.0,2.7538558156589708,-0.0016998265520038,0.0,0.0006172532862244453,
griewank,ei,gaussian,0.25,20,10,0.0034743079659778895,0.0,2.7538558156589708,0.0095677431974985,0.0,-0.0034743079659778895,1.0
griewank,ei,gaussian,1.0,20,10,0.0034743079659778895,0.0,2.7538558156589708,0.0095677431974985,0.0,-0.0034743079659778895,1.0
griewank,ei,gaussian,5.0,20,10,0.0034743079659778895,-0.0028558360226979738,2.7538558156589708,0.0095677431974985,-0.0078645606396752,-0.006330143988675863,1.8219870117052681
griewank,ei,gaussian,0.05,0,11,0.009062917030366713,-0.01542637833228105,2.7538558156589708,0.0249579667709101,-0.0424820216849077,-0.02448929536264776,2.7021427296082012
griewank,ei,gaussian,0.25,0,11,0.05627147912774033,0.11261522979279638,2.7538558156589708,0.1549635400516601,0.3101261054966637,0.05634375066505605,-1.0012843369045208
griewank,ei,gaussian,1.0,0,11,0.26400562813221934,0.18190244328039562,2.7538558156589708,0.7270334343986118,0.5009331013102936,-0.08210318485182372,0.3109902824143763
griewank,ei,gaussian,5.0,0,11,0.5261398657662275,0.4597809012867398,2.7538558156589708,1.4489133291903558,1.2661703089374117,-0.06635896447948769,0.12612419015777843
griewank,ei,gaussian,0.05,20,11,0.0,0.0004523864015564267,2.7538558156589708,0.0,0.0012458069228512,0.0004523864015564267,
griewank,ei,gaussian,0.25,20,11,-0.004087280792066088,0.0010905019190645211,2.7538558156589708,-0.0112557819794624,0.0030030850518031,0.005177782711130609,
griewank,ei,gaussian,1.0,20,11,0.0,0.002623983755095897,2.7538558156589708,0.0,0.0072260729241655,0.002623983755095897,
griewank,ei,gaussian,5.0,20,11,0.0,-0.009336257950487897,2.7538558156589708,0.0,-0.0257107082534434,-0.009336257950487897,
griewank,ei,gaussian,0.05,0,7,0.062137585635905074,0.029638611098546864,2.7538558156589708,0.1711179515744445,0.0816204615417878,-0.03249897453735821,0.5230163709254141
griewank,ei,gaussian,0.25,0,7,0.16472764019489702,0.08496516802641278,2.7538558156589708,0.4536361699504956,0.2339818220979785,-0.07976247216848424,0.48420818797691456
griewank,ei,gaussian,1.0,0,7,0.42183564437823035,0.24906764700591252,2.7538558156589708,1.161674542523239,0.6858963881997279,-0.17276799737231782,0.4095623489261351
griewank,ei,gaussian,5.0,0,7,0.5762123451839902,0.423816267002335,2.7538558156589708,1.5868057178394257,1.1671288916552554,-0.15239607818165524,0.2644790231507339
griewank,ei,gaussian,0.05,20,7,0.0,0.0,2.7538558156589708,0.0,0.0,0.0,
griewank,ei,gaussian,0.25,20,7,-0.014392935109181916,-0.004388489605330631,2.7538558156589708,-0.0396360680548228,-0.0120852676215987,0.010004445503851284,
griewank,ei,gaussian,1.0,20,7,-0.005218319661055523,-0.0018790415383137503,2.7538558156589708,-0.0143704999465653,-0.0051746094681501,0.0033392781227417727,
griewank,ei,gaussian,5.0,20,7,0.0,-0.000909771082956421,2.7538558156589708,0.0,-0.0025053783877179,-0.000909771082956421,
griewank,ei,gaussian,0.05,0,8,0.03302830432398103,0.05262315941366229,2.7538558156589708,0.0909551879439495,0.144916593589663,0.019594855089681257,-0.5932746318875934
griewank,ei,gaussian,0.25,0,8,0.08372018343192254,0.09118310647054306,2.7538558156589708,0.2305533140320357,0.2511051280437561,0.00746292303862052,-0.08914126477863049
griewank,ei,gaussian,1.0,0,8,0.24839395399298234,0.0977237207994778,2.7538558156589708,0.6840411347781012,0.2691170368514755,-0.15067023319350453,0.6065776995432075
griewank,ei,gaussian,5.0,0,8,0.3406838862464262,0.30190482726697754,2.7538558156589708,0.93819430144102,0.8314023643446831,-0.038779058979448666,0.1138271005614826
griewank,ei,gaussian,0.05,20,8,-2.3800636790365988e-05,0.0,2.7538558156589708,-6.554352204153624e-05,0.0,2.3800636790365988e-05,
griewank,ei,gaussian,0.25,20,8,0.012841466386502357,0.0,2.7538558156589708,0.0353635468900587,0.0,-0.012841466386502357,1.0
griewank,ei,gaussian,1.0,20,8,0.01751632427625262,0.0,2.7538558156589708,0.0482374314771267,0.0,-0.01751632427625262,1.0
griewank,ei,gaussian,5.0,20,8,0.01751632427625262,0.0,2.7538558156589708,0.0482374314771267,0.0,-0.01751632427625262,1.0
griewank,ei,gaussian,0.05,0,9,-0.09716081179158992,-0.10909470237690377,2.7538558156589708,-0.2675668666064166,-0.300431080598221,-0.011933890585313855,
griewank,ei,gaussian,0.25,0,9,-0.05780642494732218,0.24239340928870945,2.7538558156589708,-0.159190559523637,0.6675164998471177,0.30019983423603164,
griewank,ei,gaussian,1.0,0,9,0.32365749228416857,0.26617864843183364,2.7538558156589708,0.891306067408356,0.7330176189882496,-0.05747884385233493,0.17759157511443913
griewank,ei,gaussian,5.0,0,9,0.5035253227073715,0.3919995101412408,2.7538558156589708,1.386636138269255,1.0795101307379236,-0.1115258125661307,0.2214899778356232
griewank,ei,gaussian,0.05,20,9,0.0020192716173435387,0.0016974899211773017,2.7538558156589708,0.0055607828868166,0.0046746424914566,-0.000321781696166237,0.15935533060656704
griewank,ei,gaussian,0.25,20,9,0.026050656490075527,0.0046180696406467915,2.7538558156589708,0.0717397518769286,0.0127174979370133,-0.021432586849428736,0.8227273219618811
griewank,ei,gaussian,1.0,20,9,0.014597772996602254,0.02184551592351517,2.7538558156589708,0.0402001620623626,0.0601594010720429,0.007247742926912916,-0.4964964812509336
griewank,ei,gaussian,5.0,20,9,0.05948700213473439,0.02678859355803706,2.7538558156589708,0.1638186267848559,0.0737719241631248,-0.03269840857669733,0.5496731622588318
griewank,logei,gaussian,0.05,0,10,0.009212694782088837,0.018333699860235687,2.7538558156589708,0.0253704331035464,0.0504883659826561,0.00912100507814685,-0.9900474610186534
griewank,logei,gaussian,0.25,0,10,0.08455546007246643,0.05016212731540726,2.7538558156589708,0.2328535454662816,0.13813926603336,-0.03439333275705918,0.4067547232027726
griewank,logei,gaussian,1.0,0,10,0.09913982921910883,0.06370767434074133,2.7538558156589708,0.27301679525848,0.1754417494853583,-0.0354321548783675,0.35739576270662043
griewank,logei,gaussian,5.0,0,10,0.24494452164984204,0.24604340557768858,2.7538558156589708,0.6745418954592222,0.6775680633546566,0.0010988839278465445,-0.004486256399795829
griewank,logei,gaussian,0.05,20,10,0.0013281599382477043,-0.00022608945761309353,2.7538558156589708,0.0036575609700687,-0.000622617767707,-0.0015542493958607979,1.1702275841201644
griewank,logei,gaussian,0.25,20,10,0.0013281599382477043,0.0006870990356466873,2.7538558156589708,0.0036575609700687,0.0018921716752493,-0.0006410609026010171,0.482668452902438
griewank,logei,gaussian,1.0,20,10,0.0013281599382477043,0.0007658285928302827,2.7538558156589708,0.0036575609700687,0.0021089815241636,-0.0005623313454174217,0.42339128686514094
griewank,logei,gaussian,5.0,20,10,0.0013281599382477043,0.0007658285928302827,2.7538558156589708,0.0036575609700687,0.0021089815241636,-0.0005623313454174217,0.42339128686514094
griewank,logei,gaussian,0.05,0,11,0.003028161742778799,-0.0023766607777446947,2.7538558156589708,0.0083391208261074,-0.0065449811046408,-0.005404822520523494,1.784852653069894
griewank,logei,gaussian,0.25,0,11,0.040502566079676616,0.1214159782148458,2.7538558156589708,0.1115382271476292,0.334362097720876,0.08091341213516919,-1.9977354515266117
griewank,logei,gaussian,1.0,0,11,0.10241098363458224,0.21033899093466782,2.7538558156589708,0.28202508286945,0.5792432534452745,0.10792800730008557,-1.0538714058756518
griewank,logei,gaussian,5.0,0,11,0.4525340179710659,0.39925518643901137,2.7538558156589708,1.246213437173141,1.099491217107078,-0.05327883153205454,0.1177344230847659
griewank,logei,gaussian,0.05,20,11,0.004976895037370855,0.0031526154985475952,2.7538558156589708,0.013705651342588,0.0086818485252119,-0.0018242795388232597,0.36654973133348867
griewank,logei,gaussian,0.25,20,11,0.004292475476002176,0.0029229113153126304,2.7538558156589708,0.0118208585531621,0.0080492763243291,-0.0013695641606895452,0.319061615691535
griewank,logei,gaussian,1.0,20,11,0.004976895037370855,0.00040927381490265147,2.7538558156589708,0.013705651342588,0.0011270810753666,-0.004567621222468204,0.9177652307654737
griewank,logei,gaussian,5.0,20,11,0.004976895037370855,-0.0015985630424034721,2.7538558156589708,0.013705651342588,-0.0044022121310203,-0.006575458079774327,1.3211968567550794
griewank,logei,gaussian,0.05,0,7,0.05813071176739962,-0.010842909655591804,2.7538558156589708,0.1600835986690488,-0.0298598098137163,-0.06897362142299142,1.1865263528679626
griewank,logei,gaussian,0.25,0,7,0.050039750428700555,-0.07596781361521897,2.7538558156589708,0.1378022577322005,-0.2092044053271675,-0.12600756404391952,2.5181493305699467
griewank,logei,gaussian,1.0,0,7,0.23945298600319642,0.26886999287069757,2.7538558156589708,0.6594189980818086,0.7404291935231565,0.02941700686750115,-0.12285086671296908
griewank,logei,gaussian,5.0,0,7,0.3714995260299051,0.30925137623706017,2.7538558156589708,1.0230561302720054,0.8516337009509686,-0.06224814979284493,0.16755916342093546
griewank,logei,gaussian,0.05,20,7,0.0010441675409825419,0.006166730578978953,2.7538558156589708,0.0028754868552571,0.0169822868685232,0.005122563037996411,-4.905882281282347
griewank,logei,gaussian,0.25,20,7,0.013748293624087896,0.018892141299489868,2.7538558156589708,0.0378608183520816,0.0520262331878512,0.005143847675401972,-0.37414444410683956
griewank,logei,gaussian,1.0,20,7,0.016237014744688614,0.040974897352060405,2.7538558156589708,0.0447143974836012,0.1128389593690009,0.02473788260737179,-1.5235486939164078
griewank,logei,gaussian,5.0,20,7,0.016237014744688614,0.006932296559138779,2.7538558156589708,0.0447143974836012,0.019090545195257,-0.009304718185549836,0.573055966990087
griewank,logei,gaussian,0.05,0,8,0.003278130346026416,0.012252273828597454,2.7538558156589708,0.009027498317893,0.0337409955379293,0.008974143482571037,-2.7375798199876464
griewank,logei,gaussian,0.25,0,8,0.012275752597780918,0.018788964910064265,2.7538558156589708,0.0338056526829897,0.0517421002877928,0.006513212312283348,-0.5305753973455556
griewank,logei,gaussian,1.0,0,8,0.10020458447204718,0.05159670750889352,2.7538558156589708,0.2759489777040377,0.1420898930422213,-0.048607876963153655,0.48508635826650415
griewank,logei,gaussian,5.0,0,8,0.1824907906136842,0.21897747529403827,2.7538558156589708,0.5025533250356977,0.6030323938368058,0.03648668468035407,-0.19993712864992164
griewank,logei,gaussian,0.05,20,8,0.004678105906350789,0.0032703173353059,2.7538558156589708,0.0128828291564727,0.0090059824128825,-0.001407788571044889,0.300931316910491
griewank,logei,gaussian,0.25,20,8,0.013587304998539752,0.004441793740463346,2.7538558156589708,0.0374174788893609,0.0122320595241326,-0.009145511258076406,0.673092365193781
griewank,logei,gaussian,1.0,20,8,0.014132810800684091,0.004441793740463346,2.7538558156589708,0.0389197232150718,0.0122320595241326,-0.009691017060220745,0.6857105212044341
griewank,logei,gaussian,5.0,20,8,0.014132810800684091,0.004441793740463346,2.7538558156589708,0.0389197232150718,0.0122320595241326,-0.009691017060220745,0.6857105212044341
griewank,logei,gaussian,0.05,0,9,0.036258637213472854,0.004540094196929555,2.7538558156589708,0.099851058958191,0.012502764807854,-0.031718543016543296,0.8747858566718949
griewank,logei,gaussian,0.25,0,9,0.2849881693305645,0.11615553383077927,2.7538558156589708,0.7848163275049785,0.3198755923608638,-0.16883263549978522,0.5924198042900239
griewank,logei,gaussian,1.0,0,9,0.5992255922402758,0.4002912771786442,2.7538558156589708,1.6501808820825747,1.1023444616159663,-0.19893431506163162,0.331985678912498
griewank,logei,gaussian,5.0,0,9,0.6944785425787738,0.569332075156615,2.7538558156589708,1.9124937733309224,1.5678584462112344,-0.12514646742215885,0.18020206492983715
griewank,logei,gaussian,0.05,20,9,0.002390036529753115,0.0005249141721920895,2.7538558156589708,0.006581815997098,0.001445537945813,-0.0018651223575610254,0.7803739961052764
griewank,logei,gaussian,0.25,20,9,0.004179073742329793,-0.00010564300475440263,2.7538558156589708,0.0115085665293826,-0.0002909256030266,-0.004284716747084196,1.0252790477670557
griewank,logei,gaussian,1.0,20,9,0.004179073742329793,0.008388357240932934,2.7538558156589708,0.0115085665293826,0.0231003263717682,0.004209283498603141,-1.0072288162726952
griewank,logei,gaussian,5.0,20,9,0.004179073742329793,0.008388357240932934,2.7538558156589708,0.0115085665293826,0.0231003263717682,0.004209283498603141,-1.0072288162726952
griewank,pi,gaussian,0.05,0,10,0.019455814565562463,0.03830809604243804,2.7538558156589708,0.0535785080897567,0.1054949730732904,0.018852281476875576,-0.9689792947679938
griewank,pi,gaussian,0.25,0,10,0.0721473015999571,0.09173815490523933,2.7538558156589708,0.1986832660951436,0.2526336514036169,0.019590853305282235,-0.27153965388629153
griewank,pi,gaussian,1.0,0,10,0.18497467630038184,0.1758375533441886,2.7538558156589708,0.5093935880794421,0.4842312688881383,-0.009137122956193233,0.04939661546619167
griewank,pi,gaussian,5.0,0,10,0.24218543597772368,0.24112421498399578,2.7538558156589708,0.6669437713351577,0.6640213217298807,-0.0010612209937279071,0.004381853060006158
griewank,pi,gaussian,0.05,20,10,0.004895590881574113,0.0012082574911299754,2.7538558156589708,0.0134817514203099,0.0033273669187618,-0.003687333390444138,0.753194758230803
griewank,pi,gaussian,0.25,20,10,0.004015544442188261,0.0035608338405699407,2.7538558156589708,0.0110582304151572,0.0098060229804488,-0.00045471060161832036,0.11323759658616228
griewank,pi,gaussian,1.0,20,10,0.01003857290591649,0.00987697950140046,2.7538558156589708,0.0276447823778747,0.0271997774410761,-0.00016159340451602985,0.016097248685696175
griewank,pi,gaussian,5.0,20,10,0.010885083687742289,0.01448524906535524,2.7538558156589708,0.0299759510174237,0.0398902873798972,0.003600165377612952,-0.33074301318115773
griewank,pi,gaussian,0.05,0,11,0.0014054593096577003,0.025899397457111006,2.7538558156589708,0.0038704322935729,0.0713232063093283,0.024493938147453306,-17.427710627509242
griewank,pi,gaussian,0.25,0,11,0.23731798828123543,0.1785625787837666,2.7538558156589708,0.6535395221887677,0.4917355960427388,-0.058755409497468825,0.2475809352801368
griewank,pi,gaussian,1.0,0,11,0.37483910453341684,0.3566274150749233,2.7538558156589708,1.032252847955751,0.9821004810275032,-0.018211689458493552,0.048585350989893805
griewank,pi,gaussian,5.0,0,11,0.49054403982254524,0.531280269634265,2.7538558156589708,1.350887556902162,1.4630692602771866,0.04073622981171976,-0.0830429614973125
griewank,pi,gaussian,0.05,20,11,0.01719505798978686,0.006051546507371014,2.7538558156589708,0.0473527104457678,0.0166650865430544,-0.011143511482415845,0.6480647805337221
griewank,pi,gaussian,0.25,20,11,0.06105398147632776,0.008451544241270918,2.7538558156589708,0.1681338619577203,0.023274334260123,-0.052602437235056844,0.8615725946628426
griewank,pi,gaussian,1.0,20,11,0.07923152628133642,0.00759921739848411,2.7538558156589708,0.2181921994333949,0.0209271490272723,-0.07163230888285231,0.9040884638331881
griewank,pi,gaussian,5.0,20,11,0.09683385369838894,0.0015267434147930583,2.7538558156589708,0.2666664711599783,0.0042044312318469,-0.09530711028359588,0.984233371321269
griewank,pi,gaussian,0.05,0,7,0.07980201868462533,0.11919086582032822,2.7538558156589708,0.2197632532559813,0.3282344590127389,0.039388847135702884,-0.4935820895880614
griewank,pi,gaussian,0.25,0,7,0.3796619570450984,0.5082024649226294,2.7538558156589708,1.0455342883931107,1.399516313559407,0.12854050787753102,-0.33856567794666415
griewank,pi,gaussian,1.0,0,7,0.36107239244343087,0.29047202327710414,2.7538558156589708,0.9943413078042403,0.7999180705878811,-0.07060036916632673,0.1955296794877157
griewank,pi,gaussian,5.0,0,7,0.20888941607519312,0.15026866828927604,2.7538558156589708,0.575251333288277,0.4138182460797516,-0.05862074778591708,0.2806305311553726
griewank,pi,gaussian,0.05,20,7,0.021644200595717648,0.044008368272111104,2.7538558156589708,0.0596050076858064,0.1211927009038149,0.022364167676393456,-1.0332637409033372
griewank,pi,gaussian,0.25,20,7,0.06453994030964688,0.14133550281401625,2.7538558156589708,0.1777336899640039,0.3892175963834634,0.07679556250436936,-1.1898920596443534
griewank,pi,gaussian,1.0,20,7,0.15556642169698154,0.04673751438730097,2.7538558156589708,0.4284074951114885,0.1287083758049136,-0.10882890730968056,0.6995655368461315
griewank,pi,gaussian,5.0,20,7,0.13638125158649134,0.08526557036716897,2.7538558156589708,0.3755743028283084,0.2348090868311075,-0.05111568121932236,0.37479991292575443
griewank,pi,gaussian,0.05,0,8,0.12564183495480788,0.1269600256940485,2.7538558156589708,0.3459994978803622,0.3496296051137678,0.00131819073924061,-0.010491654628530078
griewank,pi,gaussian,0.25,0,8,0.15984254418422675,0.052276828406597135,2.7538558156589708,0.4401833198914588,0.1439628479317136,-0.1075657157776296,0.6729479709335369
griewank,pi,gaussian,1.0,0,8,0.26309853714153325,0.2884324571166209,2.7538558156589708,0.724535436598579,0.7943013994554132,0.02533391997508766,-0.09629061510691472
griewank,pi,gaussian,5.0,0,8,0.08087867700179369,0.1961604333905968,2.7538558156589708,0.222728215024193,0.5401975502948791,0.11528175638880311,-1.425366495377347
griewank,pi,gaussian,0.05,20,8,0.042176278024442855,0.050057376612734336,2.7538558156589708,0.1161473885204616,0.1378507977016098,0.007881098588291481,-0.18686093124964853
griewank,pi,gaussian,0.25,20,8,0.07437374003646235,0.15684430054797216,2.7538558156589708,0.2048145565317203,0.4319265892169966,0.0824705605115098,-1.1088666573857644
griewank,pi,gaussian,1.0,20,8,0.08148715528869925,0.07531135791572197,2.7538558156589708,0.2244038764932901,0.2073966209813852,-0.006175797372977285,0.07578859945591632
griewank,pi,gaussian,5.0,20,8,0.11028872246971566,0.03742719406719497,2.7538558156589708,0.3037192397748247,0.1030690960457418,-0.07286152840252069,0.6606435070687109
griewank,pi,gaussian,0.05,0,9,0.08373376705518742,0.12085294493544792,2.7538558156589708,0.2305907213719614,0.3328115852499966,0.03711917788026049,-0.44329998739691123
griewank,pi,gaussian,0.25,0,9,0.31620174583153005,0.48494002964074556,2.7538558156589708,0.8707740166796788,1.3354549208720008,0.16873828380921552,-0.5336412149321845
griewank,pi,gaussian,1.0,0,9,0.37774476773432775,0.5077119111368787,2.7538558156589708,1.0402546254599256,1.398165399163624,0.129967143402551,-0.3440607375770679
griewank,pi,gaussian,5.0,0,9,0.47580408740400465,0.32527935999184804,2.7538558156589708,1.3102958532118274,0.8957724572273786,-0.1505247274121566,0.31635862615939714
griewank,pi,gaussian,0.05,20,9,-0.03279364184276716,0.13029779714903914,2.7538558156589708,-0.0903089613053417,0.3588213464464343,0.16309143899180628,
griewank,pi,gaussian,0.25,20,9,0.15204595149148353,0.18874530476233364,2.7538558156589708,0.4187126277622237,0.5197773551980773,0.03669935327085011,-0.241370144425751
griewank,pi,gaussian,1.0,20,9,0.10674176525944609,0.2134792810389276,2.7538558156589708,0.2939514310334303,0.5878911596117466,0.10673751577948151,-0.9999601891541305
griewank,pi,gaussian,5.0,20,9,0.122282070042945,0.021399498164562495,2.7538558156589708,0.3367471897385817,0.0589311324726639,-0.10088257187838251,0.8249988885774744
griewank,qnei,gaussian,0.05,0,10,-0.010828156228924557,-0.018216851763851308,2.7538558156589708,-0.0298191810038878,-0.0501665831728793,-0.007388695534926751,
griewank,qnei,gaussian,0.25,0,10,0.010404857136446885,-0.0035206867783916895,2.7538558156589708,0.028653476336305,-0.0096954637597876,-0.013925543914838575,1.338369545321211
griewank,qnei,gaussian,1.0,0,10,0.12158278100252912,0.12778686722920213,2.7538558156589708,0.3348214485478058,0.351906607483979,0.006204086226673011,-0.05102767164491784
griewank,qnei,gaussian,5.0,0,10,0.21158458479391773,0.2022189843351893,2.7538558156589708,0.582673439338519,0.5568819260481114,-0.009365600458728418,0.04426409640310258
griewank,qnei,gaussian,0.05,20,10,0.0,0.0,2.7538558156589708,0.0,0.0,0.0,
griewank,qnei,gaussian,0.25,20,10,0.0,0.0,2.7538558156589708,0.0,0.0,0.0,
griewank,qnei,gaussian,1.0,20,10,0.0,-0.01299980228064152,2.7538558156589708,0.0,-0.0357995811129614,-0.01299980228064152,
griewank,qnei,gaussian,5.0,20,10,0.0,-0.015136300719448713,2.7538558156589708,0.0,-0.0416831897638169,-0.015136300719448713,
griewank,qnei,gaussian,0.05,0,11,0.015526694668121418,0.0006941034131022238,2.7538558156589708,0.0427582784097673,0.0019114607208403,-0.014832591255019194,0.9552961252901224
griewank,qnei,gaussian,0.25,0,11,0.11374074156329701,0.07045655278252111,2.7538558156589708,0.3132256026314495,0.194027187631429,-0.043284188780775903,0.380551315086056
griewank,qnei,gaussian,1.0,0,11,0.27947523403917124,0.2310506330871587,2.7538558156589708,0.7696344985914236,0.636280129638759,-0.048424600952012536,0.1732697393330579
griewank,qnei,gaussian,5.0,0,11,0.5348789997202268,0.3466002752308624,2.7538558156589708,1.4729796440533995,0.9544871836535104,-0.1882787244893644,0.3520024614685663
griewank,qnei,gaussian,0.05,20,11,-0.000745765480370933,0.016314173385932277,2.7538558156589708,-0.0020537306052372,0.0449268812565184,0.01705993886630321,
griewank,qnei,gaussian,0.25,20,11,0.009001508889995742,0.011850611751489609,2.7538558156589708,0.0247888576064207,0.0326348760909562,0.0028491028614938668,-0.31651391964522224
griewank,qnei,gaussian,1.0,20,11,0.009001508889995742,0.009051243678418145,2.7538558156589708,0.0247888576064207,0.0249258200427583,4.973478842240295e-05,-0.005525161284646085
griewank,qnei,gaussian,5.0,20,11,0.009001508889995742,-0.0024923032931804183,2.7538558156589708,0.0247888576064207,-0.0068634439183109,-0.01149381218317616,1.2768761686110601
griewank,qnei,gaussian,0.05,0,7,0.05422231997602524,-0.06769942469229663,2.7538558156589708,0.1493204512044987,-0.1864344544056476,-0.12192174466832187,2.2485527126509965
griewank,qnei,gaussian,0.25,0,7,0.0772243536628607,-0.022525336957461502,2.7538558156589708,0.2126647354449741,-0.0620315301799833,-0.09974969062032221,1.2916869599945198
griewank,qnei,gaussian,1.0,0,7,0.2300201322638481,-0.031201096175399796,2.7538558156589708,0.6334422789534437,-0.0859233201575596,-0.2612212284392479,1.1356450666657738
griewank,qnei,gaussian,5.0,0,7,0.5283459716794274,0.4772365508764425,2.7538558156589708,1.454988626789381,1.3142406510761195,-0.05110942080298492,0.09673476006739656
griewank,qnei,gaussian,0.05,20,7,0.0,-0.007481689184520827,2.7538558156589708,0.0,-0.0206034932717455,-0.007481689184520827,
griewank,qnei,gaussian,0.25,20,7,0.0,-0.014714744863001374,2.7538558156589708,0.0,-0.0405222857169143,-0.014714744863001374,
griewank,qnei,gaussian,1.0,20,7,0.0,-0.0013008216416826807,2.7538558156589708,0.0,-0.0035822752430829,-0.0013008216416826807,
griewank,qnei,gaussian,5.0,20,7,0.0,-0.018385821602788954,2.7538558156589708,0.0,-0.0506319017465087,-0.018385821602788954,
griewank,qnei,gaussian,0.05,0,8,-0.024632226674617164,-0.029074530384799624,2.7538558156589708,-0.0678336006805245,-0.0800670645877339,-0.00444230371018246,
griewank,qnei,gaussian,0.25,0,8,0.11277853579282934,-0.03662280988647009,2.7538558156589708,0.3105758266745865,-0.1008539379916285,-0.14940134567929944,1.3247320922284809
griewank,qnei,gaussian,1.0,0,8,0.1822054889352747,0.2976838743553033,2.7538558156589708,0.5017676453493924,0.8197784686212464,0.11547838542002861,-0.6337810463056373
griewank,qnei,gaussian,5.0,0,8,0.2080363521259091,0.4218861776165392,2.7538558156589708,0.5729021181704123,1.16181370377544,0.21384982549063009,-1.027944507319579
griewank,qnei,gaussian,0.05,20,8,-0.0013785439405426458,0.00041516262471498347,2.7538558156589708,-0.0037963112478048,0.0011432980085156,0.0017937065652576293,
griewank,qnei,gaussian,0.25,20,8,0.015423509179608613,0.0021588575866787986,2.7538558156589708,0.0424741204521347,0.0059451825202549,-0.013264651592929815,0.8600281193119774
griewank,qnei,gaussian,1.0,20,8,0.01621752658965245,0.0013666025012164078,2.7538558156589708,0.0446607299145184,0.0037634262456689,-0.014850924088436043,0.9157329884022903
griewank,qnei,gaussian,5.0,20,8,0.02934137178777299,-0.0017579434186785002,2.7538558156589708,0.0808019073371707,-0.0048411227071272,-0.03109931520645149,1.0599134706922961
griewank,qnei,gaussian,0.05,0,9,0.010611579284143705,0.1483439752423508,2.7538558156589708,0.0292227593249654,0.4085179189391181,0.13773239595820708,-12.979443706745233
griewank,qnei,gaussian,0.25,0,9,0.041334333005545676,0.012445894174825532,2.7538558156589708,0.1138287933337065,0.0342741980544194,-0.028888438830720144,0.6988969394242865
griewank,qnei,gaussian,1.0,0,9,0.2896127400514632,0.16366462048669925,2.7538558156589708,0.7975517284796517,0.4507087669449151,-0.12594811956476396,0.4348845963833753
griewank,qnei,gaussian,5.0,0,9,0.6069919965489179,0.383477754883195,2.7538558156589708,1.6715684397546875,1.0560424454609318,-0.22351424166572287,0.36823260098407196
griewank,qnei,gaussian,0.05,20,9,-0.013641109436950754,0.0,2.7538558156589708,-0.0375656485549873,0.0,0.013641109436950754,
griewank,qnei,gaussian,0.25,20,9,-0.003833633051886904,0.0,2.7538558156589708,-0.0105572726750412,0.0,0.003833633051886904,
griewank,qnei,gaussian,1.0,20,9,0.003980881144385846,0.0,2.7538558156589708,0.0109627726909141,0.0,-0.003980881144385846,1.0
griewank,qnei,gaussian,5.0,20,9,0.006068034141932425,0.0,2.7538558156589708,0.0167104911113778,0.0,-0.006068034141932425,1.0
griewank,qucb,gaussian,0.05,0,10,0.009704127259931567,0.004536881590008854,2.7538558156589708,0.0267237672906573,0.012493917751602,-0.005167245669922714,0.5324791742229432
griewank,qucb,gaussian,0.25,0,10,0.07197943918251248,0.020710157969759942,2.7538558156589708,0.1982209972006332,0.0570327889682394,-0.05126928121275254,0.712276752848173
griewank,qucb,gaussian,1.0,0,10,0.22836889931128185,0.11641365346120586,2.7538558156589708,0.6288950214840114,0.3205864166062498,-0.11195524585007599,0.490238584096662
griewank,qucb,gaussian,5.0,0,10,0.19706905657605556,0.22783717295680206,2.7538558156589708,0.5426997675383973,0.6274307237703881,0.030768116380746502,-0.15612860240629423
griewank,qucb,gaussian,0.05,20,10,0.001115161840917456,0.0015174042925135043,2.7538558156589708,0.0030709949210115,0.0041787126356442,0.00040224245159604824,-0.36070320633023
griewank,qucb,gaussian,0.25,20,10,0.002662992742367293,0.005123606351718234,2.7538558156589708,0.0073334980506258,0.0141096731488265,0.0024606136093509407,-0.9240031225783796
griewank,qucb,gaussian,1.0,20,10,0.010221006439954067,0.0025976841451247883,2.7538558156589708,0.0281471780265553,0.007153647590297,-0.007623322294829279,0.7458484973680868
griewank,qucb,gaussian,5.0,20,10,0.010221006439954067,0.002955710564020533,2.7538558156589708,0.0281471780265553,0.0081396007261326,-0.007265295875933535,0.7108200076592638
griewank,qucb,gaussian,0.05,0,11,-0.0005588811752818706,-0.003511726579815463,2.7538558156589708,-0.0015390781748123,-0.009670788664829,-0.0029528454045335923,
griewank,qucb,gaussian,0.25,0,11,0.007930645342714806,-0.0012913299680621265,2.7538558156589708,0.0218398537989639,-0.0035561365424826,-0.009221975310776932,1.162827854765736
griewank,qucb,gaussian,1.0,0,11,0.2251284056782109,0.4246227296632598,2.7538558156589708,0.6199711692469732,1.169349773544155,0.1994943239850489,-0.8861357294476544
griewank,qucb,gaussian,5.0,0,11,0.3225190905608865,0.3748696769633711,2.7538558156589708,0.8881710732021395,1.032337040019779,0.05235058640248458,-0.1623177912087086
griewank,qucb,gaussian,0.05,20,11,0.004336259039369761,0.004019347703313207,2.7538558156589708,0.0119414321737722,0.0110687040479246,-0.00031691133605655456,0.07308404160804349
griewank,qucb,gaussian,0.25,20,11,0.004728155772683213,0.010903452311550103,2.7538558156589708,0.0130206592719452,0.0300265355589225,0.00617529653886689,-1.3060687582554897
griewank,qucb,gaussian,1.0,20,11,0.004728155772683213,0.02763837931742262,2.7538558156589708,0.0130206592719452,0.0761121116186729,0.022910223544739407,-4.84548831430271
griewank,qucb,gaussian,5.0,20,11,0.004728155772683213,0.02763837931742262,2.7538558156589708,0.0130206592719452,0.0761121116186729,0.022910223544739407,-4.84548831430271
griewank,qucb,gaussian,0.05,0,7,-0.05055291852251259,0.026138966427942775,2.7538558156589708,-0.1392154486717554,0.0719829447129048,0.07669188495045537,
griewank,qucb,gaussian,0.25,0,7,0.05085816494110682,0.017228098492211685,2.7538558156589708,0.1400560532968102,0.0474436992255227,-0.033630066448895136,0.6612520622369755
griewank,qucb,gaussian,1.0,0,7,0.11127554985756509,0.33689254566397203,2.7538558156589708,0.3064368201159054,0.9277534961288848,0.22561699580640693,-2.0275522888469317
griewank,qucb,gaussian,5.0,0,7,0.5093379813965468,0.2462560929541805,2.7538558156589708,1.402643362204881,0.6781537737233261,-0.26308188844236635,0.51651731865946
griewank,qucb,gaussian,0.05,20,7,0.007849669489990564,0.0007744939782064918,2.7538558156589708,0.0216168579760113,0.0021328447460768,-0.007075175511784072,0.9013341925804543
griewank,qucb,gaussian,0.25,20,7,0.009884255299711783,0.007015471919346405,2.7538558156589708,0.0272198139405693,0.0193195981446843,-0.002868783380365378,0.29023768542775596
griewank,qucb,gaussian,1.0,20,7,0.0154592905991995,0.019732898578564723,2.7538558156589708,0.0425726573225676,0.0543415575103891,0.004273607979365223,-0.2764426965094062
griewank,qucb,gaussian,5.0,20,7,0.0154592905991995,0.020940568963031085,2.7538558156589708,0.0425726573225676,0.0576673076220509,0.0054812783638315855,-0.3545620886456078
griewank,qucb,gaussian,0.05,0,8,-0.014624077965813347,0.008501504385558602,2.7538558156589708,-0.0402726021548053,0.0234119172940208,0.02312558235137195,
griewank,qucb,gaussian,0.25,0,8,0.04041806424839377,-0.04021962885698184,2.7538558156589708,0.1113055212881171,-0.1107590588314448,-0.08063769310537561,1.9950904281265815
griewank,qucb,gaussian,1.0,0,8,0.29211769875712507,0.0857598056505747,2.7538558156589708,0.8044500235792241,0.2361701395406182,-0.20635789310655037,0.706420370913993
griewank,qucb,gaussian,5.0,0,8,0.3663695267801674,0.2683954093031987,2.7538558156589708,1.008928852003789,0.7391222588057836,-0.09797411747696866,0.26741884986454145
griewank,qucb,gaussian,0.05,20,8,0.0038945452767319296,0.005470640700786438,2.7538558156589708,0.0107250161596754,0.0150653557092414,0.0015760954240545085,-0.4046930545321774
griewank,qucb,gaussian,0.25,20,8,0.008072722467151865,0.003318965483034194,2.7538558156589708,0.022231113714367,0.0091399523974251,-0.004753756984117671,0.5888666436212618
griewank,qucb,gaussian,1.0,20,8,0.008072722467151865,0.01860281811640574,2.7538558156589708,0.022231113714367,0.05122947885751,0.010530095649253874,-1.304404516828261
griewank,qucb,gaussian,5.0,20,8,0.008072722467151865,0.019581812693866676,2.7538558156589708,0.022231113714367,0.0539254887681494,0.011509090226714811,-1.4256764398312494
griewank,qucb,gaussian,0.05,0,9,-0.07834177253177359,0.23436711767220492,2.7538558156589708,-0.2157419458956569,0.6454132500008318,0.3127088902039785,
griewank,qucb,gaussian,0.25,0,9,-0.1320205094730538,0.2099385208991928,2.7538558156589708,-0.3635654477986294,0.5781404167090844,0.3419590303722466,
griewank,qucb,gaussian,1.0,0,9,0.07501870314402004,0.0903462880467253,2.7538558156589708,0.2065906919363535,0.248800650760675,0.015327584902705263,-0.20431684713716725
griewank,qucb,gaussian,5.0,0,9,0.4161702665940492,0.29042709771566655,2.7538558156589708,1.1460729089643666,0.7997943520692445,-0.12574316887838266,0.30214356712090173
griewank,qucb,gaussian,0.05,20,9,-0.022178532761529597,0.008067177900859913,2.7538558156589708,-0.0610764814281213,0.0222158447782386,0.03024571066238951,
griewank,qucb,gaussian,0.25,20,9,-0.008524931187268648,0.005442525911419707,2.7538558156589708,-0.0234764313281523,0.0149879316330378,0.013967457098688355,
griewank,qucb,gaussian,1.0,20,9,-0.001324009724863615,0.020279878013558076,2.7538558156589708,-0.0036461318808047,0.0558478600084914,0.02160388773842169,
griewank,qucb,gaussian,5.0,20,9,0.3716861402366365,0.03994568754051456,2.7538558156589708,1.0235700388904971,0.1100046639439421,-0.33174045269612196,0.8925284447919342
griewank,ucb,gaussian,0.05,0,10,0.05791089786544333,0.011117101931187546,2.7538558156589708,0.1594782628767838,0.0306148958064744,-0.04679379593425578,0.8080309174791545
griewank,ucb,gaussian,0.25,0,10,0.037472276441384955,0.0238123782507438,2.7538558156589708,0.1031932464040886,0.065575856330482,-0.013659898190641156,0.364533449469191
griewank,ucb,gaussian,1.0,0,10,0.17120812600583624,0.1840810207542647,2.7538558156589708,0.471482493489246,0.5069325895565715,0.012872894748428454,-0.07518857339744289
griewank,ucb,gaussian,5.0,0,10,0.08756127974206449,0.22541171740272595,2.7538558156589708,0.2411311394442263,0.6207513688871733,0.13785043766066146,-1.5743310064304374
griewank,ucb,gaussian,0.05,20,10,0.0023052340344990856,0.002624590811349857,2.7538558156589708,0.0063482821523603,0.0072277446695609,0.00031935677685077145,-0.1385355118271825
griewank,ucb,gaussian,0.25,20,10,0.005649174063667585,0.002957314062323781,2.7538558156589708,0.0155570108489008,0.0081440165292604,-0.002691860001343804,0.47650505560739986
griewank,ucb,gaussian,1.0,20,10,0.005649174063667585,0.002957314062323781,2.7538558156589708,0.0155570108489008,0.0081440165292604,-0.002691860001343804,0.47650505560739986
griewank,ucb,gaussian,5.0,20,10,0.005649174063667585,0.002957314062323781,2.7538558156589708,0.0155570108489008,0.0081440165292604,-0.002691860001343804,0.47650505560739986
griewank,ucb,gaussian,0.05,0,11,-0.012891953449676006,-0.00584491807269825,2.7538558156589708,-0.035502580982595,-0.0160960616265503,0.0070470353769777555,
griewank,ucb,gaussian,0.25,0,11,0.04012117103928018,0.0344048163170073,2.7538558156589708,0.11048792019757,0.0947459035012692,-0.00571635472227288,0.14247726509967384
griewank,ucb,gaussian,1.0,0,11,0.2573606957889067,0.08857298812020171,2.7538558156589708,0.7087342488203199,0.2439172384451104,-0.168787707668705,0.6558410450022587
griewank,ucb,gaussian,5.0,0,11,0.15165249090881863,0.5383254543037269,2.7538558156589708,0.4176290940484194,1.482470683051576,0.3866729633949083,-2.5497303808046
griewank,ucb,gaussian,0.05,20,11,0.003423526850463664,0.003464737933490443,2.7538558156589708,0.009427899327214,0.0095413887078769,4.121108302677923e-05,-0.012037610577290359
griewank,ucb,gaussian,0.25,20,11,0.0023383475529398035,0.012216041074514458,2.7538558156589708,0.0064394720076952,0.0336412157573805,0.009877693521574655,-4.224219581540083
griewank,ucb,gaussian,1.0,20,11,0.031095870796428,0.012899438469679702,2.7538558156589708,0.0856335446357232,0.0355231936484625,-0.0181964323267483,0.5851719813821239
griewank,ucb,gaussian,5.0,20,11,0.031095870796428,0.012899438469679702,2.7538558156589708,0.0856335446357232,0.0355231936484625,-0.0181964323267483,0.5851719813821239
griewank,ucb,gaussian,0.05,0,7,0.010009824045636724,0.04622277249336598,2.7538558156589708,0.0275656121617997,0.1272908508467374,0.03621294844772926,-3.6177407597403732
griewank,ucb,gaussian,0.25,0,7,0.015650273339669174,0.0442443925989942,2.7538558156589708,0.0430985962531005,0.1218426778690389,0.028594119259325028,-1.8270683609625356
griewank,ucb,gaussian,1.0,0,7,0.18645622578080262,0.14639061810099802,2.7538558156589708,0.5134735617322854,0.4031386550153448,-0.040065607679804605,0.2148794308799622
griewank,ucb,gaussian,5.0,0,7,0.5842380657464361,0.552955368828288,2.7538558156589708,1.608907395085171,1.5227593582476322,-0.03128269691814811,0.05354443462731351
griewank,ucb,gaussian,0.05,20,7,0.0019966971696411184,0.0011325042644877953,2.7538558156589708,0.005498616112726,0.0031187534550183,-0.0008641929051533231,0.4328112035680659
griewank,ucb,gaussian,0.25,20,7,0.007354282319567715,0.0032955893720239683,2.7538558156589708,0.0202526331357395,0.0090755779581721,-0.0040586929475437475,0.5518815801706014
griewank,ucb,gaussian,1.0,20,7,0.028628192817195027,0.01704747548815794,2.7538558156589708,0.0788379152814389,0.0469462895153675,-0.011580717329037087,0.4045214241424743
griewank,ucb,gaussian,5.0,20,7,0.037022314035295045,0.018452582968318074,2.7538558156589708,0.10195411481525,0.0508157529212324,-0.01856973106697697,0.5015821282611781
griewank,ucb,gaussian,0.05,0,8,0.0003430996672882118,0.04164642447975673,2.7538558156589708,0.0009448470141123,0.1146882482549802,0.04130332481246852,-120.38287631964607
griewank,ucb,gaussian,0.25,0,8,0.09054655818161252,0.03794909892098906,2.7538558156589708,0.249352165836337,0.1045063467625833,-0.05259745926062345,0.5808885540975155
griewank,ucb,gaussian,1.0,0,8,-0.05352319568001035,0.13422372740885896,2.7538558156589708,-0.1473951636960496,0.3696327923243107,0.1877469230888693,
griewank,ucb,gaussian,5.0,0,8,0.3360509931792354,0.4096835098882965,2.7538558156589708,0.9254359819246106,1.1282093162854647,0.07363251670906107,-0.21911114147426014
griewank,ucb,gaussian,0.05,20,8,0.0033057871275064135,0.0019311054333176693,2.7538558156589708,0.0091036611064141,0.0053179859281925,-0.0013746816941887442,0.4158409604630773
griewank,ucb,gaussian,0.25,20,8,0.012717768319847588,0.00798236571407641,2.7538558156589708,0.0350229002498157,0.0219822842444261,-0.004735402605771178,0.3723454057879808
griewank,ucb,gaussian,1.0,20,8,0.07154507728831704,0.025195790656893056,2.7538558156589708,0.1970248271722024,0.0693855746306109,-0.04634928663142398,0.6478333435107295
griewank,ucb,gaussian,5.0,20,8,0.08983426299754799,0.026664911171670073,2.7538558156589708,0.247390607601235,0.0734313207041335,-0.0631693518258779,0.7031766023126622
griewank,ucb,gaussian,0.05,0,9,0.011153087030052859,-0.004171520601611159,2.7538558156589708,0.0307139935802617,-0.0114877662688881,-0.015324607631664017,1.374023854594757
griewank,ucb,gaussian,0.25,0,9,0.058268763280557336,0.018405541294297133,2.7538558156589708,0.1604637726314187,0.0506862069336515,-0.0398632219862602,0.6841267901006138
griewank,ucb,gaussian,1.0,0,9,0.13093363584690662,0.4604020119818683,2.7538558156589708,0.3605723545423777,1.2678807582373592,0.3294683761349617,-2.516300521282328
griewank,ucb,gaussian,5.0,0,9,0.44640496460242374,0.6938239877724625,2.7538558156589708,1.2293349079094216,1.9106912237708944,0.24741902317003872,-0.554247920137704
griewank,ucb,gaussian,0.05,20,9,0.005269560063765326,0.007231831094824598,2.7538558156589708,0.0145116086275644,0.0199154201183461,0.001962271031059272,-0.37237853014567324
griewank,ucb,gaussian,0.25,20,9,0.003733709885354762,0.011210329967153427,2.7538558156589708,0.0102820986817676,0.0308716323755015,0.007476620081798665,-2.0024641205052456
griewank,ucb,gaussian,1.0,20,9,0.02134508283751396,0.04768617893904914,2.7538558156589708,0.0587812805078103,0.1313208611978548,0.02634109610153518,-1.2340592117656595
griewank,ucb,gaussian,5.0,20,9,0.3602527846322147,0.25690272486921284,2.7538558156589708,0.9920842260667632,0.7074730629397183,-0.10335005976300188,0.2868820566328526
hartmann_3,ei,gaussian,0.05,0,10,0.005548055339617855,0.010559379492600423,3.0549009421557276,0.0169487594841307,0.0322578583605249,0.005011324152982568,-0.9032577806492721
hartmann_3,ei,gaussian,0.25,0,10,0.010543688986016967,-0.0068253998726506,3.0549009421557276,0.0322099254171802,-0.0208509205015499,-0.017369088858667565,1.6473445756700942
hartmann_3,ei,gaussian,1.0,0,10,0.1714993227761057,0.13535861323949253,3.0549009421557276,0.5239134427277945,0.4135071551142184,-0.036140709536613164,0.2107338323650133
hartmann_3,ei,gaussian,5.0,0,10,0.1874102030778846,0.3762871466501666,3.0549009421557276,0.572519605952226,1.1495199588226843,0.188876943572282,-1.007826364148316
hartmann_3,ei,gaussian,0.05,20,10,0.0016066091180168965,-2.816308091208597e-06,3.0549009421557276,0.0049080317083058,-8.603542241233941e-06,-0.0016094254261081052,1.001752951641831
hartmann_3,ei,gaussian,0.25,20,10,0.0016066091180168965,-1.169074233967692e-05,3.0549009421557276,0.0049080317083058,-3.571405978797888e-05,-0.0016182998603565734,1.0072766562871915
hartmann_3,ei,gaussian,1.0,20,10,0.0016066091180168965,-4.7330166108869995e-06,3.0549009421557276,0.0049080317083058,-1.4458896903837405e-05,-0.0016113421346277835,1.0029459664817097
hartmann_3,ei,gaussian,5.0,20,10,0.0016066091180168965,7.21125387848239e-05,3.0549009421557276,0.0049080317083058,0.000220296662675,-0.0015344965792320727,0.9551150693867371
hartmann_3,ei,gaussian,0.05,0,11,-0.038961565851817793,0.046069359829648944,3.0549009421557276,-0.1190237242285806,0.1407373307481058,0.08503092568146674,
hartmann_3,ei,gaussian,0.25,0,11,0.1928023053728882,-0.011551794465749938,3.0549009421557276,0.5889919443334325,-0.0352895877970088,-0.20435409983863814,1.0599152299730454
hartmann_3,ei,gaussian,1.0,0,11,0.14936000596601912,0.024136395743698878,3.0549009421557276,0.4562800229459769,0.0737342980976692,-0.12522361022232023,0.8384012133128185
hartmann_3,ei,gaussian,5.0,0,11,0.3255218480545801,0.04286056364924111,3.0549009421557276,0.9944370003142105,0.1309347762733922,-0.282661284405339,0.8683327589057719
hartmann_3,ei,gaussian,0.05,20,11,-0.00043413097197836863,0.0009602259812091041,3.0549009421557276,-0.0013262271153157,0.0029333952546781,0.0013943569531874728,
hartmann_3,ei,gaussian,0.25,20,11,0.004329769765786577,0.00359579611320413,3.0549009421557276,0.0132270177368188,0.0109848009340272,-0.000733973652582447,0.16951794027992806
hartmann_3,ei,gaussian,1.0,20,11,0.0014642982857486608,0.004620787995187608,3.0549009421557276,0.0044732862127306,0.0141160496000005,0.003156489709438947,-2.155633001936562
hartmann_3,ei,gaussian,5.0,20,11,0.009356982709310435,0.00545384080767755,3.0549009421557276,0.0285846552944073,0.0166609434217415,-0.0039031419016328853,0.4171368081880883
hartmann_3,ei,gaussian,0.05,0,7,0.032082106018687405,0.032129431589500546,3.0549009421557276,0.0980076559028281,0.0981522308336932,4.732557081314065e-05,-0.0014751391565619443
hartmann_3,ei,gaussian,0.25,0,7,-0.004062998122893236,-0.003833765277502827,3.0549009421557276,-0.0124120567936035,-0.0117117731582473,0.00022923284539040937,
hartmann_3,ei,gaussian,1.0,0,7,0.2258080693646073,0.1752507152466795,3.0549009421557276,0.6898212838483047,0.5353735751205464,-0.05055735411792778,0.22389524989159681
hartmann_3,ei,gaussian,5.0,0,7,0.26106908474131696,0.08453700264603607,3.0549009421557276,0.7975401929439826,0.2582521690303968,-0.17653208209528087,0.6761891484401517
hartmann_3,ei,gaussian,0.05,20,7,0.0011369831136093316,0.00015251282730104627,3.0549009421557276,0.0034733707849803,0.0004659115798128,-0.0009844702863082853,0.8658618360505838
hartmann_3,ei,gaussian,0.25,20,7,0.0015190010335551002,0.0017286587629160514,3.0549009421557276,0.004640397688543,0.005280881283498,0.00020965772936095122,-0.13802342771964016
hartmann_3,ei,gaussian,1.0,20,7,0.0015190010335551002,0.000599556830875118,3.0549009421557276,0.004640397688543,0.0018315867275163,-0.0009194442026799822,0.6052953107794119
hartmann_3,ei,gaussian,5.0,20,7,0.0015190010335551002,0.0024303972088713702,3.0549009421557276,0.004640397688543,0.0074246227231938,0.00091139617531627,-0.5999970738553222
hartmann_3,ei,gaussian,0.05,0,8,-0.04852161589253785,-0.0438478624361104,3.0549009421557276,-0.1482287301050322,-0.1339508762675884,0.004673753456427454,
hartmann_3,ei,gaussian,0.25,0,8,0.05423890409178037,0.04642939465095859,3.0549009421557276,0.165694479211474,0.1418372014629335,-0.007809509440821781,0.1439835404418739
hartmann_3,ei,gaussian,1.0,0,8,0.08680379191280829,0.3199320259601167,3.0549009421557276,0.2651769856971278,0.9773606475313512,0.23312823404730842,-2.6856918218673957
hartmann_3,ei,gaussian,5.0,0,8,0.5445360183865797,0.7120295733026333,3.0549009421557276,1.663503595606891,2.175179814324955,0.16749355491605356,-0.3075894876748919
hartmann_3,ei,gaussian,0.05,20,8,0.0007042421739740096,-0.0007236162385204152,3.0549009421557276,0.002151390080779,-0.0022105759288152,-0.0014278584124944246,2.02751051451105
hartmann_3,ei,gaussian,0.25,20,8,0.00017021996685946618,4.1699026887958035e-05,3.0549009421557276,0.0005200051371327,0.000127386396527,-0.00012852093997150815,0.7550285806224789
hartmann_3,ei,gaussian,1.0,20,8,0.0007291690119855115,-0.0001028056745066434,3.0549009421557276,0.0022275391017053,-0.0003140611519093,-0.000831974686492155,1.1409901858373077
hartmann_3,ei,gaussian,5.0,20,8,0.0007291690119855115,0.00239282566452522,3.0549009421557276,0.0022275391017053,0.0073098453769725,0.0016636566525397084,-2.281578927784667
hartmann_3,ei,gaussian,0.05,0,9,0.0035929687799102702,-0.0073303406828768005,3.0549009421557276,0.010976163710884,-0.0223934646584428,-0.010923309462787072,3.0401904753149194
hartmann_3,ei,gaussian,0.25,0,9,0.07787963127065146,0.06602064700784592,3.0549009421557276,0.2379145589434538,0.2016865367459992,-0.011858984262805544,0.15227324615331794
hartmann_3,ei,gaussian,1.0,0,9,0.24275980629769928,0.015071259715209577,3.0549009421557276,0.7416071609763835,0.0460412055034674,-0.2276885465824897,0.9379169890392501
hartmann_3,ei,gaussian,5.0,0,9,0.36156572320492536,0.35342640104728135,3.0549009421557276,1.1045474684699434,1.0796826455420478,-0.008139322157644013,0.02251132127652178
hartmann_3,ei,gaussian,0.05,20,9,0.0014737317257975102,0.0002729110990408344,3.0549009421557276,0.0045021044376236,0.0008337163735846,-0.0012008206267566759,0.8148162964374344
hartmann_3,ei,gaussian,0.25,20,9,0.002894537245463994,0.000573129714877625,3.0549009421557276,0.0088425245582728,0.0017508545059571,-0.0023214075305863693,0.8019960821800542
hartmann_3,ei,gaussian,1.0,20,9,0.002894537245463994,6.410852027270628e-05,3.0549009421557276,0.0088425245582728,0.0001958451789813,-0.002830428725191288,0.9778518931227538
hartmann_3,ei,gaussian,5.0,20,9,0.002894537245463994,0.0010954686285293324,3.0549009421557276,0.0088425245582728,0.0033465481453963,-0.0017990686169346618,0.6215392874125105
hartmann_3,logei,gaussian,0.05,0,10,-0.0008376985801710317,-0.003517442539572184,3.0549009421557276,-0.002559086181807,-0.0107454385281177,-0.0026797439594011523,
hartmann_3,logei,gaussian,0.25,0,10,0.021495651326518143,0.0060034654946718715,3.0549009421557276,0.0656670854896313,0.0183399923958725,-0.015492185831846271,0.7207125569967872
hartmann_3,logei,gaussian,1.0,0,10,0.020200588791782832,0.15453678332248957,3.0549009421557276,0.0617107977321178,0.4720945649695889,0.13433619453070675,-6.650112821728832
hartmann_3,logei,gaussian,5.0,0,10,0.3205338114920488,0.37628709782109354,3.0549009421557276,0.9791990427198262,1.149519809654703,0.05575328632904475,-0.17393886176787232
hartmann_3,logei,gaussian,0.05,20,10,0.0015989274131073946,-8.628056395079135e-05,3.0549009421557276,0.0048845648607404,-0.000263578576103,-0.001685207977058186,1.053961526485503
hartmann_3,logei,gaussian,0.25,20,10,0.0015041136893597735,-1.0802364802730913e-05,3.0549009421557276,0.0045949183267345,-3.300015441337254e-05,-0.0015149160541625044,1.0071818805181734
hartmann_3,logei,gaussian,1.0,20,10,0.0015989274131073946,-1.5838512689674247e-05,3.0549009421557276,0.0048845648607404,-4.83850873380313e-05,-0.0016147659257970688,1.009905710890836
hartmann_3,logei,gaussian,5.0,20,10,0.0015989274131073946,0.006889021138069389,3.0549009421557276,0.0048845648607404,0.0210452771652189,0.005290093724961994,-3.308526504452817
hartmann_3,logei,gaussian,0.05,0,11,0.01860316037666323,0.019287165607386053,3.0549009421557276,0.0568308121617426,0.0589203803855172,0.0006840052307228242,-0.03676822738037977
hartmann_3,logei,gaussian,0.25,0,11,0.1683532908088012,-0.06617693546234309,3.0549009421557276,0.514302626706824,-0.2021639824928907,-0.23453022627114428,1.3930837059639078
hartmann_3,logei,gaussian,1.0,0,11,-0.04650046673623714,0.05781862214657854,3.0549009421557276,-0.1420543196432119,0.1766301632697288,0.10431908888281569,
hartmann_3,logei,gaussian,5.0,0,11,0.1173111738322703,-0.015688047367914047,3.0549009421557276,0.3583740154655969,-0.0479254306848243,-0.13299922120018434,1.1337302053625733
hartmann_3,logei,gaussian,0.05,20,11,-6.357142041920264e-05,0.0018722874006989105,3.0549009421557276,-0.0001942043921328,0.0057196525443814,0.0019358588211181131,
hartmann_3,logei,gaussian,0.25,20,11,0.00474542848322049,0.002033636226581846,3.0549009421557276,0.0144968139443229,0.0062125572245869,-0.002711792256638644,0.5714536139839334
hartmann_3,logei,gaussian,1.0,20,11,0.004633670881168595,0.004337863127513932,3.0549009421557276,0.0141554055405215,0.0132517421551849,-0.00029580775365466334,0.06383874928554734
hartmann_3,logei,gaussian,5.0,20,11,0.004726863828312373,0.006023958327658863,3.0549009421557276,0.0144401007625533,0.0184025959706719,0.0012970944993464899,-0.27440911066177054
hartmann_3,logei,gaussian,0.05,0,7,0.04035309658854903,0.040214321876153,3.0549009421557276,0.1232747127872595,0.1228507697876135,-0.00013877471239602535,0.003439010240304685
hartmann_3,logei,gaussian,0.25,0,7,0.003857277053812246,-0.003938071917586038,3.0549009421557276,0.0117835993058467,-0.0120304196113106,-0.0077953489713982835,2.0209460877833343
hartmann_3,logei,gaussian,1.0,0,7,0.2577441727820425,0.014394821158351728,3.0549009421557276,0.7873829162670103,0.0439747527188119,-0.24334935162369076,0.9441507406240198
hartmann_3,logei,gaussian,5.0,0,7,0.2808647525689502,0.34405150273789536,3.0549009421557276,0.8580139972412213,1.0510432598640904,0.06318675016894515,-0.22497216041173873
hartmann_3,logei,gaussian,0.05,20,7,0.0010581737302562634,0.0003084332913721588,3.0549009421557276,0.0032326159255243,0.000942233152405,-0.0007497404388841046,0.7085230122869673
hartmann_3,logei,gaussian,0.25,20,7,0.0013484453670880466,0.0019276249382011272,3.0549009421557276,0.0041193670223628,0.0058887032398335,0.0005791795711130806,-0.42951652714252164
hartmann_3,logei,gaussian,1.0,20,7,0.0013484453670880466,0.00248493418313363,3.0549009421557276,0.0041193670223628,0.0075912277772499,0.0011364888160455835,-0.84281413528812
hartmann_3,logei,gaussian,5.0,20,7,0.0013484453670880466,0.00248493418313363,3.0549009421557276,0.0041193670223628,0.0075912277772499,0.0011364888160455835,-0.84281413528812
hartmann_3,logei,gaussian,0.05,0,8,-0.03028895083711257,0.014662985311707783,3.0549009421557276,-0.0925297444492037,0.0447939676435517,0.04495193614882035,
hartmann_3,logei,gaussian,0.25,0,8,-0.034023492935756176,-0.004014224869416101,3.0549009421557276,-0.1039384006248703,-0.0122630593356042,0.030009268066340074,
hartmann_3,logei,gaussian,1.0,0,8,0.19617165705456402,0.6844735510900819,3.0549009421557276,0.5992849799602379,2.0909988961057677,0.4883018940355179,-2.489156187836551
hartmann_3,logei,gaussian,5.0,0,8,0.6021239162680257,0.42517787854032507,3.0549009421557276,1.8394289191016884,1.2988763017366125,-0.17694603772770068,0.2938698047810744
hartmann_3,logei,gaussian,0.05,20,8,0.0007619319338368733,-0.00013818451850740267,3.0549009421557276,0.0023276265825368,-0.0004221400157796,-0.0009001164523442759,1.1813607126446908
hartmann_3,logei,gaussian,0.25,20,8,0.0007382906768854333,-0.000826754309742051,3.0549009421557276,0.0022554048844021,-0.0025256525197623,-0.0015650449866274844,2.1198222267004807
hartmann_3,logei,gaussian,1.0,20,8,0.0007619319338368733,0.00039357524884075585,3.0549009421557276,0.0023276265825368,0.0012023333984928,-0.0003683566849961174,0.4834509076698985
hartmann_3,logei,gaussian,5.0,20,8,0.0007619319338368733,0.0027985706238136294,3.0549009421557276,0.0023276265825368,0.0085493560353776,0.002036638689976756,-2.6729929532167276
hartmann_3,logei,gaussian,0.05,0,9,0.0021824727044983277,-0.0036192500651761176,3.0549009421557276,0.0066672379212011,-0.0110564504340037,-0.005801722769674445,2.6583254662092344
hartmann_3,logei,gaussian,0.25,0,9,0.014767823330108667,0.0008724025582382837,3.0549009421557276,0.0451142374047383,0.0026651033971012,-0.013895420771870384,0.9409254472553428
hartmann_3,logei,gaussian,1.0,0,9,0.2991270313009269,0.12849124659932026,3.0549009421557276,0.9138034497454474,0.3925280302950274,-0.17063578470160662,0.5704458870182954
hartmann_3,logei,gaussian,5.0,0,9,0.2977827617388137,0.35356207965380637,3.0549009421557276,0.9096968393936364,1.0800971302449516,0.05577931791499269,-0.18731546980518954
hartmann_3,logei,gaussian,0.05,20,9,0.0006864702593439436,0.0003612204892605804,3.0549009421557276,0.0020970986420317,0.0011034928129681,-0.0003252497700833632,0.4738002348334841
hartmann_3,logei,gaussian,0.25,20,9,0.002403301778826693,0.00022193481326820665,3.0549009421557276,0.0073418488684222,0.0006779888701502,-0.002181366965558486,0.9076542050509543
hartmann_3,logei,gaussian,1.0,20,9,0.002403301778826693,0.00014746627988814683,3.0549009421557276,0.0073418488684222,0.0004504948773665,-0.002255835498938546,0.9386401320103293
hartmann_3,logei,gaussian,5.0,20,9,0.002403301778826693,0.0013246059653279657,3.0549009421557276,0.0073418488684222,0.0040465400114655,-0.001078695813498727,0.44883910252226134
hartmann_3,pi,gaussian,0.05,0,10,0.010693095317458544,0.010311739402961753,3.0549009421557276,0.0326663469598651,0.0315013424173722,-0.0003813559144967907,0.035663753401146026
hartmann_3,pi,gaussian,0.25,0,10,0.0705485031677702,0.17739306354225637,3.0549009421557276,0.2155186887948975,0.5419182369471298,0.10684456037448617,-1.5144837321410058
hartmann_3,pi,gaussian,1.0,0,10,0.27168549892598093,0.1875584443310473,3.0549009421557276,0.829972286639028,0.572972468296179,-0.08412705459493364,0.30964867439558685
hartmann_3,pi,gaussian,5.0,0,10,0.37393589898717483,0.36103089022893187,3.0549009421557276,1.1423371301217693,1.102913606707685,-0.012905008758242964,0.034511286007031905
hartmann_3,pi,gaussian,0.05,20,10,-0.00013219427438580878,0.0005538330881815718,3.0549009421557276,-0.0004038404133688,0.0016919052228829,0.0006860273625673806,
hartmann_3,pi,gaussian,0.25,20,10,0.00020310970624836392,0.0014536521877685246,3.0549009421557276,0.0006204800329791,0.0044407634379808,0.0012505424815201607,-6.156980405411984
hartmann_3,pi,gaussian,1.0,20,10,0.00020310970624836392,0.0017546763573122591,3.0549009421557276,0.0006204800329791,0.0053603624571316,0.0015515666510638952,-7.639057136770358
hartmann_3,pi,gaussian,5.0,20,10,0.00020310970624836392,0.0019442664552731753,3.0549009421557276,0.0006204800329791,0.0059395414260158,0.0017411567490248114,-8.572494053512703
hartmann_3,pi,gaussian,0.05,0,11,0.08497671219408831,-0.03485080726887329,3.0549009421557276,0.2595954381430165,-0.1064657639605687,-0.11982751946296161,1.4101218600841303
hartmann_3,pi,gaussian,0.25,0,11,0.1838532948726249,0.28437463202195545,3.0549009421557276,0.5616536037248165,0.86873633128906,0.10052133714933056,-0.5467475424847437
hartmann_3,pi,gaussian,1.0,0,11,0.4322909036030457,0.17322187532677602,3.0549009421557276,1.3206058887022951,0.52917567013775,-0.25906902827626965,0.5992932678365162
hartmann_3,pi,gaussian,5.0,0,11,0.6756156466919259,0.5841482059635581,3.0549009421557276,2.0639388756143155,1.7845149047566515,-0.09146744072836777,0.13538384017040983
hartmann_3,pi,gaussian,0.05,20,11,0.0011696727480936925,0.0027133819344052406,3.0549009421557276,0.0035732343801653,0.0082891130278429,0.001543709186311548,-1.3197787063325634
hartmann_3,pi,gaussian,0.25,20,11,0.0011696727480936925,0.017257698579254327,3.0549009421557276,0.0035732343801653,0.0527205596492036,0.016088025831160636,-13.754296539250447
hartmann_3,pi,gaussian,1.0,20,11,-0.00028195496223821316,0.018302324085301133,3.0549009421557276,-0.000861344479787,0.0559117870918259,0.018584279047539346,
hartmann_3,pi,gaussian,5.0,20,11,0.0011696727480936925,0.013505809498040927,3.0549009421557276,0.0035732343801653,0.041258910160141,0.012336136749947234,-10.54665654992168
hartmann_3,pi,gaussian,0.05,0,7,0.014318267432598623,-0.0020686655705862986,3.0549009421557276,0.0437408886698832,-0.0063195684005892,-0.01638693300318492,1.1444773664358674
hartmann_3,pi,gaussian,0.25,0,7,0.04496215523239753,0.02376799670000045,3.0549009421557276,0.1373549303808033,0.0726088755119856,-0.02119415853239708,0.4713777269539251
hartmann_3,pi,gaussian,1.0,0,7,0.05888798624028704,0.013305381964471823,3.0549009421557276,0.1798969646471064,0.0406466238990068,-0.04558260427581522,0.7740560882795273
hartmann_3,pi,gaussian,5.0,0,7,0.0896395712626903,0.32985088979948346,3.0549009421557276,0.2738400107048281,1.007661794019347,0.24021131853679317,-2.6797464016516743
hartmann_3,pi,gaussian,0.05,20,7,5.082500949207051e-05,0.0,3.0549009421557276,0.0001552653693824,0.0,-5.082500949207051e-05,1.0
hartmann_3,pi,gaussian,0.25,20,7,5.082500949207051e-05,-0.0008429018014211725,3.0549009421557276,0.0001552653693824,-0.0025749815073063,-0.0008937268109132431,17.584390437795754
hartmann_3,pi,gaussian,1.0,20,7,5.082500949207051e-05,0.0,3.0549009421557276,0.0001552653693824,0.0,-5.082500949207051e-05,1.0
hartmann_3,pi,gaussian,5.0,20,7,5.082500949207051e-05,0.0,3.0549009421557276,0.0001552653693824,0.0,-5.082500949207051e-05,1.0
hartmann_3,pi,gaussian,0.05,0,8,-0.04531228588371404,0.01580121047314588,3.0549009421557276,-0.1384245448373877,0.0482711327616143,0.06111349635685992,
hartmann_3,pi,gaussian,0.25,0,8,0.4628485521929716,0.26873034078600533,3.0549009421557276,1.4139564781697234,0.8209445712529975,-0.19411821140696628,0.41939898156154154
hartmann_3,pi,gaussian,1.0,0,8,0.31995082009079534,0.5667231528850684,3.0549009421557276,0.9774180617388684,1.7312830936900598,0.24677233279427302,-0.7712820761773456
hartmann_3,pi,gaussian,5.0,0,8,0.602469171703003,0.6689891295687518,3.0549009421557276,1.8404836402552844,2.04369552221152,0.06651995786574882,-0.11041221856666383
hartmann_3,pi,gaussian,0.05,20,8,0.01032792425606822,0.0026746527670686035,3.0549009421557276,0.0315507855403758,0.0081707992580573,-0.007653271488999616,0.7410270737126001
hartmann_3,pi,gaussian,0.25,20,8,0.09093048060822258,0.010713242683064764,3.0549009421557276,0.2777836108807323,0.0327278951660375,-0.08021723792515781,0.8821820514814699
hartmann_3,pi,gaussian,1.0,20,8,0.26808124328063715,0.006719298869114794,3.0549009421557276,0.8189616426722972,0.0205267924458847,-0.26136194441152233,0.9749355874850193
hartmann_3,pi,gaussian,5.0,20,8,0.326446627143997,0.007404234365580144,3.0549009421557276,0.997262108825756,0.0226192025393526,-0.3190423927784169,0.97731869852552
hartmann_3,pi,gaussian,0.05,0,9,0.001223923717442489,0.007935752202575242,3.0549009421557276,0.0037389657175418,0.0242429368803615,0.006711828485132753,-5.483861771351069
hartmann_3,pi,gaussian,0.25,0,9,0.15306855461697735,0.10681447638277798,3.0549009421557276,0.4676092717138196,0.3263076445376192,-0.04625407823419937,0.30217883973583415
hartmann_3,pi,gaussian,1.0,0,9,0.34487926477505587,0.16567585809530488,3.0549009421557276,1.0535719908912928,0.5061233349878055,-0.179203406679751,0.5196120062382836
hartmann_3,pi,gaussian,5.0,0,9,0.35212677027362593,0.3569224186485928,3.0549009421557276,1.0757124022671534,1.0903626330060872,0.004795648374966877,-0.013619096245480966
hartmann_3,pi,gaussian,0.05,20,9,0.0022759400558525454,0.00040540796649191866,3.0549009421557276,0.0069527714209139,0.0012384811787936,-0.0018705320893606268,0.8218723004371674
hartmann_3,pi,gaussian,0.25,20,9,0.002358069665240747,0.00040540796649191866,3.0549009421557276,0.0072036692420128,0.0012384811787936,-0.0019526616987488284,0.8280763403779554
hartmann_3,pi,gaussian,1.0,20,9,0.002358069665240747,0.00040540796649191866,3.0549009421557276,0.0072036692420128,0.0012384811787936,-0.0019526616987488284,0.8280763403779554
hartmann_3,pi,gaussian,5.0,20,9,0.002358069665240747,0.00040540796649191866,3.0549009421557276,0.0072036692420128,0.0012384811787936,-0.0019526616987488284,0.8280763403779554
hartmann_3,qnei,gaussian,0.05,0,10,-0.0018870981040116574,-0.001644651973369218,3.0549009421557276,-0.0057648977758855,-0.0050242488629639,0.00024244613064243947,
hartmann_3,qnei,gaussian,0.25,0,10,-0.00280388858837062,0.01476596239176371,3.0549009421557276,-0.0085656018903131,0.045108552422435,0.01756985098013433,
hartmann_3,qnei,gaussian,1.0,0,10,-0.006045148603409348,0.15664169424538826,3.0549009421557276,-0.0184673301640266,0.478524859331106,0.1626868428487976,
hartmann_3,qnei,gaussian,5.0,0,10,0.35774127382697984,0.36686956308443786,3.0549009421557276,1.0928641544620308,1.1207501739149093,0.009128289257458011,-0.02551645539751979
hartmann_3,qnei,gaussian,0.05,20,10,0.0005000194096810204,1.1525092359602438e-05,3.0549009421557276,0.0015275097657307,3.520801550778126e-05,-0.000488494317321418,0.9769507100395269
hartmann_3,qnei,gaussian,0.25,20,10,-0.0003225036062013422,7.235477218391337e-05,3.0549009421557276,-0.0009852165704331,0.0002210366617141,0.0003948583783852556,
hartmann_3,qnei,gaussian,1.0,20,10,0.0006419829234291832,0.0003178687965720621,3.0549009421557276,0.0019611942376317,0.0009710576861299,-0.0003241141268571211,0.5048640937765908
hartmann_3,qnei,gaussian,5.0,20,10,0.0006419829234291832,0.0002807098546033594,3.0549009421557276,0.0019611942376317,0.0008575407993002,-0.0003612730688258238,0.5627456052819381
hartmann_3,qnei,gaussian,0.05,0,11,0.03338712365727082,0.13239385997615088,3.0549009421557276,0.1019943555164664,0.4044501275767768,0.09900673631888007,-2.965416767710059
hartmann_3,qnei,gaussian,0.25,0,11,-0.05884285200881526,0.024389783795645846,3.0549009421557276,-0.1797590840408598,0.074508373496293,0.08323263580446111,
hartmann_3,qnei,gaussian,1.0,0,11,-0.07238147361376515,0.25597631250545966,3.0549009421557276,-0.2211182319373111,0.7819822782424777,0.32835778611922484,
hartmann_3,qnei,gaussian,5.0,0,11,0.5724384164674688,0.5388281225338871,3.0549009421557276,1.7487426577926033,1.6460665391887737,-0.033610293933581725,0.05871425286407517
hartmann_3,qnei,gaussian,0.05,20,11,0.00022694824458404907,-0.0008358658634094043,3.0549009421557276,0.0006933044062004,-0.0025534874136452,-0.0010628141079934534,4.683068203243343
hartmann_3,qnei,gaussian,0.25,20,11,0.002105961100661556,-0.0007874059157905682,3.0549009421557276,0.0064335025505543,-0.0024054470740076,-0.002893367016452124,1.3738938556572657
hartmann_3,qnei,gaussian,1.0,20,11,0.0030718694952799963,-0.0007858256903198877,3.0549009421557276,0.0093842570153103,-0.0024006196417284,-0.003857695185599884,1.2558135010381555
hartmann_3,qnei,gaussian,5.0,20,11,0.0030718694952799963,0.001507018707852824,3.0549009421557276,0.0093842570153103,0.0046037928704659,-0.0015648507874271723,0.5094131732586962
hartmann_3,qnei,gaussian,0.05,0,7,0.007306597361645601,0.0042219481963060084,3.0549009421557276,0.0223209311640437,0.0128976335226279,-0.0030846491653395928,0.42217314197875333
hartmann_3,qnei,gaussian,0.25,0,7,0.07166965812554349,0.037112910375990814,3.0549009421557276,0.2189437061317017,0.1133762648737554,-0.034556747749552676,0.4821670516276182
hartmann_3,qnei,gaussian,1.0,0,7,0.1961208476679672,0.291181296677873,3.0549009421557276,0.5991297623172529,0.8895300175593608,0.09506044900990582,-0.4847034373971464
hartmann_3,qnei,gaussian,5.0,0,7,0.4132287609224898,0.36176790176079965,3.0549009421557276,1.262372931067958,1.1051651039307675,-0.05146085916169013,0.12453358533614445
hartmann_3,qnei,gaussian,0.05,20,7,0.00030232169360368093,0.00034492557282359357,3.0549009421557276,0.000923562826624,0.0010537134573924,4.260387921991264e-05,-0.14092233578104674
hartmann_3,qnei,gaussian,0.25,20,7,0.0026182408897607286,0.0007797744605062443,3.0549009421557276,0.0079984665609207,0.0023821337340695,-0.0018384664292544844,0.7021761964089159
hartmann_3,qnei,gaussian,1.0,20,7,0.00299359833188081,0.0007666675375573957,3.0549009421557276,0.0091451463644985,0.0023420933828043,-0.002226930794323414,0.7438976600859756
hartmann_3,qnei,gaussian,5.0,20,7,0.00299359833188081,0.002202459434023251,3.0549009421557276,0.0091451463644985,0.0067282954000574,-0.000791138897857559,0.26427690362871903
hartmann_3,qnei,gaussian,0.05,0,8,-0.008882347058301923,0.026661707909051844,3.0549009421557276,-0.0271346903969607,0.0814488766108433,0.035544054967353765,
hartmann_3,qnei,gaussian,0.25,0,8,0.035676908468773694,-0.003643418549810974,3.0549009421557276,0.1089894212944604,-0.0111302827604852,-0.03932032701858467,1.1021225971134772
hartmann_3,qnei,gaussian,1.0,0,8,0.08750073173279921,0.03146015404048194,3.0549009421557276,0.2673060678098439,0.0961076542186326,-0.05604057769231727,0.6404583891189419
hartmann_3,qnei,gaussian,5.0,0,8,0.5174538963635087,0.35751789039596843,3.0549009421557276,1.580770395523035,1.0921817402081722,-0.15993600596754026,0.3090826199039499
hartmann_3,qnei,gaussian,0.05,20,8,0.001086911518292346,6.377912383642698e-07,3.0549009421557276,0.0033204070212712,1.948389054977676e-06,-0.0010862737270539817,0.9994132077656456
hartmann_3,qnei,gaussian,0.25,20,8,0.0006204713935307286,1.546925326427142e-06,3.0549009421557276,0.0018954786446777,4.725703637146832e-06,-0.0006189244682043014,0.9975068547195632
hartmann_3,qnei,gaussian,1.0,20,8,0.0011112607865710448,1.0075440620609156e-05,3.0549009421557276,0.0033947916238766,3.0779473044533e-05,-0.0011011853459504356,0.990933324794355
hartmann_3,qnei,gaussian,5.0,20,8,0.0011112607865710448,8.06249887399412e-07,3.0549009421557276,0.0033947916238766,2.4630135406294128e-06,-0.0011104545366836453,0.9992744728355913
hartmann_3,qnei,gaussian,0.05,0,9,0.006589292375310632,0.00672195759049257,3.0549009421557276,0.020129635485476,0.0205349145763266,0.0001326652151819388,-0.02013345403810285
hartmann_3,qnei,gaussian,0.25,0,9,0.012654221058162444,0.022004773534991254,3.0549009421557276,0.0386573918328273,0.0672224034039682,0.00935055247682881,-0.7389275431376596
hartmann_3,qnei,gaussian,1.0,0,9,0.05385113974317142,0.081062577435611,3.0549009421557276,0.1645098975375741,0.2476381441816197,0.027211437692439583,-0.5053084822757186
hartmann_3,qnei,gaussian,5.0,0,9,0.24163766613537735,0.23025044254283608,3.0549009421557276,0.7381791339372754,0.7033922938558832,-0.011387223592541268,0.04712520102789597
hartmann_3,qnei,gaussian,0.05,20,9,0.001254922412993113,4.2143058310280615e-05,3.0549009421557276,0.003833663661785,0.0001287428685374,-0.0012127793546828324,0.966417797726821
hartmann_3,qnei,gaussian,0.25,20,9,0.0022033435189636598,4.124383955385785e-05,3.0549009421557276,0.0067309961919748,0.0001259958443112,-0.002162099679409802,0.9812812486119927
hartmann_3,qnei,gaussian,1.0,20,9,0.0023992023671428027,4.7291717737614085e-05,3.0549009421557276,0.0073293255718068,0.0001444715130728,-0.0023519106494051885,0.9802885665730926
hartmann_3,qnei,gaussian,5.0,20,9,0.0023992023671428027,2.2161200212148706e-05,3.0549009421557276,0.0073293255718068,6.770027140739479e-05,-0.002377041166930654,0.9907630967209572
hartmann_3,qucb,gaussian,0.05,0,10,0.0005505428098039015,0.0026773247862831575,3.0549009421557276,0.001681853748367,0.0081789620120733,0.0021267819764792563,-3.8630637592684156
hartmann_3,qucb,gaussian,0.25,0,10,0.02071713238131807,9.278184725953426e-05,3.0549009421557276,0.0632887872304535,0.0002834393526081,-0.020624350534058537,0.9955214917995503
hartmann_3,qucb,gaussian,1.0,0,10,0.022338304936453092,0.04700768742524985,3.0549009421557276,0.0682413087965325,0.1436038286039577,0.024669382488796757,-1.1043533768105949
hartmann_3,qucb,gaussian,5.0,0,10,0.19345605889254586,0.3766553763598503,3.0549009421557276,0.5909890965765723,1.1506448641097269,0.18319931746730445,-0.9469815446259118
hartmann_3,qucb,gaussian,0.05,20,10,0.00021363578420469483,3.691287402734614e-06,3.0549009421557276,0.0006526361584451,1.127651736438154e-05,-0.00020994449680196021,0.9827215865709191
hartmann_3,qucb,gaussian,0.25,20,10,0.00021363578420469483,3.6357034178429746e-06,3.0549009421557276,0.0006526361584451,1.1106713796567302e-05,-0.00021000008078685185,0.9829817676314029
hartmann_3,qucb,gaussian,1.0,20,10,0.00021363578420469483,4.764093056949946e-06,3.0549009421557276,0.0006526361584451,1.455383236819395e-05,-0.0002088716911477449,0.9776999294631968
hartmann_3,qucb,gaussian,5.0,20,10,0.00021363578420469483,5.509552116213903e-06,3.0549009421557276,0.0006526361584451,1.6831135950677936e-05,-0.00020812623208848094,0.9742105371685535
hartmann_3,qucb,gaussian,0.05,0,11,-0.013931353198791184,0.15863439470788276,3.0549009421557276,-0.0425589040124914,0.4846123618514146,0.17256574790667395,
hartmann_3,qucb,gaussian,0.25,0,11,-0.023023652397040826,-0.03187671830900035,3.0549009421557276,-0.070334977399586,-0.0973802167949979,-0.008853065911959525,
hartmann_3,qucb,gaussian,1.0,0,11,-0.02104469407934804,0.3200495688984982,3.0549009421557276,-0.0642894557703794,0.9777197295645568,0.3410942629778463,
hartmann_3,qucb,gaussian,5.0,0,11,-0.019657731749870583,0.43822898999678445,3.0549009421557276,-0.0600524232433242,1.3387461544211297,0.457886721746655,
hartmann_3,qucb,gaussian,0.05,20,11,0.0024303227223510518,0.00042706594353323355,3.0549009421557276,0.0074243951742527,0.0013046441532623,-0.002003256778817818,0.8242760356039887
hartmann_3,qucb,gaussian,0.25,20,11,0.00479641003288609,0.0006056105516631151,3.0549009421557276,0.0146525575284289,0.0018500802448551,-0.004190799481222975,0.8737367015099191
hartmann_3,qucb,gaussian,1.0,20,11,0.003508610847449538,0.0006478059183199921,3.0549009421557276,0.0107184585835314,0.0019789829102098,-0.002860804929129546,0.8153668370515095
hartmann_3,qucb,gaussian,5.0,20,11,0.008182272291882483,0.0006485623393930006,3.0549009421557276,0.0249960313334465,0.0019812937016584,-0.007533709952489482,0.9207356689856887
hartmann_3,qucb,gaussian,0.05,0,7,-0.04318320446903688,-0.028314439990121114,3.0549009421557276,-0.1319204120177642,-0.0864978094024328,0.014868764478915768,
hartmann_3,qucb,gaussian,0.25,0,7,-0.062015077908901484,-0.041050676425812296,3.0549009421557276,-0.189449919931764,-0.1254057500893439,0.020964401483089187,
hartmann_3,qucb,gaussian,1.0,0,7,0.03891919780745758,-0.0405234978155798,3.0549009421557276,0.1188942940499473,-0.1237952716562603,-0.07944269562303738,2.0412213020437644
hartmann_3,qucb,gaussian,5.0,0,7,0.4078523871574586,0.14912924159642832,3.0549009421557276,1.2459486417877828,0.455575060655898,-0.25872314556103027,0.6343548639354798
hartmann_3,qucb,gaussian,0.05,20,7,0.001961565948025371,5.268913679630364e-05,3.0549009421557276,0.0059923896627233,0.0001609600936404,-0.0019088768112290673,0.9731392478293459
hartmann_3,qucb,gaussian,0.25,20,7,0.0020370449077411284,6.016497349429626e-05,3.0549009421557276,0.0062229704078719,0.0001837980342125,-0.001976879934246832,0.9704645816763005
hartmann_3,qucb,gaussian,1.0,20,7,0.0020370449077411284,6.513616079226588e-05,3.0549009421557276,0.0062229704078719,0.0001989845189727,-0.0019719087469488627,0.9680241900683009
hartmann_3,qucb,gaussian,5.0,20,7,0.0020370449077411284,6.35400857908096e-05,3.0549009421557276,0.0062229704078719,0.000194108667947,-0.0019735048219503186,0.9688077147689056
hartmann_3,qucb,gaussian,0.05,0,8,-0.013157379354042254,-0.0899234864423174,3.0549009421557276,-0.040194490584964,-0.2747073434545632,-0.07676610708827515,
hartmann_3,qucb,gaussian,0.25,0,8,0.038169407850757196,-0.08127116375667255,3.0549009421557276,0.1166037600048044,-0.2482753547303514,-0.11944057160742974,3.129222545826325
hartmann_3,qucb,gaussian,1.0,0,8,0.15031485225824648,0.13667791249638683,3.0549009421557276,0.4591969837837162,0.4175374836570902,-0.013636939761859646,0.09072250384433656
hartmann_3,qucb,gaussian,5.0,0,8,0.08834823972376217,0.5683301230383409,3.0549009421557276,0.2698951207699211,1.736192228325308,0.4799818833145787,-5.432840369149796
hartmann_3,qucb,gaussian,0.05,20,8,-2.414270910135068e-07,0.0005487595826870326,3.0549009421557276,-7.375358477990784e-07,0.0016764061661676,0.0005490010097780461,
hartmann_3,qucb,gaussian,0.25,20,8,0.000575964046825256,0.0005487595826870326,3.0549009421557276,0.0017595131092943,0.0016764061661676,-2.720446413822337e-05,0.047232920679989965
hartmann_3,qucb,gaussian,1.0,20,8,0.000575964046825256,0.0005487595826870326,3.0549009421557276,0.0017595131092943,0.0016764061661676,-2.720446413822337e-05,0.047232920679989965
hartmann_3,qucb,gaussian,5.0,20,8,0.000575964046825256,0.00046728551689448875,3.0549009421557276,0.0017595131092943,0.0014275109658167,-0.00010867852993076726,0.18868978112402846
hartmann_3,qucb,gaussian,0.05,0,9,0.0006122361128110052,0.028923636098657952,3.0549009421557276,0.0018703206778481,0.0883588431683596,0.028311399985846947,-46.24261684901061
hartmann_3,qucb,gaussian,0.25,0,9,0.0286009740805111,0.01259577406623687,3.0549009421557276,0.0873731426651249,0.0384788420621277,-0.01600520001427423,0.559603318726836
hartmann_3,qucb,gaussian,1.0,0,9,0.05579645262086869,0.01420002062277012,3.0549009421557276,0.1704526356804392,0.0433796563791312,-0.04159643199809857,0.7455031645244934
hartmann_3,qucb,gaussian,5.0,0,9,0.16983886460803282,0.33807273124122056,3.0549009421557276,0.5188409075057385,1.0327787051859647,0.16823386663318773,-0.9905498780944559
hartmann_3,qucb,gaussian,0.05,20,9,0.0,1.3876781680743677e-05,3.0549009421557276,0.0,4.23921934305932e-05,1.3876781680743677e-05,
hartmann_3,qucb,gaussian,0.25,20,9,0.0,1.9754408939568007e-05,3.0549009421557276,0.0,6.034776248121584e-05,1.9754408939568007e-05,
hartmann_3,qucb,gaussian,1.0,20,9,0.0,2.3601878709517025e-05,3.0549009421557276,0.0,7.210140150634876e-05,2.3601878709517025e-05,
hartmann_3,qucb,gaussian,5.0,20,9,0.0,2.3601878709517025e-05,3.0549009421557276,0.0,7.210140150634876e-05,2.3601878709517025e-05,
hartmann_3,ucb,gaussian,0.05,0,10,-0.012398445644767529,-0.00030960815939389154,3.0549009421557276,-0.0378760232814669,-0.0009458222578315,0.012088837485373637,
hartmann_3,ucb,gaussian,0.25,0,10,-0.02055642440142296,0.01610611466779977,3.0549009421557276,-0.06279784027126,0.0492025848731297,0.03666253906922273,
hartmann_3,ucb,gaussian,1.0,0,10,0.04359789627946417,0.2186983219065667,3.0549009421557276,0.1331872544201428,0.6681017096402473,0.17510042562710254,-4.016258594329923
hartmann_3,ucb,gaussian,5.0,0,10,0.19442235264240995,0.3763965837669675,3.0549009421557276,0.5939410282634313,1.1498542783739063,0.18197423112455755,-0.93597381500291
hartmann_3,ucb,gaussian,0.05,20,10,0.00011707099084955169,3.5177617700270627e-06,3.0549009421557276,0.0003576402802454,1.0746413745535074e-05,-0.00011355322907952463,0.9699518920571215
hartmann_3,ucb,gaussian,0.25,20,10,0.0001939610066132203,3.388086476710505e-06,3.0549009421557276,0.0005925316618442,1.0350268569808002e-05,-0.00019057292013650978,0.9825321257304737
hartmann_3,ucb,gaussian,1.0,20,10,0.0001939610066132203,4.112873014712286e-06,3.0549009421557276,0.0005925316618442,1.256441964761143e-05,-0.000189848133598508,0.9787953615702056
hartmann_3,ucb,gaussian,5.0,20,10,0.0001939610066132203,7.060171980316897e-06,3.0549009421557276,0.0005925316618442,2.156812603445156e-05,-0.0001869008346329034,0.963600044650234
hartmann_3,ucb,gaussian,0.05,0,11,0.036579691107485,0.17491733574701934,3.0549009421557276,0.1117473328280214,0.5343551337729391,0.13833764463953435,-3.781815549864702
hartmann_3,ucb,gaussian,0.25,0,11,0.07584538078850465,0.3871283914887282,3.0549009421557276,0.2317001252289628,1.1826388878941472,0.3112830107002235,-4.104178889525761
hartmann_3,ucb,gaussian,1.0,0,11,-0.028444850625537584,0.11094703421727158,3.0549009421557276,-0.0868962009754337,0.3389321993597267,0.13939188484280915,
hartmann_3,ucb,gaussian,5.0,0,11,0.506229808852614,0.08271132458092657,3.0549009421557276,1.5464819200111646,0.2526749033892208,-0.4235184842716875,0.83661308928371
hartmann_3,ucb,gaussian,0.05,20,11,0.0014945528334681945,0.0002624158182863052,3.0549009421557276,0.0045657108590635,0.0008016543305194,-0.0012321370151818893,0.8244185067199301
hartmann_3,ucb,gaussian,0.25,20,11,0.003671302208253297,0.0005898642546627758,3.0549009421557276,0.0112154645749314,0.0018019768673133,-0.003081437953590521,0.8393310544316599
hartmann_3,ucb,gaussian,1.0,20,11,0.007057158695398774,0.0005951700721950334,3.0549009421557276,0.0215589207475162,0.0018181856142915,-0.0064619886232037405,0.9156643490838486
hartmann_3,ucb,gaussian,5.0,20,11,0.010059572738886618,0.0003540644103197446,3.0549009421557276,0.0307309982377088,0.0010816317006696,-0.009705508328566873,0.9648032357327602
hartmann_3,ucb,gaussian,0.05,0,7,0.00035647161934381557,-0.051868633251842516,3.0549009421557276,0.0010889854857852,-0.1584535365893836,-0.05222510487118633,146.5056459959451
hartmann_3,ucb,gaussian,0.25,0,7,0.01559983382716099,-0.025955327564315678,3.0549009421557276,0.0476559470560669,-0.0792909546301885,-0.041555161391476664,2.663820772188269
hartmann_3,ucb,gaussian,1.0,0,7,0.03310037228046714,0.00016762323222619782,3.0549009421557276,0.1011183584653044,0.000512072370055,-0.03293274904824094,0.9949359109678318
hartmann_3,ucb,gaussian,5.0,0,7,0.5246625758908158,0.47264347918917,3.0549009421557276,1.602792197402704,1.4438790098787564,-0.052019096701645784,0.09914771720343007
hartmann_3,ucb,gaussian,0.05,20,7,-0.0007441220084771638,1.6476452118728092e-05,3.0549009421557276,-0.0022732190247757,5.0333929100886186e-05,0.0007605984605958919,
hartmann_3,ucb,gaussian,0.25,20,7,0.0005192426074728153,1.7587205265804208e-05,3.0549009421557276,0.0015862347307761,5.372716993639145e-05,-0.000501655402207011,0.966129117655806
hartmann_3,ucb,gaussian,1.0,20,7,0.001886591117197019,1.920484813063558e-05,3.0549009421557276,0.0057633489813878,5.86689086482363e-05,-0.0018673862690663835,0.9898203442412212
hartmann_3,ucb,gaussian,5.0,20,7,0.001886591117197019,1.838860695959053e-05,3.0549009421557276,0.0057633489813878,5.617537272578448e-05,-0.0018682025102374285,0.9902529982294673
hartmann_3,ucb,gaussian,0.05,0,8,-0.01026191968615257,-0.03202110099401686,3.0549009421557276,-0.0313491481175539,-0.0978212915954858,-0.02175918130786429,
hartmann_3,ucb,gaussian,0.25,0,8,-0.023120622522187557,-0.030574053000001294,3.0549009421557276,-0.0706312115262577,-0.0934007033152231,-0.007453430477813737,
hartmann_3,ucb,gaussian,1.0,0,8,0.582816887791156,0.010442960700376171,3.0549009421557276,1.7804478596174715,0.0319022104824744,-0.5723739270907798,0.982081918147646
hartmann_3,ucb,gaussian,5.0,0,8,0.34013999652484733,0.29292494786042034,3.0549009421557276,1.039093995848602,0.8948566991997154,-0.047215048664426995,0.13881063428827878
hartmann_3,ucb,gaussian,0.05,20,8,7.67559697475608e-05,3.792203982327833e-05,3.0549009421557276,0.0002344818842979,0.0001158480751846,-3.883392992428247e-05,0.5059401900855609
hartmann_3,ucb,gaussian,0.25,20,8,2.113268199067073e-06,3.9308014829758315e-05,3.0549009421557276,6.455825012357738e-06,0.0001200820915377,3.719474663069124e-05,-17.600580298852414
hartmann_3,ucb,gaussian,1.0,20,8,0.0005928145173598504,2.5902625286479872e-05,3.0549009421557276,0.0018109896276062,7.912995439197414e-05,-0.0005669118920733705,0.956305683265249
hartmann_3,ucb,gaussian,5.0,20,8,0.0005928145173598504,2.7679156001238525e-05,3.0549009421557276,0.0018109896276062,8.455707974625894e-05,-0.0005651353613586119,0.9533089099698334
hartmann_3,ucb,gaussian,0.05,0,9,-0.003182247616209788,-0.006724018019675279,3.0549009421557276,-0.0097214512409321,-0.0205412089833781,-0.0035417704034654907,
hartmann_3,ucb,gaussian,0.25,0,9,0.03463345174672872,0.00504346920811673,3.0549009421557276,0.1058017643711865,0.0154072988356092,-0.029589982538611993,0.8543757854400664
hartmann_3,ucb,gaussian,1.0,0,9,0.061214026023333645,0.1388612625477796,3.0549009421557276,0.1870027857718272,0.4242074017861458,0.07764723652444597,-1.2684549860329115
hartmann_3,ucb,gaussian,5.0,0,9,0.21950488166667226,0.33813240422771296,3.0549009421557276,0.6705656698112986,1.0329610002486216,0.1186275225610407,-0.5404322749467676
hartmann_3,ucb,gaussian,0.05,20,9,-0.0011086772848971312,1.2887728687338778e-05,3.0549009421557276,-0.0033868992821789,3.937073450919863e-05,0.00112156501358447,
hartmann_3,ucb,gaussian,0.25,20,9,0.0,2.2238284081240932e-05,3.0549009421557276,0.0,6.793575499170965e-05,2.2238284081240932e-05,
hartmann_3,ucb,gaussian,1.0,20,9,0.0,2.2238284081240932e-05,3.0549009421557276,0.0,6.793575499170965e-05,2.2238284081240932e-05,
hartmann_3,ucb,gaussian,5.0,20,9,0.0,2.2238284081240932e-05,3.0549009421557276,0.0,6.793575499170965e-05,2.2238284081240932e-05,
hartmann_6,ei,gaussian,0.05,0,10,0.04761098423153482,-0.02430143965647559,7.967163963291937,0.3793245178263449,-0.1936135542871859,-0.07191242388801042,1.5104166622201372
hartmann_6,ei,gaussian,0.25,0,10,0.05997293245724354,0.020389283958764767,7.967163963291937,0.4778141862462921,0.162444768393597,-0.03958364849847877,0.6600252293265652
hartmann_6,ei,gaussian,1.0,0,10,0.5850219644471043,0.5619971473744209,7.967163963291937,4.660965912877226,4.477523420034354,-0.023024817072683446,0.03935718395538168
hartmann_6,ei,gaussian,5.0,0,10,0.5818722294845855,0.4113624967545734,7.967163963291937,4.635871457989926,3.277392459992834,-0.17050973273001208,0.2930363816830497
hartmann_6,ei,gaussian,0.05,20,10,0.006084690013446024,-0.0066849723459743125,7.967163963291937,0.0484777230029295,-0.0532602707704497,-0.012769662359420337,2.09865454627956
hartmann_6,ei,gaussian,0.25,20,10,0.010870672634965946,0.008400948488478428,7.967163963291937,0.0866084312740445,0.0669317340548772,-0.002469724146487518,0.22719147466032164
hartmann_6,ei,gaussian,1.0,20,10,0.020780964106138826,0.14661309308824116,7.967163963291937,0.1655653483488925,1.1680905517994011,0.12583212898210233,-6.055163193556104
hartmann_6,ei,gaussian,5.0,20,10,0.033301469284200365,0.22400564121649214,7.967163963291937,0.2653182660057545,1.7846896722741392,0.19070417193229178,-5.72659933724816
hartmann_6,ei,gaussian,0.05,0,11,0.041614384302968634,-0.029717246965380084,7.967163963291937,0.3315486229731934,-0.2367621791108229,-0.07133163126834871,1.7141099757484612
hartmann_6,ei,gaussian,0.25,0,11,0.17135499183672415,0.1303782994887515,7.967163963291937,1.3652133158917328,1.0387452892820643,-0.04097669234797266,0.23913334481097204
hartmann_6,ei,gaussian,1.0,0,11,0.1918825306229545,0.4616758499346362,7.967163963291937,1.5287595831644645,3.6782471943214095,0.2697933193116817,-1.4060337772062241
hartmann_6,ei,gaussian,5.0,0,11,0.48525406705944246,0.5564024917804731,7.967163963291937,3.866098716116839,4.432949881599224,0.07114842472103061,-0.14662097558950515
hartmann_6,ei,gaussian,0.05,20,11,0.0014966616350661226,0.008853823042841354,7.967163963291937,0.0119241486441404,0.0705398598842894,0.007357161407775231,-4.915714571283303
hartmann_6,ei,gaussian,0.25,20,11,-0.0052478966090259115,0.027219135285609423,7.967163963291937,-0.0418108527465132,0.2168593137594754,0.03246703189463533,
hartmann_6,ei,gaussian,1.0,20,11,0.005996569617631362,0.03115861709532227,7.967163963291937,0.0477756533609639,0.2482458112678637,0.025162047477690908,-4.196073602432366
hartmann_6,ei,gaussian,5.0,20,11,0.14381504520343885,0.14958583478456336,7.967163963291937,1.145798045524039,1.1917748723145147,0.005770789581124508,-0.040126466413588524
hartmann_6,ei,gaussian,0.05,0,7,0.17849978588483806,0.02742475987029298,7.967163963291937,1.4221370615570086,0.2184975585405331,-0.1510750260145451,0.8463597043865
hartmann_6,ei,gaussian,0.25,0,7,0.39993077175969616,0.06460024132745121,7.967163963291937,3.186314032575384,0.5146807147240318,-0.3353305304322449,0.8384714408365977
hartmann_6,ei,gaussian,1.0,0,7,0.052277233378748296,0.03368931117442536,7.967163963291937,0.4165012898757658,0.2684082659370101,-0.018587922204322933,0.35556438248469524
hartmann_6,ei,gaussian,5.0,0,7,0.7337146771883389,0.48275065048302185,7.967163963291937,5.845625135433311,3.846153585784073,-0.2509640267053171,0.3420458040542871
hartmann_6,ei,gaussian,0.05,20,7,0.00026647548848243854,-0.00036663828507329344,7.967163963291937,0.0021230539089379,-0.0029210673323991,-0.000633113773555732,2.3758799623983275
hartmann_6,ei,gaussian,0.25,20,7,0.08839034164441929,0.007384439670141869,7.967163963291937,0.70422034465248,0.0588330416290577,-0.08100590197427743,0.9164564868427783
hartmann_6,ei,gaussian,1.0,20,7,0.08825836303549905,0.010170339685292856,7.967163963291937,0.7031688494355652,0.0810287638351031,-0.0780880233502062,0.8847662778290805
hartmann_6,ei,gaussian,5.0,20,7,0.06444651799539987,0.010590412099715158,7.967163963291937,0.5134559757325952,0.0843755496372615,-0.05385610589568471,0.8356713065479955
hartmann_6,ei,gaussian,0.05,0,8,0.024613849674358243,0.08395225365536432,7.967163963291937,0.196102576123432,0.6688613699601624,0.05933840398100608,-2.4107729902495723
hartmann_6,ei,gaussian,0.25,0,8,0.025563425707912306,0.05226629553675951,7.967163963291937,0.2036680040783696,0.4164141462952366,0.026702869828847203,-1.0445732169840687
hartmann_6,ei,gaussian,1.0,0,8,0.19802602336511663,0.21735249016937905,7.967163963291937,1.5777057971485644,1.7316829270092418,0.01932646680426242,-0.0975955911038453
hartmann_6,ei,gaussian,5.0,0,8,0.3927246722948284,0.39483524041314794,7.967163963291937,3.128901856602992,3.1457170988573404,0.0021105681183195557,-0.00537416736765417
hartmann_6,ei,gaussian,0.05,20,8,-0.00024045229917520693,-0.0007611432972324903,7.967163963291937,-0.0019157228928794,-0.0060641534486119,-0.0005206909980572834,
hartmann_6,ei,gaussian,0.25,20,8,0.0029292169676939225,0.0016121717652284305,7.967163963291937,0.0233375518656743,0.0128444367905647,-0.001317045202465492,0.44962364242426156
hartmann_6,ei,gaussian,1.0,20,8,0.012213082578892717,0.001726913668416824,7.967163963291937,0.0973036314032626,0.0137586043467268,-0.010486168910475893,0.8586013271210198
hartmann_6,ei,gaussian,5.0,20,8,0.0268717695218512,0.014045937460964235,7.967163963291937,0.2140917937643795,0.1119062867696465,-0.012825832060886966,0.4772976357384071
hartmann_6,ei,gaussian,0.05,0,9,0.03615144084905989,-0.060024430120110266,7.967163963291937,0.28802445675371,-0.4782244765700776,-0.09617587096917016,2.6603606581194175
hartmann_6,ei,gaussian,0.25,0,9,0.3190735045894805,0.41414851569954014,7.967163963291937,2.542110927406574,3.299589129732221,0.09507501111005962,-0.2979721278718612
hartmann_6,ei,gaussian,1.0,0,9,0.7697235930226857,0.6581156763423284,7.967163963291937,6.132514072025931,5.243315500232098,-0.1116079166803573,0.1449973960679518
hartmann_6,ei,gaussian,5.0,0,9,0.7694900846619569,0.5849860108376419,7.967163963291937,6.1306536726292045,4.660679464575567,-0.184504073824315,0.23977446558699855
hartmann_6,ei,gaussian,0.05,20,9,0.000176058021194273,-0.029150588627017398,7.967163963291937,0.0014026831219075,-0.2322475192179208,-0.02932664664821167,166.57376045281623
hartmann_6,ei,gaussian,0.25,20,9,0.11419445674621921,0.03353952671604509,7.967163963291937,0.9098059605961776,0.2672149085979416,-0.08065493003017413,0.7062946164665254
hartmann_6,ei,gaussian,1.0,20,9,0.0324216279211255,0.04215489512010823,7.967163963291937,0.2583084256044507,0.3358549612772774,0.00973326719898273,-0.30020908335206276
hartmann_6,ei,gaussian,5.0,20,9,0.09991261661538375,0.050988423543751875,7.967163963291937,0.7960201985762887,0.4062331306028461,-0.04892419307163188,0.4896698207791599
hartmann_6,logei,gaussian,0.05,0,10,0.0017590765992677186,-0.004601160206149663,7.967163963291937,0.0140148516903559,-0.0366581977837685,-0.006360236805417382,3.615667906710298
hartmann_6,logei,gaussian,0.25,0,10,-0.012586203478935848,-0.012356306567728199,7.967163963291937,-0.1002763467920373,-0.0984447204057916,0.00022989691120764953,
hartmann_6,logei,gaussian,1.0,0,10,0.20187281048817726,0.14124338246152623,7.967163963291937,1.6083537808898685,1.1253091868009322,-0.06062942802665103,0.3003347894153473
hartmann_6,logei,gaussian,5.0,0,10,0.5710417537741084,0.5736682368687328,7.967163963291937,4.549583282204104,4.570508903665791,0.002626483094624432,-0.0045994589314450884
hartmann_6,logei,gaussian,0.05,20,10,-0.0018784797309805913,-0.001604745661578763,7.967163963291937,-0.0149661560184429,-0.0127852718051794,0.00027373406940182834,
hartmann_6,logei,gaussian,0.25,20,10,0.05053958470541478,0.009324632385212693,7.967163963291937,0.402657157984721,0.0742908751104115,-0.041214952320202086,0.8154984367290684
hartmann_6,logei,gaussian,1.0,20,10,0.10177388138047054,0.15878354766595243,7.967163963291937,0.8108492001388331,1.2650545589278237,0.05700966628548189,-0.5601600873642372
hartmann_6,logei,gaussian,5.0,20,10,0.12238431464274421,0.20012120413266787,7.967163963291937,0.9750559012938534,1.594398445856381,0.07773688948992366,-0.6351867044142689
hartmann_6,logei,gaussian,0.05,0,11,-0.03882478552211448,-0.023227503036409046,7.967163963291937,-0.309323432094329,-0.1850573251489322,0.015597282485705431,
hartmann_6,logei,gaussian,0.25,0,11,0.11577095215110018,-0.0545957572826154,7.967163963291937,0.9223661579742406,-0.4349733499706867,-0.17036670943371557,1.4715842468960516
hartmann_6,logei,gaussian,1.0,0,11,0.4124871917923756,0.12862186170893133,7.967163963291937,3.2863530897677045,1.0247514614989168,-0.2838653300834443,0.688179744078762
hartmann_6,logei,gaussian,5.0,0,11,0.4179688856312246,0.18923408359904606,7.967163963291937,3.330026643378382,1.5076589714768935,-0.22873480203217852,0.5472531805489274
hartmann_6,logei,gaussian,0.05,20,11,-0.0007158617004732921,0.002173962193729945,7.967163963291937,-0.0057033875427117,0.0173203132474443,0.002889823894203237,
hartmann_6,logei,gaussian,0.25,20,11,8.752503222478844e-05,0.0025206754489433274,7.967163963291937,0.0006973262826273,0.020082634599976,0.002433150416718539,-27.799480387159836
hartmann_6,logei,gaussian,1.0,20,11,0.009407993154554657,0.04310518630963669,7.967163963291937,0.0749550240278651,0.3434260869971224,0.03369719315508203,-3.5817620826784227
hartmann_6,logei,gaussian,5.0,20,11,0.08871129323013208,0.19226177803394204,7.967163963291937,0.7067774185601323,1.5317811094704563,0.10355048480380996,-1.167275112709523
hartmann_6,logei,gaussian,0.05,0,7,-0.06684451397576041,0.1558097539362125,7.967163963291937,-0.5325612028914426,1.2413618566899762,0.2226542679119729,
hartmann_6,logei,gaussian,0.25,0,7,0.34392429686697773,0.2088798503528886,7.967163963291937,2.740101264099103,1.6641800163893468,-0.13504444651408912,0.3926574764978623
hartmann_6,logei,gaussian,1.0,0,7,0.06978218038669899,0.44350969968067566,7.967163963291937,0.5559660728568456,3.533514496666309,0.3737275192939767,-5.355629721269242
hartmann_6,logei,gaussian,5.0,0,7,0.32520763277637155,0.22727053638178618,7.967163963291937,2.5909825324433853,1.810701627378996,-0.09793709639458537,0.30115251465186743
hartmann_6,logei,gaussian,0.05,20,7,0.000996177335022392,0.0007885391413041384,7.967163963291937,0.0079367081646386,0.0062824206302435,-0.00020763819371825358,0.20843497078116746
hartmann_6,logei,gaussian,0.25,20,7,0.0023175074457310167,-0.00021328380699467658,7.967163963291937,0.0184639618062889,-0.0016992670610417,-0.0025307912527256934,1.0920315519967618
hartmann_6,logei,gaussian,1.0,20,7,0.0023175074457310167,0.0017202404607645951,7.967163963291937,0.0184639618062889,0.0137054378072004,-0.0005972669849664215,0.25771955385369827
hartmann_6,logei,gaussian,5.0,20,7,0.0023175074457310167,0.09230079575001288,7.967163963291937,0.0184639618062889,0.7353755736826721,0.08998328830428186,-38.82761562213589
hartmann_6,logei,gaussian,0.05,0,8,-0.017132297596953314,0.026242436876575216,7.967163963291937,-0.1364958240228395,0.2090777973920135,0.043374734473528534,
hartmann_6,logei,gaussian,0.25,0,8,-0.0041529514676425135,0.012892004524051133,7.967163963291937,-0.0330872452743018,0.1027127138586168,0.017044955991693644,
hartmann_6,logei,gaussian,1.0,0,8,0.08193479233905618,0.2837145426282155,7.967163963291937,0.6527879248635367,2.2604002798893728,0.20177975028915932,-2.4626870286577414
hartmann_6,logei,gaussian,5.0,0,8,0.2679189435457005,0.39485195057889605,7.967163963291937,2.1345541521005518,3.1458502314877097,0.12693300703319554,-0.47377391592149154
hartmann_6,logei,gaussian,0.05,20,8,0.0016660482664817122,0.004359506299635934,7.967163963291937,0.0132736797098181,0.0347329014882036,0.0026934580331542217,-1.6166746710418831
hartmann_6,logei,gaussian,0.25,20,8,0.006374386644001904,0.0020684191641969665,7.967163963291937,0.0507857835581814,0.0164794346259725,-0.004305967479804938,0.6755108719137263
hartmann_6,logei,gaussian,1.0,20,8,0.012875387965707228,0.0032180666064735696,7.967163963291937,0.1025803270137853,0.0256388642985694,-0.009657321359233658,0.7500606105971577
hartmann_6,logei,gaussian,5.0,20,8,0.0017884321540198218,0.01419012617658732,7.967163963291937,0.0142487322082993,0.1130550619086721,0.012401694022567498,-6.934394460920683
hartmann_6,logei,gaussian,0.05,0,9,0.14152637570394833,0.009955891686388895,7.967163963291937,1.1275638403638126,0.0793202214662354,-0.13157048401755944,0.9296534540867838
hartmann_6,logei,gaussian,0.25,0,9,0.27491113999347183,0.2898205441687017,7.967163963291937,2.1902621276634937,2.309047795322539,0.014909404175229846,-0.054233539519656704
hartmann_6,logei,gaussian,1.0,0,9,-0.006409687099132577,0.15877944682157025,7.967163963291937,-0.0510670280721863,1.265021886828243,0.16518913392070284,
hartmann_6,logei,gaussian,5.0,0,9,0.7486900805286636,0.7678652350709336,7.967163963291937,5.964936629262107,6.117708229521835,0.019175154542270034,-0.025611604909644425
hartmann_6,logei,gaussian,0.05,20,9,-0.001129475335225502,0.0009436686251405453,7.967163963291937,-0.0089987151882357,0.007518362663509,0.0020731439603660475,
hartmann_6,logei,gaussian,0.25,20,9,-0.009481384586403501,0.002141799118923747,7.967163963291937,-0.0755397455989056,0.0170640647568997,0.011623183705327248,
hartmann_6,logei,gaussian,1.0,20,9,-0.006317392212199615,0.002141799118923747,7.967163963291937,-0.0503316995750179,0.0170640647568997,0.008459191331123363,
hartmann_6,logei,gaussian,5.0,20,9,0.009666750207174456,0.002141799118923747,7.967163963291937,0.0770165838927452,0.0170640647568997,-0.007524951088250709,0.7784364886832238
hartmann_6,pi,gaussian,0.05,0,10,0.004661611246701501,0.030890642525815606,7.967163963291937,0.0371398211355966,0.2461108139346115,0.026229031279114107,-5.626602024712689
hartmann_6,pi,gaussian,0.25,0,10,0.32831155410881285,0.39734956696106005,7.967163963291937,2.615711982628105,3.165749150721814,0.0690380128522472,-0.2102820080141492
hartmann_6,pi,gaussian,1.0,0,10,0.3501598985092765,0.42795554573817823,7.967163963291937,2.78978132479307,3.409592001896148,0.07779564722890175,-0.22217177797942722
hartmann_6,pi,gaussian,5.0,0,10,0.38917948412869857,0.49749556769229486,7.967163963291937,3.1006567612027136,3.963628758815516,0.10831608356359629,-0.278319099492349
hartmann_6,pi,gaussian,0.05,20,10,0.012544895131353415,-0.009724738115423856,7.967163963291937,0.0999472364137954,-0.0774785830656565,-0.02226963324677727,1.7751948512601632
hartmann_6,pi,gaussian,0.25,20,10,0.18142450820550002,0.01902324867670569,7.967163963291937,1.445438803832822,0.1515613413217906,-0.16240125952879433,0.895145099937887
hartmann_6,pi,gaussian,1.0,20,10,0.09329461241023854,0.08441441526536717,7.967163963291937,0.7432934739641412,0.672543487284594,-0.008880197144871371,0.09518445830315514
hartmann_6,pi,gaussian,5.0,20,10,0.21620388167615964,0.10615397715641947,7.967163963291937,1.722531774814133,0.8457461413607407,-0.11004990451974017,0.5090098460145971
hartmann_6,pi,gaussian,0.05,0,11,-0.007466120758993806,-0.20306308926848646,7.967163963291937,-0.0594838082566413,-1.617836927094619,-0.19559696850949265,
hartmann_6,pi,gaussian,0.25,0,11,-0.07772385652612394,0.142078701114619,7.967163963291937,-0.6192387088030076,1.1319643074717185,0.21980255764074297,
hartmann_6,pi,gaussian,1.0,0,11,0.3410385525979363,0.24254817716169635,7.967163963291937,2.71711006635152,1.9324210964448156,-0.09849037543623995,0.2887954299769566
hartmann_6,pi,gaussian,5.0,0,11,0.34935818789133544,0.28725116699641906,7.967163963291937,2.783393964848821,2.288577146107424,-0.062107020894916376,0.17777462514842846
hartmann_6,pi,gaussian,0.05,20,11,0.012812718551704154,-0.1382009222412152,7.967163963291937,0.1020810295169394,-1.101069407373921,-0.15101364079291935,11.786229455015524
hartmann_6,pi,gaussian,0.25,20,11,0.00046145527337266174,-0.003814287239739046,7.967163963291937,0.0036764898246857,-0.0303890518420932,-0.0042757425131117075,9.265778851894725
hartmann_6,pi,gaussian,1.0,20,11,0.049579976763587795,0.1205492181950825,7.967163963291937,0.3950118041717083,0.960435387006878,0.07096924143149472,-1.4314093322370307
hartmann_6,pi,gaussian,5.0,20,11,0.17293375868565308,0.09918584449343132,7.967163963291937,1.3777916102369592,0.790229885916744,-0.07374791419222176,0.4264518087892577
hartmann_6,pi,gaussian,0.05,0,7,0.15706963747483313,0.30178136849878834,7.967163963291937,1.2513995554168194,2.404341643896471,0.1447117310239552,-0.9213221176953565
hartmann_6,pi,gaussian,0.25,0,7,0.06036964820952753,0.07726759738948107,7.967163963291937,0.4809748856915594,0.6156036174516237,0.016897949179953534,-0.2799080279763284
hartmann_6,pi,gaussian,1.0,0,7,0.41784625653199703,0.5381628301959015,7.967163963291937,3.329049637238165,4.287631507119984,0.12031657366390447,-0.28794460111357023
hartmann_6,pi,gaussian,5.0,0,7,0.6002636336436732,0.5817494059409385,7.967163963291937,4.7823987904405465,4.6348929026791374,-0.018514227702734698,0.030843493866771654
hartmann_6,pi,gaussian,0.05,20,7,0.04144550073319054,-0.0364179214282915,7.967163963291937,0.3302030998820652,-0.2901475512214813,-0.07786342216148204,1.8786942076713085
hartmann_6,pi,gaussian,0.25,20,7,0.02860803736285528,-0.027576056375376735,7.967163963291937,0.2279249243378499,-0.2197029626036084,-0.056184093738232015,1.9639268861967278
hartmann_6,pi,gaussian,1.0,20,7,0.19183443718921464,0.15066901481240771,7.967163963291937,1.5283764148923016,1.200404745198114,-0.041165422376806926,0.2145882823749924
hartmann_6,pi,gaussian,5.0,20,7,0.012388793057497398,0.15103785770583394,7.967163963291937,0.0987035455963746,1.2033433770067357,0.13864906464833654,-11.191490890585946
hartmann_6,pi,gaussian,0.05,0,8,0.04290708562657634,0.03351979220638643,7.967163963291937,0.3418477863739404,0.2670576805237559,-0.009387293420189909,0.2187818930861034
hartmann_6,pi,gaussian,0.25,0,8,0.16674286210586767,0.14792623066165253,7.967163963291937,1.3284677221060257,1.1785525341531289,-0.018816631444215137,0.11284819755743525
hartmann_6,pi,gaussian,1.0,0,8,0.20455616883588285,0.19016304100662443,7.967163963291937,1.629732536818307,1.5150601274579851,-0.014393127829258417,0.07036271705306596
hartmann_6,pi,gaussian,5.0,0,8,0.29815755873828015,0.2848111770721496,7.967163963291937,2.3754701573627246,2.269137346311989,-0.013346381666130558,0.04476284861805524
hartmann_6,pi,gaussian,0.05,20,8,0.035229071147855194,-0.041631907781712864,7.967163963291937,0.2806757861094396,-0.3316882354015559,-0.07686097892956806,2.1817486645329134
hartmann_6,pi,gaussian,0.25,20,8,0.15265339931761374,-0.011162235792786386,7.967163963291937,1.2162146619173062,-0.0889313627580551,-0.16381563511040012,1.073121436159846
hartmann_6,pi,gaussian,1.0,20,8,0.2366944630288622,0.09417419846921815,7.967163963291937,1.8857835961542868,0.7503012803158575,-0.14252026455964406,0.6021275814224067
hartmann_6,pi,gaussian,5.0,20,8,0.2277680319546822,0.07003931205087006,7.967163963291937,1.8146652561792704,0.5580146829854506,-0.15772871990381215,0.6924971803558218
hartmann_6,pi,gaussian,0.05,0,9,0.07042297222417461,0.28927392001884167,7.967163963291937,0.561071366492353,2.3046927510943096,0.21885094779466707,-3.1076641738154374
hartmann_6,pi,gaussian,0.25,0,9,0.08493717909899294,0.43608460951669414,7.967163963291937,0.6767084324611696,3.474357585887642,0.3511474304177012,-4.1342017022774495
hartmann_6,pi,gaussian,1.0,0,9,0.7619517152406734,0.7459873697202256,7.967163963291937,6.070594247433973,5.94340368910592,-0.015964345520447787,0.02095191230773097
hartmann_6,pi,gaussian,5.0,0,9,0.6511167849906957,0.7567055307260339,7.967163963291937,5.187554185272375,6.028797035224157,0.10558874573533816,-0.16216560249916911
hartmann_6,pi,gaussian,0.05,20,9,-0.008704970014166721,0.0027213347653698644,7.967163963291937,-0.069353923398406,0.0216813202747083,0.011426304779536586,
hartmann_6,pi,gaussian,0.25,20,9,0.04454829616860008,0.004221540917630589,7.967163963291937,0.3549235798605268,0.0336337086685088,-0.04032675525096949,0.9052367591870742
hartmann_6,pi,gaussian,1.0,20,9,0.10387241928820083,0.0050996283972256345,7.967163963291937,0.827568595732904,0.0406295755925563,-0.0987727908909752,0.9509048847406126
hartmann_6,pi,gaussian,5.0,20,9,0.10038186838193051,0.005795364295533065,7.967163963291937,0.7997588043404311,0.0461726175695198,-0.09458650408639745,0.942266821798106
hartmann_6,qnei,gaussian,0.05,0,10,0.09115166665695597,0.0336372589336149,7.967163963291937,0.7262202737832988,0.2679935571998164,-0.05751440772334107,0.6309748338425146
hartmann_6,qnei,gaussian,0.25,0,10,0.002639072338136473,0.13573640418958327,7.967163963291937,0.0210259220289215,1.0814341879660765,0.1330973318514468,-50.43337764111111
hartmann_6,qnei,gaussian,1.0,0,10,0.10690783662833528,0.604902761209729,7.967163963291937,0.8517522633787746,4.81935948040594,0.4979949245813937,-4.6581704418233745
hartmann_6,qnei,gaussian,5.0,0,10,0.6005062385770935,0.6078870905327164,7.967163963291937,4.7843316637234095,4.843136121442641,0.00738085195562288,-0.012291049586948377
hartmann_6,qnei,gaussian,0.05,20,10,-0.002271761340268339,0.008470780130316926,7.967163963291937,-0.0180994950833857,0.0674880941952304,0.010742541470585265,
hartmann_6,qnei,gaussian,0.25,20,10,-0.003047168376282884,-0.0085409816663239,7.967163963291937,-0.0242772900776038,-0.0680474013430729,-0.005493813290041016,
hartmann_6,qnei,gaussian,1.0,20,10,0.016360979322563973,0.02216843691597839,7.967163963291937,0.1303506048628962,0.1766195717194937,0.005807457593414417,-0.35495782244557694
hartmann_6,qnei,gaussian,5.0,20,10,0.04008236983606305,0.052497767649641286,7.967163963291937,0.3193428125212213,0.4182583225714953,0.012415397813578234,-0.30974709989347504
hartmann_6,qnei,gaussian,0.05,0,11,-0.01827464307441956,-0.06832805048200946,7.967163963291937,-0.1455970777445381,-0.5443807814822581,-0.0500534074075899,
hartmann_6,qnei,gaussian,0.25,0,11,-0.016077098414212062,0.13849876436036782,7.967163963291937,-0.1280888791200083,1.103442364372384,0.15457586277457988,
hartmann_6,qnei,gaussian,1.0,0,11,0.06044928229504883,0.03219081126920403,7.967163963291937,0.4816093435079744,0.2564694714931343,-0.028258471025844806,0.4674740535035161
hartmann_6,qnei,gaussian,5.0,0,11,0.5305451120927448,0.5479163301836113,7.967163963291937,4.226939897965997,4.3653392407380345,0.017371218090866503,-0.03274220739183775
hartmann_6,qnei,gaussian,0.05,20,11,-9.515728761272389e-05,0.002551423981777372,7.967163963291937,-0.0007581337127127,0.0203276132026955,0.0026465812693900956,
hartmann_6,qnei,gaussian,0.25,20,11,0.00937284254680678,0.008734548522317748,7.967163963291937,0.0746749733725284,0.0695895802226348,-0.0006382940244890317,0.06810036777012662
hartmann_6,qnei,gaussian,1.0,20,11,0.031719602387578004,0.048868337772075464,7.967163963291937,0.2527152730722604,0.3893420596436578,0.01714873538449746,-0.540635256866058
hartmann_6,qnei,gaussian,5.0,20,11,0.10775731061047485,0.19632196596939763,7.967163963291937,0.8585201618770311,1.564129292474011,0.08856465535892279,-0.8218899938870006
hartmann_6,qnei,gaussian,0.05,0,7,0.03845999016328555,0.04027497534767436,7.967163963291937,0.306417047657491,0.3208773322124623,0.001814985184388808,-0.047191514524135725
hartmann_6,qnei,gaussian,0.25,0,7,0.038591457041261476,0.03407118105884264,7.967163963291937,0.3074644658300673,0.2714506859188059,-0.004520275982418838,0.1171315189676777
hartmann_6,qnei,gaussian,1.0,0,7,0.5653921444357815,0.07063635512512093,7.967163963291937,4.504571918277108,0.5627714230511551,-0.49475578931066055,0.8750666138179004
hartmann_6,qnei,gaussian,5.0,0,7,0.6835158718780232,0.682443955022083,7.967163963291937,5.445683022764655,5.437142885418363,-0.0010719168559402137,0.001568239890311629
hartmann_6,qnei,gaussian,0.05,20,7,0.0004650912494876093,-0.007943182267069504,7.967163963291937,0.0037054582425601,-0.0632846355120557,-0.008408273516557112,18.07876094383737
hartmann_6,qnei,gaussian,0.25,20,7,0.00041545119986288834,0.013083301781046112,7.967163963291937,0.003309967828054,0.1042368104708238,0.012667850581183223,-30.491789614192964
hartmann_6,qnei,gaussian,1.0,20,7,-0.0038864365100525927,-0.002605459314838299,7.967163963291937,-0.0309638769085131,-0.020758121561003,0.0012809771952142935,
hartmann_6,qnei,gaussian,5.0,20,7,-0.002222979502141222,-0.002338357265445994,7.967163963291937,-0.0177108421805962,-0.0186300757385632,-0.00011537776330477166,
hartmann_6,qnei,gaussian,0.05,0,8,0.040817100341516616,0.022345274592159913,7.967163963291937,0.3251965309270022,0.1780284664805194,-0.018471825749356702,0.4525511512283569
hartmann_6,qnei,gaussian,0.25,0,8,0.0022724735024075445,0.027272412373006833,7.967163963291937,0.0181051689959172,0.2172837810502572,0.02499993887059929,-11.001201485567778
hartmann_6,qnei,gaussian,1.0,0,8,0.16811641621157336,0.21448147682755173,7.967163963291937,1.3394110528786356,1.7088090929741049,0.046365060615978365,-0.2757913930167786
hartmann_6,qnei,gaussian,5.0,0,8,0.4004135862802345,0.395258187108137,7.967163963291937,3.190160695024371,3.1490867845240507,-0.005155399172097508,0.01287518543012034
hartmann_6,qnei,gaussian,0.05,20,8,0.0012077490527925279,0.0013165001757523094,7.967163963291937,0.0096223347301086,0.0104887727579213,0.00010875112295978149,-0.09004446967549251
hartmann_6,qnei,gaussian,0.25,20,8,0.0023865350624502745,0.001741507593683809,7.967163963291937,0.0190139161466865,0.0138748765421969,-0.0006450274687664656,0.27027780941303703
hartmann_6,qnei,gaussian,1.0,20,8,0.0023865350624502745,0.00905488831815503,7.967163963291937,0.0190139161466865,0.0721417799000379,0.006668353255704756,-2.7941568345777013
hartmann_6,qnei,gaussian,5.0,20,8,0.0023865350624502745,0.00905488831815503,7.967163963291937,0.0190139161466865,0.0721417799000379,0.006668353255704756,-2.7941568345777013
hartmann_6,qnei,gaussian,0.05,0,9,0.154661551048854,0.07462721596512323,7.967163963291937,1.232213936023266,0.5945672657181345,-0.08003433508373078,0.517480489112965
hartmann_6,qnei,gaussian,0.25,0,9,0.061835043204132904,-0.044914315490612956,7.967163963291937,0.4926499278845677,-0.3578397158127364,-0.10674935869474586,1.7263569840541648
hartmann_6,qnei,gaussian,1.0,0,9,0.7494394485669306,0.7080986632271725,7.967163963291937,5.97090696729183,5.641538152118723,-0.041340785339758046,0.055162275509795244
hartmann_6,qnei,gaussian,5.0,0,9,0.7939955457420249,0.755223113407921,7.967163963291937,6.325892699050176,6.016986373388728,-0.03877243233410388,0.04883205270108826
hartmann_6,qnei,gaussian,0.05,20,9,0.0007136096596777006,0.011452293313659465,7.967163963291937,0.0056854451644412,0.0912422985856369,0.010738683653981765,-15.048400071871022
hartmann_6,qnei,gaussian,0.25,20,9,0.004688908680911936,-0.03293200286049964,7.967163963291937,0.0373573042697283,-0.2623746664291997,-0.037620911541411575,8.023383286299097
hartmann_6,qnei,gaussian,1.0,20,9,0.004688908680911936,0.034968467645857156,7.967163963291937,0.0373573042697283,0.2785995152796132,0.03027955896494522,-6.457698587351506
hartmann_6,qnei,gaussian,5.0,20,9,0.004688908680911936,0.034968467645857156,7.967163963291937,0.0373573042697283,0.2785995152796132,0.03027955896494522,-6.457698587351506
hartmann_6,qucb,gaussian,0.05,0,10,-0.043610846713340166,0.05938082555954485,7.967163963291937,-0.3474547663431724,0.4730967735085305,0.10299167227288503,
hartmann_6,qucb,gaussian,0.25,0,10,-0.0409433363775583,-0.00040193192812985174,7.967163963291937,-0.3262022741242223,-0.0032022575734926,0.04054140444942845,
hartmann_6,qucb,gaussian,1.0,0,10,0.14393278539244725,0.22371151623319502,7.967163963291937,1.146736100914938,1.7823463303065106,0.07977873084074777,-0.554277683317411
hartmann_6,qucb,gaussian,5.0,0,10,0.2989013143966144,0.5344302689649003,7.967163963291937,2.3813957806412995,4.257893579789571,0.23552895456828593,-0.7879823313716205
hartmann_6,qucb,gaussian,0.05,20,10,-0.018438522725030132,-0.036927751788949664,7.967163963291937,-0.1469027337911995,-0.2942094532983091,-0.018489229063919532,
hartmann_6,qucb,gaussian,0.25,20,10,-0.0076753578085771695,-0.030372113349942283,7.967163963291937,-0.0611508341378674,-0.2419796069706781,-0.02269675554136511,
hartmann_6,qucb,gaussian,1.0,20,10,0.09564533545317837,0.06232176538315732,7.967163963291937,0.7620220698795314,0.4965277232894259,-0.03332357007002105,0.34840768671185296
hartmann_6,qucb,gaussian,5.0,20,10,0.13827053604752673,0.23333429711877599,7.967163963291937,1.1016240319829138,1.8590126034047656,0.09506376107124925,-0.6875200153890608
hartmann_6,qucb,gaussian,0.05,0,11,0.0927769859113086,-0.0059314195588122225,7.967163963291937,0.7391694587754216,-0.0472565921601337,-0.09870840547012083,1.0639320139639203
hartmann_6,qucb,gaussian,0.25,0,11,0.19081780019690242,0.030610755239428564,7.967163963291937,1.520276701283402,0.2438809060327251,-0.16020704495747384,0.8395812381872041
hartmann_6,qucb,gaussian,1.0,0,11,0.16342875563305012,0.07007839245620116,7.967163963291937,1.302063692445281,0.5583260429824755,-0.09335036317684896,0.5711991308705208
hartmann_6,qucb,gaussian,5.0,0,11,0.5169202601791787,0.37524562688139945,7.967163963291937,4.118388468795045,2.989643435872378,-0.14167463329777924,0.27407444476769194
hartmann_6,qucb,gaussian,0.05,20,11,0.0016236795488972025,-3.08422020959224e-05,7.967163963291937,0.0129361211899079,-0.0002457248810872,-0.0016545217509931248,1.018995251936794
hartmann_6,qucb,gaussian,0.25,20,11,0.016138394063563998,0.04193684409671882,7.967163963291937,0.1285772316086316,0.3341177130215704,0.025798450033154823,-1.5985760374633893
hartmann_6,qucb,gaussian,1.0,20,11,0.04374647116346703,0.030449159333715958,7.967163963291937,0.3485353085747644,0.2425934449561161,-0.013297311829751069,0.30396307350284624
hartmann_6,qucb,gaussian,5.0,20,11,0.18745066417552753,0.4160280729501598,7.967163963291937,1.4934501765144017,3.3145638705263023,0.22857740877463228,-1.2194003674513203
hartmann_6,qucb,gaussian,0.05,0,7,0.1455131548968318,0.08809310619678921,7.967163963291937,1.159327163878956,0.7018522211055087,-0.057420048700042595,0.39460383317751
hartmann_6,qucb,gaussian,0.25,0,7,0.43509011522114294,0.07337345281013143,7.967163963291937,3.466434286774427,0.5845783290911806,-0.3617166624110115,0.8313603314733133
hartmann_6,qucb,gaussian,1.0,0,7,0.3506664378181407,0.27299353214988265,7.967163963291937,2.793817006520644,2.1749842315563237,-0.07767290566825807,0.22150082611709776
hartmann_6,qucb,gaussian,5.0,0,7,0.5676903823695131,0.563813554935228,7.967163963291937,4.522882356721805,4.491995036895467,-0.0038768274342850795,0.006829122977393687
hartmann_6,qucb,gaussian,0.05,20,7,0.0002643274092165477,0.002482774758679971,7.967163963291937,0.0021059398092204,0.0197806735863259,0.002218447349463423,-8.392801019155684
hartmann_6,qucb,gaussian,0.25,20,7,0.0024969160089778684,0.006310385709293512,7.967163963291937,0.0198933392460952,0.0502758776175557,0.0038134697003156435,-1.527271917278754
hartmann_6,qucb,gaussian,1.0,20,7,0.02511145251171444,0.0471191263447068,7.967163963291937,0.2000670595172481,0.3754058053953478,0.02200767383299236,-0.8763998746279542
hartmann_6,qucb,gaussian,5.0,20,7,0.04356563647009076,0.0525803689738271,7.967163963291937,0.3470945689223841,0.4189164208648687,0.009014732503736335,-0.20692300707979427
hartmann_6,qucb,gaussian,0.05,0,8,0.017012939639228536,0.09832462376620062,7.967163963291937,0.1355448796033225,0.7833683991743114,0.08131168412697208,-4.779402375559079
hartmann_6,qucb,gaussian,0.25,0,8,0.014157017200703271,0.032046991966682876,7.967163963291937,0.1127912772691472,0.255323639528862,0.017889974765979606,-1.2636824913295222
hartmann_6,qucb,gaussian,1.0,0,8,0.13251164673501795,0.18671731911565578,7.967163963291937,1.0557420165837066,1.4876074961807335,0.05420567238063784,-0.40906345756182705
hartmann_6,qucb,gaussian,5.0,0,8,0.3072747016703088,0.30905924030363713,7.967163963291937,2.448107929978965,2.462325641869521,0.0017845386333283364,-0.0058076327912053305
hartmann_6,qucb,gaussian,0.05,20,8,0.012400714301859307,0.0015799017397030025,7.967163963291937,0.0987985241048524,0.012587336206104,-0.010820812562156305,0.872595908490036
hartmann_6,qucb,gaussian,0.25,20,8,0.0029095600902741448,0.09791999455287889,7.967163963291937,0.0231809423002646,0.7801446518874395,0.09501043446260475,-32.65457028373408
hartmann_6,qucb,gaussian,1.0,20,8,0.08972749971579981,0.19288278370515702,7.967163963291937,0.7148737022520077,1.5367287634751603,0.10315528398935721,-1.1496507126141724
hartmann_6,qucb,gaussian,5.0,20,8,0.09231160708590473,0.2150046342913848,7.967163963291937,0.7354617093683848,1.712977174267083,0.12269302720548007,-1.3291180933650364
hartmann_6,qucb,gaussian,0.05,0,9,-0.11368518622531641,-0.043644209619055574,7.967163963291937,-0.9057485188544738,-0.3477205740832989,0.07004097660626084,
hartmann_6,qucb,gaussian,0.25,0,9,-0.0387620516857594,0.01849115943078747,7.967163963291937,-0.3088236213340418,0.1473220990564558,0.05725321111654687,
hartmann_6,qucb,gaussian,1.0,0,9,-0.011322186441458394,0.06306564518063174,7.967163963291937,-0.0902057158020599,0.502454335604885,0.07438783162209013,
hartmann_6,qucb,gaussian,5.0,0,9,0.7307755514951749,0.6738432770302883,7.967163963291937,5.822208639127149,5.368619873662259,-0.05693227446488658,0.07790664910505352
hartmann_6,qucb,gaussian,0.05,20,9,7.252671676672092e-05,-0.00021498442593405407,7.967163963291937,0.0005778322441997,-0.0017128161709708,-0.000287511142700775,3.964210094130447
hartmann_6,qucb,gaussian,0.25,20,9,0.018118217167030045,8.461139104713047e-05,7.967163963291937,0.1443508068922591,0.0006741128256347,-0.018033605775982915,0.9953300377036489
hartmann_6,qucb,gaussian,1.0,20,9,0.033456714022383593,0.009335224443266978,7.967163963291937,0.2665551262892986,0.0743752637736387,-0.024121489579116615,0.7209760517120295
hartmann_6,qucb,gaussian,5.0,20,9,0.08542403010670906,0.011739386018979064,7.967163963291937,0.6805872542653378,0.0935296132415832,-0.07368464408773,0.8625751324970903
hartmann_6,ucb,gaussian,0.05,0,10,-0.09469575917282153,-0.11263843938548866,7.967163963291937,-0.7544566399582755,-0.8974089151535085,-0.017942680212667136,
hartmann_6,ucb,gaussian,0.25,0,10,-0.11746151771759888,-0.07096565241448913,7.967163963291937,-0.9358351710332312,-0.5653949885482192,0.04649586530310976,
hartmann_6,ucb,gaussian,1.0,0,10,0.5088291174255871,0.4779281401627867,7.967163963291937,4.053925007826779,3.807731855348092,-0.030900977262800444,0.060729577385711386
hartmann_6,ucb,gaussian,5.0,0,10,0.42226232876226855,0.4373232039384639,7.967163963291937,3.3642332087704783,3.4842256707299004,0.015060875176195365,-0.035667105849441105
hartmann_6,ucb,gaussian,0.05,20,10,-0.002933038182486522,0.047116323991769696,7.967163963291937,-0.0233679961104659,0.3753834785900148,0.05004936217425622,
hartmann_6,ucb,gaussian,0.25,20,10,0.0002032809337161064,-0.0012820141488840138,7.967163963291937,0.0016195725295273,-0.0102140169274191,-0.00148529508260012,7.306612850737988
hartmann_6,ucb,gaussian,1.0,20,10,0.022985235383102365,0.24979404822048493,7.967163963291937,0.1831271390320359,1.990150139227056,0.22680881283738255,-9.867587129611099
hartmann_6,ucb,gaussian,5.0,20,10,0.43290799620141956,0.46938728635357313,7.967163963291937,3.4490489867568725,3.739685472663581,0.036479290152153565,-0.0842656880266559
hartmann_6,ucb,gaussian,0.05,0,11,-0.04205249595645431,0.18285831412668271,7.967163963291937,-0.3350391303507427,1.4568621706984235,0.224910810083137,
hartmann_6,ucb,gaussian,0.25,0,11,0.09983809760602216,0.16221544046566028,7.967163963291937,0.7954264934103228,1.2923970115675372,0.06237734285963811,-0.624784970420706
hartmann_6,ucb,gaussian,1.0,0,11,0.3443132222694064,0.42267321030025734,7.967163963291937,2.7431998965497417,3.367506769353125,0.07835998803085092,-0.22758344136298803
hartmann_6,ucb,gaussian,5.0,0,11,0.25902963000469253,0.550016597518819,7.967163963291937,2.0637315335982302,4.38207241496438,0.2909869675141265,-1.1233732894142459
hartmann_6,ucb,gaussian,0.05,20,11,0.03843592019129369,0.000424703032696619,7.967163963291937,0.30622527824404,0.0033836786972013,-0.038011217158597066,0.9889503612614738
hartmann_6,ucb,gaussian,0.25,20,11,-0.043563458493940915,0.004970475073912538,7.967163963291937,-0.3470772166292901,0.0396005898893168,0.04853393356785345,
hartmann_6,ucb,gaussian,1.0,20,11,-0.0062794476397142265,0.03567330671187731,7.967163963291937,-0.0500293889445098,0.2842150836863293,0.041952754351591535,
hartmann_6,ucb,gaussian,5.0,20,11,0.14519061606216957,0.05673343279978926,7.967163963291937,1.156757444098673,0.4520045613163258,-0.0884571832623803,0.6092486254380489
hartmann_6,ucb,gaussian,0.05,0,7,-0.04678338018358094,0.0017913227391897276,7.967163963291937,-0.3727308606796122,0.0142717619742978,0.04857470292277067,
hartmann_6,ucb,gaussian,0.25,0,7,0.05064248394219042,0.05076044927713954,7.967163963291937,0.4034769730758101,0.4044168222413344,0.00011796533494912165,-0.00232937497860064
hartmann_6,ucb,gaussian,1.0,0,7,0.49781794617372815,0.6811309938261814,7.967163963291937,3.966197201035332,5.426682308293175,0.1833130476524532,-0.3682331042129219
hartmann_6,ucb,gaussian,5.0,0,7,0.6798792209214943,0.31211071855379213,7.967163963291937,5.416709228316727,2.486637269418925,-0.3677685023677022,0.5409321112494603
hartmann_6,ucb,gaussian,0.05,20,7,0.00041077264028962726,-0.0002551663634423068,7.967163963291937,0.0032726929768218,-0.0020329522554618,-0.0006659390037319341,1.6211863654365937
hartmann_6,ucb,gaussian,0.25,20,7,0.008675518798416812,0.0023274223403455317,7.967163963291937,0.0691192807336082,0.0185429553973615,-0.00634809645807128,0.7317252841674136
hartmann_6,ucb,gaussian,1.0,20,7,0.01836770234729708,0.04279062238688614,7.967163963291937,0.146338496229858,0.3409199046476325,0.024422920039589062,-1.3296665841921729
hartmann_6,ucb,gaussian,5.0,20,7,0.08883350283492056,0.09297756751210724,7.967163963291937,0.7077510825193712,0.740767525277004,0.004144064677186685,-0.04664979478392972
hartmann_6,ucb,gaussian,0.05,0,8,-0.002657884781147834,-0.0313179368281035,7.967163963291937,-0.0211758038469431,-0.2495151377015196,-0.028660052046955667,
hartmann_6,ucb,gaussian,0.25,0,8,0.00042817341552504965,0.04259827819771053,7.967163963291937,0.0034113278062108,0.339387466955084,0.04217010478218548,-98.488377029373
hartmann_6,ucb,gaussian,1.0,0,8,0.0834822671598454,0.06514665555446107,7.967163963291937,0.6651169104898302,0.5190340864624947,-0.018335611605384328,0.21963480663835733
hartmann_6,ucb,gaussian,5.0,0,8,0.32040803877754503,0.24858199547653617,7.967163963291937,2.5527433800975023,1.9804935162838584,-0.07182604330100886,0.22417054071129816
hartmann_6,ucb,gaussian,0.05,20,8,0.0012098060425102502,-0.0053159336402744724,7.967163963291937,0.0096387231044605,-0.0423529149300461,-0.006525739682784723,5.394037931273957
hartmann_6,ucb,gaussian,0.25,20,8,0.0012331645593645346,-0.016812869924103243,7.967163963291937,0.0098248242381779,-0.1339508913788302,-0.01804603448346778,14.633922412404658
hartmann_6,ucb,gaussian,1.0,20,8,0.060384573072883245,0.11279245226850038,7.967163963291937,0.4810937945250441,0.898635961044922,0.05240787919561713,-0.8679017922733614
hartmann_6,ucb,gaussian,5.0,20,8,0.14554640001790597,0.15186090890664555,7.967163963291937,1.1595920332095335,1.209900760873786,0.006314508888739578,-0.043384851071292196
hartmann_6,ucb,gaussian,0.05,0,9,0.07013984040191244,0.23459308953374478,7.967163963291937,0.5588156088411647,1.8690416089705704,0.16445324913183235,-2.3446481798288827
hartmann_6,ucb,gaussian,0.25,0,9,0.3621684565178931,0.08283851327929767,7.967163963291937,2.8854554754104207,0.659988017771501,-0.2793299432385954,0.7712707669912579
hartmann_6,ucb,gaussian,1.0,0,9,0.6063459242647521,0.7382607448492019,7.967163963291937,4.830857397091075,5.881844401875625,0.1319148205844498,-0.21755703354386058
hartmann_6,ucb,gaussian,5.0,0,9,0.1474405059564995,0.6217339966451827,7.967163963291937,1.174682685786153,4.95345669282497,0.4742934906886832,-3.2168466027145737
hartmann_6,ucb,gaussian,0.05,20,9,0.0024267376109368575,0.0002912435721870025,7.967163963291937,0.0193342164422213,0.0023203852928687,-0.002135494038749855,0.8799855530839339
hartmann_6,ucb,gaussian,0.25,20,9,0.0012977481549803944,0.01190189224468831,7.967163963291937,0.0103393723337884,0.0948243269868645,0.010604144089707916,-8.171187952772021
hartmann_6,ucb,gaussian,1.0,20,9,0.009117377789911237,0.011881959203214469,7.967163963291937,0.0726396437674991,0.0946655171771553,0.0027645814133032322,-0.3032211099514115
hartmann_6,ucb,gaussian,5.0,20,9,0.10348908093453046,0.018858071991547203,7.967163963291937,0.8245144762157938,0.1502453515882199,-0.08463100894298325,0.8177771816963255
hicks_law,ei,gaussian,0.05,0,10,0.007538765436625075,0.006447019239985931,5.402837764670362,0.0407307265999896,0.0348321990193524,-0.0010917461966391435,0.144817637027833
hicks_law,ei,gaussian,0.25,0,10,0.03941998954421944,0.023901597781591965,5.402837764670362,0.2129798081924196,0.1291364551303464,-0.015518391762627478,0.3936680841891065
hicks_law,ei,gaussian,1.0,0,10,0.39624082001006394,0.09163476148446967,5.402837764670362,2.140824866254325,0.4950877499048539,-0.3046060585255943,0.768739723781759
hicks_law,ei,gaussian,5.0,0,10,0.296222593685137,0.28477694112909285,5.402837764670362,1.6004426159106622,1.5386036120395712,-0.011445652556044128,0.038638688607966265
hicks_law,ei,gaussian,0.05,20,10,0.0,0.0,5.402837764670362,0.0,0.0,0.0,
hicks_law,ei,gaussian,0.25,20,10,0.0,0.0,5.402837764670362,0.0,0.0,0.0,
hicks_law,ei,gaussian,1.0,20,10,0.0,0.0,5.402837764670362,0.0,0.0,0.0,
hicks_law,ei,gaussian,5.0,20,10,0.0,0.0,5.402837764670362,0.0,0.0,0.0,
hicks_law,ei,gaussian,0.05,0,11,-0.0007049075360413611,-0.0006623322846809616,5.402837764670362,-0.003808501056325,-0.0035784738804347,4.25752513603995e-05,
hicks_law,ei,gaussian,0.25,0,11,0.01596068897587893,0.0030359419882179752,5.402837764670362,0.0862330131490366,0.0164027020252925,-0.012924746987660956,0.8097862822334215
hicks_law,ei,gaussian,1.0,0,11,0.0019310611422713806,0.07733620211269379,5.402837764670362,0.0104332100653513,0.4178349533506418,0.0754051409704224,-39.04855176244098
hicks_law,ei,gaussian,5.0,0,11,0.3279078318064946,0.3976136596402081,5.402837764670362,1.771632817015306,2.148242096052904,0.06970582783371354,-0.21257750218923843
hicks_law,ei,gaussian,0.05,20,11,0.0,0.0,5.402837764670362,0.0,0.0,0.0,
hicks_law,ei,gaussian,0.25,20,11,0.0,0.0,5.402837764670362,0.0,0.0,0.0,
hicks_law,ei,gaussian,1.0,20,11,0.0,0.0,5.402837764670362,0.0,0.0,0.0,
hicks_law,ei,gaussian,5.0,20,11,0.0,0.0,5.402837764670362,0.0,0.0,0.0,
hicks_law,ei,gaussian,0.05,0,7,-0.0004613721233012974,-0.0003278886270703123,5.402837764670362,-0.0024927187313384,-0.0017715290569414,0.00013348349623098506,
hicks_law,ei,gaussian,0.25,0,7,-0.004292470685811859,-0.0037182490241822355,5.402837764670362,-0.0231915227250448,-0.0200890962463005,0.0005742216616296237,
hicks_law,ei,gaussian,1.0,0,7,0.24466519203322123,0.1505628621223627,5.402837764670362,1.3218863392174138,0.8134667174315579,-0.09410232991085854,0.3846167455568469
hicks_law,ei,gaussian,5.0,0,7,0.7520330603964874,0.330892415333389,5.402837764670362,4.063112618990769,1.787758037606224,-0.42114064506309845,0.5600028339725708
hicks_law,ei,gaussian,0.05,20,7,0.0,0.0,5.402837764670362,0.0,0.0,0.0,
hicks_law,ei,gaussian,0.25,20,7,0.0,0.0,5.402837764670362,0.0,0.0,0.0,
hicks_law,ei,gaussian,1.0,20,7,0.0,0.0,5.402837764670362,0.0,0.0,0.0,
hicks_law,ei,gaussian,5.0,20,7,0.0,0.0,5.402837764670362,0.0,0.0,0.0,
hicks_law,ei,gaussian,0.05,0,8,-0.012215462527469337,-0.016267430494186358,5.402837764670362,-0.065998162256327,-0.0878902878081403,-0.004051967966717021,
hicks_law,ei,gaussian,0.25,0,8,-0.016076132134458087,-0.014270229689445286,5.402837764670362,-0.0868567338058809,-0.0770997358766552,0.0018059024450128008,
hicks_law,ei,gaussian,1.0,0,8,0.1529313007758528,0.01041193839382071,5.402837764670362,0.8262630072319392,0.0562540139575558,-0.14251936238203208,0.9319175450610911
hicks_law,ei,gaussian,5.0,0,8,0.03532603794341439,0.017279949321755795,5.402837764670362,0.1908608518768574,0.0933607627671722,-0.018046088621658598,0.5108438328284934
hicks_law,ei,gaussian,0.05,20,8,0.0,0.0,5.402837764670362,0.0,0.0,0.0,
hicks_law,ei,gaussian,0.25,20,8,0.0,0.0,5.402837764670362,0.0,0.0,0.0,
hicks_law,ei,gaussian,1.0,20,8,0.0,0.0,5.402837764670362,0.0,0.0,0.0,
hicks_law,ei,gaussian,5.0,20,8,0.0,0.0,5.402837764670362,0.0,0.0,0.0,
hicks_law,ei,gaussian,0.05,0,9,-0.00017216210921507306,-0.0002206950119198424,5.402837764670362,-0.0009301639453125,-0.0011923793448749,-4.8532902704769335e-05,
hicks_law,ei,gaussian,0.25,0,9,0.01723998034630939,0.009780698162675443,5.402837764670362,0.0931448168772152,0.0528435253981449,-0.007459282183633946,0.43267347373924214
hicks_law,ei,gaussian,1.0,0,9,0.0200475239794805,0.05586285588151267,5.402837764670362,0.1083135196444719,0.3018179473989745,0.03581533190203217,-1.78652146463028
hicks_law,ei,gaussian,5.0,0,9,0.11871735077405014,0.20499442377852167,5.402837764670362,0.6414105860836563,1.1075516143374369,0.08627707300447153,-0.7267435841680727
hicks_law,ei,gaussian,0.05,20,9,0.0,0.0,5.402837764670362,0.0,0.0,0.0,
hicks_law,ei,gaussian,0.25,20,9,0.0,0.0,5.402837764670362,0.0,0.0,0.0,
hicks_law,ei,gaussian,1.0,20,9,0.0,0.0,5.402837764670362,0.0,0.0,0.0,
hicks_law,ei,gaussian,5.0,20,9,0.0,0.0,5.402837764670362,0.0,0.0,0.0,
hicks_law,logei,gaussian,0.05,0,10,-0.0022096082012163423,-0.0022525984968687547,5.402837764670362,-0.011938154634657,-0.0121704242275222,-4.29902956524124e-05,
hicks_law,logei,gaussian,0.25,0,10,0.0031872840046073734,0.00411098036530348,5.402837764670362,0.0172203783868225,0.02221095996748,0.000923696360696107,-0.2898067318007618
hicks_law,logei,gaussian,1.0,0,10,0.2030073973605673,0.3475013141278848,5.402837764670362,1.0968160329671153,1.8774932232427144,0.14449391676731752,-0.7117667565122157
hicks_law,logei,gaussian,5.0,0,10,0.4463856406747834,0.5484456914711707,5.402837764670362,2.411749197044294,2.9631630937511906,0.1020600507963873,-0.2286365005874902
hicks_law,logei,gaussian,0.05,20,10,0.0,0.0,5.402837764670362,0.0,0.0,0.0,
hicks_law,logei,gaussian,0.25,20,10,0.0,0.0,5.402837764670362,0.0,0.0,0.0,
hicks_law,logei,gaussian,1.0,20,10,0.0,0.0,5.402837764670362,0.0,0.0,0.0,
hicks_law,logei,gaussian,5.0,20,10,0.0,0.0,5.402837764670362,0.0,0.0,0.0,
hicks_law,logei,gaussian,0.05,0,11,0.004129751928589906,0.00018774268777094904,5.402837764670362,0.0223123796785058,0.0010143432835296,-0.003942009240818957,0.9545389914412963
hicks_law,logei,gaussian,0.25,0,11,-0.0005171418221912257,-0.006292053814616697,5.402837764670362,-0.0027940333666252,-0.0339949459669493,-0.0057749119924254706,
hicks_law,logei,gaussian,1.0,0,11,-0.020297223603833094,-0.03035343392030102,5.402837764670362,-0.1096626062047481,-0.1639946790720287,-0.010056210316467924,
hicks_law,logei,gaussian,5.0,0,11,0.3275354436361623,0.3971408347997062,5.402837764670362,1.7696208641455184,2.145687500148566,0.06960539116354386,-0.2125125464005171
hicks_law,logei,gaussian,0.05,20,11,0.0,0.0,5.402837764670362,0.0,0.0,0.0,
hicks_law,logei,gaussian,0.25,20,11,0.0,0.0,5.402837764670362,0.0,0.0,0.0,
hicks_law,logei,gaussian,1.0,20,11,0.0,0.0,5.402837764670362,0.0,0.0,0.0,
hicks_law,logei,gaussian,5.0,20,11,0.0,0.0,5.402837764670362,0.0,0.0,0.0,
hicks_law,logei,gaussian,0.05,0,7,0.0005019457607328989,0.00044068963293341984,5.402837764670362,0.0027119315119039,0.0023809745913114,-6.12561277994791e-05,0.12203734465261362
hicks_law,logei,gaussian,0.25,0,7,0.0030625324714110363,0.012796934822660562,5.402837764670362,0.0165463660920688,0.0691397627318957,0.009734402351249526,-3.1785466577484094
hicks_law,logei,gaussian,1.0,0,7,0.11561168564073002,0.6348142002886132,5.402837764670362,0.6246311812169343,3.429798134868334,0.5192025146478833,-4.490917261264878
hicks_law,logei,gaussian,5.0,0,7,0.5157750108228293,0.35253986389077824,5.402837764670362,2.7866487065468464,1.904715690180846,-0.16323514693205105,0.31648517959727784
hicks_law,logei,gaussian,0.05,20,7,0.0,0.0,5.402837764670362,0.0,0.0,0.0,
hicks_law,logei,gaussian,0.25,20,7,0.0,0.0,5.402837764670362,0.0,0.0,0.0,
hicks_law,logei,gaussian,1.0,20,7,0.0,0.0,5.402837764670362,0.0,0.0,0.0,
hicks_law,logei,gaussian,5.0,20,7,0.0,0.0,5.402837764670362,0.0,0.0,0.0,
hicks_law,logei,gaussian,0.05,0,8,-0.007250264643682553,-0.010414770365764797,5.402837764670362,-0.0391720036207424,-0.0562693146425238,-0.0031645057220822444,
hicks_law,logei,gaussian,0.25,0,8,-0.011729985695895786,-0.013274404006332171,5.402837764670362,-0.0633752096968289,-0.071719451268903,-0.0015444183104363855,
hicks_law,logei,gaussian,1.0,0,8,0.1973484469522641,0.024551842057192002,5.402837764670362,1.066241641992738,0.132649619458819,-0.17279660489507212,0.8755914098319164
hicks_law,logei,gaussian,5.0,0,8,0.457630275356842,0.44578309586398046,5.402837764670362,2.472502133954442,2.4084937451855817,-0.011847179492861515,0.0258881025378479
hicks_law,logei,gaussian,0.05,20,8,0.0,0.0,5.402837764670362,0.0,0.0,0.0,
hicks_law,logei,gaussian,0.25,20,8,0.0,0.0,5.402837764670362,0.0,0.0,0.0,
hicks_law,logei,gaussian,1.0,20,8,0.0,0.0,5.402837764670362,0.0,0.0,0.0,
hicks_law,logei,gaussian,5.0,20,8,0.0,0.0,5.402837764670362,0.0,0.0,0.0,
hicks_law,logei,gaussian,0.05,0,9,0.0001233593242225114,5.560096377036563e-05,5.402837764670362,0.0006664904155336,0.0003004029868106,-6.775836045214579e-05,0.5492763589554489
hicks_law,logei,gaussian,0.25,0,9,0.008706671539182085,0.008443875456427188,5.402837764670362,0.0470407337964736,0.045620889196158,-0.0002627960827548976,0.03018330042338835
hicks_law,logei,gaussian,1.0,0,9,0.31069588185379665,0.21370337952124902,5.402837764670362,1.6786394438072536,1.154604689315087,-0.09699250233254764,0.31217826819535754
hicks_law,logei,gaussian,5.0,0,9,0.2766396768480937,0.2500005911218833,5.402837764670362,1.4946392932810857,1.350712634903225,-0.026639085726210432,0.0962952459666091
hicks_law,logei,gaussian,0.05,20,9,0.0,0.0,5.402837764670362,0.0,0.0,0.0,
hicks_law,logei,gaussian,0.25,20,9,0.0,0.0,5.402837764670362,0.0,0.0,0.0,
hicks_law,logei,gaussian,1.0,20,9,0.0,0.0,5.402837764670362,0.0,0.0,0.0,
hicks_law,logei,gaussian,5.0,20,9,0.0,0.0,5.402837764670362,0.0,0.0,0.0,
hicks_law,pi,gaussian,0.05,0,10,0.011818329403965063,0.02666359324608753,5.402837764670362,0.0638525164190566,0.1440590685317713,0.014845263842122468,-1.2561220232312924
hicks_law,pi,gaussian,0.25,0,10,0.43610780798204324,0.45683036747467376,5.402837764670362,2.356219734432994,2.4681803614404063,0.02072255949263052,-0.04751705682252716
hicks_law,pi,gaussian,1.0,0,10,0.2567111509397091,0.6039353860558746,5.402837764670362,1.3869687009090537,3.2629649112034533,0.3472242351161655,-1.3525872711221423
hicks_law,pi,gaussian,5.0,0,10,0.6318145025315293,0.6352234584542077,5.402837764670362,3.413591254543764,3.432009290340908,0.003408955922678425,-0.005395501225469834
hicks_law,pi,gaussian,0.05,20,10,0.0,0.0,5.402837764670362,0.0,0.0,0.0,
hicks_law,pi,gaussian,0.25,20,10,0.0,0.0,5.402837764670362,0.0,0.0,0.0,
hicks_law,pi,gaussian,1.0,20,10,0.0,0.0,5.402837764670362,0.0,0.0,0.0,
hicks_law,pi,gaussian,5.0,20,10,0.0,0.0,5.402837764670362,0.0,0.0,0.0,
hicks_law,pi,gaussian,0.05,0,11,0.039771212667911955,0.006336415767166538,5.402837764670362,0.214877409748931,0.0342346263995001,-0.03343479690074542,0.8406783363616454
hicks_law,pi,gaussian,0.25,0,11,0.2684469591621823,0.25363444476483166,5.402837764670362,1.4503753687723608,1.3703457565966315,-0.014812514397350651,0.0551785516348563
hicks_law,pi,gaussian,1.0,0,11,0.3182758404405062,0.3984768544284802,5.402837764670362,1.7195927303141652,2.152905797453247,0.08020101398797397,-0.25198586822352786
hicks_law,pi,gaussian,5.0,0,11,0.37003851201701665,0.4860763642035897,5.402837764670362,1.9992580471079648,2.626191737032819,0.11603785218657303,-0.3135831769349373
hicks_law,pi,gaussian,0.05,20,11,0.0,0.0,5.402837764670362,0.0,0.0,0.0,
hicks_law,pi,gaussian,0.25,20,11,0.0,0.0,5.402837764670362,0.0,0.0,0.0,
hicks_law,pi,gaussian,1.0,20,11,0.0,0.0,5.402837764670362,0.0,0.0,0.0,
hicks_law,pi,gaussian,5.0,20,11,0.0,0.0,5.402837764670362,0.0,0.0,0.0,
hicks_law,pi,gaussian,0.05,0,7,-0.00309372924380616,-0.028744195053961443,5.402837764670362,-0.016714917192101,-0.1553002225525939,-0.025650465810155284,
hicks_law,pi,gaussian,0.25,0,7,0.07587921979164505,-0.0002100516169087748,5.402837764670362,0.4099631142440226,-0.0011348748083648,-0.07608927140855383,1.0027682363825767
hicks_law,pi,gaussian,1.0,0,7,0.6708104349808545,0.6407393219390977,5.402837764670362,3.624279951049513,3.461810605881838,-0.030071113041756803,0.04482803408181191
hicks_law,pi,gaussian,5.0,0,7,0.6721484991104929,0.6896128100077087,5.402837764670362,3.631509294460674,3.7258661329100953,0.017464310897215785,-0.02598281617875764
hicks_law,pi,gaussian,0.05,20,7,0.0,0.0,5.402837764670362,0.0,0.0,0.0,
hicks_law,pi,gaussian,0.25,20,7,0.0,0.0,5.402837764670362,0.0,0.0,0.0,
hicks_law,pi,gaussian,1.0,20,7,0.0,0.0,5.402837764670362,0.0,0.0,0.0,
hicks_law,pi,gaussian,5.0,20,7,0.0,0.0,5.402837764670362,0.0,0.0,0.0,
hicks_law,pi,gaussian,0.05,0,8,0.0012761892654306788,-0.03096083685681102,5.402837764670362,0.0068950435581358,-0.1672763785957766,-0.0322370261222417,25.260380255089036
hicks_law,pi,gaussian,0.25,0,8,0.023100670130156403,-0.0547984272517049,5.402837764670362,0.1248091729684016,-0.2960670122000527,-0.0778990973818613,3.3721574717509673
hicks_law,pi,gaussian,1.0,0,8,0.3719662217402675,0.5839260817307418,5.402837764670362,2.009673150000067,3.154857886150844,0.2119598599904743,-0.5698363120145875
hicks_law,pi,gaussian,5.0,0,8,0.6064789017466651,0.5399806214022033,5.402837764670362,3.2767071138326878,2.9174276935019927,-0.06649828034446181,0.10964648589249537
hicks_law,pi,gaussian,0.05,20,8,0.0,0.0,5.402837764670362,0.0,0.0,0.0,
hicks_law,pi,gaussian,0.25,20,8,0.0,0.0,5.402837764670362,0.0,0.0,0.0,
hicks_law,pi,gaussian,1.0,20,8,0.0,0.0,5.402837764670362,0.0,0.0,0.0,
hicks_law,pi,gaussian,5.0,20,8,0.0,0.0,5.402837764670362,0.0,0.0,0.0,
hicks_law,pi,gaussian,0.05,0,9,0.0006326577961835114,-0.03198168161104467,5.402837764670362,0.0034181474333334,-0.1727918371858158,-0.03261433940722818,51.55131194774359
hicks_law,pi,gaussian,0.25,0,9,0.009220512597187145,-0.025992318645170345,5.402837764670362,0.0498169336697015,-0.1404322807674719,-0.03521283124235749,3.818966773398226
hicks_law,pi,gaussian,1.0,0,9,0.43158949948578706,0.26865698467631594,5.402837764670362,2.33180804665699,1.4515101025516663,-0.16293251480947113,0.37751732839560603
hicks_law,pi,gaussian,5.0,0,9,0.4735048210944647,0.39621862810071967,5.402837764670362,2.558269729162657,2.1407049669684497,-0.077286192993745,0.16322155456644516
hicks_law,pi,gaussian,0.05,20,9,0.0,0.0,5.402837764670362,0.0,0.0,0.0,
hicks_law,pi,gaussian,0.25,20,9,0.0,0.0,5.402837764670362,0.0,0.0,0.0,
hicks_law,pi,gaussian,1.0,20,9,0.0,0.0,5.402837764670362,0.0,0.0,0.0,
hicks_law,pi,gaussian,5.0,20,9,0.0,0.0,5.402837764670362,0.0,0.0,0.0,
hicks_law,qnei,gaussian,0.05,0,10,-0.0004365989330777952,0.0007433798466424886,5.402837764670362,-0.0023588732036475,0.0040163607089349,0.001179978779720284,
hicks_law,qnei,gaussian,0.25,0,10,-0.009192543560120635,-0.006086566218619923,5.402837764670362,-0.0496658214999971,-0.0328847298231266,0.0031059773415007116,
hicks_law,qnei,gaussian,1.0,0,10,0.04119424526897331,0.013957590660764983,5.402837764670362,0.2225658240263024,0.0754105979257914,-0.02723665460820833,0.661176201441963
hicks_law,qnei,gaussian,5.0,0,10,0.1472594509651062,0.3016900158699601,5.402837764670362,0.7956189228788991,1.629982210966221,0.15443056490485388,-1.0486971389119661
hicks_law,qnei,gaussian,0.05,20,10,0.0,0.0,5.402837764670362,0.0,0.0,0.0,
hicks_law,qnei,gaussian,0.25,20,10,0.0,0.0,5.402837764670362,0.0,0.0,0.0,
hicks_law,qnei,gaussian,1.0,20,10,0.0,0.0,5.402837764670362,0.0,0.0,0.0,
hicks_law,qnei,gaussian,5.0,20,10,0.0,0.0,5.402837764670362,0.0,0.0,0.0,
hicks_law,qnei,gaussian,0.05,0,11,0.010120821383908317,0.0012702939474025902,5.402837764670362,0.0546811559824632,0.0068631921112589,-0.008850527436505726,0.8744870698516324
hicks_law,qnei,gaussian,0.25,0,11,-0.025414900046307816,-0.036019839309237044,5.402837764670362,-0.1373125817555144,-0.1946093480973039,-0.010604939262929228,
hicks_law,qnei,gaussian,1.0,0,11,0.10493215208912673,-0.010830112151900016,5.402837764670362,0.5669313940352679,-0.0585133389299008,-0.11576226424102676,1.103210616920362
hicks_law,qnei,gaussian,5.0,0,11,0.3133851349119331,0.09582652415854484,5.402837764670362,1.6931690417885084,0.5177351635808828,-0.21755861075338825,0.6942212202072895
hicks_law,qnei,gaussian,0.05,20,11,0.0,0.0,5.402837764670362,0.0,0.0,0.0,
hicks_law,qnei,gaussian,0.25,20,11,0.0,0.0,5.402837764670362,0.0,0.0,0.0,
hicks_law,qnei,gaussian,1.0,20,11,0.0,0.0,5.402837764670362,0.0,0.0,0.0,
hicks_law,qnei,gaussian,5.0,20,11,0.0,0.0,5.402837764670362,0.0,0.0,0.0,
hicks_law,qnei,gaussian,0.05,0,7,-0.00044711383796140807,0.0005256361453943398,5.402837764670362,-0.0024156835288446,0.0028399268168123,0.0009727499833557479,
hicks_law,qnei,gaussian,0.25,0,7,0.011715658884039585,0.0035607670474923593,5.402837764670362,0.0632978042566849,0.0192382466753855,-0.008154891836547225,0.6960677088043896
hicks_law,qnei,gaussian,1.0,0,7,-0.01407721715680874,-5.88916909660368e-05,5.402837764670362,-0.0760569204762718,-0.0003181822519766,0.014018325465842705,
hicks_law,qnei,gaussian,5.0,0,7,0.4979132985637866,0.08676423391021972,5.402837764670362,2.690144773012015,0.4687730795928279,-0.4111490646535669,0.8257442929110588
hicks_law,qnei,gaussian,0.05,20,7,0.0,0.0,5.402837764670362,0.0,0.0,0.0,
hicks_law,qnei,gaussian,0.25,20,7,0.0,0.0,5.402837764670362,0.0,0.0,0.0,
hicks_law,qnei,gaussian,1.0,20,7,0.0,0.0,5.402837764670362,0.0,0.0,0.0,
hicks_law,qnei,gaussian,5.0,20,7,0.0,0.0,5.402837764670362,0.0,0.0,0.0,
hicks_law,qnei,gaussian,0.05,0,8,-0.011956950235701898,-0.011586513367745712,5.402837764670362,-0.0646014622837344,-0.0626000519841145,0.0003704368679561861,
hicks_law,qnei,gaussian,0.25,0,8,-0.0006752733963710635,0.0003648649336755855,5.402837764670362,-0.0036483926073908,0.0019713060426664,0.001040138330046649,
hicks_law,qnei,gaussian,1.0,0,8,0.022167144177208817,0.07928524792185733,5.402837764670362,0.1197654836955165,0.4283653316534631,0.05711810374464851,-2.5767010530555656
hicks_law,qnei,gaussian,5.0,0,8,0.04995349641597122,0.05701119973353997,5.402837764670362,0.2698906369135349,0.3080222629295346,0.007057703317568748,-0.14128547196772878
hicks_law,qnei,gaussian,0.05,20,8,0.0,0.0,5.402837764670362,0.0,0.0,0.0,
hicks_law,qnei,gaussian,0.25,20,8,0.0,0.0,5.402837764670362,0.0,0.0,0.0,
hicks_law,qnei,gaussian,1.0,20,8,0.0,0.0,5.402837764670362,0.0,0.0,0.0,
hicks_law,qnei,gaussian,5.0,20,8,0.0,0.0,5.402837764670362,0.0,0.0,0.0,
hicks_law,qnei,gaussian,0.05,0,9,-0.00016452563778274657,-0.00022258167445080991,5.402837764670362,-0.0008889053290691,-0.0012025726764464,-5.805603666806335e-05,
hicks_law,qnei,gaussian,0.25,0,9,-0.0030038842931826397,-0.0032098327521317277,5.402837764670362,-0.0162294994999073,-0.0173422056114931,-0.000205948458949088,
hicks_law,qnei,gaussian,1.0,0,9,0.07720341267811326,0.046459700308545814,5.402837764670362,0.4171175135787409,0.2510142233622786,-0.030743712369567446,0.3982170127342456
hicks_law,qnei,gaussian,5.0,0,9,0.3890406460450496,0.08647364676580087,5.402837764670362,2.101923494443949,0.467203084395034,-0.30256699927924874,0.7777259326374152
hicks_law,qnei,gaussian,0.05,20,9,0.0,0.0,5.402837764670362,0.0,0.0,0.0,
hicks_law,qnei,gaussian,0.25,20,9,0.0,0.0,5.402837764670362,0.0,0.0,0.0,
hicks_law,qnei,gaussian,1.0,20,9,0.0,0.0,5.402837764670362,0.0,0.0,0.0,
hicks_law,qnei,gaussian,5.0,20,9,0.0,0.0,5.402837764670362,0.0,0.0,0.0,
hicks_law,qucb,gaussian,0.05,0,10,-0.0009825364011783874,-0.000940503382486264,5.402837764670362,-0.0053084847734499,-0.005081387192697,4.203301869212339e-05,
hicks_law,qucb,gaussian,0.25,0,10,-0.0029489382882132834,-0.005281737575853726,5.402837764670362,-0.0159326351492411,-0.028536371237901,-0.0023327992876404423,
hicks_law,qucb,gaussian,1.0,0,10,0.04307877668294741,0.06048370493913627,5.402837764670362,0.2327476415184293,0.3267836451923447,0.017404928256188855,-0.40402559209808153
hicks_law,qucb,gaussian,5.0,0,10,0.5017463286703286,0.13478002076742923,5.402837764670362,2.710854012824759,0.7281945861253223,-0.3669663079028994,0.7313781624977547
hicks_law,qucb,gaussian,0.05,20,10,0.0,0.0,5.402837764670362,0.0,0.0,0.0,
hicks_law,qucb,gaussian,0.25,20,10,0.0,0.0,5.402837764670362,0.0,0.0,0.0,
hicks_law,qucb,gaussian,1.0,20,10,0.0,0.0,5.402837764670362,0.0,0.0,0.0,
hicks_law,qucb,gaussian,5.0,20,10,0.0,0.0,5.402837764670362,0.0,0.0,0.0,
hicks_law,qucb,gaussian,0.05,0,11,0.014747875025496527,0.00043712839352715493,5.402837764670362,0.0796803761363915,0.0023617337925582,-0.014310746631969372,0.9703599065783081
hicks_law,qucb,gaussian,0.25,0,11,0.0007113726070298904,-0.014240973997723134,5.402837764670362,0.0038434307860131,-0.0769416721205872,-0.014952346604753024,21.01900812175181
hicks_law,qucb,gaussian,1.0,0,11,0.048841184406489734,-0.0057184871347744845,5.402837764670362,0.2638809955826119,-0.0308960582485412,-0.05455967154126422,1.1170833018131034
hicks_law,qucb,gaussian,5.0,0,11,0.315343083929199,0.10014797597645686,5.402837764670362,1.7037475226802918,0.5410832666609012,-0.21519510795274216,0.6824158160419902
hicks_law,qucb,gaussian,0.05,20,11,0.0,0.0,5.402837764670362,0.0,0.0,0.0,
hicks_law,qucb,gaussian,0.25,20,11,0.0,0.0,5.402837764670362,0.0,0.0,0.0,
hicks_law,qucb,gaussian,1.0,20,11,0.0,0.0,5.402837764670362,0.0,0.0,0.0,
hicks_law,qucb,gaussian,5.0,20,11,0.0,0.0,5.402837764670362,0.0,0.0,0.0,
hicks_law,qucb,gaussian,0.05,0,7,0.00036984492930762936,0.00036419785539313775,5.402837764670362,0.0019982121511351,0.00196770192693,-5.647073914491615e-06,0.015268761221258975
hicks_law,qucb,gaussian,0.25,0,7,0.007635528991253778,0.0084567835036469,5.402837764670362,0.0412535243871813,0.0456906292811448,0.0008212545123931214,-0.10755698961183158
hicks_law,qucb,gaussian,1.0,0,7,0.07485675335717262,0.012922773543836356,5.402837764670362,0.4044388939787471,0.0698196489269221,-0.061933979813336267,0.8273666307410309
hicks_law,qucb,gaussian,5.0,0,7,0.3592128794164477,0.41576728839330024,5.402837764670362,1.9407689104671644,2.246323207045916,0.056554408976852544,-0.15743981415345387
hicks_law,qucb,gaussian,0.05,20,7,0.0,0.0,5.402837764670362,0.0,0.0,0.0,
hicks_law,qucb,gaussian,0.25,20,7,0.0,0.0,5.402837764670362,0.0,0.0,0.0,
hicks_law,qucb,gaussian,1.0,20,7,0.0,0.0,5.402837764670362,0.0,0.0,0.0,
hicks_law,qucb,gaussian,5.0,20,7,0.0,0.0,5.402837764670362,0.0,0.0,0.0,
hicks_law,qucb,gaussian,0.05,0,8,-0.012848819793901782,-0.013663158535799733,5.402837764670362,-0.0694200888139366,-0.073819828921897,-0.0008143387418979506,
hicks_law,qucb,gaussian,0.25,0,8,-0.00033021687354094594,-0.0007024700297582527,5.402837764670362,-0.0017841081948984,-0.003795331605327,-0.00037225315621730674,
hicks_law,qucb,gaussian,1.0,0,8,0.15565218587275212,0.07905207300780552,5.402837764670362,0.8409635079867956,0.4271055254220502,-0.0766001128649466,0.4921235923250592
hicks_law,qucb,gaussian,5.0,0,8,0.1315309641861627,0.29408245517503523,5.402837764670362,0.7106404605285046,1.588879794746659,0.16255149098887253,-1.2358420087212685
hicks_law,qucb,gaussian,0.05,20,8,0.0,0.0,5.402837764670362,0.0,0.0,0.0,
hicks_law,qucb,gaussian,0.25,20,8,0.0,0.0,5.402837764670362,0.0,0.0,0.0,
hicks_law,qucb,gaussian,1.0,20,8,0.0,0.0,5.402837764670362,0.0,0.0,0.0,
hicks_law,qucb,gaussian,5.0,20,8,0.0,0.0,5.402837764670362,0.0,0.0,0.0,
hicks_law,qucb,gaussian,0.05,0,9,-0.0005787705481147989,-0.0020723224213991583,5.402837764670362,-0.0031270033744336,-0.0111964218389085,-0.0014935518732843594,
hicks_law,qucb,gaussian,0.25,0,9,-0.006964177107370104,-0.008929544016613096,5.402837764670362,-0.037626319075552,-0.0482448776342435,-0.0019653669092429913,
hicks_law,qucb,gaussian,1.0,0,9,0.1234731099205539,0.007534330311356555,5.402837764670362,0.6671051812000632,0.0407067643376978,-0.11593877960919734,0.9389799907347894
hicks_law,qucb,gaussian,5.0,0,9,0.2901363717577823,0.38845028583033075,5.402837764670362,1.5675597462373856,2.0987338739811072,0.09831391407254847,-0.3388541515043999
hicks_law,qucb,gaussian,0.05,20,9,0.0,0.0,5.402837764670362,0.0,0.0,0.0,
hicks_law,qucb,gaussian,0.25,20,9,0.0,0.0,5.402837764670362,0.0,0.0,0.0,
hicks_law,qucb,gaussian,1.0,20,9,0.0,0.0,5.402837764670362,0.0,0.0,0.0,
hicks_law,qucb,gaussian,5.0,20,9,0.0,0.0,5.402837764670362,0.0,0.0,0.0,
hicks_law,ucb,gaussian,0.05,0,10,-0.0010401276832569422,-0.0010038703124459845,5.402837764670362,-0.0056196411271797,-0.0054237484349146,3.625737081095772e-05,
hicks_law,ucb,gaussian,0.25,0,10,0.013579688187025265,0.005889386212481834,5.402837764670362,0.0733688521693081,0.0318193982395258,-0.00769030197454343,0.566309172098012
hicks_law,ucb,gaussian,1.0,0,10,0.09262350150844166,0.06029618595152602,5.402837764670362,0.5004297518458108,0.3257705105244913,-0.03232731555691564,0.3490184999534848
hicks_law,ucb,gaussian,5.0,0,10,0.5207369375651234,0.421639064986462,5.402837764670362,2.813457191735641,2.2780474633691576,-0.09909787257866143,0.1903031366317628
hicks_law,ucb,gaussian,0.05,20,10,0.0,0.0,5.402837764670362,0.0,0.0,0.0,
hicks_law,ucb,gaussian,0.25,20,10,0.0,0.0,5.402837764670362,0.0,0.0,0.0,
hicks_law,ucb,gaussian,1.0,20,10,0.0,0.0,5.402837764670362,0.0,0.0,0.0,
hicks_law,ucb,gaussian,5.0,20,10,0.0,0.0,5.402837764670362,0.0,0.0,0.0,
hicks_law,ucb,gaussian,0.05,0,11,0.0005976975997583603,-0.013674360694376744,5.402837764670362,0.0032292631638273,-0.0738803523673027,-0.014272058294135104,23.87839318729918
hicks_law,ucb,gaussian,0.25,0,11,0.019508711462972943,0.0039234624582195135,5.402837764670362,0.1054024030322078,0.0211978311375348,-0.01558524900475343,0.7988866427356748
hicks_law,ucb,gaussian,1.0,0,11,0.17954214331932825,-0.004171458120256249,5.402837764670362,0.9700370722755252,-0.0225377114658613,-0.18371360143958448,1.0232338661170877
hicks_law,ucb,gaussian,5.0,0,11,0.2828762773044352,0.30373381289028045,5.402837764670362,1.528334633749768,1.6410245146909286,0.020857535585845244,-0.07373377430090433
hicks_law,ucb,gaussian,0.05,20,11,0.0,0.0,5.402837764670362,0.0,0.0,0.0,
hicks_law,ucb,gaussian,0.25,20,11,0.0,0.0,5.402837764670362,0.0,0.0,0.0,
hicks_law,ucb,gaussian,1.0,20,11,0.0,0.0,5.402837764670362,0.0,0.0,0.0,
hicks_law,ucb,gaussian,5.0,20,11,0.0,0.0,5.402837764670362,0.0,0.0,0.0,
hicks_law,ucb,gaussian,0.05,0,7,-0.0006489260452995318,-0.0006407189315826525,5.402837764670362,-0.0035060421440225,-0.003461700440094,8.207113716879322e-06,
hicks_law,ucb,gaussian,0.25,0,7,0.0005256655969756255,0.00047807480076648057,5.402837764670362,0.0028400859389279,0.0025829605879184,-4.759079620914497e-05,0.09053435583944391
hicks_law,ucb,gaussian,1.0,0,7,0.11175806424660746,0.04130986264013817,5.402837764670362,0.6038106900180273,0.2231904859254838,-0.0704482016064693,0.6303634738251815
hicks_law,ucb,gaussian,5.0,0,7,0.06065344381132384,0.046129786707765144,5.402837764670362,0.3277007167811323,0.2492317537009024,-0.014523657103558699,0.23945313226958387
hicks_law,ucb,gaussian,0.05,20,7,0.0,0.0,5.402837764670362,0.0,0.0,0.0,
hicks_law,ucb,gaussian,0.25,20,7,0.0,0.0,5.402837764670362,0.0,0.0,0.0,
hicks_law,ucb,gaussian,1.0,20,7,0.0,0.0,5.402837764670362,0.0,0.0,0.0,
hicks_law,ucb,gaussian,5.0,20,7,0.0,0.0,5.402837764670362,0.0,0.0,0.0,
hicks_law,ucb,gaussian,0.05,0,8,0.0011773237285348677,0.0007276892030558453,5.402837764670362,0.0063608891017707,0.003931586707213,-0.00044963452547902246,0.3819123955299658
hicks_law,ucb,gaussian,0.25,0,8,0.0033921241147711893,0.003600070928225534,5.402837764670362,0.0183270962697348,0.0194505991665088,0.00020794681345434477,-0.06130283162365102
hicks_law,ucb,gaussian,1.0,0,8,0.019902261157225334,0.0020840662731259315,5.402837764670362,0.1075286881825891,0.0112598719645206,-0.017818194884099404,0.8952849499530695
hicks_law,ucb,gaussian,5.0,0,8,0.6382078437164533,0.1719035930149029,5.402837764670362,3.4481334397400945,0.9287672242234416,-0.46630425070155046,0.7306463800039456
hicks_law,ucb,gaussian,0.05,20,8,0.0,0.0,5.402837764670362,0.0,0.0,0.0,
hicks_law,ucb,gaussian,0.25,20,8,0.0,0.0,5.402837764670362,0.0,0.0,0.0,
hicks_law,ucb,gaussian,1.0,20,8,0.0,0.0,5.402837764670362,0.0,0.0,0.0,
hicks_law,ucb,gaussian,5.0,20,8,0.0,0.0,5.402837764670362,0.0,0.0,0.0,
hicks_law,ucb,gaussian,0.05,0,9,0.010688737888498494,0.0032879565541260587,5.402837764670362,0.0577495167206426,0.0177642958392277,-0.007400781334372435,0.6923905714196593
hicks_law,ucb,gaussian,0.25,0,9,0.0031808987916419965,-0.00046389206594079854,5.402837764670362,0.0171858801170777,-0.0025063335725959,-0.003644790857582795,1.14583678901061
hicks_law,ucb,gaussian,1.0,0,9,0.014525546529322055,0.013680102275231391,5.402837764670362,0.0784791713410977,0.0739113731971731,-0.0008454442540906642,0.05820395483116625
hicks_law,ucb,gaussian,5.0,0,9,0.42040665378183245,0.00900029113443434,5.402837764670362,2.271388945571182,0.0486271128341497,-0.4114063626473981,0.9785914636377164
hicks_law,ucb,gaussian,0.05,20,9,0.0,0.0,5.402837764670362,0.0,0.0,0.0,
hicks_law,ucb,gaussian,0.25,20,9,0.0,0.0,5.402837764670362,0.0,0.0,0.0,
hicks_law,ucb,gaussian,1.0,20,9,0.0,0.0,5.402837764670362,0.0,0.0,0.0,
hicks_law,ucb,gaussian,5.0,20,9,0.0,0.0,5.402837764670362,0.0,0.0,0.0,
levy_10,ei,gaussian,0.05,0,10,-0.016527421006721138,0.011705644312272669,2.6244803317786123,-0.0433758913671643,0.0307212332683558,0.028233065318993805,
levy_10,ei,gaussian,0.25,0,10,0.05076661400249918,-0.026488705090890147,2.6244803317786123,0.1332359799605558,-0.0695190855253252,-0.07725531909338933,1.5217741149643373
levy_10,ei,gaussian,1.0,0,10,0.16237284011441944,0.12293823381049576,2.6244803317786123,0.4261443252953271,0.3226489766592465,-0.039434606303923675,0.24286454727364037
levy_10,ei,gaussian,5.0,0,10,0.15570215437021745,0.23556714193302114,2.6244803317786123,0.408637241760193,0.6182413308165148,0.07986498756280369,-0.5129343770857944
levy_10,ei,gaussian,0.05,20,10,-0.03481685615851303,-0.06611365557591085,2.6244803317786123,-0.0913761542023825,-0.1735139887209634,-0.031296799417397825,
levy_10,ei,gaussian,0.25,20,10,-0.018509388098497608,-0.0562969533383382,2.6244803317786123,-0.0485775250177641,-0.1477502467755269,-0.037787565239840594,
levy_10,ei,gaussian,1.0,20,10,0.03228480361922044,-0.007714275674399927,2.6244803317786123,0.084730832113979,-0.0202459647813808,-0.039999079293620364,1.2389444819112143
levy_10,ei,gaussian,5.0,20,10,0.03228480361922044,0.02567156839872042,2.6244803317786123,0.084730832113979,0.0673745263483511,-0.00661323522050002,0.20484049704929586
levy_10,ei,gaussian,0.05,0,11,-0.051380952465544825,0.06462078528719664,2.6244803317786123,-0.1348482991738742,0.1695959800103363,0.11600173775274147,
levy_10,ei,gaussian,0.25,0,11,0.04512427095534422,0.20887789998215203,2.6244803317786123,0.1184277616081498,0.5481959402463782,0.16375362902680782,-3.62894791560979
levy_10,ei,gaussian,1.0,0,11,0.1239373644363773,0.028678680069657275,2.6244803317786123,0.3252711753357503,0.0752666317841868,-0.09525868436672003,0.7686034377116406
levy_10,ei,gaussian,5.0,0,11,0.3484583596655448,0.33005152117130165,2.6244803317786123,0.91452211138606,0.8662137257876935,-0.018406838494243127,0.052823638703661135
levy_10,ei,gaussian,0.05,20,11,-0.015902065554006913,0.022590694236848143,2.6244803317786123,-0.0417346582811453,0.0592888327058324,0.038492759790855056,
levy_10,ei,gaussian,0.25,20,11,0.056674760471677785,-0.0053395726989173015,2.6244803317786123,0.1487417941661823,-0.0140136035284105,-0.062014333170595085,1.0942142967077144
levy_10,ei,gaussian,1.0,20,11,0.03696426492083776,0.006844843768220079,2.6244803317786123,0.0970119862633928,0.017964157843791,-0.030119421152617676,0.8148253784329563
levy_10,ei,gaussian,5.0,20,11,0.133656473556742,0.022590694236848143,2.6244803317786123,0.3507787860645576,0.0592888327058324,-0.11106577931989386,0.8309794233254435
levy_10,ei,gaussian,0.05,0,7,0.05637600691940421,-0.14419293886012632,2.6244803317786123,0.1479577213441913,-0.3784315320197575,-0.20056894577953055,3.5577004605215516
levy_10,ei,gaussian,0.25,0,7,0.006611591485055384,-0.06250082309550717,2.6244803317786123,0.0173519918142828,-0.164032180934133,-0.06911241458056255,10.453219128372027
levy_10,ei,gaussian,1.0,0,7,0.08684362886430029,-0.056398423524040696,2.6244803317786123,0.2279193958946375,-0.148016553282165,-0.14324205238834098,1.6494249982594287
levy_10,ei,gaussian,5.0,0,7,0.15172780833173277,0.056607398214619575,2.6244803317786123,0.3982066487505077,0.1485650032474288,-0.0951204101171132,0.626914809901854
levy_10,ei,gaussian,0.05,20,7,0.05806710015934805,0.015723131819746976,2.6244803317786123,0.1523959622916277,0.0412650502148884,-0.04234396833960108,0.7292247800114097
levy_10,ei,gaussian,0.25,20,7,0.054886406008584625,-0.03853821711097273,2.6244803317786123,0.1440482930515458,-0.1011427928295619,-0.09342462311955735,1.702145028496584
levy_10,ei,gaussian,1.0,20,7,0.08674750910032338,0.023583822719646035,2.6244803317786123,0.2276671314645849,0.0618952788758646,-0.06316368638067735,0.7281325658311252
levy_10,ei,gaussian,5.0,20,7,0.08708482421152108,0.1266098666571383,2.6244803317786123,0.228552408339535,0.3322851048507722,0.03952504244561722,-0.4538683152143077
levy_10,ei,gaussian,0.05,0,8,0.061050696913441144,-0.059518794669128246,2.6244803317786123,0.1602263532907035,-0.1562059059802968,-0.12056949158256938,1.9749077025855273
levy_10,ei,gaussian,0.25,0,8,0.047403268090648695,0.01032437165789585,2.6244803317786123,0.1244089447659362,0.0270961103541202,-0.03707889643275285,0.782201268525354
levy_10,ei,gaussian,1.0,0,8,0.004143662209134153,-0.026168193879293443,2.6244803317786123,0.0108749599694069,-0.0686779101543751,-0.030311856088427597,7.315233375348294
levy_10,ei,gaussian,5.0,0,8,0.07018697034506804,0.02440265727331088,2.6244803317786123,0.1842043232177598,0.0640442940569387,-0.04578431307175716,0.6523192673321363
levy_10,ei,gaussian,0.05,20,8,0.01873792997598492,-0.048911515312509306,2.6244803317786123,0.0491773286802173,-0.1283673099351691,-0.06764944528849423,3.610294486914816
levy_10,ei,gaussian,0.25,20,8,0.06267900803698861,0.018385271266402988,2.6244803317786123,0.1644998238084702,0.0482517828330891,-0.04429373677058562,0.7066757780283739
levy_10,ei,gaussian,1.0,20,8,0.06972742519332913,-0.01983639306155034,2.6244803317786123,0.1829982560054568,-0.0520602234434686,-0.08956381825487947,1.2844848064667689
levy_10,ei,gaussian,5.0,20,8,0.1181249434964815,0.04123207608249086,2.6244803317786123,0.3100165908989756,0.1082127727168966,-0.07689286741399065,0.6509452206957542
levy_10,ei,gaussian,0.05,0,9,0.012289672613192547,-0.11745954318661325,2.6244803317786123,0.0322540040573221,-0.308270260872967,-0.1297492157998058,10.557581140161897
levy_10,ei,gaussian,0.25,0,9,0.16850712370416082,0.1255933643709762,2.6244803317786123,0.4422436319261557,0.3296173145935318,-0.042913759333184615,0.254670297550898
levy_10,ei,gaussian,1.0,0,9,0.17242897909421787,0.09876088081165824,2.6244803317786123,0.4525364642614403,0.2591959892393288,-0.07366809828255963,0.42723733950953935
levy_10,ei,gaussian,5.0,0,9,0.3438143555323091,0.11880922611454095,2.6244803317786123,0.9023340138776844,0.3118124771714506,-0.22500512941776815,0.6544378551890451
levy_10,ei,gaussian,0.05,20,9,0.007658490469997394,0.054493530026094396,2.6244803317786123,0.0200995576096221,0.143017197762672,0.046835039556097004,-6.1154400778555695
levy_10,ei,gaussian,0.25,20,9,0.025927081067093034,0.021789865304338317,2.6244803317786123,0.0680451143210153,0.0571870729233411,-0.004137215762754717,0.15957121251129658
levy_10,ei,gaussian,1.0,20,9,0.08577726086035897,0.2520429906474174,2.6244803317786123,0.2251207340418555,0.6614818717168077,0.16626572978705845,-1.9383427276575156
levy_10,ei,gaussian,5.0,20,9,0.1360877492324071,0.3179797467430491,2.6244803317786123,0.3571596212564724,0.8345315912310766,0.18189199751064197,-1.3365787775651397
levy_10,logei,gaussian,0.05,0,10,-0.08731536603016979,-0.09089438623363827,2.6244803317786123,-0.229157460808231,-0.2385505289392723,-0.0035790202034684804,
levy_10,logei,gaussian,0.25,0,10,-0.14515871050223356,0.039546014556162044,2.6244803317786123,-0.3809661806994574,0.103787737402878,0.1847047250583956,
levy_10,logei,gaussian,1.0,0,10,0.03253366966180753,0.25881155761834906,2.6244803317786123,0.0853839761479964,0.6792458426063442,0.22627788795654152,-6.955191046959498
levy_10,logei,gaussian,5.0,0,10,0.16371645167418394,0.11758373754777782,2.6244803317786123,0.4296706074074794,0.3085962065311612,-0.04613271412640613,0.281784229102497
levy_10,logei,gaussian,0.05,20,10,0.08262999128363346,-0.021421537528317842,2.6244803317786123,0.2168607869389342,-0.0562204039195276,-0.1040515288119513,1.259246518068565
levy_10,logei,gaussian,0.25,20,10,0.045907595340402146,-0.002898562552136438,2.6244803317786123,0.1204835810501369,-0.0076072204085121,-0.04880615789253859,1.0631390629512125
levy_10,logei,gaussian,1.0,20,10,0.20987968539020932,0.0,2.6244803317786123,0.5508251063464873,0.0,-0.20987968539020932,1.0
levy_10,logei,gaussian,5.0,20,10,0.2968570131711569,0.0,2.6244803317786123,0.7790953924182458,0.0,-0.2968570131711569,1.0
levy_10,logei,gaussian,0.05,0,11,-0.11515385023679686,-0.02039754052529877,2.6244803317786123,-0.3022190150750533,-0.0535329439253038,0.0947563097114981,
levy_10,logei,gaussian,0.25,0,11,-0.07472176573013266,0.04987959956241437,2.6244803317786123,-0.1961058045145023,0.1309080280085496,0.12460136529254703,
levy_10,logei,gaussian,1.0,0,11,-0.023396653324385338,0.09165921770364566,2.6244803317786123,-0.061404056479292,0.240557814089432,0.115055871028031,
levy_10,logei,gaussian,5.0,0,11,0.251360567743841,0.07386084453962247,2.6244803317786123,0.6596908662284162,0.1938463337827969,-0.17749972320421856,0.7061558015937754
levy_10,logei,gaussian,0.05,20,11,-0.030656294516320966,-0.04225290085778272,2.6244803317786123,-0.0804568420032969,-0.1108919072618424,-0.011596606341461757,
levy_10,logei,gaussian,0.25,20,11,-0.09833161721636156,-0.04617787144778299,2.6244803317786123,-0.2580693953763241,-0.1211929153781076,0.05215374576857858,
levy_10,logei,gaussian,1.0,20,11,-0.03811385813571563,-0.00456246846328722,2.6244803317786123,-0.1000290710453859,-0.0119741087462575,0.033551389672428406,
levy_10,logei,gaussian,5.0,20,11,0.051794742504524025,0.011576333336884445,2.6244803317786123,0.135934282992661,0.0303818591567663,-0.04021840916763958,0.7764959766742097
levy_10,logei,gaussian,0.05,0,7,0.07056502209698313,-0.013782715533612742,2.6244803317786123,0.1851965126050554,-0.0361724658364662,-0.08434773763059587,1.195319368208658
levy_10,logei,gaussian,0.25,0,7,0.06953575490547398,0.0618245658730296,2.6244803317786123,0.1824952211047946,0.1622573571545174,-0.007711189032444381,0.11089530908130463
levy_10,logei,gaussian,1.0,0,7,0.010681034954003858,-0.05446660318826475,2.6244803317786123,0.028032166159823,-0.1429465288063911,-0.06514763814226861,6.099375053336717
levy_10,logei,gaussian,5.0,0,7,0.00755852909188792,0.08933153124299577,2.6244803317786123,0.0198372109388363,0.234448846754909,0.08177300215110785,-10.818639599981102
levy_10,logei,gaussian,0.05,20,7,-0.022291035825770883,-0.04652098140614284,2.6244803317786123,-0.0585023850997081,-0.1220934007154604,-0.024229945580371955,
levy_10,logei,gaussian,0.25,20,7,-0.005272931299474246,-0.008992209249391038,2.6244803317786123,-0.01383870448629,-0.0235998763142645,-0.003719277949916792,
levy_10,logei,gaussian,1.0,20,7,0.02278057299715936,-0.0033003743205289003,2.6244803317786123,0.0597871657776917,-0.0086617674917353,-0.02608094731768826,1.1448767035377223
levy_10,logei,gaussian,5.0,20,7,-0.0074122008784582,0.02398231278298514,2.6244803317786123,-0.0194531754207057,0.0629411082095073,0.03139451366144334,
levy_10,logei,gaussian,0.05,0,8,-0.01669940069492662,0.014464263072742132,2.6244803317786123,-0.043827248676325,0.0379611739480834,0.03116366376766875,
levy_10,logei,gaussian,0.25,0,8,-0.021155945586892842,0.0485918917393292,2.6244803317786123,-0.0555233630929788,0.1275284641537851,0.06974783732622204,
levy_10,logei,gaussian,1.0,0,8,0.005372340370794279,0.05287190171232073,2.6244803317786123,0.0140996016387698,0.1387612661477177,0.04749956134152645,-8.84150259721981
levy_10,logei,gaussian,5.0,0,8,0.018478493687329223,0.05287190171232073,2.6244803317786123,0.0484964432432908,0.1387612661477177,0.03439340802499151,-1.8612668655224427
levy_10,logei,gaussian,0.05,20,8,-0.030754058653729346,0.050052043001648415,2.6244803317786123,-0.0807134220590785,0.1313606024231636,0.08080610165537776,
levy_10,logei,gaussian,0.25,20,8,-0.019005599764561888,0.015882471196173583,2.6244803317786123,-0.0498798227757489,0.0416832332743979,0.03488807096073547,
levy_10,logei,gaussian,1.0,20,8,-0.027865853976066817,0.04894947373639416,2.6244803317786123,-0.0731333856884022,0.1284669310720802,0.07681532771246098,
levy_10,logei,gaussian,5.0,20,8,0.00868898630017218,0.07561745641628678,2.6244803317786123,0.0228040736478957,0.1984565271036711,0.06692847011611461,-7.702678748013259
levy_10,logei,gaussian,0.05,0,9,-0.06350903772261846,0.08247627799743482,2.6244803317786123,-0.1666782203931981,0.2164573694425728,0.14598531572005327,
levy_10,logei,gaussian,0.25,0,9,-0.009877144317685127,0.20718360310303172,2.6244803317786123,-0.0259223709959035,0.543749291410933,0.21706074742071685,
levy_10,logei,gaussian,1.0,0,9,0.13701093461463723,0.1188742085948338,2.6244803317786123,0.3595825031347209,0.3119830224128894,-0.01813672601980343,0.13237429604298045
levy_10,logei,gaussian,5.0,0,9,0.35743329865688517,0.4066486915220979,2.6244803317786123,0.9380766622477458,1.067241492843254,0.04921539286521276,-0.1376911246102357
levy_10,logei,gaussian,0.05,20,9,-0.014677564116790658,-0.04818286405299962,2.6244803317786123,-0.0385209783429366,-0.1264549790358602,-0.03350529993620896,
levy_10,logei,gaussian,0.25,20,9,0.08702466878869827,0.028322403039720945,2.6244803317786123,0.2283945316154867,0.0743315897264544,-0.05870226574897733,0.6745474193244029
levy_10,logei,gaussian,1.0,20,9,0.07800270006530825,0.07216870731566769,2.6244803317786123,0.2047165521470278,0.1894053529198571,-0.005833992749640568,0.07479218981850655
levy_10,logei,gaussian,5.0,20,9,0.16164852562116505,0.08205854704738265,2.6244803317786123,0.4242433761537588,0.2153610427801857,-0.0795899785737824,0.49236439533205045
levy_10,pi,gaussian,0.05,0,10,0.031068406425745113,0.018105991374213332,2.6244803317786123,0.0815384216040723,0.0475188182489761,-0.01296241505153178,0.41722175492046987
levy_10,pi,gaussian,0.25,0,10,0.07187979015305906,0.10539995482927067,2.6244803317786123,0.1886470955090775,0.276620108419775,0.033520164676211606,-0.4663364292638388
levy_10,pi,gaussian,1.0,0,10,0.11894862662049142,0.19753480793736392,2.6244803317786123,0.3121783310575576,0.5184262182732773,0.07858618131687249,-0.6606732969486371
levy_10,pi,gaussian,5.0,0,10,0.5875791531494623,0.5149939561373424,2.6244803317786123,1.542089930803897,1.3515915088673127,-0.07258519701211985,0.12353262811156329
levy_10,pi,gaussian,0.05,20,10,0.02926018247086576,0.012938000305338128,2.6244803317786123,0.0767927733990405,0.0339555273339056,-0.01632218216552763,0.5578291311675707
levy_10,pi,gaussian,0.25,20,10,0.03410680338389902,0.03241476948501161,2.6244803317786123,0.0895126346608832,0.0850719249725505,-0.0016920338988874115,0.049609864631470546
levy_10,pi,gaussian,1.0,20,10,0.03410680338389902,0.03903513739720912,2.6244803317786123,0.0895126346608832,0.1024469503472511,0.004928334013310096,-0.14449709513488562
levy_10,pi,gaussian,5.0,20,10,0.03410680338389902,0.03903513739720912,2.6244803317786123,0.0895126346608832,0.1024469503472511,0.004928334013310096,-0.14449709513488562
levy_10,pi,gaussian,0.05,0,11,0.1423052787190338,0.020123877736509393,2.6244803317786123,0.3734774051063778,0.0528147213185864,-0.12218140098252442,0.858586568835287
levy_10,pi,gaussian,0.25,0,11,0.13786656144861095,-0.00671380006871732,2.6244803317786123,0.3618280789318269,-0.0176202362318425,-0.14458036151732828,1.0486978132926008
levy_10,pi,gaussian,1.0,0,11,0.21389265172579033,0.33646262208771843,2.6244803317786123,0.5613570575663094,0.8830395340478772,0.1225699703619281,-0.5730443256136839
levy_10,pi,gaussian,5.0,0,11,0.12112994655926215,0.26445890050368276,2.6244803317786123,0.3179031623341779,0.6940671829357123,0.1433289539444206,-1.1832660544789202
levy_10,pi,gaussian,0.05,20,11,0.009544786789711823,0.02744888797896217,2.6244803317786123,0.025050105200619,0.0720390666299806,0.017904101189250347,-1.875798965834302
levy_10,pi,gaussian,0.25,20,11,0.0056957204671255895,0.04836085994275769,2.6244803317786123,0.01494830634128,0.1269221257476677,0.0426651394756321,-7.490736197797212
levy_10,pi,gaussian,1.0,20,11,0.00966442416368864,0.053017461304427985,2.6244803317786123,0.0253640911355668,0.1391432844343049,0.04335303714073935,-4.485837583953135
levy_10,pi,gaussian,5.0,20,11,0.00966442416368864,0.06342827236345536,2.6244803317786123,0.0253640911355668,0.1664662532965855,0.05376384819976672,-5.563067937536235
levy_10,pi,gaussian,0.05,0,7,0.022583543901867738,0.018517428846366462,2.6244803317786123,0.0592700667923107,0.0485986278023987,-0.004066115055501276,0.18004769637439388
levy_10,pi,gaussian,0.25,0,7,0.09592760318835945,0.057334982434203464,2.6244803317786123,0.2517601078425127,0.1504745337214392,-0.03859262075415599,0.4023098615148043
levy_10,pi,gaussian,1.0,0,7,0.04648719478739523,0.16834941788154859,2.6244803317786123,0.12200472839908,0.4418297360965029,0.12186222309415336,-2.621414857391991
levy_10,pi,gaussian,5.0,0,7,0.0816933668373667,0.06786908273421291,2.6244803317786123,0.214402634501444,0.1781210727717972,-0.013824284103153783,0.16922162273804742
levy_10,pi,gaussian,0.05,20,7,0.017112429746018183,0.019747430346105464,2.6244803317786123,0.044911235297368,0.0518267425465219,0.0026350006000872804,-0.1539816752615395
levy_10,pi,gaussian,0.25,20,7,0.030673036169668516,0.024452427155466017,2.6244803317786123,0.080500780143229,0.0641749141337698,-0.006220609014202499,0.2028038235208629
levy_10,pi,gaussian,1.0,20,7,0.030673036169668516,0.03921293351435444,2.6244803317786123,0.080500780143229,0.1029135727597656,0.008539897344685923,-0.27841708585505875
levy_10,pi,gaussian,5.0,20,7,0.030673036169668516,0.03921293351435444,2.6244803317786123,0.080500780143229,0.1029135727597656,0.008539897344685923,-0.27841708585505875
levy_10,pi,gaussian,0.05,0,8,-0.003229689973751159,0.002166709677840208,2.6244803317786123,-0.0084762578138525,0.005686486934166,0.005396399651591367,
levy_10,pi,gaussian,0.25,0,8,0.012056915493456307,0.06825060930432125,2.6244803317786123,0.0316431375744929,0.1791223817510975,0.05619369381086495,-4.660702303285045
levy_10,pi,gaussian,1.0,0,8,0.01857014823330553,0.05728509315688151,2.6244803317786123,0.0487369887965237,0.1503436002943411,0.03871494492357598,-2.0847946089165186
levy_10,pi,gaussian,5.0,0,8,0.06492951069441069,0.09375983130120218,2.6244803317786123,0.1704062237694899,0.2460708331608858,0.028830320606791485,-0.4440249171517825
levy_10,pi,gaussian,0.05,20,8,0.01268030929756149,0.01734101405474125,2.6244803317786123,0.0332792223523196,0.0455111503197649,0.0046607047571797615,-0.36755450106221366
levy_10,pi,gaussian,0.25,20,8,0.04736766690971564,0.05285863383096172,2.6244803317786123,0.1243155101667893,0.1387264448540466,0.005490966921246079,-0.11592225835636039
levy_10,pi,gaussian,1.0,20,8,0.04736766690971564,0.05830261959685003,2.6244803317786123,0.1243155101667893,0.1530140784231032,0.010934952687134389,-0.23085267653095043
levy_10,pi,gaussian,5.0,20,8,0.04736766690971564,0.056418069198963985,2.6244803317786123,0.1243155101667893,0.1480681129696057,0.009050402289248347,-0.19106709026853097
levy_10,pi,gaussian,0.05,0,9,-0.022203174076599906,-0.035122853994781496,2.6244803317786123,-0.0582717936670932,-0.0921792395052359,-0.01291967991818159,
levy_10,pi,gaussian,0.25,0,9,0.049274730119146584,0.07525412487561445,2.6244803317786123,0.1293205600513994,0.1975029706212617,0.025979394756467863,-0.5272356579863458
levy_10,pi,gaussian,1.0,0,9,0.23450962622999813,0.4146621989495967,2.6244803317786123,0.6154659016533839,1.0882727854752865,0.18015257271959859,-0.768209713246107
levy_10,pi,gaussian,5.0,0,9,0.057588885816602826,0.22938938208627732,2.6244803317786123,0.1511408981547184,0.602027921604284,0.1718004962696745,-2.9832231312269033
levy_10,pi,gaussian,0.05,20,9,0.03374200098840141,-0.03906801593118674,2.6244803317786123,0.088555217948914,-0.1025332394130131,-0.07281001691958816,2.1578452607068597
levy_10,pi,gaussian,0.25,20,9,0.10417489120876484,0.023129552052499284,2.6244803317786123,0.27340495304258,0.060703054444634,-0.08104533915626556,0.7779738305063547
levy_10,pi,gaussian,1.0,20,9,0.12628653976038898,0.04067365044716664,2.6244803317786123,0.3314365397695186,0.1067471956202272,-0.08561288931322233,0.6779256876913471
levy_10,pi,gaussian,5.0,20,9,0.11344202508236546,0.035375143274346516,2.6244803317786123,0.2977263636258042,0.0928413677573729,-0.07806688180801895,0.6881654461945463
levy_10,qnei,gaussian,0.05,0,10,-0.09526544473323643,0.031104718201762773,2.6244803317786123,-0.2500222860005214,0.0816337211460426,0.1263701629349992,
levy_10,qnei,gaussian,0.25,0,10,0.02738796741381191,-0.03316923226299989,2.6244803317786123,0.0718791818049429,-0.0870519976944398,-0.06055719967681181,2.211087765727093
levy_10,qnei,gaussian,1.0,0,10,0.005750978466294407,0.022339091139191438,2.6244803317786123,0.015093329873272,0.0586285053246178,0.016588112672897032,-2.884398328061457
levy_10,qnei,gaussian,5.0,0,10,0.3015809830415924,0.5446416206060097,2.6244803317786123,0.7914933584311186,1.4294012211485014,0.24306063756441731,-0.8059547890355399
levy_10,qnei,gaussian,0.05,20,10,0.006321949440007235,-0.03587302829877208,2.6244803317786123,0.0165918319637978,-0.0941480572114649,-0.04219497773877931,6.674361783369628
levy_10,qnei,gaussian,0.25,20,10,0.02287027062093769,-0.02273227153493435,2.6244803317786123,0.0600225754271052,-0.059660399540086,-0.04560254215587204,1.9939660055497113
levy_10,qnei,gaussian,1.0,20,10,0.027241698617732707,0.05971525964846873,2.6244803317786123,0.0714953022264801,0.1567215244544592,0.03247356103073602,-1.1920534576943629
levy_10,qnei,gaussian,5.0,20,10,0.1003002445660408,0.10947027670725938,2.6244803317786123,0.2632360191361587,0.2873025881325646,0.009170032141218587,-0.091425820354613
levy_10,qnei,gaussian,0.05,0,11,0.01612218461951444,-0.004660606981959849,2.6244803317786123,0.0423123564392193,-0.0122316713583037,-0.02078279160147429,1.2890803629874457
levy_10,qnei,gaussian,0.25,0,11,0.13187783052215202,0.0720205487174651,2.6244803317786123,0.3461107724030211,0.1890165135928905,-0.05985728180468691,0.4538843380095827
levy_10,qnei,gaussian,1.0,0,11,-0.01849330336086462,0.08004713595360174,2.6244803317786123,-0.0485353109402045,0.2100821339254364,0.09854043931446636,
levy_10,qnei,gaussian,5.0,0,11,-0.04080098182182218,0.2915100101743331,2.6244803317786123,-0.107081374308629,0.7650622882191204,0.33231099199615527,
levy_10,qnei,gaussian,0.05,20,11,-0.09014139637144479,0.05883833018273915,2.6244803317786123,-0.2365743218559168,0.1544200403192948,0.14897972655418396,
levy_10,qnei,gaussian,0.25,20,11,0.014343658453366801,0.06466493859585672,2.6244803317786123,0.0376446494966112,0.1697118595004976,0.05032128014248992,-3.508259786447878
levy_10,qnei,gaussian,1.0,20,11,-0.07046130827625782,0.061516606889712645,2.6244803317786123,-0.1849243177224282,0.1614491248598075,0.13197791516597046,
levy_10,qnei,gaussian,5.0,20,11,0.0038679389097228387,0.08271574005676417,2.6244803317786123,0.0101513295930888,0.2170858329074899,0.07884780114704133,-20.384965478343414
levy_10,qnei,gaussian,0.05,0,7,-0.028506837279531405,0.011688565694126416,2.6244803317786123,-0.0748156337613435,0.030676410770937,0.04019540297365782,
levy_10,qnei,gaussian,0.25,0,7,0.08745613133932775,-0.00452188048247484,2.6244803317786123,0.2295268965935128,-0.0118675863889088,-0.0919780118218026,1.0517045564813523
levy_10,qnei,gaussian,1.0,0,7,0.10753457743481003,0.030619791941309753,2.6244803317786123,0.2822223834637831,0.0803610417131207,-0.07691478549350028,0.7152563140923469
levy_10,qnei,gaussian,5.0,0,7,0.13723569256650814,0.09434036815079866,2.6244803317786123,0.3601723759588169,0.2475944407045245,-0.04289532441570948,0.31256682291249593
levy_10,qnei,gaussian,0.05,20,7,0.03781830009943165,0.010958074140093872,2.6244803317786123,0.0992533847922595,0.0287592500548482,-0.026860225959337777,0.710244138121413
levy_10,qnei,gaussian,0.25,20,7,-0.027464289005569256,0.047249641161874516,2.6244803317786123,-0.0720794863214001,0.1240057539129368,0.07471393016744377,
levy_10,qnei,gaussian,1.0,20,7,0.015017498619493669,-0.00381022903121967,2.6244803317786123,0.0394131297593736,-0.0099998711520079,-0.01882772765071334,1.2537192862647413
levy_10,qnei,gaussian,5.0,20,7,0.009508832378047723,0.04859385642797615,2.6244803317786123,0.0249557435543659,0.1275336204404971,0.03908502404992843,-4.110391528213378
levy_10,qnei,gaussian,0.05,0,8,0.03615336271631397,0.04101346718788243,2.6244803317786123,0.0948837893766242,0.1076390379726449,0.004860104471568462,-0.13443021911141262
levy_10,qnei,gaussian,0.25,0,8,0.04020704751370537,0.031233338299968858,2.6244803317786123,0.1055226053986079,0.0819712820640559,-0.008973709213736514,0.2231874700741866
levy_10,qnei,gaussian,1.0,0,8,0.07991273238923628,0.036270374524555254,2.6244803317786123,0.2097293944142383,0.0951908845659393,-0.04364235786468103,0.5461252113381543
levy_10,qnei,gaussian,5.0,0,8,0.08116884875264566,0.052026216747986916,2.6244803317786123,0.2130260471044315,0.1365417825919427,-0.02914263200465874,0.35903714851824664
levy_10,qnei,gaussian,0.05,20,8,0.023720690886173984,0.0049900452424916225,2.6244803317786123,0.0622544866869638,0.0130962755936047,-0.01873064564368236,0.7896332250001977
levy_10,qnei,gaussian,0.25,20,8,0.045709944058773544,-0.010359950584994731,2.6244803317786123,0.1199648491489518,-0.027189486548517,-0.05606989464376828,1.2266454444064507
levy_10,qnei,gaussian,1.0,20,8,0.1017467590703983,0.023964064650215163,2.6244803317786123,0.2670323680024775,0.0628932163439608,-0.07778269442018314,0.7644734351328626
levy_10,qnei,gaussian,5.0,20,8,0.1017467590703983,0.023964064650215163,2.6244803317786123,0.2670323680024775,0.0628932163439608,-0.07778269442018314,0.7644734351328626
levy_10,qnei,gaussian,0.05,0,9,0.042255423929363795,-0.05777753660123265,2.6244803317786123,0.1108985290135826,-0.151636008428554,-0.10003296053059645,2.3673401241416103
levy_10,qnei,gaussian,0.25,0,9,0.23103562962153645,-0.025782667180929655,2.6244803317786123,0.6063484658818106,-0.0676661029171438,-0.2568182968024661,1.1115960651747296
levy_10,qnei,gaussian,1.0,0,9,0.025607780902438995,-0.00481939558770763,2.6244803317786123,0.0672071173189471,-0.0126484089309993,-0.030427176490146625,1.188200438221049
levy_10,qnei,gaussian,5.0,0,9,0.49349023216752086,0.5071806997684487,2.6244803317786123,1.2951554082485195,1.331085771200007,0.013690467600927847,-0.027742124784914557
levy_10,qnei,gaussian,0.05,20,9,-0.04737178837006675,-0.0006405894839047774,2.6244803317786123,-0.124326326858419,-0.0016812145012523,0.04673119888616198,
levy_10,qnei,gaussian,0.25,20,9,0.019477941707813178,0.009662397335916837,2.6244803317786123,0.051119474915686,0.0253587717659438,-0.00981554437189634,0.5039312941345869
levy_10,qnei,gaussian,1.0,20,9,-0.011613782931783216,0.06963805017657873,2.6244803317786123,-0.0304801448820112,0.182763693031843,0.08125183310836195,
levy_10,qnei,gaussian,5.0,20,9,0.03567721542192327,0.18820808519645724,2.6244803317786123,0.0936341501674662,0.4939484178798154,0.15253086977453395,-4.275301981129541
levy_10,qucb,gaussian,0.05,0,10,0.06410235348143595,-0.030645333012607887,2.6244803317786123,0.1682353659327489,-0.0804280737523952,-0.09474768649404383,1.4780687657822544
levy_10,qucb,gaussian,0.25,0,10,-0.005041923930261528,0.11776061953159928,2.6244803317786123,-0.0132324301892953,0.3090604298187466,0.1228025434618608,
levy_10,qucb,gaussian,1.0,0,10,0.44418494748956333,0.06897538362658688,2.6244803317786123,1.1657546583584746,0.1810245377048618,-0.37520956386297644,0.8447147207116749
levy_10,qucb,gaussian,5.0,0,10,0.2826504677084547,0.2902930252926391,2.6244803317786123,0.7418105932688651,0.7618683353330425,0.007642557584184417,-0.02703889947943572
levy_10,qucb,gaussian,0.05,20,10,0.010625708604348002,-0.08794106334100063,2.6244803317786123,0.0278869632433221,-0.2307995910941533,-0.09856677194534863,9.27625400013468
levy_10,qucb,gaussian,0.25,20,10,0.03181710980606279,-0.029887049812421042,2.6244803317786123,0.0835033789000522,-0.0784379744075867,-0.06170415961848383,1.939338927847118
levy_10,qucb,gaussian,1.0,20,10,0.042496109880918294,-0.033730588178270925,2.6244803317786123,0.1115302045595728,-0.0885252652531962,-0.07622669805918922,1.7937335505012122
levy_10,qucb,gaussian,5.0,20,10,0.042496109880918294,0.04617251071464697,2.6244803317786123,0.1115302045595728,0.1211788462394282,0.0036764008337286727,-0.08651146761505002
levy_10,qucb,gaussian,0.05,0,11,0.09471976690367062,-0.16710998275350325,2.6244803317786123,0.2485901652693383,-0.4385768629804324,-0.26182974965717387,2.764256693362147
levy_10,qucb,gaussian,0.25,0,11,0.04915733853472217,-0.22447113782304018,2.6244803317786123,0.1290124681469612,-0.5891200862685351,-0.27362847635776233,5.566381022936901
levy_10,qucb,gaussian,1.0,0,11,0.14281955972006624,0.05482114270213674,2.6244803317786123,0.3748271254785948,0.1438770107873865,-0.0879984170179295,0.6161510173425193
levy_10,qucb,gaussian,5.0,0,11,0.2507852405179702,-0.10517781142364613,2.6244803317786123,0.6581809312397815,-0.2760370974208791,-0.3559630519416163,1.4193939452194737
levy_10,qucb,gaussian,0.05,20,11,-0.011024825657994019,0.02897639408724257,2.6244803317786123,-0.0289344381006935,0.0760479763678342,0.040001219745236585,
levy_10,qucb,gaussian,0.25,20,11,0.009254225004594614,-0.05175982560877236,2.6244803317786123,0.0242875315104124,-0.135842644286514,-0.061014050613366975,6.59310213260151
levy_10,qucb,gaussian,1.0,20,11,0.08058632601434158,0.055335009609744294,2.6244803317786123,0.2114972276349386,0.1452256443795544,-0.02525131640459729,0.3133449265338567
levy_10,qucb,gaussian,5.0,20,11,0.08189170001498294,0.06603357037894957,2.6244803317786123,0.214923156025237,0.1733038066966719,-0.015858129636033377,0.19364758129495374
levy_10,qucb,gaussian,0.05,0,7,-0.07253358403749803,0.05467205352680194,2.6244803317786123,-0.1903629646998247,0.1434857291790392,0.12720563756429998,
levy_10,qucb,gaussian,0.25,0,7,-0.04675655233516375,-0.04813562278988903,2.6244803317786123,-0.1227116519854146,-0.1263309952699781,-0.0013790704547252813,
levy_10,qucb,gaussian,1.0,0,7,-0.09698767609907888,-0.010314685575902859,2.6244803317786123,-0.2545422483469471,-0.0270706894224376,0.08667299052317602,
levy_10,qucb,gaussian,5.0,0,7,-0.01350696421891272,0.03685972071952997,2.6244803317786123,-0.0354487619345739,0.096737612063259,0.050366684938442687,
levy_10,qucb,gaussian,0.05,20,7,-0.028729492756739375,-0.0006469661204051006,2.6244803317786123,-0.0753999886820386,-0.0016979498583303,0.028082526636334273,
levy_10,qucb,gaussian,0.25,20,7,0.01441378996735146,-0.03107240477703464,2.6244803317786123,0.0378287082757018,-0.0815489151983912,-0.0454861947443861,3.1557414703153333
levy_10,qucb,gaussian,1.0,20,7,0.07533825322025174,0.010972762237254569,2.6244803317786123,0.1977237638071074,0.0287977986769577,-0.06436549098299717,0.8543533760309567
levy_10,qucb,gaussian,5.0,20,7,0.08029762223421212,0.11506491909745921,2.6244803317786123,0.2107395302422787,0.3019856170489789,0.03476729686324709,-0.43298040335288923
levy_10,qucb,gaussian,0.05,0,8,0.044107973503661205,0.05046868403107036,2.6244803317786123,0.115760508934971,0.1324540686102935,0.006360710527409157,-0.14420772531935033
levy_10,qucb,gaussian,0.25,0,8,0.01704336939669952,-0.002297333938084891,2.6244803317786123,0.0447299877688754,-0.0060293077360313,-0.01934070333478441,1.13479341347432
levy_10,qucb,gaussian,1.0,0,8,0.07363110153039498,0.027345203219360265,2.6244803317786123,0.1932433777737157,0.0717669480177002,-0.04628589831103472,0.6286188492226734
levy_10,qucb,gaussian,5.0,0,8,0.07363110153039498,0.05046868403107036,2.6244803317786123,0.1932433777737157,0.1324540686102935,-0.02316241749932462,0.31457382842171866
levy_10,qucb,gaussian,0.05,20,8,-0.03231573743855601,-0.03309808948467072,2.6244803317786123,-0.084812017314412,-0.0868652848719668,-0.0007823520461147093,
levy_10,qucb,gaussian,0.25,20,8,0.04136290775146226,0.0022718968415133354,2.6244803317786123,0.1085561378588858,0.0059625485763817,-0.039091010909948924,0.9450740539044182
levy_10,qucb,gaussian,1.0,20,8,0.10331879471939365,0.00023232770874860362,2.6244803317786123,0.2711581446441206,0.0006097395021379,-0.10308646701064504,0.9977513509581718
levy_10,qucb,gaussian,5.0,20,8,0.09485202318355067,0.04222205260496673,2.6244803317786123,0.2489372692746377,0.1108109466290571,-0.052629970578583936,0.5548639745589641
levy_10,qucb,gaussian,0.05,0,9,-0.15930269916944376,0.1772112444843521,2.6244803317786123,-0.4180868007694502,0.4650874257191932,0.33651394365379583,
levy_10,qucb,gaussian,0.25,0,9,-0.1196191250270955,0.09362725850442183,2.6244803317786123,-0.3139380409381789,0.2457228984632069,0.21324638353151731,
levy_10,qucb,gaussian,1.0,0,9,-0.1980682647786722,0.12956512495747197,2.6244803317786123,-0.5198262652611436,0.3400411221353234,0.3276333897361442,
levy_10,qucb,gaussian,5.0,0,9,0.04323705296229812,-0.012873728426017821,2.6244803317786123,0.1134747951036216,-0.033786847050743,-0.05611078138831594,1.2977475924930282
levy_10,qucb,gaussian,0.05,20,9,-0.10721535621187032,0.06417953436826927,2.6244803317786123,-0.2813845936426915,0.1684379256522322,0.1713948905801396,
levy_10,qucb,gaussian,0.25,20,9,-0.06949033088679572,0.0023543730735143226,2.6244803317786123,-0.1823760066611832,0.0061790058251075,0.07184470396031005,
levy_10,qucb,gaussian,1.0,20,9,-0.039319782567211754,0.113279213963317,2.6244803317786123,-0.1031939959974588,0.2972990690460666,0.15259899653052875,
levy_10,qucb,gaussian,5.0,20,9,-0.37809328975530027,0.20033371098779282,2.6244803317786123,-0.9922984025402574,0.5257718842796831,0.5784270007430931,
levy_10,ucb,gaussian,0.05,0,10,-0.0326953107101087,0.039383561204946016,2.6244803317786123,-0.0858081999000709,0.10336138177778,0.07207887191505472,
levy_10,ucb,gaussian,0.25,0,10,-0.07966337128232542,0.19321102101473317,2.6244803317786123,-0.2090749510936402,0.5070785245360313,0.27287439229705857,
levy_10,ucb,gaussian,1.0,0,10,0.40613419784580196,0.324151839287803,2.6244803317786123,1.065891214308991,0.8507301267207007,-0.08198235855799896,0.20186026932192846
levy_10,ucb,gaussian,5.0,0,10,0.5169292667128165,0.1727278188862815,2.6244803317786123,1.3566706934085273,0.4533207634180641,-0.34420144782653495,0.6658579229133845
levy_10,ucb,gaussian,0.05,20,10,-0.06101352598250557,0.024625692909918374,2.6244803317786123,-0.1601287989135492,0.0646296466985008,0.08563921889242394,
levy_10,ucb,gaussian,0.25,20,10,-0.008892737267973492,0.012067716406792429,2.6244803317786123,-0.0233388140554711,0.0316714843591088,0.02096045367476592,
levy_10,ucb,gaussian,1.0,20,10,0.05226525103875538,0.05239642594762331,2.6244803317786123,0.1371691233866852,0.1375133893550319,0.0001311749088679301,-0.0025097919987155937
levy_10,ucb,gaussian,5.0,20,10,0.1611682219980076,0.06758553313203412,2.6244803317786123,0.4229828287415,0.1773769024177953,-0.09358268886597347,0.5806522384240882
levy_10,ucb,gaussian,0.05,0,11,0.021805145673804233,-0.038292813599644634,2.6244803317786123,0.0572271759524667,-0.1004987361407319,-0.06009795927344887,2.7561365639326123
levy_10,ucb,gaussian,0.25,0,11,0.14667928030550056,0.008416755336601762,2.6244803317786123,0.3849568862412282,0.022089608838304,-0.1382625249688988,0.9426179667702792
levy_10,ucb,gaussian,1.0,0,11,0.16169481223052826,0.04900547604082678,2.6244803317786123,0.4243648544496572,0.1286139080185979,-0.11268933618970148,0.696926108111869
levy_10,ucb,gaussian,5.0,0,11,0.2565519994214296,0.24170922080609228,2.6244803317786123,0.6733156765600199,0.6343610960151229,-0.01484277861533731,0.0578548545667561
levy_10,ucb,gaussian,0.05,20,11,-0.04106262306562119,0.06551251745527574,2.6244803317786123,-0.1077680466069616,0.1719363135466742,0.10657514052089692,
levy_10,ucb,gaussian,0.25,20,11,0.08874491739370868,0.3436613109329359,2.6244803317786123,0.2329092902451061,0.9019323513367444,0.25491639353922724,-2.8724618944464617
levy_10,ucb,gaussian,1.0,20,11,0.042543440999544095,0.32344889957172257,2.6244803317786123,0.1116544241494873,0.8488852752614214,0.28090545857217847,-6.602791216986626
levy_10,ucb,gaussian,5.0,20,11,-0.025218765878040814,0.40997575766469946,2.6244803317786123,-0.0661861550386477,1.0759733124970383,0.4351945235427403,
levy_10,ucb,gaussian,0.05,0,7,0.02382762792585715,-0.06228573050056254,2.6244803317786123,0.0625351408443509,-0.1634676746491896,-0.08611335842641969,3.614013056371911
levy_10,ucb,gaussian,0.25,0,7,0.06042228074878659,0.0023934803582621733,2.6244803317786123,0.1585770874263959,0.0062816421247575,-0.05802880039052442,0.9603874542867162
levy_10,ucb,gaussian,1.0,0,7,0.05165698264568866,-0.10872150397752073,2.6244803317786123,0.135572734952639,-0.2853374488303933,-0.1603784866232094,3.1046816598490334
levy_10,ucb,gaussian,5.0,0,7,0.11071892689163094,0.03288179761167196,2.6244803317786123,0.2905796459827195,0.086297631105358,-0.07783712927995898,0.7030155680260893
levy_10,ucb,gaussian,0.05,20,7,-0.0029033625992063517,-0.0851435565573452,2.6244803317786123,-0.0076198180376387,-0.2234575895624324,-0.08224019395813885,
levy_10,ucb,gaussian,0.25,20,7,-0.022628600130130638,-0.0466767002576125,2.6244803317786123,-0.0593883159772108,-0.1225020817784297,-0.024048100127481865,
levy_10,ucb,gaussian,1.0,20,7,-0.005689508666753379,-0.03226332749870419,2.6244803317786123,-0.0149320035933782,-0.0846744684580812,-0.026573818831950813,
levy_10,ucb,gaussian,5.0,20,7,0.045435915348432936,0.055558899412825144,2.6244803317786123,0.1192456661883202,0.1458132387642259,0.010122984064392208,-0.2227969655010229
levy_10,ucb,gaussian,0.05,0,8,0.005236144163771016,0.01859280150076271,2.6244803317786123,0.0137421573721744,0.0487964418514156,0.013356657336991696,-2.5508574476246606
levy_10,ucb,gaussian,0.25,0,8,0.0045226285340534056,0.019423301403267854,2.6244803317786123,0.0118695496355639,0.0509760725110844,0.014900672869214447,-3.2946930655522397
levy_10,ucb,gaussian,1.0,0,8,0.02836201003271786,0.046156548065092146,2.6244803317786123,0.0744355375005757,0.1211369525796285,0.017794538032374286,-0.6274075078545862
levy_10,ucb,gaussian,5.0,0,8,0.028872687865401137,0.05240370038518125,2.6244803317786123,0.0757758014283283,0.1375324809733275,0.023531012519780115,-0.8149921001285756
levy_10,ucb,gaussian,0.05,20,8,-0.015578026480958244,0.039105646270946946,2.6244803317786123,-0.0408842241072013,0.1026319994995919,0.054683672751905193,
levy_10,ucb,gaussian,0.25,20,8,-0.018407166660117543,-0.005633458990940527,2.6244803317786123,-0.0483092468632495,-0.0147849023216048,0.012773707669177016,
levy_10,ucb,gaussian,1.0,20,8,0.04878488639326419,0.05694357773769619,2.6244803317786123,0.1280349748271759,0.1494472997936901,0.008158691344432,-0.1672380925244603
levy_10,ucb,gaussian,5.0,20,8,0.04878488639326419,0.08854418340944427,2.6244803317786123,0.1280349748271759,0.2323824678514846,0.03975929701618008,-0.8149921001285698
levy_10,ucb,gaussian,0.05,0,9,-0.10867628278872722,-0.15988282156947237,2.6244803317786123,-0.2852187667098251,-0.4196093205983495,-0.051206538780745145,
levy_10,ucb,gaussian,0.25,0,9,0.254119042689559,-0.3032217140973438,2.6244803317786123,0.666930429469157,-0.7957994248166763,-0.5573407567869028,2.19322704386137
levy_10,ucb,gaussian,1.0,0,9,0.11507302267292795,-0.28292538221169783,2.6244803317786123,0.3020068847234137,-0.7425321009755474,-0.3979984048846258,3.4586595158437494
levy_10,ucb,gaussian,5.0,0,9,0.08056857789273407,0.09024984193969639,2.6244803317786123,0.2114506480388537,0.2368589351168617,0.009681264046962318,-0.12016178391347032
levy_10,ucb,gaussian,0.05,20,9,0.026830098002467582,-0.04852956482413295,2.6244803317786123,0.0704150645071688,-0.1273648883907121,-0.07535966282660053,2.8087732970513057
levy_10,ucb,gaussian,0.25,20,9,0.06134889553202892,-0.12676480049326652,2.6244803317786123,0.1610089697001507,-0.3326917256564177,-0.18811369602529543,3.066293115694078
levy_10,ucb,gaussian,1.0,20,9,0.04135713959928283,-0.4263626993627757,2.6244803317786123,0.1085409994569402,-1.1189805186816424,-0.46771983896205854,11.309288879595755
levy_10,ucb,gaussian,5.0,20,9,0.12140945253342883,0.1181554568080344,2.6244803317786123,0.318636720265993,0.3100966724850036,-0.0032539957253944346,0.026801831797227504
michalewicz,ei,gaussian,0.05,0,10,-0.06305270057568634,0.14044667709693637,8.047721166688978,-0.5074305530398533,1.130275696064147,0.20349937767262272,
michalewicz,ei,gaussian,0.25,0,10,0.03038693031833635,-0.06115722757299873,8.047721166688978,0.2445455423135785,-0.4921763148352367,-0.09154415789133508,3.012616178479032
michalewicz,ei,gaussian,1.0,0,10,0.18771035209318063,0.29374469315277674,8.047721166688978,1.5106405737469304,2.3639753846881604,0.10603434105959611,-0.5648827562102701
michalewicz,ei,gaussian,5.0,0,10,0.20092818720225275,0.3828495732209101,8.047721166688978,1.6170140251320149,3.08106661406776,0.18192138601865737,-0.9054050034081913
michalewicz,ei,gaussian,0.05,20,10,0.13078660156531774,0.06265088974133937,8.047721166688978,1.0525341017365255,0.5041968914832742,-0.06813571182397837,0.5209685931777184
michalewicz,ei,gaussian,0.25,20,10,0.0630875302832337,-0.02152152168146355,8.047721166688978,0.5077108528145118,-0.17319920557527,-0.08460905196469726,1.341137489212875
michalewicz,ei,gaussian,1.0,20,10,0.09704324954828811,0.05077981487954325,8.047721166688978,0.7809770134740388,0.4086617910466481,-0.04626343466874486,0.47673006503893367
michalewicz,ei,gaussian,5.0,20,10,0.21238100288551412,0.06488223403065858,8.047721166688978,1.709183092324385,0.522154128150599,-0.14749876885485552,0.6945007644321468
michalewicz,ei,gaussian,0.05,0,11,-0.07821720208894752,-0.01719506365865268,8.047721166688978,-0.6294702328504123,-0.1383810777683036,0.06102213843029483,
michalewicz,ei,gaussian,0.25,0,11,-0.06523163314470219,-0.2655855870072117,8.047721166688978,-0.5249659947963101,-2.137358750125455,-0.20035395386250948,
michalewicz,ei,gaussian,1.0,0,11,-0.0009003482345334999,-0.011418603630910792,8.047721166688978,-0.0072457515444463,-0.0918937381345124,-0.010518255396377293,
michalewicz,ei,gaussian,5.0,0,11,0.1336900427047228,0.06619141100917368,8.047721166688978,1.075900186450351,0.5326900194315369,-0.06749863169554911,0.5048889979385475
michalewicz,ei,gaussian,0.05,20,11,-0.021944167439208025,-0.22183017203478797,8.047721166688978,-0.1766005407858815,-1.7852273708946207,-0.19988600459557995,
michalewicz,ei,gaussian,0.25,20,11,0.06411055003750328,-0.13759853752398757,8.047721166688978,0.515943830544888,-1.1073546629372424,-0.20170908756149086,3.146269801826617
michalewicz,ei,gaussian,1.0,20,11,0.20970457582934107,-0.04890064424896899,8.047721166688978,1.687643953653322,-0.3935387497871554,-0.25860522007831005,1.2331882556953104
michalewicz,ei,gaussian,5.0,20,11,0.210270614846723,0.04157354531682662,8.047721166688978,1.6921992778346784,0.334572300620529,-0.16869706952989638,0.8022855197949
michalewicz,ei,gaussian,0.05,0,7,-0.013490796894831361,-0.11298301228524818,8.047721166688978,-0.1085701717260363,-0.9092557794442726,-0.09949221539041682,
michalewicz,ei,gaussian,0.25,0,7,-0.017720676407932814,-0.11918699149103656,8.047721166688978,-0.1426110626161669,-0.9591836742163942,-0.10146631508310375,
michalewicz,ei,gaussian,1.0,0,7,0.09511703047810598,-0.07066981150540462,8.047721166688978,0.7654753394912541,-0.568730937897965,-0.1657868419835106,1.7429774789034376
michalewicz,ei,gaussian,5.0,0,7,0.26271611708466847,0.17344825402374453,8.047721166688978,2.1142660562926263,1.3958631852321357,-0.08926786306092394,0.33978830096729307
michalewicz,ei,gaussian,0.05,20,7,0.014945387191824576,0.047654888200218,8.047721166688978,0.120276308848009,0.3835132524650912,0.03270950100839343,-2.1886017798378736
michalewicz,ei,gaussian,0.25,20,7,-0.01582660895964621,-0.01098334776716633,8.047721166688978,-0.1273681359214542,-0.0883909203069306,0.004843261192479879,
michalewicz,ei,gaussian,1.0,20,7,0.07473300941042878,0.0411393405706008,8.047721166688978,0.6014304216826742,0.3310779418936507,-0.03359366883982798,0.44951580439285876
michalewicz,ei,gaussian,5.0,20,7,0.02366938325322043,0.1030491194897387,8.047721166688978,0.1904845966094157,0.8293105801262319,0.07937973623651827,-3.3536884078176374
michalewicz,ei,gaussian,0.05,0,8,-0.19654813975113591,0.09488427991325646,8.047721166688978,-1.58176462454856,0.7636022278439558,0.2914324196643924,
michalewicz,ei,gaussian,0.25,0,8,-0.07807456907949877,-0.01944971910940875,8.047721166688978,-0.6283223621612031,-0.1565259161629439,0.058624849970090015,
michalewicz,ei,gaussian,1.0,0,8,0.08994537954740293,0.18793547887759962,8.047721166688978,0.7238553348295085,1.512452331335088,0.09799009933019669,-1.0894400559903583
michalewicz,ei,gaussian,5.0,0,8,0.16999760769586877,0.2988953121321155,8.047721166688978,1.3680933457405322,2.405426130069735,0.12889770443624674,-0.7582324609346791
michalewicz,ei,gaussian,0.05,20,8,-0.055877611719241174,0.07721365516115039,8.047721166688978,-0.4496874385769653,0.6213939669978137,0.13309126688039158,
michalewicz,ei,gaussian,0.25,20,8,-0.02882050952070012,0.08977217207026365,8.047721166688978,-0.2319394245044996,0.7224614093495059,0.11859268159096377,
michalewicz,ei,gaussian,1.0,20,8,0.1286104625106964,-0.009521896656937581,8.047721166688978,1.0350211414049908,-0.0766295692730616,-0.138132359167634,1.0740367188722741
michalewicz,ei,gaussian,5.0,20,8,0.12988616896957417,0.10151549454605688,8.047721166688978,1.0452876712765833,0.8169683942052015,-0.02837067442351729,0.21842721706699286
michalewicz,ei,gaussian,0.05,0,9,-0.10355644228954126,-0.060328729204081104,8.047721166688978,-0.8333933725605469,-0.485508790975131,0.04322771308546016,
michalewicz,ei,gaussian,0.25,0,9,-0.19020023883692483,-0.045643995164678035,8.047721166688978,-1.530678487997219,-0.3673301460190288,0.1445562436722468,
michalewicz,ei,gaussian,1.0,0,9,0.06074862635788257,-0.07360760172374436,8.047721166688978,0.4888880061876115,-0.5923734544213897,-0.13435622808162695,2.2116751626630524
michalewicz,ei,gaussian,5.0,0,9,0.15631840261412658,0.1864032584544128,8.047721166688978,1.2580069174607162,1.500121448603374,0.030084855840286223,-0.19245882338339237
michalewicz,ei,gaussian,0.05,20,9,-0.005396073583064001,0.04426204989365216,8.047721166688978,-0.0434260955914354,0.3562086358101881,0.04965812347671616,
michalewicz,ei,gaussian,0.25,20,9,-0.1764304008744239,0.13570594417794105,8.047721166688978,-1.4198626715645228,1.092123599406329,0.312136345052365,
michalewicz,ei,gaussian,1.0,20,9,-0.05001964123224779,0.1933787706188191,8.047721166688978,-0.4025441254949493,1.5562584254973633,0.2433984118510669,
michalewicz,ei,gaussian,5.0,20,9,0.0,0.23022494703426427,8.047721166688978,0.0,1.8527861793474976,0.23022494703426427,
michalewicz,logei,gaussian,0.05,0,10,0.2372006676758719,0.18710540692636443,8.047721166688978,1.9089248340078724,1.5057721437232576,-0.05009526074950746,0.2111935908121525
michalewicz,logei,gaussian,0.25,0,10,0.04283574607534126,0.051330682681183876,8.047721166688978,0.3447301403814382,0.4130950215139588,0.008494936605842614,-0.19831419746725953
michalewicz,logei,gaussian,1.0,0,10,0.14100300508826874,0.20393110857058513,8.047721166688978,1.134752868615614,1.641180698989846,0.0629281034823164,-0.44628909463967115
michalewicz,logei,gaussian,5.0,0,10,0.24869969811564396,0.37016000409680055,8.047721166688978,2.001465824674427,2.978944500031501,0.12146030598115659,-0.4883813969274633
michalewicz,logei,gaussian,0.05,20,10,-0.0590100498321005,0.07275907546432343,8.047721166688978,-0.4748964270811666,0.5855447516829564,0.13176912529642393,
michalewicz,logei,gaussian,0.25,20,10,0.09081537751991768,-0.05859394894438882,8.047721166688978,0.730856835927892,-0.4715477631596512,-0.1494093264643065,1.6451985395484146
michalewicz,logei,gaussian,1.0,20,10,0.020992938398797605,0.1044815284089514,8.047721166688978,0.1689453147030013,0.840838207704734,0.0834885900101538,-3.976984470879775
michalewicz,logei,gaussian,5.0,20,10,0.10780867859243105,0.14776386606136027,8.047721166688978,0.8676141846610763,1.1891623925738042,0.03995518746892922,-0.37061197661070633
michalewicz,logei,gaussian,0.05,0,11,0.2740503254715944,0.10946274017699476,8.047721166688978,2.205480605035754,0.8809256110861767,-0.16458758529459966,0.600574310617483
michalewicz,logei,gaussian,0.25,0,11,0.03445014007258974,0.03242338119114251,8.047721166688978,0.2772451214575806,0.2609343311075829,-0.0020267588814472243,0.0588316586573131
michalewicz,logei,gaussian,1.0,0,11,0.2816304514506663,0.23014147922650813,8.047721166688978,2.2664833453237,1.8521144537042813,-0.05148897222415816,0.1828245914422275
michalewicz,logei,gaussian,5.0,0,11,0.347933454378158,0.24242211456115267,8.047721166688978,2.800071425398316,1.9509455826272888,-0.1055113398170053,0.30325149389724493
michalewicz,logei,gaussian,0.05,20,11,0.15670206172310652,0.03114475220464449,8.047721166688978,1.2610944989928472,0.2506442815486007,-0.12555730951846203,0.801248612416616
michalewicz,logei,gaussian,0.25,20,11,0.1969534472293961,-0.07316119128735053,8.047721166688978,1.5850264261203717,-0.5887808677033921,-0.2701146385167466,1.3714643857039885
michalewicz,logei,gaussian,1.0,20,11,0.16422240143474118,0.10790283356627406,8.047721166688978,1.321616096070861,0.8683719176370217,-0.05631956786846712,0.34294692670687454
michalewicz,logei,gaussian,5.0,20,11,0.1969534472293961,0.20738161980343603,8.047721166688978,1.5850264261203717,1.6689494512743583,0.01042817257403994,-0.052947398081811814
michalewicz,logei,gaussian,0.05,0,7,0.079925943778845,-0.0008135861676176215,8.047721166688978,0.6432217095166042,-0.0065475146220617,-0.08073952994646262,1.0101792500551363
michalewicz,logei,gaussian,0.25,0,7,-0.09534655071732577,0.11577854639105271,8.047721166688978,-0.7673224543786068,0.9317534584397568,0.21112509710837848,
michalewicz,logei,gaussian,1.0,0,7,0.11005919301136077,-0.016300066355549602,8.047721166688978,0.8857256971862357,-0.1311783890279914,-0.12635925936691036,1.1481027246298912
michalewicz,logei,gaussian,5.0,0,7,0.11875833172040504,0.18450426407540033,8.047721166688978,0.9557339399069747,1.484838871343972,0.06574593235499529,-0.5536111142903402
michalewicz,logei,gaussian,0.05,20,7,-0.1780782753958849,0.10251253904741373,8.047721166688978,-1.433124306230932,0.8249923303429019,0.2805908144432986,
michalewicz,logei,gaussian,0.25,20,7,-0.22858943761733755,-0.02677147440056008,8.047721166688978,-1.839624055594577,-0.2154493611968595,0.20181796321677747,
michalewicz,logei,gaussian,1.0,20,7,-0.05184164670863068,0.2801043714671899,8.047721166688978,-0.4172071175330591,2.2542018791386167,0.3319460181758206,
michalewicz,logei,gaussian,5.0,20,7,-0.013227470715862704,0.3154607467813517,8.047721166688978,-0.1064509960618069,2.538740129131796,0.32868821749721444,
michalewicz,logei,gaussian,0.05,0,8,-0.08286474424202567,-0.0007242052854479748,8.047721166688978,-0.6668723562088186,-0.0058282022047277,0.08214053895657769,
michalewicz,logei,gaussian,0.25,0,8,0.047650965331733235,-0.15786090676037115,8.047721166688978,0.3834816823133522,-1.2704205607281542,-0.2055118720921044,4.312858525769329
michalewicz,logei,gaussian,1.0,0,8,0.10487162210820843,0.09510092639513183,8.047721166688978,0.8439775730252368,0.765345738321833,-0.009770695713076594,0.09316815661528544
michalewicz,logei,gaussian,5.0,0,8,0.16202949409704595,0.24452691380396357,8.047721166688978,1.3039681892727035,1.967884420045289,0.08249741970691762,-0.509150634374669
michalewicz,logei,gaussian,0.05,20,8,-0.08205918169339883,-0.16136601501857797,8.047721166688978,-0.6603894134351425,-1.2986286946492616,-0.07930683332517914,
michalewicz,logei,gaussian,0.25,20,8,0.08593014775777584,-0.05307610546989022,8.047721166688978,0.6915418689669641,-0.4271416974354522,-0.13900625322766608,1.6176657070287344
michalewicz,logei,gaussian,1.0,20,8,-0.07855919234227822,-0.1817758544349567,8.047721166688978,-0.6322224750509431,-1.4628813913291756,-0.10321666209267848,
michalewicz,logei,gaussian,5.0,20,8,0.10233870290228544,-0.032627112216580864,8.047721166688978,0.8235933455182174,-0.2625739015933144,-0.1349658151188663,1.318814986816217
michalewicz,logei,gaussian,0.05,0,9,-0.01360646873334635,0.09434719003141284,8.047721166688978,-0.1095010664292432,0.7592798782334285,0.1079536587647592,
michalewicz,logei,gaussian,0.25,0,9,-0.061202591276475315,0.1198615321097109,8.047721166688978,-0.4925413892719046,0.964612189031091,0.18106412338618622,
michalewicz,logei,gaussian,1.0,0,9,0.053055003291003974,0.3600459510312607,8.047721166688978,0.4269718729837661,2.89754942109494,0.3069909477402567,-5.786277046415908
michalewicz,logei,gaussian,5.0,0,9,0.20933286068336862,0.3600459510312607,8.047721166688978,1.6846524938051006,2.89754942109494,0.15071309034789207,-0.7199686177119451
michalewicz,logei,gaussian,0.05,20,9,-0.01571337824767867,-0.07301898020917465,8.047721166688978,-0.1264568867240338,-0.5876363925994184,-0.05730560196149598,
michalewicz,logei,gaussian,0.25,20,9,-0.023401439731718595,-0.022707355755543984,8.047721166688978,-0.1883282618599482,-0.1827424675534281,0.0006940839761746115,
michalewicz,logei,gaussian,1.0,20,9,0.0,0.05293258984788196,8.047721166688978,0.0,0.4259867237264658,0.05293258984788196,
michalewicz,logei,gaussian,5.0,20,9,0.0,0.2876252860244047,8.047721166688978,0.0,2.3147281024135733,0.2876252860244047,
michalewicz,pi,gaussian,0.05,0,10,0.1921644011707863,-0.040404860051316785,8.047721166688978,1.5464855187862492,-0.325167047472088,-0.23256926122210309,1.2102619413645035
michalewicz,pi,gaussian,0.25,0,10,0.16113112101528784,0.14258343780397875,8.047721166688978,1.2967383332070552,1.1474717504343612,-0.01854768321130909,0.11510925446580444
michalewicz,pi,gaussian,1.0,0,10,0.20560818369519648,0.05230325514651632,8.047721166688978,1.6546773319683084,0.4209220135293536,-0.15330492854868016,0.7456168611262419
michalewicz,pi,gaussian,5.0,0,10,0.30159215105010057,0.1029766018596425,8.047721166688978,2.427129537713154,0.8287269784595486,-0.19861554919045807,0.6585567578562879
michalewicz,pi,gaussian,0.05,20,10,0.04189477334272665,0.0546347682193283,8.047721166688978,0.3371574542038984,0.4396853806358347,0.01273999487660165,-0.30409509015313585
michalewicz,pi,gaussian,0.25,20,10,0.09520724842824459,0.1120718012147169,8.047721166688978,0.7662013883982,0.9019226068246368,0.01686455278647231,-0.17713517683669555
michalewicz,pi,gaussian,1.0,20,10,0.08416425239281371,0.24226725983423505,8.047721166688978,0.6773304354602003,1.949699354963712,0.15810300744142136,-1.878505457441939
michalewicz,pi,gaussian,5.0,20,10,0.09642870790459976,0.24556013114994485,8.047721166688978,0.7760313536803163,1.9761994651503327,0.1491314232453451,-1.5465459040775071
michalewicz,pi,gaussian,0.05,0,11,0.1439052600023399,0.08045446461372541,8.047721166688978,1.1581094069187117,0.6474750978265074,-0.0634507953886145,0.4409206125445504
michalewicz,pi,gaussian,0.25,0,11,0.032571780932213135,0.03591520953723934,8.047721166688978,0.2621286108449281,0.2890355919989109,0.003343428605026205,-0.10264801338263907
michalewicz,pi,gaussian,1.0,0,11,0.08060165251751752,0.28860433711582917,8.047721166688978,0.6486596250353358,2.3226072326053,0.20800268459831164,-2.580625559173312
michalewicz,pi,gaussian,5.0,0,11,0.2483061543920638,0.3741225244637024,8.047721166688978,1.9982986945201533,3.010833759061653,0.12581637007163862,-0.5066985567863955
michalewicz,pi,gaussian,0.05,20,11,0.16521250070205115,0.01620708725433941,8.047721166688978,1.3295841389015148,0.1304301191471224,-0.14900541344771173,0.9019015680685827
michalewicz,pi,gaussian,0.25,20,11,0.19268177141095677,0.05864987208036679,8.047721166688978,1.550649170219084,0.4719978169647687,-0.13403189933058998,0.6956127626869446
michalewicz,pi,gaussian,1.0,20,11,0.3341358858511642,0.11099555414719628,8.047721166688978,2.6890324411147866,0.8932612705187641,-0.22314033170396794,0.6678131297856538
michalewicz,pi,gaussian,5.0,20,11,0.30929511276913774,0.10575184377678928,8.047721166688978,2.489120825785644,0.8510613515788532,-0.20354326899234845,0.6580875694090778
michalewicz,pi,gaussian,0.05,0,7,-0.054308456138874577,0.0387582229927262,8.047721166688978,-0.4370593119990209,0.3119153715618141,0.09306667913160077,
michalewicz,pi,gaussian,0.25,0,7,-0.04418073314142796,0.1450042729298423,8.047721166688978,-0.355554221262107,1.1669539565178375,0.18918500607127026,
michalewicz,pi,gaussian,1.0,0,7,0.0301341067644966,0.3050067896831634,8.047721166688978,0.2425108888479048,2.454609597317048,0.27487268291866684,-9.121646945331603
michalewicz,pi,gaussian,5.0,0,7,0.0028248319071829844,0.19142775996418362,8.047721166688978,0.0227334595317749,1.5405572357556174,0.18860292805700063,-66.76607113415173
michalewicz,pi,gaussian,0.05,20,7,0.0,-0.02527722109360694,8.047721166688978,0.0,-0.2034240272300977,-0.02527722109360694,
michalewicz,pi,gaussian,0.25,20,7,0.0,0.06763340871533478,8.047721166688978,0.0,0.5442948148937266,0.06763340871533478,
michalewicz,pi,gaussian,1.0,20,7,-0.05680273226834029,0.22118718621778297,8.047721166688978,-0.4571325508016892,1.7800528003252287,0.27798991848612326,
michalewicz,pi,gaussian,5.0,20,7,-0.023423156448401244,0.2446789392292267,8.047721166688978,-0.1885030319404661,1.969107878278054,0.26810209567762794,
michalewicz,pi,gaussian,0.05,0,8,-0.1451359664281329,0.16200353099324027,8.047721166688978,-1.168013789071546,1.3037592454526536,0.30713949742137314,
michalewicz,pi,gaussian,0.25,0,8,0.07435911868414154,0.34338341497319896,8.047721166688978,0.5984214533707037,2.763453976969758,0.26902429628905744,-3.61790592801138
michalewicz,pi,gaussian,1.0,0,8,0.07205858994393677,0.34917809569642955,8.047721166688978,0.5799074395335815,2.810087951680306,0.2771195057524928,-3.8457525462002256
michalewicz,pi,gaussian,5.0,0,8,0.09333587108113141,0.185190806119612,8.047721166688978,0.7511410653109749,1.4903639702849962,0.09185493503848059,-0.9841332595335879
michalewicz,pi,gaussian,0.05,20,8,0.0740088436100739,-0.11373191300699605,8.047721166688978,0.5956025372429661,-0.9152827236344316,-0.18774075661706996,2.5367340909447087
michalewicz,pi,gaussian,0.25,20,8,0.1134154042031182,-0.11845901527053154,8.047721166688978,0.9127355490340204,-0.9533251245777896,-0.23187441947364973,2.044470247254779
michalewicz,pi,gaussian,1.0,20,8,0.1489582767607954,-0.018806375809695085,8.047721166688978,1.198774676841368,-0.1513484686723907,-0.16776465257049047,1.1262526407974986
michalewicz,pi,gaussian,5.0,20,8,0.1489582767607954,-0.04643791443296569,8.047721166688978,1.198774676841368,-0.3737193869190696,-0.1953961911937611,1.3117511523548169
michalewicz,pi,gaussian,0.05,0,9,-0.03180047602686395,-0.029090360260990728,8.047721166688978,-0.2559213640321784,-0.234111108018983,0.0027101157658732215,
michalewicz,pi,gaussian,0.25,0,9,0.20044032216033544,0.21104993501117866,8.047721166688978,1.6130878233076895,1.6984710292177958,0.01060961285084322,-0.052931529626840446
michalewicz,pi,gaussian,1.0,0,9,0.3086990938292244,0.2801266014223316,8.047721166688978,2.484324231547156,2.2543807796191446,-0.028572492406892802,0.09255774629095415
michalewicz,pi,gaussian,5.0,0,9,0.39057318189135104,0.4047225526471328,8.047721166688978,3.1432240630480903,3.257094253574725,0.014149370755781765,-0.036227194830078746
michalewicz,pi,gaussian,0.05,20,9,0.008067624373168483,-0.12425347057170474,8.047721166688978,0.0649259914328439,-0.9999572851544744,-0.13232109494487324,16.40149427196316
michalewicz,pi,gaussian,0.25,20,9,-0.04508777518569085,-0.06778634569200313,8.047721166688978,-0.3628538427207983,-0.5455256090380298,-0.022698570506312285,
michalewicz,pi,gaussian,1.0,20,9,0.17185607047244408,0.055874725076459957,8.047721166688978,1.383049735965081,0.4496642076807542,-0.11598134539598412,0.6748748826686395
michalewicz,pi,gaussian,5.0,20,9,0.16503828651018004,0.10157231626776884,8.047721166688978,1.328182111662056,0.8174256795777506,-0.0634659702424112,0.38455301242173545
michalewicz,qnei,gaussian,0.05,0,10,0.034194760670597825,0.017427576267646443,8.047721166688978,0.2751898992386339,0.1402522744132248,-0.01676718440295138,0.4903436688582691
michalewicz,qnei,gaussian,0.25,0,10,0.18931470199467762,0.021237734209530373,8.047721166688978,1.5235519344079833,0.1709153631305522,-0.16807696778514725,0.8878178293298772
michalewicz,qnei,gaussian,1.0,0,10,0.10258801430949759,0.09409679813726902,8.047721166688978,0.8255997342071355,0.7572647940869599,-0.00849121617222856,0.08277006070720339
michalewicz,qnei,gaussian,5.0,0,10,0.22629385125856452,0.2801527263126851,8.047721166688978,1.821149816665117,2.2545910254522203,0.0538588750541206,-0.23800414706178286
michalewicz,qnei,gaussian,0.05,20,10,-0.05590143663537755,0.07286099724593346,8.047721166688978,-0.4498791748588506,0.5863649897621661,0.128762433881311,
michalewicz,qnei,gaussian,0.25,20,10,-0.021810629519891826,0.17137572214688668,8.047721166688978,-0.1755258648460449,1.379184026578109,0.1931863516667785,
michalewicz,qnei,gaussian,1.0,20,10,-0.07885208435474092,0.1496333325641045,8.047721166688978,-0.6345795882991934,1.2042073377183549,0.2284854169188454,
michalewicz,qnei,gaussian,5.0,20,10,0.07499377571419175,0.13499475813324122,8.047721166688978,0.6035289961850268,1.0864001724209444,0.06000098241904947,-0.8000794979001831
michalewicz,qnei,gaussian,0.05,0,11,0.06954099233300923,-0.027385391702031997,8.047721166688978,0.5596465159509143,-0.2203899964585116,-0.09692638403504122,1.3938021414893282
michalewicz,qnei,gaussian,0.25,0,11,0.015730637629750296,0.05661754721399241,8.047721166688978,0.1265957854184556,0.4556422331200593,0.04088690958424211,-2.5991895908221454
michalewicz,qnei,gaussian,1.0,0,11,0.15970565129376676,0.1703232811637829,8.047721166688978,1.2852665503566958,1.3707142750016938,0.010617629870016132,-0.066482493161659
michalewicz,qnei,gaussian,5.0,0,11,0.09107063869164252,0.34834025252353523,8.047721166688978,0.7329111066626157,2.803345223443438,0.25726961383189273,-2.8249457512095186
michalewicz,qnei,gaussian,0.05,20,11,-0.035091716247480496,-0.055813208820873525,8.047721166688978,-0.2824083476202923,-0.4491691420085759,-0.02072149257339303,
michalewicz,qnei,gaussian,0.25,20,11,-0.012924244818637767,0.02667963440943651,8.047721166688978,-0.1040107185904215,0.2147102585563458,0.039603879228074276,
michalewicz,qnei,gaussian,1.0,20,11,-0.017267282660893314,0.36706322982096473,8.047721166688978,-0.1389622761612727,2.954022524143399,0.38433051248185807,
michalewicz,qnei,gaussian,5.0,20,11,0.0,0.3987094828550091,8.047721166688978,0.0,3.208702744531873,0.3987094828550091,
michalewicz,qnei,gaussian,0.05,0,7,0.06891125183459737,0.22123632868546336,8.047721166688978,0.554578540012324,1.7804482852025636,0.152325076850866,-2.210452905665982
michalewicz,qnei,gaussian,0.25,0,7,-0.02144428411319269,0.29004033663984674,8.047721166688978,-0.172577619162233,2.334163756370091,0.31148462075303945,
michalewicz,qnei,gaussian,1.0,0,7,0.12157221186732561,0.2773193930882556,8.047721166688978,0.9783792627258734,2.2317891496896958,0.15574718122092998,-1.2811083949916142
michalewicz,qnei,gaussian,5.0,0,7,0.2196359877571626,0.42773898549861006,8.047721166688978,1.7675691876399586,3.4423240874152343,0.20810299774144747,-0.9474904357273799
michalewicz,qnei,gaussian,0.05,20,7,0.006904210070874882,0.10274080468342867,8.047721166688978,0.055563157526647,0.826829348533487,0.09583659461255378,-13.880892039602966
michalewicz,qnei,gaussian,0.25,20,7,-0.04510018707631466,0.150034567103565,8.047721166688978,-0.3629537301556902,1.207436361414378,0.19513475417987966,
michalewicz,qnei,gaussian,1.0,20,7,-0.05539093469979031,0.15510788018622199,8.047721166688978,-0.4457707976261895,1.2482649704949167,0.2104988148860123,
michalewicz,qnei,gaussian,5.0,20,7,-0.018774464901456178,0.31336156267714255,8.047721166688978,-0.1510916585807082,2.521846480783575,0.3321360275785987,
michalewicz,qnei,gaussian,0.05,0,8,-0.11229562066844308,-0.06251546207207066,8.047721166688978,-0.9037238433799056,-0.503107007362745,0.049780158596372415,
michalewicz,qnei,gaussian,0.25,0,8,-0.09054186567922214,0.02656345551459849,8.047721166688978,-0.7286556888981863,0.2137752832052353,0.11710532119382062,
michalewicz,qnei,gaussian,1.0,0,8,0.011549506180525668,0.10766982349417586,8.047721166688978,0.0929472053538216,0.8664967175477454,0.0961203173136502,-8.322461221391835
michalewicz,qnei,gaussian,5.0,0,8,0.18721062803175037,0.32499318362126534,8.047721166688978,1.5066189338402545,2.615454522858495,0.13778255558951497,-0.7359761410882477
michalewicz,qnei,gaussian,0.05,20,8,0.06830521649721528,0.20854949396319175,8.047721166688978,0.5497013365999126,1.6783481768698536,0.14024427746597645,-2.0532001018061927
michalewicz,qnei,gaussian,0.25,20,8,0.019914600897634003,0.0052216855233183,8.047721166688978,0.1602671551700525,0.0420226691118021,-0.014692915374315703,0.7377961250562308
michalewicz,qnei,gaussian,1.0,20,8,0.14664746877947418,0.12479086670596184,8.047721166688978,1.1801779385379354,1.004282099399032,-0.021856602073512338,0.1490417956438096
michalewicz,qnei,gaussian,5.0,20,8,0.08153796969858731,0.20752621000932522,8.047721166688978,0.6561948446321657,1.6701130729347886,0.1259882403107379,-1.5451481165948229
michalewicz,qnei,gaussian,0.05,0,9,-0.14253478118130003,0.06214504135231772,8.047721166688978,-1.14708017550213,0.5001259646958092,0.20467982253361774,
michalewicz,qnei,gaussian,0.25,0,9,0.06639182957471809,0.07899986390643271,8.047721166688978,0.5343029321636661,0.6357688769253471,0.012608034331714618,-0.18990340245896364
michalewicz,qnei,gaussian,1.0,0,9,0.26261763252184206,0.13993864038791054,8.047721166688978,2.113473479991776,1.1261871582874647,-0.12267899213393152,0.46713920522350394
michalewicz,qnei,gaussian,5.0,0,9,0.1753347025257086,0.2743985399339927,8.047721166688978,1.4110447967712605,2.208282937935344,0.09906383740828412,-0.5649984628328713
michalewicz,qnei,gaussian,0.05,20,9,0.0,0.25944200411851187,8.047721166688978,0.0,2.087916908072757,0.25944200411851187,
michalewicz,qnei,gaussian,0.25,20,9,-0.028602546045326475,-0.09266002594611635,8.047721166688978,-0.23018531523017,-0.7457020521125104,-0.06405747990078987,
michalewicz,qnei,gaussian,1.0,20,9,-0.0023285382386697352,0.10824362399481641,8.047721166688978,-0.0187394264707871,0.871114503982207,0.11057216223348615,
michalewicz,qnei,gaussian,5.0,20,9,0.0,0.381911606934962,8.047721166688978,0.0,3.073518122934695,0.381911606934962,
michalewicz,qucb,gaussian,0.05,0,10,0.07331372826650302,-0.0807046767149781,8.047721166688978,0.5900084427792205,-0.6494887350499203,-0.15401840498148112,2.10081261208826
michalewicz,qucb,gaussian,0.25,0,10,-0.02288764301219996,-0.09924730878674867,8.047721166688978,-0.1841933691249027,-0.7987146676600343,-0.07635966577454871,
michalewicz,qucb,gaussian,1.0,0,10,-0.030872278769673276,0.1667654676789736,8.047721166688978,-0.2484514913186224,1.3420819841128626,0.19763774644864687,
michalewicz,qucb,gaussian,5.0,0,10,0.001952066661173729,0.17811038996752757,8.047721166688978,0.0157096881879157,1.4333827553488998,0.17615832330635384,-90.24196089719305
michalewicz,qucb,gaussian,0.05,20,10,0.007086365372292478,-0.05971302816208365,8.047721166688978,0.05702909260149,-0.4805538006670957,-0.06679939353437613,9.426467593042858
michalewicz,qucb,gaussian,0.25,20,10,0.0019716453187200896,-0.06775863690376828,8.047721166688978,0.0158672517646669,-0.545302616436449,-0.06973028222248837,35.36654466217807
michalewicz,qucb,gaussian,1.0,20,10,0.07957428970216669,0.05216168739369987,8.047721166688978,0.6403916955603677,0.4197827157284921,-0.027412602308466823,0.34449069430676194
michalewicz,qucb,gaussian,5.0,20,10,0.07052344928111914,0.06638739880542707,8.047721166688978,0.5675530555275792,0.534267274567858,-0.004136050475692071,0.05864787553434925
michalewicz,qucb,gaussian,0.05,0,11,0.18639101964859023,0.031329638481255806,8.047721166688978,1.5000229541067007,0.2521321947503159,-0.15506138116733442,0.831914442335673
michalewicz,qucb,gaussian,0.25,0,11,0.25972550900461827,0.022191313036926865,8.047721166688978,2.0901984763455355,0.1785894996438974,-0.2375341959676914,0.9145585925619178
michalewicz,qucb,gaussian,1.0,0,11,0.22216505703620884,-0.049951614392578274,8.047721166688978,1.787922432008962,-0.401996664457438,-0.2721166714287871,1.224840103385102
michalewicz,qucb,gaussian,5.0,0,11,0.2245417596912387,0.03707704211888612,8.047721166688978,1.807049472272772,0.2983856966583786,-0.18746471757235258,0.8348768524399659
michalewicz,qucb,gaussian,0.05,20,11,-0.027424408027241484,-0.02028414772741626,8.047721166688978,-0.2207039889647464,-0.163241165014174,0.007140260299825223,
michalewicz,qucb,gaussian,0.25,20,11,0.12972726495765569,0.0365943182161306,8.047721166688978,1.044008856096395,0.2945008692885063,-0.09313294674152509,0.7179134376410745
michalewicz,qucb,gaussian,1.0,20,11,0.12574728775755076,-0.08367291548761552,8.047721166688978,1.011979109340171,-0.6733762930482614,-0.20942020324516628,1.6654053298464977
michalewicz,qucb,gaussian,5.0,20,11,0.181929807686798,0.2228552289589488,8.047721166688978,1.4641203641726994,1.7934767432002507,0.04092542127215079,-0.22495170963191535
michalewicz,qucb,gaussian,0.05,0,7,-0.05112220110315275,0.08651972379409756,8.047721166688978,-0.411417219905573,0.6962866125138429,0.1376419248972503,
michalewicz,qucb,gaussian,0.25,0,7,0.07152831354494053,0.17753808892652426,8.047721166688978,0.5756399229331839,1.4287770361474994,0.10600977538158372,-1.4820673119180818
michalewicz,qucb,gaussian,1.0,0,7,0.14200531958415807,0.13733298138719008,8.047721166688978,1.1428192161998618,1.1052175411941931,-0.004672338196967996,0.03290255752848037
michalewicz,qucb,gaussian,5.0,0,7,-0.016299766585427644,0.17654076420837553,8.047721166688978,-0.1311759765616358,1.4207508449031918,0.19284053079380317,
michalewicz,qucb,gaussian,0.05,20,7,-0.011432368005174491,0.06182946556744368,8.047721166688978,-0.0920045099806206,0.4975862987721839,0.07326183357261817,
michalewicz,qucb,gaussian,0.25,20,7,-0.0058912149749391655,0.36035063862628597,8.047721166688978,-0.047410855451333,2.9000014619026526,0.36624185360122513,
michalewicz,qucb,gaussian,1.0,20,7,0.0052392757220717494,0.2489003615957316,8.047721166688978,0.0421642301266365,2.0030807084105096,0.24366108587365984,-46.50663542046032
michalewicz,qucb,gaussian,5.0,20,7,0.003435520715573634,0.36035063862628597,8.047721166688978,0.0276481127813204,2.9000014619026526,0.35691511791071234,-103.88967130740113
michalewicz,qucb,gaussian,0.05,0,8,-0.14173654700558,0.03554816488236358,8.047721166688978,-1.1406562094302135,0.2860817189607472,0.1772847118879436,
michalewicz,qucb,gaussian,0.25,0,8,-0.23354982824259599,0.028668705843525093,8.047721166688978,-1.879543896224515,0.2307177508385169,0.26221853408612106,
michalewicz,qucb,gaussian,1.0,0,8,-0.09184479652661637,0.2965636122029215,8.047721166688978,-0.7391413130574929,2.386661259195193,0.38840840872953786,
michalewicz,qucb,gaussian,5.0,0,8,0.09059104031131456,0.28345527493884565,8.047721166688978,0.7290514326257407,2.281169015934992,0.1928642346275311,-2.1289548498919593
michalewicz,qucb,gaussian,0.05,20,8,-0.06886292636800537,-0.08888835550389827,8.047721166688978,-0.5541896301319413,-0.7153487000608969,-0.020025429135892905,
michalewicz,qucb,gaussian,0.25,20,8,0.07882141077251827,-0.13845829538807194,8.047721166688978,0.6343327358622819,-1.1142737544982615,-0.21727970616059022,2.756607678434837
michalewicz,qucb,gaussian,1.0,20,8,-0.04753209292069656,-0.015982416629913773,8.047721166688978,-0.382525030294917,-0.128622032607399,0.031549676290782785,
michalewicz,qucb,gaussian,5.0,20,8,0.13158212310150477,0.11176327947631312,8.047721166688978,1.0589362372418547,0.899439709900101,-0.01981884362519165,0.15061957626191402
michalewicz,qucb,gaussian,0.05,0,9,0.030654265173586295,-0.05484559398099693,8.047721166688978,0.2466969786867672,-0.4413820475804986,-0.08549985915458322,2.7891668148109927
michalewicz,qucb,gaussian,0.25,0,9,-0.015096909992230545,0.021416264657301117,8.047721166688978,-0.1214957220960721,0.1723521263939753,0.03651317464953166,
michalewicz,qucb,gaussian,1.0,0,9,-0.033524984004460974,0.11060701717603716,8.047721166688978,-0.26979972338561,0.8901344333119257,0.14413200118049813,
michalewicz,qucb,gaussian,5.0,0,9,0.0981766845296792,0.20297504107095116,8.047721166688978,0.7900985821648456,1.6334865343362583,0.10479835654127195,-1.0674464822611829
michalewicz,qucb,gaussian,0.05,20,9,-0.06767145411386578,0.03930133999827315,8.047721166688978,-0.5446009936527796,0.316286225783343,0.10697279411213893,
michalewicz,qucb,gaussian,0.25,20,9,-0.008343425397707419,0.007287802405775059,8.047721166688978,-0.0671455611758204,0.0586502016796028,0.01563122780348248,
michalewicz,qucb,gaussian,1.0,20,9,0.1109860719021683,0.15164991010851867,8.047721166688978,0.8931849600547448,1.2204361915068065,0.04066383820635036,-0.36638685836358476
michalewicz,qucb,gaussian,5.0,20,9,0.25466119771785417,0.17362050314004407,8.047721166688978,2.0494423112083417,1.397249398091323,-0.0810406945778101,0.31822945664300695
michalewicz,ucb,gaussian,0.05,0,10,-0.11677649575187063,0.036019487178909244,8.047721166688978,-0.9397846766340948,0.2898747893829902,0.15279598293077987,
michalewicz,ucb,gaussian,0.25,0,10,-0.0722614144392612,0.057539353828700124,8.047721166688978,-0.581539714517727,0.4630606757248365,0.12980076826796133,
michalewicz,ucb,gaussian,1.0,0,10,0.04549427355068276,0.2562547870260393,8.047721166688978,0.3661252282169682,2.0622670736148327,0.21076051347535657,-4.632682248251737
michalewicz,ucb,gaussian,5.0,0,10,0.1701100156899442,0.07478249927512029,8.047721166688978,1.368997973933758,0.6018287023142888,-0.0953275164148239,0.5603874411990842
michalewicz,ucb,gaussian,0.05,20,10,-0.025229265619007925,-0.007679310404691352,8.047721166688978,-0.2030380949421086,-0.0618009488894095,0.017549955214316574,
michalewicz,ucb,gaussian,0.25,20,10,-0.1408349282052269,0.14613377329562163,8.047721166688978,-1.133400232726327,1.1760438605193029,0.2869687015008485,
michalewicz,ucb,gaussian,1.0,20,10,0.035071737130170574,0.06645690389312674,8.047721166688978,0.2822475612550255,0.5348266321333313,0.03138516676295616,-0.8948848654535841
michalewicz,ucb,gaussian,5.0,20,10,-0.08044336120096349,0.18408569098747737,8.047721166688978,-0.6473857406566008,1.481470311844488,0.26452905218844086,
michalewicz,ucb,gaussian,0.05,0,11,0.17512004524588198,-0.13471341015913962,8.047721166688978,1.409317294836816,-1.084135962374562,-0.3098334554050216,1.7692632215232225
michalewicz,ucb,gaussian,0.25,0,11,0.13547611598430623,-0.17663792159923722,8.047721166688978,1.0902740061877123,-1.4215327404941296,-0.31211403758354345,2.303830718173964
michalewicz,ucb,gaussian,1.0,0,11,0.22949913881300008,-0.08773230261466822,8.047721166688978,1.8469450771622729,-0.7060451087544282,-0.3172314414276683,1.3822772628622106
michalewicz,ucb,gaussian,5.0,0,11,0.3134528652988627,0.16246975701324354,8.047721166688978,2.5225812588249665,1.307511302462295,-0.15098310828561914,0.4816772312534575
michalewicz,ucb,gaussian,0.05,20,11,0.06007606892059748,-0.0010339684561426836,8.047721166688978,0.4834754514637582,-0.0083210898301882,-0.06111003737674016,1.017210987248671
michalewicz,ucb,gaussian,0.25,20,11,0.015567804013450362,0.0,8.047721166688978,0.1252853458779101,0.0,-0.015567804013450362,1.0
michalewicz,ucb,gaussian,1.0,20,11,0.17000797523147318,0.0,8.047721166688978,1.3681767807762624,0.0,-0.17000797523147318,1.0
michalewicz,ucb,gaussian,5.0,20,11,0.17183349686378044,0.0,8.047721166688978,1.38286806985683,0.0,-0.17183349686378044,1.0
michalewicz,ucb,gaussian,0.05,0,7,0.03671849741564,0.04559303895121049,8.047721166688978,0.2955002288608606,0.3669200646213317,0.00887454153557049,-0.2416913043884643
michalewicz,ucb,gaussian,0.25,0,7,0.12846577067427722,-0.0987931364959582,8.047721166688978,1.033856701850393,-0.7950596157021161,-0.22725890717023542,1.7690230321853322
michalewicz,ucb,gaussian,1.0,0,7,-0.0013001546946909868,0.13871865138724718,8.047721166688978,-0.0104632824564347,1.1163690269836986,0.14001880608193817,
michalewicz,ucb,gaussian,5.0,0,7,0.18620036951247218,-0.0061378712821750165,8.047721166688978,1.4984886549708314,-0.0493958766359723,-0.1923382407946472,1.0329637975383497
michalewicz,ucb,gaussian,0.05,20,7,-0.012617738167517675,0.029423404046230745,8.047721166688978,-0.1015440385264714,0.2367913515388933,0.04204114221374842,
michalewicz,ucb,gaussian,0.25,20,7,0.07690318983385203,0.06432606277923529,8.047721166688978,0.6188954286117916,0.5176782169982159,-0.012577127054616735,0.16354493333487718
michalewicz,ucb,gaussian,1.0,20,7,0.013701262598040878,0.028789343206257076,8.047721166688978,0.1102639410206176,0.2316886066960686,0.015088080608216198,-1.1012182636637897
michalewicz,ucb,gaussian,5.0,20,7,0.09111332572372569,0.10427545000088244,8.047721166688978,0.7332546399942546,0.8391797461381199,0.013162124277156753,-0.14445882830648737
michalewicz,ucb,gaussian,0.05,0,8,-0.1252417424067407,-0.12064282790415759,8.047721166688978,-1.007910621319736,-0.9708998397335048,0.0045989145025831235,
michalewicz,ucb,gaussian,0.25,0,8,-0.17285198927043532,0.036301860900408114,8.047721166688978,-1.3910646127559785,0.2921472543584134,0.20915385017084343,
michalewicz,ucb,gaussian,1.0,0,8,0.0003648555364516866,0.07991598888274877,8.047721166688978,0.0029362556234859,0.6431415952885784,0.07955113334629708,-218.03460657319937
michalewicz,ucb,gaussian,5.0,0,8,-0.03920237924550357,0.23134155908671986,8.047721166688978,-0.3154898172386078,1.8617723617970243,0.27054393833222345,
michalewicz,ucb,gaussian,0.05,20,8,-0.054421757475919236,-0.08200538014804326,8.047721166688978,-0.4379711295673694,-0.6599564335997838,-0.027583622672124025,
michalewicz,ucb,gaussian,0.25,20,8,-0.016063570600862907,0.01721705483573878,8.047721166688978,-0.1292751371371672,0.1385580566296198,0.03328062543660169,
michalewicz,ucb,gaussian,1.0,20,8,-0.0003169597611990278,-0.03405031716696976,8.047721166688978,-0.0025508037791901,-0.2740274581970956,-0.033733357405770735,
michalewicz,ucb,gaussian,5.0,20,8,0.07827352895913364,-0.03585277046066089,8.047721166688978,0.6299235357958626,-0.288533099720702,-0.11412629941979453,1.4580446408565468
michalewicz,ucb,gaussian,0.05,0,9,-0.20781408688193212,-0.006961727339687706,8.047721166688978,-1.6724298257358674,-0.0560260404683221,0.20085235954224442,
michalewicz,ucb,gaussian,0.25,0,9,-0.08761371887120557,0.04459467034020956,8.047721166688978,-0.7050907798521386,0.3588854724184216,0.13220838921141514,
michalewicz,ucb,gaussian,1.0,0,9,-0.04160577460978532,-0.016580399969197836,8.047721166688978,-0.3348316729836602,-0.1334344357842827,0.025025374640587482,
michalewicz,ucb,gaussian,5.0,0,9,0.10279767678610406,0.19777753064965117,8.047721166688978,0.8272870393579819,1.591658419704676,0.09497985386354711,-0.9239494201914324
michalewicz,ucb,gaussian,0.05,20,9,-0.083824145993329,0.198645385551627,8.047721166688978,-0.674593353990141,1.5986426739689217,0.282469531544956,
michalewicz,ucb,gaussian,0.25,20,9,-0.07375976478950763,0.1162287739710583,8.047721166688978,-0.593598020346521,0.9353767644651948,0.18998853876056593,
michalewicz,ucb,gaussian,1.0,20,9,-0.04221445059366829,0.20054699968842243,8.047721166688978,-0.3397301275828104,1.6139463343084852,0.24276145028209073,
michalewicz,ucb,gaussian,5.0,20,9,0.0627977086708258,0.20054699968842243,8.047721166688978,0.5053784492897728,1.6139463343084852,0.13774929101759664,-2.1935400818468302
moving_peaks,ei,gaussian,0.05,0,10,-0.04600392039424337,-0.036163269399480294,2.9574997815819173,-0.1360565845178867,-0.106952861350251,0.009840650994763077,
moving_peaks,ei,gaussian,0.25,0,10,0.08083530264381009,0.06151912920442393,2.9574997815819173,0.2390703899131765,0.1819428111851935,-0.01931617343938616,0.23895714876580942
moving_peaks,ei,gaussian,1.0,0,10,0.13945106016152947,0.030634816779966302,2.9574997815819173,0.4124264799690902,0.0906024639355524,-0.10881624338156318,0.7803185092714156
moving_peaks,ei,gaussian,5.0,0,10,0.08612213872652008,0.0789670080466214,2.9574997815819173,0.2547062064730507,0.2335449090500603,-0.007155130679898675,0.08308120055656898
moving_peaks,ei,gaussian,0.05,20,10,-0.06375665960953787,-0.037872165042058994,2.9574997815819173,-0.1885603068696009,-0.1120069198399238,0.025884494567478877,
moving_peaks,ei,gaussian,0.25,20,10,0.0,0.02882921662504998,2.9574997815819173,0.0,0.0852624018717631,0.02882921662504998,
moving_peaks,ei,gaussian,1.0,20,10,0.0,0.007074843524698244,2.9574997815819173,0.0,0.0209238481790213,0.007074843524698244,
moving_peaks,ei,gaussian,5.0,20,10,0.0,0.09324810856040591,2.9574997815819173,0.0,0.2757812607003274,0.09324810856040591,
moving_peaks,ei,gaussian,0.05,0,11,-0.056196761990668066,0.02070928855480835,2.9574997815819173,-0.1662019113130118,0.0612477163775626,0.07690605054547642,
moving_peaks,ei,gaussian,0.25,0,11,0.03447732770536379,0.1449388544047357,2.9574997815819173,0.1019666891581416,0.4286566302447391,0.1104615266993719,-3.203888875708511
moving_peaks,ei,gaussian,1.0,0,11,0.14544018184852528,0.1915953646353828,2.9574997815819173,0.4301393060502478,0.5666432490612524,0.04615518278685751,-0.3173482197301414
moving_peaks,ei,gaussian,5.0,0,11,0.3137471740147955,0.4090702066728549,2.9574997815819173,0.9279071986207016,1.209825046886638,0.09532303265805936,-0.3038211673376352
moving_peaks,ei,gaussian,0.05,20,11,0.02921846036090025,-0.03496004849104472,2.9574997815819173,0.0864135901355224,-0.103394335776358,-0.06417850885194497,2.1965054988943837
moving_peaks,ei,gaussian,0.25,20,11,-0.0004112856603284955,-0.014470655741386639,2.9574997815819173,-0.0012163772505893,-0.0427969611944981,-0.014059370081058143,
moving_peaks,ei,gaussian,1.0,20,11,0.044792686602084034,0.08670625942232334,2.9574997815819173,0.1324743608421308,0.2564337433033063,0.0419135728202393,-0.9357235745330181
moving_peaks,ei,gaussian,5.0,20,11,0.15210929257699127,0.08670625942232334,2.9574997815819173,0.4498631995730316,0.2564337433033063,-0.06540303315466793,0.42997394864329996
moving_peaks,ei,gaussian,0.05,0,7,0.05684855202763782,0.004635069125079091,2.9574997815819173,0.1681295802049871,0.0137082159250385,-0.05221348290255873,0.9184663644058044
moving_peaks,ei,gaussian,0.25,0,7,-0.07961835236855844,0.15354930764715888,2.9574997815819173,-0.2354712597399237,0.454122043828527,0.23316766001571732,
moving_peaks,ei,gaussian,1.0,0,7,0.06511524608047368,0.24247398972810397,2.9574997815819173,0.1925783260606537,0.7171167716601635,0.17735874364763027,-2.723766772353724
moving_peaks,ei,gaussian,5.0,0,7,-0.0166690238418768,-0.020467720991495884,2.9574997815819173,-0.0492986343715344,-0.0605332803618287,-0.0037986971496190847,
moving_peaks,ei,gaussian,0.05,20,7,0.02406127079847602,-0.008359906337305262,2.9574997815819173,0.0711612031310762,-0.0247244211666256,-0.032421177135781284,1.3474424275975796
moving_peaks,ei,gaussian,0.25,20,7,0.05649058635532976,0.05368027870808272,2.9574997815819173,0.1670708968073222,0.1587594125544111,-0.0028103076472470387,0.049748247071998986
moving_peaks,ei,gaussian,1.0,20,7,-0.025776871771873277,0.14435529511778114,2.9574997815819173,-0.0762350926351803,0.4269307537810309,0.1701321668896544,
moving_peaks,ei,gaussian,5.0,20,7,0.1170999818101975,0.16248018549016555,2.9574997815819173,0.3463231706269056,0.480535113098554,0.04538020367996805,-0.3875338234767871
moving_peaks,ei,gaussian,0.05,0,8,-0.00708177209528226,0.05783036944252508,2.9574997815819173,-0.0209443394250102,0.1710333049950695,0.06491214153780733,
moving_peaks,ei,gaussian,0.25,0,8,-0.01375234120433525,0.007608247210939093,2.9574997815819173,-0.0406725461080615,0.0225013894645736,0.021360588415274342,
moving_peaks,ei,gaussian,1.0,0,8,0.051573899824178704,0.0726116415265892,2.9574997815819173,0.1525297974653362,0.214748913955192,0.02103774170241049,-0.4079145027645872
moving_peaks,ei,gaussian,5.0,0,8,0.13957880675626957,0.18628931667555343,2.9574997815819173,0.4128042904951319,0.5509506133789939,0.046710509919283855,-0.3346533116653523
moving_peaks,ei,gaussian,0.05,20,8,-0.08309771141865267,0.0038976281975979976,2.9574997815819173,-0.2457614633706225,0.0115272345430836,0.08699533961625067,
moving_peaks,ei,gaussian,0.25,20,8,-0.011514295388960616,0.015775674377040288,2.9574997815819173,-0.0340535260979207,0.0466565535244041,0.027289969766000906,
moving_peaks,ei,gaussian,1.0,20,8,0.0008564698612860204,0.18450785923636018,2.9574997815819173,0.0025330094276849,0.5456819533916824,0.18365138937507416,-214.42831519992424
moving_peaks,ei,gaussian,5.0,20,8,0.002563300925333381,0.18450785923636018,2.9574997815819173,0.0075809619268022,0.5456819533916824,0.1819445583110268,-70.98056904394214
moving_peaks,ei,gaussian,0.05,0,9,-0.005360803750726823,-0.03928895175330527,2.9574997815819173,-0.0158545759218781,-0.1161970662289828,-0.03392814800257844,
moving_peaks,ei,gaussian,0.25,0,9,0.08606560778150703,0.2614387966488739,2.9574997815819173,0.254539016215522,0.7732051839860838,0.17537318886736686,-2.0376686273172337
moving_peaks,ei,gaussian,1.0,0,9,0.11194969241412397,0.05338244092728348,2.9574997815819173,0.3310911908629345,0.1578785573827505,-0.05856725148684049,0.5231568771997039
moving_peaks,ei,gaussian,5.0,0,9,0.3664472193236068,0.14494991478991232,2.9574997815819173,1.083767571110868,0.4286893413314832,-0.22149730453369448,0.6044453139596397
moving_peaks,ei,gaussian,0.05,20,9,-0.00033513292804026766,0.021931354662373163,2.9574997815819173,-0.00099115556148,0.0648619766237642,0.02226648759041343,
moving_peaks,ei,gaussian,0.25,20,9,0.0029032103151359697,0.07642900866991764,2.9574997815819173,0.008586243872901,0.2260387764478039,0.07352579835478167,-25.325687901924578
moving_peaks,ei,gaussian,1.0,20,9,0.06265314892703136,0.07128677362375929,2.9574997815819173,0.1852966742671146,0.2108306174219477,0.008633624696727932,-0.13780033158082827
moving_peaks,ei,gaussian,5.0,20,9,0.06265314892703136,0.07642900866991764,2.9574997815819173,0.1852966742671146,0.2260387764478039,0.013775859742886282,-0.21987497801475642
moving_peaks,logei,gaussian,0.05,0,10,-0.04653794952613968,-0.003756872701763054,2.9574997815819173,-0.1376359755588284,-0.0111109501948953,0.04278107682437663,
moving_peaks,logei,gaussian,0.25,0,10,-0.09732588843799193,-0.029817188147429,2.9574997815819173,-0.2878412937976272,-0.0881843274334082,0.06750870029056294,
moving_peaks,logei,gaussian,1.0,0,10,0.06727147567130033,-0.014580273681733532,2.9574997815819173,0.198955374604564,-0.0431211562291315,-0.08185174935303387,1.2167378303543568
moving_peaks,logei,gaussian,5.0,0,10,0.1830979507679149,0.1505167283832698,2.9574997815819173,0.541512149404205,0.4451531913179452,-0.032581222384645114,0.17794422192055726
moving_peaks,logei,gaussian,0.05,20,10,-0.008634846740156101,-0.0483408979160484,2.9574997815819173,-0.025537557348005,-0.1429681950281869,-0.03970605117589229,
moving_peaks,logei,gaussian,0.25,20,10,0.022174351728982043,-0.01980738416561017,2.9574997815819173,0.065580640395185,-0.0585803343435012,-0.04198173589459221,1.8932565158025239
moving_peaks,logei,gaussian,1.0,20,10,0.036189364273846884,0.07786768140273034,2.9574997815819173,0.1070300369354906,0.2302936507408653,0.04167831712888346,-1.1516730941583107
moving_peaks,logei,gaussian,5.0,20,10,-0.014524041552148237,0.07877517299663103,2.9574997815819173,-0.0429548497181651,0.232977556931614,0.09329921454877926,
moving_peaks,logei,gaussian,0.05,0,11,-0.056896658560766145,0.004491131441761021,2.9574997815819173,-0.1682718552662068,0.0132825202580639,0.061387790002527164,
moving_peaks,logei,gaussian,0.25,0,11,0.07738876943302389,0.0491627406429729,2.9574997815819173,0.2288772686950615,0.1453987947135608,-0.02822602879005099,0.3647302960990898
moving_peaks,logei,gaussian,1.0,0,11,0.17428322930698406,0.26460786962529226,2.9574997815819173,0.5154426126087965,0.7825777166216583,0.0903246403183082,-0.5182635224139067
moving_peaks,logei,gaussian,5.0,0,11,0.19142235168499946,0.38589132914753566,2.9574997815819173,0.5661315632982828,1.1412735216681924,0.1944689774625362,-1.015915726406654
moving_peaks,logei,gaussian,0.05,20,11,-0.016122815949934182,0.0,2.9574997815819173,-0.0476832246504158,0.0,0.016122815949934182,
moving_peaks,logei,gaussian,0.25,20,11,0.0024830298107564193,0.0,2.9574997815819173,0.0073435601229735,0.0,-0.0024830298107564193,1.0
moving_peaks,logei,gaussian,1.0,20,11,0.08723356417430257,0.0,2.9574997815819173,0.257993246992112,0.0,-0.08723356417430257,1.0
moving_peaks,logei,gaussian,5.0,20,11,0.1426712484972205,0.0,2.9574997815819173,0.4219501862685491,0.0,-0.1426712484972205,1.0
moving_peaks,logei,gaussian,0.05,0,7,-0.013534483758775686,0.012170678519669912,2.9574997815819173,-0.0400282327604031,0.0359947790636275,0.025705162278445597,
moving_peaks,logei,gaussian,0.25,0,7,-0.03215339884588498,0.0820430180366026,2.9574997815819173,-0.0950936700638211,0.2426422079235735,0.11419641688248758,
moving_peaks,logei,gaussian,1.0,0,7,0.062133042624194335,0.23264456716684662,2.9574997815819173,0.1837584599900747,0.6880462565821686,0.17051152454265228,-2.744297033286695
moving_peaks,logei,gaussian,5.0,0,7,0.12675412029280522,0.23264456716684662,2.9574997815819173,0.3748752830805795,0.6880462565821686,0.1058904468740414,-0.8354004321865971
moving_peaks,logei,gaussian,0.05,20,7,-0.03850345129818039,-0.03286385875076359,2.9574997815819173,-0.1138739488045185,-0.0971948550773223,0.005639592547416798,
moving_peaks,logei,gaussian,0.25,20,7,0.046709047582826006,-0.02816800452366676,2.9574997815819173,0.1381419980241073,-0.0833068672263429,-0.07487705210649276,1.603052427342226
moving_peaks,logei,gaussian,1.0,20,7,0.046709047582826006,0.14767008958552164,2.9574997815819173,0.1381419980241073,0.4367342576953624,0.10096104200269562,-2.1614879178101036
moving_peaks,logei,gaussian,5.0,20,7,0.046709047582826006,0.14767008958552164,2.9574997815819173,0.1381419980241073,0.4367342576953624,0.10096104200269562,-2.1614879178101036
moving_peaks,logei,gaussian,0.05,0,8,0.0071489665146259205,-0.005786714408445534,2.9574997815819173,0.0211430669055426,-0.0171142065990546,-0.012935680923071454,1.8094476868239089
moving_peaks,logei,gaussian,0.25,0,8,0.02018134659187406,0.005158353140373831,2.9574997815819173,0.0596863281374965,0.015255828285978,-0.015022993451500228,0.7443999528529568
moving_peaks,logei,gaussian,1.0,0,8,0.089730989882203,-0.010750133584132533,2.9574997815819173,0.2653793829777446,-0.0317935177270484,-0.10048112346633553,1.119804023094419
moving_peaks,logei,gaussian,5.0,0,8,0.15711003795409434,0.01483024737125694,2.9574997815819173,0.4646529029335607,0.0438604533612982,-0.1422797905828374,0.9056059844146295
moving_peaks,logei,gaussian,0.05,20,8,0.06725772612551736,0.024821294672883548,2.9574997815819173,0.198914710325914,0.0734089735736335,-0.042436431452633816,0.630952515008288
moving_peaks,logei,gaussian,0.25,20,8,0.13939144713352164,0.1392387550291832,2.9574997815819173,0.4122501744517776,0.4117985875865474,-0.0001526921043384366,0.0010954194642385229
moving_peaks,logei,gaussian,1.0,20,8,0.09570110154393519,0.12135665013029773,2.9574997815819173,0.2830359869133372,0.3589122662538687,0.025655548586362542,-0.2680799716248239
moving_peaks,logei,gaussian,5.0,20,8,0.23005262645370264,0.16438924414407707,2.9574997815819173,0.6803805924891719,0.4861811536505244,-0.06566338230962557,0.2854276576704944
moving_peaks,logei,gaussian,0.05,0,9,0.09769516708785743,-0.016126657290746194,2.9574997815819173,0.2889334353239473,-0.0476945854150283,-0.11382182437860362,1.1650711879764069
moving_peaks,logei,gaussian,0.25,0,9,0.17544240329060135,0.07626750035386536,2.9574997815819173,0.5188708694121601,0.2255611156383556,-0.09917490293673599,0.5652846807647949
moving_peaks,logei,gaussian,1.0,0,9,0.2395779861263275,0.2677376726084942,2.9574997815819173,0.7085518416404492,0.7918341082608724,0.028159686482166685,-0.11753870602835059
moving_peaks,logei,gaussian,5.0,0,9,0.47628588107537484,-0.055399649003255697,2.9574997815819173,1.408615389250972,-0.1638444498268436,-0.5316855300786305,1.1163159589744136
moving_peaks,logei,gaussian,0.05,20,9,-0.026757536317675936,0.010250706725146613,2.9574997815819173,-0.0791354078151968,0.0303164629006814,0.03700824304282255,
moving_peaks,logei,gaussian,0.25,20,9,-0.03819965503411527,0.016532135141047764,2.9574997815819173,-0.1129754714199005,0.0488937860687315,0.05473179017516304,
moving_peaks,logei,gaussian,1.0,20,9,0.05100148726487255,-0.03996791959883161,2.9574997815819173,0.1508368874462135,-0.1182051134838281,-0.09096940686370417,1.7836618448254478
moving_peaks,logei,gaussian,5.0,20,9,0.12737277015867438,0.06601574402491443,2.9574997815819173,0.3767049399237632,0.1952415485346522,-0.06135702613375994,0.48171226909271536
moving_peaks,pi,gaussian,0.05,0,10,-0.001178116731963854,0.004694139715235671,2.9574997815819173,-0.0034842799774611,0.0138829171825245,0.005872256447199525,
moving_peaks,pi,gaussian,0.25,0,10,0.1469114524138945,0.1731822651154151,2.9574997815819173,0.4344905884259752,0.5121865112527019,0.026270812701520596,-0.17882072683828398
moving_peaks,pi,gaussian,1.0,0,10,0.12454195260716226,0.22436037691027289,2.9574997815819173,0.3683327976334679,0.6635457657077687,0.09981842430311062,-0.8014843369122686
moving_peaks,pi,gaussian,5.0,0,10,0.16953921455939144,0.2250548491032091,2.9574997815819173,0.50141219002897,0.6655996670666923,0.055515634543817666,-0.3274501105133405
moving_peaks,pi,gaussian,0.05,20,10,0.0028112850518244095,0.006780458077988184,2.9574997815819173,0.0083143749267352,0.0200532032846754,0.003969173026163775,-1.4118714228526712
moving_peaks,pi,gaussian,0.25,20,10,0.0028112850518244095,0.014742438461113658,2.9574997815819173,0.0083143749267352,0.0436007585287285,0.011931153409289248,-4.244021217822225
moving_peaks,pi,gaussian,1.0,20,10,0.0028112850518244095,0.017427993148096316,2.9574997815819173,0.0083143749267352,0.051543285928906,0.014616708096271906,-5.199297768394656
moving_peaks,pi,gaussian,5.0,20,10,0.0028112850518244095,0.020246359360675873,2.9574997815819173,0.0083143749267352,0.0598786033870279,0.017435074308851464,-6.201816602530864
moving_peaks,pi,gaussian,0.05,0,11,0.03327239876592093,0.02446746161960898,2.9574997815819173,0.0984031120829176,0.0723625123958575,-0.008804937146311951,0.26463187124729814
moving_peaks,pi,gaussian,0.25,0,11,0.17095125632240812,0.11138014103864294,2.9574997815819173,0.5055883032346764,0.3294067427943496,-0.059571115283765186,0.34846842641165576
moving_peaks,pi,gaussian,1.0,0,11,0.17967816740503495,0.185006805765786,2.9574997815819173,0.53139814085543,0.5471575876434802,0.005328638360751037,-0.02965657117783871
moving_peaks,pi,gaussian,5.0,0,11,0.29249616135399326,0.23819572544566556,2.9574997815819173,0.8650573333179843,0.7044638059793022,-0.0543004359083277,0.18564495225156352
moving_peaks,pi,gaussian,0.05,20,11,0.030547595576255034,0.0033744847796917652,2.9574997815819173,0.090344507244627,0.0099800379988899,-0.027173110796563267,0.889533538858463
moving_peaks,pi,gaussian,0.25,20,11,0.07638426859534546,0.01290514456180745,2.9574997815819173,0.2259064576870287,0.0381669622228286,-0.063479124033538,0.8310497069733828
moving_peaks,pi,gaussian,1.0,20,11,0.05594137130795576,0.019208407908581582,2.9574997815819173,0.1654465934246721,0.0568088621941664,-0.03673296339937418,0.6566332311941406
moving_peaks,pi,gaussian,5.0,20,11,0.13266311031684122,0.03078348455091377,2.9574997815819173,0.3923511197860357,0.0910421488356578,-0.10187962576592745,0.7679574640049285
moving_peaks,pi,gaussian,0.05,0,7,0.03989666206131781,-0.021813124185562995,2.9574997815819173,0.117994369332195,-0.0645123100144218,-0.06170978624688081,1.5467405807543013
moving_peaks,pi,gaussian,0.25,0,7,-0.0006467850637224188,0.007992882051333921,2.9574997815819173,-0.0019128666846895,0.0236389469210301,0.00863966711505634,
moving_peaks,pi,gaussian,1.0,0,7,0.048406408877385364,0.1884277253505655,2.9574997815819173,0.1431619436820322,0.557274956568275,0.14002131647318014,-2.8926193807902094
moving_peaks,pi,gaussian,5.0,0,7,0.10877036345398287,0.24436816334584233,2.9574997815819173,0.3216883261577401,0.722718789720903,0.13559779989185944,-1.2466428867751866
moving_peaks,pi,gaussian,0.05,20,7,0.019421033783076032,0.0083346312105983,2.9574997815819173,0.0574377031715424,0.0246496699849103,-0.011086402572477732,0.5708451309187618
moving_peaks,pi,gaussian,0.25,20,7,0.03532648951627767,0.020825152608875436,2.9574997815819173,0.1044780850284471,0.0615903842921592,-0.014501336907402233,0.4104947054170309
moving_peaks,pi,gaussian,1.0,20,7,0.12326746244780125,0.00813793546326876,2.9574997815819173,0.3645634932655294,0.0240679423551451,-0.1151295269845325,0.9339814797703421
moving_peaks,pi,gaussian,5.0,20,7,0.11401836740620498,0.06396998371240178,2.9574997815819173,0.337209296700178,0.1891912128572271,-0.0500483836938032,0.43895018699486765
moving_peaks,pi,gaussian,0.05,0,8,0.01901937876777621,0.024750833478783128,2.9574997815819173,0.0562498085515219,0.0732005846074715,0.005731454711006917,-0.30134815553058414
moving_peaks,pi,gaussian,0.25,0,8,0.03620539232936317,0.056650418688301375,2.9574997815819173,0.1070774399061792,0.1675436008971755,0.020445026358938204,-0.564695616966342
moving_peaks,pi,gaussian,1.0,0,8,0.0537612741769311,0.2065250781769554,2.9574997815819173,0.1589989566358393,0.610797873599534,0.1527638040000243,-2.8415212685858378
moving_peaks,pi,gaussian,5.0,0,8,0.14250746259563948,0.2161558776910116,2.9574997815819173,0.421465789500397,0.6392809610588145,0.07364841509537212,-0.5168039185733537
moving_peaks,pi,gaussian,0.05,20,8,-0.0025325927880072902,0.01277412470888508,2.9574997815819173,-0.0074901426173675,0.0377794710364278,0.01530671749689237,
moving_peaks,pi,gaussian,0.25,20,8,0.0027303534842424253,0.021300351198508694,2.9574997815819173,0.0080750198332884,0.0629957840172076,0.01856999771426627,-6.801316320922737
moving_peaks,pi,gaussian,1.0,20,8,0.0027303534842424253,0.025910030084187553,2.9574997815819173,0.0080750198332884,0.0766289083147656,0.023179676599945128,-8.48962478071833
moving_peaks,pi,gaussian,5.0,20,8,0.0027303534842424253,0.025910030084187553,2.9574997815819173,0.0080750198332884,0.0766289083147656,0.023179676599945128,-8.48962478071833
moving_peaks,pi,gaussian,0.05,0,9,0.12567309911996213,0.020060298945347638,2.9574997815819173,0.3716781631980106,0.0593283297493336,-0.1056128001746145,0.8403771444659056
moving_peaks,pi,gaussian,0.25,0,9,0.21071486091824776,0.04098137271536137,2.9574997815819173,0.6231891551417819,0.1212024008546084,-0.1697334882028864,0.8055126603943652
moving_peaks,pi,gaussian,1.0,0,9,0.15974427401111063,0.3586532115064345,2.9574997815819173,0.4724436554968216,1.060716794693933,0.19890893749532385,-1.2451710005047767
moving_peaks,pi,gaussian,5.0,0,9,0.27440113085514506,0.288365563182524,2.9574997815819173,0.8115412845699226,0.8528410901280612,0.013964432327378928,-0.050890578635226946
moving_peaks,pi,gaussian,0.05,20,9,0.02095488457783811,0.06112372901499418,2.9574997815819173,0.0619740665620305,0.1807734152113176,0.04016884443715607,-1.9169203384512388
moving_peaks,pi,gaussian,0.25,20,9,0.1241598746965797,0.08989058900624555,2.9574997815819173,0.3672028022963727,0.2658513973522411,-0.03426928569033415,0.27600934500039553
moving_peaks,pi,gaussian,1.0,20,9,0.06577503254948294,0.10978272132851855,2.9574997815819173,0.1945296443986393,0.3246823743505621,0.0440076887790356,-0.6690637324417645
moving_peaks,pi,gaussian,5.0,20,9,0.15468949636734317,0.09305716210222371,2.9574997815819173,0.4574941517194342,0.2752165365919597,-0.06163233426511945,0.39842610980360516
moving_peaks,qnei,gaussian,0.05,0,10,-0.028279499726867358,0.034500916908685016,2.9574997815819173,-0.0836366142654561,0.1020364542218118,0.06278041663555237,
moving_peaks,qnei,gaussian,0.25,0,10,0.018378735929789305,0.06935952299414577,2.9574997815819173,0.0543551074981036,0.2051307741058121,0.050980787064356464,-2.773900624020823
moving_peaks,qnei,gaussian,1.0,0,10,0.07408245174047288,0.20652979589857953,2.9574997815819173,0.2190988348415015,0.6108118262602069,0.13244734415810666,-1.787836944464241
moving_peaks,qnei,gaussian,5.0,0,10,0.17075857062771774,0.10394550675958515,2.9574997815819173,0.5050184353347156,0.3074188135378948,-0.06681306386813259,0.39127209616784764
moving_peaks,qnei,gaussian,0.05,20,10,-0.009542508015306206,0.0059713979371539775,2.9574997815819173,-0.0282219653710118,0.0176604080948716,0.015513905952460183,
moving_peaks,qnei,gaussian,0.25,20,10,-0.06366895293869955,-0.011917408136725895,2.9574997815819173,-0.1883009144097533,-0.0352457319613894,0.05175154480197365,
moving_peaks,qnei,gaussian,1.0,20,10,0.10583605258776754,0.052417797041064224,2.9574997815819173,0.3130101024118148,0.1550256232999527,-0.05341825554670332,0.5047264541768952
moving_peaks,qnei,gaussian,5.0,20,10,0.11508059608269589,0.09739326254840455,2.9574997815819173,0.3403508377788899,0.2880405527144568,-0.017687333534291333,0.1536951852559173
moving_peaks,qnei,gaussian,0.05,0,11,0.020426254465456376,0.11862788752989824,2.9574997815819173,0.0604106431201239,0.3508419514591983,0.09820163306444187,-4.807618216570954
moving_peaks,qnei,gaussian,0.25,0,11,0.04524143901595491,0.0800059498680682,2.9574997815819173,0.1338015460081383,0.2366175792600655,0.03476451085211328,-0.7684218629706534
moving_peaks,qnei,gaussian,1.0,0,11,0.16246863685592466,0.24030287318636148,2.9574997815819173,0.480500958015309,0.7106956949621712,0.07783423633043682,-0.47907237874753217
moving_peaks,qnei,gaussian,5.0,0,11,0.31406690126513365,0.39602842553460843,2.9574997815819173,0.9288527918937424,1.171253982018835,0.08196152426947478,-0.2609683603694466
moving_peaks,qnei,gaussian,0.05,20,11,-0.004013738805788887,0.006726775001413862,2.9574997815819173,-0.0118706316414475,0.0198944355974322,0.01074051380720275,
moving_peaks,qnei,gaussian,0.25,20,11,0.03201191965215277,0.028705065255360783,2.9574997815819173,0.0946752453792597,0.0848952242230242,-0.003306854396791986,0.10330072150389158
moving_peaks,qnei,gaussian,1.0,20,11,0.06897296971276788,0.03188653210307324,2.9574997815819173,0.2039875428605672,0.0943044117302439,-0.03708643760969464,0.5376952415437234
moving_peaks,qnei,gaussian,5.0,20,11,0.12376115476825711,0.03188653210307324,2.9574997815819173,0.3660235881954463,0.0943044117302439,-0.09187462266518387,0.7423542777798025
moving_peaks,qnei,gaussian,0.05,0,7,-0.07174493758226015,0.10659498667715707,2.9574997815819173,-0.2121856372291427,0.3152546498154194,0.17833992425941722,
moving_peaks,qnei,gaussian,0.25,0,7,-0.0066093242683448305,0.05626667837997434,2.9574997815819173,-0.0195470750800339,0.1664086890191141,0.06287600264831916,
moving_peaks,qnei,gaussian,1.0,0,7,0.12739756952465506,0.061035963941764644,2.9574997815819173,0.3767782840432345,0.1805138500264107,-0.06636160558289042,0.520901661079551
moving_peaks,qnei,gaussian,5.0,0,7,0.11633426839509597,0.16221027513727665,2.9574997815819173,0.3440585733689885,0.4797368532888384,0.045876006742180675,-0.3943464584861269
moving_peaks,qnei,gaussian,0.05,20,7,-0.01769716637853158,0.17828645725136302,2.9574997815819173,-0.052339365699126,0.52728215837992,0.1959836236298946,
moving_peaks,qnei,gaussian,0.25,20,7,-0.01022133385435457,0.02847579703370424,2.9574997815819173,-0.0302295926417295,0.0842171635075513,0.03869713088805881,
moving_peaks,qnei,gaussian,1.0,20,7,-0.008167004932160458,0.2011983189737884,2.9574997815819173,-0.024153915303043,0.5950439844196281,0.20936532390594886,
moving_peaks,qnei,gaussian,5.0,20,7,0.037060797876761524,0.27045159560592547,2.9574997815819173,0.1096073016257738,0.7998605349330056,0.23339079772916393,-6.297511416382876
moving_peaks,qnei,gaussian,0.05,0,8,0.06464959119380777,0.08113266667347807,2.9574997815819173,0.1912011518350467,0.2399498439659699,0.016483075479670303,-0.25496024298525
moving_peaks,qnei,gaussian,0.25,0,8,0.07743414565449384,0.10486496035669204,2.9574997815819173,0.2290114688601479,0.3101380973505131,0.0274308147021982,-0.3542470117071186
moving_peaks,qnei,gaussian,1.0,0,8,0.16220672306020514,0.20543912287142832,2.9574997815819173,0.4797263480216753,0.6075861610206299,0.04323239981122318,-0.26652655941503056
moving_peaks,qnei,gaussian,5.0,0,8,0.1809503281699296,0.20543912287142832,2.9574997815819173,0.535160556039743,0.6075861610206299,0.02448879470149873,-0.13533434810077494
moving_peaks,qnei,gaussian,0.05,20,8,-0.011613555213395828,0.027348174928308953,2.9574997815819173,-0.0343470870070077,0.0808822213771378,0.03896173014170478,
moving_peaks,qnei,gaussian,0.25,20,8,0.017889631608042682,0.03792238193428915,2.9574997815819173,0.0529085815733672,0.1121554362877262,0.02003275032624647,-1.1197966937027535
moving_peaks,qnei,gaussian,1.0,20,8,0.05183688964245695,0.03927097825103928,2.9574997815819173,0.1533075897954524,0.1161439095999569,-0.012565911391417675,0.24241252664059487
moving_peaks,qnei,gaussian,5.0,20,8,0.05183688964245695,0.03927097825103928,2.9574997815819173,0.1533075897954524,0.1161439095999569,-0.012565911391417675,0.24241252664059487
moving_peaks,qnei,gaussian,0.05,0,9,0.013276261073441722,0.0009246569726175159,2.9574997815819173,0.0392645392249284,0.0027346727945545,-0.012351604100824207,0.9303526069951102
moving_peaks,qnei,gaussian,0.25,0,9,-0.03263851139409588,-0.07555251993742586,2.9574997815819173,-0.0965283903191975,-0.2234465612129004,-0.042914008543329975,
moving_peaks,qnei,gaussian,1.0,0,9,0.11665490417088296,0.27666649952826966,2.9574997815819173,0.3450068536058459,0.8182411119258912,0.16001159535738668,-1.3716662535078021
moving_peaks,qnei,gaussian,5.0,0,9,0.36814958853015395,0.36685342015159933,2.9574997815819173,1.088802327667403,1.0849689099709343,-0.0012961683785546185,0.003520765522866953
moving_peaks,qnei,gaussian,0.05,20,9,-0.008357509530956621,0.007890141770983242,2.9574997815819173,-0.024717332612373,0.0233350925643333,0.016247651301939864,
moving_peaks,qnei,gaussian,0.25,20,9,0.02110441499230254,-0.053805348858431114,2.9574997815819173,0.0624163027301489,-0.1591293074967489,-0.07490976385073365,3.54948307631629
moving_peaks,qnei,gaussian,1.0,20,9,0.029413842411173546,0.042787582394127506,2.9574997815819173,0.0869914325065307,0.1265442655850504,0.01337373998295396,-0.4546750402753783
moving_peaks,qnei,gaussian,5.0,20,9,0.14250504887437906,0.164770909977795,2.9574997815819173,0.4214586509202965,0.4873099302703825,0.02226586110341594,-0.1562461209570456
moving_peaks,qucb,gaussian,0.05,0,10,-0.028365659767471182,-0.10732343328373059,2.9574997815819173,-0.083891432566723,-0.3174090304952547,-0.0789577735162594,
moving_peaks,qucb,gaussian,0.25,0,10,0.07519428437463206,-0.084264572422254,2.9574997815819173,0.2223870796141829,-0.2492124545339099,-0.15945885679688607,2.1206247007077303
moving_peaks,qucb,gaussian,1.0,0,10,0.020093022926250766,0.013401546450686891,2.9574997815819173,0.0594251109157071,0.0396350707007664,-0.006691476475563875,0.33302487635256295
moving_peaks,qucb,gaussian,5.0,0,10,0.16257037714264294,0.13104619938786052,2.9574997815819173,0.4808018548910564,0.3875691060667379,-0.03152417775478242,0.19391095911109557
moving_peaks,qucb,gaussian,0.05,20,10,0.04283467142005079,-0.024658489537653223,2.9574997815819173,0.1266835313689334,-0.0729274774217494,-0.06749316095770401,1.5756665971788137
moving_peaks,qucb,gaussian,0.25,20,10,0.051353942947326855,0.035974165089544874,2.9574997815819173,0.1518792750500894,0.1063935853949208,-0.015379777857781982,0.29948582280345726
moving_peaks,qucb,gaussian,1.0,20,10,0.06879673568185916,0.04384741317547193,2.9574997815819173,0.2034663307526474,0.1296787148893903,-0.024949322506387234,0.36265270814246
moving_peaks,qucb,gaussian,5.0,20,10,0.06879673568185916,0.04384741317547193,2.9574997815819173,0.2034663307526474,0.1296787148893903,-0.024949322506387234,0.36265270814246
moving_peaks,qucb,gaussian,0.05,0,11,-0.18603774681500537,-0.08617689459640301,2.9574997815819173,-0.5502065955713704,-0.2548681469462698,0.09986085221860236,
moving_peaks,qucb,gaussian,0.25,0,11,-0.1639022815776808,-0.03615516382015018,2.9574997815819173,-0.4847409619667689,-0.1069288891011526,0.12774711775753061,
moving_peaks,qucb,gaussian,1.0,0,11,0.09557196750702529,0.14752407069241755,2.9574997815819173,0.2826540730273814,0.4363024068509002,0.05195210318539226,-0.543591437327827
moving_peaks,qucb,gaussian,5.0,0,11,0.08191617748327802,0.26467790233215194,2.9574997815819173,0.2422670770148203,0.7827848383368994,0.18276172484887393,-2.2310821923567175
moving_peaks,qucb,gaussian,0.05,20,11,-0.02634022413593581,0.01974732530543565,2.9574997815819173,-0.0779012071288489,0.058402710277653,0.04608754944137146,
moving_peaks,qucb,gaussian,0.25,20,11,-0.0610583922932527,-0.0033415947861225787,2.9574997815819173,-0.1805801818710379,-0.0098827658500928,0.05771679750713012,
moving_peaks,qucb,gaussian,1.0,20,11,0.030351442074837764,0.035350800659502385,2.9574997815819173,0.0897643833070289,0.1045499852292242,0.004999358584664621,-0.16471568541414494
moving_peaks,qucb,gaussian,5.0,20,11,0.06489484309919923,0.03655344535290369,2.9574997815819173,0.1919264842916745,0.1081068066472792,-0.028341397746295537,0.43672804174859403
moving_peaks,qucb,gaussian,0.05,0,7,-0.02689666433683447,-0.09587872292628158,2.9574997815819173,-0.0795468789014701,-0.2835613021128309,-0.06898205858944711,
moving_peaks,qucb,gaussian,0.25,0,7,0.09537590391268679,-0.08882196743416512,2.9574997815819173,0.2820742149899491,-0.2626909492862195,-0.1841978713468519,1.9312830997174972
moving_peaks,qucb,gaussian,1.0,0,7,0.08408092983863671,-0.13955071608907535,2.9574997815819173,0.2486693316329726,-0.4127212123530405,-0.22363164592771206,2.6597189916535537
moving_peaks,qucb,gaussian,5.0,0,7,0.15399333832346052,0.0618305260852151,2.9574997815819173,0.4554352644567048,0.1828637673921187,-0.0921628122382454,0.5984857088081234
moving_peaks,qucb,gaussian,0.05,20,7,0.029807756419866376,-0.00994785599426013,2.9574997815819173,0.0881564331012018,-0.0294207819302327,-0.03975561241412651,1.3337338058636996
moving_peaks,qucb,gaussian,0.25,20,7,0.0005788904027405349,-0.11825835335952307,2.9574997815819173,0.001712068239665,-0.3497490542310267,-0.11883724376226361,205.284529160743
moving_peaks,qucb,gaussian,1.0,20,7,0.08457553006400455,-0.0019521263031513048,2.9574997815819173,0.2501321116914683,-0.0057734131151903,-0.08652765636715586,1.0230814551404406
moving_peaks,qucb,gaussian,5.0,20,7,0.057992002332075764,0.10447226821294986,2.9574997815819173,0.1715113342306121,0.3089767104211667,0.046480265880874096,-0.8014944132247275
moving_peaks,qucb,gaussian,0.05,0,8,-0.08366162929741412,0.02545885970659108,2.9574997815819173,-0.2474292503738896,0.0752945720215678,0.1091204890040052,
moving_peaks,qucb,gaussian,0.25,0,8,-0.051728001158774996,0.00824822945500986,2.9574997815819173,-0.1529855521287462,0.0243941368116292,0.059976230613784855,
moving_peaks,qucb,gaussian,1.0,0,8,0.0910250036897767,0.126732010422974,2.9574997815819173,0.2692064285310078,0.3748098931453829,0.035707006733197294,-0.39227690508962487
moving_peaks,qucb,gaussian,5.0,0,8,0.09570575206260024,0.13760192000091254,2.9574997815819173,0.2830497408212733,0.4069576483479513,0.0418961679383123,-0.4377601871923895
moving_peaks,qucb,gaussian,0.05,20,8,0.04928205956563326,0.009774236762370634,2.9574997815819173,0.1457516804012674,0.0289073030898411,-0.03950782280326262,0.8016674455467223
moving_peaks,qucb,gaussian,0.25,20,8,0.12609100228961598,-0.003129233023421125,2.9574997815819173,0.3729141117309843,-0.0092547059832869,-0.1292202353130371,1.0248172586988693
moving_peaks,qucb,gaussian,1.0,20,8,0.03715334326225582,0.048173253185049704,2.9574997815819173,0.1098810045831596,0.1424723857728749,0.011019909922793884,-0.29660614510535965
moving_peaks,qucb,gaussian,5.0,20,8,0.16170971900232434,0.12894103456046285,2.9574997815819173,0.4782564586290475,0.3813430815495153,-0.032768684441861484,0.20263893007810174
moving_peaks,qucb,gaussian,0.05,0,9,0.06407504062131703,-0.11826591341054363,2.9574997815819173,0.1895019186423976,-0.3497714130802687,-0.18234095403186065,2.845740748094008
moving_peaks,qucb,gaussian,0.25,0,9,0.06356153374159461,-0.12553859131342587,2.9574997815819173,0.1879832221577777,-0.3712803563895586,-0.1891001250550205,2.975071775703133
moving_peaks,qucb,gaussian,1.0,0,9,0.10901624367742835,0.2436736396603915,2.9574997815819173,0.3224155168648754,0.7206647360728786,0.13465739598296314,-1.2352048781042688
moving_peaks,qucb,gaussian,5.0,0,9,0.13978681638263785,0.06686284472254518,2.9574997815819173,0.413419478919683,0.197746848662873,-0.07292397166009267,0.5216798947654562
moving_peaks,qucb,gaussian,0.05,20,9,0.021151522245331983,0.017509742953134365,2.9574997815819173,0.0625556224206944,0.0517850609594504,-0.003641779292197618,0.17217575406428898
moving_peaks,qucb,gaussian,0.25,20,9,0.025719543337923194,-0.021499209009143334,2.9574997815819173,0.0760655438042945,-0.0635839059487254,-0.04721875234706653,1.8359094376859708
moving_peaks,qucb,gaussian,1.0,20,9,0.058251087428939655,0.15108363294657123,2.9574997815819173,0.1722775783479982,0.446829811440087,0.09283254551763158,-1.5936620175696765
moving_peaks,qucb,gaussian,5.0,20,9,0.09972563888998492,0.15108363294657123,2.9574997815819173,0.2949385552352476,0.446829811440087,0.05135799405658631,-0.5149928807499873
moving_peaks,ucb,gaussian,0.05,0,10,-0.07418989476404939,-0.009562944821832925,2.9574997815819173,-0.2194165975602615,-0.0282824072218508,0.06462694994221646,
moving_peaks,ucb,gaussian,0.25,0,10,-0.04012530926697627,0.02956864602107881,2.9574997815819173,-0.1186705933929892,0.0874492641490136,0.06969395528805508,
moving_peaks,ucb,gaussian,1.0,0,10,0.12256608846229276,0.03304845720769263,2.9574997815819173,0.3624891798565808,0.0977408049733703,-0.08951763125460013,0.7303621448451467
moving_peaks,ucb,gaussian,5.0,0,10,0.07274867295752172,0.12463475720184998,2.9574997815819173,0.2151541843822448,0.3686072672019866,0.051886084244328265,-0.7132237900012937
moving_peaks,ucb,gaussian,0.05,20,10,-0.06865057912136165,-0.004009360094712441,2.9574997815819173,-0.2030340727568992,-0.0118576816043953,0.06464121902664921,
moving_peaks,ucb,gaussian,0.25,20,10,0.02723293095732371,0.00460845400908784,2.9574997815819173,0.0805413873581203,0.0136295017253076,-0.02262447694823587,0.8307764222547447
moving_peaks,ucb,gaussian,1.0,20,10,0.009722986021758669,0.034812044096143815,2.9574997815819173,0.0287557290356753,0.1029566128107654,0.025089058074385148,-2.5803861096004233
moving_peaks,ucb,gaussian,5.0,20,10,0.055461243546140446,0.035279068901051897,2.9574997815819173,0.1640266156739719,0.1043378385692744,-0.02018217464508855,0.3638969008745393
moving_peaks,ucb,gaussian,0.05,0,11,-0.08395433535179478,-0.15181357999215547,2.9574997815819173,-0.2482949284657881,-0.4489886296679687,-0.0678592446403607,
moving_peaks,ucb,gaussian,0.25,0,11,0.09353889155057585,0.08818456452205754,2.9574997815819173,0.2766412513302427,0.2608058303128817,-0.005354327028518305,0.057241719885287035
moving_peaks,ucb,gaussian,1.0,0,11,0.03206450283360275,0.1569043599574576,2.9574997815819173,0.0948307601269129,0.4640446103034314,0.12483985712385486,-3.893397560901084
moving_peaks,ucb,gaussian,5.0,0,11,0.1188814993336268,0.16922070198594075,2.9574997815819173,0.3515920083133321,0.5004701891625585,0.05033920265231395,-0.4234401730671562
moving_peaks,ucb,gaussian,0.05,20,11,0.040956076558309795,-0.035381467107191956,2.9574997815819173,0.1211275874756535,-0.104640681241568,-0.07633754366550174,1.8638880986761224
moving_peaks,ucb,gaussian,0.25,20,11,0.13164011694507882,-0.04909503609774673,2.9574997815819173,0.3893256171124887,-0.1451985585358423,-0.18073515304282556,1.3729488945852997
moving_peaks,ucb,gaussian,1.0,20,11,0.2080695671912094,0.020669846325242335,2.9574997815819173,0.6153656995218458,0.061131065992236,-0.18739972086596707,0.9006589641903403
moving_peaks,ucb,gaussian,5.0,20,11,0.2080695671912094,0.1412774146047187,2.9574997815819173,0.6153656995218458,0.4178279228359135,-0.06679215258649068,0.32100875437065135
moving_peaks,ucb,gaussian,0.05,0,7,-0.01727997119126018,-0.10675123100873082,2.9574997815819173,-0.0511055110238938,-0.3157167423919222,-0.08947125981747064,
moving_peaks,ucb,gaussian,0.25,0,7,-0.07818335488213034,-0.1210882484911376,2.9574997815819173,-0.231227254987242,-0.3581184684646764,-0.04290489360900726,
moving_peaks,ucb,gaussian,1.0,0,7,0.11305884085502109,0.0617100220700842,2.9574997815819173,0.3343714971346296,0.1825073767936893,-0.05134881878493689,0.4541778280814244
moving_peaks,ucb,gaussian,5.0,0,7,0.08272680174792135,0.0617100220700842,2.9574997815819173,0.244664498100448,0.1825073767936893,-0.021016779677837154,0.2540504314657037
moving_peaks,ucb,gaussian,0.05,20,7,0.08340667613205856,0.017102179811669053,2.9574997815819173,0.2466752264430369,0.0505796930575859,-0.06630449632038951,0.7949543057609559
moving_peaks,ucb,gaussian,0.25,20,7,0.06532763711682477,-0.03464808108483532,2.9574997815819173,0.193206472504272,-0.102471692240633,-0.09997571820166008,1.5303740134190755
moving_peaks,ucb,gaussian,1.0,20,7,0.07797007706313676,-0.059128693844804715,2.9574997815819173,0.2305964858841522,-0.174873099131234,-0.13709877090794148,1.7583511017556759
moving_peaks,ucb,gaussian,5.0,20,7,0.183860305341329,0.10426865798048733,2.9574997815819173,0.5437668128885651,0.3083745332031309,-0.07959164736084166,0.432891956820604
moving_peaks,ucb,gaussian,0.05,0,8,0.004839626032541281,0.024502783636841663,2.9574997815819173,0.014313192934179,0.0724669772541082,0.01966315760430038,-4.0629497965517976
moving_peaks,ucb,gaussian,0.25,0,8,0.0332273787046414,-0.010628866239752354,2.9574997815819173,0.0982699652615166,-0.031434869582531,-0.04385624494439376,1.3198827790248662
moving_peaks,ucb,gaussian,1.0,0,8,0.05194737214081391,0.10533620582794553,2.9574997815819173,0.1536343417602117,0.3115318057288168,0.053388833687131626,-1.027748497891488
moving_peaks,ucb,gaussian,5.0,0,8,0.05194737214081391,0.10533620582794553,2.9574997815819173,0.1536343417602117,0.3115318057288168,0.053388833687131626,-1.027748497891488
moving_peaks,ucb,gaussian,0.05,20,8,-0.16954542904536704,0.010645503204844057,2.9574997815819173,-0.5014305693698855,0.0314840734031559,0.1801909322502111,
moving_peaks,ucb,gaussian,0.25,20,8,-0.05202282863582143,0.02908311007710162,2.9574997815819173,-0.1538575043277154,0.0860132917007509,0.08110593871292304,
moving_peaks,ucb,gaussian,1.0,20,8,0.06938637267253836,0.1755425651803138,2.9574997815819173,0.2052101820237937,0.5191670981791076,0.10615619250777544,-1.5299285496414168
moving_peaks,ucb,gaussian,5.0,20,8,0.08777314603103033,0.1779818650196319,2.9574997815819173,0.2595890602155299,0.5263813269211036,0.09020871898860157,-1.027748497891487
moving_peaks,ucb,gaussian,0.05,0,9,-0.01932253385019229,-0.09162606786608321,2.9574997815819173,-0.0571463896415529,-0.270984075701151,-0.07230353401589092,
moving_peaks,ucb,gaussian,0.25,0,9,0.0493975759520349,-0.027119543760602077,2.9574997815819173,0.1460933200888194,-0.0802060447485819,-0.07651711971263697,1.5490055582268891
moving_peaks,ucb,gaussian,1.0,0,9,0.1486039688227446,0.06454453595797684,2.9574997815819173,0.4394962053354732,0.1908904509980227,-0.08405943286476776,0.5656607527423052
moving_peaks,ucb,gaussian,5.0,0,9,0.40037307209321055,0.28257622644918634,2.9574997815819173,1.1841032732669514,0.8357191280037111,-0.1177968456440242,0.2942177030741968
moving_peaks,ucb,gaussian,0.05,20,9,0.0027770218016416157,-0.04622608333091012,2.9574997815819173,0.0082130413718033,-0.1367136313545542,-0.04900310513255174,17.645920209767137
moving_peaks,ucb,gaussian,0.25,20,9,0.007293465715882366,0.030731520916862647,2.9574997815819173,0.0215704232616973,0.0908884663993014,0.02343805520098028,-3.2135689827047793
moving_peaks,ucb,gaussian,1.0,20,9,0.026736403748192236,-0.022971032290755748,2.9574997815819173,0.0790729082455645,-0.0679368229826213,-0.049707436038947984,1.8591668687793854
moving_peaks,ucb,gaussian,5.0,20,9,0.19384587262531655,0.08735799821437656,2.9574997815819173,0.5732991259499298,0.2583612606384522,-0.10648787441093999,0.5493430062179849
powell,ei,gaussian,0.05,0,10,0.039536479229217325,0.005717837510626714,0.7642238834584598,0.0302147216948272,0.0043697079873556,-0.033818641718590614,0.8553781818184445
powell,ei,gaussian,0.25,0,10,-0.015303220374662104,-0.024433399542126935,0.7642238834584598,-0.0116950865041449,-0.0186725874841764,-0.00913017916746483,
powell,ei,gaussian,1.0,0,10,0.03832862189702068,0.023241384073610743,0.7642238834584598,0.0292916482737521,0.0177616207936844,-0.015087237823409937,0.3936284968435738
powell,ei,gaussian,5.0,0,10,0.10108803527402846,0.060915954190246216,0.7642238834584598,0.0772538908883038,0.0465534270758476,-0.04017208108378224,0.3973969913935329
powell,ei,gaussian,0.05,20,10,0.0,-0.0038686386527630734,0.7642238834584598,0.0,-0.0029565060549121,-0.0038686386527630734,
powell,ei,gaussian,0.25,20,10,-0.00026319991697829916,-0.004046729396241386,0.7642238834584598,-0.0002011436626791,-0.0030926072545011,-0.0037835294792630866,
powell,ei,gaussian,1.0,20,10,0.0,-0.0033282039833299115,0.7642238834584598,0.0,-0.0025434929730823,-0.0033282039833299115,
powell,ei,gaussian,5.0,20,10,0.0,0.01042440766068826,0.7642238834584598,0.0,0.0079665813052053,0.01042440766068826,
powell,ei,gaussian,0.05,0,11,-0.010365309450035498,-0.00024771495237585066,0.7642238834584598,-0.0079214170411548,-0.0001893096828954,0.010117594497659647,
powell,ei,gaussian,0.25,0,11,-0.007407805830217057,0.006226284682742372,0.7642238834584598,-0.0056612221394747,0.0047582754597633,0.01363409051295943,
powell,ei,gaussian,1.0,0,11,-0.004467959899947696,0.0032972255965014827,0.7642238834584598,-0.0034145216658747,0.002519818549997,0.007765185496449179,
powell,ei,gaussian,5.0,0,11,0.004518806889156078,0.014466168275506177,0.7642238834584598,0.0034533801494297,0.0110553912982709,0.0099473613863501,-2.201324736894841
powell,ei,gaussian,0.05,20,11,0.003189015281261191,0.0002721176128416612,0.7642238834584598,0.0024371216426538,0.0002079587788433,-0.0029168976684195297,0.9146703327385611
powell,ei,gaussian,0.25,20,11,0.003729414730926059,0.0015809662095040682,0.7642238834584598,0.0028501078086955,0.0012082121362438,-0.002148448521421991,0.5760819529150369
powell,ei,gaussian,1.0,20,11,0.003729414730926059,0.0015809662095040682,0.7642238834584598,0.0028501078086955,0.0012082121362438,-0.002148448521421991,0.5760819529150369
powell,ei,gaussian,5.0,20,11,0.003729414730926059,0.0015809662095040682,0.7642238834584598,0.0028501078086955,0.0012082121362438,-0.002148448521421991,0.5760819529150369
powell,ei,gaussian,0.05,0,7,-0.007559575961350502,0.001785537887623047,0.7642238834584598,-0.0057772084984825,0.0013645506985415,0.009345113848973548,
powell,ei,gaussian,0.25,0,7,0.01894582897314778,0.01213911674138533,0.7642238834584598,0.0144788549931988,0.0092770029378571,-0.006806712231762449,0.3592723359537189
powell,ei,gaussian,1.0,0,7,0.01147998407193732,0.022495945609238458,0.7642238834584598,0.0087732780094972,0.0171919389155625,0.011015961537301139,-0.9595798625042975
powell,ei,gaussian,5.0,0,7,0.044995425157884794,0.015008903836769153,0.7642238834584598,0.0343865785520232,0.0114701627765903,-0.029986521321115643,0.6664348923450707
powell,ei,gaussian,0.05,20,7,0.001009062575744555,0.004049213292267782,0.7642238834584598,0.0007711497202881,0.0030945055071685,0.003040150716523227,-3.012846566309327
powell,ei,gaussian,0.25,20,7,0.0027280717508535238,0.004666324799871215,0.7642238834584598,0.0020848575877906,0.0035661168600361,0.001938253049017691,-0.7104846301829397
powell,ei,gaussian,1.0,20,7,0.0014078852765181656,0.004666324799871215,0.7642238834584598,0.0010759395534847,0.0035661168600361,0.0032584395233530494,-2.314421194467976
powell,ei,gaussian,5.0,20,7,0.00922487650344901,0.004666324799871215,0.7642238834584598,0.0070498709458905,0.0035661168600361,-0.004558551703577795,0.4941585615670234
powell,ei,gaussian,0.05,0,8,-0.0059104460373167874,-0.008199254338788403,0.7642238834584598,-0.0045169040236099,-0.0062660659922525,-0.0022888083014716157,
powell,ei,gaussian,0.25,0,8,0.0008527264187503274,0.0012197340381253185,0.7642238834584598,0.000651673895265,0.0009321498834026,0.0003670076193749911,-0.430393161634234
powell,ei,gaussian,1.0,0,8,0.009774260626113139,-0.005095119534428752,0.7642238834584598,0.0074697234136233,-0.0038938120372862,-0.01486938016054189,1.5212792792547922
powell,ei,gaussian,5.0,0,8,0.010251972457577568,0.0036259395208523633,0.7642238834584598,0.0078348022046391,0.0027710295818113,-0.006626032936725205,0.6463178636251297
powell,ei,gaussian,0.05,20,8,0.000395782907895525,-0.0052737286848991444,0.7642238834584598,0.0003024667508784,-0.0040303094158799,-0.00566951159279467,14.324801500248851
powell,ei,gaussian,0.25,20,8,0.003430010273434857,-0.004530520817625034,0.7642238834584598,0.0026212957714668,-0.0034623322133348,-0.007960531091059892,2.320847594164233
powell,ei,gaussian,1.0,20,8,0.0029519674108462028,-0.0019183161408676222,0.7642238834584598,0.0022559639985597,-0.0014660230108749,-0.004870283551713825,1.649843265145574
powell,ei,gaussian,5.0,20,8,0.003430010273434857,-0.001896399342716272,0.7642238834584598,0.0026212957714668,-0.0014492736702787,-0.005326409616151129,1.5528844497649836
powell,ei,gaussian,0.05,0,9,-0.0024092203344148423,-0.003401370746860195,0.7642238834584598,-0.0018411837200736,-0.0025994087612475,-0.0009921504124453528,
powell,ei,gaussian,0.25,0,9,0.001113606351404561,0.0023207659188413795,0.7642238834584598,0.0008510445705144,0.001773584743095,0.0012071595674368184,-1.0840092335269649
powell,ei,gaussian,1.0,0,9,0.003633613802580067,-0.00023577315343324264,0.7642238834584598,0.002776894451196,-0.000180183474932,-0.0038693869560133096,1.0648866847835703
powell,ei,gaussian,5.0,0,9,0.001160036838813332,0.004040002947733604,0.7642238834584598,0.0008865278579128,0.0030874667419006,0.0028799661089202724,-2.4826505612238607
powell,ei,gaussian,0.05,20,9,0.00022751080427971322,0.0,0.7642238834584598,0.0001738691903754,0.0,-0.00022751080427971322,1.0
powell,ei,gaussian,0.25,20,9,0.002132275081567868,-3.644852854715536e-05,0.7642238834584598,0.0016295355434375,-2.78548360326536e-05,-0.002168723610115023,1.0170937271941267
powell,ei,gaussian,1.0,20,9,-0.0016126929215242087,0.0,0.7642238834584598,-0.0012324584473132,0.0,0.0016126929215242087,
powell,ei,gaussian,5.0,20,9,-0.0032634874080814643,0.0,0.7642238834584598,-0.0024940350206218,0.0,0.0032634874080814643,
powell,logei,gaussian,0.05,0,10,0.054067387190938225,0.02843530657507998,0.7642238834584598,0.041319588607511,0.0217309404181395,-0.025632080615858244,0.47407655423294104
powell,logei,gaussian,0.25,0,10,-0.0008646292997803396,0.008075424691110894,0.7642238834584598,-0.0006607703612301,0.0061714324180171,0.008940053990891234,
powell,logei,gaussian,1.0,0,10,0.06415179180269924,-0.02557921560834727,0.7642238834584598,0.0490263314622774,-0.0195482474880324,-0.0897310074110465,1.3987295582797892
powell,logei,gaussian,5.0,0,10,0.09204019413675543,0.19574631382140512,0.7642238834584598,0.0703393145974618,0.1495940081212726,0.10370611968464968,-1.1267481632053138
powell,logei,gaussian,0.05,20,10,0.0,-0.003035550971178719,0.7642238834584598,0.0,-0.0023198405516303,-0.003035550971178719,
powell,logei,gaussian,0.25,20,10,-0.0013820954276726847,-0.004214620818211286,0.7642238834584598,-0.0010562303350462,-0.0032209138889983,-0.0028325253905386013,
powell,logei,gaussian,1.0,20,10,0.0,-0.004549809955639,0.7642238834584598,0.0,-0.0034770734332964,-0.004549809955639,
powell,logei,gaussian,5.0,20,10,0.0,0.009127068767121618,0.7642238834584598,0.0,0.0069751239378021,0.009127068767121618,
powell,logei,gaussian,0.05,0,11,-0.009074685984728537,0.0050320691609228325,0.7642238834584598,-0.0069350917644153,0.003845627435992,0.01410675514565137,
powell,logei,gaussian,0.25,0,11,-0.0020508704796435395,-0.004303687596211426,0.7642238834584598,-0.0015673242024235,-0.0032889808479687,-0.0022528171165678867,
powell,logei,gaussian,1.0,0,11,-0.008918527401584378,0.0043853422861901015,0.7642238834584598,-0.0068157516455695,0.0033513833122468,0.01330386968777448,
powell,logei,gaussian,5.0,0,11,-0.0019713806694447436,0.0033198771827402697,0.7642238834584598,-0.001506576190978,0.0025371294331989,0.005291257852185013,
powell,logei,gaussian,0.05,20,11,0.003090702120786295,3.8818011803449596e-05,0.7642238834584598,0.0023619883773606,2.966565172856858e-05,-0.0030518841089828453,0.9874403904723196
powell,logei,gaussian,0.25,20,11,0.0007934225265824984,-0.0002845382494990027,0.7642238834584598,0.0006063524444883,-0.0002174509260246,-0.0010779607760815011,1.3586213397854883
powell,logei,gaussian,1.0,20,11,0.004052779855528885,3.8818011803449596e-05,0.7642238834584598,0.0030972311599945,2.966565172856858e-05,-0.004013961843725436,0.9904218799966416
powell,logei,gaussian,5.0,20,11,0.004052779855528885,3.8818011803449596e-05,0.7642238834584598,0.0030972311599945,2.966565172856858e-05,-0.004013961843725436,0.9904218799966416
powell,logei,gaussian,0.05,0,7,-0.009108673137068054,-0.008558069573546512,0.7642238834584598,-0.0069610655579639,-0.0065402811644034,0.0005506035635215421,
powell,logei,gaussian,0.25,0,7,0.02753832651453119,0.012794643961327587,0.7642238834584598,0.0210454468328821,0.0097779724955941,-0.014743682553203604,0.5353877457086502
powell,logei,gaussian,1.0,0,7,-0.007491539761669723,-0.008023118636168326,0.7642238834584598,-0.0057252136097467,-0.0061314588815805,-0.0005315788744986024,
powell,logei,gaussian,5.0,0,7,0.011297776798016955,0.0016114106733204946,0.7642238834584598,0.0086340308590274,0.0012314785226114,-0.00968636612469646,0.8573692238632881
powell,logei,gaussian,0.05,20,7,0.0,0.004317833602925423,0.7642238834584598,0.0,0.0032997915641551,0.004317833602925423,
powell,logei,gaussian,0.25,20,7,0.0,0.003574097665444224,0.7642238834584598,0.0,0.0027314107977456,0.003574097665444224,
powell,logei,gaussian,1.0,20,7,0.0,-4.551374139666296e-05,0.7642238834584598,0.0,-3.478268820088183e-05,-4.551374139666296e-05,
powell,logei,gaussian,5.0,20,7,0.0,0.004689530570331363,0.7642238834584598,0.0,0.0035838512640558,0.004689530570331363,
powell,logei,gaussian,0.05,0,8,-0.0019240388163613638,-0.0028619157552813965,0.7642238834584598,-0.0014703964161645,-0.0021871443726321,-0.0009378769389200327,
powell,logei,gaussian,0.25,0,8,0.008612547211531065,0.0038320010585223773,0.7642238834584598,0.0065819142764656,0.0029285067303609,-0.004780546153008687,0.5550676281470094
powell,logei,gaussian,1.0,0,8,-0.00026423893498242983,0.002481289179323945,0.7642238834584598,-0.0002019377050532,0.0018962604526064,0.002745528114306375,
powell,logei,gaussian,5.0,0,8,-0.002368856346257337,-0.0037010798193487025,0.7642238834584598,-0.001810336596292,-0.0028284535925324,-0.0013322234730913656,
powell,logei,gaussian,0.05,20,8,0.0017124615714212183,-0.0018547134987868317,0.7642238834584598,0.0013087040323849,-0.0014174163527457,-0.00356717507020805,2.0830686829646954
powell,logei,gaussian,0.25,20,8,0.00316250416946459,-0.0035365700408389682,0.7642238834584598,0.0024168612178418,-0.0027027312907328,-0.006699074210303559,2.118281542514996
powell,logei,gaussian,1.0,20,8,0.00316250416946459,-0.0038866997064790822,0.7642238834584598,0.0024168612178418,-0.0029703087435223,-0.007049203875943672,2.228994334302205
powell,logei,gaussian,5.0,20,8,0.00316250416946459,0.00040089439811501687,0.7642238834584598,0.0024168612178418,0.0003063730737842,-0.002761609771349573,0.8732351400558349
powell,logei,gaussian,0.05,0,9,-0.0009500937546836916,0.0018837887032138964,0.7642238834584598,-0.000726084338854,0.0014396363183853,0.002833882457897588,
powell,logei,gaussian,0.25,0,9,0.002906768838180059,0.0004493632540118941,0.7642238834584598,0.00222142216983,0.0003434141310645,-0.002457405584168165,0.8454079842505665
powell,logei,gaussian,1.0,0,9,0.004406860949299239,0.0040395628657996585,0.7642238834584598,0.0033678283885349,0.003087130420776,-0.0003672980834995808,0.08334687382364248
powell,logei,gaussian,5.0,0,9,5.961806047862771e-05,0.0038746133675956387,0.7642238834584598,4.556154570323819e-05,0.002961072074684,0.003814995307117011,-63.99059742113947
powell,logei,gaussian,0.05,20,9,0.001381329116193711,-0.0008210777364462043,0.7642238834584598,0.0010556447015118,-0.0006274872163682,-0.0022024068526399153,1.5944113729454323
powell,logei,gaussian,0.25,20,9,-0.0016829779752753713,-0.0008094034379429635,0.7642238834584598,-0.00128617196404,-0.0006185654386294,0.0008735745373324079,
powell,logei,gaussian,1.0,20,9,0.002588593981125206,-0.0009553355990667424,0.7642238834584598,0.0019782653449527,-0.0007300902815249,-0.0035439295801919482,1.369055790916843
powell,logei,gaussian,5.0,20,9,0.002588593981125206,0.0,0.7642238834584598,0.0019782653449527,0.0,-0.002588593981125206,1.0
powell,pi,gaussian,0.05,0,10,0.019770312840366316,0.0467059566021418,0.7642238834584598,0.0151089452560534,0.0356938075351311,0.026935643761775485,-1.362428808247245
powell,pi,gaussian,0.25,0,10,0.03638079346952949,0.0643599753571659,0.7642238834584598,0.027803071268584,0.0491854303067441,0.0279791818876364,-0.7690646415139404
powell,pi,gaussian,1.0,0,10,0.043396764896508636,0.06239146354809016,0.7642238834584598,0.0331648441987436,0.0476810465673784,0.018994698651581522,-0.4376984942743898
powell,pi,gaussian,5.0,0,10,0.224711955994168,0.11977625847193735,0.7642238834584598,0.1717302436694096,0.0915358773955482,-0.10493569752223064,0.46697870194745694
powell,pi,gaussian,0.05,20,10,0.02130653710391567,0.00027293409144185394,0.7642238834584598,0.0162829645286062,0.0002085827512899,-0.02103360301247382,0.9871901243214368
powell,pi,gaussian,0.25,20,10,0.0217910984024444,0.00027293409144185394,0.7642238834584598,0.0166532778459415,0.0002085827512899,-0.021518164311002546,0.9874749732023037
powell,pi,gaussian,1.0,20,10,0.04798181735168614,0.00027293409144185394,0.7642238834584598,0.0366688507919001,0.0002085827512899,-0.047708883260244285,0.9943117183444437
powell,pi,gaussian,5.0,20,10,0.02258564424602756,-0.0003456165511194168,0.7642238834584598,0.0172604887561104,-0.000264128422884,-0.02293126079714698,1.0153024880474775
powell,pi,gaussian,0.05,0,11,-0.0020079555645777076,-0.001630070182925019,0.7642238834584598,-0.0015345275993736,-0.0012457385655048,0.0003778853816526885,
powell,pi,gaussian,0.25,0,11,0.003407642496344665,0.017143490790920098,0.7642238834584598,0.0026042017819946,0.0131014651082713,0.013735848294575432,-4.0308947635527215
powell,pi,gaussian,1.0,0,11,0.01739827408479053,0.0011124657361410663,0.7642238834584598,0.0132961765865533,0.0008501728850882,-0.016285808348649466,0.9360588452211144
powell,pi,gaussian,5.0,0,11,0.01739827408479053,0.017472085865608902,0.7642238834584598,0.0132961765865533,0.0133525853123353,7.381178081837178e-05,-0.004242477182429205
powell,pi,gaussian,0.05,20,11,0.0,-0.0006214044793772966,0.7642238834584598,0.0,-0.0004748921444282,-0.0006214044793772966,
powell,pi,gaussian,0.25,20,11,-0.0005488072891842533,0.0028496146499408293,0.7642238834584598,-0.0004194116378107,0.0021777435741379,0.003398421939125083,
powell,pi,gaussian,1.0,20,11,0.0,0.0028496146499408293,0.7642238834584598,0.0,0.0021777435741379,0.0028496146499408293,
powell,pi,gaussian,5.0,20,11,0.0,0.0028496146499408293,0.7642238834584598,0.0,0.0021777435741379,0.0028496146499408293,
powell,pi,gaussian,0.05,0,7,0.000741107187268488,-0.0002224361979704342,0.7642238834584598,0.0005663718127133,-0.0001699910550347,-0.0009635433852389222,1.3001403869665213
powell,pi,gaussian,0.25,0,7,0.00252677951051979,0.0053923504279173706,0.7642238834584598,0.0019310252501727,0.0041209629849919,0.0028655709173975807,-1.1340803206086223
powell,pi,gaussian,1.0,0,7,-0.000168027223579018,-0.00022368910748271859,0.7642238834584598,-0.0001284104173303,-0.0001709485584078,-5.566188390370059e-05,
powell,pi,gaussian,5.0,0,7,0.060585880548457434,0.06055450532908521,0.7642238834584598,0.0463011769154925,0.0462771992234995,-3.137521937222193e-05,0.0005178635531611908
powell,pi,gaussian,0.05,20,7,0.0,0.0,0.7642238834584598,0.0,0.0,0.0,
powell,pi,gaussian,0.25,20,7,0.0,0.0,0.7642238834584598,0.0,0.0,0.0,
powell,pi,gaussian,1.0,20,7,0.0,0.0,0.7642238834584598,0.0,0.0,0.0,
powell,pi,gaussian,5.0,20,7,0.0,0.0,0.7642238834584598,0.0,0.0,0.0,
powell,pi,gaussian,0.05,0,8,-0.0041836276442922616,-0.004932679198319643,0.7642238834584598,-0.0031972281652652,-0.0037696712527946,-0.0007490515540273818,
powell,pi,gaussian,0.25,0,8,0.004706792178421654,0.021824599030235484,0.7642238834584598,0.0035970429972253,0.0166788798258103,0.01711780685181383,-3.6368308187241887
powell,pi,gaussian,1.0,0,8,0.006709521883897933,0.023967860266630267,0.7642238834584598,0.005127576870262,0.0183168112511539,0.017258338382732333,-2.5722158272037725
powell,pi,gaussian,5.0,0,8,0.026428986676679103,0.025772265602403126,0.7642238834584598,0.0201976628339236,0.0196957809041914,-0.0006567210742759767,0.024848515091025702
powell,pi,gaussian,0.05,20,8,0.002598711717144405,0.0005034917903983762,0.7642238834584598,0.0019859975604651,0.0003847804513477,-0.002095219926746029,0.8062533111784949
powell,pi,gaussian,0.25,20,8,0.0008568310588976678,0.0009324394816716478,0.7642238834584598,0.0006548107592986,0.0007125925217731,7.560842277398001e-05,-0.08824192586021784
powell,pi,gaussian,1.0,20,8,0.002903155811996548,0.0010750697207620816,0.7642238834584598,0.002218661008929,0.0008215939569894,-0.0018280860912344662,0.6296892793973953
powell,pi,gaussian,5.0,20,8,0.002069598510198316,0.0010750697207620816,0.7642238834584598,0.0015816366106636,0.0008215939569894,-0.0009945287894362344,0.48054189473732045
powell,pi,gaussian,0.05,0,9,0.0003810024201830993,0.0022614910434368054,0.7642238834584598,0.0002911711491594,0.0017282854676218,0.001880488623253706,-4.9356343257609625
powell,pi,gaussian,0.25,0,9,0.004506625023609729,0.007332203432302022,0.7642238834584598,0.0034440704768341,0.0056034449813413,0.002825578408692293,-0.6269832510779993
powell,pi,gaussian,1.0,0,9,0.004655058168926713,0.00779423446985516,0.7642238834584598,0.0035575066315822,0.0059565401351385,0.0031391763009284467,-0.67435812550807
powell,pi,gaussian,5.0,0,9,0.005047239602976191,0.002715576760230113,0.7642238834584598,0.0038572210501318,0.0020753086175326,-0.0023316628427460778,0.46196793220816645
powell,pi,gaussian,0.05,20,9,-0.0005381137508233258,0.0025119539942838583,0.7642238834584598,-0.0004112393803966,0.0019196952365806,0.0030500677451071843,
powell,pi,gaussian,0.25,20,9,0.0,-1.131919288790125e-05,0.7642238834584598,0.0,-8.650397546407273e-06,-1.131919288790125e-05,
powell,pi,gaussian,1.0,20,9,0.0,0.002648608830605755,0.7642238834584598,0.0,0.0020241301262879,0.002648608830605755,
powell,pi,gaussian,5.0,20,9,0.0,7.761931646984275e-07,0.7642238834584598,0.0,5.931853546397442e-07,7.761931646984275e-07,
powell,qnei,gaussian,0.05,0,10,-0.006765619404445824,-0.028988382043471143,0.7642238834584598,-0.0051704479352675,-0.022153613900439,-0.02222276263902532,
powell,qnei,gaussian,0.25,0,10,-0.016160620944644967,-0.029510380109435127,0.7642238834584598,-0.0123503324974167,-0.0225525372895678,-0.01334975916479016,
powell,qnei,gaussian,1.0,0,10,0.07640092804140125,0.10563373086816978,0.7642238834584598,0.05838741392763,0.0807278200282785,0.02923280282676853,-0.3826236614681884
powell,qnei,gaussian,5.0,0,10,0.00014061222155096527,0.07046265617207713,0.7642238834584598,0.0001074592180154,0.053849244738623,0.07032204395052616,-500.11331287471165
powell,qnei,gaussian,0.05,20,10,0.00014576104025719702,-0.005849745824796641,0.7642238834584598,0.0001113940682423,-0.004470515471471,-0.005995506865053838,41.13243740902711
powell,qnei,gaussian,0.25,20,10,-0.0033392193018003365,0.00224911614236462,0.7642238834584598,-0.0025519111425413,0.001718828272667,0.005588335444164956,
powell,qnei,gaussian,1.0,20,10,0.0012837814729399627,0.0023120220822023573,0.7642238834584598,0.0009810964627622,0.0017669024943024,0.0010282406092623946,-0.8009467584133623
powell,qnei,gaussian,5.0,20,10,-0.005180844457269456,0.0011957445484689193,0.7642238834584598,-0.0039593250707287,0.0009138165424552,0.006376589005738375,
powell,qnei,gaussian,0.05,0,11,-0.005942076132990988,-0.01157195508174798,0.7642238834584598,-0.0045410764981602,-0.0088435644517803,-0.005629878948756992,
powell,qnei,gaussian,0.25,0,11,0.001747273388078537,-0.0026726673624268157,0.7642238834584598,0.001335308054101,-0.0020425162309065,-0.004419940750505353,2.529621741315437
powell,qnei,gaussian,1.0,0,11,0.01110532789576239,-0.0067932553889741044,0.7642238834584598,0.0084869568115791,-0.0051915680146869,-0.017898583284736494,1.6117113742824558
powell,qnei,gaussian,5.0,0,11,0.01160557647807182,0.004784838974823224,0.7642238834584598,0.0088692587258462,0.0036566882230628,-0.006820737503248595,0.5877120810100258
powell,qnei,gaussian,0.05,20,11,0.000649628107297154,0.004360064113145998,0.7642238834584598,0.0004964613149624,0.0033320651286763,0.003710436005848844,-5.711630953418108
powell,qnei,gaussian,0.25,20,11,0.0007350519329574633,0.008084727922977352,0.7642238834584598,0.0005617442427484,0.0061785421700028,0.007349675990019889,-9.998852680311511
powell,qnei,gaussian,1.0,20,11,0.0013889181039593824,0.008084727922977352,0.7642238834584598,0.0010614443872136,0.0061785421700028,0.00669580981901797,-4.820881663166644
powell,qnei,gaussian,5.0,20,11,0.0013889181039593824,0.008084727922977352,0.7642238834584598,0.0010614443872136,0.0061785421700028,0.00669580981901797,-4.820881663166644
powell,qnei,gaussian,0.05,0,7,0.01290888456361602,0.0093169638211289,0.7642238834584598,0.0098652778923236,0.0071202462734251,-0.0035919207424871206,0.27825182917903146
powell,qnei,gaussian,0.25,0,7,-0.001862136948522695,-0.0036776452859422705,0.7642238834584598,-0.0014230895303315,-0.0028105443624055,-0.0018155083374195755,
powell,qnei,gaussian,1.0,0,7,0.02710056136902474,0.039753458962797736,0.7642238834584598,0.0207108962533404,0.0303805427894558,0.012652897593772996,-0.46688691874238963
powell,qnei,gaussian,5.0,0,7,0.025028631143295975,0.051137425613958655,0.7642238834584598,0.019127477689979,0.0390804419927676,0.02610879447066268,-1.043157107601389
powell,qnei,gaussian,0.05,20,7,-0.0003993320931204427,0.0,0.7642238834584598,-0.0003051791229941,0.0,0.0003993320931204427,
powell,qnei,gaussian,0.25,20,7,0.006296057382306659,0.0,0.7642238834584598,0.0048115974231837,0.0,-0.006296057382306659,1.0
powell,qnei,gaussian,1.0,20,7,0.0056251718945648085,0.0,0.7642238834584598,0.0042988907103857,0.0,-0.0056251718945648085,1.0
powell,qnei,gaussian,5.0,20,7,0.008213343391615925,0.0,0.7642238834584598,0.0062768331829186,0.0,-0.008213343391615925,1.0
powell,qnei,gaussian,0.05,0,8,0.0039827904652576145,0.0009689496114370657,0.7642238834584598,0.0030437435963605,0.000740494434928,-0.003013840853820549,0.7567158955789073
powell,qnei,gaussian,0.25,0,8,0.022190464604142403,0.009184207037671067,0.7642238834584598,0.0169584830355252,0.0070187903688155,-0.013006257566471335,0.5861192092410445
powell,qnei,gaussian,1.0,0,8,0.028730469749331602,0.02144204943126814,0.7642238834584598,0.02195651116542,0.016386526285672,-0.007288420318063461,0.2536826018388726
powell,qnei,gaussian,5.0,0,8,0.02894485650043005,0.027328331018336885,0.7642238834584598,0.0221203506409065,0.0208849632592717,-0.0016165254820931646,0.05584845383735615
powell,qnei,gaussian,0.05,20,8,0.0,-0.0022900664822449635,0.7642238834584598,0.0,-0.0017501235004393,-0.0022900664822449635,
powell,qnei,gaussian,0.25,20,8,-3.822339950329773e-06,0.003681727818100623,0.7642238834584598,-2.9211234807394355e-06,0.0028136643309859,0.0036855501580509526,
powell,qnei,gaussian,1.0,20,8,0.0,0.0036155813690812136,0.7642238834584598,0.0,0.0027631136348393,0.0036155813690812136,
powell,qnei,gaussian,5.0,20,8,0.0,0.0036663635369877856,0.7642238834584598,0.0,0.0028019225804073,0.0036663635369877856,
powell,qnei,gaussian,0.05,0,9,-0.0010563258979785339,-0.0016364363029670714,0.7642238834584598,-0.0008072694799509,-0.0012506037064859,-0.0005801104049885375,
powell,qnei,gaussian,0.25,0,9,-0.0004457661677159782,0.0026630577172395108,0.7642238834584598,-0.0003406651518063,0.0020351723105428,0.003108823884955489,
powell,qnei,gaussian,1.0,0,9,0.005320837010642875,0.0049673593378694045,0.7642238834584598,0.004066310723523,0.0037961746437202,-0.0003534776727734702,0.06643271952635177
powell,qnei,gaussian,5.0,0,9,0.005479338478021425,0.0049673593378694045,0.7642238834584598,0.0041874413304569,0.0037961746437202,-0.0005119791401520203,0.09343812984097577
powell,qnei,gaussian,0.05,20,9,-0.0010476241303393112,0.00022982413034785366,0.7642238834584598,-0.0008006193812927,0.0001756370894069,0.0012774482606871648,
powell,qnei,gaussian,0.25,20,9,0.007667673737260812,0.003392423429671342,0.7642238834584598,0.0058598194005819,0.0025925710077589,-0.004275250307589471,0.5575681039757899
powell,qnei,gaussian,1.0,20,9,0.005607282384335254,0.0034382743456120037,0.7642238834584598,0.0042852191194049,0.0026276113727992,-0.00216900803872325,0.3868198335761873
powell,qnei,gaussian,5.0,20,9,0.009258192600794826,0.008304719200915264,0.7642238834584598,0.0070753319031858,0.0063466647587555,-0.0009534733998795616,0.10298699119714849
powell,qucb,gaussian,0.05,0,10,0.008529237807151974,-0.019557442824307807,0.7642238834584598,0.0065182472399224,-0.0149462649057093,-0.028086680631459783,3.2929883380562344
powell,qucb,gaussian,0.25,0,10,0.01801557989396516,0.0012167361723804898,0.7642238834584598,0.0137679364293222,0.000929858842801,-0.016798843721584668,0.9324620034691156
powell,qucb,gaussian,1.0,0,10,0.02995924557271261,-0.02198662522973862,0.7642238834584598,0.0228955709970641,-0.0168027041172166,-0.05194587080245123,1.7338844757080403
powell,qucb,gaussian,5.0,0,10,0.036990688262786675,0.18886883112185374,0.7642238834584598,0.0282691674359881,0.1443380715842031,0.15187814285906706,-4.105847984771327
powell,qucb,gaussian,0.05,20,10,0.0013598627917576576,-0.0025499202264408476,0.7642238834584598,0.0010392396236877,-0.0019487099379599,-0.003909783018198505,2.875130521914649
powell,qucb,gaussian,0.25,20,10,0.00011444652546436384,0.008687801686758187,0.7642238834584598,8.746276813870364e-05,0.0066394255437713,0.008573355161293823,-74.91144992395054
powell,qucb,gaussian,1.0,20,10,0.010757738740044204,0.03680815005527882,0.7642238834584598,0.0082213208771481,0.0281296673781669,0.02605041131523462,-2.421550843047112
powell,qucb,gaussian,5.0,20,10,0.015304741236402698,0.06836266693603223,0.7642238834584598,0.0116962487830105,0.0522443828094318,0.05305792569962953,-3.466763983792811
powell,qucb,gaussian,0.05,0,11,-0.0036779420338216664,-0.003602761400972572,0.7642238834584598,-0.0028107711442223,-0.0027533163090255,7.518063284909452e-05,
powell,qucb,gaussian,0.25,0,11,-0.002876041794713906,-0.004320154048151205,0.7642238834584598,-0.0021979398293451,-0.0033015649038169,-0.001444112253437299,
powell,qucb,gaussian,1.0,0,11,0.0029697092233638136,0.0,0.7642238834584598,0.0022695227154215,0.0,-0.0029697092233638136,1.0
powell,qucb,gaussian,5.0,0,11,0.005761966405836037,0.0,0.7642238834584598,0.0044034323430252,0.0,-0.005761966405836037,1.0
powell,qucb,gaussian,0.05,20,11,0.0,-0.004513384160027742,0.7642238834584598,0.0,-0.0034492359703163,-0.004513384160027742,
powell,qucb,gaussian,0.25,20,11,0.0,-0.004430094569811789,0.7642238834584598,0.0,-0.0033855840762298,-0.004430094569811789,
powell,qucb,gaussian,1.0,20,11,0.0,-0.01738091264798427,0.7642238834584598,0.0,-0.0132829085618948,-0.01738091264798427,
powell,qucb,gaussian,5.0,20,11,0.0,-0.0012389201066923539,0.7642238834584598,0.0,-0.0009468123352312,-0.0012389201066923539,
powell,qucb,gaussian,0.05,0,7,-0.00042504628861243446,0.004866304197431756,0.7642238834584598,-0.000324830525333,0.0037189458918515,0.00529135048604419,
powell,qucb,gaussian,0.25,0,7,-0.004610762481987298,-0.004668357304065497,0.7642238834584598,-0.0035236548096889,-0.0035676701482846,-5.759482207819914e-05,
powell,qucb,gaussian,1.0,0,7,0.015831912235599033,-0.007691463296322254,0.7642238834584598,0.012099125451263,-0.0058779999497936,-0.023523375531921287,1.4858202333276913
powell,qucb,gaussian,5.0,0,7,0.03518991573383285,0.03212855388738793,0.7642238834584598,0.0268929740606857,0.024553408221724,-0.0030613618464449197,0.08699542987258746
powell,qucb,gaussian,0.05,20,7,0.0,0.010835567840950775,0.7642238834584598,0.0,0.008280799734889,0.010835567840950775,
powell,qucb,gaussian,0.25,20,7,-0.0025943257055223517,0.007789307943836814,0.7642238834584598,-0.0019826456656304,0.0059527751662928,0.010383633649359165,
powell,qucb,gaussian,1.0,20,7,0.0,-0.001903530423141209,0.7642238834584598,0.0,-0.0014547234122543,-0.001903530423141209,
powell,qucb,gaussian,5.0,20,7,0.0,0.019096662855555963,0.7642238834584598,0.0,0.0145941258485699,0.019096662855555963,
powell,qucb,gaussian,0.05,0,8,-0.009553383337399909,0.005019697894418683,0.7642238834584598,-0.0073009237142751,0.0038361730186609,0.014573081231818592,
powell,qucb,gaussian,0.25,0,8,-0.0002806390394508755,0.002202496508051743,0.7642238834584598,-0.0002144710565792,0.001683200434687,0.0024831355475026184,
powell,qucb,gaussian,1.0,0,8,-0.017576019705599022,-0.0024279345090980225,0.7642238834584598,-0.0134320140351553,-0.0018554855393257,0.015148085196501,
powell,qucb,gaussian,5.0,0,8,-0.007985780814867232,0.0059044376378427745,0.7642238834584598,-0.0061029244267859,0.0045123122612305,0.013890218452710008,
powell,qucb,gaussian,0.05,20,8,-2.4322246056283233e-05,0.0003242942031029461,0.7642238834584598,-1.858764133556498e-05,0.0002478333752784,0.00034861644915922934,
powell,qucb,gaussian,0.25,20,8,-0.0008890232037849288,0.0023604671996349013,0.7642238834584598,-0.0006794127652812,0.0018039254100813,0.00324949040341983,
powell,qucb,gaussian,1.0,20,8,-0.0024559875165534816,0.002651891217775007,0.7642238834584598,-0.001876924317626,0.0020266386049574,0.005107878734328488,
powell,qucb,gaussian,5.0,20,8,0.019493056265600533,0.002651891217775007,0.7642238834584598,0.0148970591597715,0.0020266386049574,-0.016841165047825526,0.8639571352156403
powell,qucb,gaussian,0.05,0,9,-0.0031779630465370206,-0.005505395397653776,0.7642238834584598,-0.002428675260912,-0.0042073546507693,-0.0023274323511167554,
powell,qucb,gaussian,0.25,0,9,0.0018384768678785615,-0.0017457809540621615,0.7642238834584598,0.0014050079316187,-0.0013341675003812,-0.003584257821940723,1.9495800488785249
powell,qucb,gaussian,1.0,0,9,-0.004356552480906693,0.0,0.7642238834584598,-0.0033293814554491,0.0,0.004356552480906693,
powell,qucb,gaussian,5.0,0,9,0.00028879989193101,-0.005504481883951691,0.7642238834584598,0.0002207077749539,-0.0042066565217803,-0.005793281775882701,20.059847450589174
powell,qucb,gaussian,0.05,20,9,0.0013172964495316256,0.0,0.7642238834584598,0.0010067094083271,0.0,-0.0013172964495316256,1.0
powell,qucb,gaussian,0.25,20,9,0.001983021935025373,-0.00010873048918697454,0.7642238834584598,0.0015154727241684,-8.309443669680776e-05,-0.002091752424212347,1.0548307042229381
powell,qucb,gaussian,1.0,20,9,0.003106391949174067,-0.0050634783925463875,0.7642238834584598,0.0023739789189419,-0.0038696311209598,-0.008169870341720455,2.6300191590094335
powell,qucb,gaussian,5.0,20,9,0.003106391949174067,0.0,0.7642238834584598,0.0023739789189419,0.0,-0.003106391949174067,1.0
powell,ucb,gaussian,0.05,0,10,0.0066478374354380565,-0.0032870569014558215,0.7642238834584598,0.005080436141511,-0.0025120473903795,-0.009934894336893877,1.494455066535366
powell,ucb,gaussian,0.25,0,10,0.02572482583453951,-3.0089159433907624e-05,0.7642238834584598,0.0196595263005643,-2.2994854272581636e-05,-0.025754914993973418,1.001169654544114
powell,ucb,gaussian,1.0,0,10,0.1405538283758345,0.20239987590660863,0.7642238834584598,0.1074145925563341,0.1546788191768588,0.061846047530774134,-0.44001681238735557
powell,ucb,gaussian,5.0,0,10,-0.028384248184234857,-0.009619457761003218,0.7642238834584598,-0.0216919203764047,-0.0073514193668785,0.01876479042323164,
powell,ucb,gaussian,0.05,20,10,0.0003177663741928841,0.00458348257110614,0.7642238834584598,0.0002428446525182,0.0035028068502549,0.004265716196913256,-13.42406416584521
powell,ucb,gaussian,0.25,20,10,0.00014459200174722934,0.0032053878599841643,0.7642238834584598,0.0001105006610923,0.0024496339583477,0.003060795858236935,-21.168500478938736
powell,ucb,gaussian,1.0,20,10,0.0015628095225741782,0.01701703878936452,0.7642238834584598,0.0011943363624475,0.0130048274685714,0.015454229266790341,-9.888747824709272
powell,ucb,gaussian,5.0,20,10,0.01648175965004731,0.07295494648832937,0.7642238834584598,0.0125957543659881,0.0557539125228152,0.05647318683828206,-3.426405192003874
powell,ucb,gaussian,0.05,0,11,0.0030694681687406414,-0.00038015339436259796,0.7642238834584598,0.0023457608840671,-0.0002905223033497,-0.0034496215631032393,1.1238499223526952
powell,ucb,gaussian,0.25,0,11,0.0059435312935340835,0.006704077413219694,0.7642238834584598,0.0045421885666015,0.0051234160757369,0.0007605461196856103,-0.12796199466687463
powell,ucb,gaussian,1.0,0,11,0.006913485917040942,-0.0014096379559147298,0.7642238834584598,0.0052834510557564,-0.0010772789929396,-0.008323123872955671,1.2038968434780688
powell,ucb,gaussian,5.0,0,11,0.008006780675340152,0.002999006484268009,0.7642238834584598,0.0061189730217086,0.0022919123819244,-0.005007774191072142,0.6254416592795453
powell,ucb,gaussian,0.05,20,11,0.0,-1.6002684459950554e-05,0.7642238834584598,0.0,-1.2229633663743758e-05,-1.6002684459950554e-05,
powell,ucb,gaussian,0.25,20,11,-0.0006359485163362046,-0.00011483831450283411,0.7642238834584598,-0.0004860070448341,-8.776218267917985e-05,0.0005211102018333705,
powell,ucb,gaussian,1.0,20,11,-0.0033961888929507373,-0.004113892415473027,0.7642238834584598,-0.0025954486647293,-0.0031439348378831,-0.0007177035225222894,
powell,ucb,gaussian,5.0,20,11,0.0,0.013720685367534133,0.7642238834584598,0.0,0.0104856754552886,0.013720685367534133,
powell,ucb,gaussian,0.05,0,7,0.007128156491131574,-0.013842043553487294,0.7642238834584598,0.0054475074355522,-0.0105784202794472,-0.02097020004461887,2.941882669201881
powell,ucb,gaussian,0.25,0,7,-0.0032840360473795887,-0.008232481953027813,0.7642238834584598,-0.002509738781546,-0.0062914593286446,-0.004948445905648224,
powell,ucb,gaussian,1.0,0,7,-0.01621751132734257,-0.019941265694970477,0.7642238834584598,-0.0123938094866133,-0.0152395915104873,-0.0037237543676279065,
powell,ucb,gaussian,5.0,0,7,0.038086084516157234,0.0314870925816853,0.7642238834584598,0.0291062954146648,0.0240631881715916,-0.006598991934471936,0.1732651706864865
powell,ucb,gaussian,0.05,20,7,-0.00025034556695871627,0.0005711374007099127,0.7642238834584598,-0.0001913200613878,0.0004364768423589,0.0008214829676686289,
powell,ucb,gaussian,0.25,20,7,0.004138493104970219,-0.0036708246947662775,0.7642238834584598,0.0031627352723464,-0.0028053319037295,-0.007809317799736497,1.8869954840223646
powell,ucb,gaussian,1.0,20,7,0.0027462888385711925,-0.00043189980327059643,0.7642238834584598,0.0020987795213115,-0.0003300681449204,-0.003178188641841789,1.1572667074215326
powell,ucb,gaussian,5.0,20,7,0.004138493104970219,0.018016100599285958,0.7642238834584598,0.0031627352723464,0.0137683343647646,0.013877607494315738,-3.353299653356702
powell,ucb,gaussian,0.05,0,8,-0.011316019666977956,-0.004211605767275331,0.7642238834584598,-0.0086479724951902,-0.0032186097150632,0.007104413899702624,
powell,ucb,gaussian,0.25,0,8,-0.007669094836789245,0.00024810338192447534,0.7642238834584598,-0.0058609054387823,0.0001896065300335,0.007917198218713721,
powell,ucb,gaussian,1.0,0,8,-0.0065361860476119416,0.007864703103203004,0.7642238834584598,-0.004995109484313,0.0060103939477776,0.014400889150814946,
powell,ucb,gaussian,5.0,0,8,0.009379634841020813,0.017759611541497102,0.7642238834584598,0.0071681409636272,0.0135723193009566,0.008379976700476289,-0.8934224884563067
powell,ucb,gaussian,0.05,20,8,0.0061922531579090955,-0.0008463108703530277,0.7642238834584598,0.0047322677556952,-0.0006467709799543,-0.007038564028262123,1.1366725243253453
powell,ucb,gaussian,0.25,20,8,-0.00035546225687065427,0.0013634010504389527,0.7642238834584598,-0.0002716527463686,0.0010419436454778,0.001718863307309607,
powell,ucb,gaussian,1.0,20,8,0.008184159361442898,0.0016137340108519846,0.7642238834584598,0.0062545300500448,0.0012332540726423,-0.0065704253505909135,0.8028222643788454
powell,ucb,gaussian,5.0,20,8,0.01584834852448346,0.0016137340108519846,0.7642238834584598,0.0121116864557839,0.0012332540726423,-0.014234614513631474,0.8981765192531579
powell,ucb,gaussian,0.05,0,9,-0.00047883875317028226,0.0,0.7642238834584598,-0.0003659400114982,0.0,0.00047883875317028226,
powell,ucb,gaussian,0.25,0,9,0.0006518065400146267,-0.003911641698234612,0.7642238834584598,0.0004981261252736,-0.0029893700093229,-0.004563448238249238,7.001231129326862
powell,ucb,gaussian,1.0,0,9,0.0020201885312122925,-0.0031448026004860337,0.7642238834584598,0.0015438763246413,-0.0024033332560537,-0.005164991131698327,2.5566876813219372
powell,ucb,gaussian,5.0,0,9,0.0020201885312122925,0.0,0.7642238834584598,0.0015438763246413,0.0,-0.0020201885312122925,1.0
powell,ucb,gaussian,0.05,20,9,0.003413422001013914,0.0,0.7642238834584598,0.0026086186174974,0.0,-0.003413422001013914,1.0
powell,ucb,gaussian,0.25,20,9,0.0001479252701852321,0.0,0.7642238834584598,0.0001130480244426,0.0,-0.0001479252701852321,1.0
powell,ucb,gaussian,1.0,20,9,0.003413422001013914,-0.0009002935966151317,0.7642238834584598,0.0026086186174974,-0.000688025868658,-0.004313715597629045,1.2637510382096648
powell,ucb,gaussian,5.0,20,9,0.003413422001013914,0.0,0.7642238834584598,0.0026086186174974,0.0,-0.003413422001013914,1.0
power_law_practice,ei,gaussian,0.05,0,10,-0.00023995144214048234,-0.0005603651894517976,1.7175746997911816,-0.0004121345261989,-0.0009624690720461,-0.0003204137473113153,
power_law_practice,ei,gaussian,0.25,0,10,0.23793045483188985,0.20797306152279432,1.7175746997911816,0.4086633295290625,0.3572092687096664,-0.029957393309095526,0.1259081916615591
power_law_practice,ei,gaussian,1.0,0,10,0.167941364257762,0.18338547069036937,1.7175746997911816,0.288451838297547,0.3149782447670757,0.01544410643260738,-0.0919613014986782
power_law_practice,ei,gaussian,5.0,0,10,0.10118376086492664,0.1148983955369994,1.7175746997911816,0.1737906676913191,0.1973465772209502,0.013714634672072762,-0.13554185528230023
power_law_practice,ei,gaussian,0.05,20,10,0.0,0.0,1.7175746997911816,0.0,0.0,0.0,
power_law_practice,ei,gaussian,0.25,20,10,0.0,0.0,1.7175746997911816,0.0,0.0,0.0,
power_law_practice,ei,gaussian,1.0,20,10,0.0,0.0,1.7175746997911816,0.0,0.0,0.0,
power_law_practice,ei,gaussian,5.0,20,10,0.0,0.0,1.7175746997911816,0.0,0.0,0.0,
power_law_practice,ei,gaussian,0.05,0,11,0.005234281857832742,0.016624170571151946,1.7175746997911816,0.0089902700905895,0.0285532547780237,0.011389888713319203,-2.176017460021764
power_law_practice,ei,gaussian,0.25,0,11,0.08428720119787188,0.36016137733552,1.7175746997911816,0.1447695642936737,0.6186040695534343,0.27587417613764814,-3.2730257051721106
power_law_practice,ei,gaussian,1.0,0,11,0.3740000327016706,0.3940432980419673,1.7175746997911816,0.642372993889464,0.6767987993391591,0.020043265340296712,-0.05359161387101974
power_law_practice,ei,gaussian,5.0,0,11,0.04750002185692179,0.39551502722334936,1.7175746997911816,0.081584835780977,0.6793266041460453,0.3480150053664276,-7.326628320608114
power_law_practice,ei,gaussian,0.05,20,11,0.0,0.0,1.7175746997911816,0.0,0.0,0.0,
power_law_practice,ei,gaussian,0.25,20,11,0.0,0.0,1.7175746997911816,0.0,0.0,0.0,
power_law_practice,ei,gaussian,1.0,20,11,0.0,0.0,1.7175746997911816,0.0,0.0,0.0,
power_law_practice,ei,gaussian,5.0,20,11,0.0,0.0,1.7175746997911816,0.0,0.0,0.0,
power_law_practice,ei,gaussian,0.05,0,7,-0.010448930570954982,-0.013003797695982382,1.7175746997911816,-0.0179468187885469,-0.0223349939238222,-0.0025548671250274005,
power_law_practice,ei,gaussian,0.25,0,7,0.03280626778033936,0.006236226028273029,1.7175746997911816,0.0563472155340855,0.010711184048341,-0.026570041752066335,0.8099074826179902
power_law_practice,ei,gaussian,1.0,0,7,0.17810613602078987,0.17555126889576245,1.7175746997911816,0.3059105931068755,0.3015224179716002,-0.0025548671250274213,0.014344632824605186
power_law_practice,ei,gaussian,5.0,0,7,0.17810613602078987,0.17555126889576245,1.7175746997911816,0.3059105931068755,0.3015224179716002,-0.0025548671250274213,0.014344632824605186
power_law_practice,ei,gaussian,0.05,20,7,0.0,0.0,1.7175746997911816,0.0,0.0,0.0,
power_law_practice,ei,gaussian,0.25,20,7,0.0,0.0,1.7175746997911816,0.0,0.0,0.0,
power_law_practice,ei,gaussian,1.0,20,7,0.0,0.0,1.7175746997911816,0.0,0.0,0.0,
power_law_practice,ei,gaussian,5.0,20,7,0.0,0.0,1.7175746997911816,0.0,0.0,0.0,
power_law_practice,ei,gaussian,0.05,0,8,0.09045623706407425,0.10254956258907395,1.7175746997911816,0.1553653442195673,0.1761365341776457,0.012093325524999698,-0.13369255584259432
power_law_practice,ei,gaussian,0.25,0,8,0.12188691461222073,0.2062221118811991,1.7175746997911816,0.2093498807735584,0.354201881904654,0.08433519726897837,-0.6919134636994304
power_law_practice,ei,gaussian,1.0,0,8,0.30125223437113136,-0.027785566733152006,1.7175746997911816,0.5174232160114186,-0.0477237864402214,-0.3290378011042834,1.0922335623208066
power_law_practice,ei,gaussian,5.0,0,8,0.26855700652157444,0.34965983930322914,1.7175746997911816,0.4612667198531116,0.6005668935202766,0.0811028327816547,-0.30199484955585887
power_law_practice,ei,gaussian,0.05,20,8,0.0,0.0,1.7175746997911816,0.0,0.0,0.0,
power_law_practice,ei,gaussian,0.25,20,8,0.0,0.0,1.7175746997911816,0.0,0.0,0.0,
power_law_practice,ei,gaussian,1.0,20,8,0.0,0.0,1.7175746997911816,0.0,0.0,0.0,
power_law_practice,ei,gaussian,5.0,20,8,0.0,0.0,1.7175746997911816,0.0,0.0,0.0,
power_law_practice,ei,gaussian,0.05,0,9,0.0,0.0,1.7175746997911816,0.0,0.0,0.0,
power_law_practice,ei,gaussian,0.25,0,9,0.0,0.0,1.7175746997911816,0.0,0.0,0.0,
power_law_practice,ei,gaussian,1.0,0,9,0.11980019607429429,0.07915999730098404,1.7175746997911816,0.2057657858072307,0.1359632085997084,-0.04064019877331025,0.3392331574157622
power_law_practice,ei,gaussian,5.0,0,9,0.10400335952723548,0.20504264328100366,1.7175746997911816,0.1786335390172658,0.3521760564777602,0.10103928375376818,-0.9715001920424398
power_law_practice,ei,gaussian,0.05,20,9,0.0,0.0,1.7175746997911816,0.0,0.0,0.0,
power_law_practice,ei,gaussian,0.25,20,9,0.0,0.0,1.7175746997911816,0.0,0.0,0.0,
power_law_practice,ei,gaussian,1.0,20,9,0.0,0.0,1.7175746997911816,0.0,0.0,0.0,
power_law_practice,ei,gaussian,5.0,20,9,0.0,0.0,1.7175746997911816,0.0,0.0,0.0,
power_law_practice,logei,gaussian,0.05,0,10,0.008514707427664676,0.0015684072748712542,1.7175746997911816,0.0146246460538809,0.0026938566542873,-0.006946300152793422,0.8158002153103433
power_law_practice,logei,gaussian,0.25,0,10,0.0849761753007319,0.03450291903638901,1.7175746997911816,0.1459529287815574,0.0592613408058453,-0.05047325626434289,0.5939694989297566
power_law_practice,logei,gaussian,1.0,0,10,0.18468016760203712,0.2882423063618089,1.7175746997911816,0.317201983426454,0.4950776928165017,0.1035621387597718,-0.5607648081787286
power_law_practice,logei,gaussian,5.0,0,10,0.2771098087119851,0.28298598677136927,1.7175746997911816,0.4759567965076796,0.4860495712739459,0.005876178059384174,-0.021205232996611922
power_law_practice,logei,gaussian,0.05,20,10,0.0,0.0,1.7175746997911816,0.0,0.0,0.0,
power_law_practice,logei,gaussian,0.25,20,10,0.0,0.0,1.7175746997911816,0.0,0.0,0.0,
power_law_practice,logei,gaussian,1.0,20,10,0.0,0.0,1.7175746997911816,0.0,0.0,0.0,
power_law_practice,logei,gaussian,5.0,20,10,0.0,0.0,1.7175746997911816,0.0,0.0,0.0,
power_law_practice,logei,gaussian,0.05,0,11,-0.024261281788475402,-0.014056457579609927,1.7175746997911816,-0.0416705637843899,-0.024143015907426,0.010204824208865475,
power_law_practice,logei,gaussian,0.25,0,11,-0.009830265036282752,-0.022582121888462297,1.7175746997911816,-0.0168842145185611,-0.0387864812232235,-0.012751856852179545,
power_law_practice,logei,gaussian,1.0,0,11,0.34655364302434394,0.03819911499156868,1.7175746997911816,0.5952317693790778,0.0656098334639324,-0.30835452803277524,0.8897743083633222
power_law_practice,logei,gaussian,5.0,0,11,0.42502570629216324,0.4321926684151239,1.7175746997911816,0.7300133998882972,0.7423231927050561,0.007166962122960641,-0.016862420359191388
power_law_practice,logei,gaussian,0.05,20,11,0.0,0.0,1.7175746997911816,0.0,0.0,0.0,
power_law_practice,logei,gaussian,0.25,20,11,0.0,0.0,1.7175746997911816,0.0,0.0,0.0,
power_law_practice,logei,gaussian,1.0,20,11,0.0,0.0,1.7175746997911816,0.0,0.0,0.0,
power_law_practice,logei,gaussian,5.0,20,11,0.0,0.0,1.7175746997911816,0.0,0.0,0.0,
power_law_practice,logei,gaussian,0.05,0,7,-0.006118060198061059,-0.008669198463988255,1.7175746997911816,-0.0105082254079891,-0.0148899959492148,-0.0025511382659271966,
power_law_practice,logei,gaussian,0.25,0,7,0.0016230792014969879,0.004334599231994128,1.7175746997911816,0.0027877597722485,0.0074449979746074,0.00271152003049714,-1.6706024129914723
power_law_practice,logei,gaussian,1.0,0,7,0.023256335308482798,-0.007723303705666349,1.7175746997911816,0.0399444931357104,-0.013265351043656,-0.030979639014149147,1.3320946143586627
power_law_practice,logei,gaussian,5.0,0,7,0.12979837050104742,0.14048137958415405,1.7175746997911816,0.2229383972467211,0.2412872633655044,0.010683009083106626,-0.08230464713746488
power_law_practice,logei,gaussian,0.05,20,7,0.0,0.0,1.7175746997911816,0.0,0.0,0.0,
power_law_practice,logei,gaussian,0.25,20,7,0.0,0.0,1.7175746997911816,0.0,0.0,0.0,
power_law_practice,logei,gaussian,1.0,20,7,0.0,0.0,1.7175746997911816,0.0,0.0,0.0,
power_law_practice,logei,gaussian,5.0,20,7,0.0,0.0,1.7175746997911816,0.0,0.0,0.0,
power_law_practice,logei,gaussian,0.05,0,8,-0.03026305613388028,-0.037132191259742056,1.7175746997911816,-0.0519790595539131,-0.0637773122555402,-0.006869135125861778,
power_law_practice,logei,gaussian,0.25,0,8,-0.005440101386292598,-0.010561631132230385,1.7175746997911816,-0.0093437805053951,-0.0181403904212458,-0.005121529745937787,
power_law_practice,logei,gaussian,1.0,0,8,0.17982510671925273,0.140022083719748,1.7175746997911816,0.3088630536882377,0.2404983884090819,-0.03980302299950472,0.22134296887500893
power_law_practice,logei,gaussian,5.0,0,8,0.49141290101843693,0.4014663888556784,1.7175746997911816,0.8440383659402555,0.6895485123150417,-0.08994651216275851,0.18303652992493147
power_law_practice,logei,gaussian,0.05,20,8,0.0,0.0,1.7175746997911816,0.0,0.0,0.0,
power_law_practice,logei,gaussian,0.25,20,8,0.0,0.0,1.7175746997911816,0.0,0.0,0.0,
power_law_practice,logei,gaussian,1.0,20,8,0.0,0.0,1.7175746997911816,0.0,0.0,0.0,
power_law_practice,logei,gaussian,5.0,20,8,0.0,0.0,1.7175746997911816,0.0,0.0,0.0,
power_law_practice,logei,gaussian,0.05,0,9,0.0,0.0,1.7175746997911816,0.0,0.0,0.0,
power_law_practice,logei,gaussian,0.25,0,9,0.03913327347567704,0.032517216415396774,1.7175746997911816,0.0672143204418322,0.05585074822272,-0.0066160570602802685,0.16906474906558544
power_law_practice,logei,gaussian,1.0,0,9,0.20504264328100366,0.20504264328100366,1.7175746997911816,0.3521760564777602,0.3521760564777602,0.0,0.0
power_law_practice,logei,gaussian,5.0,0,9,0.055046150825225966,0.06934231512718618,1.7175746997911816,0.0945458759782976,0.1191006060874023,0.014296164301960214,-0.25971233388055026
power_law_practice,logei,gaussian,0.05,20,9,0.0,0.0,1.7175746997911816,0.0,0.0,0.0,
power_law_practice,logei,gaussian,0.25,20,9,0.0,0.0,1.7175746997911816,0.0,0.0,0.0,
power_law_practice,logei,gaussian,1.0,20,9,0.0,0.0,1.7175746997911816,0.0,0.0,0.0,
power_law_practice,logei,gaussian,5.0,20,9,0.0,0.0,1.7175746997911816,0.0,0.0,0.0,
power_law_practice,pi,gaussian,0.05,0,10,0.008568697192973792,-0.004867100377232409,1.7175746997911816,0.0147173775088235,-0.0083596084692785,-0.013435797570206201,1.5680093796783203
power_law_practice,pi,gaussian,0.25,0,10,0.136578825092468,0.12645464676491155,1.7175746997911816,0.234584334506028,0.2171953019544429,-0.010124178327556438,0.074126998242239
power_law_practice,pi,gaussian,1.0,0,10,0.22680401920450938,0.27269709488000066,1.7175746997911816,0.3895528451966186,0.4683776308724445,0.04589307567549128,-0.20234683598842862
power_law_practice,pi,gaussian,5.0,0,10,0.2822845494188782,0.27269709488000066,1.7175746997911816,0.4848448002238187,0.4683776308724445,-0.009587454538877549,0.03396379489637191
power_law_practice,pi,gaussian,0.05,20,10,0.0,0.0,1.7175746997911816,0.0,0.0,0.0,
power_law_practice,pi,gaussian,0.25,20,10,0.0,0.0,1.7175746997911816,0.0,0.0,0.0,
power_law_practice,pi,gaussian,1.0,20,10,0.0,0.007175545892569846,1.7175746997911816,0.0,0.0123245360822685,0.007175545892569846,
power_law_practice,pi,gaussian,5.0,20,10,0.0,0.03408384298970702,1.7175746997911816,0.0,0.0585415463907758,0.03408384298970702,
power_law_practice,pi,gaussian,0.05,0,11,0.020037725347190342,0.08086036308594115,1.7175746997911816,0.0344162900976986,0.1388837138523413,0.06082263773875081,-3.035406299112651
power_law_practice,pi,gaussian,0.25,0,11,0.11242705027229147,0.21027560367930795,1.7175746997911816,0.1931018571198391,0.3611640568628968,0.09784855340701648,-0.8703292772516333
power_law_practice,pi,gaussian,1.0,0,11,0.5017812218504232,0.43264428721041487,1.7175746997911816,0.8618467314805929,0.743098881721798,-0.06913693464000831,0.13778302501048445
power_law_practice,pi,gaussian,5.0,0,11,0.44917785098060636,0.4625565886989967,1.7175746997911816,0.771496512550863,0.7944754939711123,0.013378737718390321,-0.029784945293235277
power_law_practice,pi,gaussian,0.05,20,11,0.0,-0.025095617339280455,1.7175746997911816,0.0,-0.043103597417589,-0.025095617339280455,
power_law_practice,pi,gaussian,0.25,20,11,0.02547804308159301,-0.026818302566061526,1.7175746997911816,0.0437604421971339,-0.0460624379788122,-0.052296345647654535,2.0526044908620475
power_law_practice,pi,gaussian,1.0,20,11,0.0,-0.026818302566061526,1.7175746997911816,0.0,-0.0460624379788122,-0.026818302566061526,
power_law_practice,pi,gaussian,5.0,20,11,0.0026818992717466262,-0.026818302566061526,1.7175746997911816,0.0046063623365404,-0.0460624379788122,-0.029500201837808153,10.999742663189476
power_law_practice,pi,gaussian,0.05,0,7,0.011510719382134325,0.037863696034567955,1.7175746997911816,0.0197705203871499,0.0650337263495576,0.026352976652433628,-2.289429164030862
power_law_practice,pi,gaussian,0.25,0,7,0.053942069562042914,0.08411982961009579,1.7175746997911816,0.0926495339341409,0.1444820910890456,0.030177760048052872,-0.559447575761681
power_law_practice,pi,gaussian,1.0,0,7,0.18111699891186775,0.11486414873570544,1.7175746997911816,0.311081975033131,0.1972877557814989,-0.06625285017616231,0.3658013912233672
power_law_practice,pi,gaussian,5.0,0,7,0.14468531614500357,0.1745028078800567,1.7175746997911816,0.2485078384419467,0.2997216078573066,0.02981749173505313,-0.20608512687749214
power_law_practice,pi,gaussian,0.05,20,7,0.0,0.0,1.7175746997911816,0.0,0.0,0.0,
power_law_practice,pi,gaussian,0.25,20,7,0.0,0.0,1.7175746997911816,0.0,0.0,0.0,
power_law_practice,pi,gaussian,1.0,20,7,0.0,0.0,1.7175746997911816,0.0,0.0,0.0,
power_law_practice,pi,gaussian,5.0,20,7,0.0,0.0,1.7175746997911816,0.0,0.0,0.0,
power_law_practice,pi,gaussian,0.05,0,8,-0.013939228017297219,-0.04355694607946216,1.7175746997911816,-0.0239416653771301,-0.0748123085862529,-0.02961771806216494,
power_law_practice,pi,gaussian,0.25,0,8,0.47838475042629985,0.39985233160276534,1.7175746997911816,0.8216615440981313,0.6867762484134237,-0.07853241882353451,0.1641616267106183
power_law_practice,pi,gaussian,1.0,0,8,0.47838475042629985,0.4312563129429183,1.7175746997911816,0.8216615440981313,0.7407149322359847,-0.04712843748338158,0.09851576046557575
power_law_practice,pi,gaussian,5.0,0,8,0.47838475042629985,0.44601885807129127,1.7175746997911816,0.8216615440981313,0.7660707062530038,-0.032365892355008585,0.06765661389951616
power_law_practice,pi,gaussian,0.05,20,8,0.0,0.0,1.7175746997911816,0.0,0.0,0.0,
power_law_practice,pi,gaussian,0.25,20,8,0.0,0.0,1.7175746997911816,0.0,0.0,0.0,
power_law_practice,pi,gaussian,1.0,20,8,0.0,0.0,1.7175746997911816,0.0,0.0,0.0,
power_law_practice,pi,gaussian,5.0,20,8,0.0,0.0,1.7175746997911816,0.0,0.0,0.0,
power_law_practice,pi,gaussian,0.05,0,9,0.00027721063544030233,-0.0015020179628983527,1.7175746997911816,0.0004761299739453,-0.0025798280517061,-0.001779228598338655,6.418327332617129
power_law_practice,pi,gaussian,0.25,0,9,0.003929905840909589,0.004844383372690804,1.7175746997911816,0.0067499068449079,0.0083205903170228,0.0009144775317812149,-0.23269705911568517
power_law_practice,pi,gaussian,1.0,0,9,0.20401714610814398,0.20159665053708697,1.7175746997911816,0.350414688478949,0.3462573065251449,-0.002420495571057002,0.011864177189175873
power_law_practice,pi,gaussian,5.0,0,9,0.20401714610814398,0.20159665053708697,1.7175746997911816,0.350414688478949,0.3462573065251449,-0.002420495571057002,0.011864177189175873
power_law_practice,pi,gaussian,0.05,20,9,0.0,0.0,1.7175746997911816,0.0,0.0,0.0,
power_law_practice,pi,gaussian,0.25,20,9,0.0,0.0,1.7175746997911816,0.0,0.0,0.0,
power_law_practice,pi,gaussian,1.0,20,9,0.0,0.0,1.7175746997911816,0.0,0.0,0.0,
power_law_practice,pi,gaussian,5.0,20,9,0.0,0.0,1.7175746997911816,0.0,0.0,0.0,
power_law_practice,qnei,gaussian,0.05,0,10,0.009097036404440942,0.0043947619498259415,1.7175746997911816,0.0156248395713471,0.007548331936626,-0.004702274454615,0.5169017958771133
power_law_practice,qnei,gaussian,0.25,0,10,0.030405824218841773,-0.00010355569297901531,1.7175746997911816,0.0522242744045806,-0.0001778646382801,-0.03050937991182079,1.0034057847678683
power_law_practice,qnei,gaussian,1.0,0,10,0.08737812755746627,-0.007050842087150355,1.7175746997911816,0.1500784612078307,-0.0121103479811123,-0.09442896964461663,1.0806934445066152
power_law_practice,qnei,gaussian,5.0,0,10,0.1720423670751274,0.12873676105509757,1.7175746997911816,0.2954956169804262,0.2211150037212983,-0.043305606020029835,0.2517147767510032
power_law_practice,qnei,gaussian,0.05,20,10,0.0,0.0,1.7175746997911816,0.0,0.0,0.0,
power_law_practice,qnei,gaussian,0.25,20,10,0.0,0.0,1.7175746997911816,0.0,0.0,0.0,
power_law_practice,qnei,gaussian,1.0,20,10,0.0,0.0,1.7175746997911816,0.0,0.0,0.0,
power_law_practice,qnei,gaussian,5.0,20,10,0.0,0.0,1.7175746997911816,0.0,0.0,0.0,
power_law_practice,qnei,gaussian,0.05,0,11,-0.01861804681864573,-0.017966102585307384,1.7175746997911816,-0.0319778861752336,-0.0308581232543769,0.0006519442333383467,
power_law_practice,qnei,gaussian,0.25,0,11,0.05076533881044308,0.008406623200358072,1.7175746997911816,0.0871932615671444,0.0144390033196126,-0.04235871561008501,0.8344023028833066
power_law_practice,qnei,gaussian,1.0,0,11,0.13001372292885838,0.020177212810626267,1.7175746997911816,0.2233082811282678,0.0346558702358342,-0.10983651011823212,0.8448070530088048
power_law_practice,qnei,gaussian,5.0,0,11,0.19651002380600854,-0.02310941768865661,1.7175746997911816,0.3375206451445631,-0.0396921511489434,-0.21961944149466517,1.117599180138871
power_law_practice,qnei,gaussian,0.05,20,11,0.0,0.0,1.7175746997911816,0.0,0.0,0.0,
power_law_practice,qnei,gaussian,0.25,20,11,0.0,0.0,1.7175746997911816,0.0,0.0,0.0,
power_law_practice,qnei,gaussian,1.0,20,11,0.0,0.0,1.7175746997911816,0.0,0.0,0.0,
power_law_practice,qnei,gaussian,5.0,20,11,0.0,0.0,1.7175746997911816,0.0,0.0,0.0,
power_law_practice,qnei,gaussian,0.05,0,7,0.0013286925836988373,0.010811345450781737,1.7175746997911816,0.0022821287655613,0.0185692934169652,0.0094826528670829,-7.136829830633152
power_law_practice,qnei,gaussian,0.25,0,7,-0.008669198463988255,-0.00429709841769596,1.7175746997911816,-0.0148899959492148,-0.0073805875247473,0.004372100046292295,
power_law_practice,qnei,gaussian,1.0,0,7,0.02231347819346691,0.05957843477470335,1.7175746997911816,0.038325065609441,0.1023304122221896,0.037264956581236436,-1.6700648934305153
power_law_practice,qnei,gaussian,5.0,0,7,0.1345426384006914,0.07802278617589442,1.7175746997911816,0.231087031760181,0.1340099635429334,-0.05651985222479697,0.4200887755483954
power_law_practice,qnei,gaussian,0.05,20,7,0.0,0.0,1.7175746997911816,0.0,0.0,0.0,
power_law_practice,qnei,gaussian,0.25,20,7,0.0,0.0,1.7175746997911816,0.0,0.0,0.0,
power_law_practice,qnei,gaussian,1.0,20,7,0.0,0.0,1.7175746997911816,0.0,0.0,0.0,
power_law_practice,qnei,gaussian,5.0,20,7,0.0,0.0,1.7175746997911816,0.0,0.0,0.0,
power_law_practice,qnei,gaussian,0.05,0,8,-0.02421622326401186,-0.02367865519319488,1.7175746997911816,-0.0415931724027614,-0.0406698590849106,0.0005375680708169794,
power_law_practice,qnei,gaussian,0.25,0,8,-0.017398654088721707,-0.009258853590631616,1.7175746997911816,-0.0298834880732068,-0.0159027726763396,0.00813980049809009,
power_law_practice,qnei,gaussian,1.0,0,8,0.11590261150149703,-0.016420939418572186,1.7175746997911816,0.1990713931546977,-0.0282041900921433,-0.1323235509200692,1.1416787698382456
power_law_practice,qnei,gaussian,5.0,0,8,0.075296062857556,-0.04659265298638895,1.7175746997911816,0.1293266125580247,-0.0800263619655717,-0.12188871584394495,1.6187926860735369
power_law_practice,qnei,gaussian,0.05,20,8,0.0,0.0,1.7175746997911816,0.0,0.0,0.0,
power_law_practice,qnei,gaussian,0.25,20,8,0.0,0.0,1.7175746997911816,0.0,0.0,0.0,
power_law_practice,qnei,gaussian,1.0,20,8,0.0,0.0,1.7175746997911816,0.0,0.0,0.0,
power_law_practice,qnei,gaussian,5.0,20,8,0.0,0.0,1.7175746997911816,0.0,0.0,0.0,
power_law_practice,qnei,gaussian,0.05,0,9,0.0,0.0,1.7175746997911816,0.0,0.0,0.0,
power_law_practice,qnei,gaussian,0.25,0,9,0.009215399698022594,0.009215399698022594,1.7175746997911816,0.0158281373697869,0.0158281373697869,0.0,0.0
power_law_practice,qnei,gaussian,1.0,0,9,0.16786929898270878,0.03625137181169521,1.7175746997911816,0.2883280608043821,0.0622644390564909,-0.13161792717101356,0.7840500196797198
power_law_practice,qnei,gaussian,5.0,0,9,0.010237320875630587,0.07122305367007355,1.7175746997911816,0.0175833633296272,0.1223309150255878,0.06098573279444296,-5.957196568842181
power_law_practice,qnei,gaussian,0.05,20,9,0.0,0.0,1.7175746997911816,0.0,0.0,0.0,
power_law_practice,qnei,gaussian,0.25,20,9,0.0,0.0,1.7175746997911816,0.0,0.0,0.0,
power_law_practice,qnei,gaussian,1.0,20,9,0.0,0.0,1.7175746997911816,0.0,0.0,0.0,
power_law_practice,qnei,gaussian,5.0,20,9,0.0,0.0,1.7175746997911816,0.0,0.0,0.0,
power_law_practice,qucb,gaussian,0.05,0,10,0.0007379871340193852,0.0010915967119601525,1.7175746997911816,0.0012675480301631,0.001874898894838,0.00035360957794076736,-0.4791541229382448
power_law_practice,qucb,gaussian,0.25,0,10,0.001258629941766856,0.010212862648650643,1.7175746997911816,0.0021617909443784,0.0175413544977647,0.008954232706883787,-7.114269579757412
power_law_practice,qucb,gaussian,1.0,0,10,0.00557390051145335,-0.00510723794479558,1.7175746997911816,0.0095735904976254,-0.0087720626797944,-0.01068113845624893,1.9162771984001394
power_law_practice,qucb,gaussian,5.0,0,10,0.07149099272591651,0.004401943219392034,1.7175746997911816,0.1227911203689896,0.0075606663035451,-0.06708904950652447,0.9384266038063245
power_law_practice,qucb,gaussian,0.05,20,10,0.0,0.0,1.7175746997911816,0.0,0.0,0.0,
power_law_practice,qucb,gaussian,0.25,20,10,0.0,0.0,1.7175746997911816,0.0,0.0,0.0,
power_law_practice,qucb,gaussian,1.0,20,10,0.0,0.0,1.7175746997911816,0.0,0.0,0.0,
power_law_practice,qucb,gaussian,5.0,20,10,0.0,0.0,1.7175746997911816,0.0,0.0,0.0,
power_law_practice,qucb,gaussian,0.05,0,11,0.0028173381298464703,0.0027754803820876444,1.7175746997911816,0.0048389886925813,0.0047670948840405,-4.185774775882596e-05,0.014857197052562165
power_law_practice,qucb,gaussian,0.25,0,11,0.012780134139560117,0.0001550430114234192,1.7175746997911816,0.021950835058046,0.0002662979538003,-0.012625091128136697,0.9878684362988419
power_law_practice,qucb,gaussian,1.0,0,11,0.21448593031306443,0.08924280403301105,1.7175746997911816,0.3683956073668939,0.1532811823455222,-0.12524312628005338,0.5839223397882
power_law_practice,qucb,gaussian,5.0,0,11,0.17864962177558144,0.256735239205792,1.7175746997911816,0.3068440704890024,0.4409619514047054,0.07808561743021056,-0.43708806463806127
power_law_practice,qucb,gaussian,0.05,20,11,0.0,0.0,1.7175746997911816,0.0,0.0,0.0,
power_law_practice,qucb,gaussian,0.25,20,11,0.0,0.0,1.7175746997911816,0.0,0.0,0.0,
power_law_practice,qucb,gaussian,1.0,20,11,0.0,0.0,1.7175746997911816,0.0,0.0,0.0,
power_law_practice,qucb,gaussian,5.0,20,11,0.0,0.0,1.7175746997911816,0.0,0.0,0.0,
power_law_practice,qucb,gaussian,0.05,0,7,-0.005755275832247475,-0.005825037792125709,1.7175746997911816,-0.0098851161597879,-0.0100049375370826,-6.976195987823397e-05,
power_law_practice,qucb,gaussian,0.25,0,7,0.004989925185637043,-0.010159637024119835,1.7175746997911816,0.008570569252701,-0.01744993551169,-0.015149562209756879,3.036029929539474
power_law_practice,qucb,gaussian,1.0,0,7,0.08763834947412523,0.054859351455792134,1.7175746997911816,0.1505254117882153,0.0942250341074211,-0.032778998018333096,0.37402573433917674
power_law_practice,qucb,gaussian,5.0,0,7,0.09869693879467725,0.1339850237915141,1.7175746997911816,0.1695193650205764,0.2301292870152242,0.03528808499683686,-0.357539812559414
power_law_practice,qucb,gaussian,0.05,20,7,0.0,0.0,1.7175746997911816,0.0,0.0,0.0,
power_law_practice,qucb,gaussian,0.25,20,7,0.0,0.0,1.7175746997911816,0.0,0.0,0.0,
power_law_practice,qucb,gaussian,1.0,20,7,0.0,0.0,1.7175746997911816,0.0,0.0,0.0,
power_law_practice,qucb,gaussian,5.0,20,7,0.0,0.0,1.7175746997911816,0.0,0.0,0.0,
power_law_practice,qucb,gaussian,0.05,0,8,0.01658403710145099,0.019525236714020143,1.7175746997911816,0.0284843225458505,0.0335360525874349,0.0029411996125691536,-0.17735124412570324
power_law_practice,qucb,gaussian,0.25,0,8,0.053241466088327104,0.3711304339831564,1.7175746997911816,0.0914461951331008,0.6374442437319908,0.31788896789482934,-5.970702748257429
power_law_practice,qucb,gaussian,1.0,0,8,0.5093602439873987,0.43431101222771445,1.7175746997911816,0.8748642681522193,0.7459616064430209,-0.0750492317596842,0.147340183388048
power_law_practice,qucb,gaussian,5.0,0,8,0.280818950249015,0.14574377371375263,1.7175746997911816,0.4823275241696267,0.2503258183828326,-0.13507517653526235,0.4810044920952985
power_law_practice,qucb,gaussian,0.05,20,8,0.0,0.0,1.7175746997911816,0.0,0.0,0.0,
power_law_practice,qucb,gaussian,0.25,20,8,0.0,0.0,1.7175746997911816,0.0,0.0,0.0,
power_law_practice,qucb,gaussian,1.0,20,8,0.0,0.0,1.7175746997911816,0.0,0.0,0.0,
power_law_practice,qucb,gaussian,5.0,20,8,0.0,0.0,1.7175746997911816,0.0,0.0,0.0,
power_law_practice,qucb,gaussian,0.05,0,9,-0.004607699849011267,-0.004607699849011267,1.7175746997911816,-0.0079140686848934,-0.0079140686848934,0.0,
power_law_practice,qucb,gaussian,0.25,0,9,0.0827988078410454,0.013823099547033918,1.7175746997911816,0.1422131375206513,0.0237422060546804,-0.06897570829401148,0.8330519495694784
power_law_practice,qucb,gaussian,1.0,0,9,0.07811029344959249,0.025011156627961852,1.7175746997911816,0.1341602638222849,0.0429585298367018,-0.05309913682163063,0.6797969189028525
power_law_practice,qucb,gaussian,5.0,0,9,0.19582724358298106,0.02303849924505657,1.7175746997911816,0.3363479191079733,0.0395703434244674,-0.1727887443379245,0.8823529411764708
power_law_practice,qucb,gaussian,0.05,20,9,0.0,0.0,1.7175746997911816,0.0,0.0,0.0,
power_law_practice,qucb,gaussian,0.25,20,9,0.0,0.0,1.7175746997911816,0.0,0.0,0.0,
power_law_practice,qucb,gaussian,1.0,20,9,0.0,0.0,1.7175746997911816,0.0,0.0,0.0,
power_law_practice,qucb,gaussian,5.0,20,9,0.0,0.0,1.7175746997911816,0.0,0.0,0.0,
power_law_practice,ucb,gaussian,0.05,0,10,0.004099829671171577,0.004110985073242258,1.7175746997911816,0.0070417637166575,0.0070609239530201,1.1155402070681109e-05,-0.002720942811142102
power_law_practice,ucb,gaussian,0.25,0,10,0.029605835411186915,-0.003419917227982365,1.7175746997911816,0.0508502338684365,-0.0058739633061625,-0.03302575263916928,1.1155149713049513
power_law_practice,ucb,gaussian,1.0,0,10,0.02314729467222909,0.03679473332954637,1.7175746997911816,0.0397572076976319,0.0631977030523922,0.013647438657317282,-0.5895910883136923
power_law_practice,ucb,gaussian,5.0,0,10,0.2929697017274859,0.24517620920184136,1.7175746997911816,0.5031973474924986,0.4211084539157926,-0.04779349252564452,0.16313459120117824
power_law_practice,ucb,gaussian,0.05,20,10,0.0,0.0,1.7175746997911816,0.0,0.0,0.0,
power_law_practice,ucb,gaussian,0.25,20,10,0.0,0.0,1.7175746997911816,0.0,0.0,0.0,
power_law_practice,ucb,gaussian,1.0,20,10,0.0,0.0,1.7175746997911816,0.0,0.0,0.0,
power_law_practice,ucb,gaussian,5.0,20,10,0.0,0.0,1.7175746997911816,0.0,0.0,0.0,
power_law_practice,ucb,gaussian,0.05,0,11,0.00233848698339788,0.0021866854929830535,1.7175746997911816,0.0040165260784752,0.0037557956791481,-0.0001518014904148264,0.0649144046952338
power_law_practice,ucb,gaussian,0.25,0,11,0.09103901312916447,0.05978279701979072,1.7175746997911816,0.1563663056446101,0.1026814196439442,-0.03125621610937375,0.343327712318542
power_law_practice,ucb,gaussian,1.0,0,11,0.19984837830766836,0.11015262331322434,1.7175746997911816,0.343254518375548,0.1891953589184224,-0.08969575499444402,0.4488190284754605
power_law_practice,ucb,gaussian,5.0,0,11,0.32059521521260814,0.3431849896632746,1.7175746997911816,0.5506462305232847,0.5894458555937386,0.022589774450666456,-0.07046198252112301
power_law_practice,ucb,gaussian,0.05,20,11,0.0,0.0,1.7175746997911816,0.0,0.0,0.0,
power_law_practice,ucb,gaussian,0.25,20,11,0.0,0.0,1.7175746997911816,0.0,0.0,0.0,
power_law_practice,ucb,gaussian,1.0,20,11,0.0,0.0,1.7175746997911816,0.0,0.0,0.0,
power_law_practice,ucb,gaussian,5.0,20,11,0.0,0.0,1.7175746997911816,0.0,0.0,0.0,
power_law_practice,ucb,gaussian,0.05,0,7,-0.004212014822855941,-0.003808176079272603,1.7175746997911816,-0.0072344500948828,-0.0065408268861086,0.00040383874358333825,
power_law_practice,ucb,gaussian,0.25,0,7,0.00725215121270183,-0.0014548093035345658,1.7175746997911816,0.0124561114419966,-0.0024987436527718,-0.008706960516236395,1.200603829245387
power_law_practice,ucb,gaussian,1.0,0,7,0.03414270901640978,0.000612907626114012,1.7175746997911816,0.0586426531889177,0.0010527146319225,-0.033529801390295766,0.9820486527352169
power_law_practice,ucb,gaussian,5.0,0,7,0.17412626597711706,0.17405674919018513,1.7175746997911816,0.2990748690114063,0.2989554687369612,-6.951678693192798e-05,0.0003992320546347683
power_law_practice,ucb,gaussian,0.05,20,7,0.0,0.0,1.7175746997911816,0.0,0.0,0.0,
power_law_practice,ucb,gaussian,0.25,20,7,0.0,0.0,1.7175746997911816,0.0,0.0,0.0,
power_law_practice,ucb,gaussian,1.0,20,7,0.0,0.0,1.7175746997911816,0.0,0.0,0.0,
power_law_practice,ucb,gaussian,5.0,20,7,0.0,0.0,1.7175746997911816,0.0,0.0,0.0,
power_law_practice,ucb,gaussian,0.05,0,8,0.007021229482404265,-0.0039357641463514574,1.7175746997911816,0.0120594861204055,-0.0067599689221185,-0.010956993628755723,1.5605519882543053
power_law_practice,ucb,gaussian,0.25,0,8,-0.002677266950433808,-0.007914816836025157,1.7175746997911816,-0.0045984059786522,-0.0135942891510381,-0.00523754988559135,
power_law_practice,ucb,gaussian,1.0,0,8,0.01511943189401609,-0.012324355643973245,1.7175746997911816,0.0259687536963779,-0.0211680014453171,-0.027443787537989334,1.815133513637568
power_law_practice,ucb,gaussian,5.0,0,8,0.30832252148136446,0.19781141671864716,1.7175746997911816,0.5295669622722147,0.3397558846857987,-0.1105111047627173,0.3584269622334312
power_law_practice,ucb,gaussian,0.05,20,8,0.0,0.0,1.7175746997911816,0.0,0.0,0.0,
power_law_practice,ucb,gaussian,0.25,20,8,0.0,0.0,1.7175746997911816,0.0,0.0,0.0,
power_law_practice,ucb,gaussian,1.0,20,8,0.0,0.0,1.7175746997911816,0.0,0.0,0.0,
power_law_practice,ucb,gaussian,5.0,20,8,0.0,0.0,1.7175746997911816,0.0,0.0,0.0,
power_law_practice,ucb,gaussian,0.05,0,9,0.013823099547033918,0.013823099547033918,1.7175746997911816,0.0237422060546804,0.0237422060546804,0.0,0.0
power_law_practice,ucb,gaussian,0.25,0,9,-0.004607699849011267,-0.004607699849011267,1.7175746997911816,-0.0079140686848934,-0.0079140686848934,0.0,
power_law_practice,ucb,gaussian,1.0,0,9,0.1653347890109426,0.09955155643497712,1.7175746997911816,0.2839748506005081,0.1709872346575507,-0.06578323257596547,0.3978789519706687
power_law_practice,ucb,gaussian,5.0,0,9,0.029312737892331228,-0.005915481783065948,1.7175746997911816,0.0503468169854784,-0.0101602818476697,-0.035228219675397174,1.2018058430704814
power_law_practice,ucb,gaussian,0.05,20,9,0.0,0.0,1.7175746997911816,0.0,0.0,0.0,
power_law_practice,ucb,gaussian,0.25,20,9,0.0,0.0,1.7175746997911816,0.0,0.0,0.0,
power_law_practice,ucb,gaussian,1.0,20,9,0.0,0.0,1.7175746997911816,0.0,0.0,0.0,
power_law_practice,ucb,gaussian,5.0,20,9,0.0,0.0,1.7175746997911816,0.0,0.0,0.0,
rastrigin,ei,gaussian,0.05,0,10,0.12203591842112707,-0.15099170035720924,3.638939073438052,0.4440812719055378,-0.549449598194699,-0.2730276187783363,2.2372726186741207
rastrigin,ei,gaussian,0.25,0,10,0.14717071681196545,-0.10624756678325972,3.638939073438052,0.5355452718729474,-0.3866284222253227,-0.25341828359522517,1.7219341529674568
rastrigin,ei,gaussian,1.0,0,10,0.05015777868713008,-0.05069976473804539,3.638939073438052,0.182521100701456,-0.1844933549193901,-0.10085754342517547,2.0108056230778493
rastrigin,ei,gaussian,5.0,0,10,0.3299307000899066,0.284405587907668,3.638939073438052,1.2005977160839325,1.0349346065413338,-0.04552511218223859,0.1379838619741447
rastrigin,ei,gaussian,0.05,20,10,0.04610835782195462,-0.031764026618734134,3.638939073438052,0.1677855048903737,-0.115587357592638,-0.07787238444068875,1.6888995427117468
rastrigin,ei,gaussian,0.25,20,10,0.03830903989642413,-0.14398266284291075,3.638939073438052,0.139404262144995,-0.5239441377167251,-0.18229170273933487,4.758451353314925
rastrigin,ei,gaussian,1.0,20,10,0.05337343876105446,0.10307759065255716,3.638939073438052,0.1942226917913541,0.3750930722214431,0.0497041518915027,-0.9312525676679997
rastrigin,ei,gaussian,5.0,20,10,0.05337343876105446,0.31820898691834637,3.638939073438052,0.1942226917913541,1.1579431160163085,0.26483554815729193,-4.961935267894659
rastrigin,ei,gaussian,0.05,0,11,-0.2250995317444232,-0.039204324670672135,3.638939073438052,-0.8191234814773907,-0.1426621488918602,0.18589520707375107,
rastrigin,ei,gaussian,0.25,0,11,-0.03690268065843885,0.014239924323639528,3.638939073438052,-0.1342866065625998,0.0518182170240928,0.05114260498207838,
rastrigin,ei,gaussian,1.0,0,11,-0.027760243057750718,0.06569617730724918,3.638939073438052,-0.1010178331509865,0.2390643865788633,0.0934564203649999,
rastrigin,ei,gaussian,5.0,0,11,0.024142410321546563,0.21014041890037724,3.638939073438052,0.0878527602460499,0.7646881812452229,0.18599800857883067,-7.7042021116189705
rastrigin,ei,gaussian,0.05,20,11,0.13594408082804502,0.08726899100530183,3.638939073438052,0.4946922275277938,0.3175665412687067,-0.048675089822743184,0.35805229272403605
rastrigin,ei,gaussian,0.25,20,11,0.10453935102374726,0.051396564279437285,3.638939073438052,0.3804123291521701,0.1870289659969148,-0.05314278674430997,0.5083519863466343
rastrigin,ei,gaussian,1.0,20,11,0.08844321570966816,0.0992818965234483,3.638939073438052,0.3218394734264216,0.3612807725442095,0.01083868081378013,-0.12254960119677438
rastrigin,ei,gaussian,5.0,20,11,0.13594408082804502,0.14954838804073825,3.638939073438052,0.4946922275277938,0.5441974726111183,0.013604307212693234,-0.10007281766023524
rastrigin,ei,gaussian,0.05,0,7,-0.10841115730726328,-0.02792504735427536,3.638939073438052,-0.3945015963220395,-0.1016175459450805,0.08048610995298791,
rastrigin,ei,gaussian,0.25,0,7,-0.07530696364154843,0.028911628632305,3.638939073438052,-0.2740374524972093,0.105207655106825,0.10421859227385342,
rastrigin,ei,gaussian,1.0,0,7,-0.09046974015212872,0.12560352389745247,3.638939073438052,-0.3292138724033686,0.4570635708719499,0.2160732640495812,
rastrigin,ei,gaussian,5.0,0,7,-0.018139178240771166,0.22639094046141361,3.638939073438052,-0.0660073644603995,0.8238228391174256,0.24453011870218477,
rastrigin,ei,gaussian,0.05,20,7,0.0,0.008713309730039198,3.638939073438052,0.0,0.0317072032356076,0.008713309730039198,
rastrigin,ei,gaussian,0.25,20,7,-0.0061500352578341905,0.014325415859836772,3.638939073438052,-0.0223796036027545,0.0521293155156092,0.020475451117670962,
rastrigin,ei,gaussian,1.0,20,7,0.0,0.014595717298410842,3.638939073438052,0.0,0.0531129259820429,0.014595717298410842,
rastrigin,ei,gaussian,5.0,20,7,-0.1045388942982289,0.014595717298410842,3.638939073438052,-0.3804106671558355,0.0531129259820429,0.11913461159663974,
rastrigin,ei,gaussian,0.05,0,8,0.07601957633057917,-0.1347067409541483,3.638939073438052,0.276630606655551,-0.4901896231135481,-0.21072631728472746,2.772000680040123
rastrigin,ei,gaussian,0.25,0,8,-0.051218060626503664,-0.07102161415122944,3.638939073438052,-0.1863794020795032,-0.2584433267935497,-0.019803553524725778,
rastrigin,ei,gaussian,1.0,0,8,0.020742227451542913,0.12265765657111605,3.638939073438052,0.0754797019435589,0.4463437391529798,0.10191542911957313,-4.913427420351239
rastrigin,ei,gaussian,5.0,0,8,0.21941567193417086,0.20734620709685436,3.638939073438052,0.7984402619259192,0.7545202147339216,-0.012069464837316496,0.05500730522538777
rastrigin,ei,gaussian,0.05,20,8,-0.0006019566408819651,0.03076770438233865,3.638939073438052,-0.0021904835410209,0.1119618016768833,0.03136966102322061,
rastrigin,ei,gaussian,0.25,20,8,0.04261912952859629,-0.011436932674560868,3.638939073438052,0.1550884157175265,-0.0416183011897399,-0.05405606220315716,1.2683520944951958
rastrigin,ei,gaussian,1.0,20,8,0.08242612692639023,0.13817994141746892,3.638939073438052,0.2999436539446057,0.5028283879894087,0.05575381449107869,-0.6764094901713511
rastrigin,ei,gaussian,5.0,20,8,0.08242612692639023,0.2115793388226669,3.638939073438052,0.2999436539446057,0.7699243231739912,0.12915321189627668,-1.5668965255593723
rastrigin,ei,gaussian,0.05,0,9,0.17304433226346339,0.11743001613416142,3.638939073438052,0.6296977821105139,0.4273206741050608,-0.05561431612930197,0.3213876779542718
rastrigin,ei,gaussian,0.25,0,9,0.044900124610490755,0.032631274913863584,3.638939073438052,0.1633888178473523,0.1187432213001571,-0.012268849696627171,0.27324756452369836
rastrigin,ei,gaussian,1.0,0,9,0.06645107931567554,0.13350648094778741,3.638939073438052,0.2418114289939428,0.4858219500781164,0.06705540163211188,-1.0090942438055146
rastrigin,ei,gaussian,5.0,0,9,0.18991425278926838,0.08661770099235945,3.638939073438052,0.6910863950776602,0.3151965365924707,-0.10329655179690893,0.5439115299657277
rastrigin,ei,gaussian,0.05,20,9,0.0419942616254729,0.0043918892683911465,3.638939073438052,0.1528145594891135,0.0159818174649618,-0.037602372357081755,0.895416918921915
rastrigin,ei,gaussian,0.25,20,9,0.04182197122115576,-0.0016072143418883115,3.638939073438052,0.1521876052048654,-0.0058485550680874,-0.04342918556304407,1.038429904066198
rastrigin,ei,gaussian,1.0,20,9,0.04776426006333266,0.05871180456803746,3.638939073438052,0.1738112322583179,0.2136486797146902,0.010947544504704795,-0.22919949958795516
rastrigin,ei,gaussian,5.0,20,9,0.04776426006333266,0.22310132557456658,3.638939073438052,0.1738112322583179,0.8118521309691145,0.1753370655112339,-3.6708841564539485
rastrigin,logei,gaussian,0.05,0,10,0.22339894179968184,0.15212391186422308,3.638939073438052,0.8129351382795755,0.5535696468869677,-0.07127502993545876,0.3190481985334107
rastrigin,logei,gaussian,0.25,0,10,0.034133765582206474,0.029067205541392135,3.638939073438052,0.1242106933006661,0.1057737900002269,-0.005066560040814339,0.1484324965146968
rastrigin,logei,gaussian,1.0,0,10,0.10543034262748341,0.3409621798596409,3.638939073438052,0.3836545933131108,1.24074059885586,0.23553183723215748,-2.234004285316241
rastrigin,logei,gaussian,5.0,0,10,-0.001482845120098535,0.4492582210818046,3.638939073438052,-0.0053959830473835,1.6348232947578494,0.45074106620190313,
rastrigin,logei,gaussian,0.05,20,10,-0.06868956984670642,0.19849845824085702,3.638939073438052,-0.2499571596528322,0.722323795709866,0.2671880280875634,
rastrigin,logei,gaussian,0.25,20,10,-0.018445441703128493,0.029226711618429255,3.638939073438052,-0.067121838540338,0.1063542228964081,0.04767215332155775,
rastrigin,logei,gaussian,1.0,20,10,0.0038894958065863448,0.19007038845845597,3.638939073438052,0.0141536382665605,0.6916545632650244,0.18618089265186963,-47.86761624388359
rastrigin,logei,gaussian,5.0,20,10,0.0038894958065863448,0.2897408069139209,3.638939073438052,0.0141536382665605,1.0543491434485368,0.2858513111073346,-73.49315318023568
rastrigin,logei,gaussian,0.05,0,11,-0.027679917045207964,0.0010234832262599855,3.638939073438052,-0.1007255316853312,0.0037243931030459,0.02870340027146795,
rastrigin,logei,gaussian,0.25,0,11,-0.09157186609700793,-0.15565829860271055,3.638939073438052,-0.3332244415680394,-0.5664310648902912,-0.06408643250570262,
rastrigin,logei,gaussian,1.0,0,11,-0.041815714401565784,0.2485071443661991,3.638939073438052,-0.152164837019584,0.9043023576626728,0.29032285876776487,
rastrigin,logei,gaussian,5.0,0,11,0.09110219845636275,0.08404311585402902,3.638939073438052,0.3315153496389662,0.3058277781347072,-0.007059082602333733,0.07748531563390293
rastrigin,logei,gaussian,0.05,20,11,0.03656684836090806,0.17839369798696703,3.638939073438052,0.1330645332929925,0.6491637980598814,0.14182684962605896,-3.8785636712864635
rastrigin,logei,gaussian,0.25,20,11,0.03128599253774421,-0.0036972187386296,3.638939073438052,0.1138478206968887,-0.0134539537310466,-0.034983211276373806,1.1181748903816677
rastrigin,logei,gaussian,1.0,20,11,0.1275673718996172,0.18358375009991101,3.638939073438052,0.4642098941013204,0.6680500814868531,0.056016378200293815,-0.4391121128086979
rastrigin,logei,gaussian,5.0,20,11,0.20443742792410677,0.32559664326508125,3.638939073438052,0.7439353445462076,1.1848263473575746,0.12115921534097449,-0.5926469363816902
rastrigin,logei,gaussian,0.05,0,7,0.06496437174846739,0.08686434737662364,3.638939073438052,0.2364013907368531,0.3160940677574919,0.02189997562815625,-0.3371074796651583
rastrigin,logei,gaussian,0.25,0,7,0.02068533981381684,0.10081169041003901,3.638939073438052,0.0752726912958419,0.3668475992924311,0.08012635059622217,-3.873581546999847
rastrigin,logei,gaussian,1.0,0,7,0.1574278080326484,0.191450314244467,3.638939073438052,0.572870201895709,0.6966760291261846,0.034022506211818626,-0.21611497128107637
rastrigin,logei,gaussian,5.0,0,7,0.03998243235888647,0.2500795815432728,3.638939073438052,0.1454936353618459,0.9100243607468528,0.21009714918438635,-5.2547365627616776
rastrigin,logei,gaussian,0.05,20,7,0.03646632815205757,-0.006294168282514173,3.638939073438052,0.1326987463773363,-0.0229040948980353,-0.04276049643457174,1.1726021949966747
rastrigin,logei,gaussian,0.25,20,7,0.03938641598679471,-0.023025578548542494,3.638939073438052,0.1433247680970324,-0.0837886774688083,-0.062411994535337204,1.5846071030241087
rastrigin,logei,gaussian,1.0,20,7,0.03938641598679471,-0.08812323680994646,3.638939073438052,0.1433247680970324,-0.3206750897055486,-0.12750965279674117,3.2374017691655927
rastrigin,logei,gaussian,5.0,20,7,0.03938641598679471,0.09009944595707109,3.638939073438052,0.1433247680970324,0.3278663943883061,0.05071302997027638,-1.2875766606253083
rastrigin,logei,gaussian,0.05,0,8,-0.03817816070837111,-0.04719099256989297,3.638939073438052,-0.138928000753689,-0.1717251467769083,-0.00901283186152186,
rastrigin,logei,gaussian,0.25,0,8,-0.09784918425102675,-0.010448312054804414,3.638939073438052,-0.3560672198751005,-0.0380207709877016,0.08740087219622233,
rastrigin,logei,gaussian,1.0,0,8,0.13059125848050715,0.18358285812873718,3.638939073438052,0.4752136331341658,0.6680468356580962,0.052991599648230026,-0.4057821347677715
rastrigin,logei,gaussian,5.0,0,8,-0.0005019317261648826,0.3091970539069036,3.638939073438052,-0.0018264989705396,1.125149240853763,0.30969898563306847,
rastrigin,logei,gaussian,0.05,20,8,-0.015726975754654926,-0.0055819977166284085,3.638939073438052,-0.0572295065806267,-0.0203125495988811,0.010144978038026518,
rastrigin,logei,gaussian,0.25,20,8,-0.04792089632706787,0.0642392122601572,3.638939073438052,-0.1743812220787413,0.2337625795403668,0.11216010858722508,
rastrigin,logei,gaussian,1.0,20,8,-0.11019133470171522,-0.03481254667035963,3.638939073438052,-0.4009795534003618,-0.1266807363246574,0.07537878803135559,
rastrigin,logei,gaussian,5.0,20,8,0.17149044614943484,0.0941407746056542,3.638939073438052,0.6240432852145026,0.3425725431162398,-0.07734967154378064,0.4510436195167339
rastrigin,logei,gaussian,0.05,0,9,-0.029128614278542953,0.00281705312248499,3.638939073438052,-0.1059972526532955,0.0102510846793613,0.031945667401027944,
rastrigin,logei,gaussian,0.25,0,9,-0.009779514016301906,0.034440772051337463,3.638939073438052,-0.0355870556731561,0.1253278711369851,0.04422028606763937,
rastrigin,logei,gaussian,1.0,0,9,0.03986391247102577,0.05509791802631727,3.638939073438052,0.1450623487109301,0.2004979667710527,0.015234005555291502,-0.3821502860855419
rastrigin,logei,gaussian,5.0,0,9,-0.1312459463127357,0.11458898635978025,3.638939073438052,-0.4775960022677668,0.4169823398502643,0.24583493267251594,
rastrigin,logei,gaussian,0.05,20,9,-0.015600590188533209,-0.00025780505547652735,3.638939073438052,-0.0567695972057478,-0.0009381368897034,0.015342785133056681,
rastrigin,logei,gaussian,0.25,20,9,0.06495664569318908,-0.00800183223529818,3.638939073438052,0.2363732760924173,-0.0291181799801227,-0.07295847792848727,1.1231872759115884
rastrigin,logei,gaussian,1.0,20,9,0.056531159625047074,0.0596685402088657,3.638939073438052,0.2057134456263474,0.2171301824210509,0.0031373805838186275,-0.055498252726953856
rastrigin,logei,gaussian,5.0,20,9,0.09279420724801384,0.10267678645744865,3.638939073438052,0.337672466543506,0.3736345701750649,0.00988257920943482,-0.10649995837586457
rastrigin,pi,gaussian,0.05,0,10,0.040421875153704954,0.09950782444596286,3.638939073438052,0.1470927409184517,0.3621029104892284,0.059085949292257904,-1.4617320217724301
rastrigin,pi,gaussian,0.25,0,10,0.13032895001598954,0.12256064608763596,3.638939073438052,0.4742591086133392,0.445990723914111,-0.007768303928353579,0.05960535957207136
rastrigin,pi,gaussian,1.0,0,10,0.14832574771035734,0.28515881132769394,3.638939073438052,0.539748358940134,1.0376755406754947,0.1368330636173366,-0.9225172684417338
rastrigin,pi,gaussian,5.0,0,10,0.2633680184807316,0.4010015360153926,3.638939073438052,0.9583801731434892,1.4592201579150883,0.13763351753466102,-0.5225900940008419
rastrigin,pi,gaussian,0.05,20,10,0.039895557328585116,-0.03865247435444419,3.638939073438052,0.1451775024195762,-0.1406539992134492,-0.0785480316830293,1.9688415689019525
rastrigin,pi,gaussian,0.25,20,10,0.15841889333602358,0.13571971559061666,3.638939073438052,0.5764767009312712,0.4938757760985945,-0.022699177745406918,0.14328579923393048
rastrigin,pi,gaussian,1.0,20,10,0.15841889333602358,0.1301905584333546,3.638939073438052,0.5764767009312712,0.4737555100758539,-0.02822833490266899,0.178187931428063
rastrigin,pi,gaussian,5.0,20,10,0.15841889333602358,0.15994204623457062,3.638939073438052,0.5764767009312712,0.5820193615286144,0.0015231528985470422,-0.009614717452395505
rastrigin,pi,gaussian,0.05,0,11,0.06992209275002668,0.022712839860164594,3.638939073438052,0.2544422354046316,0.0826506404358942,-0.047209252889862094,0.6751693353721034
rastrigin,pi,gaussian,0.25,0,11,-0.17552932369349664,-0.19604368950041662,3.638939073438052,-0.6387405145224205,-0.7133910418240231,-0.020514365806919982,
rastrigin,pi,gaussian,1.0,0,11,0.008681109876817722,0.14968916140380997,3.638939073438052,0.031590029931561,0.5447097383024992,0.14100805152699225,-16.24309028774582
rastrigin,pi,gaussian,5.0,0,11,0.08441289139386304,0.09102831602987338,3.638939073438052,0.3071733687950109,0.3312464959903736,0.006615424636010336,-0.07836983814644327
rastrigin,pi,gaussian,0.05,20,11,0.028273527467066753,-0.0026694329504848378,3.638939073438052,0.1028856438438332,-0.0097139038674423,-0.03094296041755159,1.0944145704349844
rastrigin,pi,gaussian,0.25,20,11,0.05471804604242162,0.08223930415842917,3.638939073438052,0.1991156357659504,0.2992638172744644,0.02752125811600755,-0.5029649285113538
rastrigin,pi,gaussian,1.0,20,11,0.1781472794880775,0.21220347100487236,3.638939073438052,0.6482670961558543,0.7721955021588087,0.03405619151679487,-0.1911687431582365
rastrigin,pi,gaussian,5.0,20,11,0.1363222599202854,0.11858935474587631,3.638939073438052,0.4960683982033047,0.4315394366785756,-0.01773290517440909,0.13008077466422896
rastrigin,pi,gaussian,0.05,0,7,0.026439747498029385,0.11375614759337897,3.638939073438052,0.0962126302624151,0.4139516903213327,0.08731640009534959,-3.3024672456443644
rastrigin,pi,gaussian,0.25,0,7,-0.008367700507094561,0.21924510701531497,3.638939073438052,-0.0304495523300938,0.7978195865781368,0.22761280752240953,
rastrigin,pi,gaussian,1.0,0,7,0.1460137428245752,0.13891594908609511,3.638939073438052,0.5313351140232816,0.5055066750531225,-0.007097793738480074,0.04861044995612196
rastrigin,pi,gaussian,5.0,0,7,0.22315968353621912,0.13326481102861107,3.638939073438052,0.812064492036018,0.484942527966351,-0.08989487250760805,0.40282756761042815
rastrigin,pi,gaussian,0.05,20,7,-0.00046225144567308064,0.012816827946458302,3.638939073438052,-0.001682104847413,0.0466396560118999,0.013279079392131382,
rastrigin,pi,gaussian,0.25,20,7,0.02275774023301748,0.046156756923867504,3.638939073438052,0.0828140301570805,0.1679616262734438,0.023399016690850025,-1.0281783890345215
rastrigin,pi,gaussian,1.0,20,7,0.044551215107581456,0.046646057675393406,3.638939073438052,0.1621191574241218,0.169742161896834,0.0020948425678119498,-0.04702099735671328
rastrigin,pi,gaussian,5.0,20,7,0.05543674669415718,0.046646057675393406,3.638939073438052,0.2017309436496563,0.169742161896834,-0.008790689018763773,0.15857151696259764
rastrigin,pi,gaussian,0.05,0,8,-0.042405516980890734,0.09325634902095037,3.638939073438052,-0.1543110926711041,0.3393541722985127,0.1356618660018411,
rastrigin,pi,gaussian,0.25,0,8,0.12408628386400422,0.1192686498047637,3.638939073438052,0.4515424268304506,0.4340113500107543,-0.0048176340592405165,0.038824871768426306
rastrigin,pi,gaussian,1.0,0,8,-0.05514094444594363,0.2740942311908846,3.638939073438052,-0.2006545372906212,0.9974122076844728,0.32923517563682825,
rastrigin,pi,gaussian,5.0,0,8,0.2567049251089104,0.42878480766232063,3.638939073438052,0.934133582322803,1.5603217906990383,0.17207988255341022,-0.6703411805613122
rastrigin,pi,gaussian,0.05,20,8,0.006398273023648237,0.033632305127331875,3.638939073438052,0.0232829257082782,0.1223859092576389,0.027234032103683636,-4.256466081241879
rastrigin,pi,gaussian,0.25,20,8,0.045308503248157585,0.03408402749897201,3.638939073438052,0.1648748828287155,0.1240296994461463,-0.011224475749185572,0.24773441946886654
rastrigin,pi,gaussian,1.0,20,8,0.1678012272944121,0.033393145142149916,3.638939073438052,0.6106184425724959,0.1215156206427574,-0.1344080821522622,0.8009958229711832
rastrigin,pi,gaussian,5.0,20,8,0.16197243370943315,0.04286788459622378,3.638939073438052,0.589407817845111,0.1559936202528319,-0.11910454911320936,0.7353383929939235
rastrigin,pi,gaussian,0.05,0,9,-0.16180364980626444,0.02859332079781426,3.638939073438052,-0.5887936235049029,0.1040493522905152,0.1903969706040787,
rastrigin,pi,gaussian,0.25,0,9,-0.02648861503445194,0.12917184256386596,3.638939073438052,-0.0963904562501258,0.4700484650936403,0.1556604575983179,
rastrigin,pi,gaussian,1.0,0,9,-0.03689469293268703,0.2051804026002578,3.638939073438052,-0.1342575397152536,0.7466389841258285,0.24207509553294482,
rastrigin,pi,gaussian,5.0,0,9,0.04688863674259861,0.09725465894354118,3.638939073438052,0.1706248923428852,0.3539037785035435,0.05036602220094257,-1.074162647923281
rastrigin,pi,gaussian,0.05,20,9,-0.055178073925865746,0.0017859746380477666,3.638939073438052,-0.2007896492058862,0.0064990528945614,0.056964048563913516,
rastrigin,pi,gaussian,0.25,20,9,-0.022162585806353656,0.004186146826780755,3.638939073438052,-0.0806482994591639,0.0152331332551212,0.026348732633134413,
rastrigin,pi,gaussian,1.0,20,9,-0.01885875691229994,0.004516824748712053,3.638939073438052,-0.0686258674046382,0.0164364500659603,0.023375581661011995,
rastrigin,pi,gaussian,5.0,20,9,-0.12113677495300813,0.004516824748712053,3.638939073438052,-0.4408093436067732,0.0164364500659603,0.1256535997017202,
rastrigin,qnei,gaussian,0.05,0,10,-0.016372055760238084,0.18891274179364537,3.638939073438052,-0.0595769134184369,0.6874419575832098,0.20528479755388346,
rastrigin,qnei,gaussian,0.25,0,10,-0.01351386491141011,0.03374839654842848,3.638939073438052,-0.0491761310592937,0.1228083588659583,0.04726226145983859,
rastrigin,qnei,gaussian,1.0,0,10,0.2995795696844511,0.15731476017153936,3.638939073438052,1.0901518017285068,0.5724588276167508,-0.14226480951291173,0.4748815470386051
rastrigin,qnei,gaussian,5.0,0,10,0.22195783464481098,0.4288792993149367,3.638939073438052,0.8076910371447048,1.5606656400658565,0.2069214646701257,-0.9322557367765492
rastrigin,qnei,gaussian,0.05,20,10,0.368691913595412,-0.057467655293198194,3.638939073438052,1.3416474104429907,-0.209121296305288,-0.4261595688886102,1.1558690418045374
rastrigin,qnei,gaussian,0.25,20,10,0.20026577340606455,0.012280055118358751,3.638939073438052,0.7287549479196194,0.0446863723941686,-0.1879857182877058,0.9386812089280011
rastrigin,qnei,gaussian,1.0,20,10,0.1907890484080767,0.012280055118358751,3.638939073438052,0.6942697230362143,0.0446863723941686,-0.17850899328971795,0.9356354297019551
rastrigin,qnei,gaussian,5.0,20,10,0.38408255738968017,0.012280055118358751,3.638939073438052,1.3976530255113202,0.0446863723941686,-0.3718025022713214,0.9680275636524162
rastrigin,qnei,gaussian,0.05,0,11,0.09881087259720531,-0.009305936797932813,3.638939073438052,0.3595667451744797,-0.0338637370289427,-0.10811680939513812,1.094179279600816
rastrigin,qnei,gaussian,0.25,0,11,0.05208001980233315,0.0383314438023792,3.638939073438052,0.1895160190041376,0.1394857885937725,-0.013748575999953952,0.263989454154125
rastrigin,qnei,gaussian,1.0,0,11,0.007027643322132349,0.2655307187853062,3.638939073438052,0.0255731658790934,0.966250107785942,0.25850307546317386,-36.78375005872354
rastrigin,qnei,gaussian,5.0,0,11,0.10180801415965077,0.2953118041726463,3.638939073438052,0.3704731607146876,1.074621663051329,0.19350379001299553,-1.9006734549359892
rastrigin,qnei,gaussian,0.05,20,11,0.08800902514724801,-0.01742654049852765,3.638939073438052,0.3202594804235129,-0.0634141191349429,-0.10543556564577566,1.198008561842053
rastrigin,qnei,gaussian,0.25,20,11,0.07765366129908732,0.17137698064654278,3.638939073438052,0.2825769422967731,0.6236303911625413,0.09372331934745545,-1.2069401207816197
rastrigin,qnei,gaussian,1.0,20,11,0.13838826879128574,0.06730049910170617,3.638939073438052,0.5035864786100573,0.2449024158430811,-0.07108776968957957,0.5136834957939436
rastrigin,qnei,gaussian,5.0,20,11,0.19240651272267661,0.06098607396140884,3.638939073438052,0.7001555771305036,0.2219246074737536,-0.13142043876126777,0.6830352928369396
rastrigin,qnei,gaussian,0.05,0,7,0.10818267481142205,-0.06289472997405177,3.638939073438052,0.3936701624403262,-0.2288700904159124,-0.1710774047854738,1.5813752533267116
rastrigin,qnei,gaussian,0.25,0,7,0.16745215166515887,0.013845909298696871,3.638939073438052,0.6093481776256213,0.0503844203543073,-0.153606242366462,0.9173142347768486
rastrigin,qnei,gaussian,1.0,0,7,0.24949919041290275,0.1672119873575107,3.638939073438052,0.9079123527846724,0.6084742343424752,-0.08228720305539206,0.32980949925814507
rastrigin,qnei,gaussian,5.0,0,7,0.290222824494218,0.18766516823731225,3.638939073438052,1.056103176055564,0.6829021134220812,-0.10255765625690574,0.35337557077268733
rastrigin,qnei,gaussian,0.05,20,7,0.00019148488521108023,-0.01837992205788757,3.638939073438052,0.0006968018307674,-0.066883416543193,-0.01857140694309865,96.98628130688626
rastrigin,qnei,gaussian,0.25,20,7,0.0038020554209382343,0.035451576433130454,3.638939073438052,0.0138354480306291,0.129006126697494,0.03164952101219222,-8.324318692961624
rastrigin,qnei,gaussian,1.0,20,7,-0.0014692722420768,0.15176065037041128,3.638939073438052,-0.0053465921712112,0.5522477604432605,0.15322992261248808,
rastrigin,qnei,gaussian,5.0,20,7,0.020001653576808796,0.18941554139704875,3.638939073438052,0.0727847987340215,0.6892716147061435,0.16941388782023994,-8.469994101721134
rastrigin,qnei,gaussian,0.05,0,8,-0.17377940902275796,0.1615441003767475,3.638939073438052,-0.6323726816518871,0.5878491389443451,0.33532350939950545,
rastrigin,qnei,gaussian,0.25,0,8,-0.15335907074713995,0.17824937797426935,3.638939073438052,-0.5580643148079181,0.6486386263265967,0.33160844872140927,
rastrigin,qnei,gaussian,1.0,0,8,0.11909333557234376,0.30746087806686956,3.638939073438052,0.4333733922002716,1.1188314027511042,0.1883675424945258,-1.5816799621008273
rastrigin,qnei,gaussian,5.0,0,8,0.16504242487211654,0.462803993716842,3.638939073438052,0.6005793286421091,1.684115536079395,0.2977615688447255,-1.8041516844862562
rastrigin,qnei,gaussian,0.05,20,8,0.07246270274803557,0.0011838471226739645,3.638939073438052,0.2636873603967535,0.0043079475516755,-0.0712788556253616,0.9836626695144067
rastrigin,qnei,gaussian,0.25,20,8,-0.10013059347024335,0.006416587913390438,3.638939073438052,-0.3643691290254096,0.0233495724761868,0.10654718138363378,
rastrigin,qnei,gaussian,1.0,20,8,0.08272942653487532,-0.004537399315040602,3.638939073438052,0.3010473427408806,-0.0165113196592923,-0.08726682584991592,1.054846256103659
rastrigin,qnei,gaussian,5.0,20,8,0.3573634997222118,0.006416587913390438,3.638939073438052,1.300424002559725,0.0233495724761868,-0.35094691180882137,0.9820446466458431
rastrigin,qnei,gaussian,0.05,0,9,0.07694132342113565,-0.10733235638774562,3.638939073438052,0.2799847881592048,-0.3905759055035458,-0.18427367980888126,2.3949897352332465
rastrigin,qnei,gaussian,0.25,0,9,0.03107807910556141,-0.12106895094794463,3.638939073438052,0.1130912363846261,-0.4405625361846306,-0.15214703005350605,4.895638161442204
rastrigin,qnei,gaussian,1.0,0,9,0.26565557285021757,0.012884516598331631,3.638939073438052,0.9667044441212256,0.0468859708920301,-0.25277105625188595,0.9514991669096428
rastrigin,qnei,gaussian,5.0,0,9,0.26565557285021757,0.17338916795666084,3.638939073438052,0.9667044441212256,0.6309526181884062,-0.09226640489355672,0.34731590195391293
rastrigin,qnei,gaussian,0.05,20,9,-0.005703777617926677,0.0571858626602592,3.638939073438052,-0.0207556992400748,0.2080958700826793,0.06288964027818587,
rastrigin,qnei,gaussian,0.25,20,9,-0.004962362039892068,0.02629716103151194,3.638939073438052,-0.018057733123509,0.0956937667980613,0.031259523071404005,
rastrigin,qnei,gaussian,1.0,20,9,-0.016503006418574526,-0.1890301885454894,3.638939073438052,-0.0600534348857498,-0.6878693391575434,-0.17252718212691487,
rastrigin,qnei,gaussian,5.0,20,9,0.16957579068360434,-0.2251582651734495,3.638939073438052,0.6170759706277202,-0.8193372088471915,-0.39473405585705384,2.3277736418965094
rastrigin,qucb,gaussian,0.05,0,10,0.0697126265441325,-0.20247671015874527,3.638939073438052,0.2536800006434385,-0.7368004120578495,-0.27218933670287776,3.904448163785146
rastrigin,qucb,gaussian,0.25,0,10,0.2511809619583134,-0.31067525958097564,3.638939073438052,0.9140322169738636,-1.1305283412397218,-0.561856221539289,2.236858307886153
rastrigin,qucb,gaussian,1.0,0,10,0.3949130379572004,0.115944751371605,3.638939073438052,1.437064484432581,0.4219158861261936,-0.2789682865855954,0.7064043467104503
rastrigin,qucb,gaussian,5.0,0,10,0.04081097977666744,0.14422273201359162,3.638939073438052,0.1485086689346053,0.5248177348022436,0.10341175223692417,-2.5339198618320604
rastrigin,qucb,gaussian,0.05,20,10,-0.008947523145213682,-0.18081793155667086,3.638939073438052,-0.0325594915836094,-0.657985436319817,-0.17187040841145718,
rastrigin,qucb,gaussian,0.25,20,10,-0.046070063282065046,-0.22138448716344755,3.638939073438052,-0.1676461533928702,-0.8056046605921141,-0.17531442388138252,
rastrigin,qucb,gaussian,1.0,20,10,0.0,-0.20553047684990977,3.638939073438052,0.0,-0.7479128829914916,-0.20553047684990977,
rastrigin,qucb,gaussian,5.0,20,10,-0.12388522145902275,-0.0409770671606504,3.638939073438052,-0.4508107729887641,-0.149113050805786,0.08290815429837235,
rastrigin,qucb,gaussian,0.05,0,11,-0.08764472382015263,0.017092845267701752,3.638939073438052,-0.3189338100898402,0.0621998225208706,0.10473756908785439,
rastrigin,qucb,gaussian,0.25,0,11,0.031545884679732,-0.0825486281347975,3.638939073438052,0.1147935523672476,-0.3003894283784223,-0.11409451281452951,3.6167796203171436
rastrigin,qucb,gaussian,1.0,0,11,0.06986324797377268,-0.18851237065732754,3.638939073438052,0.2542281028490532,-0.685985031411386,-0.2583756186311002,3.6983052767328664
rastrigin,qucb,gaussian,5.0,0,11,0.10959850073179292,0.03440542238588979,3.638939073438052,0.3988222667031502,0.1251992358581546,-0.07519307834590314,0.6860776182505818
rastrigin,qucb,gaussian,0.05,20,11,0.01950206006564625,-0.2257709884306772,3.638939073438052,0.070966808385416,-0.8215668714491215,-0.24527304849632345,12.576776385197524
rastrigin,qucb,gaussian,0.25,20,11,-0.04914777441710861,0.022522997618515214,3.638939073438052,-0.1788457566989356,0.0819598160849672,0.07167077203562383,
rastrigin,qucb,gaussian,1.0,20,11,-0.06853281220565914,0.02450436378795288,3.638939073438052,-0.2493867281477653,0.0891698868577222,0.09303717599361203,
rastrigin,qucb,gaussian,5.0,20,11,0.16576927971564473,0.03847647731519082,3.638939073438052,0.6032243091329414,0.1400135567105007,-0.1272928024004539,0.7678913886747163
rastrigin,qucb,gaussian,0.05,0,7,0.00863594011495941,0.03683891936538618,3.638939073438052,0.0314256599201969,0.1340545831019375,0.028202979250426766,-3.2657682747906973
rastrigin,qucb,gaussian,0.25,0,7,0.04495595430404794,0.04568984476099982,3.638939073438052,0.1635919787006956,0.1662625613601211,0.00073389045695188,-0.016324655283444844
rastrigin,qucb,gaussian,1.0,0,7,0.09251248349290757,0.09411737024126658,3.638939073438052,0.3366472909631341,0.3424873760601807,0.0016048867483590135,-0.017347785809707084
rastrigin,qucb,gaussian,5.0,0,7,0.1606190882012844,0.18735833541560368,3.638939073438052,0.5844830759956465,0.6817855674781526,0.02673924721431928,-0.16647614871783012
rastrigin,qucb,gaussian,0.05,20,7,0.09136327369634911,-0.061243013786871525,3.638939073438052,0.3324653865308598,-0.2228595958441521,-0.15260628748322064,1.6703242047829423
rastrigin,qucb,gaussian,0.25,20,7,0.04610755061734571,0.08852353397679143,3.638939073438052,0.1677825675219821,0.3221317467069673,0.042415983359445714,-0.9199357326842856
rastrigin,qucb,gaussian,1.0,20,7,-0.018704749497884147,0.027550892814785715,3.638939073438052,-0.0680654438067214,0.1002560203718274,0.04625564231266986,
rastrigin,qucb,gaussian,5.0,20,7,0.20520317163206955,0.11513175238843136,3.638939073438052,0.7467218392453527,0.4189574323596576,-0.09007141924363819,0.43893775387222944
rastrigin,qucb,gaussian,0.05,0,8,-0.03348421605212248,0.13843451096047535,3.638939073438052,-0.1218470221355101,0.503754751046362,0.17191872701259783,
rastrigin,qucb,gaussian,0.25,0,8,-0.12084267191324509,0.18858740528804865,3.638939073438052,-0.4397391205637626,0.6862580778609781,0.30943007720129373,
rastrigin,qucb,gaussian,1.0,0,8,0.020329704050742466,0.16627001555718968,3.638939073438052,0.0739785544216786,0.6050464563522102,0.1459403115064472,-7.178673685666235
rastrigin,qucb,gaussian,5.0,0,8,0.20510999941993693,0.24727158941213143,3.638939073438052,0.7463827912420646,0.8998062484629359,0.04216158999219449,-0.2055559948877672
rastrigin,qucb,gaussian,0.05,20,8,-0.034027038191077975,-0.0701853184692098,3.638939073438052,-0.1238223188268825,-0.2554000977593009,-0.03615828027813183,
rastrigin,qucb,gaussian,0.25,20,8,-0.030177254074259793,0.012476265487042065,3.638939073438052,-0.1098131889798916,0.045400369971384,0.04265351956130186,
rastrigin,qucb,gaussian,1.0,20,8,0.012171800424727286,0.018867402299061822,3.638939073438052,0.04429244015963,0.068657327440331,0.006695601874334536,-0.5500913291950031
rastrigin,qucb,gaussian,5.0,20,8,0.005758924564807682,0.018867402299061822,3.638939073438052,0.0209563756198609,0.068657327440331,0.01310847773425414,-2.276202368469797
rastrigin,qucb,gaussian,0.05,0,9,-0.11458852209565783,0.0706701661305455,3.638939073438052,-0.4169806504214088,0.2571644288588004,0.18525868822620334,
rastrigin,qucb,gaussian,0.25,0,9,0.0033713015052031056,0.02278491463076283,3.638939073438052,0.0122679607756241,0.0829129161348332,0.019413613125559726,-5.758492112199898
rastrigin,qucb,gaussian,1.0,0,9,0.015364096739082785,0.12161211711881241,3.638939073438052,0.0559090119519305,0.4425390847871711,0.10624802037972962,-6.915344402216546
rastrigin,qucb,gaussian,5.0,0,9,0.079400542636127,0.1596143098183858,3.638939073438052,0.2889337370507865,0.580826748677971,0.08021376718225881,-1.0102420527509315
rastrigin,qucb,gaussian,0.05,20,9,0.00906179187625205,0.08301015781519265,3.638939073438052,0.0329753085338571,0.3020689067659636,0.07394836593894061,-8.160457329938765
rastrigin,qucb,gaussian,0.25,20,9,-0.02808039767850912,0.09734073599812339,3.638939073438052,-0.102182856310006,0.3542170076607891,0.12542113367663252,
rastrigin,qucb,gaussian,1.0,20,9,0.022195931531547003,0.13920825894144326,3.638939073438052,0.0807696425215021,0.5065703728072999,0.11701232740989626,-5.271791690454037
rastrigin,qucb,gaussian,5.0,20,9,-0.03391095420764431,0.07051277829560662,3.638939073438052,-0.1233998962837654,0.2565917041165575,0.10442373250325093,
rastrigin,ucb,gaussian,0.05,0,10,-0.16306546012449125,0.009324717452030912,3.638939073438052,-0.5933852743751657,0.033932078684965,0.17239017757652217,
rastrigin,ucb,gaussian,0.25,0,10,-0.1892013615340571,0.2156474125700161,3.638939073438052,-0.6884922272339595,0.7847277956868477,0.40484877410407316,
rastrigin,ucb,gaussian,1.0,0,10,0.06513879188990787,0.2545740805778399,3.638939073438052,0.2370360950047354,0.9263795688992688,0.18943528868793205,-2.908179338175318
rastrigin,ucb,gaussian,5.0,0,10,-0.04168169287145085,0.21799813406110136,3.638939073438052,-0.1516771408369668,0.7932819279715284,0.2596798269325522,
rastrigin,ucb,gaussian,0.05,20,10,-0.2009168739881081,0.007216756107125261,3.638939073438052,-0.7311242632683559,0.0262613357816908,0.20813363009523336,
rastrigin,ucb,gaussian,0.25,20,10,-0.16781655124206796,-0.01752772676965728,3.638939073438052,-0.6106742054843801,-0.063782329810652,0.15028882447241068,
rastrigin,ucb,gaussian,1.0,20,10,-0.1499440626840909,-0.014727682224811108,3.638939073438052,-0.545637308531183,-0.0535931383090442,0.1352163804592798,
rastrigin,ucb,gaussian,5.0,20,10,0.019006498087725077,0.025786566289851907,3.638939073438052,0.0691634885406484,0.0938357436419426,0.006780068202126829,-0.3567236936985032
rastrigin,ucb,gaussian,0.05,0,11,0.07481668147161033,0.009308561149812104,3.638939073438052,0.2722533455520115,0.0338732868855387,-0.06550812032179823,0.8755817423772759
rastrigin,ucb,gaussian,0.25,0,11,0.17707662763544813,-0.0006596538799492391,3.638939073438052,0.6443710592952725,-0.0024004402786923,-0.17773628151539736,1.00372524532886
rastrigin,ucb,gaussian,1.0,0,11,0.01920406576735008,0.03611178082788392,3.638939073438052,0.0698824252896843,0.1314085702660179,0.01690771506053384,-0.8804237220057642
rastrigin,ucb,gaussian,5.0,0,11,0.2805065021610837,0.09418756109756471,3.638939073438052,1.0207460710674028,0.342742796309762,-0.18631894106351898,0.6642232519676976
rastrigin,ucb,gaussian,0.05,20,11,0.16475805601845606,-0.019279551317794283,3.638939073438052,0.5995445277092551,-0.0701571126086757,-0.18403760733625035,1.117017351282869
rastrigin,ucb,gaussian,0.25,20,11,0.19316572352616493,-0.09054913119660722,3.638939073438052,0.7029182989882935,-0.3295027715772025,-0.28371485472277214,1.4687639688018566
rastrigin,ucb,gaussian,1.0,20,11,0.26029214549753,-0.13826593625710346,3.638939073438052,0.9471872587599844,-0.5031413179714688,-0.3985580817546335,1.5311951922053502
rastrigin,ucb,gaussian,5.0,20,11,0.2285910359545497,0.01464361217086155,3.638939073438052,0.8318288525726935,0.0532872125048211,-0.21394742378368814,0.9359396919931142
rastrigin,ucb,gaussian,0.05,0,7,0.012095814078578009,0.20925720633527,3.638939073438052,0.0440159304755796,0.7614742245319026,0.197161392256692,-16.29996881366338
rastrigin,ucb,gaussian,0.25,0,7,-0.08020325316553656,0.06319297949575778,3.638939073438052,-0.2918547517609151,0.2299554022540826,0.14339623266129434,
rastrigin,ucb,gaussian,1.0,0,7,0.016617946730456728,0.08966931726294516,3.638939073438052,0.0604716956777711,0.3263011822766444,0.07305137053248843,-4.3959324047298045
rastrigin,ucb,gaussian,5.0,0,7,0.11011894260806288,0.2420633126004178,3.638939073438052,0.4007161229821623,0.8808536464675099,0.13194436999235493,-1.1981986647108798
rastrigin,ucb,gaussian,0.05,20,7,0.033053474418856414,-0.0037866841368192745,3.638939073438052,0.1202795795756617,-0.0137795128642397,-0.03684015855567569,1.1145623630615678
rastrigin,ucb,gaussian,0.25,20,7,-0.06875047980065495,0.06783890581196379,3.638939073438052,-0.2501788072642168,0.2468616450584388,0.13658938561261874,
rastrigin,ucb,gaussian,1.0,20,7,0.031098867071948852,0.08154387929587052,3.638939073438052,0.1131668825277707,0.2967332085694594,0.05044501222392167,-1.6220852067444933
rastrigin,ucb,gaussian,5.0,20,7,-0.022674252299727225,0.09407611553114074,3.638939073438052,-0.08251022265447,0.3423372526835404,0.11675036783086797,
rastrigin,ucb,gaussian,0.05,0,8,0.08112621621737438,-0.09792491751880121,3.638939073438052,0.2952133580735874,-0.3563428086223641,-0.1790511337361756,2.2070687144635883
rastrigin,ucb,gaussian,0.25,0,8,0.22394496619673765,0.011929508455200827,3.638939073438052,0.8149220877930723,0.0434107544445399,-0.21201545774153682,0.9467301781424252
rastrigin,ucb,gaussian,1.0,0,8,0.06803732754512536,-0.14843062914488822,3.638939073438052,0.2475836896562597,-0.5401300160903266,-0.21646795669001356,3.1816058111107095
rastrigin,ucb,gaussian,5.0,0,8,0.28631148182820526,0.2101343736040404,3.638939073438052,1.0418700383986048,0.7646661827801722,-0.07617710822416487,0.26606375594071785
rastrigin,ucb,gaussian,0.05,20,8,0.0,0.05586799282218381,3.638939073438052,0.0,0.2033002220352013,0.05586799282218381,
rastrigin,ucb,gaussian,0.25,20,8,-0.0213413145835484,-0.044778657334072526,3.638939073438052,-0.0776597435166076,-0.1629468058290499,-0.023437342750524125,
rastrigin,ucb,gaussian,1.0,20,8,0.0,0.23851778482263652,3.638939073438052,0.0,0.8679516869009816,0.23851778482263652,
rastrigin,ucb,gaussian,5.0,20,8,0.0,0.3156481592397068,3.638939073438052,0.0,1.1486244201161653,0.3156481592397068,
rastrigin,ucb,gaussian,0.05,0,9,0.021140335750543863,-0.11957518635518287,3.638939073438052,0.0769283937882534,-0.4351268178415115,-0.14071552210572674,6.656257675666605
rastrigin,ucb,gaussian,0.25,0,9,0.19260856687633784,-0.1427042539063398,3.638939073438052,0.7008908398852118,-0.5192920854856047,-0.33531282078267766,1.7409029422765057
rastrigin,ucb,gaussian,1.0,0,9,0.19764084550151706,-0.025923070832278003,3.638939073438052,0.7192029952028036,-0.0943324753550787,-0.22356391633379508,1.1311625173758884
rastrigin,ucb,gaussian,5.0,0,9,0.2904081643497901,0.03189849809990358,3.638939073438052,1.0567776164978706,0.1160766911197286,-0.2585096662498865,0.8901597750486018
rastrigin,ucb,gaussian,0.05,20,9,0.0,-0.09954930497392542,3.638939073438052,0.0,-0.3622538556032182,-0.09954930497392542,
rastrigin,ucb,gaussian,0.25,20,9,-0.00024056267011421354,0.03173090126956221,3.638939073438052,-0.0008753928998892,0.115466816465215,0.031971463939676426,
rastrigin,ucb,gaussian,1.0,20,9,0.0,-0.0034536514231401703,3.638939073438052,0.0,-0.0125676271096997,-0.0034536514231401703,
rastrigin,ucb,gaussian,5.0,20,9,0.0,0.05389746230673366,3.638939073438052,0.0,0.1961295815471277,0.05389746230673366,
rosenbrock,ei,gaussian,0.05,0,10,-0.003280831719662025,-0.0004983640693405916,1.0256232505714238,-0.0033648972928976,-0.0005111337767651,0.0027824676503214333,
rosenbrock,ei,gaussian,0.25,0,10,0.0023216638237519927,0.0057673018236021134,1.0256232505714238,0.0023811523976506,0.0059150788433493,0.0034456379998501208,-1.4841244303327676
rosenbrock,ei,gaussian,1.0,0,10,0.07500187824840832,0.01893775865819492,1.0256232505714238,0.0769236701680947,0.019423005593555,-0.056064119590213395,0.7475028745883865
rosenbrock,ei,gaussian,5.0,0,10,0.11505347057017809,0.11759513802263417,1.0256232505714238,0.1180015144757097,0.1206083077101693,0.002541667452456084,-0.022091184558450827
rosenbrock,ei,gaussian,0.05,20,10,-0.0011278090941734629,0.0007067881287746981,1.0256232505714238,-0.0011567072291902,0.0007248983380992,0.0018345972229481611,
rosenbrock,ei,gaussian,0.25,20,10,0.00022209320521311373,0.0027518239322596697,1.0256232505714238,0.0002277839550605,0.0028223346064044,0.0025297307270465558,-11.390401271480165
rosenbrock,ei,gaussian,1.0,20,10,0.006905165682637483,0.005278352284943154,1.0256232505714238,0.0070820984731609,0.0054136008281445,-0.0016268133976943292,0.2355936805086123
rosenbrock,ei,gaussian,5.0,20,10,0.006905165682637483,0.005278352284943154,1.0256232505714238,0.0070820984731609,0.0054136008281445,-0.0016268133976943292,0.2355936805086123
rosenbrock,ei,gaussian,0.05,0,11,0.00440956266473734,0.003669430138941761,1.0256232505714238,0.0045225499938063,0.0037634528668462,-0.0007401325257955795,0.16784714994852357
rosenbrock,ei,gaussian,0.25,0,11,0.011702588079011726,-0.0007360951664567644,1.0256232505714238,0.0120024464256944,-0.0007549563173513,-0.01243868324546849,1.06290020305653
rosenbrock,ei,gaussian,1.0,0,11,0.024409065731967054,0.06178888828221773,1.0256232505714238,0.0250345053394316,0.0633721204492027,0.03737982255025067,-1.531390957798791
rosenbrock,ei,gaussian,5.0,0,11,0.10400231512600948,0.06647078111695363,1.0256232505714238,0.1066671925064914,0.0681739785971916,-0.037531534009055845,0.36087210139103676
rosenbrock,ei,gaussian,0.05,20,11,0.0,3.37219293062715e-05,1.0256232505714238,0.0,3.4585994750637936e-05,3.37219293062715e-05,
rosenbrock,ei,gaussian,0.25,20,11,0.0,3.37219293062715e-05,1.0256232505714238,0.0,3.4585994750637936e-05,3.37219293062715e-05,
rosenbrock,ei,gaussian,1.0,20,11,0.0,3.37219293062715e-05,1.0256232505714238,0.0,3.4585994750637936e-05,3.37219293062715e-05,
rosenbrock,ei,gaussian,5.0,20,11,0.0,3.37219293062715e-05,1.0256232505714238,0.0,3.4585994750637936e-05,3.37219293062715e-05,
rosenbrock,ei,gaussian,0.05,0,7,0.0006790001122072878,0.0003842396625225065,1.0256232505714238,0.0006963983022204,0.0003940851316748,-0.00029476044968478125,0.4341095743365586
rosenbrock,ei,gaussian,0.25,0,7,-0.00027546508451577385,-0.0002711202405441525,1.0256232505714238,-0.0002825233954,-0.0002780672224026,4.34484397162136e-06,
rosenbrock,ei,gaussian,1.0,0,7,0.0007330878361657618,0.0014380847814538565,1.0256232505714238,0.0007518719294827,0.001474933188152,0.0007049969452880947,-0.961681411842011
rosenbrock,ei,gaussian,5.0,0,7,0.0012564863145598678,0.0014380847814538565,1.0256232505714238,0.0012886815782374,0.001474933188152,0.0001815984668939888,-0.14452880607585494
rosenbrock,ei,gaussian,0.05,20,7,0.0003614417134830588,0.0,1.0256232505714238,0.0003707030250746,0.0,-0.0003614417134830588,1.0
rosenbrock,ei,gaussian,0.25,20,7,0.0003614417134830588,0.0,1.0256232505714238,0.0003707030250746,0.0,-0.0003614417134830588,1.0
rosenbrock,ei,gaussian,1.0,20,7,0.0003614417134830588,0.0,1.0256232505714238,0.0003707030250746,0.0,-0.0003614417134830588,1.0
rosenbrock,ei,gaussian,5.0,20,7,0.0003614417134830588,0.0,1.0256232505714238,0.0003707030250746,0.0,-0.0003614417134830588,1.0
rosenbrock,ei,gaussian,0.05,0,8,0.0019652494451059,0.005785193825173525,1.0256232505714238,0.0020156055240732,0.0059334292961602,0.003819944380067625,-1.9437453039768098
rosenbrock,ei,gaussian,0.25,0,8,-0.006722605027307975,0.0060096126988090064,1.0256232505714238,-0.0068948600204154,0.0061635985108278,0.012732217726116981,
rosenbrock,ei,gaussian,1.0,0,8,0.0012820173997651915,0.004360314570894734,1.0256232505714238,0.0013148668528363,0.004472040003715,0.0030782971711295426,-2.4011352511232293
rosenbrock,ei,gaussian,5.0,0,8,0.007989260457812307,0.024911431854269892,1.0256232505714238,0.0081939712804032,0.0255497437147648,0.016922171396457585,-2.1181148725612298
rosenbrock,ei,gaussian,0.05,20,8,0.0038775063450401503,0.0,1.0256232505714238,0.0039768606617114,0.0,-0.0038775063450401503,1.0
rosenbrock,ei,gaussian,0.25,20,8,0.0021633208288071933,-0.0001814910030533061,1.0256232505714238,0.0022187521404701,-0.000186141392501,-0.0023448118318604994,1.083894631178389
rosenbrock,ei,gaussian,1.0,20,8,-0.0018835400673239422,0.0,1.0256232505714238,-0.0019318024864303,0.0,0.0018835400673239422,
rosenbrock,ei,gaussian,5.0,20,8,0.009862261562967463,0.0,1.0256232505714238,0.0101149647621963,0.0,-0.009862261562967463,1.0
rosenbrock,ei,gaussian,0.05,0,9,0.000623626857804798,2.2790630293623457e-05,1.0256232505714238,0.0006396062050454,2.337460032431765e-05,-0.0006008362275111745,0.9634547005017587
rosenbrock,ei,gaussian,0.25,0,9,-0.003874608937923313,0.0014776082967003328,1.0256232505714238,-0.003973889013606,0.0015154694243331,0.005352217234623646,
rosenbrock,ei,gaussian,1.0,0,9,0.00623733707311553,0.03666426894064342,1.0256232505714238,0.0063971579238384,0.0376037266907276,0.030426931867527887,-4.878192650301923
rosenbrock,ei,gaussian,5.0,0,9,0.03631147310086921,0.010569646798349541,1.0256232505714238,0.0372418910747503,0.0108404755067151,-0.02574182630251967,0.7089171576986633
rosenbrock,ei,gaussian,0.05,20,9,0.0,0.00037126225065417723,1.0256232505714238,0.0,0.0003807751963304,0.00037126225065417723,
rosenbrock,ei,gaussian,0.25,20,9,0.0,0.00037126225065417723,1.0256232505714238,0.0,0.0003807751963304,0.00037126225065417723,
rosenbrock,ei,gaussian,1.0,20,9,0.0,0.00037126225065417723,1.0256232505714238,0.0,0.0003807751963304,0.00037126225065417723,
rosenbrock,ei,gaussian,5.0,20,9,0.0,0.00037126225065417723,1.0256232505714238,0.0,0.0003807751963304,0.00037126225065417723,
rosenbrock,logei,gaussian,0.05,0,10,0.0010278474922710298,0.02719885594457938,1.0256232505714238,0.0010541842861147,0.0278957790457034,0.02617100845230835,-25.461956806922288
rosenbrock,logei,gaussian,0.25,0,10,0.010171272704463158,0.01691547720581285,1.0256232505714238,0.0104318937735999,0.0173489067167926,0.006744204501349693,-0.6630639741268891
rosenbrock,logei,gaussian,1.0,0,10,0.04123408425756531,0.03651950132251408,1.0256232505714238,0.0422906355305801,0.0374552496556443,-0.004714582935051226,0.11433703500245018
rosenbrock,logei,gaussian,5.0,0,10,0.09557736891183251,0.11760029920711362,1.0256232505714238,0.0980263717844178,0.1206136011409719,0.022022930295281115,-0.23041992624422059
rosenbrock,logei,gaussian,0.05,20,10,-0.0002369411722906108,0.002174248971467625,1.0256232505714238,-0.0002430123753189,0.0022299602976682,0.0024111901437582355,
rosenbrock,logei,gaussian,0.25,20,10,0.000798175517491636,0.003816119604196159,1.0256232505714238,0.0008186273687763,0.003913900993025,0.003017944086704523,-3.781053190141413
rosenbrock,logei,gaussian,1.0,20,10,0.0049048298830371324,0.005290009197692489,1.0256232505714238,0.0050305075681404,0.0054255564288901,0.0003851793146553567,-0.0785306165230033
rosenbrock,logei,gaussian,5.0,20,10,0.0025089042875697802,0.005290009197692489,1.0256232505714238,0.0025731905707899,0.0054255564288901,0.002781104910122709,-1.1084938249344667
rosenbrock,logei,gaussian,0.05,0,11,0.02331855294200597,0.010068706599594347,1.0256232505714238,0.023916050067002,0.0103266995917259,-0.013249846342411623,0.5682104878190528
rosenbrock,logei,gaussian,0.25,0,11,0.008843095587644921,0.01687583639706729,1.0256232505714238,0.0090696844417142,0.0173082501816717,0.00803274080942237,-0.9083629968497984
rosenbrock,logei,gaussian,1.0,0,11,0.009081777947210105,0.012715061131623831,1.0256232505714238,0.0093144826191855,0.0130408623290304,0.0036332831844137266,-0.4000629838708907
rosenbrock,logei,gaussian,5.0,0,11,0.06880330799191443,0.019660576259316935,1.0256232505714238,0.0705662723927341,0.020164344131188,-0.0491427317325975,0.7142495494311496
rosenbrock,logei,gaussian,0.05,20,11,0.0,3.292667265912708e-05,1.0256232505714238,0.0,3.377036104315514e-05,3.292667265912708e-05,
rosenbrock,logei,gaussian,0.25,20,11,0.0,3.292667265912708e-05,1.0256232505714238,0.0,3.377036104315514e-05,3.292667265912708e-05,
rosenbrock,logei,gaussian,1.0,20,11,0.0,3.292667265912708e-05,1.0256232505714238,0.0,3.377036104315514e-05,3.292667265912708e-05,
rosenbrock,logei,gaussian,5.0,20,11,0.0,3.292667265912708e-05,1.0256232505714238,0.0,3.377036104315514e-05,3.292667265912708e-05,
rosenbrock,logei,gaussian,0.05,0,7,0.0010703550209627888,0.0002276459907427193,1.0256232505714238,0.0010977809958653,0.0002334790210051,-0.0008427090302200696,0.7873173047406731
rosenbrock,logei,gaussian,0.25,0,7,-0.0005935264197607113,0.001440072295060402,1.0256232505714238,-0.000608734495935,0.0014769716283177,0.002033598714821113,
rosenbrock,logei,gaussian,1.0,0,7,-0.00046370869326151277,-0.000700490689511205,1.0256232505714238,-0.0004755904173011,-0.0007184395379715,-0.0002367819962496922,
rosenbrock,logei,gaussian,5.0,0,7,0.0010703550209627888,0.0006157300903122634,1.0256232505714238,0.0010977809958653,0.0006315070967007,-0.00045462493065052544,0.42474218529996566
rosenbrock,logei,gaussian,0.05,20,7,1.882844934292028e-05,0.0,1.0256232505714238,1.9310895418305288e-05,0.0,-1.882844934292028e-05,1.0
rosenbrock,logei,gaussian,0.25,20,7,1.882844934292028e-05,0.0,1.0256232505714238,1.9310895418305288e-05,0.0,-1.882844934292028e-05,1.0
rosenbrock,logei,gaussian,1.0,20,7,1.882844934292028e-05,0.0,1.0256232505714238,1.9310895418305288e-05,0.0,-1.882844934292028e-05,1.0
rosenbrock,logei,gaussian,5.0,20,7,1.882844934292028e-05,0.0,1.0256232505714238,1.9310895418305288e-05,0.0,-1.882844934292028e-05,1.0
rosenbrock,logei,gaussian,0.05,0,8,0.0005338001681050756,0.007988492626012218,1.0256232505714238,0.0005474778635675,0.0081931837742565,0.007454692457907142,-13.965324297986596
rosenbrock,logei,gaussian,0.25,0,8,-0.010020251700973325,-0.00245837645625655,1.0256232505714238,-0.0102770031210961,-0.0025213680521941,0.0075618752447167755,
rosenbrock,logei,gaussian,1.0,0,8,0.017968255706425153,0.006231279665627606,1.0256232505714238,0.0184286608247223,0.0063909453058806,-0.011736976040797547,0.6532062005662908
rosenbrock,logei,gaussian,5.0,0,8,-0.006097608714938923,-0.000533767512258612,1.0256232505714238,-0.0062538492709283,-0.0005474443709721,0.005563841202680311,
rosenbrock,logei,gaussian,0.05,20,8,-0.004090317917670251,0.0,1.0256232505714238,-0.0041951251585915,0.0,0.004090317917670251,
rosenbrock,logei,gaussian,0.25,20,8,0.0019614265664465915,0.0,1.0256232505714238,0.0020116846908361,0.0,-0.0019614265664465915,1.0
rosenbrock,logei,gaussian,1.0,20,8,0.009497448618121452,0.0,1.0256232505714238,0.0097408041238528,0.0,-0.009497448618121452,1.0
rosenbrock,logei,gaussian,5.0,20,8,0.009497448618121452,0.0,1.0256232505714238,0.0097408041238528,0.0,-0.009497448618121452,1.0
rosenbrock,logei,gaussian,0.05,0,9,0.001262166606658018,0.006220677269650778,1.0256232505714238,0.0012945074178833,0.006380071242055,0.004958510662992761,-3.9285706315127227
rosenbrock,logei,gaussian,0.25,0,9,0.0004585386325830466,0.0061121149503475004,1.0256232505714238,0.0004702878828624,0.0062687272032416,0.005653576317764454,-12.32955287958322
rosenbrock,logei,gaussian,1.0,0,9,0.021207125410060514,0.02387272654846461,1.0256232505714238,0.0217505208983421,0.024484423402639,0.0026656011384040973,-0.12569365658296872
rosenbrock,logei,gaussian,5.0,0,9,0.025942585319789296,0.014845193595700471,1.0256232505714238,0.0266073186839088,0.0152255757109844,-0.011097391724088825,0.42776737889818595
rosenbrock,logei,gaussian,0.05,20,9,0.0,0.00019242143067851262,1.0256232505714238,0.0,0.0001973518932121,0.00019242143067851262,
rosenbrock,logei,gaussian,0.25,20,9,0.0,0.00019242143067851262,1.0256232505714238,0.0,0.0001973518932121,0.00019242143067851262,
rosenbrock,logei,gaussian,1.0,20,9,-0.0006487835520077862,0.00019242143067851262,1.0256232505714238,-0.0006654074955275,0.0001973518932121,0.0008412049826862988,
rosenbrock,logei,gaussian,5.0,20,9,0.0,0.00019242143067851262,1.0256232505714238,0.0,0.0001973518932121,0.00019242143067851262,
rosenbrock,pi,gaussian,0.05,0,10,-0.015538948332344432,-0.0037818683136603528,1.0256232505714238,-0.0159371066990805,-0.0038787720730894,0.011757080018684078,
rosenbrock,pi,gaussian,0.25,0,10,-0.006097085509966921,0.0151760575302563,1.0256232505714238,-0.0062533126597442,0.0155649174550404,0.021273143040223222,
rosenbrock,pi,gaussian,1.0,0,10,0.07640193264489063,0.11400276811978395,1.0256232505714238,0.0783595985091917,0.1169238896131531,0.03760083547489332,-0.49214508289546344
rosenbrock,pi,gaussian,5.0,0,10,0.11041018256907222,0.12241585575975862,1.0256232505714238,0.1132392503426762,0.1255525479058062,0.012005673190686406,-0.10873701058483176
rosenbrock,pi,gaussian,0.05,20,10,0.007111494008150579,0.0,1.0256232505714238,0.0072937136010586,0.0,-0.007111494008150579,1.0
rosenbrock,pi,gaussian,0.25,20,10,0.0030753157726698295,0.0,1.0256232505714238,0.0031541153592992,0.0,-0.0030753157726698295,1.0
rosenbrock,pi,gaussian,1.0,20,10,0.007964234490355934,0.0,1.0256232505714238,0.0081683040663119,0.0,-0.007964234490355934,1.0
rosenbrock,pi,gaussian,5.0,20,10,0.008829141392038761,0.0,1.0256232505714238,0.0090553726942575,0.0,-0.008829141392038761,1.0
rosenbrock,pi,gaussian,0.05,0,11,0.0014341164931023275,0.004260802624391243,1.0256232505714238,0.0014708632193537,0.0043699782376714,0.0028266861312889156,-1.9710296512761918
rosenbrock,pi,gaussian,0.25,0,11,-0.007231767059981915,-0.012524076939742584,1.0256232505714238,-0.007417068439434,-0.0128449845013454,-0.005292309879760669,
rosenbrock,pi,gaussian,1.0,0,11,-0.004136514970915876,-0.004159878685495621,1.0256232505714238,-0.0042425059305081,-0.0042664682994008,-2.3363714579744538e-05,
rosenbrock,pi,gaussian,5.0,0,11,0.10665336030230324,0.10120451607493135,1.0256232505714238,0.1093861660776135,0.103797704749279,-0.0054488442273718934,0.05108928787548217
rosenbrock,pi,gaussian,0.05,20,11,0.0,0.0,1.0256232505714238,0.0,0.0,0.0,
rosenbrock,pi,gaussian,0.25,20,11,0.0,0.0,1.0256232505714238,0.0,0.0,0.0,
rosenbrock,pi,gaussian,1.0,20,11,-0.00015661048128083003,0.0,1.0256232505714238,-0.0001606233508848,0.0,0.00015661048128083003,
rosenbrock,pi,gaussian,5.0,20,11,0.0,0.0,1.0256232505714238,0.0,0.0,0.0,
rosenbrock,pi,gaussian,0.05,0,7,-0.0007250319512046939,-0.0009864241079625814,1.0256232505714238,-0.0007436096265627,-0.0010116995000506,-0.00026139215675788753,
rosenbrock,pi,gaussian,0.25,0,7,0.0001546243591970482,-0.0004954643712113389,1.0256232505714238,0.0001585863378972,-0.0005081597789441,-0.0006500887304083871,4.204309940453402
rosenbrock,pi,gaussian,1.0,0,7,-0.0001848705836827125,-0.0014250090885417387,1.0256232505714238,-0.0001896075689717,-0.001461522453484,-0.0012401385048590261,
rosenbrock,pi,gaussian,5.0,0,7,0.0014574343665871336,0.0009781469985853612,1.0256232505714238,0.0014947785725536,0.0010032103042258,-0.0004792873680017724,0.32885691389596994
rosenbrock,pi,gaussian,0.05,20,7,0.000745417911595657,-0.0006739760024955304,1.0256232505714238,0.0007645179415249,-0.0006912454584866,-0.0014193939140911874,1.9041585827375727
rosenbrock,pi,gaussian,0.25,20,7,0.00020459819455164236,0.00014304822598206393,1.0256232505714238,0.0002098406653571,0.0001467135865202,-6.154996856957843e-05,0.3008333905607494
rosenbrock,pi,gaussian,1.0,20,7,0.000865736966868777,0.00014304822598206393,1.0256232505714238,0.0008879199620998,0.0001467135865202,-0.0007226887408867131,0.8347671042632672
rosenbrock,pi,gaussian,5.0,20,7,7.219526517513518e-05,0.00014304822598206393,1.0256232505714238,7.404514254478805e-05,0.0001467135865202,7.085296080692875e-05,-0.981407307460535
rosenbrock,pi,gaussian,0.05,0,8,-0.0021584277276404597,-0.006233588485746866,1.0256232505714238,-0.0022137336621461,-0.0063933132854763,-0.004075160758106407,
rosenbrock,pi,gaussian,0.25,0,8,-0.0006205582274218124,0.0008345844258330714,1.0256232505714238,-0.0006364589463772,0.0008559691916992,0.0014551426532548838,
rosenbrock,pi,gaussian,1.0,0,8,0.009318555918415222,0.007618956058309469,1.0256232505714238,0.0095573276116766,0.0078141784784842,-0.0016995998601057527,0.18238876012398264
rosenbrock,pi,gaussian,5.0,0,8,0.021818222227774037,0.022826576356810215,1.0256232505714238,0.0223772760029393,0.0234114674424885,0.001008354129036177,-0.046216145316943846
rosenbrock,pi,gaussian,0.05,20,8,0.0006692294407859673,0.0064123535304244795,1.0256232505714238,0.000686377274437,0.0065766588716871,0.005743124089638512,-8.581696709119042
rosenbrock,pi,gaussian,0.25,20,8,0.0006692294407859673,0.007385879062773912,1.0256232505714238,0.000686377274437,0.0075751292926896,0.0067166496219879445,-10.036392920938546
rosenbrock,pi,gaussian,1.0,20,8,0.0006692294407859673,0.007385879062773912,1.0256232505714238,0.000686377274437,0.0075751292926896,0.0067166496219879445,-10.036392920938546
rosenbrock,pi,gaussian,5.0,20,8,0.0006692294407859673,0.007385879062773912,1.0256232505714238,0.000686377274437,0.0075751292926896,0.0067166496219879445,-10.036392920938546
rosenbrock,pi,gaussian,0.05,0,9,0.0003754132461196448,-0.0013408048455268856,1.0256232505714238,0.0003850325537928,-0.0013751606240512,-0.0017162180916465305,4.571543783778926
rosenbrock,pi,gaussian,0.25,0,9,0.013663219604542323,0.010571024771659637,1.0256232505714238,0.0140133157040819,0.0108418887881806,-0.003092194832882686,0.22631524065196817
rosenbrock,pi,gaussian,1.0,0,9,0.03975169114588465,0.09668835697064879,1.0256232505714238,0.0407702586887535,0.099165826968647,0.056936665824764136,-1.43230801466565
rosenbrock,pi,gaussian,5.0,0,9,0.06562156958838772,0.03291888604573265,1.0256232505714238,0.0673030075088411,0.0337623749114146,-0.03270268354265507,0.4983526567222202
rosenbrock,pi,gaussian,0.05,20,9,0.00010589930739449073,1.5070755435279478e-05,1.0256232505714238,0.0001086127918832,1.545691717809829e-05,-9.082855195921125e-05,0.8576878753405
rosenbrock,pi,gaussian,0.25,20,9,0.00010589930739449073,-9.31210364225134e-05,1.0256232505714238,0.0001086127918832,-9.550710007223814e-05,-0.0001990203438170041,1.8793356511353152
rosenbrock,pi,gaussian,1.0,20,9,0.00010589930739449073,1.5070755435279478e-05,1.0256232505714238,0.0001086127918832,1.545691717809829e-05,-9.082855195921125e-05,0.8576878753405
rosenbrock,pi,gaussian,5.0,20,9,0.00010589930739449073,1.5070755435279478e-05,1.0256232505714238,0.0001086127918832,1.545691717809829e-05,-9.082855195921125e-05,0.8576878753405
rosenbrock,qnei,gaussian,0.05,0,10,0.013088911434723896,0.011318309361744919,1.0256232505714238,0.013424291892123,0.0116083212385658,-0.0017706020729789766,0.13527496780837733
rosenbrock,qnei,gaussian,0.25,0,10,0.00542411432868008,0.009637159893246764,1.0256232505714238,0.0055630977692519,0.0098840952559883,0.004213045564566684,-0.7767250668537988
rosenbrock,qnei,gaussian,1.0,0,10,0.00422028909191131,0.04766390811130267,1.0256232505714238,0.0043284266167972,0.0488852123720519,0.043443619019391366,-10.293991258242539
rosenbrock,qnei,gaussian,5.0,0,10,0.08079236804023907,0.06603388949874592,1.0256232505714238,0.0828625311307928,0.067725892395578,-0.014758478541493147,0.18267169163976738
rosenbrock,qnei,gaussian,0.05,20,10,0.0,-0.000844987085448145,1.0256232505714238,0.0,-0.0008666384012682,-0.000844987085448145,
rosenbrock,qnei,gaussian,0.25,20,10,0.0,0.0007021556244092279,1.0256232505714238,0.0,0.0007201471339136,0.0007021556244092279,
rosenbrock,qnei,gaussian,1.0,20,10,-0.0001912340294195011,0.0006989297499321656,1.0256232505714238,-0.0001961340668731,0.0007168386020465,0.0008901637793516667,
rosenbrock,qnei,gaussian,5.0,20,10,0.0,0.0007021556244092279,1.0256232505714238,0.0,0.0007201471339136,0.0007021556244092279,
rosenbrock,qnei,gaussian,0.05,0,11,-0.010940870340718317,0.00039612710345494174,1.0256232505714238,-0.011221211002928,0.0004062771674849,0.011336997444173259,
rosenbrock,qnei,gaussian,0.25,0,11,-0.0050565194110965056,0.003854284263759787,1.0256232505714238,-0.0051860838749863,0.0039530435552236,0.008910803674856293,
rosenbrock,qnei,gaussian,1.0,0,11,0.004064432211100896,0.01564957202689054,1.0256232505714238,0.0041685761760765,0.0160505649322711,0.011585139815789642,-2.850371027015279
rosenbrock,qnei,gaussian,5.0,0,11,0.09006026131452034,0.10391603177550783,1.0256232505714238,0.0923678979567102,0.1065786982960797,0.013855770460987488,-0.15384999175827985
rosenbrock,qnei,gaussian,0.05,20,11,0.00075139816242566,0.0,1.0256232505714238,0.0007706514258204,0.0,-0.00075139816242566,1.0
rosenbrock,qnei,gaussian,0.25,20,11,0.00019000519918803177,0.0,1.0256232505714238,0.0001948737500167,0.0,-0.00019000519918803177,1.0
rosenbrock,qnei,gaussian,1.0,20,11,0.00044776081034135956,0.0,1.0256232505714238,0.0004592338977808,0.0,-0.00044776081034135956,1.0
rosenbrock,qnei,gaussian,5.0,20,11,0.0009450251668194829,0.0,1.0256232505714238,0.0009692397834652,0.0,-0.0009450251668194829,1.0
rosenbrock,qnei,gaussian,0.05,0,7,0.0017449739065721066,-0.0011150435475744506,1.0256232505714238,0.0017896858102208,-0.001143614587792,-0.0028600174541465575,1.6390029921793414
rosenbrock,qnei,gaussian,0.25,0,7,0.001067030524557603,-0.0003885176193184893,1.0256232505714238,0.0010943713150557,-0.0003984727036297,-0.0014555481438760921,1.364111063720104
rosenbrock,qnei,gaussian,1.0,0,7,0.001629883909904388,0.0010024624668493708,1.0256232505714238,0.0016716468337302,0.0010281488138259,-0.0006274214430550173,0.3849485470973347
rosenbrock,qnei,gaussian,5.0,0,7,0.00178499523239368,0.0010024624668493708,1.0256232505714238,0.0018307326125021,0.0010281488138259,-0.0007825327655443092,0.4383948771084011
rosenbrock,qnei,gaussian,0.05,20,7,0.0002510366473682726,-7.586852421396489e-05,1.0256232505714238,0.0002574690222864,-7.781252242038345e-05,-0.0003269051715822375,1.302220910808553
rosenbrock,qnei,gaussian,0.25,20,7,0.0002510366473682726,0.001654810733536805,1.0256232505714238,0.0002574690222864,0.0016972123636105,0.0014037740861685324,-5.5919089937063475
rosenbrock,qnei,gaussian,1.0,20,7,0.0002510366473682726,0.00036508019340677437,1.0256232505714238,0.0002574690222864,0.0003744347346811,0.00011404354603850177,-0.45429042824651433
rosenbrock,qnei,gaussian,5.0,20,7,0.0002510366473682726,0.001654810733536805,1.0256232505714238,0.0002574690222864,0.0016972123636105,0.0014037740861685324,-5.5919089937063475
rosenbrock,qnei,gaussian,0.05,0,8,0.001436366494926598,-0.0005988350745915827,1.0256232505714238,0.0014731708735385,-0.0006141791757588,-0.002035201569518181,1.4169096652607347
rosenbrock,qnei,gaussian,0.25,0,8,0.007438878907674282,0.015276056894831115,1.0256232505714238,0.0076294871658961,0.0156674791283907,0.007837177987156833,-1.0535428905922433
rosenbrock,qnei,gaussian,1.0,0,8,0.022958794204315278,0.009612093767924353,1.0256232505714238,0.0235470731410302,0.0098583868550559,-0.013346700436390925,0.5813328138061498
rosenbrock,qnei,gaussian,5.0,0,8,0.024239043427984528,0.02291015146731287,1.0256232505714238,0.0248601265113514,0.0234971840189891,-0.001328891960671659,0.05482443911699186
rosenbrock,qnei,gaussian,0.05,20,8,-0.00016095812444299085,0.004038684282282895,1.0256232505714238,-0.0001650823947971,0.0041421685016267,0.004199642406725886,
rosenbrock,qnei,gaussian,0.25,20,8,0.0,0.005887786203620657,1.0256232505714238,0.0,0.006038650424827,0.005887786203620657,
rosenbrock,qnei,gaussian,1.0,20,8,0.0,0.005887786203620657,1.0256232505714238,0.0,0.006038650424827,0.005887786203620657,
rosenbrock,qnei,gaussian,5.0,20,8,0.0,0.005887786203620657,1.0256232505714238,0.0,0.006038650424827,0.005887786203620657,
rosenbrock,qnei,gaussian,0.05,0,9,-0.0003707816942446717,0.0022623491232158007,1.0256232505714238,-0.0003802823265036,0.00232031786168,0.0026331308174604726,
rosenbrock,qnei,gaussian,0.25,0,9,0.00037831179467706454,0.007831968066684064,1.0256232505714238,0.0003880053725862,0.0080326485469241,0.007453656272007,-19.702415776831934
rosenbrock,qnei,gaussian,1.0,0,9,-0.00920586166811941,0.019503304229665668,1.0256232505714238,-0.0094417457683675,0.0200030422809131,0.028709165897785077,
rosenbrock,qnei,gaussian,5.0,0,9,0.05223023296167126,0.06024972545595039,1.0256232505714238,0.053568541308252,0.0617935192681677,0.008019492494279135,-0.15354119711019054
rosenbrock,qnei,gaussian,0.05,20,9,0.0,0.001485087410513057,1.0256232505714238,0.0,0.0015231401773531,0.001485087410513057,
rosenbrock,qnei,gaussian,0.25,20,9,-0.004578734672292873,0.001485087410513057,1.0256232505714238,-0.0046960567381011,0.0015231401773531,0.0060638220828059305,
rosenbrock,qnei,gaussian,1.0,20,9,-0.001212955770002375,0.001485087410513057,1.0256232505714238,-0.0012440356396292,0.0015231401773531,0.0026980431805154323,
rosenbrock,qnei,gaussian,5.0,20,9,0.0,0.001485087410513057,1.0256232505714238,0.0,0.0015231401773531,0.001485087410513057,
rosenbrock,qucb,gaussian,0.05,0,10,0.006864639386055437,-0.025050173289842964,1.0256232505714238,0.0070405337611268,-0.0256920401569062,-0.0319148126758984,4.6491608489630085
rosenbrock,qucb,gaussian,0.25,0,10,0.010991958965002142,-0.005486638789433356,1.0256232505714238,0.0112736086838332,-0.0056272243099299,-0.016478597754435498,1.4991502248964488
rosenbrock,qucb,gaussian,1.0,0,10,0.011812888722327847,0.0157082829530607,1.0256232505714238,0.0121155733300324,0.0161107802232138,0.003895394230732853,-0.3297579721859283
rosenbrock,qucb,gaussian,5.0,0,10,0.028937094318270726,0.0716731137366835,1.0256232505714238,0.0296785567367967,0.0735096118891927,0.04273601941841278,-1.4768593884503973
rosenbrock,qucb,gaussian,0.05,20,10,-0.00031409108709940116,0.00032673901111094505,1.0256232505714238,-0.0003221391217264,0.0003351111266641,0.0006408300982103462,
rosenbrock,qucb,gaussian,0.25,20,10,4.3777068411389154e-05,0.0027629332812581955,1.0256232505714238,4.489877920457654e-05,0.002833728613036,0.0027191562128468065,-62.113711847808055
rosenbrock,qucb,gaussian,1.0,20,10,0.0034953019063473857,0.02616201227266582,1.0256232505714238,0.0035848629029165,0.026832368068581,0.022666710366318434,-6.484907734337976
rosenbrock,qucb,gaussian,5.0,20,10,0.005392080183316083,0.03637786237912569,1.0256232505714238,0.0055302428049544,0.0373099814621188,0.030985782195809608,-5.74653587157037
rosenbrock,qucb,gaussian,0.05,0,11,0.0021779196816710082,-0.0015440467372192421,1.0256232505714238,0.0022337250633989,-0.001583610233661,-0.0037219664188902503,1.7089548573410074
rosenbrock,qucb,gaussian,0.25,0,11,0.011501995946316531,-0.012590496911019218,1.0256232505714238,0.0117967144705205,-0.012913106368189,-0.02409249285733575,2.094635832753121
rosenbrock,qucb,gaussian,1.0,0,11,-0.009886013329188858,-0.0035495298353315553,1.0256232505714238,-0.0101393251258751,-0.003640480327713,0.006336483493857303,
rosenbrock,qucb,gaussian,5.0,0,11,0.048065659972682015,-0.004738289917836719,1.0256232505714238,0.0492972584220429,-0.0048597003076815,-0.05280394989051873,1.0985795247694448
rosenbrock,qucb,gaussian,0.05,20,11,-0.00012480280886064616,-0.0031989024350256986,1.0256232505714238,-0.0001280006625041,-0.0032808687136719,-0.0030740996261650524,
rosenbrock,qucb,gaussian,0.25,20,11,-0.000845695748711088,-0.0038005583869706256,1.0256232505714238,-0.0008673652227875,-0.0038979410468313,-0.0029548626382595376,
rosenbrock,qucb,gaussian,1.0,20,11,0.0,0.004502747785048089,1.0256232505714238,0.0,0.0046181228198043,0.004502747785048089,
rosenbrock,qucb,gaussian,5.0,20,11,0.0,0.0019664003027929137,1.0256232505714238,0.0,0.0020167858704751,0.0019664003027929137,
rosenbrock,qucb,gaussian,0.05,0,7,-1.5892465198659328e-05,-3.941317910306915e-05,1.0256232505714238,-1.629968181664221e-05,-4.04230728670435e-05,-2.3520713904409823e-05,
rosenbrock,qucb,gaussian,0.25,0,7,-0.0004714688934849044,-0.0006278186102618574,1.0256232505714238,-0.0004835494590793,-0.000643905363826,-0.00015634971677695297,
rosenbrock,qucb,gaussian,1.0,0,7,-4.386270344255884e-06,0.0,1.0256232505714238,-4.498660848360758e-06,0.0,4.386270344255884e-06,
rosenbrock,qucb,gaussian,5.0,0,7,6.847511162507732e-05,0.0,1.0256232505714238,7.022966656815288e-05,0.0,-6.847511162507732e-05,1.0
rosenbrock,qucb,gaussian,0.05,20,7,0.00011569932653885007,0.0,1.0256232505714238,0.0001186639193737,0.0,-0.00011569932653885007,1.0
rosenbrock,qucb,gaussian,0.25,20,7,0.00011569932653885007,0.0,1.0256232505714238,0.0001186639193737,0.0,-0.00011569932653885007,1.0
rosenbrock,qucb,gaussian,1.0,20,7,0.00011569932653885007,0.0,1.0256232505714238,0.0001186639193737,0.0,-0.00011569932653885007,1.0
rosenbrock,qucb,gaussian,5.0,20,7,0.00011569932653885007,0.0,1.0256232505714238,0.0001186639193737,0.0,-0.00011569932653885007,1.0
rosenbrock,qucb,gaussian,0.05,0,8,0.004408312525629743,-0.0017023496477392033,1.0256232505714238,0.0045212678220711,-0.0017459693793234,-0.006110662173368946,1.3861680944447143
rosenbrock,qucb,gaussian,0.25,0,8,-0.005157518970895181,-0.001644108112046424,1.0256232505714238,-0.0052896713718133,-0.0016862355061679,0.0035134108588487567,
rosenbrock,qucb,gaussian,1.0,0,8,-0.0015685543718584683,0.006093323396410651,1.0256232505714238,-0.0016087458335635,0.0062494541486096,0.007661877768269119,
rosenbrock,qucb,gaussian,5.0,0,8,0.009033246498455634,0.020320680435927014,1.0256232505714238,0.009264707636959,0.0208413623225186,0.01128743393747138,-1.2495434437000177
rosenbrock,qucb,gaussian,0.05,20,8,0.003254428282973833,0.0023867752401143787,1.0256232505714238,0.0033378173143352,0.0024479321801495,-0.0008676530428594542,0.2666069021704205
rosenbrock,qucb,gaussian,0.25,20,8,0.0008718322491981479,0.0022019563240760678,1.0256232505714238,0.0008941714253756,0.0022583776027152,0.0013301240748779199,-1.5256651449877858
rosenbrock,qucb,gaussian,1.0,20,8,0.0037700192062900496,0.007984191910655343,1.0256232505714238,0.0038666193530719,0.0081887728605924,0.004214172704365293,-1.1178119987649402
rosenbrock,qucb,gaussian,5.0,20,8,0.004055114624000003,0.009518054958257584,1.0256232505714238,0.0041590198421066,0.0097619384654056,0.005462940334257581,-1.3471728522605573
rosenbrock,qucb,gaussian,0.05,0,9,-0.021641601922396822,-0.01570579722201104,1.0256232505714238,-0.0221961301112214,-0.0161082307996546,0.0059358047003857835,
rosenbrock,qucb,gaussian,0.25,0,9,-0.019595229991357762,-0.008850704521148771,1.0256232505714238,-0.020097323479431,-0.0090774883408278,0.010744525470208991,
rosenbrock,qucb,gaussian,1.0,0,9,-0.0025183939851223434,-0.0026837338485411195,1.0256232505714238,-0.0025829234252407,-0.0027524998334093,-0.00016533986341877617,
rosenbrock,qucb,gaussian,5.0,0,9,-0.013492516744887125,0.07954868276266377,1.0256232505714238,-0.0138382388822805,0.0815869785937182,0.0930411995075509,
rosenbrock,qucb,gaussian,0.05,20,9,0.004246383189321923,-2.6739464535784204e-06,1.0256232505714238,0.0043551893298042,-2.74246165357303e-06,-0.004249057135775502,1.000629699754912
rosenbrock,qucb,gaussian,0.25,20,9,0.0026801202625036198,0.0,1.0256232505714238,0.0027487936555513,0.0,-0.0026801202625036198,1.0
rosenbrock,qucb,gaussian,1.0,20,9,-0.007286366868475434,0.0,1.0256232505714238,-0.0074730672725017,0.0,0.007286366868475434,
rosenbrock,qucb,gaussian,5.0,20,9,-0.010755558791784622,0.0,1.0256232505714238,-0.0110311511697422,0.0,0.010755558791784622,
rosenbrock,ucb,gaussian,0.05,0,10,0.003598719487430405,0.00328663011019762,1.0256232505714238,0.0036909303785931,0.0033708442570468,-0.0003120893772327847,0.08672234063334183
rosenbrock,ucb,gaussian,0.25,0,10,0.023923092432985966,-0.0034502541655509885,1.0256232505714238,0.0245360798248397,-0.00353866089257,-0.027373346598536956,1.1442227494299049
rosenbrock,ucb,gaussian,1.0,0,10,0.0827988364025628,0.06597912953820563,1.0256232505714238,0.084920411734728,0.0676697293068475,-0.016819706864357173,0.2031394110731315
rosenbrock,ucb,gaussian,5.0,0,10,0.0004378909306614088,-0.023142104899748474,1.0256232505714238,0.0004491111197007,-0.0237350808523449,-0.023579995830409883,53.849016226012424
rosenbrock,ucb,gaussian,0.05,20,10,0.0,-0.0020213757636526257,1.0256232505714238,0.0,-0.0020731699813437,-0.0020213757636526257,
rosenbrock,ucb,gaussian,0.25,20,10,0.0,-0.002301714412842675,1.0256232505714238,0.0,-0.0023606918179868,-0.002301714412842675,
rosenbrock,ucb,gaussian,1.0,20,10,0.0,0.01844121533230877,1.0256232505714238,0.0,0.0189137392136101,0.01844121533230877,
rosenbrock,ucb,gaussian,5.0,20,10,-0.0008226011662584152,0.04690176123128841,1.0256232505714238,-0.0008436788820618,0.0481035368115588,0.04772436239754683,
rosenbrock,ucb,gaussian,0.05,0,11,-0.0020428146172782134,-0.010040661258250948,1.0256232505714238,-0.0020951581680877,-0.0102979356375739,-0.007997846640972734,
rosenbrock,ucb,gaussian,0.25,0,11,-0.00287518260189446,-0.0034691639618903308,1.0256232505714238,-0.0029488541261414,-0.0035580552193592,-0.0005939813599958707,
rosenbrock,ucb,gaussian,1.0,0,11,0.016745216438208362,-0.0022586870478052564,1.0256232505714238,0.0171742833148773,-0.0023165619519936,-0.019003903486013617,1.1348855093118715
rosenbrock,ucb,gaussian,5.0,0,11,0.02826070291096264,0.050625528486494986,1.0256232505714238,0.0289848339829748,0.0519227190882152,0.022364825575532345,-0.7913754178724544
rosenbrock,ucb,gaussian,0.05,20,11,0.0,-0.000795436058814549,1.0256232505714238,0.0,-0.0008158177162631,-0.000795436058814549,
rosenbrock,ucb,gaussian,0.25,20,11,0.0,0.00034347530998554297,1.0256232505714238,0.0,0.0003522762639184,0.00034347530998554297,
rosenbrock,ucb,gaussian,1.0,20,11,0.0,-0.000602321870357189,1.0256232505714238,0.0,-0.000617755314566,-0.000602321870357189,
rosenbrock,ucb,gaussian,5.0,20,11,0.0,0.005245344430538198,1.0256232505714238,0.0,0.0053797472052153,0.005245344430538198,
rosenbrock,ucb,gaussian,0.05,0,7,-0.00044170355379794684,0.00021019761775953119,1.0256232505714238,-0.0004530214346352,0.0002155835639889,0.000651901171557478,
rosenbrock,ucb,gaussian,0.25,0,7,-0.0007764883737210482,0.00016628270562653693,1.0256232505714238,-0.0007963845298867,0.0001705434090585,0.0009427710793475852,
rosenbrock,ucb,gaussian,1.0,0,7,0.0,0.00021019761775953119,1.0256232505714238,0.0,0.0002155835639889,0.00021019761775953119,
rosenbrock,ucb,gaussian,5.0,0,7,0.0,0.00021019761775953119,1.0256232505714238,0.0,0.0002155835639889,0.00021019761775953119,
rosenbrock,ucb,gaussian,0.05,20,7,-0.00016843154010700732,0.000355161492076503,1.0256232505714238,-0.0001727473036633,0.0003642618839813,0.0005235930321835103,
rosenbrock,ucb,gaussian,0.25,20,7,-0.0011520294123831562,6.116896609392289e-05,1.0256232505714238,-0.0011815481506823,6.27363138393424e-05,0.001213198378477079,
rosenbrock,ucb,gaussian,1.0,20,7,0.0,0.000355161492076503,1.0256232505714238,0.0,0.0003642618839813,0.000355161492076503,
rosenbrock,ucb,gaussian,5.0,20,7,0.0,0.000355161492076503,1.0256232505714238,0.0,0.0003642618839813,0.000355161492076503,
rosenbrock,ucb,gaussian,0.05,0,8,-0.0020597005049525136,-0.003187272000341955,1.0256232505714238,-0.002112476727093,-0.003268940269446,-0.0011275714953894412,
rosenbrock,ucb,gaussian,0.25,0,8,-0.0020693723125374854,-0.00024292819747776293,1.0256232505714238,-0.0021223963578272,-0.0002491528075526,0.0018264441150597224,
rosenbrock,ucb,gaussian,1.0,0,8,0.011585776515322182,0.004745373082027421,1.0256232505714238,0.0118826417700388,0.0048669649655631,-0.00684040343329476,0.5904138945066246
rosenbrock,ucb,gaussian,5.0,0,8,0.004922516838826495,0.017620683915422472,1.0256232505714238,0.0050486477212298,0.0180721831146272,0.012698167076595976,-2.5796086620646603
rosenbrock,ucb,gaussian,0.05,20,8,-0.005940862795200723,0.001851367917187802,1.0256232505714238,-0.0060930870112126,0.0018988059812298,0.007792230712388525,
rosenbrock,ucb,gaussian,0.25,20,8,-0.007081591430424876,-0.003656192435049483,1.0256232505714238,-0.0072630448220911,-0.0037498759699501,0.0034253989953753933,
rosenbrock,ucb,gaussian,1.0,20,8,-0.0033493944194998276,0.001851367917187802,1.0256232505714238,-0.0034352167919732,0.0018988059812298,0.005200762336687629,
rosenbrock,ucb,gaussian,5.0,20,8,-0.0027756023577675867,0.001851367917187802,1.0256232505714238,-0.0028467223124673,0.0018988059812298,0.0046269702749553885,
rosenbrock,ucb,gaussian,0.05,0,9,-0.009969130328361806,-0.007368088335612028,1.0256232505714238,-0.0102245718527446,-0.0075568827092678,0.0026010419927497783,
rosenbrock,ucb,gaussian,0.25,0,9,-0.013085330124179645,-0.0046335108708656925,1.0256232505714238,-0.0134206188167613,-0.0047522364809353,0.008451819253313952,
rosenbrock,ucb,gaussian,1.0,0,9,0.0011170482418005755,0.0716310232900483,1.0256232505714238,0.0011456706488006,0.0734664429484967,0.07051397504824773,-63.12527284818596
rosenbrock,ucb,gaussian,5.0,0,9,0.05428104868636297,0.05025246186284364,1.0256232505714238,0.0556719055981333,0.0515400932849862,-0.00402858682351933,0.07421718852184656
rosenbrock,ucb,gaussian,0.05,20,9,0.004264143728796287,0.00045580167907566845,1.0256232505714238,0.0043734049520318,0.0004674807997095,-0.0038083420497206184,0.8931082749398
rosenbrock,ucb,gaussian,0.25,20,9,-0.002343242227617905,0.0012941286132430248,1.0256232505714238,-0.0024032837103657,0.0013272883949718,0.00363737084086093,
rosenbrock,ucb,gaussian,1.0,20,9,0.0016407320442549899,0.0012941286132430248,1.0256232505714238,0.0016827729325455,0.0013272883949718,-0.00034660343101196507,0.21124926049051962
rosenbrock,ucb,gaussian,5.0,20,9,0.011468891750386317,0.0012941286132430248,1.0256232505714238,0.011762762037483,0.0013272883949718,-0.010174763137143293,0.8871618425381482
schwefel,ei,gaussian,0.05,0,10,0.08038713933483448,0.07451489227835091,4.328390371778852,0.3479469199117426,0.3225295422917524,-0.005872247056483565,0.07304958361590708
schwefel,ei,gaussian,0.25,0,10,-0.008951432553460127,0.15078599777966298,4.328390371778852,-0.0387452944780246,0.6526606609885606,0.1597374303331231,
schwefel,ei,gaussian,1.0,0,10,0.19616817808676323,0.20009983782312132,4.328390371778852,0.8490924532801452,0.8661102114281081,0.00393165973635809,-0.02004229113357603
schwefel,ei,gaussian,5.0,0,10,0.20824561270930225,0.17599552753308523,4.328390371778852,0.9013683050161316,0.7617773468503459,-0.032250085176217025,0.15486561640670005
schwefel,ei,gaussian,0.05,20,10,0.010010641423474183,-0.03631392727306516,4.328390371778852,0.0433299639526962,-0.1571808531702127,-0.04632456869653934,4.627532516339242
schwefel,ei,gaussian,0.25,20,10,0.03467133614034931,-0.011981437703857218,4.328390371778852,0.1500710775265961,-0.0518603395974437,-0.04665277384420653,1.3455718480348275
schwefel,ei,gaussian,1.0,20,10,0.06420693506896114,0.0,4.328390371778852,0.2779126795539213,0.0,-0.06420693506896114,1.0
schwefel,ei,gaussian,5.0,20,10,0.06420693506896114,0.0,4.328390371778852,0.2779126795539213,0.0,-0.06420693506896114,1.0
schwefel,ei,gaussian,0.05,0,11,0.05460613087104289,-0.07483265683072121,4.328390371778852,0.236356651102318,-0.3239049513207246,-0.1294387877017641,2.370407601436641
schwefel,ei,gaussian,0.25,0,11,0.14322677071866274,0.03544842118326545,4.328390371778852,0.619941375359637,0.1534346049444077,-0.10777834953539729,0.7525014282916702
schwefel,ei,gaussian,1.0,0,11,0.31653457449606626,0.09601412739685129,4.328390371778852,1.370085204583889,0.4155866245792792,-0.22052044709921498,0.6966709638284885
schwefel,ei,gaussian,5.0,0,11,0.3375786653733118,0.030120385748189038,4.328390371778852,1.4611722449197977,0.1303727876667264,-0.3074582796251228,0.9107752093430419
schwefel,ei,gaussian,0.05,20,11,0.06152030689899183,0.036657098232086044,4.328390371778852,0.2662839040504763,0.1586662310451128,-0.024863208666905785,0.4041463692261462
schwefel,ei,gaussian,0.25,20,11,0.005907598825133107,0.059142217028049976,4.328390371778852,0.0255703938750382,0.2559906027498668,0.05323461820291687,-9.011210777623752
schwefel,ei,gaussian,1.0,20,11,0.10365528991415264,0.08347346933399186,4.328390371778852,0.4486605588483638,0.3613057609642276,-0.020181820580160784,0.19470130850895673
schwefel,ei,gaussian,5.0,20,11,0.10365528991415264,0.10185652402970201,4.328390371778852,0.4486605588483638,0.4408747979130234,-0.0017987658844506316,0.017353343818153122
schwefel,ei,gaussian,0.05,0,7,-0.19511028727746468,-0.06288296901914711,4.328390371778852,-0.844513488886784,-0.2721820376513442,0.13222731825831757,
schwefel,ei,gaussian,0.25,0,7,0.03324240909451861,-0.2544957836954494,4.328390371778852,0.1438861234594481,-1.1015570998056965,-0.287738192789968,8.655756325356503
schwefel,ei,gaussian,1.0,0,7,0.04018118688924361,-0.16042899154147205,4.328390371778852,0.1739198624580487,-0.6943993023422985,-0.20061017843071566,4.992639440534258
schwefel,ei,gaussian,5.0,0,7,0.046948401339795484,-0.1903317134544597,4.328390371778852,0.2032110083295801,-0.8238299559604547,-0.2372801147942552,5.0540616511499055
schwefel,ei,gaussian,0.05,20,7,0.049311721519819836,-0.19052806345906484,4.328390371778852,0.2134403806422282,-0.8246798354298863,-0.23983978497888467,4.863747960664606
schwefel,ei,gaussian,0.25,20,7,-0.05317463579290906,-0.2223176798728206,4.328390371778852,-0.2301605815888747,-0.9622777050377298,-0.16914304407991154,
schwefel,ei,gaussian,1.0,20,7,-0.020495958668668192,-0.14841508717437063,4.328390371778852,-0.0887145101618407,-0.6423984343522648,-0.12791912850570245,
schwefel,ei,gaussian,5.0,20,7,0.07591823112110219,-0.11503942266252945,4.328390371778852,0.3286037406270603,-0.4979355294274903,-0.19095765378363164,2.515306942268221
schwefel,ei,gaussian,0.05,0,8,-0.010238899893235072,0.06696611004986033,4.328390371778852,-0.0443179557154862,0.2898554659752985,0.0772050099430954,
schwefel,ei,gaussian,0.25,0,8,-0.0608072789813682,0.06775305807499564,4.328390371778852,-0.2631976408770247,0.2932616842303845,0.12856033705636383,
schwefel,ei,gaussian,1.0,0,8,-0.005030908056481389,0.04320606586821175,4.328390371778852,-0.0217757339929787,0.1870127195064106,0.04823697392469314,
schwefel,ei,gaussian,5.0,0,8,0.0006587969277858129,0.15262340702878166,4.328390371778852,0.0028515302791856,0.6606136854914633,0.15196461010099585,-230.6698827690987
schwefel,ei,gaussian,0.05,20,8,-0.002485517603282033,-0.009212932428563867,4.328390371778852,-0.0107582904629328,-0.039877168019645,-0.0067274148252818335,
schwefel,ei,gaussian,0.25,20,8,-0.02549967666394301,-0.02038223491386534,4.328390371778852,-0.1103725549556848,-0.0882222693565095,0.0051174417500776705,
schwefel,ei,gaussian,1.0,20,8,0.1308081424610747,-0.054246424846875384,4.328390371778852,0.5661887043787921,-0.2347997030106405,-0.18505456730795009,1.4147022029841743
schwefel,ei,gaussian,5.0,20,8,0.010540484542134642,0.010581426016667395,4.328390371778852,0.0456233318060594,0.0458005424902334,4.094147453275257e-05,-0.003884211809152882
schwefel,ei,gaussian,0.05,0,9,0.012458536149141651,0.024070943740905505,4.328390371778852,0.0539254079144035,0.1041884411277658,0.011612407591763853,-0.9320844321316117
schwefel,ei,gaussian,0.25,0,9,0.032871457232611194,-0.02446282311344477,4.328390371778852,0.1422804989919746,-0.1058846480307635,-0.05733428034605596,1.7441964906008374
schwefel,ei,gaussian,1.0,0,9,0.06285104976750658,-0.040238930146677045,4.328390371778852,0.2720438786698689,-0.1741697978175587,-0.10308997991418362,1.640226858509533
schwefel,ei,gaussian,5.0,0,9,0.14924840647437518,0.10533043374900801,4.328390371778852,0.6460053655870219,0.4559112352944965,-0.04391797272536717,0.2942609154953192
schwefel,ei,gaussian,0.05,20,9,0.019168427026006046,0.018745729005138146,4.328390371778852,0.0829684349815101,0.0811388329378155,-0.0004226980208679003,0.022051784441906475
schwefel,ei,gaussian,0.25,20,9,0.027621159530853857,0.07709303852894915,4.328390371778852,0.1195551609707155,0.3336887656998796,0.0494718789980953,-1.7910862483102266
schwefel,ei,gaussian,1.0,20,9,0.027621159530853857,0.09169818735485007,4.328390371778852,0.1195551609707155,0.3969055512563063,0.06407702782399621,-2.319852928419598
schwefel,ei,gaussian,5.0,20,9,0.027621159530853857,0.15859693211390138,4.328390371778852,0.1195551609707155,0.686469433955475,0.13097577258304752,-4.74186365842979
schwefel,logei,gaussian,0.05,0,10,0.19848129894443117,-0.040233773086051076,4.328390371778852,0.8591045433292359,-0.1741474760459986,-0.23871507203048226,1.2027081306905156
schwefel,logei,gaussian,0.25,0,10,0.08047005600817946,-0.045194002228685366,4.328390371778852,0.3483058156423089,-0.1956172841087937,-0.12566405823686483,1.561625087275838
schwefel,logei,gaussian,1.0,0,10,0.034857518319609614,0.026136709757458187,4.328390371778852,0.1508769466787032,0.1131298828641604,-0.008720808562151426,0.2501844360286948
schwefel,logei,gaussian,5.0,0,10,0.23140440679045898,0.23812863591132566,4.328390371778852,1.0016086063390195,1.0307136949234137,0.006724229120866676,-0.029058345146190767
schwefel,logei,gaussian,0.05,20,10,0.0007011023364442387,-0.08456627723485323,4.328390371778852,0.0030346446026969,-0.3660358601605198,-0.08526737957129747,121.61902070351908
schwefel,logei,gaussian,0.25,20,10,0.003693897249026525,0.026295182061875665,4.328390371778852,0.0159886292870268,0.1138158128607946,0.02260128481284914,-6.11854723863946
schwefel,logei,gaussian,1.0,20,10,0.015333566070206823,0.03645105491957031,4.328390371778852,0.0663696597433181,0.1577743951550503,0.02111748884936349,-1.377206629734674
schwefel,logei,gaussian,5.0,20,10,0.015333566070206823,0.03645105491957031,4.328390371778852,0.0663696597433181,0.1577743951550503,0.02111748884936349,-1.377206629734674
schwefel,logei,gaussian,0.05,0,11,0.010626436073610187,0.034933230615989026,4.328390371778852,0.0459953635873378,0.1512046590533771,0.02430679454237884,-2.287389146653092
schwefel,logei,gaussian,0.25,0,11,0.2578496983455501,0.0436871264051369,4.328390371778852,1.1160741516849604,0.1890949373026802,-0.21416257194041322,0.8305713495674103
schwefel,logei,gaussian,1.0,0,11,0.3144158985991018,0.26775382351086063,4.328390371778852,1.360914748230548,1.158943071691383,-0.04666207508824116,0.14840876462083097
schwefel,logei,gaussian,5.0,0,11,0.2124467488057187,0.287961386083544,4.328390371778852,0.9195524620463932,1.2464092909681046,0.07551463727782529,-0.3554520730598847
schwefel,logei,gaussian,0.05,20,11,0.0,-0.009748562517349273,4.328390371778852,0.0,-0.0421955841387788,-0.009748562517349273,
schwefel,logei,gaussian,0.25,20,11,0.0,-0.007879896361789714,4.328390371778852,0.0,-0.0341072675429858,-0.007879896361789714,
schwefel,logei,gaussian,1.0,20,11,0.0,0.022450972559441083,4.328390371778852,0.0,0.097176573463356,0.022450972559441083,
schwefel,logei,gaussian,5.0,20,11,0.0,0.03883089441559766,4.328390371778852,0.0,0.1680752695160341,0.03883089441559766,
schwefel,logei,gaussian,0.05,0,7,0.023308482799227734,-0.05938358731678616,4.328390371778852,0.1008882125289503,-0.257035347583666,-0.0826920701160139,3.54772426967034
schwefel,logei,gaussian,0.25,0,7,-0.14890317036657455,-0.0802350251016626,4.328390371778852,-0.6445110489420274,-0.3472885101294709,0.06866814526491195,
schwefel,logei,gaussian,1.0,0,7,-0.08532036255108597,0.04975336696138533,4.328390371778852,-0.3692998357828014,0.2153519945192403,0.1350737295124713,
schwefel,logei,gaussian,5.0,0,7,0.0469328440776909,-0.014518272164354445,4.328390371778852,0.2031436704260754,-0.0628407494510567,-0.06145111624204534,1.309341410043709
schwefel,logei,gaussian,0.05,20,7,0.0079775339464356,0.07725529232654318,4.328390371778852,0.0345298811242908,0.3343910634751701,0.06927775838010758,-8.68410699913865
schwefel,logei,gaussian,0.25,20,7,-0.014609465801888965,0.12004810542996258,4.328390371778852,-0.0632354711137286,0.5196150636933425,0.13465757123185154,
schwefel,logei,gaussian,1.0,20,7,0.0079775339464356,0.18559003952525957,4.328390371778852,0.0345298811242908,0.8033061401791901,0.17761250557882396,-22.26408646724494
schwefel,logei,gaussian,5.0,20,7,-0.03336900136759374,0.1219713662026692,4.328390371778852,-0.1444340642353681,0.5279396871043458,0.15534036757026293,
schwefel,logei,gaussian,0.05,0,8,-0.2015132815805177,-0.06573597632152928,4.328390371778852,-0.8722281477786735,-0.2845309669895899,0.13577730525898843,
schwefel,logei,gaussian,0.25,0,8,-0.18081500661811972,-0.13105170182739628,4.328390371778852,-0.7826379337189988,-0.5672429243949351,0.04976330479072344,
schwefel,logei,gaussian,1.0,0,8,-0.262551267595904,-0.049479325703496654,4.328390371778852,-1.1364243787604438,-0.2141658369771248,0.21307194189240736,
schwefel,logei,gaussian,5.0,0,8,-0.03232033718761242,-0.0776467540228643,4.328390371778852,-0.1398950362955076,-0.3360854625124467,-0.04532641683525188,
schwefel,logei,gaussian,0.05,20,8,-0.17160728092634514,0.06342025935990757,4.328390371778852,-0.7427833024887409,0.2745076399891415,0.23502754028625272,
schwefel,logei,gaussian,0.25,20,8,-0.1958635464099889,0.12363236189117151,4.328390371778852,-0.8477738884634562,0.5351291248500254,0.3194959083011604,
schwefel,logei,gaussian,1.0,20,8,-0.14959151400291143,0.09651920071241518,4.328390371778852,-0.6474904689100232,0.4177727790554084,0.2461107147153266,
schwefel,logei,gaussian,5.0,20,8,0.022668852697239474,0.21055020759961637,4.328390371778852,0.0981196437540044,0.911343491350218,0.1878813549023769,-8.288083980767865
schwefel,logei,gaussian,0.05,0,9,0.050748130703266184,-0.012340784838357816,4.328390371778852,0.2196577203217921,-0.0534157342745424,-0.063088915541624,1.2431771312034465
schwefel,logei,gaussian,0.25,0,9,0.016523589146075216,-0.01955618671479341,4.328390371778852,0.0715205441671015,-0.0846468102850213,-0.03607977586086863,2.1835314072450487
schwefel,logei,gaussian,1.0,0,9,0.16347042035193268,0.12055784905816506,4.328390371778852,0.7075637935219471,0.5218214331057298,-0.04291257129376762,0.26250970176366994
schwefel,logei,gaussian,5.0,0,9,0.16347042035193268,0.12055784905816506,4.328390371778852,0.7075637935219471,0.5218214331057298,-0.04291257129376762,0.26250970176366994
schwefel,logei,gaussian,0.05,20,9,-0.017867747844265102,-0.0015690305615711198,4.328390371778852,-0.0773385877344894,-0.0067913767757312,0.016298717282693984,
schwefel,logei,gaussian,0.25,20,9,-0.059648949207189265,0.029277966494416843,4.328390371778852,-0.2581839374351238,0.1267264682796977,0.0889269157016061,
schwefel,logei,gaussian,1.0,20,9,0.0,-0.008597417818683499,4.328390371778852,0.0,-0.0372129805085496,-0.008597417818683499,
schwefel,logei,gaussian,5.0,20,9,0.0,0.14189007953871807,4.328390371778852,0.0,0.6141556541263228,0.14189007953871807,
schwefel,pi,gaussian,0.05,0,10,0.0607010654856992,0.07208543890750026,4.328390371778852,0.262737907405018,0.3120139197126768,0.011384373421801056,-0.1875481646114292
schwefel,pi,gaussian,0.25,0,10,0.1641847175740033,0.29710602883087267,4.328390371778852,0.7106555507405459,1.2859908745889992,0.13292131125686937,-0.8095839443580215
schwefel,pi,gaussian,1.0,0,10,0.3231077206459796,0.327812178892693,4.328390371778852,1.3985363470914691,1.418899078870979,0.004704458246713394,-0.014560030436004068
schwefel,pi,gaussian,5.0,0,10,0.2766974876169168,0.2690885398613404,4.328390371778852,1.1976547412964609,1.1647202450918557,-0.007608947755576412,0.027499157368970684
schwefel,pi,gaussian,0.05,20,10,0.0029712877244899745,0.005797266049481281,4.328390371778852,0.0128608931784671,0.0250928305512152,0.0028259783249913063,-0.9510954801512497
schwefel,pi,gaussian,0.25,20,10,0.03404081139246928,0.0007350853876320522,4.328390371778852,0.1473419202787039,0.0031817365142619,-0.03330572600483723,0.9784057618616379
schwefel,pi,gaussian,1.0,20,10,0.09633157239243971,0.0030477593258792846,4.328390371778852,0.4169606504417535,0.0131918921216351,-0.09328381306656043,0.968361781602991
schwefel,pi,gaussian,5.0,20,10,0.10760315916974934,0.0025306892708085796,4.328390371778852,0.4657484781233303,0.0109538110737319,-0.10507246989894076,0.9764812735022371
schwefel,pi,gaussian,0.05,0,11,-0.057277196502131006,-0.09674292787287551,4.328390371778852,-0.2479180658623092,-0.4187411575426503,-0.03946573137074451,
schwefel,pi,gaussian,0.25,0,11,0.0402614191019728,0.011197866063657783,4.328390371778852,0.1742671387951322,0.0484687356544055,-0.029063553038315017,0.7218710538916625
schwefel,pi,gaussian,1.0,0,11,0.07725949954898555,0.004464765286303588,4.328390371778852,0.3344092739762816,0.0193252470774889,-0.07279473426268196,0.9422107920402364
schwefel,pi,gaussian,5.0,0,11,0.09473023395760222,0.019163462463900622,4.328390371778852,0.4100294325784435,0.0829469464186929,-0.0755667714937016,0.7977048967019602
schwefel,pi,gaussian,0.05,20,11,-0.13854646038189056,-0.0647706687813633,4.328390371778852,-0.5996831651610153,-0.28035273912693,0.07377579160052726,
schwefel,pi,gaussian,0.25,20,11,0.0201547249283145,-0.05106782258970369,4.328390371778852,0.0872375173255677,-0.221041471604984,-0.07122254751801818,3.5337891125450547
schwefel,pi,gaussian,1.0,20,11,0.0201547249283145,0.015038648233913217,4.328390371778852,0.0872375173255677,0.065093140220239,-0.005116076694401284,0.25384006542376225
schwefel,pi,gaussian,5.0,20,11,0.0201547249283145,0.012859763717878357,4.328390371778852,0.0872375173255677,0.0556620774598157,-0.007294961210436143,0.3619479420524251
schwefel,pi,gaussian,0.05,0,7,-0.03202216817835058,0.000770547947782517,4.328390371778852,-0.1386044444266558,0.0033352323181758,0.0327927161261331,
schwefel,pi,gaussian,0.25,0,7,0.01703324663560925,0.07907410536533785,4.328390371778852,0.0737265407377056,0.3422635963203548,0.0620408587297286,-3.6423390124597637
schwefel,pi,gaussian,1.0,0,7,0.07559109591406245,0.36317568749116774,4.328390371778852,0.3271877717466396,1.5719661490009358,0.2875845915771053,-3.8044770762955036
schwefel,pi,gaussian,5.0,0,7,0.25966185368643285,0.0689116683479041,4.328390371778852,1.1239178674146049,0.2982766017802856,-0.19075018533852875,0.734609965347002
schwefel,pi,gaussian,0.05,20,7,-0.03194739375394822,0.0018636550682203908,4.328390371778852,-0.1382807915280173,0.008066626653602,0.033811048822168614,
schwefel,pi,gaussian,0.25,20,7,0.00227527204231217,0.005147490722818972,4.328390371778852,0.0098482656011216,0.0222803492834706,0.0028722186805068017,-1.2623627535931945
schwefel,pi,gaussian,1.0,20,7,0.00227527204231217,0.004422322195964465,4.328390371778852,0.0098482656011216,0.0191415368139165,0.0021470501536522955,-0.943645469080008
schwefel,pi,gaussian,5.0,20,7,0.00227527204231217,0.006402072578702498,4.328390371778852,0.0098482656011216,0.0277106693090853,0.004126800536390328,-1.8137613699136406
schwefel,pi,gaussian,0.05,0,8,0.08710874628600189,0.009992389880467925,4.328390371778852,0.3770406587220574,0.0432509641496778,-0.07711635640553396,0.8852883285949247
schwefel,pi,gaussian,0.25,0,8,0.21779104077923628,0.07060028625682652,4.328390371778852,0.9426846439685416,0.3055855992788787,-0.14719075452240976,0.6758347542478094
schwefel,pi,gaussian,1.0,0,8,0.27923848036188104,0.22618252442842723,4.328390371778852,1.2086531498285238,0.9790062610006394,-0.0530559559334538,0.19000230865278867
schwefel,pi,gaussian,5.0,0,8,0.2863442975173477,0.1927099198447863,4.328390371778852,1.2394099003878667,0.8341237616024473,-0.09363437767256139,0.3269992749441385
schwefel,pi,gaussian,0.05,20,8,0.1605122803183249,0.030770267896072494,4.328390371778852,0.6947598086821056,0.1331857312984161,-0.12974201242225242,0.808299602777747
schwefel,pi,gaussian,0.25,20,8,0.19420267390524862,0.024823875141228493,4.328390371778852,0.8405849839051862,0.1074474221515338,-0.16937879876402012,0.8721754204407091
schwefel,pi,gaussian,1.0,20,8,0.20459584185736415,0.08869663512271883,4.328390371778852,0.8855706720014036,0.3839136614743581,-0.11589920673464532,0.5664787987990758
schwefel,pi,gaussian,5.0,20,8,0.18264908025970633,0.08093732974581502,4.328390371778852,0.7905765204103756,0.3503283587892758,-0.10171175051389131,0.5568697656143065
schwefel,pi,gaussian,0.05,0,9,-0.012584233129220416,0.0038353231165405557,4.328390371778852,-0.0544694735127381,0.016600775650295,0.016419556245760972,
schwefel,pi,gaussian,0.25,0,9,0.026688524446943855,0.07444790363295238,4.328390371778852,0.1155183522531363,0.3222395892839909,0.047759379186008526,-1.7895099176784024
schwefel,pi,gaussian,1.0,0,9,0.0627229640288532,0.1472186231778718,4.328390371778852,0.2714894735919195,0.6372196711096392,0.08449565914901859,-1.3471247804894828
schwefel,pi,gaussian,5.0,0,9,0.1834020044324737,0.19101597375255028,4.328390371778852,0.7938354701504615,0.8267917016465005,0.0076139693200765746,-0.04151519141591464
schwefel,pi,gaussian,0.05,20,9,0.0,-0.00031970774759968964,4.328390371778852,0.0,-0.0013838199364936,-0.00031970774759968964,
schwefel,pi,gaussian,0.25,20,9,0.0,-0.00034634285968961884,4.328390371778852,0.0,-0.0014991070992149,-0.00034634285968961884,
schwefel,pi,gaussian,1.0,20,9,0.0,0.00011939317291749201,4.328390371778852,0.0,0.0005167802601122,0.00011939317291749201,
schwefel,pi,gaussian,5.0,20,9,0.0,0.00011939317291749201,4.328390371778852,0.0,0.0005167802601122,0.00011939317291749201,
schwefel,qnei,gaussian,0.05,0,10,-0.08427240664167125,-0.053099619003253246,4.328390371778852,-0.364763873514442,-0.2298358796388067,0.031172787638418006,
schwefel,qnei,gaussian,0.25,0,10,-0.049575267761392525,-0.28814226642705054,4.328390371778852,-0.2145811116567699,-1.2471922117053822,-0.238566998665658,
schwefel,qnei,gaussian,1.0,0,10,0.10483031788285305,-0.005300454472859798,4.328390371778852,0.4537465385946575,-0.0229424361063785,-0.11013077235571285,1.050562228369688
schwefel,qnei,gaussian,5.0,0,10,0.032560630218359914,-0.05508009848737878,4.328390371778852,0.1409351183362006,-0.2384081679694012,-0.08764072870573869,2.6916164741897672
schwefel,qnei,gaussian,0.05,20,10,-0.015010289363590308,-0.03181076793283499,4.328390371778852,-0.0649703919589788,-0.1376894216393744,-0.01680047856924468,
schwefel,qnei,gaussian,0.25,20,10,0.03446864390744742,0.0018542387077358005,4.328390371778852,0.1491937464172692,0.0080258689695433,-0.03261440519971162,0.9462050577703416
schwefel,qnei,gaussian,1.0,20,10,0.001595296329036261,0.02688880448342687,4.328390371778852,0.0069050652707347,0.1163852424347089,0.02529350815439061,-15.855053192324927
schwefel,qnei,gaussian,5.0,20,10,0.03242908736851236,-0.03652067495922391,4.328390371778852,0.1403657495314441,-0.1580757378643698,-0.06894976232773628,2.1261702971846304
schwefel,qnei,gaussian,0.05,0,11,0.05679918533033469,-0.19583388925292902,4.328390371778852,0.2458490469087033,-0.8476455207103839,-0.25263307458326373,4.447829191809555
schwefel,qnei,gaussian,0.25,0,11,0.0888880323312678,-0.08688051419824162,4.328390371778852,0.3847421033090268,-0.3760527811508649,-0.1757685465295094,1.9774152033701842
schwefel,qnei,gaussian,1.0,0,11,0.204767856362908,0.06575230770240903,4.328390371778852,0.8863152179310059,0.2846016555813477,-0.13901554866049898,0.6788934119333805
schwefel,qnei,gaussian,5.0,0,11,0.2004463932229201,0.15717283766415785,4.328390371778852,0.8676102384838851,0.6803053972507014,-0.04327355555876225,0.21588592771852444
schwefel,qnei,gaussian,0.05,20,11,-0.14654642372984153,-0.09718404388960525,4.328390371778852,-0.63431012949087,-0.4206504798623007,0.04936237984023628,
schwefel,qnei,gaussian,0.25,20,11,0.04468699767944287,-0.06627754525229759,4.328390371778852,0.1934227704994044,-0.2868750887351821,-0.11096454293174046,2.483150551481039
schwefel,qnei,gaussian,1.0,20,11,-0.07071487100260301,-0.043695145211881246,4.328390371778852,-0.3060815667892504,-0.1891296458285856,0.027019725790721767,
schwefel,qnei,gaussian,5.0,20,11,0.13931332254784223,-0.014412031614883648,4.328390371778852,0.603002443976602,-0.0623808988796348,-0.15372535416272587,1.103450490960291
schwefel,qnei,gaussian,0.05,0,7,0.11313635699583219,-0.07450042086732737,4.328390371778852,0.489698318318895,-0.3224669043756121,-0.18763677786315958,1.6585011471606061
schwefel,qnei,gaussian,0.25,0,7,-0.06234770978230713,-0.15699630634710982,4.328390371778852,-0.2698652267242003,-0.6795413007976732,-0.09464859656480268,
schwefel,qnei,gaussian,1.0,0,7,0.029810933325200437,0.04530743874646595,4.328390371778852,0.1290333567785389,0.1961082816401633,0.015496505421265513,-0.5198262413396384
schwefel,qnei,gaussian,5.0,0,7,0.2065889335472783,0.15011045912418677,4.328390371778852,0.8941975508821005,0.649736665976433,-0.056478474423091535,0.27338576879853205
schwefel,qnei,gaussian,0.05,20,7,-0.008449126226058963,-0.026066412491619513,4.328390371778852,-0.0365711166068178,-0.1128256088555419,-0.01761728626556055,
schwefel,qnei,gaussian,0.25,20,7,0.02202503292298514,-0.0027288566778426847,4.328390371778852,0.0953329404419611,-0.0118115569703387,-0.024753889600827826,1.123897961350826
schwefel,qnei,gaussian,1.0,20,7,0.02202503292298514,0.0,4.328390371778852,0.0953329404419611,0.0,-0.02202503292298514,1.0
schwefel,qnei,gaussian,5.0,20,7,0.02202503292298514,0.0,4.328390371778852,0.0953329404419611,0.0,-0.02202503292298514,1.0
schwefel,qnei,gaussian,0.05,0,8,0.0940101921668324,0.06494468071020353,4.328390371778852,0.406912810623997,0.2811059306842967,-0.029065511456628876,0.3091740457784474
schwefel,qnei,gaussian,0.25,0,8,0.004407118215224726,0.14199226571391488,4.328390371778852,0.0190757280500699,0.6145979557831736,0.13758514749869016,-31.218846597622857
schwefel,qnei,gaussian,1.0,0,8,0.021800078055472617,0.14107094248091942,4.328390371778852,0.0943592479593351,0.6106101091721798,0.11927086442544681,-5.471120980482245
schwefel,qnei,gaussian,5.0,0,8,0.16721477708379237,0.13638126874427475,4.328390371778852,0.7237708311486339,0.5903113705237029,-0.030833508339517618,0.18439463830440506
schwefel,qnei,gaussian,0.05,20,8,0.028045862154591216,0.16034048643039955,4.328390371778852,0.1213934397181695,0.6940162176716791,0.13229462427580835,-4.717081740849646
schwefel,qnei,gaussian,0.25,20,8,-0.03989303607051923,0.027216785723263075,4.328390371778852,-0.1726726332286619,0.11780487327534,0.0671098217937823,
schwefel,qnei,gaussian,1.0,20,8,0.07663128545810485,0.029777123423908324,4.328390371778852,0.3316901181538978,0.1288870143273153,-0.046854162034196525,0.611423412175595
schwefel,qnei,gaussian,5.0,20,8,0.07663128545810485,0.21877400743180692,4.328390371778852,0.3316901181538978,0.946939307363308,0.14214272197370206,-1.8548915253602658
schwefel,qnei,gaussian,0.05,0,9,-0.003267888955370495,-0.07732650382518629,4.328390371778852,-0.0141446990904681,-0.3346992946402569,-0.07405861486981578,
schwefel,qnei,gaussian,0.25,0,9,-0.002690213205921537,0.013551893625775876,4.328390371778852,-0.0116442929385431,0.0586578858891795,0.01624210683169741,
schwefel,qnei,gaussian,1.0,0,9,0.03876371773505606,0.03910583558313136,4.328390371778852,0.1677845026187698,0.1692653222183926,0.0003421178480753004,-0.008825723332669622
schwefel,qnei,gaussian,5.0,0,9,0.022118994449740928,0.03910583558313136,4.328390371778852,0.0957396426096885,0.1692653222183926,0.016986841133390433,-0.7679752880262327
schwefel,qnei,gaussian,0.05,20,9,-0.0239931971016,0.0036979229964752562,4.328390371778852,-0.1038519233227577,0.0160060542935231,0.027691120098075256,
schwefel,qnei,gaussian,0.25,20,9,-0.06550199564574169,0.01533723504071721,4.328390371778852,-0.2835182072853286,0.0663855404799496,0.0808392306864589,
schwefel,qnei,gaussian,1.0,20,9,-0.04600492207696802,0.06607537736460124,4.328390371778852,-0.1991272617723847,0.2860000271965943,0.11208029944156926,
schwefel,qnei,gaussian,5.0,20,9,0.0654973161730258,0.06607537736460124,4.328390371778852,0.2834979527006802,0.2860000271965943,0.0005780611915754408,-0.008825723332668511
schwefel,qucb,gaussian,0.05,0,10,0.13615036170913905,0.0012345638555944513,4.328390371778852,0.5893119147360455,0.0053436743059012,-0.1349157978535446,0.9909323497925633
schwefel,qucb,gaussian,0.25,0,10,-0.09049208131116582,0.03130068721686691,4.328390371778852,-0.3916850534694791,0.1354815931795481,0.12179276852803272,
schwefel,qucb,gaussian,1.0,0,10,0.16487360902514875,0.05848502236365436,4.328390371778852,0.7136373418648847,0.2531460076921124,-0.1063885866614944,0.6452735964872738
schwefel,qucb,gaussian,5.0,0,10,0.09078594345737738,0.1106247561842468,4.328390371778852,0.3929570035537715,0.4788271295482769,0.019838812726869423,-0.21852295599244886
schwefel,qucb,gaussian,0.05,20,10,0.15542072622073147,0.01200964892597682,4.328390371778852,0.672721574948691,0.0519824487796423,-0.14341107729475466,0.9227281378873465
schwefel,qucb,gaussian,0.25,20,10,0.031207154327184954,-0.04893368760365935,4.328390371778852,0.1350767463204041,-0.2118041022793133,-0.08014084193084431,2.5680278660022706
schwefel,qucb,gaussian,1.0,20,10,0.11995837359742852,0.05892266487506678,4.328390371778852,0.51922666929336,0.255040295324791,-0.061035708722361734,0.5088074045351189
schwefel,qucb,gaussian,5.0,20,10,0.05887629945482713,0.11815819643086634,4.328390371778852,0.2548396076862422,0.5114347997781161,0.05928189697603921,-1.0068889778224475
schwefel,qucb,gaussian,0.05,0,11,-0.075128047874045,0.23770361896410844,4.328390371778852,-0.325183519068557,1.028874055661236,0.31283166683815344,
schwefel,qucb,gaussian,0.25,0,11,0.020829914815710688,0.03618919689907789,4.328390371778852,0.0901600027332958,0.1566409714203778,0.0153592820833672,-0.7373665336251238
schwefel,qucb,gaussian,1.0,0,11,-0.00753727702495466,0.013783302600857405,4.328390371778852,-0.0326242773042437,0.0596595142688656,0.021320579625812065,
schwefel,qucb,gaussian,5.0,0,11,0.10071670711525342,0.21473913059390862,4.328390371778852,0.4359412253549335,0.9294747853068356,0.1140224234786552,-1.1321103195736493
schwefel,qucb,gaussian,0.05,20,11,-0.004129738023248792,-0.019242051990517282,4.328390371778852,-0.0178751182977991,-0.0832871125690231,-0.01511231396726849,
schwefel,qucb,gaussian,0.25,20,11,-0.03245165047204421,0.09000760036717916,4.328390371778852,-0.1404634114515288,0.3895880308162169,0.12245925083922336,
schwefel,qucb,gaussian,1.0,20,11,-0.04294600216262268,0.09000760036717916,4.328390371778852,-0.1858870622670898,0.3895880308162169,0.13295360252980185,
schwefel,qucb,gaussian,5.0,20,11,-0.05827946924973839,0.09000760036717916,4.328390371778852,-0.2522562935729493,0.3895880308162169,0.14828706961691754,
schwefel,qucb,gaussian,0.05,0,7,-0.04036794909531353,-0.20641573784893846,4.328390371778852,-0.1747282421926139,-0.8934478922889728,-0.16604778875362494,
schwefel,qucb,gaussian,0.25,0,7,-0.014391876158291907,0.07739055745756958,4.328390371778852,-0.0622936581953843,0.3349765437659422,0.09178243361586148,
schwefel,qucb,gaussian,1.0,0,7,-0.015468865169957137,-0.01614399959526701,4.328390371778852,-0.0669552870639877,-0.0698775324101554,-0.0006751344253098715,
schwefel,qucb,gaussian,5.0,0,7,0.02688384022328659,0.04320508026753318,4.328390371778852,0.1163637551789147,0.1870084534419231,0.016321240044246593,-0.6071022558045578
schwefel,qucb,gaussian,0.05,20,7,-0.06997979263941441,-0.031037026997736347,4.328390371778852,-0.3028998606795219,-0.1343403688256423,0.03894276564167806,
schwefel,qucb,gaussian,0.25,20,7,0.061977284132839566,0.05882469765766332,4.328390371778852,0.268261879909585,0.2546162549642319,-0.0031525864751762445,0.05086680578676406
schwefel,qucb,gaussian,1.0,20,7,0.04262821388621129,0.21573209568996443,4.328390371778852,0.1845115505512065,0.933772725868116,0.17310388180375313,-4.060781956894189
schwefel,qucb,gaussian,5.0,20,7,0.016775579041394,0.045316491601165326,4.328390371778852,0.0726112548037849,0.1961474659292812,0.028540912559771325,-1.7013369547093533
schwefel,qucb,gaussian,0.05,0,8,0.13096014473378478,-0.06655394805301863,4.328390371778852,0.566846629552479,-0.2880714679565557,-0.19751409278680343,1.5082000190845024
schwefel,qucb,gaussian,0.25,0,8,0.11858641959787437,0.011394905904124111,4.328390371778852,0.5132883168111664,0.0493216010027368,-0.10719151369375027,0.9039105325654982
schwefel,qucb,gaussian,1.0,0,8,0.044432003819738455,0.004969399055438518,4.328390371778852,0.1923190575321971,0.021509499025087,-0.03946260476429994,0.8881572148850304
schwefel,qucb,gaussian,5.0,0,8,0.2731696104546331,0.03580229325246582,4.328390371778852,1.1823847117544135,0.154966301401576,-0.2373673172021673,0.8689374956720828
schwefel,qucb,gaussian,0.05,20,8,0.05309284344695273,0.0929378018097991,4.328390371778852,0.2298065523861521,0.4022710865278256,0.03984495836284637,-0.7504770092537447
schwefel,qucb,gaussian,0.25,20,8,0.024825224702570023,0.12935495683762943,4.328390371778852,0.1074532635798506,0.5598987497178642,0.10452973213505941,-4.2106258206089064
schwefel,qucb,gaussian,1.0,20,8,0.008971948162088239,0.012840053598873927,4.328390371778852,0.0388340940408817,0.0555767643704903,0.0038681054367856876,-0.43113327974081583
schwefel,qucb,gaussian,5.0,20,8,0.017956367992784668,-0.013153690135024243,4.328390371778852,0.0777221703320871,-0.0569343057338014,-0.031110058127808912,1.7325362311749088
schwefel,qucb,gaussian,0.05,0,9,0.0,0.08186338401000227,4.328390371778852,0.0,0.3543366831501287,0.08186338401000227,
schwefel,qucb,gaussian,0.25,0,9,-0.0019441897231848276,0.11688790324626318,4.328390371778852,-0.0084152120787446,0.5059364749885435,0.11883209296944801,
schwefel,qucb,gaussian,1.0,0,9,-0.04987317823365407,0.13201218544047222,4.328390371778852,-0.2158705844765589,0.5714002724180243,0.18188536367412628,
schwefel,qucb,gaussian,5.0,0,9,0.0,0.14686040861355296,4.328390371778852,0.0,0.6356691786384105,0.14686040861355296,
schwefel,qucb,gaussian,0.05,20,9,-0.05122492999574928,0.012079593230481564,4.328390371778852,-0.2217214937886469,0.0522851950338214,0.06330452322623084,
schwefel,qucb,gaussian,0.25,20,9,-0.06805688119250491,0.012079593230481564,4.328390371778852,-0.2945767492869355,0.0522851950338214,0.08013647442298648,
schwefel,qucb,gaussian,1.0,20,9,-0.1920424150548532,0.011252991971870225,4.328390371778852,-0.8312345402965846,0.0487073421047478,0.2032954070267234,
schwefel,qucb,gaussian,5.0,20,9,-0.017875406599838915,0.012079593230481564,4.328390371778852,-0.0773717378183749,0.0522851950338214,0.02995499983032048,
schwefel,ucb,gaussian,0.05,0,10,0.22209064663475747,0.06799273906796081,4.328390371778852,0.9612950165560236,0.2942991171326334,-0.15409790756679664,0.6938514066295673
schwefel,ucb,gaussian,0.25,0,10,0.07117930744526556,0.07002102144432347,4.328390371778852,0.3080918290159742,0.3030783150417302,-0.0011582860009420881,0.0162727911034084
schwefel,ucb,gaussian,1.0,0,10,0.12114095806364764,-0.046592909057288495,4.328390371778852,0.5243453565107581,-0.2016722989567352,-0.16773386712093613,1.3846173069954466
schwefel,ucb,gaussian,5.0,0,10,0.08983074247745089,0.14851667075372804,4.328390371778852,0.388822520829144,0.6428381277390862,0.05868592827627715,-0.6532944809067827
schwefel,ucb,gaussian,0.05,20,10,0.0939395971054686,0.004686562932118273,4.328390371778852,0.4066072476400948,0.0202852738721164,-0.08925303417335033,0.9501108895873107
schwefel,ucb,gaussian,0.25,20,10,0.07831964517373095,0.036218213656826904,4.328390371778852,0.3389979980911131,0.1567665672752389,-0.04210143151690405,0.5375590175812647
schwefel,ucb,gaussian,1.0,20,10,0.3183918914227569,-0.08702505326669097,4.328390371778852,1.3781243972867188,-0.3766784026630869,-0.4054169446894479,1.2733268516287062
schwefel,ucb,gaussian,5.0,20,10,0.3593074268821712,0.047426646037859364,4.328390371778852,1.5552228070254237,0.2052810380760341,-0.31188078084431187,0.8680053834417062
schwefel,ucb,gaussian,0.05,0,11,-0.11263862465191511,-0.0540722371107566,4.328390371778852,-0.4875439384337614,-0.234045750490742,0.05856638754115851,
schwefel,ucb,gaussian,0.25,0,11,0.006959006496077746,0.20173592014588262,4.328390371778852,0.0301212967147694,0.8731918144013857,0.19477691364980487,-27.989184053727435
schwefel,ucb,gaussian,1.0,0,11,-0.08575833899587271,0.10449625843156497,4.328390371778852,-0.3711955688094823,0.4523005988821005,0.19025459742743767,
schwefel,ucb,gaussian,5.0,0,11,-0.08010856967168244,0.10910273860738885,4.328390371778852,-0.3467411616638856,0.4722392433229267,0.1892113082790713,
schwefel,ucb,gaussian,0.05,20,11,0.0329841430869891,-0.009860337736630908,4.328390371778852,0.1427682473590996,-0.0426793909217209,-0.04284448082362,1.298941758487593
schwefel,ucb,gaussian,0.25,20,11,0.01813422033248494,0.101608868450477,4.328390371778852,0.0784919846868441,0.4398028478883886,0.08347464811799206,-4.603156164837085
schwefel,ucb,gaussian,1.0,20,11,0.03220767814187633,0.06387101699607059,4.328390371778852,0.1394074039666497,0.2764586950015153,0.03166333885419426,-0.9830990832284083
schwefel,ucb,gaussian,5.0,20,11,-0.003042676674653661,0.10096117040532733,4.328390371778852,-0.013169892423007,0.4369993579059428,0.10400384707998099,
schwefel,ucb,gaussian,0.05,0,7,-0.06408794547134518,-0.05075083255140676,4.328390371778852,-0.2773976461252585,-0.2196694149752698,0.013337112919938415,
schwefel,ucb,gaussian,0.25,0,7,-0.0002896587757179674,0.11456708330299781,4.328390371778852,-0.0012537562559189,0.4958910602914814,0.11485674207871578,
schwefel,ucb,gaussian,1.0,0,7,0.07911281470204436,0.09995923397656777,4.328390371778852,0.3424311454406532,0.4326625859145654,0.02084641927452341,-0.26350243450489597
schwefel,ucb,gaussian,5.0,0,7,0.15559887091254038,0.10670567262234681,4.328390371778852,0.6734926547175002,0.4618638059927522,-0.04889319829019356,0.31422591952916956
schwefel,ucb,gaussian,0.05,20,7,-0.02306024786318583,0.043395417639085936,4.328390371778852,-0.0998137548218474,0.1878323078883417,0.06645566550227176,
schwefel,ucb,gaussian,0.25,20,7,0.005212769295779681,-0.009416122285811021,4.328390371778852,0.0225629004301572,-0.0407566530413967,-0.014628891581590702,2.8063569959703423
schwefel,ucb,gaussian,1.0,20,7,0.13603860785596084,0.04007136199044766,4.328390371778852,0.5888282004339398,0.1734444974235187,-0.09596724586551317,0.7054412521416298
schwefel,ucb,gaussian,5.0,20,7,0.18470880924088498,0.04350179588852203,4.328390371778852,0.7994918315009831,0.1882927544789676,-0.14120701335236296,0.7644844549249956
schwefel,ucb,gaussian,0.05,0,8,0.043345240286184875,0.09864350430764049,4.328390371778852,0.1876151207171634,0.4269675942837168,0.055298264021455615,-1.2757632362019793
schwefel,ucb,gaussian,0.25,0,8,0.07121912469707473,0.038715391047584174,4.328390371778852,0.3082641736253357,0.1675753258500165,-0.03250373364949055,0.45639052414281667
schwefel,ucb,gaussian,1.0,0,8,-0.02795684418558024,0.05220985788162094,4.328390371778852,-0.1210081351981871,0.2259846461667503,0.08016670206720118,
schwefel,ucb,gaussian,5.0,0,8,0.08522992704038129,0.21142924127371512,4.328390371778852,0.3689083955890004,0.9151482922416564,0.12619931423333383,-1.4806925057385247
schwefel,ucb,gaussian,0.05,20,8,0.05626846729319077,0.11084210027815963,4.328390371778852,0.2435518920666002,0.4797678796317322,0.05457363298496886,-0.9698795010820027
schwefel,ucb,gaussian,0.25,20,8,0.05626846729319077,0.11204432271219528,4.328390371778852,0.2435518920666002,0.4849715676399486,0.055775855419004504,-0.9912453297933375
schwefel,ucb,gaussian,1.0,20,8,0.05626846729319077,0.04720897287300129,4.328390371778852,0.2435518920666002,0.2043388636450678,-0.009059494420189482,0.16100481950191314
schwefel,ucb,gaussian,5.0,20,8,0.05626846729319077,0.15966991419528104,4.328390371778852,0.2435518920666002,0.6911137192656098,0.10340144690209027,-1.8376446325312155
schwefel,ucb,gaussian,0.05,0,9,-0.016610668797356645,-0.022921171009664024,4.328390371778852,-0.0718974588912859,-0.0992117759081263,-0.006310502212307379,
schwefel,ucb,gaussian,0.25,0,9,0.06369318138310347,-0.06120981593032114,4.328390371778852,0.2756889530465891,-0.2649399779311578,-0.12490299731342461,1.9610104975311986
schwefel,ucb,gaussian,1.0,0,9,0.06369318138310347,0.0,4.328390371778852,0.2756889530465891,0.0,-0.06369318138310347,1.0
schwefel,ucb,gaussian,5.0,0,9,0.053656894470283496,0.0,4.328390371778852,0.232247985404729,0.0,-0.053656894470283496,1.0
schwefel,ucb,gaussian,0.05,20,9,-0.012644118879194435,-0.1515523513869169,4.328390371778852,-0.0547286824163324,-0.6559777385635764,-0.13890823250772244,
schwefel,ucb,gaussian,0.25,20,9,0.0,-0.06123027451390056,4.328390371778852,0.0,-0.2650285306673432,-0.06123027451390056,
schwefel,ucb,gaussian,1.0,20,9,0.0,-0.03985570376218407,4.328390371778852,0.0,-0.1725110444247077,-0.03985570376218407,
schwefel,ucb,gaussian,5.0,20,9,0.0,0.0,4.328390371778852,0.0,0.0,0.0,
shekel,ei,gaussian,0.05,0,10,-0.009809223569560087,0.04170437745939515,56.774074038018384,-0.5569095851936794,2.367727413589165,0.05151360102895523,
shekel,ei,gaussian,0.25,0,10,0.03624169295540723,0.14716616502512744,56.774074038018384,2.0575885591134195,8.355222749027817,0.11092447206972021,-3.0606868229418724
shekel,ei,gaussian,1.0,0,10,0.09086113291686121,0.13331105413747227,56.774074038018384,5.158556687400107,7.568611657687128,0.04244992122061106,-0.46719559681754275
shekel,ei,gaussian,5.0,0,10,0.12762596724848527,0.16596877269391735,56.774074038018384,7.245846113739212,9.422723388923508,0.03834280544543209,-0.3004310664363421
shekel,ei,gaussian,0.05,20,10,-0.0026024071995824002,-0.003114862991609937,56.774074038018384,-0.1477492590261633,-0.176843462103946,-0.0005124557920275366,
shekel,ei,gaussian,0.25,20,10,-0.00030881429018103017,9.832512271368507e-05,56.774074038018384,-0.0175326453747359,0.005582317796744,0.0004071394128947152,
shekel,ei,gaussian,1.0,20,10,0.08814838278812452,-0.002873767206163965,56.774074038018384,5.004542810744567,-0.1631554721307822,-0.09102214999428848,1.0326014739609168
shekel,ei,gaussian,5.0,20,10,0.10766437598325462,0.0066505860104171385,56.774074038018384,6.112545253330346,0.3775808625516319,-0.10101378997283748,0.9382285370654865
shekel,ei,gaussian,0.05,0,11,-0.01195333684669243,0.000567057871770042,56.774074038018384,-0.6786396311354892,0.0321941855957135,0.012520394718462472,
shekel,ei,gaussian,0.25,0,11,-0.024385507239433054,0.02532554692032115,56.774074038018384,-1.3844645934662054,1.4378344759076214,0.0497110541597542,
shekel,ei,gaussian,1.0,0,11,0.0308004785255253,0.047330461805247324,56.774074038018384,1.7486686482145686,2.687143142784713,0.016529983279722025,-0.5366794306790761
shekel,ei,gaussian,5.0,0,11,0.09158963863876142,0.11617896817564605,56.774074038018384,5.19991692519239,6.59595334086471,0.024589329536884627,-0.2684728305771287
shekel,ei,gaussian,0.05,20,11,-0.0012011884183018302,-0.012892365809525507,56.774074038018384,-0.0681963601942783,-0.7319521309952179,-0.011691177391223677,
shekel,ei,gaussian,0.25,20,11,0.0041771110729039666,-0.0036656441679001816,56.774074038018384,0.2371516133180762,-0.2081135533853952,-0.007842755240804147,1.8775548708001657
shekel,ei,gaussian,1.0,20,11,0.06551019069391537,0.00022955957168530508,56.774074038018384,3.7192804167010536,0.0130330321189973,-0.06528063112223007,0.996495818906132
shekel,ei,gaussian,5.0,20,11,0.09474674459877758,0.09764258731668363,56.774074038018384,5.379158692712217,5.543567481581071,0.0028958427179060497,-0.030564033943002666
shekel,ei,gaussian,0.05,0,7,0.016776381161190967,0.054844991667404246,56.774074038018384,0.9524635061354728,3.11377361753971,0.03806861050621328,-2.269178921272838
shekel,ei,gaussian,0.25,0,7,-0.0034915667393323503,0.28733803649544126,56.774074038018384,-0.1982304685675373,16.31335095793101,0.29082960323477364,
shekel,ei,gaussian,1.0,0,7,0.32057219309853685,0.5545325824940174,56.774074038018384,18.200189425506256,31.48307389500888,0.23396038939548053,-0.7298212210301291
shekel,ei,gaussian,5.0,0,7,0.46452722975611255,0.5588105188257315,56.774074038018384,26.37310333484911,31.725949769035548,0.09428328906961897,-0.20296611916403662
shekel,ei,gaussian,0.05,20,7,0.007627176713542881,-0.055297944740214384,56.774074038018384,0.4330258954357333,-3.139489608831181,-0.06292512145375727,8.250119777876245
shekel,ei,gaussian,0.25,20,7,-0.05582738817170643,-0.06775172827133034,56.774074038018384,-3.1695482694096526,-3.846541637080212,-0.011924340099623912,
shekel,ei,gaussian,1.0,20,7,-0.021031136761789984,0.007429257738945354,56.774074038018384,-1.1940233156175548,0.4217892289184046,0.02846039450073534,
shekel,ei,gaussian,5.0,20,7,-0.038233521240210726,-0.04657235301833669,56.774074038018384,-2.170672765625872,-2.644102218387776,-0.008338831778125964,
shekel,ei,gaussian,0.05,0,8,0.013172603480329564,0.0261504870795456,56.774074038018384,0.7478623652656893,1.484669689584365,0.012977883599216035,-0.9852178135169483
shekel,ei,gaussian,0.25,0,8,0.028582265835203114,0.03060367223949553,56.774074038018384,1.622731676702145,1.737495153560367,0.0020214064042924154,-0.07072239884504761
shekel,ei,gaussian,1.0,0,8,0.020659257337486615,0.11270115949458327,56.774074038018384,1.1729102056489396,6.398503973315989,0.09204190215709665,-4.455237700635292
shekel,ei,gaussian,5.0,0,8,0.13601100533257107,0.17957203823158085,56.774074038018384,7.721898886736703,10.19503619371764,0.04356103289900978,-0.320275795274767
shekel,ei,gaussian,0.05,20,8,-0.003237467095978452,0.04458598799737505,56.774074038018384,-0.183804196602729,2.53132818362117,0.047823455093353506,
shekel,ei,gaussian,0.25,20,8,-0.00981044661011306,0.04711643604788414,56.774074038018384,-0.5569790221885853,2.6749920285901325,0.056926882657997196,
shekel,ei,gaussian,1.0,20,8,-0.005133896286719457,0.04329130192828762,56.774074038018384,-0.2914722078857181,2.4578235808788094,0.04842519821500708,
shekel,ei,gaussian,5.0,20,8,0.05955852267173019,0.09151758019303431,56.774074038018384,3.381379975759806,5.195825873659615,0.031959057521304124,-0.5365992319428985
shekel,ei,gaussian,0.05,0,9,0.0016396470673186792,-0.007180426015012624,56.774074038018384,0.0930894439961704,-0.40766203820084,-0.008820073082331303,5.379250973049219
shekel,ei,gaussian,0.25,0,9,0.003242532139324456,-0.006075146023981148,56.774074038018384,0.1840917597486608,-0.3449107901572787,-0.009317678163305605,2.8735808198486614
shekel,ei,gaussian,1.0,0,9,-0.00313705162293829,-0.010656412798178293,56.774074038018384,-0.1781032011017842,-0.6050079691834611,-0.0075193611752400035,
shekel,ei,gaussian,5.0,0,9,0.045380040614546875,0.03909679162342852,56.774074038018384,2.5764097856985657,2.219684142277508,-0.006283248991118352,0.1384584259077154
shekel,ei,gaussian,0.05,20,9,-0.0012044005176795386,-0.0003633249002926366,56.774074038018384,-0.0683787241621658,-0.0206274347890698,0.000841075617386902,
shekel,ei,gaussian,0.25,20,9,0.0003530556456626487,0.009001567124703616,56.774074038018384,0.0200444073663916,0.5110556383961153,0.008648511479040968,-24.496171029381536
shekel,ei,gaussian,1.0,20,9,-0.00108157751443512,-0.017213007756005767,56.774074038018384,-0.0614055618823954,-0.977252576756456,-0.016131430241570648,
shekel,ei,gaussian,5.0,20,9,0.0003530556456626487,0.048825399558150635,56.774074038018384,0.0200444073663916,2.7720168494502744,0.04847234391248799,-137.29377934605873
shekel,logei,gaussian,0.05,0,10,-0.004733601531675321,0.07098770678062759,56.774074038018384,-0.2687458438258119,4.030261320552491,0.0757213083123029,
shekel,logei,gaussian,0.25,0,10,0.03668772172958947,0.07974749428976902,56.774074038018384,2.0829114297619284,4.527590145153795,0.043059772560179545,-1.1736834703870662
shekel,logei,gaussian,1.0,0,10,0.06469699948992316,0.083496096977898,56.774074038018384,3.6731122390785353,4.740413591708744,0.018799097487974842,-0.29057139645097263
shekel,logei,gaussian,5.0,0,10,0.11381431693171062,0.16450225532672935,56.774074038018384,6.461702456067428,9.339463223340736,0.05068793839501873,-0.44535643459892515
shekel,logei,gaussian,0.05,20,10,-0.010500575543517278,-0.00018054013759296637,56.774074038018384,-0.5961604533494551,-0.0102499991385371,0.010320035405924311,
shekel,logei,gaussian,0.25,20,10,-0.015519273333204863,-1.9386539063399872e-05,56.774074038018384,-0.8810923732356173,-0.0011006528041264,0.015499886794141464,
shekel,logei,gaussian,1.0,20,10,-0.018567004510931517,0.005961823336218445,56.774074038018384,-1.0541244887678474,0.3384769994920518,0.024528827847149964,
shekel,logei,gaussian,5.0,20,10,0.05468522917483462,0.04096517374998149,56.774074038018384,3.104703249958064,2.3257598074617363,-0.013720055424853134,0.2508914314135655
shekel,logei,gaussian,0.05,0,11,0.014694390998533273,-0.05268537488060744,56.774074038018384,0.834260442494319,-2.991163374192361,-0.06737976587914071,4.585407172428327
shekel,logei,gaussian,0.25,0,11,0.01829490162188719,0.03443586689471852,56.774074038018384,1.0386760991992858,1.9550644566440951,0.016140965272831327,-0.8822657594135959
shekel,logei,gaussian,1.0,0,11,0.11578474546821901,0.05163053545435065,56.774074038018384,6.57357171168578,2.931275842507837,-0.06415421001386837,0.5540817121844226
shekel,logei,gaussian,5.0,0,11,0.1431104179338455,0.09743043913802583,56.774074038018384,8.124961463387898,5.531522965178922,-0.045679978795819656,0.31919394447534755
shekel,logei,gaussian,0.05,20,11,0.006854689825287045,-0.012072929884675941,56.774074038018384,0.389168667648498,-0.6854294151283966,-0.018927619709962987,2.7612656724654028
shekel,logei,gaussian,0.25,20,11,0.014510986318720966,0.00912586868491989,56.774074038018384,0.823847811623736,0.5181127443788753,-0.005385117633801076,0.3711062442980605
shekel,logei,gaussian,1.0,20,11,0.01748247501156984,0.12082616923155337,56.774074038018384,0.9925513306746724,6.85979387768235,0.10334369421998353,-5.911273669866025
shekel,logei,gaussian,5.0,20,11,0.02644144400546502,0.12447853204535803,56.774074038018384,1.5011884996383884,7.067153394487001,0.098037088039893,-3.7077055254482447
shekel,logei,gaussian,0.05,0,7,0.3012313843945194,0.3260743265315042,56.774074038018384,17.10213292018922,18.5125679563966,0.02484294213698479,-0.08247129424086919
shekel,logei,gaussian,0.25,0,7,0.4475824688701797,0.45621922285718886,56.774074038018384,25.41108022575464,25.90142393606125,0.008636753987009138,-0.01929645280524661
shekel,logei,gaussian,1.0,0,7,0.38110091549365227,0.5601411325133258,56.774074038018384,21.6366515921932,31.801494129051022,0.1790402170196735,-0.4697973941829998
shekel,logei,gaussian,5.0,0,7,0.510609023636564,0.5834041326776971,56.774074038018384,28.989354512422565,33.122229422729475,0.07279510904113307,-0.1425652616216717
shekel,logei,gaussian,0.05,20,7,-0.022677576296054165,0.02538773771038991,56.774074038018384,-1.28749839563499,1.441365300427468,0.04806531400644408,
shekel,logei,gaussian,0.25,20,7,-0.018484067645077068,0.04704160783520051,56.774074038018384,-1.0494158250053456,2.6707437261030997,0.06552567548027757,
shekel,logei,gaussian,1.0,20,7,-0.08804321498760848,0.011521969968521919,56.774074038018384,-4.998572006251654,0.6541491760566878,0.0995651849561304,
shekel,logei,gaussian,5.0,20,7,0.3865850017034753,0.19324484973307915,56.774074038018384,21.94800550870057,10.971297406211573,-0.19334015197039617,0.5001232616848779
shekel,logei,gaussian,0.05,0,8,0.0035310534734209692,-0.048746383318125495,56.774074038018384,0.2004722913322041,-2.767530775588881,-0.052277436791546464,14.805053841594427
shekel,logei,gaussian,0.25,0,8,0.03388375191384038,-0.05562093148975501,56.774074038018384,1.923718639842221,-3.157826882462899,-0.0895046834035954,2.6415222148712436
shekel,logei,gaussian,1.0,0,8,0.03447177390939969,-0.0791469787807414,56.774074038018384,1.9571030441540884,-4.493496433183282,-0.11361875269014109,3.295993788679374
shekel,logei,gaussian,5.0,0,8,0.15118720866840749,0.1422361655793478,56.774074038018384,8.583513778541501,8.075326595485734,-0.008951043089059696,0.05920502910197678
shekel,logei,gaussian,0.05,20,8,0.005663160440403604,-0.005651325939880855,56.774074038018384,0.321520690132651,-0.3208487973237695,-0.011314486380284459,1.9979102657169456
shekel,logei,gaussian,0.25,20,8,0.0012404925091869428,-0.009767155266544647,56.774074038018384,0.0704278135601867,-0.554521196243627,-0.011007647775731589,8.873610839412763
shekel,logei,gaussian,1.0,20,8,0.006175389327235112,0.03254310347667756,56.774074038018384,0.3506020108780348,1.8476045662117853,0.026367714149442452,-4.269805959140714
shekel,logei,gaussian,5.0,20,8,0.11141885806313485,0.054742070526512476,56.774074038018384,6.32570249690788,3.107930365066643,-0.05667678753662238,0.5086821793174976
shekel,logei,gaussian,0.05,0,9,-0.14370857902145895,-0.005282474282815026,56.774074038018384,-8.158921505262725,-0.2999075860364684,0.13842610473864392,
shekel,logei,gaussian,0.25,0,9,-0.011157716972288775,-0.014882498250626838,56.774074038018384,-0.6334690494799773,-0.8449400575517672,-0.0037247812783380626,
shekel,logei,gaussian,1.0,0,9,-0.008771445811238333,-0.005687161453331371,56.774074038018384,-0.4979907139077113,-0.3228833254175995,0.0030842843579069615,
shekel,logei,gaussian,5.0,0,9,0.04262286683946753,0.045578347335405014,56.774074038018384,2.4198737976565283,2.5876684661508023,0.002955480495937482,-0.06934025594920312
shekel,logei,gaussian,0.05,20,9,-0.004433294184920715,0.002639766700105681,56.774074038018384,-0.251696172287005,0.1498703100748954,0.007073060885026396,
shekel,logei,gaussian,0.25,20,9,-0.002150504385939061,-0.0012294207680484796,56.774074038018384,-0.1220928952263875,-0.0697992257090618,0.0009210836178905812,
shekel,logei,gaussian,1.0,20,9,-0.0021592465717385147,0.00613168102134059,56.774074038018384,-0.1225892247302198,0.3481205122831028,0.008290927593079105,
shekel,logei,gaussian,5.0,20,9,0.004968120810994998,0.017621005614129263,56.774074038018384,0.28206045875325,1.0004162773609124,0.012652884803134265,-2.546815040232524
shekel,pi,gaussian,0.05,0,10,0.02105132721452105,-0.0019272276938188232,56.774074038018384,1.1951696098757694,-0.1094165677769893,-0.02297855490833987,1.091548987585421
shekel,pi,gaussian,0.25,0,10,0.10909085091053959,0.08427946406430409,56.774074038018384,6.1935320464654,4.78488853267131,-0.024811386846235503,0.2274378340543166
shekel,pi,gaussian,1.0,0,10,0.09398272002560798,0.07746391149559136,56.774074038018384,5.33578190502822,4.397941846525207,-0.016518808530016624,0.17576431630746225
shekel,pi,gaussian,5.0,0,10,0.11645595687101643,0.07224580224421968,56.774074038018384,6.611679117563362,4.101688525549363,-0.04421015462679674,0.3796298258556473
shekel,pi,gaussian,0.05,20,10,0.0008983500785203081,-0.014332425632458795,56.774074038018384,0.0510029938699716,-0.813710194001608,-0.015230775710979102,16.954165280495154
shekel,pi,gaussian,0.25,20,10,0.03218073368645864,0.01790474151795507,56.774074038018384,1.8270313569127552,1.0165251205719628,-0.014275992168503573,0.4436192259504257
shekel,pi,gaussian,1.0,20,10,0.056175323761018726,0.03613663804637961,56.774074038018384,3.1893019903177304,2.051624163930228,-0.02003868571463912,0.3567168709144921
shekel,pi,gaussian,5.0,20,10,0.09158889004488002,0.04333866375046439,56.774074038018384,5.199874424467943,2.460512504477649,-0.04825022629441563,0.5268130913124097
shekel,pi,gaussian,0.05,0,11,0.004803414884980134,0.004505308207993424,56.774074038018384,0.2727094323151817,0.2557847017647106,-0.00029810667698671,0.06206140508888036
shekel,pi,gaussian,0.25,0,11,-0.02003635548876097,0.056495407744972616,56.774074038018384,-1.1375455299709714,3.2074744621211124,0.07653176323373359,
shekel,pi,gaussian,1.0,0,11,0.07573279932075277,0.05860587249314454,56.774074038018384,4.299659555742807,3.3272941439884534,-0.017126926827608233,0.22614939605058282
shekel,pi,gaussian,5.0,0,11,0.09923681090654828,0.07622214457878299,56.774074038018384,5.634078049705202,4.327441679652367,-0.02301466632776529,0.23191662567067273
shekel,pi,gaussian,0.05,20,11,-0.014502593927520773,-0.05782693221569834,56.774074038018384,-0.8233713413843802,-3.283070531005528,-0.04332433828817757,
shekel,pi,gaussian,0.25,20,11,0.003861546402707809,0.07797038969007135,56.774074038018384,0.2192357213685767,4.426696677037256,0.07410884328736354,-19.191493655338867
shekel,pi,gaussian,1.0,20,11,0.009461257908593819,0.07570801742409385,56.774074038018384,0.5371541569952925,4.29825258650709,0.06624675951550002,-7.0018976499231655
shekel,pi,gaussian,5.0,20,11,0.06930067856243918,0.047921199804861384,56.774074038018384,3.9344818555888352,2.720681745711872,-0.0213794787575778,0.3085031662181361
shekel,pi,gaussian,0.05,0,7,0.07734470835599266,0.2337289487333621,56.774074038018384,4.391174198652067,13.269744640216103,0.15638424037736945,-2.0219126001171714
shekel,pi,gaussian,0.25,0,7,0.11484033647488058,0.19977905490033837,56.774074038018384,6.5199537655758135,11.34227085415715,0.08493871842545779,-0.7396244301673283
shekel,pi,gaussian,1.0,0,7,0.17610091025831798,0.060875050796616995,56.774074038018384,9.997966117168176,3.456124640995263,-0.11522585946170098,0.6543172280749661
shekel,pi,gaussian,5.0,0,7,0.2450858196245971,0.4200024452861266,56.774074038018384,13.914520469035295,23.845249924823317,0.17491662566152952,-0.7136954146488477
shekel,pi,gaussian,0.05,20,7,0.13826150313574775,-0.05203360698323693,56.774074038018384,7.8496688156366545,-2.954159855331444,-0.1902951101189847,1.3763419737462954
shekel,pi,gaussian,0.25,20,7,0.0883616131802911,-0.05841971850884593,56.774074038018384,5.016648768816587,-3.316725423901412,-0.14678133168913704,1.661143639259365
shekel,pi,gaussian,1.0,20,7,0.33352441700591995,-0.05453267927277147,56.774074038018384,18.935539944581016,-3.096042370523838,-0.38805709627869145,1.1635043088068828
shekel,pi,gaussian,5.0,20,7,0.31731718318915103,0.2061016352667368,56.774074038018384,18.015389251916304,11.701229499990376,-0.11121554792241423,0.3504870010651747
shekel,pi,gaussian,0.05,0,8,0.047378477307283694,0.04910519503741566,56.774074038018384,2.689869178452298,2.7879019787055697,0.0017267177301319644,-0.036445192590993436
shekel,pi,gaussian,0.25,0,8,0.042900007974532584,-0.0026846542458266102,56.774074038018384,2.435608228977692,-0.1524187589190404,-0.045584662220359194,1.062579341416914
shekel,pi,gaussian,1.0,0,8,0.09507431913622397,0.10830484627854287,56.774074038018384,5.397756433754168,6.148907361294192,0.013230527142318899,-0.13915984108560364
shekel,pi,gaussian,5.0,0,8,0.07641576544782824,0.1115320285230035,56.774074038018384,4.338434325206848,6.33212764497538,0.035116263075175264,-0.4595421228771226
shekel,pi,gaussian,0.05,20,8,0.011759051884381477,-0.008634840682860518,56.774074038018384,0.6676092823007735,-0.4902350842352163,-0.020393892567241993,1.7343143620557897
shekel,pi,gaussian,0.25,20,8,0.025996905273542852,-0.0036956704813831728,56.774074038018384,1.4759502247594725,-0.2098182695301673,-0.029692575754926023,1.1421580931459665
shekel,pi,gaussian,1.0,20,8,0.033496276415790775,0.06110213092333237,56.774074038018384,1.9017200772280347,3.469016904921965,0.027605854507541598,-0.8241469638257368
shekel,pi,gaussian,5.0,20,8,0.13814491763115663,0.057385546441923146,56.774074038018384,7.843049781567238,3.258011262405887,-0.08075937118923349,0.5845989311373649
shekel,pi,gaussian,0.05,0,9,0.0016267945115315504,0.003455464658553771,56.774074038018384,0.0923597520423342,0.1961808063604877,0.0018286701470222207,-1.1240941213285836
shekel,pi,gaussian,0.25,0,9,0.006780164717191983,0.010102532143572067,56.774074038018384,0.3849375736438176,0.5735619078906211,0.0033223674263800837,-0.4900127895058053
shekel,pi,gaussian,1.0,0,9,0.006803535217385352,0.0033204474552983505,56.774074038018384,0.3862644121521015,0.1885153296664583,-0.0034830877620870017,0.5119526320943448
shekel,pi,gaussian,5.0,0,9,0.04968496378957994,0.061290765437617585,56.774074038018384,2.820817812765874,3.479726454802119,0.011605801648037643,-0.23358780530039636
shekel,pi,gaussian,0.05,20,9,7.761355907412172e-05,0.0003294907176561611,56.774074038018384,0.0044064379492283,0.0187065303990507,0.0002518771585820394,-3.2452726248707933
shekel,pi,gaussian,0.25,20,9,0.0009987392817409572,-0.0028104193203609277,56.774074038018384,0.0567024979262384,-0.1595589545720486,-0.003809158602101885,3.813966939862355
shekel,pi,gaussian,1.0,20,9,0.0018051097242395258,0.00022478313690381296,56.774074038018384,0.1024834331307218,0.0127618544570751,-0.0015803265873357128,0.8754739759664683
shekel,pi,gaussian,5.0,20,9,0.0018051097242395258,0.00041687807796365943,56.774074038018384,0.1024834331307218,0.0236678668631356,-0.0013882316462758663,0.769056654913714
shekel,qnei,gaussian,0.05,0,10,-0.01930995028752618,0.05240536109057634,56.774074038018384,-1.0963045472944657,2.975265850545469,0.07171531137810253,
shekel,qnei,gaussian,0.25,0,10,0.024810972212554416,0.03156303190164249,56.774074038018384,1.4086199733507812,1.7919619100481867,0.0067520596890880726,-0.27214006896801535
shekel,qnei,gaussian,1.0,0,10,0.08355418138889989,0.1352050036784076,56.774074038018384,4.74371128035942,7.676138889148461,0.05165082228950771,-0.6181716035143812
shekel,qnei,gaussian,5.0,0,10,0.12256205830255153,0.13562208279094415,56.774074038018384,6.958347372320986,7.699818169563322,0.013060024488392621,-0.10655846245787748
shekel,qnei,gaussian,0.05,20,10,0.003291106545755273,0.0021963465036701816,56.774074038018384,0.1868495266957168,0.1246955390125137,-0.0010947600420850912,0.3326419326949671
shekel,qnei,gaussian,0.25,20,10,-0.005109056694434321,0.0009334659426997317,56.774074038018384,-0.2900619630342476,0.0529966645428032,0.006042522637134052,
shekel,qnei,gaussian,1.0,20,10,0.015717764752800106,0.004784627581640212,56.774074038018384,0.892361539787629,0.2716428005643863,-0.010933137171159894,0.695591093460803
shekel,qnei,gaussian,5.0,20,10,0.13135089788761248,0.02556037102070591,56.774074038018384,7.457325601631503,1.451166396768777,-0.10579052686690657,0.8054039109608822
shekel,qnei,gaussian,0.05,0,11,0.03339959720108562,-0.009981801529989842,56.774074038018384,1.896231204334427,-0.5667075390964484,-0.043381398731075466,1.2988599374385688
shekel,qnei,gaussian,0.25,0,11,0.04134827262551464,0.0034849247057966476,56.774074038018384,2.347509891385137,0.1978533732638183,-0.03786334791971799,0.9157177680103082
shekel,qnei,gaussian,1.0,0,11,0.06551313610186374,0.11843626413588539,56.774074038018384,3.719447639509987,6.724109228837058,0.052923128034021646,-0.8078246773552957
shekel,qnei,gaussian,5.0,0,11,0.16497519174418568,0.11843626413588539,56.774074038018384,9.366313750520677,6.724109228837058,-0.04653892760830029,0.28209652079365133
shekel,qnei,gaussian,0.05,20,11,0.04600409214168904,-0.0036758794105978443,56.774074038018384,2.6118397333040733,-0.2086946498121094,-0.049679971552286886,1.0799033138025291
shekel,qnei,gaussian,0.25,20,11,0.048972722498442464,0.006684652792664037,56.774074038018384,2.780380972969901,0.3795149725691544,-0.042288069705778426,0.8635025285172447
shekel,qnei,gaussian,1.0,20,11,0.055768792626506254,-0.006754735532759952,56.774074038018384,3.1662215615881597,-0.3834938552441471,-0.0625235281592662,1.121120347323953
shekel,qnei,gaussian,5.0,20,11,0.07021032222736487,0.1098985008115697,56.774074038018384,3.986126032369541,6.239385621743281,0.03968817858420483,-0.5652755510177125
shekel,qnei,gaussian,0.05,0,7,0.14334624402522964,-0.04555643370082613,56.774074038018384,8.138350271360238,-2.5864243398387785,-0.18890267772605576,1.3178069576263747
shekel,qnei,gaussian,0.25,0,7,0.18133928385066694,0.03433144539495909,56.774074038018384,10.295369927338996,1.9491360226855927,-0.14700783845570786,0.810678388786232
shekel,qnei,gaussian,1.0,0,7,0.10239821128507202,0.1620316309893322,56.774074038018384,5.813563628859328,9.19919581428922,0.059633419704260185,-0.5823677870528756
shekel,qnei,gaussian,5.0,0,7,0.3875587472151442,0.3295379123044325,56.774074038018384,22.003289008474248,18.709209831505863,-0.058020834910711694,0.14970849020342913
shekel,qnei,gaussian,0.05,20,7,-0.05123751985812726,-0.0795475482869096,56.774074038018384,-2.9089627459497542,-4.516238395983848,-0.028310028428782344,
shekel,qnei,gaussian,0.25,20,7,-0.024676314203696193,-0.0734134789615517,56.774074038018384,-1.4009748895860523,-4.167982289951642,-0.048737164757855514,
shekel,qnei,gaussian,1.0,20,7,-0.12547958952065638,0.008981154279109957,56.774074038018384,-7.123987505705902,0.5098967179890543,0.13446074379976633,
shekel,qnei,gaussian,5.0,20,7,-0.11323164302317097,-0.11960237211633037,56.774074038018384,-6.428621684443977,-6.7903139296551664,-0.006370729093159402,
shekel,qnei,gaussian,0.05,0,8,-0.008551775113703964,0.011493316566380387,56.774074038018384,-0.4855191134619119,0.6525224056820633,0.02004509168008435,
shekel,qnei,gaussian,0.25,0,8,-0.017265465313337426,-0.021596542853099563,56.774074038018384,-0.9802308060002574,-1.2261237229071114,-0.004331077539762137,
shekel,qnei,gaussian,1.0,0,8,0.010770695266785962,0.08762255350731488,56.774074038018384,0.6114962505174404,4.974689340224522,0.07685185824052891,-7.135273660329075
shekel,qnei,gaussian,5.0,0,8,0.1514475650529449,0.13207180624749032,56.774074038018384,8.5982952711935,7.498254506229834,-0.019375758805454585,0.1279370770912095
shekel,qnei,gaussian,0.05,20,8,-0.0008999693804880378,-0.002277964591900889,56.774074038018384,-0.0510949282397774,-0.1293293303965654,-0.0013779952114128511,
shekel,qnei,gaussian,0.25,20,8,0.0029595953545084024,-0.0041204586610597985,56.774074038018384,0.1680282857794353,-0.2339352250936031,-0.007080054015568201,2.392237170119568
shekel,qnei,gaussian,1.0,20,8,-0.0026917733620083267,0.003248726438583891,56.774074038018384,-0.1528229401482264,0.1844434353534296,0.005940499800592218,
shekel,qnei,gaussian,5.0,20,8,0.0349495947320565,0.027006463238855135,56.774074038018384,1.984230878916513,1.5332669434277832,-0.007943131493201364,0.22727392274782965
shekel,qnei,gaussian,0.05,0,9,0.0030399134692388062,-0.002959058151736347,56.774074038018384,0.1725882723717333,-0.1679977865894812,-0.005998971620975154,1.9734020990003032
shekel,qnei,gaussian,0.25,0,9,-0.00022158871525138844,-0.004179752529661071,56.774074038018384,-0.0125804941256717,-0.2373015795795723,-0.003958163814409683,
shekel,qnei,gaussian,1.0,0,9,0.011624742258526223,0.0082858064726494,56.774074038018384,0.6599839776584489,0.470418990142889,-0.003338935785876823,0.2872266508470641
shekel,qnei,gaussian,5.0,0,9,0.05296874519127227,0.0465220810566743,56.774074038018384,3.007251461190222,2.641248074314319,-0.006446664134597976,0.12170694456360653
shekel,qnei,gaussian,0.05,20,9,0.0013772718046437579,-0.0007139409859342156,56.774074038018384,0.0781933314073199,-0.040533338394205,-0.0020912127905779736,1.5183733403435802
shekel,qnei,gaussian,0.25,20,9,0.0018850175908512884,-0.002498849659517264,56.774074038018384,0.1070201282659581,-0.1418698755793102,-0.004383867250368553,2.325637315877124
shekel,qnei,gaussian,1.0,20,9,0.0011418153532172506,0.0020452388555762795,56.774074038018384,0.0648255094013023,0.1161165422119197,0.0009034235023590289,-0.7912168108560513
shekel,qnei,gaussian,5.0,20,9,0.006367529342038135,0.014996746176817403,56.774074038018384,0.3615105823041276,0.8514263777720004,0.008629216834779269,-1.3551907453036103
shekel,qucb,gaussian,0.05,0,10,-0.022854993101523637,0.010708791075355203,56.774074038018384,-1.2975710704843024,0.6079816973698868,0.033563784176878844,
shekel,qucb,gaussian,0.25,0,10,-0.016132064032349142,0.00856071071739663,56.774074038018384,-0.9158829977586436,0.4860264240875338,0.024692774749745773,
shekel,qucb,gaussian,1.0,0,10,-0.050012005277962374,0.08272490274125743,56.774074038018384,-2.839385290440802,4.696629753020019,0.1327369080192198,
shekel,qucb,gaussian,5.0,0,10,0.05379530807065702,0.08272490274125743,56.774074038018384,3.0541788033014896,4.696629753020019,0.02892959467060041,-0.5377717073876231
shekel,qucb,gaussian,0.05,20,10,-0.013779617498191737,0.001451129322204336,56.774074038018384,-0.7823250240579114,0.0823865235775684,0.015230746820396074,
shekel,qucb,gaussian,0.25,20,10,0.0006784512502918899,-0.01340381397173157,56.774074038018384,0.0385184415152579,-0.7609891268229134,-0.01408226522202346,20.756487980477377
shekel,qucb,gaussian,1.0,20,10,0.012965224726202757,0.009226161222087135,56.774074038018384,0.7360886285249819,0.5238067603094692,-0.0037390635041156216,0.28839172348158093
shekel,qucb,gaussian,5.0,20,10,0.07436679275222786,0.03858210741301192,56.774074038018384,4.222105797684954,2.190463422809117,-0.035784685339215944,0.4811917256999618
shekel,qucb,gaussian,0.05,0,11,0.01949130831247954,0.02729374032532885,56.774074038018384,1.1066009812305566,1.549576834004668,0.00780243201284931,-0.40030314475369067
shekel,qucb,gaussian,0.25,0,11,-0.005619874321226067,0.013034459282585063,56.774074038018384,-0.319063160797647,0.7400193563550204,0.018654333603811128,
shekel,qucb,gaussian,1.0,0,11,0.09678613470757699,0.09155716594967034,56.774074038018384,5.494943177741597,5.19807331833772,-0.005228968757906655,0.05402601078868474
shekel,qucb,gaussian,5.0,0,11,0.10116183939790672,0.10782773780898285,56.774074038018384,5.743369759798881,6.121819969719226,0.006665898411076121,-0.06589340852983794
shekel,qucb,gaussian,0.05,20,11,-0.03997925166928421,0.001487261588669626,56.774074038018384,-2.269784994256512,0.0844378995490302,0.041466513257953835,
shekel,qucb,gaussian,0.25,20,11,-0.02877000145798329,0.001974892273220562,56.774074038018384,-1.63339019284944,0.1121226801369346,0.030744893731203853,
shekel,qucb,gaussian,1.0,20,11,0.02139722121381601,0.010457569612322132,56.774074038018384,1.2148074214010478,0.593718831427708,-0.010939651601493879,0.5112650606439604
shekel,qucb,gaussian,5.0,20,11,-0.1125858827840604,0.019706171281611232,56.774074038018384,-6.391959244817905,1.1187996273480678,0.13229205406567163,
shekel,qucb,gaussian,0.05,0,7,-0.05202819151519005,0.009869527197764013,56.774074038018384,-2.9538523971476,0.5603332678460902,0.06189771871295406,
shekel,qucb,gaussian,0.25,0,7,-0.02252885074572008,-0.010874171367266748,56.774074038018384,-1.2790546402289775,-0.617371010307302,0.01165467937845333,
shekel,qucb,gaussian,1.0,0,7,0.00020891700926431865,0.12252964131786889,56.774074038018384,0.0118610697517738,6.956506928032525,0.12232072430860458,-585.4991163206163
shekel,qucb,gaussian,5.0,0,7,0.10311202426658367,0.15765291022821856,56.774074038018384,5.854089699920969,8.950597997605946,0.054540885961634894,-0.5289478734373989
shekel,qucb,gaussian,0.05,20,7,-0.014055481517640564,0.011215247421558402,56.774074038018384,-0.7979869483225244,0.6367352874662515,0.025270728939198968,
shekel,qucb,gaussian,0.25,20,7,0.02525152229654356,0.018788145900579943,56.774074038018384,1.433631796436636,1.0666795863966172,-0.006463376395963616,0.2559598712529235
shekel,qucb,gaussian,1.0,20,7,0.022831457556499245,0.034574591579407475,56.774074038018384,1.2962348617085624,1.962940422163527,0.01174313402290823,-0.5143400938747955
shekel,qucb,gaussian,5.0,20,7,0.060526321341557665,0.1282761112732748,56.774074038018384,3.4363258490944872,7.282757438737988,0.06774978993171712,-1.1193442527160458
shekel,qucb,gaussian,0.05,0,8,-0.005607980366534821,0.008556377394876387,56.774074038018384,-0.3183878925334014,0.4857804037139388,0.014164357761411207,
shekel,qucb,gaussian,0.25,0,8,-0.03238490283941362,0.05658639822376497,56.774074038018384,-1.8386228715189008,3.2126403623008244,0.08897130106317859,
shekel,qucb,gaussian,1.0,0,8,0.11560433051289991,0.14314923359023968,56.774074038018384,6.563328819654927,8.127165186337855,0.02754490307733977,-0.23826878245072414
shekel,qucb,gaussian,5.0,0,8,0.13184558259249118,0.13624215435600964,56.774074038018384,7.485410867691762,7.73502215850722,0.004396571763518459,-0.033346371391959284
shekel,qucb,gaussian,0.05,20,8,-0.0026008147168656987,0.006949418967721586,56.774074038018384,-0.147658847294501,0.3945468269946346,0.009550233684587284,
shekel,qucb,gaussian,0.25,20,8,0.00877446505904745,-0.005317740432493793,56.774074038018384,0.4981621289063653,-0.3019097890293665,-0.014092205491541242,1.6060472515085817
shekel,qucb,gaussian,1.0,20,8,0.04720865157753377,0.003706797886219663,56.774074038018384,2.6802274798979155,0.2104500176362052,-0.0435018536913141,0.921480538792095
shekel,qucb,gaussian,5.0,20,8,0.14581293106765042,0.07114328905050128,56.774074038018384,8.278394144135255,4.039094359861302,-0.07466964201714914,0.5120920447206831
shekel,qucb,gaussian,0.05,0,9,-0.006382098877333966,0.0022687693495881778,56.774074038018384,-0.3623377541797126,0.128807279028706,0.008650868226922143,
shekel,qucb,gaussian,0.25,0,9,-0.012690596549158101,-0.0343143716222734,56.774074038018384,-0.7204968680685226,-1.9481666750510271,-0.021623775073115303,
shekel,qucb,gaussian,1.0,0,9,-0.0015180342454254453,0.005436851702219187,56.774074038018384,-0.0861849886420316,0.3086722210755184,0.006954885947644632,
shekel,qucb,gaussian,5.0,0,9,0.032947441142752,0.0428709895128147,56.774074038018384,1.8705604628018548,2.4339607326836514,0.0099235483700627,-0.3011932953174348
shekel,qucb,gaussian,0.05,20,9,-0.0035478966397277127,0.00046757655399362917,56.774074038018384,-0.2014285465031378,0.0265462258948758,0.004015473193721342,
shekel,qucb,gaussian,0.25,20,9,-0.0057237518820668215,1.2286416544567336e-05,56.774074038018384,-0.3249607131277088,0.0006975499225632,0.005736038298611389,
shekel,qucb,gaussian,1.0,20,9,0.006012259706316306,0.0012943995646280205,56.774074038018384,0.3413404777021966,0.07348833671697,-0.004717860141688285,0.7847066447798052
shekel,qucb,gaussian,5.0,20,9,-0.0012480021494547947,0.019130436120697925,56.774074038018384,-0.0708541664327526,1.086112796696085,0.02037843827015272,
shekel,ucb,gaussian,0.05,0,10,0.01986702264591585,-0.003367263333355006,56.774074038018384,1.1279318146142143,-0.1911732577934017,-0.023234285979270856,1.1694900838121927
shekel,ucb,gaussian,0.25,0,10,-0.03933726413677527,0.015420621582355564,56.774074038018384,-2.2333367465543645,0.875491511428919,0.05475788571913083,
shekel,ucb,gaussian,1.0,0,10,0.07024988732303677,0.040079282427290724,56.774074038018384,3.9883723040405386,2.2754641479176527,-0.03017060489574605,0.4294754916404303
shekel,ucb,gaussian,5.0,0,10,0.07970041990645231,0.0847899929748014,56.774074038018384,4.524917540630078,4.8138733388344335,0.00508957306834909,-0.06385879866533872
shekel,ucb,gaussian,0.05,20,10,-0.003721235784369407,0.0014291754967861855,56.774074038018384,-0.2112697159347121,0.0811401154678606,0.0051504112811555924,
shekel,ucb,gaussian,0.25,20,10,0.03152561991614837,-0.04453514275869297,56.774074038018384,1.7898378792138343,-2.528441492275753,-0.07606076267484134,2.412665091983829
shekel,ucb,gaussian,1.0,20,10,0.08453929865350528,0.021374960647444406,56.774074038018384,4.799640400876257,1.213543598357738,-0.06316433800606087,0.7471594750856366
shekel,ucb,gaussian,5.0,20,10,0.10670753889406245,0.0538392061783599,56.774074038018384,6.058221713586228,3.0566710777183417,-0.05286833271570256,0.4954507738032399
shekel,ucb,gaussian,0.05,0,11,0.021404629501860045,-0.0074247282694338765,56.774074038018384,1.2152280200949548,-0.421532072481007,-0.02882935777129392,1.346874879043745
shekel,ucb,gaussian,0.25,0,11,-0.03625395301294398,-0.025622504598390907,56.774074038018384,-2.058284612527721,-1.4546939731085118,0.01063144841455307,
shekel,ucb,gaussian,1.0,0,11,0.03694995749753576,-0.0032682543305928187,56.774074038018384,2.0977996226667277,-0.1855521133401509,-0.04021821182812858,1.0884508278747218
shekel,ucb,gaussian,5.0,0,11,0.05545523345833145,0.1022331503683818,56.774074038018384,3.148419530158904,5.804192448154375,0.04677791691005036,-0.8435257412665813
shekel,ucb,gaussian,0.05,20,11,-0.010026298181585715,-0.0086053891817299,56.774074038018384,-0.5692337952885964,-0.4885630025294958,0.0014209089998558147,
shekel,ucb,gaussian,0.25,20,11,-0.003467778675515207,0.00735182674825587,56.774074038018384,-0.1968799232711617,0.4173931561201627,0.010819605423771077,
shekel,ucb,gaussian,1.0,20,11,0.009869646718794948,-0.023494392990676887,56.774074038018384,0.5603400535419496,-1.3338724071309898,-0.033364039709471834,3.380469500082114
shekel,ucb,gaussian,5.0,20,11,0.08874503389695944,0.03947152616624316,56.774074038018384,5.038417124972426,2.240959348955869,-0.04927350773071628,0.5552255215534316
shekel,ucb,gaussian,0.05,0,7,-0.16935259343053694,0.13593093965481245,56.774074038018384,-9.61483667795573,7.717353232019732,0.3052835330853494,
shekel,ucb,gaussian,0.25,0,7,-0.10626675668149063,-0.23296132144618759,56.774074038018384,-6.033196711615034,-13.226163311780454,-0.12669456476469695,
shekel,ucb,gaussian,1.0,0,7,0.04239448878104331,0.1762955469735453,56.774074038018384,2.4069078448588925,10.00901643644901,0.13390105819250198,-3.158454366181102
shekel,ucb,gaussian,5.0,0,7,0.07744105905702536,0.24460762181870876,56.774074038018384,4.396644420486112,13.887371231398973,0.1671665627616834,-2.1586296054988963
shekel,ucb,gaussian,0.05,20,7,-0.05327213971640521,0.01971251831480342,56.774074038018384,-3.024476404422849,1.1191599742804428,0.07298465803120863,
shekel,ucb,gaussian,0.25,20,7,-0.024592544556352007,0.15604614590554958,56.774074038018384,-1.3962189454255949,8.85937544098909,0.1806386904619016,
shekel,ucb,gaussian,1.0,20,7,-0.022031953855340878,-0.10715617894680322,56.774074038018384,-1.2508437793853275,-6.083692837156953,-0.08512422509146235,
shekel,ucb,gaussian,5.0,20,7,0.045465177861570255,0.2949561175829203,56.774074038018384,2.581243374064464,16.745860457619173,0.24949093972135003,-5.487517072538144
shekel,ucb,gaussian,0.05,0,8,0.008775672879535679,0.005923039083912212,56.774074038018384,0.4982307017961886,0.3362750594801085,-0.0028526337956234667,0.3250615462519838
shekel,ucb,gaussian,0.25,0,8,-0.1340161008561096,-0.30429026231687695,56.774074038018384,-7.608640032291305,-17.275797881826406,-0.17027416146076735,
shekel,ucb,gaussian,1.0,0,8,0.014934688129255266,0.14490795449244384,56.774074038018384,0.8479030895850528,8.227014937051806,0.12997326636318857,-8.702777402400958
shekel,ucb,gaussian,5.0,0,8,0.12610504728005786,0.14711543990530923,56.774074038018384,7.159497290845813,8.352342877319671,0.021010392625251367,-0.16661024343134234
shekel,ucb,gaussian,0.05,20,8,0.0044059410012840606,-0.0009960030493991812,56.774074038018384,0.2501432206140421,-0.0565471508686812,-0.005401944050683242,1.2260590981833184
shekel,ucb,gaussian,0.25,20,8,-0.007184093893902827,0.0007890377061498504,56.774074038018384,-0.4078702786285149,0.0447968851477398,0.007973131600052677,
shekel,ucb,gaussian,1.0,20,8,0.0209570428138674,-0.004834932164752193,56.774074038018384,1.189816700332429,-0.2744987966904375,-0.02579197497861959,1.2307067942597745
shekel,ucb,gaussian,5.0,20,8,0.07222155149948359,0.06418109982854545,56.774074038018384,4.100311711972239,3.643822513507288,-0.008040451670938142,0.11133036474570379
shekel,ucb,gaussian,0.05,0,9,-0.005339856823918984,0.00387229289606046,56.774074038018384,-0.3031654266735941,0.2198458435778292,0.009212149719979443,
shekel,ucb,gaussian,0.25,0,9,-0.005495492853625741,0.0067164452727126005,56.774074038018384,-0.3120015181471487,0.3813199611852838,0.012211938126338341,
shekel,ucb,gaussian,1.0,0,9,0.013712726107989926,0.028173235399688676,56.774074038018384,0.7785273273180877,1.5995093524724453,0.01446050929169875,-1.0545320586016165
shekel,ucb,gaussian,5.0,0,9,0.03648188058532899,0.04513697876963408,56.774074038018384,2.0712249893976136,2.562610174519669,0.008655098184305092,-0.23724375074528625
shekel,ucb,gaussian,0.05,20,9,-0.0077318455581669825,0.005044621262777081,56.774074038018384,-0.4389683721698958,0.2864037010666678,0.012776466820944063,
shekel,ucb,gaussian,0.25,20,9,-0.007392817218314259,-0.012149423848416836,56.774074038018384,-0.4197203521021109,-0.6897722890892837,-0.004756606630102577,
shekel,ucb,gaussian,1.0,20,9,0.0025087264641944465,0.0018308300100860386,56.774074038018384,0.1424306220193116,0.1039436785436507,-0.0006778964541084079,0.27021537173686283
shekel,ucb,gaussian,5.0,20,9,0.02779895746722247,0.037700962232929534,56.774074038018384,1.5782600694238127,2.1404372211168763,0.009902004765707063,-0.3562005797297412
steering_law,ei,gaussian,0.05,0,10,-0.001893398724191227,-0.0021432849230188377,1.290375177799024,-0.0024431947153727,-0.0027656416636144,-0.00024988619882761057,
steering_law,ei,gaussian,0.25,0,10,-0.003725232136819965,-0.004619621699565917,1.290375177799024,-0.0048069470808917,-0.0059610451719416,-0.0008943895627459525,
steering_law,ei,gaussian,1.0,0,10,0.031799720204560906,0.040946845661542886,1.290375177799024,0.0410335696129195,0.0528367932508226,0.009147125456981979,-0.28764798552127013
steering_law,ei,gaussian,5.0,0,10,0.1605752751290914,0.06826926435341582,1.290375177799024,0.2072023491948285,0.0880929641282475,-0.09230601077567557,0.5748457270365437
steering_law,ei,gaussian,0.05,20,10,-0.0002503872694697959,-1.930589997178155e-06,1.290375177799024,-0.0003230935173607,-2.491185410865779e-06,0.00024845667947261775,
steering_law,ei,gaussian,0.25,20,10,2.222704047159946e-05,-9.581522118922575e-05,1.290375177799024,2.8681221300486256e-05,-0.0001236375830779,-0.00011804226166082522,5.310750291369352
steering_law,ei,gaussian,1.0,20,10,-0.00019506433296572853,0.0,1.290375177799024,-0.0002517061733329,0.0,0.00019506433296572853,
steering_law,ei,gaussian,5.0,20,10,2.222704047159946e-05,0.0,1.290375177799024,2.8681221300486256e-05,0.0,-2.222704047159946e-05,1.0
steering_law,ei,gaussian,0.05,0,11,0.0002560608622262742,0.00021859472756731246,1.290375177799024,0.0003304145806226,0.0002820692104506,-3.7466134658961767e-05,0.14631730258665587
steering_law,ei,gaussian,0.25,0,11,0.029176865025588514,0.033924074645865374,1.290375177799024,0.0376491023950119,0.0437747838528259,0.00474720962027686,-0.16270458173328395
steering_law,ei,gaussian,1.0,0,11,0.11425564387015592,0.0761715749301266,1.290375177799024,0.1474326467734944,0.0982899095436938,-0.03808406894002932,0.3333233059656061
steering_law,ei,gaussian,5.0,0,11,-0.016125590492153636,0.017003042637242054,1.290375177799024,-0.020808061698427,0.0219403041661556,0.03312863312939569,
steering_law,ei,gaussian,0.05,20,11,-2.1504607774666257e-05,-1.0857138521385649e-05,1.290375177799024,-2.7749012080733245e-05,-1.4009782049921638e-05,1.0647469253280608e-05,
steering_law,ei,gaussian,0.25,20,11,5.174251459206565e-06,3.6753921320919206e-05,1.290375177799024,6.676725646650531e-06,4.742634775929246e-05,3.157966986171264e-05,-6.10323446989087
steering_law,ei,gaussian,1.0,20,11,-1.2236605591075607e-05,3.7843842340605074e-05,1.290375177799024,-1.5789812115240718e-05,4.883275478885651e-05,5.008044793168068e-05,
steering_law,ei,gaussian,5.0,20,11,5.174251459206565e-06,3.7843842340605074e-05,1.290375177799024,6.676725646650531e-06,4.883275478885651e-05,3.2669590881398506e-05,-6.313877695926313
steering_law,ei,gaussian,0.05,0,7,-0.031244324608013855,-0.03044741883438764,1.290375177799024,-0.0403169009212763,-0.0392885934919443,0.0007969057736262157,
steering_law,ei,gaussian,0.25,0,7,0.09690112005294471,0.33162175074507433,1.290375177799024,0.1250388000172431,0.4279164755796989,0.23472063069212962,-2.422269531702866
steering_law,ei,gaussian,1.0,0,7,0.020461777561603504,0.20085565404051983,1.290375177799024,0.0264033698591382,0.259179150294475,0.18039387647891633,-8.81613906396017
steering_law,ei,gaussian,5.0,0,7,0.4923361436126433,0.1440259161129907,1.290375177799024,0.6352983388510504,0.1858474671119677,-0.34831022749965257,0.7074642640368358
steering_law,ei,gaussian,0.05,20,7,0.0,-4.5824967465389133e-07,1.290375177799024,0.0,-5.9131400540786e-07,-4.5824967465389133e-07,
steering_law,ei,gaussian,0.25,20,7,0.0,-6.829433390013555e-07,1.290375177799024,0.0,-8.812531324905333e-07,-6.829433390013555e-07,
steering_law,ei,gaussian,1.0,20,7,0.0,-1.2840243967222801e-06,1.290375177799024,0.0,-1.6568732092187967e-06,-1.2840243967222801e-06,
steering_law,ei,gaussian,5.0,20,7,0.0,0.0,1.290375177799024,0.0,0.0,0.0,
steering_law,ei,gaussian,0.05,0,8,0.02439083158391239,0.02400573721248029,1.290375177799024,0.031473323641757,0.0309764074237509,-0.0003850943714320994,0.01578848880601913
steering_law,ei,gaussian,0.25,0,8,0.06672554458162736,0.032781551326653856,1.290375177799024,0.0861009864532541,0.0423005001216588,-0.0339439932549735,0.5087106215139061
steering_law,ei,gaussian,1.0,0,8,0.11668022507063278,0.15702428290682985,1.290375177799024,0.1505612661711479,0.2026202369746648,0.04034405783619707,-0.3457660268633751
steering_law,ei,gaussian,5.0,0,8,0.03619007607924874,0.04407282818248219,1.290375177799024,0.0466987758553208,0.0568704835020763,0.00788275210323345,-0.21781529516467057
steering_law,ei,gaussian,0.05,20,8,-0.00033068945340442734,0.0,1.290375177799024,-0.000426713462233,0.0,0.00033068945340442734,
steering_law,ei,gaussian,0.25,20,8,-0.00031822820245179593,0.0,1.290375177799024,-0.0004106337733194,0.0,0.00031822820245179593,
steering_law,ei,gaussian,1.0,20,8,-1.4223801499881891e-05,0.0,1.290375177799024,-1.835404038938812e-05,0.0,1.4223801499881891e-05,
steering_law,ei,gaussian,5.0,20,8,0.0,0.0,1.290375177799024,0.0,0.0,0.0,
steering_law,ei,gaussian,0.05,0,9,-0.0012686054770492954,0.00022115388057871233,1.290375177799024,-0.0016369770180043,0.0002853714779727,0.0014897593576280077,
steering_law,ei,gaussian,0.25,0,9,0.0032912096754372424,0.008364751465747828,1.290375177799024,0.0042468952701162,0.010793667659859,0.005073541790310585,-1.5415431682080714
steering_law,ei,gaussian,1.0,0,9,0.09478917721155827,0.1437595360513632,1.290375177799024,0.1223136013977877,0.185503736892583,0.04897035883980494,-0.5166239467456171
steering_law,ei,gaussian,5.0,0,9,0.08722483567689761,0.02647709933884714,1.290375177799024,0.1125527628450674,0.0341653917669673,-0.06074773633805047,0.6964499946216595
steering_law,ei,gaussian,0.05,20,9,0.0,4.686237133264036e-05,1.290375177799024,0.0,6.047004074043969e-05,4.686237133264036e-05,
steering_law,ei,gaussian,0.25,20,9,0.0,7.015925598310043e-05,1.290375177799024,0.0,9.053176241344046e-05,7.015925598310043e-05,
steering_law,ei,gaussian,1.0,20,9,0.0,7.015925598310043e-05,1.290375177799024,0.0,9.053176241344046e-05,7.015925598310043e-05,
steering_law,ei,gaussian,5.0,20,9,0.0,5.299414830755142e-05,1.290375177799024,0.0,6.838233354466451e-05,5.299414830755142e-05,
steering_law,logei,gaussian,0.05,0,10,0.002009722409664878,0.0001871870380916612,1.290375177799024,0.002593295911698,0.0002415415075592,-0.0018225353715732166,0.9068592571832471
steering_law,logei,gaussian,0.25,0,10,-0.003038877331820189,-0.006590107827260107,1.290375177799024,-0.0039212918773569,-0.0085037115593155,-0.003551230495439918,
steering_law,logei,gaussian,1.0,0,10,0.04538813232278475,0.02562788010112063,1.290375177799024,0.058567719315979,0.0330695803420956,-0.019760252221664117,0.4353616509517514
steering_law,logei,gaussian,5.0,0,10,0.13913675693475555,0.11610957571573075,1.290375177799024,0.1795386174680648,0.1498249144083553,-0.023027181219024806,0.16550034459853613
steering_law,logei,gaussian,0.05,20,10,0.00025327684327581087,0.0,1.290375177799024,0.0003268221516744,0.0,-0.00025327684327581087,1.0
steering_law,logei,gaussian,0.25,20,10,0.0003447529246908585,0.0,1.290375177799024,0.0004448606164947,0.0,-0.0003447529246908585,1.0
steering_law,logei,gaussian,1.0,20,10,0.00021130489310820208,-2.4520770972197277e-05,1.290375177799024,0.0002726625890143,-3.1640994203018206e-05,-0.00023582566408039937,1.116044501438218
steering_law,logei,gaussian,5.0,20,10,0.0003447529246908585,0.0,1.290375177799024,0.0004448606164947,0.0,-0.0003447529246908585,1.0
steering_law,logei,gaussian,0.05,0,11,0.0016283204074091027,0.0017287943728015868,1.290375177799024,0.0021011442352243,0.0022307933461818,0.00010047396539248406,-0.061704050956625345
steering_law,logei,gaussian,0.25,0,11,-0.0014426055542754938,0.0031793170357977594,1.290375177799024,-0.0018615023985921,0.004102511785347,0.004621922590073253,
steering_law,logei,gaussian,1.0,0,11,0.006764496965467745,0.13351348121065848,1.290375177799024,0.0087287389745364,0.1722824820557701,0.12674898424519074,-18.73738504019366
steering_law,logei,gaussian,5.0,0,11,0.27032662820323383,0.2921045218676325,1.290375177799024,0.3488227709315585,0.3769244243408452,0.021777893664398695,-0.08056140754297392
steering_law,logei,gaussian,0.05,20,11,-8.80666270673311e-06,-1.5324603900029566e-05,1.290375177799024,-1.136389895601677e-05,-1.977448848220027e-05,-6.517941193296457e-06,
steering_law,logei,gaussian,0.25,20,11,2.3395321616431785e-05,3.785328018903876e-05,1.290375177799024,3.0188742290468515e-05,4.884493315420716e-05,1.4457958572606972e-05,-0.6179850317788482
steering_law,logei,gaussian,1.0,20,11,2.3395321616431785e-05,3.785328018903876e-05,1.290375177799024,3.0188742290468515e-05,4.884493315420716e-05,1.4457958572606972e-05,-0.6179850317788482
steering_law,logei,gaussian,5.0,20,11,2.3395321616431785e-05,3.785328018903876e-05,1.290375177799024,3.0188742290468515e-05,4.884493315420716e-05,1.4457958572606972e-05,-0.6179850317788482
steering_law,logei,gaussian,0.05,0,7,-0.024916461860930352,-0.025037913805790922,1.290375177799024,-0.0321515839039206,-0.0323083024788641,-0.00012145194486056984,
steering_law,logei,gaussian,0.25,0,7,0.0005364003644532316,-0.003707875071910748,1.290375177799024,0.0006921577156528,-0.0047845499551734,-0.004244275436363979,7.912514080206288
steering_law,logei,gaussian,1.0,0,7,0.303013361691001,0.1390444954373411,1.290375177799024,0.3910009204675054,0.1794195655219346,-0.16396886625365992,0.5411275111388248
steering_law,logei,gaussian,5.0,0,7,0.4285259057866448,0.13289369317795777,1.290375177799024,0.5529591918709296,0.1714827229628762,-0.295632212608687,0.6898817752126214
steering_law,logei,gaussian,0.05,20,7,0.0,0.0,1.290375177799024,0.0,0.0,0.0,
steering_law,logei,gaussian,0.25,20,7,0.0,0.0,1.290375177799024,0.0,0.0,0.0,
steering_law,logei,gaussian,1.0,20,7,0.0,0.0,1.290375177799024,0.0,0.0,0.0,
steering_law,logei,gaussian,5.0,20,7,0.0,-2.114489274405512e-07,1.290375177799024,0.0,-2.728484473415142e-07,-2.114489274405512e-07,
steering_law,logei,gaussian,0.05,0,8,0.01917982171542204,0.019375778823466153,1.290375177799024,0.0247491658561913,0.0250020240443247,0.00019595710804411193,-0.010216836785638561
steering_law,logei,gaussian,0.25,0,8,0.01367832809662487,0.011305476838601764,1.290375177799024,0.0176501750496757,0.0145883066857135,-0.002372851258023105,0.173475240633291
steering_law,logei,gaussian,1.0,0,8,0.06932829351121866,0.007496425121832824,1.290375177799024,0.0894595090660417,0.0096732008994421,-0.06183186838938584,0.8918706239232651
steering_law,logei,gaussian,5.0,0,8,0.20939175831049464,0.10282786290641335,1.290375177799024,0.2701939273595548,0.1326865218805568,-0.10656389540408129,0.5089211546046812
steering_law,logei,gaussian,0.05,20,8,0.0,2.828803986546698e-05,1.290375177799024,0.0,3.650218447098783e-05,2.828803986546698e-05,
steering_law,logei,gaussian,0.25,20,8,0.0,4.67447027607268e-05,1.290375177799024,0.0,6.0318204136035374e-05,4.67447027607268e-05,
steering_law,logei,gaussian,1.0,20,8,0.0,0.0005603422578386852,1.290375177799024,0.0,0.0007230517405869,0.0005603422578386852,
steering_law,logei,gaussian,5.0,20,8,0.0,0.0005603422578386852,1.290375177799024,0.0,0.0007230517405869,0.0005603422578386852,
steering_law,logei,gaussian,0.05,0,9,0.00622133990469285,0.007823547608121803,1.290375177799024,0.0080278625856662,0.0100953116358493,0.0016022077034289527,-0.25753418523562477
steering_law,logei,gaussian,0.25,0,9,0.006577353995323902,0.05317532836937201,1.290375177799024,0.0084872543311632,0.0686161237991499,0.04659797437404811,-7.084607945258297
steering_law,logei,gaussian,1.0,0,9,0.16824449259533555,0.17572895069553873,1.290375177799024,0.2170985170464127,0.2267562759981917,0.0074844581002031785,-0.04448560535175994
steering_law,logei,gaussian,5.0,0,9,0.3202744434282771,0.32043216495878135,1.290375177799024,0.4132741918832465,0.4134777118312137,0.0001577215305042512,-0.0004924574337432652
steering_law,logei,gaussian,0.05,20,9,-3.6615812105333314e-06,7.541426511633766e-05,1.290375177799024,-4.724813505567513e-06,9.731269575807694e-05,7.9075846326871e-05,
steering_law,logei,gaussian,0.25,20,9,5.884755497927392e-06,0.00013952181379603423,1.290375177799024,7.593542421941842e-06,0.0001800354852839,0.00013363705829810683,-22.70902475815244
steering_law,logei,gaussian,1.0,20,9,5.884755497927392e-06,0.00013952181379603423,1.290375177799024,7.593542421941842e-06,0.0001800354852839,0.00013363705829810683,-22.70902475815244
steering_law,logei,gaussian,5.0,20,9,5.884755497927392e-06,0.00013952181379603423,1.290375177799024,7.593542421941842e-06,0.0001800354852839,0.00013363705829810683,-22.70902475815244
steering_law,pi,gaussian,0.05,0,10,0.03517495952393074,0.0022718352200347303,1.290375177799024,0.0453888946497656,0.0029315197759824,-0.032903124303896004,0.9354132811868874
steering_law,pi,gaussian,0.25,0,10,0.0415213476311887,0.09840922692248719,1.290375177799024,0.0535781163320502,0.1269848236871689,0.05688787929129849,-1.3700874980408209
steering_law,pi,gaussian,1.0,0,10,0.05482383963832508,0.09241911754193904,1.290375177799024,0.0707433218209289,0.1192553352302085,0.037595277903613965,-0.6857468968177243
steering_law,pi,gaussian,5.0,0,10,0.14490610007733126,0.15384238620162805,1.290375177799024,0.1869832346514495,0.1985143964479519,0.008936286124296783,-0.06166949575985958
steering_law,pi,gaussian,0.05,20,10,-2.7323627246437545e-06,0.0,1.290375177799024,-3.5257730366236104e-06,0.0,2.7323627246437545e-06,
steering_law,pi,gaussian,0.25,20,10,0.0,0.0,1.290375177799024,0.0,0.0,0.0,
steering_law,pi,gaussian,1.0,20,10,0.0,0.0,1.290375177799024,0.0,0.0,0.0,
steering_law,pi,gaussian,5.0,20,10,0.0,0.0,1.290375177799024,0.0,0.0,0.0,
steering_law,pi,gaussian,0.05,0,11,0.006327367655462409,0.10659128791276501,1.290375177799024,0.0081646781634171,0.1375427520922611,0.1002639202573026,-15.846071497164367
steering_law,pi,gaussian,0.25,0,11,0.19162555170307177,0.28300677754427495,1.290375177799024,0.2472688553496873,0.3651849208920226,0.09138122584120317,-0.4768739086674647
steering_law,pi,gaussian,1.0,0,11,0.31329190129999057,0.32723366527231795,1.290375177799024,0.4042640928429696,0.4222541990075936,0.013941763972327381,-0.044500875747112145
steering_law,pi,gaussian,5.0,0,11,0.31329190129999057,0.32723366527231795,1.290375177799024,0.4042640928429696,0.4222541990075936,0.013941763972327381,-0.044500875747112145
steering_law,pi,gaussian,0.05,20,11,0.07824583840669247,0.006395926578182386,1.290375177799024,0.1009664876460695,0.0082531448955116,-0.07184991182851008,0.9182585718496776
steering_law,pi,gaussian,0.25,20,11,0.08715268259539344,0.012027946032473456,1.290375177799024,0.1124596582996927,0.01552056300021,-0.07512473656291999,0.8619899505754375
steering_law,pi,gaussian,1.0,20,11,0.04878592343739203,0.013112827127702982,1.290375177799024,0.0629521446296143,0.0169204666363576,-0.03567309630968905,0.7312169944977891
steering_law,pi,gaussian,5.0,20,11,0.08989109394221559,0.01638643956199294,1.290375177799024,0.1159932363282352,0.0211446548632996,-0.07350465438022265,0.817707863556243
steering_law,pi,gaussian,0.05,0,7,0.06770769224303322,0.021830801921233614,1.290375177799024,0.0873683254164656,0.0281699249106071,-0.045876890321799604,0.6775727956747796
steering_law,pi,gaussian,0.25,0,7,0.2847732146511297,0.3827779703689445,1.290375177799024,0.3674642874878511,0.4939271915723763,0.0980047557178148,-0.3441501892580683
steering_law,pi,gaussian,1.0,0,7,0.3433384230781946,0.15313209045207227,1.290375177799024,0.4430353787247619,0.197597848443829,-0.19020633262612235,0.5539908144297712
steering_law,pi,gaussian,5.0,0,7,0.41745683739184003,0.5601116644110744,1.290375177799024,0.5386759407729138,0.7227541885517474,0.14265482701923438,-0.34172353700206237
steering_law,pi,gaussian,0.05,20,7,-9.85675997567681e-06,0.008489127990519523,1.290375177799024,-1.2718918406136266e-05,0.0109541600401253,0.0084989847504952,
steering_law,pi,gaussian,0.25,20,7,2.7814789132219627e-05,0.005691489866374548,1.290375177799024,3.5891513471930264e-05,0.0073441572482644,0.005663675077242328,-203.62099638144426
steering_law,pi,gaussian,1.0,20,7,2.7814789132219627e-05,0.01302548148897747,1.290375177799024,3.5891513471930264e-05,0.0168077579922572,0.012997666699845251,-467.2933754075896
steering_law,pi,gaussian,5.0,20,7,2.7814789132219627e-05,-0.0008337928239111497,1.290375177799024,3.5891513471930264e-05,-0.0010759055634019,-0.0008616076130433693,30.976600575602234
steering_law,pi,gaussian,0.05,0,8,-0.014005455338451156,0.01155725719645386,1.290375177799024,-0.0180722919225102,0.0149131978097432,0.025562712534905017,
steering_law,pi,gaussian,0.25,0,8,0.037657937332439405,0.14102835543647835,1.290375177799024,0.048592867580891,0.1819794892210497,0.10337041810403894,-2.7449835393664355
steering_law,pi,gaussian,1.0,0,8,0.3578972566543569,0.36885178051757156,1.290375177799024,0.4618217361891487,0.475957181866848,0.01095452386321466,-0.030608012940971152
steering_law,pi,gaussian,5.0,0,8,0.21646129142286177,0.20149209002654273,1.290375177799024,0.2793162774063816,0.260000391493097,-0.014969201396319048,0.06915417208278773
steering_law,pi,gaussian,0.05,20,8,3.686942679479466e-07,-2.2782917126692366e-05,1.290375177799024,4.757539315568126e-07,-2.939851073813609e-05,-2.315161139464031e-05,62.793521373402335
steering_law,pi,gaussian,0.25,20,8,3.686942679479466e-07,0.0,1.290375177799024,4.757539315568126e-07,0.0,-3.686942679479466e-07,1.0
steering_law,pi,gaussian,1.0,20,8,3.686942679479466e-07,0.0,1.290375177799024,4.757539315568126e-07,0.0,-3.686942679479466e-07,1.0
steering_law,pi,gaussian,5.0,20,8,3.686942679479466e-07,-1.6435847101167578e-06,1.290375177799024,4.757539315568126e-07,-2.1208409125446687e-06,-2.0122789780647044e-06,5.457852624789936
steering_law,pi,gaussian,0.05,0,9,-0.00013298424358324616,0.0003965331559138172,1.290375177799024,-0.0001715995669582,0.0005116765415655,0.0005295173994970633,
steering_law,pi,gaussian,0.25,0,9,0.008568339823071699,0.013776477353701036,1.290375177799024,0.0110563730226386,0.0177768244147262,0.005208137530629337,-0.6078350810276629
steering_law,pi,gaussian,1.0,0,9,0.048979031975407164,0.13406772813823672,1.290375177799024,0.0632013270936901,0.1729976685334884,0.08508869616282956,-1.7372474042678796
steering_law,pi,gaussian,5.0,0,9,0.2651604648789462,0.2208100157173711,1.290375177799024,0.342156482013442,0.284927763291108,-0.04435044916157507,0.1672589055907049
steering_law,pi,gaussian,0.05,20,9,0.00039251356153232345,-4.7591644902302466e-07,1.290375177799024,0.0005064897567508,-6.141107725255656e-07,-0.00039298947798134645,1.001212484091416
steering_law,pi,gaussian,0.25,20,9,0.0007645411521854728,0.0,1.290375177799024,0.000986544925186,0.0,-0.0007645411521854728,1.0
steering_law,pi,gaussian,1.0,20,9,0.0007645411521854728,0.0,1.290375177799024,0.000986544925186,0.0,-0.0007645411521854728,1.0
steering_law,pi,gaussian,5.0,20,9,0.0007645411521854728,0.0,1.290375177799024,0.000986544925186,0.0,-0.0007645411521854728,1.0
steering_law,qnei,gaussian,0.05,0,10,0.00039266865350382385,-0.0019848994918488867,1.290375177799024,0.0005066898835811,-0.0025612650347077,-0.002377568145352711,6.0548967281636035
steering_law,qnei,gaussian,0.25,0,10,0.004402003636223307,-0.003496354189472082,1.290375177799024,0.0056802362247636,-0.0045116086588884,-0.007898357825695389,1.79426426654926
steering_law,qnei,gaussian,1.0,0,10,0.028171359309058848,0.009535071982891646,1.290375177799024,0.036351622777267,0.0123038202052503,-0.018636287326167202,0.6615331238267397
steering_law,qnei,gaussian,5.0,0,10,0.0670196050081806,0.03734394854038686,1.290375177799024,0.0864804347284514,0.0481877042375193,-0.029675656467793743,0.4427906798939123
steering_law,qnei,gaussian,0.05,20,10,0.0,-3.473479475912719e-05,1.290375177799024,0.0,-4.482091696312136e-05,-3.473479475912719e-05,
steering_law,qnei,gaussian,0.25,20,10,-0.00011455977277580876,0.00012454989748022846,1.290375177799024,-0.0001478250871642,0.0001607160961059,0.0002391096702560372,
steering_law,qnei,gaussian,1.0,20,10,-5.797938498648531e-05,0.00044188734612315116,1.290375177799024,-7.481515921061405e-05,0.0005702004628208,0.0004998667311096364,
steering_law,qnei,gaussian,5.0,20,10,0.0,6.033673466302801e-05,1.290375177799024,0.0,7.78570247186173e-05,6.033673466302801e-05,
steering_law,qnei,gaussian,0.05,0,11,0.004496728527469346,0.004853122800515279,1.290375177799024,0.0058024668731472,0.0062623491965954,0.00035639427304593255,-0.07925634622344058
steering_law,qnei,gaussian,0.25,0,11,0.018560545464273742,0.028890717325942117,1.290375177799024,0.0239500671535091,0.0372798645062039,0.010330171861668375,-0.5565661785938567
steering_law,qnei,gaussian,1.0,0,11,0.08319318293903188,0.017665224840274312,1.290375177799024,0.10735041822662,0.0227947676441287,-0.06552795809875757,0.7876601878158662
steering_law,qnei,gaussian,5.0,0,11,0.017748506323742867,0.04086904338682009,1.290375177799024,0.0229022320031668,0.052736399126744,0.023120537063077224,-1.302675089460795
steering_law,qnei,gaussian,0.05,20,11,6.38280568138867e-05,0.0,1.290375177799024,8.236214015978525e-05,0.0,-6.38280568138867e-05,1.0
steering_law,qnei,gaussian,0.25,20,11,-8.751224055503946e-05,0.0,1.290375177799024,-0.0001129236229658,0.0,8.751224055503946e-05,
steering_law,qnei,gaussian,1.0,20,11,0.0002149387271026671,-0.0001688329454223517,1.290375177799024,0.000277351598201,-0.0002178578419677,-0.00038377167252501884,1.785493371521212
steering_law,qnei,gaussian,5.0,20,11,0.0012467576941745607,0.0,1.290375177799024,0.0016087851812928,0.0,-0.0012467576941745607,1.0
steering_law,qnei,gaussian,0.05,0,7,-0.02535915670204854,-0.026368480253102896,1.290375177799024,-0.0327228263382392,-0.0340252323948877,-0.0010093235510543544,
steering_law,qnei,gaussian,0.25,0,7,0.06326681432294594,-0.03004730450607977,1.290375177799024,0.0816379267807492,-0.0387722958944141,-0.09331411882902571,1.4749299427769995
steering_law,qnei,gaussian,1.0,0,7,0.012216267296204435,-0.032528319864293616,1.290375177799024,0.0157635680843802,-0.0419737365283914,-0.04474458716049805,3.6627053154280675
steering_law,qnei,gaussian,5.0,0,7,0.017266869013280825,-0.024108535116059815,1.290375177799024,0.0222807391730447,-0.0311090552868597,-0.04137540412934064,2.396230845181991
steering_law,qnei,gaussian,0.05,20,7,0.0,-0.0001810648266671708,1.290375177799024,0.0,-0.0002336415579038,-0.0001810648266671708,
steering_law,qnei,gaussian,0.25,20,7,0.0,7.224874074494076e-05,1.290375177799024,0.0,9.322798168450852e-05,7.224874074494076e-05,
steering_law,qnei,gaussian,1.0,20,7,0.0,7.224874074494076e-05,1.290375177799024,0.0,9.322798168450852e-05,7.224874074494076e-05,
steering_law,qnei,gaussian,5.0,20,7,0.0,7.224874074494076e-05,1.290375177799024,0.0,9.322798168450852e-05,7.224874074494076e-05,
steering_law,qnei,gaussian,0.05,0,8,0.022459348608598616,0.022608203001382988,1.290375177799024,0.0289809859540707,0.029173063967626,0.00014885439278437135,-0.0066277252906339346
steering_law,qnei,gaussian,0.25,0,8,0.021455079612103214,0.022711073575119315,1.290375177799024,0.0276851021691599,0.0293058056025013,0.0012559939630161013,-0.05854063400014464
steering_law,qnei,gaussian,1.0,0,8,0.07053736535141597,0.03315525253127421,1.290375177799024,0.0910196653568081,0.0427827148800145,-0.03738211282014176,0.529961852613926
steering_law,qnei,gaussian,5.0,0,8,0.010165412605362363,0.0018911861418774774,1.290375177799024,0.0131171960980449,0.0024403396540762,-0.008274226463484885,0.8139587427194193
steering_law,qnei,gaussian,0.05,20,8,0.0,5.9796074718112626e-05,1.290375177799024,0.0,7.71593705460683e-05,5.9796074718112626e-05,
steering_law,qnei,gaussian,0.25,20,8,-2.451134220886528e-07,5.9796074718112626e-05,1.290375177799024,-3.162882756085726e-07,7.71593705460683e-05,6.004118814020128e-05,
steering_law,qnei,gaussian,1.0,20,8,0.0,5.9796074718112626e-05,1.290375177799024,0.0,7.71593705460683e-05,5.9796074718112626e-05,
steering_law,qnei,gaussian,5.0,20,8,0.0,5.9796074718112626e-05,1.290375177799024,0.0,7.71593705460683e-05,5.9796074718112626e-05,
steering_law,qnei,gaussian,0.05,0,9,0.0014610207162642974,0.00168852768350745,1.290375177799024,0.0018852648665176,0.0021788342098245,0.0002275069672431527,-0.1557178243337085
steering_law,qnei,gaussian,0.25,0,9,0.00063993308160273,0.004976521456386354,1.290375177799024,0.0008257537639526,0.0064215797591052,0.004336588374783624,-6.776627899783708
steering_law,qnei,gaussian,1.0,0,9,0.055077860779109415,0.01272491805543287,1.290375177799024,0.0710711043956332,0.0164199183982572,-0.04235294272367655,0.768964918473026
steering_law,qnei,gaussian,5.0,0,9,0.044398644795612896,0.07242187357445305,1.290375177799024,0.0572909091721747,0.0934513879901733,0.028023228778840156,-0.6311730663817283
steering_law,qnei,gaussian,0.05,20,9,0.0,0.0,1.290375177799024,0.0,0.0,0.0,
steering_law,qnei,gaussian,0.25,20,9,0.0,0.0,1.290375177799024,0.0,0.0,0.0,
steering_law,qnei,gaussian,1.0,20,9,0.0,0.0,1.290375177799024,0.0,0.0,0.0,
steering_law,qnei,gaussian,5.0,20,9,0.0,0.0,1.290375177799024,0.0,0.0,0.0,
steering_law,qucb,gaussian,0.05,0,10,0.0010420623654168195,-0.00011055721736947372,1.290375177799024,0.0013446514100524,-0.0001426602890201,-0.0011526195827862933,1.1060946264240639
steering_law,qucb,gaussian,0.25,0,10,-0.0036397178380999486,-0.003727518686497116,1.290375177799024,-0.0046966015524765,-0.0048098975878379,-8.780084839716748e-05,
steering_law,qucb,gaussian,1.0,0,10,0.021921919706835356,0.00971120827955497,1.290375177799024,0.0282875010394036,0.0125311021103741,-0.012210711427280386,0.5570092213900879
steering_law,qucb,gaussian,5.0,0,10,0.15994031048903404,0.07090596279859747,1.290375177799024,0.2063830065845184,0.0914952943532512,-0.08903434769043657,0.5566723449404647
steering_law,qucb,gaussian,0.05,20,10,0.00010245690424935576,-3.9783970532329045e-06,1.290375177799024,0.0001322078460375,-5.133624804920522e-06,-0.00010643530130258867,1.0388299557006957
steering_law,qucb,gaussian,0.25,20,10,0.00010865894463093729,6.758418837123027e-06,1.290375177799024,0.0001402108049976,8.720895908592899e-06,-0.00010190052579381426,0.9378015416947205
steering_law,qucb,gaussian,1.0,20,10,0.0001381782799198967,6.758418837123027e-06,1.290375177799024,0.0001783018225196,8.720895908592899e-06,-0.00013141986108277368,0.9510891375906477
steering_law,qucb,gaussian,5.0,20,10,0.0001381782799198967,6.758418837123027e-06,1.290375177799024,0.0001783018225196,8.720895908592899e-06,-0.00013141986108277368,0.9510891375906477
steering_law,qucb,gaussian,0.05,0,11,-0.0003774553555275065,0.0019469572986722406,1.290375177799024,-0.0004870590215,0.0025123053704413,0.002324412654199747,
steering_law,qucb,gaussian,0.25,0,11,0.005366106244216718,0.006413371465445016,1.290375177799024,0.0069242902989696,0.0082756553450148,0.0010472652212282982,-0.19516296800067656
steering_law,qucb,gaussian,1.0,0,11,-0.009757686821710672,-0.0003902004983971575,1.290375177799024,-0.0125910768674721,-0.0005035050374965,0.009367486323313514,
steering_law,qucb,gaussian,5.0,0,11,0.15915933133471202,0.25636435776134614,1.290375177799024,0.2053752504694028,0.3308062037276296,0.09720502642663412,-0.6107403544075716
steering_law,qucb,gaussian,0.05,20,11,0.00019662510585135957,0.0005227729334559974,1.290375177799024,0.0002537201559227,0.0006745732169568,0.00032614782760463786,-1.65872931735987
steering_law,qucb,gaussian,0.25,20,11,0.0008452736528098959,0.0009787218992933075,1.290375177799024,0.0010907201400334,0.0012629184448164,0.00013344824648341158,-0.15787579092261672
steering_law,qucb,gaussian,1.0,20,11,0.0002316779982172454,0.0009787218992933075,1.290375177799024,0.0002989515381417,0.0012629184448164,0.000747043901076062,-3.224492212573228
steering_law,qucb,gaussian,5.0,20,11,0.0008452736528098959,0.0009787218992933075,1.290375177799024,0.0010907201400334,0.0012629184448164,0.00013344824648341158,-0.15787579092261672
steering_law,qucb,gaussian,0.05,0,7,0.0005825528983309218,0.0005324623262354882,1.290375177799024,0.0007517117997611,0.0006870761688874,-5.009057209543356e-05,0.0859845899641879
steering_law,qucb,gaussian,0.25,0,7,0.002525599055345115,0.004545366711258227,1.290375177799024,0.00325897033009,0.0058652283782016,0.002019767655913112,-0.799718249671707
steering_law,qucb,gaussian,1.0,0,7,0.06275003643594658,0.07827574400119912,1.290375177799024,0.0809710894229298,0.1010050770828982,0.015525707565252539,-0.24742149084010068
steering_law,qucb,gaussian,5.0,0,7,0.49394074172957586,0.1876358688680877,1.290375177799024,0.6373688724314832,0.242120667652133,-0.30630487286148816,0.6201247376131303
steering_law,qucb,gaussian,0.05,20,7,0.0002821768810810237,1.588579037615757e-07,1.290375177799024,0.0003641140430957,2.049862958111235e-07,-0.0002820180231772621,0.9994370272179883
steering_law,qucb,gaussian,0.25,20,7,0.00010328602845284895,1.588579037615757e-07,1.290375177799024,0.000133277727329,2.049862958111235e-07,-0.00010312717054908738,0.9984619613500378
steering_law,qucb,gaussian,1.0,20,7,0.0003056793945963786,1.588579037615757e-07,1.290375177799024,0.0003944411031518,2.049862958111235e-07,-0.000305520536692617,0.999480312030939
steering_law,qucb,gaussian,5.0,20,7,0.0003056793945963786,1.588579037615757e-07,1.290375177799024,0.0003944411031518,2.049862958111235e-07,-0.000305520536692617,0.999480312030939
steering_law,qucb,gaussian,0.05,0,8,0.0028648550257211838,0.0010438239523774251,1.290375177799024,0.0036967378131834,0.0013469245181399,-0.0018210310733437587,0.6356451048985774
steering_law,qucb,gaussian,0.25,0,8,-0.016420491471477703,0.004595216471950631,1.290375177799024,-0.0211885946020554,0.0059295532720183,0.021015707943428334,
steering_law,qucb,gaussian,1.0,0,8,0.11264369941305845,0.07169926725771188,1.290375177799024,0.1453526336580651,0.0925189547357297,-0.04094443215534657,0.36348621688289484
steering_law,qucb,gaussian,5.0,0,8,0.12017820009795385,0.2194082254848855,1.290375177799024,0.1550749663189639,0.2831189279706275,0.09923002538693165,-0.8256907268211044
steering_law,qucb,gaussian,0.05,20,8,-7.78890215467294e-06,0.0007338233811657224,1.290375177799024,-1.0050606002695298e-05,0.0009469074759448,0.0007416122833203954,
steering_law,qucb,gaussian,0.25,20,8,-4.142475602087953e-06,0.0007338233811657224,1.290375177799024,-5.345347691572362e-06,0.0009469074759448,0.0007379658567678104,
steering_law,qucb,gaussian,1.0,20,8,0.0,0.0007338233811657224,1.290375177799024,0.0,0.0009469074759448,0.0007338233811657224,
steering_law,qucb,gaussian,5.0,20,8,0.0,0.0007338233811657224,1.290375177799024,0.0,0.0009469074759448,0.0007338233811657224,
steering_law,qucb,gaussian,0.05,0,9,-0.0023355185079024228,-0.0009647978100595495,1.290375177799024,-0.0030136951098875,-0.0012449511456957,0.0013707206978428733,
steering_law,qucb,gaussian,0.25,0,9,0.011509518128109356,0.0009215060597597768,1.290375177799024,0.0148515965009402,0.0011890885457054,-0.01058801206834958,0.9199353048926341
steering_law,qucb,gaussian,1.0,0,9,0.05432703511467432,0.019956544428224414,1.290375177799024,0.0701022575953917,0.0257514295648242,-0.03437049068644991,0.6326590548131361
steering_law,qucb,gaussian,5.0,0,9,0.08393717084626735,0.027340921666976277,1.290375177799024,0.1083104417546993,0.0352800466572137,-0.056596249179291076,0.6742692016978779
steering_law,qucb,gaussian,0.05,20,9,-6.605229228247307e-05,-3.6328500383479702e-06,1.290375177799024,-8.523223839802929e-05,-4.687739514150453e-06,6.24194422441251e-05,
steering_law,qucb,gaussian,0.25,20,9,0.0010741204017342563,-2.9581171277044782e-06,1.290375177799024,0.0013860183043654,-3.8170809146120045e-06,-0.0010770785188619608,1.002753990263036
steering_law,qucb,gaussian,1.0,20,9,-1.2756132177994027e-05,-2.6651300715067244e-06,1.290375177799024,-1.6460196327206894e-05,-3.439017689878015e-06,1.0091002106487303e-05,
steering_law,qucb,gaussian,5.0,20,9,0.0011665735110781505,8.05980181508334e-06,1.290375177799024,0.0015053175017731,1.040016820016306e-05,-0.001158513709263067,0.9930910467805544
steering_law,ucb,gaussian,0.05,0,10,0.0005170209432641526,-0.0016858878828676777,1.290375177799024,0.0006671509915903,-0.0021754278766046,-0.0022029088261318304,4.260772904524945
steering_law,ucb,gaussian,0.25,0,10,-0.00334258389424016,-0.003669041040552463,1.290375177799024,-0.0043131872868383,-0.0047344394850548,-0.00032645714631230303,
steering_law,ucb,gaussian,1.0,0,10,0.0038113074625435654,0.0071889667701425745,1.290375177799024,0.0049180165446264,0.009276464274214,0.003377659307599009,-0.8862206318418742
steering_law,ucb,gaussian,5.0,0,10,0.0028276846260813586,9.590346952184964e-05,1.290375177799024,0.0036487740521393,0.0001237514565358,-0.002731781156559509,0.9660840998188848
steering_law,ucb,gaussian,0.05,20,10,-0.00015996752913349178,0.0,1.290375177799024,-0.0002064181288477,0.0,0.00015996752913349178,
steering_law,ucb,gaussian,0.25,20,10,0.0,0.0,1.290375177799024,0.0,0.0,0.0,
steering_law,ucb,gaussian,1.0,20,10,0.0,0.0,1.290375177799024,0.0,0.0,0.0,
steering_law,ucb,gaussian,5.0,20,10,0.0,0.0,1.290375177799024,0.0,0.0,0.0,
steering_law,ucb,gaussian,0.05,0,11,-0.0015809613616350386,-0.0011189258264353232,1.290375177799024,-0.0020400332981132,-0.0014438341122304,0.00046203553519971545,
steering_law,ucb,gaussian,0.25,0,11,-0.00463713337523837,0.0010748941381920536,1.290375177799024,-0.005983641803551,0.0013870167146847,0.005712027513430423,
steering_law,ucb,gaussian,1.0,0,11,0.016437070446069256,0.022890007498146125,1.290375177799024,0.0212099876993417,0.0295366974952413,0.0064529370520768695,-0.39258437647080946
steering_law,ucb,gaussian,5.0,0,11,0.1940522833471534,0.028440236709062924,1.290375177799024,0.2504002496263897,0.0366985755001034,-0.16561204663809048,0.8534403397965473
steering_law,ucb,gaussian,0.05,20,11,0.00015061672619059814,0.0010579651964399655,1.290375177799024,0.0001943520848377,0.0013651720284614,0.0009073484702493674,-6.024221168511936
steering_law,ucb,gaussian,0.25,20,11,0.000892705143716514,0.001523964519454109,1.290375177799024,0.0011519245585453,0.00196648598775,0.0006312593757375949,-0.7071308821068658
steering_law,ucb,gaussian,1.0,20,11,0.000892705143716514,0.001523964519454109,1.290375177799024,0.0011519245585453,0.00196648598775,0.0006312593757375949,-0.7071308821068658
steering_law,ucb,gaussian,5.0,20,11,0.000892705143716514,0.001523964519454109,1.290375177799024,0.0011519245585453,0.00196648598775,0.0006312593757375949,-0.7071308821068658
steering_law,ucb,gaussian,0.05,0,7,-0.002489229124003093,-0.0023712390557528704,1.290375177799024,-0.003212039473468,-0.0030597880181711,0.00011799006825022242,
steering_law,ucb,gaussian,0.25,0,7,-0.0066740101251476615,-0.0032504309132823065,1.290375177799024,-0.0086119770018699,-0.0041942753676501,0.003423579211865355,
steering_law,ucb,gaussian,1.0,0,7,0.05488895364751581,0.07537839743816287,1.290375177799024,0.0708273433221156,0.0972664129964749,0.020489443790647058,-0.37328902136166664
steering_law,ucb,gaussian,5.0,0,7,0.18023393362170828,0.4044710460590928,1.290375177799024,0.2325693941425293,0.5219193979730591,0.2242371124373845,-1.2441448063161857
steering_law,ucb,gaussian,0.05,20,7,6.552804387118223e-05,1.742245483897669e-07,1.290375177799024,8.455576126109902e-05,2.2481503260540015e-07,-6.535381932279245e-05,0.9973412215885421
steering_law,ucb,gaussian,0.25,20,7,7.753852229632968e-05,1.742245483897669e-07,1.290375177799024,0.0001000537844944,2.2481503260540015e-07,-7.736429774793991e-05,0.9977530581802432
steering_law,ucb,gaussian,1.0,20,7,0.000319068892719839,1.742245483897669e-07,1.290375177799024,0.0004117185791735,2.2481503260540015e-07,-0.0003188946681714492,0.9994539594665446
steering_law,ucb,gaussian,5.0,20,7,0.000319068892719839,1.742245483897669e-07,1.290375177799024,0.0004117185791735,2.2481503260540015e-07,-0.0003188946681714492,0.9994539594665446
steering_law,ucb,gaussian,0.05,0,8,-0.00034834583092771575,-0.00041712839409875315,1.290375177799024,-0.0004494968135189,-0.0005382521257002,-6.87825631710374e-05,
steering_law,ucb,gaussian,0.25,0,8,-0.012906089485160272,-0.002234874683482369,1.290375177799024,-0.0166536975141038,-0.0028838268170571,0.010671214801677903,
steering_law,ucb,gaussian,1.0,0,8,-0.0055592094650978845,-0.014450425960336234,1.290375177799024,-0.0071734659019477,-0.0186464709678405,-0.008891216495238349,
steering_law,ucb,gaussian,5.0,0,8,0.1912084365265071,0.09098274831245967,1.290375177799024,0.246730620279565,0.117401880030334,-0.10022568821404743,0.5241698014729241
steering_law,ucb,gaussian,0.05,20,8,5.836735401339928e-06,-0.00046390868553876857,1.290375177799024,7.5315784812698674e-06,-0.0005986162525846,-0.0004697454209401085,80.48084907742604
steering_law,ucb,gaussian,0.25,20,8,-6.813010298031164e-06,5.4444330076334154e-05,1.290375177799024,-8.791339374668544e-06,7.025361210239844e-05,6.125734037436532e-05,
steering_law,ucb,gaussian,1.0,20,8,5.836735401339928e-06,-0.000474235277615678,1.290375177799024,7.5315784812698674e-06,-0.0006119414306719,-0.0004800720130170179,82.2500901628689
steering_law,ucb,gaussian,5.0,20,8,5.836735401339928e-06,-0.0007240338578504595,1.290375177799024,7.5315784812698674e-06,-0.0009342753180563,-0.0007298705932517994,125.04774382683931
steering_law,ucb,gaussian,0.05,0,9,0.0033300275678783673,0.0070462577734079195,1.290375177799024,0.0042969849149767,0.009092316127179,0.003716230205529552,-1.1159758079412065
steering_law,ucb,gaussian,0.25,0,9,-0.0031433164604654468,0.0009064340503014322,1.290375177799024,-0.0040560575365517,0.0011696399988208,0.004049750510766879,
steering_law,ucb,gaussian,1.0,0,9,0.0013186844779460132,0.003928062960244533,1.290375177799024,0.0017015977176904,0.0050686749407313,0.0026093784822985196,-1.9787739417111325
steering_law,ucb,gaussian,5.0,0,9,0.16188632758815255,0.21293835626743085,1.290375177799024,0.2088940987447934,0.274770369328818,0.0510520286792783,-0.315357259874085
steering_law,ucb,gaussian,0.05,20,9,0.0001236605726678453,-7.607335731228506e-07,1.290375177799024,0.000159568533443,-9.816317196760852e-07,-0.00012442130624096815,1.0061517875642239
steering_law,ucb,gaussian,0.25,20,9,0.0011580001988990758,-3.1336209349546344e-06,1.290375177799024,0.0014942547125457,-4.04354667109683e-06,-0.0011611338198340305,1.0027060625187576
steering_law,ucb,gaussian,1.0,20,9,0.0002081598447686004,1.005089970693885e-06,1.290375177799024,0.0002686042967039,1.2969431496381376e-06,-0.0002071547547979065,0.9951715472702664
steering_law,ucb,gaussian,5.0,20,9,0.003025663898349559,6.763610503854933e-06,1.290375177799024,0.0039042415907929,8.727595106475156e-06,-0.003018900287845704,0.9977645863086299
stevens,ei,gaussian,0.05,0,10,0.0005510506287028062,0.001338699441113345,3.0593887562558817,0.0016858780975811,0.0040956020181482,0.0007876488124105387,-1.4293583409290243
stevens,ei,gaussian,0.25,0,10,0.025867265559920014,0.02376579899343533,3.0593887562558817,0.0791380214091043,0.0727088182239534,-0.002101466566484682,0.08124038320234339
stevens,ei,gaussian,1.0,0,10,0.1295850877166962,0.0835921133151033,3.0593887562558817,0.3964511603388925,0.2557407715878946,-0.04599297440159289,0.354924900789082
stevens,ei,gaussian,5.0,0,10,0.1575391459510115,0.15666096451343461,3.0593887562558817,0.4819734917926789,0.4792867933766035,-0.000878181437576897,0.0055743696734904535
stevens,ei,gaussian,0.05,20,10,0.0,0.0,3.0593887562558817,0.0,0.0,0.0,
stevens,ei,gaussian,0.25,20,10,0.0,0.0,3.0593887562558817,0.0,0.0,0.0,
stevens,ei,gaussian,1.0,20,10,0.0,0.0,3.0593887562558817,0.0,0.0,0.0,
stevens,ei,gaussian,5.0,20,10,0.0,0.0,3.0593887562558817,0.0,0.0,0.0,
stevens,ei,gaussian,0.05,0,11,-0.0038181265824116183,-0.00866705453259908,3.0593887562558817,-0.0116811335361918,-0.0265158891868902,-0.004848927950187461,
stevens,ei,gaussian,0.25,0,11,0.01986361173182901,0.06486844492064056,3.0593887562558817,0.0607705103909901,0.1984577910260117,0.04500483318881155,-2.2656923522471395
stevens,ei,gaussian,1.0,0,11,0.250933710267355,0.18545139923186849,3.0593887562558817,0.7677037717575169,0.5673679256418991,-0.06548231103548652,0.2609546201095062
stevens,ei,gaussian,5.0,0,11,0.06020245154612819,0.3745026066526491,3.0593887562558817,0.1841827033592641,1.145749063981634,0.31430015510652093,-5.220720203822573
stevens,ei,gaussian,0.05,20,11,0.0,0.0,3.0593887562558817,0.0,0.0,0.0,
stevens,ei,gaussian,0.25,20,11,0.0,0.0,3.0593887562558817,0.0,0.0,0.0,
stevens,ei,gaussian,1.0,20,11,0.0,0.0,3.0593887562558817,0.0,0.0,0.0,
stevens,ei,gaussian,5.0,20,11,0.0,0.0,3.0593887562558817,0.0,0.0,0.0,
stevens,ei,gaussian,0.05,0,7,0.001181762156642282,0.0012053900683352916,3.0593887562558817,0.0036154698546001,0.0036877568219675,2.362791169300952e-05,-0.019993796179887058
stevens,ei,gaussian,0.25,0,7,-0.002077437761493467,-0.0020609733109009424,3.0593887562558817,-0.0063556897293345,-0.0063053185743138,1.6464450592524552e-05,
stevens,ei,gaussian,1.0,0,7,0.026477047775170848,0.013310185188539886,3.0593887562558817,0.0810035822622075,0.0407210309095025,-0.013166862586630962,0.4972934557673132
stevens,ei,gaussian,5.0,0,7,0.23953289627997282,0.23954936073056532,3.0593887562558817,0.7328242496323552,0.7328746207873758,1.6464450592501567e-05,-6.873565530329806e-05
stevens,ei,gaussian,0.05,20,7,0.0,0.0,3.0593887562558817,0.0,0.0,0.0,
stevens,ei,gaussian,0.25,20,7,0.0,0.0,3.0593887562558817,0.0,0.0,0.0,
stevens,ei,gaussian,1.0,20,7,0.0,0.0,3.0593887562558817,0.0,0.0,0.0,
stevens,ei,gaussian,5.0,20,7,0.0,0.0,3.0593887562558817,0.0,0.0,0.0,
stevens,ei,gaussian,0.05,0,8,0.009834388778868925,-0.009000407997211538,3.0593887562558817,0.0300872184547206,-0.0275357470283845,-0.018834796776080465,1.9151974972303967
stevens,ei,gaussian,0.25,0,8,0.048605686773054706,0.09378630379339159,3.0593887562558817,0.1487036916035788,0.2869287633163006,0.045180617020336884,-0.9295335591345546
stevens,ei,gaussian,1.0,0,8,0.06723555236637822,0.043424200474088244,3.0593887562558817,0.2056996929303511,0.1328515106798269,-0.02381135189228998,0.35414823042633425
stevens,ei,gaussian,5.0,0,8,0.26764015975527156,0.3657481911099309,3.0593887562558817,0.8188152954778057,1.11896590350265,0.09810803135465934,-0.36656692868651963
stevens,ei,gaussian,0.05,20,8,0.0,0.0,3.0593887562558817,0.0,0.0,0.0,
stevens,ei,gaussian,0.25,20,8,0.0,0.0,3.0593887562558817,0.0,0.0,0.0,
stevens,ei,gaussian,1.0,20,8,0.0,0.0,3.0593887562558817,0.0,0.0,0.0,
stevens,ei,gaussian,5.0,20,8,0.0,0.0,3.0593887562558817,0.0,0.0,0.0,
stevens,ei,gaussian,0.05,0,9,0.0,0.0,3.0593887562558817,0.0,0.0,0.0,
stevens,ei,gaussian,0.25,0,9,0.0005703027592323967,0.001181886396001933,3.0593887562558817,0.0017447778492573,0.0036158499511001,0.0006115836367695362,-1.0723841448579026
stevens,ei,gaussian,1.0,0,9,0.01757839472769325,0.06104798451519822,3.0593887562558817,0.0537791431829324,0.1867695174178806,0.04346958978750497,-2.472898718050879
stevens,ei,gaussian,5.0,0,9,0.23168019042195695,0.16626978199097517,3.0593887562558817,0.7087997696241567,0.5086839015283061,-0.06541040843098178,0.2823306054430049
stevens,ei,gaussian,0.05,20,9,0.0,0.0,3.0593887562558817,0.0,0.0,0.0,
stevens,ei,gaussian,0.25,20,9,0.0,0.0,3.0593887562558817,0.0,0.0,0.0,
stevens,ei,gaussian,1.0,20,9,0.0,0.0,3.0593887562558817,0.0,0.0,0.0,
stevens,ei,gaussian,5.0,20,9,0.0,0.0,3.0593887562558817,0.0,0.0,0.0,
stevens,logei,gaussian,0.05,0,10,0.0009297547103256702,0.0013816367137142816,3.0593887562558817,0.0028444811068463,0.0042269638271678,0.00045188200338861135,-0.4860228169538696
stevens,logei,gaussian,0.25,0,10,0.004517709653198222,0.0054617449122534596,3.0593887562558817,0.0138214301170233,0.016709600974086,0.0009440352590552375,-0.2089632427765531
stevens,logei,gaussian,1.0,0,10,0.19507238892919165,0.06936440514560083,3.0593887562558817,0.5968022733459433,0.2122126811868288,-0.12570798378359083,0.6444171031771233
stevens,logei,gaussian,5.0,0,10,0.3607241897020875,0.25692512679943513,3.0593887562558817,1.1035955300840803,0.7860338441298085,-0.1037990629026524,0.2877518776558269
stevens,logei,gaussian,0.05,20,10,0.0,0.0,3.0593887562558817,0.0,0.0,0.0,
stevens,logei,gaussian,0.25,20,10,0.0,0.0,3.0593887562558817,0.0,0.0,0.0,
stevens,logei,gaussian,1.0,20,10,0.0,0.0,3.0593887562558817,0.0,0.0,0.0,
stevens,logei,gaussian,5.0,20,10,0.0,0.0,3.0593887562558817,0.0,0.0,0.0,
stevens,logei,gaussian,0.05,0,11,-0.021790480093884092,-0.026675120429284507,3.0593887562558817,-0.0666655497926466,-0.0816095635131246,-0.004884640335400415,
stevens,logei,gaussian,0.25,0,11,4.4402370645546465e-06,-0.00724406762485332,3.0593887562558817,1.3584411350409107e-05,-0.0221624190410335,-0.007248507861917874,1632.4596539632948
stevens,logei,gaussian,1.0,0,11,0.1280274495168835,-0.016306271042551165,3.0593887562558817,0.3916857395440709,-0.0498872222840419,-0.14433372055943466,1.127365429086368
stevens,logei,gaussian,5.0,0,11,0.5428501452357016,0.45080934861614613,3.0593887562558817,1.660789630665978,1.3792010523712754,-0.0920407966195555,0.1695510214510343
stevens,logei,gaussian,0.05,20,11,0.0,0.0,3.0593887562558817,0.0,0.0,0.0,
stevens,logei,gaussian,0.25,20,11,0.0,0.0,3.0593887562558817,0.0,0.0,0.0,
stevens,logei,gaussian,1.0,20,11,0.0,0.0,3.0593887562558817,0.0,0.0,0.0,
stevens,logei,gaussian,5.0,20,11,0.0,0.0,3.0593887562558817,0.0,0.0,0.0,
stevens,logei,gaussian,0.05,0,7,-0.00016666961963785563,-0.00016770883381895594,3.0593887562558817,-0.0005099071603295,-0.0005130865205105,-1.0392141811003063e-06,
stevens,logei,gaussian,0.25,0,7,0.0018423681698934674,0.0018713661849103858,3.0593887562558817,0.0056365204638558,0.0057252366649523,2.8998015016918396e-05,-0.01573953322185062
stevens,logei,gaussian,1.0,0,7,0.058356951291537444,0.12487737075476406,3.0593887562558817,0.1785366006307018,0.3820484239979222,0.06652041946322662,-1.1398885306894533
stevens,logei,gaussian,5.0,0,7,0.18023948563247127,0.06181746380623105,3.0593887562558817,0.5514226557773262,0.1891236537090382,-0.11842202182624023,0.6570259641536935
stevens,logei,gaussian,0.05,20,7,0.0,0.0,3.0593887562558817,0.0,0.0,0.0,
stevens,logei,gaussian,0.25,20,7,0.0,0.0,3.0593887562558817,0.0,0.0,0.0,
stevens,logei,gaussian,1.0,20,7,0.0,0.0,3.0593887562558817,0.0,0.0,0.0,
stevens,logei,gaussian,5.0,20,7,0.0,0.0,3.0593887562558817,0.0,0.0,0.0,
stevens,logei,gaussian,0.05,0,8,0.004064540235268897,0.00010585801664821601,3.0593887562558817,0.0124350086951313,0.0003238608258931,-0.003958682218620681,0.9739557217985781
stevens,logei,gaussian,0.25,0,8,-0.0011673792235226117,-0.019299834648142677,3.0593887562558817,-0.0035714668707318,-0.0590456971201254,-0.018132455424620064,
stevens,logei,gaussian,1.0,0,8,0.22220351414068867,0.008750315556798515,3.0593887562558817,0.6798069327625678,0.0267706170281603,-0.21345319858389017,0.9606202647575671
stevens,logei,gaussian,5.0,0,8,0.6537402067119711,0.6492031468069864,3.0593887562558817,2.000045437927,1.9861648078672307,-0.004537059904984653,0.006940157356703058
stevens,logei,gaussian,0.05,20,8,0.0,0.0,3.0593887562558817,0.0,0.0,0.0,
stevens,logei,gaussian,0.25,20,8,0.0,0.0,3.0593887562558817,0.0,0.0,0.0,
stevens,logei,gaussian,1.0,20,8,0.0,0.0,3.0593887562558817,0.0,0.0,0.0,
stevens,logei,gaussian,5.0,20,8,0.0,0.0,3.0593887562558817,0.0,0.0,0.0,
stevens,logei,gaussian,0.05,0,9,0.0,0.0,3.0593887562558817,0.0,0.0,0.0,
stevens,logei,gaussian,0.25,0,9,0.01465967850863931,0.029546000851982775,3.0593887562558817,0.0448496555996571,0.0903927027988828,0.014886322343343465,-1.0154603550528472
stevens,logei,gaussian,1.0,0,9,0.22542325015344314,0.16348400846776387,3.0593887562558817,0.6896573569181009,0.5001611373339181,-0.06193924168567927,0.27476864805878676
stevens,logei,gaussian,5.0,0,9,0.02462108184213808,0.04362497909631311,3.0593887562558817,0.0753254609546931,0.1334657705391582,0.01900389725417503,-0.7718546803110233
stevens,logei,gaussian,0.05,20,9,0.0,0.0,3.0593887562558817,0.0,0.0,0.0,
stevens,logei,gaussian,0.25,20,9,0.0,0.0,3.0593887562558817,0.0,0.0,0.0,
stevens,logei,gaussian,1.0,20,9,0.0,0.0,3.0593887562558817,0.0,0.0,0.0,
stevens,logei,gaussian,5.0,20,9,0.0,0.0,3.0593887562558817,0.0,0.0,0.0,
stevens,pi,gaussian,0.05,0,10,0.02994537347088398,0.0265082095814894,3.0593887562558817,0.0916145388987056,0.0810989183420831,-0.003437163889394579,0.11478113280959912
stevens,pi,gaussian,0.25,0,10,0.17394812214589833,0.2114332540472432,3.0593887562558817,0.5321749290649861,0.6468565201307293,0.037485131901344865,-0.21549604237695852
stevens,pi,gaussian,1.0,0,10,0.2366046401678599,0.3185724021064519,3.0593887562558817,0.7238655758075193,0.9746368250579064,0.08196776193859198,-0.3464334506729865
stevens,pi,gaussian,5.0,0,10,0.3359002205665797,0.3264128795797223,3.0593887562558817,1.0276493580252646,0.9986238936833076,-0.009487340986857384,0.028244521455968674
stevens,pi,gaussian,0.05,20,10,0.0,0.0,3.0593887562558817,0.0,0.0,0.0,
stevens,pi,gaussian,0.25,20,10,0.0,0.0,3.0593887562558817,0.0,0.0,0.0,
stevens,pi,gaussian,1.0,20,10,0.0,0.0,3.0593887562558817,0.0,0.0,0.0,
stevens,pi,gaussian,5.0,20,10,0.0,0.0,3.0593887562558817,0.0,0.0,0.0,
stevens,pi,gaussian,0.05,0,11,0.011972827999775676,0.005188904429435203,3.0593887562558817,0.0366295353630993,0.0158748758687004,-0.006783923570340473,0.566609958020576
stevens,pi,gaussian,0.25,0,11,0.024096363248444382,-0.022054052261695496,3.0593887562558817,0.0737201427889482,-0.0674719195193108,-0.046150415510139875,1.9152440156345696
stevens,pi,gaussian,1.0,0,11,0.5039212289487819,0.310173423306654,3.0593887562558817,1.5416909418845492,0.9489410837537732,-0.1937478056421279,0.38448034040221046
stevens,pi,gaussian,5.0,0,11,0.5301024401727538,0.45549122575427053,3.0593887562558817,1.6217894451283292,1.3935247346458248,-0.07461121441848323,0.14074867188720797
stevens,pi,gaussian,0.05,20,11,0.0,0.0,3.0593887562558817,0.0,0.0,0.0,
stevens,pi,gaussian,0.25,20,11,0.0,0.0,3.0593887562558817,0.0,0.0,0.0,
stevens,pi,gaussian,1.0,20,11,0.0,0.0,3.0593887562558817,0.0,0.0,0.0,
stevens,pi,gaussian,5.0,20,11,0.0,0.0,3.0593887562558817,0.0,0.0,0.0,
stevens,pi,gaussian,0.05,0,7,0.0004435781334604266,-0.0006444120209404687,3.0593887562558817,0.0013570779540298,-0.0019715068912614,-0.0010879901544008953,2.4527587640835753
stevens,pi,gaussian,0.25,0,7,0.0031154201793360194,-0.001060084037950404,3.0593887562558817,0.0095312814676733,-0.0032432091863918,-0.004175504217286423,1.340270004342187
stevens,pi,gaussian,1.0,0,7,0.0019138871829160477,0.018162675240328628,3.0593887562558817,0.0058553249281556,0.0555666844137885,0.016248788057412582,-8.48994036976386
stevens,pi,gaussian,5.0,0,7,0.23191410552025504,0.23038648451476382,3.0593887562558817,0.7095154068458084,0.7048418203177882,-0.0015276210054912254,0.0065870120407911514
stevens,pi,gaussian,0.05,20,7,0.0,0.0,3.0593887562558817,0.0,0.0,0.0,
stevens,pi,gaussian,0.25,20,7,0.0,0.0,3.0593887562558817,0.0,0.0,0.0,
stevens,pi,gaussian,1.0,20,7,0.0,0.0,3.0593887562558817,0.0,0.0,0.0,
stevens,pi,gaussian,5.0,20,7,0.0,0.0,3.0593887562558817,0.0,0.0,0.0,
stevens,pi,gaussian,0.05,0,8,-0.018143660232412637,-0.06760361477078157,3.0593887562558817,-0.0555085101123702,-0.2068257389119832,-0.04945995453836893,
stevens,pi,gaussian,0.25,0,8,0.22280284843332013,0.10086899113880338,3.0593887562558817,0.681640529358683,0.3085974573449292,-0.12193385729451675,0.5472724345847346
stevens,pi,gaussian,1.0,0,8,0.5430989434114109,0.5549307224637976,3.0593887562558817,1.6615508010073197,1.6977488128066955,0.011831779052386748,-0.021785678642765927
stevens,pi,gaussian,5.0,0,8,0.5909107071222096,0.5431874479382941,3.0593887562558817,1.8078255733209003,1.661821570761744,-0.04772325918391551,0.08076221772377801
stevens,pi,gaussian,0.05,20,8,0.0,0.0,3.0593887562558817,0.0,0.0,0.0,
stevens,pi,gaussian,0.25,20,8,0.0,0.0,3.0593887562558817,0.0,0.0,0.0,
stevens,pi,gaussian,1.0,20,8,0.0,0.0,3.0593887562558817,0.0,0.0,0.0,
stevens,pi,gaussian,5.0,20,8,0.0,0.0,3.0593887562558817,0.0,0.0,0.0,
stevens,pi,gaussian,0.05,0,9,0.00010260702735227832,2.9654340052581072e-05,3.0593887562558817,0.0003139147857944,9.072415453105498e-05,-7.295268729969725e-05,0.7109911395174766
stevens,pi,gaussian,0.25,0,9,0.004282491160852847,0.0014681983575586218,3.0593887562558817,0.0131018053062784,0.0044917895470682,-0.002814292803294225,0.6571625480562033
stevens,pi,gaussian,1.0,0,9,0.009403291774152441,0.06916645733041499,3.0593887562558817,0.0287683251256354,0.2116070818667238,0.05976316555626254,-6.35555792499582
stevens,pi,gaussian,5.0,0,9,0.22782045133332188,0.20583124592797522,3.0593887562558817,0.6969913272543052,0.6297177994781866,-0.021989205405346657,0.09651989220745805
stevens,pi,gaussian,0.05,20,9,0.0,0.0,3.0593887562558817,0.0,0.0,0.0,
stevens,pi,gaussian,0.25,20,9,0.0,0.0,3.0593887562558817,0.0,0.0,0.0,
stevens,pi,gaussian,1.0,20,9,0.0,0.0,3.0593887562558817,0.0,0.0,0.0,
stevens,pi,gaussian,5.0,20,9,0.0,0.0,3.0593887562558817,0.0,0.0,0.0,
stevens,qnei,gaussian,0.05,0,10,0.0010692452932127793,0.001340965864539371,3.0593887562558817,0.0032712370277347,0.0041025358884947,0.00027172057132659176,-0.25412370112955873
stevens,qnei,gaussian,0.25,0,10,0.022615406417010975,0.02933229922173827,3.0593887562558817,0.0691893201103605,0.0897389064341192,0.006716892804727294,-0.29700517783642155
stevens,qnei,gaussian,1.0,0,10,0.07477607883070751,0.026384029567476583,3.0593887562558817,0.22876909481157,0.0807190034034606,-0.04839204926323093,0.6471594929815746
stevens,qnei,gaussian,5.0,0,10,0.13660882350185555,0.14035238242684991,3.0593887562558817,0.4179394986269211,0.4293925007104302,0.003743558924994367,-0.027403492900614168
stevens,qnei,gaussian,0.05,20,10,0.0,0.0,3.0593887562558817,0.0,0.0,0.0,
stevens,qnei,gaussian,0.25,20,10,0.0,0.0,3.0593887562558817,0.0,0.0,0.0,
stevens,qnei,gaussian,1.0,20,10,0.0,0.0,3.0593887562558817,0.0,0.0,0.0,
stevens,qnei,gaussian,5.0,20,10,0.0,0.0,3.0593887562558817,0.0,0.0,0.0,
stevens,qnei,gaussian,0.05,0,11,-0.013419605495639,-0.006911514476255783,3.0593887562558817,-0.0410557901667476,-0.0211450096773567,0.006508091019383217,
stevens,qnei,gaussian,0.25,0,11,-0.022871637150166234,-0.028701179919114073,3.0593887562558817,-0.0699732295343829,-0.0878080671358147,-0.0058295427689478395,
stevens,qnei,gaussian,1.0,0,11,0.20973364256892213,-0.015933286398330693,3.0593887562558817,0.6416567478839503,-0.0487461172572577,-0.22566692896725282,1.0759691492655725
stevens,qnei,gaussian,5.0,0,11,0.29062085185110326,-0.012670346090237539,3.0593887562558817,0.8891221664867717,-0.0387635143663434,-0.3032911979413408,1.0435975120488914
stevens,qnei,gaussian,0.05,20,11,0.0,0.0,3.0593887562558817,0.0,0.0,0.0,
stevens,qnei,gaussian,0.25,20,11,0.0,0.0,3.0593887562558817,0.0,0.0,0.0,
stevens,qnei,gaussian,1.0,20,11,0.0,0.0,3.0593887562558817,0.0,0.0,0.0,
stevens,qnei,gaussian,5.0,20,11,0.0,0.0,3.0593887562558817,0.0,0.0,0.0,
stevens,qnei,gaussian,0.05,0,7,-0.0009123116750818889,-0.0009177178719990279,3.0593887562558817,-0.0027911160809465,-0.0028076557390089,-5.406196917138962e-06,
stevens,qnei,gaussian,0.25,0,7,0.01258872623438359,0.002989773927990396,3.0593887562558817,0.0385138074970566,0.0091468807390408,-0.009598952306393195,0.7625038568378406
stevens,qnei,gaussian,1.0,0,7,0.011807805250489618,-0.0021018533672134193,3.0593887562558817,0.0361246666194071,-0.0064303865589513,-0.013909658617703036,1.1780054229067052
stevens,qnei,gaussian,5.0,0,7,0.10142500511720558,0.08409212463930056,3.0593887562558817,0.310298520258774,0.2572705006111443,-0.017332880477905016,0.1708935627646786
stevens,qnei,gaussian,0.05,20,7,0.0,0.0,3.0593887562558817,0.0,0.0,0.0,
stevens,qnei,gaussian,0.25,20,7,0.0,0.0,3.0593887562558817,0.0,0.0,0.0,
stevens,qnei,gaussian,1.0,20,7,0.0,0.0,3.0593887562558817,0.0,0.0,0.0,
stevens,qnei,gaussian,5.0,20,7,0.0,0.0,3.0593887562558817,0.0,0.0,0.0,
stevens,qnei,gaussian,0.05,0,8,0.006485074610231812,0.012292532837079293,3.0593887562558817,0.0198403643460237,0.0376076367476666,0.0058074582268474815,-0.895511397460991
stevens,qnei,gaussian,0.25,0,8,0.005133406504407365,0.0054257126642355226,3.0593887562558817,0.0157050861408747,0.0165993643196373,0.00029230615982815764,-0.056941946751575934
stevens,qnei,gaussian,1.0,0,8,0.1261790018075308,0.046272161109661314,3.0593887562558817,0.3860306194055503,0.1415645294265585,-0.07990684069786949,0.6332816043334746
stevens,qnei,gaussian,5.0,0,8,0.21016360495655045,-0.03440291610521151,3.0593887562558817,0.6429721699782733,-0.1052518947146985,-0.24456652106176197,1.163695879276167
stevens,qnei,gaussian,0.05,20,8,0.0,0.0,3.0593887562558817,0.0,0.0,0.0,
stevens,qnei,gaussian,0.25,20,8,0.0,0.0,3.0593887562558817,0.0,0.0,0.0,
stevens,qnei,gaussian,1.0,20,8,0.0,0.0,3.0593887562558817,0.0,0.0,0.0,
stevens,qnei,gaussian,5.0,20,8,0.0,0.0,3.0593887562558817,0.0,0.0,0.0,
stevens,qnei,gaussian,0.05,0,9,0.0,0.0,3.0593887562558817,0.0,0.0,0.0,
stevens,qnei,gaussian,0.25,0,9,0.0,0.0,3.0593887562558817,0.0,0.0,0.0,
stevens,qnei,gaussian,1.0,0,9,0.10783072478311291,0.04761359937331948,3.0593887562558817,0.3298961069803781,0.1456685105676057,-0.06021712540979343,0.5584412562459553
stevens,qnei,gaussian,5.0,0,9,0.009895241369664885,0.07883068713745382,3.0593887562558817,0.0302733901867908,0.2411737178762514,0.06893544576778894,-6.966524937847325
stevens,qnei,gaussian,0.05,20,9,0.0,0.0,3.0593887562558817,0.0,0.0,0.0,
stevens,qnei,gaussian,0.25,20,9,0.0,0.0,3.0593887562558817,0.0,0.0,0.0,
stevens,qnei,gaussian,1.0,20,9,0.0,0.0,3.0593887562558817,0.0,0.0,0.0,
stevens,qnei,gaussian,5.0,20,9,0.0,0.0,3.0593887562558817,0.0,0.0,0.0,
stevens,qucb,gaussian,0.05,0,10,-0.0026734456212919463,0.00012742898050302346,3.0593887562558817,-0.0081791094742421,0.0003898547901721,0.00280087460179497,
stevens,qucb,gaussian,0.25,0,10,0.0007100110470775755,-0.0016835214224024944,3.0593887562558817,0.0021721998142466,-0.0051505465106141,-0.0023935324694800697,3.371120040078128
stevens,qucb,gaussian,1.0,0,10,0.010411464948044805,0.003491461471333655,3.0593887562558817,0.0318527187982005,0.0106817379682988,-0.00692000347671115,0.6646522378208337
stevens,qucb,gaussian,5.0,0,10,0.05293410038269133,0.06619601358481797,3.0593887562558817,0.161945991533326,0.2025193396703537,0.013261913202126642,-0.25053629146898837
stevens,qucb,gaussian,0.05,20,10,0.0,0.0,3.0593887562558817,0.0,0.0,0.0,
stevens,qucb,gaussian,0.25,20,10,0.0,0.0,3.0593887562558817,0.0,0.0,0.0,
stevens,qucb,gaussian,1.0,20,10,0.0,0.0,3.0593887562558817,0.0,0.0,0.0,
stevens,qucb,gaussian,5.0,20,10,0.0,0.0,3.0593887562558817,0.0,0.0,0.0,
stevens,qucb,gaussian,0.05,0,11,0.00021614428044769627,0.00021866336606129832,3.0593887562558817,0.0006612693813307,0.000668976243533,2.5190856136020443e-06,-0.011654648498606202
stevens,qucb,gaussian,0.25,0,11,0.0017710788463854551,-0.001102983480327489,3.0593887562558817,0.0054184187090743,-0.0033744552580499,-0.002874062326712944,1.6227749163051306
stevens,qucb,gaussian,1.0,0,11,0.18624133617164942,0.014213564479395311,3.0593887562558817,0.5697846498336161,0.04348481935458,-0.1720277716922541,0.9236820097430176
stevens,qucb,gaussian,5.0,0,11,0.22560872999380602,0.3238761322678358,3.0593887562558817,0.6902248118562192,0.9908629974798596,0.09826740227402977,-0.435565601901698
stevens,qucb,gaussian,0.05,20,11,0.0,0.0,3.0593887562558817,0.0,0.0,0.0,
stevens,qucb,gaussian,0.25,20,11,0.0,0.0,3.0593887562558817,0.0,0.0,0.0,
stevens,qucb,gaussian,1.0,20,11,0.0,0.0,3.0593887562558817,0.0,0.0,0.0,
stevens,qucb,gaussian,5.0,20,11,0.0,0.0,3.0593887562558817,0.0,0.0,0.0,
stevens,qucb,gaussian,0.05,0,7,0.004398362044535585,0.003330045263043453,3.0593887562558817,0.0134562993849948,0.0101879030355783,-0.0010683167814921316,0.24288968726878268
stevens,qucb,gaussian,0.25,0,7,0.0019461777946199685,0.0006890902724480937,3.0593887562558817,0.0059541144625352,0.002108195031573,-0.0012570875221718748,0.645926351460272
stevens,qucb,gaussian,1.0,0,7,0.036148819563396335,0.022419012101563003,3.0593887562558817,0.1105932921241774,0.0685884735498864,-0.013729807461833332,0.3798134386588904
stevens,qucb,gaussian,5.0,0,7,0.13995001671856078,0.13060644979884914,3.0593887562558817,0.4281615075865875,0.3995759040090973,-0.009343566919711638,0.066763599882246
stevens,qucb,gaussian,0.05,20,7,0.0,0.0,3.0593887562558817,0.0,0.0,0.0,
stevens,qucb,gaussian,0.25,20,7,0.0,0.0,3.0593887562558817,0.0,0.0,0.0,
stevens,qucb,gaussian,1.0,20,7,0.0,0.0,3.0593887562558817,0.0,0.0,0.0,
stevens,qucb,gaussian,5.0,20,7,0.0,0.0,3.0593887562558817,0.0,0.0,0.0,
stevens,qucb,gaussian,0.05,0,8,0.021913583787648825,0.03462027547471417,3.0593887562558817,0.067042171849204,0.1059168815258218,0.012706691687065345,-0.5798545692114143
stevens,qucb,gaussian,0.25,0,8,0.04438973934882422,0.032763406205085874,3.0593887562558817,0.1358054694569221,0.1002359965604839,-0.011626333143738343,0.26191487749851583
stevens,qucb,gaussian,1.0,0,8,0.3566990422965744,0.22196091073970003,3.0593887562558817,1.0912810393693808,0.6790647146453537,-0.13473813155687436,0.37773617414102134
stevens,qucb,gaussian,5.0,0,8,0.3118949676128451,0.3762946130237118,3.0593887562558817,0.9542079570475306,1.151231508124402,0.06439964541086673,-0.20647862934039374
stevens,qucb,gaussian,0.05,20,8,0.0,0.0,3.0593887562558817,0.0,0.0,0.0,
stevens,qucb,gaussian,0.25,20,8,0.0,0.0,3.0593887562558817,0.0,0.0,0.0,
stevens,qucb,gaussian,1.0,20,8,0.0,0.0,3.0593887562558817,0.0,0.0,0.0,
stevens,qucb,gaussian,5.0,20,8,0.0,0.0,3.0593887562558817,0.0,0.0,0.0,
stevens,qucb,gaussian,0.05,0,9,-0.003296451646767214,-0.0033550432511427804,3.0593887562558817,-0.0100851271036608,-0.0102643815992984,-5.8591604375566285e-05,
stevens,qucb,gaussian,0.25,0,9,0.0010816251275017539,-0.0013634009561245936,3.0593887562558817,0.0033091117535627,-0.0041711735554361,-0.0024450260836263475,2.260511540882618
stevens,qucb,gaussian,1.0,0,9,0.016691927776335543,0.012926812491268588,3.0593887562558817,0.0510670961591562,0.0395481447900152,-0.0037651152850669556,0.22556503571773356
stevens,qucb,gaussian,5.0,0,9,0.0976470046343859,0.13727180270869238,3.0593887562558817,0.2987401480605062,0.4199678097579491,0.03962479807430648,-0.40579635005365855
stevens,qucb,gaussian,0.05,20,9,0.0,0.0,3.0593887562558817,0.0,0.0,0.0,
stevens,qucb,gaussian,0.25,20,9,0.0,0.0,3.0593887562558817,0.0,0.0,0.0,
stevens,qucb,gaussian,1.0,20,9,0.0,0.0,3.0593887562558817,0.0,0.0,0.0,
stevens,qucb,gaussian,5.0,20,9,0.0,0.0,3.0593887562558817,0.0,0.0,0.0,
stevens,ucb,gaussian,0.05,0,10,0.00014425197443893874,0.0012868088340505194,3.0593887562558817,0.0004413228686662,0.0039368484783449,0.0011425568596115806,-7.920563056800447
stevens,ucb,gaussian,0.25,0,10,0.008803961641765322,0.0045577951338074876,3.0593887562558817,0.0269347412573249,0.0139440671856884,-0.004246166507957835,0.4823017955705696
stevens,ucb,gaussian,1.0,0,10,0.013240329833016304,0.0015843307971075314,3.0593887562558817,0.0405073162202494,0.0048470838268607,-0.011655999035908773,0.8803405340283278
stevens,ucb,gaussian,5.0,0,10,0.24123286135696992,0.2521485221965142,3.0593887562558817,0.7380251036749478,0.7714203537145521,0.010915660839544261,-0.04524947711577143
stevens,ucb,gaussian,0.05,20,10,0.0,0.0,3.0593887562558817,0.0,0.0,0.0,
stevens,ucb,gaussian,0.25,20,10,0.0,0.0,3.0593887562558817,0.0,0.0,0.0,
stevens,ucb,gaussian,1.0,20,10,0.0,0.0,3.0593887562558817,0.0,0.0,0.0,
stevens,ucb,gaussian,5.0,20,10,0.0,0.0,3.0593887562558817,0.0,0.0,0.0,
stevens,ucb,gaussian,0.05,0,11,0.011600061091132532,-5.0196642414722796e-05,3.0593887562558817,0.0354890964740922,-0.0001535710434054,-0.011650257733547255,1.0043272739704012
stevens,ucb,gaussian,0.25,0,11,0.08102668582222437,0.05668485671938496,3.0593887562558817,0.2478921315611911,0.173421013297262,-0.024341829102839413,0.30041743477261684
stevens,ucb,gaussian,1.0,0,11,0.1712108269973979,0.06055774138154657,3.0593887562558817,0.5238004790651101,0.1852696730869551,-0.11065308561585133,0.6462972439093064
stevens,ucb,gaussian,5.0,0,11,0.4832089663176949,0.19730548651031946,3.0593887562558817,1.4783240784743827,0.6036341869772679,-0.2859034798073754,0.5916766859400593
stevens,ucb,gaussian,0.05,20,11,0.0,0.0,3.0593887562558817,0.0,0.0,0.0,
stevens,ucb,gaussian,0.25,20,11,0.0,0.0,3.0593887562558817,0.0,0.0,0.0,
stevens,ucb,gaussian,1.0,20,11,0.0,0.0,3.0593887562558817,0.0,0.0,0.0,
stevens,ucb,gaussian,5.0,20,11,0.0,0.0,3.0593887562558817,0.0,0.0,0.0,
stevens,ucb,gaussian,0.05,0,7,0.001410683280186355,0.00032107309526597583,3.0593887562558817,0.0043158285660403,0.000982287417593,-0.0010896101849203793,0.7723988794823164
stevens,ucb,gaussian,0.25,0,7,0.002542572759789571,0.001236685103472628,3.0593887562558817,0.0077787185132627,0.0037835005005933,-0.001305887656316943,0.513608765487215
stevens,ucb,gaussian,1.0,0,7,0.14225224381632637,0.011945917668131927,3.0593887562558817,0.4352049152838392,0.0365472061970413,-0.13030632614819443,0.9160229930463784
stevens,ucb,gaussian,5.0,0,7,0.19299858197937012,0.2394214252312485,3.0593887562558817,0.5904576916810139,0.73248321635924,0.0464228432518784,-0.24053463385985197
stevens,ucb,gaussian,0.05,20,7,0.0,0.0,3.0593887562558817,0.0,0.0,0.0,
stevens,ucb,gaussian,0.25,20,7,0.0,0.0,3.0593887562558817,0.0,0.0,0.0,
stevens,ucb,gaussian,1.0,20,7,0.0,0.0,3.0593887562558817,0.0,0.0,0.0,
stevens,ucb,gaussian,5.0,20,7,0.0,0.0,3.0593887562558817,0.0,0.0,0.0,
stevens,ucb,gaussian,0.05,0,8,0.021040529398155382,0.013016414737874828,3.0593887562558817,0.0643711590663879,0.0398222728958176,-0.008024114660280555,0.381364675215065
stevens,ucb,gaussian,0.25,0,8,-0.0033517323819746863,-0.018651275311226866,3.0593887562558817,-0.0102542523633921,-0.0570615019770004,-0.01529954292925218,
stevens,ucb,gaussian,1.0,0,8,0.03616170148857551,-0.033643237471853646,3.0593887562558817,0.1106327029412295,-0.1029277424454356,-0.06980493896042916,1.9303554890104517
stevens,ucb,gaussian,5.0,0,8,0.37647751215190656,0.10472548543369255,3.0593887562558817,1.15179106766073,0.3203959726292781,-0.271752026718214,0.7218280453589578
stevens,ucb,gaussian,0.05,20,8,0.0,0.0,3.0593887562558817,0.0,0.0,0.0,
stevens,ucb,gaussian,0.25,20,8,0.0,0.0,3.0593887562558817,0.0,0.0,0.0,
stevens,ucb,gaussian,1.0,20,8,0.0,0.0,3.0593887562558817,0.0,0.0,0.0,
stevens,ucb,gaussian,5.0,20,8,0.0,0.0,3.0593887562558817,0.0,0.0,0.0,
stevens,ucb,gaussian,0.05,0,9,-0.001260462366023833,-0.0013514000311546876,3.0593887562558817,-0.003856244390297,-0.0041344580605185,-9.093766513085461e-05,
stevens,ucb,gaussian,0.25,0,9,0.0010877160772735654,0.0006917932273738418,3.0593887562558817,0.0033277463368095,0.0021164644214815,-0.00039592284989972367,0.3639946656779509
stevens,ucb,gaussian,1.0,0,9,0.09500004544765263,0.10016489589513346,3.0593887562558817,0.2906420708863462,0.3064433562731122,0.005164850447480829,-0.05436682080669941
stevens,ucb,gaussian,5.0,0,9,0.007716521779762626,-0.00044750911246187197,3.0593887562558817,0.0236078399704094,-0.0013691043469879,-0.008164030892224498,1.0579936304508997
stevens,ucb,gaussian,0.05,20,9,0.0,0.0,3.0593887562558817,0.0,0.0,0.0,
stevens,ucb,gaussian,0.25,20,9,0.0,0.0,3.0593887562558817,0.0,0.0,0.0,
stevens,ucb,gaussian,1.0,20,9,0.0,0.0,3.0593887562558817,0.0,0.0,0.0,
stevens,ucb,gaussian,5.0,20,9,0.0,0.0,3.0593887562558817,0.0,0.0,0.0,
weber_fechner,ei,gaussian,0.05,0,10,0.0029971063167819035,0.0027935237147732692,2.153305282720616,0.0064536848648018,0.0060153093724266,-0.00020358260200863424,0.0679263864844234
weber_fechner,ei,gaussian,0.25,0,10,0.025924708773099013,0.023638851896491547,2.153305282720616,0.0558238123541076,0.0509016646661655,-0.0022858568766074665,0.0881729047224401
weber_fechner,ei,gaussian,1.0,0,10,0.10410515527977555,0.2322712093206537,2.153305282720616,0.2241701808223907,0.5001508220540696,0.12816605404087816,-1.2311211072731276
weber_fechner,ei,gaussian,5.0,0,10,0.1169029898052966,0.10190816150239322,2.153305282720616,0.2517278255135795,0.219439382515449,-0.014994828302903385,0.12826727808995697
weber_fechner,ei,gaussian,0.05,20,10,0.0,0.0,2.153305282720616,0.0,0.0,0.0,
weber_fechner,ei,gaussian,0.25,20,10,0.0,0.0,2.153305282720616,0.0,0.0,0.0,
weber_fechner,ei,gaussian,1.0,20,10,0.0,0.0,2.153305282720616,0.0,0.0,0.0,
weber_fechner,ei,gaussian,5.0,20,10,0.0,0.0,2.153305282720616,0.0,0.0,0.0,
weber_fechner,ei,gaussian,0.05,0,11,0.002145642583351642,0.0011473274336284835,2.153305282720616,0.0046202235095614,0.0024705462238425,-0.0009983151497231584,0.46527560436637183
weber_fechner,ei,gaussian,0.25,0,11,0.09203949606198658,0.06694647033729452,2.153305282720616,0.198189133089219,0.1441561882367953,-0.02509302572469206,0.2726332367986072
weber_fechner,ei,gaussian,1.0,0,11,0.10984567794783144,0.3129669421818568,2.153305282720616,0.2365312786090929,0.6739133699171097,0.20312126423402532,-1.8491511730711232
weber_fechner,ei,gaussian,5.0,0,11,0.34692415377002733,0.3087723079023109,2.153305282720616,0.7470336130163792,0.6648810417638826,-0.038151845867716416,0.10997171990799726
weber_fechner,ei,gaussian,0.05,20,11,0.0,0.0,2.153305282720616,0.0,0.0,0.0,
weber_fechner,ei,gaussian,0.25,20,11,0.0,0.0,2.153305282720616,0.0,0.0,0.0,
weber_fechner,ei,gaussian,1.0,20,11,0.0,0.0,2.153305282720616,0.0,0.0,0.0,
weber_fechner,ei,gaussian,5.0,20,11,0.0,0.0,2.153305282720616,0.0,0.0,0.0,
weber_fechner,ei,gaussian,0.05,0,7,-0.0020464297705035353,-0.011732529905808383,2.153305282720616,-0.004406588035542,-0.0252637186258548,-0.009686100135304848,
weber_fechner,ei,gaussian,0.25,0,7,0.06377031837475951,0.0477160524234837,2.153305282720616,0.1373169634371452,0.1027472277540613,-0.016054265951275806,0.25175138466346647
weber_fechner,ei,gaussian,1.0,0,7,0.0613038992750396,0.029705416397477452,2.153305282720616,0.1320060101603153,0.0639648300541038,-0.031598482877562145,0.5154400168869476
weber_fechner,ei,gaussian,5.0,0,7,0.16283848619202526,0.1530648136057079,2.153305282720616,0.350640972547516,0.3295952717358172,-0.009773672586317367,0.06002065491318731
weber_fechner,ei,gaussian,0.05,20,7,0.0,-0.0033361862444718096,2.153305282720616,0.0,-0.007183827464361,-0.0033361862444718096,
weber_fechner,ei,gaussian,0.25,20,7,0.0,0.011463368703423361,2.153305282720616,0.0,0.0246841323868557,0.011463368703423361,
weber_fechner,ei,gaussian,1.0,20,7,0.0,0.01064534633577711,2.153305282720616,0.0,0.0229226805012194,0.01064534633577711,
weber_fechner,ei,gaussian,5.0,20,7,0.0,0.011831325238165491,2.153305282720616,0.0,0.0254764551369275,0.011831325238165491,
weber_fechner,ei,gaussian,0.05,0,8,0.021537399016534578,0.004683583966179272,2.153305282720616,0.0463765950783657,0.0100851860964394,-0.016853815050355304,0.7825371595435635
weber_fechner,ei,gaussian,0.25,0,8,0.08386085267250454,0.03798790709403229,2.153305282720616,0.1805780170731593,0.0817995610250797,-0.04587294557847225,0.547012630048211
weber_fechner,ei,gaussian,1.0,0,8,0.11178291712282024,0.11090324734399265,2.153305282720616,0.2407027459584896,0.2388085483766905,-0.0008796697788275853,0.007869447331214863
weber_fechner,ei,gaussian,5.0,0,8,0.4200236724485844,0.20654448791124966,2.153305282720616,0.9044391927512504,0.4447533369361183,-0.21347918453733475,0.508255125938091
weber_fechner,ei,gaussian,0.05,20,8,0.0,0.007758617511245355,2.153305282720616,0.0,0.0167066720735733,0.007758617511245355,
weber_fechner,ei,gaussian,0.25,20,8,0.0,0.007765645693676265,2.153305282720616,0.0,0.0167218058959297,0.007765645693676265,
weber_fechner,ei,gaussian,1.0,20,8,0.0,0.0027876676849094184,2.153305282720616,0.0,0.006002699552385,0.0027876676849094184,
weber_fechner,ei,gaussian,5.0,20,8,0.0,-0.000796476481402671,2.153305282720616,0.0,-0.0017150570149671,-0.000796476481402671,
weber_fechner,ei,gaussian,0.05,0,9,0.0007625223449279656,-0.0010932948375473564,2.153305282720616,0.0016419433935259,-0.0023541975492619,-0.001855817182475322,2.43378727826086
weber_fechner,ei,gaussian,0.25,0,9,0.06942120023527606,0.01899723057875084,2.153305282720616,0.1494850371994256,0.0409068369622858,-0.05042396965652522,0.726348283890697
weber_fechner,ei,gaussian,1.0,0,9,0.09531911218087577,0.038204802672706775,2.153305282720616,0.2052511478033188,0.0822666034204382,-0.057114309508168995,0.5991905316930559
weber_fechner,ei,gaussian,5.0,0,9,0.14256249576211322,0.13691275930101598,2.153305282720616,0.3069805752423938,0.2948149678747338,-0.005649736461097232,0.03962989305774123
weber_fechner,ei,gaussian,0.05,20,9,0.0,0.0,2.153305282720616,0.0,0.0,0.0,
weber_fechner,ei,gaussian,0.25,20,9,0.0,0.0,2.153305282720616,0.0,0.0,0.0,
weber_fechner,ei,gaussian,1.0,20,9,0.0,0.0,2.153305282720616,0.0,0.0,0.0,
weber_fechner,ei,gaussian,5.0,20,9,0.0,0.0,2.153305282720616,0.0,0.0,0.0,
weber_fechner,logei,gaussian,0.05,0,10,0.02093514445936937,0.027598158466262717,2.153305282720616,0.0450797571588793,0.0594272604187642,0.006663014006893345,-0.31826931119700785
weber_fechner,logei,gaussian,0.25,0,10,0.002844905958444872,0.0032086195276199198,2.153305282720616,0.0061259510291627,0.0069091373790645,0.0003637135691750477,-0.1278473083074656
weber_fechner,logei,gaussian,1.0,0,10,0.1465356630763452,0.07205357075830265,2.153305282720616,0.3155360174092624,0.1551533345527368,-0.07448209231804254,0.508286452283205
weber_fechner,logei,gaussian,5.0,0,10,0.23718481095634272,0.07131881587189969,2.153305282720616,0.5107313064133834,0.1535711829743405,-0.16586599508444305,0.6993112013187601
weber_fechner,logei,gaussian,0.05,20,10,0.0,0.0,2.153305282720616,0.0,0.0,0.0,
weber_fechner,logei,gaussian,0.25,20,10,0.0,0.0,2.153305282720616,0.0,0.0,0.0,
weber_fechner,logei,gaussian,1.0,20,10,0.0,0.0,2.153305282720616,0.0,0.0,0.0,
weber_fechner,logei,gaussian,5.0,20,10,0.0,0.0,2.153305282720616,0.0,0.0,0.0,
weber_fechner,logei,gaussian,0.05,0,11,0.0019174016643000043,0.00792172167373464,2.153305282720616,0.0041287511328345,0.0170578851282952,0.006004320009434636,-3.1314878469278185
weber_fechner,logei,gaussian,0.25,0,11,0.011454145812646624,0.07493041734897131,2.153305282720616,0.0246642726874242,0.1613480635140004,0.06347627153632468,-5.541772610074508
weber_fechner,logei,gaussian,1.0,0,11,0.22427265033819194,0.20239033627237715,2.153305282720616,0.4829274827429822,0.4358081802669116,-0.021882314065814784,0.09757014077649395
weber_fechner,logei,gaussian,5.0,0,11,0.3522945159638403,0.3553996460956491,2.153305282720616,0.7585976422984397,0.7652839354147986,0.0031051301318087976,-0.00881401779222557
weber_fechner,logei,gaussian,0.05,20,11,0.0,0.0,2.153305282720616,0.0,0.0,0.0,
weber_fechner,logei,gaussian,0.25,20,11,0.0,0.0,2.153305282720616,0.0,0.0,0.0,
weber_fechner,logei,gaussian,1.0,20,11,0.0,0.0,2.153305282720616,0.0,0.0,0.0,
weber_fechner,logei,gaussian,5.0,20,11,0.0,0.0,2.153305282720616,0.0,0.0,0.0,
weber_fechner,logei,gaussian,0.05,0,7,-0.0009797738813690233,-0.007714246916170427,2.153305282720616,-0.0021097522746236,-0.016611128636801,-0.0067344730348014034,
weber_fechner,logei,gaussian,0.25,0,7,0.01322160671127198,0.03196342617279488,2.153305282720616,0.0284701555774363,0.0688270144317296,0.0187418194615229,-1.4175145177737516
weber_fechner,logei,gaussian,1.0,0,7,0.0024069506386282637,0.08048414923386207,2.153305282720616,0.005182899525406,0.1733069437205496,0.07807719859523381,-32.438221765831685
weber_fechner,logei,gaussian,5.0,0,7,0.09877893245972767,0.051385708849812944,2.153305282720616,0.2127011970870345,0.1106491183226457,-0.04739322360991473,0.47979080589109446
weber_fechner,logei,gaussian,0.05,20,7,0.0,0.0,2.153305282720616,0.0,0.0,0.0,
weber_fechner,logei,gaussian,0.25,20,7,0.0,0.0006741703428579071,2.153305282720616,0.0,0.0014516945607295,0.0006741703428579071,
weber_fechner,logei,gaussian,1.0,20,7,0.0,0.0026966813714317675,2.153305282720616,0.0,0.0058067782429183,0.0026966813714317675,
weber_fechner,logei,gaussian,5.0,20,7,0.0,0.017191343742877535,2.153305282720616,0.0,0.0370182112986042,0.017191343742877535,
weber_fechner,logei,gaussian,0.05,0,8,-0.005876048399271203,-0.0648129312014154,2.153305282720616,-0.0126529260596727,-0.1395620271446156,-0.0589368828021442,
weber_fechner,logei,gaussian,0.25,0,8,-0.04905374845545407,-0.06650801705548363,2.153305282720616,-0.1056276956863775,-0.1432120644688457,-0.017454268600029563,
weber_fechner,logei,gaussian,1.0,0,8,0.3395347661691546,-0.00573606442439628,2.153305282720616,0.7311220056593497,-0.0123514978270783,-0.3452708305935509,1.0168938942221268
weber_fechner,logei,gaussian,5.0,0,8,0.4280843238319748,0.15235802061262804,2.153305282720616,0.9217962359572742,0.3280733306500284,-0.27572630321934677,0.644093436431395
weber_fechner,logei,gaussian,0.05,20,8,0.0,0.0,2.153305282720616,0.0,0.0,0.0,
weber_fechner,logei,gaussian,0.25,20,8,0.0,0.0,2.153305282720616,0.0,0.0,0.0,
weber_fechner,logei,gaussian,1.0,20,8,0.0,0.0019141242743416313,2.153305282720616,0.0,0.0041216939117236,0.0019141242743416313,
weber_fechner,logei,gaussian,5.0,20,8,0.0,0.010676869810770557,2.153305282720616,0.0,0.0229905601664525,0.010676869810770557,
weber_fechner,logei,gaussian,0.05,0,9,0.0005329749210228937,-0.004387873457803151,2.153305282720616,0.0011476577129962,-0.0094484310965971,-0.0049208483788260446,9.232795361894096
weber_fechner,logei,gaussian,0.25,0,9,0.02997956450652702,0.03592653430283684,2.153305282720616,0.0645551546255681,0.077360796104142,0.0059469697963098235,-0.198367451102069
weber_fechner,logei,gaussian,1.0,0,9,0.1242197182725375,0.09973909166739738,2.153305282720616,0.2674829755743216,0.2147687129811625,-0.024480626605140124,0.19707520630041797
weber_fechner,logei,gaussian,5.0,0,9,0.10378264510744259,0.08188289393595115,2.153305282720616,0.223475717964575,0.1763188680767355,-0.02189975117149144,0.21101554261619937
weber_fechner,logei,gaussian,0.05,20,9,0.0,0.002567251167699638,2.153305282720616,0.0,0.0055280755014783,0.002567251167699638,
weber_fechner,logei,gaussian,0.25,20,9,0.0,0.002567251167699638,2.153305282720616,0.0,0.0055280755014783,0.002567251167699638,
weber_fechner,logei,gaussian,1.0,20,9,0.0,0.002567251167699638,2.153305282720616,0.0,0.0055280755014783,0.002567251167699638,
weber_fechner,logei,gaussian,5.0,20,9,0.0,0.002567251167699638,2.153305282720616,0.0,0.0055280755014783,0.002567251167699638,
weber_fechner,pi,gaussian,0.05,0,10,0.014984609579576535,0.011722916716579103,2.153305282720616,0.0322664389672081,0.0252430184947036,-0.0032616928629974323,0.21766952590096167
weber_fechner,pi,gaussian,0.25,0,10,0.19285692506672067,0.20385654026977046,2.153305282720616,0.4152798355554236,0.4389653650800447,0.01099961520304979,-0.05703510620240548
weber_fechner,pi,gaussian,1.0,0,10,0.22281156749055525,0.1678948437800064,2.153305282720616,0.4797813253286736,0.3615288540530403,-0.05491672371054884,0.24647160077484176
weber_fechner,pi,gaussian,5.0,0,10,0.22686265528291064,0.23129969048249374,2.153305282720616,0.4885045540727175,0.4980588454075971,0.004437035199583106,-0.01955824414578
weber_fechner,pi,gaussian,0.05,20,10,0.0,0.0,2.153305282720616,0.0,0.0,0.0,
weber_fechner,pi,gaussian,0.25,20,10,0.0,0.0,2.153305282720616,0.0,0.0,0.0,
weber_fechner,pi,gaussian,1.0,20,10,0.0,0.0,2.153305282720616,0.0,0.0,0.0,
weber_fechner,pi,gaussian,5.0,20,10,0.0,0.0,2.153305282720616,0.0,0.0,0.0,
weber_fechner,pi,gaussian,0.05,0,11,0.08226537301737398,0.07560341315269303,2.153305282720616,0.1771424623032934,0.1627972289334032,-0.006661959864680947,0.08098133662232321
weber_fechner,pi,gaussian,0.25,0,11,0.07824940901537762,0.05016000231904191,2.153305282720616,0.1684948658025788,0.1080097979748713,-0.02808940669633571,0.3589727647759686
weber_fechner,pi,gaussian,1.0,0,11,0.30447309377615145,0.355467557359556,2.153305282720616,0.6556235212744764,0.7654301690981254,0.05099446358340454,-0.1674843019820189
weber_fechner,pi,gaussian,5.0,0,11,0.37311943650996043,0.3320423088407459,2.153305282720616,0.8034400537226373,0.7149884577135285,-0.04107712766921451,0.11009109590601007
weber_fechner,pi,gaussian,0.05,20,11,0.003166782398002991,0.0,2.153305282720616,0.0068190492668465,0.0,-0.003166782398002991,1.0
weber_fechner,pi,gaussian,0.25,20,11,0.040593143241311726,0.0,2.153305282720616,0.0874094297837512,0.0,-0.040593143241311726,1.0
weber_fechner,pi,gaussian,1.0,20,11,0.01444396722535488,0.0,2.153305282720616,0.0311022709298001,0.0,-0.01444396722535488,1.0
weber_fechner,pi,gaussian,5.0,20,11,0.00010459238229088645,0.0,2.153305282720616,0.0002252193293193,0.0,-0.00010459238229088645,1.0
weber_fechner,pi,gaussian,0.05,0,7,0.07932848116689775,0.0734591719061838,2.153305282720616,0.1708184375668838,0.1581800229298674,-0.0058693092607139535,0.07398741504158668
weber_fechner,pi,gaussian,0.25,0,7,0.10111504645407403,0.14479446589526399,2.153305282720616,0.2177315636920981,0.311786688320982,0.04367941944118996,-0.43197744522650194
weber_fechner,pi,gaussian,1.0,0,7,0.08336951917380901,0.14561259927021852,2.153305282720616,0.1795200260548406,0.3135483792392416,0.06224308009640951,-0.7465927681152265
weber_fechner,pi,gaussian,5.0,0,7,0.15220377514339822,0.1503768539554429,2.153305282720616,0.3277411930663002,0.3238072740211617,-0.001826921187955327,0.012003126638837291
weber_fechner,pi,gaussian,0.05,20,7,0.0,-0.00020513722822943173,2.153305282720616,0.0,-0.0004417230772291,-0.00020513722822943173,
weber_fechner,pi,gaussian,0.25,20,7,0.0,-0.00020032090748721136,2.153305282720616,0.0,-0.0004313520683316,-0.00020032090748721136,
weber_fechner,pi,gaussian,1.0,20,7,0.0,0.0009401884179471332,2.153305282720616,0.0,0.0020245126871183,0.0009401884179471332,
weber_fechner,pi,gaussian,5.0,20,7,0.0,0.007541943342016961,2.153305282720616,0.0,0.0162401064403447,0.007541943342016961,
weber_fechner,pi,gaussian,0.05,0,8,0.021366772931481978,0.04598844597466501,2.153305282720616,0.046009185028052,0.0990271636613578,0.024621673043183034,-1.1523346610243261
weber_fechner,pi,gaussian,0.25,0,8,0.33431802285983164,0.341056011120999,2.153305282720616,0.7198887647327871,0.7343977104504682,0.006737988261167338,-0.02015442722330385
weber_fechner,pi,gaussian,1.0,0,8,0.3091601815583695,0.5122827376725902,2.153305282720616,0.6657162521565018,1.103101125276968,0.20312255611422075,-0.657013963086547
weber_fechner,pi,gaussian,5.0,0,8,0.4714710651048951,0.49275329381744926,2.153305282720616,1.015221135140286,1.0610482706550972,0.02128222871255414,-0.04514005267283827
weber_fechner,pi,gaussian,0.05,20,8,0.041455749779736865,0.0,2.153305282720616,0.0892668849998514,0.0,-0.041455749779736865,1.0
weber_fechner,pi,gaussian,0.25,20,8,0.041045458478796364,0.0,2.153305282720616,0.0883834025740819,0.0,-0.041045458478796364,1.0
weber_fechner,pi,gaussian,1.0,20,8,0.0006318297651387517,0.0,2.153305282720616,0.0013605223710534,0.0,-0.0006318297651387517,1.0
weber_fechner,pi,gaussian,5.0,20,8,0.0679533534740704,0.0,2.153305282720616,0.1463243150142971,0.0,-0.0679533534740704,1.0
weber_fechner,pi,gaussian,0.05,0,9,0.01305964871241704,0.017482492651121236,2.153305282720616,0.0281214105629231,0.0376451437807837,0.004422843938704195,-0.3386648474318441
weber_fechner,pi,gaussian,0.25,0,9,0.031258506374213096,0.07483243689618124,2.153305282720616,0.0673091069055491,0.1611370816874042,0.043573930521968146,-1.3939863280836327
weber_fechner,pi,gaussian,1.0,0,9,-0.015505602301621537,0.08428792183672137,2.153305282720616,-0.0333882953478466,0.1814976273605545,0.09979352413834292,
weber_fechner,pi,gaussian,5.0,0,9,0.1359368699181106,0.13860185566622338,2.153305282720616,0.2927135801111727,0.2984521080009591,0.0026649857481127748,-0.019604583728595415
weber_fechner,pi,gaussian,0.05,20,9,0.0,0.0,2.153305282720616,0.0,0.0,0.0,
weber_fechner,pi,gaussian,0.25,20,9,0.0,0.0,2.153305282720616,0.0,0.0,0.0,
weber_fechner,pi,gaussian,1.0,20,9,0.0,0.0,2.153305282720616,0.0,0.0,0.0,
weber_fechner,pi,gaussian,5.0,20,9,0.0,0.0,2.153305282720616,0.0,0.0,0.0,
weber_fechner,qnei,gaussian,0.05,0,10,-0.004103892311746009,-0.0014281270849987953,2.153305282720616,-0.0088369329945992,-0.0030751935965243,0.0026757652267472135,
weber_fechner,qnei,gaussian,0.25,0,10,0.08939853375120202,0.013167742954754947,2.153305282720616,0.1925023349939406,0.028354170465981,-0.07623079079644707,0.852707394604468
weber_fechner,qnei,gaussian,1.0,0,10,0.14086465973284343,0.09046276663427605,2.153305282720616,0.3033246159513738,0.1947939532831089,-0.05040189309856738,0.35780367619640707
weber_fechner,qnei,gaussian,5.0,0,10,0.11852757524861914,0.0739912507963041,2.153305282720616,0.2552260539309169,0.1593257512147876,-0.044536324452315035,0.3757465244597914
weber_fechner,qnei,gaussian,0.05,20,10,-0.0002703476999599833,0.0,2.153305282720616,-0.0005821411304952,0.0,0.0002703476999599833,
weber_fechner,qnei,gaussian,0.25,20,10,-0.0002703476999599833,0.0,2.153305282720616,-0.0005821411304952,0.0,0.0002703476999599833,
weber_fechner,qnei,gaussian,1.0,20,10,0.006623518649020612,0.0,2.153305282720616,0.0142624576971346,0.0,-0.006623518649020612,1.0
weber_fechner,qnei,gaussian,5.0,20,10,0.006623518649020612,0.0,2.153305282720616,0.0142624576971346,0.0,-0.006623518649020612,1.0
weber_fechner,qnei,gaussian,0.05,0,11,0.002132795528077321,0.0063645572195853645,2.153305282720616,0.0045925598775718,0.0137048346831108,0.004231761691508044,-1.9841384866944582
weber_fechner,qnei,gaussian,0.25,0,11,0.15546518320116592,-0.030021078967508812,2.153305282720616,0.3347640002661989,-0.0646445479337095,-0.18548626216867473,1.1931048376835776
weber_fechner,qnei,gaussian,1.0,0,11,0.14184789229933517,0.07606649704426814,2.153305282720616,0.3054418158309434,0.1637943899234747,-0.06578139525506703,0.4637460182788725
weber_fechner,qnei,gaussian,5.0,0,11,0.18111527173128183,0.05376213758956648,2.153305282720616,0.389996471400349,0.1157662948819661,-0.12735313414171534,0.7031606607457563
weber_fechner,qnei,gaussian,0.05,20,11,0.0,0.0,2.153305282720616,0.0,0.0,0.0,
weber_fechner,qnei,gaussian,0.25,20,11,0.0,0.0,2.153305282720616,0.0,0.0,0.0,
weber_fechner,qnei,gaussian,1.0,20,11,0.0,0.0,2.153305282720616,0.0,0.0,0.0,
weber_fechner,qnei,gaussian,5.0,20,11,0.0,0.0,2.153305282720616,0.0,0.0,0.0,
weber_fechner,qnei,gaussian,0.05,0,7,-0.0007187244740356215,-0.000939861257374987,2.153305282720616,-0.0015476332067615,-0.00202380821053,-0.00022113678333936552,
weber_fechner,qnei,gaussian,0.25,0,7,0.031595551624200795,-0.0008383366512452001,2.153305282720616,0.0680348682228635,-0.0018051947398246,-0.03243388827544599,1.0265333760023063
weber_fechner,qnei,gaussian,1.0,0,7,0.055591092143445126,-0.007910438902824469,2.153305282720616,0.1197045923846889,-0.0170335898780906,-0.0635015310462696,1.1422968788311025
weber_fechner,qnei,gaussian,5.0,0,7,0.048379419788175365,0.025477416047253242,2.153305282720616,0.1041756602048363,0.0548606545646214,-0.022902003740922123,0.47338318320468376
weber_fechner,qnei,gaussian,0.05,20,7,0.0,0.0,2.153305282720616,0.0,0.0,0.0,
weber_fechner,qnei,gaussian,0.25,20,7,0.0,0.0,2.153305282720616,0.0,0.0,0.0,
weber_fechner,qnei,gaussian,1.0,20,7,0.0,0.0,2.153305282720616,0.0,0.0,0.0,
weber_fechner,qnei,gaussian,5.0,20,7,0.0,0.0,2.153305282720616,0.0,0.0,0.0,
weber_fechner,qnei,gaussian,0.05,0,8,0.02234581207917148,0.010399814472874976,2.153305282720616,0.0481173551967621,0.022393975443756,-0.011945997606296506,0.5345967093955544
weber_fechner,qnei,gaussian,0.25,0,8,0.0411156510521301,-0.005917407878706082,2.153305282720616,0.0885345486130492,-0.0127419856452304,-0.04703305893083618,1.1439210550552503
weber_fechner,qnei,gaussian,1.0,0,8,0.07093183472642033,0.004364724046091255,2.153305282720616,0.1527378944294665,0.009398583346066,-0.06656711068032907,0.9384659361635614
weber_fechner,qnei,gaussian,5.0,0,8,0.2097457947071812,-0.07984956417187693,2.153305282720616,0.451646727771407,-0.1719404883542414,-0.28959535887905813,1.3806968539386075
weber_fechner,qnei,gaussian,0.05,20,8,0.0,0.0,2.153305282720616,0.0,0.0,0.0,
weber_fechner,qnei,gaussian,0.25,20,8,0.0,0.0,2.153305282720616,0.0,0.0,0.0,
weber_fechner,qnei,gaussian,1.0,20,8,0.0,0.0,2.153305282720616,0.0,0.0,0.0,
weber_fechner,qnei,gaussian,5.0,20,8,0.0,0.0,2.153305282720616,0.0,0.0,0.0,
weber_fechner,qnei,gaussian,0.05,0,9,0.0058067748973131186,-0.013600526483337743,2.153305282720616,0.0125037590619538,-0.0292860855243528,-0.01940730138065086,3.342182489221497
weber_fechner,qnei,gaussian,0.25,0,9,0.037750911395868066,-0.013665274299134092,2.153305282720616,0.0812892369362406,-0.0294255073381517,-0.051416185695002156,1.3619852817812974
weber_fechner,qnei,gaussian,1.0,0,9,0.12312557224352481,0.036656792414193194,2.153305282720616,0.2651269451499808,0.0789332647530752,-0.08646877982933163,0.7022812422614265
weber_fechner,qnei,gaussian,5.0,0,9,0.008572899610365435,0.0036926123898946275,2.153305282720616,0.0184600700192334,0.0079513217661997,-0.004880287220470808,0.5692691437293964
weber_fechner,qnei,gaussian,0.05,20,9,0.0,-0.004408535427990019,2.153305282720616,0.0,-0.0094929226261519,-0.004408535427990019,
weber_fechner,qnei,gaussian,0.25,20,9,0.0,0.01898430197464765,2.153305282720616,0.0,0.0408789977307722,0.01898430197464765,
weber_fechner,qnei,gaussian,1.0,20,9,0.0,-0.011505637560392495,2.153305282720616,0.0,-0.0247751501398619,-0.011505637560392495,
weber_fechner,qnei,gaussian,5.0,20,9,0.0,-0.011505637560392495,2.153305282720616,0.0,-0.0247751501398619,-0.011505637560392495,
weber_fechner,qucb,gaussian,0.05,0,10,0.001985699779748589,0.0026548707087895203,2.153305282720616,0.0042758178256298,0.0057167471221767,0.0006691709290409312,-0.3369950159966555
weber_fechner,qucb,gaussian,0.25,0,10,0.0075203503308493335,0.0056608188637435036,2.153305282720616,0.0161936100953276,0.0121894711638234,-0.00185953146710583,0.2472666013281084
weber_fechner,qucb,gaussian,1.0,0,10,0.03300186895246706,-0.002401030267707475,2.153305282720616,0.0710630987550008,-0.0051701511594266,-0.03540289922017453,1.072754372522529
weber_fechner,qucb,gaussian,5.0,0,10,0.11163774992614037,0.04040678164352324,2.153305282720616,0.2403901566670011,0.087008136370737,-0.07123096828261713,0.6380544961694732
weber_fechner,qucb,gaussian,0.05,20,10,0.0,0.0,2.153305282720616,0.0,0.0,0.0,
weber_fechner,qucb,gaussian,0.25,20,10,0.0,0.0,2.153305282720616,0.0,0.0,0.0,
weber_fechner,qucb,gaussian,1.0,20,10,0.0,0.0,2.153305282720616,0.0,0.0,0.0,
weber_fechner,qucb,gaussian,5.0,20,10,0.0,0.0,2.153305282720616,0.0,0.0,0.0,
weber_fechner,qucb,gaussian,0.05,0,11,0.01592396906159047,-0.02095324690435272,2.153305282720616,0.0342891667022024,-0.0451187372492921,-0.03687721596594319,2.3158306715687584
weber_fechner,qucb,gaussian,0.25,0,11,0.01329974148024358,-0.035398238920453025,2.153305282720616,0.028638403588227,-0.076223214866418,-0.0486979804006966,3.6615734578778234
weber_fechner,qucb,gaussian,1.0,0,11,0.1518357886747485,-0.014341368538851188,2.153305282720616,0.326948805859387,-0.0308813446361515,-0.16617715721359969,1.0944531501039734
weber_fechner,qucb,gaussian,5.0,0,11,0.1483134834858336,0.10535137844054271,2.153305282720616,0.3193642074887423,0.2268536797379194,-0.04296210504529088,0.2896709323761145
weber_fechner,qucb,gaussian,0.05,20,11,0.0,0.003172931328071082,2.153305282720616,0.0,0.0068322897904452,0.003172931328071082,
weber_fechner,qucb,gaussian,0.25,20,11,0.0,0.008697534136428927,2.153305282720616,0.0,0.0187284462026153,0.008697534136428927,
weber_fechner,qucb,gaussian,1.0,20,11,0.0,0.014009207381827359,2.153305282720616,0.0,0.0301661002620175,0.014009207381827359,
weber_fechner,qucb,gaussian,5.0,20,11,0.0,-0.005020668100034423,2.153305282720616,0.0,-0.010811031142591,-0.005020668100034423,
weber_fechner,qucb,gaussian,0.05,0,7,-0.001930099523307137,-0.0019694048309851385,2.153305282720616,-0.0041560934997138,-0.0042407298263758,-3.930530767800146e-05,
weber_fechner,qucb,gaussian,0.25,0,7,-0.0008821238141454703,-0.0019876207694645358,2.153305282720616,-0.0018994818690131,-0.0042799543029332,-0.0011054969553190655,
weber_fechner,qucb,gaussian,1.0,0,7,0.035653168972766755,0.01576630756137826,2.153305282720616,0.0767721570947894,0.0339496733609138,-0.019886861411388495,0.5577866423761331
weber_fechner,qucb,gaussian,5.0,0,7,0.13650238336908424,0.0974992876534188,2.153305282720616,0.2939313032126038,0.2099457311656036,-0.039003095715665445,0.2857319759040857
weber_fechner,qucb,gaussian,0.05,20,7,0.0,0.0,2.153305282720616,0.0,0.0,0.0,
weber_fechner,qucb,gaussian,0.25,20,7,0.0,0.0,2.153305282720616,0.0,0.0,0.0,
weber_fechner,qucb,gaussian,1.0,20,7,0.0,0.0,2.153305282720616,0.0,0.0,0.0,
weber_fechner,qucb,gaussian,5.0,20,7,0.0,0.0,2.153305282720616,0.0,0.0,0.0,
weber_fechner,qucb,gaussian,0.05,0,8,0.006832550180089679,0.01088074631595032,2.153305282720616,0.0147125663972408,0.0234295685220787,0.004048196135860641,-0.592486850320872
weber_fechner,qucb,gaussian,0.25,0,8,0.04532257435457521,0.0705770042165323,2.153305282720616,0.0975933387842047,0.1519738360180542,0.025254429861957098,-0.5572152557880403
weber_fechner,qucb,gaussian,1.0,0,8,0.22449674271676642,0.2545688475564093,2.153305282720616,0.4834100220455841,0.5481644442593153,0.03007210483964287,-0.1339534127565627
weber_fechner,qucb,gaussian,5.0,0,8,0.34229208815091117,0.2979102758917554,2.153305282720616,0.7370593616488277,0.641491770854473,-0.04438181225915577,0.12966064304585545
weber_fechner,qucb,gaussian,0.05,20,8,0.0,0.0,2.153305282720616,0.0,0.0,0.0,
weber_fechner,qucb,gaussian,0.25,20,8,0.0,0.0,2.153305282720616,0.0,0.0,0.0,
weber_fechner,qucb,gaussian,1.0,20,8,0.0,0.0,2.153305282720616,0.0,0.0,0.0,
weber_fechner,qucb,gaussian,5.0,20,8,0.0,0.0,2.153305282720616,0.0,0.0,0.0,
weber_fechner,qucb,gaussian,0.05,0,9,0.001057834488917307,0.00017548197328911994,2.153305282720616,0.0022778405932297,0.0003778662601057,-0.0008823525156281869,0.834112070340299
weber_fechner,qucb,gaussian,0.25,0,9,0.011350993311744587,0.007613298074194264,2.153305282720616,0.024442153862306,0.0163937549620892,-0.0037376952375503232,0.3292835380039405
weber_fechner,qucb,gaussian,1.0,0,9,0.02451250103286813,0.0017588514676874988,2.153305282720616,0.0527828979667695,0.0037873441568924,-0.022753649565180632,0.928246755998945
weber_fechner,qucb,gaussian,5.0,0,9,0.048846456076797044,0.004157750026539971,2.153305282720616,0.1051813319123476,0.0089529050963803,-0.04468870605025707,0.9148812347818417
weber_fechner,qucb,gaussian,0.05,20,9,0.0,0.0,2.153305282720616,0.0,0.0,0.0,
weber_fechner,qucb,gaussian,0.25,20,9,0.0,0.0,2.153305282720616,0.0,0.0,0.0,
weber_fechner,qucb,gaussian,1.0,20,9,0.0,0.0,2.153305282720616,0.0,0.0,0.0,
weber_fechner,qucb,gaussian,5.0,20,9,0.0,0.0,2.153305282720616,0.0,0.0,0.0,
weber_fechner,ucb,gaussian,0.05,0,10,-0.001403271418634583,-0.0017740399688633648,2.153305282720616,-0.0030216717588367,-0.003820049636711,-0.00037076855022878186,
weber_fechner,ucb,gaussian,0.25,0,10,0.028368372022956754,0.01320563007505882,2.153305282720616,0.0610857653392165,0.0284357530022784,-0.015162741947897934,0.5344946102521383
weber_fechner,ucb,gaussian,1.0,0,10,0.06316980038186167,-0.0028874214455793914,2.153305282720616,0.1360238648706695,-0.0062174998522069,-0.06605722182744106,1.0457088898195803
weber_fechner,ucb,gaussian,5.0,0,10,0.2480162260880628,0.15046018881201792,2.153305282720616,0.5340546498358563,0.3239867194080595,-0.0975560372760449,0.393345382335613
weber_fechner,ucb,gaussian,0.05,20,10,0.0,0.0,2.153305282720616,0.0,0.0,0.0,
weber_fechner,ucb,gaussian,0.25,20,10,0.0,0.0,2.153305282720616,0.0,0.0,0.0,
weber_fechner,ucb,gaussian,1.0,20,10,0.0,0.0,2.153305282720616,0.0,0.0,0.0,
weber_fechner,ucb,gaussian,5.0,20,10,0.0,0.0,2.153305282720616,0.0,0.0,0.0,
weber_fechner,ucb,gaussian,0.05,0,11,0.01531512722584924,-0.020546024095306988,2.153305282720616,0.0329781443609595,-0.0442418622233296,-0.03586115132115623,2.3415509902280744
weber_fechner,ucb,gaussian,0.25,0,11,0.0781109065805916,-0.005510320041531471,2.153305282720616,0.1681966277780844,-0.011865401254911,-0.08362122662212307,1.0705448225190697
weber_fechner,ucb,gaussian,1.0,0,11,0.12442505641390646,0.043926873076590864,2.153305282720616,0.2679251312788754,0.0945879678492211,-0.08049818333731559,0.6469611962202708
weber_fechner,ucb,gaussian,5.0,0,11,0.14572229620371382,0.13793941360150386,2.153305282720616,0.3137845902256353,0.2970256680035022,-0.007782882602209967,0.05340900332321019
weber_fechner,ucb,gaussian,0.05,20,11,0.0,-0.0016269835999311731,2.153305282720616,0.0,-0.0035033923806316,-0.0016269835999311731,
weber_fechner,ucb,gaussian,0.25,20,11,0.0,0.008985546794326013,2.153305282720616,0.0,0.0193486253803555,0.008985546794326013,
weber_fechner,ucb,gaussian,1.0,20,11,0.0,0.017248562252235172,2.153305282720616,0.0,0.0371414202170734,0.017248562252235172,
weber_fechner,ucb,gaussian,5.0,20,11,0.0,-0.009917739981757458,2.153305282720616,0.0,-0.0213559218953678,-0.009917739981757458,
weber_fechner,ucb,gaussian,0.05,0,7,-0.0013408516021708996,-0.0014640381102165017,2.153305282720616,-0.002887262838299,-0.0031525209968335,-0.00012318650804560207,
weber_fechner,ucb,gaussian,0.25,0,7,0.0013661548403327266,-0.0014756145818286479,2.153305282720616,0.0029417484347028,-0.0031774486743112,-0.0028417694221613745,2.0801225002205914
weber_fechner,ucb,gaussian,1.0,0,7,0.042961073106837236,0.004852566614552271,2.153305282720616,0.0925083056722992,0.0104490573258691,-0.03810850649228496,0.8870473602350499
weber_fechner,ucb,gaussian,5.0,0,7,0.1628565419620919,0.16271018622121577,2.153305282720616,0.3506798521325841,0.3503647035425991,-0.00014635574087612513,0.0008986789177323207
weber_fechner,ucb,gaussian,0.05,20,7,0.0,0.0,2.153305282720616,0.0,0.0,0.0,
weber_fechner,ucb,gaussian,0.25,20,7,0.0,0.0,2.153305282720616,0.0,0.0,0.0,
weber_fechner,ucb,gaussian,1.0,20,7,0.0,0.0,2.153305282720616,0.0,0.0,0.0,
weber_fechner,ucb,gaussian,5.0,20,7,0.0,0.0,2.153305282720616,0.0,0.0,0.0,
weber_fechner,ucb,gaussian,0.05,0,8,-0.0056582486716809976,0.0018851755606601967,2.153305282720616,-0.0121839367556776,0.0040593584936254,0.007543424232341194,
weber_fechner,ucb,gaussian,0.25,0,8,0.09620668203707344,-0.01088250282548083,2.153305282720616,0.2071623566634528,-0.0234333508233299,-0.10708918486255427,1.113115872983617
weber_fechner,ucb,gaussian,1.0,0,8,0.03261974043289051,-0.04214417381102776,2.153305282720616,0.0702402593951184,-0.0907492721031819,-0.07476391424391826,2.291983726778333
weber_fechner,ucb,gaussian,5.0,0,8,0.1785795375410797,0.11088809787793492,2.153305282720616,0.3845362615730114,0.238775926951398,-0.06769143966314477,0.37905484914571086
weber_fechner,ucb,gaussian,0.05,20,8,0.0,0.0,2.153305282720616,0.0,0.0,0.0,
weber_fechner,ucb,gaussian,0.25,20,8,0.0,0.0,2.153305282720616,0.0,0.0,0.0,
weber_fechner,ucb,gaussian,1.0,20,8,0.0,0.0,2.153305282720616,0.0,0.0,0.0,
weber_fechner,ucb,gaussian,5.0,20,8,0.0,0.0,2.153305282720616,0.0,0.0,0.0,
weber_fechner,ucb,gaussian,0.05,0,9,-0.00475963480560098,0.001105810654921867,2.153305282720616,-0.0102489467707215,0.002381147924932,0.005865445460522847,
weber_fechner,ucb,gaussian,0.25,0,9,0.012699840759912229,-0.006301585671038528,2.153305282720616,0.0273466341980296,-0.0135692377149638,-0.019001426430950756,1.496194069687066
weber_fechner,ucb,gaussian,1.0,0,9,0.04620622083443241,0.08840297709273609,2.153305282720616,0.0994960994173387,0.1903585975820182,0.04219675625830368,-0.9132267364930022
weber_fechner,ucb,gaussian,5.0,0,9,0.003225173942645996,-0.0134093410484938,2.153305282720616,0.0069447840883925,-0.0288744049175241,-0.016634514991139795,5.157710959766875
weber_fechner,ucb,gaussian,0.05,20,9,0.0,0.0,2.153305282720616,0.0,0.0,0.0,
weber_fechner,ucb,gaussian,0.25,20,9,0.0,0.0,2.153305282720616,0.0,0.0,0.0,
weber_fechner,ucb,gaussian,1.0,20,9,0.0,0.0,2.153305282720616,0.0,0.0,0.0,
weber_fechner,ucb,gaussian,5.0,20,9,0.0,0.0,2.153305282720616,0.0,0.0,0.0,
yerkes_dodson,ei,gaussian,0.05,0,10,-0.1382318781770351,-0.3100889228388371,3.5354125437868587,-0.4887067160583069,-1.09629226749378,-0.171857044661802,
yerkes_dodson,ei,gaussian,0.25,0,10,-0.14678588336848372,-0.2913998288745956,3.5354125437868587,-0.5189486533117722,-1.0302186102605893,-0.14461394550611187,
yerkes_dodson,ei,gaussian,1.0,0,10,0.28128938725293284,0.03094229489606203,3.5354125437868587,0.994474028128138,0.1093937775090898,-0.2503470923568708,0.8899983565030877
yerkes_dodson,ei,gaussian,5.0,0,10,0.4063435201155446,0.09616012125359008,3.5354125437868587,1.436591978103004,0.3399656988920077,-0.3101833988619545,0.7633526400857906
yerkes_dodson,ei,gaussian,0.05,20,10,0.07730842158507364,-0.0008834184435743159,3.5354125437868587,0.2733171634122321,-0.0031232486468253,-0.07819184002864796,1.0114271954524665
yerkes_dodson,ei,gaussian,0.25,20,10,0.0582613565690441,0.0,3.5354125437868587,0.2059779308322374,0.0,-0.0582613565690441,1.0
yerkes_dodson,ei,gaussian,1.0,20,10,0.25138869821210386,0.0,3.5354125437868587,0.888762757025321,0.0,-0.25138869821210386,1.0
yerkes_dodson,ei,gaussian,5.0,20,10,0.10739890371666949,0.0,3.5354125437868587,0.3796994313888704,0.0,-0.10739890371666949,1.0
yerkes_dodson,ei,gaussian,0.05,0,11,0.013362692902260614,0.009656125436694389,3.5354125437868587,0.0472426321054238,0.0341383869932687,-0.0037065674655662254,0.2773817742185164
yerkes_dodson,ei,gaussian,0.25,0,11,0.010507530899019684,0.008503150941169702,3.5354125437868587,0.0371484565446222,0.0300621464991244,-0.002004379957849982,0.19075651331531973
yerkes_dodson,ei,gaussian,1.0,0,11,0.09351049121148022,0.20208202087943725,3.5354125437868587,0.330598163604738,0.7144433114909603,0.10857152966795702,-1.1610625531034295
yerkes_dodson,ei,gaussian,5.0,0,11,0.3985678063859753,0.45984403506530414,3.5354125437868587,1.409101622246589,1.6257383697554404,0.06127622867932886,-0.15374103903411762
yerkes_dodson,ei,gaussian,0.05,20,11,0.004283428908019504,-0.0038115629333255545,3.5354125437868587,0.0151436882918314,-0.0134754474059122,-0.008094991841345059,1.8898391954607874
yerkes_dodson,ei,gaussian,0.25,20,11,0.0051447618222044645,-0.0019502261703817085,3.5354125437868587,0.0181888554810174,-0.0068948540659889,-0.0070949879925861735,1.3790702539356936
yerkes_dodson,ei,gaussian,1.0,20,11,0.00249195362593148,0.0011391879155784905,3.5354125437868587,0.0088100841076533,0.0040274992464666,-0.0013527657103529897,0.5428534850231542
yerkes_dodson,ei,gaussian,5.0,20,11,0.006122537362158028,0.010721661170720402,3.5354125437868587,0.0216456953899772,0.0379054953931974,0.004599123808562373,-0.7511793781755391
yerkes_dodson,ei,gaussian,0.05,0,7,-0.00016493665986524678,-0.019172654359825025,3.5354125437868587,-0.0005831191362179,-0.0677832427214152,-0.019007717699959778,
yerkes_dodson,ei,gaussian,0.25,0,7,-0.01856720773988727,0.043096220499309765,3.5354125437868587,-0.0656427391466939,0.1523629185430641,0.06166342823919703,
yerkes_dodson,ei,gaussian,1.0,0,7,0.14763871561001748,0.08437857911032803,3.5354125437868587,0.5219637671162365,0.2983130870135655,-0.06326013649968945,0.42847932019937707
yerkes_dodson,ei,gaussian,5.0,0,7,0.25843815002147835,0.23714575519406433,3.5354125437868587,0.9136854773790046,0.8384080776189027,-0.02129239482741402,0.08238874494978565
yerkes_dodson,ei,gaussian,0.05,20,7,-0.002915233441803548,0.0001174203127439396,3.5354125437868587,-0.0103065528782192,0.0004151292465703,0.0030326537545474876,
yerkes_dodson,ei,gaussian,0.25,20,7,-0.0026247607047378417,0.0004201091826620907,3.5354125437868587,-0.009279611919969,0.0014852592741436,0.0030448698873999326,
yerkes_dodson,ei,gaussian,1.0,20,7,0.008477087088707156,0.0008570670031544914,3.5354125437868587,0.0299700000281889,0.0030300854338182,-0.007620020085552664,0.8988960483494097
yerkes_dodson,ei,gaussian,5.0,20,7,0.008477087088707156,0.0009725785732420585,3.5354125437868587,0.0299700000281889,0.0034384664876583,-0.007504508515465097,0.8852697202394335
yerkes_dodson,ei,gaussian,0.05,0,8,0.007360157502602291,0.0015165668783944733,3.5354125437868587,0.0260211931589471,0.0053616895653675,-0.005843590624207818,0.7939491270589972
yerkes_dodson,ei,gaussian,0.25,0,8,0.08901286311296394,0.09853970597866889,3.5354125437868587,0.3146971928079553,0.3483785125780549,0.009526842865704946,-0.10702770962006558
yerkes_dodson,ei,gaussian,1.0,0,8,0.22772387693293292,0.2468696483359873,3.5354125437868587,0.8050978510284659,0.8727860514073,0.019145771403054374,-0.08407450136945016
yerkes_dodson,ei,gaussian,5.0,0,8,0.3118605917343506,0.4283864728325714,3.5354125437868587,1.1025558479304154,1.5145229096408814,0.11652588109822082,-0.37364734175031655
yerkes_dodson,ei,gaussian,0.05,20,8,0.0004152642384778533,0.0014060941177816042,3.5354125437868587,0.0014681303977007,0.00497112278175,0.0009908298793037508,-2.3860226513499634
yerkes_dodson,ei,gaussian,0.25,20,8,0.0004152642384778533,0.004830949033103667,3.5354125437868587,0.0014681303977007,0.0170793978100297,0.0044156847946258135,-10.633433812676621
yerkes_dodson,ei,gaussian,1.0,20,8,-0.0009648660774241041,0.004830949033103667,3.5354125437868587,-0.0034111996331996,0.0170793978100297,0.005795815110527771,
yerkes_dodson,ei,gaussian,5.0,20,8,0.0004152642384778533,0.004830949033103667,3.5354125437868587,0.0014681303977007,0.0170793978100297,0.0044156847946258135,-10.633433812676621
yerkes_dodson,ei,gaussian,0.05,0,9,0.2932722412375652,0.20357022181400553,3.5354125437868587,1.0368383604157736,0.7197047157427083,-0.08970201942355965,0.3058660412080956
yerkes_dodson,ei,gaussian,0.25,0,9,-0.10589077519007796,-0.07371843644650695,3.5354125437868587,-0.3743675748783159,-0.260625084921335,0.032172338743571005,
yerkes_dodson,ei,gaussian,1.0,0,9,-0.02636773478163098,0.022568281038065702,3.5354125437868587,-0.0932208202982232,0.0797881838736846,0.048936015819696685,
yerkes_dodson,ei,gaussian,5.0,0,9,-0.2612094713062509,0.21318513517782522,3.5354125437868587,-0.923483241412053,0.7536974010565805,0.4743946064840761,
yerkes_dodson,ei,gaussian,0.05,20,9,-0.1840101464293175,0.01081439507868044,3.5354125437868587,-0.6505517798702658,0.0382333480146337,0.19482454150799794,
yerkes_dodson,ei,gaussian,0.25,20,9,0.0091009529121077,0.008527070956940285,3.5354125437868587,0.0321756230858791,0.0301467136229273,-0.0005738819551674157,0.06305734802824181
yerkes_dodson,ei,gaussian,1.0,20,9,0.00699063995823009,0.06749712404455845,3.5354125437868587,0.0247147961974243,0.2386301790166695,0.06050648408632835,-8.65535694126172
yerkes_dodson,ei,gaussian,5.0,20,9,0.0091009529121077,0.22698959336388727,3.5354125437868587,0.0321756230858791,0.8025018556877653,0.21788864045177958,-23.941299615110136
yerkes_dodson,logei,gaussian,0.05,0,10,-0.24111392377918553,-0.052301316225469886,3.5354125437868587,-0.8524371906106011,-0.1849067294400894,0.18881260755371565,
yerkes_dodson,logei,gaussian,0.25,0,10,-0.2054022972363444,-0.35819022322590977,3.5354125437868587,-0.7261818581720088,-1.2663502082546965,-0.15278792598956537,
yerkes_dodson,logei,gaussian,1.0,0,10,0.04878311743520243,0.23422339296722686,3.5354125437868587,0.1724684453054421,0.8280763215446525,0.1854402755320244,-3.801320729007136
yerkes_dodson,logei,gaussian,5.0,0,10,0.46789369419586146,0.18616124404704315,3.5354125437868587,1.654197235618821,0.6581567973708831,-0.2817324501488183,0.6021291879836372
yerkes_dodson,logei,gaussian,0.05,20,10,-0.12843624561576844,-0.10488433827188089,3.5354125437868587,-0.4540751138268777,-0.3708094051731918,0.023551907343887554,
yerkes_dodson,logei,gaussian,0.25,20,10,0.12335688038940941,-0.0008045360732400795,3.5354125437868587,0.4361174622911332,-0.002844366925262,-0.12416141646264948,1.0065220202610534
yerkes_dodson,logei,gaussian,1.0,20,10,0.12222135144883793,0.0,3.5354125437868587,0.4321028990308038,0.0,-0.12222135144883793,1.0
yerkes_dodson,logei,gaussian,5.0,20,10,0.13101227326332682,0.0,3.5354125437868587,0.4631824342851973,0.0,-0.13101227326332682,1.0
yerkes_dodson,logei,gaussian,0.05,0,11,0.020281877260717077,0.003354255747334032,3.5354125437868587,0.0717048032790846,0.0118586778441939,-0.016927621513383045,0.8346180827239933
yerkes_dodson,logei,gaussian,0.25,0,11,0.01239616270925921,0.03599805850920794,3.5354125437868587,0.0438255491371379,0.127267987605427,0.02360189579994873,-1.903967893412652
yerkes_dodson,logei,gaussian,1.0,0,11,0.07198156624755019,0.06048052974339294,3.5354125437868587,0.2544845322330137,0.2138236235096656,-0.011501036504157243,0.1597775250486254
yerkes_dodson,logei,gaussian,5.0,0,11,0.4614144223054841,0.4609196238644543,3.5354125437868587,1.6312903365029754,1.6295410198879123,-0.0004947984410297868,0.0010723514851518345
yerkes_dodson,logei,gaussian,0.05,20,11,-0.0018832421610697314,0.003809394874945078,3.5354125437868587,-0.0066580379592342,0.0134677824251182,0.00569263703601481,
yerkes_dodson,logei,gaussian,0.25,20,11,0.006413781563714801,0.0034376153589562807,3.5354125437868587,0.0226753637934662,0.0121533884607684,-0.00297616620475852,0.4640267485247429
yerkes_dodson,logei,gaussian,1.0,20,11,0.007695969355850945,0.006680826171580122,3.5354125437868587,0.0272084265972747,0.0236194766498639,-0.001015143184270823,0.13190582463780853
yerkes_dodson,logei,gaussian,5.0,20,11,0.007695969355850945,0.012565592870489443,3.5354125437868587,0.0272084265972747,0.0444245546544471,0.0048696235146384985,-0.6327498576818416
yerkes_dodson,logei,gaussian,0.05,0,7,0.0018311523430468697,-0.02341339120148493,3.5354125437868587,0.0064738789631926,-0.0827759969463187,-0.025244543544531803,13.786151458336445
yerkes_dodson,logei,gaussian,0.25,0,7,0.024873294301666574,0.009889387322420876,3.5354125437868587,0.0879373566794142,0.0349630639900535,-0.014983906979245698,0.602409427457373
yerkes_dodson,logei,gaussian,1.0,0,7,0.18262444890894186,0.05492941222846069,3.5354125437868587,0.6456527674748354,0.1941981330153392,-0.12769503668048116,0.6992220233565278
yerkes_dodson,logei,gaussian,5.0,0,7,0.17549188849369268,0.22538423322868337,3.5354125437868587,0.6204362239134458,0.7968262453284701,0.049892344734990685,-0.28430000476508543
yerkes_dodson,logei,gaussian,0.05,20,7,-0.0006646998727820532,-0.0029919063225086807,3.5354125437868587,-0.0023499882680872,-0.0105776231424324,-0.0023272064497266275,
yerkes_dodson,logei,gaussian,0.25,20,7,0.007010470805354257,-0.001528370494267715,3.5354125437868587,0.024784906423101,-0.0054034202169878,-0.008538841299621971,1.2180125324964508
yerkes_dodson,logei,gaussian,1.0,20,7,0.007010470805354257,-0.0006365335210781195,3.5354125437868587,0.024784906423101,-0.0022504085949604,-0.007647004326432377,1.0907975425262404
yerkes_dodson,logei,gaussian,5.0,20,7,0.007010470805354257,0.0007989808075393014,3.5354125437868587,0.024784906423101,0.0028247267692194,-0.006211489997814955,0.8860303637625766
yerkes_dodson,logei,gaussian,0.05,0,8,0.022912170156272327,-0.004435818275899305,3.5354125437868587,0.0810039737758641,-0.0156824475745734,-0.027347988432171632,1.1936009660213254
yerkes_dodson,logei,gaussian,0.25,0,8,0.005454324003607948,-0.016724465504695304,3.5354125437868587,0.0192832855002333,-0.0591278851334304,-0.02217878950830325,4.066276497991748
yerkes_dodson,logei,gaussian,1.0,0,8,0.3245716497950966,0.07693380987042142,3.5354125437868587,1.14749468204318,0.2719927564572011,-0.2476378399246752,0.762968176921829
yerkes_dodson,logei,gaussian,5.0,0,8,0.44503383977388344,0.37375049982298764,3.5354125437868587,1.5733782195462185,1.3213622053207985,-0.07128333995089581,0.16017510036341065
yerkes_dodson,logei,gaussian,0.05,20,8,0.0039960251334031915,-0.0049721695905098244,3.5354125437868587,0.0141275973819212,-0.017578670740124,-0.008968194723913015,2.2442788582451447
yerkes_dodson,logei,gaussian,0.25,20,8,0.003553759937120298,-0.004881450307744577,3.5354125437868587,0.0125640074593023,-0.0172579406498724,-0.008435210244864875,2.3736015921492264
yerkes_dodson,logei,gaussian,1.0,20,8,0.0039960251334031915,-1.0775996183462853e-05,3.5354125437868587,0.0141275973819212,-3.8097592078813886e-05,-0.004006801129586655,1.0026966787804674
yerkes_dodson,logei,gaussian,5.0,20,8,0.0039960251334031915,0.0,3.5354125437868587,0.0141275973819212,0.0,-0.0039960251334031915,1.0
yerkes_dodson,logei,gaussian,0.05,0,9,-0.1734926934928509,-0.07354997639656087,3.5354125437868587,-0.6133682448299937,-0.2600295091476287,0.09994271709629003,
yerkes_dodson,logei,gaussian,0.25,0,9,-0.22224749281297457,-0.04397301626181464,3.5354125437868587,-0.78573657391617,-0.155462753280163,0.1782744765511599,
yerkes_dodson,logei,gaussian,1.0,0,9,-0.051699500453139056,0.156867004697185,3.5354125437868587,-0.1827790624095422,0.5545895761127,0.20856650515032407,
yerkes_dodson,logei,gaussian,5.0,0,9,0.07615977888155066,0.46094390877458113,3.5354125437868587,0.2692562375898677,1.6296268770637996,0.38478412989303046,-5.052327298526894
yerkes_dodson,logei,gaussian,0.05,20,9,0.02953270827117347,-0.005407336104038592,3.5354125437868587,0.1044103072739046,-0.0191171638906896,-0.03494004437521206,1.1830965197769088
yerkes_dodson,logei,gaussian,0.25,20,9,0.11305935019379765,0.07814537207338347,3.5354125437868587,0.3997114448675434,0.2762761286671312,-0.03491397812041418,0.3088110630440324
yerkes_dodson,logei,gaussian,1.0,20,9,0.11305935019379765,0.032240079170484354,3.5354125437868587,0.3997114448675434,0.1139819803120118,-0.0808192710233133,0.7148393377883308
yerkes_dodson,logei,gaussian,5.0,20,9,0.11305935019379765,0.07814537207338347,3.5354125437868587,0.3997114448675434,0.2762761286671312,-0.03491397812041418,0.3088110630440324
yerkes_dodson,pi,gaussian,0.05,0,10,0.020861134700236407,0.03206037504454648,3.5354125437868587,0.0737527172968431,0.1133466520910008,0.011199240344310073,-0.536847132490025
yerkes_dodson,pi,gaussian,0.25,0,10,0.2229884362300351,0.3695028661130911,3.5354125437868587,0.7883561145670821,1.3063450678214183,0.146514429883056,-0.6570494522501229
yerkes_dodson,pi,gaussian,1.0,0,10,0.18918120085426907,0.4688480264488008,3.5354125437868587,0.6688335905488441,1.6575711938368032,0.2796668255945317,-1.478301355164597
yerkes_dodson,pi,gaussian,5.0,0,10,0.739713478449314,0.6619956329662559,3.5354125437868587,2.615192310517915,2.3404276647210223,-0.07771784548305816,0.10506479569086757
yerkes_dodson,pi,gaussian,0.05,20,10,-0.0030189785067220062,0.002715504766822083,3.5354125437868587,-0.0106733344820879,0.0096004296153358,0.005734483273544089,
yerkes_dodson,pi,gaussian,0.25,20,10,0.05684163075914626,0.001735801950173222,3.5354125437868587,0.2009586143951866,0.0061367759881721,-0.05510582880897304,0.9694624885494877
yerkes_dodson,pi,gaussian,1.0,20,10,0.04859949378365932,0.0037055457623118354,3.5354125437868587,0.1718192599444406,0.0131006329696535,-0.04489394802134748,0.9237534082390431
yerkes_dodson,pi,gaussian,5.0,20,10,0.11593357746099145,0.0035783032522649174,3.5354125437868587,0.4098730240016746,0.0126507782035307,-0.11235527420872653,0.9691348845551763
yerkes_dodson,pi,gaussian,0.05,0,11,-0.007621111463925375,-0.031812087846152526,3.5354125437868587,-0.0269437730671596,-0.1124688544153371,-0.02419097638222715,
yerkes_dodson,pi,gaussian,0.25,0,11,0.01631657183336883,-0.058396369366722246,3.5354125437868587,0.0576858127312915,-0.2064552567707205,-0.07471294120009107,4.578960701003167
yerkes_dodson,pi,gaussian,1.0,0,11,0.3059635681197708,0.26920960489307594,3.5354125437868587,1.0817074366724229,0.9517670140468848,-0.036753963226694886,0.1201252928659381
yerkes_dodson,pi,gaussian,5.0,0,11,0.40090368191280545,0.40133220749654935,3.5354125437868587,1.4173599058848692,1.418874920608971,0.0004285255837438995,-0.001068899097407483
yerkes_dodson,pi,gaussian,0.05,20,11,0.01794098983651071,0.0118322758339981,3.5354125437868587,0.0634288005159525,0.041831976405063,-0.006108714002512609,0.3404892404588016
yerkes_dodson,pi,gaussian,0.25,20,11,0.027840376832688363,0.05837438834325613,3.5354125437868587,0.0984272174780395,0.2063775447846331,0.03053401151056777,-1.0967528095638674
yerkes_dodson,pi,gaussian,1.0,20,11,0.0226075445733141,0.05497425122945264,3.5354125437868587,0.0799269966687152,0.194356657381897,0.03236670665613854,-1.431677223998228
yerkes_dodson,pi,gaussian,5.0,20,11,0.04245328500971134,0.042953957672379965,3.5354125437868587,0.1500898763482921,0.1518599607602219,0.000500672662668622,-0.011793496370283041
yerkes_dodson,pi,gaussian,0.05,0,7,0.01037309866909171,0.004467828841577782,3.5354125437868587,0.0366731831526456,0.0157956181300068,-0.0059052698275139275,0.5692869619672677
yerkes_dodson,pi,gaussian,0.25,0,7,0.04300853384352415,0.03853922565939632,3.5354125437868587,0.1520529100402769,0.1362520618240621,-0.004469308184127829,0.10391677615396733
yerkes_dodson,pi,gaussian,1.0,0,7,0.13983796249289104,0.2810615698571718,3.5354125437868587,0.4943848866949633,0.9936685996494716,0.14122360736428075,-1.0099089320717196
yerkes_dodson,pi,gaussian,5.0,0,7,0.2805306348117414,0.28191886528704646,3.5354125437868587,0.991791525229921,0.9966994926659816,0.0013882304753050634,-0.0049485877941162215
yerkes_dodson,pi,gaussian,0.05,20,7,0.0,0.0,3.5354125437868587,0.0,0.0,0.0,
yerkes_dodson,pi,gaussian,0.25,20,7,0.0,0.0,3.5354125437868587,0.0,0.0,0.0,
yerkes_dodson,pi,gaussian,1.0,20,7,0.0,0.0,3.5354125437868587,0.0,0.0,0.0,
yerkes_dodson,pi,gaussian,5.0,20,7,0.0,0.0,3.5354125437868587,0.0,0.0,0.0,
yerkes_dodson,pi,gaussian,0.05,0,8,0.01117929426016696,0.005763152607416688,3.5354125437868587,0.0395234171580787,0.0203751220200189,-0.005416141652750272,0.48447974681627026
yerkes_dodson,pi,gaussian,0.25,0,8,-0.007092634490651463,0.0034226971344989148,3.5354125437868587,-0.0250753889467445,0.0121006463828908,0.010515331625150377,
yerkes_dodson,pi,gaussian,1.0,0,8,0.07993957278145658,0.27811336695280703,3.5354125437868587,0.2826193683565241,0.9832454861197516,0.19817379417135045,-2.4790449495286824
yerkes_dodson,pi,gaussian,5.0,0,8,0.36682166457561227,0.5165208853053292,3.5354125437868587,1.2968659142733951,1.8261144170363544,0.14969922072971698,-0.4080980901248261
yerkes_dodson,pi,gaussian,0.05,20,8,0.000627733334574517,0.0005195467636834116,3.5354125437868587,0.0022192963052079,0.0018368121454102,-0.00010818657089110536,0.1723447918604405
yerkes_dodson,pi,gaussian,0.25,20,8,0.004342200569123964,0.0010596223765753684,3.5354125437868587,0.0153514703597193,0.0037462022418218,-0.0032825781925485955,0.7559711119495462
yerkes_dodson,pi,gaussian,1.0,20,8,0.004342200569123964,0.00044211737986652724,3.5354125437868587,0.0153514703597193,0.0015630673306063,-0.003900083189257437,0.8981812625123109
yerkes_dodson,pi,gaussian,5.0,20,8,0.004342200569123964,0.003747304783442751,3.5354125437868587,0.0153514703597193,0.013248268336776,-0.000594895785681213,0.13700329503692932
yerkes_dodson,pi,gaussian,0.05,0,9,0.21368361773514402,0.19913655473669492,3.5354125437868587,0.7554597425425842,0.7040298735426096,-0.0145470629984491,0.06807757727351782
yerkes_dodson,pi,gaussian,0.25,0,9,0.24132276126532073,0.39905914670670084,3.5354125437868587,0.8531755172786963,1.4108387129797504,0.1577363854413801,-0.6536324406961258
yerkes_dodson,pi,gaussian,1.0,0,9,0.4924127220989266,0.6125805244455723,3.5354125437868587,1.7408821144287776,2.165724870204409,0.1201678023466457,-0.24403878485191477
yerkes_dodson,pi,gaussian,5.0,0,9,0.229736536216197,0.24286916052901367,3.5354125437868587,0.8122134319048868,0.8586426766332591,0.01313262431281667,-0.05716384746246028
yerkes_dodson,pi,gaussian,0.05,20,9,-0.0024945868287789275,0.0015259171296013359,3.5354125437868587,-0.0088193935660305,0.0053947465607718,0.004020503958380263,
yerkes_dodson,pi,gaussian,0.25,20,9,0.25597577166025504,0.0014506775583971847,3.5354125437868587,0.9049799540331864,0.0051287436369475,-0.25452509410185786,0.9943327544283269
yerkes_dodson,pi,gaussian,1.0,20,9,0.367199538127592,0.005442851394981077,3.5354125437868587,1.2982018531690296,0.0192427250957839,-0.3617566867326109,0.985177401304111
yerkes_dodson,pi,gaussian,5.0,20,9,0.35222390163884515,0.003941355002158403,3.5354125437868587,1.2452568000755218,0.0139343159141479,-0.34828254663668673,0.9888100864710775
yerkes_dodson,qnei,gaussian,0.05,0,10,0.38106681854867214,-0.16551224937845155,3.5354125437868587,1.3472284103179262,-0.5851540826029563,-0.5465790679271236,1.4343391796977236
yerkes_dodson,qnei,gaussian,0.25,0,10,0.18609359938061323,-0.12586614131526472,3.5354125437868587,0.6579176455686664,-0.4449887348440362,-0.31195974069587795,1.6763593252760587
yerkes_dodson,qnei,gaussian,1.0,0,10,0.4192195603238988,-0.05011542480655168,3.5354125437868587,1.4821140921699234,-0.1771787014982899,-0.46933498513045047,1.119544576516972
yerkes_dodson,qnei,gaussian,5.0,0,10,0.7650834610479031,0.3834603466767513,3.5354125437868587,2.7048856652326214,1.355690519685844,-0.3816231143711519,0.498799325564375
yerkes_dodson,qnei,gaussian,0.05,20,10,-0.001058482298286886,0.09745773624364346,3.5354125437868587,-0.0037421715947398,0.3445533032048482,0.09851621854193034,
yerkes_dodson,qnei,gaussian,0.25,20,10,0.002682892304321002,-0.07033569141483595,3.5354125437868587,0.0094851311063257,-0.2486656857039327,-0.07301858371915695,27.216367798869516
yerkes_dodson,qnei,gaussian,1.0,20,10,0.002682892304321002,-0.0427777381492102,3.5354125437868587,0.0094851311063257,-0.1512369520475474,-0.04546063045353121,16.944634855567404
yerkes_dodson,qnei,gaussian,5.0,20,10,0.002682892304321002,0.13377300297788108,3.5354125437868587,0.0094851311063257,0.4729427527480376,0.13109011067356008,-48.861488201531415
yerkes_dodson,qnei,gaussian,0.05,0,11,-0.004255225278724831,0.02553997387011116,3.5354125437868587,-0.0150439768270427,0.0902943439883796,0.029795199148835994,
yerkes_dodson,qnei,gaussian,0.25,0,11,0.06986961556290673,0.025526415213496294,3.5354125437868587,0.247017915290666,0.0902464085437065,-0.04434320034941044,0.6346564238568949
yerkes_dodson,qnei,gaussian,1.0,0,11,0.15563206178769168,0.14066128598225508,3.5354125437868587,0.5502235434596165,0.4972956748868553,-0.014970775805436598,0.09619339121690273
yerkes_dodson,qnei,gaussian,5.0,0,11,0.44788390251111065,0.47016696657415036,3.5354125437868587,1.583454367097991,1.662234191300468,0.022283064063039704,-0.04975187529202829
yerkes_dodson,qnei,gaussian,0.05,20,11,0.0020076510816991414,0.0,3.5354125437868587,0.0070978748177864,0.0,-0.0020076510816991414,1.0
yerkes_dodson,qnei,gaussian,0.25,20,11,0.005964027149168332,0.0,3.5354125437868587,0.0210852963946551,0.0,-0.005964027149168332,1.0
yerkes_dodson,qnei,gaussian,1.0,20,11,0.01686026147347604,0.0,3.5354125437868587,0.0596079799048535,0.0,-0.01686026147347604,1.0
yerkes_dodson,qnei,gaussian,5.0,20,11,0.01686026147347604,0.0,3.5354125437868587,0.0596079799048535,0.0,-0.01686026147347604,1.0
yerkes_dodson,qnei,gaussian,0.05,0,7,0.009337057634788946,-0.0017940884017991125,3.5354125437868587,0.0330103506840937,-0.0063428426403831,-0.011131146036588059,1.1921470844428033
yerkes_dodson,qnei,gaussian,0.25,0,7,0.0828720531032051,0.0003778744775301789,3.5354125437868587,0.292986896070442,0.0013359421678371,-0.08249417862567492,0.9954402664905672
yerkes_dodson,qnei,gaussian,1.0,0,7,0.04819330658024409,0.057139234024889324,3.5354125437868587,0.1703832206103607,0.2020107647139666,0.008945927444645237,-0.18562593188640952
yerkes_dodson,qnei,gaussian,5.0,0,7,0.2681781326680071,0.2525049339627721,3.5354125437868587,0.9481203342038086,0.8927091109000569,-0.01567319870523498,0.05844323901172699
yerkes_dodson,qnei,gaussian,0.05,20,7,-0.0013906564596913719,5.504722166433339e-05,3.5354125437868587,-0.0049165442916911,0.0001946146379727,0.0014457036813557054,
yerkes_dodson,qnei,gaussian,0.25,20,7,0.009135767315622703,0.0009282635245862983,3.5354125437868587,0.0322987063647705,0.0032817945087622,-0.008207503791036404,0.8983923853884815
yerkes_dodson,qnei,gaussian,1.0,20,7,0.00661898983788051,0.0007361980243911569,3.5354125437868587,0.0234008597000405,0.0026027637301436,-0.005882791813489353,0.888774867098618
yerkes_dodson,qnei,gaussian,5.0,20,7,0.014368528090455072,0.011102826170552438,3.5354125437868587,0.0507986744467487,0.0392530709148561,-0.0032657019199026343,0.22728159066425324
yerkes_dodson,qnei,gaussian,0.05,0,8,0.007531124755875193,0.017790510247763094,3.5354125437868587,0.0266256329307449,0.0628967930903103,0.010259385491887901,-1.3622647113745305
yerkes_dodson,qnei,gaussian,0.25,0,8,0.013887381339567618,0.049669471685907594,3.5354125437868587,0.0490976221882589,0.1756020732416239,0.03578209034633997,-2.5765901771841206
yerkes_dodson,qnei,gaussian,1.0,0,8,0.0020589021704490048,0.14026316224503318,3.5354125437868587,0.0072790685598354,0.4958881432323016,0.13820426007458417,-67.12521947773975
yerkes_dodson,qnei,gaussian,5.0,0,8,0.49262732332999143,0.5149163922483205,3.5354125437868587,1.7416408183129963,1.8204418721561868,0.022289068918329102,-0.045245295708858935
yerkes_dodson,qnei,gaussian,0.05,20,8,0.0010548932829906375,-1.739119659848936e-05,3.5354125437868587,0.0037294829450416,-6.148505460576263e-05,-0.0010722844795891268,1.0164862141781632
yerkes_dodson,qnei,gaussian,0.25,20,8,0.0010548932829906375,-3.945784109181745e-06,3.5354125437868587,0.0037294829450416,-1.3949974634675996e-05,-0.0010588390670998192,1.003740458085007
yerkes_dodson,qnei,gaussian,1.0,20,8,0.0010548932829906375,0.00025758679217785296,3.5354125437868587,0.0037294829450416,0.0009106755761794,-0.0007973064908127845,0.7558172031889419
yerkes_dodson,qnei,gaussian,5.0,20,8,0.0010548932829906375,0.004945308963196984,3.5354125437868587,0.0037294829450416,0.0174837073413882,0.0038904156802063465,-3.6879708525368198
yerkes_dodson,qnei,gaussian,0.05,0,9,-0.01291560770330925,0.01825525233109425,3.5354125437868587,-0.0456620014849097,0.0645398480813449,0.0311708600344035,
yerkes_dodson,qnei,gaussian,0.25,0,9,0.012899571200671292,0.026107317202363485,3.5354125437868587,0.045605305832325,0.0923001367218583,0.013207746001692193,-1.0238903135791726
yerkes_dodson,qnei,gaussian,1.0,0,9,0.017300956749044066,0.21660006326159775,3.5354125437868587,0.0611660195100843,0.7657705806400799,0.1992991065125537,-11.519542497183897
yerkes_dodson,qnei,gaussian,5.0,0,9,0.5388393575516751,0.5826530695168942,3.5354125437868587,1.9050194237742444,2.059918970645944,0.043813711965219104,-0.081311269028854
yerkes_dodson,qnei,gaussian,0.05,20,9,-5.0402308920003317e-05,0.0013986942688645446,3.5354125437868587,-0.0001781929551916,0.0049449612630665,0.0014490965777845478,
yerkes_dodson,qnei,gaussian,0.25,20,9,-1.32667081310425e-05,-0.0018826504585491934,3.5354125437868587,-4.690328634124677e-05,-0.0066559460467209,-0.0018693837504181509,
yerkes_dodson,qnei,gaussian,1.0,20,9,0.0038522375421907117,0.004905677169914856,3.5354125437868587,0.0136192489283077,0.0173435926022858,0.0010534396277241446,-0.2734617520821596
yerkes_dodson,qnei,gaussian,5.0,20,9,0.033234850260097,0.020677906420746104,3.5354125437868587,0.1174989065004249,0.0731049297391566,-0.012556943839350899,0.3778245949983181
yerkes_dodson,qucb,gaussian,0.05,0,10,-0.1756080224180721,-0.1410087501597292,3.5354125437868587,-0.620846805246456,-0.4985241040984138,0.03459927225834292,
yerkes_dodson,qucb,gaussian,0.25,0,10,-0.22958467863800114,0.04307887045049032,3.5354125437868587,-0.811676552718064,0.1523015789628325,0.27266354908849144,
yerkes_dodson,qucb,gaussian,1.0,0,10,-0.16684964856198403,0.20857972567668526,3.5354125437868587,-0.5898823404524673,0.737415378536975,0.3754293742386693,
yerkes_dodson,qucb,gaussian,5.0,0,10,0.24510128044735405,0.45883966429722217,3.5354125437868587,0.8665341413917962,1.6221875047433505,0.21373838384986812,-0.8720410740399112
yerkes_dodson,qucb,gaussian,0.05,20,10,-6.180929230639006e-05,0.14657807785428625,3.5354125437868587,-0.0002185213473426,0.5182139750902104,0.14663988714659265,
yerkes_dodson,qucb,gaussian,0.25,20,10,-0.27985130613334636,0.14728681788184508,3.5354125437868587,-0.989389818098969,0.5207196634739257,0.42713812401519147,
yerkes_dodson,qucb,gaussian,1.0,20,10,0.002133637254704034,0.15757871993580594,3.5354125437868587,0.0075432879141716,0.5571057830949246,0.1554450826811019,-72.85450342526211
yerkes_dodson,qucb,gaussian,5.0,20,10,0.002133637254704034,0.18330588987169763,3.5354125437868587,0.0075432879141716,0.6480619424024123,0.1811722526169936,-84.91239652736789
yerkes_dodson,qucb,gaussian,0.05,0,11,0.034953406506315635,0.021881212209156797,3.5354125437868587,0.1235747118105095,0.0773591121175151,-0.013072194297158838,0.3739891359314824
yerkes_dodson,qucb,gaussian,0.25,0,11,0.06783276925052732,0.3280582558371896,3.5354125437868587,0.2398168232881138,1.1598212727796386,0.2602254865866623,-3.8362798609263518
yerkes_dodson,qucb,gaussian,1.0,0,11,0.21683423895370138,0.2014050648915858,3.5354125437868587,0.7665984883193929,0.7120499927999187,-0.01542917406211558,0.07115653937573041
yerkes_dodson,qucb,gaussian,5.0,0,11,0.303113798310678,0.19499533128932295,3.5354125437868587,1.0716323247424508,0.6893889402201465,-0.10811846702135502,0.3566926600633946
yerkes_dodson,qucb,gaussian,0.05,20,11,-0.000782025336176236,-0.0035854095157820142,3.5354125437868587,-0.0027647821830766,-0.0126759017767085,-0.002803384179605778,
yerkes_dodson,qucb,gaussian,0.25,20,11,0.009157313000601268,-0.0037515842263647348,3.5354125437868587,0.0323748792497082,-0.0132633979329628,-0.012908897226966002,1.4096817730395812
yerkes_dodson,qucb,gaussian,1.0,20,11,0.019685300563014735,0.048788725985089675,3.5354125437868587,0.0695956585386968,0.1724882738430659,0.02910342542207494,-1.4784343946850997
yerkes_dodson,qucb,gaussian,5.0,20,11,0.019594748553446426,0.05518450995806361,3.5354125437868587,0.0692755198282039,0.1951000087284689,0.035589761404617185,-1.8162907938085007
yerkes_dodson,qucb,gaussian,0.05,0,7,-0.00203374715282542,-0.0009413730008486516,3.5354125437868587,-0.0071901351949898,-0.0033281419155826,0.0010923741519767685,
yerkes_dodson,qucb,gaussian,0.25,0,7,0.04845544572699326,0.2503638671399621,3.5354125437868587,0.1713099906379953,0.8851395563976087,0.20190842141296886,-4.16688812544533
yerkes_dodson,qucb,gaussian,1.0,0,7,0.07149315622602859,0.09747635272066114,3.5354125437868587,0.252757801316415,0.3446191201312177,0.025983196494632557,-0.36343613663503116
yerkes_dodson,qucb,gaussian,5.0,0,7,0.2222020282650255,0.25364026234087744,3.5354125437868587,0.7855758379830533,0.8967229650893277,0.031438234075851945,-0.141484910472351
yerkes_dodson,qucb,gaussian,0.05,20,7,0.005223962755403728,0.001345887129404286,3.5354125437868587,0.0184688634537297,0.0047582662398172,-0.003878075625999442,0.7423628014935435
yerkes_dodson,qucb,gaussian,0.25,20,7,0.009923107045228814,0.008206501237130742,3.5354125437868587,0.0350822771210417,0.0290133674143544,-0.0017166058080980724,0.1729907578618174
yerkes_dodson,qucb,gaussian,1.0,20,7,0.03541312124999449,0.014620528511150364,3.5354125437868587,0.1251999930818755,0.0516895998951144,-0.020792592738844123,0.5871437479927686
yerkes_dodson,qucb,gaussian,5.0,20,7,0.04199606631140841,0.014620528511150364,3.5354125437868587,0.148473419627058,0.0516895998951144,-0.027375537800258046,0.6518595717337785
yerkes_dodson,qucb,gaussian,0.05,0,8,0.26269920831199756,-0.0023486662103894764,3.5354125437868587,0.9287500763091132,-0.0083035039813793,-0.26504787452238704,1.0089405149923407
yerkes_dodson,qucb,gaussian,0.25,0,8,0.2837987899055981,0.29366448872046474,3.5354125437868587,1.0033458017437829,1.0382251170870855,0.009865698814866652,-0.03476300521981912
yerkes_dodson,qucb,gaussian,1.0,0,8,0.15190865123614597,0.1784790299720381,3.5354125437868587,0.5370597510900136,0.6309970013660542,0.02657037873589213,-0.17491024059312976
yerkes_dodson,qucb,gaussian,5.0,0,8,0.43548167608128086,0.44297070026014523,3.5354125437868587,1.539607380207086,1.566084170229766,0.0074890241788643785,-0.017197105160095427
yerkes_dodson,qucb,gaussian,0.05,20,8,0.009060876194639293,0.004861732882364417,3.5354125437868587,0.0320339353562275,0.0171882314168522,-0.004199143312274876,0.46343678272077315
yerkes_dodson,qucb,gaussian,0.25,20,8,0.005264068656336642,0.023693891949969514,3.5354125437868587,0.0186106543589678,0.0837676828110527,0.018429823293632873,-3.5010605857976227
yerkes_dodson,qucb,gaussian,1.0,20,8,0.041807972567783874,0.028051711313709923,3.5354125437868587,0.14780843064644,0.0991743720531778,-0.013756261254073952,0.3290344020335051
yerkes_dodson,qucb,gaussian,5.0,20,8,0.05214157822955139,0.028051711313709923,3.5354125437868587,0.1843419897255998,0.0991743720531778,-0.02408986691584147,0.4620087794386797
yerkes_dodson,qucb,gaussian,0.05,0,9,-0.5349058176996712,0.35378179092077505,3.5354125437868587,-1.891112737639984,1.250764581384688,0.8886876086204463,
yerkes_dodson,qucb,gaussian,0.25,0,9,-0.30380170911917503,0.16134144687106802,3.5354125437868587,-1.074064373243818,0.5704085751006949,0.46514315599024303,
yerkes_dodson,qucb,gaussian,1.0,0,9,-0.3268848339150981,-0.12240228054469385,3.5354125437868587,-1.1556727421971218,-0.4327425580258288,0.20448255337040425,
yerkes_dodson,qucb,gaussian,5.0,0,9,-0.4272945397940051,0.05247184776317579,3.5354125437868587,-1.5106624758793588,0.1855096287776061,0.47976638755718093,
yerkes_dodson,qucb,gaussian,0.05,20,9,0.0005238097058286745,0.11709359297487462,3.5354125437868587,0.001851883404544,0.4139741574004445,0.11656978326904595,-222.54223618218543
yerkes_dodson,qucb,gaussian,0.25,20,9,0.0021742447050507275,0.11733280129720065,3.5354125437868587,0.0076868520034985,0.4148198575037742,0.11515855659214992,-52.96485548505137
yerkes_dodson,qucb,gaussian,1.0,20,9,-0.05013431284938669,0.117403158712765,3.5354125437868587,-0.1772454785218564,0.4150685999933088,0.16753747156215168,
yerkes_dodson,qucb,gaussian,5.0,20,9,0.0021742447050507275,0.11999452922491534,3.5354125437868587,0.0076868520034985,0.4242301638075645,0.11782028451986461,-54.18906356132335
yerkes_dodson,ucb,gaussian,0.05,0,10,0.07288194331900148,0.028847822184754904,3.5354125437868587,0.2576677366255607,0.1019889524129153,-0.04403412113424658,0.6041842345162356
yerkes_dodson,ucb,gaussian,0.25,0,10,0.32958398896978286,0.030031195749489762,3.5354125437868587,1.16521536883508,0.1061726661576647,-0.2995527932202931,0.9088815089490191
yerkes_dodson,ucb,gaussian,1.0,0,10,0.4426460399826976,0.5550950089082863,3.5354125437868587,1.5649363622124084,1.9624898574878336,0.11244896892558875,-0.2540381224916961
yerkes_dodson,ucb,gaussian,5.0,0,10,0.4961615522513408,-0.02135898737197318,3.5354125437868587,1.7541357755741491,-0.0755128318774591,-0.517520539623314,1.0430484532206425
yerkes_dodson,ucb,gaussian,0.05,20,10,-0.0004223677189764545,0.3276080874297947,3.5354125437868587,-0.00149324413176,1.158229741745318,0.32803045514877116,
yerkes_dodson,ucb,gaussian,0.25,20,10,0.008926744976766496,0.3306185972776921,3.5354125437868587,0.0315597261660466,1.1688731360247684,0.3216918523009256,-36.03685925140554
yerkes_dodson,ucb,gaussian,1.0,20,10,0.024489325190506787,0.33468950606906733,3.5354125437868587,0.0865798674673932,1.1832654780304086,0.31020018087856055,-12.666750858402938
yerkes_dodson,ucb,gaussian,5.0,20,10,0.024489325190506787,0.16792118169935497,3.5354125437868587,0.0865798674673932,0.5936706521474119,0.14343185650884818,-5.856913385447187
yerkes_dodson,ucb,gaussian,0.05,0,11,0.0047199791636199,0.00672930387443562,3.5354125437868587,0.0166870735414744,0.0237908653286332,0.0020093247108157204,-0.42570626715960036
yerkes_dodson,ucb,gaussian,0.25,0,11,-0.014775955693467345,0.012536061598071777,3.5354125437868587,-0.0522390991051233,0.0443201494235077,0.02731201729153912,
yerkes_dodson,ucb,gaussian,1.0,0,11,-0.014392191970282455,0.11680490134849829,3.5354125437868587,-0.0508823360243251,0.4129535134032674,0.13119709331878074,
yerkes_dodson,ucb,gaussian,5.0,0,11,0.29576705852193713,0.4026574884091303,3.5354125437868587,1.0456585687373985,1.4235603353713508,0.10689042988719316,-0.361400726711643
yerkes_dodson,ucb,gaussian,0.05,20,11,0.004692691009126206,0.0019307626434496876,3.5354125437868587,0.0165905986577806,0.0068260424687271,-0.002761928365676518,0.588559604777984
yerkes_dodson,ucb,gaussian,0.25,20,11,0.0035534900360909604,0.015184935579221822,3.5354125437868587,0.0125630532478176,0.0536850117233762,0.01163144554313086,-3.273245576882525
yerkes_dodson,ucb,gaussian,1.0,20,11,0.009933747162354525,0.048212561835690934,3.5354125437868587,0.0351198943245953,0.1704512958820013,0.03827881467333641,-3.8534114113956823
yerkes_dodson,ucb,gaussian,5.0,20,11,0.03177215881571671,0.06135181165423684,3.5354125437868587,0.1123276888202731,0.2169039645064377,0.029579652838520126,-0.9309928547847992
yerkes_dodson,ucb,gaussian,0.05,0,7,0.020027614875073776,0.039862699959166685,3.5354125437868587,0.0708058808514681,0.1409310894648498,0.01983508508409291,-0.9903867838391236
yerkes_dodson,ucb,gaussian,0.25,0,7,0.013886750510511268,0.004699699876654706,3.5354125437868587,0.0490953919473001,0.0166153778959586,-0.009187050633856563,0.6615695030239528
yerkes_dodson,ucb,gaussian,1.0,0,7,0.1407482180517715,0.25256236605958177,3.5354125437868587,0.497603015615881,0.8929121570555338,0.11181414800781025,-0.794426739858842
yerkes_dodson,ucb,gaussian,5.0,0,7,0.24414180340758165,0.25256236605958177,3.5354125437868587,0.8631419942299094,0.8929121570555338,0.008420562652000113,-0.034490458145516545
yerkes_dodson,ucb,gaussian,0.05,20,7,0.0017330006875886318,0.0012258779546615438,3.5354125437868587,0.0061268723692921,0.0043339842980622,-0.000507122732927088,0.292626965793487
yerkes_dodson,ucb,gaussian,0.25,20,7,0.009204343374459818,0.018176420194976894,3.5354125437868587,0.0325411510233867,0.0642611439584621,0.008972076820517077,-0.9747655487748064
yerkes_dodson,ucb,gaussian,1.0,20,7,0.06664785110887136,0.018176420194976894,3.5354125437868587,0.2356276488267427,0.0642611439584621,-0.04847143091389447,0.7272767254673351
yerkes_dodson,ucb,gaussian,5.0,20,7,0.07993455259164167,0.018176420194976894,3.5354125437868587,0.2826016199144803,0.0642611439584621,-0.06175813239666478,0.7726087204386567
yerkes_dodson,ucb,gaussian,0.05,0,8,-0.02382605562168391,-0.022763872396106943,3.5354125437868587,-0.0842349359138647,-0.0804796800143599,0.001062183225576968,
yerkes_dodson,ucb,gaussian,0.25,0,8,-0.03220345518026602,0.058684151816823876,3.5354125437868587,-0.1138524993975904,0.2074726864546915,0.09088760699708989,
yerkes_dodson,ucb,gaussian,1.0,0,8,0.09262457412088924,0.09537667972717472,3.5354125437868587,0.3274660812099075,0.3371959098921953,0.002752105606285471,-0.02971247784301334
yerkes_dodson,ucb,gaussian,5.0,0,8,0.38784281827551487,0.4270899419433543,3.5354125437868587,1.3711843647489024,1.509939138071736,0.039247123667839445,-0.10119337478606916
yerkes_dodson,ucb,gaussian,0.05,20,8,0.004736547343449815,0.0019098424756212456,3.5354125437868587,0.0167456488922728,0.0067520810449683,-0.0028267048678285696,0.5967859419240531
yerkes_dodson,ucb,gaussian,0.25,20,8,0.00162948334883413,0.01662510585498163,3.5354125437868587,0.00576089587136,0.0587766077814864,0.014995622506147499,-9.202685327761486
yerkes_dodson,ucb,gaussian,1.0,20,8,0.018874579979751876,0.0287185844808274,3.5354125437868587,0.0667294268191231,0.1015320438133198,0.009844004501075525,-0.5215482681805845
yerkes_dodson,ucb,gaussian,5.0,20,8,0.05321319837274097,0.0287185844808274,3.5354125437868587,0.1881306090220069,0.1015320438133198,-0.024494613891913573,0.4603108747633783
yerkes_dodson,ucb,gaussian,0.05,0,9,-0.0509287288012235,0.3642901114355472,3.5354125437868587,-0.1800540666429646,1.287915829546746,0.4152188402367707,
yerkes_dodson,ucb,gaussian,0.25,0,9,0.0007187824528481116,0.36410498008747333,3.5354125437868587,0.0025411925000531,1.2872613138565177,0.3633861976346252,-505.55796986242456
yerkes_dodson,ucb,gaussian,1.0,0,9,-0.2936194034683167,0.2977467166321507,3.5354125437868587,-1.0380657221211016,1.0526574768526569,0.5913661201004674,
yerkes_dodson,ucb,gaussian,5.0,0,9,-0.0678976676163147,0.2648971805833142,3.5354125437868587,-0.2400462657845898,0.9365208150480218,0.3327948481996289,
yerkes_dodson,ucb,gaussian,0.05,20,9,0.00036258687321970485,0.1327733164187978,3.5354125437868587,0.0012818941797934,0.4694084483471994,0.1324107295455781,-365.18346174475414
yerkes_dodson,ucb,gaussian,0.25,20,9,0.001082564432974258,0.13521713918595812,3.5354125437868587,0.0038273118757947,0.47804837001301,0.13413457475298388,-123.90447225802532
yerkes_dodson,ucb,gaussian,1.0,20,9,-0.05167983119966777,0.13496677942681962,3.5354125437868587,-0.1827095234840929,0.4771632449800922,0.18664661062648738,
yerkes_dodson,ucb,gaussian,5.0,20,9,-0.0010941445487555265,0.13544629179486453,3.5354125437868587,-0.0038682523623863,0.4788585190209791,0.13654043634362006,
