delta_x0,delta_x1,delta_x2,delta_x3,delta_l2_norm,iteration,final_best_true,final_simple_regret_true,final_cum_regret_true,final_avg_regret_true,final_inference_simple_regret_true,auc_simple_regret_true,auc_inference_simple_regret_true,acq_opt_failures,dataset,objective,acquisition,oracle_model,error_model,jitter_std,jitter_iteration,iterations,seed,run_id,baseline,xi,kappa,runtime_sec,y_opt,param_columns,dim,error_bias_used,error_spike_std_used,delta_x4,delta_x5,delta_x6,delta_x7,delta_x8,delta_x9,delta_x10
-0.32492918169344154,-0.023660355573313585,-0.7704203856796188,0.5960212283921744,1.027096714485386,0.0,3.0593887562558817,0.0,47.03487455618522,0.9406974911237045,0.0,8.654026321407402,8.654026321407402,0.0,stevens,value,logei,exact,none,0.0,0,50,7,bbf01677-00c1-48ba-9ca3-3b63d4d72aa7,True,0.01,2.0,13.313611500023399,3.0593887562558817,"x0,x1,x2,x3",4,0.2,0.5,,,,,,,
-0.32492918169344154,-0.023660355573313585,-0.7704203856796188,0.5960212283921744,1.027096714485386,0.0,3.0593887562558817,0.0,49.735065733889265,0.9947013146777853,0.30020933062999733,13.803588944934855,25.429345514616433,0.0,stevens,value,logei,exact,gaussian,1.0,0,50,7,3d0d153e-2262-4d38-8ff0-974d39ec025b,False,0.01,2.0,12.516411999997217,3.0593887562558817,"x0,x1,x2,x3",4,1.0,1.0,,,,,,,
-0.32492918169344154,-0.023660355573313585,-0.7704203856796188,0.5960212283921744,1.027096714485386,0.0,3.0318479004176235,0.02754085583825816,79.7283380246772,1.594566760493544,2.326573700341497,22.662402271447835,113.88965060731745,0.0,stevens,value,logei,exact,gaussian,5.0,0,50,7,83ba7ae6-57e3-4a00-b8ea-dcb598b13d86,False,0.01,2.0,9.79669649997959,3.0593887562558817,"x0,x1,x2,x3",4,5.0,5.0,,,,,,,
-0.32492918169344154,-0.023660355573313585,-0.7704203856796188,0.5960212283921744,1.027096714485386,0.0,3.0593887562558817,0.0,126.63874441284277,2.5327748882568555,0.0,8.65095012398454,8.65095012398454,0.0,stevens,value,qnei,exact,none,0.0,0,50,7,d04fc356-b242-4820-acd0-6a5120027463,True,0.01,2.0,12.042526400007773,3.0593887562558817,"x0,x1,x2,x3",4,0.2,0.5,,,,,,,
-0.32492918169344154,-0.023660355573313585,-0.7704203856796188,0.5960212283921744,1.027096714485386,0.0,3.0593887562558817,0.0,93.78442870117604,1.8756885740235207,0.42135136203359647,13.41469275180579,44.8412798000964,0.0,stevens,value,qnei,exact,gaussian,1.0,0,50,7,a04a7368-776b-41b4-903d-cba464feffd6,False,0.01,2.0,13.432473799970467,3.0593887562558817,"x0,x1,x2,x3",4,1.0,1.0,,,,,,,
-0.32492918169344154,-0.023660355573313585,-0.7704203856796188,0.5960212283921744,1.027096714485386,0.0,3.0593887562558817,0.0,127.66219364699265,2.553243872939853,0.544013285690129,11.598311477935793,97.3565920756095,0.0,stevens,value,qnei,exact,gaussian,5.0,0,50,7,78321148-57c8-4c19-a4e7-e7e23d565bec,False,0.01,2.0,15.516872300009709,3.0593887562558817,"x0,x1,x2,x3",4,5.0,5.0,,,,,,,
-324.92918169344154,-23.66035557331361,-770.4203856796188,596.0212283921744,1027.096714485386,0.0,2.0614922971027103,2.2668980746761416,201.30865615859082,4.026173123171817,2.2668980746761416,136.60747379113383,136.60747379113383,0.0,schwefel,value,logei,exact,none,0.0,0,50,7,ae570025-fe3f-427a-a547-ed32aa7c1342,True,0.01,2.0,17.216300500032958,4.328390371778852,"x0,x1,x2,x3",4,0.2,0.5,,,,,,,
-324.92918169344154,-23.66035557331361,-770.4203856796188,596.0212283921744,1027.096714485386,0.0,1.5920767051401277,2.736313666638724,194.9429646536622,3.8988592930732437,2.736313666638724,149.33284284421944,162.66127351264848,0.0,schwefel,value,logei,exact,gaussian,1.0,0,50,7,a9fb4af6-9529-4536-a7e1-7ca4ebd68a08,False,0.01,2.0,11.176870300027076,4.328390371778852,"x0,x1,x2,x3",4,1.0,1.0,,,,,,,
-324.92918169344154,-23.66035557331361,-770.4203856796188,596.0212283921744,1027.096714485386,0.0,1.3724557287473234,2.9559346430315285,215.83274962224417,4.316654992444883,5.261197451937107,166.10475538880513,239.93441380796554,0.0,schwefel,value,logei,exact,gaussian,5.0,0,50,7,1c809ac7-55dd-43ea-adb1-ee83338923d0,False,0.01,2.0,10.354992799984757,4.328390371778852,"x0,x1,x2,x3",4,5.0,5.0,,,,,,,
-324.92918169344154,-23.66035557331361,-770.4203856796188,596.0212283921744,1027.096714485386,0.0,2.7772067495232418,1.5511836222556101,181.36153851393942,3.6272307702787883,1.5511836222556101,108.13551664871393,108.13551664871393,0.0,schwefel,value,qnei,exact,none,0.0,0,50,7,6691aa40-e05e-4975-9485-2755b9097e18,True,0.01,2.0,16.600877800025046,4.328390371778852,"x0,x1,x2,x3",4,0.2,0.5,,,,,,,
-324.92918169344154,-23.66035557331361,-770.4203856796188,596.0212283921744,1027.096714485386,0.0,1.6536297768605155,2.6747605949183364,207.53251849383352,4.15065036987667,3.602182410123405,144.0295630628567,169.15563071661933,0.0,schwefel,value,qnei,exact,gaussian,1.0,0,50,7,4af841ed-77f9-4ba2-abe8-1cc293414946,False,0.01,2.0,16.880399900022894,4.328390371778852,"x0,x1,x2,x3",4,1.0,1.0,,,,,,,
-324.92918169344154,-23.66035557331361,-770.4203856796188,596.0212283921744,1027.096714485386,0.0,1.8656139949776982,2.4627763768011537,213.81709533768043,4.276341906753609,4.1240477738820935,143.82325726477526,191.9777354440727,0.0,schwefel,value,qnei,exact,gaussian,5.0,0,50,7,41e74330-cfb0-47bd-adc8-f4467f447572,False,0.01,2.0,15.184347699978389,4.328390371778852,"x0,x1,x2,x3",4,5.0,5.0,,,,,,,
-4.873937725401622,-0.354905333599703,-11.556305785194283,8.940318425882616,15.406450717280787,0.0,1.0252351474861972,0.00038810308522663206,21.143331766093638,0.42286663532187274,0.00038810308522663206,2.9549468174877283,2.9549468174877283,0.0,rosenbrock,value,logei,exact,none,0.0,0,50,7,795b8aba-bee2-4a86-9369-562082384c5d,True,0.01,2.0,16.436550600046758,1.0256232505714238,"x0,x1,x2,x3",4,0.2,0.5,,,,,,,
-4.873937725401622,-0.354905333599703,-11.556305785194283,8.940318425882616,15.406450717280787,0.0,1.0247638256831155,0.0008594248883082578,21.83008488709065,0.436601697741813,0.01640136962398553,2.9255076118077445,4.489759110299195,0.0,rosenbrock,value,logei,exact,gaussian,1.0,0,50,7,2f7dacb3-6808-4029-80fe-de768db40c8c,False,0.01,2.0,12.655733600025997,1.0256232505714238,"x0,x1,x2,x3",4,1.0,1.0,,,,,,,
-4.873937725401622,-0.354905333599703,-11.556305785194283,8.940318425882616,15.406450717280787,0.0,1.0226567250634349,0.0029665255079889263,49.603878037989155,0.9920775607597832,0.4857085330120633,3.008738086285131,42.53692582433748,0.0,rosenbrock,value,logei,exact,gaussian,5.0,0,50,7,0418ec15-0b16-43aa-a0cb-d83bb8837bf9,False,0.01,2.0,11.012134100019466,1.0256232505714238,"x0,x1,x2,x3",4,5.0,5.0,,,,,,,
-4.873937725401622,-0.354905333599703,-11.556305785194283,8.940318425882616,15.406450717280787,0.0,1.025560877885232,6.237268619169178e-05,23.18914325102732,0.46378286502054644,6.237268619169178e-05,2.9190321882725287,2.9190321882725287,0.0,rosenbrock,value,qnei,exact,none,0.0,0,50,7,ac2e1c76-dc20-4c5d-81fa-fab225148c7d,True,0.01,2.0,15.651860399986617,1.0256232505714238,"x0,x1,x2,x3",4,0.2,0.5,,,,,,,
-4.873937725401622,-0.354905333599703,-11.556305785194283,8.940318425882616,15.406450717280787,0.0,1.0226567250634349,0.0029665255079889263,39.85720594070275,0.797144118814055,0.4634405738949272,3.008738086285131,14.755052527417414,0.0,rosenbrock,value,qnei,exact,gaussian,1.0,0,50,7,d28a0acd-5479-4a62-ac85-3dbc9ba33e32,False,0.01,2.0,14.822897500009276,1.0256232505714238,"x0,x1,x2,x3",4,1.0,1.0,,,,,,,
-4.873937725401622,-0.354905333599703,-11.556305785194283,8.940318425882616,15.406450717280787,0.0,1.0226567250634349,0.0029665255079889263,32.81045056444298,0.6562090112888597,0.12484634386614968,3.008738086285131,7.6567046127764975,0.0,rosenbrock,value,qnei,exact,gaussian,5.0,0,50,7,593fa817-d83f-4c06-92d8-a6b4c63bb8f6,False,0.01,2.0,18.552111999946646,1.0256232505714238,"x0,x1,x2,x3",4,5.0,5.0,,,,,,,
-2.924362635240974,-0.21294320015982215,-6.93378347111657,5.36419105552957,9.243870430368473,0.0,0.7636709713128257,0.0005529121456341324,23.9797720728245,0.47959544145648997,0.0005529121456341324,1.4950863068908382,1.4950863068908382,0.0,powell,value,logei,exact,none,0.0,0,50,7,1b671a52-0a28-4d7c-b15e-5f69fb4df39e,True,0.01,2.0,13.515082700003404,0.7642238834584598,"x0,x1,x2,x3",4,0.2,0.5,,,,,,,
-2.924362635240974,-0.21294320015982215,-6.93378347111657,5.36419105552957,9.243870430368473,0.0,0.7611770460398641,0.0030468374185956826,20.120549030399907,0.4024109806079981,0.03651979218085177,1.2542326762351081,2.1781873376413117,0.0,powell,value,logei,exact,gaussian,1.0,0,50,7,54ac53ed-bcea-491d-abfc-5e2df30a2d93,False,0.01,2.0,11.665481100033503,0.7642238834584598,"x0,x1,x2,x3",4,1.0,1.0,,,,,,,
-2.924362635240974,-0.21294320015982215,-6.93378347111657,5.36419105552957,9.243870430368473,0.0,0.7118824149892812,0.05234146846917864,41.92209823648264,0.8384419647296528,0.20398354355871218,3.330254795765542,55.4883834770169,0.0,powell,value,logei,exact,gaussian,5.0,0,50,7,f25d58cf-913a-4288-85db-d338470e8ae7,False,0.01,2.0,12.188145599968266,0.7642238834584598,"x0,x1,x2,x3",4,5.0,5.0,,,,,,,
-2.924362635240974,-0.21294320015982215,-6.93378347111657,5.36419105552957,9.243870430368473,0.0,0.7626108185085724,0.0016130649498874439,21.23758380174789,0.4247516760349578,0.0016130649498874439,1.424375878516304,1.424375878516304,0.0,powell,value,qnei,exact,none,0.0,0,50,7,20e01099-ec1c-4043-b50f-e10c1eed1978,True,0.01,2.0,15.100211700017098,0.7642238834584598,"x0,x1,x2,x3",4,0.2,0.5,,,,,,,
-2.924362635240974,-0.21294320015982215,-6.93378347111657,5.36419105552957,9.243870430368473,0.0,0.7570352165793944,0.007188666879065386,36.17032365008573,0.7234064730017146,0.4304044542069082,2.043399950447314,19.232430715990517,0.0,powell,value,qnei,exact,gaussian,1.0,0,50,7,fc76d2e1-7605-4624-9cc5-0041eb91d299,False,0.01,2.0,16.284545900009107,0.7642238834584598,"x0,x1,x2,x3",4,1.0,1.0,,,,,,,
-2.924362635240974,-0.21294320015982215,-6.93378347111657,5.36419105552957,9.243870430368473,0.0,0.7414712170840633,0.022752666374396546,17.87896799430883,0.3575793598861766,0.070822496794404,2.5461515402538164,10.435383304703569,0.0,powell,value,qnei,exact,gaussian,5.0,0,50,7,a379a17d-e743-4600-b944-7ab11e349e4a,False,0.01,2.0,23.74435260001337,0.7642238834584598,"x0,x1,x2,x3",4,5.0,5.0,,,,,,,
-0.32492918169344154,-0.023660355573313585,-0.7704203856796188,0.5960212283921744,1.027096714485386,0.0,3.5269190895071625,0.008493454279696167,145.08314294282835,2.9016628588565667,0.008493454279696167,20.70442652970199,20.70442652970199,0.0,yerkes_dodson,value,logei,exact,none,0.0,0,50,7,15203912-ae96-4c03-bb3a-fa172f94f21d,True,0.01,2.0,14.630172699980903,3.5354125437868587,"x0,x1,x2,x3",4,0.2,0.5,,,,,,,
-0.32492918169344154,-0.023660355573313585,-0.7704203856796188,0.5960212283921744,1.027096714485386,0.0,3.268098964444909,0.26731357934194966,85.36316727130874,1.7072633454261747,1.205459271649548,39.121594719669055,66.24731063975044,0.0,yerkes_dodson,value,logei,exact,gaussian,1.0,0,50,7,a7ead33a-4820-4639-988b-2f593d5151ab,False,0.01,2.0,16.77505930000916,3.5354125437868587,"x0,x1,x2,x3",4,1.0,1.0,,,,,,,
-0.32492918169344154,-0.023660355573313585,-0.7704203856796188,0.5960212283921744,1.027096714485386,0.0,3.063833819138344,0.4715787246485146,134.7205101543221,2.6944102030864423,2.5548802243379285,36.86403617640014,125.12670401620576,0.0,yerkes_dodson,value,logei,exact,gaussian,5.0,0,50,7,6ff6b876-a573-4cde-8b56-56910c5c8b08,False,0.01,2.0,15.554825500003062,3.5354125437868587,"x0,x1,x2,x3",4,5.0,5.0,,,,,,,
-0.32492918169344154,-0.023660355573313585,-0.7704203856796188,0.5960212283921744,1.027096714485386,0.0,3.5335748724058846,0.0018376713809740153,135.21930317695592,2.7043860635391184,0.0018376713809740153,19.556552442032782,19.556552442032782,0.0,yerkes_dodson,value,qnei,exact,none,0.0,0,50,7,ea514984-84d5-473f-9f47-fc90a0c64334,True,0.01,2.0,13.757799500017427,3.5354125437868587,"x0,x1,x2,x3",4,0.2,0.5,,,,,,,
-0.32492918169344154,-0.023660355573313585,-0.7704203856796188,0.5960212283921744,1.027096714485386,0.0,2.525442156865905,1.0099703869209535,122.924730621338,2.45849461242676,1.6829104435139703,58.66745949637924,86.92984115188233,0.0,yerkes_dodson,value,qnei,exact,gaussian,1.0,0,50,7,5933fdcc-379c-4989-b5ff-23f613b7f5ba,False,0.01,2.0,19.078403200022876,3.5354125437868587,"x0,x1,x2,x3",4,1.0,1.0,,,,,,,
-0.32492918169344154,-0.023660355573313585,-0.7704203856796188,0.5960212283921744,1.027096714485386,0.0,3.0376444821958652,0.4977680615909934,128.27936595428113,2.5655873190856227,0.6001629928869594,41.842244652769786,69.73352207756153,0.0,yerkes_dodson,value,qnei,exact,gaussian,5.0,0,50,7,90d9b751-bbfe-416f-b6b7-66cdc036cfe1,False,0.01,2.0,18.893118600011803,3.5354125437868587,"x0,x1,x2,x3",4,5.0,5.0,,,,,,,
-21.294558851461385,-1.5506050628526822,-50.49027039589949,39.06084722390954,67.31181028051424,0.0,18.874213474487966,1.2282336793654665,626.9633645376207,12.539267290752413,1.2282336793654665,351.2657706182827,351.2657706182827,0.0,ackley,value,logei,exact,none,0.0,0,50,7,e17222c6-1e78-4daf-8005-748a7643c199,True,0.01,2.0,17.799099200055934,20.102447153853433,"x0,x1,x2,x3",4,0.2,0.5,,,,,,,
-21.294558851461385,-1.5506050628526822,-50.49027039589949,39.06084722390954,67.31181028051424,0.0,14.028675136803312,6.073772017050121,599.2630556450171,11.985261112900341,7.0970188452819585,498.94354125254483,527.1810607826673,0.0,ackley,value,logei,exact,gaussian,1.0,0,50,7,9f6b2e5d-feea-4d5a-9b04-5203d6ce6b20,False,0.01,2.0,15.221880200027954,20.102447153853433,"x0,x1,x2,x3",4,1.0,1.0,,,,,,,
-21.294558851461385,-1.5506050628526822,-50.49027039589949,39.06084722390954,67.31181028051424,0.0,3.44708952967087,16.655357624182564,996.9892141738623,19.939784283477245,20.499097320945573,836.0398138437985,1013.7463085566437,0.0,ackley,value,logei,exact,gaussian,5.0,0,50,7,4a626084-c002-4448-8f6a-79bba2f8ad22,False,0.01,2.0,15.074538599990774,20.102447153853433,"x0,x1,x2,x3",4,5.0,5.0,,,,,,,
-21.294558851461385,-1.5506050628526822,-50.49027039589949,39.06084722390954,67.31181028051424,0.0,16.39337860309868,3.709068550754754,811.3339931924393,16.226679863848787,3.709068550754754,415.52421521037104,415.52421521037104,0.0,ackley,value,qnei,exact,none,0.0,0,50,7,7aedd8f8-901a-470d-9993-9c7026efd3d1,True,0.01,2.0,15.409756299981382,20.102447153853433,"x0,x1,x2,x3",4,0.2,0.5,,,,,,,
-21.294558851461385,-1.5506050628526822,-50.49027039589949,39.06084722390954,67.31181028051424,0.0,15.796074122548704,4.306373031304728,761.0157813605607,15.220315627211214,4.306373031304728,629.8132548774549,670.8068340539858,0.0,ackley,value,qnei,exact,gaussian,1.0,0,50,7,5de27771-e636-4832-b984-e358ea9c04a8,False,0.01,2.0,18.695040700025856,20.102447153853433,"x0,x1,x2,x3",4,1.0,1.0,,,,,,,
-21.294558851461385,-1.5506050628526822,-50.49027039589949,39.06084722390954,67.31181028051424,0.0,5.041511613986757,15.060935539866676,994.9038095683086,19.898076191366172,19.125873463488766,768.7002917611806,900.7601006511305,0.0,ackley,value,qnei,exact,gaussian,5.0,0,50,7,a9d17e65-396b-41b3-aeef-5c0ad7d29a19,False,0.01,2.0,17.532704400015064,20.102447153853433,"x0,x1,x2,x3",4,5.0,5.0,,,,,,,
-743.7961944469107,-91.18245910417102,25.660486208223347,291.2733154237547,1075.6730602218613,0.0,2.7449039297542703,0.008951885904700418,81.97132901983231,1.6394265803966461,0.008951885904700418,27.794948164097264,27.794948164097264,0.0,griewank,value,logei,exact,none,0.0,0,50,7,5ac19c84-b2d5-404d-b67f-fbf1c5c6eeac,True,0.01,2.0,21.81123230000958,2.7538558156589708,"x0,x1,x2,x3,x4,x5",6,0.2,0.5,3.439370289705721,-714.1533999545863,,,,,
-743.7961944469107,-91.18245910417102,25.660486208223347,291.2733154237547,1075.6730602218613,0.0,2.2421069927188175,0.5117488229401532,86.89413521418905,1.737882704283781,0.7742247104866906,56.925191684778994,74.00190525935274,0.0,griewank,value,logei,exact,gaussian,1.0,0,50,7,21725e84-2e7c-4c82-992c-9e2b22636c1e,False,0.01,2.0,16.89753329998348,2.7538558156589708,"x0,x1,x2,x3,x4,x5",6,1.0,1.0,3.439370289705721,-714.1533999545863,,,,,
-743.7961944469107,-91.18245910417102,25.660486208223347,291.2733154237547,1075.6730602218613,0.0,1.0655282151719718,1.688327600486999,181.8620663920417,3.637241327840834,3.1651930427161945,91.39389081908382,133.47367739822616,0.0,griewank,value,logei,exact,gaussian,5.0,0,50,7,d1d33292-bb5d-401c-a669-e9cde52715af,False,0.01,2.0,14.946912100014742,2.7538558156589708,"x0,x1,x2,x3,x4,x5",6,5.0,5.0,3.439370289705721,-714.1533999545863,,,,,
-743.7961944469107,-91.18245910417102,25.660486208223347,291.2733154237547,1075.6730602218613,0.0,2.7196445749282603,0.03421124073071047,101.5596438043028,2.031192876086056,0.03421124073071047,28.484389508726192,28.484389508726192,0.0,griewank,value,qnei,exact,none,0.0,0,50,7,06fa158c-9475-4afd-b40f-52786c242fc5,True,0.01,2.0,16.480508900014684,2.7538558156589708,"x0,x1,x2,x3,x4,x5",6,0.2,0.5,3.439370289705721,-714.1533999545863,,,,,
-743.7961944469107,-91.18245910417102,25.660486208223347,291.2733154237547,1075.6730602218613,0.0,2.541534916514081,0.21232089914488972,101.19850513866984,2.0239701027733967,1.1763063919531602,50.29183118429856,89.29458433079628,0.0,griewank,value,qnei,exact,gaussian,1.0,0,50,7,a570ec76-720f-48cb-90e1-9c034ac796c7,False,0.01,2.0,15.414895800000522,2.7538558156589708,"x0,x1,x2,x3,x4,x5",6,1.0,1.0,3.439370289705721,-714.1533999545863,,,,,
-743.7961944469107,-91.18245910417102,25.660486208223347,291.2733154237547,1075.6730602218613,0.0,1.7109838361788827,1.042871979480088,172.41375816336767,3.4482751632673536,2.64906226402336,80.86994456420419,153.15966465836883,0.0,griewank,value,qnei,exact,gaussian,5.0,0,50,7,18e5e487-2e23-4986-96e6-b348d4bf1d06,False,0.01,2.0,22.141975199978333,2.7538558156589708,"x0,x1,x2,x3,x4,x5",6,5.0,5.0,3.439370289705721,-714.1533999545863,,,,,
-3.249291816934415,-0.23660355573313652,-7.704203856796188,5.960212283921744,10.27096714485386,0.0,55.83562103508154,0.9384530029368463,2054.040189619979,41.080803792399585,0.9384530029368463,1276.0242620417257,1276.0242620417257,0.0,shekel,value,logei,exact,none,0.0,0,50,7,5fb4ee2a-488a-46a9-be1c-2dbe9698094a,True,0.01,2.0,22.74987240001792,56.774074038018384,"x0,x1,x2,x3",4,0.2,0.5,,,,,,,
-3.249291816934415,-0.23660355573313652,-7.704203856796188,5.960212283921744,10.27096714485386,0.0,28.531120307424306,28.242953730594078,2630.1856474750066,52.603712949500135,28.242953730594078,2501.412705679003,2518.613117885066,0.0,shekel,value,logei,exact,gaussian,1.0,0,50,7,bed567ad-b3c0-441a-b963-5e5c154e42da,False,0.01,2.0,15.769396099960431,56.774074038018384,"x0,x1,x2,x3",4,1.0,1.0,,,,,,,
-3.249291816934415,-0.23660355573313652,-7.704203856796188,5.960212283921744,10.27096714485386,0.0,2.3172663324053704,54.456807705613016,2839.090990531442,56.78181981062884,57.01559247588855,2687.7234780479057,2772.6267652484325,0.0,shekel,value,logei,exact,gaussian,5.0,0,50,7,74b536ec-d526-4d1d-9a2d-ce93cb122037,False,0.01,2.0,14.81970370002091,56.774074038018384,"x0,x1,x2,x3",4,5.0,5.0,,,,,,,
-3.249291816934415,-0.23660355573313652,-7.704203856796188,5.960212283921744,10.27096714485386,0.0,40.729218632260924,16.04485540575746,2622.1243139263715,52.44248627852743,16.04485540575746,1638.736985670932,1638.736985670932,0.0,shekel,value,qnei,exact,none,0.0,0,50,7,c25abacf-1349-439c-bd0e-1e23e8753087,True,0.01,2.0,14.603859299968462,56.774074038018384,"x0,x1,x2,x3",4,0.2,0.5,,,,,,,
-3.249291816934415,-0.23660355573313652,-7.704203856796188,5.960212283921744,10.27096714485386,0.0,36.27804875563735,20.496025282381034,2503.960924960515,50.0792184992103,20.496025282381034,2068.3619717931033,2072.1753606973907,0.0,shekel,value,qnei,exact,gaussian,1.0,0,50,7,5fe8d8fd-01b9-4558-b1af-53b7ee4fe805,False,0.01,2.0,18.707105099980254,56.774074038018384,"x0,x1,x2,x3",4,1.0,1.0,,,,,,,
-3.249291816934415,-0.23660355573313652,-7.704203856796188,5.960212283921744,10.27096714485386,0.0,1.1824415673642374,55.59163247065415,2863.6761524415037,57.27352304883007,57.444721196427416,2726.874932441824,2792.643964908662,0.0,shekel,value,qnei,exact,gaussian,5.0,0,50,7,614c20e5-b74a-4eeb-946c-f1c461e14b98,False,0.01,2.0,22.101877200009767,56.774074038018384,"x0,x1,x2,x3",4,5.0,5.0,,,,,,,
-3.327274820540841,-0.24228204107073203,-7.889104749359297,6.103257378735867,10.517470356330351,0.0,2.8158721331317014,0.8230669403063504,101.83510039763853,2.0367020079527705,0.8230669403063504,59.76754516648718,59.76754516648718,0.0,rastrigin,value,logei,exact,none,0.0,0,50,7,14962670-bb51-40a3-83a6-783cc36c5cd8,True,0.01,2.0,20.43781630002195,3.638939073438052,"x0,x1,x2,x3",4,0.2,0.5,,,,,,,
-3.327274820540841,-0.24228204107073203,-7.889104749359297,6.103257378735867,10.517470356330351,0.0,3.065789419585108,0.5731496538529437,125.61543022825191,2.512308604565038,1.2959286747528824,52.93835335786312,84.57906215678295,0.0,rastrigin,value,logei,exact,gaussian,1.0,0,50,7,fc0b822a-69c6-4a4f-b358-d70a6e8b1193,False,0.01,2.0,15.219207299989648,3.638939073438052,"x0,x1,x2,x3",4,1.0,1.0,,,,,,,
-3.327274820540841,-0.24228204107073203,-7.889104749359297,6.103257378735867,10.517470356330351,0.0,1.5623468173418849,2.076592256096167,200.12703926287054,4.002540785257411,4.4742023170706435,104.48716399712858,183.92024887127656,0.0,rastrigin,value,logei,exact,gaussian,5.0,0,50,7,16a1ce5f-8853-4450-aab2-80341873db64,False,0.01,2.0,13.695410799991805,3.638939073438052,"x0,x1,x2,x3",4,5.0,5.0,,,,,,,
-3.327274820540841,-0.24228204107073203,-7.889104749359297,6.103257378735867,10.517470356330351,0.0,3.055378094782243,0.5835609786558087,123.69485017266838,2.473897003453368,0.5835609786558087,44.89733596029166,44.89733596029166,0.0,rastrigin,value,qnei,exact,none,0.0,0,50,7,2bcdaf71-d275-4cc9-aa93-05e5cb8c8cb5,True,0.01,2.0,23.3160553999478,3.638939073438052,"x0,x1,x2,x3",4,0.2,0.5,,,,,,,
-3.327274820540841,-0.24228204107073203,-7.889104749359297,6.103257378735867,10.517470356330351,0.0,1.4343726798783474,2.2045663935597046,187.10376630028605,3.742075326005721,2.8080306566815745,109.03024587708418,150.1339387645073,0.0,rastrigin,value,qnei,exact,gaussian,1.0,0,50,7,a452eed9-2fc0-40fa-bd22-c2420870e070,False,0.01,2.0,17.064840800012462,3.638939073438052,"x0,x1,x2,x3",4,1.0,1.0,,,,,,,
-3.327274820540841,-0.24228204107073203,-7.889104749359297,6.103257378735867,10.517470356330351,0.0,1.4343726798783474,2.2045663935597046,196.5296772460353,3.930593544920706,3.5382819199689903,109.03024587708418,181.05381340364514,0.0,rastrigin,value,qnei,exact,gaussian,5.0,0,50,7,e3592a23-e5ae-47da-9c53-2dcf9e460642,False,0.01,2.0,21.73306689999299,3.638939073438052,"x0,x1,x2,x3",4,5.0,5.0,,,,,,,
0.7805537608974431,-2.802138843683271,0.1430767001414357,1.7965582081583973,3.462243739646996,0.0,3.6942492615675873,4.353471905121391,330.42923102821914,6.608584620564383,4.353471905121391,254.09034597118003,254.09034597118003,0.0,michalewicz,value,logei,exact,none,0.0,0,50,7,b8374114-72d7-48a8-9860-aad56bbfc698,True,0.01,2.0,24.84907659998862,8.047721166688978,"x0,x1,x2,x3,x4",5,0.2,0.5,0.5270608146792729,,,,,,
0.7805537608974431,-2.802138843683271,0.1430767001414357,1.7965582081583973,3.462243739646996,0.0,2.801147067735096,5.246574098953882,355.2244485177167,7.104488970354335,5.246574098953882,300.0894302858461,318.255696995111,0.0,michalewicz,value,logei,exact,gaussian,1.0,0,50,7,d2025dbc-843a-4d86-b504-ae202c38f82e,False,0.01,2.0,16.556731900025625,8.047721166688978,"x0,x1,x2,x3,x4",5,1.0,1.0,0.5270608146792729,,,,,,
0.7805537608974431,-2.802138843683271,0.1430767001414357,1.7965582081583973,3.462243739646996,0.0,1.9163074174594432,6.1314137492295355,428.0402572077049,8.560805144154097,9.101655641575714,311.10972860257505,417.32935023865446,0.0,michalewicz,value,logei,exact,gaussian,5.0,0,50,7,8d70ef1a-895e-49bb-91fe-d29989344609,False,0.01,2.0,11.6450037000468,8.047721166688978,"x0,x1,x2,x3,x4",5,5.0,5.0,0.5270608146792729,,,,,,
0.7805537608974431,-2.802138843683271,0.1430767001414357,1.7965582081583973,3.462243739646996,0.0,3.9135927007170244,4.134128465971954,313.2480988647902,6.264961977295805,4.134128465971954,240.60044268038797,240.60044268038797,0.0,michalewicz,value,qnei,exact,none,0.0,0,50,7,afd72fb5-2fa3-43a1-860e-39d5f12d67b6,True,0.01,2.0,27.797904399980325,8.047721166688978,"x0,x1,x2,x3,x4",5,0.2,0.5,0.5270608146792729,,,,,,
0.7805537608974431,-2.802138843683271,0.1430767001414357,1.7965582081583973,3.462243739646996,0.0,3.240739602557179,4.8069815641317994,365.99106437435216,7.319821287487043,6.105191788325339,290.56312616085444,321.40895045685556,0.0,michalewicz,value,qnei,exact,gaussian,1.0,0,50,7,20e41878-f7b9-4db3-8e64-d2721fcd94d4,False,0.01,2.0,22.70958339999197,8.047721166688978,"x0,x1,x2,x3,x4",5,1.0,1.0,0.5270608146792729,,,,,,
0.7805537608974431,-2.802138843683271,0.1430767001414357,1.7965582081583973,3.462243739646996,0.0,1.0740241391727154,6.973697027516263,426.03579790073667,8.520715958014733,7.758305950362881,345.2771400245351,382.6703413037473,0.0,michalewicz,value,qnei,exact,gaussian,5.0,0,50,7,a12cb31b-5993-4200-ae8c-0a39c96505cd,False,0.01,2.0,21.972283500013873,8.047721166688978,"x0,x1,x2,x3,x4",5,5.0,5.0,0.5270608146792729,,,,,,
-0.6198301620390922,-0.0759853825868092,0.021383738506852712,0.24272776285312891,0.8963942168515511,0.0,6.5786538351507815,1.3885101281411556,342.3394646378324,6.8467892927566485,1.3885101281411556,127.56859475036408,127.56859475036408,0.0,hartmann_6,value,logei,exact,none,0.0,0,50,7,cfcd2e00-af54-49db-a788-1185e105e2d9,True,0.01,2.0,25.397445100010373,7.967163963291937,"x0,x1,x2,x3,x4,x5",6,0.2,0.5,0.0028661419080880934,-0.5951278332954886,,,,,
-0.6198301620390922,-0.0759853825868092,0.021383738506852712,0.24272776285312891,0.8963942168515511,0.0,7.196322876690396,0.7708410866015409,154.6671457262634,3.093342914525268,1.4867745825777945,119.26809571409942,132.54091274872383,0.0,hartmann_6,value,logei,exact,gaussian,1.0,0,50,7,fbc3f25d-6849-4554-b1d8-ef1f12d74052,False,0.01,2.0,20.827025400009006,7.967163963291937,"x0,x1,x2,x3,x4,x5",6,1.0,1.0,0.0028661419080880934,-0.5951278332954886,,,,,
-0.6198301620390922,-0.0759853825868092,0.021383738506852712,0.24272776285312891,0.8963942168515511,0.0,6.2058031338779545,1.7613608294139826,291.1818532452796,5.823637064905593,2.7957481524250882,148.96844781914982,251.18931872751696,0.0,hartmann_6,value,logei,exact,gaussian,5.0,0,50,7,1de7eece-61bf-455d-9ae0-81e62cf40780,False,0.01,2.0,13.800759100005962,7.967163963291937,"x0,x1,x2,x3,x4,x5",6,5.0,5.0,0.0028661419080880934,-0.5951278332954886,,,,,
-0.6198301620390922,-0.0759853825868092,0.021383738506852712,0.24272776285312891,0.8963942168515511,0.0,7.4217564567825445,0.5454075065093926,312.331627228792,6.24663254457584,0.5454075065093926,106.60619232313884,106.60619232313884,0.0,hartmann_6,value,qnei,exact,none,0.0,0,50,7,47ba49e9-f72d-49f5-a184-9bc9d890a336,True,0.01,2.0,25.688628300034907,7.967163963291937,"x0,x1,x2,x3,x4,x5",6,0.2,0.5,0.0028661419080880934,-0.5951278332954886,,,,,
-0.6198301620390922,-0.0759853825868092,0.021383738506852712,0.24272776285312891,0.8963942168515511,0.0,5.992028198974664,1.9751357643172733,277.2721345899434,5.5454426917988675,2.3119799286071174,202.42165112857978,209.2590600030853,0.0,hartmann_6,value,qnei,exact,gaussian,1.0,0,50,7,865d5b9f-f7f6-476e-964e-581d7ab2e83e,False,0.01,2.0,25.56554939999478,7.967163963291937,"x0,x1,x2,x3,x4,x5",6,1.0,1.0,0.0028661419080880934,-0.5951278332954886,,,,,
-0.6198301620390922,-0.0759853825868092,0.021383738506852712,0.24272776285312891,0.8963942168515511,0.0,0.7610039837212568,7.20615997957068,424.281526176675,8.4856305235335,8.570319990364824,368.95514152913427,418.9973597674437,0.0,hartmann_6,value,qnei,exact,gaussian,5.0,0,50,7,fbe98fad-b225-42d8-aabc-ed46b7d525b7,False,0.01,2.0,33.69212459999835,7.967163963291937,"x0,x1,x2,x3,x4,x5",6,5.0,5.0,0.0028661419080880934,-0.5951278332954886,,,,,
-3.249291816934415,-0.23660355573313652,-7.704203856796188,5.960212283921744,10.27096714485386,0.0,5.402837764670362,0.0,110.65172485328031,2.2130344970656064,0.0,28.44009565530686,28.44009565530686,0.0,hicks_law,value,logei,exact,none,0.0,0,50,7,955e2867-550a-45c6-b6b9-96ea0797ca8f,True,0.01,2.0,14.396466099948157,5.402837764670362,"x0,x1,x2,x3",4,0.2,0.5,,,,,,,
-3.249291816934415,-0.23660355573313652,-7.704203856796188,5.960212283921744,10.27096714485386,0.0,5.402837764670362,0.0,64.0438585372305,1.28087717074461,0.0,39.95382094042739,46.31769635716167,0.0,hicks_law,value,logei,exact,gaussian,1.0,0,50,7,ae7b680d-3a24-4a87-bb16-05babffae718,False,0.01,2.0,10.696664200047962,5.402837764670362,"x0,x1,x2,x3",4,1.0,1.0,,,,,,,
-3.249291816934415,-0.23660355573313652,-7.704203856796188,5.960212283921744,10.27096714485386,0.0,3.424831931953874,1.9780058327164878,214.29909257802225,4.285981851560445,5.813291354925812,178.36071842326743,257.09729774398807,0.0,hicks_law,value,logei,exact,gaussian,5.0,0,50,7,906aa25f-3ecd-41a4-96c7-72c74a8cff2a,False,0.01,2.0,13.454772699973546,5.402837764670362,"x0,x1,x2,x3",4,5.0,5.0,,,,,,,
-3.249291816934415,-0.23660355573313652,-7.704203856796188,5.960212283921744,10.27096714485386,0.0,5.402837764670362,0.0,266.5642823860098,5.331285647720196,0.0,28.582884490864586,28.582884490864586,0.0,hicks_law,value,qnei,exact,none,0.0,0,50,7,a7050e9e-6343-4d07-b462-2727e3eafd28,True,0.01,2.0,11.258390699978918,5.402837764670362,"x0,x1,x2,x3",4,0.2,0.5,,,,,,,
-3.249291816934415,-0.23660355573313652,-7.704203856796188,5.960212283921744,10.27096714485386,0.0,5.402837764670362,0.0,176.2922399640324,3.525844799280648,1.0401025946790252,25.291496369793744,86.3727259782146,0.0,hicks_law,value,qnei,exact,gaussian,1.0,0,50,7,6bb92f9d-c295-467a-a819-ee93709ece72,False,0.01,2.0,12.26861710002413,5.402837764670362,"x0,x1,x2,x3",4,1.0,1.0,,,,,,,
-3.249291816934415,-0.23660355573313652,-7.704203856796188,5.960212283921744,10.27096714485386,0.0,5.402837764670362,0.0,212.59330739848113,4.251866147969623,2.9898233298542527,126.93535587595522,192.50940234776087,0.0,hicks_law,value,qnei,exact,gaussian,5.0,0,50,7,da064f0c-94b8-41bb-801e-af95db514952,False,0.01,2.0,15.602431699982844,5.402837764670362,"x0,x1,x2,x3",4,5.0,5.0,,,,,,,
1.5059022364052659,-6.720066109789836,,,6.886728545946638,0.0,1.2498963851468907,0.00015908075317794257,17.93414014365003,0.3586828028730006,0.00015908075317794257,4.344136061126747,4.344136061126747,0.0,branin,value,logei,exact,none,0.0,0,50,7,634d5b20-e87b-4d78-9a02-2005ae220b15,True,0.01,2.0,11.127783400006592,1.2500554659000687,"x0,x1",2,0.2,0.5,,,,,,,
1.5059022364052659,-6.720066109789836,,,6.886728545946638,0.0,1.2308223182272386,0.01923314767283002,29.73710238754959,0.5947420477509918,0.4543265061390418,5.954673986068471,25.37763859111397,0.0,branin,value,logei,exact,gaussian,1.0,0,50,7,17ca79f4-5541-4d62-a423-4ed293436936,False,0.01,2.0,8.476471500005573,1.2500554659000687,"x0,x1",2,1.0,1.0,,,,,,,
1.5059022364052659,-6.720066109789836,,,6.886728545946638,0.0,1.1760980542992854,0.07395741160078328,44.67261269971313,0.8934522539942625,1.6848288730183434,8.001546266204137,45.20237154582131,0.0,branin,value,logei,exact,gaussian,5.0,0,50,7,10364e51-b2bd-4857-8110-ec955c4e564a,False,0.01,2.0,7.956849200010765,1.2500554659000687,"x0,x1",2,5.0,5.0,,,,,,,
1.5059022364052659,-6.720066109789836,,,6.886728545946638,0.0,1.2499120037873455,0.00014346211272320275,14.852810621705519,0.2970562124341104,0.00014346211272320275,4.348671741617245,4.348671741617245,0.0,branin,value,qnei,exact,none,0.0,0,50,7,bcdb3948-6110-47c4-8586-95f8cfddd160,True,0.01,2.0,11.101252700027544,1.2500554659000687,"x0,x1",2,0.2,0.5,,,,,,,
1.5059022364052659,-6.720066109789836,,,6.886728545946638,0.0,1.2382498818529633,0.01180558404710541,46.354146244675185,0.9270829248935037,0.37605677543364036,5.98114476047978,24.640817948568657,0.0,branin,value,qnei,exact,gaussian,1.0,0,50,7,92470a45-f0f1-4c33-b109-34995cb2d6ab,False,0.01,2.0,9.057499400048982,1.2500554659000687,"x0,x1",2,1.0,1.0,,,,,,,
1.5059022364052659,-6.720066109789836,,,6.886728545946638,0.0,1.2343581588385557,0.015697307061512955,54.709133742014416,1.0941826748402883,0.6584383863624924,8.718865357144049,40.0339450297171,0.0,branin,value,qnei,exact,gaussian,5.0,0,50,7,1e77aed2-21c5-4921-aa0a-5a8c67916586,False,0.01,2.0,11.385899899993092,1.2500554659000687,"x0,x1",2,5.0,5.0,,,,,,,
154.20438900789918,-688.1347696424792,,,705.2010031049356,0.0,2.986073721628168,0.21897180942689065,136.19776710098265,2.7239553420196527,0.21897180942689065,44.82947282235009,44.82947282235009,0.0,eggholder,value,logei,exact,none,0.0,0,50,7,9c55801a-b158-4945-9279-dd1047822bba,True,0.01,2.0,12.435166199982632,3.2050455310550587,"x0,x1",2,0.2,0.5,,,,,,,
154.20438900789918,-688.1347696424792,,,705.2010031049356,0.0,2.9108827668956394,0.29416276415941933,67.23696722760648,1.3447393445521296,0.29416276415941933,34.95722473169851,36.08983849483486,0.0,eggholder,value,logei,exact,gaussian,1.0,0,50,7,7c58c82b-5933-4a26-b51d-1e1cbfeadeab,False,0.01,2.0,10.552762900013477,3.2050455310550587,"x0,x1",2,1.0,1.0,,,,,,,
154.20438900789918,-688.1347696424792,,,705.2010031049356,0.0,1.7961036022851482,1.4089419287699105,145.8929632853327,2.9178592657066544,3.192226602966779,80.37415078714656,150.72811255781076,0.0,eggholder,value,logei,exact,gaussian,5.0,0,50,7,827ff3fc-c337-42ae-8631-ad2a9a0df04d,False,0.01,2.0,8.950581300014164,3.2050455310550587,"x0,x1",2,5.0,5.0,,,,,,,
154.20438900789918,-688.1347696424792,,,705.2010031049356,0.0,2.3207485978148754,0.8842969332401833,157.35284805485037,3.1470569610970074,0.8842969332401833,72.66051332676334,72.66051332676334,0.0,eggholder,value,qnei,exact,none,0.0,0,50,7,24a64847-9a76-4ceb-bc46-e5563bdba6ce,True,0.01,2.0,9.432645799999591,3.2050455310550587,"x0,x1",2,0.2,0.5,,,,,,,
154.20438900789918,-688.1347696424792,,,705.2010031049356,0.0,2.3705286809844455,0.8345168500706133,146.2118217319707,2.924236434639414,1.2559022971564762,61.13687042148267,71.46081387508632,0.0,eggholder,value,qnei,exact,gaussian,1.0,0,50,7,d5c25d2e-4bd5-4b10-b7a2-d9b4bfc4faed,False,0.01,2.0,11.033477599965408,3.2050455310550587,"x0,x1",2,1.0,1.0,,,,,,,
154.20438900789918,-688.1347696424792,,,705.2010031049356,0.0,1.8496285889329238,1.355416942122135,160.739062369818,3.2147812473963597,3.145652115360244,93.04735849274016,150.86416243682314,0.0,eggholder,value,qnei,exact,gaussian,5.0,0,50,7,fa373de9-628b-4ee4-aeec-d308224098fa,False,0.01,2.0,10.08606449997751,3.2050455310550587,"x0,x1",2,5.0,5.0,,,,,,,
-0.3998882766140751,-0.59704751605835,0.09786775515106838,,0.7252271835108846,0.0,3.054122822855108,0.0007781193006195508,64.77107557704251,1.2954215115408503,0.0007781193006195508,12.645474580933497,12.645474580933497,0.0,hartmann_3,value,logei,exact,none,0.0,0,50,7,9d4769cd-1aa8-4bdc-9b9d-c484f208c2b9,True,0.01,2.0,15.970590300043114,3.0549009421557276,"x0,x1,x2",3,0.2,0.5,,,,,,,
-0.3998882766140751,-0.59704751605835,0.09786775515106838,,0.7252271835108846,0.0,3.0382022381500633,0.01669870400566431,36.17706034498528,0.7235412068997056,0.0846322310319172,16.905721742103317,29.526453384688985,0.0,hartmann_3,value,logei,exact,gaussian,1.0,0,50,7,f1d5fed3-6a40-440a-930c-d30ffc2d1f59,False,0.01,2.0,15.357080499990843,3.0549009421557276,"x0,x1,x2",3,1.0,1.0,,,,,,,
-0.3998882766140751,-0.59704751605835,0.09786775515106838,,0.7252271835108846,0.0,1.41001891740958,1.6448820247461475,136.59483579156543,2.7318967158313088,4.009887008163945,82.9680032437225,131.86390707839803,0.0,hartmann_3,value,logei,exact,gaussian,5.0,0,50,7,5fe43d21-e6fc-4ccc-9249-67c5d9887fe6,False,0.01,2.0,9.405318500008434,3.0549009421557276,"x0,x1,x2",3,5.0,5.0,,,,,,,
-0.3998882766140751,-0.59704751605835,0.09786775515106838,,0.7252271835108846,0.0,3.054592814962937,0.00030812719279049716,92.9253696451464,1.858507392902928,0.00030812719279049716,12.269028807025014,12.269028807025014,0.0,hartmann_3,value,qnei,exact,none,0.0,0,50,7,59248ed2-e0de-4703-80ac-f2cbce4fcd42,True,0.01,2.0,13.833411900035571,3.0549009421557276,"x0,x1,x2",3,0.2,0.5,,,,,,,
-0.3998882766140751,-0.59704751605835,0.09786775515106838,,0.7252271835108846,0.0,2.7425531627305095,0.3123477794252181,111.793353961344,2.23586707922688,1.4589411477509864,51.784238661444604,77.62820343041686,0.0,hartmann_3,value,qnei,exact,gaussian,1.0,0,50,7,c6bc0387-bcd5-4eec-9927-c13083c0225b,False,0.01,2.0,16.296661700005643,3.0549009421557276,"x0,x1,x2",3,1.0,1.0,,,,,,,
-0.3998882766140751,-0.59704751605835,0.09786775515106838,,0.7252271835108846,0.0,1.1880648068824795,1.866836135273248,173.30817677017583,3.4661635354035165,4.04184358627726,91.95714472007009,190.95774271675572,0.0,hartmann_3,value,qnei,exact,gaussian,5.0,0,50,7,17d84508-9c1c-489d-9fe9-5233be5fa43a,False,0.01,2.0,16.10826020000968,3.0549009421557276,"x0,x1,x2",3,5.0,5.0,,,,,,,
-0.32492918169344154,-0.023660355573313585,-0.7704203856796188,0.5960212283921744,1.027096714485386,0.0,2.309718507741185,0.6477812738407325,91.77670367244171,1.8355340734488343,0.6477812738407325,56.59893102717295,56.59893102717295,0.0,moving_peaks,value,logei,exact,none,0.0,0,50,7,e546bf8b-6d60-44b4-8182-3175ea74b744,True,0.01,2.0,14.641254500020295,2.9574997815819173,"x0,x1,x2,x3",4,0.2,0.5,,,,,,,
-0.32492918169344154,-0.023660355573313585,-0.7704203856796188,0.5960212283921744,1.027096714485386,0.0,1.751279175919082,1.2062206056628353,111.33038831127074,2.2266077662254147,1.4781002817465267,67.04066575746931,84.26226706935563,0.0,moving_peaks,value,logei,exact,gaussian,1.0,0,50,7,5db71435-7ce4-42a4-9948-2bf644318cf6,False,0.01,2.0,14.279897700005677,2.9574997815819173,"x0,x1,x2,x3",4,1.0,1.0,,,,,,,
-0.32492918169344154,-0.023660355573313585,-0.7704203856796188,0.5960212283921744,1.027096714485386,0.0,1.498619581017843,1.4588802005640742,168.60987812263542,3.3721975624527083,3.2221612628721936,74.96781989812135,158.16736826950412,0.0,moving_peaks,value,logei,exact,gaussian,5.0,0,50,7,f09466d9-7946-4dab-ac40-bf8094ba8eb4,False,0.01,2.0,18.468035400030203,2.9574997815819173,"x0,x1,x2,x3",4,5.0,5.0,,,,,,,
-0.32492918169344154,-0.023660355573313585,-0.7704203856796188,0.5960212283921744,1.027096714485386,0.0,2.6094433448093493,0.34805643677256803,102.61936639085884,2.052387327817177,0.34805643677256803,52.49105157055729,52.49105157055729,0.0,moving_peaks,value,qnei,exact,none,0.0,0,50,7,fa823a4c-5c5e-48fe-9bab-212baba2c514,True,0.01,2.0,15.527548400044907,2.9574997815819173,"x0,x1,x2,x3",4,0.2,0.5,,,,,,,
-0.32492918169344154,-0.023660355573313585,-0.7704203856796188,0.5960212283921744,1.027096714485386,0.0,2.2895561200946117,0.6679436614873056,109.6206913300278,2.1924138266005557,0.9490593336176296,49.50738590913489,69.4085905393059,0.0,moving_peaks,value,qnei,exact,gaussian,1.0,0,50,7,8396f436-829c-4a8b-ad66-43482a1fdef8,False,0.01,2.0,19.357736900041346,2.9574997815819173,"x0,x1,x2,x3",4,1.0,1.0,,,,,,,
-0.32492918169344154,-0.023660355573313585,-0.7704203856796188,0.5960212283921744,1.027096714485386,0.0,1.498619581017843,1.4588802005640742,177.55912669713504,3.551182533942701,3.448775409429058,74.96781989812135,158.9108216992788,0.0,moving_peaks,value,qnei,exact,gaussian,5.0,0,50,7,ca754772-ad4c-4b70-9f84-ad1f10b0e5a5,False,0.01,2.0,17.76745539996773,2.9574997815819173,"x0,x1,x2,x3",4,5.0,5.0,,,,,,,
-0.32492918169344154,-0.023660355573313585,-0.7704203856796188,0.5960212283921744,1.027096714485386,0.0,1.7175746997911816,0.0,63.491104042342265,1.2698220808468452,0.0,6.115974239549598,6.115974239549598,0.0,power_law_practice,value,logei,exact,none,0.0,0,50,7,d67f84d8-31ca-417c-a50f-ae32f1282d35,True,0.01,2.0,16.476372400007676,1.7175746997911816,"x0,x1,x2,x3",4,0.2,0.5,,,,,,,
-0.32492918169344154,-0.023660355573313585,-0.7704203856796188,0.5960212283921744,1.027096714485386,0.0,1.6850157962237595,0.03255890356742208,62.7961419547295,1.25592283909459,1.1274387015043716,11.636268556810343,42.0777089972648,0.0,power_law_practice,value,logei,exact,gaussian,1.0,0,50,7,f01e7fc3-ad3e-43db-9958-7a05bd3edb17,False,0.01,2.0,16.649328000028618,1.7175746997911816,"x0,x1,x2,x3",4,1.0,1.0,,,,,,,
-0.32492918169344154,-0.023660355573313585,-0.7704203856796188,0.5960212283921744,1.027096714485386,0.0,1.7175746997911816,0.0,52.32936761155305,1.0465873522310611,0.5987438303233474,15.815608415719499,62.7899709812536,0.0,power_law_practice,value,logei,exact,gaussian,5.0,0,50,7,e3ed0403-fbf7-49a1-9203-781885c5f23a,False,0.01,2.0,13.676026000001002,1.7175746997911816,"x0,x1,x2,x3",4,5.0,5.0,,,,,,,
-0.32492918169344154,-0.023660355573313585,-0.7704203856796188,0.5960212283921744,1.027096714485386,0.0,1.7175746997911816,0.0,74.44319189214774,1.4888638378429548,0.0,6.330680996069656,6.330680996069656,0.0,power_law_practice,value,qnei,exact,none,0.0,0,50,7,5b42d2ec-27b8-42d5-9dcc-1b4d8f18240e,True,0.01,2.0,13.863400199974421,1.7175746997911816,"x0,x1,x2,x3",4,0.2,0.5,,,,,,,
-0.32492918169344154,-0.023660355573313585,-0.7704203856796188,0.5960212283921744,1.027096714485386,0.0,1.631855878182269,0.08571882160891264,34.67769273509887,0.6935538547019775,0.27455298489202673,11.162415965536951,25.085500603520558,0.0,power_law_practice,value,qnei,exact,gaussian,1.0,0,50,7,efa2e02e-b7f0-48d6-a994-d8f495a944f7,False,0.01,2.0,20.395821999991313,1.7175746997911816,"x0,x1,x2,x3",4,1.0,1.0,,,,,,,
-0.32492918169344154,-0.023660355573313585,-0.7704203856796188,0.5960212283921744,1.027096714485386,0.0,1.3527697990354184,0.3648049007557632,90.68902926197568,1.8137805852395135,4.191738736005528,21.105279476678067,109.94664863588588,0.0,power_law_practice,value,qnei,exact,gaussian,5.0,0,50,7,1b01698a-19ec-4caa-b3fb-a86605c3c9fb,False,0.01,2.0,15.823615000001155,1.7175746997911816,"x0,x1,x2,x3",4,5.0,5.0,,,,,,,
-0.32492918169344154,-0.023660355573313585,-0.7704203856796188,0.5960212283921744,1.027096714485386,0.0,2.153305282720616,0.0,77.1009458493628,1.542018916987256,0.0,5.650210926082619,5.650210926082619,0.0,weber_fechner,value,logei,exact,none,0.0,0,50,7,87d2838b-ea89-4a9a-9aeb-fd2bc202b225,True,0.01,2.0,16.077832599985413,2.153305282720616,"x0,x1,x2,x3",4,0.2,0.5,,,,,,,
-0.32492918169344154,-0.023660355573313585,-0.7704203856796188,0.5960212283921744,1.027096714485386,0.0,2.1348657790259256,0.018439503694690274,53.812851887714,1.07625703775428,0.23424120145737604,9.189789891794554,28.092590182721775,0.0,weber_fechner,value,logei,exact,gaussian,1.0,0,50,7,b6000ac0-b4a4-478d-aa3e-b680c63c4a83,False,0.01,2.0,16.23546500003431,2.153305282720616,"x0,x1,x2,x3",4,1.0,1.0,,,,,,,
-0.32492918169344154,-0.023660355573313585,-0.7704203856796188,0.5960212283921744,1.027096714485386,0.0,1.8254938950166408,0.327811387703975,117.19000709512076,2.343800141902415,5.547877386996259,21.218787773539397,181.407706777452,0.0,weber_fechner,value,logei,exact,gaussian,5.0,0,50,7,c689c2c6-9675-4238-b2c4-bd3455ddf66a,False,0.01,2.0,17.579765999980737,2.153305282720616,"x0,x1,x2,x3",4,5.0,5.0,,,,,,,
-0.32492918169344154,-0.023660355573313585,-0.7704203856796188,0.5960212283921744,1.027096714485386,0.0,2.153305282720616,0.0,74.65683972072789,1.4931367944145577,0.0,5.692915217011333,5.692915217011333,0.0,weber_fechner,value,qnei,exact,none,0.0,0,50,7,ce3b9706-f1bb-48e5-b9b2-ce33ddab3fd9,True,0.01,2.0,14.188056499988306,2.153305282720616,"x0,x1,x2,x3",4,0.2,0.5,,,,,,,
-0.32492918169344154,-0.023660355573313585,-0.7704203856796188,0.5960212283921744,1.027096714485386,0.0,2.070015262494063,0.08329002022655274,90.64623912140536,1.8129247824281072,0.9057066891839805,9.969385818691219,44.20400977681842,0.0,weber_fechner,value,qnei,exact,gaussian,1.0,0,50,7,b2c2e25f-fd94-4800-9118-5a2c1fb53983,False,0.01,2.0,15.026728899974842,2.153305282720616,"x0,x1,x2,x3",4,1.0,1.0,,,,,,,
-0.32492918169344154,-0.023660355573313585,-0.7704203856796188,0.5960212283921744,1.027096714485386,0.0,2.1071473732435986,0.046157909477017256,90.36220005455705,1.807244001091141,1.2582153277379842,17.50974471782707,60.75859655303694,0.0,weber_fechner,value,qnei,exact,gaussian,5.0,0,50,7,52b7e528-43b1-4fef-abfb-279fef9a0670,False,0.01,2.0,25.051556499965955,2.153305282720616,"x0,x1,x2,x3",4,5.0,5.0,,,,,,,
-0.32492918169344154,-0.023660355573313585,-0.7704203856796188,0.5960212283921744,1.027096714485386,0.0,1.2903736616780201,1.5161210038527884e-06,19.29808668988819,0.38596173379776383,1.5161210038527884e-06,8.613732147643024,8.613732147643024,0.0,steering_law,value,logei,exact,none,0.0,0,50,7,05965505-be3a-4b49-b7ec-e2dcb19cb046,True,0.01,2.0,15.4500296000042,1.290375177799024,"x0,x1,x2,x3",4,0.2,0.5,,,,,,,
-0.32492918169344154,-0.023660355573313585,-0.7704203856796188,0.5960212283921744,1.027096714485386,0.0,1.2878659897780613,0.0025091880209626716,25.433545680829102,0.508670913616582,0.13638129973554514,13.7954517813009,30.441211984593252,0.0,steering_law,value,logei,exact,gaussian,1.0,0,50,7,e78831c2-6ec0-4c90-b500-382afaa8a431,False,0.01,2.0,10.599097799975425,1.290375177799024,"x0,x1,x2,x3",4,1.0,1.0,,,,,,,
-0.32492918169344154,-0.023660355573313585,-0.7704203856796188,0.5960212283921744,1.027096714485386,0.0,1.1348477537506525,0.1555274240483715,57.55714560704934,1.1511429121409869,1.314495628207135,27.542396986392085,87.66509222441104,0.0,steering_law,value,logei,exact,gaussian,5.0,0,50,7,501187ae-0990-46fc-8cb8-86b193532c90,False,0.01,2.0,14.156011099985335,1.290375177799024,"x0,x1,x2,x3",4,5.0,5.0,,,,,,,
-0.32492918169344154,-0.023660355573313585,-0.7704203856796188,0.5960212283921744,1.027096714485386,0.0,1.2903746367439526,5.41055071412444e-07,27.20515458866042,0.5441030917732084,5.41055071412444e-07,8.526017597991045,8.526017597991045,0.0,steering_law,value,qnei,exact,none,0.0,0,50,7,2ffcc554-8405-4be4-895b-c19bb889ae72,True,0.01,2.0,14.849535099987406,1.290375177799024,"x0,x1,x2,x3",4,0.2,0.5,,,,,,,
-0.32492918169344154,-0.023660355573313585,-0.7704203856796188,0.5960212283921744,1.027096714485386,0.0,1.2751125492372708,0.0152626285617532,41.14457649344523,0.8228915298689046,0.09056341444102145,12.143464139461061,24.2077917520447,0.0,steering_law,value,qnei,exact,gaussian,1.0,0,50,7,16a13266-67b6-4a48-a62a-aadbb6bc581a,False,0.01,2.0,17.22676930000307,1.290375177799024,"x0,x1,x2,x3",4,1.0,1.0,,,,,,,
-0.32492918169344154,-0.023660355573313585,-0.7704203856796188,0.5960212283921744,1.027096714485386,0.0,1.2210749632795403,0.06930021451948365,74.23886256271497,1.4847772512542994,0.3109511057605847,9.570707074334598,49.42470009027685,0.0,steering_law,value,qnei,exact,gaussian,5.0,0,50,7,7e439ae6-00d5-404a-b54b-7116844b83e4,False,0.01,2.0,20.704810999974143,1.290375177799024,"x0,x1,x2,x3",4,5.0,5.0,,,,,,,
133.0915158206857,-737.4335282982871,-254.10869041529082,-371.50017798877445,1165.691399325861,0.0,2.7371378780542424,0.016717937604728395,53.047540882945206,1.0609508176589042,0.016717937604728395,20.645812672839334,20.645812672839334,0.0,griewank,value,logei,exact,none,0.0,0,50,8,e7814fb1-81fc-4ab4-b2d4-d24d3fdb2fa7,True,0.01,2.0,25.47442460001912,2.7538558156589708,"x0,x1,x2,x3,x4,x5",6,0.2,0.5,-754.2532399338406,-160.72746958567706,,,,,
133.0915158206857,-737.4335282982871,-254.10869041529082,-371.50017798877445,1165.691399325861,0.0,2.496542041242385,0.25731377441658587,64.22093251683741,1.284418650336748,0.9778698839426085,27.936143524185127,50.078068228764344,0.0,griewank,value,logei,exact,gaussian,1.0,0,50,8,01f08c9d-3c7f-4905-a66a-be07beddecd7,False,0.01,2.0,16.11074929998722,2.7538558156589708,"x0,x1,x2,x3,x4,x5",6,1.0,1.0,-754.2532399338406,-160.72746958567706,,,,,
133.0915158206857,-737.4335282982871,-254.10869041529082,-371.50017798877445,1165.691399325861,0.0,1.8483173568435898,0.905538458815381,156.19646474008115,3.123929294801623,3.2435750741440446,50.717703953350856,130.7815643119767,0.0,griewank,value,logei,exact,gaussian,5.0,0,50,8,065d390e-0719-488d-a90d-d8ce3bcdadda,False,0.01,2.0,16.975149900012184,2.7538558156589708,"x0,x1,x2,x3,x4,x5",6,5.0,5.0,-754.2532399338406,-160.72746958567706,,,,,
133.0915158206857,-737.4335282982871,-254.10869041529082,-371.50017798877445,1165.691399325861,0.0,2.7273576116568314,0.026498204002139314,101.26807841895841,2.0253615683791684,0.026498204002139314,22.52572808627036,22.52572808627036,0.0,griewank,value,qnei,exact,none,0.0,0,50,8,9a842fe4-67aa-4531-b9d9-323f83ff1915,True,0.01,2.0,14.33809570001904,2.7538558156589708,"x0,x1,x2,x3,x4,x5",6,0.2,0.5,-754.2532399338406,-160.72746958567706,,,,,
133.0915158206857,-737.4335282982871,-254.10869041529082,-371.50017798877445,1165.691399325861,0.0,2.267530579942021,0.48632523571694986,120.92905310741698,2.4185810621483395,1.7769397754598892,39.51851467424612,70.46096554731965,0.0,griewank,value,qnei,exact,gaussian,1.0,0,50,8,affc8f0e-8bf1-49bc-bb12-032084aa9c36,False,0.01,2.0,16.31965040002251,2.7538558156589708,"x0,x1,x2,x3,x4,x5",6,1.0,1.0,-754.2532399338406,-160.72746958567706,,,,,
133.0915158206857,-737.4335282982871,-254.10869041529082,-371.50017798877445,1165.691399325861,0.0,2.155555642289154,0.5983001733698168,225.76875875275363,4.515375175055072,5.753911777542211,55.16515127420338,191.39240053693302,0.0,griewank,value,qnei,exact,gaussian,5.0,0,50,8,4a950054-591c-4e52-a2d3-c39eb7e0c2dd,False,0.01,2.0,18.885209299973212,2.7538558156589708,"x0,x1,x2,x3,x4,x5",6,5.0,5.0,-754.2532399338406,-160.72746958567706,,,,,
4.886318115815898,-5.365728331188584,1.0725393117355386,-3.742200294576083,8.235383954195088,0.0,0.7602176444468566,0.004006239011603241,18.561251504683934,0.3712250300936787,0.004006239011603241,1.174735943346969,1.174735943346969,0.0,powell,value,logei,exact,none,0.0,0,50,8,e9ea06a9-2fa2-4323-a2f3-f65974d60ebf,True,0.01,2.0,14.146652000024915,0.7642238834584598,"x0,x1,x2,x3",4,0.2,0.5,,,,,,,
4.886318115815898,-5.365728331188584,1.0725393117355386,-3.742200294576083,8.235383954195088,0.0,0.7517140103924821,0.012509873065977728,26.85637371369893,0.5371274742739786,0.2725628195679806,1.7218174957966088,12.216259436308848,0.0,powell,value,logei,exact,gaussian,1.0,0,50,8,94e4123d-a111-404c-896e-d539925b7ad3,False,0.01,2.0,13.067544599995017,0.7642238834584598,"x0,x1,x2,x3",4,1.0,1.0,,,,,,,
4.886318115815898,-5.365728331188584,1.0725393117355386,-3.742200294576083,8.235383954195088,0.0,0.7599486209775627,0.004275262480897157,35.001187330003944,0.7000237466000789,0.21364477967492512,1.0917236327512367,7.159765529497496,0.0,powell,value,logei,exact,gaussian,5.0,0,50,8,8b8b84ba-ed78-4db7-95ae-8ee39589e3ed,False,0.01,2.0,12.637854799977504,0.7642238834584598,"x0,x1,x2,x3",4,5.0,5.0,,,,,,,
4.886318115815898,-5.365728331188584,1.0725393117355386,-3.742200294576083,8.235383954195088,0.0,0.7628441554974152,0.0013797279610445745,16.82208925915864,0.3364417851831728,0.0013797279610445745,1.0362449767438222,1.0362449767438222,0.0,powell,value,qnei,exact,none,0.0,0,50,8,4c9d97cc-3f9d-45d0-9e02-cfb8d4c9fd9a,True,0.01,2.0,14.747102799999993,0.7642238834584598,"x0,x1,x2,x3",4,0.2,0.5,,,,,,,
4.886318115815898,-5.365728331188584,1.0725393117355386,-3.742200294576083,8.235383954195088,0.0,0.7383561565507549,0.02586772690770489,26.965355080619673,0.5393071016123935,0.4378307297570799,2.065834628147826,10.753024704941291,0.0,powell,value,qnei,exact,gaussian,1.0,0,50,8,2faf1504-7d26-4bfb-ae97-d28e5cc3c894,False,0.01,2.0,18.111749799980316,0.7642238834584598,"x0,x1,x2,x3",4,1.0,1.0,,,,,,,
4.886318115815898,-5.365728331188584,1.0725393117355386,-3.742200294576083,8.235383954195088,0.0,0.7363068157960224,0.0279170676624374,103.3480681429951,2.066961362859902,0.3379653510523517,2.1201421581482376,48.16622584511999,0.0,powell,value,qnei,exact,gaussian,5.0,0,50,8,b21b45ff-2923-4e37-b64a-6735e1f8c07a,False,0.01,2.0,15.329651099978946,0.7642238834584598,"x0,x1,x2,x3",4,5.0,5.0,,,,,,,
542.9242350906554,-596.1920367987316,119.1710346372821,-415.8000327306759,915.042661577232,0.0,1.8111449637991828,2.517245407979669,197.62917916847528,3.9525835833695053,2.517245407979669,155.3484786298796,155.3484786298796,0.0,schwefel,value,logei,exact,none,0.0,0,50,8,7d1a5671-2292-4bba-b239-de5cdca242fa,True,0.01,2.0,16.9866905999952,4.328390371778852,"x0,x1,x2,x3",4,0.2,0.5,,,,,,,
542.9242350906554,-596.1920367987316,119.1710346372821,-415.8000327306759,915.042661577232,0.0,1.9625082774813174,2.3658820942975343,179.8928675040878,3.597857350081756,2.9435768043666326,133.7646834098961,150.46352734509122,0.0,schwefel,value,logei,exact,gaussian,1.0,0,50,8,f09ef4aa-f7ab-4ff6-8d32-d74bf571aaf4,False,0.01,2.0,15.880331599968486,4.328390371778852,"x0,x1,x2,x3",4,1.0,1.0,,,,,,,
542.9242350906554,-596.1920367987316,119.1710346372821,-415.8000327306759,915.042661577232,0.0,1.4610384990641785,2.867351872714673,226.7342413844962,4.534684827689924,4.696533684342194,161.59548406029995,234.85753909007894,0.0,schwefel,value,logei,exact,gaussian,5.0,0,50,8,a5f4c5c1-65fc-481f-9906-0feb05c7b6f6,False,0.01,2.0,12.544962999993004,4.328390371778852,"x0,x1,x2,x3",4,5.0,5.0,,,,,,,
542.9242350906554,-596.1920367987316,119.1710346372821,-415.8000327306759,915.042661577232,0.0,3.691792615481292,0.6365977562975598,172.15763253003485,3.443152650600697,0.6365977562975598,114.77174791073887,114.77174791073887,0.0,schwefel,value,qnei,exact,none,0.0,0,50,8,075ca99c-20e0-4e47-9107-589c8fbcbb08,True,0.01,2.0,15.581667200021911,4.328390371778852,"x0,x1,x2,x3",4,0.2,0.5,,,,,,,
542.9242350906554,-596.1920367987316,119.1710346372821,-415.8000327306759,915.042661577232,0.0,2.349271758896927,1.979118612881925,202.07848672214433,4.041569734442887,2.745659664684174,131.9003367415113,168.96480755908055,0.0,schwefel,value,qnei,exact,gaussian,1.0,0,50,8,0a828e46-5eaa-409f-ab21-2accc8450b2b,False,0.01,2.0,15.311576600011904,4.328390371778852,"x0,x1,x2,x3",4,1.0,1.0,,,,,,,
542.9242350906554,-596.1920367987316,119.1710346372821,-415.8000327306759,915.042661577232,0.0,2.0842007376448124,2.2441896341340395,221.23913552041225,4.424782710408245,4.8872470068418545,134.08861431045574,182.04361874533828,0.0,schwefel,value,qnei,exact,gaussian,5.0,0,50,8,f94d052f-629c-460f-bdad-a266b70ac0dd,False,0.01,2.0,14.692312100029085,4.328390371778852,"x0,x1,x2,x3",4,5.0,5.0,,,,,,,
-6.9333970900778725,-12.846884266309017,-6.612187687250939,5.58682137934723,25.138189916473408,0.0,2.224764561583958,0.3997157701946543,68.14619583591625,1.362923916718325,0.3997157701946543,37.641347602062055,37.641347602062055,0.0,levy_10,value,logei,exact,none,0.0,0,50,7,6dc5ea17-0de4-4398-b10b-0557392acf23,True,0.01,2.0,47.88112410000758,2.6244803317786123,"x0,x1,x2,x3,x4,x5,x6,x7,x8,x9,x10",11,0.2,0.5,5.06662134326534,2.4389367607626156,15.747932292963567,-3.9809837788320728,3.8378143785967715,-5.052525092162437,-2.85640785922938
-6.9333970900778725,-12.846884266309017,-6.612187687250939,5.58682137934723,25.138189916473408,0.0,1.9403615571380053,0.684118774640607,107.81989186402492,2.1563978372804984,1.4239307135731905,41.79343204830358,69.13035412010404,0.0,levy_10,value,logei,exact,gaussian,1.0,0,50,7,86eb4ea7-e9e4-4092-8aec-ca703726fd7a,False,0.01,2.0,39.92625349998707,2.6244803317786123,"x0,x1,x2,x3,x4,x5,x6,x7,x8,x9,x10",11,1.0,1.0,5.06662134326534,2.4389367607626156,15.747932292963567,-3.9809837788320728,3.8378143785967715,-5.052525092162437,-2.85640785922938
-6.9333970900778725,-12.846884266309017,-6.612187687250939,5.58682137934723,25.138189916473408,0.0,1.5853975188741656,1.0390828129044467,180.75547697326093,3.6151095394652186,2.2045661755429897,56.16947559798907,128.8739192058678,0.0,levy_10,value,logei,exact,gaussian,5.0,0,50,7,0b626261-4f7e-4a12-a22f-48da20712207,False,0.01,2.0,25.272115500003565,2.6244803317786123,"x0,x1,x2,x3,x4,x5,x6,x7,x8,x9,x10",11,5.0,5.0,5.06662134326534,2.4389367607626156,15.747932292963567,-3.9809837788320728,3.8378143785967715,-5.052525092162437,-2.85640785922938
-6.9333970900778725,-12.846884266309017,-6.612187687250939,5.58682137934723,25.138189916473408,0.0,2.2497713355170945,0.37470899626151777,80.9927139240735,1.61985427848147,0.37470899626151777,38.52102917600704,38.52102917600704,0.0,levy_10,value,qnei,exact,none,0.0,0,50,7,b996e63a-4a9e-43b4-8b91-4ae5cfe67f22,True,0.01,2.0,64.6639259000076,2.6244803317786123,"x0,x1,x2,x3,x4,x5,x6,x7,x8,x9,x10",11,0.2,0.5,5.06662134326534,2.4389367607626156,15.747932292963567,-3.9809837788320728,3.8378143785967715,-5.052525092162437,-2.85640785922938
-6.9333970900778725,-12.846884266309017,-6.612187687250939,5.58682137934723,25.138189916473408,0.0,1.9358724826185267,0.6886078491600856,102.57432141096544,2.0514864282193086,1.4271395534350206,43.55246048238369,66.53909822850947,0.0,levy_10,value,qnei,exact,gaussian,1.0,0,50,7,993bd522-fcb1-4ade-8008-ffb080852ab2,False,0.01,2.0,45.32557820004877,2.6244803317786123,"x0,x1,x2,x3,x4,x5,x6,x7,x8,x9,x10",11,1.0,1.0,5.06662134326534,2.4389367607626156,15.747932292963567,-3.9809837788320728,3.8378143785967715,-5.052525092162437,-2.85640785922938
-6.9333970900778725,-12.846884266309017,-6.612187687250939,5.58682137934723,25.138189916473408,0.0,1.964331927617798,0.6601484041608143,169.7958849076174,3.395917698152348,5.218781427111322,43.041907278695696,159.3607855160442,0.0,levy_10,value,qnei,exact,gaussian,5.0,0,50,7,b0c6c7ec-5078-4e3d-ad8e-8dba3f2f40bd,False,0.01,2.0,46.33412539999699,2.6244803317786123,"x0,x1,x2,x3,x4,x5,x6,x7,x8,x9,x10",11,5.0,5.0,5.06662134326534,2.4389367607626156,15.747932292963567,-3.9809837788320728,3.8378143785967715,-5.052525092162437,-2.85640785922938
0.11090959651723808,-0.6145279402485725,-0.21175724201274237,-0.309583481657312,0.9714094994382175,0.0,7.937905713896259,0.029258249395677893,243.5424323920135,4.87084864784027,0.029258249395677893,58.6496642210423,58.6496642210423,0.0,hartmann_6,value,logei,exact,none,0.0,0,50,8,b98ba208-b84d-40a7-9feb-e73d6a27908d,True,0.01,2.0,21.11792940000305,7.967163963291937,"x0,x1,x2,x3,x4,x5",6,0.2,0.5,-0.6285443666115338,-0.13393955798806423,,,,,
0.11090959651723808,-0.6145279402485725,-0.21175724201274237,-0.309583481657312,0.9714094994382175,0.0,7.129067359321045,0.8380966039708921,161.064539411433,3.22129078822866,1.1677099555842165,110.50069977076552,131.72735078911538,0.0,hartmann_6,value,logei,exact,gaussian,1.0,0,50,8,4dd0c2da-0c1c-4491-a227-2afd82972fda,False,0.01,2.0,20.246736700006295,7.967163963291937,"x0,x1,x2,x3,x4,x5",6,1.0,1.0,-0.6285443666115338,-0.13393955798806423,,,,,
0.11090959651723808,-0.6145279402485725,-0.21175724201274237,-0.309583481657312,0.9714094994382175,0.0,4.346881310353047,3.62028265293889,307.4734616233897,6.149469232467794,4.744133673749767,187.77687864351373,236.81683691643147,0.0,hartmann_6,value,logei,exact,gaussian,5.0,0,50,8,4b065609-46f1-4ccc-945a-8bdc5a883b9b,False,0.01,2.0,24.88756479998119,7.967163963291937,"x0,x1,x2,x3,x4,x5",6,5.0,5.0,-0.6285443666115338,-0.13393955798806423,,,,,
0.11090959651723808,-0.6145279402485725,-0.21175724201274237,-0.309583481657312,0.9714094994382175,0.0,7.941497500538189,0.025666462753748398,260.6872084032648,5.213744168065295,0.025666462753748398,50.986158717278514,50.986158717278514,0.0,hartmann_6,value,qnei,exact,none,0.0,0,50,8,4a9b2ce1-d5ab-487c-a8db-5ed925d4e482,True,0.01,2.0,20.09277440002188,7.967163963291937,"x0,x1,x2,x3,x4,x5",6,0.2,0.5,-0.6285443666115338,-0.13393955798806423,,,,,
0.11090959651723808,-0.6145279402485725,-0.21175724201274237,-0.309583481657312,0.9714094994382175,0.0,6.114301506797692,1.852862456494245,289.9386641895891,5.798773283791782,4.84450339868544,149.78761865409135,256.5192188366408,0.0,hartmann_6,value,qnei,exact,gaussian,1.0,0,50,8,eb42801f-07bd-4fae-8179-c0c36dcc0240,False,0.01,2.0,23.659257099963725,7.967163963291937,"x0,x1,x2,x3,x4,x5",6,1.0,1.0,-0.6285443666115338,-0.13393955798806423,,,,,
0.11090959651723808,-0.6145279402485725,-0.21175724201274237,-0.309583481657312,0.9714094994382175,0.0,3.9744344073990554,3.9927295558928817,374.2331023568089,7.484662047136178,6.793369650050574,203.05934774655702,356.7227191823487,0.0,hartmann_6,value,qnei,exact,gaussian,5.0,0,50,8,c2da0f16-44a2-41a2-8a00-f25b87c2f2c0,False,0.01,2.0,27.619215000013355,7.967163963291937,"x0,x1,x2,x3,x4,x5",6,5.0,5.0,-0.6285443666115338,-0.13393955798806423,,,,,
8.14386352635983,-8.942880551980974,1.787565519559231,-6.237000490960139,13.72563992365848,0.0,1.0185599954396838,0.007063255131739998,16.622269468276663,0.33244538936553325,0.007063255131739998,3.17498313934293,3.17498313934293,0.0,rosenbrock,value,logei,exact,none,0.0,0,50,8,9b56cb23-c5f1-4a7d-b9a8-96d2d673c7c0,True,0.01,2.0,16.784244299982674,1.0256232505714238,"x0,x1,x2,x3",4,0.2,0.5,,,,,,,
8.14386352635983,-8.942880551980974,1.787565519559231,-6.237000490960139,13.72563992365848,0.0,1.0231094975285415,0.0025137530428822608,24.53226462092022,0.4906452924184044,0.4715143766029797,2.750423661690702,20.05301168345211,0.0,rosenbrock,value,logei,exact,gaussian,1.0,0,50,8,9c980838-fc2c-45ae-9c4c-a9f95c7df84c,False,0.01,2.0,13.187761400011368,1.0256232505714238,"x0,x1,x2,x3",4,1.0,1.0,,,,,,,
8.14386352635983,-8.942880551980974,1.787565519559231,-6.237000490960139,13.72563992365848,0.0,1.0039348863496402,0.02168836422178355,22.955301635783197,0.45910603271566397,0.38019166310664343,3.5222554036749485,13.338730814749713,0.0,rosenbrock,value,logei,exact,gaussian,5.0,0,50,8,f9a9cc10-f572-43f4-bd1f-2685a3ac52c8,False,0.01,2.0,13.0368949000258,1.0256232505714238,"x0,x1,x2,x3",4,5.0,5.0,,,,,,,
8.14386352635983,-8.942880551980974,1.787565519559231,-6.237000490960139,13.72563992365848,0.0,1.0198600064305863,0.005763244140837509,23.3679736910283,0.46735947382056603,0.005763244140837509,2.8598413206981013,2.8598413206981013,0.0,rosenbrock,value,qnei,exact,none,0.0,0,50,8,f1ed37ec-ae8a-4fd9-86d0-139e0d30c326,True,0.01,2.0,17.45479260000866,1.0256232505714238,"x0,x1,x2,x3",4,0.2,0.5,,,,,,,
8.14386352635983,-8.942880551980974,1.787565519559231,-6.237000490960139,13.72563992365848,0.0,1.0068321959500188,0.018791054621404957,36.451442205262104,0.729028844105242,0.4679121362261168,3.445372804096422,23.423671500441635,0.0,rosenbrock,value,qnei,exact,gaussian,1.0,0,50,8,cb03cb98-383e-4b47-92dd-ca0df21d1c64,False,0.01,2.0,19.545809000032023,1.0256232505714238,"x0,x1,x2,x3",4,1.0,1.0,,,,,,,
8.14386352635983,-8.942880551980974,1.787565519559231,-6.237000490960139,13.72563992365848,0.0,0.9895002859319941,0.036122964639429656,84.15856075874197,1.6831712151748395,2.4436099451342645,4.077987519754323,100.7388932677796,0.0,rosenbrock,value,qnei,exact,gaussian,5.0,0,50,8,9c9c56c6-5f5c-4287-ac43-65e8414712da,False,0.01,2.0,16.12846239999635,1.0256232505714238,"x0,x1,x2,x3",4,5.0,5.0,,,,,,,
35.58108267090119,-39.07204132364167,7.809992925988919,-27.249870945037575,59.96823586912547,0.0,17.85140646483628,2.2510406890171524,585.1219452050218,11.702438904100436,2.2510406890171524,486.3722253186088,486.3722253186088,0.0,ackley,value,logei,exact,none,0.0,0,50,8,562cf62b-0266-456a-87a5-98f7eed14f3a,True,0.01,2.0,18.204815899953246,20.102447153853433,"x0,x1,x2,x3",4,0.2,0.5,,,,,,,
35.58108267090119,-39.07204132364167,7.809992925988919,-27.249870945037575,59.96823586912547,0.0,16.48561229734949,3.6168348565039423,513.5175467190984,10.270350934381968,4.255144072281267,411.8867222145181,476.44260841031667,0.0,ackley,value,logei,exact,gaussian,1.0,0,50,8,f523a4a8-3bad-4382-b9f8-d5690b107679,False,0.01,2.0,18.275834399973974,20.102447153853433,"x0,x1,x2,x3",4,1.0,1.0,,,,,,,
35.58108267090119,-39.07204132364167,7.809992925988919,-27.249870945037575,59.96823586912547,0.0,2.3751507779243406,17.727296375929093,1018.132611638036,20.36265223276072,20.8950801337682,877.8579310235033,1003.3617344035828,0.0,ackley,value,logei,exact,gaussian,5.0,0,50,8,aa3ffec2-28e9-4af5-abd0-e2f01baf3c3b,False,0.01,2.0,15.56158029998187,20.102447153853433,"x0,x1,x2,x3",4,5.0,5.0,,,,,,,
35.58108267090119,-39.07204132364167,7.809992925988919,-27.249870945037575,59.96823586912547,0.0,16.65984001865951,3.4426071351939243,769.3219737747738,15.386439475495477,3.4426071351939243,458.73193478223095,458.73193478223095,0.0,ackley,value,qnei,exact,none,0.0,0,50,8,f44bed68-0f48-4b9f-97f5-72d04aa32e47,True,0.01,2.0,17.55344019999029,20.102447153853433,"x0,x1,x2,x3",4,0.2,0.5,,,,,,,
35.58108267090119,-39.07204132364167,7.809992925988919,-27.249870945037575,59.96823586912547,0.0,16.466853177886954,3.6355939759664793,786.1145487041491,15.722290974082982,3.6355939759664793,417.3654535184677,428.10455030270066,0.0,ackley,value,qnei,exact,gaussian,1.0,0,50,8,f95b7510-9c16-4da0-aad1-8183c56f9d4c,False,0.01,2.0,17.756049300020095,20.102447153853433,"x0,x1,x2,x3",4,1.0,1.0,,,,,,,
35.58108267090119,-39.07204132364167,7.809992925988919,-27.249870945037575,59.96823586912547,0.0,2.136355962148398,17.966091191705036,1028.4208372618634,20.56841674523727,20.721503850344277,885.3864705151495,1013.8791278087547,0.0,ackley,value,qnei,exact,gaussian,5.0,0,50,8,d6c63317-4601-4583-bbc5-b0cdf9066a9d,False,0.01,2.0,15.362855400016997,20.102447153853433,"x0,x1,x2,x3",4,5.0,5.0,,,,,,,
0.5429242350906553,-0.5961920367987316,0.11917103463728207,-0.4158000327306759,0.915042661577232,0.0,3.5155399044890654,0.01987263929779326,128.16652388608264,2.563330477721653,0.01987263929779326,16.03456273393917,16.03456273393917,0.0,yerkes_dodson,value,logei,exact,none,0.0,0,50,8,a6687cab-ae7c-484d-9504-cebc09da4080,True,0.01,2.0,16.812959100003354,3.5354125437868587,"x0,x1,x2,x3",4,0.2,0.5,,,,,,,
0.5429242350906553,-0.5961920367987316,0.11917103463728207,-0.4158000327306759,0.915042661577232,0.0,2.316261155115345,1.2191513886715137,101.29180551740974,2.025836110348195,1.4525880253497805,77.71962301267529,92.37089743846278,0.0,yerkes_dodson,value,logei,exact,gaussian,1.0,0,50,8,d506a4a2-bfc1-4ee3-9101-e461a8828a5f,False,0.01,2.0,16.906918900029268,3.5354125437868587,"x0,x1,x2,x3",4,1.0,1.0,,,,,,,
0.5429242350906553,-0.5961920367987316,0.11917103463728207,-0.4158000327306759,0.915042661577232,0.0,1.5620798369223885,1.9733327068644702,192.5263790655033,3.8505275813100663,4.287410278535963,98.75097606371908,196.4428601795668,0.0,yerkes_dodson,value,logei,exact,gaussian,5.0,0,50,8,eda06cab-5fba-4209-a95e-4623b2c5731c,False,0.01,2.0,13.517252899997402,3.5354125437868587,"x0,x1,x2,x3",4,5.0,5.0,,,,,,,
0.5429242350906553,-0.5961920367987316,0.11917103463728207,-0.4158000327306759,0.915042661577232,0.0,3.5314936963533126,0.003918847433546091,125.73859544370465,2.514771908874093,0.003918847433546091,18.514767970310388,18.514767970310388,0.0,yerkes_dodson,value,qnei,exact,none,0.0,0,50,8,bd8108fa-a93a-45f6-9fa7-13318dbcb331,True,0.01,2.0,16.324523099989165,3.5354125437868587,"x0,x1,x2,x3",4,0.2,0.5,,,,,,,
0.5429242350906553,-0.5961920367987316,0.11917103463728207,-0.4158000327306759,0.915042661577232,0.0,3.112711814547292,0.4227007292395668,97.08090729132564,1.941618145826513,1.0072521452273797,30.803067396147014,55.77364562326662,0.0,yerkes_dodson,value,qnei,exact,gaussian,1.0,0,50,8,6d66059a-ce18-4656-bc8c-60b3a6be2279,False,0.01,2.0,20.207406700006686,3.5354125437868587,"x0,x1,x2,x3",4,1.0,1.0,,,,,,,
0.5429242350906553,-0.5961920367987316,0.11917103463728207,-0.4158000327306759,0.915042661577232,0.0,1.4160382762479908,2.119374267538868,222.35070306090543,4.447014061218109,4.845307420783679,105.1037839530554,230.43394714117727,0.0,yerkes_dodson,value,qnei,exact,gaussian,5.0,0,50,8,19d746f7-cf49-4773-9cca-22b650fcf53c,False,0.01,2.0,15.898800100025255,3.5354125437868587,"x0,x1,x2,x3",4,5.0,5.0,,,,,,,
5.429242350906553,-5.961920367987315,1.1917103463728207,-4.158000327306759,9.15042661577232,0.0,14.184686452990793,42.589387585027595,2594.672686237553,51.89345372475106,42.589387585027595,2317.393169122837,2317.393169122837,0.0,shekel,value,logei,exact,none,0.0,0,50,8,bf7d847d-d9b0-4234-ab32-d6c9b7e0bd9e,True,0.01,2.0,21.413746600039303,56.774074038018384,"x0,x1,x2,x3",4,0.2,0.5,,,,,,,
5.429242350906553,-5.961920367987315,1.1917103463728207,-4.158000327306759,9.15042661577232,0.0,6.7538270390343005,50.020246998984085,2745.106051321604,54.90212102643208,51.42578998503307,2639.0116849040305,2681.2970592551824,0.0,shekel,value,logei,exact,gaussian,1.0,0,50,8,f6bddf4f-b493-4004-b5ee-6b002f77b887,False,0.01,2.0,14.540635099983774,56.774074038018384,"x0,x1,x2,x3",4,1.0,1.0,,,,,,,
5.429242350906553,-5.961920367987315,1.1917103463728207,-4.158000327306759,9.15042661577232,0.0,0.8406549752730912,55.933419062745294,2844.6451331959297,56.89290266391859,56.152935717482755,2744.284864739523,2768.3747913525117,0.0,shekel,value,logei,exact,gaussian,5.0,0,50,8,cff7dbc9-9093-4588-a2d1-6c34f23d2ebe,False,0.01,2.0,13.918378299975302,56.774074038018384,"x0,x1,x2,x3",4,5.0,5.0,,,,,,,
5.429242350906553,-5.961920367987315,1.1917103463728207,-4.158000327306759,9.15042661577232,0.0,13.91103180561469,42.86304223240369,2659.122227859806,53.18244455719612,42.86304223240369,2316.665812456515,2316.665812456515,0.0,shekel,value,qnei,exact,none,0.0,0,50,8,f162199b-b0c2-4267-9ad8-cd917ff25994,True,0.01,2.0,18.810433400038164,56.774074038018384,"x0,x1,x2,x3",4,0.2,0.5,,,,,,,
5.429242350906553,-5.961920367987315,1.1917103463728207,-4.158000327306759,9.15042661577232,0.0,13.300404772676305,43.47366926534208,2576.1673642152646,51.52334728430529,44.636775761380065,2361.8297168144595,2380.546584815609,0.0,shekel,value,qnei,exact,gaussian,1.0,0,50,8,fb37cde2-42e3-4e9c-af51-7e968793e50b,False,0.01,2.0,21.346370300045237,56.774074038018384,"x0,x1,x2,x3",4,1.0,1.0,,,,,,,
5.429242350906553,-5.961920367987315,1.1917103463728207,-4.158000327306759,9.15042661577232,0.0,0.5740099346356846,56.2000641033827,2877.396249625403,57.54792499250806,57.67146242818006,2753.8266141511112,2815.111049734548,0.0,shekel,value,qnei,exact,gaussian,5.0,0,50,8,90927d3c-48e1-49ba-bf04-1482cf797223,False,0.01,2.0,15.226382499968167,56.774074038018384,"x0,x1,x2,x3",4,5.0,5.0,,,,,,,
5.559544167328312,-6.1050064568190106,1.2203113946857687,-4.257792335162121,9.370036854550856,0.0,2.587790095436827,1.0511489780012249,130.4262436450431,2.608524872900862,1.0511489780012249,82.6624520212197,82.6624520212197,0.0,rastrigin,value,logei,exact,none,0.0,0,50,8,68101e3a-7a69-4456-a007-262200c11458,True,0.01,2.0,19.271414499962702,3.638939073438052,"x0,x1,x2,x3",4,0.2,0.5,,,,,,,
5.559544167328312,-6.1050064568190106,1.2203113946857687,-4.257792335162121,9.370036854550856,0.0,2.163556599751009,1.4753824736870427,156.63031042141932,3.1326062084283866,1.8637043218825529,82.57775420371384,98.12018102206713,0.0,rastrigin,value,logei,exact,gaussian,1.0,0,50,8,042fb5bf-e943-45f9-a6b6-d2cc79b7a325,False,0.01,2.0,14.471207699971274,3.638939073438052,"x0,x1,x2,x3",4,1.0,1.0,,,,,,,
5.559544167328312,-6.1050064568190106,1.2203113946857687,-4.257792335162121,9.370036854550856,0.0,2.0035590794981983,1.6353799939398534,182.50572415237062,3.650114483047412,3.7728665299624864,91.30039504890377,185.4722073537225,0.0,rastrigin,value,logei,exact,gaussian,5.0,0,50,8,c588d835-4446-4b10-9012-a258617597d5,False,0.01,2.0,15.67270739999367,3.638939073438052,"x0,x1,x2,x3",4,5.0,5.0,,,,,,,
5.559544167328312,-6.1050064568190106,1.2203113946857687,-4.257792335162121,9.370036854550856,0.0,3.0284420155613674,0.6104970578766844,119.99759213051132,2.3999518426102266,0.6104970578766844,83.18535110427565,83.18535110427565,0.0,rastrigin,value,qnei,exact,none,0.0,0,50,8,018216f4-d498-4a73-a922-698e16b14cc7,True,0.01,2.0,21.68642650003312,3.638939073438052,"x0,x1,x2,x3",4,0.2,0.5,,,,,,,
5.559544167328312,-6.1050064568190106,1.2203113946857687,-4.257792335162121,9.370036854550856,0.0,1.3523042433833468,2.2866348300547052,191.5632203517476,3.831264407034952,3.6051455849291902,114.01368425517987,168.13874473069214,0.0,rastrigin,value,qnei,exact,gaussian,1.0,0,50,8,5ec56dce-82b8-4964-aecd-baad010bc466,False,0.01,2.0,16.494156200031284,3.638939073438052,"x0,x1,x2,x3",4,1.0,1.0,,,,,,,
5.559544167328312,-6.1050064568190106,1.2203113946857687,-4.257792335162121,9.370036854550856,0.0,1.9031777981311633,1.7357612753068885,210.9856082606403,4.2197121652128065,5.681691046607606,98.94371146566768,222.81388637485608,0.0,rastrigin,value,qnei,exact,gaussian,5.0,0,50,8,bea47cc9-757d-4d46-bc82-f15c1301403a,False,0.01,2.0,17.939580300007947,3.638939073438052,"x0,x1,x2,x3",4,5.0,5.0,,,,,,,
0.20141545304255803,-1.7259752023470254,0.16976558677362275,-2.141294910814377,3.023551846861266,0.0,5.3923258552671856,2.6553953114217927,338.4782315269148,6.769564630538295,2.6553953114217927,283.5450457320237,283.5450457320237,0.0,michalewicz,value,logei,exact,none,0.0,0,50,8,cc21dc48-e426-4995-8d0c-327b0d4a828e,True,0.01,2.0,26.526002900034655,8.047721166688978,"x0,x1,x2,x3,x4",5,0.2,0.5,-1.2281461384073296,,,,,,
0.20141545304255803,-1.7259752023470254,0.16976558677362275,-2.141294910814377,3.023551846861266,0.0,4.174701521428294,3.873019645260684,356.9705228835377,7.1394104576707536,5.383468567093791,290.2373981081188,314.4708917954409,0.0,michalewicz,value,logei,exact,gaussian,1.0,0,50,8,b9df0a41-872e-40d5-acf1-ec751d2533a2,False,0.01,2.0,24.24006579996785,8.047721166688978,"x0,x1,x2,x3,x4",5,1.0,1.0,-1.2281461384073296,,,,,,
0.20141545304255803,-1.7259752023470254,0.16976558677362275,-2.141294910814377,3.023551846861266,0.0,1.2079377595451515,6.839783407143827,426.7705719984587,8.535411439969174,8.786437705855842,357.5155036127256,435.43929805440877,0.0,michalewicz,value,logei,exact,gaussian,5.0,0,50,8,0e89c5f3-7ad6-4cf8-9943-9d34afe43120,False,0.01,2.0,20.232898099988233,8.047721166688978,"x0,x1,x2,x3,x4",5,5.0,5.0,-1.2281461384073296,,,,,,
0.20141545304255803,-1.7259752023470254,0.16976558677362275,-2.141294910814377,3.023551846861266,0.0,5.626043707564808,2.4216774591241705,328.9448076982615,6.57889615396523,2.4216774591241705,252.92405682224117,252.92405682224117,0.0,michalewicz,value,qnei,exact,none,0.0,0,50,8,a8782447-e554-4372-8695-86cf9a208be3,True,0.01,2.0,28.155222600034904,8.047721166688978,"x0,x1,x2,x3,x4",5,0.2,0.5,-1.2281461384073296,,,,,,
0.20141545304255803,-1.7259752023470254,0.16976558677362275,-2.141294910814377,3.023551846861266,0.0,3.4327461341021586,4.61497503258682,388.9229671506143,7.778459343012286,6.896701113899285,258.25295450910886,338.26274143335735,0.0,michalewicz,value,qnei,exact,gaussian,1.0,0,50,8,ae077c06-7acf-458d-adcf-ec6f07287bec,False,0.01,2.0,25.55657890002476,8.047721166688978,"x0,x1,x2,x3,x4",5,1.0,1.0,-1.2281461384073296,,,,,,
0.20141545304255803,-1.7259752023470254,0.16976558677362275,-2.141294910814377,3.023551846861266,0.0,3.386809560542287,4.660911606146691,417.2727683294081,8.345455366588162,9.101623146057054,282.670639859843,417.65906751076835,0.0,michalewicz,value,qnei,exact,gaussian,5.0,0,50,8,f02979ff-1303-4465-8f52-1903127ba7b2,False,0.01,2.0,20.504850299970713,8.047721166688978,"x0,x1,x2,x3,x4",5,5.0,5.0,-1.2281461384073296,,,,,,
0.5429242350906553,-0.5961920367987316,0.11917103463728207,-0.4158000327306759,0.915042661577232,0.0,3.0593887562558817,0.0,47.51555149881586,0.9503110299763172,0.0,15.778782803909712,15.778782803909712,0.0,stevens,value,logei,exact,none,0.0,0,50,8,09492d14-35fe-4495-a47f-0578cd174c5f,True,0.01,2.0,12.84379730001092,3.0593887562558817,"x0,x1,x2,x3",4,0.2,0.5,,,,,,,
0.5429242350906553,-0.5961920367987316,0.11917103463728207,-0.4158000327306759,0.915042661577232,0.0,3.0593887562558817,0.0,43.03816217198524,0.8607632434397048,0.0,19.791134779255202,21.513706643124927,0.0,stevens,value,logei,exact,gaussian,1.0,0,50,8,4a9d9964-fe11-4a76-a05d-f1b7314c74da,False,0.01,2.0,9.753289200016297,3.0593887562558817,"x0,x1,x2,x3",4,1.0,1.0,,,,,,,
0.5429242350906553,-0.5961920367987316,0.11917103463728207,-0.4158000327306759,0.915042661577232,0.0,1.2682943867105365,1.7910943695453452,201.33682415322866,4.026736483064573,4.267219373071642,109.26778938857369,207.5709233451964,0.0,stevens,value,logei,exact,gaussian,5.0,0,50,8,ed7b85ea-9c8f-47c5-a4f4-9e373229c4ac,False,0.01,2.0,16.183652099978644,3.0593887562558817,"x0,x1,x2,x3",4,5.0,5.0,,,,,,,
0.5429242350906553,-0.5961920367987316,0.11917103463728207,-0.4158000327306759,0.915042661577232,0.0,3.0593887562558817,0.0,140.53152874850295,2.810630574970059,0.0,16.00266506531218,16.00266506531218,0.0,stevens,value,qnei,exact,none,0.0,0,50,8,eac0f361-9928-4345-9f84-c5fe59560219,True,0.01,2.0,12.255103399977088,3.0593887562558817,"x0,x1,x2,x3",4,0.2,0.5,,,,,,,
0.5429242350906553,-0.5961920367987316,0.11917103463728207,-0.4158000327306759,0.915042661577232,0.0,2.5719448142580688,0.48744394199781294,106.0402781809357,2.120805563618714,1.077592911081403,39.44289494276031,70.58004725965326,0.0,stevens,value,qnei,exact,gaussian,1.0,0,50,8,616ef653-e6fd-407a-8dd8-56b163ce06b5,False,0.01,2.0,16.312855799973477,3.0593887562558817,"x0,x1,x2,x3",4,1.0,1.0,,,,,,,
0.5429242350906553,-0.5961920367987316,0.11917103463728207,-0.4158000327306759,0.915042661577232,0.0,3.0593887562558817,0.0,165.76053305488261,3.315210661097652,5.719230478041753,23.13469107941921,185.1751681237124,0.0,stevens,value,qnei,exact,gaussian,5.0,0,50,8,3164b7e7-3828-46f7-9ada-da3c642e926c,False,0.01,2.0,15.172294500051066,3.0593887562558817,"x0,x1,x2,x3",4,5.0,5.0,,,,,,,
5.429242350906553,-5.961920367987315,1.1917103463728207,-4.158000327306759,9.15042661577232,0.0,5.402837764670362,0.0,144.72381134509735,2.894476226901947,0.0,27.862280030224476,27.862280030224476,0.0,hicks_law,value,logei,exact,none,0.0,0,50,8,2c0bbc3e-45db-47d6-99e4-5a8058c5aadf,True,0.01,2.0,13.74855999997817,5.402837764670362,"x0,x1,x2,x3",4,0.2,0.5,,,,,,,
5.429242350906553,-5.961920367987315,1.1917103463728207,-4.158000327306759,9.15042661577232,0.0,5.402837764670362,0.0,60.94092032194318,1.2188184064388636,0.0,33.281011140155194,36.60338775626564,0.0,hicks_law,value,logei,exact,gaussian,1.0,0,50,8,5dc1c26b-3f59-46a2-8234-ccf902c7c8cc,False,0.01,2.0,11.697766800003592,5.402837764670362,"x0,x1,x2,x3",4,1.0,1.0,,,,,,,
5.429242350906553,-5.961920367987315,1.1917103463728207,-4.158000327306759,9.15042661577232,0.0,5.402837764670362,0.0,160.32649147279147,3.2065298294558295,2.577435661567605,102.46774262572447,153.4786840216115,0.0,hicks_law,value,logei,exact,gaussian,5.0,0,50,8,cfdc90da-042e-4e4a-a69c-0c0ef4f11a44,False,0.01,2.0,14.172106000012718,5.402837764670362,"x0,x1,x2,x3",4,5.0,5.0,,,,,,,
5.429242350906553,-5.961920367987315,1.1917103463728207,-4.158000327306759,9.15042661577232,0.0,5.402837764670362,0.0,245.46043786024916,4.909208757204983,0.0,27.953703367364575,27.953703367364575,0.0,hicks_law,value,qnei,exact,none,0.0,0,50,8,cd458111-8d65-49cd-a40a-3eccd9fde0c4,True,0.01,2.0,12.41161250002915,5.402837764670362,"x0,x1,x2,x3",4,0.2,0.5,,,,,,,
5.429242350906553,-5.961920367987315,1.1917103463728207,-4.158000327306759,9.15042661577232,0.0,5.402837764670362,0.0,153.65342676735622,3.0730685353471245,0.32268815007173224,53.906287766435796,83.1759125843181,0.0,hicks_law,value,qnei,exact,gaussian,1.0,0,50,8,6bed4be7-6f51-4922-890d-fd7d016fa64c,False,0.01,2.0,15.151360600022599,5.402837764670362,"x0,x1,x2,x3",4,1.0,1.0,,,,,,,
5.429242350906553,-5.961920367987315,1.1917103463728207,-4.158000327306759,9.15042661577232,0.0,5.402837764670362,0.0,244.23771913886034,4.884754382777206,3.9554128931983046,44.34940231436423,269.0809363753102,0.0,hicks_law,value,qnei,exact,gaussian,5.0,0,50,8,5e7b1fa9-1b36-40c9-b933-f2f509640efb,False,0.01,2.0,15.53289869998116,5.402837764670362,"x0,x1,x2,x3",4,5.0,5.0,,,,,,,
0.5429242350906553,-0.5961920367987316,0.11917103463728207,-0.4158000327306759,0.915042661577232,0.0,2.153305282720616,0.0,71.64038084031195,1.432807616806239,0.0,13.304130496676777,13.304130496676777,0.0,weber_fechner,value,logei,exact,none,0.0,0,50,8,f8f002fd-1fdb-490c-9100-c7c5aad1b1ab,True,0.01,2.0,16.20333099999698,2.153305282720616,"x0,x1,x2,x3",4,0.2,0.5,,,,,,,
0.5429242350906553,-0.5961920367987316,0.11917103463728207,-0.4158000327306759,0.915042661577232,0.0,1.597313418785616,0.5559918639349999,77.36662046798465,1.547332409359693,1.0347045121726104,40.828047062736694,68.63106902996951,0.0,weber_fechner,value,logei,exact,gaussian,1.0,0,50,8,06e6bf8e-52ff-4f49-b18a-b7c412f9b4d4,False,0.01,2.0,13.914217900019139,2.153305282720616,"x0,x1,x2,x3",4,1.0,1.0,,,,,,,
0.5429242350906553,-0.5961920367987316,0.11917103463728207,-0.4158000327306759,0.915042661577232,0.0,1.001265763421329,1.152039519299287,179.37814100622242,3.5875628201244485,4.009146931402361,60.59906620223854,167.0754134024441,0.0,weber_fechner,value,logei,exact,gaussian,5.0,0,50,8,beb3432a-e9aa-40b2-9df9-1e8fb5f8a12b,False,0.01,2.0,15.528927099949215,2.153305282720616,"x0,x1,x2,x3",4,5.0,5.0,,,,,,,
0.5429242350906553,-0.5961920367987316,0.11917103463728207,-0.4158000327306759,0.915042661577232,0.0,2.153305282720616,0.0,69.151491812115,1.3830298362423,0.0,12.91621773494803,12.91621773494803,0.0,weber_fechner,value,qnei,exact,none,0.0,0,50,8,d64a5de8-19b1-4445-8be6-75cdb6326f7f,True,0.01,2.0,14.546140699996613,2.153305282720616,"x0,x1,x2,x3",4,0.2,0.5,,,,,,,
0.5429242350906553,-0.5961920367987316,0.11917103463728207,-0.4158000327306759,0.915042661577232,0.0,2.153305282720616,0.0,75.54179798799598,1.5108359597599195,0.4634141094118127,27.603705703890643,40.42197925467681,0.0,weber_fechner,value,qnei,exact,gaussian,1.0,0,50,8,bc655a0a-5ff4-4f03-8315-2168c38a6b1c,False,0.01,2.0,15.333795999991708,2.153305282720616,"x0,x1,x2,x3",4,1.0,1.0,,,,,,,
0.5429242350906553,-0.5961920367987316,0.11917103463728207,-0.4158000327306759,0.915042661577232,0.0,2.153305282720616,0.0,171.79793192355115,3.435958638471023,7.81394549097811,9.053003275590871,206.70841900992286,0.0,weber_fechner,value,qnei,exact,gaussian,5.0,0,50,8,07d63da5-ec70-451f-af6c-502cf26f91f3,False,0.01,2.0,16.0473701999872,2.153305282720616,"x0,x1,x2,x3",4,5.0,5.0,,,,,,,
-0.08261438120043962,-1.9872790751789653,,,1.9889955401220223,0.0,1.249850904848496,0.00020456105157262705,18.749082877263472,0.37498165754526946,0.00020456105157262705,5.895329293444757,5.895329293444757,0.0,branin,value,logei,exact,none,0.0,0,50,8,f0d81cde-3ec8-4938-9894-1074668fd08d,True,0.01,2.0,10.808630600047763,1.2500554659000687,"x0,x1",2,0.2,0.5,,,,,,,
-0.08261438120043962,-1.9872790751789653,,,1.9889955401220223,0.0,1.2100199504183609,0.040035515481707806,30.0971973065818,0.601943946131636,0.5055316653250919,6.116036133084087,17.952899523485204,0.0,branin,value,logei,exact,gaussian,1.0,0,50,8,13ed830d-ea41-4159-9503-012a2718d18a,False,0.01,2.0,9.06265750003513,1.2500554659000687,"x0,x1",2,1.0,1.0,,,,,,,
-0.08261438120043962,-1.9872790751789653,,,1.9889955401220223,0.0,1.248606870113723,0.0014485957863457077,51.85530173198458,1.0371060346396916,0.5877238136214444,5.318656175790053,22.383890812729916,0.0,branin,value,logei,exact,gaussian,5.0,0,50,8,27aff747-8932-4067-ac8f-114302e4dcd0,False,0.01,2.0,8.44075900001917,1.2500554659000687,"x0,x1",2,5.0,5.0,,,,,,,
-0.08261438120043962,-1.9872790751789653,,,1.9889955401220223,0.0,1.249980019884529,7.544601553965968e-05,15.079780483979278,0.30159560967958554,7.544601553965968e-05,5.131336333254455,5.131336333254455,0.0,branin,value,qnei,exact,none,0.0,0,50,8,5cee5351-7d8c-419f-bfee-2ff33951a11e,True,0.01,2.0,11.002675000054296,1.2500554659000687,"x0,x1",2,0.2,0.5,,,,,,,
-0.08261438120043962,-1.9872790751789653,,,1.9889955401220223,0.0,1.1893584179078054,0.060697047992263276,44.31040162409221,0.8862080324818442,0.6812991101319414,12.034367896129986,38.17252264893717,0.0,branin,value,qnei,exact,gaussian,1.0,0,50,8,db3d51e8-31a7-4375-9d54-85e0314c0396,False,0.01,2.0,10.213434399978723,1.2500554659000687,"x0,x1",2,1.0,1.0,,,,,,,
-0.08261438120043962,-1.9872790751789653,,,1.9889955401220223,0.0,1.175907445096904,0.07414802080316463,57.70382064826453,1.1540764129652907,1.0427070097080509,8.390229191021147,42.386966175254194,0.0,branin,value,qnei,exact,gaussian,5.0,0,50,8,3603caa6-6f70-4943-88ec-c10cd9d58eea,False,0.01,2.0,9.684063099964987,1.2500554659000687,"x0,x1",2,5.0,5.0,,,,,,,
-8.45971263492504,-203.49737729832611,,,203.67314330849516,0.0,2.9175596937583266,0.28748583729673216,93.2239310997188,1.8644786219943759,0.28748583729673216,35.84598660504486,35.84598660504486,0.0,eggholder,value,logei,exact,none,0.0,0,50,8,86dbfa66-447e-421b-a956-0427205213aa,True,0.01,2.0,11.642899799975567,3.2050455310550587,"x0,x1",2,0.2,0.5,,,,,,,
-8.45971263492504,-203.49737729832611,,,203.67314330849516,0.0,2.160858469574855,1.0441870614802036,154.7230169043808,3.0944603380876163,1.5929465750182379,87.17300087028644,116.32709610182562,0.0,eggholder,value,logei,exact,gaussian,1.0,0,50,8,ca464a48-4370-48b9-aaff-d6b1881a9460,False,0.01,2.0,10.182860400003847,3.2050455310550587,"x0,x1",2,1.0,1.0,,,,,,,
-8.45971263492504,-203.49737729832611,,,203.67314330849516,0.0,1.8487016483717378,1.356343882683321,181.29490296729992,3.625898059345998,2.659646037568611,71.93338133833848,119.99713019115639,0.0,eggholder,value,logei,exact,gaussian,5.0,0,50,8,4253ec1f-9d88-40c7-a889-8434d02030f4,False,0.01,2.0,8.546228099963628,3.2050455310550587,"x0,x1",2,5.0,5.0,,,,,,,
-8.45971263492504,-203.49737729832611,,,203.67314330849516,0.0,2.0851047229117614,1.1199408081432973,116.58744397430813,2.3317488794861627,1.1199408081432973,77.30245838670884,77.30245838670884,0.0,eggholder,value,qnei,exact,none,0.0,0,50,8,f9fff077-82de-4cca-b64d-74304d3dae42,True,0.01,2.0,14.233470999985002,3.2050455310550587,"x0,x1",2,0.2,0.5,,,,,,,
-8.45971263492504,-203.49737729832611,,,203.67314330849516,0.0,2.861861876107846,0.3431836549472127,154.58389713745652,3.0916779427491305,1.5355464169753512,28.641151395595585,68.40261981312575,0.0,eggholder,value,qnei,exact,gaussian,1.0,0,50,8,23dd9032-4af7-450f-a7ad-c1005cc1f9fc,False,0.01,2.0,9.750787299999502,3.2050455310550587,"x0,x1",2,1.0,1.0,,,,,,,
-8.45971263492504,-203.49737729832611,,,203.67314330849516,0.0,2.6035575665792194,0.6014879644758393,162.89045011046616,3.2578090022093233,4.687328901383606,65.73473717292896,154.554403075588,0.0,eggholder,value,qnei,exact,gaussian,5.0,0,50,8,77a58e4f-9678-49d0-aff0-7903051a6856,False,0.01,2.0,9.27435930003412,3.2050455310550587,"x0,x1",2,5.0,5.0,,,,,,,
0.5429242350906553,-0.5961920367987316,0.11917103463728207,-0.4158000327306759,0.915042661577232,0.0,1.7175746997911816,0.0,47.584995558118315,0.9516999111623663,0.0,7.605052379716508,7.605052379716508,0.0,power_law_practice,value,logei,exact,none,0.0,0,50,8,8a09f88c-a304-4f00-a563-b1fbf5c3ad27,True,0.01,2.0,17.104559100000188,1.7175746997911816,"x0,x1,x2,x3",4,0.2,0.5,,,,,,,
0.5429242350906553,-0.5961920367987316,0.11917103463728207,-0.4158000327306759,0.915042661577232,0.0,1.3943696101610472,0.3232050896301344,61.837842074112416,1.2367568414822483,0.764286448797429,35.090712520562505,47.979593242982475,0.0,power_law_practice,value,logei,exact,gaussian,1.0,0,50,8,2ca56d23-bc25-4acf-88e6-c3932fdad07e,False,0.01,2.0,16.179271700035315,1.7175746997911816,"x0,x1,x2,x3",4,1.0,1.0,,,,,,,
0.5429242350906553,-0.5961920367987316,0.11917103463728207,-0.4158000327306759,0.915042661577232,0.0,1.137356535164811,0.5802181646263707,75.92641526414809,1.518528305282962,1.6893380984282125,41.629988652183,87.61991325094084,0.0,power_law_practice,value,logei,exact,gaussian,5.0,0,50,8,5fec94a7-af7e-4d75-8e96-1e5868cb5443,False,0.01,2.0,16.310601499979384,1.7175746997911816,"x0,x1,x2,x3",4,5.0,5.0,,,,,,,
0.5429242350906553,-0.5961920367987316,0.11917103463728207,-0.4158000327306759,0.915042661577232,0.0,1.7175746997911816,0.0,70.96379403702113,1.4192758807404227,0.0,7.6845199477273365,7.6845199477273365,0.0,power_law_practice,value,qnei,exact,none,0.0,0,50,8,62edc7ea-b91f-4d76-b019-a9afa8ef77ce,True,0.01,2.0,10.837336399999913,1.7175746997911816,"x0,x1,x2,x3",4,0.2,0.5,,,,,,,
0.5429242350906553,-0.5961920367987316,0.11917103463728207,-0.4158000327306759,0.915042661577232,0.0,1.4950326016369577,0.22254209815422388,56.088570372923385,1.1217714074584677,0.6560566755068897,16.25061672845899,33.85689781025448,0.0,power_law_practice,value,qnei,exact,gaussian,1.0,0,50,8,ebcfe97b-c900-4c9c-91af-4839201af6ae,False,0.01,2.0,13.723164300026838,1.7175746997911816,"x0,x1,x2,x3",4,1.0,1.0,,,,,,,
0.5429242350906553,-0.5961920367987316,0.11917103463728207,-0.4158000327306759,0.915042661577232,0.0,1.7175746997911816,0.0,91.24733001012362,1.8249466002024723,1.0021948191724648,9.4853405372817,47.22426262699704,0.0,power_law_practice,value,qnei,exact,gaussian,5.0,0,50,8,5a7aad28-7018-43f3-9b56-65515b1d2bd9,False,0.01,2.0,12.281159400008619,1.7175746997911816,"x0,x1,x2,x3",4,5.0,5.0,,,,,,,
0.4615766592144682,-0.11738033164170947,0.07237396805367724,,0.4817355559222733,0.0,3.0543122128283064,0.0005887293274211558,70.39974656926421,1.4079949313852842,0.0005887293274211558,35.748262655175274,35.748262655175274,0.0,hartmann_3,value,logei,exact,none,0.0,0,50,8,29db18e3-794b-4008-8585-627abe08f06f,True,0.01,2.0,16.44498879997991,3.0549009421557276,"x0,x1,x2",3,0.2,0.5,,,,,,,
0.4615766592144682,-0.11738033164170947,0.07237396805367724,,0.4817355559222733,0.0,2.4105290650020135,0.6443718771537141,96.81340093448289,1.9362680186896577,0.7331881058971392,70.46668038316335,88.0000399375767,0.0,hartmann_3,value,logei,exact,gaussian,1.0,0,50,8,c54d2b85-3c6b-402e-b42d-60623f4939f7,False,0.01,2.0,12.429344700009096,3.0549009421557276,"x0,x1,x2",3,1.0,1.0,,,,,,,
0.4615766592144682,-0.11738033164170947,0.07237396805367724,,0.4817355559222733,0.0,2.2891582184921813,0.7657427236635463,184.44417516642199,3.6888835033284395,3.9467035796370973,67.21842158587124,185.97634507762152,0.0,hartmann_3,value,logei,exact,gaussian,5.0,0,50,8,9d2ee24b-7859-4171-832f-b37666428ef8,False,0.01,2.0,11.510740099998657,3.0549009421557276,"x0,x1,x2",3,5.0,5.0,,,,,,,
0.4615766592144682,-0.11738033164170947,0.07237396805367724,,0.4817355559222733,0.0,3.0541045206446245,0.0007964215111031514,108.6911716135056,2.173823432270112,0.0007964215111031514,37.882435658946456,37.882435658946456,0.0,hartmann_3,value,qnei,exact,none,0.0,0,50,8,2395f189-f9d5-46fe-9e50-e7583a578060,True,0.01,2.0,14.1882811000105,3.0549009421557276,"x0,x1,x2",3,0.2,0.5,,,,,,,
0.4615766592144682,-0.11738033164170947,0.07237396805367724,,0.4817355559222733,0.0,3.0465741437505147,0.008326798405212887,135.10185085518472,2.7020370171036943,0.4186541548784799,64.84888825700615,97.58729784666878,0.0,hartmann_3,value,qnei,exact,gaussian,1.0,0,50,8,f2115cde-06e9-4175-9fff-03c28a42a708,False,0.01,2.0,12.56510760000674,3.0549009421557276,"x0,x1,x2",3,1.0,1.0,,,,,,,
0.4615766592144682,-0.11738033164170947,0.07237396805367724,,0.4817355559222733,0.0,2.058132449177375,0.9967684929783527,168.19756665023812,3.363951333004762,3.9110535748661954,86.3990098654507,168.6235358064809,0.0,hartmann_3,value,qnei,exact,gaussian,5.0,0,50,8,eee295a5-9ab1-4c1d-bdce-5d378affb44c,False,0.01,2.0,15.014203200000338,3.0549009421557276,"x0,x1,x2",3,5.0,5.0,,,,,,,
0.5429242350906553,-0.5961920367987316,0.11917103463728207,-0.4158000327306759,0.915042661577232,0.0,2.8490170586949493,0.10848272288696803,67.69121290288287,1.3538242580576574,0.10848272288696803,34.696934661551346,34.696934661551346,0.0,moving_peaks,value,logei,exact,none,0.0,0,50,8,eb84e630-83df-44a1-afdb-9746af4b81b9,True,0.01,2.0,18.0191874000011,2.9574997815819173,"x0,x1,x2,x3",4,0.2,0.5,,,,,,,
0.5429242350906553,-0.5961920367987316,0.11917103463728207,-0.4158000327306759,0.915042661577232,0.0,2.397110408195589,0.5603893733863283,90.64022904556697,1.8128045809113393,0.8121772612506097,34.875465150819224,46.14530731548335,0.0,moving_peaks,value,logei,exact,gaussian,1.0,0,50,8,c168568c-c84b-446d-8595-a27c846f0d42,False,0.01,2.0,16.712641299993265,2.9574997815819173,"x0,x1,x2,x3",4,1.0,1.0,,,,,,,
0.5429242350906553,-0.5961920367987316,0.11917103463728207,-0.4158000327306759,0.915042661577232,0.0,1.7996282073127823,1.157871574269135,191.8653314691883,3.8373066293837663,4.72930245285873,58.476012085690094,196.24636587639677,0.0,moving_peaks,value,logei,exact,gaussian,5.0,0,50,8,4509feb3-ce34-47aa-8c2c-52c5a657f59f,False,0.01,2.0,15.52099479996832,2.9574997815819173,"x0,x1,x2,x3",4,5.0,5.0,,,,,,,
0.5429242350906553,-0.5961920367987316,0.11917103463728207,-0.4158000327306759,0.915042661577232,0.0,2.524872681332876,0.43262710024904116,84.4255514218932,1.6885110284378642,0.43262710024904116,32.25314483974269,32.25314483974269,0.0,moving_peaks,value,qnei,exact,none,0.0,0,50,8,d3022005-ca0e-42d7-8f44-5567781f85c9,True,0.01,2.0,19.32975770003395,2.9574997815819173,"x0,x1,x2,x3",4,0.2,0.5,,,,,,,
0.5429242350906553,-0.5961920367987316,0.11917103463728207,-0.4158000327306759,0.915042661577232,0.0,1.7996282073127823,1.157871574269135,138.1836163255379,2.763672326510758,2.2234461449805334,58.476012085690094,98.3222835225528,0.0,moving_peaks,value,qnei,exact,gaussian,1.0,0,50,8,96283b36-c8ba-4f31-bfaa-589ad4aeebf6,False,0.01,2.0,17.33881330001168,2.9574997815819173,"x0,x1,x2,x3",4,1.0,1.0,,,,,,,
0.5429242350906553,-0.5961920367987316,0.11917103463728207,-0.4158000327306759,0.915042661577232,0.0,1.7996282073127823,1.157871574269135,184.87671705117498,3.6975343410234998,2.859298494255106,58.476012085690094,138.61325444007568,0.0,moving_peaks,value,qnei,exact,gaussian,5.0,0,50,8,7a1a64cf-6965-436b-b265-0731bc11c21b,False,0.01,2.0,16.888659599993844,2.9574997815819173,"x0,x1,x2,x3",4,5.0,5.0,,,,,,,
-1.396540561088619,-16.050905730070212,-2.496925791624121,0.5055746866998394,24.0579731692512,0.0,2.1855722749355824,0.4389080568430299,59.53988109191458,1.1907976218382916,0.4389080568430299,29.988721480233625,29.988721480233625,0.0,levy_10,value,logei,exact,none,0.0,0,50,8,a8206ed4-f011-468d-9996-89c886fd207c,True,0.01,2.0,40.87287469999865,2.6244803317786123,"x0,x1,x2,x3,x4,x5,x6,x7,x8,x9,x10",11,0.2,0.5,-8.938246471039793,-2.7032860276193578,3.060419572852256,4.630467859382055,10.79808861174827,8.647818525716142,-1.822920662454277
-1.396540561088619,-16.050905730070212,-2.496925791624121,0.5055746866998394,24.0579731692512,0.0,2.109851294577842,0.5146290372007702,65.24204102396298,1.3048408204792596,0.9285155828849783,32.01509210502875,46.66105213015374,0.0,levy_10,value,logei,exact,gaussian,1.0,0,50,8,1363f5dc-4751-4a66-a437-516ffcc2b9d6,False,0.01,2.0,40.94801860000007,2.6244803317786123,"x0,x1,x2,x3,x4,x5,x6,x7,x8,x9,x10",11,1.0,1.0,-8.938246471039793,-2.7032860276193578,3.060419572852256,4.630467859382055,10.79808861174827,8.647818525716142,-1.822920662454277
-1.396540561088619,-16.050905730070212,-2.496925791624121,0.5055746866998394,24.0579731692512,0.0,2.0834676156006213,0.541012716177991,92.14192260664592,1.8428384521329184,1.1460044553140643,32.36504719915488,78.6742025927597,0.0,levy_10,value,logei,exact,gaussian,5.0,0,50,8,153bc69d-72c2-457a-b02a-160d8b4a4294,False,0.01,2.0,39.5089077000157,2.6244803317786123,"x0,x1,x2,x3,x4,x5,x6,x7,x8,x9,x10",11,5.0,5.0,-8.938246471039793,-2.7032860276193578,3.060419572852256,4.630467859382055,10.79808861174827,8.647818525716142,-1.822920662454277
-1.396540561088619,-16.050905730070212,-2.496925791624121,0.5055746866998394,24.0579731692512,0.0,2.4913830686879854,0.13309726309062686,50.30271223745224,1.0060542447490448,0.13309726309062686,21.926770891037734,21.926770891037734,0.0,levy_10,value,qnei,exact,none,0.0,0,50,8,10c42e64-6b27-40ba-b68d-d8f88cdbc25d,True,0.01,2.0,49.498320600017905,2.6244803317786123,"x0,x1,x2,x3,x4,x5,x6,x7,x8,x9,x10",11,0.2,0.5,-8.938246471039793,-2.7032860276193578,3.060419572852256,4.630467859382055,10.79808861174827,8.647818525716142,-1.822920662454277
-1.396540561088619,-16.050905730070212,-2.496925791624121,0.5055746866998394,24.0579731692512,0.0,2.0834676156006213,0.541012716177991,81.95339533984931,1.6390679067969862,1.221251448621644,32.36504719915488,64.05709773543087,0.0,levy_10,value,qnei,exact,gaussian,1.0,0,50,8,b6fb82af-d547-4bcd-9919-a1280202478f,False,0.01,2.0,50.05598710000049,2.6244803317786123,"x0,x1,x2,x3,x4,x5,x6,x7,x8,x9,x10",11,1.0,1.0,-8.938246471039793,-2.7032860276193578,3.060419572852256,4.630467859382055,10.79808861174827,8.647818525716142,-1.822920662454277
-1.396540561088619,-16.050905730070212,-2.496925791624121,0.5055746866998394,24.0579731692512,0.0,2.0834676156006213,0.541012716177991,188.14869482779338,3.7629738965558674,4.307647094149768,32.36504719915488,157.30113094130806,0.0,levy_10,value,qnei,exact,gaussian,5.0,0,50,8,a6ced38f-6098-43f3-96a4-52ffe7a2047d,False,0.01,2.0,42.099097300029825,2.6244803317786123,"x0,x1,x2,x3,x4,x5,x6,x7,x8,x9,x10",11,5.0,5.0,-8.938246471039793,-2.7032860276193578,3.060419572852256,4.630467859382055,10.79808861174827,8.647818525716142,-1.822920662454277
0.5429242350906553,-0.5961920367987316,0.11917103463728207,-0.4158000327306759,0.915042661577232,0.0,1.2903689451444509,6.232654573112839e-06,47.221395041676104,0.9444279008335221,6.232654573112839e-06,4.19924613016392,4.19924613016392,0.0,steering_law,value,logei,exact,none,0.0,0,50,8,866160aa-60bb-43b0-a5a1-8a5305bc3ac1,True,0.01,2.0,15.441463200026192,1.290375177799024,"x0,x1,x2,x3",4,0.2,0.5,,,,,,,
0.5429242350906553,-0.5961920367987316,0.11917103463728207,-0.4158000327306759,0.915042661577232,0.0,1.2903011606991674,7.401709985654925e-05,22.168878541414852,0.44337757082829704,0.15437199125225054,9.011581307409495,14.461402459788612,0.0,steering_law,value,logei,exact,gaussian,1.0,0,50,8,eba78be9-73cc-4d92-a6c5-1add32f0646c,False,0.01,2.0,13.220052900025621,1.290375177799024,"x0,x1,x2,x3",4,1.0,1.0,,,,,,,
0.5429242350906553,-0.5961920367987316,0.11917103463728207,-0.4158000327306759,0.915042661577232,0.0,1.1852793314523145,0.10509584634670954,93.28963727871802,1.8657927455743604,3.010945269340504,22.03441364005128,123.85278828130433,0.0,steering_law,value,logei,exact,gaussian,5.0,0,50,8,6c1d7769-06d5-4313-b914-f0f0d3e0d36f,False,0.01,2.0,19.726577800000086,1.290375177799024,"x0,x1,x2,x3",4,5.0,5.0,,,,,,,
0.5429242350906553,-0.5961920367987316,0.11917103463728207,-0.4158000327306759,0.915042661577232,0.0,1.290331130944498,4.404685452596979e-05,31.743138966431186,0.6348627793286237,4.404685452596979e-05,4.207969452211282,4.207969452211282,0.0,steering_law,value,qnei,exact,none,0.0,0,50,8,35652072-aa51-46e5-92b5-9130ef823d79,True,0.01,2.0,13.968965000007302,1.290375177799024,"x0,x1,x2,x3",4,0.2,0.5,,,,,,,
0.5429242350906553,-0.5961920367987316,0.11917103463728207,-0.4158000327306759,0.915042661577232,0.0,1.2891305961714288,0.0012445816275952204,36.62313593881589,0.7324627187763179,0.3711362868203687,15.933555432546356,31.022684869003083,0.0,steering_law,value,qnei,exact,gaussian,1.0,0,50,8,f45c5870-7a05-40c6-b9fe-402db317228c,False,0.01,2.0,18.51027329999488,1.290375177799024,"x0,x1,x2,x3",4,1.0,1.0,,,,,,,
0.5429242350906553,-0.5961920367987316,0.11917103463728207,-0.4158000327306759,0.915042661577232,0.0,1.240611104559973,0.049764073239050965,55.28072006707639,1.1056144013415277,0.3048994443330324,9.612455608253427,36.800795538561204,0.0,steering_law,value,qnei,exact,gaussian,5.0,0,50,8,0e498697-2fca-4400-8601-70bffcd269f4,False,0.01,2.0,17.072552700003143,1.290375177799024,"x0,x1,x2,x3",4,5.0,5.0,,,,,,,
-11.826665744639968,757.7045039534485,-691.8724987007575,-408.34329934880407,1528.9105517963656,0.0,2.73949949393304,0.014356321725930599,90.48022308433698,1.8096044616867397,0.014356321725930599,27.49193529222571,27.49193529222571,0.0,griewank,value,logei,exact,none,0.0,0,50,9,24fff9a6-fd0b-4361-874f-8ef6e86ccda6,True,0.01,2.0,22.716470699990168,2.7538558156589708,"x0,x1,x2,x3,x4,x5",6,0.2,0.5,-277.3563631515326,-1020.27110774448,,,,,
-11.826665744639968,757.7045039534485,-691.8724987007575,-408.34329934880407,1528.9105517963656,0.0,1.9249445235247171,0.8289112921342536,143.3173205111515,2.8663464102230303,2.035375757937449,89.24155650115563,133.88664227781987,0.0,griewank,value,logei,exact,gaussian,1.0,0,50,9,57a12c1a-e3fd-4a31-a341-067eb6f64706,False,0.01,2.0,20.330059400002938,2.7538558156589708,"x0,x1,x2,x3,x4,x5",6,1.0,1.0,-277.3563631515326,-1020.27110774448,,,,,
-11.826665744639968,757.7045039534485,-691.8724987007575,-408.34329934880407,1528.9105517963656,0.0,0.38703937423398804,2.366816441424983,242.30849803790585,4.846169960758117,5.919455717427059,124.50056149222797,264.75829728639565,0.0,griewank,value,logei,exact,gaussian,5.0,0,50,9,ffec4596-eb1c-4e1c-87d0-0b84cb7c4d59,False,0.01,2.0,17.814532999997027,2.7538558156589708,"x0,x1,x2,x3,x4,x5",6,5.0,5.0,-277.3563631515326,-1020.27110774448,,,,,
-11.826665744639968,757.7045039534485,-691.8724987007575,-408.34329934880407,1528.9105517963656,0.0,2.6798042066694103,0.07405160898956042,107.04151758177535,2.140830351635507,0.07405160898956042,36.881345239475245,36.881345239475245,0.0,griewank,value,qnei,exact,none,0.0,0,50,9,f7c6792b-dfba-410d-93b2-41230cda7fab,True,0.01,2.0,16.364298600004986,2.7538558156589708,"x0,x1,x2,x3,x4,x5",6,0.2,0.5,-277.3563631515326,-1020.27110774448,,,,,
-11.826665744639968,757.7045039534485,-691.8724987007575,-408.34329934880407,1528.9105517963656,0.0,2.0371338034888575,0.7167220121701132,109.40581649333413,2.1881163298666824,0.9111306972442865,70.92838709754358,86.15381067005758,0.0,griewank,value,qnei,exact,gaussian,1.0,0,50,9,7028945b-b1bb-4c77-848a-2d193e63d25d,False,0.01,2.0,23.72145020001335,2.7538558156589708,"x0,x1,x2,x3,x4,x5",6,1.0,1.0,-277.3563631515326,-1020.27110774448,,,,,
-11.826665744639968,757.7045039534485,-691.8724987007575,-408.34329934880407,1528.9105517963656,0.0,0.45926005219679,2.2945957634621807,268.52682962288833,5.370536592457767,5.713595541744659,114.24323776964751,238.16847972846537,0.0,griewank,value,qnei,exact,gaussian,5.0,0,50,9,668dcf69-ddc0-4b68-b549-c0b428e5454d,False,0.01,2.0,19.619708799989894,2.7538558156589708,"x0,x1,x2,x3,x4,x5",6,5.0,5.0,-277.3563631515326,-1020.27110774448,,,,,
-1.387571169298674,5.65706620262657,2.3152094921819053,1.2663319151572532,6.3946495824872,0.0,0.762794084888437,0.0014297985700227889,11.399229144013,0.22798458288026002,0.0014297985700227889,0.3343981344419015,0.3343981344419015,0.0,powell,value,logei,exact,none,0.0,0,50,9,ead05b86-a51d-4e17-988f-ac301a0f8123,True,0.01,2.0,13.390656200004742,0.7642238834584598,"x0,x1,x2,x3",4,0.2,0.5,,,,,,,
-1.387571169298674,5.65706620262657,2.3152094921819053,1.2663319151572532,6.3946495824872,0.0,0.7551481941336495,0.009075689324810288,31.015867225202477,0.6203173445040495,0.8825315624544092,0.4994217254801156,30.931340864541937,0.0,powell,value,logei,exact,gaussian,1.0,0,50,9,eb1a3bb9-4c0c-480c-b994-9d4762e1d9d9,False,0.01,2.0,15.369354999973439,0.7642238834584598,"x0,x1,x2,x3",4,1.0,1.0,,,,,,,
-1.387571169298674,5.65706620262657,2.3152094921819053,1.2663319151572532,6.3946495824872,0.0,0.7566151986365957,0.0076086848218641645,26.86489494968104,0.5372978989936208,0.2244511661335138,0.4386814557080077,25.887926536837565,0.0,powell,value,logei,exact,gaussian,5.0,0,50,9,a1ca3235-9610-4939-b8cc-f0cc9be27105,False,0.01,2.0,15.358342299994547,0.7642238834584598,"x0,x1,x2,x3",4,5.0,5.0,,,,,,,
-1.387571169298674,5.65706620262657,2.3152094921819053,1.2663319151572532,6.3946495824872,0.0,0.7630798406376209,0.0011440428208389086,12.279224322092544,0.24558448644185088,0.0011440428208389086,0.2942371002877244,0.2942371002877244,0.0,powell,value,qnei,exact,none,0.0,0,50,9,e4becd4e-165a-4e4e-8da0-998badd4806e,True,0.01,2.0,14.330800399999134,0.7642238834584598,"x0,x1,x2,x3",4,0.2,0.5,,,,,,,
-1.387571169298674,5.65706620262657,2.3152094921819053,1.2663319151572532,6.3946495824872,0.0,0.7575144551447862,0.006709428313673604,27.954786458886545,0.5590957291777309,0.30475170413466274,0.4485471137406769,4.976781212729967,0.0,powell,value,qnei,exact,gaussian,1.0,0,50,9,4cf4d80f-6bde-4e1d-89e0-f402e1e5eb69,False,0.01,2.0,15.339925199979916,0.7642238834584598,"x0,x1,x2,x3",4,1.0,1.0,,,,,,,
-1.387571169298674,5.65706620262657,2.3152094921819053,1.2663319151572532,6.3946495824872,0.0,0.7551481941336495,0.009075689324810288,72.89722562680691,1.4579445125361383,0.2829078900700464,0.4994217254801156,12.416865053171016,0.0,powell,value,qnei,exact,gaussian,5.0,0,50,9,cd08db1e-63af-42cc-9ef2-1b756fb0cfdb,False,0.01,2.0,16.302038500027265,0.7642238834584598,"x0,x1,x2,x3",4,5.0,5.0,,,,,,,
-154.17457436651932,628.5629114029522,257.24549913132273,140.70354612858364,710.5166202763555,0.0,3.787479577228024,0.540910794550828,166.04374860446595,3.320874972089319,0.540910794550828,44.560149253811375,44.560149253811375,0.0,schwefel,value,logei,exact,none,0.0,0,50,9,c0561b7a-e767-437f-b731-f952bc890e37,True,0.01,2.0,21.799637600022834,4.328390371778852,"x0,x1,x2,x3",4,0.2,0.5,,,,,,,
-154.17457436651932,628.5629114029522,257.24549913132273,140.70354612858364,710.5166202763555,0.0,2.7485478000206873,1.5798425717581646,184.8998945283779,3.697997890567558,3.4871890714785865,79.23077513638678,158.61784935508055,0.0,schwefel,value,logei,exact,gaussian,1.0,0,50,9,651293d9-6722-49a7-a8a6-7fd0aa05caea,False,0.01,2.0,13.473519499995746,4.328390371778852,"x0,x1,x2,x3",4,1.0,1.0,,,,,,,
-154.17457436651932,628.5629114029522,257.24549913132273,140.70354612858364,710.5166202763555,0.0,2.7485478000206873,1.5798425717581646,191.927078528035,3.8385415705607,3.7863387540579456,79.23077513638678,155.61256662240623,0.0,schwefel,value,logei,exact,gaussian,5.0,0,50,9,1ecd1c63-35e3-432c-a9bf-e7a107d835f5,False,0.01,2.0,13.925895099993795,4.328390371778852,"x0,x1,x2,x3",4,5.0,5.0,,,,,,,
-154.17457436651932,628.5629114029522,257.24549913132273,140.70354612858364,710.5166202763555,0.0,3.037019401014362,1.2913709707644898,180.2450847484345,3.60490169496869,1.2913709707644898,71.00933450806706,71.00933450806706,0.0,schwefel,value,qnei,exact,none,0.0,0,50,9,87419fc9-c678-46a9-8734-3f4f879e3ae0,True,0.01,2.0,17.889663100009784,4.328390371778852,"x0,x1,x2,x3",4,0.2,0.5,,,,,,,
-154.17457436651932,628.5629114029522,257.24549913132273,140.70354612858364,710.5166202763555,0.0,2.7485478000206873,1.5798425717581646,175.963099436248,3.51926198872496,1.938002273483768,79.23077513638678,92.13628457413483,0.0,schwefel,value,qnei,exact,gaussian,1.0,0,50,9,795fbfc2-a9f5-4dbb-bdd5-6d021b5ce310,False,0.01,2.0,19.08890870003961,4.328390371778852,"x0,x1,x2,x3",4,1.0,1.0,,,,,,,
-154.17457436651932,628.5629114029522,257.24549913132273,140.70354612858364,710.5166202763555,0.0,2.934829782677666,1.393560589101186,211.35830453189874,4.227166090637975,4.932781844069324,71.68635483877915,159.89559524290107,0.0,schwefel,value,qnei,exact,gaussian,5.0,0,50,9,38d8819c-8880-42ac-815f-42cef07c31ed,False,0.01,2.0,13.272735000005923,4.328390371778852,"x0,x1,x2,x3",4,5.0,5.0,,,,,,,
-10.103984905684214,41.19349896170388,16.85884103107037,9.221147599082855,46.56441722643124,0.0,16.23901616552099,3.8634309883324427,671.8779120757598,13.437558241515196,3.8634309883324427,465.71031529145444,465.71031529145444,0.0,ackley,value,logei,exact,none,0.0,0,50,9,b9195574-0a6c-48b1-b47d-20a28af1707c,True,0.01,2.0,17.17677389999153,20.102447153853433,"x0,x1,x2,x3",4,0.2,0.5,,,,,,,
-10.103984905684214,41.19349896170388,16.85884103107037,9.221147599082855,46.56441722643124,0.0,7.7655906640161225,12.33685648983731,852.7093533363745,17.05418706672749,16.472998070531357,748.5787767294712,848.5800956571692,0.0,ackley,value,logei,exact,gaussian,1.0,0,50,9,4bef5929-bc0c-42f1-8c37-3e339e965739,False,0.01,2.0,14.289053599990439,20.102447153853433,"x0,x1,x2,x3",4,1.0,1.0,,,,,,,
-10.103984905684214,41.19349896170388,16.85884103107037,9.221147599082855,46.56441722643124,0.0,0.591829710350018,19.510617443503413,1028.7136653211057,20.574273306422114,20.296847110361867,957.3676537764105,1003.8516569748273,0.0,ackley,value,logei,exact,gaussian,5.0,0,50,9,b3fe0976-4ad9-4373-8c6a-97e436fd6e90,False,0.01,2.0,16.09312079998199,20.102447153853433,"x0,x1,x2,x3",4,5.0,5.0,,,,,,,
-10.103984905684214,41.19349896170388,16.85884103107037,9.221147599082855,46.56441722643124,0.0,16.80878550895756,3.2936616448958738,791.2597142318901,15.825194284637803,3.2936616448958738,461.15269329690346,461.15269329690346,0.0,ackley,value,qnei,exact,none,0.0,0,50,9,4eb4b728-d611-4a39-9bf6-6339f4d841f3,True,0.01,2.0,15.808377299981657,20.102447153853433,"x0,x1,x2,x3",4,0.2,0.5,,,,,,,
-10.103984905684214,41.19349896170388,16.85884103107037,9.221147599082855,46.56441722643124,0.0,13.457995138448302,6.644452015405131,770.1444892438979,15.402889784877956,6.644452015405131,655.5489248538825,676.9589065161515,0.0,ackley,value,qnei,exact,gaussian,1.0,0,50,9,597fbd02-dd25-4a32-b800-5d83f08f7aba,False,0.01,2.0,17.798407800029963,20.102447153853433,"x0,x1,x2,x3",4,1.0,1.0,,,,,,,
-10.103984905684214,41.19349896170388,16.85884103107037,9.221147599082855,46.56441722643124,0.0,0.591829710350018,19.510617443503413,1033.1089954184717,20.662179908369435,20.6235389112536,957.3676537764105,1017.6856372547019,0.0,ackley,value,qnei,exact,gaussian,5.0,0,50,9,e980482e-2dc0-4ffa-9e36-f9dafd0d6d6a,False,0.01,2.0,14.958855999982916,20.102447153853433,"x0,x1,x2,x3",4,5.0,5.0,,,,,,,
-0.009855554787200016,0.631420419961207,-0.5765604155839646,-0.3402860827906701,1.2740921264969713,0.0,7.483805235579466,0.4833587277124707,309.6898994583909,6.193797989167819,0.4833587277124707,80.43439666470883,80.43439666470883,0.0,hartmann_6,value,logei,exact,none,0.0,0,50,9,f1c98e3d-5be6-4f8c-81b4-e7b4dc997a8f,True,0.01,2.0,23.692612300044857,7.967163963291937,"x0,x1,x2,x3,x4,x5",6,0.2,0.5,-0.2311303026262772,-0.8502259231204,,,,,
-0.009855554787200016,0.631420419961207,-0.5765604155839646,-0.3402860827906701,1.2740921264969713,0.0,7.223137752186351,0.7440262111055862,130.5498847801123,2.6109976956022463,1.4691984940774105,83.04934498490348,110.29807177319131,0.0,hartmann_6,value,logei,exact,gaussian,1.0,0,50,9,936206c7-1d3a-4a62-9285-918dbc56315f,False,0.01,2.0,20.268335000029765,7.967163963291937,"x0,x1,x2,x3,x4,x5",6,1.0,1.0,-0.2311303026262772,-0.8502259231204,,,,,
-0.009855554787200016,0.631420419961207,-0.5765604155839646,-0.3402860827906701,1.2740921264969713,0.0,0.4761586512980093,7.491005311993928,424.7180638195879,8.494361276391757,8.574201283180962,388.75740941207675,413.01673448324453,0.0,hartmann_6,value,logei,exact,gaussian,5.0,0,50,9,06d3aa90-cd87-46df-9cdf-be86e8318086,False,0.01,2.0,18.642917099990882,7.967163963291937,"x0,x1,x2,x3,x4,x5",6,5.0,5.0,-0.2311303026262772,-0.8502259231204,,,,,
-0.009855554787200016,0.631420419961207,-0.5765604155839646,-0.3402860827906701,1.2740921264969713,0.0,7.596097223338842,0.37106673995309514,316.7865974786184,6.335731949572367,0.37106673995309514,78.28672375883349,78.28672375883349,0.0,hartmann_6,value,qnei,exact,none,0.0,0,50,9,12c072ca-7484-4a20-9933-acd229f077c7,True,0.01,2.0,23.584007399971597,7.967163963291937,"x0,x1,x2,x3,x4,x5",6,0.2,0.5,-0.2311303026262772,-0.8502259231204,,,,,
-0.009855554787200016,0.631420419961207,-0.5765604155839646,-0.3402860827906701,1.2740921264969713,0.0,1.3405482393065304,6.626615723985407,417.8895707210187,8.357791414420374,6.626615723985407,370.12037953746415,377.58260062643933,0.0,hartmann_6,value,qnei,exact,gaussian,1.0,0,50,9,9ec79ca8-be0c-4356-9bac-6f04f33e2945,False,0.01,2.0,21.892999499978032,7.967163963291937,"x0,x1,x2,x3,x4,x5",6,1.0,1.0,-0.2311303026262772,-0.8502259231204,,,,,
-0.009855554787200016,0.631420419961207,-0.5765604155839646,-0.3402860827906701,1.2740921264969713,0.0,5.364155764056888,2.603008199235049,419.94498350719806,8.398899670143962,8.577303201635154,320.2642212522226,418.31412346271696,0.0,hartmann_6,value,qnei,exact,gaussian,5.0,0,50,9,31ebfcf8-f841-4d09-a468-915a61abaa14,False,0.01,2.0,27.170221999986097,7.967163963291937,"x0,x1,x2,x3,x4,x5",6,5.0,5.0,-0.2311303026262772,-0.8502259231204,,,,,
0.14178295579033495,1.8019435304756724,0.9898827924410405,-2.359167531538711,3.252683147508541,0.0,3.8337337423745184,4.21398742431446,335.89311713019595,6.717862342603919,4.21398742431446,242.98463732216516,242.98463732216516,0.0,michalewicz,value,logei,exact,none,0.0,0,50,9,945809b4-219d-4b19-94a3-7ccac402b03f,True,0.01,2.0,20.229802699992433,8.047721166688978,"x0,x1,x2,x3,x4",5,0.2,0.5,-0.8759596907808993,,,,,,
0.14178295579033495,1.8019435304756724,0.9898827924410405,-2.359167531538711,3.252683147508541,0.0,4.073208484382422,3.974512682306556,365.4866045103561,7.309732090207121,7.71061291147921,299.97744679188145,354.4311682230774,0.0,michalewicz,value,logei,exact,gaussian,1.0,0,50,9,e5f50b23-7d1d-444f-9fe1-c654373c94a0,False,0.01,2.0,15.72028379997937,8.047721166688978,"x0,x1,x2,x3,x4",5,1.0,1.0,-0.8759596907808993,,,,,,
0.14178295579033495,1.8019435304756724,0.9898827924410405,-2.359167531538711,3.252683147508541,0.0,2.15065596096536,5.897065205723618,433.1097839554925,8.66219567910985,9.052056975648705,315.726237906479,439.6563281246231,0.0,michalewicz,value,logei,exact,gaussian,5.0,0,50,9,f5aba66b-ca3a-4b0d-8aaf-954e94a1813d,False,0.01,2.0,16.788368799956515,8.047721166688978,"x0,x1,x2,x3,x4",5,5.0,5.0,-0.8759596907808993,,,,,,
0.14178295579033495,1.8019435304756724,0.9898827924410405,-2.359167531538711,3.252683147508541,0.0,4.86071259174347,3.1870085749455086,316.79932115458166,6.335986423091633,3.1870085749455086,190.60918652554653,190.60918652554653,0.0,michalewicz,value,qnei,exact,none,0.0,0,50,9,39c6822a-3010-4960-9479-7724f3a9c3d0,True,0.01,2.0,23.92446780001046,8.047721166688978,"x0,x1,x2,x3,x4",5,0.2,0.5,-0.8759596907808993,,,,,,
0.14178295579033495,1.8019435304756724,0.9898827924410405,-2.359167531538711,3.252683147508541,0.0,5.39551553170651,2.652205634982468,324.91025634882834,6.498205126976567,2.652205634982468,224.91967873802434,234.8321454606685,0.0,michalewicz,value,qnei,exact,gaussian,1.0,0,50,9,5e0bc1ea-4543-4fac-bc70-e24483487528,False,0.01,2.0,26.693904099985957,8.047721166688978,"x0,x1,x2,x3,x4",5,1.0,1.0,-0.8759596907808993,,,,,,
0.14178295579033495,1.8019435304756724,0.9898827924410405,-2.359167531538711,3.252683147508541,0.0,2.2159661753025146,5.831754991386464,405.75807034683805,8.11516140693676,5.831754991386464,314.8822746284655,345.429460620725,0.0,michalewicz,value,qnei,exact,gaussian,5.0,0,50,9,7fe15239-6483-4801-b76b-ca4bdba5e68c,False,0.01,2.0,23.667489299958106,8.047721166688978,"x0,x1,x2,x3,x4",5,5.0,5.0,-0.8759596907808993,,,,,,
-0.15417457436651938,0.6285629114029522,0.2572454991313228,0.1407035461285836,0.7105166202763555,0.0,3.0593887562558817,0.0,46.90205907907779,0.9380411815815557,0.0,4.168795759931174,4.168795759931174,0.0,stevens,value,logei,exact,none,0.0,0,50,9,a6edb936-e059-4c49-b238-be04a2df0460,True,0.01,2.0,13.587436500005424,3.0593887562558817,"x0,x1,x2,x3",4,0.2,0.5,,,,,,,
-0.15417457436651938,0.6285629114029522,0.2572454991313228,0.1407035461285836,0.7105166202763555,0.0,3.0593887562558817,0.0,39.850383694623574,0.7970076738924715,0.0,9.92693035100191,17.7565299314672,0.0,stevens,value,logei,exact,gaussian,1.0,0,50,9,48fa3be4-56d0-48b7-b4e1-af9c9a891d39,False,0.01,2.0,11.376914800028317,3.0593887562558817,"x0,x1,x2,x3",4,1.0,1.0,,,,,,,
-0.15417457436651938,0.6285629114029522,0.2572454991313228,0.1407035461285836,0.7105166202763555,0.0,2.90306025144627,0.1563285048096117,83.62389202033121,1.6724778404066243,1.9430340131224133,11.125414223958895,61.39539934620075,0.0,stevens,value,logei,exact,gaussian,5.0,0,50,9,2cb75c36-f564-4695-82d6-38bc4bc651cb,False,0.01,2.0,14.47904840001138,3.0593887562558817,"x0,x1,x2,x3",4,5.0,5.0,,,,,,,
-0.15417457436651938,0.6285629114029522,0.2572454991313228,0.1407035461285836,0.7105166202763555,0.0,3.0593887562558817,0.0,151.92048176803124,3.0384096353606247,0.0,4.168795759931174,4.168795759931174,0.0,stevens,value,qnei,exact,none,0.0,0,50,9,979f7672-31be-4077-8137-e6310b6ce36c,True,0.01,2.0,12.555878599989228,3.0593887562558817,"x0,x1,x2,x3",4,0.2,0.5,,,,,,,
-0.15417457436651938,0.6285629114029522,0.2572454991313228,0.1407035461285836,0.7105166202763555,0.0,2.7858272117998153,0.2735615444560664,79.71396810424517,1.5942793620849034,1.0185080093549383,23.704169663396982,52.666688491874915,0.0,stevens,value,qnei,exact,gaussian,1.0,0,50,9,ba8da3f4-de00-42b1-a7c0-5430d7cd6d7f,False,0.01,2.0,15.61609900003532,3.0593887562558817,"x0,x1,x2,x3",4,1.0,1.0,,,,,,,
-0.15417457436651938,0.6285629114029522,0.2572454991313228,0.1407035461285836,0.7105166202763555,0.0,3.0050645337426225,0.05432422251325919,115.49719306208085,2.309943861241617,3.5514850057109686,6.586223661771209,96.00408386622841,0.0,stevens,value,qnei,exact,gaussian,5.0,0,50,9,26be1cb7-d619-4ccc-9487-c8ee302d74d0,False,0.01,2.0,18.119954900001176,3.0593887562558817,"x0,x1,x2,x3",4,5.0,5.0,,,,,,,
-2.31261861549779,9.428443671044283,3.8586824869698404,2.1105531919287532,10.657749304145332,0.0,1.0238904233419797,0.0017328272294441227,29.880151008853474,0.5976030201770695,0.0017328272294441227,2.778994211172687,2.778994211172687,0.0,rosenbrock,value,logei,exact,none,0.0,0,50,9,598d858b-3d13-410b-b6e9-c50e57e5113c,True,0.01,2.0,17.54429369996069,1.0256232505714238,"x0,x1,x2,x3",4,0.2,0.5,,,,,,,
-2.31261861549779,9.428443671044283,3.8586824869698404,2.1105531919287532,10.657749304145332,0.0,1.0230634334090123,0.002559817162411493,16.651275539869562,0.33302551079739123,0.25306318881165024,2.5471629816619856,10.192617163866268,0.0,rosenbrock,value,logei,exact,gaussian,1.0,0,50,9,fa1fa52f-4916-46d9-9b48-d0a79a6a8490,False,0.01,2.0,13.474407200003043,1.0256232505714238,"x0,x1,x2,x3",4,1.0,1.0,,,,,,,
-2.31261861549779,9.428443671044283,3.8586824869698404,2.1105531919287532,10.657749304145332,0.0,0.9812771628387721,0.044346087732651696,77.29414254452657,1.5458828508905313,5.188123448483497,4.189606713440139,150.44968590556186,0.0,rosenbrock,value,logei,exact,gaussian,5.0,0,50,9,43c97496-8bfa-4132-b814-2e73d8eb0a90,False,0.01,2.0,14.083840599982068,1.0256232505714238,"x0,x1,x2,x3",4,5.0,5.0,,,,,,,
-2.31261861549779,9.428443671044283,3.8586824869698404,2.1105531919287532,10.657749304145332,0.0,1.018855076463906,0.006768174107517844,23.72361379676268,0.4744722759352536,0.006768174107517844,2.8631783474473043,2.8631783474473043,0.0,rosenbrock,value,qnei,exact,none,0.0,0,50,9,1bb4c381-780c-4a9b-95dd-59cb8f3bd383,True,0.01,2.0,18.865286400017794,1.0256232505714238,"x0,x1,x2,x3",4,0.2,0.5,,,,,,,
-2.31261861549779,9.428443671044283,3.8586824869698404,2.1105531919287532,10.657749304145332,0.0,1.0244294180677216,0.0011938325037021968,35.05652478219558,0.7011304956439116,0.5608814930400084,2.3272245204586093,13.553708720067595,0.0,rosenbrock,value,qnei,exact,gaussian,1.0,0,50,9,8cffe57d-143a-4c9e-bdc1-8b04d5c549b1,False,0.01,2.0,15.569693400000688,1.0256232505714238,"x0,x1,x2,x3",4,1.0,1.0,,,,,,,
-2.31261861549779,9.428443671044283,3.8586824869698404,2.1105531919287532,10.657749304145332,0.0,0.9075109249307559,0.11811232564066787,103.59013656844024,2.071802731368805,0.7877481133493464,7.514139606143421,68.39772707641714,0.0,rosenbrock,value,qnei,exact,gaussian,5.0,0,50,9,531ca7c8-5758-4a72-b78a-af518b2dd22a,False,0.01,2.0,18.191506400005892,1.0256232505714238,"x0,x1,x2,x3",4,5.0,5.0,,,,,,,
-1.578747641513158,6.43648421276623,2.634193911104745,1.440804312356696,7.27569019162988,0.0,2.560285719191409,1.0786533542466428,124.48544840136158,2.4897089680272315,1.0786533542466428,71.16635555687913,71.16635555687913,0.0,rastrigin,value,logei,exact,none,0.0,0,50,9,fe1457ac-e288-4930-94b0-9367df0b6426,True,0.01,2.0,16.371989900013432,3.638939073438052,"x0,x1,x2,x3",4,0.2,0.5,,,,,,,
-1.578747641513158,6.43648421276623,2.634193911104745,1.440804312356696,7.27569019162988,0.0,1.9599706735759985,1.6789683998620533,142.02342986064608,2.8404685972129213,2.2380102798480674,91.32432974943457,107.7726482278268,0.0,rastrigin,value,logei,exact,gaussian,1.0,0,50,9,74766cc6-b544-435a-9177-b142412e1549,False,0.01,2.0,14.290241500013508,3.638939073438052,"x0,x1,x2,x3",4,1.0,1.0,,,,,,,
-1.578747641513158,6.43648421276623,2.634193911104745,1.440804312356696,7.27569019162988,0.0,1.524825712460925,2.114113360977127,171.45030280885496,3.429006056177099,2.8380707171421395,104.241586040005,155.48457514223782,0.0,rastrigin,value,logei,exact,gaussian,5.0,0,50,9,87f300da-d2bf-4e0a-a407-367b1ab0528a,False,0.01,2.0,14.322566299990285,3.638939073438052,"x0,x1,x2,x3",4,5.0,5.0,,,,,,,
-1.578747641513158,6.43648421276623,2.634193911104745,1.440804312356696,7.27569019162988,0.0,2.9336722726411906,0.7052668007968612,139.48737257422604,2.789747451484521,0.7052668007968612,56.873068278064956,56.873068278064956,0.0,rastrigin,value,qnei,exact,none,0.0,0,50,9,571c1f91-80ec-4073-8cb7-a320822da657,True,0.01,2.0,18.250182899995707,3.638939073438052,"x0,x1,x2,x3",4,0.2,0.5,,,,,,,
-1.578747641513158,6.43648421276623,2.634193911104745,1.440804312356696,7.27569019162988,0.0,2.2515186349980416,1.3874204384400102,154.4488680466921,3.088977360933842,2.0465660089914026,80.34176231032836,104.99548030254884,0.0,rastrigin,value,qnei,exact,gaussian,1.0,0,50,9,3ed2559a-f742-4d6c-8a17-05428ec89c77,False,0.01,2.0,19.53585629997542,3.638939073438052,"x0,x1,x2,x3",4,1.0,1.0,,,,,,,
-1.578747641513158,6.43648421276623,2.634193911104745,1.440804312356696,7.27569019162988,0.0,1.9256881473186254,1.7132509261194264,222.18594819452738,4.443718963890547,3.757384582357654,96.42476856027986,197.51993044874615,0.0,rastrigin,value,qnei,exact,gaussian,5.0,0,50,9,b2b97369-2f29-4530-8016-77e9f67459a5,False,0.01,2.0,14.34006750001572,3.638939073438052,"x0,x1,x2,x3",4,5.0,5.0,,,,,,,
-0.15417457436651938,0.6285629114029522,0.2572454991313228,0.1407035461285836,0.7105166202763555,0.0,3.5271013715113297,0.00831117227552891,142.52891742488467,2.8505783484976934,0.00831117227552891,78.80128600518007,78.80128600518007,0.0,yerkes_dodson,value,logei,exact,none,0.0,0,50,9,1e719acc-0c3e-4e9a-978e-3d0b4bcdf35d,True,0.01,2.0,16.72383999999147,3.5354125437868587,"x0,x1,x2,x3",4,0.2,0.5,,,,,,,
-0.15417457436651938,0.6285629114029522,0.2572454991313228,0.1407035461285836,0.7105166202763555,0.0,2.5906611424473747,0.944751401339484,122.21188622732925,2.4442377245465847,1.4547331769892633,73.56577447713079,91.86033133864039,0.0,yerkes_dodson,value,logei,exact,gaussian,1.0,0,50,9,975f73d5-fdfc-49cb-bd32-29dac4aa90ea,False,0.01,2.0,14.85170030000154,3.5354125437868587,"x0,x1,x2,x3",4,1.0,1.0,,,,,,,
-0.15417457436651938,0.6285629114029522,0.2572454991313228,0.1407035461285836,0.7105166202763555,0.0,1.9154578065945698,1.6199547371922889,172.3695549509419,3.447391099018838,3.224522804046299,110.53286038360714,171.14432345350812,0.0,yerkes_dodson,value,logei,exact,gaussian,5.0,0,50,9,df3c8bdf-195a-415f-ac0a-e21484cfbde9,False,0.01,2.0,17.454623500001617,3.5354125437868587,"x0,x1,x2,x3",4,5.0,5.0,,,,,,,
-0.15417457436651938,0.6285629114029522,0.2572454991313228,0.1407035461285836,0.7105166202763555,0.0,3.51931399875837,0.01609854502848851,130.59570690751426,2.611914138150285,0.01609854502848851,43.09634673789156,43.09634673789156,0.0,yerkes_dodson,value,qnei,exact,none,0.0,0,50,9,51d89a09-ffe7-47fc-b779-2242de51c055,True,0.01,2.0,17.472766300023068,3.5354125437868587,"x0,x1,x2,x3",4,0.2,0.5,,,,,,,
-0.15417457436651938,0.6285629114029522,0.2572454991313228,0.1407035461285836,0.7105166202763555,0.0,3.2607026591677424,0.2747098846191163,109.00286944857335,2.180057388971467,0.2991886560093513,39.962194095193794,42.27644280379476,0.0,yerkes_dodson,value,qnei,exact,gaussian,1.0,0,50,9,9cf3bdd9-0ddb-402f-8d43-67b4975473c3,False,0.01,2.0,19.407606000022497,3.5354125437868587,"x0,x1,x2,x3",4,1.0,1.0,,,,,,,
-0.15417457436651938,0.6285629114029522,0.2572454991313228,0.1407035461285836,0.7105166202763555,0.0,0.6284264527625253,2.9069860910243333,214.35918885350435,4.287183777070087,4.467601337339967,144.5442388525863,226.51645012963226,0.0,yerkes_dodson,value,qnei,exact,gaussian,5.0,0,50,9,c7669f3a-a3e5-46f8-9385-017c83147ae6,False,0.01,2.0,20.133700000005774,3.5354125437868587,"x0,x1,x2,x3",4,5.0,5.0,,,,,,,
-1.541745743665194,6.285629114029522,2.5724549913132284,1.4070354612858367,7.105166202763556,0.0,5.402837764670362,0.0,93.58455342190109,1.871691068438022,0.0,21.59049001943438,21.59049001943438,0.0,hicks_law,value,logei,exact,none,0.0,0,50,9,b7c75e2c-0fa9-4b65-9f08-7bc173ee79b6,True,0.01,2.0,15.66370040003676,5.402837764670362,"x0,x1,x2,x3",4,0.2,0.5,,,,,,,
-1.541745743665194,6.285629114029522,2.5724549913132284,1.4070354612858367,7.105166202763556,0.0,5.402837764670362,0.0,105.27282148840024,2.105456429768005,1.883825293549596,81.18153380088421,119.01442050291877,0.0,hicks_law,value,logei,exact,gaussian,1.0,0,50,9,35f7ffc1-56e5-46fe-919f-81da93be5e9d,False,0.01,2.0,12.33061020000605,5.402837764670362,"x0,x1,x2,x3",4,1.0,1.0,,,,,,,
-1.541745743665194,6.285629114029522,2.5724549913132284,1.4070354612858367,7.105166202763556,0.0,3.339149564318139,2.063688200352223,180.78837875276804,3.6157675750553606,3.5080156123929935,119.89089179811587,184.55300644497834,0.0,hicks_law,value,logei,exact,gaussian,5.0,0,50,9,673907ca-9dc6-420d-8cf6-d6d944b93b44,False,0.01,2.0,11.942264000012074,5.402837764670362,"x0,x1,x2,x3",4,5.0,5.0,,,,,,,
-1.541745743665194,6.285629114029522,2.5724549913132284,1.4070354612858367,7.105166202763556,0.0,5.402837764670362,0.0,236.55674436549393,4.731134887309879,0.0,21.61523016883815,21.61523016883815,0.0,hicks_law,value,qnei,exact,none,0.0,0,50,9,228ec208-c4f2-4fcd-b35f-d09c08a6521e,True,0.01,2.0,11.33969310001703,5.402837764670362,"x0,x1,x2,x3",4,0.2,0.5,,,,,,,
-1.541745743665194,6.285629114029522,2.5724549913132284,1.4070354612858367,7.105166202763556,0.0,5.402837764670362,0.0,215.09035829767626,4.301807165953525,1.1058583972212226,22.44133443624731,42.89971478483993,0.0,hicks_law,value,qnei,exact,gaussian,1.0,0,50,9,a400023c-1e13-4716-bd7b-f862a55fa38b,False,0.01,2.0,9.984959199966397,5.402837764670362,"x0,x1,x2,x3",4,1.0,1.0,,,,,,,
-1.541745743665194,6.285629114029522,2.5724549913132284,1.4070354612858367,7.105166202763556,0.0,5.402837764670362,0.0,214.1273679933407,4.282547359866814,3.602894586196281,54.49448283347015,224.39554888251902,0.0,hicks_law,value,qnei,exact,gaussian,5.0,0,50,9,a7cdc95f-0bdd-4b03-a458-b07d5e562ffd,False,0.01,2.0,16.837477499968372,5.402837764670362,"x0,x1,x2,x3",4,5.0,5.0,,,,,,,
-1.541745743665194,6.285629114029522,2.5724549913132284,1.4070354612858367,7.105166202763556,0.0,13.287089522882177,43.48698451513621,2610.355913648421,52.207118272968415,43.48698451513621,2239.1080014624645,2239.1080014624645,0.0,shekel,value,logei,exact,none,0.0,0,50,9,82ffb1d8-673d-472a-85d0-eb1472a9a1c9,True,0.01,2.0,24.94788490002975,56.774074038018384,"x0,x1,x2,x3",4,0.2,0.5,,,,,,,
-1.541745743665194,6.285629114029522,2.5724549913132284,1.4070354612858367,7.105166202763556,0.0,13.762646232916545,43.01142780510184,2462.9578126037895,49.25915625207579,43.63349460426905,2222.420334897021,2236.543081351311,0.0,shekel,value,logei,exact,gaussian,1.0,0,50,9,08ed19ff-a17b-4dc2-ac48-4bc8c44903bb,False,0.01,2.0,21.161794499959797,56.774074038018384,"x0,x1,x2,x3",4,1.0,1.0,,,,,,,
-1.541745743665194,6.285629114029522,2.5724549913132284,1.4070354612858367,7.105166202763556,0.0,12.712952582668192,44.06112145535019,2581.2432449464,51.624864898927996,49.18328708468066,2233.6089077675706,2347.0076020339666,0.0,shekel,value,logei,exact,gaussian,5.0,0,50,9,994a9058-4269-4851-bbcb-71ebaccf280c,False,0.01,2.0,24.843252799997572,56.774074038018384,"x0,x1,x2,x3",4,5.0,5.0,,,,,,,
-1.541745743665194,6.285629114029522,2.5724549913132284,1.4070354612858367,7.105166202763556,0.0,13.528925306809322,43.24514873120906,2651.8404692342847,53.0368093846857,43.24514873120906,2210.3264959493135,2210.3264959493135,0.0,shekel,value,qnei,exact,none,0.0,0,50,9,f8d6b3de-849c-4f74-b7c1-0e04c876f3ae,True,0.01,2.0,21.13634710002225,56.774074038018384,"x0,x1,x2,x3",4,0.2,0.5,,,,,,,
-1.541745743665194,6.285629114029522,2.5724549913132284,1.4070354612858367,7.105166202763556,0.0,13.215005357760885,43.5590686802575,2660.328392082123,53.20656784164246,43.5590686802575,2227.1343290896198,2231.2928266181566,0.0,shekel,value,qnei,exact,gaussian,1.0,0,50,9,af8175a2-7d4a-4475-b318-40fb4a5a5aa9,False,0.01,2.0,21.433503999956883,56.774074038018384,"x0,x1,x2,x3",4,1.0,1.0,,,,,,,
-1.541745743665194,6.285629114029522,2.5724549913132284,1.4070354612858367,7.105166202763556,0.0,9.301000123128077,47.47307391489031,2825.7210931488426,56.51442186297685,57.94935220908404,2357.681817547634,2751.8522545568517,0.0,shekel,value,qnei,exact,gaussian,5.0,0,50,9,dbcd9991-522b-41a2-9553-3ace50688389,False,0.01,2.0,18.705255100037903,56.774074038018384,"x0,x1,x2,x3",4,5.0,5.0,,,,,,,
-2.671010539185228,4.907168738326234,,,5.587002982534092,0.0,1.2499476872060782,0.00010777869399047901,20.032967314386706,0.40065934628773414,0.00010777869399047901,1.4840805865663245,1.4840805865663245,0.0,branin,value,logei,exact,none,0.0,0,50,9,a72e2ea4-c1de-4d5c-9630-8763f9edcfa9,True,0.01,2.0,9.982461200037505,1.2500554659000687,"x0,x1",2,0.2,0.5,,,,,,,
-2.671010539185228,4.907168738326234,,,5.587002982534092,0.0,1.1735423183308678,0.07651314756920091,28.48600697656025,0.569720139531205,0.7212007843103768,4.989184038547361,32.93563446466002,0.0,branin,value,logei,exact,gaussian,1.0,0,50,9,b59e7d6d-ed6b-43a0-85f5-1a8b1e169350,False,0.01,2.0,8.73720069997944,1.2500554659000687,"x0,x1",2,1.0,1.0,,,,,,,
-2.671010539185228,4.907168738326234,,,5.587002982534092,0.0,1.093462604652252,0.15659286124781668,81.2508703720298,1.6250174074405959,0.5055316653250919,7.673050201143018,104.43961136895177,0.0,branin,value,logei,exact,gaussian,5.0,0,50,9,2076f31c-a40c-415f-9b75-d94bdf6b91de,False,0.01,2.0,8.385033799975645,1.2500554659000687,"x0,x1",2,5.0,5.0,,,,,,,
-2.671010539185228,4.907168738326234,,,5.587002982534092,0.0,1.2500534067613753,2.0591386933332956e-06,20.763100159359716,0.4152620031871943,2.0591386933332956e-06,1.6705467730388177,1.6705467730388177,0.0,branin,value,qnei,exact,none,0.0,0,50,9,733a2986-c95d-4ece-aad0-edfbe02b49ae,True,0.01,2.0,11.070201400027145,1.2500554659000687,"x0,x1",2,0.2,0.5,,,,,,,
-2.671010539185228,4.907168738326234,,,5.587002982534092,0.0,1.2297759248943563,0.020279541005712387,37.640572863623795,0.7528114572724759,0.4352764518834623,1.8061756209185298,9.034326640002654,0.0,branin,value,qnei,exact,gaussian,1.0,0,50,9,5a97cb6a-8e87-4d76-a575-7d0cd3107fb2,False,0.01,2.0,12.13455169997178,1.2500554659000687,"x0,x1",2,1.0,1.0,,,,,,,
-2.671010539185228,4.907168738326234,,,5.587002982534092,0.0,1.1731000612132934,0.07695540468677531,79.52080442081144,1.5904160884162288,1.8870890183372926,5.244107776031256,106.67075411887156,0.0,branin,value,qnei,exact,gaussian,5.0,0,50,9,f390a4c8-aa90-428d-91dd-0c387f7f8666,False,0.01,2.0,9.681528599990997,1.2500554659000687,"x0,x1",2,5.0,5.0,,,,,,,
-0.15417457436651938,0.6285629114029522,0.2572454991313228,0.1407035461285836,0.7105166202763555,0.0,2.153305282720616,0.0,83.6365274795307,1.672730549590614,0.0,3.2162778457464447,3.2162778457464447,0.0,weber_fechner,value,logei,exact,none,0.0,0,50,9,bdc7e63b-b7ff-411f-a026-1c3b905903b8,True,0.01,2.0,16.794662600033917,2.153305282720616,"x0,x1,x2,x3",4,0.2,0.5,,,,,,,
-0.15417457436651938,0.6285629114029522,0.2572454991313228,0.1407035461285836,0.7105166202763555,0.0,1.7860500129827057,0.3672552697379101,82.1489965751969,1.6429799315039382,1.7819256616489136,18.407290405268633,80.85630451466935,0.0,weber_fechner,value,logei,exact,gaussian,1.0,0,50,9,b0f4129a-d32a-4392-85f3-001430b91485,False,0.01,2.0,13.838817599986214,2.153305282720616,"x0,x1,x2,x3",4,1.0,1.0,,,,,,,
-0.15417457436651938,0.6285629114029522,0.2572454991313228,0.1407035461285836,0.7105166202763555,0.0,2.0137453292003586,0.13955995352025719,67.13677500139502,1.3427355000279004,1.7474839422118218,12.734072482798943,43.38465736552741,0.0,weber_fechner,value,logei,exact,gaussian,5.0,0,50,9,0c81efa3-7c41-4945-99e3-c36947f28ce5,False,0.01,2.0,13.808525700005703,2.153305282720616,"x0,x1,x2,x3",4,5.0,5.0,,,,,,,
-0.15417457436651938,0.6285629114029522,0.2572454991313228,0.1407035461285836,0.7105166202763555,0.0,2.153305282720616,0.0,81.66178178239493,1.6332356356478985,0.0,3.560467995613518,3.560467995613518,0.0,weber_fechner,value,qnei,exact,none,0.0,0,50,9,11f58c2d-cee5-4baa-a862-e325875b758c,True,0.01,2.0,14.689471499994397,2.153305282720616,"x0,x1,x2,x3",4,0.2,0.5,,,,,,,
-0.15417457436651938,0.6285629114029522,0.2572454991313228,0.1407035461285836,0.7105166202763555,0.0,2.1375844845079195,0.01572079821269634,56.07636513232789,1.121527302646558,0.30113226291584616,8.212391211034403,26.534863429710263,0.0,weber_fechner,value,qnei,exact,gaussian,1.0,0,50,9,69ffb1fb-f603-4607-87cc-3dd3fe37dc8b,False,0.01,2.0,13.928234399994835,2.153305282720616,"x0,x1,x2,x3",4,1.0,1.0,,,,,,,
-0.15417457436651938,0.6285629114029522,0.2572454991313228,0.1407035461285836,0.7105166202763555,0.0,2.0937475032029016,0.05955777951771424,93.76286738756252,1.8752573477512504,4.44086005131291,4.714752090469917,89.68717862526069,0.0,weber_fechner,value,qnei,exact,gaussian,5.0,0,50,9,16a1f2f8-6d23-4d68-9f77-600a1ed80c4a,False,0.01,2.0,18.65827110002283,2.153305282720616,"x0,x1,x2,x3",4,5.0,5.0,,,,,,,
-0.15417457436651938,0.6285629114029522,0.2572454991313228,0.1407035461285836,0.7105166202763555,0.0,2.645639989603264,0.31185979197865343,73.44924597935676,1.4689849195871352,0.31185979197865343,42.54545710959119,42.54545710959119,0.0,moving_peaks,value,logei,exact,none,0.0,0,50,9,129384c8-4bb5-45b0-80ea-5bd82bd19e00,True,0.01,2.0,14.000362700026017,2.9574997815819173,"x0,x1,x2,x3",4,0.2,0.5,,,,,,,
-0.15417457436651938,0.6285629114029522,0.2572454991313228,0.1407035461285836,0.7105166202763555,0.0,1.8092357086657085,1.1482640729162088,112.28780700450059,2.2457561400900117,2.400540215516469,68.61917659974422,110.59876537452148,0.0,moving_peaks,value,logei,exact,gaussian,1.0,0,50,9,eb9ac925-1e86-48e3-8b08-31d39c7f8cec,False,0.01,2.0,12.598882899968885,2.9574997815819173,"x0,x1,x2,x3",4,1.0,1.0,,,,,,,
-0.15417457436651938,0.6285629114029522,0.2572454991313228,0.1407035461285836,0.7105166202763555,0.0,1.4956110572619896,1.4618887243199277,155.41574394862417,3.1083148789724833,3.093704258322875,92.52482542320236,165.2836318143561,0.0,moving_peaks,value,logei,exact,gaussian,5.0,0,50,9,4f994ea3-804c-4aab-9f79-bc719025321a,False,0.01,2.0,12.70368520001648,2.9574997815819173,"x0,x1,x2,x3",4,5.0,5.0,,,,,,,
-0.15417457436651938,0.6285629114029522,0.2572454991313228,0.1407035461285836,0.7105166202763555,0.0,2.1793586076285223,0.778141173953395,108.49068229580546,2.169813645916109,0.778141173953395,63.04359169569816,63.04359169569816,0.0,moving_peaks,value,qnei,exact,none,0.0,0,50,9,6339ace6-f4df-45ce-94fa-5b2f8982cecb,True,0.01,2.0,15.580280399997719,2.9574997815819173,"x0,x1,x2,x3",4,0.2,0.5,,,,,,,
-0.15417457436651938,0.6285629114029522,0.2572454991313228,0.1407035461285836,0.7105166202763555,0.0,1.7299910846745532,1.227508696907364,136.93340034905063,2.7386680069810128,1.3435777728031588,77.73765181437031,80.16405254747623,0.0,moving_peaks,value,qnei,exact,gaussian,1.0,0,50,9,5d033c6a-3a3a-479f-8f45-3d20350f6998,False,0.01,2.0,17.616835099994205,2.9574997815819173,"x0,x1,x2,x3",4,1.0,1.0,,,,,,,
-0.15417457436651938,0.6285629114029522,0.2572454991313228,0.1407035461285836,0.7105166202763555,0.0,1.2202465947629497,1.7372531868189676,199.8148727510413,3.9962974550208257,1.794275155445983,105.28424929243094,189.54388732844478,0.0,moving_peaks,value,qnei,exact,gaussian,5.0,0,50,9,a994d565-6e55-4f5a-bbf1-3dad5a1b3ab3,False,0.01,2.0,14.008478900010232,2.9574997815819173,"x0,x1,x2,x3",4,5.0,5.0,,,,,,,
-273.51147921256734,502.4940788046064,,,572.1091054114911,0.0,3.197004607198402,0.008040923856656779,99.85732010149309,1.9971464020298617,0.008040923856656779,33.816786155753775,33.816786155753775,0.0,eggholder,value,logei,exact,none,0.0,0,50,9,7c67851f-003b-4d1f-a71c-8920b462148d,True,0.01,2.0,14.184515899978578,3.2050455310550587,"x0,x1",2,0.2,0.5,,,,,,,
-273.51147921256734,502.4940788046064,,,572.1091054114911,0.0,2.965276878692545,0.23976865236251355,98.92307626524081,1.9784615253048161,1.5415443273482847,68.8060721759046,86.52390206253544,0.0,eggholder,value,logei,exact,gaussian,1.0,0,50,9,147d562e-3ae7-42a9-a680-e787aae7fd9d,False,0.01,2.0,12.171521200041752,3.2050455310550587,"x0,x1",2,1.0,1.0,,,,,,,
-273.51147921256734,502.4940788046064,,,572.1091054114911,0.0,2.068730133037843,1.1363153980172158,181.09216917915907,3.6218433835831814,4.623665225320549,73.90048904372094,154.91449782903177,0.0,eggholder,value,logei,exact,gaussian,5.0,0,50,9,8f98d833-eeb6-481a-9cc0-3207beeb183f,False,0.01,2.0,9.390071399975568,3.2050455310550587,"x0,x1",2,5.0,5.0,,,,,,,
-273.51147921256734,502.4940788046064,,,572.1091054114911,0.0,2.7802963392079363,0.42474919184712245,129.83048525030722,2.5966097050061445,0.42474919184712245,41.47278989565752,41.47278989565752,0.0,eggholder,value,qnei,exact,none,0.0,0,50,9,0b079bee-7e05-49f7-b5d0-87db43b0d455,True,0.01,2.0,11.086510799999814,3.2050455310550587,"x0,x1",2,0.2,0.5,,,,,,,
-273.51147921256734,502.4940788046064,,,572.1091054114911,0.0,2.4658852729693543,0.7391602580857044,150.32962682472697,3.0065925364945394,0.7391602580857044,65.82513055992138,90.91278014360907,0.0,eggholder,value,qnei,exact,gaussian,1.0,0,50,9,4713398c-c4fe-451e-a066-a1acf01cb4e6,False,0.01,2.0,12.33437449997291,3.2050455310550587,"x0,x1",2,1.0,1.0,,,,,,,
-273.51147921256734,502.4940788046064,,,572.1091054114911,0.0,2.6260556712030825,0.5789898598519763,159.09417114208128,3.1818834228416257,0.5789898598519763,64.67945569702881,81.13409264610254,0.0,eggholder,value,qnei,exact,gaussian,5.0,0,50,9,67b4f922-54a7-416f-b234-63743072f903,False,0.01,2.0,9.564393800043035,3.2050455310550587,"x0,x1",2,5.0,5.0,,,,,,,
-0.15417457436651938,0.6285629114029522,0.2572454991313228,0.1407035461285836,0.7105166202763555,0.0,1.7175746997911816,0.0,29.412579270389227,0.5882515854077845,0.0,2.0282199051162175,2.0282199051162175,0.0,power_law_practice,value,logei,exact,none,0.0,0,50,9,41753968-c9e1-4d5f-ae2d-394ec52f3f0d,True,0.01,2.0,17.537402499991003,1.7175746997911816,"x0,x1,x2,x3",4,0.2,0.5,,,,,,,
-0.15417457436651938,0.6285629114029522,0.2572454991313228,0.1407035461285836,0.7105166202763555,0.0,1.3297853342314006,0.38778936555978105,56.77037630580422,1.1354075261160843,0.9212277772080464,19.284846672526474,49.34412707763171,0.0,power_law_practice,value,logei,exact,gaussian,1.0,0,50,9,f3ba5ae0-de04-4d0f-886c-086eb59a0e9b,False,0.01,2.0,14.14033650001511,1.7175746997911816,"x0,x1,x2,x3",4,1.0,1.0,,,,,,,
-0.15417457436651938,0.6285629114029522,0.2572454991313228,0.1407035461285836,0.7105166202763555,0.0,1.545924675825332,0.1716500239658496,79.55601083286004,1.5911202166572007,2.2665251440252,10.988954319429714,65.67038480822185,0.0,power_law_practice,value,logei,exact,gaussian,5.0,0,50,9,79abd970-9299-4158-ab18-e7b36fa0bb6d,False,0.01,2.0,15.264801499957684,1.7175746997911816,"x0,x1,x2,x3",4,5.0,5.0,,,,,,,
-0.15417457436651938,0.6285629114029522,0.2572454991313228,0.1407035461285836,0.7105166202763555,0.0,1.7175746997911816,0.0,71.17154224001871,1.4234308448003743,0.0,2.0282199051162175,2.0282199051162175,0.0,power_law_practice,value,qnei,exact,none,0.0,0,50,9,a8b2e811-d26f-44ab-94cf-99940c882807,True,0.01,2.0,12.886608699976932,1.7175746997911816,"x0,x1,x2,x3",4,0.2,0.5,,,,,,,
-0.15417457436651938,0.6285629114029522,0.2572454991313228,0.1407035461285836,0.7105166202763555,0.0,1.7175746997911816,0.0,42.19754470424037,0.8439508940848074,0.24178081503544346,11.947152232718471,26.360477989228116,0.0,power_law_practice,value,qnei,exact,gaussian,1.0,0,50,9,343a2bff-b682-4df9-9216-4df7d08aa338,False,0.01,2.0,16.542338099970948,1.7175746997911816,"x0,x1,x2,x3",4,1.0,1.0,,,,,,,
-0.15417457436651938,0.6285629114029522,0.2572454991313228,0.1407035461285836,0.7105166202763555,0.0,1.6971215827789035,0.020453117012278144,71.72940864332847,1.4345881728665695,0.24447786081382095,2.9383836121625944,20.12737013826403,0.0,power_law_practice,value,qnei,exact,gaussian,5.0,0,50,9,9e9c8785-b79a-4b33-a041-5119d52cbca8,False,0.01,2.0,11.687971399980597,1.7175746997911816,"x0,x1,x2,x3",4,5.0,5.0,,,,,,,
-0.09271512104990587,0.4292574205160099,0.3122319704389457,,0.5388384081554913,0.0,3.0542314501322743,0.0006694920234533441,79.8785826792986,1.597571653585972,0.0006694920234533441,11.52138798636306,11.52138798636306,0.0,hartmann_3,value,logei,exact,none,0.0,0,50,9,d3f0e995-f203-4321-b4a9-6e5a135af9aa,True,0.01,2.0,13.348083199991379,3.0549009421557276,"x0,x1,x2",3,0.2,0.5,,,,,,,
-0.09271512104990587,0.4292574205160099,0.3122319704389457,,0.5388384081554913,0.0,2.9880297410841448,0.06687120107158284,86.90763267387715,1.7381526534775429,1.9648879436479396,26.503732880246325,99.52901844184774,0.0,hartmann_3,value,logei,exact,gaussian,1.0,0,50,9,74ddab4f-0196-4c86-8767-1ea1deedb4a9,False,0.01,2.0,12.005049299972598,3.0549009421557276,"x0,x1,x2",3,1.0,1.0,,,,,,,
-0.09271512104990587,0.4292574205160099,0.3122319704389457,,0.5388384081554913,0.0,1.7378678023125438,1.3170331398431838,184.13566273987513,3.6827132547975028,3.727841218458725,65.60067184096462,188.4503620687578,0.0,hartmann_3,value,logei,exact,gaussian,5.0,0,50,9,99aa48af-3b80-4410-9de9-dd5abc354968,False,0.01,2.0,9.942727999994531,3.0549009421557276,"x0,x1,x2",3,5.0,5.0,,,,,,,
-0.09271512104990587,0.4292574205160099,0.3122319704389457,,0.5388384081554913,0.0,3.0548228495752325,7.809258049507051e-05,103.65632327452342,2.073126465490468,7.809258049507051e-05,10.769835236106083,10.769835236106083,0.0,hartmann_3,value,qnei,exact,none,0.0,0,50,9,63a5b4b3-f238-4f96-9046-f884a7e18efd,True,0.01,2.0,11.69556120003108,3.0549009421557276,"x0,x1,x2",3,0.2,0.5,,,,,,,
-0.09271512104990587,0.4292574205160099,0.3122319704389457,,0.5388384081554913,0.0,3.018639821681282,0.03626112047444563,79.4726136350335,1.58945227270067,0.21772517965236116,13.681199025107857,25.34540743334684,0.0,hartmann_3,value,qnei,exact,gaussian,1.0,0,50,9,1619c6d0-3d98-4c80-b290-00b2042cf346,False,0.01,2.0,14.934943000029307,3.0549009421557276,"x0,x1,x2",3,1.0,1.0,,,,,,,
-0.09271512104990587,0.4292574205160099,0.3122319704389457,,0.5388384081554913,0.0,2.4758556669184344,0.5790452752372932,161.5137126583023,3.230274253166046,3.900505457037476,33.8654064835648,132.24186693842336,0.0,hartmann_3,value,qnei,exact,gaussian,5.0,0,50,9,a4405df8-34ac-4c09-b6ad-7a0ecbf65c08,False,0.01,2.0,15.59022879996337,3.0549009421557276,"x0,x1,x2",3,5.0,5.0,,,,,,,
-16.101900131999543,-5.6238231681632485,4.549465738393904,4.115363227319936,29.7755626024173,0.0,2.2633255452868193,0.361154786491793,81.9161090769651,1.638322181539302,0.361154786491793,45.15384282434409,45.15384282434409,0.0,levy_10,value,logei,exact,none,0.0,0,50,9,d68b4c26-0f2a-48b8-b9e6-35f6024f947b,True,0.01,2.0,44.357036100002006,2.6244803317786123,"x0,x1,x2,x3,x4,x5,x6,x7,x8,x9,x10",11,0.2,0.5,1.370704461382287,-11.995532610244688,-3.101198891868618,-12.381131117010316,14.28321496816303,-3.150015607624434,5.952931767016869
-16.101900131999543,-5.6238231681632485,4.549465738393904,4.115363227319936,29.7755626024173,0.0,1.7821964594338562,0.8422838723447561,97.60320783955633,1.9520641567911268,1.1446865401367958,56.891616142288726,82.74717520308869,0.0,levy_10,value,logei,exact,gaussian,1.0,0,50,9,48bc3777-0150-450d-a333-d341ed76a058,False,0.01,2.0,32.71465859998716,2.6244803317786123,"x0,x1,x2,x3,x4,x5,x6,x7,x8,x9,x10",11,1.0,1.0,1.370704461382287,-11.995532610244688,-3.101198891868618,-12.381131117010316,14.28321496816303,-3.150015607624434,5.952931767016869
-16.101900131999543,-5.6238231681632485,4.549465738393904,4.115363227319936,29.7755626024173,0.0,0.8928992838645816,1.7315810479140308,215.40629598507317,4.308125919701464,4.33262021388959,89.88007716701935,233.42750142142572,0.0,levy_10,value,logei,exact,gaussian,5.0,0,50,9,3f9fb4de-3b57-4bbe-9b41-e1d38576fe98,False,0.01,2.0,42.69809239997994,2.6244803317786123,"x0,x1,x2,x3,x4,x5,x6,x7,x8,x9,x10",11,5.0,5.0,1.370704461382287,-11.995532610244688,-3.101198891868618,-12.381131117010316,14.28321496816303,-3.150015607624434,5.952931767016869
-16.101900131999543,-5.6238231681632485,4.549465738393904,4.115363227319936,29.7755626024173,0.0,2.527244625409745,0.09723570636886736,65.37278114991004,1.3074556229982008,0.09723570636886736,30.20205798865084,30.20205798865084,0.0,levy_10,value,qnei,exact,none,0.0,0,50,9,9d4ebbb7-be03-4a19-b06d-7f7923d19366,True,0.01,2.0,45.85523500002455,2.6244803317786123,"x0,x1,x2,x3,x4,x5,x6,x7,x8,x9,x10",11,0.2,0.5,1.370704461382287,-11.995532610244688,-3.101198891868618,-12.381131117010316,14.28321496816303,-3.150015607624434,5.952931767016869
-16.101900131999543,-5.6238231681632485,4.549465738393904,4.115363227319936,29.7755626024173,0.0,1.576234396081702,1.0482459356969103,153.96620835988676,3.0793241671977354,2.056265294316085,68.38502594924478,100.75699942148816,0.0,levy_10,value,qnei,exact,gaussian,1.0,0,50,9,698a79e9-5380-4eca-8301-e87f8a9d7b2b,False,0.01,2.0,48.468559699947946,2.6244803317786123,"x0,x1,x2,x3,x4,x5,x6,x7,x8,x9,x10",11,1.0,1.0,1.370704461382287,-11.995532610244688,-3.101198891868618,-12.381131117010316,14.28321496816303,-3.150015607624434,5.952931767016869
-16.101900131999543,-5.6238231681632485,4.549465738393904,4.115363227319936,29.7755626024173,0.0,0.9844035405367834,1.640076791241829,237.92757932957275,4.758551586591455,4.392914933960453,98.52804429009049,181.75588948228514,0.0,levy_10,value,qnei,exact,gaussian,5.0,0,50,9,8412981a-ea71-4e7e-a68f-9a6e5c394535,False,0.01,2.0,36.95681959996,2.6244803317786123,"x0,x1,x2,x3,x4,x5,x6,x7,x8,x9,x10",11,5.0,5.0,1.370704461382287,-11.995532610244688,-3.101198891868618,-12.381131117010316,14.28321496816303,-3.150015607624434,5.952931767016869
-0.15417457436651938,0.6285629114029522,0.2572454991313228,0.1407035461285836,0.7105166202763555,0.0,1.2903285910786335,4.6586720390484615e-05,21.655538622257883,0.43311077244515767,4.6586720390484615e-05,2.371084807444298,2.371084807444298,0.0,steering_law,value,logei,exact,none,0.0,0,50,9,5d3221f8-7f91-4ceb-b6d5-820dc21db201,True,0.01,2.0,20.715444099972956,1.290375177799024,"x0,x1,x2,x3",4,0.2,0.5,,,,,,,
-0.15417457436651938,0.6285629114029522,0.2572454991313228,0.1407035461285836,0.7105166202763555,0.0,1.290094523742414,0.0002806540566100413,37.987178958719454,0.7597435791743891,1.2509152195689137,6.858259995102346,51.680072980975304,0.0,steering_law,value,logei,exact,gaussian,1.0,0,50,9,6426d381-f3bd-46c9-b279-5506fff42125,False,0.01,2.0,13.361783499945886,1.290375177799024,"x0,x1,x2,x3",4,1.0,1.0,,,,,,,
-0.15417457436651938,0.6285629114029522,0.2572454991313228,0.1407035461285836,0.7105166202763555,0.0,1.2536165149595917,0.0367586628394323,85.873496737397,1.71746993474794,1.403765819444092,21.134352657538294,80.85417924334298,0.0,steering_law,value,logei,exact,gaussian,5.0,0,50,9,e2bdd6af-57e3-4f72-95fe-1a07650cf76a,False,0.01,2.0,18.912269600026775,1.290375177799024,"x0,x1,x2,x3",4,5.0,5.0,,,,,,,
-0.15417457436651938,0.6285629114029522,0.2572454991313228,0.1407035461285836,0.7105166202763555,0.0,1.290374410711442,7.670875818988065e-07,29.45364731026727,0.5890729462053454,7.670875818988065e-07,2.3626374483407204,2.3626374483407204,0.0,steering_law,value,qnei,exact,none,0.0,0,50,9,71532865-9d31-47de-9daf-23f8044f8bff,True,0.01,2.0,15.495347700023558,1.290375177799024,"x0,x1,x2,x3",4,0.2,0.5,,,,,,,
-0.15417457436651938,0.6285629114029522,0.2572454991313228,0.1407035461285836,0.7105166202763555,0.0,1.2710994542481822,0.01927572355084184,24.948859207391813,0.49897718414783626,0.37899392831535317,3.836901778374998,16.86894733497567,0.0,steering_law,value,qnei,exact,gaussian,1.0,0,50,9,f0cc5445-7c15-4f75-b901-2b6cc3da24be,False,0.01,2.0,18.641748999943957,1.290375177799024,"x0,x1,x2,x3",4,1.0,1.0,,,,,,,
-0.15417457436651938,0.6285629114029522,0.2572454991313228,0.1407035461285836,0.7105166202763555,0.0,1.288494889696791,0.001880288102233063,79.5689433050505,1.59137886610101,0.6430256063058102,5.000000904933096,53.35768975959992,0.0,steering_law,value,qnei,exact,gaussian,5.0,0,50,9,24172da1-926a-466f-b911-fdc2f9009e71,False,0.01,2.0,12.93568310001865,1.290375177799024,"x0,x1,x2,x3",4,5.0,5.0,,,,,,,
-320.35827581741296,760.8790970797585,-483.52306544346493,969.1726564456152,1433.2609662752625,0.0,2.7364197680566535,0.017436047602317206,95.6701372535643,1.913402745071286,0.017436047602317206,15.179690914915218,15.179690914915218,0.0,griewank,value,logei,exact,none,0.0,0,50,10,3f378d10-3159-46eb-b041-26eb6f513c83,True,0.01,2.0,22.348218000028282,2.7538558156589708,"x0,x1,x2,x3,x4,x5",6,0.2,0.5,375.03394793788016,242.75485014128327,,,,,
-320.35827581741296,760.8790970797585,-483.52306544346493,969.1726564456152,1433.2609662752625,0.0,2.4299388471564396,0.32391696850253116,55.787938956026295,1.115758779120526,0.549713177942535,26.80329876834847,39.09365075745721,0.0,griewank,value,logei,exact,gaussian,1.0,0,50,10,eb1cd957-9916-4c08-8842-70308af61d29,False,0.01,2.0,20.29925560002448,2.7538558156589708,"x0,x1,x2,x3,x4,x5",6,1.0,1.0,375.03394793788016,242.75485014128327,,,,,
-320.35827581741296,760.8790970797585,-483.52306544346493,969.1726564456152,1433.2609662752625,0.0,1.9146896549616432,0.8391661606973275,122.7081089389122,2.454162178778244,1.941666127502014,48.2322437924171,101.66633621024353,0.0,griewank,value,logei,exact,gaussian,5.0,0,50,10,5dbb4b10-868d-475f-84a0-befa45b4eef0,False,0.01,2.0,20.74110769998515,2.7538558156589708,"x0,x1,x2,x3,x4,x5",6,5.0,5.0,375.03394793788016,242.75485014128327,,,,,
-320.35827581741296,760.8790970797585,-483.52306544346493,969.1726564456152,1433.2609662752625,0.0,2.730054490663435,0.023801324995535555,102.71460602517315,2.054292120503463,0.023801324995535555,19.68124526482967,19.68124526482967,0.0,griewank,value,qnei,exact,none,0.0,0,50,10,aecc07f3-a897-4d33-87c1-d615221ba3a0,True,0.01,2.0,13.8175726000336,2.7538558156589708,"x0,x1,x2,x3,x4,x5",6,0.2,0.5,375.03394793788016,242.75485014128327,,,,,
-320.35827581741296,760.8790970797585,-483.52306544346493,969.1726564456152,1433.2609662752625,0.0,2.6329981309571115,0.1208576847018592,69.74905437589894,1.3949810875179787,0.1208576847018592,24.91471853838981,31.1385740361351,0.0,griewank,value,qnei,exact,gaussian,1.0,0,50,10,d89874b8-c0a8-409f-b052-ba965d8398e8,False,0.01,2.0,19.918646699981764,2.7538558156589708,"x0,x1,x2,x3,x4,x5",6,1.0,1.0,375.03394793788016,242.75485014128327,,,,,
-320.35827581741296,760.8790970797585,-483.52306544346493,969.1726564456152,1433.2609662752625,0.0,1.9146896549616432,0.8391661606973275,201.14169787753565,4.022833957550713,1.3627401028105484,48.2322437924171,116.4890754129054,0.0,griewank,value,qnei,exact,gaussian,5.0,0,50,10,0247d44b-33e3-42b4-8849-dce229c1fa17,False,0.01,2.0,19.92115870001726,2.7538558156589708,"x0,x1,x2,x3,x4,x5",6,5.0,5.0,375.03394793788016,242.75485014128327,,,,,
-3.988773838731695,-0.6458598545277621,-1.2546756494405962,6.232190411072328,7.532719296071111,0.0,0.7607168071430253,0.003507076315434565,18.50333865576335,0.37006677311526703,0.003507076315434565,4.7732197823877165,4.7732197823877165,0.0,powell,value,logei,exact,none,0.0,0,50,10,cb698286-6b32-499d-bcd7-2a6a35bc2d34,True,0.01,2.0,14.17100199998822,0.7642238834584598,"x0,x1,x2,x3",4,0.2,0.5,,,,,,,
-3.988773838731695,-0.6458598545277621,-1.2546756494405962,6.232190411072328,7.532719296071111,0.0,0.7531242247745723,0.011099658683887514,24.577792173947845,0.4915558434789569,0.19466357315372862,9.256404406917413,13.771005390218402,0.0,powell,value,logei,exact,gaussian,1.0,0,50,10,499cfda5-3505-4895-b98d-22f3c1847470,False,0.01,2.0,16.558020299999043,0.7642238834584598,"x0,x1,x2,x3",4,1.0,1.0,,,,,,,
-3.988773838731695,-0.6458598545277621,-1.2546756494405962,6.232190411072328,7.532719296071111,0.0,0.7236433749846642,0.04058050847379557,43.097524810688526,0.8619504962137705,0.09283843066813391,5.863412667134201,25.217512493814578,0.0,powell,value,logei,exact,gaussian,5.0,0,50,10,b61a6861-b5fc-4e18-b18f-b0c56d4c0d4e,False,0.01,2.0,16.43762699997751,0.7642238834584598,"x0,x1,x2,x3",4,5.0,5.0,,,,,,,
-3.988773838731695,-0.6458598545277621,-1.2546756494405962,6.232190411072328,7.532719296071111,0.0,0.7538181942187772,0.010405689239682658,19.560085352644606,0.39120170705289214,0.010405689239682658,4.967122341679452,4.967122341679452,0.0,powell,value,qnei,exact,none,0.0,0,50,10,7ab7f516-ee3c-4f19-997a-35ad85313fd9,True,0.01,2.0,16.12191280000843,0.7642238834584598,"x0,x1,x2,x3",4,0.2,0.5,,,,,,,
-3.988773838731695,-0.6458598545277621,-1.2546756494405962,6.232190411072328,7.532719296071111,0.0,0.7316755217429387,0.03254836171552111,50.84440526540944,1.0168881053081888,0.14265608738449564,8.676238988331109,15.272151452234006,0.0,powell,value,qnei,exact,gaussian,1.0,0,50,10,67298f3d-fa44-4797-b3a0-c478c0fc0d9b,False,0.01,2.0,13.309627200011164,0.7642238834584598,"x0,x1,x2,x3",4,1.0,1.0,,,,,,,
-3.988773838731695,-0.6458598545277621,-1.2546756494405962,6.232190411072328,7.532719296071111,0.0,0.7569636337860827,0.00726024967237715,102.0948368492607,2.041896736985214,0.1264226154268443,7.6761140417291625,54.68344381798836,0.0,powell,value,qnei,exact,gaussian,5.0,0,50,10,f2715cc8-8ace-41c9-a62f-bf79176518cb,False,0.01,2.0,17.54338019998977,0.7642238834584598,"x0,x1,x2,x3",4,5.0,5.0,,,,,,,
-443.19709319241053,-71.76220605864023,-139.40840549339964,692.4656012302587,836.968810674568,0.0,3.142972495174591,1.185417876604261,149.30431528626212,2.9860863057252427,1.185417876604261,83.75685382909093,83.75685382909093,0.0,schwefel,value,logei,exact,none,0.0,0,50,10,8993b292-a4d6-4c3a-b894-5eab6821171f,True,0.01,2.0,20.76803589996416,4.328390371778852,"x0,x1,x2,x3",4,0.2,0.5,,,,,,,
-443.19709319241053,-71.76220605864023,-139.40840549339964,692.4656012302587,836.968810674568,0.0,1.812969679309859,2.515420692468993,191.74072833113388,3.8348145666226774,3.0831101782063093,135.816546788847,154.43985468939803,0.0,schwefel,value,logei,exact,gaussian,1.0,0,50,10,0b1a55d3-95c6-4d2e-bee8-16afb28d7b62,False,0.01,2.0,21.262212400033604,4.328390371778852,"x0,x1,x2,x3",4,1.0,1.0,,,,,,,
-443.19709319241053,-71.76220605864023,-139.40840549339964,692.4656012302587,836.968810674568,0.0,1.6827178540618548,2.645672517716997,207.23979866105162,4.144795973221033,3.548358205142312,136.06294730374586,169.77807913986183,0.0,schwefel,value,logei,exact,gaussian,5.0,0,50,10,6ada9950-06ef-46bd-883e-7564ea664534,False,0.01,2.0,15.66910200001439,4.328390371778852,"x0,x1,x2,x3",4,5.0,5.0,,,,,,,
-443.19709319241053,-71.76220605864023,-139.40840549339964,692.4656012302587,836.968810674568,0.0,2.299650621261503,2.028739750517349,187.35058974830673,3.747011794966135,2.028739750517349,124.72186574215412,124.72186574215412,0.0,schwefel,value,qnei,exact,none,0.0,0,50,10,f9c178b5-f10e-4a0a-8b10-ec11b8106a8b,True,0.01,2.0,12.787903800024651,4.328390371778852,"x0,x1,x2,x3",4,0.2,0.5,,,,,,,
-443.19709319241053,-71.76220605864023,-139.40840549339964,692.4656012302587,836.968810674568,0.0,2.5457136407761642,1.7826767310026876,185.31332100237395,3.706266420047479,3.184546981130776,114.45991969505617,131.08118666749164,0.0,schwefel,value,qnei,exact,gaussian,1.0,0,50,10,3d1aede9-825a-48c1-8fcf-5522fa9a6912,False,0.01,2.0,17.15610010002274,4.328390371778852,"x0,x1,x2,x3",4,1.0,1.0,,,,,,,
-443.19709319241053,-71.76220605864023,-139.40840549339964,692.4656012302587,836.968810674568,0.0,2.0839254059741785,2.2444649658046734,217.1127992583754,4.342255985167508,5.097063099564152,139.84247597220755,246.6580908738145,0.0,schwefel,value,qnei,exact,gaussian,5.0,0,50,10,50b0eba2-4fc7-4340-be1e-6b4590c324d2,False,0.01,2.0,13.826129199995194,4.328390371778852,"x0,x1,x2,x3",4,5.0,5.0,,,,,,,
-29.045364699457814,-4.7030079362590484,-9.13626926241544,45.38142564222623,54.851587976368485,0.0,16.70643537667184,3.3960117771815916,793.4379332342072,15.868758664684144,3.3960117771815916,546.3560027831138,546.3560027831138,0.0,ackley,value,logei,exact,none,0.0,0,50,10,d7224c7e-35a1-47e7-9ce6-490e52ac4403,True,0.01,2.0,16.145839900011197,20.102447153853433,"x0,x1,x2,x3",4,0.2,0.5,,,,,,,
-29.045364699457814,-4.7030079362590484,-9.13626926241544,45.38142564222623,54.851587976368485,0.0,0.13324060612167876,19.969206547731755,1032.8933406159633,20.657866812319266,20.783903587208076,982.7543059470041,1016.0585996608772,0.0,ackley,value,logei,exact,gaussian,1.0,0,50,10,55b00c03-ac41-4c81-9bc7-abbd40bd2a83,False,0.01,2.0,14.433522399980575,20.102447153853433,"x0,x1,x2,x3",4,1.0,1.0,,,,,,,
-29.045364699457814,-4.7030079362590484,-9.13626926241544,45.38142564222623,54.851587976368485,0.0,0.2028005738698643,19.899646579983568,1035.576062803911,20.71152125607822,20.845699976119697,982.4579427692156,1011.9094358439258,0.0,ackley,value,logei,exact,gaussian,5.0,0,50,10,583919e2-f1b6-4311-8ef4-defb1c9553b0,False,0.01,2.0,17.52127389999805,20.102447153853433,"x0,x1,x2,x3",4,5.0,5.0,,,,,,,
-29.045364699457814,-4.7030079362590484,-9.13626926241544,45.38142564222623,54.851587976368485,0.0,5.06249380339693,15.039953350456504,1005.1883529690754,20.103767059381507,15.039953350456504,962.2246718645049,962.2246718645049,0.0,ackley,value,qnei,exact,none,0.0,0,50,10,5c73116e-6705-403b-9be9-33a3304e8e53,True,0.01,2.0,14.887631900026463,20.102447153853433,"x0,x1,x2,x3",4,0.2,0.5,,,,,,,
-29.045364699457814,-4.7030079362590484,-9.13626926241544,45.38142564222623,54.851587976368485,0.0,2.3969054463399133,17.705541707513518,1007.3412347713507,20.146824695427014,19.294549233589954,914.810522515922,972.2532677981509,0.0,ackley,value,qnei,exact,gaussian,1.0,0,50,10,37e91326-9f0a-45a8-84a0-7a86fb235ded,False,0.01,2.0,17.15121729997918,20.102447153853433,"x0,x1,x2,x3",4,1.0,1.0,,,,,,,
-29.045364699457814,-4.7030079362590484,-9.13626926241544,45.38142564222623,54.851587976368485,0.0,0.18468256519710316,19.91776458865633,1033.562520750533,20.671250415010658,20.46785465483744,982.3543351654971,1001.9533826525467,0.0,ackley,value,qnei,exact,gaussian,5.0,0,50,10,9ce3d9bf-5975-42f5-bc30-d0a1d09f23d9,False,0.01,2.0,16.835175599961076,20.102447153853433,"x0,x1,x2,x3",4,5.0,5.0,,,,,,,
-0.4431970931924105,-0.07176220605864025,-0.1394084054933996,0.6924656012302587,0.836968810674568,0.0,3.0593887562558817,0.0,42.5145595711697,0.8502911914233939,0.0,9.514622536368876,9.514622536368876,0.0,stevens,value,logei,exact,none,0.0,0,50,10,4bded938-7185-49c5-826c-639d72b1f288,True,0.01,2.0,11.729297099984251,3.0593887562558817,"x0,x1,x2,x3",4,0.2,0.5,,,,,,,
-0.4431970931924105,-0.07176220605864025,-0.1394084054933996,0.6924656012302587,0.836968810674568,0.0,3.0593887562558817,0.0,35.04807072090488,0.7009614144180977,0.03893922461146504,23.520526185534415,30.17241573448907,0.0,stevens,value,logei,exact,gaussian,1.0,0,50,10,3731c440-166d-47c8-bf6c-f6e224be271c,False,0.01,2.0,10.992253400036134,3.0593887562558817,"x0,x1,x2,x3",4,1.0,1.0,,,,,,,
-0.4431970931924105,-0.07176220605864025,-0.1394084054933996,0.6924656012302587,0.836968810674568,0.0,1.826720419953148,1.2326683363027338,128.90532532569932,2.5781065065139863,2.151662164988166,63.59080351048881,127.48297441694348,0.0,stevens,value,logei,exact,gaussian,5.0,0,50,10,cb57b5c8-d0bc-4179-bb71-81dbd646f26c,False,0.01,2.0,15.896267600008287,3.0593887562558817,"x0,x1,x2,x3",4,5.0,5.0,,,,,,,
-0.4431970931924105,-0.07176220605864025,-0.1394084054933996,0.6924656012302587,0.836968810674568,0.0,3.0593887562558817,0.0,135.49480973796082,2.7098961947592164,0.0,9.470730479723484,9.470730479723484,0.0,stevens,value,qnei,exact,none,0.0,0,50,10,dc77354e-39e7-4c15-9caf-adb6f9d7eabc,True,0.01,2.0,11.36363859998528,3.0593887562558817,"x0,x1,x2,x3",4,0.2,0.5,,,,,,,
-0.4431970931924105,-0.07176220605864025,-0.1394084054933996,0.6924656012302587,0.836968810674568,0.0,3.0593887562558817,0.0,87.22879554254651,1.7445759108509302,0.9722665120590985,9.177432845202258,46.713341222958,0.0,stevens,value,qnei,exact,gaussian,1.0,0,50,10,2b336dd5-d785-446d-821a-bab4eab3efca,False,0.01,2.0,11.90904469997622,3.0593887562558817,"x0,x1,x2,x3",4,1.0,1.0,,,,,,,
-0.4431970931924105,-0.07176220605864025,-0.1394084054933996,0.6924656012302587,0.836968810674568,0.0,2.1612056036444134,0.8981831526114683,154.81249873392935,3.096249974678587,3.7160119225491597,58.63257872970944,165.85303602503245,0.0,stevens,value,qnei,exact,gaussian,5.0,0,50,10,cceb0075-0e08-4c0a-8ac7-d04e0a999999,False,0.01,2.0,22.68833800003631,3.0593887562558817,"x0,x1,x2,x3",4,5.0,5.0,,,,,,,
-6.647956397886158,-1.076433090879604,-2.0911260824009954,10.38698401845388,12.55453216011852,0.0,1.0225214200797583,0.003101830491665458,19.203817373505245,0.3840763474701049,0.003101830491665458,2.8349030411214136,2.8349030411214136,0.0,rosenbrock,value,logei,exact,none,0.0,0,50,10,95df62d1-b634-4e33-b454-202e695b697e,True,0.01,2.0,13.737102000042796,1.0256232505714238,"x0,x1,x2,x3",4,0.2,0.5,,,,,,,
-6.647956397886158,-1.076433090879604,-2.0911260824009954,10.38698401845388,12.55453216011852,0.0,1.0165951438966347,0.009028106674789038,24.701438346668773,0.49402876693337544,0.11978162427570849,2.9247091199401583,11.16403353830257,0.0,rosenbrock,value,logei,exact,gaussian,1.0,0,50,10,57723d1c-cd0d-4b5d-83eb-e860ad1ab5b1,False,0.01,2.0,17.151331099972595,1.0256232505714238,"x0,x1,x2,x3",4,1.0,1.0,,,,,,,
-6.647956397886158,-1.076433090879604,-2.0911260824009954,10.38698401845388,12.55453216011852,0.0,1.0046960909883582,0.02092715958306557,76.20080577297449,1.5240161154594898,0.28700124312857533,5.808313059002899,30.977886103691834,0.0,rosenbrock,value,logei,exact,gaussian,5.0,0,50,10,d333ef6e-7225-477a-a86a-ad4e534be01e,False,0.01,2.0,16.684557100001257,1.0256232505714238,"x0,x1,x2,x3",4,5.0,5.0,,,,,,,
-6.647956397886158,-1.076433090879604,-2.0911260824009954,10.38698401845388,12.55453216011852,0.0,1.0224396665506819,0.0031835840207419253,24.47871580232141,0.4895743160464282,0.0031835840207419253,2.6913203320237207,2.6913203320237207,0.0,rosenbrock,value,qnei,exact,none,0.0,0,50,10,f0fa68e5-6c1f-49bf-a410-e3985ac350cf,True,0.01,2.0,16.710015600023326,1.0256232505714238,"x0,x1,x2,x3",4,0.2,0.5,,,,,,,
-6.647956397886158,-1.076433090879604,-2.0911260824009954,10.38698401845388,12.55453216011852,0.0,1.0182753653062246,0.007347885265199139,43.99211327334241,0.8798422654668482,0.029599193033200688,7.192805208954307,13.802430471764737,0.0,rosenbrock,value,qnei,exact,gaussian,1.0,0,50,10,15d0fb00-df88-46c0-9602-d1f6af4fa613,False,0.01,2.0,14.614136199990753,1.0256232505714238,"x0,x1,x2,x3",4,1.0,1.0,,,,,,,
-6.647956397886158,-1.076433090879604,-2.0911260824009954,10.38698401845388,12.55453216011852,0.0,0.877969817204695,0.14765343336672876,116.65547886274702,2.33310957725494,3.370450446034053,8.677660177655657,170.5922028754197,0.0,rosenbrock,value,qnei,exact,gaussian,5.0,0,50,10,acec44a0-73ff-422e-810f-c288bb4bc70b,False,0.01,2.0,19.085325699998066,1.0256232505714238,"x0,x1,x2,x3",4,5.0,5.0,,,,,,,
-0.2669652298478442,0.6340659142331321,-0.40293588786955414,0.8076438803713459,1.194384138562719,0.0,7.956625141880347,0.010538821411589794,217.16616880187541,4.3433233760375085,0.010538821411589794,109.04737619472783,109.04737619472783,0.0,hartmann_6,value,logei,exact,none,0.0,0,50,10,2d6bcdcd-e8b0-468d-a229-1981d59e1b60,True,0.01,2.0,24.30118330003461,7.967163963291937,"x0,x1,x2,x3,x4,x5",6,0.2,0.5,0.31252828994823345,0.20229570845106937,,,,,
-0.2669652298478442,0.6340659142331321,-0.40293588786955414,0.8076438803713459,1.194384138562719,0.0,6.539576397942839,1.4275875653490981,251.87075818877625,5.037415163775525,1.4275875653490981,196.1944691574655,256.5347686363685,0.0,hartmann_6,value,logei,exact,gaussian,1.0,0,50,10,2dbcf18c-2b60-434d-84ce-314790a142db,False,0.01,2.0,19.42437190003693,7.967163963291937,"x0,x1,x2,x3,x4,x5",6,1.0,1.0,0.31252828994823345,0.20229570845106937,,,,,
-0.2669652298478442,0.6340659142331321,-0.40293588786955414,0.8076438803713459,1.194384138562719,0.0,1.3151007595726205,6.652063203719317,426.5462839569571,8.530925679139141,8.62027266637107,331.9769570227289,421.96656417784607,0.0,hartmann_6,value,logei,exact,gaussian,5.0,0,50,10,f126c43f-6585-40fb-ab9e-97852f767ce5,False,0.01,2.0,26.430941899947356,7.967163963291937,"x0,x1,x2,x3,x4,x5",6,5.0,5.0,0.31252828994823345,0.20229570845106937,,,,,
-0.2669652298478442,0.6340659142331321,-0.40293588786955414,0.8076438803713459,1.194384138562719,0.0,7.847417807435467,0.11974615585647008,255.94261897830503,5.118852379566101,0.11974615585647008,97.54470550028186,97.54470550028186,0.0,hartmann_6,value,qnei,exact,none,0.0,0,50,10,725174c0-e862-4839-b0bd-86f476dc37cb,True,0.01,2.0,22.767630699963775,7.967163963291937,"x0,x1,x2,x3,x4,x5",6,0.2,0.5,0.31252828994823345,0.20229570845106937,,,,,
-0.2669652298478442,0.6340659142331321,-0.40293588786955414,0.8076438803713459,1.194384138562719,0.0,6.935154082974012,1.0320098803179247,229.1400753747832,4.582801507495664,1.354644999710394,167.1444316823661,184.90630565475414,0.0,hartmann_6,value,qnei,exact,gaussian,1.0,0,50,10,29b3c627-8816-4b84-8154-577592a9740e,False,0.01,2.0,25.806065399956424,7.967163963291937,"x0,x1,x2,x3,x4,x5",6,1.0,1.0,0.31252828994823345,0.20229570845106937,,,,,
-0.2669652298478442,0.6340659142331321,-0.40293588786955414,0.8076438803713459,1.194384138562719,0.0,1.3151007595726205,6.652063203719317,424.3358199719615,8.48671639943923,8.634073264191912,331.9769570227289,422.18157827071263,0.0,hartmann_6,value,qnei,exact,gaussian,5.0,0,50,10,f459591b-7319-4b71-a327-49939117450b,False,0.01,2.0,22.9306408999837,7.967163963291937,"x0,x1,x2,x3,x4,x5",6,5.0,5.0,0.31252828994823345,0.20229570845106937,,,,,
-2.5763639183200144,1.5122202941068952,0.04179210139287726,0.8677923190970707,3.409690555775156,0.0,6.686590136439234,1.3611310302497444,276.76904600586323,5.535380920117265,1.3611310302497444,220.59118233844913,220.59118233844913,0.0,michalewicz,value,logei,exact,none,0.0,0,50,10,93f5ad38-3efb-4b8c-b60c-3bf9569e6da2,True,0.01,2.0,21.357270599983167,8.047721166688978,"x0,x1,x2,x3,x4",5,0.2,0.5,1.3952484867540926,,,,,,
-2.5763639183200144,1.5122202941068952,0.04179210139287726,0.8677923190970707,3.409690555775156,0.0,1.0847626244776871,6.962958542211291,417.3476670879991,8.346953341759983,8.63043018904316,354.1133229449719,422.2217743273134,0.0,michalewicz,value,logei,exact,gaussian,1.0,0,50,10,a66cb36e-aef5-41ad-83ba-0f0247a55197,False,0.01,2.0,23.38362480001524,8.047721166688978,"x0,x1,x2,x3,x4",5,1.0,1.0,1.3952484867540926,,,,,,
-2.5763639183200144,1.5122202941068952,0.04179210139287726,0.8677923190970707,3.409690555775156,0.0,3.483969199030823,4.563751967658155,372.8396228240463,7.456792456480925,6.833863497063574,274.0327811765974,350.5365534105703,0.0,michalewicz,value,logei,exact,gaussian,5.0,0,50,10,fa13fd59-5f78-411c-8e85-6a3ba9266605,False,0.01,2.0,26.797708300000522,8.047721166688978,"x0,x1,x2,x3,x4",5,5.0,5.0,1.3952484867540926,,,,,,
-2.5763639183200144,1.5122202941068952,0.04179210139287726,0.8677923190970707,3.409690555775156,0.0,4.245577874563935,3.8021432921250433,327.75126757811955,6.555025351562391,3.8021432921250433,256.6168653338389,256.6168653338389,0.0,michalewicz,value,qnei,exact,none,0.0,0,50,10,36fde39e-11f1-4c44-ae3d-13bd9b83a507,True,0.01,2.0,25.31971730000805,8.047721166688978,"x0,x1,x2,x3,x4",5,0.2,0.5,1.3952484867540926,,,,,,
-2.5763639183200144,1.5122202941068952,0.04179210139287726,0.8677923190970707,3.409690555775156,0.0,2.677161687866966,5.370559478822012,395.9340813862592,7.918681627725184,6.376947601691885,319.86024191366545,344.0257306391172,0.0,michalewicz,value,qnei,exact,gaussian,1.0,0,50,10,c6de79c7-a92a-4220-a840-f8c601f6b957,False,0.01,2.0,22.81454659998417,8.047721166688978,"x0,x1,x2,x3,x4",5,1.0,1.0,1.3952484867540926,,,,,,
-2.5763639183200144,1.5122202941068952,0.04179210139287726,0.8677923190970707,3.409690555775156,0.0,0.8645329878496449,7.183188178839333,438.36491367630873,8.767298273526174,9.101659398604154,370.26070814919655,445.63454771862575,0.0,michalewicz,value,qnei,exact,gaussian,5.0,0,50,10,88c1d82f-571d-42b5-ab8e-d134d0324ebd,False,0.01,2.0,20.745376700011548,8.047721166688978,"x0,x1,x2,x3,x4",5,5.0,5.0,1.3952484867540926,,,,,,
-4.431970931924105,-0.7176220605864025,-1.3940840549339955,6.924656012302586,8.369688106745679,0.0,12.999424854007113,43.77464918401127,2605.367399448735,52.107347988974695,43.77464918401127,2411.5644754151676,2411.5644754151676,0.0,shekel,value,logei,exact,none,0.0,0,50,10,4d9d3149-5917-4117-b580-6de5cf9fb083,True,0.01,2.0,17.376846499973908,56.774074038018384,"x0,x1,x2,x3",4,0.2,0.5,,,,,,,
-4.431970931924105,-0.7176220605864025,-1.3940840549339955,6.924656012302586,8.369688106745679,0.0,4.933684729861777,51.84038930815661,2728.648688155093,54.572973763101864,51.921618637977694,2602.900186965103,2631.7846385023204,0.0,shekel,value,logei,exact,gaussian,1.0,0,50,10,8909d010-fe9c-455d-a8b5-135e2cf32e50,False,0.01,2.0,19.192730300012045,56.774074038018384,"x0,x1,x2,x3",4,1.0,1.0,,,,,,,
-4.431970931924105,-0.7176220605864025,-1.3940840549339955,6.924656012302586,8.369688106745679,0.0,5.093419429909663,51.68065460810872,2780.799837452731,55.615996749054624,54.59799419567122,2639.580800130516,2698.0290295935815,0.0,shekel,value,logei,exact,gaussian,5.0,0,50,10,54cd7a7a-0ed7-407b-9afe-19cd04d2cd7d,False,0.01,2.0,16.020088499994017,56.774074038018384,"x0,x1,x2,x3",4,5.0,5.0,,,,,,,
-4.431970931924105,-0.7176220605864025,-1.3940840549339955,6.924656012302586,8.369688106745679,0.0,13.460921605640594,43.31315243237779,2666.926138601047,53.338522772020944,43.31315243237779,2396.74625873367,2396.74625873367,0.0,shekel,value,qnei,exact,none,0.0,0,50,10,bae7fa5a-d31e-475c-9c4a-8a7934ab27bc,True,0.01,2.0,17.105183200037573,56.774074038018384,"x0,x1,x2,x3",4,0.2,0.5,,,,,,,
-4.431970931924105,-0.7176220605864025,-1.3940840549339955,6.924656012302586,8.369688106745679,0.0,19.766842173484797,37.00723186453359,2588.772062788211,51.775441255764214,37.00723186453359,2381.3857290246597,2400.643444625951,0.0,shekel,value,qnei,exact,gaussian,1.0,0,50,10,66669d9b-f39b-4281-95a3-796d4a931d9d,False,0.01,2.0,18.554201300023124,56.774074038018384,"x0,x1,x2,x3",4,1.0,1.0,,,,,,,
-4.431970931924105,-0.7176220605864025,-1.3940840549339955,6.924656012302586,8.369688106745679,0.0,0.9169438576862018,55.857130180332184,2872.3592073684367,57.44718414736874,57.520566452370076,2737.7052799773983,2793.9981541420843,0.0,shekel,value,qnei,exact,gaussian,5.0,0,50,10,086a28de-9813-4d4f-8d5c-5d3b9fb0ec73,False,0.01,2.0,15.345994400035124,56.774074038018384,"x0,x1,x2,x3",4,5.0,5.0,,,,,,,
-4.5383382342902845,-0.7348449900404761,-1.4275420722524128,7.09084775659785,8.570560621307576,0.0,2.3562673945098953,1.2826716789281565,126.59339647995819,2.531867929599164,1.2826716789281565,79.9781229295381,79.9781229295381,0.0,rastrigin,value,logei,exact,none,0.0,0,50,10,76eea024-8a88-4c6d-a649-98cee85f5dd6,True,0.01,2.0,14.696508799970616,3.638939073438052,"x0,x1,x2,x3",4,0.2,0.5,,,,,,,
-4.5383382342902845,-0.7348449900404761,-1.4275420722524128,7.09084775659785,8.570560621307576,0.0,1.0324745594605438,2.606464513977508,202.3828214285768,4.0476564285715355,4.18955728332301,135.5814500400455,180.12078390146533,0.0,rastrigin,value,logei,exact,gaussian,1.0,0,50,10,f910d39d-6bbc-4092-b73b-eb3f3ba80a7f,False,0.01,2.0,18.47210409998661,3.638939073438052,"x0,x1,x2,x3",4,1.0,1.0,,,,,,,
-4.5383382342902845,-0.7348449900404761,-1.4275420722524128,7.09084775659785,8.570560621307576,0.0,0.9694518265522949,2.669487246885757,226.9272402677028,4.538544805354056,4.456010575933133,149.7601477316755,214.03131109635683,0.0,rastrigin,value,logei,exact,gaussian,5.0,0,50,10,a83ea483-9d48-47c4-b969-2e85e32d01ee,False,0.01,2.0,16.637661599961575,3.638939073438052,"x0,x1,x2,x3",4,5.0,5.0,,,,,,,
-4.5383382342902845,-0.7348449900404761,-1.4275420722524128,7.09084775659785,8.570560621307576,0.0,2.9380016322992515,0.7009374411388003,150.40079781668504,3.008015956333701,0.7009374411388003,93.39058872347272,93.39058872347272,0.0,rastrigin,value,qnei,exact,none,0.0,0,50,10,2784c714-6103-4296-b94f-f04fb863d097,True,0.01,2.0,19.054643899959046,3.638939073438052,"x0,x1,x2,x3",4,0.2,0.5,,,,,,,
-4.5383382342902845,-0.7348449900404761,-1.4275420722524128,7.09084775659785,8.570560621307576,0.0,2.2523150391172777,1.386624034320774,183.92303413699577,3.6784606827399156,1.8242008005700356,136.13912558895126,170.07097962953463,0.0,rastrigin,value,qnei,exact,gaussian,1.0,0,50,10,1a1ae86c-6f64-44f4-b8ae-0cad52aec203,False,0.01,2.0,17.709916699968744,3.638939073438052,"x0,x1,x2,x3",4,1.0,1.0,,,,,,,
-4.5383382342902845,-0.7348449900404761,-1.4275420722524128,7.09084775659785,8.570560621307576,0.0,0.4328650376496048,3.206074035788447,239.43727552866508,4.7887455105733014,4.411077922299812,158.0668071079557,222.72825769559435,0.0,rastrigin,value,qnei,exact,gaussian,5.0,0,50,10,2043139b-7d3f-43fa-891f-a4a40317c47a,False,0.01,2.0,16.87530150002567,3.638939073438052,"x0,x1,x2,x3",4,5.0,5.0,,,,,,,
-0.4431970931924105,-0.07176220605864025,-0.1394084054933996,0.6924656012302587,0.836968810674568,0.0,3.5143009260594775,0.021111617727381127,123.13369919583367,2.4626739839166736,0.021111617727381127,78.3227017563028,78.3227017563028,0.0,yerkes_dodson,value,logei,exact,none,0.0,0,50,10,f3256665-c4a5-4052-9351-ac43c9c068f3,True,0.01,2.0,18.01167100004386,3.5354125437868587,"x0,x1,x2,x3",4,0.2,0.5,,,,,,,
-0.4431970931924105,-0.07176220605864025,-0.1394084054933996,0.6924656012302587,0.836968810674568,0.0,2.996995749600939,0.5384167941859195,101.2296545053347,2.024593090106694,0.7078689748393399,66.91210458019664,77.02127831137737,0.0,yerkes_dodson,value,logei,exact,gaussian,1.0,0,50,10,61d80a32-8bb4-4175-93fa-bc947adf96d6,False,0.01,2.0,13.888498599990271,3.5354125437868587,"x0,x1,x2,x3",4,1.0,1.0,,,,,,,
-0.4431970931924105,-0.07176220605864025,-0.1394084054933996,0.6924656012302587,0.836968810674568,0.0,1.6100135134801559,1.9253990303067028,159.36912048342384,3.187382409668477,2.5056618437036193,109.0392576352532,152.05759135270833,0.0,yerkes_dodson,value,logei,exact,gaussian,5.0,0,50,10,a88344d9-b1ff-48c3-b804-12e6f884f167,False,0.01,2.0,21.48853869998129,3.5354125437868587,"x0,x1,x2,x3",4,5.0,5.0,,,,,,,
-0.4431970931924105,-0.07176220605864025,-0.1394084054933996,0.6924656012302587,0.836968810674568,0.0,3.522805455280994,0.01260708850586445,134.84215510274973,2.6968431020549946,0.01260708850586445,25.990885297831632,25.990885297831632,0.0,yerkes_dodson,value,qnei,exact,none,0.0,0,50,10,6bd58c32-2ae7-4e1f-a303-88a0cef42eb0,True,0.01,2.0,14.59437639999669,3.5354125437868587,"x0,x1,x2,x3",4,0.2,0.5,,,,,,,
-0.4431970931924105,-0.07176220605864025,-0.1394084054933996,0.6924656012302587,0.836968810674568,0.0,3.342983378922638,0.19242916486422068,115.30431451307128,2.3060862902614256,0.527753658405437,44.94552038514908,56.69384772313392,0.0,yerkes_dodson,value,qnei,exact,gaussian,1.0,0,50,10,d80fae7b-e5ca-41df-80c5-247575571510,False,0.01,2.0,16.549220799992327,3.5354125437868587,"x0,x1,x2,x3",4,1.0,1.0,,,,,,,
-0.4431970931924105,-0.07176220605864025,-0.1394084054933996,0.6924656012302587,0.836968810674568,0.0,1.4489471648529448,2.086465378933914,224.15849616262454,4.483169923252491,4.949661526638277,124.93733041027623,240.92227453678439,0.0,yerkes_dodson,value,qnei,exact,gaussian,5.0,0,50,10,8c75581d-7c4c-4ad8-8319-a7877b80231c,False,0.01,2.0,17.22230700001819,3.5354125437868587,"x0,x1,x2,x3",4,5.0,5.0,,,,,,,
-4.431970931924105,-0.7176220605864025,-1.3940840549339955,6.924656012302586,8.369688106745679,0.0,5.402837764670362,0.0,131.81162345219272,2.6362324690438546,0.0,31.111071881090396,31.111071881090396,0.0,hicks_law,value,logei,exact,none,0.0,0,50,10,2ceed9ea-1f87-47de-ae01-2679dd421477,True,0.01,2.0,13.813025999988895,5.402837764670362,"x0,x1,x2,x3",4,0.2,0.5,,,,,,,
-4.431970931924105,-0.7176220605864025,-1.3940840549339955,6.924656012302586,8.369688106745679,0.0,5.402837764670362,0.0,52.402471177614586,1.0480494235522917,0.0,39.4446898215222,46.96705877550268,0.0,hicks_law,value,logei,exact,gaussian,1.0,0,50,10,09b0fb2b-5081-46d1-a710-449fabce756e,False,0.01,2.0,11.591791199985892,5.402837764670362,"x0,x1,x2,x3",4,1.0,1.0,,,,,,,
-4.431970931924105,-0.7176220605864025,-1.3940840549339955,6.924656012302586,8.369688106745679,0.0,5.402837764670362,0.0,161.70509981054727,3.234101996210945,0.0,113.80567647518245,165.8128247547971,0.0,hicks_law,value,logei,exact,gaussian,5.0,0,50,10,6dde133d-cd73-4404-b16f-5652ed9d900f,False,0.01,2.0,12.889607899996918,5.402837764670362,"x0,x1,x2,x3",4,5.0,5.0,,,,,,,
-4.431970931924105,-0.7176220605864025,-1.3940840549339955,6.924656012302586,8.369688106745679,0.0,5.402837764670362,0.0,255.36044915868894,5.107208983173779,0.0,31.089904060943663,31.089904060943663,0.0,hicks_law,value,qnei,exact,none,0.0,0,50,10,410211cd-24e8-4731-8b0e-77256cd36c49,True,0.01,2.0,10.311795099987648,5.402837764670362,"x0,x1,x2,x3",4,0.2,0.5,,,,,,,
-4.431970931924105,-0.7176220605864025,-1.3940840549339955,6.924656012302586,8.369688106745679,0.0,5.402837764670362,0.0,214.57029581361516,4.2914059162723035,0.0,32.81595955011296,33.15407503074117,0.0,hicks_law,value,qnei,exact,gaussian,1.0,0,50,10,0955835c-7a07-494c-ad5a-42174f0831d5,False,0.01,2.0,10.653244999994058,5.402837764670362,"x0,x1,x2,x3",4,1.0,1.0,,,,,,,
-4.431970931924105,-0.7176220605864025,-1.3940840549339955,6.924656012302586,8.369688106745679,0.0,5.402837764670362,0.0,180.10681995278665,3.602136399055733,0.9799093702972144,59.18702246463954,125.32253548623694,0.0,hicks_law,value,qnei,exact,gaussian,5.0,0,50,10,eb1a5872-ab36-4167-8f8f-ad9bbe8c49b5,False,0.01,2.0,13.201950300019234,5.402837764670362,"x0,x1,x2,x3",4,5.0,5.0,,,,,,,
-1.2755682435444466,-0.5839968699712661,,,1.4028993862979984,0.0,1.249907153404514,0.00014831249555458115,18.462681217387775,0.3692536243477555,0.00014831249555458115,0.3883581356799053,0.3883581356799053,0.0,branin,value,logei,exact,none,0.0,0,50,10,339a3a60-6247-4e5c-9ce1-7e12d7b9d33a,True,0.01,2.0,10.653805000009015,1.2500554659000687,"x0,x1",2,0.2,0.5,,,,,,,
-1.2755682435444466,-0.5839968699712661,,,1.4028993862979984,0.0,1.2331847136995135,0.016870752200555117,17.610846480934104,0.35221692961868206,0.05095276810717819,0.8266668578272007,2.7227415540700264,0.0,branin,value,logei,exact,gaussian,1.0,0,50,10,1201574b-420c-4009-8a13-fc1558d76b94,False,0.01,2.0,9.52989519998664,1.2500554659000687,"x0,x1",2,1.0,1.0,,,,,,,
-1.2755682435444466,-0.5839968699712661,,,1.4028993862979984,0.0,1.2431572004651665,0.006898265434902129,45.17017588117488,0.9034035176234976,0.5079700318391797,0.4693515325405324,15.888360600993567,0.0,branin,value,logei,exact,gaussian,5.0,0,50,10,f849824d-dd57-4b71-a978-d1d371b2c0bb,False,0.01,2.0,8.450550400011707,1.2500554659000687,"x0,x1",2,5.0,5.0,,,,,,,
-1.2755682435444466,-0.5839968699712661,,,1.4028993862979984,0.0,1.2499761276642147,7.933823585393185e-05,22.392451628203183,0.44784903256406366,7.933823585393185e-05,0.2854744958678648,0.2854744958678648,0.0,branin,value,qnei,exact,none,0.0,0,50,10,006b59b4-cc34-40de-bdee-e3b3e04f30f3,True,0.01,2.0,10.68498899997212,1.2500554659000687,"x0,x1",2,0.2,0.5,,,,,,,
-1.2755682435444466,-0.5839968699712661,,,1.4028993862979984,0.0,1.24322603186169,0.006829434038378768,34.34639508680905,0.6869279017361811,0.2597917247711985,0.6208198355025856,13.414981061111757,0.0,branin,value,qnei,exact,gaussian,1.0,0,50,10,9bcc16f0-519a-411d-907d-509ae4521141,False,0.01,2.0,10.743792799999937,1.2500554659000687,"x0,x1",2,1.0,1.0,,,,,,,
-1.2755682435444466,-0.5839968699712661,,,1.4028993862979984,0.0,1.2331847136995135,0.016870752200555117,54.888084541221055,1.097761690824421,0.6641948231530775,0.8266668578272007,20.59847832376784,0.0,branin,value,qnei,exact,gaussian,5.0,0,50,10,a2ebd1b5-59de-4fe0-abe1-81985ca3c65d,False,0.01,2.0,11.993799299991224,1.2500554659000687,"x0,x1",2,5.0,5.0,,,,,,,
-130.61818813895127,-59.80127948505765,,,143.656897156915,0.0,2.3892662966162814,0.8157792344387773,101.75164159081599,2.03503283181632,0.8157792344387773,42.13246332873126,42.13246332873126,0.0,eggholder,value,logei,exact,none,0.0,0,50,10,841e7cf8-5461-4baa-b912-e725751715d9,True,0.01,2.0,13.47728630003985,3.2050455310550587,"x0,x1",2,0.2,0.5,,,,,,,
-130.61818813895127,-59.80127948505765,,,143.656897156915,0.0,2.7257393515025212,0.4793061795525375,109.58526967211078,2.1917053934422155,1.9119638241897796,26.83986900921129,65.43596542331224,0.0,eggholder,value,logei,exact,gaussian,1.0,0,50,10,aa83c604-508c-45bf-8df9-dd771b6e1ef8,False,0.01,2.0,11.921267000027001,3.2050455310550587,"x0,x1",2,1.0,1.0,,,,,,,
-130.61818813895127,-59.80127948505765,,,143.656897156915,0.0,2.331166856074644,0.8738786749804146,173.48619369774858,3.4697238739549716,1.6845711120890805,42.82005507404031,66.73548196874596,0.0,eggholder,value,logei,exact,gaussian,5.0,0,50,10,deb549bf-8d26-4294-94e1-d71f97bfa58a,False,0.01,2.0,9.1984951000195,3.2050455310550587,"x0,x1",2,5.0,5.0,,,,,,,
-130.61818813895127,-59.80127948505765,,,143.656897156915,0.0,2.345725670532815,0.8593198605222439,126.24752286212248,2.5249504572424497,0.8593198605222439,42.49248174873147,42.49248174873147,0.0,eggholder,value,qnei,exact,none,0.0,0,50,10,a68742a3-c317-42c4-88b1-e187072b208b,True,0.01,2.0,11.374759099970106,3.2050455310550587,"x0,x1",2,0.2,0.5,,,,,,,
-130.61818813895127,-59.80127948505765,,,143.656897156915,0.0,2.331166856074644,0.8738786749804146,143.09523531672974,2.861904706334595,1.7949815292932367,42.82005507404031,74.18243863785409,0.0,eggholder,value,qnei,exact,gaussian,1.0,0,50,10,2a558608-ffae-49ea-aa32-9c10b8f5abae,False,0.01,2.0,12.52006710000569,3.2050455310550587,"x0,x1",2,1.0,1.0,,,,,,,
-130.61818813895127,-59.80127948505765,,,143.656897156915,0.0,2.8532568764771704,0.3517886545778883,162.65188104880178,3.253037620976036,3.662604722247525,25.852129410958213,150.07426646760857,0.0,eggholder,value,qnei,exact,gaussian,5.0,0,50,10,3a569deb-566a-4077-acee-5db887978d2a,False,0.01,2.0,8.95120670000324,3.2050455310550587,"x0,x1",2,5.0,5.0,,,,,,,
-0.8067195865469551,0.30512280635741795,-0.6925252812540241,,1.1061137750945342,0.0,3.0527525096312953,0.002148432524432309,58.96027839413499,1.1792055678826998,0.002148432524432309,16.278784004873337,16.278784004873337,0.0,hartmann_3,value,logei,exact,none,0.0,0,50,10,418eb26e-ccea-4eb8-b284-59550bbc7836,True,0.01,2.0,14.550559299997985,3.0549009421557276,"x0,x1,x2",3,0.2,0.5,,,,,,,
-0.8067195865469551,0.30512280635741795,-0.6925252812540241,,1.1061137750945342,0.0,2.9917058595349966,0.06319508262073104,48.54392144288427,0.9708784288576854,0.5811420473305842,21.12218733621939,46.466761103333475,0.0,hartmann_3,value,logei,exact,gaussian,1.0,0,50,10,7cb2a515-3a59-4e19-b241-f478c17e4e6f,False,0.01,2.0,13.231907200010028,3.0549009421557276,"x0,x1,x2",3,1.0,1.0,,,,,,,
-0.8067195865469551,0.30512280635741795,-0.6925252812540241,,1.1061137750945342,0.0,1.8057392979941291,1.2491616441615985,152.2951927818522,3.045903855637044,2.382041143494322,68.54741314199812,121.468404166051,0.0,hartmann_3,value,logei,exact,gaussian,5.0,0,50,10,9ff91d44-cf8a-44e3-8e3c-cd9631b70f8b,False,0.01,2.0,12.492343500023708,3.0549009421557276,"x0,x1,x2",3,5.0,5.0,,,,,,,
-0.8067195865469551,0.30512280635741795,-0.6925252812540241,,1.1061137750945342,0.0,3.0542103364636266,0.0006906056921009984,120.27295036070032,2.4054590072140063,0.0006906056921009984,16.983097474431965,16.983097474431965,0.0,hartmann_3,value,qnei,exact,none,0.0,0,50,10,c1f90e8f-40f7-4b08-913d-701482db59e8,True,0.01,2.0,11.468572799989488,3.0549009421557276,"x0,x1,x2",3,0.2,0.5,,,,,,,
-0.8067195865469551,0.30512280635741795,-0.6925252812540241,,1.1061137750945342,0.0,2.966785286686973,0.08811565546875455,86.63925230410484,1.7327850460820968,0.2270119041801637,22.670449692732717,30.7337312533454,0.0,hartmann_3,value,qnei,exact,gaussian,1.0,0,50,10,2273dff7-a4ee-45fb-9968-9212e93ee923,False,0.01,2.0,13.653179800021462,3.0549009421557276,"x0,x1,x2",3,1.0,1.0,,,,,,,
-0.8067195865469551,0.30512280635741795,-0.6925252812540241,,1.1061137750945342,0.0,1.7844655405850622,1.2704354015706654,168.59611511294256,3.371922302258851,3.7851115529562507,68.19144816389064,166.2268168416011,0.0,hartmann_3,value,qnei,exact,gaussian,5.0,0,50,10,c7fe58cb-c07e-4010-972d-bb956b959b82,False,0.01,2.0,13.365119899972342,3.0549009421557276,"x0,x1,x2",3,5.0,5.0,,,,,,,
-0.4431970931924105,-0.07176220605864025,-0.1394084054933996,0.6924656012302587,0.836968810674568,0.0,2.153305282720616,0.0,73.11157675145539,1.4622315350291077,0.0,5.829743419713852,5.829743419713852,0.0,weber_fechner,value,logei,exact,none,0.0,0,50,10,0384e1b5-5692-4874-9d0a-57a23b0b92b3,True,0.01,2.0,15.982784099993296,2.153305282720616,"x0,x1,x2,x3",4,0.2,0.5,,,,,,,
-0.4431970931924105,-0.07176220605864025,-0.1394084054933996,0.6924656012302587,0.836968810674568,0.0,2.153305282720616,0.0,80.03727718109154,1.6007455436218307,1.1275791723813742,14.882293080986635,48.50480888373802,0.0,weber_fechner,value,logei,exact,gaussian,1.0,0,50,10,74f62e96-3839-4b72-ad61-81050af66ec6,False,0.01,2.0,12.625215700012632,2.153305282720616,"x0,x1,x2,x3",4,1.0,1.0,,,,,,,
-0.4431970931924105,-0.07176220605864025,-0.1394084054933996,0.6924656012302587,0.836968810674568,0.0,1.703328853039025,0.4499764296815909,97.55928885309616,1.9511857770619232,1.0589575585650075,30.35764499559506,86.79324733328774,0.0,weber_fechner,value,logei,exact,gaussian,5.0,0,50,10,67e1b158-8048-4f8c-bd52-8601e6520674,False,0.01,2.0,17.547372700006235,2.153305282720616,"x0,x1,x2,x3",4,5.0,5.0,,,,,,,
-0.4431970931924105,-0.07176220605864025,-0.1394084054933996,0.6924656012302587,0.836968810674568,0.0,2.153305282720616,0.0,71.45481862536842,1.4290963725073684,0.0,6.12724374005175,6.12724374005175,0.0,weber_fechner,value,qnei,exact,none,0.0,0,50,10,30fc8376-0f04-4d49-a480-f268417d6863,True,0.01,2.0,11.909024299995508,2.153305282720616,"x0,x1,x2,x3",4,0.2,0.5,,,,,,,
-0.4431970931924105,-0.07176220605864025,-0.1394084054933996,0.6924656012302587,0.836968810674568,0.0,2.000565939709754,0.1527393430108619,54.85738537420197,1.0971477074840394,0.5811657556767074,20.18050141853212,37.11865430955796,0.0,weber_fechner,value,qnei,exact,gaussian,1.0,0,50,10,c4939fb5-1b16-4134-88be-d06868fa4020,False,0.01,2.0,20.228987800015602,2.153305282720616,"x0,x1,x2,x3",4,1.0,1.0,,,,,,,
-0.4431970931924105,-0.07176220605864025,-0.1394084054933996,0.6924656012302587,0.836968810674568,0.0,2.153305282720616,0.0,154.02896149079427,3.0805792298158856,3.8810233726984706,28.375804464217342,153.11021008342084,0.0,weber_fechner,value,qnei,exact,gaussian,5.0,0,50,10,d34b096d-ae4b-4aba-88a2-86bfaf4d68fb,False,0.01,2.0,18.810523199965246,2.153305282720616,"x0,x1,x2,x3",4,5.0,5.0,,,,,,,
-0.4431970931924105,-0.07176220605864025,-0.1394084054933996,0.6924656012302587,0.836968810674568,0.0,1.7175746997911816,0.0,55.81442027524306,1.1162884055048612,0.0,5.837107454883961,5.837107454883961,0.0,power_law_practice,value,logei,exact,none,0.0,0,50,10,4d8e65b1-d23f-43ca-84b7-9a2fe89a3361,True,0.01,2.0,14.453818300040439,1.7175746997911816,"x0,x1,x2,x3",4,0.2,0.5,,,,,,,
-0.4431970931924105,-0.07176220605864025,-0.1394084054933996,0.6924656012302587,0.836968810674568,0.0,1.3797555328963054,0.33781916689487623,48.124333837686486,0.9624866767537297,1.021855292065805,27.517349227775597,49.12589971936709,0.0,power_law_practice,value,logei,exact,gaussian,1.0,0,50,10,0f115b95-191b-4927-8771-b41ecb775644,False,0.01,2.0,17.874400600034278,1.7175746997911816,"x0,x1,x2,x3",4,1.0,1.0,,,,,,,
-0.4431970931924105,-0.07176220605864025,-0.1394084054933996,0.6924656012302587,0.836968810674568,0.0,1.1618563605477907,0.5557183392433909,70.97788366710714,1.4195576733421427,0.7453321938721816,29.63638902806205,51.44430096902068,0.0,power_law_practice,value,logei,exact,gaussian,5.0,0,50,10,3f5ec1f1-e36b-4b86-bbfe-1ce40ccc2c81,False,0.01,2.0,17.039936899964232,1.7175746997911816,"x0,x1,x2,x3",4,5.0,5.0,,,,,,,
-0.4431970931924105,-0.07176220605864025,-0.1394084054933996,0.6924656012302587,0.836968810674568,0.0,1.7175746997911816,0.0,73.98333224395274,1.479666644879055,0.0,5.152894679878167,5.152894679878167,0.0,power_law_practice,value,qnei,exact,none,0.0,0,50,10,0964c230-dd5e-44ae-aea1-733aa26f6600,True,0.01,2.0,12.610104799969122,1.7175746997911816,"x0,x1,x2,x3",4,0.2,0.5,,,,,,,
-0.4431970931924105,-0.07176220605864025,-0.1394084054933996,0.6924656012302587,0.836968810674568,0.0,1.5686710773449148,0.14890362244626676,65.37472231218713,1.3074944462437426,0.3734483056091171,16.22231147711361,37.78065603676006,0.0,power_law_practice,value,qnei,exact,gaussian,1.0,0,50,10,b5dc59da-7a97-4d31-b938-20755f0ea7c2,False,0.01,2.0,14.961320200003684,1.7175746997911816,"x0,x1,x2,x3",4,1.0,1.0,,,,,,,
-0.4431970931924105,-0.07176220605864025,-0.1394084054933996,0.6924656012302587,0.836968810674568,0.0,1.7032634368923212,0.014311262898860422,97.10074026645911,1.9420148053291824,0.17740835043451675,12.279042744305025,72.91966772897078,0.0,power_law_practice,value,qnei,exact,gaussian,5.0,0,50,10,4b6b5614-dc4e-4f75-805e-4c323444e584,False,0.01,2.0,18.197185099998023,1.7175746997911816,"x0,x1,x2,x3",4,5.0,5.0,,,,,,,
-12.355727943147986,7.361574757307334,-1.502860411321075,13.556436278855504,31.125862049461226,0.0,2.352550617761304,0.2719297140173085,82.01592922170866,1.6403185844341732,0.2719297140173085,49.943876935820334,49.943876935820334,0.0,levy_10,value,logei,exact,none,0.0,0,50,10,eb19518a-9d5d-4ea8-bd9b-8ae1b03c8984,True,0.01,2.0,51.38405429996783,2.6244803317786123,"x0,x1,x2,x3,x4,x5,x6,x7,x8,x9,x10",11,0.2,0.5,8.41267708830033,0.18150181831441348,1.1308746252561264,-14.047926608889131,9.620395174159006,-14.616231395576778,0.5581368704161598
-12.355727943147986,7.361574757307334,-1.502860411321075,13.556436278855504,31.125862049461226,0.0,2.2462190290252355,0.37826130275337677,75.28427671260599,1.5056855342521198,0.7332383844001049,49.744351553387986,61.85701872454886,0.0,levy_10,value,logei,exact,gaussian,1.0,0,50,10,66596f79-80be-475d-bbd7-4589ce4451b5,False,0.01,2.0,40.709305400028825,2.6244803317786123,"x0,x1,x2,x3,x4,x5,x6,x7,x8,x9,x10",11,1.0,1.0,8.41267708830033,0.18150181831441348,1.1308746252561264,-14.047926608889131,9.620395174159006,-14.616231395576778,0.5581368704161598
-12.355727943147986,7.361574757307334,-1.502860411321075,13.556436278855504,31.125862049461226,0.0,1.9508681901499563,0.673612141628656,222.10080784062225,4.442016156812445,4.180170726559698,66.81538020337963,196.65534826731977,0.0,levy_10,value,logei,exact,gaussian,5.0,0,50,10,4554175e-542a-4ab6-91e8-63004c2fd0a1,False,0.01,2.0,35.847758700023405,2.6244803317786123,"x0,x1,x2,x3,x4,x5,x6,x7,x8,x9,x10",11,5.0,5.0,8.41267708830033,0.18150181831441348,1.1308746252561264,-14.047926608889131,9.620395174159006,-14.616231395576778,0.5581368704161598
-12.355727943147986,7.361574757307334,-1.502860411321075,13.556436278855504,31.125862049461226,0.0,2.303107810208249,0.3213725215703631,76.38510090015536,1.5277020180031073,0.3213725215703631,43.79301982025928,43.79301982025928,0.0,levy_10,value,qnei,exact,none,0.0,0,50,10,327026d7-eab3-4298-b522-4fdb42f05a9a,True,0.01,2.0,45.276740000001155,2.6244803317786123,"x0,x1,x2,x3,x4,x5,x6,x7,x8,x9,x10",11,0.2,0.5,8.41267708830033,0.18150181831441348,1.1308746252561264,-14.047926608889131,9.620395174159006,-14.616231395576778,0.5581368704161598
-12.355727943147986,7.361574757307334,-1.502860411321075,13.556436278855504,31.125862049461226,0.0,2.0240880157374246,0.6003923160411877,111.2277904765307,2.224555809530614,1.1991195038756306,44.02586907229887,79.82964201363538,0.0,levy_10,value,qnei,exact,gaussian,1.0,0,50,10,e62c1789-4948-4677-9b8c-6ddfcd0a18e7,False,0.01,2.0,46.9498295999947,2.6244803317786123,"x0,x1,x2,x3,x4,x5,x6,x7,x8,x9,x10",11,1.0,1.0,8.41267708830033,0.18150181831441348,1.1308746252561264,-14.047926608889131,9.620395174159006,-14.616231395576778,0.5581368704161598
-12.355727943147986,7.361574757307334,-1.502860411321075,13.556436278855504,31.125862049461226,0.0,1.7473680909233527,0.8771122408552596,201.3880253639707,4.027760507279414,2.8517271745583175,100.0116148467019,149.54531671154646,0.0,levy_10,value,qnei,exact,gaussian,5.0,0,50,10,e3c82884-f08b-4cf4-b475-8899f77e3c87,False,0.01,2.0,45.13808990002144,2.6244803317786123,"x0,x1,x2,x3,x4,x5,x6,x7,x8,x9,x10",11,5.0,5.0,8.41267708830033,0.18150181831441348,1.1308746252561264,-14.047926608889131,9.620395174159006,-14.616231395576778,0.5581368704161598
-0.4431970931924105,-0.07176220605864025,-0.1394084054933996,0.6924656012302587,0.836968810674568,0.0,1.2903746341618754,5.436371486311486e-07,17.529666919114515,0.3505933383822903,5.436371486311486e-07,1.4916200189364353,1.4916200189364353,0.0,steering_law,value,logei,exact,none,0.0,0,50,10,9698f8cc-7ccd-4b6a-9e1a-226f2c19e9de,True,0.01,2.0,17.35855669999728,1.290375177799024,"x0,x1,x2,x3",4,0.2,0.5,,,,,,,
-0.4431970931924105,-0.07176220605864025,-0.1394084054933996,0.6924656012302587,0.836968810674568,0.0,1.2847564390246675,0.00561873877435648,23.517812225811383,0.47035624451622765,0.23844682569101128,2.7464352116092114,10.14843538380514,0.0,steering_law,value,logei,exact,gaussian,1.0,0,50,10,516ea345-bae3-42e9-9352-0324bc4c7fe1,False,0.01,2.0,13.709137700032443,1.290375177799024,"x0,x1,x2,x3",4,1.0,1.0,,,,,,,
-0.4431970931924105,-0.07176220605864025,-0.1394084054933996,0.6924656012302587,0.836968810674568,0.0,1.06111255305458,0.22926262474444403,62.688622759287945,1.253772455185759,0.9242144710204894,11.45178930294724,38.4981636503404,0.0,steering_law,value,logei,exact,gaussian,5.0,0,50,10,3ed4c692-1f77-4f92-aad0-b89b2c7334bb,False,0.01,2.0,21.72469150001416,1.290375177799024,"x0,x1,x2,x3",4,5.0,5.0,,,,,,,
-0.4431970931924105,-0.07176220605864025,-0.1394084054933996,0.6924656012302587,0.836968810674568,0.0,1.290211518927711,0.00016365887131297718,25.78263476345989,0.5156526952691978,0.00016365887131297718,1.5024132746141634,1.5024132746141634,0.0,steering_law,value,qnei,exact,none,0.0,0,50,10,623e581a-b85a-4804-b86d-ec9c33eda31c,True,0.01,2.0,17.923057199979667,1.290375177799024,"x0,x1,x2,x3",4,0.2,0.5,,,,,,,
-0.4431970931924105,-0.07176220605864025,-0.1394084054933996,0.6924656012302587,0.836968810674568,0.0,1.2903742651178367,9.126811872928187e-07,27.025166131871526,0.5405033226374305,0.001717488189175942,2.568499361499187,16.461706135847177,0.0,steering_law,value,qnei,exact,gaussian,1.0,0,50,10,80ebb1fb-6eea-4650-a604-86d759073497,False,0.01,2.0,16.21945010003401,1.290375177799024,"x0,x1,x2,x3",4,1.0,1.0,,,,,,,
-0.4431970931924105,-0.07176220605864025,-0.1394084054933996,0.6924656012302587,0.836968810674568,0.0,1.284788006965783,0.005587170833240895,45.10392358391911,0.9020784716783823,1.229390122794377,6.818142933720739,46.634435119187465,0.0,steering_law,value,qnei,exact,gaussian,5.0,0,50,10,9ace04f5-1a24-4dbc-9eaa-315c3e9b9809,False,0.01,2.0,16.420532600022852,1.290375177799024,"x0,x1,x2,x3",4,5.0,5.0,,,,,,,
-0.4431970931924105,-0.07176220605864025,-0.1394084054933996,0.6924656012302587,0.836968810674568,0.0,2.259721779718369,0.6977780018635484,90.03891825038104,1.8007783650076208,0.6977780018635484,44.812263665056726,44.812263665056726,0.0,moving_peaks,value,logei,exact,none,0.0,0,50,10,9192558c-64a8-4916-bd1d-9dde24790741,True,0.01,2.0,17.237482400028966,2.9574997815819173,"x0,x1,x2,x3",4,0.2,0.5,,,,,,,
-0.4431970931924105,-0.07176220605864025,-0.1394084054933996,0.6924656012302587,0.836968810674568,0.0,1.5216633217195823,1.435836459862335,149.9292107640435,2.9985842152808697,2.0191823423396853,71.34635898586278,136.04454638012638,0.0,moving_peaks,value,logei,exact,gaussian,1.0,0,50,10,3f470f68-9fbf-48e9-a9a4-9afc27d6d922,False,0.01,2.0,21.821706199960317,2.9574997815819173,"x0,x1,x2,x3",4,1.0,1.0,,,,,,,
-0.4431970931924105,-0.07176220605864025,-0.1394084054933996,0.6924656012302587,0.836968810674568,0.0,2.018980061423826,0.9385197201580913,126.42135074191773,2.5284270148383547,1.9672316356344361,65.54009254624232,105.48294295721442,0.0,moving_peaks,value,logei,exact,gaussian,5.0,0,50,10,1eec2b0b-2b00-47e5-8187-c54ef312fc49,False,0.01,2.0,19.246324500010815,2.9574997815819173,"x0,x1,x2,x3",4,5.0,5.0,,,,,,,
-0.4431970931924105,-0.07176220605864025,-0.1394084054933996,0.6924656012302587,0.836968810674568,0.0,2.349819200019766,0.6076805815621511,99.83752944583337,1.9967505889166675,0.6076805815621511,46.60045565446171,46.60045565446171,0.0,moving_peaks,value,qnei,exact,none,0.0,0,50,10,8643c5c0-1930-4b30-99d8-0ce7c6c37ede,True,0.01,2.0,16.91107039997587,2.9574997815819173,"x0,x1,x2,x3",4,0.2,0.5,,,,,,,
-0.4431970931924105,-0.07176220605864025,-0.1394084054933996,0.6924656012302587,0.836968810674568,0.0,2.549048598239815,0.4084511833421023,101.39634184424538,2.0279268368849075,1.3016167936975114,43.286320748802375,64.34065590867105,0.0,moving_peaks,value,qnei,exact,gaussian,1.0,0,50,10,384e5468-ea90-4362-9c9b-d364f00e8bd9,False,0.01,2.0,20.50244270003168,2.9574997815819173,"x0,x1,x2,x3",4,1.0,1.0,,,,,,,
-0.4431970931924105,-0.07176220605864025,-0.1394084054933996,0.6924656012302587,0.836968810674568,0.0,1.5216633217195823,1.435836459862335,168.870488865099,3.3774097773019798,3.0147356797261966,71.34635898586278,161.52725281243693,0.0,moving_peaks,value,qnei,exact,gaussian,5.0,0,50,10,1f0f1442-324b-4bac-a7fa-896cccf4599b,False,0.01,2.0,16.880634900007863,2.9574997815819173,"x0,x1,x2,x3",4,5.0,5.0,,,,,,,
-69.77955193800335,-443.40469564898035,416.1961148021012,711.8335013093259,1096.3402760066645,0.0,2.741018637278131,0.012837178380839642,68.07452104583045,1.361490420916609,0.012837178380839642,15.23711733206227,15.23711733206227,0.0,griewank,value,logei,exact,none,0.0,0,50,11,32f1c707-8a24-4487-802e-251cbc611e6f,True,0.01,2.0,22.487904699984938,2.7538558156589708,"x0,x1,x2,x3,x4,x5",6,0.2,0.5,265.280446982802,-500.1852013885283,,,,,
-69.77955193800335,-443.40469564898035,416.1961148021012,711.8335013093259,1096.3402760066645,0.0,2.563894936638531,0.18996087902043968,41.84994509393923,0.8369989018787847,0.3109537432220706,25.883540702987318,31.31720672367441,0.0,griewank,value,logei,exact,gaussian,1.0,0,50,11,12b48681-fa5a-4891-910d-8d2d0a06b8d7,False,0.01,2.0,17.520290600019507,2.7538558156589708,"x0,x1,x2,x3,x4,x5",6,1.0,1.0,265.280446982802,-500.1852013885283,,,,,
-69.77955193800335,-443.40469564898035,416.1961148021012,711.8335013093259,1096.3402760066645,0.0,2.5286057906246784,0.22525002503429237,154.78910929935927,3.0957821859871855,1.7152466053109847,47.80656159951133,134.47275720880893,0.0,griewank,value,logei,exact,gaussian,5.0,0,50,11,6abb5368-9df5-4b20-8db6-9ac331a3c7fb,False,0.01,2.0,19.123711599968374,2.7538558156589708,"x0,x1,x2,x3,x4,x5",6,5.0,5.0,265.280446982802,-500.1852013885283,,,,,
-69.77955193800335,-443.40469564898035,416.1961148021012,711.8335013093259,1096.3402760066645,0.0,2.7267343180997985,0.02712149755917226,103.1539940532509,2.063079881065018,0.02712149755917226,17.036601989952146,17.036601989952146,0.0,griewank,value,qnei,exact,none,0.0,0,50,11,abf7827f-9cd3-44bd-aff3-ef2a9a006f7d,True,0.01,2.0,16.73027810000349,2.7538558156589708,"x0,x1,x2,x3,x4,x5",6,0.2,0.5,265.280446982802,-500.1852013885283,,,,,
-69.77955193800335,-443.40469564898035,416.1961148021012,711.8335013093259,1096.3402760066645,0.0,2.6654336882350376,0.08842212742393318,62.211633196636114,1.2442326639327224,0.08842212742393318,26.762355512726835,38.43198938400827,0.0,griewank,value,qnei,exact,gaussian,1.0,0,50,11,db1d71db-8911-4588-a77d-97676c81ea11,False,0.01,2.0,21.239714900031686,2.7538558156589708,"x0,x1,x2,x3,x4,x5",6,1.0,1.0,265.280446982802,-500.1852013885283,,,,,
-69.77955193800335,-443.40469564898035,416.1961148021012,711.8335013093259,1096.3402760066645,0.0,1.0870741342774026,1.6667816813815681,181.63667542278006,3.632733508455601,2.608258942337436,84.7357343849458,143.63234641992554,0.0,griewank,value,qnei,exact,gaussian,5.0,0,50,11,0dd02d08-e38b-4ca8-a342-98b1c50c9d2d,False,0.01,2.0,22.99358559999382,2.7538558156589708,"x0,x1,x2,x3,x4,x5",6,5.0,5.0,265.280446982802,-500.1852013885283,,,,,
-0.05814962661500278,-0.369503913040817,0.3468300956684176,0.5931945844244383,0.9136168966722203,0.0,7.919294039085956,0.04786992420598146,194.87154118597005,3.897430823719401,0.04786992420598146,80.73586686584336,80.73586686584336,0.0,hartmann_6,value,logei,exact,none,0.0,0,50,11,d1f9bad4-26b3-4f28-958c-57a6d0f9b674,True,0.01,2.0,23.993286299984902,7.967163963291937,"x0,x1,x2,x3,x4,x5",6,0.2,0.5,0.22106703915233505,-0.41682100115710685,,,,,
-0.05814962661500278,-0.369503913040817,0.3468300956684176,0.5931945844244383,0.9136168966722203,0.0,3.0917457705761815,4.875418192715756,313.0704178212226,6.261408356424451,5.9453369396222975,258.58287608470465,289.28893540959837,0.0,hartmann_6,value,logei,exact,gaussian,1.0,0,50,11,fb2d6f23-8104-48c5-b53b-b8cc3e06ff6a,False,0.01,2.0,19.33971810003277,7.967163963291937,"x0,x1,x2,x3,x4,x5",6,1.0,1.0,0.22106703915233505,-0.41682100115710685,,,,,
-0.05814962661500278,-0.369503913040817,0.3468300956684176,0.5931945844244383,0.9136168966722203,0.0,3.1782562890301276,4.788907674261809,370.57608996409533,7.411521799281907,8.576954017860876,244.69399651045697,362.66117390444435,0.0,hartmann_6,value,logei,exact,gaussian,5.0,0,50,11,1d5c3d88-e0ca-4982-a70a-accb0f16a14d,False,0.01,2.0,18.38709089998156,7.967163963291937,"x0,x1,x2,x3,x4,x5",6,5.0,5.0,0.22106703915233505,-0.41682100115710685,,,,,
-0.05814962661500278,-0.369503913040817,0.3468300956684176,0.5931945844244383,0.9136168966722203,0.0,7.932259718770245,0.03490424452169183,235.49668456429464,4.709933691285893,0.03490424452169183,79.89017769318389,79.89017769318389,0.0,hartmann_6,value,qnei,exact,none,0.0,0,50,11,478a6716-44d0-4438-a5ae-c4404bd43c70,True,0.01,2.0,23.614199900010135,7.967163963291937,"x0,x1,x2,x3,x4,x5",6,0.2,0.5,0.22106703915233505,-0.41682100115710685,,,,,
-0.05814962661500278,-0.369503913040817,0.3468300956684176,0.5931945844244383,0.9136168966722203,0.0,7.359413850498956,0.6077501127929814,171.20647266034075,3.424129453206815,1.469003353403119,84.28688404659759,105.22519097634031,0.0,hartmann_6,value,qnei,exact,gaussian,1.0,0,50,11,977437db-c4e6-4c0a-9988-ac7e88d5377f,False,0.01,2.0,25.972703199950047,7.967163963291937,"x0,x1,x2,x3,x4,x5",6,1.0,1.0,0.22106703915233505,-0.41682100115710685,,,,,
-0.05814962661500278,-0.369503913040817,0.3468300956684176,0.5931945844244383,0.9136168966722203,0.0,1.571302229950474,6.395861733341463,423.7296379310311,8.474592758620622,8.640413384767822,313.3972249337317,419.0344688698164,0.0,hartmann_6,value,qnei,exact,gaussian,5.0,0,50,11,f010bbfd-bc0a-4aa2-a849-e2762966fac9,False,0.01,2.0,23.049889500020072,7.967163963291937,"x0,x1,x2,x3,x4,x5",6,5.0,5.0,0.22106703915233505,-0.41682100115710685,,,,,
0.17420293627430716,3.86039844468229,-4.779700033222446,0.909764469246181,6.213390910911808,0.0,0.7621983062921657,0.0020255771662941457,15.1777074447082,0.303554148894164,0.0020255771662941457,0.668491527137288,0.668491527137288,0.0,powell,value,logei,exact,none,0.0,0,50,11,112a145f-6e67-4d87-9aec-1677ad4ab5bc,True,0.01,2.0,12.417375299963169,0.7642238834584598,"x0,x1,x2,x3",4,0.2,0.5,,,,,,,
0.17420293627430716,3.86039844468229,-4.779700033222446,0.909764469246181,6.213390910911808,0.0,0.7540000492756544,0.01022383418280537,23.97618698814442,0.4795237397628884,0.22643142959929463,0.5535742246980506,5.935107329012298,0.0,powell,value,logei,exact,gaussian,1.0,0,50,11,28066025-571e-48fe-b54d-0947798db4b4,False,0.01,2.0,15.376364600029774,0.7642238834584598,"x0,x1,x2,x3",4,1.0,1.0,,,,,,,
0.17420293627430716,3.86039844468229,-4.779700033222446,0.909764469246181,6.213390910911808,0.0,0.7535124726531053,0.010711410805354538,76.30350319913154,1.5260700639826308,0.25385802061089846,0.5868055032487836,3.9811664024066507,0.0,powell,value,logei,exact,gaussian,5.0,0,50,11,6502bd96-2c7e-491d-b041-ac73df7ac520,False,0.01,2.0,13.639218700001948,0.7642238834584598,"x0,x1,x2,x3",4,5.0,5.0,,,,,,,
0.17420293627430716,3.86039844468229,-4.779700033222446,0.909764469246181,6.213390910911808,0.0,0.7620971014819315,0.002126781976528269,26.37930417197445,0.527586083439489,0.002126781976528269,0.4097783272152921,0.4097783272152921,0.0,powell,value,qnei,exact,none,0.0,0,50,11,8e1c7929-7685-4258-a8a5-b897b36564bc,True,0.01,2.0,16.427141699998174,0.7642238834584598,"x0,x1,x2,x3",4,0.2,0.5,,,,,,,
0.17420293627430716,3.86039844468229,-4.779700033222446,0.909764469246181,6.213390910911808,0.0,0.7580054342389645,0.006218449219495326,29.966786835792373,0.5993357367158475,0.3069663949632637,0.3716371144197017,10.153201802667132,0.0,powell,value,qnei,exact,gaussian,1.0,0,50,11,cfca9128-b565-4926-b33d-a583a06c41df,False,0.01,2.0,15.651019599987194,0.7642238834584598,"x0,x1,x2,x3",4,1.0,1.0,,,,,,,
0.17420293627430716,3.86039844468229,-4.779700033222446,0.909764469246181,6.213390910911808,0.0,0.7469918017282199,0.017232081730239934,71.05000489424526,1.4210000978849053,1.584968593470045,0.8443720047817568,54.32133571284245,0.0,powell,value,qnei,exact,gaussian,5.0,0,50,11,7fdce092-9e55-4ab8-ac8e-bd0a63596cb4,False,0.01,2.0,14.659632800030522,0.7642238834584598,"x0,x1,x2,x3",4,5.0,5.0,,,,,,,
19.3558818082563,428.93316052025455,-531.0777814691606,101.08494102735341,690.3767678790898,0.0,3.0949693487042116,1.2334210230746403,153.58830763367902,3.0717661526735807,1.2334210230746403,85.8722838782452,85.8722838782452,0.0,schwefel,value,logei,exact,none,0.0,0,50,11,0023c05f-7fef-4569-8249-add2273c23d5,True,0.01,2.0,15.442045700037852,4.328390371778852,"x0,x1,x2,x3",4,0.2,0.5,,,,,,,
19.3558818082563,428.93316052025455,-531.0777814691606,101.08494102735341,690.3767678790898,0.0,1.7767868584360194,2.5516035133428323,182.95677854199195,3.659135570839839,2.5762264719874555,144.9656196814663,153.80770676226405,0.0,schwefel,value,logei,exact,gaussian,1.0,0,50,11,7458345a-0a91-4dcc-919c-9e196c4267ba,False,0.01,2.0,16.278034700022545,4.328390371778852,"x0,x1,x2,x3",4,1.0,1.0,,,,,,,
19.3558818082563,428.93316052025455,-531.0777814691606,101.08494102735341,690.3767678790898,0.0,1.3886651336179652,2.9397252381608867,228.705573054464,4.57411146108928,4.217698993460383,156.07061353090936,228.87320158886516,0.0,schwefel,value,logei,exact,gaussian,5.0,0,50,11,ba5040f9-42ec-4064-873d-62f517091067,False,0.01,2.0,16.470925000030547,4.328390371778852,"x0,x1,x2,x3",4,5.0,5.0,,,,,,,
19.3558818082563,428.93316052025455,-531.0777814691606,101.08494102735341,690.3767678790898,0.0,2.9425515038328887,1.3858388679459632,171.81731540052195,3.436346308010439,1.3858388679459632,106.70245667211329,106.70245667211329,0.0,schwefel,value,qnei,exact,none,0.0,0,50,11,96441dfa-b3a6-4dc2-83c9-dbace0268917,True,0.01,2.0,18.076587499992456,4.328390371778852,"x0,x1,x2,x3",4,0.2,0.5,,,,,,,
19.3558818082563,428.93316052025455,-531.0777814691606,101.08494102735341,690.3767678790898,0.0,2.8141717064528797,1.5142186653259722,197.95360126834115,3.959072025366823,1.8663335077126408,131.16690978643894,146.57551657308514,0.0,schwefel,value,qnei,exact,gaussian,1.0,0,50,11,d85c718d-1ed5-4bf4-9099-a02066dce4e1,False,0.01,2.0,15.74102810001932,4.328390371778852,"x0,x1,x2,x3",4,1.0,1.0,,,,,,,
19.3558818082563,428.93316052025455,-531.0777814691606,101.08494102735341,690.3767678790898,0.0,1.5945035003209749,2.733886871457877,225.33162507740377,4.506632501548076,4.0685413772938785,161.60808433614952,197.482378687001,0.0,schwefel,value,qnei,exact,gaussian,5.0,0,50,11,affeaec0-6b8d-4a16-8795-a31b758de3da,False,0.01,2.0,16.083737599954475,4.328390371778852,"x0,x1,x2,x3",4,5.0,5.0,,,,,,,
1.268507070185887,28.110563607855404,-34.804713486362914,6.6247026951686365,45.244531859724034,0.0,14.527721897906344,5.574725255947088,775.764506804708,15.51529013609416,5.574725255947088,713.592203524894,713.592203524894,0.0,ackley,value,logei,exact,none,0.0,0,50,11,518ee463-ea4f-44bb-846d-9c94c5f2eaa4,True,0.01,2.0,15.692278700007591,20.102447153853433,"x0,x1,x2,x3",4,0.2,0.5,,,,,,,
1.268507070185887,28.110563607855404,-34.804713486362914,6.6247026951686365,45.244531859724034,0.0,5.725194627359696,14.377252526493738,932.1253749232287,18.642507498464575,14.377252526493738,873.8566173157504,902.1563416807193,0.0,ackley,value,logei,exact,gaussian,1.0,0,50,11,a0cedcb4-aec9-4734-b13f-7e7ffa323bc2,False,0.01,2.0,15.659084899991285,20.102447153853433,"x0,x1,x2,x3",4,1.0,1.0,,,,,,,
1.268507070185887,28.110563607855404,-34.804713486362914,6.6247026951686365,45.244531859724034,0.0,1.2897487109322534,18.812698442921178,1027.1172834115139,20.54234566823028,20.359659213705378,926.3479116821597,1003.8083528609018,0.0,ackley,value,logei,exact,gaussian,5.0,0,50,11,885ee879-7bd3-4702-98dd-a40929cb9550,False,0.01,2.0,15.763611499976832,20.102447153853433,"x0,x1,x2,x3",4,5.0,5.0,,,,,,,
1.268507070185887,28.110563607855404,-34.804713486362914,6.6247026951686365,45.244531859724034,0.0,15.96900962426362,4.133437529589813,774.5671523618033,15.491343047236066,4.133437529589813,538.6664790055886,538.6664790055886,0.0,ackley,value,qnei,exact,none,0.0,0,50,11,d32ae7d0-3686-4f91-9386-1a77ef2bf942,True,0.01,2.0,17.210631099995226,20.102447153853433,"x0,x1,x2,x3",4,0.2,0.5,,,,,,,
1.268507070185887,28.110563607855404,-34.804713486362914,6.6247026951686365,45.244531859724034,0.0,13.444944863695028,6.657502290158405,785.7407055816416,15.714814111632831,6.657502290158405,570.4884368963499,574.7917447037053,0.0,ackley,value,qnei,exact,gaussian,1.0,0,50,11,42159929-e7a6-4211-b188-75d7fdc53352,False,0.01,2.0,19.666310100001283,20.102447153853433,"x0,x1,x2,x3",4,1.0,1.0,,,,,,,
1.268507070185887,28.110563607855404,-34.804713486362914,6.6247026951686365,45.244531859724034,0.0,1.2897487109322534,18.812698442921178,1031.3984376570859,20.62796875314172,20.72974471805141,926.3479116821597,1009.9858520644176,0.0,ackley,value,qnei,exact,gaussian,5.0,0,50,11,552e48a4-9910-48cc-aa9f-9960d99bef22,False,0.01,2.0,15.830819699971471,20.102447153853433,"x0,x1,x2,x3",4,5.0,5.0,,,,,,,
0.19820422971654494,4.392275563727407,-5.438236482244204,1.0351097961200995,7.06945810308188,0.0,2.6163010911088973,1.0226379823291545,126.67350112617935,2.533470022523587,1.0226379823291545,81.24129446529683,81.24129446529683,0.0,rastrigin,value,logei,exact,none,0.0,0,50,11,89525861-c891-4d65-a0a3-48c233a527ff,True,0.01,2.0,12.623040800041053,3.638939073438052,"x0,x1,x2,x3",4,0.2,0.5,,,,,,,
0.19820422971654494,4.392275563727407,-5.438236482244204,1.0351097961200995,7.06945810308188,0.0,2.2700208003305833,1.3689182731074685,153.1084714192465,3.06216942838493,2.872418390134059,77.10848169153527,116.3763394761442,0.0,rastrigin,value,logei,exact,gaussian,1.0,0,50,11,6d4b35fa-d274-458c-ae0e-25e6cd924e2e,False,0.01,2.0,14.429572699998971,3.638939073438052,"x0,x1,x2,x3",4,1.0,1.0,,,,,,,
0.19820422971654494,4.392275563727407,-5.438236482244204,1.0351097961200995,7.06945810308188,0.0,1.5816209424354093,2.0573181310026425,186.4793034244332,3.729586068488664,3.8143126214507386,115.28156862517194,151.21911141348315,0.0,rastrigin,value,logei,exact,gaussian,5.0,0,50,11,96889d24-ff2a-4c25-93c0-b52952f5b3e3,False,0.01,2.0,16.682735199981835,3.638939073438052,"x0,x1,x2,x3",4,5.0,5.0,,,,,,,
0.19820422971654494,4.392275563727407,-5.438236482244204,1.0351097961200995,7.06945810308188,0.0,3.0163386318710654,0.6226004415669864,153.76231934723106,3.075246386944621,0.6226004415669864,74.58709419415743,74.58709419415743,0.0,rastrigin,value,qnei,exact,none,0.0,0,50,11,2352b4f4-34ce-49a4-94a4-2e7270dacb1f,True,0.01,2.0,14.9931761000189,3.638939073438052,"x0,x1,x2,x3",4,0.2,0.5,,,,,,,
0.19820422971654494,4.392275563727407,-5.438236482244204,1.0351097961200995,7.06945810308188,0.0,3.061980410748295,0.5769586626897567,161.64412114483952,3.2328824228967905,2.7079423191261562,49.81888258143294,122.58927990790677,0.0,rastrigin,value,qnei,exact,gaussian,1.0,0,50,11,14dbd765-4cc1-41fc-b3b0-1678255fdc04,False,0.01,2.0,14.858473200001754,3.638939073438052,"x0,x1,x2,x3",4,1.0,1.0,,,,,,,
0.19820422971654494,4.392275563727407,-5.438236482244204,1.0351097961200995,7.06945810308188,0.0,1.122161253354696,2.5167778200833557,223.64053302825465,4.472810660565093,5.681691046607606,123.32211318408443,239.57159933445323,0.0,rastrigin,value,qnei,exact,gaussian,5.0,0,50,11,10c02a7f-10f1-406f-a09f-d305e22827ef,False,0.01,2.0,16.6589554999955,3.638939073438052,"x0,x1,x2,x3",4,5.0,5.0,,,,,,,
0.2903382271238444,6.433997407803819,-7.966166722037409,1.5162741154103019,10.355651518186347,0.0,1.0249757342610861,0.0006475163103376591,17.21090239202579,0.3442180478405158,0.0006475163103376591,1.1286845131761505,1.1286845131761505,0.0,rosenbrock,value,logei,exact,none,0.0,0,50,11,bb294120-6336-42d5-beae-3c209843b1b5,True,0.01,2.0,15.791333400004078,1.0256232505714238,"x0,x1,x2,x3",4,0.2,0.5,,,,,,,
0.2903382271238444,6.433997407803819,-7.966166722037409,1.5162741154103019,10.355651518186347,0.0,1.0218037689187596,0.003819481652664214,14.948473264359151,0.29896946528718304,0.015677696052259327,1.2396314793165397,2.506577097307611,0.0,rosenbrock,value,logei,exact,gaussian,1.0,0,50,11,32226925-aecc-49c4-b23b-3e68c3fb03e2,False,0.01,2.0,12.49183539999649,1.0256232505714238,"x0,x1,x2,x3",4,1.0,1.0,,,,,,,
0.2903382271238444,6.433997407803819,-7.966166722037409,1.5162741154103019,10.355651518186347,0.0,0.9965639828147824,0.02905926775664136,43.99643261259918,0.8799286522519836,1.5035846015875136,2.167700026952924,35.75475567155143,0.0,rosenbrock,value,logei,exact,gaussian,5.0,0,50,11,713e4ee0-a28d-4109-8d33-f37cede47d96,False,0.01,2.0,16.43336389999604,1.0256232505714238,"x0,x1,x2,x3",4,5.0,5.0,,,,,,,
0.2903382271238444,6.433997407803819,-7.966166722037409,1.5162741154103019,10.355651518186347,0.0,1.0229548426008188,0.002668407970604969,29.57619239132548,0.5915238478265096,0.002668407970604969,1.6982974361277132,1.6982974361277132,0.0,rosenbrock,value,qnei,exact,none,0.0,0,50,11,a17cce4a-968b-4f66-9e74-62ac525ee388,True,0.01,2.0,17.43144089996349,1.0256232505714238,"x0,x1,x2,x3",4,0.2,0.5,,,,,,,
0.2903382271238444,6.433997407803819,-7.966166722037409,1.5162741154103019,10.355651518186347,0.0,1.01139927777342,0.014223972798003803,25.599890743201733,0.5119978148640346,0.06392775598800482,1.374642304863207,4.467927350109121,0.0,rosenbrock,value,qnei,exact,gaussian,1.0,0,50,11,dcecd8e5-916b-416f-a2f3-02793efab334,False,0.01,2.0,16.855273899971507,1.0256232505714238,"x0,x1,x2,x3",4,1.0,1.0,,,,,,,
0.2903382271238444,6.433997407803819,-7.966166722037409,1.5162741154103019,10.355651518186347,0.0,1.0247448049474748,0.000878445623949009,94.53597897624793,1.8907195795249587,0.005913552453026494,2.4262645795584796,66.58854366114448,0.0,rosenbrock,value,qnei,exact,gaussian,5.0,0,50,11,9fe30e0d-8aac-482b-bb38-49864934242a,False,0.01,2.0,18.343711199995596,1.0256232505714238,"x0,x1,x2,x3",4,5.0,5.0,,,,,,,
2.512145726223096,-1.347294900034295,-1.481965935395698,2.8891325241115347,4.57017014560389,0.0,7.292391837908819,0.7553293287801592,236.4820544055341,4.729641088110681,0.7553293287801592,168.57442584398157,168.57442584398157,0.0,michalewicz,value,logei,exact,none,0.0,0,50,11,63dc6f2e-bcbf-49fe-bedd-c0e32ca47c0b,True,0.01,2.0,29.017656600044575,8.047721166688978,"x0,x1,x2,x3,x4",5,0.2,0.5,1.4889814259343046,,,,,,
2.512145726223096,-1.347294900034295,-1.481965935395698,2.8891325241115347,4.57017014560389,0.0,2.2058134617411165,5.841907704947862,362.7081237519982,7.254162475039964,5.908948550827115,309.4539768092888,329.0524280163143,0.0,michalewicz,value,logei,exact,gaussian,1.0,0,50,11,eddd7a65-ea55-4619-8d11-b8dfb495afde,False,0.01,2.0,25.4676662000129,8.047721166688978,"x0,x1,x2,x3,x4",5,1.0,1.0,1.4889814259343046,,,,,,
2.512145726223096,-1.347294900034295,-1.481965935395698,2.8891325241115347,4.57017014560389,0.0,2.3931802052862827,5.654540961402695,370.5983909395326,7.411967818790652,6.698929755573325,311.6459634059972,343.5029580504664,0.0,michalewicz,value,logei,exact,gaussian,5.0,0,50,11,4746cff4-eef2-40c9-b68c-36fcde92f2fa,False,0.01,2.0,23.81601829995634,8.047721166688978,"x0,x1,x2,x3,x4",5,5.0,5.0,1.4889814259343046,,,,,,
2.512145726223096,-1.347294900034295,-1.481965935395698,2.8891325241115347,4.57017014560389,0.0,4.918243857870659,3.129477308818319,292.9168409942124,5.858336819884248,3.129477308818319,189.12453702283204,189.12453702283204,0.0,michalewicz,value,qnei,exact,none,0.0,0,50,11,490da2c6-4452-47a0-b12a-3ee05ff45500,True,0.01,2.0,27.607867199985776,8.047721166688978,"x0,x1,x2,x3,x4",5,0.2,0.5,1.4889814259343046,,,,,,
2.512145726223096,-1.347294900034295,-1.481965935395698,2.8891325241115347,4.57017014560389,0.0,5.285040243955641,2.7626809227333373,319.0194017600342,6.380388035200684,2.7626809227333373,225.62946090184633,230.30125434045996,0.0,michalewicz,value,qnei,exact,gaussian,1.0,0,50,11,4763d670-ce93-484c-a498-f95607465ca5,False,0.01,2.0,26.98429400002351,8.047721166688978,"x0,x1,x2,x3,x4",5,1.0,1.0,1.4889814259343046,,,,,,
2.512145726223096,-1.347294900034295,-1.481965935395698,2.8891325241115347,4.57017014560389,0.0,3.4632464293297702,4.5844747373592085,374.11863157832903,7.48237263156658,7.270162200696427,236.7271989101784,356.93270854279365,0.0,michalewicz,value,qnei,exact,gaussian,5.0,0,50,11,6b8f1d1e-aaeb-4f6f-bb8f-9d7abc2b123d,False,0.01,2.0,25.842706099967472,8.047721166688978,"x0,x1,x2,x3,x4",5,5.0,5.0,1.4889814259343046,,,,,,
0.19355881808256314,4.289331605202546,-5.3107778146916065,1.0108494102735344,6.903767678790898,0.0,13.46897243502536,43.30510160299302,2578.922063418061,51.57844126836122,43.30510160299302,2330.5988814096117,2330.5988814096117,0.0,shekel,value,logei,exact,none,0.0,0,50,11,d17c68b4-828a-44ad-90d0-cd1f5e276265,True,0.01,2.0,16.31860639998922,56.774074038018384,"x0,x1,x2,x3",4,0.2,0.5,,,,,,,
0.19355881808256314,4.289331605202546,-5.3107778146916065,1.0108494102735344,6.903767678790898,0.0,11.172960241471198,45.60111379654718,2648.0466580905777,52.96093316181155,46.916200685873534,2513.7304080325366,2526.5383869577304,0.0,shekel,value,logei,exact,gaussian,1.0,0,50,11,8d4f7d84-ae2a-4622-a64b-e30e5ba179c6,False,0.01,2.0,15.560073199972976,56.774074038018384,"x0,x1,x2,x3",4,1.0,1.0,,,,,,,
0.19355881808256314,4.289331605202546,-5.3107778146916065,1.0108494102735344,6.903767678790898,0.0,1.196970232133873,55.57710380588451,2870.3207472260356,57.40641494452071,57.28057116836873,2728.7219931156187,2808.4772637773317,0.0,shekel,value,logei,exact,gaussian,5.0,0,50,11,9b6b092c-f4c7-4600-9c1a-e8ec70a741d1,False,0.01,2.0,14.774591399997007,56.774074038018384,"x0,x1,x2,x3",4,5.0,5.0,,,,,,,
0.19355881808256314,4.289331605202546,-5.3107778146916065,1.0108494102735344,6.903767678790898,0.0,30.155149846958818,26.618924191059566,2584.7671377973834,51.69534275594767,26.618924191059566,2269.772619340106,2269.772619340106,0.0,shekel,value,qnei,exact,none,0.0,0,50,11,757deb53-fe3a-482a-a02d-d1ec1b983355,True,0.01,2.0,19.00664350000443,56.774074038018384,"x0,x1,x2,x3",4,0.2,0.5,,,,,,,
0.19355881808256314,4.289331605202546,-5.3107778146916065,1.0108494102735344,6.903767678790898,0.0,23.039915089011963,33.73415894900642,2670.001569022024,53.40003138044048,33.73415894900642,2499.1353493862002,2509.977082927565,0.0,shekel,value,qnei,exact,gaussian,1.0,0,50,11,e24be1ee-add7-435e-b0d3-78ce848dfc58,False,0.01,2.0,20.526861200050917,56.774074038018384,"x0,x1,x2,x3",4,1.0,1.0,,,,,,,
0.19355881808256314,4.289331605202546,-5.3107778146916065,1.0108494102735344,6.903767678790898,0.0,1.196970232133873,55.57710380588451,2878.325870873509,57.56651741747018,57.8852702089426,2728.7219931156187,2824.7346140230998,0.0,shekel,value,qnei,exact,gaussian,5.0,0,50,11,36f1a88c-ae63-42fa-9ab5-74721cc33bb2,False,0.01,2.0,16.683857499971054,56.774074038018384,"x0,x1,x2,x3",4,5.0,5.0,,,,,,,
0.019355881808256314,0.42893316052025454,-0.5310777814691606,0.10108494102735344,0.6903767678790899,0.0,3.0593887562558817,0.0,52.40147938357044,1.0480295876714087,0.0,19.3685577343278,19.3685577343278,0.0,stevens,value,logei,exact,none,0.0,0,50,11,7770201b-2e06-411c-84bc-0f73bc537ddb,True,0.01,2.0,12.844008399988525,3.0593887562558817,"x0,x1,x2,x3",4,0.2,0.5,,,,,,,
0.019355881808256314,0.42893316052025454,-0.5310777814691606,0.10108494102735344,0.6903767678790899,0.0,2.6877303742767706,0.37165838197911105,45.89451758202333,0.9178903516404666,0.46067510175515114,35.458745254713705,39.07406704648468,0.0,stevens,value,logei,exact,gaussian,1.0,0,50,11,3748de62-0644-4c06-a6f9-2cf8a53fa32e,False,0.01,2.0,13.606285400048364,3.0593887562558817,"x0,x1,x2,x3",4,1.0,1.0,,,,,,,
0.019355881808256314,0.42893316052025454,-0.5310777814691606,0.10108494102735344,0.6903767678790899,0.0,2.1273800543263293,0.9320087019295524,196.63868653647975,3.932773730729595,3.6149966204563544,101.90139623878352,199.1225294203376,0.0,stevens,value,logei,exact,gaussian,5.0,0,50,11,7a530a15-4260-4885-9a9c-fee4667d4056,False,0.01,2.0,21.28690850001294,3.0593887562558817,"x0,x1,x2,x3",4,5.0,5.0,,,,,,,
0.019355881808256314,0.42893316052025454,-0.5310777814691606,0.10108494102735344,0.6903767678790899,0.0,3.0593887562558817,0.0,133.20024572838122,2.6640049145676246,0.0,18.94683574345284,18.94683574345284,0.0,stevens,value,qnei,exact,none,0.0,0,50,11,f6686be8-9913-4f4b-b603-3152e245284d,True,0.01,2.0,11.514531900000293,3.0593887562558817,"x0,x1,x2,x3",4,0.2,0.5,,,,,,,
0.019355881808256314,0.42893316052025454,-0.5310777814691606,0.10108494102735344,0.6903767678790899,0.0,3.0593887562558817,0.0,81.72064378805727,1.6344128757611456,0.7123193639477767,30.926410527093328,50.29456864547327,0.0,stevens,value,qnei,exact,gaussian,1.0,0,50,11,d218d15e-7fb8-48c2-b325-d4f9f91f90e3,False,0.01,2.0,13.922576799988747,3.0593887562558817,"x0,x1,x2,x3",4,1.0,1.0,,,,,,,
0.019355881808256314,0.42893316052025454,-0.5310777814691606,0.10108494102735344,0.6903767678790899,0.0,2.6292723260500006,0.4301164302058811,125.79150396479926,2.515830079295985,2.7605088536440543,48.67886507514205,108.60490379070175,0.0,stevens,value,qnei,exact,gaussian,5.0,0,50,11,6fff2cb6-1749-4f88-879a-064df3de50fb,False,0.01,2.0,16.756082400039304,3.0593887562558817,"x0,x1,x2,x3",4,5.0,5.0,,,,,,,
0.019355881808256314,0.42893316052025454,-0.5310777814691606,0.10108494102735344,0.6903767678790899,0.0,3.527373063158374,0.008039480628484696,107.5480796680554,2.150961593361108,0.008039480628484696,20.81053288543624,20.81053288543624,0.0,yerkes_dodson,value,logei,exact,none,0.0,0,50,11,1ec6e252-9947-4058-9ba6-e16894eb2ae0,True,0.01,2.0,14.908552300010342,3.5354125437868587,"x0,x1,x2,x3",4,0.2,0.5,,,,,,,
0.019355881808256314,0.42893316052025454,-0.5310777814691606,0.10108494102735344,0.6903767678790899,0.0,3.452386912365566,0.08302563142129271,55.48515818114761,1.1097031636229522,0.6031087458096556,29.399155579159736,42.786992674419416,0.0,yerkes_dodson,value,logei,exact,gaussian,1.0,0,50,11,d35e3036-0f76-4e3a-bebe-5731f075093f,False,0.01,2.0,14.90244699997129,3.5354125437868587,"x0,x1,x2,x3",4,1.0,1.0,,,,,,,
0.019355881808256314,0.42893316052025454,-0.5310777814691606,0.10108494102735344,0.6903767678790899,0.0,2.009137367808447,1.5262751759784114,164.14025076796605,3.282805015359321,4.6742866957846925,95.59296883765313,181.215916731412,0.0,yerkes_dodson,value,logei,exact,gaussian,5.0,0,50,11,a6954fac-1c3d-438e-adcf-72f776a8fc99,False,0.01,2.0,17.25705390004441,3.5354125437868587,"x0,x1,x2,x3",4,5.0,5.0,,,,,,,
0.019355881808256314,0.42893316052025454,-0.5310777814691606,0.10108494102735344,0.6903767678790899,0.0,3.526315381979666,0.009097161807192666,142.11965095064156,2.8423930190128313,0.009097161807192666,22.282181012907614,22.282181012907614,0.0,yerkes_dodson,value,qnei,exact,none,0.0,0,50,11,3bf52729-e265-435e-b4ce-d4360df224a9,True,0.01,2.0,14.851009999983944,3.5354125437868587,"x0,x1,x2,x3",4,0.2,0.5,,,,,,,
0.019355881808256314,0.42893316052025454,-0.5310777814691606,0.10108494102735344,0.6903767678790899,0.0,3.4744026731012463,0.061009870685612366,91.10419992151321,1.8220839984302644,0.7409664960911662,26.883172480650874,50.536825416404746,0.0,yerkes_dodson,value,qnei,exact,gaussian,1.0,0,50,11,34cf26f0-641c-49e2-9f56-56a3c9901ac0,False,0.01,2.0,15.862548200006131,3.5354125437868587,"x0,x1,x2,x3",4,1.0,1.0,,,,,,,
0.019355881808256314,0.42893316052025454,-0.5310777814691606,0.10108494102735344,0.6903767678790899,0.0,1.9586706976204613,1.5767418461663973,177.96735770827001,3.5593471541654003,2.8593353732867284,89.57209148731026,138.66750129219838,0.0,yerkes_dodson,value,qnei,exact,gaussian,5.0,0,50,11,4337c19e-ab89-47c1-92ab-3c66781f3cd1,False,0.01,2.0,18.492553999996744,3.5354125437868587,"x0,x1,x2,x3",4,5.0,5.0,,,,,,,
0.19355881808256314,4.289331605202546,-5.3107778146916065,1.0108494102735344,6.903767678790898,0.0,5.402837764670362,0.0,105.49568486163693,2.109913697232739,0.0,26.502453634670847,26.502453634670847,0.0,hicks_law,value,logei,exact,none,0.0,0,50,11,cc64af37-9dcd-474d-86bf-4e17f6c1f9ae,True,0.01,2.0,15.796284699987154,5.402837764670362,"x0,x1,x2,x3",4,0.2,0.5,,,,,,,
0.19355881808256314,4.289331605202546,-5.3107778146916065,1.0108494102735344,6.903767678790898,0.0,5.402837764670362,0.0,34.81717587255437,0.6963435174510875,0.0,21.12898593063819,21.835364175529946,0.0,hicks_law,value,logei,exact,gaussian,1.0,0,50,11,737fb072-99c1-45b4-9635-c5dc9f9ea038,False,0.01,2.0,11.377576800005045,5.402837764670362,"x0,x1,x2,x3",4,1.0,1.0,,,,,,,
0.19355881808256314,4.289331605202546,-5.3107778146916065,1.0108494102735344,6.903767678790898,0.0,3.3944514436095523,2.0083863210608093,185.74177718621283,3.7148355437242566,2.1906248930924574,117.0584287422925,157.00903893741437,0.0,hicks_law,value,logei,exact,gaussian,5.0,0,50,11,b53c9108-6b38-48c6-8053-28e9951faf71,False,0.01,2.0,18.04854449996492,5.402837764670362,"x0,x1,x2,x3",4,5.0,5.0,,,,,,,
0.19355881808256314,4.289331605202546,-5.3107778146916065,1.0108494102735344,6.903767678790898,0.0,5.402837764670362,0.0,261.8913335335164,5.237826670670327,0.0,26.435838359065457,26.435838359065457,0.0,hicks_law,value,qnei,exact,none,0.0,0,50,11,9f74f4f1-c8f3-49d2-b545-57634aa297e0,True,0.01,2.0,11.785486900014803,5.402837764670362,"x0,x1,x2,x3",4,0.2,0.5,,,,,,,
0.19355881808256314,4.289331605202546,-5.3107778146916065,1.0108494102735344,6.903767678790898,0.0,5.402837764670362,0.0,187.88643875505596,3.7577287751011195,0.0,46.94215694388835,72.85215108560655,0.0,hicks_law,value,qnei,exact,gaussian,1.0,0,50,11,ab609ecb-b1f3-4872-be44-f7509110c5e5,False,0.01,2.0,12.223114799999166,5.402837764670362,"x0,x1,x2,x3",4,1.0,1.0,,,,,,,
0.19355881808256314,4.289331605202546,-5.3107778146916065,1.0108494102735344,6.903767678790898,0.0,5.402837764670362,0.0,231.74547939183776,4.634909587836756,3.946106241161419,106.98323510065492,220.98855649624207,0.0,hicks_law,value,qnei,exact,gaussian,5.0,0,50,11,c9a5c3e7-988c-4384-a2ab-bdf853bd675a,False,0.01,2.0,13.683849000022747,5.402837764670362,"x0,x1,x2,x3",4,5.0,5.0,,,,,,,
0.019355881808256314,0.42893316052025454,-0.5310777814691606,0.10108494102735344,0.6903767678790899,0.0,2.153305282720616,0.0,83.0286959341984,1.6605739186839679,0.0,12.026871820619998,12.026871820619998,0.0,weber_fechner,value,logei,exact,none,0.0,0,50,11,a0c66468-8885-450e-8290-3a43775049d5,True,0.01,2.0,16.403011800022796,2.153305282720616,"x0,x1,x2,x3",4,0.2,0.5,,,,,,,
0.019355881808256314,0.42893316052025454,-0.5310777814691606,0.10108494102735344,0.6903767678790899,0.0,1.971401291760696,0.18190399095991983,48.37331518453125,0.967466303690625,0.41120893566787164,27.900154338999247,38.10313059643343,0.0,weber_fechner,value,logei,exact,gaussian,1.0,0,50,11,6f7290d7-5964-48b3-aa92-8ae3bb9d70fd,False,0.01,2.0,12.886352900008205,2.153305282720616,"x0,x1,x2,x3",4,1.0,1.0,,,,,,,
0.019355881808256314,0.42893316052025454,-0.5310777814691606,0.10108494102735344,0.6903767678790899,0.0,1.6571341200517793,0.49617116266883654,143.12391850794248,2.8624783701588496,0.6599748335609119,46.507767229461,150.71884108042323,0.0,weber_fechner,value,logei,exact,gaussian,5.0,0,50,11,d19ef681-1dc3-4aa6-9529-db3947c32c78,False,0.01,2.0,20.878207799978554,2.153305282720616,"x0,x1,x2,x3",4,5.0,5.0,,,,,,,
0.019355881808256314,0.42893316052025454,-0.5310777814691606,0.10108494102735344,0.6903767678790899,0.0,2.153305282720616,0.0,70.94149366176302,1.4188298732352604,0.0,12.009374635119674,12.009374635119674,0.0,weber_fechner,value,qnei,exact,none,0.0,0,50,11,33281656-4981-4e3f-a38c-6e2a45d269ed,True,0.01,2.0,12.872766299988143,2.153305282720616,"x0,x1,x2,x3",4,0.2,0.5,,,,,,,
0.019355881808256314,0.42893316052025454,-0.5310777814691606,0.10108494102735344,0.6903767678790899,0.0,2.086110827461809,0.06719445525880685,67.7959850671152,1.3559197013423039,0.7239163190443143,16.73526795017068,23.184258672398258,0.0,weber_fechner,value,qnei,exact,gaussian,1.0,0,50,11,df3a4896-5bda-4fc7-be45-ee5cd2fcb648,False,0.01,2.0,11.743827800033614,2.153305282720616,"x0,x1,x2,x3",4,1.0,1.0,,,,,,,
0.019355881808256314,0.42893316052025454,-0.5310777814691606,0.10108494102735344,0.6903767678790899,0.0,2.153305282720616,0.0,121.14695659458623,2.4229391318917246,0.30043565608792755,24.346936299780836,50.61463850214313,0.0,weber_fechner,value,qnei,exact,gaussian,5.0,0,50,11,43ee1eb8-13a4-4929-8162-706972c4055e,False,0.01,2.0,11.607816500007175,2.153305282720616,"x0,x1,x2,x3",4,5.0,5.0,,,,,,,
4.729281548541579,-4.705888540681705,,,6.67169325753929,0.0,1.2500426610841018,1.2804815966882543e-05,17.913616402898473,0.35827232805796944,1.2804815966882543e-05,5.321714254582849,5.321714254582849,0.0,branin,value,logei,exact,none,0.0,0,50,11,b9fe2d5f-d6ea-4ad8-9e91-6d1f387b7cb2,True,0.01,2.0,10.182107699976768,1.2500554659000687,"x0,x1",2,0.2,0.5,,,,,,,
4.729281548541579,-4.705888540681705,,,6.67169325753929,0.0,1.174892048563348,0.0751634173367206,21.36638065311921,0.4273276130623842,0.17941798963871647,9.462262519443353,17.245642583786022,0.0,branin,value,logei,exact,gaussian,1.0,0,50,11,9176e5db-a334-495e-8f94-f4a2953f080c,False,0.01,2.0,8.910664699971676,1.2500554659000687,"x0,x1",2,1.0,1.0,,,,,,,
4.729281548541579,-4.705888540681705,,,6.67169325753929,0.0,1.0945995297599367,0.15545593614013198,80.62996964510552,1.6125993929021103,2.642003099850558,10.779067401491858,73.8916600620514,0.0,branin,value,logei,exact,gaussian,5.0,0,50,11,bd184811-9a73-436a-b26b-46e4dade4cef,False,0.01,2.0,7.183084600022994,1.2500554659000687,"x0,x1",2,5.0,5.0,,,,,,,
4.729281548541579,-4.705888540681705,,,6.67169325753929,0.0,1.250009510986228,4.595491384074002e-05,17.850264953410658,0.35700529906821316,4.595491384074002e-05,5.358475368187827,5.358475368187827,0.0,branin,value,qnei,exact,none,0.0,0,50,11,9b7abe3c-f8c3-48dc-b6e7-a8eb265642e7,True,0.01,2.0,9.030521300039254,1.2500554659000687,"x0,x1",2,0.2,0.5,,,,,,,
4.729281548541579,-4.705888540681705,,,6.67169325753929,0.0,1.244655839203659,0.005399626696409587,43.072738945300856,0.8614547789060171,0.28854856652117433,4.53699479001045,13.823810509620941,0.0,branin,value,qnei,exact,gaussian,1.0,0,50,11,d4e152a9-b0ce-450b-acd3-4d67a8270177,False,0.01,2.0,9.44639019999886,1.2500554659000687,"x0,x1",2,1.0,1.0,,,,,,,
4.729281548541579,-4.705888540681705,,,6.67169325753929,0.0,1.2115854435044142,0.038470022395654446,65.10207565411649,1.3020415130823297,1.9290494781164533,5.812447737461597,69.23383679479193,0.0,branin,value,qnei,exact,gaussian,5.0,0,50,11,585aa0e5-c7de-4ab9-9099-d3470dc55167,False,0.01,2.0,9.909209300007205,1.2500554659000687,"x0,x1",2,5.0,5.0,,,,,,,
484.27843057065763,-481.8829865658065,,,683.1813895720231,0.0,2.624264151129288,0.5807813799257708,127.10177200308756,2.5420354400617513,0.5807813799257708,39.8403277025959,39.8403277025959,0.0,eggholder,value,logei,exact,none,0.0,0,50,11,b5e5b70c-d676-4f0b-8fa7-6f30947e991d,True,0.01,2.0,13.598707200028002,3.2050455310550587,"x0,x1",2,0.2,0.5,,,,,,,
484.27843057065763,-481.8829865658065,,,683.1813895720231,0.0,2.3037211741727988,0.90132435688226,126.21917965511855,2.524383593102371,2.0443863867826173,52.65461817013557,84.22730682105039,0.0,eggholder,value,logei,exact,gaussian,1.0,0,50,11,44c9021d-2e2c-4413-98bd-a9fe7d49d188,False,0.01,2.0,9.049473399994895,3.2050455310550587,"x0,x1",2,1.0,1.0,,,,,,,
484.27843057065763,-481.8829865658065,,,683.1813895720231,0.0,2.3037211741727988,0.90132435688226,184.87174200537152,3.69743484010743,3.092267471001221,52.65461817013557,219.2702479539009,0.0,eggholder,value,logei,exact,gaussian,5.0,0,50,11,b02a3985-0c2c-4800-9265-bfc7d4a8d681,False,0.01,2.0,8.226415299985092,3.2050455310550587,"x0,x1",2,5.0,5.0,,,,,,,
484.27843057065763,-481.8829865658065,,,683.1813895720231,0.0,2.7322988983484224,0.4727466327066363,143.13035170513857,2.8626070341027714,0.4727466327066363,37.417480515640285,37.417480515640285,0.0,eggholder,value,qnei,exact,none,0.0,0,50,11,29977e16-589f-41f8-bdc6-d0d7a7a0579a,True,0.01,2.0,10.634113600011915,3.2050455310550587,"x0,x1",2,0.2,0.5,,,,,,,
484.27843057065763,-481.8829865658065,,,683.1813895720231,0.0,3.1641707500475356,0.040874781007523175,138.322335206352,2.76644670412704,0.040874781007523175,49.477863666078534,93.38662356996909,0.0,eggholder,value,qnei,exact,gaussian,1.0,0,50,11,0303c432-3786-432c-a0cd-1cde6b3c5303,False,0.01,2.0,9.799250199983362,3.2050455310550587,"x0,x1",2,1.0,1.0,,,,,,,
484.27843057065763,-481.8829865658065,,,683.1813895720231,0.0,2.853795879583976,0.35124965147108256,153.78661231173095,3.075732246234619,2.2957903923570155,31.809603195113645,102.1279817414222,0.0,eggholder,value,qnei,exact,gaussian,5.0,0,50,11,63804efd-498c-4200-9f44-fc4f269c5662,False,0.01,2.0,10.131668999965768,3.2050455310550587,"x0,x1",2,5.0,5.0,,,,,,,
0.019355881808256314,0.42893316052025454,-0.5310777814691606,0.10108494102735344,0.6903767678790899,0.0,1.7175746997911816,0.0,48.2773225064039,0.9655464501280779,0.0,12.280836482157696,12.280836482157696,0.0,power_law_practice,value,logei,exact,none,0.0,0,50,11,ca2b33a2-8098-4ea9-a1fe-73fa8ec621a9,True,0.01,2.0,16.03307239996502,1.7175746997911816,"x0,x1,x2,x3",4,0.2,0.5,,,,,,,
0.019355881808256314,0.42893316052025454,-0.5310777814691606,0.10108494102735344,0.6903767678790899,0.0,1.7175746997911816,0.0,18.598234099190716,0.3719646819838143,0.0,11.745423428618302,12.560772929250168,0.0,power_law_practice,value,logei,exact,gaussian,1.0,0,50,11,21b9f61d-4301-4d0d-9784-0fc84ce4cc75,False,0.01,2.0,10.759824900014792,1.7175746997911816,"x0,x1,x2,x3",4,1.0,1.0,,,,,,,
0.019355881808256314,0.42893316052025454,-0.5310777814691606,0.10108494102735344,0.6903767678790899,0.0,0.8870790355963352,0.8304956641948464,131.33088512811062,2.6266177025622124,1.2599296682427663,56.923246920624315,124.82370076048979,0.0,power_law_practice,value,logei,exact,gaussian,5.0,0,50,11,48283d0d-f11f-42ea-a5ff-b48f30ab6ff0,False,0.01,2.0,14.535932900034823,1.7175746997911816,"x0,x1,x2,x3",4,5.0,5.0,,,,,,,
0.019355881808256314,0.42893316052025454,-0.5310777814691606,0.10108494102735344,0.6903767678790899,0.0,1.7175746997911816,0.0,62.94464488298741,1.2588928976597482,0.0,11.916211012945936,11.916211012945936,0.0,power_law_practice,value,qnei,exact,none,0.0,0,50,11,eb4e7374-e637-45ab-b106-4e5274df39ee,True,0.01,2.0,13.885178499971516,1.7175746997911816,"x0,x1,x2,x3",4,0.2,0.5,,,,,,,
0.019355881808256314,0.42893316052025454,-0.5310777814691606,0.10108494102735344,0.6903767678790899,0.0,1.7175746997911816,0.0,45.84708405495465,0.916941681099093,0.7737792404912756,13.372793683368505,38.719154398627765,0.0,power_law_practice,value,qnei,exact,gaussian,1.0,0,50,11,eeafa32e-0197-418c-a007-728d1c437589,False,0.01,2.0,12.541121099959128,1.7175746997911816,"x0,x1,x2,x3",4,1.0,1.0,,,,,,,
0.019355881808256314,0.42893316052025454,-0.5310777814691606,0.10108494102735344,0.6903767678790899,0.0,1.3274290655731573,0.3901456342180243,125.77852400595694,2.515570480119139,1.307771869603785,28.73824996111459,89.31292518156046,0.0,power_law_practice,value,qnei,exact,gaussian,5.0,0,50,11,a0d539e9-810c-41b6-91d5-52baf4f24368,False,0.01,2.0,18.51004700001795,1.7175746997911816,"x0,x1,x2,x3",4,5.0,5.0,,,,,,,
7.656396380681262,3.271301801533685,-6.523790837244563,2.1855812899002167,26.46118990581866,0.0,2.285070640285637,0.3394096914929752,80.08983873594876,1.6017967747189752,0.3394096914929752,42.257797127564785,42.257797127564785,0.0,levy_10,value,logei,exact,none,0.0,0,50,11,b1812bec-8791-4cf8-ad9c-92e398556dd9,True,0.01,2.0,51.23675280000316,2.6244803317786123,"x0,x1,x2,x3,x4,x5,x6,x7,x8,x9,x10",11,0.2,0.5,12.802270198530717,-5.157008777157715,8.839234746579272,13.739249731407202,-7.985063688434973,7.1806009300184535,-3.289673247994922
7.656396380681262,3.271301801533685,-6.523790837244563,2.1855812899002167,26.46118990581866,0.0,2.1666876578438345,0.45779267393477774,97.14946722839625,1.942989344567925,1.943063853826684,37.07196801019835,74.1553820559188,0.0,levy_10,value,logei,exact,gaussian,1.0,0,50,11,42055f36-0e1d-40ed-9418-62a9bc2837d3,False,0.01,2.0,43.78791630000342,2.6244803317786123,"x0,x1,x2,x3,x4,x5,x6,x7,x8,x9,x10",11,1.0,1.0,12.802270198530717,-5.157008777157715,8.839234746579272,13.739249731407202,-7.985063688434973,7.1806009300184535,-3.289673247994922
7.656396380681262,3.271301801533685,-6.523790837244563,2.1855812899002167,26.46118990581866,0.0,1.9787783927070535,0.6457019390715588,148.87259615022214,2.977451923004443,2.2340042722633804,60.809038207490225,138.8927405428657,0.0,levy_10,value,logei,exact,gaussian,5.0,0,50,11,ab35407c-e105-4e6e-a41e-0dab4597e1d1,False,0.01,2.0,41.002393000002485,2.6244803317786123,"x0,x1,x2,x3,x4,x5,x6,x7,x8,x9,x10",11,5.0,5.0,12.802270198530717,-5.157008777157715,8.839234746579272,13.739249731407202,-7.985063688434973,7.1806009300184535,-3.289673247994922
7.656396380681262,3.271301801533685,-6.523790837244563,2.1855812899002167,26.46118990581866,0.0,2.3718555681497233,0.25262476362888897,75.89342865272106,1.517868573054421,0.25262476362888897,33.7304302283183,33.7304302283183,0.0,levy_10,value,qnei,exact,none,0.0,0,50,11,925d4e27-31c3-4429-a0e3-5d7643c1922e,True,0.01,2.0,43.01213500002632,2.6244803317786123,"x0,x1,x2,x3,x4,x5,x6,x7,x8,x9,x10",11,0.2,0.5,12.802270198530717,-5.157008777157715,8.839234746579272,13.739249731407202,-7.985063688434973,7.1806009300184535,-3.289673247994922
7.656396380681262,3.271301801533685,-6.523790837244563,2.1855812899002167,26.46118990581866,0.0,2.285993921189717,0.3384864105888954,71.5544240058693,1.4310884801173858,0.3384864105888954,27.08478406253607,35.74142938601096,0.0,levy_10,value,qnei,exact,gaussian,1.0,0,50,11,e48fd258-d3ce-4de1-a2a7-27a7b3d01e9f,False,0.01,2.0,40.38031039998168,2.6244803317786123,"x0,x1,x2,x3,x4,x5,x6,x7,x8,x9,x10",11,1.0,1.0,12.802270198530717,-5.157008777157715,8.839234746579272,13.739249731407202,-7.985063688434973,7.1806009300184535,-3.289673247994922
7.656396380681262,3.271301801533685,-6.523790837244563,2.1855812899002167,26.46118990581866,0.0,2.2655926468842127,0.3588876848943996,116.57187932200053,2.3314375864400105,0.8581582410751107,26.53206514200299,45.63377355398529,0.0,levy_10,value,qnei,exact,gaussian,5.0,0,50,11,c8031e26-cfd7-483a-ae7c-046d1b45c0e3,False,0.01,2.0,29.499281900003552,2.6244803317786123,"x0,x1,x2,x3,x4,x5,x6,x7,x8,x9,x10",11,5.0,5.0,12.802270198530717,-5.157008777157715,8.839234746579272,13.739249731407202,-7.985063688434973,7.1806009300184535,-3.289673247994922
0.019355881808256314,0.42893316052025454,-0.5310777814691606,0.10108494102735344,0.6903767678790899,0.0,2.617179076533212,0.3403207050487054,73.21473667220167,1.4642947334440333,0.3403207050487054,48.34699016098358,48.34699016098358,0.0,moving_peaks,value,logei,exact,none,0.0,0,50,11,050edeb3-df55-4964-abc6-81c33c137948,True,0.01,2.0,15.721022900019307,2.9574997815819173,"x0,x1,x2,x3",4,0.2,0.5,,,,,,,
0.019355881808256314,0.42893316052025454,-0.5310777814691606,0.10108494102735344,0.6903767678790899,0.0,1.9473380297387632,1.010161751843154,117.30389882655706,2.346077976531141,1.5621646596236665,59.01971479542276,82.90562271498202,0.0,moving_peaks,value,logei,exact,gaussian,1.0,0,50,11,9355b975-ea4f-40fc-9617-9f2f91421f8f,False,0.01,2.0,17.91697269998258,2.9574997815819173,"x0,x1,x2,x3",4,1.0,1.0,,,,,,,
0.019355881808256314,0.42893316052025454,-0.5310777814691606,0.10108494102735344,0.6903767678790899,0.0,1.3156043648897204,1.6418954166921969,144.41065328831635,2.888213065766327,1.9133233513204428,86.96989548203568,98.58279426851051,0.0,moving_peaks,value,logei,exact,gaussian,5.0,0,50,11,9c080089-b54b-400a-9a45-5b292f473f4f,False,0.01,2.0,18.90659389999928,2.9574997815819173,"x0,x1,x2,x3",4,5.0,5.0,,,,,,,
0.019355881808256314,0.42893316052025454,-0.5310777814691606,0.10108494102735344,0.6903767678790899,0.0,2.5715267557069152,0.38597302587500204,80.44177128515435,1.608835425703087,0.38597302587500204,56.9837900660372,56.9837900660372,0.0,moving_peaks,value,qnei,exact,none,0.0,0,50,11,c804b1b2-2413-4e9a-a4ea-83f5a165c1f2,True,0.01,2.0,16.701923299988266,2.9574997815819173,"x0,x1,x2,x3",4,0.2,0.5,,,,,,,
0.019355881808256314,0.42893316052025454,-0.5310777814691606,0.10108494102735344,0.6903767678790899,0.0,2.031642740641256,0.9258570409406612,124.59754194520553,2.4919508389041107,2.007567384599157,69.29442335722973,100.88451547626875,0.0,moving_peaks,value,qnei,exact,gaussian,1.0,0,50,11,6a9b8e3a-bc98-4687-b0a3-51b04bd4d934,False,0.01,2.0,13.251825499988627,2.9574997815819173,"x0,x1,x2,x3",4,1.0,1.0,,,,,,,
0.019355881808256314,0.42893316052025454,-0.5310777814691606,0.10108494102735344,0.6903767678790899,0.0,0.98376041684589,1.9737393647360273,208.8608488329245,4.17721697665849,4.248195932274268,104.49058847674186,191.47906039824272,0.0,moving_peaks,value,qnei,exact,gaussian,5.0,0,50,11,0427c630-3b95-48ee-933d-0dc31aaf7ee3,False,0.01,2.0,12.611257200012915,2.9574997815819173,"x0,x1,x2,x3",4,5.0,5.0,,,,,,,
-0.09988119439725507,-0.35135177786265903,0.32671266533701204,,0.49006682247739236,0.0,3.0439590462975854,0.010941895858142203,76.05092383465293,1.5210184766930588,0.010941895858142203,26.26736849355106,26.26736849355106,0.0,hartmann_3,value,logei,exact,none,0.0,0,50,11,34de7ae9-9016-4668-99e8-d9479a66adaf,True,0.01,2.0,15.151407299970742,3.0549009421557276,"x0,x1,x2",3,0.2,0.5,,,,,,,
-0.09988119439725507,-0.35135177786265903,0.32671266533701204,,0.49006682247739236,0.0,3.0282947964084643,0.026606145747263277,55.59609377558741,1.1119218755117481,0.3182143198173839,24.842554394581494,35.784113150950816,0.0,hartmann_3,value,logei,exact,gaussian,1.0,0,50,11,c2091d05-3a0f-4db0-b2d4-64b78cb210da,False,0.01,2.0,11.433274199953303,3.0549009421557276,"x0,x1,x2",3,1.0,1.0,,,,,,,
-0.09988119439725507,-0.35135177786265903,0.32671266533701204,,0.49006682247739236,0.0,2.3767150686241414,0.6781858735315862,117.78918778223881,2.3557837556447763,2.7447362203050423,48.406913262261064,123.88687151809783,0.0,hartmann_3,value,logei,exact,gaussian,5.0,0,50,11,45f914e4-d575-42a6-b8a1-bc705581f333,False,0.01,2.0,12.511730399972294,3.0549009421557276,"x0,x1,x2",3,5.0,5.0,,,,,,,
-0.09988119439725507,-0.35135177786265903,0.32671266533701204,,0.49006682247739236,0.0,3.053857666544639,0.0010432756110887453,113.00845389301263,2.260169077860253,0.0010432756110887453,28.24893029891357,28.24893029891357,0.0,hartmann_3,value,qnei,exact,none,0.0,0,50,11,4a0d655f-ad0d-4766-b02b-05cfba748d98,True,0.01,2.0,10.905414700042456,3.0549009421557276,"x0,x1,x2",3,0.2,0.5,,,,,,,
-0.09988119439725507,-0.35135177786265903,0.32671266533701204,,0.49006682247739236,0.0,2.106664303656715,0.9482366384990124,141.5009768083869,2.830019536167738,1.3293823287783348,81.91695938163599,103.09417860332942,0.0,hartmann_3,value,qnei,exact,gaussian,1.0,0,50,11,2b8a595d-9d88-4687-a0e5-f9a72f9ec985,False,0.01,2.0,9.541108500037808,3.0549009421557276,"x0,x1,x2",3,1.0,1.0,,,,,,,
-0.09988119439725507,-0.35135177786265903,0.32671266533701204,,0.49006682247739236,0.0,2.9418786053634793,0.11302233679224827,145.2596503193263,2.905193006386526,0.19819385907090803,53.12166659363293,103.21755522697758,0.0,hartmann_3,value,qnei,exact,gaussian,5.0,0,50,11,2fbe83fd-5eaf-495e-ba7c-b554d81ea621,False,0.01,2.0,11.717829200031701,3.0549009421557276,"x0,x1,x2",3,5.0,5.0,,,,,,,
0.019355881808256314,0.42893316052025454,-0.5310777814691606,0.10108494102735344,0.6903767678790899,0.0,1.2903663217692936,8.856029730441861e-06,27.296111983638657,0.5459222396727731,8.856029730441861e-06,6.85394871020817,6.85394871020817,0.0,steering_law,value,logei,exact,none,0.0,0,50,11,371527d5-e4b9-4b22-99df-dc96ea373d61,True,0.01,2.0,19.070922899991274,1.290375177799024,"x0,x1,x2,x3",4,0.2,0.5,,,,,,,
0.019355881808256314,0.42893316052025454,-0.5310777814691606,0.10108494102735344,0.6903767678790899,0.0,1.2886383468485343,0.0017368309504897095,22.222846797213727,0.44445693594427454,0.009173598359075497,8.25129731974068,12.13941108932974,0.0,steering_law,value,logei,exact,gaussian,1.0,0,50,11,f11f23bc-6723-40e7-912d-8d525a76543c,False,0.01,2.0,10.209839000017382,1.290375177799024,"x0,x1,x2,x3",4,1.0,1.0,,,,,,,
0.019355881808256314,0.42893316052025454,-0.5310777814691606,0.10108494102735344,0.6903767678790899,0.0,0.8633880543119975,0.4269871234870265,87.6524057417447,1.753048114834894,1.6729266221688932,29.856779739390486,82.12700319613853,0.0,steering_law,value,logei,exact,gaussian,5.0,0,50,11,d971d608-ecdd-4760-865d-b68550c7bd28,False,0.01,2.0,18.191481099987868,1.290375177799024,"x0,x1,x2,x3",4,5.0,5.0,,,,,,,
0.019355881808256314,0.42893316052025454,-0.5310777814691606,0.10108494102735344,0.6903767678790899,0.0,1.2903741379074658,1.039891558196615e-06,36.879616629296855,0.7375923325859371,1.039891558196615e-06,6.849884812218981,6.849884812218981,0.0,steering_law,value,qnei,exact,none,0.0,0,50,11,22cb2bf7-4a94-4f15-bf88-2b51c739bf49,True,0.01,2.0,13.282237700012047,1.290375177799024,"x0,x1,x2,x3",4,0.2,0.5,,,,,,,
0.019355881808256314,0.42893316052025454,-0.5310777814691606,0.10108494102735344,0.6903767678790899,0.0,1.2106269255793876,0.07974825221963644,43.76464439468173,0.8752928878936346,0.2145012264330548,12.734623283350679,20.16100406876517,0.0,steering_law,value,qnei,exact,gaussian,1.0,0,50,11,ffb6453a-bea8-45c0-b7cf-b993d4bbe872,False,0.01,2.0,13.013960600015707,1.290375177799024,"x0,x1,x2,x3",4,1.0,1.0,,,,,,,
0.019355881808256314,0.42893316052025454,-0.5310777814691606,0.10108494102735344,0.6903767678790899,0.0,1.2901883126357878,0.00018686516323618285,58.30632634895597,1.1661265269791194,0.013329030477636783,10.784452498120377,24.65885809004313,0.0,steering_law,value,qnei,exact,gaussian,5.0,0,50,11,5170fd59-5c8e-45bd-8ed7-6fcd90ef6384,False,0.01,2.0,11.251003300014418,1.290375177799024,"x0,x1,x2,x3",4,5.0,5.0,,,,,,,
