delta_x0,delta_x1,delta_x2,delta_x3,delta_l2_norm,iteration,final_best_true,final_simple_regret_true,final_cum_regret_true,final_avg_regret_true,final_inference_simple_regret_true,auc_simple_regret_true,auc_inference_simple_regret_true,acq_opt_failures,dataset,objective,acquisition,oracle_model,error_model,jitter_std,jitter_iteration,iterations,seed,run_id,baseline,xi,kappa,runtime_sec,y_opt,param_columns,dim,error_bias_used,error_spike_std_used,delta_x4,delta_x5,delta_x6,delta_x7,delta_x8,delta_x9,delta_x10
-2.924362635240974,-0.21294320015982215,-6.93378347111657,5.36419105552957,9.243870430368473,0.0,0.7618706206883278,0.0023532627701320363,21.976283499300106,0.4395256699860021,0.007085286746563502,1.3807990158560366,1.564079437267016,0.0,powell,value,logei,exact,none,0.0,0,50,7,82ba1863-f8d4-4ed8-8f65-dd6519c8afbe,True,0.01,2.0,35.362687700020615,0.7642238834584598,"x0,x1,x2,x3",4,0.2,0.5,,,,,,,
-2.924362635240974,-0.21294320015982215,-6.93378347111657,5.36419105552957,9.243870430368473,0.0,0.760842823660427,0.003381059798032826,18.126881191738967,0.36253762383477933,0.02971602195098455,1.6335288930033962,6.553021109440141,0.0,powell,value,logei,exact,gaussian,0.25,0,50,7,25ed6b70-e979-4342-94fc-a6812c4b508d,False,0.01,2.0,29.225634199974593,0.7642238834584598,"x0,x1,x2,x3",4,0.25,0.25,,,,,,,
-2.924362635240974,-0.21294320015982215,-6.93378347111657,5.36419105552957,9.243870430368473,0.0,0.7413358970568811,0.02288798640157874,56.56426218958294,1.1312852437916587,0.2805638559553112,3.114404178807532,40.75072523662694,0.0,powell,value,logei,exact,gaussian,1.0,0,50,7,a7a42303-f8a5-4edd-be5a-4aa60710a594,False,0.01,2.0,29.693922300008126,0.7642238834584598,"x0,x1,x2,x3",4,1.0,1.0,,,,,,,
-2.924362635240974,-0.21294320015982215,-6.93378347111657,5.36419105552957,9.243870430368473,0.0,0.7610687220352096,0.00315516142325023,21.410894212449044,0.4282178842489809,0.0070659879087004995,1.3858712323377729,1.5008702968939245,0.0,powell,value,qnei,exact,none,0.0,0,50,7,d78bf98f-4b98-49bd-b6b6-0ed876409f50,True,0.01,2.0,36.85675939999055,0.7642238834584598,"x0,x1,x2,x3",4,0.2,0.5,,,,,,,
-2.924362635240974,-0.21294320015982215,-6.93378347111657,5.36419105552957,9.243870430368473,0.0,0.763674727565759,0.00054915589270077,24.132179018644855,0.4826435803728971,0.06802883877137367,1.659418921079335,4.828311161488825,0.0,powell,value,qnei,exact,gaussian,0.25,0,50,7,7301ab4f-d956-414a-9f12-396ceeb35324,False,0.01,2.0,31.274116699991282,0.7642238834584598,"x0,x1,x2,x3",4,0.25,0.25,,,,,,,
-2.924362635240974,-0.21294320015982215,-6.93378347111657,5.36419105552957,9.243870430368473,0.0,0.747954897974404,0.016268985484055865,63.8766365750592,1.277532731501184,0.05100994189166619,3.054212592974566,66.47189119096572,0.0,powell,value,qnei,exact,gaussian,1.0,0,50,7,9dd10ccc-8363-4503-aba4-c6d6e9663360,False,0.01,2.0,33.126562399964314,0.7642238834584598,"x0,x1,x2,x3",4,1.0,1.0,,,,,,,
-0.32492918169344154,-0.023660355573313585,-0.7704203856796188,0.5960212283921744,1.027096714485386,0.0,3.5249215277518147,0.010491016035043987,148.56702122328832,2.9713404244657666,0.010491016035043987,21.40557987332199,21.40557987332199,0.0,yerkes_dodson,value,logei,exact,none,0.0,0,50,7,eb32fe16-e32d-4c88-bf99-f5a7ca3af068,True,0.01,2.0,33.69350960000884,3.5354125437868587,"x0,x1,x2,x3",4,0.2,0.5,,,,,,,
-0.32492918169344154,-0.023660355573313585,-0.7704203856796188,0.5960212283921744,1.027096714485386,0.0,3.4766684509680728,0.0587440928187859,62.93176623715964,1.258635324743193,0.07421571982407826,36.48567886779321,51.08567638081952,0.0,yerkes_dodson,value,logei,exact,gaussian,0.25,0,50,7,d3a8fff4-d2f5-4753-93f4-816f7275820c,False,0.01,2.0,30.800010800012387,3.5354125437868587,"x0,x1,x2,x3",4,0.25,0.25,,,,,,,
-0.32492918169344154,-0.023660355573313585,-0.7704203856796188,0.5960212283921744,1.027096714485386,0.0,3.444891647207405,0.0905208965794535,65.8760764833321,1.317521529666642,0.6510053150820188,34.07986049398118,67.50233820949,0.0,yerkes_dodson,value,logei,exact,gaussian,1.0,0,50,7,9f2b2d3a-d4eb-4b6d-ba0a-caedc6b4ef53,False,0.01,2.0,34.01808609999716,3.5354125437868587,"x0,x1,x2,x3",4,1.0,1.0,,,,,,,
-0.32492918169344154,-0.023660355573313585,-0.7704203856796188,0.5960212283921744,1.027096714485386,0.0,3.4973146254933374,0.03809791829352127,148.2845921700438,2.965691843400876,0.06093906778465197,19.940305559401693,20.098821201415145,0.0,yerkes_dodson,value,qnei,exact,none,0.0,0,50,7,fe75eb29-7936-462f-bdc6-96144f755b55,True,0.01,2.0,32.1337658999837,3.5354125437868587,"x0,x1,x2,x3",4,0.2,0.5,,,,,,,
-0.32492918169344154,-0.023660355573313585,-0.7704203856796188,0.5960212283921744,1.027096714485386,0.0,3.433914775379453,0.10149776840740543,109.78057789808341,2.195611557961668,0.27523653472686327,35.473329978990286,42.974987706898546,0.0,yerkes_dodson,value,qnei,exact,gaussian,0.25,0,50,7,0f93cd9c-598f-42b9-967d-c69029438407,False,0.01,2.0,34.42223600001307,3.5354125437868587,"x0,x1,x2,x3",4,0.25,0.25,,,,,,,
-0.32492918169344154,-0.023660355573313585,-0.7704203856796188,0.5960212283921744,1.027096714485386,0.0,2.3124859446444517,1.222926599142407,164.0672322968022,3.2813446459360436,1.9099370593948022,66.0144488180194,143.24792255876886,0.0,yerkes_dodson,value,qnei,exact,gaussian,1.0,0,50,7,2869d3fc-566d-48bc-87e6-82b714ec2f38,False,0.01,2.0,34.33213459997205,3.5354125437868587,"x0,x1,x2,x3",4,1.0,1.0,,,,,,,
-0.32492918169344154,-0.023660355573313585,-0.7704203856796188,0.5960212283921744,1.027096714485386,0.0,3.0593887562558817,0.0,47.09266812490114,0.9418533624980228,0.0,8.65374141848593,8.65374141848593,0.0,stevens,value,logei,exact,none,0.0,0,50,7,19fb241e-ad52-4ede-a4ea-b4158436860b,True,0.01,2.0,35.3949297000072,3.0593887562558817,"x0,x1,x2,x3",4,0.2,0.5,,,,,,,
-0.32492918169344154,-0.023660355573313585,-0.7704203856796188,0.5960212283921744,1.027096714485386,0.0,3.0593887562558817,0.0,20.318387848930367,0.40636775697860733,0.0,9.540718657211372,9.651175431219995,0.0,stevens,value,logei,exact,gaussian,0.25,0,50,7,640a7f57-a553-4115-8a10-f4e0d1890b3f,False,0.01,2.0,28.686624600028154,3.0593887562558817,"x0,x1,x2,x3",4,0.25,0.25,,,,,,,
-0.32492918169344154,-0.023660355573313585,-0.7704203856796188,0.5960212283921744,1.027096714485386,0.0,2.6962685607965633,0.3631201954593184,84.6326652489496,1.6926533049789922,1.5120179539683052,29.873822280842944,76.07937616029258,0.0,stevens,value,logei,exact,gaussian,1.0,0,50,7,4254a35e-966e-4000-ab5e-c8db043241c6,False,0.01,2.0,40.21301000000676,3.0593887562558817,"x0,x1,x2,x3",4,1.0,1.0,,,,,,,
-0.32492918169344154,-0.023660355573313585,-0.7704203856796188,0.5960212283921744,1.027096714485386,0.0,3.0593887562558817,0.0,126.64771322245703,2.5329542644491405,0.0,8.650637810699894,8.650637810699894,0.0,stevens,value,qnei,exact,none,0.0,0,50,7,a20f4f04-62d8-4c3b-b096-859d5d75e665,True,0.01,2.0,39.40921139996499,3.0593887562558817,"x0,x1,x2,x3",4,0.2,0.5,,,,,,,
-0.32492918169344154,-0.023660355573313585,-0.7704203856796188,0.5960212283921744,1.027096714485386,0.0,3.0593887562558817,0.0,98.39006419582923,1.9678012839165846,0.023460081975836378,12.31872588362652,17.06913789707133,0.0,stevens,value,qnei,exact,gaussian,0.25,0,50,7,0f1dedc9-dafc-43d2-adc1-6950ad618c70,False,0.01,2.0,30.421342800022103,3.0593887562558817,"x0,x1,x2,x3",4,0.25,0.25,,,,,,,
-0.32492918169344154,-0.023660355573313585,-0.7704203856796188,0.5960212283921744,1.027096714485386,0.0,2.878919404124892,0.1804693521309897,100.63355765906462,2.0126711531812926,1.6052018653193247,25.241911443486657,75.5826969921246,0.0,stevens,value,qnei,exact,gaussian,1.0,0,50,7,d12e03a3-a4ea-483c-b556-59820af11888,False,0.01,2.0,34.851227000006475,3.0593887562558817,"x0,x1,x2,x3",4,1.0,1.0,,,,,,,
-4.873937725401622,-0.354905333599703,-11.556305785194283,8.940318425882616,15.406450717280787,0.0,1.0250522044977408,0.0005710460736829681,24.849252896741167,0.49698505793482334,0.0005710460736829681,2.9582402530557066,3.1151041451385715,0.0,rosenbrock,value,logei,exact,none,0.0,0,50,7,2bcf7eac-90e2-4ef2-96e0-9c997c731768,True,0.01,2.0,41.45868079998763,1.0256232505714238,"x0,x1,x2,x3",4,0.2,0.5,,,,,,,
-4.873937725401622,-0.354905333599703,-11.556305785194283,8.940318425882616,15.406450717280787,0.0,1.0226567250634349,0.0029665255079889263,26.599540653070367,0.5319908130614074,0.012167421992943961,3.008738086285131,17.658459934672926,0.0,rosenbrock,value,logei,exact,gaussian,0.25,0,50,7,178b35a8-64e0-4585-a14a-2a5dfeca3eac,False,0.01,2.0,32.53384500002721,1.0256232505714238,"x0,x1,x2,x3",4,0.25,0.25,,,,,,,
-4.873937725401622,-0.354905333599703,-11.556305785194283,8.940318425882616,15.406450717280787,0.0,1.0255619803212253,6.127025019853072e-05,32.4113371928101,0.648226743856202,0.0005151864701056219,2.9582586778985696,29.91745561476448,0.0,rosenbrock,value,logei,exact,gaussian,1.0,0,50,7,b4fd206a-87fd-45dd-8164-e337d6b12b87,False,0.01,2.0,35.620716899982654,1.0256232505714238,"x0,x1,x2,x3",4,1.0,1.0,,,,,,,
-4.873937725401622,-0.354905333599703,-11.556305785194283,8.940318425882616,15.406450717280787,0.0,1.0240063909800217,0.00161685959140212,28.740214712936353,0.574804294258727,0.006712745422733146,2.9864685986614488,3.191611685886624,0.0,rosenbrock,value,qnei,exact,none,0.0,0,50,7,434372ae-2485-4118-9945-ac0b2e5f65e7,True,0.01,2.0,43.31463380000787,1.0256232505714238,"x0,x1,x2,x3",4,0.2,0.5,,,,,,,
-4.873937725401622,-0.354905333599703,-11.556305785194283,8.940318425882616,15.406450717280787,0.0,1.0240451922566756,0.0015780583147482208,27.954012761786252,0.559080255235725,0.18325058282167772,3.001094694085487,11.398128784596882,0.0,rosenbrock,value,qnei,exact,gaussian,0.25,0,50,7,5f23435e-faf1-4d33-a0b3-de82fe6073de,False,0.01,2.0,36.21056039998075,1.0256232505714238,"x0,x1,x2,x3",4,0.25,0.25,,,,,,,
-4.873937725401622,-0.354905333599703,-11.556305785194283,8.940318425882616,15.406450717280787,0.0,1.0226567250634349,0.0029665255079889263,30.52037112103587,0.6104074224207173,0.07930571299067368,3.008738086285131,18.64205332841766,0.0,rosenbrock,value,qnei,exact,gaussian,1.0,0,50,7,43e39736-7dc5-431f-87af-f19c4b9d3fde,False,0.01,2.0,31.74727230001008,1.0256232505714238,"x0,x1,x2,x3",4,1.0,1.0,,,,,,,
-21.294558851461385,-1.5506050628526822,-50.49027039589949,39.06084722390954,67.31181028051424,0.0,16.89173109685132,3.210716057002113,742.0031634447357,14.840063268894715,3.210716057002113,534.534414974402,535.2998829694751,0.0,ackley,value,logei,exact,none,0.0,0,50,7,b28ee4b0-283a-463b-abc9-832cc710bb8e,True,0.01,2.0,35.6880837000208,20.102447153853433,"x0,x1,x2,x3",4,0.2,0.5,,,,,,,
-21.294558851461385,-1.5506050628526822,-50.49027039589949,39.06084722390954,67.31181028051424,0.0,15.131882693307704,4.970564460545729,778.164964106821,15.56329928213642,5.1116740040976385,425.4164464221507,429.03889557145163,0.0,ackley,value,logei,exact,gaussian,0.25,0,50,7,11b29b4c-64cc-403e-92e8-bfc697a0f995,False,0.01,2.0,39.192773599992506,20.102447153853433,"x0,x1,x2,x3",4,0.25,0.25,,,,,,,
-21.294558851461385,-1.5506050628526822,-50.49027039589949,39.06084722390954,67.31181028051424,0.0,12.85901986593367,7.243427287919763,754.4074741223394,15.088149482446788,7.502578333968458,625.5169200041116,684.6446618588475,0.0,ackley,value,logei,exact,gaussian,1.0,0,50,7,40c6fc86-2156-4b77-a53f-24ef6f73a91f,False,0.01,2.0,36.27774309995584,20.102447153853433,"x0,x1,x2,x3",4,1.0,1.0,,,,,,,
-21.294558851461385,-1.5506050628526822,-50.49027039589949,39.06084722390954,67.31181028051424,0.0,17.514958000010438,2.587489153842995,780.6116014492355,15.61223202898471,2.587489153842995,383.73459362356755,383.76045940725396,0.0,ackley,value,qnei,exact,none,0.0,0,50,7,ac318eff-1033-40dd-8dc7-749ed970741f,True,0.01,2.0,35.668263100029435,20.102447153853433,"x0,x1,x2,x3",4,0.2,0.5,,,,,,,
-21.294558851461385,-1.5506050628526822,-50.49027039589949,39.06084722390954,67.31181028051424,0.0,16.394708530045087,3.7077386238083463,731.9665595231533,14.639331190463064,3.868072745756894,451.8052188516512,457.4782147394694,0.0,ackley,value,qnei,exact,gaussian,0.25,0,50,7,0b136bd4-d2f0-418b-9186-cf89280e48fd,False,0.01,2.0,38.892913400020916,20.102447153853433,"x0,x1,x2,x3",4,0.25,0.25,,,,,,,
-21.294558851461385,-1.5506050628526822,-50.49027039589949,39.06084722390954,67.31181028051424,0.0,14.11949220206266,5.982954951790774,756.2366257347898,15.124732514695795,5.982954951790774,651.4141670323074,705.9218895101204,0.0,ackley,value,qnei,exact,gaussian,1.0,0,50,7,98f9a455-cc72-41e3-95cd-635b980e4ad0,False,0.01,2.0,36.34218929999042,20.102447153853433,"x0,x1,x2,x3",4,1.0,1.0,,,,,,,
-324.92918169344154,-23.66035557331361,-770.4203856796188,596.0212283921744,1027.096714485386,0.0,2.4848660468054846,1.8435243249733673,189.8683871247412,3.797367742494824,1.8435243249733673,130.30897805666507,130.30897805666507,0.0,schwefel,value,logei,exact,none,0.0,0,50,7,092d9807-9376-4722-8b8e-e32566f4e0d7,True,0.01,2.0,35.55232470005285,4.328390371778852,"x0,x1,x2,x3",4,0.2,0.5,,,,,,,
-324.92918169344154,-23.66035557331361,-770.4203856796188,596.0212283921744,1027.096714485386,0.0,3.0070914900331993,1.3212988817456526,144.48391702016335,2.889678340403267,1.5589403866304132,86.01441680103737,92.553479074899,0.0,schwefel,value,logei,exact,gaussian,0.25,0,50,7,a93621f6-8c10-40ea-b6e8-8fea2f84ddb5,False,0.01,2.0,38.92415400000755,4.328390371778852,"x0,x1,x2,x3",4,0.25,0.25,,,,,,,
-324.92918169344154,-23.66035557331361,-770.4203856796188,596.0212283921744,1027.096714485386,0.0,2.9767459524413824,1.3516444193374695,179.55967106347396,3.591193421269479,2.2157018513220486,119.00083447201582,151.3492787294299,0.0,schwefel,value,logei,exact,gaussian,1.0,0,50,7,1ccb16d2-384a-44b7-9015-151f40d7f387,False,0.01,2.0,36.44972079998115,4.328390371778852,"x0,x1,x2,x3",4,1.0,1.0,,,,,,,
-324.92918169344154,-23.66035557331361,-770.4203856796188,596.0212283921744,1027.096714485386,0.0,3.2555082355889464,1.0728821361899055,188.1303390749581,3.762606781499162,1.0728821361899055,121.40925185960103,121.49718171830311,0.0,schwefel,value,qnei,exact,none,0.0,0,50,7,30810809-cf97-4fc1-b352-b3ae968aa5c7,True,0.01,2.0,38.949530499987304,4.328390371778852,"x0,x1,x2,x3",4,0.2,0.5,,,,,,,
-324.92918169344154,-23.66035557331361,-770.4203856796188,596.0212283921744,1027.096714485386,0.0,3.5474997261798866,0.7808906455989653,177.39635644939577,3.5479271289879155,0.9811249260812733,89.1784300511446,93.80140036476737,0.0,schwefel,value,qnei,exact,gaussian,0.25,0,50,7,3817261c-1b0a-44be-bfbc-adb912f9445a,False,0.01,2.0,37.719994899991434,4.328390371778852,"x0,x1,x2,x3",4,0.25,0.25,,,,,,,
-324.92918169344154,-23.66035557331361,-770.4203856796188,596.0212283921744,1027.096714485386,0.0,2.4768726090847455,1.8515177626941064,191.28728061753722,3.8257456123507443,2.964159793443457,104.48599486866924,116.67631313117532,0.0,schwefel,value,qnei,exact,gaussian,1.0,0,50,7,8541251f-3338-48ce-acd2-7504736705a2,False,0.01,2.0,40.5534116999479,4.328390371778852,"x0,x1,x2,x3",4,1.0,1.0,,,,,,,
-3.327274820540841,-0.24228204107073203,-7.889104749359297,6.103257378735867,10.517470356330351,0.0,2.6830335445736515,0.9559055288644003,119.34986997263877,2.3869973994527753,0.9559055288644003,66.08365721440637,68.05921140543519,0.0,rastrigin,value,logei,exact,none,0.0,0,50,7,4b7b2974-4d53-4640-8570-6a4ca3800fef,True,0.01,2.0,40.897318900038954,3.638939073438052,"x0,x1,x2,x3",4,0.2,0.5,,,,,,,
-3.327274820540841,-0.24228204107073203,-7.889104749359297,6.103257378735867,10.517470356330351,0.0,2.8726976045166843,0.7662414689213675,124.81565185397193,2.4963130370794384,0.8329185041820297,72.277998936124,80.67154424739249,0.0,rastrigin,value,logei,exact,gaussian,0.25,0,50,7,91014fc6-9e56-43e6-8b91-af591a3abdba,False,0.01,2.0,40.61761239997577,3.638939073438052,"x0,x1,x2,x3",4,0.25,0.25,,,,,,,
-3.327274820540841,-0.24228204107073203,-7.889104749359297,6.103257378735867,10.517470356330351,0.0,2.623780964772337,1.0151581086657147,160.2945898838309,3.205891797676618,2.0864885919570226,90.00239898136776,142.70409187565033,0.0,rastrigin,value,logei,exact,gaussian,1.0,0,50,7,a0fddf46-1a1f-4be4-b7db-0e6984f30981,False,0.01,2.0,25.326845299976412,3.638939073438052,"x0,x1,x2,x3",4,1.0,1.0,,,,,,,
-3.327274820540841,-0.24228204107073203,-7.889104749359297,6.103257378735867,10.517470356330351,0.0,2.7628616245647213,0.8760774488733305,139.61288950454323,2.7922577900908645,0.8760774488733305,67.79685211954335,67.79685211954335,0.0,rastrigin,value,qnei,exact,none,0.0,0,50,7,6f4fa4db-5907-411e-b1b4-640a1c91c951,True,0.01,2.0,41.54191800003173,3.638939073438052,"x0,x1,x2,x3",4,0.2,0.5,,,,,,,
-3.327274820540841,-0.24228204107073203,-7.889104749359297,6.103257378735867,10.517470356330351,0.0,2.615235003799679,1.0237040696383728,122.33757063219947,2.4467514126439895,1.1066621423658507,70.38119571630898,72.24350581606092,0.0,rastrigin,value,qnei,exact,gaussian,0.25,0,50,7,def589d5-a203-4855-b5a6-804d7b25f514,False,0.01,2.0,45.24581659998512,3.638939073438052,"x0,x1,x2,x3",4,0.25,0.25,,,,,,,
-3.327274820540841,-0.24228204107073203,-7.889104749359297,6.103257378735867,10.517470356330351,0.0,2.33183931238578,1.3070997610522719,175.1701222595464,3.5034024451909276,1.3070997610522719,85.18435062633313,147.22717057097842,0.0,rastrigin,value,qnei,exact,gaussian,1.0,0,50,7,d51f212f-333e-43a6-85eb-2cc81556eaae,False,0.01,2.0,38.10652329999721,3.638939073438052,"x0,x1,x2,x3",4,1.0,1.0,,,,,,,
-3.249291816934415,-0.23660355573313652,-7.704203856796188,5.960212283921744,10.27096714485386,0.0,55.89824058002567,0.8758334579927123,2048.9378542389613,40.978757084779225,0.8758334579927123,1437.022030676733,1444.7633913012935,0.0,shekel,value,logei,exact,none,0.0,0,50,7,427b8b11-4f74-4c9c-8042-8b5ecae8aaeb,True,0.01,2.0,46.31812859995989,56.774074038018384,"x0,x1,x2,x3",4,0.2,0.5,,,,,,,
-3.249291816934415,-0.23660355573313652,-7.704203856796188,5.960212283921744,10.27096714485386,0.0,13.76215347893098,43.0119205590874,2624.4076876387016,52.48815375277403,43.09658617245808,2296.410281215859,2302.0806322697945,0.0,shekel,value,logei,exact,gaussian,0.25,0,50,7,9bd765f4-a312-4aa6-9d60-16c05bf9dbb2,False,0.01,2.0,47.821862899989355,56.774074038018384,"x0,x1,x2,x3",4,0.25,0.25,,,,,,,
-3.249291816934415,-0.23660355573313652,-7.704203856796188,5.960212283921744,10.27096714485386,0.0,23.4755041812458,33.29856985677259,2685.2128786767653,53.70425757353531,33.29856985677259,2572.0285462768984,2609.2332172715596,0.0,shekel,value,logei,exact,gaussian,1.0,0,50,7,c9ce3107-9252-4f8c-9bb4-06ee50f8da55,False,0.01,2.0,33.13297809998039,56.774074038018384,"x0,x1,x2,x3",4,1.0,1.0,,,,,,,
-3.249291816934415,-0.23660355573313652,-7.704203856796188,5.960212283921744,10.27096714485386,0.0,40.02050074269591,16.753573295322475,2577.733008516844,51.55466017033688,16.753573295322475,1653.1788111001708,1653.1788111001708,0.0,shekel,value,qnei,exact,none,0.0,0,50,7,58e6095b-1fc1-4615-bebe-33b6266a9708,True,0.01,2.0,38.02898979996098,56.774074038018384,"x0,x1,x2,x3",4,0.2,0.5,,,,,,,
-3.249291816934415,-0.23660355573313652,-7.704203856796188,5.960212283921744,10.27096714485386,0.0,9.923812726179026,46.85026131183936,2733.2861316433027,54.66572263286606,47.19626095464368,2617.6995636924817,2630.476569321027,0.0,shekel,value,qnei,exact,gaussian,0.25,0,50,7,ee37a8dc-63d2-4043-ade9-6358aae353b1,False,0.01,2.0,38.64872120000655,56.774074038018384,"x0,x1,x2,x3",4,0.25,0.25,,,,,,,
-3.249291816934415,-0.23660355573313652,-7.704203856796188,5.960212283921744,10.27096714485386,0.0,2.9926115118218544,53.78146252619653,2800.991720869803,56.01983441739606,54.7442078549599,2687.649072106859,2724.349877598247,0.0,shekel,value,qnei,exact,gaussian,1.0,0,50,7,d95fd2f4-ae3f-465b-9243-ea62449cd3d9,False,0.01,2.0,35.98424550000345,56.774074038018384,"x0,x1,x2,x3",4,1.0,1.0,,,,,,,
-743.7961944469107,-91.18245910417102,25.660486208223347,291.2733154237547,1075.6730602218613,0.0,2.7366651552311936,0.01719066042777717,68.15867283838509,1.3631734567677016,0.017458204849644332,32.225876442829396,32.231785260604155,0.0,griewank,value,logei,exact,none,0.0,0,50,7,f3d7a58d-63e3-4d0a-befa-e2a7e7eea77b,True,0.01,2.0,51.78217720001703,2.7538558156589708,"x0,x1,x2,x3,x4,x5",6,0.2,0.5,3.439370289705721,-714.1533999545863,,,,,
-743.7961944469107,-91.18245910417102,25.660486208223347,291.2733154237547,1075.6730602218613,0.0,2.446019027243648,0.3078367884153228,73.44336035439842,1.4688672070879685,0.431602513587257,49.27856495166502,67.13626942445703,0.0,griewank,value,logei,exact,gaussian,0.25,0,50,7,9a9afd83-460d-4533-9918-ac610f396e23,False,0.01,2.0,42.39745779999066,2.7538558156589708,"x0,x1,x2,x3,x4,x5",6,0.25,0.25,3.439370289705721,-714.1533999545863,,,,,
-743.7961944469107,-91.18245910417102,25.660486208223347,291.2733154237547,1075.6730602218613,0.0,2.242109821180447,0.5117459944785239,98.93007106533874,1.9786014213067746,0.5945660304494056,61.16090876831708,85.12158498498988,0.0,griewank,value,logei,exact,gaussian,1.0,0,50,7,d6381916-c9a4-4030-999c-2c45adbb3e67,False,0.01,2.0,44.85264749999624,2.7538558156589708,"x0,x1,x2,x3,x4,x5",6,1.0,1.0,3.439370289705721,-714.1533999545863,,,,,
-743.7961944469107,-91.18245910417102,25.660486208223347,291.2733154237547,1075.6730602218613,0.0,2.725482449304066,0.02837336635490484,110.19547018229562,2.2039094036459126,0.02837336635490484,34.60239190357198,34.60239190357198,0.0,griewank,value,qnei,exact,none,0.0,0,50,7,b5e9f40f-7bce-4cde-b464-f33474a30da2,True,0.01,2.0,42.3035517000244,2.7538558156589708,"x0,x1,x2,x3,x4,x5",6,0.2,0.5,3.439370289705721,-714.1533999545863,,,,,
-743.7961944469107,-91.18245910417102,25.660486208223347,291.2733154237547,1075.6730602218613,0.0,2.5622362819897653,0.19161953366920548,93.56165488057918,1.8712330976115836,0.37614138668076214,66.54408193279004,74.43982552425669,0.0,griewank,value,qnei,exact,gaussian,0.25,0,50,7,3719e6c4-3350-4f5f-86e4-8f393eb40567,False,0.01,2.0,45.649998700013384,2.7538558156589708,"x0,x1,x2,x3,x4,x5",6,0.25,0.25,3.439370289705721,-714.1533999545863,,,,,
-743.7961944469107,-91.18245910417102,25.660486208223347,291.2733154237547,1075.6730602218613,0.0,2.2485242765846434,0.5053315390743274,97.89935179296994,1.9579870358593987,0.7083997373630613,53.80171555021696,69.20942484638572,0.0,griewank,value,qnei,exact,gaussian,1.0,0,50,7,49e8c6a9-f264-456c-96e1-1979404d0029,False,0.01,2.0,43.99482210003771,2.7538558156589708,"x0,x1,x2,x3,x4,x5",6,1.0,1.0,3.439370289705721,-714.1533999545863,,,,,
0.7805537608974431,-2.802138843683271,0.1430767001414357,1.7965582081583973,3.462243739646996,0.0,3.894451615303888,4.15326955138509,369.12833584111115,7.382566716822223,4.15326955138509,292.11100350084183,297.4217583721354,0.0,michalewicz,value,logei,exact,none,0.0,0,50,7,8efd6b54-4bda-45e7-ae02-a86baee8f883,True,0.01,2.0,37.6097913000267,8.047721166688978,"x0,x1,x2,x3,x4",5,0.2,0.5,0.5270608146792729,,,,,,
0.7805537608974431,-2.802138843683271,0.1430767001414357,1.7965582081583973,3.462243739646996,0.0,3.5730679092181212,4.474653257470857,347.9181418619926,6.958362837239852,4.549349391005094,301.2956633533206,302.1439993080576,0.0,michalewicz,value,logei,exact,gaussian,0.25,0,50,7,908b6574-23ef-4bd6-977f-5690231d48e9,False,0.01,2.0,48.77206789999036,8.047721166688978,"x0,x1,x2,x3,x4",5,0.25,0.25,0.5270608146792729,,,,,,
0.7805537608974431,-2.802138843683271,0.1430767001414357,1.7965582081583973,3.462243739646996,0.0,3.8617103945923494,4.186010772096629,346.71344032873344,6.934268806574669,4.279284139983279,273.69168956706443,304.17749780700905,0.0,michalewicz,value,logei,exact,gaussian,1.0,0,50,7,1128eecb-d425-4806-857e-370f38fac1af,False,0.01,2.0,45.32826690003276,8.047721166688978,"x0,x1,x2,x3,x4",5,1.0,1.0,0.5270608146792729,,,,,,
0.7805537608974431,-2.802138843683271,0.1430767001414357,1.7965582081583973,3.462243739646996,0.0,6.074457400879718,1.9732637658092607,296.2888966148176,5.925777932296352,1.9732637658092607,180.48451057985721,180.58153241285518,0.0,michalewicz,value,qnei,exact,none,0.0,0,50,7,61659a39-5cdf-4069-b03d-43707ce44d78,True,0.01,2.0,61.605521799996495,8.047721166688978,"x0,x1,x2,x3,x4",5,0.2,0.5,0.5270608146792729,,,,,,
0.7805537608974431,-2.802138843683271,0.1430767001414357,1.7965582081583973,3.462243739646996,0.0,4.368097226229504,3.679623940459474,320.73289032174296,6.414657806434859,3.679623940459474,225.26143765179506,225.84459384751847,0.0,michalewicz,value,qnei,exact,gaussian,0.25,0,50,7,42b067cf-1dac-41d9-98cf-121c1a9ef34a,False,0.01,2.0,48.87571360002039,8.047721166688978,"x0,x1,x2,x3,x4",5,0.25,0.25,0.5270608146792729,,,,,,
0.7805537608974431,-2.802138843683271,0.1430767001414357,1.7965582081583973,3.462243739646996,0.0,2.3741919604829245,5.673529206206053,384.28190562308714,7.685638112461743,5.713435886689872,304.8289681218328,362.4382800569577,0.0,michalewicz,value,qnei,exact,gaussian,1.0,0,50,7,8498a3c2-8cce-4829-b1e4-f5ec68a20a2c,False,0.01,2.0,48.55951200000709,8.047721166688978,"x0,x1,x2,x3,x4",5,1.0,1.0,0.5270608146792729,,,,,,
-0.6198301620390922,-0.0759853825868092,0.021383738506852712,0.24272776285312891,0.8963942168515511,0.0,7.451813504748663,0.5153504585432742,312.4351172467551,6.2487023449351025,0.5153504585432742,136.6061492223281,136.7637476810668,0.0,hartmann_6,value,logei,exact,none,0.0,0,50,7,17bb0dc2-6a27-470f-8977-e44e45b9388d,True,0.01,2.0,77.26487889996497,7.967163963291937,"x0,x1,x2,x3,x4,x5",6,0.2,0.5,0.0028661419080880934,-0.5951278332954886,,,,,
-0.6198301620390922,-0.0759853825868092,0.021383738506852712,0.24272776285312891,0.8963942168515511,0.0,2.020379590089926,5.946784373202011,354.8736840540752,7.097473681081505,6.000374511232282,330.7184207292655,340.06686858068366,0.0,hartmann_6,value,logei,exact,gaussian,0.25,0,50,7,ee00f421-4fdf-433a-acd4-942946d4cc28,False,0.01,2.0,38.1181950000464,7.967163963291937,"x0,x1,x2,x3,x4,x5",6,0.25,0.25,0.0028661419080880934,-0.5951278332954886,,,,,
-0.6198301620390922,-0.0759853825868092,0.021383738506852712,0.24272776285312891,0.8963942168515511,0.0,6.139090081685257,1.82807388160668,351.5244571753172,7.030489143506344,1.82807388160668,328.75374297430466,343.4827683181475,0.0,hartmann_6,value,logei,exact,gaussian,1.0,0,50,7,ffd29ac9-bb3c-4137-be0f-56b5813a82f6,False,0.01,2.0,47.51527720002923,7.967163963291937,"x0,x1,x2,x3,x4,x5",6,1.0,1.0,0.0028661419080880934,-0.5951278332954886,,,,,
-0.6198301620390922,-0.0759853825868092,0.021383738506852712,0.24272776285312891,0.8963942168515511,0.0,7.411372941996361,0.5557910212955761,312.1352139684513,6.2427042793690255,0.5557910212955761,104.9152282170644,104.91869352306878,0.0,hartmann_6,value,qnei,exact,none,0.0,0,50,7,680dd13a-f1da-4831-aceb-c9a80b0381a0,True,0.01,2.0,72.06564779998735,7.967163963291937,"x0,x1,x2,x3,x4,x5",6,0.2,0.5,0.0028661419080880934,-0.5951278332954886,,,,,
-0.6198301620390922,-0.0759853825868092,0.021383738506852712,0.24272776285312891,0.8963942168515511,0.0,6.55528727230329,1.411876690988647,294.5422872205949,5.890845744411898,1.5853361786444413,245.5126537978216,248.73132101743377,0.0,hartmann_6,value,qnei,exact,gaussian,0.25,0,50,7,509467a0-adff-416f-a637-6a87cc974860,False,0.01,2.0,46.765440799994394,7.967163963291937,"x0,x1,x2,x3,x4,x5",6,0.25,0.25,0.0028661419080880934,-0.5951278332954886,,,,,
-0.6198301620390922,-0.0759853825868092,0.021383738506852712,0.24272776285312891,0.8963942168515511,0.0,0.7208825767336289,7.246281386558309,413.67141149800887,8.273428229960178,8.628151292108498,379.9589313908192,400.8103700748387,0.0,hartmann_6,value,qnei,exact,gaussian,1.0,0,50,7,d3af73f3-9cbd-40c6-84d4-f3990650914b,False,0.01,2.0,53.144142500008456,7.967163963291937,"x0,x1,x2,x3,x4,x5",6,1.0,1.0,0.0028661419080880934,-0.5951278332954886,,,,,
154.20438900789918,-688.1347696424792,,,705.2010031049356,0.0,2.9734159036436223,0.23162962741143645,161.66436986137927,3.2332873972275853,0.23162962741143645,45.4039204031946,55.64448679819313,0.0,eggholder,value,logei,exact,none,0.0,0,50,7,bda14c1b-88da-4957-996e-ee15f2bba87c,True,0.01,2.0,27.448745500005316,3.2050455310550587,"x0,x1",2,0.2,0.5,,,,,,,
154.20438900789918,-688.1347696424792,,,705.2010031049356,0.0,2.9596442210015215,0.24540131005353727,108.93669504847283,2.1787339009694566,0.3906981695853222,43.88308910657079,51.66419164016182,0.0,eggholder,value,logei,exact,gaussian,0.25,0,50,7,7695de75-bb44-4cef-a852-140d105d9c7e,False,0.01,2.0,27.486031100037508,3.2050455310550587,"x0,x1",2,0.25,0.25,,,,,,,
154.20438900789918,-688.1347696424792,,,705.2010031049356,0.0,2.0087797573559083,1.1962657736991504,138.6972302692331,2.773944605384662,1.6172760474618288,77.00386689005612,116.66767378560753,0.0,eggholder,value,logei,exact,gaussian,1.0,0,50,7,70324b4b-cb2b-4c37-b376-ae26cecae69e,False,0.01,2.0,22.410210399946664,3.2050455310550587,"x0,x1",2,1.0,1.0,,,,,,,
154.20438900789918,-688.1347696424792,,,705.2010031049356,0.0,2.9819631167201126,0.22308241433494613,160.5836827339812,3.2116736546796236,0.22308241433494613,59.84998892956251,68.19817280319069,0.0,eggholder,value,qnei,exact,none,0.0,0,50,7,82bdd753-af45-4505-bd8f-01275bb30fa0,True,0.01,2.0,20.239351399999578,3.2050455310550587,"x0,x1",2,0.2,0.5,,,,,,,
154.20438900789918,-688.1347696424792,,,705.2010031049356,0.0,2.9688874464399047,0.23615808461515408,136.8690128370791,2.737380256741582,0.23615808461515408,30.393060531477143,39.757433384520866,0.0,eggholder,value,qnei,exact,gaussian,0.25,0,50,7,3ab45582-c6d4-4e59-a98d-f95b2896f6b5,False,0.01,2.0,27.007807199959643,3.2050455310550587,"x0,x1",2,0.25,0.25,,,,,,,
154.20438900789918,-688.1347696424792,,,705.2010031049356,0.0,2.3319535598645604,0.8730919711904983,148.70230504683363,2.9740461009366728,0.8730919711904983,57.922718885486425,79.54268128545492,0.0,eggholder,value,qnei,exact,gaussian,1.0,0,50,7,a080a426-3ba8-44c9-9914-0db13f93a54b,False,0.01,2.0,23.72039199998835,3.2050455310550587,"x0,x1",2,1.0,1.0,,,,,,,
1.5059022364052659,-6.720066109789836,,,6.886728545946638,0.0,1.2499838631386755,7.160276139317467e-05,17.80679458742011,0.3561358917484022,0.00042152748328572187,4.388272086189942,4.399112080934377,0.0,branin,value,logei,exact,none,0.0,0,50,7,4e07fe91-f78d-4d6f-9f40-25af27ef374d,True,0.01,2.0,27.089434800029267,1.2500554659000687,"x0,x1",2,0.2,0.5,,,,,,,
1.5059022364052659,-6.720066109789836,,,6.886728545946638,0.0,1.2436503822723197,0.006405083627748942,20.590819133156483,0.41181638266312964,0.07265565148156528,5.524979046044733,12.337883039661449,0.0,branin,value,logei,exact,gaussian,0.25,0,50,7,8ac60120-09b4-477f-b91c-4f9fde6e6004,False,0.01,2.0,21.189364100049715,1.2500554659000687,"x0,x1",2,0.25,0.25,,,,,,,
1.5059022364052659,-6.720066109789836,,,6.886728545946638,0.0,1.2318498256251398,0.01820564027492888,28.838644886366804,0.5767728977273361,0.10584369887425948,6.080190722314066,16.814924531036645,0.0,branin,value,logei,exact,gaussian,1.0,0,50,7,57c7edd0-18f8-498b-907c-7eb8078b4a42,False,0.01,2.0,19.960102099983487,1.2500554659000687,"x0,x1",2,1.0,1.0,,,,,,,
1.5059022364052659,-6.720066109789836,,,6.886728545946638,0.0,1.2500208046352408,3.466126482787324e-05,18.27011995084553,0.3654023990169106,0.00021375344758589598,4.409614032422105,4.452079815766334,0.0,branin,value,qnei,exact,none,0.0,0,50,7,343b828d-87da-476e-bd47-01bbb4a8398d,True,0.01,2.0,26.95151129999431,1.2500554659000687,"x0,x1",2,0.2,0.5,,,,,,,
1.5059022364052659,-6.720066109789836,,,6.886728545946638,0.0,1.2442296053693838,0.005825860530684901,26.876770072764266,0.5375354014552853,0.23195515626295715,5.66944731726813,14.703992906719913,0.0,branin,value,qnei,exact,gaussian,0.25,0,50,7,b548eac1-d2f8-4cd3-b2ca-63dd9b776a35,False,0.01,2.0,26.798498399963137,1.2500554659000687,"x0,x1",2,0.25,0.25,,,,,,,
1.5059022364052659,-6.720066109789836,,,6.886728545946638,0.0,1.2419809317934927,0.008074534106575992,38.87267614910698,0.7774535229821395,0.10908235537975375,5.861566926657858,13.922615996496951,0.0,branin,value,qnei,exact,gaussian,1.0,0,50,7,86fafd99-f55a-4db2-84ab-dd09cb8ad416,False,0.01,2.0,22.284432599961292,1.2500554659000687,"x0,x1",2,1.0,1.0,,,,,,,
-3.249291816934415,-0.23660355573313652,-7.704203856796188,5.960212283921744,10.27096714485386,0.0,5.402837764670362,0.0,118.4490552379996,2.368981104759992,0.0,28.349873568440145,28.349873568440145,0.0,hicks_law,value,logei,exact,none,0.0,0,50,7,7f07cb9c-427f-494a-8a29-e7b444879d2b,True,0.01,2.0,48.37114589998964,5.402837764670362,"x0,x1,x2,x3",4,0.2,0.5,,,,,,,
-3.249291816934415,-0.23660355573313652,-7.704203856796188,5.960212283921744,10.27096714485386,0.0,5.402837764670362,0.0,49.8278091638332,0.9965561832766641,0.0,31.22156719778089,32.22438149878385,0.0,hicks_law,value,logei,exact,gaussian,0.25,0,50,7,344931d2-271f-4ba5-b46c-f3fb4a4e0a08,False,0.01,2.0,35.24050790001638,5.402837764670362,"x0,x1,x2,x3",4,0.25,0.25,,,,,,,
-3.249291816934415,-0.23660355573313652,-7.704203856796188,5.960212283921744,10.27096714485386,0.0,2.3782374182946944,3.024600346375667,224.63325008880975,4.492665001776195,3.581124773122649,186.4725795927103,214.69602775812604,0.0,hicks_law,value,logei,exact,gaussian,1.0,0,50,7,0cf58da6-3ee5-4700-8705-3207cb9e4e7f,False,0.01,2.0,30.73460329999216,5.402837764670362,"x0,x1,x2,x3",4,1.0,1.0,,,,,,,
-3.249291816934415,-0.23660355573313652,-7.704203856796188,5.960212283921744,10.27096714485386,0.0,5.402837764670362,0.0,266.4238629403019,5.328477258806037,0.0,28.49462778712497,28.49462778712497,0.0,hicks_law,value,qnei,exact,none,0.0,0,50,7,c614b7cf-8bfb-4ecc-acc7-653aa080f16a,True,0.01,2.0,36.6460650000372,5.402837764670362,"x0,x1,x2,x3",4,0.2,0.5,,,,,,,
-3.249291816934415,-0.23660355573313652,-7.704203856796188,5.960212283921744,10.27096714485386,0.0,5.402837764670362,0.0,253.4760112756003,5.069520225512006,0.0,31.771343850193446,32.227401225918086,0.0,hicks_law,value,qnei,exact,gaussian,0.25,0,50,7,ea0cc2fd-d4a8-47b3-8c72-2f1e8d8c5661,False,0.01,2.0,27.794966899964493,5.402837764670362,"x0,x1,x2,x3",4,0.25,0.25,,,,,,,
-3.249291816934415,-0.23660355573313652,-7.704203856796188,5.960212283921744,10.27096714485386,0.0,5.402837764670362,0.0,215.03281611796965,4.3006563223593925,0.11151722003146958,67.50447364329474,82.68558149139587,0.0,hicks_law,value,qnei,exact,gaussian,1.0,0,50,7,71bb60cd-692a-46a6-a620-1f198a273777,False,0.01,2.0,27.00525440002093,5.402837764670362,"x0,x1,x2,x3",4,1.0,1.0,,,,,,,
-0.32492918169344154,-0.023660355573313585,-0.7704203856796188,0.5960212283921744,1.027096714485386,0.0,2.213057773986575,0.7444420075953424,87.01282502831634,1.7402565005663269,0.9121147836672998,51.46618896760812,55.305482293290524,0.0,moving_peaks,value,logei,exact,none,0.0,0,50,7,be9f3595-ab77-4e0e-bcb6-43f5124cd85c,True,0.01,2.0,32.661843799985945,2.9574997815819173,"x0,x1,x2,x3",4,0.2,0.5,,,,,,,
-0.32492918169344154,-0.023660355573313585,-0.7704203856796188,0.5960212283921744,1.027096714485386,0.0,2.5892884940957774,0.36821128748613985,67.63757192096526,1.3527514384193051,0.48562151748232285,42.78534706771698,46.146199797164805,0.0,moving_peaks,value,logei,exact,gaussian,0.25,0,50,7,df378c22-2b99-4cee-9726-84542f4e4843,False,0.01,2.0,33.72660359996371,2.9574997815819173,"x0,x1,x2,x3",4,0.25,0.25,,,,,,,
-0.32492918169344154,-0.023660355573313585,-0.7704203856796188,0.5960212283921744,1.027096714485386,0.0,2.1260102649415624,0.8314895166403549,129.63794420036078,2.5927588840072158,2.4415366104046807,72.3357691377691,128.35178304716047,0.0,moving_peaks,value,logei,exact,gaussian,1.0,0,50,7,06ecb582-7df2-4d08-994c-b635eccd73c1,False,0.01,2.0,34.10322710004402,2.9574997815819173,"x0,x1,x2,x3",4,1.0,1.0,,,,,,,
-0.32492918169344154,-0.023660355573313585,-0.7704203856796188,0.5960212283921744,1.027096714485386,0.0,2.2194162312160364,0.7380835503658809,111.14688446635536,2.2229376893271073,0.8420911843527077,55.934935844997675,57.61479407772989,0.0,moving_peaks,value,qnei,exact,none,0.0,0,50,7,1b3bd87e-8b20-4426-ad68-2300e679e1d6,True,0.01,2.0,31.2834946999792,2.9574997815819173,"x0,x1,x2,x3",4,0.2,0.5,,,,,,,
-0.32492918169344154,-0.023660355573313585,-0.7704203856796188,0.5960212283921744,1.027096714485386,0.0,2.1698867592581093,0.787613022323808,106.01004494487717,2.120200898897543,0.787613022323808,57.170971904126034,66.35741996979068,0.0,moving_peaks,value,qnei,exact,gaussian,0.25,0,50,7,12bff1bc-23f9-4506-8f3d-ae2ca4afe9ed,False,0.01,2.0,34.26493120001396,2.9574997815819173,"x0,x1,x2,x3",4,0.25,0.25,,,,,,,
-0.32492918169344154,-0.023660355573313585,-0.7704203856796188,0.5960212283921744,1.027096714485386,0.0,2.123015172957112,0.8344846086248054,131.011727210887,2.6202345442177397,0.8344846086248054,65.42277366946274,122.07147938432696,0.0,moving_peaks,value,qnei,exact,gaussian,1.0,0,50,7,bdda9df4-88cc-470c-82d9-d38e2372c1e1,False,0.01,2.0,37.56114850001177,2.9574997815819173,"x0,x1,x2,x3",4,1.0,1.0,,,,,,,
-0.32492918169344154,-0.023660355573313585,-0.7704203856796188,0.5960212283921744,1.027096714485386,0.0,2.153305282720616,0.0,77.44879621050168,1.5489759242100336,0.0,5.640647645590047,5.640647645590047,0.0,weber_fechner,value,logei,exact,none,0.0,0,50,7,3bc77653-0765-4264-b9fc-e00cc167a588,True,0.01,2.0,48.138289600028656,2.153305282720616,"x0,x1,x2,x3",4,0.2,0.5,,,,,,,
-0.32492918169344154,-0.023660355573313585,-0.7704203856796188,0.5960212283921744,1.027096714485386,0.0,1.9455152914389804,0.20778999128163544,35.39389092943181,0.7078778185886363,0.2600660890469386,14.233539046240825,26.79866035523106,0.0,weber_fechner,value,logei,exact,gaussian,0.25,0,50,7,e778f4e6-3a4a-431b-a606-e6b54dd05826,False,0.01,2.0,31.729091399989557,2.153305282720616,"x0,x1,x2,x3",4,0.25,0.25,,,,,,,
-0.32492918169344154,-0.023660355573313585,-0.7704203856796188,0.5960212283921744,1.027096714485386,0.0,2.0417964024970883,0.11150888022352756,45.07584668200284,0.9015169336400568,0.24275421436498013,17.151715375608845,30.208500995962922,0.0,weber_fechner,value,logei,exact,gaussian,1.0,0,50,7,5720e79e-37b1-418b-bcfc-ed2640a18d1f,False,0.01,2.0,37.00086909998208,2.153305282720616,"x0,x1,x2,x3",4,1.0,1.0,,,,,,,
-0.32492918169344154,-0.023660355573313585,-0.7704203856796188,0.5960212283921744,1.027096714485386,0.0,2.153305282720616,0.0,65.95627060713782,1.3191254121427565,0.0,5.682995226476902,5.727115229599382,0.0,weber_fechner,value,qnei,exact,none,0.0,0,50,7,38817ca8-21d5-4952-b073-25351667dba1,True,0.01,2.0,43.305473000044,2.153305282720616,"x0,x1,x2,x3",4,0.2,0.5,,,,,,,
-0.32492918169344154,-0.023660355573313585,-0.7704203856796188,0.5960212283921744,1.027096714485386,0.0,2.035094372475451,0.11821091024516495,50.55195718119472,1.0110391436238944,0.11821091024516495,12.782187082386944,23.74820268862386,0.0,weber_fechner,value,qnei,exact,gaussian,0.25,0,50,7,e7a03792-9ecb-4e64-9f1d-41d5c77aae72,False,0.01,2.0,33.349724099971354,2.153305282720616,"x0,x1,x2,x3",4,0.25,0.25,,,,,,,
-0.32492918169344154,-0.023660355573313585,-0.7704203856796188,0.5960212283921744,1.027096714485386,0.0,2.099572271379576,0.053733011341039916,74.63413792733547,1.4926827585467095,0.9361414562626291,8.991762596391744,31.640125543444366,0.0,weber_fechner,value,qnei,exact,gaussian,1.0,0,50,7,b269b1d0-f9fc-4c72-9151-06123032a494,False,0.01,2.0,31.644211200007703,2.153305282720616,"x0,x1,x2,x3",4,1.0,1.0,,,,,,,
-0.3998882766140751,-0.59704751605835,0.09786775515106838,,0.7252271835108846,0.0,3.0538831951483822,0.0010177470073453598,77.27554496527397,1.5455108993054794,0.0010177470073453598,12.630220827106552,12.630580079611157,0.0,hartmann_3,value,logei,exact,none,0.0,0,50,7,18347382-21d6-4f28-bd03-8be46436b05a,True,0.01,2.0,36.180068999994546,3.0549009421557276,"x0,x1,x2",3,0.2,0.5,,,,,,,
-0.3998882766140751,-0.59704751605835,0.09786775515106838,,0.7252271835108846,0.0,3.0428069941120643,0.01209394804366326,73.07751619307919,1.461550323861584,0.03125019536261586,27.17276879297619,31.678480975136477,0.0,hartmann_3,value,logei,exact,gaussian,0.25,0,50,7,c5c9e329-c775-441c-9a75-7b9671211954,False,0.01,2.0,30.693721100047696,3.0549009421557276,"x0,x1,x2",3,0.25,0.25,,,,,,,
-0.3998882766140751,-0.59704751605835,0.09786775515106838,,0.7252271835108846,0.0,2.9773506342528724,0.07755030790285522,71.08607823590448,1.4217215647180896,0.3069831104664855,25.229602138805106,45.50631711627896,0.0,hartmann_3,value,logei,exact,gaussian,1.0,0,50,7,2557de66-b193-44ed-8818-dfa45907ebea,False,0.01,2.0,37.814544999971986,3.0549009421557276,"x0,x1,x2",3,1.0,1.0,,,,,,,
-0.3998882766140751,-0.59704751605835,0.09786775515106838,,0.7252271835108846,0.0,3.0543971031469317,0.0005038390087959144,99.73050578485845,1.994610115697169,0.0008298394346044624,12.231680622309579,12.241511801336214,0.0,hartmann_3,value,qnei,exact,none,0.0,0,50,7,9e3aaa39-7f6a-47bd-b0af-1db34d4a2805,True,0.01,2.0,31.228953400044702,3.0549009421557276,"x0,x1,x2",3,0.2,0.5,,,,,,,
-0.3998882766140751,-0.59704751605835,0.09786775515106838,,0.7252271835108846,0.0,3.044740543259051,0.010160398896676526,66.66744122885729,1.3333488245771457,0.03906811501885965,14.526402993545581,17.665112217058052,0.0,hartmann_3,value,qnei,exact,gaussian,0.25,0,50,7,b990de90-8e37-4538-972d-a6bb331b3164,False,0.01,2.0,31.96228289999999,3.0549009421557276,"x0,x1,x2",3,0.25,0.25,,,,,,,
-0.3998882766140751,-0.59704751605835,0.09786775515106838,,0.7252271835108846,0.0,2.7481577777249746,0.306743164430753,102.02362524751385,2.040472504950277,0.9409368709850763,55.60830038948484,86.95805551908002,0.0,hartmann_3,value,qnei,exact,gaussian,1.0,0,50,7,790925f1-7879-47c1-878d-d0581ee803b3,False,0.01,2.0,32.0202143000206,3.0549009421557276,"x0,x1,x2",3,1.0,1.0,,,,,,,
-0.32492918169344154,-0.023660355573313585,-0.7704203856796188,0.5960212283921744,1.027096714485386,0.0,1.7175746997911816,0.0,53.803297487114015,1.0760659497422802,0.0,5.66494241135332,5.66494241135332,0.0,power_law_practice,value,logei,exact,none,0.0,0,50,7,49f13d6d-4268-46cc-9ece-da1b9d00e39a,True,0.01,2.0,40.56544340000255,1.7175746997911816,"x0,x1,x2,x3",4,0.2,0.5,,,,,,,
-0.32492918169344154,-0.023660355573313585,-0.7704203856796188,0.5960212283921744,1.027096714485386,0.0,1.5827515340454388,0.13482316574574282,23.54798244630657,0.4709596489261314,0.16034415898211862,13.005281514199094,21.439419822209615,0.0,power_law_practice,value,logei,exact,gaussian,0.25,0,50,7,72f8ab08-dc32-43b4-a064-07d8993ace81,False,0.01,2.0,33.24361639999552,1.7175746997911816,"x0,x1,x2,x3",4,0.25,0.25,,,,,,,
-0.32492918169344154,-0.023660355573313585,-0.7704203856796188,0.5960212283921744,1.027096714485386,0.0,1.6568784729785342,0.060696226812647414,41.243974073809376,0.8248794814761875,0.3788849618182837,10.489465650158037,38.1826888193076,0.0,power_law_practice,value,logei,exact,gaussian,1.0,0,50,7,0c42b780-80fd-4901-872d-98bc55135445,False,0.01,2.0,32.89309329999378,1.7175746997911816,"x0,x1,x2,x3",4,1.0,1.0,,,,,,,
-0.32492918169344154,-0.023660355573313585,-0.7704203856796188,0.5960212283921744,1.027096714485386,0.0,1.7175746997911816,0.0,72.80415881061411,1.4560831762122823,0.0,6.095139028535046,6.095139028535046,0.0,power_law_practice,value,qnei,exact,none,0.0,0,50,7,76744468-f723-45f2-8f8c-f76789d172f5,True,0.01,2.0,40.34470690001035,1.7175746997911816,"x0,x1,x2,x3",4,0.2,0.5,,,,,,,
-0.32492918169344154,-0.023660355573313585,-0.7704203856796188,0.5960212283921744,1.027096714485386,0.0,1.7175746997911816,0.0,44.64773651875732,0.8929547303751464,0.14293184651922308,7.154124038981051,12.563166888571272,0.0,power_law_practice,value,qnei,exact,gaussian,0.25,0,50,7,26e7c8ac-ecbc-4d70-b8bb-6b7d500acb8d,False,0.01,2.0,31.423301599978004,1.7175746997911816,"x0,x1,x2,x3",4,0.25,0.25,,,,,,,
-0.32492918169344154,-0.023660355573313585,-0.7704203856796188,0.5960212283921744,1.027096714485386,0.0,1.6885066977986092,0.029068001992572423,42.38912561327584,0.8477825122655167,0.4828433266650769,11.113904493306825,29.35861208549182,0.0,power_law_practice,value,qnei,exact,gaussian,1.0,0,50,7,c010dd52-f6e2-44c0-b0e2-9e61a7a20448,False,0.01,2.0,32.173053100006655,1.7175746997911816,"x0,x1,x2,x3",4,1.0,1.0,,,,,,,
-0.32492918169344154,-0.023660355573313585,-0.7704203856796188,0.5960212283921744,1.027096714485386,0.0,1.2900514537905607,0.00032372400846325533,19.735051322115847,0.39470102644231697,0.0006339560377350839,8.567076513107125,8.574015683552696,0.0,steering_law,value,logei,exact,none,0.0,0,50,7,cb5e311d-1bc6-4ed3-9be4-6bacf858e596,True,0.01,2.0,40.358241399982944,1.290375177799024,"x0,x1,x2,x3",4,0.2,0.5,,,,,,,
-0.32492918169344154,-0.023660355573313585,-0.7704203856796188,0.5960212283921744,1.027096714485386,0.0,1.2787432918811534,0.011631885917870566,34.857575915652326,0.6971515183130466,0.14080010453946112,22.31029139065725,35.528891914750865,0.0,steering_law,value,logei,exact,gaussian,0.25,0,50,7,d68497ac-b17b-438c-821a-a662d07dbfea,False,0.01,2.0,31.045973100000992,1.290375177799024,"x0,x1,x2,x3",4,0.25,0.25,,,,,,,
-0.32492918169344154,-0.023660355573313585,-0.7704203856796188,0.5960212283921744,1.027096714485386,0.0,0.6902474466660626,0.6001277311329614,76.0123662052766,1.520247324105532,1.2018979513270989,44.2429858386457,81.62048248612159,0.0,steering_law,value,logei,exact,gaussian,1.0,0,50,7,8c26283c-cca6-45f5-9504-0f3cec5a53e5,False,0.01,2.0,32.64036880002823,1.290375177799024,"x0,x1,x2,x3",4,1.0,1.0,,,,,,,
-0.32492918169344154,-0.023660355573313585,-0.7704203856796188,0.5960212283921744,1.027096714485386,0.0,1.2902914605698936,8.37172291303645e-05,26.60779493410201,0.5321558986820402,8.37172291303645e-05,8.551225811290596,8.564492407209574,0.0,steering_law,value,qnei,exact,none,0.0,0,50,7,1e5bc52d-3f3f-4a3f-9db6-1ab0ba0fd509,True,0.01,2.0,43.210543200024404,1.290375177799024,"x0,x1,x2,x3",4,0.2,0.5,,,,,,,
-0.32492918169344154,-0.023660355573313585,-0.7704203856796188,0.5960212283921744,1.027096714485386,0.0,1.2902167704481167,0.00015840735090733027,18.166711584708356,0.3633342316941671,0.018350179797567145,6.437930736981983,7.178185531697381,0.0,steering_law,value,qnei,exact,gaussian,0.25,0,50,7,4ca55d1f-7205-4143-8334-6ceece83cbc2,False,0.01,2.0,29.14922280004248,1.290375177799024,"x0,x1,x2,x3",4,0.25,0.25,,,,,,,
-0.32492918169344154,-0.023660355573313585,-0.7704203856796188,0.5960212283921744,1.027096714485386,0.0,0.9940889336936862,0.29628624410533777,86.61612807710397,1.7323225615420794,0.37391144746977867,31.82158501644094,85.787898831596,0.0,steering_law,value,qnei,exact,gaussian,1.0,0,50,7,d16f5660-9c7f-4d80-9cac-5d9bdcdf60d3,False,0.01,2.0,42.783148199960124,1.290375177799024,"x0,x1,x2,x3",4,1.0,1.0,,,,,,,
133.0915158206857,-737.4335282982871,-254.10869041529082,-371.50017798877445,1165.691399325861,0.0,2.736908004745866,0.01694781091310471,88.16710248435261,1.7633420496870522,0.01694781091310471,18.88368122808237,18.902622289896943,0.0,griewank,value,logei,exact,none,0.0,0,50,8,0f71bad5-c1e1-4874-92f9-06a8d75156e1,True,0.01,2.0,63.364879600005224,2.7538558156589708,"x0,x1,x2,x3,x4,x5",6,0.2,0.5,-754.2532399338406,-160.72746958567706,,,,,
133.0915158206857,-737.4335282982871,-254.10869041529082,-371.50017798877445,1165.691399325861,0.0,2.6990704547389948,0.05478536091997599,59.561969772674004,1.1912393954534801,0.07994219325466068,36.66298185653749,48.195189418534746,0.0,griewank,value,logei,exact,gaussian,0.25,0,50,8,6f472221-a66b-4b0f-b0d3-32ef621b2ff8,False,0.01,2.0,49.389867899997625,2.7538558156589708,"x0,x1,x2,x3,x4,x5",6,0.25,0.25,-754.2532399338406,-160.72746958567706,,,,,
133.0915158206857,-737.4335282982871,-254.10869041529082,-371.50017798877445,1165.691399325861,0.0,2.394249686673154,0.35960612898581656,76.97045390900868,1.5394090781801737,1.1664325098359931,35.08865037949434,67.99846177808664,0.0,griewank,value,logei,exact,gaussian,1.0,0,50,8,33d53f93-b8ad-4f2f-add9-fa1e190ec9c0,False,0.01,2.0,30.970926199981477,2.7538558156589708,"x0,x1,x2,x3,x4,x5",6,1.0,1.0,-754.2532399338406,-160.72746958567706,,,,,
133.0915158206857,-737.4335282982871,-254.10869041529082,-371.50017798877445,1165.691399325861,0.0,2.697412689355433,0.05644312630353765,96.17446487262723,1.9234892974525446,0.05644312630353765,21.702526246177516,21.77131730130998,0.0,griewank,value,qnei,exact,none,0.0,0,50,8,39e9cd92-c8e3-4bbf-91ae-1467a5297063,True,0.01,2.0,50.58979250001721,2.7538558156589708,"x0,x1,x2,x3,x4,x5",6,0.2,0.5,-754.2532399338406,-160.72746958567706,,,,,
133.0915158206857,-737.4335282982871,-254.10869041529082,-371.50017798877445,1165.691399325861,0.0,1.745296311705745,1.0085595039532258,94.17864862578138,1.8835729725156276,1.7027907228869328,57.73398999158388,81.35591731758251,0.0,griewank,value,qnei,exact,gaussian,0.25,0,50,8,3a71bab5-a235-4201-b270-4090fc9fdafe,False,0.01,2.0,51.01497519999975,2.7538558156589708,"x0,x1,x2,x3,x4,x5",6,0.25,0.25,-754.2532399338406,-160.72746958567706,,,,,
133.0915158206857,-737.4335282982871,-254.10869041529082,-371.50017798877445,1165.691399325861,0.0,2.1133908874426712,0.6404649282162995,142.2464489808072,2.844928979616144,2.176117622874791,55.40310924076988,108.28208275753622,0.0,griewank,value,qnei,exact,gaussian,1.0,0,50,8,da1e7cc8-faa7-42e0-bf56-6e7c3dc48dc3,False,0.01,2.0,44.42423000000417,2.7538558156589708,"x0,x1,x2,x3,x4,x5",6,1.0,1.0,-754.2532399338406,-160.72746958567706,,,,,
542.9242350906554,-596.1920367987316,119.1710346372821,-415.8000327306759,915.042661577232,0.0,2.3280255013718034,2.0003648704070485,173.42369277386405,3.468473855477281,2.0003648704070485,124.26701453205843,124.39336301690875,0.0,schwefel,value,logei,exact,none,0.0,0,50,8,e15f11e2-1ebd-4dd6-ab62-b4226b06c1b5,True,0.01,2.0,37.89965239999583,4.328390371778852,"x0,x1,x2,x3",4,0.2,0.5,,,,,,,
542.9242350906554,-596.1920367987316,119.1710346372821,-415.8000327306759,915.042661577232,0.0,3.0953126211349224,1.2330777506439294,174.806014953641,3.49612029907282,1.404519056337222,95.74990199111278,102.9699156267661,0.0,schwefel,value,logei,exact,gaussian,0.25,0,50,8,fe1c7f81-f185-419b-b904-0c8fdd98c56b,False,0.01,2.0,36.80738889996428,4.328390371778852,"x0,x1,x2,x3",4,0.25,0.25,,,,,,,
542.9242350906554,-596.1920367987316,119.1710346372821,-415.8000327306759,915.042661577232,0.0,2.2322238491595563,2.0961665226192956,194.95056041754606,3.899011208350921,3.4911622719982107,127.47079266758918,155.025858236726,0.0,schwefel,value,logei,exact,gaussian,1.0,0,50,8,b3df0932-bbae-40c3-a8ca-234fe678f35c,False,0.01,2.0,25.857543700025417,4.328390371778852,"x0,x1,x2,x3",4,1.0,1.0,,,,,,,
542.9242350906554,-596.1920367987316,119.1710346372821,-415.8000327306759,915.042661577232,0.0,2.657340664513693,1.671049707265159,178.03281570705272,3.5606563141410543,1.671049707265159,114.930071383453,115.21169403008955,0.0,schwefel,value,qnei,exact,none,0.0,0,50,8,04d385fa-aa6d-47c2-8e99-ba62893ab43b,True,0.01,2.0,36.5374897000147,4.328390371778852,"x0,x1,x2,x3",4,0.2,0.5,,,,,,,
542.9242350906554,-596.1920367987316,119.1710346372821,-415.8000327306759,915.042661577232,0.0,2.3858709852292357,1.9425193865496162,182.15930437779417,3.6431860875558835,1.9425193865496162,138.13620773663712,149.6528160623263,0.0,schwefel,value,qnei,exact,gaussian,0.25,0,50,8,cabe8800-f2ee-4598-b3e3-f4cebcd34c7a,False,0.01,2.0,44.57522769999923,4.328390371778852,"x0,x1,x2,x3",4,0.25,0.25,,,,,,,
542.9242350906554,-596.1920367987316,119.1710346372821,-415.8000327306759,915.042661577232,0.0,1.9305294668692465,2.3978609049096056,197.40550823103086,3.9481101646206174,3.2132710483741955,136.49696825278755,173.61901079606557,0.0,schwefel,value,qnei,exact,gaussian,1.0,0,50,8,552035a3-dc0c-4bce-a66c-9b3b91949568,False,0.01,2.0,43.11753280000994,4.328390371778852,"x0,x1,x2,x3",4,1.0,1.0,,,,,,,
4.886318115815898,-5.365728331188584,1.0725393117355386,-3.742200294576083,8.235383954195088,0.0,0.7606506619802451,0.0035732214782147054,16.123437672056365,0.3224687534411273,0.008322786267559668,1.1554926875631315,1.26010632607657,0.0,powell,value,logei,exact,none,0.0,0,50,8,9801e8de-5093-42a0-a1f5-6c0452b585e3,True,0.01,2.0,34.30714530003024,0.7642238834584598,"x0,x1,x2,x3",4,0.2,0.5,,,,,,,
4.886318115815898,-5.365728331188584,1.0725393117355386,-3.742200294576083,8.235383954195088,0.0,0.7567201461250302,0.007503737333429572,16.593650446680297,0.33187300893360594,0.015536139682745698,1.5823072419779916,11.328114743436872,0.0,powell,value,logei,exact,gaussian,0.25,0,50,8,e15d6257-615e-4077-9805-6c290a51f6e2,False,0.01,2.0,31.26149309996981,0.7642238834584598,"x0,x1,x2,x3",4,0.25,0.25,,,,,,,
4.886318115815898,-5.365728331188584,1.0725393117355386,-3.742200294576083,8.235383954195088,0.0,0.7386699764337399,0.025553907024719935,34.30969141298447,0.6861938282596894,0.1430633468842688,2.071697365075029,21.507419869832397,0.0,powell,value,logei,exact,gaussian,1.0,0,50,8,6d39e96f-bfc2-41c5-8f51-f4027f954458,False,0.01,2.0,35.14931229996728,0.7642238834584598,"x0,x1,x2,x3",4,1.0,1.0,,,,,,,
4.886318115815898,-5.365728331188584,1.0725393117355386,-3.742200294576083,8.235383954195088,0.0,0.762867974376958,0.0013559090815018493,18.476025811448388,0.36952051622896775,0.002472603902790138,1.0900618614247928,1.1640685188746773,0.0,powell,value,qnei,exact,none,0.0,0,50,8,fb9af9bc-65d3-403d-80af-0d6b80a75bc7,True,0.01,2.0,30.233993500005454,0.7642238834584598,"x0,x1,x2,x3",4,0.2,0.5,,,,,,,
4.886318115815898,-5.365728331188584,1.0725393117355386,-3.742200294576083,8.235383954195088,0.0,0.7495784897553611,0.014645393703098697,16.009562375816976,0.32019124751633954,0.07901125798861941,2.073691299290552,13.772904638809534,0.0,powell,value,qnei,exact,gaussian,0.25,0,50,8,054519aa-f08a-4936-ba4b-b06071c6c6cf,False,0.01,2.0,42.14620770001784,0.7642238834584598,"x0,x1,x2,x3",4,0.25,0.25,,,,,,,
4.886318115815898,-5.365728331188584,1.0725393117355386,-3.742200294576083,8.235383954195088,0.0,0.7590144191239973,0.005209464334462566,45.16702296344929,0.9033404592689859,0.09082383523157966,1.2937122186879089,12.290614925387866,0.0,powell,value,qnei,exact,gaussian,1.0,0,50,8,f2206259-4479-4530-bfc5-b0893b9607b8,False,0.01,2.0,44.8954800000065,0.7642238834584598,"x0,x1,x2,x3",4,1.0,1.0,,,,,,,
35.58108267090119,-39.07204132364167,7.809992925988919,-27.249870945037575,59.96823586912547,0.0,17.610605357606584,2.491841796246849,725.4077549769429,14.508155099538858,2.491841796246849,382.6587132055812,383.3043114877625,0.0,ackley,value,logei,exact,none,0.0,0,50,8,ef177d7e-b656-4a78-bb2f-8e73ead2452c,True,0.01,2.0,34.36132910003653,20.102447153853433,"x0,x1,x2,x3",4,0.2,0.5,,,,,,,
35.58108267090119,-39.07204132364167,7.809992925988919,-27.249870945037575,59.96823586912547,0.0,16.8314861957898,3.2709609580636325,716.5788554899807,14.331577109799614,3.2709609580636325,513.5001832015,515.4740554575803,0.0,ackley,value,logei,exact,gaussian,0.25,0,50,8,0c50c61c-a6a3-4f1c-9ebc-6ad9edbc1a5e,False,0.01,2.0,37.42480079998495,20.102447153853433,"x0,x1,x2,x3",4,0.25,0.25,,,,,,,
35.58108267090119,-39.07204132364167,7.809992925988919,-27.249870945037575,59.96823586912547,0.0,14.723511051222072,5.378936102631361,745.0430757322622,14.900861514645245,7.868404883948184,613.6605383855102,698.7586143929041,0.0,ackley,value,logei,exact,gaussian,1.0,0,50,8,cc90fa74-0dcc-43d2-b851-202b67fb8715,False,0.01,2.0,34.24888790003024,20.102447153853433,"x0,x1,x2,x3",4,1.0,1.0,,,,,,,
35.58108267090119,-39.07204132364167,7.809992925988919,-27.249870945037575,59.96823586912547,0.0,17.60166231612491,2.5007848377285242,736.7533178756897,14.735066357513794,2.5007848377285242,395.07668236930175,395.24041242660434,0.0,ackley,value,qnei,exact,none,0.0,0,50,8,83982ebe-5409-49ab-baa5-5b9c63f63873,True,0.01,2.0,36.8124153999961,20.102447153853433,"x0,x1,x2,x3",4,0.2,0.5,,,,,,,
35.58108267090119,-39.07204132364167,7.809992925988919,-27.249870945037575,59.96823586912547,0.0,16.732583237139888,3.3698639167135447,713.5296098820598,14.270592197641196,3.3698639167135447,388.44382373828586,389.48985844617584,0.0,ackley,value,qnei,exact,gaussian,0.25,0,50,8,e2e44b96-79bf-4852-a9e9-d1e9f5dc70d3,False,0.01,2.0,38.58906879997812,20.102447153853433,"x0,x1,x2,x3",4,0.25,0.25,,,,,,,
35.58108267090119,-39.07204132364167,7.809992925988919,-27.249870945037575,59.96823586912547,0.0,13.297838531255048,6.804608622598385,840.4571481060091,16.80914296212018,7.778248127165488,732.2475181200638,779.1874977215366,0.0,ackley,value,qnei,exact,gaussian,1.0,0,50,8,78314033-f72c-4497-85aa-b8d083b995e1,False,0.01,2.0,63.36698699998669,20.102447153853433,"x0,x1,x2,x3",4,1.0,1.0,,,,,,,
8.14386352635983,-8.942880551980974,1.787565519559231,-6.237000490960139,13.72563992365848,0.0,1.0201555934912503,0.005467657080173494,22.001232455476046,0.44002464910952094,0.007922528245349891,2.8714279646964718,2.954347152764651,0.0,rosenbrock,value,logei,exact,none,0.0,0,50,8,1ebe9376-2ba2-442e-8c8a-6d5fb8198e5a,True,0.01,2.0,43.51243409997551,1.0256232505714238,"x0,x1,x2,x3",4,0.2,0.5,,,,,,,
8.14386352635983,-8.942880551980974,1.787565519559231,-6.237000490960139,13.72563992365848,0.0,1.0241668951170855,0.0014563554543383095,10.061198651666073,0.20122397303332146,0.021475587167685495,3.0262831244905044,4.564100643776505,0.0,rosenbrock,value,logei,exact,gaussian,0.25,0,50,8,bd0b64bd-488d-46e1-802b-1ea17f3bf55a,False,0.01,2.0,30.94385239999974,1.0256232505714238,"x0,x1,x2,x3",4,0.25,0.25,,,,,,,
8.14386352635983,-8.942880551980974,1.787565519559231,-6.237000490960139,13.72563992365848,0.0,1.0169189660616618,0.008704284509762017,25.544453150215634,0.5108890630043127,0.020550619919549318,3.7655603944828853,29.93571973807057,0.0,rosenbrock,value,logei,exact,gaussian,1.0,0,50,8,b75ed556-6ac3-431f-a51e-99234bdfe31c,False,0.01,2.0,32.31772170000477,1.0256232505714238,"x0,x1,x2,x3",4,1.0,1.0,,,,,,,
8.14386352635983,-8.942880551980974,1.787565519559231,-6.237000490960139,13.72563992365848,0.0,1.0240627154023214,0.0015605351691023728,22.001664241293184,0.4400332848258637,0.008396842700769014,3.0366799109511424,3.1083174809152085,0.0,rosenbrock,value,qnei,exact,none,0.0,0,50,8,152aa653-8c69-4dfc-8706-8e7f1889369b,True,0.01,2.0,43.571698800020386,1.0256232505714238,"x0,x1,x2,x3",4,0.2,0.5,,,,,,,
8.14386352635983,-8.942880551980974,1.787565519559231,-6.237000490960139,13.72563992365848,0.0,1.0207614531387805,0.004861797432643256,22.54013096117963,0.4508026192235926,0.03318509461794783,3.6785911393212665,9.856883951207056,0.0,rosenbrock,value,qnei,exact,gaussian,0.25,0,50,8,b92f5bbd-e288-4f60-8215-519bc645468a,False,0.01,2.0,43.86054849997163,1.0256232505714238,"x0,x1,x2,x3",4,0.25,0.25,,,,,,,
8.14386352635983,-8.942880551980974,1.787565519559231,-6.237000490960139,13.72563992365848,0.0,1.0051817592237913,0.020441491347632512,62.19982621850102,1.2439965243700204,1.7191966751926366,3.8425123622785327,72.68098720726438,0.0,rosenbrock,value,qnei,exact,gaussian,1.0,0,50,8,871da215-4985-49b9-ab30-3a5c92746c83,False,0.01,2.0,54.12879889999749,1.0256232505714238,"x0,x1,x2,x3",4,1.0,1.0,,,,,,,
0.5429242350906553,-0.5961920367987316,0.11917103463728207,-0.4158000327306759,0.915042661577232,0.0,3.513130777248007,0.0222817665388515,133.33836664081798,2.6667673328163595,0.0222817665388515,18.670269489025223,18.67615458794075,0.0,yerkes_dodson,value,logei,exact,none,0.0,0,50,8,8bc8c05e-8ad5-494f-97f9-45a800740c89,True,0.01,2.0,38.05635299999267,3.5354125437868587,"x0,x1,x2,x3",4,0.2,0.5,,,,,,,
0.5429242350906553,-0.5961920367987316,0.11917103463728207,-0.4158000327306759,0.915042661577232,0.0,3.5028056824037868,0.032606861383071895,65.0960633191815,1.30192126638363,0.11085185313842638,32.33704747998226,36.10499115796398,0.0,yerkes_dodson,value,logei,exact,gaussian,0.25,0,50,8,11364b51-6147-4db7-88a7-8a01ab82cfab,False,0.01,2.0,32.325369799975306,3.5354125437868587,"x0,x1,x2,x3",4,0.25,0.25,,,,,,,
0.5429242350906553,-0.5961920367987316,0.11917103463728207,-0.4158000327306759,0.915042661577232,0.0,3.3342618508745723,0.20115069291228638,112.91286239556054,2.2582572479112106,0.59300947104053,68.29364638927373,94.20755650709435,0.0,yerkes_dodson,value,logei,exact,gaussian,1.0,0,50,8,2fd06e20-e538-477b-b6c3-f71ac566cd81,False,0.01,2.0,30.595242500014137,3.5354125437868587,"x0,x1,x2,x3",4,1.0,1.0,,,,,,,
0.5429242350906553,-0.5961920367987316,0.11917103463728207,-0.4158000327306759,0.915042661577232,0.0,3.515147538711438,0.020265005075420728,128.5674650727388,2.571349301454776,0.020265005075420728,19.586138790811443,19.591542319021432,0.0,yerkes_dodson,value,qnei,exact,none,0.0,0,50,8,24ae6eaa-7378-4b29-95c1-51441e0e5f8e,True,0.01,2.0,38.25042759999633,3.5354125437868587,"x0,x1,x2,x3",4,0.2,0.5,,,,,,,
0.5429242350906553,-0.5961920367987316,0.11917103463728207,-0.4158000327306759,0.915042661577232,0.0,3.4839124967831814,0.051500047003677274,95.39216982510506,1.907843396502101,0.526462132944419,31.482307480049357,41.172857328144275,0.0,yerkes_dodson,value,qnei,exact,gaussian,0.25,0,50,8,4dc6f805-5324-4b3d-aa80-fea069531f6c,False,0.01,2.0,46.139513699978124,3.5354125437868587,"x0,x1,x2,x3",4,0.25,0.25,,,,,,,
0.5429242350906553,-0.5961920367987316,0.11917103463728207,-0.4158000327306759,0.915042661577232,0.0,3.02394825288259,0.5114642909042688,132.88578523715714,2.6577157047431426,0.6868283446532111,65.3523560417669,110.71074878672164,0.0,yerkes_dodson,value,qnei,exact,gaussian,1.0,0,50,8,816bc9a4-8dbb-4808-9118-e2f76f2c9155,False,0.01,2.0,63.346068200015,3.5354125437868587,"x0,x1,x2,x3",4,1.0,1.0,,,,,,,
5.559544167328312,-6.1050064568190106,1.2203113946857687,-4.257792335162121,9.370036854550856,0.0,2.4941178766678003,1.1448211967702515,124.98610626884415,2.499722125376883,1.318097917731841,84.18749043701742,85.03696573132163,0.0,rastrigin,value,logei,exact,none,0.0,0,50,8,61b03c93-ae35-4ea7-bd43-aba3d0de9940,True,0.01,2.0,30.215799700003117,3.638939073438052,"x0,x1,x2,x3",4,0.2,0.5,,,,,,,
5.559544167328312,-6.1050064568190106,1.2203113946857687,-4.257792335162121,9.370036854550856,0.0,2.4072111765003257,1.231727896937726,148.856734003687,2.97713468007374,1.231727896937726,90.8871974145252,97.8348679039017,0.0,rastrigin,value,logei,exact,gaussian,0.25,0,50,8,70d62121-f6a0-41ec-ba6f-5408482dc2d1,False,0.01,2.0,35.50535970000783,3.638939073438052,"x0,x1,x2,x3",4,0.25,0.25,,,,,,,
5.559544167328312,-6.1050064568190106,1.2203113946857687,-4.257792335162121,9.370036854550856,0.0,2.4342552101830055,1.2046838632550463,153.4825116514912,3.069650233029824,2.0965208999904075,87.00640872078831,118.56319693094335,0.0,rastrigin,value,logei,exact,gaussian,1.0,0,50,8,e9fe1e93-299c-48f2-a6f3-df1d700e0e8d,False,0.01,2.0,30.368220099946484,3.638939073438052,"x0,x1,x2,x3",4,1.0,1.0,,,,,,,
5.559544167328312,-6.1050064568190106,1.2203113946857687,-4.257792335162121,9.370036854550856,0.0,2.82940038778048,0.8095386856575719,107.37223938543511,2.147444787708702,0.8095386856575719,58.526494335768255,58.644392100455015,0.0,rastrigin,value,qnei,exact,none,0.0,0,50,8,0a09ed83-9064-4404-9d16-5a4a99e3e4e9,True,0.01,2.0,46.19185269996524,3.638939073438052,"x0,x1,x2,x3",4,0.2,0.5,,,,,,,
5.559544167328312,-6.1050064568190106,1.2203113946857687,-4.257792335162121,9.370036854550856,0.0,2.043650469382213,1.5952886040558387,146.91207014393297,2.9382414028786594,1.6961508582212046,94.27726506683194,101.85009158495635,0.0,rastrigin,value,qnei,exact,gaussian,0.25,0,50,8,311ec14f-6132-4f3c-ba22-07725aecd357,False,0.01,2.0,51.60511529998621,3.638939073438052,"x0,x1,x2,x3",4,0.25,0.25,,,,,,,
5.559544167328312,-6.1050064568190106,1.2203113946857687,-4.257792335162121,9.370036854550856,0.0,2.1065987162349242,1.5323403572031276,182.76046381068127,3.6552092762136255,3.2722484431548686,107.89707532975692,156.63341513216423,0.0,rastrigin,value,qnei,exact,gaussian,1.0,0,50,8,3dfd20dc-93e5-44b0-b9b7-7a6d38959e65,False,0.01,2.0,66.40345019998495,3.638939073438052,"x0,x1,x2,x3",4,1.0,1.0,,,,,,,
0.11090959651723808,-0.6145279402485725,-0.21175724201274237,-0.309583481657312,0.9714094994382175,0.0,7.9328697959739936,0.03429416731794355,241.64350508141598,4.83287010162832,0.03829079044438011,57.68103750068481,57.753695700059346,0.0,hartmann_6,value,logei,exact,none,0.0,0,50,8,9098b146-70af-45a2-b7cf-bf6f7c056280,True,0.01,2.0,61.80832549999468,7.967163963291937,"x0,x1,x2,x3,x4,x5",6,0.2,0.5,-0.6285443666115338,-0.13393955798806423,,,,,
0.11090959651723808,-0.6145279402485725,-0.21175724201274237,-0.309583481657312,0.9714094994382175,0.0,7.756768239263792,0.2103957240281451,140.0698116567795,2.80139623313559,0.5189602168874741,92.30727153349291,105.83782226121778,0.0,hartmann_6,value,logei,exact,gaussian,0.25,0,50,8,9d60d766-079f-443e-a064-fbce06e437c7,False,0.01,2.0,47.820351300004404,7.967163963291937,"x0,x1,x2,x3,x4,x5",6,0.25,0.25,-0.6285443666115338,-0.13393955798806423,,,,,
0.11090959651723808,-0.6145279402485725,-0.21175724201274237,-0.309583481657312,0.9714094994382175,0.0,3.8396825017826863,4.127481461509251,310.0800818041082,6.201601636082164,4.470646134951562,207.30403277347267,295.4108869336792,0.0,hartmann_6,value,logei,exact,gaussian,1.0,0,50,8,623aeb89-fc7e-4997-a555-f3a9ccb4e9b1,False,0.01,2.0,64.94892739999341,7.967163963291937,"x0,x1,x2,x3,x4,x5",6,1.0,1.0,-0.6285443666115338,-0.13393955798806423,,,,,
0.11090959651723808,-0.6145279402485725,-0.21175724201274237,-0.309583481657312,0.9714094994382175,0.0,7.869620769629534,0.09754319366240338,251.24853762575103,5.024970752515021,0.09754319366240338,58.84510046306892,58.86909083579216,0.0,hartmann_6,value,qnei,exact,none,0.0,0,50,8,3e71dce6-c97d-4cd2-8d46-1f8b456c25ee,True,0.01,2.0,54.120858799957205,7.967163963291937,"x0,x1,x2,x3,x4,x5",6,0.2,0.5,-0.6285443666115338,-0.13393955798806423,,,,,
0.11090959651723808,-0.6145279402485725,-0.21175724201274237,-0.309583481657312,0.9714094994382175,0.0,7.7265261732003045,0.24063779009163255,191.37762536622722,3.8275525073245444,1.0903597829651162,108.12650819386363,122.4803937384929,0.0,hartmann_6,value,qnei,exact,gaussian,0.25,0,50,8,a489eb42-5f11-4d96-98da-801925426135,False,0.01,2.0,53.33008760004304,7.967163963291937,"x0,x1,x2,x3,x4,x5",6,0.25,0.25,-0.6285443666115338,-0.13393955798806423,,,,,
0.11090959651723808,-0.6145279402485725,-0.21175724201274237,-0.309583481657312,0.9714094994382175,0.0,7.13218013236283,0.8349838309291071,280.60421580925714,5.612084316185143,1.4272887358207953,150.67480190509173,214.54095323394444,0.0,hartmann_6,value,qnei,exact,gaussian,1.0,0,50,8,706b18e1-14b4-4d78-9a1a-dde0490f4f43,False,0.01,2.0,75.8297084000078,7.967163963291937,"x0,x1,x2,x3,x4,x5",6,1.0,1.0,-0.6285443666115338,-0.13393955798806423,,,,,
5.429242350906553,-5.961920367987315,1.1917103463728207,-4.158000327306759,9.15042661577232,0.0,13.17532189391924,43.598752144099144,2582.5297958191327,51.650595916382656,43.598752144099144,2344.218576131395,2344.218576131395,0.0,shekel,value,logei,exact,none,0.0,0,50,8,0d02f093-f6e6-4d6f-8634-248f7fed3f40,True,0.01,2.0,38.21583489998011,56.774074038018384,"x0,x1,x2,x3",4,0.2,0.5,,,,,,,
5.429242350906553,-5.961920367987315,1.1917103463728207,-4.158000327306759,9.15042661577232,0.0,13.483072259682595,43.29100177833579,2689.1750348815353,53.78350069763071,43.29100177833579,2562.1535296842935,2575.735881487669,0.0,shekel,value,logei,exact,gaussian,0.25,0,50,8,44fb5a9c-d81e-4a5f-b120-a32f26a53a99,False,0.01,2.0,43.506862200039905,56.774074038018384,"x0,x1,x2,x3",4,0.25,0.25,,,,,,,
5.429242350906553,-5.961920367987315,1.1917103463728207,-4.158000327306759,9.15042661577232,0.0,1.3387350548205907,55.435338983197795,2845.847033434567,56.91694066869134,56.59106524218985,2749.216754371478,2791.1626779786575,0.0,shekel,value,logei,exact,gaussian,1.0,0,50,8,b75659f3-5b70-43a6-82f5-e27489798774,False,0.01,2.0,39.80693140003132,56.774074038018384,"x0,x1,x2,x3",4,1.0,1.0,,,,,,,
5.429242350906553,-5.961920367987315,1.1917103463728207,-4.158000327306759,9.15042661577232,0.0,13.321937590176354,43.45213644784203,2665.0519570392953,53.3010391407859,43.45213644784203,2364.888513914117,2364.888513914117,0.0,shekel,value,qnei,exact,none,0.0,0,50,8,9acfd945-0143-4f2c-931d-5b4b02fb3329,True,0.01,2.0,35.92000199999893,56.774074038018384,"x0,x1,x2,x3",4,0.2,0.5,,,,,,,
5.429242350906553,-5.961920367987315,1.1917103463728207,-4.158000327306759,9.15042661577232,0.0,23.41906049136438,33.35501354665401,2686.473080104277,53.729461602085536,33.35501354665401,2240.678989549371,2242.6960473968466,0.0,shekel,value,qnei,exact,gaussian,0.25,0,50,8,aa089403-a1ff-46b3-a3de-bfd4bf6a55d3,False,0.01,2.0,55.76050249999389,56.774074038018384,"x0,x1,x2,x3",4,0.25,0.25,,,,,,,
5.429242350906553,-5.961920367987315,1.1917103463728207,-4.158000327306759,9.15042661577232,0.0,1.3571639802181454,55.41691005780024,2853.2859825943624,57.06571965188725,57.10550747017263,2750.848210327797,2789.912496846606,0.0,shekel,value,qnei,exact,gaussian,1.0,0,50,8,1e60bc82-b544-4e69-b892-1ef058a4b95e,False,0.01,2.0,63.08122829999775,56.774074038018384,"x0,x1,x2,x3",4,1.0,1.0,,,,,,,
0.20141545304255803,-1.7259752023470254,0.16976558677362275,-2.141294910814377,3.023551846861266,0.0,6.189551718162385,1.858169448526593,273.2127596460771,5.4642551929215415,1.858169448526593,203.41445985636264,203.48715265768598,0.0,michalewicz,value,logei,exact,none,0.0,0,50,8,54348cc2-81f3-4a2c-b790-c31d58a3800f,True,0.01,2.0,51.78179199999431,8.047721166688978,"x0,x1,x2,x3,x4",5,0.2,0.5,-1.2281461384073296,,,,,,
0.20141545304255803,-1.7259752023470254,0.16976558677362275,-2.141294910814377,3.023551846861266,0.0,3.1243580991958293,4.923363067493149,358.5015752519491,7.170031505038981,4.946657598510884,307.53576763611204,309.244708123652,0.0,michalewicz,value,logei,exact,gaussian,0.25,0,50,8,9e8d1365-882f-490a-b589-6c49314bff81,False,0.01,2.0,54.06954709999263,8.047721166688978,"x0,x1,x2,x3,x4",5,0.25,0.25,-1.2281461384073296,,,,,,
0.20141545304255803,-1.7259752023470254,0.16976558677362275,-2.141294910814377,3.023551846861266,0.0,4.206254669056699,3.841466497632279,353.10177653375894,7.062035530675178,3.841466497632279,243.12558811574849,251.34608522422909,0.0,michalewicz,value,logei,exact,gaussian,1.0,0,50,8,6ab94a88-e725-4a8c-b257-74a1049a3bdd,False,0.01,2.0,38.87297419999959,8.047721166688978,"x0,x1,x2,x3,x4",5,1.0,1.0,-1.2281461384073296,,,,,,
0.20141545304255803,-1.7259752023470254,0.16976558677362275,-2.141294910814377,3.023551846861266,0.0,5.623045658487963,2.424675508201015,315.5172648884176,6.310345297768353,2.424675508201015,183.35203716125895,183.35203716125895,0.0,michalewicz,value,qnei,exact,none,0.0,0,50,8,4fee5b04-109e-4897-9ebb-4b52e519c4ec,True,0.01,2.0,50.45115860004444,8.047721166688978,"x0,x1,x2,x3,x4",5,0.2,0.5,-1.2281461384073296,,,,,,
0.20141545304255803,-1.7259752023470254,0.16976558677362275,-2.141294910814377,3.023551846861266,0.0,5.113685219289671,2.934035947399307,340.3180395734381,6.806360791468762,2.934035947399307,254.80605380977192,264.20287065572575,0.0,michalewicz,value,qnei,exact,gaussian,0.25,0,50,8,aac96775-77d4-4454-99e9-74cfb76e4c93,False,0.01,2.0,64.67060239997227,8.047721166688978,"x0,x1,x2,x3,x4",5,0.25,0.25,-1.2281461384073296,,,,,,
0.20141545304255803,-1.7259752023470254,0.16976558677362275,-2.141294910814377,3.023551846861266,0.0,2.39173518052813,5.655985986160848,377.259542706949,7.54519085413898,6.262735131322101,319.8079807728991,351.80644483413647,0.0,michalewicz,value,qnei,exact,gaussian,1.0,0,50,8,cede673d-6584-4837-a60f-a81df3f4829a,False,0.01,2.0,96.328978799982,8.047721166688978,"x0,x1,x2,x3,x4",5,1.0,1.0,-1.2281461384073296,,,,,,
-6.9333970900778725,-12.846884266309017,-6.612187687250939,5.58682137934723,25.138189916473408,0.0,2.346183092561621,0.27829723921699134,69.05684749075925,1.381136949815185,0.27829723921699134,32.59872123102721,32.76184968780277,0.0,levy_10,value,logei,exact,none,0.0,0,50,7,5655f259-79f2-4f11-b16a-6df96f0cf325,True,0.01,2.0,131.51028679998126,2.6244803317786123,"x0,x1,x2,x3,x4,x5,x6,x7,x8,x9,x10",11,0.2,0.5,5.06662134326534,2.4389367607626156,15.747932292963567,-3.9809837788320728,3.8378143785967715,-5.052525092162437,-2.85640785922938
-6.9333970900778725,-12.846884266309017,-6.612187687250939,5.58682137934723,25.138189916473408,0.0,2.2900964763262195,0.3343838554523928,78.39411201141274,1.5678822402282548,0.44639465641094,38.73867266236827,48.02484267826761,0.0,levy_10,value,logei,exact,gaussian,0.25,0,50,7,408379dc-5f21-4a95-b310-58ebda6dc000,False,0.01,2.0,105.25744670000859,2.6244803317786123,"x0,x1,x2,x3,x4,x5,x6,x7,x8,x9,x10",11,0.25,0.25,5.06662134326534,2.4389367607626156,15.747932292963567,-3.9809837788320728,3.8378143785967715,-5.052525092162437,-2.85640785922938
-6.9333970900778725,-12.846884266309017,-6.612187687250939,5.58682137934723,25.138189916473408,0.0,2.335339992257809,0.2891403395208032,119.09226798716372,2.3818453597432745,1.0390828129044467,48.24258880158721,91.54840552325392,0.0,levy_10,value,logei,exact,gaussian,1.0,0,50,7,41bd4cb9-6fd8-49cc-8e5b-6ea5220d49ee,False,0.01,2.0,79.07256989995949,2.6244803317786123,"x0,x1,x2,x3,x4,x5,x6,x7,x8,x9,x10",11,1.0,1.0,5.06662134326534,2.4389367607626156,15.747932292963567,-3.9809837788320728,3.8378143785967715,-5.052525092162437,-2.85640785922938
-6.9333970900778725,-12.846884266309017,-6.612187687250939,5.58682137934723,25.138189916473408,0.0,2.0732304369453596,0.5512498948332527,87.9934204483069,1.759868408966138,0.5512498948332527,40.42564934018266,40.42564934018266,0.0,levy_10,value,qnei,exact,none,0.0,0,50,7,a9057b94-b96f-48d8-8afc-9872003f91f4,True,0.01,2.0,158.82687260000966,2.6244803317786123,"x0,x1,x2,x3,x4,x5,x6,x7,x8,x9,x10",11,0.2,0.5,5.06662134326534,2.4389367607626156,15.747932292963567,-3.9809837788320728,3.8378143785967715,-5.052525092162437,-2.85640785922938
-6.9333970900778725,-12.846884266309017,-6.612187687250939,5.58682137934723,25.138189916473408,0.0,2.302232409935433,0.3222479218431791,96.41288021332203,1.9282576042664406,1.0080444917854832,47.779336834397824,50.71091259491536,0.0,levy_10,value,qnei,exact,gaussian,0.25,0,50,7,1dc79aff-443c-4fd7-8dba-707a2cab6777,False,0.01,2.0,141.9428405999788,2.6244803317786123,"x0,x1,x2,x3,x4,x5,x6,x7,x8,x9,x10",11,0.25,0.25,5.06662134326534,2.4389367607626156,15.747932292963567,-3.9809837788320728,3.8378143785967715,-5.052525092162437,-2.85640785922938
-6.9333970900778725,-12.846884266309017,-6.612187687250939,5.58682137934723,25.138189916473408,0.0,2.1704325487433724,0.45404778303523985,103.20408138938734,2.064081627787747,0.8669485443123703,43.371673181367555,80.32785997892402,0.0,levy_10,value,qnei,exact,gaussian,1.0,0,50,7,14ad540e-3cf3-4fc3-9e24-bc030554c5c3,False,0.01,2.0,160.14713550003944,2.6244803317786123,"x0,x1,x2,x3,x4,x5,x6,x7,x8,x9,x10",11,1.0,1.0,5.06662134326534,2.4389367607626156,15.747932292963567,-3.9809837788320728,3.8378143785967715,-5.052525092162437,-2.85640785922938
0.5429242350906553,-0.5961920367987316,0.11917103463728207,-0.4158000327306759,0.915042661577232,0.0,3.0593887562558817,0.0,52.619578306763074,1.0523915661352614,0.0,16.174963706802355,16.174963706802355,0.0,stevens,value,logei,exact,none,0.0,0,50,8,d982bb9b-5c31-4102-a39b-1961cd6a7185,True,0.01,2.0,51.45050520001678,3.0593887562558817,"x0,x1,x2,x3",4,0.2,0.5,,,,,,,
0.5429242350906553,-0.5961920367987316,0.11917103463728207,-0.4158000327306759,0.915042661577232,0.0,3.0593887562558817,0.0,36.04817963247759,0.7209635926495518,0.0,22.83323278553938,32.59215033739193,0.0,stevens,value,logei,exact,gaussian,0.25,0,50,8,913b61eb-7229-4dfe-a22b-2ae86bdd0522,False,0.01,2.0,54.18332100001862,3.0593887562558817,"x0,x1,x2,x3",4,0.25,0.25,,,,,,,
0.5429242350906553,-0.5961920367987316,0.11917103463728207,-0.4158000327306759,0.915042661577232,0.0,2.3799000055000863,0.6794887507557954,117.84642211371101,2.3569284422742203,0.940016493169912,84.02276012876601,115.4608106284158,0.0,stevens,value,logei,exact,gaussian,1.0,0,50,8,d12945a5-fd21-4c00-9cfd-37f042e0aa57,False,0.01,2.0,53.0623427000246,3.0593887562558817,"x0,x1,x2,x3",4,1.0,1.0,,,,,,,
0.5429242350906553,-0.5961920367987316,0.11917103463728207,-0.4158000327306759,0.915042661577232,0.0,3.0593887562558817,0.0,144.84905731086894,2.896981146217379,0.0,16.140359810127592,16.140359810127592,0.0,stevens,value,qnei,exact,none,0.0,0,50,8,d364e1bd-64b4-420a-81f3-71569a6f0d93,True,0.01,2.0,62.32376269996166,3.0593887562558817,"x0,x1,x2,x3",4,0.2,0.5,,,,,,,
0.5429242350906553,-0.5961920367987316,0.11917103463728207,-0.4158000327306759,0.915042661577232,0.0,3.0593887562558817,0.0,97.57841670406664,1.9515683340813328,0.0,17.957434075886603,23.666187896466205,0.0,stevens,value,qnei,exact,gaussian,0.25,0,50,8,2f3701f3-1c6d-4abd-a8cc-41413a3f7fe6,False,0.01,2.0,52.50346790003823,3.0593887562558817,"x0,x1,x2,x3",4,0.25,0.25,,,,,,,
0.5429242350906553,-0.5961920367987316,0.11917103463728207,-0.4158000327306759,0.915042661577232,0.0,3.0593887562558817,0.0,82.43291966999622,1.6486583933999244,0.43270133392576104,32.40997377382359,73.69996276482229,0.0,stevens,value,qnei,exact,gaussian,1.0,0,50,8,6f2bb432-be89-4b4a-b65d-4544a26a2a76,False,0.01,2.0,46.19647520000581,3.0593887562558817,"x0,x1,x2,x3",4,1.0,1.0,,,,,,,
-0.08261438120043962,-1.9872790751789653,,,1.9889955401220223,0.0,1.2497053814141732,0.00035008448589546326,20.57545833143051,0.4115091666286102,0.0008299881993973912,5.026340769666086,5.069702663429124,0.0,branin,value,logei,exact,none,0.0,0,50,8,36cb6b3a-7a0f-456a-99ac-6d35a30e032b,True,0.01,2.0,47.38967760000378,1.2500554659000687,"x0,x1",2,0.2,0.5,,,,,,,
-0.08261438120043962,-1.9872790751789653,,,1.9889955401220223,0.0,1.2467082212379699,0.0033472446620987917,12.0253568181123,0.240507136362246,0.015870520588888937,4.008806622359085,6.317451201362543,0.0,branin,value,logei,exact,gaussian,0.25,0,50,8,d96d7e52-19b6-4763-905d-786ab333c16c,False,0.01,2.0,35.07286210003076,1.2500554659000687,"x0,x1",2,0.25,0.25,,,,,,,
-0.08261438120043962,-1.9872790751789653,,,1.9889955401220223,0.0,1.2372347487268973,0.012820717173171348,20.84892935734022,0.4169785871468044,0.046036019173428366,6.9518993786764245,19.312134374693535,0.0,branin,value,logei,exact,gaussian,1.0,0,50,8,179da6d9-96a4-429a-8aef-a67866241ca4,False,0.01,2.0,44.23549350001849,1.2500554659000687,"x0,x1",2,1.0,1.0,,,,,,,
-0.08261438120043962,-1.9872790751789653,,,1.9889955401220223,0.0,1.249961770986865,9.369491320376788e-05,17.834613393352225,0.3566922678670445,9.369491320376788e-05,5.187665583849216,5.40309881486124,0.0,branin,value,qnei,exact,none,0.0,0,50,8,ec755bae-d38f-44f7-a331-e2524d84fe3a,True,0.01,2.0,40.50548609998077,1.2500554659000687,"x0,x1",2,0.2,0.5,,,,,,,
-0.08261438120043962,-1.9872790751789653,,,1.9889955401220223,0.0,1.246296657526997,0.0037588083730717425,22.387057464519863,0.44774114929039727,0.15748052688051128,4.178589991998897,13.107263403349975,0.0,branin,value,qnei,exact,gaussian,0.25,0,50,8,871b6490-693c-4d76-9b31-3ac7e2834895,False,0.01,2.0,32.14126599999145,1.2500554659000687,"x0,x1",2,0.25,0.25,,,,,,,
-0.08261438120043962,-1.9872790751789653,,,1.9889955401220223,0.0,1.2481169664756395,0.001938499424429141,40.05242103164189,0.8010484206328379,0.02555325688422405,4.569511710367649,10.500724010988753,0.0,branin,value,qnei,exact,gaussian,1.0,0,50,8,1ffb872a-d308-4224-aae7-d33057d70071,False,0.01,2.0,28.060808799986262,1.2500554659000687,"x0,x1",2,1.0,1.0,,,,,,,
-8.45971263492504,-203.49737729832611,,,203.67314330849516,0.0,2.389859027433245,0.8151865036218138,128.39373356613186,2.5678746713226372,0.8151865036218138,52.666486689949295,52.666486689949295,0.0,eggholder,value,logei,exact,none,0.0,0,50,8,47e52caa-548b-4b62-9232-8e43378d5283,True,0.01,2.0,54.79963809996843,3.2050455310550587,"x0,x1",2,0.2,0.5,,,,,,,
-8.45971263492504,-203.49737729832611,,,203.67314330849516,0.0,1.8722560765480525,1.3327894545070063,112.15513269631589,2.243102653926318,1.5816559516521438,78.13030322783041,88.75685473840015,0.0,eggholder,value,logei,exact,gaussian,0.25,0,50,8,d825efff-7709-48f8-9823-bde63f91cbf7,False,0.01,2.0,51.726165600004606,3.2050455310550587,"x0,x1",2,0.25,0.25,,,,,,,
-8.45971263492504,-203.49737729832611,,,203.67314330849516,0.0,2.8468150458520523,0.3582304852030065,109.88869572669685,2.1977739145339372,0.7333978650392021,52.729213045691054,76.03843167231241,0.0,eggholder,value,logei,exact,gaussian,1.0,0,50,8,2d52b137-e771-494c-a720-be6806f2407f,False,0.01,2.0,45.12655630003428,3.2050455310550587,"x0,x1",2,1.0,1.0,,,,,,,
-8.45971263492504,-203.49737729832611,,,203.67314330849516,0.0,1.8822506623203148,1.322794868734744,133.37077867399654,2.6674155734799307,1.322794868734744,76.33725689181475,77.3557524938403,0.0,eggholder,value,qnei,exact,none,0.0,0,50,8,7c545829-7f57-40f8-980e-2ad63b964b8c,True,0.01,2.0,44.47549949999666,3.2050455310550587,"x0,x1",2,0.2,0.5,,,,,,,
-8.45971263492504,-203.49737729832611,,,203.67314330849516,0.0,3.027951351680862,0.1770941793741967,148.6214460036675,2.97242892007335,0.6565274339008655,35.105379411520566,51.74040740190881,0.0,eggholder,value,qnei,exact,gaussian,0.25,0,50,8,bbefd29d-b994-4864-ae2a-9669eb11fb66,False,0.01,2.0,27.26103500003228,3.2050455310550587,"x0,x1",2,0.25,0.25,,,,,,,
-8.45971263492504,-203.49737729832611,,,203.67314330849516,0.0,2.637543414314305,0.5675021167407537,156.3448797359177,3.1268975947183537,1.0933887519008678,76.53972245177918,124.85052740756535,0.0,eggholder,value,qnei,exact,gaussian,1.0,0,50,8,a6ac73ed-034a-41df-96f0-125d2dc65fb1,False,0.01,2.0,25.967439499974716,3.2050455310550587,"x0,x1",2,1.0,1.0,,,,,,,
5.429242350906553,-5.961920367987315,1.1917103463728207,-4.158000327306759,9.15042661577232,0.0,5.402837764670362,0.0,138.24974373062494,2.764994874612499,0.0,27.953905064576595,27.953905064576595,0.0,hicks_law,value,logei,exact,none,0.0,0,50,8,703be396-4900-4e4e-8cd3-5a568775fd72,True,0.01,2.0,78.46463130001212,5.402837764670362,"x0,x1,x2,x3",4,0.2,0.5,,,,,,,
5.429242350906553,-5.961920367987315,1.1917103463728207,-4.158000327306759,9.15042661577232,0.0,5.402837764670362,0.0,65.84589128158068,1.3169178256316136,0.0,31.2575679393982,33.90184553706158,0.0,hicks_law,value,logei,exact,gaussian,0.25,0,50,8,52050299-0a0d-4c51-9e5c-f6be87d96738,False,0.01,2.0,66.61378280003555,5.402837764670362,"x0,x1,x2,x3",4,0.25,0.25,,,,,,,
5.429242350906553,-5.961920367987315,1.1917103463728207,-4.158000327306759,9.15042661577232,0.0,5.402837764670362,0.0,168.33254540390536,3.3666509080781073,0.0,135.6778790577178,161.1219471885368,0.0,hicks_law,value,logei,exact,gaussian,1.0,0,50,8,44a65a7c-d030-41d4-abb0-b3e138cd7d47,False,0.01,2.0,63.028300200006925,5.402837764670362,"x0,x1,x2,x3",4,1.0,1.0,,,,,,,
5.429242350906553,-5.961920367987315,1.1917103463728207,-4.158000327306759,9.15042661577232,0.0,5.402837764670362,0.0,248.5037645685034,4.970075291370068,0.0,27.967700221611207,27.967700221611207,0.0,hicks_law,value,qnei,exact,none,0.0,0,50,8,c40a41af-1e7a-4f49-9821-c4d6f7ac5189,True,0.01,2.0,59.41011229995638,5.402837764670362,"x0,x1,x2,x3",4,0.2,0.5,,,,,,,
5.429242350906553,-5.961920367987315,1.1917103463728207,-4.158000327306759,9.15042661577232,0.0,5.402837764670362,0.0,228.94622617893197,4.578924523578639,0.0,41.99305970914571,44.87058733716213,0.0,hicks_law,value,qnei,exact,gaussian,0.25,0,50,8,932478f8-0b92-412c-bc2b-331cb153a0c9,False,0.01,2.0,35.46322619996499,5.402837764670362,"x0,x1,x2,x3",4,0.25,0.25,,,,,,,
5.429242350906553,-5.961920367987315,1.1917103463728207,-4.158000327306759,9.15042661577232,0.0,5.402837764670362,0.0,212.9940914905196,4.259881829810392,0.7334787574761865,126.15658315335116,160.7818907800003,0.0,hicks_law,value,qnei,exact,gaussian,1.0,0,50,8,a5a33faf-0c43-473b-9f8b-7d41177114c9,False,0.01,2.0,30.63234020001255,5.402837764670362,"x0,x1,x2,x3",4,1.0,1.0,,,,,,,
0.5429242350906553,-0.5961920367987316,0.11917103463728207,-0.4158000327306759,0.915042661577232,0.0,2.153305282720616,0.0,80.45197597621828,1.6090395195243656,0.0,13.66409275381097,13.66409275381097,0.0,weber_fechner,value,logei,exact,none,0.0,0,50,8,ac8eb3b6-9ec6-4f96-9110-b4c94575bb57,True,0.01,2.0,88.3075577999698,2.153305282720616,"x0,x1,x2,x3",4,0.2,0.5,,,,,,,
0.5429242350906553,-0.5961920367987316,0.11917103463728207,-0.4158000327306759,0.915042661577232,0.0,2.062255187778876,0.09105009494173988,35.59710706976367,0.7119421413952735,0.35681074465710827,17.743201656041787,30.952380335860564,0.0,weber_fechner,value,logei,exact,gaussian,0.25,0,50,8,2c38875e-40a8-4f0c-8291-df1b46262969,False,0.01,2.0,53.63504940003622,2.153305282720616,"x0,x1,x2,x3",4,0.25,0.25,,,,,,,
0.5429242350906553,-0.5961920367987316,0.11917103463728207,-0.4158000327306759,0.915042661577232,0.0,1.8406953614351265,0.31260992128548937,94.02681896098521,1.8805363792197043,0.5027631828022112,55.926770545698865,88.4731076231718,0.0,weber_fechner,value,logei,exact,gaussian,1.0,0,50,8,6fa92f1a-06a3-48b6-9196-42b48e5fc852,False,0.01,2.0,55.49335800000699,2.153305282720616,"x0,x1,x2,x3",4,1.0,1.0,,,,,,,
0.5429242350906553,-0.5961920367987316,0.11917103463728207,-0.4158000327306759,0.915042661577232,0.0,2.153305282720616,0.0,77.53788623401717,1.5507577246803432,0.0,14.09347794859093,14.203880290305168,0.0,weber_fechner,value,qnei,exact,none,0.0,0,50,8,b2798877-f4dd-420b-8442-419e31ef4f64,True,0.01,2.0,63.391763799998444,2.153305282720616,"x0,x1,x2,x3",4,0.2,0.5,,,,,,,
0.5429242350906553,-0.5961920367987316,0.11917103463728207,-0.4158000327306759,0.915042661577232,0.0,2.087162280430508,0.06614300229010794,44.7000118934002,0.8940002378680041,0.13712308370729342,16.06641589645214,20.68555050248721,0.0,weber_fechner,value,qnei,exact,gaussian,0.25,0,50,8,68473429-6f4b-4f22-96c7-19f426bcac46,False,0.01,2.0,36.773347899958026,2.153305282720616,"x0,x1,x2,x3",4,0.25,0.25,,,,,,,
0.5429242350906553,-0.5961920367987316,0.11917103463728207,-0.4158000327306759,0.915042661577232,0.0,1.757319242052147,0.39598604066846876,77.29371105761805,1.545874221152361,0.8530903399988587,30.272742793368653,44.22998393612751,0.0,weber_fechner,value,qnei,exact,gaussian,1.0,0,50,8,e3836741-e7af-4005-a2df-352aae8b790d,False,0.01,2.0,34.71110459999181,2.153305282720616,"x0,x1,x2,x3",4,1.0,1.0,,,,,,,
0.5429242350906553,-0.5961920367987316,0.11917103463728207,-0.4158000327306759,0.915042661577232,0.0,2.7208141762165656,0.23668560536535166,75.3257567325936,1.5065151346518721,0.23668560536535166,48.02375605540681,48.02375605540681,0.0,moving_peaks,value,logei,exact,none,0.0,0,50,8,aa5363e8-ea07-454c-ba51-4e67d4e35b86,True,0.01,2.0,62.60039370000595,2.9574997815819173,"x0,x1,x2,x3",4,0.2,0.5,,,,,,,
0.5429242350906553,-0.5961920367987316,0.11917103463728207,-0.4158000327306759,0.915042661577232,0.0,2.7388696794170166,0.21863010216490064,65.84380551974176,1.3168761103948352,0.2622160920753589,33.85366769611213,38.875561889128235,0.0,moving_peaks,value,logei,exact,gaussian,0.25,0,50,8,1f510abe-0b60-49b6-ab80-24aad096bbed,False,0.01,2.0,70.06667019997258,2.9574997815819173,"x0,x1,x2,x3",4,0.25,0.25,,,,,,,
0.5429242350906553,-0.5961920367987316,0.11917103463728207,-0.4158000327306759,0.915042661577232,0.0,2.5571825685233445,0.4003172130585728,112.29317680346318,2.2458635360692636,2.1542637857904134,39.09267043420019,104.10135214938872,0.0,moving_peaks,value,logei,exact,gaussian,1.0,0,50,8,e7f3a3ad-108c-4a68-a8ef-fbdc69ede5df,False,0.01,2.0,51.49353510001674,2.9574997815819173,"x0,x1,x2,x3",4,1.0,1.0,,,,,,,
0.5429242350906553,-0.5961920367987316,0.11917103463728207,-0.4158000327306759,0.915042661577232,0.0,2.7159495002504666,0.24155028133145073,94.27669036430223,1.8855338072860446,0.24155028133145073,40.0889656516681,40.0889656516681,0.0,moving_peaks,value,qnei,exact,none,0.0,0,50,8,32b6e21c-1d7a-455f-902e-28c45633f3da,True,0.01,2.0,49.45957850001287,2.9574997815819173,"x0,x1,x2,x3",4,0.2,0.5,,,,,,,
0.5429242350906553,-0.5961920367987316,0.11917103463728207,-0.4158000327306759,0.915042661577232,0.0,2.060971674999588,0.8965281065823292,98.20573013722722,1.9641146027445444,1.4294754610508478,52.02064848867288,67.00004956191086,0.0,moving_peaks,value,qnei,exact,gaussian,0.25,0,50,8,9c5b214c-cfc3-4186-93ec-bd9cc193e5ca,False,0.01,2.0,38.31272859999444,2.9574997815819173,"x0,x1,x2,x3",4,0.25,0.25,,,,,,,
0.5429242350906553,-0.5961920367987316,0.11917103463728207,-0.4158000327306759,0.915042661577232,0.0,1.7996282073127823,1.157871574269135,128.84296866094883,2.5768593732189764,2.768524937415959,58.476012085690094,129.5623276682033,0.0,moving_peaks,value,qnei,exact,gaussian,1.0,0,50,8,7025552e-3914-4d77-84d9-a19df55dc111,False,0.01,2.0,45.43904049997218,2.9574997815819173,"x0,x1,x2,x3",4,1.0,1.0,,,,,,,
0.5429242350906553,-0.5961920367987316,0.11917103463728207,-0.4158000327306759,0.915042661577232,0.0,1.7175746997911816,0.0,48.146183309331654,0.962923666186633,0.0,7.414042501050963,7.414042501050963,0.0,power_law_practice,value,logei,exact,none,0.0,0,50,8,dd3ec206-f5ed-4b6f-8c59-26b38b73ae10,True,0.01,2.0,87.9904147000052,1.7175746997911816,"x0,x1,x2,x3",4,0.2,0.5,,,,,,,
0.5429242350906553,-0.5961920367987316,0.11917103463728207,-0.4158000327306759,0.915042661577232,0.0,1.7175746997911816,0.0,14.631244492296863,0.29262488984593726,0.0,5.834753076183015,10.79293945369929,0.0,power_law_practice,value,logei,exact,gaussian,0.25,0,50,8,e41ce77d-7a2b-424c-9855-4c869b870f41,False,0.01,2.0,55.24447219999274,1.7175746997911816,"x0,x1,x2,x3",4,0.25,0.25,,,,,,,
0.5429242350906553,-0.5961920367987316,0.11917103463728207,-0.4158000327306759,0.915042661577232,0.0,1.7175746997911816,0.0,42.964582895632994,0.8592916579126598,0.09840633015552669,21.754482199176042,39.12021249555272,0.0,power_law_practice,value,logei,exact,gaussian,1.0,0,50,8,01635f4e-7a79-42a0-9fca-13a1d8815bee,False,0.01,2.0,49.63108939997619,1.7175746997911816,"x0,x1,x2,x3",4,1.0,1.0,,,,,,,
0.5429242350906553,-0.5961920367987316,0.11917103463728207,-0.4158000327306759,0.915042661577232,0.0,1.7175746997911816,0.0,72.2068669220137,1.444137338440274,0.0,7.939547941616031,7.939547941616031,0.0,power_law_practice,value,qnei,exact,none,0.0,0,50,8,c4a16fd0-f12a-4351-8d9e-5daead19cfaf,True,0.01,2.0,45.79904859996168,1.7175746997911816,"x0,x1,x2,x3",4,0.2,0.5,,,,,,,
0.5429242350906553,-0.5961920367987316,0.11917103463728207,-0.4158000327306759,0.915042661577232,0.0,1.7175746997911816,0.0,49.480133413596384,0.9896026682719277,0.26511528390697303,15.2107339761202,25.786244441048044,0.0,power_law_practice,value,qnei,exact,gaussian,0.25,0,50,8,239b83bd-18dc-4ca1-b9a5-0779378ba03e,False,0.01,2.0,38.83480289997533,1.7175746997911816,"x0,x1,x2,x3",4,0.25,0.25,,,,,,,
0.5429242350906553,-0.5961920367987316,0.11917103463728207,-0.4158000327306759,0.915042661577232,0.0,1.540973821119612,0.1766008786715696,62.57580985683394,1.2515161971366788,0.6541689737400811,18.531542578566718,28.982177888985184,0.0,power_law_practice,value,qnei,exact,gaussian,1.0,0,50,8,d5ae1960-ebfb-4648-a5c4-5dcc47a1beac,False,0.01,2.0,31.875177300011273,1.7175746997911816,"x0,x1,x2,x3",4,1.0,1.0,,,,,,,
0.4615766592144682,-0.11738033164170947,0.07237396805367724,,0.4817355559222733,0.0,3.0459435049751575,0.008957437180570071,82.2702386867696,1.645404773735392,0.008998873563410559,34.34314418533242,34.34637582260258,0.0,hartmann_3,value,logei,exact,none,0.0,0,50,8,dfaf335c-27d3-41c5-9975-faad204f8158,True,0.01,2.0,65.34027829999104,3.0549009421557276,"x0,x1,x2",3,0.2,0.5,,,,,,,
0.4615766592144682,-0.11738033164170947,0.07237396805367724,,0.4817355559222733,0.0,3.0177411764484643,0.037159765707263315,64.90797788980936,1.298159557796187,0.057809549040247266,51.54598343408801,58.129752902522156,0.0,hartmann_3,value,logei,exact,gaussian,0.25,0,50,8,55548f11-90f7-40ce-8007-91343e2f9c16,False,0.01,2.0,51.4038379000267,3.0549009421557276,"x0,x1,x2",3,0.25,0.25,,,,,,,
0.4615766592144682,-0.11738033164170947,0.07237396805367724,,0.4817355559222733,0.0,1.5367130879233506,1.518187854232377,157.03272356288343,3.1406544712576685,2.455666471905975,132.45001357917042,155.1091491139953,0.0,hartmann_3,value,logei,exact,gaussian,1.0,0,50,8,d6b9775c-3b5f-4042-9c47-d3314692da36,False,0.01,2.0,59.89997730002506,3.0549009421557276,"x0,x1,x2",3,1.0,1.0,,,,,,,
0.4615766592144682,-0.11738033164170947,0.07237396805367724,,0.4817355559222733,0.0,3.0542782661629517,0.0006226759927758785,98.19228056996916,1.9638456113993832,0.0011353126127420232,36.0111603815533,36.125466354716046,0.0,hartmann_3,value,qnei,exact,none,0.0,0,50,8,43232659-f8c1-4a64-82e9-ab253ad76bb4,True,0.01,2.0,45.254575000028126,3.0549009421557276,"x0,x1,x2",3,0.2,0.5,,,,,,,
0.4615766592144682,-0.11738033164170947,0.07237396805367724,,0.4817355559222733,0.0,3.038117368956392,0.016783573199335766,102.84733459874187,2.0569466919748374,0.48856349071451177,82.72795210813885,91.60321791736159,0.0,hartmann_3,value,qnei,exact,gaussian,0.25,0,50,8,2c31275b-8455-4640-b335-6890dd3e112c,False,0.01,2.0,35.997303700016346,3.0549009421557276,"x0,x1,x2",3,0.25,0.25,,,,,,,
0.4615766592144682,-0.11738033164170947,0.07237396805367724,,0.4817355559222733,0.0,2.6135974243519677,0.44130351780375987,111.61275955466485,2.232255191093297,1.2846630688001497,71.51830838601816,89.52904036074466,0.0,hartmann_3,value,qnei,exact,gaussian,1.0,0,50,8,e3b71e80-0ead-4c26-ba57-578a974c7b41,False,0.01,2.0,36.514638099994045,3.0549009421557276,"x0,x1,x2",3,1.0,1.0,,,,,,,
0.5429242350906553,-0.5961920367987316,0.11917103463728207,-0.4158000327306759,0.915042661577232,0.0,1.2903730931684187,2.0846306052479946e-06,20.24096498123577,0.4048192996247154,1.1356877980484015e-05,4.202316773402995,4.222997949215604,0.0,steering_law,value,logei,exact,none,0.0,0,50,8,42e484fb-52d4-4d95-bca1-67a074c540b9,True,0.01,2.0,86.0292710000067,1.290375177799024,"x0,x1,x2,x3",4,0.2,0.5,,,,,,,
0.5429242350906553,-0.5961920367987316,0.11917103463728207,-0.4158000327306759,0.915042661577232,0.0,1.2766349893166538,0.013740188482370241,21.699199308809046,0.43398398617618095,0.1774375872898608,8.300961584221062,18.141176645944086,0.0,steering_law,value,logei,exact,gaussian,0.25,0,50,8,0906064f-28b2-4dfe-9376-5e2cf1c64413,False,0.01,2.0,57.732092200021725,1.290375177799024,"x0,x1,x2,x3",4,0.25,0.25,,,,,,,
0.5429242350906553,-0.5961920367987316,0.11917103463728207,-0.4158000327306759,0.915042661577232,0.0,1.2401249140123196,0.050250263786704386,28.5056281616403,0.570112563232806,0.9981764882666438,14.108242950911428,26.24518036000967,0.0,steering_law,value,logei,exact,gaussian,1.0,0,50,8,ee5330e8-7fb9-49b6-a8f1-bc953d39119a,False,0.01,2.0,56.375238300010096,1.290375177799024,"x0,x1,x2,x3",4,1.0,1.0,,,,,,,
0.5429242350906553,-0.5961920367987316,0.11917103463728207,-0.4158000327306759,0.915042661577232,0.0,1.2903508611288288,2.431667019520134e-05,32.65995919383113,0.6531991838766226,0.00010351876576741859,5.183711343799416,5.202863346219372,0.0,steering_law,value,qnei,exact,none,0.0,0,50,8,95821212-44ab-4282-bb68-5dc845909b0a,True,0.01,2.0,52.913715700036846,1.290375177799024,"x0,x1,x2,x3",4,0.2,0.5,,,,,,,
0.5429242350906553,-0.5961920367987316,0.11917103463728207,-0.4158000327306759,0.915042661577232,0.0,1.2845266891320133,0.0058484886670107095,23.223610213926047,0.46447220427852093,0.3986062865551939,8.368458629606794,20.527881106044795,0.0,steering_law,value,qnei,exact,gaussian,0.25,0,50,8,b6ff1626-4022-406d-843b-30eff725dce8,False,0.01,2.0,31.109583600016776,1.290375177799024,"x0,x1,x2,x3",4,0.25,0.25,,,,,,,
0.5429242350906553,-0.5961920367987316,0.11917103463728207,-0.4158000327306759,0.915042661577232,0.0,1.285202678750608,0.0051724990484161015,44.900848700440136,0.8980169740088028,0.37164467246568245,5.883863578650278,22.929147878564233,0.0,steering_law,value,qnei,exact,gaussian,1.0,0,50,8,288015d3-e9e8-4686-879f-e94376c829c7,False,0.01,2.0,29.89664759999141,1.290375177799024,"x0,x1,x2,x3",4,1.0,1.0,,,,,,,
-1.396540561088619,-16.050905730070212,-2.496925791624121,0.5055746866998394,24.0579731692512,0.0,2.3413426437385736,0.2831376880400387,53.11650551807516,1.0623301103615033,0.3214197216514907,26.57295827319317,27.17902340198577,0.0,levy_10,value,logei,exact,none,0.0,0,50,8,5e4ca0ee-ee36-4f6b-bf27-b3b0c57cc9c5,True,0.01,2.0,108.8348950999789,2.6244803317786123,"x0,x1,x2,x3,x4,x5,x6,x7,x8,x9,x10",11,0.2,0.5,-8.938246471039793,-2.7032860276193578,3.060419572852256,4.630467859382055,10.79808861174827,8.647818525716142,-1.822920662454277
-1.396540561088619,-16.050905730070212,-2.496925791624121,0.5055746866998394,24.0579731692512,0.0,2.3589639350973917,0.2655163966812206,72.62114972465997,1.4524229944931994,0.541012716177991,30.023328483432337,42.65560547503099,0.0,levy_10,value,logei,exact,gaussian,0.25,0,50,8,c30763e4-ee67-4f2b-a5d8-f71b669812d4,False,0.01,2.0,118.49885400000494,2.6244803317786123,"x0,x1,x2,x3,x4,x5,x6,x7,x8,x9,x10",11,0.25,0.25,-8.938246471039793,-2.7032860276193578,3.060419572852256,4.630467859382055,10.79808861174827,8.647818525716142,-1.822920662454277
-1.396540561088619,-16.050905730070212,-2.496925791624121,0.5055746866998394,24.0579731692512,0.0,2.1100356868694683,0.514444644909144,147.50388743688933,2.9500777487377867,0.9725302442733836,32.24549087844507,121.9348906316169,0.0,levy_10,value,logei,exact,gaussian,1.0,0,50,8,7e7303db-5c65-4bf4-8d37-5f8add48e8f2,False,0.01,2.0,94.29677549999906,2.6244803317786123,"x0,x1,x2,x3,x4,x5,x6,x7,x8,x9,x10",11,1.0,1.0,-8.938246471039793,-2.7032860276193578,3.060419572852256,4.630467859382055,10.79808861174827,8.647818525716142,-1.822920662454277
-1.396540561088619,-16.050905730070212,-2.496925791624121,0.5055746866998394,24.0579731692512,0.0,2.4569768804031455,0.16750345137546674,55.73809556099364,1.1147619112198728,0.17644466044283957,25.964099005749407,25.98645202841784,0.0,levy_10,value,qnei,exact,none,0.0,0,50,8,1a740400-8a56-411e-a7b4-4740b865dd33,True,0.01,2.0,253.15800400002627,2.6244803317786123,"x0,x1,x2,x3,x4,x5,x6,x7,x8,x9,x10",11,0.2,0.5,-8.938246471039793,-2.7032860276193578,3.060419572852256,4.630467859382055,10.79808861174827,8.647818525716142,-1.822920662454277
-1.396540561088619,-16.050905730070212,-2.496925791624121,0.5055746866998394,24.0579731692512,0.0,2.3165429919590856,0.30793733981952665,61.57768038897634,1.2315536077795268,0.9256980878519279,27.403905777247875,41.099366477125685,0.0,levy_10,value,qnei,exact,gaussian,0.25,0,50,8,d38d0d03-b21e-4daa-be91-995f57896383,False,0.01,2.0,116.76544300001115,2.6244803317786123,"x0,x1,x2,x3,x4,x5,x6,x7,x8,x9,x10",11,0.25,0.25,-8.938246471039793,-2.7032860276193578,3.060419572852256,4.630467859382055,10.79808861174827,8.647818525716142,-1.822920662454277
-1.396540561088619,-16.050905730070212,-2.496925791624121,0.5055746866998394,24.0579731692512,0.0,2.0834676156006213,0.541012716177991,95.82868662410102,1.9165737324820205,0.5605537815650727,32.36504719915488,57.494934784948825,0.0,levy_10,value,qnei,exact,gaussian,1.0,0,50,8,fd79d43c-a7a1-48c0-a9e7-20b95b6861ee,False,0.01,2.0,68.50097960000858,2.6244803317786123,"x0,x1,x2,x3,x4,x5,x6,x7,x8,x9,x10",11,1.0,1.0,-8.938246471039793,-2.7032860276193578,3.060419572852256,4.630467859382055,10.79808861174827,8.647818525716142,-1.822920662454277
-11.826665744639968,757.7045039534485,-691.8724987007575,-408.34329934880407,1528.9105517963656,0.0,2.735724658299513,0.018131157359457806,78.32895169140342,1.5665790338280683,0.018131157359457806,28.265037344082216,28.29652427700955,0.0,griewank,value,logei,exact,none,0.0,0,50,9,c339e6ce-816e-4fb9-b3c7-934a3769cd5b,True,0.01,2.0,120.30845279997448,2.7538558156589708,"x0,x1,x2,x3,x4,x5",6,0.2,0.5,-277.3563631515326,-1020.27110774448,,,,,
-11.826665744639968,757.7045039534485,-691.8724987007575,-408.34329934880407,1528.9105517963656,0.0,2.6363478610722155,0.11750795458675523,93.3097067123861,1.866194134247722,0.12752582302504045,70.7093299722871,82.36518916242616,0.0,griewank,value,logei,exact,gaussian,0.25,0,50,9,64041061-cc52-4de4-a7a7-53f6dc8a1462,False,0.01,2.0,47.299196399981156,2.7538558156589708,"x0,x1,x2,x3,x4,x5",6,0.25,0.25,-277.3563631515326,-1020.27110774448,,,,,
-11.826665744639968,757.7045039534485,-691.8724987007575,-408.34329934880407,1528.9105517963656,0.0,2.1282891996419058,0.625566616017065,163.4746927017731,3.269493854035462,1.6881804587607885,91.9640274121991,148.76199816631387,0.0,griewank,value,logei,exact,gaussian,1.0,0,50,9,7043eebe-6f2d-491e-91f4-ac1d9804b6df,False,0.01,2.0,44.879722199984826,2.7538558156589708,"x0,x1,x2,x3,x4,x5",6,1.0,1.0,-277.3563631515326,-1020.27110774448,,,,,
-11.826665744639968,757.7045039534485,-691.8724987007575,-408.34329934880407,1528.9105517963656,0.0,2.696132511333474,0.05772330432549655,105.54584870946938,2.110916974189388,0.05772330432549655,35.83750026798098,35.83750026798098,0.0,griewank,value,qnei,exact,none,0.0,0,50,9,e0b64d28-be43-4359-b625-e491d15b8254,True,0.01,2.0,58.16211249999469,2.7538558156589708,"x0,x1,x2,x3,x4,x5",6,0.2,0.5,-277.3563631515326,-1020.27110774448,,,,,
-11.826665744639968,757.7045039534485,-691.8724987007575,-408.34329934880407,1528.9105517963656,0.0,2.1490618038728764,0.6047940117860944,109.48419004169459,2.1896838008338917,0.8707092544580184,75.71511418647114,94.24105747402244,0.0,griewank,value,qnei,exact,gaussian,0.25,0,50,9,aa0d28ab-9219-4984-96e2-fa15e5bb16b6,False,0.01,2.0,46.059557700005826,2.7538558156589708,"x0,x1,x2,x3,x4,x5",6,0.25,0.25,-277.3563631515326,-1020.27110774448,,,,,
-11.826665744639968,757.7045039534485,-691.8724987007575,-408.34329934880407,1528.9105517963656,0.0,2.0913293080786435,0.6625265075803273,153.60918076273208,3.072183615254642,1.180709768073221,85.89339219943689,118.82802301484021,0.0,griewank,value,qnei,exact,gaussian,1.0,0,50,9,c37ed1f4-bf94-494d-a0a6-09afe752adda,False,0.01,2.0,37.02849669998977,2.7538558156589708,"x0,x1,x2,x3,x4,x5",6,1.0,1.0,-277.3563631515326,-1020.27110774448,,,,,
-1.387571169298674,5.65706620262657,2.3152094921819053,1.2663319151572532,6.3946495824872,0.0,0.7627182556640364,0.0015056277944234253,14.000591735026031,0.2800118347005206,0.007940889837928733,0.3299621536831833,0.566550970804933,0.0,powell,value,logei,exact,none,0.0,0,50,9,f3f876a5-ca1f-4127-94e5-a9e767ec4353,True,0.01,2.0,32.652917600004,0.7642238834584598,"x0,x1,x2,x3",4,0.2,0.5,,,,,,,
-1.387571169298674,5.65706620262657,2.3152094921819053,1.2663319151572532,6.3946495824872,0.0,0.7621204760161324,0.0021034074423273985,8.200122782549252,0.16400245565098504,0.02035853061395676,0.23051898850214564,1.3390031347976628,0.0,powell,value,logei,exact,gaussian,0.25,0,50,9,d35feb1d-89da-4f28-9182-d97a338c999c,False,0.01,2.0,27.353241299977526,0.7642238834584598,"x0,x1,x2,x3",4,0.25,0.25,,,,,,,
-1.387571169298674,5.65706620262657,2.3152094921819053,1.2663319151572532,6.3946495824872,0.0,0.7551481941336495,0.009075689324810288,20.353677085648297,0.40707354171296595,0.2519605494035364,0.4994217254801156,7.841330684130366,0.0,powell,value,logei,exact,gaussian,1.0,0,50,9,822e433b-63ee-4c8c-bafb-0c14e10d5c81,False,0.01,2.0,34.94280290004099,0.7642238834584598,"x0,x1,x2,x3",4,1.0,1.0,,,,,,,
-1.387571169298674,5.65706620262657,2.3152094921819053,1.2663319151572532,6.3946495824872,0.0,0.7602909195459049,0.003932963912554932,25.49028193660961,0.5098056387321922,0.003932963912554932,0.3631395020553487,0.44786991551680483,0.0,powell,value,qnei,exact,none,0.0,0,50,9,1df9aa54-6f66-4546-82ae-6c7ff3d58d97,True,0.01,2.0,32.44895779999206,0.7642238834584598,"x0,x1,x2,x3",4,0.2,0.5,,,,,,,
-1.387571169298674,5.65706620262657,2.3152094921819053,1.2663319151572532,6.3946495824872,0.0,0.7551481941336495,0.009075689324810288,16.171313572314276,0.3234262714462855,0.22136340658370057,0.4994217254801156,7.388917851875193,0.0,powell,value,qnei,exact,gaussian,0.25,0,50,9,f6c89224-edf4-4f4e-ac0f-f4b9bc5541b1,False,0.01,2.0,33.88535590004176,0.7642238834584598,"x0,x1,x2,x3",4,0.25,0.25,,,,,,,
-1.387571169298674,5.65706620262657,2.3152094921819053,1.2663319151572532,6.3946495824872,0.0,0.7604866428668359,0.003737240591623947,15.281809437539776,0.3056361887507955,0.04555098836775129,0.3831833500152205,2.231998430019813,0.0,powell,value,qnei,exact,gaussian,1.0,0,50,9,9147c669-ec9a-487f-b4ea-f8f4c1a97624,False,0.01,2.0,39.316772099991795,0.7642238834584598,"x0,x1,x2,x3",4,1.0,1.0,,,,,,,
-10.103984905684214,41.19349896170388,16.85884103107037,9.221147599082855,46.56441722643124,0.0,11.298439838753877,8.804007315099556,890.1633516774982,17.803267033549965,8.804007315099556,852.0755220271205,852.3463540492863,0.0,ackley,value,logei,exact,none,0.0,0,50,9,d8993c1f-abdd-49de-881a-e8d5d00aacfe,True,0.01,2.0,37.250813099963125,20.102447153853433,"x0,x1,x2,x3",4,0.2,0.5,,,,,,,
-10.103984905684214,41.19349896170388,16.85884103107037,9.221147599082855,46.56441722643124,0.0,17.18055908351368,2.9218880703397545,768.3645263319647,15.367290526639295,2.9218880703397545,490.29542197969766,496.43827529251126,0.0,ackley,value,logei,exact,gaussian,0.25,0,50,9,5204b207-4aac-4bcf-81bf-515b7cf5c270,False,0.01,2.0,37.115125499956775,20.102447153853433,"x0,x1,x2,x3",4,0.25,0.25,,,,,,,
-10.103984905684214,41.19349896170388,16.85884103107037,9.221147599082855,46.56441722643124,0.0,14.677707532654164,5.424739621199269,794.5131643140278,15.890263286280556,5.424739621199269,708.5376792723528,748.2425355956678,0.0,ackley,value,logei,exact,gaussian,1.0,0,50,9,15b93d0c-dbe7-4eec-977a-539c82a5d902,False,0.01,2.0,31.345949599985033,20.102447153853433,"x0,x1,x2,x3",4,1.0,1.0,,,,,,,
-10.103984905684214,41.19349896170388,16.85884103107037,9.221147599082855,46.56441722643124,0.0,13.85179301549787,6.2506541383555625,798.2165808458963,15.964331616917924,6.2506541383555625,604.8565090942112,605.7020190498608,0.0,ackley,value,qnei,exact,none,0.0,0,50,9,721a836f-8770-4e0d-821f-999550d2f5f4,True,0.01,2.0,35.304014800000004,20.102447153853433,"x0,x1,x2,x3",4,0.2,0.5,,,,,,,
-10.103984905684214,41.19349896170388,16.85884103107037,9.221147599082855,46.56441722643124,0.0,14.217042489271432,5.885404664582001,890.6855483598989,17.813710967197977,5.885404664582001,814.304448424735,820.699772331111,0.0,ackley,value,qnei,exact,gaussian,0.25,0,50,9,b9a7b16d-60b9-4534-a20f-5e65e5a8eb19,False,0.01,2.0,33.298419300001115,20.102447153853433,"x0,x1,x2,x3",4,0.25,0.25,,,,,,,
-10.103984905684214,41.19349896170388,16.85884103107037,9.221147599082855,46.56441722643124,0.0,10.387311219683271,9.715135934170162,948.6954454637996,18.97390890927599,9.715135934170162,838.8813887705596,859.6032123282827,0.0,ackley,value,qnei,exact,gaussian,1.0,0,50,9,2fa22f97-cfb0-4a92-ba55-532b5f6d2465,False,0.01,2.0,37.14158649998717,20.102447153853433,"x0,x1,x2,x3",4,1.0,1.0,,,,,,,
-154.17457436651932,628.5629114029522,257.24549913132273,140.70354612858364,710.5166202763555,0.0,3.398266637184062,0.9301237345947899,152.87871218928544,3.0575742437857087,0.9301237345947899,60.064069440067236,60.293338138452725,0.0,schwefel,value,logei,exact,none,0.0,0,50,9,5f7eb224-8364-452b-a278-cb5b428f1501,True,0.01,2.0,44.22113329998683,4.328390371778852,"x0,x1,x2,x3",4,0.2,0.5,,,,,,,
-154.17457436651932,628.5629114029522,257.24549913132273,140.70354612858364,710.5166202763555,0.0,3.6399656963021454,0.6884246754767065,126.74471569278903,2.5348943138557805,0.6884246754767065,62.67382079970351,67.76343110631751,0.0,schwefel,value,logei,exact,gaussian,0.25,0,50,9,0c585666-2e77-47e1-9949-c03d4d139da5,False,0.01,2.0,42.79683999996632,4.328390371778852,"x0,x1,x2,x3",4,0.25,0.25,,,,,,,
-154.17457436651932,628.5629114029522,257.24549913132273,140.70354612858364,710.5166202763555,0.0,2.7485478000206873,1.5798425717581646,198.28044258700507,3.9656088517401016,2.0424381787853467,79.23077513638678,144.91857342782265,0.0,schwefel,value,logei,exact,gaussian,1.0,0,50,9,1f04567d-e7fc-4e9f-8928-02c7fda7bbdb,False,0.01,2.0,35.15617580001708,4.328390371778852,"x0,x1,x2,x3",4,1.0,1.0,,,,,,,
-154.17457436651932,628.5629114029522,257.24549913132273,140.70354612858364,710.5166202763555,0.0,3.7170248945166526,0.6113654772621993,166.33789048803203,3.3267578097606405,0.6113654772621993,53.122988951695035,53.122988951695035,0.0,schwefel,value,qnei,exact,none,0.0,0,50,9,4bc5ff4d-7c70-4099-908a-d9c99f423363,True,0.01,2.0,39.888825899979565,4.328390371778852,"x0,x1,x2,x3",4,0.2,0.5,,,,,,,
-154.17457436651932,628.5629114029522,257.24549913132273,140.70354612858364,710.5166202763555,0.0,3.7175138745929357,0.6108764971859162,166.79956377992778,3.3359912755985555,0.6108764971859162,63.871512214427206,73.11107233140083,0.0,schwefel,value,qnei,exact,gaussian,0.25,0,50,9,449d0c17-9d04-4af8-a629-cda9af653bd8,False,0.01,2.0,39.93525239999872,4.328390371778852,"x0,x1,x2,x3",4,0.25,0.25,,,,,,,
-154.17457436651932,628.5629114029522,257.24549913132273,140.70354612858364,710.5166202763555,0.0,3.051433496223032,1.27695687555582,180.64104713948907,3.6128209427897815,1.9000224811831767,72.57800608733358,152.77188789693955,0.0,schwefel,value,qnei,exact,gaussian,1.0,0,50,9,e15cd110-5493-4188-b5de-3b45d874fcf0,False,0.01,2.0,36.025377699988894,4.328390371778852,"x0,x1,x2,x3",4,1.0,1.0,,,,,,,
-2.31261861549779,9.428443671044283,3.8586824869698404,2.1105531919287532,10.657749304145332,0.0,1.023187201139915,0.002436049431508769,26.878353100560574,0.5375670620112115,0.002436049431508769,2.7385923320856955,2.7654817804566028,0.0,rosenbrock,value,logei,exact,none,0.0,0,50,9,abd0aabc-1dd4-4438-b903-bd408887b8f3,True,0.01,2.0,43.566287599969655,1.0256232505714238,"x0,x1,x2,x3",4,0.2,0.5,,,,,,,
-2.31261861549779,9.428443671044283,3.8586824869698404,2.1105531919287532,10.657749304145332,0.0,1.017554271399959,0.008068979171464763,13.990567680898671,0.27981135361797344,0.014568430307463354,3.355701210009366,5.236624224193884,0.0,rosenbrock,value,logei,exact,gaussian,0.25,0,50,9,86a5b8b0-848e-42ea-a599-8e3d3b5d2e84,False,0.01,2.0,31.256059500039555,1.0256232505714238,"x0,x1,x2,x3",4,0.25,0.25,,,,,,,
-2.31261861549779,9.428443671044283,3.8586824869698404,2.1105531919287532,10.657749304145332,0.0,1.0119753737459996,0.013647876825424232,28.02833499693655,0.560566699938731,0.07024792560934001,4.9050610936333925,26.61149570213739,0.0,rosenbrock,value,logei,exact,gaussian,1.0,0,50,9,ce6fd1b2-56c4-4ff7-a0f5-f04ac9dd7a13,False,0.01,2.0,24.60660130000906,1.0256232505714238,"x0,x1,x2,x3",4,1.0,1.0,,,,,,,
-2.31261861549779,9.428443671044283,3.8586824869698404,2.1105531919287532,10.657749304145332,0.0,1.0203218748664031,0.00530137570502065,20.543612446101715,0.4108722489220343,0.00530137570502065,2.7961767909020274,3.0053494149945474,0.0,rosenbrock,value,qnei,exact,none,0.0,0,50,9,a0efab89-dddc-41ff-b7ae-612d274fdc80,True,0.01,2.0,42.70404049998615,1.0256232505714238,"x0,x1,x2,x3",4,0.2,0.5,,,,,,,
-2.31261861549779,9.428443671044283,3.8586824869698404,2.1105531919287532,10.657749304145332,0.0,1.0209205650760929,0.004702685495330927,23.756353395519508,0.47512706791039017,0.009719420544535229,3.1618314226093878,4.61538340096741,0.0,rosenbrock,value,qnei,exact,gaussian,0.25,0,50,9,5e552476-e993-4e7a-81ad-2448d28bd051,False,0.01,2.0,31.327659000002313,1.0256232505714238,"x0,x1,x2,x3",4,0.25,0.25,,,,,,,
-2.31261861549779,9.428443671044283,3.8586824869698404,2.1105531919287532,10.657749304145332,0.0,1.0246143628100914,0.0010088877613323444,43.49803149050989,0.8699606298101977,0.3449998908374726,4.593155378130332,40.41403384301722,0.0,rosenbrock,value,qnei,exact,gaussian,1.0,0,50,9,10024440-6e41-41ca-8b97-672de3db7982,False,0.01,2.0,31.89220740000019,1.0256232505714238,"x0,x1,x2,x3",4,1.0,1.0,,,,,,,
-1.578747641513158,6.43648421276623,2.634193911104745,1.440804312356696,7.27569019162988,0.0,2.7820541191419927,0.856884954296059,123.13208603889393,2.462641720777879,0.864315806203805,64.75210005535509,64.78553888893994,0.0,rastrigin,value,logei,exact,none,0.0,0,50,9,069ad40e-a1ab-474e-b1b2-de5747aaad74,True,0.01,2.0,34.23830680001993,3.638939073438052,"x0,x1,x2,x3",4,0.2,0.5,,,,,,,
-1.578747641513158,6.43648421276623,2.634193911104745,1.440804312356696,7.27569019162988,0.0,2.3273462488627765,1.3115928245752753,155.18287450483976,3.1036574900967953,1.4778286606107343,95.7177758349748,103.75592182084195,0.0,rastrigin,value,logei,exact,gaussian,0.25,0,50,9,9df1f01e-205c-43cd-8e8a-ce574c73434e,False,0.01,2.0,30.16448889998719,3.638939073438052,"x0,x1,x2,x3",4,0.25,0.25,,,,,,,
-1.578747641513158,6.43648421276623,2.634193911104745,1.440804312356696,7.27569019162988,0.0,2.717679762160791,0.9212593112772609,168.77404340315047,3.3754808680630095,3.535076530636366,91.28284327188521,155.4071705553304,0.0,rastrigin,value,logei,exact,gaussian,1.0,0,50,9,a3e3f181-6930-4428-978d-054d2962fc69,False,0.01,2.0,34.31583949999185,3.638939073438052,"x0,x1,x2,x3",4,1.0,1.0,,,,,,,
-1.578747641513158,6.43648421276623,2.634193911104745,1.440804312356696,7.27569019162988,0.0,2.6541173693014994,0.9848217041365523,144.72487616650167,2.8944975233300334,0.9848217041365523,76.4460932198592,77.75804348103541,0.0,rastrigin,value,qnei,exact,none,0.0,0,50,9,09bcb1e9-6274-46e4-8a0f-451d6bdca4e0,True,0.01,2.0,36.845644999993965,3.638939073438052,"x0,x1,x2,x3",4,0.2,0.5,,,,,,,
-1.578747641513158,6.43648421276623,2.634193911104745,1.440804312356696,7.27569019162988,0.0,2.6494115686020794,0.9895275048359724,152.6089918734717,3.052179837469434,1.3767664061068041,79.35422518377123,90.2717094216807,0.0,rastrigin,value,qnei,exact,gaussian,0.25,0,50,9,2192d872-5623-4876-b7fc-8673549c2c1a,False,0.01,2.0,39.29888429999119,3.638939073438052,"x0,x1,x2,x3",4,0.25,0.25,,,,,,,
-1.578747641513158,6.43648421276623,2.634193911104745,1.440804312356696,7.27569019162988,0.0,1.9922055314560605,1.6467335419819913,174.31830141651588,3.4863660283303175,2.2998366044416354,91.8560208366339,112.69199361764014,0.0,rastrigin,value,qnei,exact,gaussian,1.0,0,50,9,050b24cd-29d6-48d1-bb51-b6c07b43483e,False,0.01,2.0,29.99785260000499,3.638939073438052,"x0,x1,x2,x3",4,1.0,1.0,,,,,,,
0.14178295579033495,1.8019435304756724,0.9898827924410405,-2.359167531538711,3.252683147508541,0.0,5.37212420342153,2.6755969632674486,285.4414766863238,5.708829533726476,2.6755969632674486,197.48080228645114,198.6284636796835,0.0,michalewicz,value,logei,exact,none,0.0,0,50,9,d6dd14d3-522f-4198-a728-a99690ab8983,True,0.01,2.0,47.91796490002889,8.047721166688978,"x0,x1,x2,x3,x4",5,0.2,0.5,-0.8759596907808993,,,,,,
0.14178295579033495,1.8019435304756724,0.9898827924410405,-2.359167531538711,3.252683147508541,0.0,2.2542026012660528,5.793518565422925,385.2503567712845,7.7050071354256895,6.374141775560785,299.639965132585,335.7804708284024,0.0,michalewicz,value,logei,exact,gaussian,0.25,0,50,9,7b63556c-05bf-4ca9-8028-18de5db7fde9,False,0.01,2.0,53.57227329997113,8.047721166688978,"x0,x1,x2,x3,x4",5,0.25,0.25,-0.8759596907808993,,,,,,
0.14178295579033495,1.8019435304756724,0.9898827924410405,-2.359167531538711,3.252683147508541,0.0,3.179534671339586,4.868186495349392,354.72851896729276,7.094570379345855,5.0981629599383815,282.769808285325,330.77197999078714,0.0,michalewicz,value,logei,exact,gaussian,1.0,0,50,9,95c9b9e0-67f9-448f-b473-40bacef0496b,False,0.01,2.0,32.69395079999231,8.047721166688978,"x0,x1,x2,x3,x4",5,1.0,1.0,-0.8759596907808993,,,,,,
0.14178295579033495,1.8019435304756724,0.9898827924410405,-2.359167531538711,3.252683147508541,0.0,7.071515292184432,0.9762058745045463,253.84724953306025,5.076944990661205,0.9762058745045463,159.3439626917612,159.69539372810866,0.0,michalewicz,value,qnei,exact,none,0.0,0,50,9,31fe5276-92df-441a-94b1-b6064faf2003,True,0.01,2.0,56.73860069998773,8.047721166688978,"x0,x1,x2,x3,x4",5,0.2,0.5,-0.8759596907808993,,,,,,
0.14178295579033495,1.8019435304756724,0.9898827924410405,-2.359167531538711,3.252683147508541,0.0,4.90952246718788,3.138198699501098,373.02448540326037,7.460489708065207,3.3367533862953866,265.2058052858878,269.9802195253424,0.0,michalewicz,value,qnei,exact,gaussian,0.25,0,50,9,a3e54b61-b474-45fc-a497-0a8934cbd48d,False,0.01,2.0,49.5009340000106,8.047721166688978,"x0,x1,x2,x3,x4",5,0.25,0.25,-0.8759596907808993,,,,,,
0.14178295579033495,1.8019435304756724,0.9898827924410405,-2.359167531538711,3.252683147508541,0.0,1.6969693233834933,6.350751843305485,414.51247203342376,8.290249440668475,6.875568363495793,323.6992415306289,362.54841142835704,0.0,michalewicz,value,qnei,exact,gaussian,1.0,0,50,9,021f31e4-d756-4b10-9117-03509a0c4dde,False,0.01,2.0,42.84231300000101,8.047721166688978,"x0,x1,x2,x3,x4",5,1.0,1.0,-0.8759596907808993,,,,,,
-0.15417457436651938,0.6285629114029522,0.2572454991313228,0.1407035461285836,0.7105166202763555,0.0,2.122592459633917,1.4128200841529415,157.08549758631113,3.141709951726223,1.4128200841529415,88.79145805167627,88.88741526160445,0.0,yerkes_dodson,value,logei,exact,none,0.0,0,50,9,e329885a-60af-40d5-937e-d4714501fde0,True,0.01,2.0,44.52779229998123,3.5354125437868587,"x0,x1,x2,x3",4,0.2,0.5,,,,,,,
-0.15417457436651938,0.6285629114029522,0.2572454991313228,0.1407035461285836,0.7105166202763555,0.0,3.5096339812610524,0.025778562525806237,72.50821445495293,1.4501642890990587,0.1447293706571453,52.08756182879277,62.051669449694316,0.0,yerkes_dodson,value,logei,exact,gaussian,0.25,0,50,9,5fabb78b-6374-4ecf-aa3c-d458d1041e65,False,0.01,2.0,30.79976510000415,3.5354125437868587,"x0,x1,x2,x3",4,0.25,0.25,,,,,,,
-0.15417457436651938,0.6285629114029522,0.2572454991313228,0.1407035461285836,0.7105166202763555,0.0,1.9851159616130247,1.550296582173834,166.10449872100568,3.3220899744201136,2.0662697484414503,124.57034372937004,170.53993861406025,0.0,yerkes_dodson,value,logei,exact,gaussian,1.0,0,50,9,86594677-44fa-4288-8372-2b44a9d62fb3,False,0.01,2.0,34.888074700022116,3.5354125437868587,"x0,x1,x2,x3",4,1.0,1.0,,,,,,,
-0.15417457436651938,0.6285629114029522,0.2572454991313228,0.1407035461285836,0.7105166202763555,0.0,3.5276257050321767,0.007786838754682002,142.1179871714089,2.842359743428178,0.007786838754682002,43.82494598842284,43.82494598842284,0.0,yerkes_dodson,value,qnei,exact,none,0.0,0,50,9,64cfce3e-32f0-4e0d-9328-2855ba732829,True,0.01,2.0,37.57478349999292,3.5354125437868587,"x0,x1,x2,x3",4,0.2,0.5,,,,,,,
-0.15417457436651938,0.6285629114029522,0.2572454991313228,0.1407035461285836,0.7105166202763555,0.0,3.4967064177431526,0.038706126043706046,98.03500116345401,1.9607000232690803,0.25511445831571145,55.47418710633039,68.47136376335123,0.0,yerkes_dodson,value,qnei,exact,gaussian,0.25,0,50,9,63ab0082-f10f-409f-bcdd-014b8e136afa,False,0.01,2.0,33.569152700016275,3.5354125437868587,"x0,x1,x2,x3",4,0.25,0.25,,,,,,,
-0.15417457436651938,0.6285629114029522,0.2572454991313228,0.1407035461285836,0.7105166202763555,0.0,1.9225257000794906,1.612886843707368,180.09095860608386,3.6018191721216772,1.896570212500002,109.27386277318955,165.93048283587063,0.0,yerkes_dodson,value,qnei,exact,gaussian,1.0,0,50,9,efaaae2c-fc45-436d-b2f0-779c2f272f43,False,0.01,2.0,36.02187260001665,3.5354125437868587,"x0,x1,x2,x3",4,1.0,1.0,,,,,,,
-0.15417457436651938,0.6285629114029522,0.2572454991313228,0.1407035461285836,0.7105166202763555,0.0,3.0593887562558817,0.0,69.28357938625837,1.3856715877251673,0.0,4.168795759931174,4.168795759931174,0.0,stevens,value,logei,exact,none,0.0,0,50,9,2e64069a-5c0a-4ce8-8236-ad57427a73eb,True,0.01,2.0,35.42598509998061,3.0593887562558817,"x0,x1,x2,x3",4,0.2,0.5,,,,,,,
-0.15417457436651938,0.6285629114029522,0.2572454991313228,0.1407035461285836,0.7105166202763555,0.0,3.0593887562558817,0.0,31.938877549316857,0.6387775509863372,0.0,4.267462103441642,6.696245903560376,0.0,stevens,value,logei,exact,gaussian,0.25,0,50,9,6fe355f4-62af-498d-acd7-f753629f5812,False,0.01,2.0,29.625477999972645,3.0593887562558817,"x0,x1,x2,x3",4,0.25,0.25,,,,,,,
-0.15417457436651938,0.6285629114029522,0.2572454991313228,0.1407035461285836,0.7105166202763555,0.0,3.0593887562558817,0.0,69.27573417393917,1.3855146834787835,0.48378991331980226,11.973557268152227,45.96020734771809,0.0,stevens,value,logei,exact,gaussian,1.0,0,50,9,4c04e1cd-b309-4045-bbf7-0601b68095ef,False,0.01,2.0,31.769553999998607,3.0593887562558817,"x0,x1,x2,x3",4,1.0,1.0,,,,,,,
-0.15417457436651938,0.6285629114029522,0.2572454991313228,0.1407035461285836,0.7105166202763555,0.0,3.0593887562558817,0.0,151.95053549059392,3.0390107098118784,0.0,4.168795759931174,4.168795759931174,0.0,stevens,value,qnei,exact,none,0.0,0,50,9,7b673144-905c-4b03-b3ac-831fac258bc2,True,0.01,2.0,37.557603500026744,3.0593887562558817,"x0,x1,x2,x3",4,0.2,0.5,,,,,,,
-0.15417457436651938,0.6285629114029522,0.2572454991313228,0.1407035461285836,0.7105166202763555,0.0,3.0593887562558817,0.0,126.63763498815706,2.532752699763141,0.1042677481767007,4.677788648326704,18.109186605836253,0.0,stevens,value,qnei,exact,gaussian,0.25,0,50,9,a448280b-155f-4d00-bdb1-032705d24cad,False,0.01,2.0,30.14857459999621,3.0593887562558817,"x0,x1,x2,x3",4,0.25,0.25,,,,,,,
-0.15417457436651938,0.6285629114029522,0.2572454991313228,0.1407035461285836,0.7105166202763555,0.0,3.0593887562558817,0.0,93.0405224441831,1.8608104488836619,0.6240417022067746,13.515707963039805,82.59020260144149,0.0,stevens,value,qnei,exact,gaussian,1.0,0,50,9,33304f4d-32a4-406e-b744-4098e5bef013,False,0.01,2.0,25.917830499995034,3.0593887562558817,"x0,x1,x2,x3",4,1.0,1.0,,,,,,,
-0.009855554787200016,0.631420419961207,-0.5765604155839646,-0.3402860827906701,1.2740921264969713,0.0,7.456923272803641,0.5102406904882963,301.75156745583865,6.035031349116773,0.5102406904882963,87.41082966696919,87.44471469204822,0.0,hartmann_6,value,logei,exact,none,0.0,0,50,9,e7a3af8c-ef71-45ff-82b3-076e7b4f7cbc,True,0.01,2.0,77.86757370003033,7.967163963291937,"x0,x1,x2,x3,x4,x5",6,0.2,0.5,-0.2311303026262772,-0.8502259231204,,,,,
-0.009855554787200016,0.631420419961207,-0.5765604155839646,-0.3402860827906701,1.2740921264969713,0.0,3.5430085452548896,4.4241554180370475,363.6298981163227,7.272597962326454,4.4241554180370475,334.77871238976314,349.27911945402434,0.0,hartmann_6,value,logei,exact,gaussian,0.25,0,50,9,394defe5-b7b9-4bfe-b13e-0b140daf49f2,False,0.01,2.0,47.305167100043036,7.967163963291937,"x0,x1,x2,x3,x4,x5",6,0.25,0.25,-0.2311303026262772,-0.8502259231204,,,,,
-0.009855554787200016,0.631420419961207,-0.5765604155839646,-0.3402860827906701,1.2740921264969713,0.0,2.792998719689743,5.174165243602195,393.1052420022922,7.862104840045844,5.333163229215884,370.66105865477914,388.2345953754277,0.0,hartmann_6,value,logei,exact,gaussian,1.0,0,50,9,29825632-4a0c-442f-b6a2-18acc6d7958c,False,0.01,2.0,36.7082381999935,7.967163963291937,"x0,x1,x2,x3,x4,x5",6,1.0,1.0,-0.2311303026262772,-0.8502259231204,,,,,
-0.009855554787200016,0.631420419961207,-0.5765604155839646,-0.3402860827906701,1.2740921264969713,0.0,7.388811316850669,0.5783526464412683,320.64393823550216,6.412878764710043,0.5783526464412683,83.69817788822064,84.25866524651799,0.0,hartmann_6,value,qnei,exact,none,0.0,0,50,9,3f411e81-9b82-457b-bc1c-aef18fa2e2df,True,0.01,2.0,70.97077110002283,7.967163963291937,"x0,x1,x2,x3,x4,x5",6,0.2,0.5,-0.2311303026262772,-0.8502259231204,,,,,
-0.009855554787200016,0.631420419961207,-0.5765604155839646,-0.3402860827906701,1.2740921264969713,0.0,3.024204126771984,4.942959836519953,391.47772739239605,7.829554547847921,5.344915125596194,372.9479619889507,379.4337959716775,0.0,hartmann_6,value,qnei,exact,gaussian,0.25,0,50,9,707e45c6-d5e9-4b9f-85dd-6ce14ad2726c,False,0.01,2.0,45.33740119996946,7.967163963291937,"x0,x1,x2,x3,x4,x5",6,0.25,0.25,-0.2311303026262772,-0.8502259231204,,,,,
-0.009855554787200016,0.631420419961207,-0.5765604155839646,-0.3402860827906701,1.2740921264969713,0.0,4.2094127555159835,3.7577512077759536,342.76333986328615,6.855266797265723,4.210974501739831,299.29109552194404,310.5805296763643,0.0,hartmann_6,value,qnei,exact,gaussian,1.0,0,50,9,f9c94d68-8847-416e-ba34-7271e411a7bb,False,0.01,2.0,45.9329577999888,7.967163963291937,"x0,x1,x2,x3,x4,x5",6,1.0,1.0,-0.2311303026262772,-0.8502259231204,,,,,
-1.541745743665194,6.285629114029522,2.5724549913132284,1.4070354612858367,7.105166202763556,0.0,13.299832683000385,43.474241355017995,2627.5644397132764,52.55128879426553,43.474241355017995,2218.628939878268,2219.3631986102687,0.0,shekel,value,logei,exact,none,0.0,0,50,9,57400a27-b44e-4f4c-89c0-260622209a50,True,0.01,2.0,46.313671199954115,56.774074038018384,"x0,x1,x2,x3",4,0.2,0.5,,,,,,,
-1.541745743665194,6.285629114029522,2.5724549913132284,1.4070354612858367,7.105166202763556,0.0,12.821881926585196,43.95219211143319,2647.316042883504,52.94632085767008,43.95219211143319,2245.878107287974,2256.724924542165,0.0,shekel,value,logei,exact,gaussian,0.25,0,50,9,a5a07e60-22ec-4f25-be2b-2ed0eca1874b,False,0.01,2.0,45.650905499991495,56.774074038018384,"x0,x1,x2,x3",4,0.25,0.25,,,,,,,
-1.541745743665194,6.285629114029522,2.5724549913132284,1.4070354612858367,7.105166202763556,0.0,13.177406125090908,43.59666791292747,2545.594948463681,50.911898969273615,43.90982407513187,2266.1737793316756,2277.4014949711436,0.0,shekel,value,logei,exact,gaussian,1.0,0,50,9,16c7ff81-a7db-4e94-b94e-1ec14ebae35d,False,0.01,2.0,45.80024399998365,56.774074038018384,"x0,x1,x2,x3",4,1.0,1.0,,,,,,,
-1.541745743665194,6.285629114029522,2.5724549913132284,1.4070354612858367,7.105166202763556,0.0,13.751111748884295,43.022962289134085,2607.6014664736585,52.15202932947317,43.022962289134085,2213.448657185786,2213.448657185786,0.0,shekel,value,qnei,exact,none,0.0,0,50,9,96412671-93db-40b4-9d56-1437372ab3bb,True,0.01,2.0,46.061169099994004,56.774074038018384,"x0,x1,x2,x3",4,0.2,0.5,,,,,,,
-1.541745743665194,6.285629114029522,2.5724549913132284,1.4070354612858367,7.105166202763556,0.0,13.687626840946496,43.08644719707189,2606.02626291497,52.1205252582994,43.08644719707189,2235.270570333914,2247.9719499152866,0.0,shekel,value,qnei,exact,gaussian,0.25,0,50,9,ef4773ba-7c88-452c-b8a4-b10220e161f0,False,0.01,2.0,50.07655739999609,56.774074038018384,"x0,x1,x2,x3",4,0.25,0.25,,,,,,,
-1.541745743665194,6.285629114029522,2.5724549913132284,1.4070354612858367,7.105166202763556,0.0,13.684654179421296,43.08941985859709,2601.56275065721,52.031255013144204,43.08941985859709,2250.2158277812814,2286.1803196029414,0.0,shekel,value,qnei,exact,gaussian,1.0,0,50,9,eb02f8c6-0005-45cf-bb05-79d13f0c5348,False,0.01,2.0,41.253712700039614,56.774074038018384,"x0,x1,x2,x3",4,1.0,1.0,,,,,,,
-1.541745743665194,6.285629114029522,2.5724549913132284,1.4070354612858367,7.105166202763556,0.0,5.402837764670362,0.0,93.63245030963536,1.8726490061927072,0.0,21.5761009024899,21.5761009024899,0.0,hicks_law,value,logei,exact,none,0.0,0,50,9,1f356d10-35f0-4f9a-a432-8d83fe69baa2,True,0.01,2.0,41.459952600009274,5.402837764670362,"x0,x1,x2,x3",4,0.2,0.5,,,,,,,
-1.541745743665194,6.285629114029522,2.5724549913132284,1.4070354612858367,7.105166202763556,0.0,5.402837764670362,0.0,50.882617813739444,1.0176523562747888,0.0,22.553635971715043,22.553635971715043,0.0,hicks_law,value,logei,exact,gaussian,0.25,0,50,9,2c56bf77-e715-441a-85d5-6e4f13ebfd68,False,0.01,2.0,31.247464500018395,5.402837764670362,"x0,x1,x2,x3",4,0.25,0.25,,,,,,,
-1.541745743665194,6.285629114029522,2.5724549913132284,1.4070354612858367,7.105166202763556,0.0,5.402837764670362,0.0,141.68826431515146,2.833765286303029,0.0,86.67842347760495,140.40907879276807,0.0,hicks_law,value,logei,exact,gaussian,1.0,0,50,9,9eb18ef3-146b-463b-8871-a0b9b16889d4,False,0.01,2.0,32.47917880001478,5.402837764670362,"x0,x1,x2,x3",4,1.0,1.0,,,,,,,
-1.541745743665194,6.285629114029522,2.5724549913132284,1.4070354612858367,7.105166202763556,0.0,5.402837764670362,0.0,234.79858661540428,4.695971732308085,0.0,21.59447361289251,21.59447361289251,0.0,hicks_law,value,qnei,exact,none,0.0,0,50,9,49bc2ef6-d001-452b-9284-6fadbaf00607,True,0.01,2.0,32.574583899986465,5.402837764670362,"x0,x1,x2,x3",4,0.2,0.5,,,,,,,
-1.541745743665194,6.285629114029522,2.5724549913132284,1.4070354612858367,7.105166202763556,0.0,5.402837764670362,0.0,215.17247125748403,4.30344942514968,0.0,20.98484881928043,39.79081208558911,0.0,hicks_law,value,qnei,exact,gaussian,0.25,0,50,9,20f8049e-81d5-48e5-9207-e00f84b1e416,False,0.01,2.0,28.688780099968426,5.402837764670362,"x0,x1,x2,x3",4,0.25,0.25,,,,,,,
-1.541745743665194,6.285629114029522,2.5724549913132284,1.4070354612858367,7.105166202763556,0.0,5.402837764670362,0.0,181.01396527149726,3.620279305429945,1.0654052428191827,88.84091732915995,124.85074024574783,0.0,hicks_law,value,qnei,exact,gaussian,1.0,0,50,9,31d9f415-da77-4e52-8fcd-dbdb3cb1f9c8,False,0.01,2.0,30.942098600033205,5.402837764670362,"x0,x1,x2,x3",4,1.0,1.0,,,,,,,
-0.15417457436651938,0.6285629114029522,0.2572454991313228,0.1407035461285836,0.7105166202763555,0.0,2.153305282720616,0.0,77.97041860042052,1.5594083720084102,0.0,3.2057068296999955,3.2057068296999955,0.0,weber_fechner,value,logei,exact,none,0.0,0,50,9,c95d7d65-1b72-41b6-80c2-0f88f463f34f,True,0.01,2.0,45.72415359999286,2.153305282720616,"x0,x1,x2,x3",4,0.2,0.5,,,,,,,
-0.15417457436651938,0.6285629114029522,0.2572454991313228,0.1407035461285836,0.7105166202763555,0.0,2.0355405767441654,0.11776470597645039,40.1752486880894,0.803504973761788,0.1886805194379333,10.140613216687347,18.13290621327266,0.0,weber_fechner,value,logei,exact,gaussian,0.25,0,50,9,f5c51434-844b-4f19-9d4c-f1157c342dcd,False,0.01,2.0,30.252659099991433,2.153305282720616,"x0,x1,x2,x3",4,0.25,0.25,,,,,,,
-0.15417457436651938,0.6285629114029522,0.2572454991313228,0.1407035461285836,0.7105166202763555,0.0,1.7860500129827057,0.3672552697379101,56.48545341697988,1.1297090683395976,0.7207864438953453,18.407290405268633,58.140302061281396,0.0,weber_fechner,value,logei,exact,gaussian,1.0,0,50,9,ea45adbe-9ef1-42d5-9808-25d462bab714,False,0.01,2.0,23.2094386999961,2.153305282720616,"x0,x1,x2,x3",4,1.0,1.0,,,,,,,
-0.15417457436651938,0.6285629114029522,0.2572454991313228,0.1407035461285836,0.7105166202763555,0.0,2.153305282720616,0.0,91.7963193150951,1.8359263863019022,0.0,3.917007727052949,3.917007727052949,0.0,weber_fechner,value,qnei,exact,none,0.0,0,50,9,2652b383-f8ae-404f-a349-8c474fca71c7,True,0.01,2.0,42.229002800013404,2.153305282720616,"x0,x1,x2,x3",4,0.2,0.5,,,,,,,
-0.15417457436651938,0.6285629114029522,0.2572454991313228,0.1407035461285836,0.7105166202763555,0.0,2.118896164431155,0.03440911828946103,59.90053131360007,1.1980106262720014,0.20118398224417633,9.108783639807818,29.915755754585255,0.0,weber_fechner,value,qnei,exact,gaussian,0.25,0,50,9,4bde1e8f-6a21-4fd9-b235-ef78a8b15735,False,0.01,2.0,35.1875220000511,2.153305282720616,"x0,x1,x2,x3",4,0.25,0.25,,,,,,,
-0.15417457436651938,0.6285629114029522,0.2572454991313228,0.1407035461285836,0.7105166202763555,0.0,1.8508599775206613,0.3024453051999545,95.42406978639708,1.9084813957279416,0.5691988137577002,17.013876167702584,51.58322488105296,0.0,weber_fechner,value,qnei,exact,gaussian,1.0,0,50,9,c93f39dd-e872-4cd0-9d09-df67d3ebf176,False,0.01,2.0,36.73484129999997,2.153305282720616,"x0,x1,x2,x3",4,1.0,1.0,,,,,,,
-2.671010539185228,4.907168738326234,,,5.587002982534092,0.0,1.24996232611534,9.313978472857976e-05,18.069521730368617,0.36139043460737236,0.00022589613124557317,1.4998968869122125,1.502618392015811,0.0,branin,value,logei,exact,none,0.0,0,50,9,b3090c1d-507d-4b6d-a42b-1c789a29dae3,True,0.01,2.0,26.57343409996247,1.2500554659000687,"x0,x1",2,0.2,0.5,,,,,,,
-2.671010539185228,4.907168738326234,,,5.587002982534092,0.0,1.182202292691021,0.06785317320904771,17.07355087609851,0.3414710175219702,0.10749255355158316,3.7241340834177983,7.154401907240001,0.0,branin,value,logei,exact,gaussian,0.25,0,50,9,004a2936-687b-4414-b671-1fbf969bc857,False,0.01,2.0,22.864301999972668,1.2500554659000687,"x0,x1",2,0.25,0.25,,,,,,,
-2.671010539185228,4.907168738326234,,,5.587002982534092,0.0,1.219860030590112,0.03019543530995672,23.76350942247961,0.47527018844959223,0.17899950427305256,2.5794921160479056,9.196117426754478,0.0,branin,value,logei,exact,gaussian,1.0,0,50,9,10671822-44cd-42f6-9eb6-f93762bc07bb,False,0.01,2.0,21.048935800034087,1.2500554659000687,"x0,x1",2,1.0,1.0,,,,,,,
-2.671010539185228,4.907168738326234,,,5.587002982534092,0.0,1.2499888804105186,6.658548955007504e-05,15.393560343047737,0.30787120686095476,0.0005066234793560387,1.3978505880880112,1.4044334978979633,0.0,branin,value,qnei,exact,none,0.0,0,50,9,3bfa8f11-5495-458a-8fd1-49f2553a3392,True,0.01,2.0,25.104865100001916,1.2500554659000687,"x0,x1",2,0.2,0.5,,,,,,,
-2.671010539185228,4.907168738326234,,,5.587002982534092,0.0,1.2481386126379286,0.0019168532621400836,25.349545719642737,0.5069909143928547,0.02449885736851809,1.4404207887868536,9.31227238738969,0.0,branin,value,qnei,exact,gaussian,0.25,0,50,9,344447f2-6c7a-4779-ba56-b7cbd9bd4840,False,0.01,2.0,24.08938100002706,1.2500554659000687,"x0,x1",2,0.25,0.25,,,,,,,
-2.671010539185228,4.907168738326234,,,5.587002982534092,0.0,1.2481049480859558,0.0019505178141128177,38.711584309804266,0.7742316861960853,0.10494076532126417,2.1349085432129775,7.543919961326636,0.0,branin,value,qnei,exact,gaussian,1.0,0,50,9,154f9313-e9d6-4908-85b4-b83b24830d2e,False,0.01,2.0,21.617559299978893,1.2500554659000687,"x0,x1",2,1.0,1.0,,,,,,,
-0.15417457436651938,0.6285629114029522,0.2572454991313228,0.1407035461285836,0.7105166202763555,0.0,2.6001216086925094,0.3573781728894079,91.27031564753274,1.8254063129506548,0.40092689087730893,55.524113851034215,55.97335339380853,0.0,moving_peaks,value,logei,exact,none,0.0,0,50,9,1656babe-9876-442b-a23d-0d38d9fc598a,True,0.01,2.0,32.31769880000502,2.9574997815819173,"x0,x1,x2,x3",4,0.2,0.5,,,,,,,
-0.15417457436651938,0.6285629114029522,0.2572454991313228,0.1407035461285836,0.7105166202763555,0.0,2.1238318839515933,0.833667897630324,109.49156326655037,2.1898312653310072,1.0740801208593018,57.96377639187962,86.89927920594876,0.0,moving_peaks,value,logei,exact,gaussian,0.25,0,50,9,09ac11df-a8db-4cd9-9cfd-fc393b69562e,False,0.01,2.0,34.26434059999883,2.9574997815819173,"x0,x1,x2,x3",4,0.25,0.25,,,,,,,
-0.15417457436651938,0.6285629114029522,0.2572454991313228,0.1407035461285836,0.7105166202763555,0.0,1.4286274434969097,1.5288723380850076,151.85893335435995,3.0371786670871987,3.2516926023781796,84.62308743871975,160.00965065516974,0.0,moving_peaks,value,logei,exact,gaussian,1.0,0,50,9,2fde1380-22f6-4e1f-9e88-c377d0a75fe0,False,0.01,2.0,31.102139500027988,2.9574997815819173,"x0,x1,x2,x3",4,1.0,1.0,,,,,,,
-0.15417457436651938,0.6285629114029522,0.2572454991313228,0.1407035461285836,0.7105166202763555,0.0,2.3058545097816503,0.651645271800267,110.56101725713137,2.2112203451426273,0.651645271800267,60.73380192601176,61.349883607471604,0.0,moving_peaks,value,qnei,exact,none,0.0,0,50,9,e62827e2-4ec4-4794-a3fe-9469d9e5bddf,True,0.01,2.0,37.29157929995563,2.9574997815819173,"x0,x1,x2,x3",4,0.2,0.5,,,,,,,
-0.15417457436651938,0.6285629114029522,0.2572454991313228,0.1407035461285836,0.7105166202763555,0.0,2.513522591764553,0.44397718981736434,110.70815516295704,2.214163103259141,0.5724838842880158,55.90600049091528,67.89463340975996,0.0,moving_peaks,value,qnei,exact,gaussian,0.25,0,50,9,ac06ffa2-da6f-4716-acc6-9b0bd23f63ac,False,0.01,2.0,37.543721099966206,2.9574997815819173,"x0,x1,x2,x3",4,0.25,0.25,,,,,,,
-0.15417457436651938,0.6285629114029522,0.2572454991313228,0.1407035461285836,0.7105166202763555,0.0,1.5829170885243458,1.3745826930575715,140.58056961622475,2.811611392324495,1.5181960777529067,79.44388596317694,112.53746002207866,0.0,moving_peaks,value,qnei,exact,gaussian,1.0,0,50,9,e2fe28f1-d7d6-4610-80f2-90b622a23b90,False,0.01,2.0,30.502126100007445,2.9574997815819173,"x0,x1,x2,x3",4,1.0,1.0,,,,,,,
-273.51147921256734,502.4940788046064,,,572.1091054114911,0.0,2.6691821699170455,0.5358633611380132,105.81360134122312,2.1162720268244626,0.5358633611380132,58.66216636178341,58.98634984628977,0.0,eggholder,value,logei,exact,none,0.0,0,50,9,588f10f5-a539-4908-8233-a1ad3eaedafe,True,0.01,2.0,31.063438200042583,3.2050455310550587,"x0,x1",2,0.2,0.5,,,,,,,
-273.51147921256734,502.4940788046064,,,572.1091054114911,0.0,1.6187837326394194,1.5862617984156393,120.31747173527015,2.406349434705403,1.6392968031339843,82.83403171358454,87.68941876216978,0.0,eggholder,value,logei,exact,gaussian,0.25,0,50,9,0a85e68b-aa72-49f3-8188-1bdce69d576f,False,0.01,2.0,27.106606400047895,3.2050455310550587,"x0,x1",2,0.25,0.25,,,,,,,
-273.51147921256734,502.4940788046064,,,572.1091054114911,0.0,1.824268038706137,1.3807774923489218,143.4718057159852,2.869436114319704,1.6570502023026725,83.81316615766016,136.81165729209366,0.0,eggholder,value,logei,exact,gaussian,1.0,0,50,9,7c64b38c-fb74-4722-b0ad-98cbf8bf6fc5,False,0.01,2.0,22.91267719998723,3.2050455310550587,"x0,x1",2,1.0,1.0,,,,,,,
-273.51147921256734,502.4940788046064,,,572.1091054114911,0.0,2.9831865511107996,0.22185897994425918,124.90973457320312,2.4981946914640627,0.22185897994425918,53.31826087468113,53.51273029562108,0.0,eggholder,value,qnei,exact,none,0.0,0,50,9,3a997ecd-cbf1-4cb0-8d51-5d413b044ac5,True,0.01,2.0,30.21003259997815,3.2050455310550587,"x0,x1",2,0.2,0.5,,,,,,,
-273.51147921256734,502.4940788046064,,,572.1091054114911,0.0,2.143520174941448,1.0615253561136107,156.13719339846233,3.1227438679692465,1.3901787546998094,65.7128615289205,70.35330366616893,0.0,eggholder,value,qnei,exact,gaussian,0.25,0,50,9,4d21d0b3-b546-4efe-b89e-00566f097475,False,0.01,2.0,24.956071600026917,3.2050455310550587,"x0,x1",2,0.25,0.25,,,,,,,
-273.51147921256734,502.4940788046064,,,572.1091054114911,0.0,2.2866293670037345,0.9184161640513242,158.2592593134272,3.1651851862685443,1.356189934574498,54.15247932446695,75.38170576923679,0.0,eggholder,value,qnei,exact,gaussian,1.0,0,50,9,e75cbb8c-7184-4a47-b4d5-a6ec0ee36fbc,False,0.01,2.0,24.477507399977185,3.2050455310550587,"x0,x1",2,1.0,1.0,,,,,,,
-16.101900131999543,-5.6238231681632485,4.549465738393904,4.115363227319936,29.7755626024173,0.0,2.451346057392678,0.1731342743859341,75.67404705809189,1.5134809411618377,0.19953708409409154,47.21435562523541,47.30064364100177,0.0,levy_10,value,logei,exact,none,0.0,0,50,9,e12e779d-21fb-4adb-91d0-3ffe44af7eb0,True,0.01,2.0,174.8731284000096,2.6244803317786123,"x0,x1,x2,x3,x4,x5,x6,x7,x8,x9,x10",11,0.2,0.5,1.370704461382287,-11.995532610244688,-3.101198891868618,-12.381131117010316,14.28321496816303,-3.150015607624434,5.952931767016869
-16.101900131999543,-5.6238231681632485,4.549465738393904,4.115363227319936,29.7755626024173,0.0,1.7064696174596572,0.9180107143189551,115.09319729931806,2.3018639459863612,1.0331117415281668,64.86133734854917,72.6324286890167,0.0,levy_10,value,logei,exact,gaussian,0.25,0,50,9,5fc6e195-f2fc-458c-a81f-01dbb0d03c68,False,0.01,2.0,103.18873439996969,2.6244803317786123,"x0,x1,x2,x3,x4,x5,x6,x7,x8,x9,x10",11,0.25,0.25,1.370704461382287,-11.995532610244688,-3.101198891868618,-12.381131117010316,14.28321496816303,-3.150015607624434,5.952931767016869
-16.101900131999543,-5.6238231681632485,4.549465738393904,4.115363227319936,29.7755626024173,0.0,2.168990607364751,0.4554897244138614,108.14144873632436,2.1628289747264873,0.8166640638253804,46.52856626782403,66.48988921992654,0.0,levy_10,value,logei,exact,gaussian,1.0,0,50,9,9a6e0ab4-9d48-46a5-9f66-e82a708932f3,False,0.01,2.0,71.32620100001805,2.6244803317786123,"x0,x1,x2,x3,x4,x5,x6,x7,x8,x9,x10",11,1.0,1.0,1.370704461382287,-11.995532610244688,-3.101198891868618,-12.381131117010316,14.28321496816303,-3.150015607624434,5.952931767016869
-16.101900131999543,-5.6238231681632485,4.549465738393904,4.115363227319936,29.7755626024173,0.0,2.481094303768787,0.14338602800982514,69.39829676373687,1.3879659352747373,0.14338602800982514,37.231039343611656,37.231039343611656,0.0,levy_10,value,qnei,exact,none,0.0,0,50,9,3a0fd176-cf3f-4b76-9b2e-6a9fcfd065eb,True,0.01,2.0,136.98305090004578,2.6244803317786123,"x0,x1,x2,x3,x4,x5,x6,x7,x8,x9,x10",11,0.2,0.5,1.370704461382287,-11.995532610244688,-3.101198891868618,-12.381131117010316,14.28321496816303,-3.150015607624434,5.952931767016869
-16.101900131999543,-5.6238231681632485,4.549465738393904,4.115363227319936,29.7755626024173,0.0,2.1348291843780594,0.48965114740055293,102.60029751189678,2.0520059502379357,0.48965114740055293,50.29461966102188,58.15726148659037,0.0,levy_10,value,qnei,exact,gaussian,0.25,0,50,9,41f62ecc-1d94-45c4-80a5-a4985c7fedb7,False,0.01,2.0,76.6825048000319,2.6244803317786123,"x0,x1,x2,x3,x4,x5,x6,x7,x8,x9,x10",11,0.25,0.25,1.370704461382287,-11.995532610244688,-3.101198891868618,-12.381131117010316,14.28321496816303,-3.150015607624434,5.952931767016869
-16.101900131999543,-5.6238231681632485,4.549465738393904,4.115363227319936,29.7755626024173,0.0,1.9302226973320507,0.6942576344465616,149.2603008239213,2.9852060164784264,0.8357346283608655,53.47309183381451,89.16195809491357,0.0,levy_10,value,qnei,exact,gaussian,1.0,0,50,9,ad18ac60-1ef3-4644-a29b-da87e6015353,False,0.01,2.0,80.6965680999565,2.6244803317786123,"x0,x1,x2,x3,x4,x5,x6,x7,x8,x9,x10",11,1.0,1.0,1.370704461382287,-11.995532610244688,-3.101198891868618,-12.381131117010316,14.28321496816303,-3.150015607624434,5.952931767016869
-0.09271512104990587,0.4292574205160099,0.3122319704389457,,0.5388384081554913,0.0,3.04968035841474,0.00522058374098755,67.55526357667276,1.351105271533455,0.00559184011748215,10.866921725107234,10.892233025281516,0.0,hartmann_3,value,logei,exact,none,0.0,0,50,9,17a5449e-c4f8-4069-a57e-1299fbe23f01,True,0.01,2.0,40.22893630003091,3.0549009421557276,"x0,x1,x2",3,0.2,0.5,,,,,,,
-0.09271512104990587,0.4292574205160099,0.3122319704389457,,0.5388384081554913,0.0,3.0454083081329952,0.009492634022732371,39.002792303700176,0.7800558460740035,0.014979699136677294,17.55242409950273,29.0687477938611,0.0,hartmann_3,value,logei,exact,gaussian,0.25,0,50,9,cf3b6913-142c-4ab6-b1ae-79d71f278468,False,0.01,2.0,29.51845819997834,3.0549009421557276,"x0,x1,x2",3,0.25,0.25,,,,,,,
-0.09271512104990587,0.4292574205160099,0.3122319704389457,,0.5388384081554913,0.0,2.366442058350103,0.6884588838056245,113.9893940045644,2.279787880091288,1.5762443738918246,54.62148768290938,122.34451460890996,0.0,hartmann_3,value,logei,exact,gaussian,1.0,0,50,9,1fa9d7bf-4356-4fcd-b0af-49da6b20ca36,False,0.01,2.0,28.186641299980693,3.0549009421557276,"x0,x1,x2",3,1.0,1.0,,,,,,,
-0.09271512104990587,0.4292574205160099,0.3122319704389457,,0.5388384081554913,0.0,3.0542376364250017,0.0006633057307259271,101.59438312847283,2.0318876625694564,0.0006633057307259271,10.927650963276658,10.933475753454513,0.0,hartmann_3,value,qnei,exact,none,0.0,0,50,9,65e68bba-1924-48a8-9c3e-df593ee0957f,True,0.01,2.0,34.964776399952825,3.0549009421557276,"x0,x1,x2",3,0.2,0.5,,,,,,,
-0.09271512104990587,0.4292574205160099,0.3122319704389457,,0.5388384081554913,0.0,3.0153974066471294,0.0395035355085982,76.5406590590648,1.530813181181296,0.0395035355085982,19.17160936919423,28.09973556141173,0.0,hartmann_3,value,qnei,exact,gaussian,0.25,0,50,9,62f5aa77-c25f-4e5d-8e94-36c2b8c004f7,False,0.01,2.0,29.411647800006904,3.0549009421557276,"x0,x1,x2",3,0.25,0.25,,,,,,,
-0.09271512104990587,0.4292574205160099,0.3122319704389457,,0.5388384081554913,0.0,3.0153261394061985,0.03957480274952907,99.78916553187058,1.9957833106374117,0.8597979492784762,22.150971087212717,58.92635693960775,0.0,hartmann_3,value,qnei,exact,gaussian,1.0,0,50,9,89038991-affb-4b50-93f3-5ec03ca06e04,False,0.01,2.0,26.824023000022862,3.0549009421557276,"x0,x1,x2",3,1.0,1.0,,,,,,,
-0.15417457436651938,0.6285629114029522,0.2572454991313228,0.1407035461285836,0.7105166202763555,0.0,1.7175746997911816,0.0,50.29660903143563,1.0059321806287125,0.0,2.0282199051162175,2.0282199051162175,0.0,power_law_practice,value,logei,exact,none,0.0,0,50,9,664238b7-78cf-4299-b959-137e14e70ba1,True,0.01,2.0,45.75263730000006,1.7175746997911816,"x0,x1,x2,x3",4,0.2,0.5,,,,,,,
-0.15417457436651938,0.6285629114029522,0.2572454991313228,0.1407035461285836,0.7105166202763555,0.0,1.7175746997911816,0.0,48.204237047059976,0.9640847409411996,0.19043188546699974,2.0282199051162175,8.342977914575368,0.0,power_law_practice,value,logei,exact,gaussian,0.25,0,50,9,7fe165dd-f213-412d-84fa-c2dc74c3b7b1,False,0.01,2.0,35.603181200043764,1.7175746997911816,"x0,x1,x2,x3",4,0.25,0.25,,,,,,,
-0.15417457436651938,0.6285629114029522,0.2572454991313228,0.1407035461285836,0.7105166202763555,0.0,1.3297853342314006,0.38778936555978105,60.92937959231911,1.2185875918463822,1.2521252440336998,19.284846672526474,56.02092933833104,0.0,power_law_practice,value,logei,exact,gaussian,1.0,0,50,9,da55e343-038e-4894-a54f-511cc0b0a5a7,False,0.01,2.0,26.049836500023957,1.7175746997911816,"x0,x1,x2,x3",4,1.0,1.0,,,,,,,
-0.15417457436651938,0.6285629114029522,0.2572454991313228,0.1407035461285836,0.7105166202763555,0.0,1.7175746997911816,0.0,77.4499570896272,1.5489991417925442,0.0,2.0282199051162175,2.0282199051162175,0.0,power_law_practice,value,qnei,exact,none,0.0,0,50,9,d58b12eb-0dcd-4f17-a01c-d9a1e23d03ce,True,0.01,2.0,39.296114500029944,1.7175746997911816,"x0,x1,x2,x3",4,0.2,0.5,,,,,,,
-0.15417457436651938,0.6285629114029522,0.2572454991313228,0.1407035461285836,0.7105166202763555,0.0,1.7175746997911816,0.0,58.027646911306185,1.1605529382261237,0.10286869988641167,5.518324195154246,15.03093065147915,0.0,power_law_practice,value,qnei,exact,gaussian,0.25,0,50,9,dcd2bb52-ce12-4512-8e40-fe9a68a72699,False,0.01,2.0,35.88257290003821,1.7175746997911816,"x0,x1,x2,x3",4,0.25,0.25,,,,,,,
-0.15417457436651938,0.6285629114029522,0.2572454991313228,0.1407035461285836,0.7105166202763555,0.0,1.3566422710493806,0.360932428741801,60.46706136877862,1.2093412273755724,0.9541248857541863,18.86856415184778,46.75211940195513,0.0,power_law_practice,value,qnei,exact,gaussian,1.0,0,50,9,149cdd02-7541-423e-8897-02e200201bee,False,0.01,2.0,30.956455899984576,1.7175746997911816,"x0,x1,x2,x3",4,1.0,1.0,,,,,,,
-0.15417457436651938,0.6285629114029522,0.2572454991313228,0.1407035461285836,0.7105166202763555,0.0,1.2903693651548314,5.812644192637606e-06,21.844715194402923,0.43689430388805844,4.056634894977762e-05,2.375534019823302,2.3989163256996293,0.0,steering_law,value,logei,exact,none,0.0,0,50,9,4f3fbed8-01d2-4a8b-be86-e529919c5587,True,0.01,2.0,49.71989760000724,1.290375177799024,"x0,x1,x2,x3",4,0.2,0.5,,,,,,,
-0.15417457436651938,0.6285629114029522,0.2572454991313228,0.1407035461285836,0.7105166202763555,0.0,1.2298091073428479,0.060566070456176124,16.75649381691877,0.3351298763383754,0.23675393998455085,7.428927993292687,13.162236010699052,0.0,steering_law,value,logei,exact,gaussian,0.25,0,50,9,9450fb5b-cd66-491d-8752-7431700537a0,False,0.01,2.0,30.601965699985158,1.290375177799024,"x0,x1,x2,x3",4,0.25,0.25,,,,,,,
-0.15417457436651938,0.6285629114029522,0.2572454991313228,0.1407035461285836,0.7105166202763555,0.0,1.2770461473213872,0.013329030477636783,32.54903301431513,0.6509806602863025,0.23605007179007353,2.9183729681958948,13.58555245134061,0.0,steering_law,value,logei,exact,gaussian,1.0,0,50,9,9a97d3f0-8c7c-4176-b62d-98b652b563e4,False,0.01,2.0,38.6292262999923,1.290375177799024,"x0,x1,x2,x3",4,1.0,1.0,,,,,,,
-0.15417457436651938,0.6285629114029522,0.2572454991313228,0.1407035461285836,0.7105166202763555,0.0,1.2886217463435714,0.001753431455452592,53.460124056620565,1.0692024811324112,0.004944181153343052,2.4495397995633255,2.5816790125893183,0.0,steering_law,value,qnei,exact,none,0.0,0,50,9,35d206a7-ea5e-4c54-a6cf-d8d01bc7fa3c,True,0.01,2.0,42.57271869998658,1.290375177799024,"x0,x1,x2,x3",4,0.2,0.5,,,,,,,
-0.15417457436651938,0.6285629114029522,0.2572454991313228,0.1407035461285836,0.7105166202763555,0.0,1.2902515332638864,0.00012364453513757923,20.40649796581242,0.4081299593162484,0.00034010042804188956,2.9532915112136053,10.301016247460757,0.0,steering_law,value,qnei,exact,gaussian,0.25,0,50,9,26dd6b69-fed2-474a-8c01-b506350d486b,False,0.01,2.0,28.269834299979266,1.290375177799024,"x0,x1,x2,x3",4,0.25,0.25,,,,,,,
-0.15417457436651938,0.6285629114029522,0.2572454991313228,0.1407035461285836,0.7105166202763555,0.0,1.289975840427006,0.0003993373720179161,37.52600540224667,0.7505201080449333,0.4616636777494567,5.95904602594672,22.62152020972338,0.0,steering_law,value,qnei,exact,gaussian,1.0,0,50,9,043c8694-0d60-47fe-b740-dd18829f28f6,False,0.01,2.0,31.382304200029466,1.290375177799024,"x0,x1,x2,x3",4,1.0,1.0,,,,,,,
-320.35827581741296,760.8790970797585,-483.52306544346493,969.1726564456152,1433.2609662752625,0.0,2.7369286649650295,0.01692715069394124,91.65669996363548,1.8331339992727096,0.01692715069394124,15.435145590712764,15.436216065145052,0.0,griewank,value,logei,exact,none,0.0,0,50,10,9e06ad4c-7863-4bdf-b481-033ace257888,True,0.01,2.0,62.660863500030246,2.7538558156589708,"x0,x1,x2,x3,x4,x5",6,0.2,0.5,375.03394793788016,242.75485014128327,,,,,
-320.35827581741296,760.8790970797585,-483.52306544346493,969.1726564456152,1433.2609662752625,0.0,2.6270741723357043,0.12678164332326647,38.645833506783845,0.7729166701356769,0.30846731171930797,24.015385710773334,30.154101634093603,0.0,griewank,value,logei,exact,gaussian,0.25,0,50,10,af00570f-a135-40f2-a67d-bee551c054ac,False,0.01,2.0,42.09235320001608,2.7538558156589708,"x0,x1,x2,x3,x4,x5",6,0.25,0.25,375.03394793788016,242.75485014128327,,,,,
-320.35827581741296,760.8790970797585,-483.52306544346493,969.1726564456152,1433.2609662752625,0.0,2.1991436355009992,0.5547121801579715,82.97051574513873,1.6594103149027746,1.3819839441619564,41.57566417523304,65.34005039514241,0.0,griewank,value,logei,exact,gaussian,1.0,0,50,10,bdda56ce-276f-4b87-b6a2-9305527b17e3,False,0.01,2.0,49.530359200027306,2.7538558156589708,"x0,x1,x2,x3,x4,x5",6,1.0,1.0,375.03394793788016,242.75485014128327,,,,,
-320.35827581741296,760.8790970797585,-483.52306544346493,969.1726564456152,1433.2609662752625,0.0,2.7155451460079165,0.03831066965105423,106.95269781235048,2.1390539562470097,0.03831066965105423,17.93170399793359,17.941414967386702,0.0,griewank,value,qnei,exact,none,0.0,0,50,10,4d00dde8-5146-47b3-94f6-b989368aec7f,True,0.01,2.0,40.116858699999284,2.7538558156589708,"x0,x1,x2,x3,x4,x5",6,0.2,0.5,375.03394793788016,242.75485014128327,,,,,
-320.35827581741296,760.8790970797585,-483.52306544346493,969.1726564456152,1433.2609662752625,0.0,2.670240050632721,0.0836157650262499,66.36624278628993,1.3273248557257986,0.19634507149479985,18.909904322081037,24.942167675062493,0.0,griewank,value,qnei,exact,gaussian,0.25,0,50,10,5d06d26d-9277-4721-8da1-c19933bd58f4,False,0.01,2.0,35.367895300034434,2.7538558156589708,"x0,x1,x2,x3,x4,x5",6,0.25,0.25,375.03394793788016,242.75485014128327,,,,,
-320.35827581741296,760.8790970797585,-483.52306544346493,969.1726564456152,1433.2609662752625,0.0,2.2682636134784313,0.48559220218053945,97.64047247615659,1.9528094495231318,0.48559220218053945,43.571510666775865,85.51340335559583,0.0,griewank,value,qnei,exact,gaussian,1.0,0,50,10,fa15defb-193a-44a4-aa03-ef88b2aadd12,False,0.01,2.0,44.42756959999679,2.7538558156589708,"x0,x1,x2,x3,x4,x5",6,1.0,1.0,375.03394793788016,242.75485014128327,,,,,
-0.2669652298478442,0.6340659142331321,-0.40293588786955414,0.8076438803713459,1.194384138562719,0.0,7.9022276683056445,0.06493629498629261,244.0696958023336,4.881393916046672,0.06908285169636752,107.28986907846812,107.34170103734404,0.0,hartmann_6,value,logei,exact,none,0.0,0,50,10,4a78acef-21dc-49b4-afc6-abe4458ec3a6,True,0.01,2.0,59.242443799972534,7.967163963291937,"x0,x1,x2,x3,x4,x5",6,0.2,0.5,0.31252828994823345,0.20229570845106937,,,,,
-0.2669652298478442,0.6340659142331321,-0.40293588786955414,0.8076438803713459,1.194384138562719,0.0,7.8056581076923495,0.16150585559958763,223.86915234555056,4.477383046911012,0.16150585559958763,198.5893310670382,207.42416879247813,0.0,hartmann_6,value,logei,exact,gaussian,0.25,0,50,10,edd802c4-c184-4e0a-b96f-ae28199fe4da,False,0.01,2.0,48.00250539998524,7.967163963291937,"x0,x1,x2,x3,x4,x5",6,0.25,0.25,0.31252828994823345,0.20229570845106937,,,,,
-0.2669652298478442,0.6340659142331321,-0.40293588786955414,0.8076438803713459,1.194384138562719,0.0,7.404962551633208,0.5622014116587293,176.75465660894955,3.535093132178991,0.9390147665119892,106.6920733889334,148.4289766732083,0.0,hartmann_6,value,logei,exact,gaussian,1.0,0,50,10,8747cf55-8aed-4965-8eba-d49558f7dea7,False,0.01,2.0,42.26864989998285,7.967163963291937,"x0,x1,x2,x3,x4,x5",6,1.0,1.0,0.31252828994823345,0.20229570845106937,,,,,
-0.2669652298478442,0.6340659142331321,-0.40293588786955414,0.8076438803713459,1.194384138562719,0.0,7.934628071834448,0.03253589145748936,253.36231794799343,5.067246358959869,0.03253589145748936,94.65799315170365,94.65799315170365,0.0,hartmann_6,value,qnei,exact,none,0.0,0,50,10,bd1bf84e-34be-4c82-96b0-574971bd3bbb,True,0.01,2.0,55.9696245000232,7.967163963291937,"x0,x1,x2,x3,x4,x5",6,0.2,0.5,0.31252828994823345,0.20229570845106937,,,,,
-0.2669652298478442,0.6340659142331321,-0.40293588786955414,0.8076438803713459,1.194384138562719,0.0,7.814282438390731,0.15288152490120588,183.123451013974,3.66246902027948,0.34364807643770234,95.03993057725995,101.96617434972775,0.0,hartmann_6,value,qnei,exact,gaussian,0.25,0,50,10,354439cd-0791-427b-af52-fee438d61be5,False,0.01,2.0,46.971671199949924,7.967163963291937,"x0,x1,x2,x3,x4,x5",6,0.25,0.25,0.31252828994823345,0.20229570845106937,,,,,
-0.2669652298478442,0.6340659142331321,-0.40293588786955414,0.8076438803713459,1.194384138562719,0.0,3.813334942390612,4.153829020901325,349.0136266567678,6.980272533135357,6.398180200230242,281.07376374740625,370.8920847586291,0.0,hartmann_6,value,qnei,exact,gaussian,1.0,0,50,10,2f26b6a9-30ef-4189-9e37-eac281f1b90a,False,0.01,2.0,46.98030789999757,7.967163963291937,"x0,x1,x2,x3,x4,x5",6,1.0,1.0,0.31252828994823345,0.20229570845106937,,,,,
-3.988773838731695,-0.6458598545277621,-1.2546756494405962,6.232190411072328,7.532719296071111,0.0,0.7615433339311174,0.002680549527342424,20.863866642724734,0.4172773328544947,0.0030806006689112486,4.763427306811964,5.03783847095565,0.0,powell,value,logei,exact,none,0.0,0,50,10,cfa16290-7dd4-42bf-b5aa-f8884a1b5581,True,0.01,2.0,34.05905330000678,0.7642238834584598,"x0,x1,x2,x3",4,0.2,0.5,,,,,,,
-3.988773838731695,-0.6458598545277621,-1.2546756494405962,6.232190411072328,7.532719296071111,0.0,0.7443534194555422,0.019870464002917587,20.45384178099324,0.4090768356198648,0.1276700889459409,6.43164754855238,10.191237527584345,0.0,powell,value,logei,exact,gaussian,0.25,0,50,10,b8c3166e-45e2-442b-9c04-d667ee8b159a,False,0.01,2.0,31.240084600052796,0.7642238834584598,"x0,x1,x2,x3",4,0.25,0.25,,,,,,,
-3.988773838731695,-0.6458598545277621,-1.2546756494405962,6.232190411072328,7.532719296071111,0.0,0.7505602335701141,0.013663649888345675,21.174858555828365,0.4234971711165673,0.10734599960838442,5.6042700934341365,9.806579666386884,0.0,powell,value,logei,exact,gaussian,1.0,0,50,10,0dd994e0-b259-4350-8283-5f21c450e918,False,0.01,2.0,31.663652699964587,0.7642238834584598,"x0,x1,x2,x3",4,1.0,1.0,,,,,,,
-3.988773838731695,-0.6458598545277621,-1.2546756494405962,6.232190411072328,7.532719296071111,0.0,0.7531298557148095,0.011094027743650314,26.629508143715977,0.5325901628743196,0.014432851365884791,4.777705048186615,4.882359396160462,0.0,powell,value,qnei,exact,none,0.0,0,50,10,a00b0ea8-33bb-4099-8eac-321f20c24932,True,0.01,2.0,35.8757784999907,0.7642238834584598,"x0,x1,x2,x3",4,0.2,0.5,,,,,,,
-3.988773838731695,-0.6458598545277621,-1.2546756494405962,6.232190411072328,7.532719296071111,0.0,0.7631350513775197,0.0010888320809401275,16.927253501019845,0.3385450700203969,0.13802649109580978,5.559958008866012,10.084380471610773,0.0,powell,value,qnei,exact,gaussian,0.25,0,50,10,5b436cfd-1b0b-4e87-9643-1986f83a1607,False,0.01,2.0,31.56359799997881,0.7642238834584598,"x0,x1,x2,x3",4,0.25,0.25,,,,,,,
-3.988773838731695,-0.6458598545277621,-1.2546756494405962,6.232190411072328,7.532719296071111,0.0,0.6664297563298731,0.0977941271285867,40.66543050265822,0.8133086100531643,0.25650712692297173,8.481292679951395,11.424349252295983,0.0,powell,value,qnei,exact,gaussian,1.0,0,50,10,2988a6b1-c1fb-48f0-9dcc-c2c4371dd0ea,False,0.01,2.0,36.25974969996605,0.7642238834584598,"x0,x1,x2,x3",4,1.0,1.0,,,,,,,
-29.045364699457814,-4.7030079362590484,-9.13626926241544,45.38142564222623,54.851587976368485,0.0,0.5721566338723725,19.53029051998106,1026.7745478900927,20.535490957801855,19.53029051998106,981.6320724763401,981.6320724763401,0.0,ackley,value,logei,exact,none,0.0,0,50,10,9baa786d-246f-4f8a-85dc-2e73b16a03ef,True,0.01,2.0,27.850087200000416,20.102447153853433,"x0,x1,x2,x3",4,0.2,0.5,,,,,,,
-29.045364699457814,-4.7030079362590484,-9.13626926241544,45.38142564222623,54.851587976368485,0.0,16.589175370507114,3.513271783346319,692.9228298171543,13.858456596343085,3.513271783346319,563.4717394682995,568.4333628799075,0.0,ackley,value,logei,exact,gaussian,0.25,0,50,10,90500036-2eb0-4940-b8b7-3c7679de3e24,False,0.01,2.0,34.135152800008655,20.102447153853433,"x0,x1,x2,x3",4,0.25,0.25,,,,,,,
-29.045364699457814,-4.7030079362590484,-9.13626926241544,45.38142564222623,54.851587976368485,0.0,1.2283831276482642,18.87406402620517,1028.6836557409858,20.573673114819716,20.944882431715317,934.5866782647342,1018.6165072058128,0.0,ackley,value,logei,exact,gaussian,1.0,0,50,10,b39628b1-89aa-4ce2-8e2c-64d432bd8a8b,False,0.01,2.0,34.94169890001649,20.102447153853433,"x0,x1,x2,x3",4,1.0,1.0,,,,,,,
-29.045364699457814,-4.7030079362590484,-9.13626926241544,45.38142564222623,54.851587976368485,0.0,15.120598096473243,4.98184905738019,804.4327692674774,16.088655385349547,4.98184905738019,525.0175179221984,525.7143713947843,0.0,ackley,value,qnei,exact,none,0.0,0,50,10,0fc94ff5-17d6-41dd-9c04-cdc167bb508a,True,0.01,2.0,34.803807999996934,20.102447153853433,"x0,x1,x2,x3",4,0.2,0.5,,,,,,,
-29.045364699457814,-4.7030079362590484,-9.13626926241544,45.38142564222623,54.851587976368485,0.0,17.953223303826714,2.1492238500267185,756.5150369972743,15.130300739945485,2.1492238500267185,623.194989015524,634.0210769985738,0.0,ackley,value,qnei,exact,gaussian,0.25,0,50,10,0f14e784-6bb5-4db9-949d-b5930a54d2d5,False,0.01,2.0,38.86056030000327,20.102447153853433,"x0,x1,x2,x3",4,0.25,0.25,,,,,,,
-29.045364699457814,-4.7030079362590484,-9.13626926241544,45.38142564222623,54.851587976368485,0.0,0.6140811198336408,19.48836603401979,1022.9566990526175,20.45913398105235,20.888622046953316,968.3252417099968,1015.7974011607349,0.0,ackley,value,qnei,exact,gaussian,1.0,0,50,10,1dc2751a-a6fb-4d1a-a95a-7625d889317c,False,0.01,2.0,42.4559935000143,20.102447153853433,"x0,x1,x2,x3",4,1.0,1.0,,,,,,,
-6.647956397886158,-1.076433090879604,-2.0911260824009954,10.38698401845388,12.55453216011852,0.0,1.0184781092038888,0.007145141367534968,26.241312977939433,0.5248262595587887,0.012600566895103915,3.438925682822749,3.5493680414090907,0.0,rosenbrock,value,logei,exact,none,0.0,0,50,10,8b8b5323-524b-40e8-a739-76f0aedf0d34,True,0.01,2.0,42.07153649994871,1.0256232505714238,"x0,x1,x2,x3",4,0.2,0.5,,,,,,,
-6.647956397886158,-1.076433090879604,-2.0911260824009954,10.38698401845388,12.55453216011852,0.0,1.014237156059,0.011386094512423783,27.3317323722648,0.546634647445296,0.0621515404493751,3.4517352471680027,9.935515396332647,0.0,rosenbrock,value,logei,exact,gaussian,0.25,0,50,10,21185c91-1bbf-4eb9-8796-2bd3665dadb1,False,0.01,2.0,32.70032709999941,1.0256232505714238,"x0,x1,x2,x3",4,0.25,0.25,,,,,,,
-6.647956397886158,-1.076433090879604,-2.0911260824009954,10.38698401845388,12.55453216011852,0.0,0.9191038542939741,0.10651939627744966,35.65283417387662,0.7130566834775324,0.5909763361351283,7.546474157700481,27.53759531507123,0.0,rosenbrock,value,logei,exact,gaussian,1.0,0,50,10,bf0b3780-f683-4c24-ba53-45125c7717b1,False,0.01,2.0,33.288271599973086,1.0256232505714238,"x0,x1,x2,x3",4,1.0,1.0,,,,,,,
-6.647956397886158,-1.076433090879604,-2.0911260824009954,10.38698401845388,12.55453216011852,0.0,1.023254960139692,0.002368290431731701,28.687466223404968,0.5737493244680993,0.002368290431731701,3.281219816355443,3.4715257337753513,0.0,rosenbrock,value,qnei,exact,none,0.0,0,50,10,c0c90256-08d2-4bcb-8d16-c0f418d726de,True,0.01,2.0,36.08212919998914,1.0256232505714238,"x0,x1,x2,x3",4,0.2,0.5,,,,,,,
-6.647956397886158,-1.076433090879604,-2.0911260824009954,10.38698401845388,12.55453216011852,0.0,1.0202013942908101,0.005421856280613646,33.84274005013014,0.6768548010026028,0.08940109429626697,4.61382413638717,15.63614593615565,0.0,rosenbrock,value,qnei,exact,gaussian,0.25,0,50,10,96f45abe-581e-4190-b197-4a433eb851b6,False,0.01,2.0,34.13022719998844,1.0256232505714238,"x0,x1,x2,x3",4,0.25,0.25,,,,,,,
-6.647956397886158,-1.076433090879604,-2.0911260824009954,10.38698401845388,12.55453216011852,0.0,1.022329862644408,0.003293387927015834,37.711038438873615,0.7542207687774724,0.04751780326223476,4.317145882042193,19.025564305145718,0.0,rosenbrock,value,qnei,exact,gaussian,1.0,0,50,10,8e4d87d8-0537-414b-8ebb-a6f2929f27ff,False,0.01,2.0,27.376284700003453,1.0256232505714238,"x0,x1,x2,x3",4,1.0,1.0,,,,,,,
-443.19709319241053,-71.76220605864023,-139.40840549339964,692.4656012302587,836.968810674568,0.0,2.807399902391344,1.5209904693875078,157.00491994361101,3.14009839887222,1.5622880599557112,105.36521777310344,111.16430686660647,0.0,schwefel,value,logei,exact,none,0.0,0,50,10,28dfa3e6-7a78-4ec3-ab5b-bc47c406277c,True,0.01,2.0,39.10885210003471,4.328390371778852,"x0,x1,x2,x3",4,0.2,0.5,,,,,,,
-443.19709319241053,-71.76220605864023,-139.40840549339964,692.4656012302587,836.968810674568,0.0,2.867860108838315,1.4605302629405368,158.52965543192383,3.1705931086384767,1.8310749000907962,86.17439063308595,100.29563210626681,0.0,schwefel,value,logei,exact,gaussian,0.25,0,50,10,e230482e-0bce-4ac1-9284-312f1d322ec9,False,0.01,2.0,38.2963948000106,4.328390371778852,"x0,x1,x2,x3",4,0.25,0.25,,,,,,,
-443.19709319241053,-71.76220605864023,-139.40840549339964,692.4656012302587,836.968810674568,0.0,2.3170282774353255,2.0113620943435264,177.37335610996283,3.5474671221992566,3.2141146727706253,123.98464473058496,160.00602614675645,0.0,schwefel,value,logei,exact,gaussian,1.0,0,50,10,69cce91a-e324-4af8-80bc-5234bc15b3d4,False,0.01,2.0,38.4617529999814,4.328390371778852,"x0,x1,x2,x3",4,1.0,1.0,,,,,,,
-443.19709319241053,-71.76220605864023,-139.40840549339964,692.4656012302587,836.968810674568,0.0,2.68004607351743,1.648344298261422,167.36499084296653,3.347299816859331,1.650455854596438,95.65189531891554,96.29125403238956,0.0,schwefel,value,qnei,exact,none,0.0,0,50,10,a994b46b-4539-46a9-975e-59b8924df837,True,0.01,2.0,42.864190399996005,4.328390371778852,"x0,x1,x2,x3",4,0.2,0.5,,,,,,,
-443.19709319241053,-71.76220605864023,-139.40840549339964,692.4656012302587,836.968810674568,0.0,2.7243410386835634,1.6040493330952885,167.3335861659944,3.346671723319888,1.9908483841589426,108.19446749009033,117.09856231675795,0.0,schwefel,value,qnei,exact,gaussian,0.25,0,50,10,048d2c1f-e29e-4903-bef3-3f414db05c59,False,0.01,2.0,38.627613199991174,4.328390371778852,"x0,x1,x2,x3",4,0.25,0.25,,,,,,,
-443.19709319241053,-71.76220605864023,-139.40840549339964,692.4656012302587,836.968810674568,0.0,3.489087595501373,0.8393027762774787,162.83583653969688,3.2567167307939378,0.8393027762774787,91.99420218674494,135.17764659955228,0.0,schwefel,value,qnei,exact,gaussian,1.0,0,50,10,deac1751-447f-451e-8c25-230d9a876f80,False,0.01,2.0,39.989278300025035,4.328390371778852,"x0,x1,x2,x3",4,1.0,1.0,,,,,,,
-0.4431970931924105,-0.07176220605864025,-0.1394084054933996,0.6924656012302587,0.836968810674568,0.0,3.0593887562558817,0.0,50.25877263485907,1.0051754526971814,0.0,9.513951021271136,9.513951021271136,0.0,stevens,value,logei,exact,none,0.0,0,50,10,11562ff9-c82f-4a4e-b866-41ed14249c60,True,0.01,2.0,29.32957030000398,3.0593887562558817,"x0,x1,x2,x3",4,0.2,0.5,,,,,,,
-0.4431970931924105,-0.07176220605864025,-0.1394084054933996,0.6924656012302587,0.836968810674568,0.0,3.0593887562558817,0.0,45.79522040944271,0.9159044081888542,0.0,14.699650784288417,17.01245815770656,0.0,stevens,value,logei,exact,gaussian,0.25,0,50,10,5cd2326f-b609-4ae6-9c58-c4aa1b9b4f23,False,0.01,2.0,30.72635170002468,3.0593887562558817,"x0,x1,x2,x3",4,0.25,0.25,,,,,,,
-0.4431970931924105,-0.07176220605864025,-0.1394084054933996,0.6924656012302587,0.836968810674568,0.0,3.0593887562558817,0.0,77.66166062667115,1.553233212533423,0.003649011698156457,20.11378748042782,31.03656198479532,0.0,stevens,value,logei,exact,gaussian,1.0,0,50,10,0c9907be-e758-4a02-ba53-c8da21a19b4c,False,0.01,2.0,29.345819500042126,3.0593887562558817,"x0,x1,x2,x3",4,1.0,1.0,,,,,,,
-0.4431970931924105,-0.07176220605864025,-0.1394084054933996,0.6924656012302587,0.836968810674568,0.0,3.0593887562558817,0.0,135.50855717421663,2.7101711434843327,0.0,9.477168862944678,9.477168862944678,0.0,stevens,value,qnei,exact,none,0.0,0,50,10,a7e83d66-f7a5-46ab-bc77-7489172165ce,True,0.01,2.0,35.22840469999937,3.0593887562558817,"x0,x1,x2,x3",4,0.2,0.5,,,,,,,
-0.4431970931924105,-0.07176220605864025,-0.1394084054933996,0.6924656012302587,0.836968810674568,0.0,3.0399864932269605,0.01940226302892123,94.9529218834722,1.899058437669444,0.2583123053083245,29.368439767827667,39.201810749414044,0.0,stevens,value,qnei,exact,gaussian,0.25,0,50,10,656018d2-e45b-4c51-8fc5-4b11062c5bb8,False,0.01,2.0,30.843240300018806,3.0593887562558817,"x0,x1,x2,x3",4,0.25,0.25,,,,,,,
-0.4431970931924105,-0.07176220605864025,-0.1394084054933996,0.6924656012302587,0.836968810674568,0.0,3.0593887562558817,0.0,60.981290271131016,1.2196258054226203,0.30547926445870965,18.414016158639853,52.34308423587967,0.0,stevens,value,qnei,exact,gaussian,1.0,0,50,10,76447884-428d-44b3-a599-ec5d59f0aa8c,False,0.01,2.0,31.016385700029787,3.0593887562558817,"x0,x1,x2,x3",4,1.0,1.0,,,,,,,
-0.4431970931924105,-0.07176220605864025,-0.1394084054933996,0.6924656012302587,0.836968810674568,0.0,3.459318590148271,0.07609395363858784,128.47579029685562,2.5695158059371126,0.07868490388798577,40.68429268948044,40.7659811587173,0.0,yerkes_dodson,value,logei,exact,none,0.0,0,50,10,caf6fd7d-ff9a-4d39-94db-68e1dc7869fa,True,0.01,2.0,36.358961199992336,3.5354125437868587,"x0,x1,x2,x3",4,0.2,0.5,,,,,,,
-0.4431970931924105,-0.07176220605864025,-0.1394084054933996,0.6924656012302587,0.836968810674568,0.0,3.4536227106968993,0.08178983308995935,88.8943466667381,1.777886933334762,0.10987875560328053,63.90786410686046,71.21225440877586,0.0,yerkes_dodson,value,logei,exact,gaussian,0.25,0,50,10,96b217f1-1ffb-4c8b-9ea5-771b0125c0f3,False,0.01,2.0,33.691260599996895,3.5354125437868587,"x0,x1,x2,x3",4,0.25,0.25,,,,,,,
-0.4431970931924105,-0.07176220605864025,-0.1394084054933996,0.6924656012302587,0.836968810674568,0.0,2.657594438797998,0.8778181049888607,126.66608179633883,2.5333216359267765,2.0022645015267786,93.15780447417536,119.33415448863252,0.0,yerkes_dodson,value,logei,exact,gaussian,1.0,0,50,10,e4b5de16-d365-45bc-95ea-477ab3f76211,False,0.01,2.0,32.05794040003093,3.5354125437868587,"x0,x1,x2,x3",4,1.0,1.0,,,,,,,
-0.4431970931924105,-0.07176220605864025,-0.1394084054933996,0.6924656012302587,0.836968810674568,0.0,3.5263947650227365,0.00901777876412213,116.87378049549874,2.3374756099099745,0.009639337942237702,37.573897639722254,37.66753626160865,0.0,yerkes_dodson,value,qnei,exact,none,0.0,0,50,10,2c897c0b-38bb-4770-a4af-69d6ee61f2a3,True,0.01,2.0,35.97326519998023,3.5354125437868587,"x0,x1,x2,x3",4,0.2,0.5,,,,,,,
-0.4431970931924105,-0.07176220605864025,-0.1394084054933996,0.6924656012302587,0.836968810674568,0.0,3.464467357718407,0.0709451860684518,101.95587368225578,2.0391174736451156,0.12128096102179153,64.68826100720993,76.5267892969282,0.0,yerkes_dodson,value,qnei,exact,gaussian,0.25,0,50,10,727a4c63-ccb1-4300-8195-65965b16f6bd,False,0.01,2.0,35.498722499993164,3.5354125437868587,"x0,x1,x2,x3",4,0.25,0.25,,,,,,,
-0.4431970931924105,-0.07176220605864025,-0.1394084054933996,0.6924656012302587,0.836968810674568,0.0,3.2071497333890653,0.32826281039779337,133.58861373324956,2.671772274664991,0.32826281039779337,100.99459250705824,135.91047214546376,0.0,yerkes_dodson,value,qnei,exact,gaussian,1.0,0,50,10,978890f7-cd09-4f58-8fad-98fd42942e2e,False,0.01,2.0,37.318418100010604,3.5354125437868587,"x0,x1,x2,x3",4,1.0,1.0,,,,,,,
-4.5383382342902845,-0.7348449900404761,-1.4275420722524128,7.09084775659785,8.570560621307576,0.0,2.5483999524766787,1.090539120961373,143.90592897111082,2.8781185794222166,1.090539120961373,90.54238939592678,90.54238939592678,0.0,rastrigin,value,logei,exact,none,0.0,0,50,10,6dbe6f7f-571c-487a-84fc-4ac5a3933453,True,0.01,2.0,38.240088399965316,3.638939073438052,"x0,x1,x2,x3",4,0.2,0.5,,,,,,,
-4.5383382342902845,-0.7348449900404761,-1.4275420722524128,7.09084775659785,8.570560621307576,0.0,3.197519840042779,0.44141923339527267,120.16425691398364,2.4032851382796725,0.44141923339527267,60.962914927617355,63.293313574835004,0.0,rastrigin,value,logei,exact,gaussian,0.25,0,50,10,053fbac5-a67d-42cb-bc02-7327dd87c058,False,0.01,2.0,29.06492239999352,3.638939073438052,"x0,x1,x2,x3",4,0.25,0.25,,,,,,,
-4.5383382342902845,-0.7348449900404761,-1.4275420722524128,7.09084775659785,8.570560621307576,0.0,2.249622846292051,1.3893162271460007,177.97618633267564,3.559523726653513,3.9202493315295666,117.32626061622952,180.36354615996711,0.0,rastrigin,value,logei,exact,gaussian,1.0,0,50,10,8b7747aa-2384-4226-bed3-72e9d758d002,False,0.01,2.0,40.968284200003836,3.638939073438052,"x0,x1,x2,x3",4,1.0,1.0,,,,,,,
-4.5383382342902845,-0.7348449900404761,-1.4275420722524128,7.09084775659785,8.570560621307576,0.0,2.5711888711278905,1.0677502023101613,163.68012177459204,3.2736024354918407,1.0677502023101613,101.67389865678703,101.67835544190797,0.0,rastrigin,value,qnei,exact,none,0.0,0,50,10,e70974e3-2a77-4b7e-b3bb-5b90185f6e65,True,0.01,2.0,40.30068060004851,3.638939073438052,"x0,x1,x2,x3",4,0.2,0.5,,,,,,,
-4.5383382342902845,-0.7348449900404761,-1.4275420722524128,7.09084775659785,8.570560621307576,0.0,3.0774437090395894,0.5614953643984624,145.94396261595537,2.9188792523191074,0.5614953643984624,75.00254528597733,78.39209163344418,0.0,rastrigin,value,qnei,exact,gaussian,0.25,0,50,10,fff5610c-02d3-4a1c-9beb-17d47da31662,False,0.01,2.0,38.232994300022256,3.638939073438052,"x0,x1,x2,x3",4,0.25,0.25,,,,,,,
-4.5383382342902845,-0.7348449900404761,-1.4275420722524128,7.09084775659785,8.570560621307576,0.0,0.8514523673788739,2.7874867060591777,204.7647024952808,4.095294049905616,3.487385745403768,149.7970193535771,213.92095890072355,0.0,rastrigin,value,qnei,exact,gaussian,1.0,0,50,10,5811cad8-2d1e-4eeb-8136-4bdf87fe8f18,False,0.01,2.0,40.26368179998826,3.638939073438052,"x0,x1,x2,x3",4,1.0,1.0,,,,,,,
-4.431970931924105,-0.7176220605864025,-1.3940840549339955,6.924656012302586,8.369688106745679,0.0,13.681490294749134,43.09258374326925,2622.474101287109,52.449482025742185,43.09258374326925,2333.51553070246,2334.7148826915122,0.0,shekel,value,logei,exact,none,0.0,0,50,10,b3254f10-aad1-4dd4-8307-adc97c102fbe,True,0.01,2.0,42.13843570003519,56.774074038018384,"x0,x1,x2,x3",4,0.2,0.5,,,,,,,
-4.431970931924105,-0.7176220605864025,-1.3940840549339955,6.924656012302586,8.369688106745679,0.0,8.35282745649104,48.42124658152734,2717.1181800124045,54.34236360024809,48.43104798656651,2522.988703445947,2525.999768288326,0.0,shekel,value,logei,exact,gaussian,0.25,0,50,10,03f836e1-6fac-4c5a-bc6e-d1b6fe87494e,False,0.01,2.0,43.15541609999491,56.774074038018384,"x0,x1,x2,x3",4,0.25,0.25,,,,,,,
-4.431970931924105,-0.7176220605864025,-1.3940840549339955,6.924656012302586,8.369688106745679,0.0,1.057600547535568,55.71647349048281,2845.10937179867,56.9021874359734,56.216444567217025,2737.494294942624,2752.2184848507845,0.0,shekel,value,logei,exact,gaussian,1.0,0,50,10,96f6301e-d0df-4942-ae30-304cb806513c,False,0.01,2.0,35.92440920002991,56.774074038018384,"x0,x1,x2,x3",4,1.0,1.0,,,,,,,
-4.431970931924105,-0.7176220605864025,-1.3940840549339955,6.924656012302586,8.369688106745679,0.0,13.208889035842283,43.5651850021761,2644.907782517009,52.89815565034018,43.5651850021761,2431.4708199819315,2431.8596873204533,0.0,shekel,value,qnei,exact,none,0.0,0,50,10,224cc8ae-cfc7-45c2-a6b1-574bf4471f0c,True,0.01,2.0,38.67931249999674,56.774074038018384,"x0,x1,x2,x3",4,0.2,0.5,,,,,,,
-4.431970931924105,-0.7176220605864025,-1.3940840549339955,6.924656012302586,8.369688106745679,0.0,13.518707534831933,43.25536650318645,2618.325034453621,52.36650068907242,43.25536650318645,2351.5108841899164,2360.962743185167,0.0,shekel,value,qnei,exact,gaussian,0.25,0,50,10,384285e9-f512-4f19-bfe1-18bab6a201ee,False,0.01,2.0,43.47299219999695,56.774074038018384,"x0,x1,x2,x3",4,0.25,0.25,,,,,,,
-4.431970931924105,-0.7176220605864025,-1.3940840549339955,6.924656012302586,8.369688106745679,0.0,2.080668177948929,54.693405860069454,2829.429301278926,56.588586025578515,55.828098588243286,2708.7180387858293,2765.3888599538714,0.0,shekel,value,qnei,exact,gaussian,1.0,0,50,10,3f18ecfb-6487-4a4e-8c9e-c57257c49559,False,0.01,2.0,40.808397999964654,56.774074038018384,"x0,x1,x2,x3",4,1.0,1.0,,,,,,,
-2.5763639183200144,1.5122202941068952,0.04179210139287726,0.8677923190970707,3.409690555775156,0.0,5.498694390270394,2.549026776418584,296.49837088420355,5.929967417684071,2.549026776418584,227.1431642247445,227.2187944997,0.0,michalewicz,value,logei,exact,none,0.0,0,50,10,fb4fd927-d4b5-453c-92ca-d01019f2ae4a,True,0.01,2.0,46.6571425999864,8.047721166688978,"x0,x1,x2,x3,x4",5,0.2,0.5,1.3952484867540926,,,,,,
-2.5763639183200144,1.5122202941068952,0.04179210139287726,0.8677923190970707,3.409690555775156,0.0,4.7446067338601665,3.303114432828812,317.3233513931631,6.346467027863262,3.303114432828812,259.7694244904854,261.6914416935427,0.0,michalewicz,value,logei,exact,gaussian,0.25,0,50,10,272bc817-0d6b-4004-8174-bd044991caf3,False,0.01,2.0,50.16508010000689,8.047721166688978,"x0,x1,x2,x3,x4",5,0.25,0.25,1.3952484867540926,,,,,,
-2.5763639183200144,1.5122202941068952,0.04179210139287726,0.8677923190970707,3.409690555775156,0.0,2.980930359094888,5.06679080759409,369.095409842688,7.38190819685376,5.1901985382551254,307.6090500191509,324.0992595643536,0.0,michalewicz,value,logei,exact,gaussian,1.0,0,50,10,428d6136-738f-48e3-b348-4df9e6505fe8,False,0.01,2.0,40.5867908000364,8.047721166688978,"x0,x1,x2,x3,x4",5,1.0,1.0,1.3952484867540926,,,,,,
-2.5763639183200144,1.5122202941068952,0.04179210139287726,0.8677923190970707,3.409690555775156,0.0,2.957750640294282,5.089970526394696,368.8533139274162,7.377066278548324,5.089970526394696,314.4834266643925,314.488401531824,0.0,michalewicz,value,qnei,exact,none,0.0,0,50,10,17cd48f7-1477-4c9d-bb3e-dd91e8a09fe8,True,0.01,2.0,60.58023870002944,8.047721166688978,"x0,x1,x2,x3,x4",5,0.2,0.5,1.3952484867540926,,,,,,
-2.5763639183200144,1.5122202941068952,0.04179210139287726,0.8677923190970707,3.409690555775156,0.0,2.4475640530622433,5.600157113626735,377.0342128379364,7.540684256758729,5.600157113626735,305.55197725591233,313.95099169924345,0.0,michalewicz,value,qnei,exact,gaussian,0.25,0,50,10,251d721e-1abb-4409-9b00-252348a7e29e,False,0.01,2.0,53.446673099999316,8.047721166688978,"x0,x1,x2,x3,x4",5,0.25,0.25,1.3952484867540926,,,,,,
-2.5763639183200144,1.5122202941068952,0.04179210139287726,0.8677923190970707,3.409690555775156,0.0,3.6746872537628117,4.373033912926166,379.9914008576801,7.599828017153602,4.844520829291437,321.6778689060145,341.9148897540697,0.0,michalewicz,value,qnei,exact,gaussian,1.0,0,50,10,cfdf507e-5502-44f5-9be1-3d6d286f19ae,False,0.01,2.0,41.02404079999542,8.047721166688978,"x0,x1,x2,x3,x4",5,1.0,1.0,1.3952484867540926,,,,,,
-4.431970931924105,-0.7176220605864025,-1.3940840549339955,6.924656012302586,8.369688106745679,0.0,5.402837764670362,0.0,117.93928260813401,2.35878565216268,0.0,31.018632771789264,31.018632771789264,0.0,hicks_law,value,logei,exact,none,0.0,0,50,10,7cb829a6-2ddc-4ed5-8b42-343382d6cc9e,True,0.01,2.0,38.19329259998631,5.402837764670362,"x0,x1,x2,x3",4,0.2,0.5,,,,,,,
-4.431970931924105,-0.7176220605864025,-1.3940840549339955,6.924656012302586,8.369688106745679,0.0,5.402837764670362,0.0,41.717421599297744,0.8343484319859549,0.0,27.10388881137555,27.10388881137555,0.0,hicks_law,value,logei,exact,gaussian,0.25,0,50,10,f881f4e3-99cf-481b-9c62-f66fca948a45,False,0.01,2.0,32.79163160000462,5.402837764670362,"x0,x1,x2,x3",4,0.25,0.25,,,,,,,
-4.431970931924105,-0.7176220605864025,-1.3940840549339955,6.924656012302586,8.369688106745679,0.0,5.402837764670362,0.0,142.70942283580663,2.8541884567161326,0.0936266344532477,85.0926774825802,103.39877064800241,0.0,hicks_law,value,logei,exact,gaussian,1.0,0,50,10,486cf981-7c22-47df-9789-2088ed8c6214,False,0.01,2.0,29.94201489997795,5.402837764670362,"x0,x1,x2,x3",4,1.0,1.0,,,,,,,
-4.431970931924105,-0.7176220605864025,-1.3940840549339955,6.924656012302586,8.369688106745679,0.0,5.402837764670362,0.0,255.12760397448548,5.102552079489709,0.0,31.029692026594518,31.029692026594518,0.0,hicks_law,value,qnei,exact,none,0.0,0,50,10,6184f7ab-b98b-4b16-9aff-f5821ff7a762,True,0.01,2.0,32.977221000008285,5.402837764670362,"x0,x1,x2,x3",4,0.2,0.5,,,,,,,
-4.431970931924105,-0.7176220605864025,-1.3940840549339955,6.924656012302586,8.369688106745679,0.0,5.402837764670362,0.0,233.88870754860346,4.677774150972069,0.0,28.887383529230707,31.403876623084074,0.0,hicks_law,value,qnei,exact,gaussian,0.25,0,50,10,3dd86757-8a90-4cae-a7ce-c1ad49459f9f,False,0.01,2.0,30.39746310003102,5.402837764670362,"x0,x1,x2,x3",4,0.25,0.25,,,,,,,
-4.431970931924105,-0.7176220605864025,-1.3940840549339955,6.924656012302586,8.369688106745679,0.0,5.402837764670362,0.0,237.28094704257182,4.745618940851436,0.94253719165261,153.26280992432712,215.47042105262366,0.0,hicks_law,value,qnei,exact,gaussian,1.0,0,50,10,f3062ab0-6260-44a8-b732-bb6940af7c97,False,0.01,2.0,31.55454850004753,5.402837764670362,"x0,x1,x2,x3",4,1.0,1.0,,,,,,,
-1.2755682435444466,-0.5839968699712661,,,1.4028993862979984,0.0,1.2499821650123295,7.330088773915833e-05,18.613236908060596,0.3722647381612119,9.451554103501181e-05,0.4438611568357518,0.4460658692361903,0.0,branin,value,logei,exact,none,0.0,0,50,10,0551ba08-a7af-4498-901b-2be46c975140,True,0.01,2.0,23.652377699967474,1.2500554659000687,"x0,x1",2,0.2,0.5,,,,,,,
-1.2755682435444466,-0.5839968699712661,,,1.4028993862979984,0.0,1.2331847136995135,0.016870752200555117,17.618353979326976,0.3523670795865395,0.11405807897099973,0.8266668578272007,3.947527725504876,0.0,branin,value,logei,exact,gaussian,0.25,0,50,10,62d1fc13-ae0e-443d-92b0-db6ff8de1428,False,0.01,2.0,24.246081899967976,1.2500554659000687,"x0,x1",2,0.25,0.25,,,,,,,
-1.2755682435444466,-0.5839968699712661,,,1.4028993862979984,0.0,1.2331847136995135,0.016870752200555117,38.200905386653716,0.7640181077330743,0.9658966118334287,0.8266668578272007,7.225381941823285,0.0,branin,value,logei,exact,gaussian,1.0,0,50,10,3302efef-68bc-4581-9e49-bbb042cccbbc,False,0.01,2.0,20.44629699998768,1.2500554659000687,"x0,x1",2,1.0,1.0,,,,,,,
-1.2755682435444466,-0.5839968699712661,,,1.4028993862979984,0.0,1.2500399171832879,1.5548716780777738e-05,21.793493419513947,0.4358698683902789,6.823500850305919e-05,0.22387717950885877,0.28485365117507744,0.0,branin,value,qnei,exact,none,0.0,0,50,10,7351fe8e-d83f-452a-9806-e0800c4a9905,True,0.01,2.0,25.260134299984202,1.2500554659000687,"x0,x1",2,0.2,0.5,,,,,,,
-1.2755682435444466,-0.5839968699712661,,,1.4028993862979984,0.0,1.2485892318051581,0.0014662340949105346,15.102729191839378,0.30205458383678757,0.07415503924755962,0.3826520500512992,3.339179791514517,0.0,branin,value,qnei,exact,gaussian,0.25,0,50,10,fc681184-41fd-48fb-baf3-55aac8b7f728,False,0.01,2.0,23.414369800011627,1.2500554659000687,"x0,x1",2,0.25,0.25,,,,,,,
-1.2755682435444466,-0.5839968699712661,,,1.4028993862979984,0.0,1.2331847136995135,0.016870752200555117,43.5921287590112,0.871842575180224,0.5055316653250919,0.8266668578272007,39.01899610421496,0.0,branin,value,qnei,exact,gaussian,1.0,0,50,10,f0c9ec5c-3798-4346-8055-d6c750938bc0,False,0.01,2.0,24.261307000007946,1.2500554659000687,"x0,x1",2,1.0,1.0,,,,,,,
-0.4431970931924105,-0.07176220605864025,-0.1394084054933996,0.6924656012302587,0.836968810674568,0.0,2.153305282720616,0.0,83.80448120199655,1.676089624039931,0.0,5.82660879715454,5.82660879715454,0.0,weber_fechner,value,logei,exact,none,0.0,0,50,10,fa7a75bb-8b23-424f-827e-23be57a1785c,True,0.01,2.0,46.40687990002334,2.153305282720616,"x0,x1,x2,x3",4,0.2,0.5,,,,,,,
-0.4431970931924105,-0.07176220605864025,-0.1394084054933996,0.6924656012302587,0.836968810674568,0.0,2.153305282720616,0.0,21.66281477388465,0.433256295477693,0.0,9.322753220865547,13.276998820417713,0.0,weber_fechner,value,logei,exact,gaussian,0.25,0,50,10,b75f2f82-17a5-411d-bac2-da0ea0f9c9fc,False,0.01,2.0,28.12004559999332,2.153305282720616,"x0,x1,x2,x3",4,0.25,0.25,,,,,,,
-0.4431970931924105,-0.07176220605864025,-0.1394084054933996,0.6924656012302587,0.836968810674568,0.0,2.153305282720616,0.0,40.754209051143405,0.8150841810228681,0.6863277571622401,13.563281428636781,32.7068839365185,0.0,weber_fechner,value,logei,exact,gaussian,1.0,0,50,10,743386b5-2ad4-4725-b0f6-e68a1003b230,False,0.01,2.0,31.20396079996135,2.153305282720616,"x0,x1,x2,x3",4,1.0,1.0,,,,,,,
-0.4431970931924105,-0.07176220605864025,-0.1394084054933996,0.6924656012302587,0.836968810674568,0.0,2.153305282720616,0.0,74.40161347826418,1.4880322695652837,0.0,5.833654804125771,5.833654804125771,0.0,weber_fechner,value,qnei,exact,none,0.0,0,50,10,1acb922b-11c0-4c9b-bec8-c4f593cf0bfb,True,0.01,2.0,38.22746640001424,2.153305282720616,"x0,x1,x2,x3",4,0.2,0.5,,,,,,,
-0.4431970931924105,-0.07176220605864025,-0.1394084054933996,0.6924656012302587,0.836968810674568,0.0,2.049641747411727,0.10366353530888883,33.63148972712623,0.6726297945425246,0.35500349963796385,16.17944418212126,24.67291864748942,0.0,weber_fechner,value,qnei,exact,gaussian,0.25,0,50,10,881bdcc6-c592-4120-becc-206a0dfd9a61,False,0.01,2.0,32.39740010001697,2.153305282720616,"x0,x1,x2,x3",4,0.25,0.25,,,,,,,
-0.4431970931924105,-0.07176220605864025,-0.1394084054933996,0.6924656012302587,0.836968810674568,0.0,2.06070211787928,0.09260316484133568,50.119896034589786,1.0023979206917957,0.2224635397024246,12.720295251676365,26.895508201617428,0.0,weber_fechner,value,qnei,exact,gaussian,1.0,0,50,10,3cacc2e0-6ec9-4558-815a-6eda70cdbb6a,False,0.01,2.0,30.306496100034565,2.153305282720616,"x0,x1,x2,x3",4,1.0,1.0,,,,,,,
-130.61818813895127,-59.80127948505765,,,143.656897156915,0.0,2.382741901093041,0.8223036299620179,110.16196636812909,2.203239327362582,0.8223036299620179,42.177936844316115,43.73642110750638,0.0,eggholder,value,logei,exact,none,0.0,0,50,10,5fcaf6a3-4345-4aa2-8ee7-100c65348463,True,0.01,2.0,29.728360699955374,3.2050455310550587,"x0,x1",2,0.2,0.5,,,,,,,
-130.61818813895127,-59.80127948505765,,,143.656897156915,0.0,2.331166856074644,0.8738786749804146,109.15075309820035,2.183015061964007,0.9095542201632068,42.82005507404031,49.62707595215238,0.0,eggholder,value,logei,exact,gaussian,0.25,0,50,10,d19335fd-3a0d-474a-bf67-116aa2c6c4d6,False,0.01,2.0,28.65592489996925,3.2050455310550587,"x0,x1",2,0.25,0.25,,,,,,,
-130.61818813895127,-59.80127948505765,,,143.656897156915,0.0,2.7405574732648685,0.4644880577901902,120.01962578430421,2.400392515686084,1.0109787563915145,35.88097915553032,72.48935294049909,0.0,eggholder,value,logei,exact,gaussian,1.0,0,50,10,46c9956d-abc1-4606-bf0b-8196b18d3bae,False,0.01,2.0,23.31925910001155,3.2050455310550587,"x0,x1",2,1.0,1.0,,,,,,,
-130.61818813895127,-59.80127948505765,,,143.656897156915,0.0,3.1947625133432194,0.01028301771183937,114.07599624553022,2.2815199249106044,0.018108769482874543,25.210253121286947,25.79545581570461,0.0,eggholder,value,qnei,exact,none,0.0,0,50,10,b66da5c2-f6c7-4ab5-abf4-87255ce85901,True,0.01,2.0,27.013838300015777,3.2050455310550587,"x0,x1",2,0.2,0.5,,,,,,,
-130.61818813895127,-59.80127948505765,,,143.656897156915,0.0,3.203234585855091,0.0018109451999679393,122.7436914360931,2.454873828721862,0.0018109451999679393,7.501312017932226,7.501312017932226,0.0,eggholder,value,qnei,exact,gaussian,0.25,0,50,10,c7a21276-183b-43fb-922f-3ed46716cb7a,False,0.01,2.0,30.82230240001809,3.2050455310550587,"x0,x1",2,0.25,0.25,,,,,,,
-130.61818813895127,-59.80127948505765,,,143.656897156915,0.0,2.331166856074644,0.8738786749804146,151.75352341984305,3.035070468396861,1.884000835740168,42.82005507404031,113.84764585096214,0.0,eggholder,value,qnei,exact,gaussian,1.0,0,50,10,46402735-b0b0-40f6-95cf-f2d3d10b97b4,False,0.01,2.0,21.988792899996042,3.2050455310550587,"x0,x1",2,1.0,1.0,,,,,,,
-0.4431970931924105,-0.07176220605864025,-0.1394084054933996,0.6924656012302587,0.836968810674568,0.0,2.1375313096550808,0.8199684719268365,81.74916734713769,1.6349833469427537,0.8943082250945174,47.30197804369709,50.689566389655084,0.0,moving_peaks,value,logei,exact,none,0.0,0,50,10,3cfb2f97-3cdb-4b6c-afa4-0232239c32d9,True,0.01,2.0,38.74739999999292,2.9574997815819173,"x0,x1,x2,x3",4,0.2,0.5,,,,,,,
-0.4431970931924105,-0.07176220605864025,-0.1394084054933996,0.6924656012302587,0.836968810674568,0.0,2.2760122404345005,0.6814875411474168,85.04618608247442,1.7009237216494884,0.8891872550450235,52.062345467881244,60.32093225749987,0.0,moving_peaks,value,logei,exact,gaussian,0.25,0,50,10,5c13ab78-b9e6-4f8e-9ed0-56d6136a334a,False,0.01,2.0,39.1615407000063,2.9574997815819173,"x0,x1,x2,x3",4,0.25,0.25,,,,,,,
-0.4431970931924105,-0.07176220605864025,-0.1394084054933996,0.6924656012302587,0.836968810674568,0.0,2.667392828260911,0.29010695332100633,142.26239339863253,2.8452478679726507,0.29010695332100633,66.12848147597457,116.89004259858294,0.0,moving_peaks,value,logei,exact,gaussian,1.0,0,50,10,30010da8-79f5-4aa6-af13-05a3af7efb13,False,0.01,2.0,29.80148589995224,2.9574997815819173,"x0,x1,x2,x3",4,1.0,1.0,,,,,,,
-0.4431970931924105,-0.07176220605864025,-0.1394084054933996,0.6924656012302587,0.836968810674568,0.0,2.2720161477877028,0.6854836337942145,98.6613545629927,1.973227091259854,0.6854836337942145,56.65588779540536,56.65588779540536,0.0,moving_peaks,value,qnei,exact,none,0.0,0,50,10,08338ec3-1853-48bc-831c-06ab45ce967b,True,0.01,2.0,33.49229030002607,2.9574997815819173,"x0,x1,x2,x3",4,0.2,0.5,,,,,,,
-0.4431970931924105,-0.07176220605864025,-0.1394084054933996,0.6924656012302587,0.836968810674568,0.0,2.3197048755067113,0.637794906075206,112.21089792227727,2.2442179584455455,1.103745290715606,50.16775341491224,70.40559733198455,0.0,moving_peaks,value,qnei,exact,gaussian,0.25,0,50,10,e0779198-4503-4830-9561-7a7b422c525d,False,0.01,2.0,32.76650759996846,2.9574997815819173,"x0,x1,x2,x3",4,0.25,0.25,,,,,,,
-0.4431970931924105,-0.07176220605864025,-0.1394084054933996,0.6924656012302587,0.836968810674568,0.0,1.9864037443892366,0.9710960371926807,134.92047942915391,2.698409588583078,0.9710960371926807,67.3103525728303,109.33706438512978,0.0,moving_peaks,value,qnei,exact,gaussian,1.0,0,50,10,4e019be7-7b60-477b-8a45-ee4e74ebf9be,False,0.01,2.0,34.99181470001349,2.9574997815819173,"x0,x1,x2,x3",4,1.0,1.0,,,,,,,
-0.8067195865469551,0.30512280635741795,-0.6925252812540241,,1.1061137750945342,0.0,3.052924126664923,0.00197681549080464,63.5214203926558,1.270428407853116,0.00197681549080464,16.061976629062443,16.15390513550895,0.0,hartmann_3,value,logei,exact,none,0.0,0,50,10,5d567336-4df3-4fd6-a0a3-7ac7eb84ca4b,True,0.01,2.0,31.105511900037527,3.0549009421557276,"x0,x1,x2",3,0.2,0.5,,,,,,,
-0.8067195865469551,0.30512280635741795,-0.6925252812540241,,1.1061137750945342,0.0,3.045183362245511,0.00971757991021649,47.74053401322404,0.9548106802644809,0.00971757991021649,28.10068415304032,35.567543218272476,0.0,hartmann_3,value,logei,exact,gaussian,0.25,0,50,10,cba16a39-76d9-4a9a-afd1-c529993f68f3,False,0.01,2.0,30.537060800008476,3.0549009421557276,"x0,x1,x2",3,0.25,0.25,,,,,,,
-0.8067195865469551,0.30512280635741795,-0.6925252812540241,,1.1061137750945342,0.0,2.8953382984094946,0.15956264374623297,77.93804726310819,1.5587609452621638,0.8892103985309214,24.21967790411871,52.97437230137439,0.0,hartmann_3,value,logei,exact,gaussian,1.0,0,50,10,5a2b3ed1-1474-4854-a054-f7d5ac9f8eb9,False,0.01,2.0,29.069339899986517,3.0549009421557276,"x0,x1,x2",3,1.0,1.0,,,,,,,
-0.8067195865469551,0.30512280635741795,-0.6925252812540241,,1.1061137750945342,0.0,3.0543525572839823,0.0005483848717453554,119.58654513918164,2.3917309027836327,0.0005483848717453554,16.4157981156612,16.473058537929244,0.0,hartmann_3,value,qnei,exact,none,0.0,0,50,10,7faf1a4c-9d97-4b7e-9cbc-f8d9573e9c0a,True,0.01,2.0,32.04491060000146,3.0549009421557276,"x0,x1,x2",3,0.2,0.5,,,,,,,
-0.8067195865469551,0.30512280635741795,-0.6925252812540241,,1.1061137750945342,0.0,3.0509575386614602,0.003943403494267361,72.10147428751631,1.4420294857503262,0.010152211826901958,16.299432304307253,19.352265901706442,0.0,hartmann_3,value,qnei,exact,gaussian,0.25,0,50,10,c36ce959-6ab7-4960-81f5-a969010332fe,False,0.01,2.0,29.225297100027092,3.0549009421557276,"x0,x1,x2",3,0.25,0.25,,,,,,,
-0.8067195865469551,0.30512280635741795,-0.6925252812540241,,1.1061137750945342,0.0,2.99051404874647,0.06438689340925752,81.19231196614638,1.6238462393229276,0.12643891100882287,18.366685648493778,36.658292543138415,0.0,hartmann_3,value,qnei,exact,gaussian,1.0,0,50,10,ea55fd28-ec8b-4ee8-832e-5d7e3fc996d5,False,0.01,2.0,32.352090600004885,3.0549009421557276,"x0,x1,x2",3,1.0,1.0,,,,,,,
-0.4431970931924105,-0.07176220605864025,-0.1394084054933996,0.6924656012302587,0.836968810674568,0.0,1.7175746997911816,0.0,60.34175575775453,1.2068351151550905,0.0,5.844656968780921,5.844656968780921,0.0,power_law_practice,value,logei,exact,none,0.0,0,50,10,07c9e30c-1054-48a5-916b-4b54bbbe4818,True,0.01,2.0,44.073812299990095,1.7175746997911816,"x0,x1,x2,x3",4,0.2,0.5,,,,,,,
-0.4431970931924105,-0.07176220605864025,-0.1394084054933996,0.6924656012302587,0.836968810674568,0.0,1.7175746997911816,0.0,18.97046964876482,0.3794093929752964,0.0,6.300822867329385,8.490537154496451,0.0,power_law_practice,value,logei,exact,gaussian,0.25,0,50,10,b1f548ba-abb0-4210-bc6a-81e690646f0a,False,0.01,2.0,28.403786699986085,1.7175746997911816,"x0,x1,x2,x3",4,0.25,0.25,,,,,,,
-0.4431970931924105,-0.07176220605864025,-0.1394084054933996,0.6924656012302587,0.836968810674568,0.0,1.359208483305288,0.3583662164858936,39.37544727537703,0.7875089455075406,0.8718724189176845,20.987076568508346,42.42600203743914,0.0,power_law_practice,value,logei,exact,gaussian,1.0,0,50,10,aa69c408-068c-4a76-8ac1-2fdfdf3ea057,False,0.01,2.0,29.447244799986947,1.7175746997911816,"x0,x1,x2,x3",4,1.0,1.0,,,,,,,
-0.4431970931924105,-0.07176220605864025,-0.1394084054933996,0.6924656012302587,0.836968810674568,0.0,1.7175746997911816,0.0,76.6295872142976,1.532591744285952,0.0,5.155246118252979,5.155246118252979,0.0,power_law_practice,value,qnei,exact,none,0.0,0,50,10,6ede0427-034c-4693-9248-a20fde1a385c,True,0.01,2.0,34.433188700000755,1.7175746997911816,"x0,x1,x2,x3",4,0.2,0.5,,,,,,,
-0.4431970931924105,-0.07176220605864025,-0.1394084054933996,0.6924656012302587,0.836968810674568,0.0,1.7175746997911816,0.0,48.68925591566463,0.9737851183132926,0.06518154222152961,9.515368556203338,13.630365243273667,0.0,power_law_practice,value,qnei,exact,gaussian,0.25,0,50,10,b2704a23-0b44-40d1-a1d3-7cc4735cdf8c,False,0.01,2.0,33.17469879996497,1.7175746997911816,"x0,x1,x2,x3",4,0.25,0.25,,,,,,,
-0.4431970931924105,-0.07176220605864025,-0.1394084054933996,0.6924656012302587,0.836968810674568,0.0,1.542515988541028,0.1750587112501536,53.29325163407882,1.0658650326815764,0.5363591776490679,15.336166216497856,28.10923706655101,0.0,power_law_practice,value,qnei,exact,gaussian,1.0,0,50,10,048e37bf-bea5-47e4-a1ac-cb07e1c91beb,False,0.01,2.0,36.9244219000102,1.7175746997911816,"x0,x1,x2,x3",4,1.0,1.0,,,,,,,
-0.4431970931924105,-0.07176220605864025,-0.1394084054933996,0.6924656012302587,0.836968810674568,0.0,1.2903349089384066,4.026886061736512e-05,18.731956814331788,0.37463913628663575,4.026886061736512e-05,1.4855897157342943,1.4961346205779045,0.0,steering_law,value,logei,exact,none,0.0,0,50,10,7448d898-c81f-4576-b76f-def53690c6ef,True,0.01,2.0,49.37281900004018,1.290375177799024,"x0,x1,x2,x3",4,0.2,0.5,,,,,,,
-0.4431970931924105,-0.07176220605864025,-0.1394084054933996,0.6924656012302587,0.836968810674568,0.0,1.2827283815611346,0.007646796237889442,10.5811777269357,0.21162355453871398,0.08829052252647962,1.8991776045015918,4.33590902238403,0.0,steering_law,value,logei,exact,gaussian,0.25,0,50,10,60b80ba7-b3a9-492f-9644-f49207118ac1,False,0.01,2.0,32.46300799999153,1.290375177799024,"x0,x1,x2,x3",4,0.25,0.25,,,,,,,
-0.4431970931924105,-0.07176220605864025,-0.1394084054933996,0.6924656012302587,0.836968810674568,0.0,1.2458011815295114,0.04457399626951264,31.47475327458469,0.6294950654916938,0.20307721665109502,6.961517871991855,25.93418230674361,0.0,steering_law,value,logei,exact,gaussian,1.0,0,50,10,31a37c46-42f8-4603-9a31-9deb68cac761,False,0.01,2.0,29.739493000030052,1.290375177799024,"x0,x1,x2,x3",4,1.0,1.0,,,,,,,
-0.4431970931924105,-0.07176220605864025,-0.1394084054933996,0.6924656012302587,0.836968810674568,0.0,1.2903730748648017,2.1029342223144454e-06,29.97174440572897,0.5994348881145793,1.515983134026122e-05,1.5308918468109853,1.5355666999287885,0.0,steering_law,value,qnei,exact,none,0.0,0,50,10,fa6be535-2300-4ec9-a5c7-2c2d63d13a8f,True,0.01,2.0,43.19151829998009,1.290375177799024,"x0,x1,x2,x3",4,0.2,0.5,,,,,,,
-0.4431970931924105,-0.07176220605864025,-0.1394084054933996,0.6924656012302587,0.836968810674568,0.0,1.2898619525305017,0.000513225268522266,29.10213218597703,0.5820426437195406,0.12218478496444751,5.018279774869958,19.139734138042762,0.0,steering_law,value,qnei,exact,gaussian,0.25,0,50,10,f2873bb8-3d1b-47fd-b67a-ecc05f93cb52,False,0.01,2.0,35.05257880000863,1.290375177799024,"x0,x1,x2,x3",4,0.25,0.25,,,,,,,
-0.4431970931924105,-0.07176220605864025,-0.1394084054933996,0.6924656012302587,0.836968810674568,0.0,1.2258276748791297,0.0645475029198943,47.335498706874056,0.9467099741374811,0.8353907368532953,9.11621937224541,41.071971131241796,0.0,steering_law,value,qnei,exact,gaussian,1.0,0,50,10,05940827-c338-4365-9826-4cacbceff2f3,False,0.01,2.0,35.0788422000478,1.290375177799024,"x0,x1,x2,x3",4,1.0,1.0,,,,,,,
-69.77955193800335,-443.40469564898035,416.1961148021012,711.8335013093259,1096.3402760066645,0.0,2.732219528570991,0.0216362870879796,70.36029796906142,1.4072059593812285,0.0216362870879796,15.90018308505844,15.909326555685814,0.0,griewank,value,logei,exact,none,0.0,0,50,11,c6090493-8bcf-45a2-9908-b4b90ba68a5c,True,0.01,2.0,54.00074210000457,2.7538558156589708,"x0,x1,x2,x3,x4,x5",6,0.2,0.5,265.280446982802,-500.1852013885283,,,,,
-69.77955193800335,-443.40469564898035,416.1961148021012,711.8335013093259,1096.3402760066645,0.0,2.7081548954469143,0.045700920212056406,44.04769019497545,0.8809538038995091,0.08072865218823244,21.333747970001383,25.835247437782762,0.0,griewank,value,logei,exact,gaussian,0.25,0,50,11,9c749b29-bbbf-4894-80bc-a123000ff1c3,False,0.01,2.0,37.76615139999194,2.7538558156589708,"x0,x1,x2,x3,x4,x5",6,0.25,0.25,265.280446982802,-500.1852013885283,,,,,
-69.77955193800335,-443.40469564898035,416.1961148021012,711.8335013093259,1096.3402760066645,0.0,2.6259847980758684,0.12787101758310238,112.12997865356267,2.2425995730712533,0.5022865364385414,59.679014456779775,95.1030409988991,0.0,griewank,value,logei,exact,gaussian,1.0,0,50,11,9c4f5ff4-f01b-4ae4-9a3d-6de30f0784e5,False,0.01,2.0,32.34013500000583,2.7538558156589708,"x0,x1,x2,x3,x4,x5",6,1.0,1.0,265.280446982802,-500.1852013885283,,,,,
-69.77955193800335,-443.40469564898035,416.1961148021012,711.8335013093259,1096.3402760066645,0.0,2.7131385593473807,0.04071725631159007,102.73186356024019,2.0546372712048036,0.04071725631159007,17.701810502950696,17.701810502950696,0.0,griewank,value,qnei,exact,none,0.0,0,50,11,64336891-0783-4ea5-8bd1-cf50c7d0cdb4,True,0.01,2.0,44.42453099996783,2.7538558156589708,"x0,x1,x2,x3,x4,x5",6,0.2,0.5,265.280446982802,-500.1852013885283,,,,,
-69.77955193800335,-443.40469564898035,416.1961148021012,711.8335013093259,1096.3402760066645,0.0,2.4444833562338912,0.3093724594250795,89.19939860430999,1.7839879720861997,0.5082742090533832,40.25929583279739,51.189758316914094,0.0,griewank,value,qnei,exact,gaussian,0.25,0,50,11,d2bd513e-0ad0-4d13-8d00-600fa401495c,False,0.01,2.0,41.538564799993765,2.7538558156589708,"x0,x1,x2,x3,x4,x5",6,0.25,0.25,265.280446982802,-500.1852013885283,,,,,
-69.77955193800335,-443.40469564898035,416.1961148021012,711.8335013093259,1096.3402760066645,0.0,2.494203143602875,0.25965267205609566,103.54400754700384,2.0708801509400767,0.47773341335386155,65.53528999380424,85.37264365190924,0.0,griewank,value,qnei,exact,gaussian,1.0,0,50,11,a6dc36de-9e3e-40ea-9c4d-b7ef14867dc1,False,0.01,2.0,48.22711530001834,2.7538558156589708,"x0,x1,x2,x3,x4,x5",6,1.0,1.0,265.280446982802,-500.1852013885283,,,,,
-12.355727943147986,7.361574757307334,-1.502860411321075,13.556436278855504,31.125862049461226,0.0,2.395896315675152,0.22858401610346046,70.47179294360433,1.4094358588720866,0.25595114905951144,42.31634665931781,42.96826950145339,0.0,levy_10,value,logei,exact,none,0.0,0,50,10,ccf8dac3-b803-4b19-9f77-9dec646c76e9,True,0.01,2.0,106.65516829997068,2.6244803317786123,"x0,x1,x2,x3,x4,x5,x6,x7,x8,x9,x10",11,0.2,0.5,8.41267708830033,0.18150181831441348,1.1308746252561264,-14.047926608889131,9.620395174159006,-14.616231395576778,0.5581368704161598
-12.355727943147986,7.361574757307334,-1.502860411321075,13.556436278855504,31.125862049461226,0.0,1.7581173796288994,0.8663629521497129,99.81494030867265,1.996298806173453,0.8663629521497129,64.39438999499833,83.57232920653415,0.0,levy_10,value,logei,exact,gaussian,0.25,0,50,10,a9346c7f-a6df-4da3-99a0-ac0f2699b7c5,False,0.01,2.0,114.33218450000277,2.6244803317786123,"x0,x1,x2,x3,x4,x5,x6,x7,x8,x9,x10",11,0.25,0.25,8.41267708830033,0.18150181831441348,1.1308746252561264,-14.047926608889131,9.620395174159006,-14.616231395576778,0.5581368704161598
-12.355727943147986,7.361574757307334,-1.502860411321075,13.556436278855504,31.125862049461226,0.0,2.188625350156002,0.43585498162261027,106.82844593982202,2.1365689187964403,1.3321446169917674,56.273748620493336,92.0626352934433,0.0,levy_10,value,logei,exact,gaussian,1.0,0,50,10,552fdc5c-b1c1-4ae4-b852-1e711e9a7604,False,0.01,2.0,102.23165969998809,2.6244803317786123,"x0,x1,x2,x3,x4,x5,x6,x7,x8,x9,x10",11,1.0,1.0,8.41267708830033,0.18150181831441348,1.1308746252561264,-14.047926608889131,9.620395174159006,-14.616231395576778,0.5581368704161598
-12.355727943147986,7.361574757307334,-1.502860411321075,13.556436278855504,31.125862049461226,0.0,2.499246497985679,0.12523383379293307,61.8352051123412,1.236704102246824,0.12523383379293307,36.446693028544686,36.472561578034565,0.0,levy_10,value,qnei,exact,none,0.0,0,50,10,c3569516-683d-4222-8cb7-47b8781563b4,True,0.01,2.0,118.67880330001935,2.6244803317786123,"x0,x1,x2,x3,x4,x5,x6,x7,x8,x9,x10",11,0.2,0.5,8.41267708830033,0.18150181831441348,1.1308746252561264,-14.047926608889131,9.620395174159006,-14.616231395576778,0.5581368704161598
-12.355727943147986,7.361574757307334,-1.502860411321075,13.556436278855504,31.125862049461226,0.0,1.7919562557677304,0.8325240760108819,119.78900574646588,2.3957801149293174,1.3041776584867215,74.62650786984949,80.5691002838894,0.0,levy_10,value,qnei,exact,gaussian,0.25,0,50,10,a3786b01-14c0-412a-ac77-3b33de898c5d,False,0.01,2.0,101.05910329998005,2.6244803317786123,"x0,x1,x2,x3,x4,x5,x6,x7,x8,x9,x10",11,0.25,0.25,8.41267708830033,0.18150181831441348,1.1308746252561264,-14.047926608889131,9.620395174159006,-14.616231395576778,0.5581368704161598
-12.355727943147986,7.361574757307334,-1.502860411321075,13.556436278855504,31.125862049461226,0.0,1.4434053915504628,1.1810749402281495,155.98218490935503,3.1196436981871005,2.443371999595059,80.00300943887294,104.51887327682535,0.0,levy_10,value,qnei,exact,gaussian,1.0,0,50,10,5cf4693b-47e8-48aa-a665-8fe96d8509b9,False,0.01,2.0,111.04319270001724,2.6244803317786123,"x0,x1,x2,x3,x4,x5,x6,x7,x8,x9,x10",11,1.0,1.0,8.41267708830033,0.18150181831441348,1.1308746252561264,-14.047926608889131,9.620395174159006,-14.616231395576778,0.5581368704161598
-0.05814962661500278,-0.369503913040817,0.3468300956684176,0.5931945844244383,0.9136168966722203,0.0,7.91720758994869,0.049956373343246874,263.5996657238296,5.2719933144765925,0.049956373343246874,106.28832099163476,106.36507401008681,0.0,hartmann_6,value,logei,exact,none,0.0,0,50,11,7b19561b-f59a-45e2-8593-8251c160613e,True,0.01,2.0,55.6349029999692,7.967163963291937,"x0,x1,x2,x3,x4,x5",6,0.2,0.5,0.22106703915233505,-0.41682100115710685,,,,,
-0.05814962661500278,-0.369503913040817,0.3468300956684176,0.5931945844244383,0.9136168966722203,0.0,7.312204561654739,0.654959401637198,306.000382980805,6.1200076596161,0.9367239658727309,132.69458534923055,143.57486831057793,0.0,hartmann_6,value,logei,exact,gaussian,0.25,0,50,11,6c104f5f-0756-4cc5-8a82-6de7017f4d65,False,0.01,2.0,57.98993350000819,7.967163963291937,"x0,x1,x2,x3,x4,x5",6,0.25,0.25,0.22106703915233505,-0.41682100115710685,,,,,
-0.05814962661500278,-0.369503913040817,0.3468300956684176,0.5931945844244383,0.9136168966722203,0.0,7.24558435934215,0.7215796039497873,156.65114817392038,3.1330229634784077,1.3653174098216159,89.30696528692924,122.2961307092458,0.0,hartmann_6,value,logei,exact,gaussian,1.0,0,50,11,6885e8f5-f001-4d53-9974-a7e30aefbcb6,False,0.01,2.0,52.641378699976485,7.967163963291937,"x0,x1,x2,x3,x4,x5",6,1.0,1.0,0.22106703915233505,-0.41682100115710685,,,,,
-0.05814962661500278,-0.369503913040817,0.3468300956684176,0.5931945844244383,0.9136168966722203,0.0,7.920459677232612,0.04670428605932475,250.75288184741697,5.015057636948339,0.04670428605932475,85.38558754452858,85.54153593561755,0.0,hartmann_6,value,qnei,exact,none,0.0,0,50,11,64951edf-2d2e-42cd-b21d-7101d4177860,True,0.01,2.0,56.51622849999694,7.967163963291937,"x0,x1,x2,x3,x4,x5",6,0.2,0.5,0.22106703915233505,-0.41682100115710685,,,,,
-0.05814962661500278,-0.369503913040817,0.3468300956684176,0.5931945844244383,0.9136168966722203,0.0,6.610692551559714,1.3564714117322234,273.1941310087768,5.463882620175537,1.8636794706031914,228.57958098984085,238.50902984031345,0.0,hartmann_6,value,qnei,exact,gaussian,0.25,0,50,11,98f15191-f996-42e4-a792-b3eeb37414e0,False,0.01,2.0,53.03777179995086,7.967163963291937,"x0,x1,x2,x3,x4,x5",6,0.25,0.25,0.22106703915233505,-0.41682100115710685,,,,,
-0.05814962661500278,-0.369503913040817,0.3468300956684176,0.5931945844244383,0.9136168966722203,0.0,7.147052484500072,0.8201114787918655,253.84614285324415,5.076922857064883,0.8201114787918655,167.5111557148738,195.0620605379543,0.0,hartmann_6,value,qnei,exact,gaussian,1.0,0,50,11,7784816d-f07c-4fd3-8910-af36d9fd218c,False,0.01,2.0,57.916357500012964,7.967163963291937,"x0,x1,x2,x3,x4,x5",6,1.0,1.0,0.22106703915233505,-0.41682100115710685,,,,,
0.17420293627430716,3.86039844468229,-4.779700033222446,0.909764469246181,6.213390910911808,0.0,0.7625537000090165,0.0016701834494433632,17.265712707454448,0.34531425414908895,0.0016701834494433632,0.5311396709717109,0.6310142048348707,0.0,powell,value,logei,exact,none,0.0,0,50,11,2844b859-cf26-4669-be80-71c48be51f4b,True,0.01,2.0,32.129593799996655,0.7642238834584598,"x0,x1,x2,x3",4,0.2,0.5,,,,,,,
0.17420293627430716,3.86039844468229,-4.779700033222446,0.909764469246181,6.213390910911808,0.0,0.7472701044925062,0.016953778965953625,12.201615643013863,0.24403231286027727,0.2785538431425911,0.8358837704710244,6.621651203444421,0.0,powell,value,logei,exact,gaussian,0.25,0,50,11,e2a4c42b-1965-46fd-bc96-113af39e7801,False,0.01,2.0,32.78269709995948,0.7642238834584598,"x0,x1,x2,x3",4,0.25,0.25,,,,,,,
0.17420293627430716,3.86039844468229,-4.779700033222446,0.909764469246181,6.213390910911808,0.0,0.7602462520177815,0.003977631440678309,14.403135371745295,0.2880627074349059,0.019208940865343305,0.43098953737134843,1.9842480254881547,0.0,powell,value,logei,exact,gaussian,1.0,0,50,11,37f288af-9c30-45e3-9688-282d7725d01d,False,0.01,2.0,36.58657409995794,0.7642238834584598,"x0,x1,x2,x3",4,1.0,1.0,,,,,,,
0.17420293627430716,3.86039844468229,-4.779700033222446,0.909764469246181,6.213390910911808,0.0,0.7614488485664943,0.002775034891965511,20.563503917131474,0.41127007834262946,0.002775034891965511,0.33114684202301475,0.3785199247869608,0.0,powell,value,qnei,exact,none,0.0,0,50,11,5c859de7-f5cd-43f2-8da1-4b9f620bddbf,True,0.01,2.0,34.108264499984216,0.7642238834584598,"x0,x1,x2,x3",4,0.2,0.5,,,,,,,
0.17420293627430716,3.86039844468229,-4.779700033222446,0.909764469246181,6.213390910911808,0.0,0.7577543372399015,0.006469546218558331,22.47103459250553,0.4494206918501106,0.012026780788046643,0.4699529754957692,1.1480944073260835,0.0,powell,value,qnei,exact,gaussian,0.25,0,50,11,64f40331-b8e0-479b-a83b-dfdc81504dba,False,0.01,2.0,30.745290599996224,0.7642238834584598,"x0,x1,x2,x3",4,0.25,0.25,,,,,,,
0.17420293627430716,3.86039844468229,-4.779700033222446,0.909764469246181,6.213390910911808,0.0,0.7573127968903096,0.006911086568150204,19.839665611612716,0.39679331223225434,0.14469769830908297,0.6018286184726481,11.90721187985986,0.0,powell,value,qnei,exact,gaussian,1.0,0,50,11,10c68bc7-5193-42a9-98fe-ef510936d281,False,0.01,2.0,42.12174119998235,0.7642238834584598,"x0,x1,x2,x3",4,1.0,1.0,,,,,,,
19.3558818082563,428.93316052025455,-531.0777814691606,101.08494102735341,690.3767678790898,0.0,2.4041336137221387,1.9242567580567131,181.14923865787114,3.6229847731574227,1.9242567580567131,129.2658162959892,129.2658162959892,0.0,schwefel,value,logei,exact,none,0.0,0,50,11,7d2f5cd9-46c0-4bba-bf21-3097574d6eb5,True,0.01,2.0,39.74516849999782,4.328390371778852,"x0,x1,x2,x3",4,0.2,0.5,,,,,,,
19.3558818082563,428.93316052025455,-531.0777814691606,101.08494102735341,690.3767678790898,0.0,2.613600339392587,1.714790032386265,180.99990504683169,3.6199981009366335,1.714790032386265,135.23085242268172,143.6782759112603,0.0,schwefel,value,logei,exact,gaussian,0.25,0,50,11,b0fca3f8-be1e-47f1-beda-9a6bd2ddea99,False,0.01,2.0,47.02561999997124,4.328390371778852,"x0,x1,x2,x3",4,0.25,0.25,,,,,,,
19.3558818082563,428.93316052025455,-531.0777814691606,101.08494102735341,690.3767678790898,0.0,1.2924985210529067,3.035891850725945,195.71592411210787,3.9143184822421575,3.147043406070268,154.98335284397396,178.83996546022286,0.0,schwefel,value,logei,exact,gaussian,1.0,0,50,11,ab631515-c768-4357-a856-e4961d58a109,False,0.01,2.0,31.225282400031574,4.328390371778852,"x0,x1,x2,x3",4,1.0,1.0,,,,,,,
19.3558818082563,428.93316052025455,-531.0777814691606,101.08494102735341,690.3767678790898,0.0,3.827960847490043,0.5004295242888088,156.05426943802473,3.121085388760495,0.5004295242888088,77.5954164868302,77.5954164868302,0.0,schwefel,value,qnei,exact,none,0.0,0,50,11,c7e99422-63ef-4469-bb7b-e5fa50103e56,True,0.01,2.0,40.948512300034054,4.328390371778852,"x0,x1,x2,x3",4,0.2,0.5,,,,,,,
19.3558818082563,428.93316052025455,-531.0777814691606,101.08494102735341,690.3767678790898,0.0,1.9845599194874552,2.343830452291397,203.95258717168764,4.0790517434337525,2.343830452291397,141.5223737002591,153.3862999049876,0.0,schwefel,value,qnei,exact,gaussian,0.25,0,50,11,14b1ee1a-b098-4fd7-89df-7106bdafd6a3,False,0.01,2.0,40.01901420002105,4.328390371778852,"x0,x1,x2,x3",4,0.25,0.25,,,,,,,
19.3558818082563,428.93316052025455,-531.0777814691606,101.08494102735341,690.3767678790898,0.0,2.2338146291588497,2.0945757426200022,182.78391964590736,3.6556783929181473,2.627145885329232,124.36290299223135,150.1461088452426,0.0,schwefel,value,qnei,exact,gaussian,1.0,0,50,11,fe89cb56-30f1-49e1-ac85-8ce14a37036d,False,0.01,2.0,37.716096099989954,4.328390371778852,"x0,x1,x2,x3",4,1.0,1.0,,,,,,,
1.268507070185887,28.110563607855404,-34.804713486362914,6.6247026951686365,45.244531859724034,0.0,15.887495742171064,4.214951411682369,793.6283677784627,15.872567355569254,4.214951411682369,728.0890327321422,728.5493269778938,0.0,ackley,value,logei,exact,none,0.0,0,50,11,304c6159-5ce8-44fc-9abc-23831039e62a,True,0.01,2.0,35.535685000009835,20.102447153853433,"x0,x1,x2,x3",4,0.2,0.5,,,,,,,
1.268507070185887,28.110563607855404,-34.804713486362914,6.6247026951686365,45.244531859724034,0.0,15.71022567633257,4.392221477520863,766.6519371732576,15.333038743465151,4.600727839583623,526.0756289992948,535.2111465586106,0.0,ackley,value,logei,exact,gaussian,0.25,0,50,11,f3a58e4a-855b-4836-8949-5988df77becf,False,0.01,2.0,36.71715129999211,20.102447153853433,"x0,x1,x2,x3",4,0.25,0.25,,,,,,,
1.268507070185887,28.110563607855404,-34.804713486362914,6.6247026951686365,45.244531859724034,0.0,7.261861768317955,12.840585385535478,785.405815887,15.70811631774,13.594559525904401,738.0174046991152,770.9053230327432,0.0,ackley,value,logei,exact,gaussian,1.0,0,50,11,8184c31f-136b-4690-b500-29ef07ff3f3a,False,0.01,2.0,39.648585900024045,20.102447153853433,"x0,x1,x2,x3",4,1.0,1.0,,,,,,,
1.268507070185887,28.110563607855404,-34.804713486362914,6.6247026951686365,45.244531859724034,0.0,15.803057708969952,4.299389444883481,744.0643443567176,14.881286887134351,4.299389444883481,630.4707648966826,630.50943268848,0.0,ackley,value,qnei,exact,none,0.0,0,50,11,bf904e2a-af68-4223-b308-9e625c454a09,True,0.01,2.0,40.55766400002176,20.102447153853433,"x0,x1,x2,x3",4,0.2,0.5,,,,,,,
1.268507070185887,28.110563607855404,-34.804713486362914,6.6247026951686365,45.244531859724034,0.0,14.998464807586611,5.103982346266822,769.1135958725935,15.382271917451869,5.103982346266822,430.3214221389085,430.6322339399376,0.0,ackley,value,qnei,exact,gaussian,0.25,0,50,11,2ffe594a-5af1-4752-85d8-d145c110ede6,False,0.01,2.0,35.05138259998057,20.102447153853433,"x0,x1,x2,x3",4,0.25,0.25,,,,,,,
1.268507070185887,28.110563607855404,-34.804713486362914,6.6247026951686365,45.244531859724034,0.0,14.501338491871213,5.60110866198222,796.711463320017,15.934229266400338,6.279861752946349,549.126548718897,565.833761087797,0.0,ackley,value,qnei,exact,gaussian,1.0,0,50,11,e1aa485c-7f44-479a-8847-60dde5984977,False,0.01,2.0,35.52442660002271,20.102447153853433,"x0,x1,x2,x3",4,1.0,1.0,,,,,,,
0.2903382271238444,6.433997407803819,-7.966166722037409,1.5162741154103019,10.355651518186347,0.0,1.0253299637680706,0.0002932868033531655,22.24751830350407,0.44495036607008137,0.0038009459360726083,1.1143382181432786,1.2528784119665657,0.0,rosenbrock,value,logei,exact,none,0.0,0,50,11,36424c06-c75b-498f-a4cb-0f2a5996f693,True,0.01,2.0,39.78234909998719,1.0256232505714238,"x0,x1,x2,x3",4,0.2,0.5,,,,,,,
0.2903382271238444,6.433997407803819,-7.966166722037409,1.5162741154103019,10.355651518186347,0.0,1.0237545237981462,0.0018687267732775403,14.282185086941677,0.2856437017388335,0.021685061702856556,1.5044213853663249,2.507879317496541,0.0,rosenbrock,value,logei,exact,gaussian,0.25,0,50,11,fe00f215-9454-4bfa-a5f5-397a3d4f00d5,False,0.01,2.0,31.531459000019822,1.0256232505714238,"x0,x1,x2,x3",4,0.25,0.25,,,,,,,
0.2903382271238444,6.433997407803819,-7.966166722037409,1.5162741154103019,10.355651518186347,0.0,0.987468056974709,0.03815519359671482,37.35418415434019,0.7470836830868037,0.06560768182576804,3.74681504569967,19.621250026287235,0.0,rosenbrock,value,logei,exact,gaussian,1.0,0,50,11,7350278f-42a3-4aca-b0e3-3c97fe6e25b9,False,0.01,2.0,31.411263899994083,1.0256232505714238,"x0,x1,x2,x3",4,1.0,1.0,,,,,,,
0.2903382271238444,6.433997407803819,-7.966166722037409,1.5162741154103019,10.355651518186347,0.0,1.0230054842007894,0.002617766370634378,33.2454395615819,0.6649087912316379,0.008070124039277315,1.9084886199860005,1.9978107977284416,0.0,rosenbrock,value,qnei,exact,none,0.0,0,50,11,6eaaea1e-858f-4632-835d-27b91f27e6e7,True,0.01,2.0,38.83260560000781,1.0256232505714238,"x0,x1,x2,x3",4,0.2,0.5,,,,,,,
0.2903382271238444,6.433997407803819,-7.966166722037409,1.5162741154103019,10.355651518186347,0.0,1.0253320784188615,0.0002911721525622468,20.99085745789338,0.4198171491578676,0.1544684656350983,0.8077145154739362,3.6118177977640284,0.0,rosenbrock,value,qnei,exact,gaussian,0.25,0,50,11,6f13ec8e-6cb2-4c39-b69d-32998f42e1d3,False,0.01,2.0,30.733722599979956,1.0256232505714238,"x0,x1,x2,x3",4,0.25,0.25,,,,,,,
0.2903382271238444,6.433997407803819,-7.966166722037409,1.5162741154103019,10.355651518186347,0.0,1.0206476775398041,0.004975573031619662,28.307131516978895,0.5661426303395779,0.16364574341636073,2.438676904810734,18.06981669978602,0.0,rosenbrock,value,qnei,exact,gaussian,1.0,0,50,11,27f4d640-957b-4640-84be-253c3dd7a8fe,False,0.01,2.0,35.54790730000241,1.0256232505714238,"x0,x1,x2,x3",4,1.0,1.0,,,,,,,
2.512145726223096,-1.347294900034295,-1.481965935395698,2.8891325241115347,4.57017014560389,0.0,4.0761285480937905,3.9715926185951878,322.2646012497189,6.445292024994378,3.9715926185951878,273.1977767849905,273.1977767849905,0.0,michalewicz,value,logei,exact,none,0.0,0,50,11,071e9642-a739-48a2-9d56-886f034b1e4a,True,0.01,2.0,48.54505039996002,8.047721166688978,"x0,x1,x2,x3,x4",5,0.2,0.5,1.4889814259343046,,,,,,
2.512145726223096,-1.347294900034295,-1.481965935395698,2.8891325241115347,4.57017014560389,0.0,5.429294828110702,2.618426338578276,309.95031018097757,6.199006203619551,2.618426338578276,247.50836124419152,256.8176293390417,0.0,michalewicz,value,logei,exact,gaussian,0.25,0,50,11,1b79c4e2-a052-41d2-b54f-d84cc3266db2,False,0.01,2.0,48.437975899956655,8.047721166688978,"x0,x1,x2,x3,x4",5,0.25,0.25,1.4889814259343046,,,,,,
2.512145726223096,-1.347294900034295,-1.481965935395698,2.8891325241115347,4.57017014560389,0.0,2.8530914182620757,5.194629748426903,358.86263019494527,7.177252603898905,5.595462205083951,292.0752029277083,320.0115160129928,0.0,michalewicz,value,logei,exact,gaussian,1.0,0,50,11,a97b3577-b04f-4d43-b67c-6353a65207b0,False,0.01,2.0,42.8181942999945,8.047721166688978,"x0,x1,x2,x3,x4",5,1.0,1.0,1.4889814259343046,,,,,,
2.512145726223096,-1.347294900034295,-1.481965935395698,2.8891325241115347,4.57017014560389,0.0,4.537631487506069,3.5100896791829097,347.8967088068386,6.957934176136772,3.6341977638667755,231.83067651426842,232.51327098002972,0.0,michalewicz,value,qnei,exact,none,0.0,0,50,11,cb05b2d7-97c0-4660-8588-498f386b9714,True,0.01,2.0,47.293835500022396,8.047721166688978,"x0,x1,x2,x3,x4",5,0.2,0.5,1.4889814259343046,,,,,,
2.512145726223096,-1.347294900034295,-1.481965935395698,2.8891325241115347,4.57017014560389,0.0,4.426238268428786,3.621482898260192,338.0605403270511,6.761210806541023,3.621482898260192,278.1132052947798,283.60621098986496,0.0,michalewicz,value,qnei,exact,gaussian,0.25,0,50,11,a65fc501-7a63-4f82-8417-36b1162ca00d,False,0.01,2.0,57.23638310004026,8.047721166688978,"x0,x1,x2,x3,x4",5,0.25,0.25,1.4889814259343046,,,,,,
2.512145726223096,-1.347294900034295,-1.481965935395698,2.8891325241115347,4.57017014560389,0.0,3.0674033044674496,4.980317862221529,366.7112949164183,7.334225898328366,4.980317862221529,295.68687474940094,331.5108547185846,0.0,michalewicz,value,qnei,exact,gaussian,1.0,0,50,11,a7c55880-20d2-4087-be8e-6f58590c0dfe,False,0.01,2.0,47.916085899982136,8.047721166688978,"x0,x1,x2,x3,x4",5,1.0,1.0,1.4889814259343046,,,,,,
0.19355881808256314,4.289331605202546,-5.3107778146916065,1.0108494102735344,6.903767678790898,0.0,21.828510948216174,34.94556308980221,2602.469533643892,52.04939067287784,34.94556308980221,2490.6020286553007,2490.644119087432,0.0,shekel,value,logei,exact,none,0.0,0,50,11,8f0be77c-013e-4f68-a74c-51b4c937d88d,True,0.01,2.0,33.809753499983344,56.774074038018384,"x0,x1,x2,x3",4,0.2,0.5,,,,,,,
0.19355881808256314,4.289331605202546,-5.3107778146916065,1.0108494102735344,6.903767678790898,0.0,14.029422919586274,42.74465111843211,2620.487471514835,52.4097494302967,42.74465111843211,2439.261672145248,2446.1278545904784,0.0,shekel,value,logei,exact,gaussian,0.25,0,50,11,3ebfa213-9ff5-48f8-9a3b-435451f24415,False,0.01,2.0,37.90394980000565,56.774074038018384,"x0,x1,x2,x3",4,0.25,0.25,,,,,,,
0.19355881808256314,4.289331605202546,-5.3107778146916065,1.0108494102735344,6.903767678790898,0.0,6.495945912572485,50.278128125445896,2736.742527846977,54.734850556939534,50.278128125445896,2643.257471108515,2673.201344727921,0.0,shekel,value,logei,exact,gaussian,1.0,0,50,11,6a7beb0d-aa37-4f2c-aeee-1638c695b3ce,False,0.01,2.0,30.748925500025507,56.774074038018384,"x0,x1,x2,x3",4,1.0,1.0,,,,,,,
0.19355881808256314,4.289331605202546,-5.3107778146916065,1.0108494102735344,6.903767678790898,0.0,19.862143684412512,36.91193035360587,2626.2444370784297,52.524888741568596,36.91193035360587,2315.1329500733123,2315.1329500733123,0.0,shekel,value,qnei,exact,none,0.0,0,50,11,41c79533-faf5-44ef-b4de-4a2670df2b82,True,0.01,2.0,36.32215660001384,56.774074038018384,"x0,x1,x2,x3",4,0.2,0.5,,,,,,,
0.19355881808256314,4.289331605202546,-5.3107778146916065,1.0108494102735344,6.903767678790898,0.0,38.64418236019316,18.12989167782522,2569.936333453577,51.398726669071536,18.12989167782522,2008.888599357438,2011.2618593949157,0.0,shekel,value,qnei,exact,gaussian,0.25,0,50,11,54f3b0c3-f66e-4dd4-bebf-84dbfb9d72b8,False,0.01,2.0,36.385175800009165,56.774074038018384,"x0,x1,x2,x3",4,0.25,0.25,,,,,,,
0.19355881808256314,4.289331605202546,-5.3107778146916065,1.0108494102735344,6.903767678790898,0.0,9.611306179277715,47.162767858740665,2695.898060114414,53.91796120228828,48.459924740440215,2496.1696398455224,2535.747944243437,0.0,shekel,value,qnei,exact,gaussian,1.0,0,50,11,e6036482-d173-4a14-85df-6d836f702f97,False,0.01,2.0,49.36835120001342,56.774074038018384,"x0,x1,x2,x3",4,1.0,1.0,,,,,,,
0.19820422971654494,4.392275563727407,-5.438236482244204,1.0351097961200995,7.06945810308188,0.0,2.0834058887972864,1.5555331846407654,149.32446077053044,2.9864892154106086,1.5555331846407654,101.62571254310812,101.7511053768957,0.0,rastrigin,value,logei,exact,none,0.0,0,50,11,ffe9b1d1-d350-4e74-9261-55a26bb27724,True,0.01,2.0,40.12696750002215,3.638939073438052,"x0,x1,x2,x3",4,0.2,0.5,,,,,,,
0.19820422971654494,4.392275563727407,-5.438236482244204,1.0351097961200995,7.06945810308188,0.0,2.7594924755336003,0.8794465979044515,136.4420130521384,2.7288402610427682,1.1987650257658187,65.77222637797941,78.77169570987256,0.0,rastrigin,value,logei,exact,gaussian,0.25,0,50,11,1b16eaf7-9c6e-4c7e-8e08-62906e9206bf,False,0.01,2.0,39.663578899984714,3.638939073438052,"x0,x1,x2,x3",4,0.25,0.25,,,,,,,
0.19820422971654494,4.392275563727407,-5.438236482244204,1.0351097961200995,7.06945810308188,0.0,3.4079942615533363,0.2309448118847155,118.0549210794609,2.361098421589218,1.0244163484762403,45.52245587131291,77.36776340187215,0.0,rastrigin,value,logei,exact,gaussian,1.0,0,50,11,29e7ee55-7ea4-4777-b01e-13b976ec0123,False,0.01,2.0,25.863320300006308,3.638939073438052,"x0,x1,x2,x3",4,1.0,1.0,,,,,,,
0.19820422971654494,4.392275563727407,-5.438236482244204,1.0351097961200995,7.06945810308188,0.0,2.537102652161975,1.1018364212760767,150.23443430331434,3.0046886860662867,1.1018364212760767,73.79553829713163,74.117032972988,0.0,rastrigin,value,qnei,exact,none,0.0,0,50,11,25c6d643-a1af-4ac6-adc6-889cb3a9c081,True,0.01,2.0,43.834481599973515,3.638939073438052,"x0,x1,x2,x3",4,0.2,0.5,,,,,,,
0.19820422971654494,4.392275563727407,-5.438236482244204,1.0351097961200995,7.06945810308188,0.0,1.9378642014766165,1.7010748719614353,158.6673239819758,3.173346479639516,1.7010748719614353,100.49367554767093,105.00348685817234,0.0,rastrigin,value,qnei,exact,gaussian,0.25,0,50,11,2ce8d476-4110-4f77-af1b-0ebc40cbf35a,False,0.01,2.0,35.029534699977376,3.638939073438052,"x0,x1,x2,x3",4,0.25,0.25,,,,,,,
0.19820422971654494,4.392275563727407,-5.438236482244204,1.0351097961200995,7.06945810308188,0.0,2.2579046649195416,1.3810344085185102,141.83060904581595,2.836612180916319,2.2499877787868456,85.00885194289327,98.34208682130571,0.0,rastrigin,value,qnei,exact,gaussian,1.0,0,50,11,76215638-88a0-4dd8-ac2e-560811c2cf3b,False,0.01,2.0,46.965239999990445,3.638939073438052,"x0,x1,x2,x3",4,1.0,1.0,,,,,,,
0.019355881808256314,0.42893316052025454,-0.5310777814691606,0.10108494102735344,0.6903767678790899,0.0,3.5287957198759528,0.0066168239109059,119.93013720710766,2.398602744142153,0.0066168239109059,21.395876961476407,21.482043710860015,0.0,yerkes_dodson,value,logei,exact,none,0.0,0,50,11,86e0f981-676c-4709-a5c0-db06658d43a2,True,0.01,2.0,41.04158489999827,3.5354125437868587,"x0,x1,x2,x3",4,0.2,0.5,,,,,,,
0.019355881808256314,0.42893316052025454,-0.5310777814691606,0.10108494102735344,0.6903767678790899,0.0,3.4764766038341293,0.05893593995272939,61.70298513325227,1.2340597026650455,0.15657726077334688,34.44087710595974,38.289848924098585,0.0,yerkes_dodson,value,logei,exact,gaussian,0.25,0,50,11,091ae20f-9f13-4587-abee-3bbc37da7761,False,0.01,2.0,32.305431800021324,3.5354125437868587,"x0,x1,x2,x3",4,0.25,0.25,,,,,,,
0.019355881808256314,0.42893316052025454,-0.5310777814691606,0.10108494102735344,0.6903767678790899,0.0,2.6104767409174308,0.9249358028694279,101.65014460643043,2.0330028921286085,1.3970747209382877,70.38404623963825,93.46739290578256,0.0,yerkes_dodson,value,logei,exact,gaussian,1.0,0,50,11,ea41ccbb-e7cf-4b80-8815-ac14861c1104,False,0.01,2.0,28.837887200003024,3.5354125437868587,"x0,x1,x2,x3",4,1.0,1.0,,,,,,,
0.019355881808256314,0.42893316052025454,-0.5310777814691606,0.10108494102735344,0.6903767678790899,0.0,3.5243624527284956,0.011050091058363076,135.35012955497527,2.7070025910995055,0.015271828505373453,21.009847659838154,21.045732428137743,0.0,yerkes_dodson,value,qnei,exact,none,0.0,0,50,11,5ef5a64a-4fd3-47c5-bc45-8a7a6d60967f,True,0.01,2.0,35.082575500011444,3.5354125437868587,"x0,x1,x2,x3",4,0.2,0.5,,,,,,,
0.019355881808256314,0.42893316052025454,-0.5310777814691606,0.10108494102735344,0.6903767678790899,0.0,3.4927402130949265,0.0426723306919321,104.42112317384813,2.0884224634769626,0.062431590538460924,19.3895257801472,21.788889229559715,0.0,yerkes_dodson,value,qnei,exact,gaussian,0.25,0,50,11,b43404ba-6a31-4c8a-809c-cf80b9969cf3,False,0.01,2.0,31.63839320000261,3.5354125437868587,"x0,x1,x2,x3",4,0.25,0.25,,,,,,,
0.019355881808256314,0.42893316052025454,-0.5310777814691606,0.10108494102735344,0.6903767678790899,0.0,3.2957200420582837,0.23969250172857492,96.89649688776515,1.937929937755303,0.43901267862990245,47.515224741767604,77.50048252703432,0.0,yerkes_dodson,value,qnei,exact,gaussian,1.0,0,50,11,9dab2782-0fde-46d4-9eef-bc24ac800f95,False,0.01,2.0,41.15709469997091,3.5354125437868587,"x0,x1,x2,x3",4,1.0,1.0,,,,,,,
0.019355881808256314,0.42893316052025454,-0.5310777814691606,0.10108494102735344,0.6903767678790899,0.0,3.0593887562558817,0.0,38.97420331563011,0.7794840663126023,0.0,19.331925479148914,19.331925479148914,0.0,stevens,value,logei,exact,none,0.0,0,50,11,8a9c223a-375b-48a6-9131-b23e64a88514,True,0.01,2.0,37.38428399997065,3.0593887562558817,"x0,x1,x2,x3",4,0.2,0.5,,,,,,,
0.019355881808256314,0.42893316052025454,-0.5310777814691606,0.10108494102735344,0.6903767678790899,0.0,3.0593887562558817,0.0,35.63205318291389,0.7126410636582778,0.0,28.714724893463135,31.09013698845925,0.0,stevens,value,logei,exact,gaussian,0.25,0,50,11,6a209af6-87ca-492a-8be8-4ea1cd7748e8,False,0.01,2.0,29.80281050002668,3.0593887562558817,"x0,x1,x2,x3",4,0.25,0.25,,,,,,,
0.019355881808256314,0.42893316052025454,-0.5310777814691606,0.10108494102735344,0.6903767678790899,0.0,3.0593887562558817,0.0,75.5509143487088,1.511018286974176,0.861994098371079,60.80626537120346,82.01789322294788,0.0,stevens,value,logei,exact,gaussian,1.0,0,50,11,35f4a686-c409-4c9b-8ef1-b108d30f7cff,False,0.01,2.0,31.32088879996445,3.0593887562558817,"x0,x1,x2,x3",4,1.0,1.0,,,,,,,
0.019355881808256314,0.42893316052025454,-0.5310777814691606,0.10108494102735344,0.6903767678790899,0.0,3.0593887562558817,0.0,132.9162413401219,2.658324826802438,0.0,18.622887871005247,18.622887871005247,0.0,stevens,value,qnei,exact,none,0.0,0,50,11,bf386c1b-80b4-448a-8fd0-03b7a985e283,True,0.01,2.0,35.22574099997291,3.0593887562558817,"x0,x1,x2,x3",4,0.2,0.5,,,,,,,
0.019355881808256314,0.42893316052025454,-0.5310777814691606,0.10108494102735344,0.6903767678790899,0.0,3.0593887562558817,0.0,110.4004429487715,2.20800885897543,0.0,19.749034176716037,27.491848379806118,0.0,stevens,value,qnei,exact,gaussian,0.25,0,50,11,37a89bf0-280c-40e9-a7b8-22db4bedf7f3,False,0.01,2.0,26.971584200044163,3.0593887562558817,"x0,x1,x2,x3",4,0.25,0.25,,,,,,,
0.019355881808256314,0.42893316052025454,-0.5310777814691606,0.10108494102735344,0.6903767678790899,0.0,3.012787951629769,0.0466008046261126,79.85235573811073,1.5970471147622147,0.9938692038730315,49.989473338953026,71.98185147335326,0.0,stevens,value,qnei,exact,gaussian,1.0,0,50,11,630430c0-5864-4975-97d9-96b59f37a0a6,False,0.01,2.0,33.14741869998397,3.0593887562558817,"x0,x1,x2,x3",4,1.0,1.0,,,,,,,
0.19355881808256314,4.289331605202546,-5.3107778146916065,1.0108494102735344,6.903767678790898,0.0,5.402837764670362,0.0,130.84443911342058,2.6168887822684117,0.0,26.427831636311723,26.427831636311723,0.0,hicks_law,value,logei,exact,none,0.0,0,50,11,ea20bcbb-5c30-40c5-8eb4-e4129f7c5ebf,True,0.01,2.0,42.0164034999907,5.402837764670362,"x0,x1,x2,x3",4,0.2,0.5,,,,,,,
0.19355881808256314,4.289331605202546,-5.3107778146916065,1.0108494102735344,6.903767678790898,0.0,5.402837764670362,0.0,61.05303167974841,1.221060633594968,0.0,25.583780454126902,25.583780454126902,0.0,hicks_law,value,logei,exact,gaussian,0.25,0,50,11,34f4699e-c7ac-4307-bb2b-b545b30a7e91,False,0.01,2.0,35.38063279999187,5.402837764670362,"x0,x1,x2,x3",4,0.25,0.25,,,,,,,
0.19355881808256314,4.289331605202546,-5.3107778146916065,1.0108494102735344,6.903767678790898,0.0,5.402837764670362,0.0,97.34253013774841,1.9468506027549681,0.0,35.76145414834029,78.23958419721399,0.0,hicks_law,value,logei,exact,gaussian,1.0,0,50,11,3d36cfe4-73ed-4559-86b1-ac5b9a3a958d,False,0.01,2.0,31.466423299978487,5.402837764670362,"x0,x1,x2,x3",4,1.0,1.0,,,,,,,
0.19355881808256314,4.289331605202546,-5.3107778146916065,1.0108494102735344,6.903767678790898,0.0,5.402837764670362,0.0,259.78152423073584,5.195630484614717,0.0,27.896212839890886,27.896212839890886,0.0,hicks_law,value,qnei,exact,none,0.0,0,50,11,1004bacc-8c1a-4338-a505-6023b48d4e25,True,0.01,2.0,33.41493599995738,5.402837764670362,"x0,x1,x2,x3",4,0.2,0.5,,,,,,,
0.19355881808256314,4.289331605202546,-5.3107778146916065,1.0108494102735344,6.903767678790898,0.0,5.402837764670361,8.881784197001252e-16,253.9369766634992,5.078739533269984,8.881784197001252e-16,33.32092926657501,33.62689139993712,0.0,hicks_law,value,qnei,exact,gaussian,0.25,0,50,11,d2e94370-f3d0-48e4-89d8-3fc547ff01ce,False,0.01,2.0,26.560457699990366,5.402837764670362,"x0,x1,x2,x3",4,0.25,0.25,,,,,,,
0.19355881808256314,4.289331605202546,-5.3107778146916065,1.0108494102735344,6.903767678790898,0.0,5.402837764670362,0.0,174.29688506759925,3.4859377013519848,0.0,35.99742847695154,111.32268967322099,0.0,hicks_law,value,qnei,exact,gaussian,1.0,0,50,11,7ff41ad0-c605-4264-965a-4867084ccf13,False,0.01,2.0,30.1268309999723,5.402837764670362,"x0,x1,x2,x3",4,1.0,1.0,,,,,,,
4.729281548541579,-4.705888540681705,,,6.67169325753929,0.0,1.2498811422827016,0.00017432361736702262,16.168589622902342,0.3233717924580468,0.0002686057217173854,6.004036117733216,6.016246824101359,0.0,branin,value,logei,exact,none,0.0,0,50,11,3692c690-2c02-40e7-9c56-ecf39057f9d9,True,0.01,2.0,23.936224299948663,1.2500554659000687,"x0,x1",2,0.2,0.5,,,,,,,
4.729281548541579,-4.705888540681705,,,6.67169325753929,0.0,1.2484452334517315,0.0016102324483371344,18.1186509786198,0.36237301957239604,0.010558887315316401,9.761524209819509,13.73088348216893,0.0,branin,value,logei,exact,gaussian,0.25,0,50,11,ff21aca7-9f8e-47ab-98bb-62cce70542c0,False,0.01,2.0,22.874462999985553,1.2500554659000687,"x0,x1",2,0.25,0.25,,,,,,,
4.729281548541579,-4.705888540681705,,,6.67169325753929,0.0,1.142950505614961,0.10710496028510774,28.64837178311068,0.5729674356622136,0.3357426320935194,12.651248286825508,26.167013555051412,0.0,branin,value,logei,exact,gaussian,1.0,0,50,11,c1958ae7-3b69-4cb0-8cb2-c2192fd3f260,False,0.01,2.0,22.52021089999471,1.2500554659000687,"x0,x1",2,1.0,1.0,,,,,,,
4.729281548541579,-4.705888540681705,,,6.67169325753929,0.0,1.250018991774395,3.647412567375774e-05,16.909177720762486,0.3381835544152497,0.00010184509346489179,5.7714604012544894,5.783124531441327,0.0,branin,value,qnei,exact,none,0.0,0,50,11,12f85b07-0787-403a-bc25-6f09e1b67714,True,0.01,2.0,21.140511300007347,1.2500554659000687,"x0,x1",2,0.2,0.5,,,,,,,
4.729281548541579,-4.705888540681705,,,6.67169325753929,0.0,1.2499291460725688,0.0001263198274998878,21.70257584609407,0.43405151692188143,0.04019827284977873,3.5541934769950383,6.055892180201476,0.0,branin,value,qnei,exact,gaussian,0.25,0,50,11,2ff89dd3-fd7d-44ae-9928-b43dde6a0dc3,False,0.01,2.0,23.579101300041657,1.2500554659000687,"x0,x1",2,0.25,0.25,,,,,,,
4.729281548541579,-4.705888540681705,,,6.67169325753929,0.0,1.2490989554716474,0.0009565104284212644,47.28591268594778,0.9457182537189556,0.04246992420853579,4.560951493492897,13.818476265696768,0.0,branin,value,qnei,exact,gaussian,1.0,0,50,11,50a651f9-77f2-4129-9cfe-b17f28e346ac,False,0.01,2.0,29.452836499956902,1.2500554659000687,"x0,x1",2,1.0,1.0,,,,,,,
484.27843057065763,-481.8829865658065,,,683.1813895720231,0.0,2.623883582240016,0.5811619488150428,136.85978296093515,2.737195659218703,0.5811753214303819,40.15934103699441,40.15961517560886,0.0,eggholder,value,logei,exact,none,0.0,0,50,11,58f794b9-5b65-4aeb-b486-79c0fec6a2a1,True,0.01,2.0,31.4009949999745,3.2050455310550587,"x0,x1",2,0.2,0.5,,,,,,,
484.27843057065763,-481.8829865658065,,,683.1813895720231,0.0,2.6001773025052946,0.6048682285497642,131.95748104932147,2.6391496209864296,0.6128508774584258,41.119870758563884,43.933713133136294,0.0,eggholder,value,logei,exact,gaussian,0.25,0,50,11,035ac344-9633-4610-a650-b125dfbacf7f,False,0.01,2.0,29.288168400002178,3.2050455310550587,"x0,x1",2,0.25,0.25,,,,,,,
484.27843057065763,-481.8829865658065,,,683.1813895720231,0.0,2.5079287764288107,0.697116754626248,112.06280687517143,2.2412561375034286,2.1426180716589616,47.058450336483254,89.88775520583481,0.0,eggholder,value,logei,exact,gaussian,1.0,0,50,11,dfcfffba-f086-4221-a37e-989c6ab3ea32,False,0.01,2.0,24.494905999978073,3.2050455310550587,"x0,x1",2,1.0,1.0,,,,,,,
484.27843057065763,-481.8829865658065,,,683.1813895720231,0.0,2.6127712983168814,0.5922742327381774,140.26776140406852,2.8053552280813703,0.7014766289984111,40.67203129299477,41.096941279919335,0.0,eggholder,value,qnei,exact,none,0.0,0,50,11,86a5ef8c-fda1-46df-87a2-4d40d3c6ac9e,True,0.01,2.0,27.89639760000864,3.2050455310550587,"x0,x1",2,0.2,0.5,,,,,,,
484.27843057065763,-481.8829865658065,,,683.1813895720231,0.0,2.945156023178765,0.2598895078762937,121.59058763705517,2.4318117527411034,0.3747626088055802,41.10420297749582,41.65650255700334,0.0,eggholder,value,qnei,exact,gaussian,0.25,0,50,11,6ed5dd2f-0f70-4172-9cda-8ac5bbac6208,False,0.01,2.0,31.73684890003642,3.2050455310550587,"x0,x1",2,0.25,0.25,,,,,,,
484.27843057065763,-481.8829865658065,,,683.1813895720231,0.0,2.9116606467938055,0.2933848842612532,159.78793227416165,3.1957586454832327,0.2933848842612532,43.23155634450997,55.956935579524036,0.0,eggholder,value,qnei,exact,gaussian,1.0,0,50,11,f7d932b0-80a2-4483-85ec-f42b13dfefea,False,0.01,2.0,26.952821300015785,3.2050455310550587,"x0,x1",2,1.0,1.0,,,,,,,
0.019355881808256314,0.42893316052025454,-0.5310777814691606,0.10108494102735344,0.6903767678790899,0.0,2.153305282720616,0.0,77.61678995742227,1.5523357991484454,0.0,12.096668728587002,12.096668728587002,0.0,weber_fechner,value,logei,exact,none,0.0,0,50,11,972b5fc1-8eae-4bfb-896a-71a061989a9f,True,0.01,2.0,41.83825249999063,2.153305282720616,"x0,x1,x2,x3",4,0.2,0.5,,,,,,,
0.019355881808256314,0.42893316052025454,-0.5310777814691606,0.10108494102735344,0.6903767678790899,0.0,2.01177573580794,0.14152954691267583,48.527691714821714,0.9705538342964343,0.32974896968586753,23.834754933763588,34.521336338862156,0.0,weber_fechner,value,logei,exact,gaussian,0.25,0,50,11,9ed0c480-5f74-42be-9f39-51517412aada,False,0.01,2.0,33.11619279999286,2.153305282720616,"x0,x1,x2,x3",4,0.25,0.25,,,,,,,
0.019355881808256314,0.42893316052025454,-0.5310777814691606,0.10108494102735344,0.6903767678790899,0.0,1.5619942861085507,0.5913109966120651,57.958504887597044,1.1591700977519408,0.9258135053682246,36.99870991739567,52.199330581458376,0.0,weber_fechner,value,logei,exact,gaussian,1.0,0,50,11,f5e0d2ce-5602-4712-a2fd-e4e4bca23e7d,False,0.01,2.0,29.688711900031194,2.153305282720616,"x0,x1,x2,x3",4,1.0,1.0,,,,,,,
0.019355881808256314,0.42893316052025454,-0.5310777814691606,0.10108494102735344,0.6903767678790899,0.0,2.153305282720616,0.0,66.35933939133707,1.3271867878267414,0.0,11.959892553297184,12.007625002082325,0.0,weber_fechner,value,qnei,exact,none,0.0,0,50,11,903fbae5-7e92-4815-a6ef-2ee18af7c6c2,True,0.01,2.0,36.22089990001405,2.153305282720616,"x0,x1,x2,x3",4,0.2,0.5,,,,,,,
0.019355881808256314,0.42893316052025454,-0.5310777814691606,0.10108494102735344,0.6903767678790899,0.0,2.153305282720616,0.0,61.57925748786622,1.2315851497573245,0.1188326495069294,17.551100510328684,22.78964189533437,0.0,weber_fechner,value,qnei,exact,gaussian,0.25,0,50,11,9eb70cd6-0c50-47d7-a017-ab8bfcc95fef,False,0.01,2.0,36.75495089998003,2.153305282720616,"x0,x1,x2,x3",4,0.25,0.25,,,,,,,
0.019355881808256314,0.42893316052025454,-0.5310777814691606,0.10108494102735344,0.6903767678790899,0.0,1.9005912027867984,0.25271407993381745,58.21869518100542,1.1643739036201084,0.39821164521636065,24.797061874560626,46.207519803655394,0.0,weber_fechner,value,qnei,exact,gaussian,1.0,0,50,11,e4662ff8-113d-490f-a814-3881ed17f8b6,False,0.01,2.0,41.40630070003681,2.153305282720616,"x0,x1,x2,x3",4,1.0,1.0,,,,,,,
-0.09988119439725507,-0.35135177786265903,0.32671266533701204,,0.49006682247739236,0.0,3.05340215405113,0.0014987881045978035,101.34320053413471,2.026864010682694,0.0014987881045978035,24.985914993989013,25.02321055525204,0.0,hartmann_3,value,logei,exact,none,0.0,0,50,11,db70cc23-8c4e-404b-9ea0-549c604be830,True,0.01,2.0,35.17205320001813,3.0549009421557276,"x0,x1,x2",3,0.2,0.5,,,,,,,
-0.09988119439725507,-0.35135177786265903,0.32671266533701204,,0.49006682247739236,0.0,3.0322697898435216,0.022631152312206027,51.20501008248983,1.0241002016497966,0.09692125893863279,34.52271544429592,37.436918208222515,0.0,hartmann_3,value,logei,exact,gaussian,0.25,0,50,11,dbb9940c-dec4-4000-9113-3e02c020b4bb,False,0.01,2.0,29.135709499998484,3.0549009421557276,"x0,x1,x2",3,0.25,0.25,,,,,,,
-0.09988119439725507,-0.35135177786265903,0.32671266533701204,,0.49006682247739236,0.0,2.971048217334267,0.08385272482146044,97.12263574441344,1.9424527148882689,0.14257596721610044,55.16802918035435,99.03266460872207,0.0,hartmann_3,value,logei,exact,gaussian,1.0,0,50,11,c9959d49-f3b3-4816-9fde-80e01f51aa01,False,0.01,2.0,27.215264900005423,3.0549009421557276,"x0,x1,x2",3,1.0,1.0,,,,,,,
-0.09988119439725507,-0.35135177786265903,0.32671266533701204,,0.49006682247739236,0.0,3.0535873651412753,0.0013135770144523384,113.00862566233877,2.2601725132467756,0.0013135770144523384,22.034179488414264,22.15213174593623,0.0,hartmann_3,value,qnei,exact,none,0.0,0,50,11,a9961446-d95d-4d0f-a55b-629e088ac281,True,0.01,2.0,32.996794300037436,3.0549009421557276,"x0,x1,x2",3,0.2,0.5,,,,,,,
-0.09988119439725507,-0.35135177786265903,0.32671266533701204,,0.49006682247739236,0.0,3.0410415329727885,0.013859409182939153,66.56794506635431,1.3313589013270863,0.11278272674099554,36.57929896253701,40.79075696602532,0.0,hartmann_3,value,qnei,exact,gaussian,0.25,0,50,11,8b7ef7fc-c7cd-4d9f-97b7-10d734c09aa5,False,0.01,2.0,36.195658699958585,3.0549009421557276,"x0,x1,x2",3,0.25,0.25,,,,,,,
-0.09988119439725507,-0.35135177786265903,0.32671266533701204,,0.49006682247739236,0.0,2.7448229533983217,0.3100779887574059,133.92579433961208,2.678515886792242,0.9949644763936845,85.22373361210651,119.16665653553373,0.0,hartmann_3,value,qnei,exact,gaussian,1.0,0,50,11,5dea2854-0cde-4b57-8f19-af05ad20194d,False,0.01,2.0,32.50836590002291,3.0549009421557276,"x0,x1,x2",3,1.0,1.0,,,,,,,
0.019355881808256314,0.42893316052025454,-0.5310777814691606,0.10108494102735344,0.6903767678790899,0.0,2.5783332796342737,0.37916650194764356,90.17859591575733,1.8035719183151466,0.37916650194764356,41.965236588035815,42.133967590039866,0.0,moving_peaks,value,logei,exact,none,0.0,0,50,11,96ac426d-31fc-4545-9bf7-4c54bfce543a,True,0.01,2.0,40.8697119000135,2.9574997815819173,"x0,x1,x2,x3",4,0.2,0.5,,,,,,,
0.019355881808256314,0.42893316052025454,-0.5310777814691606,0.10108494102735344,0.6903767678790899,0.0,2.350315359295739,0.6071844222861782,91.11100476794988,1.8222200953589975,0.6071844222861782,70.4592993235773,74.34682511264052,0.0,moving_peaks,value,logei,exact,gaussian,0.25,0,50,11,2d3521e7-6aff-410a-b18d-89e77120dec6,False,0.01,2.0,32.00786930002505,2.9574997815819173,"x0,x1,x2,x3",4,0.25,0.25,,,,,,,
0.019355881808256314,0.42893316052025454,-0.5310777814691606,0.10108494102735344,0.6903767678790899,0.0,2.3743575735802236,0.5831422080016937,105.49412683768662,2.1098825367537324,1.28960070171703,56.1046612717986,95.96390920421408,0.0,moving_peaks,value,logei,exact,gaussian,1.0,0,50,11,0bbe1c19-7cef-4868-b77d-feec056c874b,False,0.01,2.0,29.738014100003056,2.9574997815819173,"x0,x1,x2,x3",4,1.0,1.0,,,,,,,
0.019355881808256314,0.42893316052025454,-0.5310777814691606,0.10108494102735344,0.6903767678790899,0.0,2.4740061560074635,0.48349362557445374,100.62146699878636,2.012429339975727,0.48349362557445374,63.16486209000406,63.19760933671281,0.0,moving_peaks,value,qnei,exact,none,0.0,0,50,11,744e5785-0495-4454-9a17-6d61c6c71cb1,True,0.01,2.0,30.68880949995946,2.9574997815819173,"x0,x1,x2,x3",4,0.2,0.5,,,,,,,
0.019355881808256314,0.42893316052025454,-0.5310777814691606,0.10108494102735344,0.6903767678790899,0.0,2.1514786677690294,0.8060211138128879,101.68573423692459,2.033714684738492,0.8060211138128879,77.54991112420291,84.1424904340946,0.0,moving_peaks,value,qnei,exact,gaussian,0.25,0,50,11,e9ca0286-91c1-47e0-aee5-7fa91c6a8df9,False,0.01,2.0,44.637911700003315,2.9574997815819173,"x0,x1,x2,x3",4,0.25,0.25,,,,,,,
0.019355881808256314,0.42893316052025454,-0.5310777814691606,0.10108494102735344,0.6903767678790899,0.0,2.427670902386155,0.5298288791957622,90.90259545690687,1.8180519091381373,1.3670391225858782,53.80626710639818,76.8579733472223,0.0,moving_peaks,value,qnei,exact,gaussian,1.0,0,50,11,036ba3a7-5beb-448c-927a-465041ac894a,False,0.01,2.0,41.00210129999323,2.9574997815819173,"x0,x1,x2,x3",4,1.0,1.0,,,,,,,
0.019355881808256314,0.42893316052025454,-0.5310777814691606,0.10108494102735344,0.6903767678790899,0.0,1.7175746997911816,0.0,46.00277027716832,0.9200554055433663,0.0,12.032460630763303,12.032460630763303,0.0,power_law_practice,value,logei,exact,none,0.0,0,50,11,d21dc492-3adb-45c7-9055-c14b7d1a1311,True,0.01,2.0,45.144995099981315,1.7175746997911816,"x0,x1,x2,x3",4,0.2,0.5,,,,,,,
0.019355881808256314,0.42893316052025454,-0.5310777814691606,0.10108494102735344,0.6903767678790899,0.0,1.7175746997911816,0.0,27.529166069662356,0.5505833213932472,0.0,17.45035682525514,22.86605769336841,0.0,power_law_practice,value,logei,exact,gaussian,0.25,0,50,11,eef1bc88-9629-46ce-957e-a07f2ba39f43,False,0.01,2.0,29.954968100006226,1.7175746997911816,"x0,x1,x2,x3",4,0.25,0.25,,,,,,,
0.019355881808256314,0.42893316052025454,-0.5310777814691606,0.10108494102735344,0.6903767678790899,0.0,0.9203297017409742,0.7972449980502074,71.7435853729219,1.434871707458438,1.3466591239091188,45.20884123930046,69.7834093152569,0.0,power_law_practice,value,logei,exact,gaussian,1.0,0,50,11,0e54ce1c-a648-4fa1-a0ea-674f3d2f68e9,False,0.01,2.0,21.855032499996014,1.7175746997911816,"x0,x1,x2,x3",4,1.0,1.0,,,,,,,
0.019355881808256314,0.42893316052025454,-0.5310777814691606,0.10108494102735344,0.6903767678790899,0.0,1.7175746997911816,0.0,62.613606076077886,1.2522721215215578,0.0,11.90031631099816,11.90031631099816,0.0,power_law_practice,value,qnei,exact,none,0.0,0,50,11,35761057-5769-40ee-ae49-5bfd8fe847a9,True,0.01,2.0,39.804384500021115,1.7175746997911816,"x0,x1,x2,x3",4,0.2,0.5,,,,,,,
0.019355881808256314,0.42893316052025454,-0.5310777814691606,0.10108494102735344,0.6903767678790899,0.0,1.7175746997911816,0.0,49.46941769647346,0.9893883539294691,0.19784088213820494,12.827441070157162,24.715961528656756,0.0,power_law_practice,value,qnei,exact,gaussian,0.25,0,50,11,9a9d9848-7770-4558-aade-c3e225fa90b0,False,0.01,2.0,37.543548899993766,1.7175746997911816,"x0,x1,x2,x3",4,0.25,0.25,,,,,,,
0.019355881808256314,0.42893316052025454,-0.5310777814691606,0.10108494102735344,0.6903767678790899,0.0,1.0247849280352594,0.6927897717559222,59.488164306914754,1.1897632861382952,0.9964292167919915,44.371781465528954,56.07297802109014,0.0,power_law_practice,value,qnei,exact,gaussian,1.0,0,50,11,463ce653-52b5-43ee-89d6-423d78ffaa29,False,0.01,2.0,43.806796099990606,1.7175746997911816,"x0,x1,x2,x3",4,1.0,1.0,,,,,,,
0.019355881808256314,0.42893316052025454,-0.5310777814691606,0.10108494102735344,0.6903767678790899,0.0,1.2903743097515756,8.680474483657719e-07,27.069313289890438,0.5413862657978088,8.680474483657719e-07,6.895720167124321,6.928454144379419,0.0,steering_law,value,logei,exact,none,0.0,0,50,11,244f46ff-de4d-488e-88bd-086b4a7d57ba,True,0.01,2.0,48.70910979999462,1.290375177799024,"x0,x1,x2,x3",4,0.2,0.5,,,,,,,
0.019355881808256314,0.42893316052025454,-0.5310777814691606,0.10108494102735344,0.6903767678790899,0.0,1.2902968435244517,7.833427457226705e-05,26.22551528189988,0.5245103056379976,0.16240291327356937,12.455551289905676,23.472632597292435,0.0,steering_law,value,logei,exact,gaussian,0.25,0,50,11,67433f03-4fa0-4ba5-b54b-e9252fc892e5,False,0.01,2.0,32.44716929999413,1.290375177799024,"x0,x1,x2,x3",4,0.25,0.25,,,,,,,
0.019355881808256314,0.42893316052025454,-0.5310777814691606,0.10108494102735344,0.6903767678790899,0.0,1.0228435417707695,0.26753163602825447,36.114334407048844,0.7222866881409769,0.38680187247003095,19.56824984789146,33.459396279972,0.0,steering_law,value,logei,exact,gaussian,1.0,0,50,11,3e5acbbf-1643-4a83-bb6b-f8a8a7102fff,False,0.01,2.0,24.45111140003428,1.290375177799024,"x0,x1,x2,x3",4,1.0,1.0,,,,,,,
0.019355881808256314,0.42893316052025454,-0.5310777814691606,0.10108494102735344,0.6903767678790899,0.0,1.2903632740438638,1.1903755160247442e-05,32.67951509351614,0.6535903018703227,1.1903755160247442e-05,7.129177022890393,7.166673180283516,0.0,steering_law,value,qnei,exact,none,0.0,0,50,11,cc8e4b37-476c-41c0-bebe-e6dbe38a6270,True,0.01,2.0,47.30319820001023,1.290375177799024,"x0,x1,x2,x3",4,0.2,0.5,,,,,,,
0.019355881808256314,0.42893316052025454,-0.5310777814691606,0.10108494102735344,0.6903767678790899,0.0,1.2900968924807419,0.0002782853182821121,28.15668942427211,0.5631337884854422,0.2490177493222796,8.306401918277961,15.334342713221238,0.0,steering_law,value,qnei,exact,gaussian,0.25,0,50,11,afa9f168-c2a0-4c10-b98f-f40532f08ca3,False,0.01,2.0,36.30593349999981,1.290375177799024,"x0,x1,x2,x3",4,0.25,0.25,,,,,,,
0.019355881808256314,0.42893316052025454,-0.5310777814691606,0.10108494102735344,0.6903767678790899,0.0,1.0606383927545406,0.22973678504448336,43.53271949005853,0.8706543898011706,0.5018831951128133,21.081693532454022,31.847996385693357,0.0,steering_law,value,qnei,exact,gaussian,1.0,0,50,11,2c8112f5-33c2-4ebc-8700-d7394c80002f,False,0.01,2.0,34.69573819998186,1.290375177799024,"x0,x1,x2,x3",4,1.0,1.0,,,,,,,
7.656396380681262,3.271301801533685,-6.523790837244563,2.1855812899002167,26.46118990581866,0.0,2.4757955250746506,0.14868480670396167,61.483549046113204,1.2296709809222641,0.16266231984681534,24.22247294226632,24.439124395980556,0.0,levy_10,value,logei,exact,none,0.0,0,50,11,643661f5-3d21-4514-8412-c047e260acba,True,0.01,2.0,127.98780060000718,2.6244803317786123,"x0,x1,x2,x3,x4,x5,x6,x7,x8,x9,x10",11,0.2,0.5,12.802270198530717,-5.157008777157715,8.839234746579272,13.739249731407202,-7.985063688434973,7.1806009300184535,-3.289673247994922
7.656396380681262,3.271301801533685,-6.523790837244563,2.1855812899002167,26.46118990581866,0.0,2.3376819731575083,0.28679835862110403,63.93715381443186,1.2787430762886371,0.5255200090684435,30.341099231446954,43.203067767700134,0.0,levy_10,value,logei,exact,gaussian,0.25,0,50,11,7eb2760d-9830-4ac3-abdb-e1dc54e5bef3,False,0.01,2.0,96.20854010002222,2.6244803317786123,"x0,x1,x2,x3,x4,x5,x6,x7,x8,x9,x10",11,0.25,0.25,12.802270198530717,-5.157008777157715,8.839234746579272,13.739249731407202,-7.985063688434973,7.1806009300184535,-3.289673247994922
7.656396380681262,3.271301801533685,-6.523790837244563,2.1855812899002167,26.46118990581866,0.0,1.944072183726007,0.6804081480526052,86.41144130449383,1.7282288260898766,1.374066132027598,42.99094203843222,67.5519957495452,0.0,levy_10,value,logei,exact,gaussian,1.0,0,50,11,cd5e2ca9-ffd1-4fc6-8998-50eb08efc43f,False,0.01,2.0,77.03598819999024,2.6244803317786123,"x0,x1,x2,x3,x4,x5,x6,x7,x8,x9,x10",11,1.0,1.0,12.802270198530717,-5.157008777157715,8.839234746579272,13.739249731407202,-7.985063688434973,7.1806009300184535,-3.289673247994922
7.656396380681262,3.271301801533685,-6.523790837244563,2.1855812899002167,26.46118990581866,0.0,2.5490893257714644,0.07539100600714788,63.893049433581766,1.2778609886716352,0.07539100600714788,28.35071862204057,28.3707062932433,0.0,levy_10,value,qnei,exact,none,0.0,0,50,11,8345d320-b208-4300-be35-2809c983beff,True,0.01,2.0,118.30965940002352,2.6244803317786123,"x0,x1,x2,x3,x4,x5,x6,x7,x8,x9,x10",11,0.2,0.5,12.802270198530717,-5.157008777157715,8.839234746579272,13.739249731407202,-7.985063688434973,7.1806009300184535,-3.289673247994922
7.656396380681262,3.271301801533685,-6.523790837244563,2.1855812899002167,26.46118990581866,0.0,1.8677805328335602,0.7566997989450521,112.05429141303902,2.2410858282607804,1.270780203889833,54.10675165686579,60.39574957240984,0.0,levy_10,value,qnei,exact,gaussian,0.25,0,50,11,9a66db8f-bc0b-4f74-a2c5-3cb5ab44282a,False,0.01,2.0,96.42621499998495,2.6244803317786123,"x0,x1,x2,x3,x4,x5,x6,x7,x8,x9,x10",11,0.25,0.25,12.802270198530717,-5.157008777157715,8.839234746579272,13.739249731407202,-7.985063688434973,7.1806009300184535,-3.289673247994922
7.656396380681262,3.271301801533685,-6.523790837244563,2.1855812899002167,26.46118990581866,0.0,1.9112079328629146,0.7132723989156977,89.15881560783092,1.7831763121566184,0.7822192426914527,47.88580746021538,57.85156091293318,0.0,levy_10,value,qnei,exact,gaussian,1.0,0,50,11,6b00a895-99d9-4997-a808-566cdaaa81a7,False,0.01,2.0,104.99481439997908,2.6244803317786123,"x0,x1,x2,x3,x4,x5,x6,x7,x8,x9,x10",11,1.0,1.0,12.802270198530717,-5.157008777157715,8.839234746579272,13.739249731407202,-7.985063688434973,7.1806009300184535,-3.289673247994922
