delta_x0,delta_x1,delta_x2,delta_x3,delta_l2_norm,iteration,final_best_true,final_simple_regret_true,final_cum_regret_true,final_avg_regret_true,final_inference_simple_regret_true,auc_simple_regret_true,auc_inference_simple_regret_true,acq_opt_failures,dataset,objective,acquisition,oracle_model,error_model,jitter_std,jitter_iteration,iterations,seed,run_id,baseline,xi,kappa,runtime_sec,y_opt,param_columns,dim,error_bias_used,error_spike_std_used,delta_x4,delta_x5,delta_x6,delta_x7,delta_x8,delta_x9,delta_x10
-0.3249291816934416,-0.023660355573313585,-0.7704203856796188,0.5960212283921744,1.027096714485386,0.0,3.5269190895071625,0.0084934542796961,145.08314294282837,2.9016628588565667,0.0084934542796961,20.70442652970199,20.70442652970199,0.0,yerkes_dodson,value,logei,exact,none,0.0,0,50,7,0907b2a7-59cd-474f-b272-b315fcef2afa,True,0.01,2.0,0.0,3.5354125437868587,"x0,x1,x2,x3",4,0.2,20.0,,,,,,,
-0.32492918169344154,-0.023660355573313585,-0.7704203856796188,0.5960212283921744,1.027096714485386,0.0,2.3124859446444517,1.222926599142407,219.70615781788308,4.3941231563576615,4.469836102761445,66.0144488180194,205.3233485465693,0.0,yerkes_dodson,value,logei,exact,spike,0.25,0,50,7,8474545f-e4b9-46cd-9925-789f2c8e7f6d,False,0.01,2.0,11.03695990005508,3.5354125437868587,"x0,x1,x2,x3",4,0.25,20.0,,,,,,,
-0.3249291816934416,-0.023660355573313585,-0.7704203856796188,0.5960212283921744,1.027096714485386,0.0,3.5335748724058846,0.001837671380974,135.21930317695592,2.7043860635391184,0.001837671380974,19.55655244203278,19.55655244203278,0.0,yerkes_dodson,value,qnei,exact,none,0.0,0,50,7,f1afc8b5-36de-483a-8a68-414359df4c3a,True,0.01,2.0,0.0,3.5354125437868587,"x0,x1,x2,x3",4,0.2,20.0,,,,,,,
-0.32492918169344154,-0.023660355573313585,-0.7704203856796188,0.5960212283921744,1.027096714485386,0.0,2.3124859446444517,1.222926599142407,189.04503605152922,3.7809007210305845,3.2457089524351446,66.0144488180194,176.78973131643417,0.0,yerkes_dodson,value,qnei,exact,spike,0.25,0,50,7,1cd45ab0-8fa0-441c-b947-d774d0e3c2f0,False,0.01,2.0,16.16278610000154,3.5354125437868587,"x0,x1,x2,x3",4,0.25,20.0,,,,,,,
-2.924362635240974,-0.21294320015982215,-6.93378347111657,5.36419105552957,9.243870430368473,0.0,0.7636709713128257,0.0005529121456341,23.9797720728245,0.4795954414564899,0.0005529121456341,1.4950863068908369,1.4950863068908369,0.0,powell,value,logei,exact,none,0.0,0,50,7,261a4e83-5436-4db9-9e00-29a75b29ff8b,True,0.01,2.0,0.0,0.7642238834584598,"x0,x1,x2,x3",4,0.2,20.0,,,,,,,
-2.924362635240974,-0.21294320015982215,-6.93378347111657,5.36419105552957,9.243870430368473,0.0,0.7118824149892812,0.05234146846917864,44.44861828659596,0.8889723657319192,0.07414250371624165,3.330254795765542,14.013878370904557,0.0,powell,value,logei,exact,spike,0.25,0,50,7,a6a88e18-032e-4557-9905-3cf0405f9974,False,0.01,2.0,12.29511220002314,0.7642238834584598,"x0,x1,x2,x3",4,0.25,20.0,,,,,,,
-2.924362635240974,-0.21294320015982215,-6.93378347111657,5.36419105552957,9.243870430368473,0.0,0.7626108185085724,0.0016130649498874,21.23758380174789,0.4247516760349578,0.0016130649498874,1.4243758785163017,1.4243758785163017,0.0,powell,value,qnei,exact,none,0.0,0,50,7,e680fdeb-0ac3-4aab-99e0-d1effa6e110d,True,0.01,2.0,0.0,0.7642238834584598,"x0,x1,x2,x3",4,0.2,20.0,,,,,,,
-2.924362635240974,-0.21294320015982215,-6.93378347111657,5.36419105552957,9.243870430368473,0.0,0.7262299354602352,0.03799394799822464,68.85050665946353,1.3770101331892706,0.24067098604649084,3.221820585313475,17.88892135557826,0.0,powell,value,qnei,exact,spike,0.25,0,50,7,21a7bf6a-749b-4bed-b38d-b6db7201ae7e,False,0.01,2.0,15.574451800028328,0.7642238834584598,"x0,x1,x2,x3",4,0.25,20.0,,,,,,,
-21.294558851461385,-1.5506050628526822,-50.49027039589949,39.06084722390954,67.31181028051424,0.0,18.874213474487966,1.2282336793654665,626.9633645376207,12.539267290752411,1.2282336793654665,351.2657706182827,351.2657706182827,0.0,ackley,value,logei,exact,none,0.0,0,50,7,e6728b94-890a-4a47-bc59-741bc8c91ac9,True,0.01,2.0,0.0,20.102447153853433,"x0,x1,x2,x3",4,0.2,20.0,,,,,,,
-21.294558851461385,-1.5506050628526822,-50.49027039589949,39.06084722390954,67.31181028051424,0.0,2.517364033404305,17.585083120449127,1030.2660362729698,20.605320725459396,20.505712164923583,865.8799736136049,959.6560863472641,0.0,ackley,value,logei,exact,spike,0.25,0,50,7,0da41302-2483-4359-83a5-18e43dca652d,False,0.01,2.0,12.044241000025067,20.102447153853433,"x0,x1,x2,x3",4,0.25,20.0,,,,,,,
-21.294558851461385,-1.5506050628526822,-50.49027039589949,39.06084722390954,67.31181028051424,0.0,16.39337860309868,3.709068550754754,811.3339931924393,16.226679863848787,3.709068550754754,415.52421521037104,415.52421521037104,0.0,ackley,value,qnei,exact,none,0.0,0,50,7,9a194c48-0bf4-458b-99e1-b524837321f1,True,0.01,2.0,0.0,20.102447153853433,"x0,x1,x2,x3",4,0.2,20.0,,,,,,,
-21.294558851461385,-1.5506050628526822,-50.49027039589949,39.06084722390954,67.31181028051424,0.0,2.517364033404305,17.585083120449127,1027.1882072360486,20.54376414472097,20.570963831929703,865.8799736136049,969.7911637081435,0.0,ackley,value,qnei,exact,spike,0.25,0,50,7,0406a0b7-e285-4521-9820-e0f8ebac7ee6,False,0.01,2.0,15.904696599987801,20.102447153853433,"x0,x1,x2,x3",4,0.25,20.0,,,,,,,
-3.327274820540841,-0.24228204107073203,-7.889104749359297,6.103257378735867,10.517470356330351,0.0,2.8158721331317014,0.8230669403063504,101.83510039763851,2.0367020079527705,0.8230669403063504,59.76754516648718,59.76754516648718,0.0,rastrigin,value,logei,exact,none,0.0,0,50,7,b7af1269-042d-40fb-af4a-68ccbcce6752,True,0.01,2.0,0.0,3.638939073438052,"x0,x1,x2,x3",4,0.2,20.0,,,,,,,
-3.327274820540841,-0.24228204107073203,-7.889104749359297,6.103257378735867,10.517470356330351,0.0,1.4343726798783474,2.2045663935597046,216.75222561377512,4.335044512275503,4.817978818623761,109.03024587708418,165.18272835241999,0.0,rastrigin,value,logei,exact,spike,0.25,0,50,7,2dbff800-c1e9-488b-882a-9a4ff77b1217,False,0.01,2.0,11.835952599998564,3.638939073438052,"x0,x1,x2,x3",4,0.25,20.0,,,,,,,
-3.327274820540841,-0.24228204107073203,-7.889104749359297,6.103257378735867,10.517470356330351,0.0,3.055378094782243,0.5835609786558087,123.69485017266838,2.473897003453368,0.5835609786558087,44.89733596029166,44.89733596029166,0.0,rastrigin,value,qnei,exact,none,0.0,0,50,7,1b4c08f3-c288-4625-bf70-60562c0c4a44,True,0.01,2.0,0.0,3.638939073438052,"x0,x1,x2,x3",4,0.2,20.0,,,,,,,
-3.327274820540841,-0.24228204107073203,-7.889104749359297,6.103257378735867,10.517470356330351,0.0,1.8079390114681941,1.8310000619698577,204.82044835225463,4.096408967045092,4.594416512213497,96.88934010041416,176.7485407390968,0.0,rastrigin,value,qnei,exact,spike,0.25,0,50,7,42e88550-194c-418c-aa33-e12eab2cfcff,False,0.01,2.0,16.455433600000106,3.638939073438052,"x0,x1,x2,x3",4,0.25,20.0,,,,,,,
-4.873937725401622,-0.354905333599703,-11.556305785194283,8.940318425882616,15.406450717280787,0.0,1.0252351474861972,0.0003881030852266,21.14333176609364,0.4228666353218727,0.0003881030852266,2.954946817487728,2.954946817487728,0.0,rosenbrock,value,logei,exact,none,0.0,0,50,7,77ef7760-cad5-49e0-8e03-51b44d9534b0,True,0.01,2.0,0.0,1.0256232505714238,"x0,x1,x2,x3",4,0.2,20.0,,,,,,,
-4.873937725401622,-0.354905333599703,-11.556305785194283,8.940318425882616,15.406450717280787,0.0,1.0226567250634349,0.0029665255079889263,48.203555378666294,0.9640711075733259,0.5497384980193349,3.008738086285131,69.61538669202702,0.0,rosenbrock,value,logei,exact,spike,0.25,0,50,7,9cf76ce3-2683-475b-84ea-33003ead5fd2,False,0.01,2.0,12.08950530004222,1.0256232505714238,"x0,x1,x2,x3",4,0.25,20.0,,,,,,,
-4.873937725401622,-0.354905333599703,-11.556305785194283,8.940318425882616,15.406450717280787,0.0,1.025560877885232,6.237268619169178e-05,23.18914325102732,0.4637828650205464,6.237268619169178e-05,2.919032188272527,2.919032188272527,0.0,rosenbrock,value,qnei,exact,none,0.0,0,50,7,0409c33b-4be3-4fe0-aa2f-51b983bbdcb4,True,0.01,2.0,0.0,1.0256232505714238,"x0,x1,x2,x3",4,0.2,20.0,,,,,,,
-4.873937725401622,-0.354905333599703,-11.556305785194283,8.940318425882616,15.406450717280787,0.0,1.0226567250634349,0.0029665255079889263,83.25980722531745,1.665196144506349,0.06235220445038614,3.008738086285131,57.52404935627323,0.0,rosenbrock,value,qnei,exact,spike,0.25,0,50,7,1ae514d7-76ee-47dd-8660-06b8fb93d14e,False,0.01,2.0,16.29812300001504,1.0256232505714238,"x0,x1,x2,x3",4,0.25,20.0,,,,,,,
-324.92918169344154,-23.66035557331361,-770.4203856796189,596.0212283921744,1027.096714485386,0.0,2.0614922971027103,2.2668980746761416,201.3086561585908,4.026173123171817,2.2668980746761416,136.60747379113383,136.60747379113383,0.0,schwefel,value,logei,exact,none,0.0,0,50,7,1e742799-27da-413c-a183-406eac0940fc,True,0.01,2.0,0.0,4.328390371778852,"x0,x1,x2,x3",4,0.2,20.0,,,,,,,
-324.92918169344154,-23.66035557331361,-770.4203856796188,596.0212283921744,1027.096714485386,0.0,1.8656139949776982,2.4627763768011537,181.87693618657588,3.6375387237315175,3.395583401846476,128.5171915098073,179.48581798072962,0.0,schwefel,value,logei,exact,spike,0.25,0,50,7,c2f4b74b-b19e-4811-8732-cd52d4291845,False,0.01,2.0,13.883153099974152,4.328390371778852,"x0,x1,x2,x3",4,0.25,20.0,,,,,,,
-324.92918169344154,-23.66035557331361,-770.4203856796189,596.0212283921744,1027.096714485386,0.0,2.7772067495232418,1.55118362225561,181.36153851393945,3.627230770278788,1.55118362225561,108.13551664871393,108.13551664871393,0.0,schwefel,value,qnei,exact,none,0.0,0,50,7,3090f233-85f4-48a0-b5ac-29f06ebe204e,True,0.01,2.0,0.0,4.328390371778852,"x0,x1,x2,x3",4,0.2,20.0,,,,,,,
-324.92918169344154,-23.66035557331361,-770.4203856796188,596.0212283921744,1027.096714485386,0.0,1.8621092906623964,2.4662810811164553,215.08249194656904,4.301649838931381,3.612342058323908,138.32319434675878,184.48195383211433,0.0,schwefel,value,qnei,exact,spike,0.25,0,50,7,b1a2832e-ad60-4982-880b-0d654ef32d50,False,0.01,2.0,14.588703399989754,4.328390371778852,"x0,x1,x2,x3",4,0.25,20.0,,,,,,,
-0.3249291816934416,-0.023660355573313585,-0.7704203856796188,0.5960212283921744,1.027096714485386,0.0,3.0593887562558817,0.0,47.03487455618522,0.9406974911237044,0.0,8.6540263214074,8.6540263214074,0.0,stevens,value,logei,exact,none,0.0,0,50,7,2d20f826-cf50-4c27-910f-fe2aa78162c0,True,0.01,2.0,0.0,3.0593887562558817,"x0,x1,x2,x3",4,0.2,20.0,,,,,,,
-0.32492918169344154,-0.023660355573313585,-0.7704203856796188,0.5960212283921744,1.027096714485386,0.0,2.8906531380378624,0.1687356182180193,90.97526199227704,1.819505239845541,0.2037808707257085,29.481050581071027,81.0605245135757,0.0,stevens,value,logei,exact,spike,0.25,0,50,7,484ab192-2b4e-4fba-b286-13753f95363f,False,0.01,2.0,13.381797200010624,3.0593887562558817,"x0,x1,x2,x3",4,0.25,20.0,,,,,,,
-0.3249291816934416,-0.023660355573313585,-0.7704203856796188,0.5960212283921744,1.027096714485386,0.0,3.0593887562558817,0.0,126.63874441284275,2.5327748882568555,0.0,8.650950123984538,8.650950123984538,0.0,stevens,value,qnei,exact,none,0.0,0,50,7,dd3745c0-8c46-4539-b8fa-0bae47332f59,True,0.01,2.0,0.0,3.0593887562558817,"x0,x1,x2,x3",4,0.2,20.0,,,,,,,
-0.32492918169344154,-0.023660355573313585,-0.7704203856796188,0.5960212283921744,1.027096714485386,0.0,2.2454602837003135,0.8139284725555682,144.45699092547133,2.8891398185094266,1.610437301649514,44.562414616436314,97.1644647475885,0.0,stevens,value,qnei,exact,spike,0.25,0,50,7,5d017c69-7b30-4c56-9f31-9edd1ddd5cdc,False,0.01,2.0,15.41242989996681,3.0593887562558817,"x0,x1,x2,x3",4,0.25,20.0,,,,,,,
-3.249291816934415,-0.23660355573313652,-7.704203856796188,5.960212283921744,10.27096714485386,0.0,55.83562103508154,0.9384530029368464,2054.040189619979,41.08080379239959,0.9384530029368464,1276.0242620417257,1276.0242620417257,0.0,shekel,value,logei,exact,none,0.0,0,50,7,103379ba-bd06-4a48-a172-03bc02b341bb,True,0.01,2.0,0.0,56.774074038018384,"x0,x1,x2,x3",4,0.2,20.0,,,,,,,
-3.249291816934415,-0.23660355573313652,-7.704203856796188,5.960212283921744,10.27096714485386,0.0,4.077548533767618,52.696525504250765,2863.919965274843,57.27839930549686,57.85244506020426,2612.518207268891,2814.9656368631877,0.0,shekel,value,logei,exact,spike,0.25,0,50,7,f5ffd90e-9efa-43c3-bbfa-5e9e69e14ed4,False,0.01,2.0,16.25439539999934,56.774074038018384,"x0,x1,x2,x3",4,0.25,20.0,,,,,,,
-3.249291816934415,-0.23660355573313652,-7.704203856796188,5.960212283921744,10.27096714485386,0.0,40.72921863226093,16.04485540575746,2622.1243139263715,52.44248627852743,16.04485540575746,1638.736985670932,1638.736985670932,0.0,shekel,value,qnei,exact,none,0.0,0,50,7,523557bf-91f8-4422-ab74-2e6e94887fac,True,0.01,2.0,0.0,56.774074038018384,"x0,x1,x2,x3",4,0.2,20.0,,,,,,,
-3.249291816934415,-0.23660355573313652,-7.704203856796188,5.960212283921744,10.27096714485386,0.0,1.1824415673642374,55.59163247065415,2869.395129826292,57.387902596525834,57.80881165463923,2726.874932441824,2804.8797223087668,0.0,shekel,value,qnei,exact,spike,0.25,0,50,7,28dab582-7fca-49a0-afa1-3ba95e241c67,False,0.01,2.0,15.99508479994256,56.774074038018384,"x0,x1,x2,x3",4,0.25,20.0,,,,,,,
0.7805537608974431,-2.802138843683271,0.14307670014143614,1.7965582081583973,3.462243739646996,0.0,3.6942492615675873,4.353471905121391,330.42923102821914,6.608584620564383,4.353471905121391,254.09034597118003,254.09034597118003,0.0,michalewicz,value,logei,exact,none,0.0,0,50,7,f610077e-890b-4df3-a0af-5bd00e33ac83,True,0.01,2.0,0.0,8.047721166688978,"x0,x1,x2,x3,x4",5,0.2,20.0,0.5270608146792729,,,,,,
0.7805537608974431,-2.802138843683271,0.1430767001414357,1.7965582081583973,3.462243739646996,0.0,0.90007361838061,7.147647548308369,421.55157664645895,8.431031532929179,7.9136386714919436,350.2347298671101,359.80961890690475,0.0,michalewicz,value,logei,exact,spike,0.25,0,50,7,c65082e9-34b3-4001-98db-4f9fab004878,False,0.01,2.0,11.97495240002172,8.047721166688978,"x0,x1,x2,x3,x4",5,0.25,20.0,0.5270608146792729,,,,,,
0.7805537608974431,-2.802138843683271,0.14307670014143614,1.7965582081583973,3.462243739646996,0.0,3.913592700717024,4.134128465971954,313.2480988647902,6.264961977295805,4.134128465971954,240.60044268038797,240.60044268038797,0.0,michalewicz,value,qnei,exact,none,0.0,0,50,7,0a8b47ad-0e7c-41b9-8c4c-74c0b94fdf3d,True,0.01,2.0,0.0,8.047721166688978,"x0,x1,x2,x3,x4",5,0.2,20.0,0.5270608146792729,,,,,,
0.7805537608974431,-2.802138843683271,0.1430767001414357,1.7965582081583973,3.462243739646996,0.0,2.6709384676106613,5.376782699078317,404.78531605003644,8.095706321000728,7.287065076821832,295.176268866745,378.07881949144024,0.0,michalewicz,value,qnei,exact,spike,0.25,0,50,7,11b63d6f-7230-4d30-a5c3-21261adb593f,False,0.01,2.0,20.776954000000842,8.047721166688978,"x0,x1,x2,x3,x4",5,0.25,20.0,0.5270608146792729,,,,,,
-0.6198301620390922,-0.0759853825868092,0.021383738506852712,0.24272776285312897,0.8963942168515511,0.0,6.5786538351507815,1.3885101281411556,342.3394646378324,6.8467892927566485,1.3885101281411556,127.56859475036408,127.56859475036408,0.0,hartmann_6,value,logei,exact,none,0.0,0,50,7,de3c7daa-cec1-4dc6-a63b-55f7c313e3f4,True,0.01,2.0,0.0,7.967163963291937,"x0,x1,x2,x3,x4,x5",6,0.2,20.0,0.002866141908088149,-0.5951278332954886,,,,,
-0.6198301620390922,-0.0759853825868092,0.021383738506852712,0.24272776285312891,0.8963942168515511,0.0,-0.08566626342162283,8.05283022671356,423.53005522476747,8.47060110449535,8.403161366843069,394.77858406699215,401.74040354778793,0.0,hartmann_6,value,logei,exact,spike,0.25,0,50,7,a5b18dc3-84cb-4ac1-883b-d236dc18a3b2,False,0.01,2.0,16.193364700011443,7.967163963291937,"x0,x1,x2,x3,x4,x5",6,0.25,20.0,0.0028661419080880934,-0.5951278332954886,,,,,
-0.6198301620390922,-0.0759853825868092,0.021383738506852712,0.24272776285312897,0.8963942168515511,0.0,7.421756456782544,0.5454075065093926,312.331627228792,6.24663254457584,0.5454075065093926,106.60619232313884,106.60619232313884,0.0,hartmann_6,value,qnei,exact,none,0.0,0,50,7,5da8f746-62c8-45dc-856f-8db46cd9cb99,True,0.01,2.0,0.0,7.967163963291937,"x0,x1,x2,x3,x4,x5",6,0.2,20.0,0.002866141908088149,-0.5951278332954886,,,,,
-0.6198301620390922,-0.0759853825868092,0.021383738506852712,0.24272776285312891,0.8963942168515511,0.0,1.6832782157312245,6.283885747560713,420.42495242753506,8.408499048550702,8.253747267430539,326.6742216196075,405.8400961428579,0.0,hartmann_6,value,qnei,exact,spike,0.25,0,50,7,fa39cdc8-0c12-449a-90b9-48cd53f6998e,False,0.01,2.0,23.606351599970367,7.967163963291937,"x0,x1,x2,x3,x4,x5",6,0.25,20.0,0.0028661419080880934,-0.5951278332954886,,,,,
-743.7961944469107,-91.18245910417102,25.660486208223347,291.2733154237547,1075.6730602218613,0.0,2.7449039297542703,0.0089518859047004,81.97132901983231,1.639426580396646,0.0089518859047004,27.79494816409726,27.79494816409726,0.0,griewank,value,logei,exact,none,0.0,0,50,7,556af447-bca7-4a7a-bee8-47c04dbf7787,True,0.01,2.0,0.0,2.7538558156589708,"x0,x1,x2,x3,x4,x5",6,0.2,20.0,3.4393702897057494,-714.1533999545863,,,,,
-743.7961944469107,-91.18245910417102,25.660486208223347,291.2733154237547,1075.6730602218613,0.0,1.8257076039648876,0.9281482116940831,257.45624475569207,5.149124895113841,6.322613404543292,58.16286737192684,180.4234389777618,0.0,griewank,value,logei,exact,spike,0.25,0,50,7,1725179e-736c-43fb-bd43-acb87b3965eb,False,0.01,2.0,20.13116910000099,2.7538558156589708,"x0,x1,x2,x3,x4,x5",6,0.25,20.0,3.439370289705721,-714.1533999545863,,,,,
-743.7961944469107,-91.18245910417102,25.660486208223347,291.2733154237547,1075.6730602218613,0.0,2.7196445749282603,0.0342112407307104,101.5596438043028,2.031192876086056,0.0342112407307104,28.484389508726192,28.484389508726192,0.0,griewank,value,qnei,exact,none,0.0,0,50,7,b6eb7878-24fa-4ff8-8669-3b599f50f539,True,0.01,2.0,0.0,2.7538558156589708,"x0,x1,x2,x3,x4,x5",6,0.2,20.0,3.4393702897057494,-714.1533999545863,,,,,
-743.7961944469107,-91.18245910417102,25.660486208223347,291.2733154237547,1075.6730602218613,0.0,1.3356530135701086,1.4182028020888622,210.4854299478495,4.20970859895699,6.3716225060555285,86.54972300283582,181.59702553909312,0.0,griewank,value,qnei,exact,spike,0.25,0,50,7,049de801-ffe8-48e9-9485-2e1e3c265882,False,0.01,2.0,23.093564700044226,2.7538558156589708,"x0,x1,x2,x3,x4,x5",6,0.25,20.0,3.439370289705721,-714.1533999545863,,,,,
154.20438900789918,-688.1347696424792,,,705.2010031049356,0.0,2.986073721628168,0.2189718094268906,136.19776710098265,2.7239553420196527,0.2189718094268906,44.82947282235009,44.82947282235009,0.0,eggholder,value,logei,exact,none,0.0,0,50,7,a7177877-0fed-421d-ba0b-f8ebb6d9dd96,True,0.01,2.0,0.0,3.2050455310550587,"x0,x1",2,0.2,20.0,,,,,,,
154.20438900789918,-688.1347696424792,,,705.2010031049356,0.0,3.052628743149891,0.15241678790516788,124.36877995350237,2.4873755990700475,1.1764764830536416,42.95253223158777,181.9241209229628,0.0,eggholder,value,logei,exact,spike,0.25,0,50,7,069afb9b-863a-4487-ac48-5a45c29aa6c2,False,0.01,2.0,10.469656899978872,3.2050455310550587,"x0,x1",2,0.25,20.0,,,,,,,
154.20438900789918,-688.1347696424792,,,705.2010031049356,0.0,2.3207485978148754,0.8842969332401833,157.35284805485037,3.1470569610970074,0.8842969332401833,72.66051332676334,72.66051332676334,0.0,eggholder,value,qnei,exact,none,0.0,0,50,7,25a6d087-d29b-4b84-92bd-807cb9c41505,True,0.01,2.0,0.0,3.2050455310550587,"x0,x1",2,0.2,20.0,,,,,,,
154.20438900789918,-688.1347696424792,,,705.2010031049356,0.0,3.2047829345024534,0.0002625965526052987,165.4926510520435,3.30985302104087,4.98697273918491,54.85901287337791,256.10051275290203,0.0,eggholder,value,qnei,exact,spike,0.25,0,50,7,39430d7e-f31c-4f6c-a1c6-980064c7b35f,False,0.01,2.0,12.033842200005893,3.2050455310550587,"x0,x1",2,0.25,20.0,,,,,,,
-0.3249291816934416,-0.023660355573313585,-0.7704203856796188,0.5960212283921744,1.027096714485386,0.0,1.29037366167802,1.5161210038527884e-06,19.29808668988819,0.3859617337977638,1.5161210038527884e-06,8.613732147643024,8.613732147643024,0.0,steering_law,value,logei,exact,none,0.0,0,50,7,2aba2951-162b-4dcf-8d3f-2d7a24055b8b,True,0.01,2.0,0.0,1.290375177799024,"x0,x1,x2,x3",4,0.2,20.0,,,,,,,
-0.32492918169344154,-0.023660355573313585,-0.7704203856796188,0.5960212283921744,1.027096714485386,0.0,1.0290038766648468,0.26137130113417717,89.55289156637694,1.791057831327539,2.703472862648171,19.76413923316329,97.06181326319496,0.0,steering_law,value,logei,exact,spike,0.25,0,50,7,b8341473-5f06-4e36-a349-941ed324f9e4,False,0.01,2.0,10.229487299977336,1.290375177799024,"x0,x1,x2,x3",4,0.25,20.0,,,,,,,
-0.3249291816934416,-0.023660355573313585,-0.7704203856796188,0.5960212283921744,1.027096714485386,0.0,1.2903746367439526,5.41055071412444e-07,27.20515458866042,0.5441030917732084,5.41055071412444e-07,8.526017597991045,8.526017597991045,0.0,steering_law,value,qnei,exact,none,0.0,0,50,7,db2c112e-65cf-4570-8828-8767a60bbbb9,True,0.01,2.0,0.0,1.290375177799024,"x0,x1,x2,x3",4,0.2,20.0,,,,,,,
-0.32492918169344154,-0.023660355573313585,-0.7704203856796188,0.5960212283921744,1.027096714485386,0.0,1.2902673562861502,0.00010782151287380692,69.01541506467012,1.3803083012934025,0.37329848284865064,13.891267166847253,55.97308025838374,0.0,steering_law,value,qnei,exact,spike,0.25,0,50,7,d0ce9e6a-cea1-473b-9659-1f69ae5b0941,False,0.01,2.0,14.527068600000348,1.290375177799024,"x0,x1,x2,x3",4,0.25,20.0,,,,,,,
-0.39988827661407517,-0.5970475160583502,0.09786775515106838,,0.7252271835108848,0.0,3.054122822855108,0.0007781193006195,64.77107557704251,1.2954215115408505,0.0007781193006195,12.645474580933497,12.645474580933497,0.0,hartmann_3,value,logei,exact,none,0.0,0,50,7,e149e219-43b8-4464-8ac2-aeaa63e06ea8,True,0.01,2.0,0.0,3.0549009421557276,"x0,x1,x2",3,0.2,20.0,,,,,,,
-0.3998882766140751,-0.59704751605835,0.09786775515106838,,0.7252271835108846,0.0,1.6198526822185122,1.4350482599372154,161.00109812140016,3.220021962428003,3.5336621614226016,77.55109520509993,146.58469856858747,0.0,hartmann_3,value,logei,exact,spike,0.25,0,50,7,48c41a47-64f6-4efd-9f9c-46f63de7cd54,False,0.01,2.0,8.887763100035954,3.0549009421557276,"x0,x1,x2",3,0.25,20.0,,,,,,,
-0.39988827661407517,-0.5970475160583502,0.09786775515106838,,0.7252271835108848,0.0,3.054592814962937,0.0003081271927904,92.9253696451464,1.858507392902928,0.0003081271927904,12.269028807025013,12.269028807025013,0.0,hartmann_3,value,qnei,exact,none,0.0,0,50,7,ecfa894a-9210-4ef0-a323-814c0644e642,True,0.01,2.0,0.0,3.0549009421557276,"x0,x1,x2",3,0.2,20.0,,,,,,,
-0.3998882766140751,-0.59704751605835,0.09786775515106838,,0.7252271835108846,0.0,2.9461190112546194,0.10878193090110821,132.93225037757412,2.6586450075514825,1.9698883598190104,58.19050320257394,100.91827597676244,0.0,hartmann_3,value,qnei,exact,spike,0.25,0,50,7,ffddfca5-c577-4f2a-867c-b42f49e68ab5,False,0.01,2.0,16.041376899986062,3.0549009421557276,"x0,x1,x2",3,0.25,20.0,,,,,,,
-0.3249291816934416,-0.023660355573313585,-0.7704203856796188,0.5960212283921744,1.027096714485386,0.0,2.153305282720616,0.0,77.1009458493628,1.542018916987256,0.0,5.650210926082619,5.650210926082619,0.0,weber_fechner,value,logei,exact,none,0.0,0,50,7,0b977755-1140-444b-ac1b-af7309fdeffa,True,0.01,2.0,0.0,2.153305282720616,"x0,x1,x2,x3",4,0.2,20.0,,,,,,,
-0.32492918169344154,-0.023660355573313585,-0.7704203856796188,0.5960212283921744,1.027096714485386,0.0,2.033719119946691,0.11958616277392498,94.86349270398213,1.8972698540796427,2.9854042192713233,14.612287804978646,84.27735171331133,0.0,weber_fechner,value,logei,exact,spike,0.25,0,50,7,c4b04b7e-f8da-4a88-b138-5b3c6461c437,False,0.01,2.0,11.722575499967206,2.153305282720616,"x0,x1,x2,x3",4,0.25,20.0,,,,,,,
-0.3249291816934416,-0.023660355573313585,-0.7704203856796188,0.5960212283921744,1.027096714485386,0.0,2.153305282720616,0.0,74.65683972072789,1.4931367944145577,0.0,5.692915217011332,5.692915217011332,0.0,weber_fechner,value,qnei,exact,none,0.0,0,50,7,94b83fad-cde5-4d78-afd6-6c43c864ecc5,True,0.01,2.0,0.0,2.153305282720616,"x0,x1,x2,x3",4,0.2,20.0,,,,,,,
-0.32492918169344154,-0.023660355573313585,-0.7704203856796188,0.5960212283921744,1.027096714485386,0.0,1.7504782612251544,0.40282702149546146,131.8339453762336,2.636678907524672,2.565939668206004,22.831623900056357,64.15230990966629,0.0,weber_fechner,value,qnei,exact,spike,0.25,0,50,7,f1fe028a-f6b5-4f14-ba57-be4766094b42,False,0.01,2.0,14.088664300041273,2.153305282720616,"x0,x1,x2,x3",4,0.25,20.0,,,,,,,
1.5059022364052659,-6.720066109789836,,,6.886728545946638,0.0,1.2498963851468907,0.0001590807531779,17.93414014365003,0.3586828028730006,0.0001590807531779,4.344136061126745,4.344136061126745,0.0,branin,value,logei,exact,none,0.0,0,50,7,83e0fb3e-b7e6-4a31-90bf-3357b4c59a8c,True,0.01,2.0,0.0,1.2500554659000687,"x0,x1",2,0.2,20.0,,,,,,,
1.5059022364052659,-6.720066109789836,,,6.886728545946638,0.0,1.2078286078155906,0.042226858084478014,72.80345445942427,1.4560690891884855,0.09341297543791893,16.30567547913919,142.98307493395427,0.0,branin,value,logei,exact,spike,0.25,0,50,7,503ae2d9-6ccb-4992-8a63-75bdc7e19658,False,0.01,2.0,10.031838900002185,1.2500554659000687,"x0,x1",2,0.25,20.0,,,,,,,
1.5059022364052659,-6.720066109789836,,,6.886728545946638,0.0,1.2499120037873457,0.0001434621127232,14.85281062170552,0.2970562124341104,0.0001434621127232,4.348671741617243,4.348671741617243,0.0,branin,value,qnei,exact,none,0.0,0,50,7,e42f174e-cc9d-4b1a-89c7-8cafaad887ff,True,0.01,2.0,0.0,1.2500554659000687,"x0,x1",2,0.2,20.0,,,,,,,
1.5059022364052659,-6.720066109789836,,,6.886728545946638,0.0,1.231385729874285,0.0186697360257837,68.62611545502998,1.3725223091005996,0.7410744780855253,8.127119082213811,126.28940861942286,0.0,branin,value,qnei,exact,spike,0.25,0,50,7,05e217dd-222c-42c5-a483-acc63ff7977a,False,0.01,2.0,11.946151600044686,1.2500554659000687,"x0,x1",2,0.25,20.0,,,,,,,
-3.249291816934415,-0.23660355573313652,-7.704203856796188,5.960212283921744,10.27096714485386,0.0,5.402837764670362,0.0,110.65172485328031,2.2130344970656064,0.0,28.44009565530686,28.44009565530686,0.0,hicks_law,value,logei,exact,none,0.0,0,50,7,15287f41-8184-44db-8cdb-5d6d3837ae81,True,0.01,2.0,0.0,5.402837764670362,"x0,x1,x2,x3",4,0.2,20.0,,,,,,,
-3.249291816934415,-0.23660355573313652,-7.704203856796188,5.960212283921744,10.27096714485386,0.0,3.307506775996407,2.0953309886739544,200.19510135858192,4.003902027171638,2.7485711667907853,150.74030866321735,264.05253647903993,0.0,hicks_law,value,logei,exact,spike,0.25,0,50,7,e58edef8-c6fd-414d-b105-a6bec3c7c67c,False,0.01,2.0,12.238266800006386,5.402837764670362,"x0,x1,x2,x3",4,0.25,20.0,,,,,,,
-3.249291816934415,-0.23660355573313652,-7.704203856796188,5.960212283921744,10.27096714485386,0.0,5.402837764670362,0.0,266.5642823860098,5.331285647720196,0.0,28.582884490864586,28.582884490864586,0.0,hicks_law,value,qnei,exact,none,0.0,0,50,7,7b0ab619-36e5-4894-97f5-47949220db6e,True,0.01,2.0,0.0,5.402837764670362,"x0,x1,x2,x3",4,0.2,20.0,,,,,,,
-3.249291816934415,-0.23660355573313652,-7.704203856796188,5.960212283921744,10.27096714485386,0.0,5.402837764670362,0.0,203.70232796185866,4.074046559237173,4.450122938713697,78.8313973142588,213.80570431744,0.0,hicks_law,value,qnei,exact,spike,0.25,0,50,7,fd2874bf-519d-4264-a504-480c048fa66a,False,0.01,2.0,15.932006900024135,5.402837764670362,"x0,x1,x2,x3",4,0.25,20.0,,,,,,,
-0.3249291816934416,-0.023660355573313585,-0.7704203856796188,0.5960212283921744,1.027096714485386,0.0,2.309718507741185,0.6477812738407325,91.77670367244173,1.8355340734488343,0.6477812738407325,56.59893102717295,56.59893102717295,0.0,moving_peaks,value,logei,exact,none,0.0,0,50,7,32c4f5ca-426e-4bbf-b2da-63f052d02875,True,0.01,2.0,0.0,2.9574997815819173,"x0,x1,x2,x3",4,0.2,20.0,,,,,,,
-0.32492918169344154,-0.023660355573313585,-0.7704203856796188,0.5960212283921744,1.027096714485386,0.0,1.6535625431196799,1.3039372384622374,147.11260881533852,2.9422521763067704,2.2827077180182807,69.93217362981169,189.42362373295003,0.0,moving_peaks,value,logei,exact,spike,0.25,0,50,7,c01ed2cb-4888-444d-8ac1-178a87bb46d0,False,0.01,2.0,11.451348100032192,2.9574997815819173,"x0,x1,x2,x3",4,0.25,20.0,,,,,,,
-0.3249291816934416,-0.023660355573313585,-0.7704203856796188,0.5960212283921744,1.027096714485386,0.0,2.6094433448093493,0.348056436772568,102.61936639085884,2.052387327817177,0.348056436772568,52.49105157055729,52.49105157055729,0.0,moving_peaks,value,qnei,exact,none,0.0,0,50,7,65e6532b-c904-40ee-a831-67d497de61c4,True,0.01,2.0,0.0,2.9574997815819173,"x0,x1,x2,x3",4,0.2,20.0,,,,,,,
-0.32492918169344154,-0.023660355573313585,-0.7704203856796188,0.5960212283921744,1.027096714485386,0.0,1.498619581017843,1.4588802005640742,206.57169228194041,4.131433845638808,5.206933191802605,74.96781989812135,226.60017022141705,0.0,moving_peaks,value,qnei,exact,spike,0.25,0,50,7,6e499163-ce22-4c72-8e81-78a12d9f8898,False,0.01,2.0,16.629893800010905,2.9574997815819173,"x0,x1,x2,x3",4,0.25,20.0,,,,,,,
-0.3249291816934416,-0.023660355573313585,-0.7704203856796188,0.5960212283921744,1.027096714485386,0.0,1.7175746997911816,0.0,63.491104042342265,1.2698220808468452,0.0,6.115974239549598,6.115974239549598,0.0,power_law_practice,value,logei,exact,none,0.0,0,50,7,07247f3d-49bf-40b2-9087-a779cb253390,True,0.01,2.0,0.0,1.7175746997911816,"x0,x1,x2,x3",4,0.2,20.0,,,,,,,
-0.32492918169344154,-0.023660355573313585,-0.7704203856796188,0.5960212283921744,1.027096714485386,0.0,1.3527697990354184,0.3648049007557632,76.06813828030319,1.5213627656060638,1.2609274553847227,21.105279476678067,98.38941815862633,0.0,power_law_practice,value,logei,exact,spike,0.25,0,50,7,3b3c08fb-48b7-49eb-87d1-d4558c49eb41,False,0.01,2.0,13.181820400001016,1.7175746997911816,"x0,x1,x2,x3",4,0.25,20.0,,,,,,,
-0.3249291816934416,-0.023660355573313585,-0.7704203856796188,0.5960212283921744,1.027096714485386,0.0,1.7175746997911816,0.0,74.44319189214774,1.4888638378429548,0.0,6.330680996069656,6.330680996069656,0.0,power_law_practice,value,qnei,exact,none,0.0,0,50,7,33a2b2cb-8861-4def-a795-22c80c908733,True,0.01,2.0,0.0,1.7175746997911816,"x0,x1,x2,x3",4,0.2,20.0,,,,,,,
-0.32492918169344154,-0.023660355573313585,-0.7704203856796188,0.5960212283921744,1.027096714485386,0.0,1.3527697990354184,0.3648049007557632,95.94574324787168,1.9189148649574335,0.8061452490690377,21.105279476678067,122.62858623226714,0.0,power_law_practice,value,qnei,exact,spike,0.25,0,50,7,f1b0cf8c-1b47-4a69-b20a-3cb84e4cad77,False,0.01,2.0,16.430080600024667,1.7175746997911816,"x0,x1,x2,x3",4,0.25,20.0,,,,,,,
-6.9333970900778725,-12.846884266309017,-6.612187687250939,5.58682137934723,25.138189916473408,0.0,2.224764561583958,0.3997157701946543,68.14619583591625,1.362923916718325,0.3997157701946543,37.64134760206205,37.64134760206205,0.0,levy_10,value,logei,exact,none,0.0,0,50,7,7378b3d3-5049-46c0-bad5-dfbf27f176e4,True,0.01,2.0,0.0,2.6244803317786123,"x0,x1,x2,x3,x4,x5,x6,x7,x8,x9,x10",11,0.2,20.0,5.06662134326534,2.4389367607626156,15.747932292963567,-3.9809837788320728,3.8378143785967715,-5.052525092162437,-2.85640785922938
-6.9333970900778725,-12.846884266309017,-6.612187687250939,5.58682137934723,25.138189916473408,0.0,1.5853975188741656,1.0390828129044467,218.18612196423564,4.363722439284713,3.145914139212673,56.16947559798907,151.53659343910894,0.0,levy_10,value,logei,exact,spike,0.25,0,50,7,04aa52eb-5a31-40b4-a79e-78386cfe056f,False,0.01,2.0,29.07199359999504,2.6244803317786123,"x0,x1,x2,x3,x4,x5,x6,x7,x8,x9,x10",11,0.25,20.0,5.06662134326534,2.4389367607626156,15.747932292963567,-3.9809837788320728,3.8378143785967715,-5.052525092162437,-2.85640785922938
-6.9333970900778725,-12.846884266309017,-6.612187687250939,5.58682137934723,25.138189916473408,0.0,2.2497713355170945,0.3747089962615177,80.9927139240735,1.61985427848147,0.3747089962615177,38.52102917600704,38.52102917600704,0.0,levy_10,value,qnei,exact,none,0.0,0,50,7,019346e8-2ac3-4cf8-923b-8aebe9107f9d,True,0.01,2.0,0.0,2.6244803317786123,"x0,x1,x2,x3,x4,x5,x6,x7,x8,x9,x10",11,0.2,20.0,5.06662134326534,2.4389367607626156,15.747932292963567,-3.9809837788320728,3.8378143785967715,-5.052525092162437,-2.85640785922938
-6.9333970900778725,-12.846884266309017,-6.612187687250939,5.58682137934723,25.138189916473408,0.0,1.7179029614570573,0.9065773703215549,222.13428868918982,4.442685773783796,7.07556290533684,50.935510615964866,221.6454992960254,0.0,levy_10,value,qnei,exact,spike,0.25,0,50,7,3bf4a199-9732-4dda-adce-7f336f8e292d,False,0.01,2.0,31.17348180001136,2.6244803317786123,"x0,x1,x2,x3,x4,x5,x6,x7,x8,x9,x10",11,0.25,20.0,5.06662134326534,2.4389367607626156,15.747932292963567,-3.9809837788320728,3.8378143785967715,-5.052525092162437,-2.85640785922938
35.58108267090119,-39.07204132364167,7.809992925988919,-27.24987094503757,59.96823586912547,0.0,17.85140646483628,2.2510406890171524,585.1219452050218,11.702438904100436,2.2510406890171524,486.3722253186088,486.3722253186088,0.0,ackley,value,logei,exact,none,0.0,0,50,8,b76e4c2f-2c1b-4888-9d87-ebce397a7216,True,0.01,2.0,0.0,20.102447153853433,"x0,x1,x2,x3",4,0.2,20.0,,,,,,,
35.58108267090119,-39.07204132364167,7.809992925988919,-27.249870945037575,59.96823586912547,0.0,5.92639915387929,14.176047999974143,994.2280289425223,19.884560578850447,16.9785934597252,733.5245457427725,838.6200004834371,0.0,ackley,value,logei,exact,spike,0.25,0,50,8,d0d55ac6-01f9-4978-ba2f-e9aecb283e08,False,0.01,2.0,10.69732879998628,20.102447153853433,"x0,x1,x2,x3",4,0.25,20.0,,,,,,,
35.58108267090119,-39.07204132364167,7.809992925988919,-27.24987094503757,59.96823586912547,0.0,16.65984001865951,3.4426071351939243,769.3219737747738,15.386439475495475,3.4426071351939243,458.73193478223095,458.73193478223095,0.0,ackley,value,qnei,exact,none,0.0,0,50,8,41bc9a25-c1c4-4116-ba85-fef345e981cb,True,0.01,2.0,0.0,20.102447153853433,"x0,x1,x2,x3",4,0.2,20.0,,,,,,,
35.58108267090119,-39.07204132364167,7.809992925988919,-27.249870945037575,59.96823586912547,0.0,5.15528141107153,14.947165742781902,992.0201867605256,19.84040373521051,21.047878570633383,768.2268536678482,790.3215214370778,0.0,ackley,value,qnei,exact,spike,0.25,0,50,8,b2e25a9b-0169-4eb4-87a9-f88df804b101,False,0.01,2.0,18.43934329994954,20.102447153853433,"x0,x1,x2,x3",4,0.25,20.0,,,,,,,
133.09151582068571,-737.4335282982871,-254.10869041529085,-371.5001779887745,1165.6913993258613,0.0,2.7371378780542424,0.0167179376047283,53.047540882945206,1.0609508176589042,0.0167179376047283,20.64581267283933,20.64581267283933,0.0,griewank,value,logei,exact,none,0.0,0,50,8,28a9f72b-4932-4c58-b80a-408efde05116,True,0.01,2.0,0.0,2.7538558156589708,"x0,x1,x2,x3,x4,x5",6,0.2,20.0,-754.2532399338406,-160.72746958567706,,,,,
133.0915158206857,-737.4335282982871,-254.10869041529082,-371.50017798877445,1165.691399325861,0.0,2.489013664358657,0.26484215130031385,104.0889855824965,2.08177971164993,2.054633236373974,40.662661945894484,96.32348854379076,0.0,griewank,value,logei,exact,spike,0.25,0,50,8,a12b9892-ecf9-43df-8730-3f7b0041f671,False,0.01,2.0,17.718353000003844,2.7538558156589708,"x0,x1,x2,x3,x4,x5",6,0.25,20.0,-754.2532399338406,-160.72746958567706,,,,,
133.09151582068571,-737.4335282982871,-254.10869041529085,-371.5001779887745,1165.6913993258613,0.0,2.7273576116568314,0.0264982040021393,101.2680784189584,2.0253615683791684,0.0264982040021393,22.525728086270355,22.525728086270355,0.0,griewank,value,qnei,exact,none,0.0,0,50,8,44ab028b-1842-4efd-aa3d-35eb9d5b8440,True,0.01,2.0,0.0,2.7538558156589708,"x0,x1,x2,x3,x4,x5",6,0.2,20.0,-754.2532399338406,-160.72746958567706,,,,,
133.0915158206857,-737.4335282982871,-254.10869041529082,-371.50017798877445,1165.691399325861,0.0,2.267507101574676,0.4863487140842948,122.76697166542185,2.455339433308437,1.0433233652558025,31.519364711102394,42.19080533649161,0.0,griewank,value,qnei,exact,spike,0.25,0,50,8,06d5c119-8bf1-4766-a1af-dc213cfe2c3b,False,0.01,2.0,25.518554899957962,2.7538558156589708,"x0,x1,x2,x3,x4,x5",6,0.25,20.0,-754.2532399338406,-160.72746958567706,,,,,
4.8863181158158975,-5.365728331188584,1.0725393117355386,-3.7422002945760835,8.235383954195088,0.0,0.7602176444468566,0.0040062390116032,18.56125150468393,0.3712250300936787,0.0040062390116032,1.1747359433469675,1.1747359433469675,0.0,powell,value,logei,exact,none,0.0,0,50,8,9c11d4eb-76d9-46f3-9e06-a6fb46dc66a8,True,0.01,2.0,0.0,0.7642238834584598,"x0,x1,x2,x3",4,0.2,20.0,,,,,,,
4.886318115815898,-5.365728331188584,1.0725393117355386,-3.742200294576083,8.235383954195088,0.0,0.749800284833598,0.014423598624861866,34.29266037920417,0.6858532075840834,0.12541894125810538,1.951473795178543,6.762513972146981,0.0,powell,value,logei,exact,spike,0.25,0,50,8,57e75056-9503-4b9d-a417-604bd104ebe2,False,0.01,2.0,14.326069100003224,0.7642238834584598,"x0,x1,x2,x3",4,0.25,20.0,,,,,,,
4.8863181158158975,-5.365728331188584,1.0725393117355386,-3.7422002945760835,8.235383954195088,0.0,0.7628441554974152,0.0013797279610445,16.82208925915864,0.3364417851831728,0.0013797279610445,1.0362449767438189,1.0362449767438189,0.0,powell,value,qnei,exact,none,0.0,0,50,8,b20728c0-9944-4478-93e7-a9434c6c704f,True,0.01,2.0,0.0,0.7642238834584598,"x0,x1,x2,x3",4,0.2,20.0,,,,,,,
4.886318115815898,-5.365728331188584,1.0725393117355386,-3.742200294576083,8.235383954195088,0.0,0.7559019069712614,0.008321976487198457,86.83014873959813,1.7366029747919627,4.048796278762874,1.2677556920253437,8.151460974798894,0.0,powell,value,qnei,exact,spike,0.25,0,50,8,ff3a6ce5-be42-4d6a-90b7-bc08bad392ba,False,0.01,2.0,15.720515499997418,0.7642238834584598,"x0,x1,x2,x3",4,0.25,20.0,,,,,,,
542.9242350906554,-596.1920367987316,119.1710346372821,-415.8000327306759,915.042661577232,0.0,1.8111449637991828,2.517245407979669,197.62917916847528,3.952583583369505,2.517245407979669,155.3484786298796,155.3484786298796,0.0,schwefel,value,logei,exact,none,0.0,0,50,8,e634151a-5bfa-4cc2-a76c-b59138295cdd,True,0.01,2.0,0.0,4.328390371778852,"x0,x1,x2,x3",4,0.2,20.0,,,,,,,
542.9242350906554,-596.1920367987316,119.1710346372821,-415.8000327306759,915.042661577232,0.0,1.9158235848860834,2.4125667868927687,178.9621997274648,3.5792439945492958,3.4319114734819056,134.34806137037037,169.53884814342308,0.0,schwefel,value,logei,exact,spike,0.25,0,50,8,e240cc66-d9af-40e9-b0b9-a4a1f90a843a,False,0.01,2.0,14.800937900028657,4.328390371778852,"x0,x1,x2,x3",4,0.25,20.0,,,,,,,
542.9242350906554,-596.1920367987316,119.1710346372821,-415.8000327306759,915.042661577232,0.0,3.691792615481292,0.6365977562975598,172.15763253003485,3.443152650600697,0.6365977562975598,114.77174791073887,114.77174791073887,0.0,schwefel,value,qnei,exact,none,0.0,0,50,8,48362f29-e57d-432d-b8c4-636753ee0921,True,0.01,2.0,0.0,4.328390371778852,"x0,x1,x2,x3",4,0.2,20.0,,,,,,,
542.9242350906554,-596.1920367987316,119.1710346372821,-415.8000327306759,915.042661577232,0.0,2.228887296971964,2.0995030748068877,205.87868935171656,4.117573787034331,5.457218144982837,119.55288598002582,125.1986108061826,0.0,schwefel,value,qnei,exact,spike,0.25,0,50,8,aa94d5ce-f2ce-4e48-b894-1852a64bd307,False,0.01,2.0,15.575310899992473,4.328390371778852,"x0,x1,x2,x3",4,0.25,20.0,,,,,,,
5.559544167328312,-6.1050064568190106,1.2203113946857687,-4.257792335162121,9.370036854550856,0.0,2.587790095436827,1.0511489780012249,130.4262436450431,2.608524872900862,1.0511489780012249,82.6624520212197,82.6624520212197,0.0,rastrigin,value,logei,exact,none,0.0,0,50,8,b15e4da1-2327-4a0b-bc5d-76e9367d9ba5,True,0.01,2.0,0.0,3.638939073438052,"x0,x1,x2,x3",4,0.2,20.0,,,,,,,
5.559544167328312,-6.1050064568190106,1.2203113946857687,-4.257792335162121,9.370036854550856,0.0,2.776336660216986,0.8626024132210657,168.5991270911669,3.3719825418233382,2.5530090535709506,61.24071707835293,123.56773716664085,0.0,rastrigin,value,logei,exact,spike,0.25,0,50,8,0e909ecc-cd4d-411d-8bb9-0bbc2a19bd7e,False,0.01,2.0,14.546497300034389,3.638939073438052,"x0,x1,x2,x3",4,0.25,20.0,,,,,,,
5.559544167328312,-6.1050064568190106,1.2203113946857687,-4.257792335162121,9.370036854550856,0.0,3.0284420155613674,0.6104970578766844,119.99759213051132,2.399951842610226,0.6104970578766844,83.18535110427565,83.18535110427565,0.0,rastrigin,value,qnei,exact,none,0.0,0,50,8,3485f448-1d74-4b99-a05b-14b7c824a541,True,0.01,2.0,0.0,3.638939073438052,"x0,x1,x2,x3",4,0.2,20.0,,,,,,,
5.559544167328312,-6.1050064568190106,1.2203113946857687,-4.257792335162121,9.370036854550856,0.0,3.281133499770599,0.3578055736674526,204.8062390009023,4.096124780018046,5.681691046607606,52.209919076008255,98.60683360898346,0.0,rastrigin,value,qnei,exact,spike,0.25,0,50,8,12bbda13-31c3-4ac7-81a9-c471913f7414,False,0.01,2.0,16.85862569999881,3.638939073438052,"x0,x1,x2,x3",4,0.25,20.0,,,,,,,
5.429242350906553,-5.961920367987316,1.1917103463728203,-4.158000327306759,9.15042661577232,0.0,14.184686452990793,42.5893875850276,2594.672686237553,51.89345372475106,42.5893875850276,2317.3931691228377,2317.3931691228377,0.0,shekel,value,logei,exact,none,0.0,0,50,8,56f7bf13-8417-405e-b637-e1ee40221710,True,0.01,2.0,0.0,56.774074038018384,"x0,x1,x2,x3",4,0.2,20.0,,,,,,,
5.429242350906553,-5.961920367987315,1.1917103463728207,-4.158000327306759,9.15042661577232,0.0,1.1060864733809777,55.66798756463741,2853.82302313745,57.076460462749,55.89333306148814,2732.365802499556,2741.1162470061295,0.0,shekel,value,logei,exact,spike,0.25,0,50,8,e28975d8-e637-42f1-9fca-4628e3e45631,False,0.01,2.0,10.921231399988756,56.774074038018384,"x0,x1,x2,x3",4,0.25,20.0,,,,,,,
5.429242350906553,-5.961920367987316,1.1917103463728203,-4.158000327306759,9.15042661577232,0.0,13.91103180561469,42.86304223240369,2659.122227859806,53.18244455719612,42.86304223240369,2316.665812456515,2316.665812456515,0.0,shekel,value,qnei,exact,none,0.0,0,50,8,a7c7a360-3ec7-42ec-ac22-d354de9a0d83,True,0.01,2.0,0.0,56.774074038018384,"x0,x1,x2,x3",4,0.2,20.0,,,,,,,
5.429242350906553,-5.961920367987315,1.1917103463728207,-4.158000327306759,9.15042661577232,0.0,1.7972941835469154,54.97677985447147,2846.729869484556,56.93459738969111,57.3283261371883,2724.6456755777313,2731.704350064825,0.0,shekel,value,qnei,exact,spike,0.25,0,50,8,db7bcac7-3a35-471d-aa12-84942ae493d0,False,0.01,2.0,23.283245800004806,56.774074038018384,"x0,x1,x2,x3",4,0.25,20.0,,,,,,,
0.5429242350906553,-0.5961920367987317,0.11917103463728212,-0.41580003273067595,0.915042661577232,0.0,3.0593887562558817,0.0,47.51555149881586,0.9503110299763172,0.0,15.778782803909712,15.778782803909712,0.0,stevens,value,logei,exact,none,0.0,0,50,8,0db9a89d-c91e-4ac4-b151-1afb32973e2a,True,0.01,2.0,0.0,3.0593887562558817,"x0,x1,x2,x3",4,0.2,20.0,,,,,,,
0.5429242350906553,-0.5961920367987316,0.11917103463728207,-0.4158000327306759,0.915042661577232,0.0,3.0593887562558817,0.0,53.82405024765644,1.0764810049531288,0.5883874199463763,21.178778744858693,39.69280801754767,0.0,stevens,value,logei,exact,spike,0.25,0,50,8,690dc7df-cce0-4f50-bea6-711d269bc3e1,False,0.01,2.0,8.542719400022179,3.0593887562558817,"x0,x1,x2,x3",4,0.25,20.0,,,,,,,
0.5429242350906553,-0.5961920367987317,0.11917103463728212,-0.41580003273067595,0.915042661577232,0.0,3.0593887562558817,0.0,140.53152874850295,2.810630574970059,0.0,16.00266506531218,16.00266506531218,0.0,stevens,value,qnei,exact,none,0.0,0,50,8,7b14e30c-acc7-4c2a-b237-0d126d856895,True,0.01,2.0,0.0,3.0593887562558817,"x0,x1,x2,x3",4,0.2,20.0,,,,,,,
0.5429242350906553,-0.5961920367987316,0.11917103463728207,-0.4158000327306759,0.915042661577232,0.0,2.719904450825053,0.33948430543082875,126.24796260478139,2.524959252095628,0.5069724100713104,44.22370818677685,57.13447699774594,0.0,stevens,value,qnei,exact,spike,0.25,0,50,8,3db35399-24bd-4d26-ac99-c50ea6d09afd,False,0.01,2.0,20.709947300027125,3.0593887562558817,"x0,x1,x2,x3",4,0.25,20.0,,,,,,,
0.11090959651723808,-0.6145279402485726,-0.21175724201274237,-0.30958348165731203,0.9714094994382176,0.0,7.937905713896259,0.0292582493956778,243.5424323920135,4.87084864784027,0.0292582493956778,58.64966422104229,58.64966422104229,0.0,hartmann_6,value,logei,exact,none,0.0,0,50,8,3db79b97-92b4-407c-9ef1-57b32f037794,True,0.01,2.0,0.0,7.967163963291937,"x0,x1,x2,x3,x4,x5",6,0.2,20.0,-0.6285443666115339,-0.13393955798806428,,,,,
0.11090959651723808,-0.6145279402485725,-0.21175724201274237,-0.309583481657312,0.9714094994382175,0.0,7.387074448534853,0.5800895147570841,180.4865213701196,3.6097304274023916,3.3315713752384397,106.8266546156232,177.4574045383172,0.0,hartmann_6,value,logei,exact,spike,0.25,0,50,8,dda69f5b-005e-4a4d-95ab-84f199d0e93f,False,0.01,2.0,20.67065610003192,7.967163963291937,"x0,x1,x2,x3,x4,x5",6,0.25,20.0,-0.6285443666115338,-0.13393955798806423,,,,,
0.11090959651723808,-0.6145279402485726,-0.21175724201274237,-0.30958348165731203,0.9714094994382176,0.0,7.941497500538189,0.0256664627537483,260.6872084032648,5.213744168065295,0.0256664627537483,50.986158717278514,50.986158717278514,0.0,hartmann_6,value,qnei,exact,none,0.0,0,50,8,d8167f28-79ca-4d12-9c82-515e74ddd663,True,0.01,2.0,0.0,7.967163963291937,"x0,x1,x2,x3,x4,x5",6,0.2,20.0,-0.6285443666115339,-0.13393955798806428,,,,,
0.11090959651723808,-0.6145279402485725,-0.21175724201274237,-0.309583481657312,0.9714094994382175,0.0,7.472850579133992,0.49431338415794546,296.1410631677187,5.922821263354374,7.760993643720852,143.39247453270897,154.77750467701742,0.0,hartmann_6,value,qnei,exact,spike,0.25,0,50,8,b8bfd1a9-b823-490a-a122-bf68fd9a0024,False,0.01,2.0,25.97274210001342,7.967163963291937,"x0,x1,x2,x3,x4,x5",6,0.25,20.0,-0.6285443666115338,-0.13393955798806423,,,,,
8.14386352635983,-8.942880551980974,1.787565519559231,-6.237000490960139,13.72563992365848,0.0,1.0185599954396838,0.0070632551317399,16.622269468276663,0.3324453893655332,0.0070632551317399,3.174983139342927,3.174983139342927,0.0,rosenbrock,value,logei,exact,none,0.0,0,50,8,a228df15-1388-4c1f-91fc-51b370b968e4,True,0.01,2.0,0.0,1.0256232505714238,"x0,x1,x2,x3",4,0.2,20.0,,,,,,,
8.14386352635983,-8.942880551980974,1.787565519559231,-6.237000490960139,13.72563992365848,0.0,0.9895002859319941,0.036122964639429656,40.01713652064773,0.8003427304129547,0.22137341973004265,4.077987519754323,12.051332982875767,0.0,rosenbrock,value,logei,exact,spike,0.25,0,50,8,aa3494ca-fab4-4eb2-ae79-40b49a6b9400,False,0.01,2.0,12.947098199976608,1.0256232505714238,"x0,x1,x2,x3",4,0.25,20.0,,,,,,,
8.14386352635983,-8.942880551980974,1.787565519559231,-6.237000490960139,13.72563992365848,0.0,1.0198600064305865,0.0057632441408375,23.3679736910283,0.467359473820566,0.0057632441408375,2.859841320698102,2.859841320698102,0.0,rosenbrock,value,qnei,exact,none,0.0,0,50,8,bc55d2f3-9db1-4a6d-b9df-a0d8e5c3dac8,True,0.01,2.0,0.0,1.0256232505714238,"x0,x1,x2,x3",4,0.2,20.0,,,,,,,
8.14386352635983,-8.942880551980974,1.787565519559231,-6.237000490960139,13.72563992365848,0.0,1.00897478102807,0.01664846954335375,52.98686261651185,1.059737252330237,2.637653241427207,3.7134141951675543,13.66255912440126,0.0,rosenbrock,value,qnei,exact,spike,0.25,0,50,8,e3e53757-63b7-46d5-bbf0-ea9fcd3a6678,False,0.01,2.0,22.607606299978215,1.0256232505714238,"x0,x1,x2,x3",4,0.25,20.0,,,,,,,
0.20141545304255803,-1.7259752023470254,0.16976558677362275,-2.141294910814377,3.023551846861266,0.0,5.3923258552671856,2.6553953114217927,338.4782315269148,6.769564630538295,2.6553953114217927,283.5450457320237,283.5450457320237,0.0,michalewicz,value,logei,exact,none,0.0,0,50,8,8dcab930-74f1-4a18-a1ab-560ac9b5ad58,True,0.01,2.0,0.0,8.047721166688978,"x0,x1,x2,x3,x4",5,0.2,20.0,-1.2281461384073296,,,,,,
0.20141545304255803,-1.7259752023470254,0.16976558677362275,-2.141294910814377,3.023551846861266,0.0,3.774895817374177,4.272825349314801,357.62748551515426,7.152549710303085,4.272825349314801,241.8397913761574,242.29147427578084,0.0,michalewicz,value,logei,exact,spike,0.25,0,50,8,d6355fd8-f14f-483a-93b7-a27aa3387a2b,False,0.01,2.0,19.07207270001527,8.047721166688978,"x0,x1,x2,x3,x4",5,0.25,20.0,-1.2281461384073296,,,,,,
0.20141545304255803,-1.7259752023470254,0.16976558677362275,-2.141294910814377,3.023551846861266,0.0,5.626043707564808,2.4216774591241705,328.9448076982615,6.57889615396523,2.4216774591241705,252.92405682224117,252.92405682224117,0.0,michalewicz,value,qnei,exact,none,0.0,0,50,8,eb9eeb64-bd36-4077-95fb-bae1f7a85801,True,0.01,2.0,0.0,8.047721166688978,"x0,x1,x2,x3,x4",5,0.2,20.0,-1.2281461384073296,,,,,,
0.20141545304255803,-1.7259752023470254,0.16976558677362275,-2.141294910814377,3.023551846861266,0.0,2.41231607532697,5.635405091362008,412.25770938708393,8.24515418774168,9.062337079510868,300.3357793894427,305.476177371666,0.0,michalewicz,value,qnei,exact,spike,0.25,0,50,8,8148e459-7753-419d-9487-6f400f50f331,False,0.01,2.0,23.90991779998876,8.047721166688978,"x0,x1,x2,x3,x4",5,0.25,20.0,-1.2281461384073296,,,,,,
0.5429242350906553,-0.5961920367987317,0.11917103463728212,-0.41580003273067595,0.915042661577232,0.0,3.5155399044890654,0.0198726392977932,128.16652388608264,2.563330477721653,0.0198726392977932,16.03456273393917,16.03456273393917,0.0,yerkes_dodson,value,logei,exact,none,0.0,0,50,8,5b3837b5-e292-4cfe-81cc-5c047911d5f8,True,0.01,2.0,0.0,3.5354125437868587,"x0,x1,x2,x3",4,0.2,20.0,,,,,,,
0.5429242350906553,-0.5961920367987316,0.11917103463728207,-0.4158000327306759,0.915042661577232,0.0,3.1246038257590136,0.410808718027845,99.49005319427474,1.9898010638854948,0.6736027990092994,34.95881271153397,42.31928015389972,0.0,yerkes_dodson,value,logei,exact,spike,0.25,0,50,8,905591ee-b0a7-41bc-ac8f-301ae17d5698,False,0.01,2.0,15.720637399994303,3.5354125437868587,"x0,x1,x2,x3",4,0.25,20.0,,,,,,,
0.5429242350906553,-0.5961920367987317,0.11917103463728212,-0.41580003273067595,0.915042661577232,0.0,3.531493696353313,0.003918847433546,125.73859544370464,2.514771908874093,0.003918847433546,18.514767970310388,18.514767970310388,0.0,yerkes_dodson,value,qnei,exact,none,0.0,0,50,8,811606bf-173f-4a4c-a02b-d310ccc00159,True,0.01,2.0,0.0,3.5354125437868587,"x0,x1,x2,x3",4,0.2,20.0,,,,,,,
0.5429242350906553,-0.5961920367987316,0.11917103463728207,-0.4158000327306759,0.915042661577232,0.0,3.2812719494945037,0.2541405942923549,171.86283837594544,3.437256767518909,4.3839886345554175,24.888726322643638,62.7463209465656,0.0,yerkes_dodson,value,qnei,exact,spike,0.25,0,50,8,b82ee646-8206-4dcd-8be5-1ba724eaf2fc,False,0.01,2.0,22.367154499981552,3.5354125437868587,"x0,x1,x2,x3",4,0.25,20.0,,,,,,,
-8.459712634925069,-203.49737729832611,,,203.67314330849516,0.0,2.9175596937583266,0.2874858372967321,93.2239310997188,1.864478621994376,0.2874858372967321,35.84598660504486,35.84598660504486,0.0,eggholder,value,logei,exact,none,0.0,0,50,8,20003d53-6469-4e52-8631-9de893674613,True,0.01,2.0,0.0,3.2050455310550587,"x0,x1",2,0.2,20.0,,,,,,,
-8.45971263492504,-203.49737729832611,,,203.67314330849516,0.0,3.2033345504961517,0.0017109805589070604,122.1645811075335,2.44329162215067,4.70101874342963,17.867337149212194,194.09137825686432,0.0,eggholder,value,logei,exact,spike,0.25,0,50,8,950f8776-5cfd-4975-ad14-ef8c0a0b5a42,False,0.01,2.0,9.115626699989662,3.2050455310550587,"x0,x1",2,0.25,20.0,,,,,,,
-8.459712634925069,-203.49737729832611,,,203.67314330849516,0.0,2.0851047229117614,1.119940808143297,116.58744397430812,2.3317488794861627,1.119940808143297,77.30245838670885,77.30245838670885,0.0,eggholder,value,qnei,exact,none,0.0,0,50,8,aa93aec2-fa3e-48f1-8c61-2a14f8871f7d,True,0.01,2.0,0.0,3.2050455310550587,"x0,x1",2,0.2,20.0,,,,,,,
-8.45971263492504,-203.49737729832611,,,203.67314330849516,0.0,2.7104067440808994,0.4946387869741593,149.307063214946,2.98614126429892,2.2464723185658038,50.28807136032666,53.868239022715116,0.0,eggholder,value,qnei,exact,spike,0.25,0,50,8,c5c02d3d-8574-4d44-b12b-8f1bd3604206,False,0.01,2.0,11.828076200035866,3.2050455310550587,"x0,x1",2,0.25,20.0,,,,,,,
0.5429242350906553,-0.5961920367987317,0.11917103463728212,-0.41580003273067595,0.915042661577232,0.0,1.7175746997911816,0.0,47.58499555811832,0.9516999111623664,0.0,7.605052379716508,7.605052379716508,0.0,power_law_practice,value,logei,exact,none,0.0,0,50,8,6a9194c9-d01a-4f69-86a8-ea512bd4fc95,True,0.01,2.0,0.0,1.7175746997911816,"x0,x1,x2,x3",4,0.2,20.0,,,,,,,
0.5429242350906553,-0.5961920367987316,0.11917103463728207,-0.4158000327306759,0.915042661577232,0.0,1.7175746997911816,0.0,46.11824562027758,0.9223649124055515,1.1267193172779613,13.706099492548528,53.15256600362298,0.0,power_law_practice,value,logei,exact,spike,0.25,0,50,8,aa093b7f-2851-49b4-93b4-29cc5c62d0c7,False,0.01,2.0,9.27074269996956,1.7175746997911816,"x0,x1,x2,x3",4,0.25,20.0,,,,,,,
0.5429242350906553,-0.5961920367987317,0.11917103463728212,-0.41580003273067595,0.915042661577232,0.0,1.7175746997911816,0.0,70.96379403702113,1.4192758807404229,0.0,7.6845199477273365,7.6845199477273365,0.0,power_law_practice,value,qnei,exact,none,0.0,0,50,8,6986a5b8-74dd-4c1a-afdf-9380385b485d,True,0.01,2.0,0.0,1.7175746997911816,"x0,x1,x2,x3",4,0.2,20.0,,,,,,,
0.5429242350906553,-0.5961920367987316,0.11917103463728207,-0.4158000327306759,0.915042661577232,0.0,1.7175746997911816,0.0,66.40578887809181,1.3281157775618362,0.8780243511207387,4.809973988651659,11.130411968501246,0.0,power_law_practice,value,qnei,exact,spike,0.25,0,50,8,429729f3-d831-4acf-9d61-f873cc0034b6,False,0.01,2.0,18.57401659997413,1.7175746997911816,"x0,x1,x2,x3",4,0.25,20.0,,,,,,,
-0.08261438120043918,-1.987279075178967,,,1.9889955401220238,0.0,1.249850904848496,0.0002045610515726,18.749082877263472,0.3749816575452694,0.0002045610515726,5.895329293444756,5.895329293444756,0.0,branin,value,logei,exact,none,0.0,0,50,8,08247563-c9a2-4778-8a70-60c941b9b36d,True,0.01,2.0,0.0,1.2500554659000687,"x0,x1",2,0.2,20.0,,,,,,,
-0.08261438120043962,-1.9872790751789653,,,1.9889955401220223,0.0,1.0691682274975047,0.18088723840256393,25.674679683716604,0.5134935936743321,0.26366855399880984,12.094554189696138,15.638142196740239,0.0,branin,value,logei,exact,spike,0.25,0,50,8,d4675650-c9c1-40a1-8381-0385de6dbdfd,False,0.01,2.0,9.173090399999637,1.2500554659000687,"x0,x1",2,0.25,20.0,,,,,,,
-0.08261438120043918,-1.987279075178967,,,1.9889955401220238,0.0,1.249980019884529,7.544601553965968e-05,15.079780483979278,0.3015956096795855,7.544601553965968e-05,5.131336333254453,5.131336333254453,0.0,branin,value,qnei,exact,none,0.0,0,50,8,9f9e91a3-436a-47af-9cec-300b8d3e04d8,True,0.01,2.0,0.0,1.2500554659000687,"x0,x1",2,0.2,20.0,,,,,,,
-0.08261438120043962,-1.9872790751789653,,,1.9889955401220223,0.0,1.2166508974678945,0.03340456843217421,53.31509895896205,1.066301979179241,0.8944705418404986,6.885306359427649,11.039243365761052,0.0,branin,value,qnei,exact,spike,0.25,0,50,8,2eaa399a-f725-407f-8b18-e54dcf9a9259,False,0.01,2.0,13.647949400008656,1.2500554659000687,"x0,x1",2,0.25,20.0,,,,,,,
0.4615766592144682,-0.11738033164170958,0.0723739680536773,,0.48173555592227335,0.0,3.0543122128283064,0.0005887293274211,70.39974656926421,1.4079949313852842,0.0005887293274211,35.74826265517527,35.74826265517527,0.0,hartmann_3,value,logei,exact,none,0.0,0,50,8,2a121f53-39b3-4d6b-a58d-904d63e60580,True,0.01,2.0,0.0,3.0549009421557276,"x0,x1,x2",3,0.2,20.0,,,,,,,
0.4615766592144682,-0.11738033164170947,0.07237396805367724,,0.4817355559222733,0.0,2.9322115650850664,0.12268937707066119,135.52961360508965,2.710592272101793,1.6519354455970225,43.37964033089491,94.33976708140119,0.0,hartmann_3,value,logei,exact,spike,0.25,0,50,8,32e0d6b4-91c8-4d1a-bcee-c9611be79407,False,0.01,2.0,11.855110200005583,3.0549009421557276,"x0,x1,x2",3,0.25,20.0,,,,,,,
0.4615766592144682,-0.11738033164170958,0.0723739680536773,,0.48173555592227335,0.0,3.0541045206446245,0.0007964215111031,108.6911716135056,2.173823432270112,0.0007964215111031,37.88243565894644,37.88243565894644,0.0,hartmann_3,value,qnei,exact,none,0.0,0,50,8,7b20066c-c5a4-42f2-9e62-841f9e4cdc52,True,0.01,2.0,0.0,3.0549009421557276,"x0,x1,x2",3,0.2,20.0,,,,,,,
0.4615766592144682,-0.11738033164170947,0.07237396805367724,,0.4817355559222733,0.0,2.642311132923385,0.41258980923234256,158.91128548558262,3.1782257097116524,3.202322964304269,38.495861739297844,63.38099617261213,0.0,hartmann_3,value,qnei,exact,spike,0.25,0,50,8,d950225b-fb02-4de8-81ed-e9df53eaf39c,False,0.01,2.0,13.437024699989706,3.0549009421557276,"x0,x1,x2",3,0.25,20.0,,,,,,,
0.5429242350906553,-0.5961920367987317,0.11917103463728212,-0.41580003273067595,0.915042661577232,0.0,2.153305282720616,0.0,71.64038084031195,1.432807616806239,0.0,13.304130496676775,13.304130496676775,0.0,weber_fechner,value,logei,exact,none,0.0,0,50,8,463b304b-325a-4435-90bf-fd99e21e673f,True,0.01,2.0,0.0,2.153305282720616,"x0,x1,x2,x3",4,0.2,20.0,,,,,,,
0.5429242350906553,-0.5961920367987316,0.11917103463728207,-0.4158000327306759,0.915042661577232,0.0,2.153305282720616,0.0,52.44897336428973,1.0489794672857946,1.3878321734914452,18.718244868525687,66.15891130140146,0.0,weber_fechner,value,logei,exact,spike,0.25,0,50,8,1ee02d2f-090e-41b7-a53c-9838db7d7d8b,False,0.01,2.0,9.180324200016912,2.153305282720616,"x0,x1,x2,x3",4,0.25,20.0,,,,,,,
0.5429242350906553,-0.5961920367987317,0.11917103463728212,-0.41580003273067595,0.915042661577232,0.0,2.153305282720616,0.0,69.151491812115,1.3830298362423,0.0,12.916217734948027,12.916217734948027,0.0,weber_fechner,value,qnei,exact,none,0.0,0,50,8,106ca6bb-82d4-454c-bce9-a33afae4d5c2,True,0.01,2.0,0.0,2.153305282720616,"x0,x1,x2,x3",4,0.2,20.0,,,,,,,
0.5429242350906553,-0.5961920367987316,0.11917103463728207,-0.4158000327306759,0.915042661577232,0.0,2.068311943448005,0.08499333927261077,67.64618111701023,1.3529236223402046,0.5667612947036131,20.319661185988895,24.81577562547173,0.0,weber_fechner,value,qnei,exact,spike,0.25,0,50,8,226d3098-503f-4152-b179-74892f1dc967,False,0.01,2.0,22.582838099973742,2.153305282720616,"x0,x1,x2,x3",4,0.25,20.0,,,,,,,
5.429242350906553,-5.961920367987316,1.1917103463728203,-4.158000327306759,9.15042661577232,0.0,5.402837764670362,0.0,144.72381134509735,2.894476226901947,0.0,27.862280030224476,27.862280030224476,0.0,hicks_law,value,logei,exact,none,0.0,0,50,8,db85c2ee-901a-470b-a3ad-a4170a8c64a0,True,0.01,2.0,0.0,5.402837764670362,"x0,x1,x2,x3",4,0.2,20.0,,,,,,,
5.429242350906553,-5.961920367987315,1.1917103463728207,-4.158000327306759,9.15042661577232,0.0,5.402837764670362,0.0,99.55967732719327,1.9911935465438655,1.2460852559036786,26.14183150230928,73.16274798919231,0.0,hicks_law,value,logei,exact,spike,0.25,0,50,8,ce00b306-9c34-45ab-9e8b-a9d1dac64a26,False,0.01,2.0,14.183789499977138,5.402837764670362,"x0,x1,x2,x3",4,0.25,20.0,,,,,,,
5.429242350906553,-5.961920367987316,1.1917103463728203,-4.158000327306759,9.15042661577232,0.0,5.402837764670362,0.0,245.4604378602492,4.909208757204983,0.0,27.953703367364575,27.953703367364575,0.0,hicks_law,value,qnei,exact,none,0.0,0,50,8,762c9c8f-2970-4fe5-9168-89c17c9a25f0,True,0.01,2.0,0.0,5.402837764670362,"x0,x1,x2,x3",4,0.2,20.0,,,,,,,
5.429242350906553,-5.961920367987315,1.1917103463728207,-4.158000327306759,9.15042661577232,0.0,5.402837764670362,0.0,195.1378308850874,3.902756617701748,5.892610471196673,27.55380392646417,45.99411870287863,0.0,hicks_law,value,qnei,exact,spike,0.25,0,50,8,8536a3a6-5919-44c4-ae23-6587f5c20ba2,False,0.01,2.0,18.376437700004317,5.402837764670362,"x0,x1,x2,x3",4,0.25,20.0,,,,,,,
0.5429242350906553,-0.5961920367987317,0.11917103463728212,-0.41580003273067595,0.915042661577232,0.0,2.8490170586949493,0.108482722886968,67.69121290288287,1.3538242580576574,0.108482722886968,34.696934661551346,34.696934661551346,0.0,moving_peaks,value,logei,exact,none,0.0,0,50,8,1a3c44ba-c315-419d-a30f-034e9e4100fe,True,0.01,2.0,0.0,2.9574997815819173,"x0,x1,x2,x3",4,0.2,20.0,,,,,,,
0.5429242350906553,-0.5961920367987316,0.11917103463728207,-0.4158000327306759,0.915042661577232,0.0,1.8869452797657096,1.0705545018162077,123.9338157003891,2.478676314007782,1.4935853066521823,58.17040233210484,71.06527705005435,0.0,moving_peaks,value,logei,exact,spike,0.25,0,50,8,9d910708-3078-46d3-b7cf-af0736d954c6,False,0.01,2.0,17.33975049998844,2.9574997815819173,"x0,x1,x2,x3",4,0.25,20.0,,,,,,,
0.5429242350906553,-0.5961920367987317,0.11917103463728212,-0.41580003273067595,0.915042661577232,0.0,2.524872681332876,0.4326271002490411,84.4255514218932,1.6885110284378642,0.4326271002490411,32.25314483974269,32.25314483974269,0.0,moving_peaks,value,qnei,exact,none,0.0,0,50,8,c9e95448-8189-4937-9cd7-ddc2524cf9d3,True,0.01,2.0,0.0,2.9574997815819173,"x0,x1,x2,x3",4,0.2,20.0,,,,,,,
0.5429242350906553,-0.5961920367987316,0.11917103463728207,-0.4158000327306759,0.915042661577232,0.0,1.7996282073127823,1.157871574269135,184.04366484228808,3.680873296845762,6.521948604547688,58.476012085690094,66.52212763110792,0.0,moving_peaks,value,qnei,exact,spike,0.25,0,50,8,ac3fa842-a955-4999-8d50-7f63626220d4,False,0.01,2.0,15.465911100036465,2.9574997815819173,"x0,x1,x2,x3",4,0.25,20.0,,,,,,,
0.5429242350906553,-0.5961920367987317,0.11917103463728212,-0.41580003273067595,0.915042661577232,0.0,1.2903689451444509,6.232654573112839e-06,47.2213950416761,0.944427900833522,6.232654573112839e-06,4.19924613016392,4.19924613016392,0.0,steering_law,value,logei,exact,none,0.0,0,50,8,5090b178-cb02-4f75-90fb-20ff9c0189c9,True,0.01,2.0,0.0,1.290375177799024,"x0,x1,x2,x3",4,0.2,20.0,,,,,,,
0.5429242350906553,-0.5961920367987316,0.11917103463728207,-0.4158000327306759,0.915042661577232,0.0,1.2770461473213872,0.013329030477636783,30.730232145290877,0.6146046429058175,0.13875273027369706,7.328692818030985,13.317138184642264,0.0,steering_law,value,logei,exact,spike,0.25,0,50,8,1045d9c0-73f4-4382-8fe4-e9bec780901a,False,0.01,2.0,9.009801300009713,1.290375177799024,"x0,x1,x2,x3",4,0.25,20.0,,,,,,,
0.5429242350906553,-0.5961920367987317,0.11917103463728212,-0.41580003273067595,0.915042661577232,0.0,1.290331130944498,4.404685452596979e-05,31.743138966431182,0.6348627793286237,4.404685452596979e-05,4.207969452211282,4.207969452211282,0.0,steering_law,value,qnei,exact,none,0.0,0,50,8,1c57035e-981a-48c4-8a40-e967af8af27d,True,0.01,2.0,0.0,1.290375177799024,"x0,x1,x2,x3",4,0.2,20.0,,,,,,,
0.5429242350906553,-0.5961920367987316,0.11917103463728207,-0.4158000327306759,0.915042661577232,0.0,1.1942216635767344,0.09615351422228957,41.79088876601354,0.8358177753202708,0.5220233074875461,8.278733940284738,21.039585465188132,0.0,steering_law,value,qnei,exact,spike,0.25,0,50,8,f0a3c0e9-354b-48cc-ae56-48d08646a54e,False,0.01,2.0,20.324709100008477,1.290375177799024,"x0,x1,x2,x3",4,0.25,20.0,,,,,,,
-11.826665744640025,757.7045039534485,-691.8724987007575,-408.34329934880407,1528.9105517963656,0.0,2.73949949393304,0.0143563217259305,90.48022308433698,1.80960446168674,0.0143563217259305,27.49193529222571,27.49193529222571,0.0,griewank,value,logei,exact,none,0.0,0,50,9,9b56f968-3376-4368-be27-99634fb7d999,True,0.01,2.0,0.0,2.7538558156589708,"x0,x1,x2,x3,x4,x5",6,0.2,20.0,-277.3563631515326,-1020.27110774448,,,,,
-11.826665744639968,757.7045039534485,-691.8724987007575,-408.34329934880407,1528.9105517963656,0.0,2.6223963363613865,0.13145947929758428,74.05883121165498,1.4811766242330995,0.2579159644691562,44.008301621845796,45.48832015566831,0.0,griewank,value,logei,exact,spike,0.25,0,50,9,cda48515-50b7-4232-81bb-70eca8470843,False,0.01,2.0,14.404114999982994,2.7538558156589708,"x0,x1,x2,x3,x4,x5",6,0.25,20.0,-277.3563631515326,-1020.27110774448,,,,,
-11.826665744640025,757.7045039534485,-691.8724987007575,-408.34329934880407,1528.9105517963656,0.0,2.6798042066694103,0.0740516089895604,107.04151758177537,2.140830351635507,0.0740516089895604,36.881345239475245,36.881345239475245,0.0,griewank,value,qnei,exact,none,0.0,0,50,9,1479cc19-8b02-4eb5-ad5c-44265b690fce,True,0.01,2.0,0.0,2.7538558156589708,"x0,x1,x2,x3,x4,x5",6,0.2,20.0,-277.3563631515326,-1020.27110774448,,,,,
-11.826665744639968,757.7045039534485,-691.8724987007575,-408.34329934880407,1528.9105517963656,0.0,2.1773092860570817,0.576546529601889,221.7308590459898,4.434617180919796,5.015443967662201,97.42367948863627,193.68586132678374,0.0,griewank,value,qnei,exact,spike,0.25,0,50,9,5d760197-ea8d-43ff-8c0c-0f6afcd1c09d,False,0.01,2.0,22.027558900008444,2.7538558156589708,"x0,x1,x2,x3,x4,x5",6,0.25,20.0,-277.3563631515326,-1020.27110774448,,,,,
-1.396540561088619,-16.050905730070212,-2.496925791624121,0.5055746866998394,24.0579731692512,0.0,2.1855722749355824,0.4389080568430299,59.53988109191458,1.1907976218382916,0.4389080568430299,29.988721480233625,29.988721480233625,0.0,levy_10,value,logei,exact,none,0.0,0,50,8,e046201e-7cb8-4ade-9400-4abd139f403b,True,0.01,2.0,0.0,2.6244803317786123,"x0,x1,x2,x3,x4,x5,x6,x7,x8,x9,x10",11,0.2,20.0,-8.938246471039793,-2.7032860276193578,3.060419572852256,4.630467859382055,10.79808861174827,8.647818525716142,-1.822920662454278
-1.396540561088619,-16.050905730070212,-2.496925791624121,0.5055746866998394,24.0579731692512,0.0,2.2235128446246484,0.4009674871539639,105.29202773205134,2.1058405546410266,1.4280243237487444,31.201379464472673,65.62798248305813,0.0,levy_10,value,logei,exact,spike,0.25,0,50,8,9ca94089-721f-41c6-bf7f-a90192ee9c66,False,0.01,2.0,45.51957770000445,2.6244803317786123,"x0,x1,x2,x3,x4,x5,x6,x7,x8,x9,x10",11,0.25,20.0,-8.938246471039793,-2.7032860276193578,3.060419572852256,4.630467859382055,10.79808861174827,8.647818525716142,-1.822920662454277
-1.396540561088619,-16.050905730070212,-2.496925791624121,0.5055746866998394,24.0579731692512,0.0,2.491383068687985,0.1330972630906268,50.30271223745224,1.0060542447490448,0.1330972630906268,21.926770891037734,21.926770891037734,0.0,levy_10,value,qnei,exact,none,0.0,0,50,8,4f385b51-2986-4be0-b7c8-0c9c0deccf39,True,0.01,2.0,0.0,2.6244803317786123,"x0,x1,x2,x3,x4,x5,x6,x7,x8,x9,x10",11,0.2,20.0,-8.938246471039793,-2.7032860276193578,3.060419572852256,4.630467859382055,10.79808861174827,8.647818525716142,-1.822920662454278
-1.396540561088619,-16.050905730070212,-2.496925791624121,0.5055746866998394,24.0579731692512,0.0,2.0834676156006213,0.541012716177991,145.26276834406684,2.905255366881337,5.244200744178371,32.36504719915488,45.281108317025584,0.0,levy_10,value,qnei,exact,spike,0.25,0,50,8,a156ad94-c4cc-4baa-8588-9373bc557a01,False,0.01,2.0,55.38711730000796,2.6244803317786123,"x0,x1,x2,x3,x4,x5,x6,x7,x8,x9,x10",11,0.25,20.0,-8.938246471039793,-2.7032860276193578,3.060419572852256,4.630467859382055,10.79808861174827,8.647818525716142,-1.822920662454277
-0.009855554787200016,0.631420419961207,-0.5765604155839646,-0.3402860827906701,1.2740921264969713,0.0,7.483805235579466,0.4833587277124707,309.6898994583909,6.193797989167819,0.4833587277124707,80.43439666470883,80.43439666470883,0.0,hartmann_6,value,logei,exact,none,0.0,0,50,9,229138f3-e603-4d23-bc43-77e09b6fc99b,True,0.01,2.0,0.0,7.967163963291937,"x0,x1,x2,x3,x4,x5",6,0.2,20.0,-0.23113030262627726,-0.8502259231204001,,,,,
-0.009855554787200016,0.631420419961207,-0.5765604155839646,-0.3402860827906701,1.2740921264969713,0.0,6.612938866796789,1.3542250964951483,174.23961211412114,3.4847922422824227,1.3766333580220564,104.80906566588247,269.17938528807923,0.0,hartmann_6,value,logei,exact,spike,0.25,0,50,9,7042daaf-e152-496f-93a4-c62f279d1669,False,0.01,2.0,19.95675820001634,7.967163963291937,"x0,x1,x2,x3,x4,x5",6,0.25,20.0,-0.2311303026262772,-0.8502259231204,,,,,
-0.009855554787200016,0.631420419961207,-0.5765604155839646,-0.3402860827906701,1.2740921264969713,0.0,7.596097223338842,0.3710667399530951,316.7865974786184,6.335731949572367,0.3710667399530951,78.28672375883349,78.28672375883349,0.0,hartmann_6,value,qnei,exact,none,0.0,0,50,9,c45ba564-e651-415e-81b0-76817b767070,True,0.01,2.0,0.0,7.967163963291937,"x0,x1,x2,x3,x4,x5",6,0.2,20.0,-0.23113030262627726,-0.8502259231204001,,,,,
-0.009855554787200016,0.631420419961207,-0.5765604155839646,-0.3402860827906701,1.2740921264969713,0.0,1.6806881597055774,6.2864758035863595,416.22836385174134,8.324567277034827,8.57266926453713,342.54375532849406,376.2761476360279,0.0,hartmann_6,value,qnei,exact,spike,0.25,0,50,9,10cd7c71-6e9d-4de9-81de-dc9de96e3de1,False,0.01,2.0,20.197078500001226,7.967163963291937,"x0,x1,x2,x3,x4,x5",6,0.25,20.0,-0.2311303026262772,-0.8502259231204,,,,,
-1.3875711692986736,5.65706620262657,2.3152094921819053,1.2663319151572532,6.3946495824872,0.0,0.762794084888437,0.0014297985700227,11.399229144013,0.22798458288026,0.0014297985700227,0.3343981344418989,0.3343981344418989,0.0,powell,value,logei,exact,none,0.0,0,50,9,a16580d9-c9c7-4596-9988-69ebc30a30cb,True,0.01,2.0,0.0,0.7642238834584598,"x0,x1,x2,x3",4,0.2,20.0,,,,,,,
-1.387571169298674,5.65706620262657,2.3152094921819053,1.2663319151572532,6.3946495824872,0.0,0.7610078696902491,0.0032160137682106793,50.60137266267051,1.0120274532534101,1.981708588677694,0.25624518988123185,62.63735805509595,0.0,powell,value,logei,exact,spike,0.25,0,50,9,ec2d0838-e729-4285-8b9c-6b0474766440,False,0.01,2.0,10.712183700001333,0.7642238834584598,"x0,x1,x2,x3",4,0.25,20.0,,,,,,,
-1.3875711692986736,5.65706620262657,2.3152094921819053,1.2663319151572532,6.3946495824872,0.0,0.7630798406376209,0.0011440428208389,12.279224322092544,0.2455844864418508,0.0011440428208389,0.29423710028772215,0.29423710028772215,0.0,powell,value,qnei,exact,none,0.0,0,50,9,ffe2fbe0-9522-4a25-b332-be05404d061b,True,0.01,2.0,0.0,0.7642238834584598,"x0,x1,x2,x3",4,0.2,20.0,,,,,,,
-1.387571169298674,5.65706620262657,2.3152094921819053,1.2663319151572532,6.3946495824872,0.0,0.7623998261509597,0.0018240573075001265,66.53411991760979,1.3306823983521958,3.0941790493395427,0.23623594700224632,8.09170556171176,0.0,powell,value,qnei,exact,spike,0.25,0,50,9,478e2e12-209c-45be-9086-eb3cffd0d21f,False,0.01,2.0,16.59919889998855,0.7642238834584598,"x0,x1,x2,x3",4,0.25,20.0,,,,,,,
-10.103984905684216,41.193498961703874,16.85884103107037,9.221147599082851,46.56441722643123,0.0,16.23901616552099,3.8634309883324423,671.8779120757598,13.437558241515196,3.8634309883324423,465.7103152914544,465.7103152914544,0.0,ackley,value,logei,exact,none,0.0,0,50,9,71935354-ea48-48fb-91ae-6744642c274c,True,0.01,2.0,0.0,20.102447153853433,"x0,x1,x2,x3",4,0.2,20.0,,,,,,,
-10.103984905684214,41.19349896170388,16.85884103107037,9.221147599082855,46.56441722643124,0.0,15.698773756425759,4.403673397427674,717.8803254215773,14.357606508431545,12.001418751200484,604.5962538453105,692.2027787602011,0.0,ackley,value,logei,exact,spike,0.25,0,50,9,98d3d49c-5714-460c-a8f7-774f0cbe1066,False,0.01,2.0,12.670976100023836,20.102447153853433,"x0,x1,x2,x3",4,0.25,20.0,,,,,,,
-10.103984905684216,41.193498961703874,16.85884103107037,9.221147599082851,46.56441722643123,0.0,16.80878550895756,3.2936616448958738,791.2597142318901,15.825194284637805,3.2936616448958738,461.15269329690346,461.15269329690346,0.0,ackley,value,qnei,exact,none,0.0,0,50,9,27cdc5d1-6dad-4471-9e58-c9b15993209a,True,0.01,2.0,0.0,20.102447153853433,"x0,x1,x2,x3",4,0.2,20.0,,,,,,,
-10.103984905684214,41.19349896170388,16.85884103107037,9.221147599082855,46.56441722643124,0.0,0.591829710350018,19.510617443503413,1036.0406692194897,20.720813384389793,20.17447122357052,957.3676537764105,1018.3358592804062,0.0,ackley,value,qnei,exact,spike,0.25,0,50,9,73a700ba-3e2d-45ec-a01b-1998290dcf1a,False,0.01,2.0,14.038475500012282,20.102447153853433,"x0,x1,x2,x3",4,0.25,20.0,,,,,,,
-154.17457436651932,628.5629114029522,257.24549913132273,140.70354612858364,710.5166202763555,0.0,3.787479577228024,0.540910794550828,166.04374860446595,3.320874972089319,0.540910794550828,44.560149253811375,44.560149253811375,0.0,schwefel,value,logei,exact,none,0.0,0,50,9,b9545def-960a-4a46-8b2b-2b18f3fddd9b,True,0.01,2.0,0.0,4.328390371778852,"x0,x1,x2,x3",4,0.2,20.0,,,,,,,
-154.17457436651932,628.5629114029522,257.24549913132273,140.70354612858364,710.5166202763555,0.0,3.12655224278027,1.201838128998582,214.14256881353657,4.282851376270731,2.3156592950135098,66.94563074670035,102.03099747617058,0.0,schwefel,value,logei,exact,spike,0.25,0,50,9,b6bbcdd7-6dc2-4e89-9650-8cb7ffacfaf1,False,0.01,2.0,14.524084899981972,4.328390371778852,"x0,x1,x2,x3",4,0.25,20.0,,,,,,,
-154.17457436651932,628.5629114029522,257.24549913132273,140.70354612858364,710.5166202763555,0.0,3.037019401014362,1.2913709707644898,180.2450847484345,3.60490169496869,1.2913709707644898,71.00933450806706,71.00933450806706,0.0,schwefel,value,qnei,exact,none,0.0,0,50,9,8e5a73f3-7513-4525-bc7e-8b93110a5356,True,0.01,2.0,0.0,4.328390371778852,"x0,x1,x2,x3",4,0.2,20.0,,,,,,,
-154.17457436651932,628.5629114029522,257.24549913132273,140.70354612858364,710.5166202763555,0.0,2.7485478000206873,1.5798425717581646,216.87368441192237,4.337473688238448,4.732787091707093,79.23077513638678,268.9313646699968,0.0,schwefel,value,qnei,exact,spike,0.25,0,50,9,d4799a4c-c2ee-4850-9e04-5d43ed853183,False,0.01,2.0,15.097276100015733,4.328390371778852,"x0,x1,x2,x3",4,0.25,20.0,,,,,,,
-2.31261861549779,9.428443671044283,3.8586824869698404,2.1105531919287532,10.657749304145332,0.0,1.0238904233419797,0.0017328272294441,29.880151008853478,0.5976030201770695,0.0017328272294441,2.7789942111726855,2.7789942111726855,0.0,rosenbrock,value,logei,exact,none,0.0,0,50,9,4ed95247-2430-44ad-9e46-469367c49ddd,True,0.01,2.0,0.0,1.0256232505714238,"x0,x1,x2,x3",4,0.2,20.0,,,,,,,
-2.31261861549779,9.428443671044283,3.8586824869698404,2.1105531919287532,10.657749304145332,0.0,1.0156124497734658,0.01001080079795802,23.229512964673734,0.4645902592934747,0.10592852110205297,3.2277996130729876,7.1225835605442205,0.0,rosenbrock,value,logei,exact,spike,0.25,0,50,9,76050c97-f372-43d4-8418-acdeee32fb0d,False,0.01,2.0,11.177163099986501,1.0256232505714238,"x0,x1,x2,x3",4,0.25,20.0,,,,,,,
-2.31261861549779,9.428443671044283,3.8586824869698404,2.1105531919287532,10.657749304145332,0.0,1.018855076463906,0.0067681741075178,23.72361379676268,0.4744722759352536,0.0067681741075178,2.8631783474473025,2.8631783474473025,0.0,rosenbrock,value,qnei,exact,none,0.0,0,50,9,02061232-f4a3-443a-a4f6-bf7cd654061b,True,0.01,2.0,0.0,1.0256232505714238,"x0,x1,x2,x3",4,0.2,20.0,,,,,,,
-2.31261861549779,9.428443671044283,3.8586824869698404,2.1105531919287532,10.657749304145332,0.0,1.0182185893880058,0.007404661183417982,72.49403454295711,1.4498806908591422,5.188123448483497,3.37761584107187,22.193463727769675,0.0,rosenbrock,value,qnei,exact,spike,0.25,0,50,9,f39b18be-b9b9-4593-9ece-39b629bc6845,False,0.01,2.0,16.18653509998694,1.0256232505714238,"x0,x1,x2,x3",4,0.25,20.0,,,,,,,
0.1417829557903345,1.8019435304756724,0.9898827924410405,-2.359167531538711,3.252683147508541,0.0,3.8337337423745184,4.21398742431446,335.89311713019595,6.717862342603919,4.21398742431446,242.98463732216516,242.98463732216516,0.0,michalewicz,value,logei,exact,none,0.0,0,50,9,e626c158-65c8-4817-ad32-dcec1674ce7d,True,0.01,2.0,0.0,8.047721166688978,"x0,x1,x2,x3,x4",5,0.2,20.0,-0.8759596907808993,,,,,,
0.14178295579033495,1.8019435304756724,0.9898827924410405,-2.359167531538711,3.252683147508541,0.0,1.6685954571798098,6.379125709509168,411.3446907433042,8.226893814866084,7.480610051608322,317.64941132113006,353.1674816193778,0.0,michalewicz,value,logei,exact,spike,0.25,0,50,9,593eda9d-5c32-4112-8575-7c6a923e934a,False,0.01,2.0,14.052195299998857,8.047721166688978,"x0,x1,x2,x3,x4",5,0.25,20.0,-0.8759596907808993,,,,,,
0.1417829557903345,1.8019435304756724,0.9898827924410405,-2.359167531538711,3.252683147508541,0.0,4.86071259174347,3.1870085749455086,316.79932115458166,6.335986423091633,3.1870085749455086,190.60918652554653,190.60918652554653,0.0,michalewicz,value,qnei,exact,none,0.0,0,50,9,102b8f0d-c937-4248-8818-83c545585611,True,0.01,2.0,0.0,8.047721166688978,"x0,x1,x2,x3,x4",5,0.2,20.0,-0.8759596907808993,,,,,,
0.14178295579033495,1.8019435304756724,0.9898827924410405,-2.359167531538711,3.252683147508541,0.0,2.64783517301211,5.399885993676868,425.53196654001954,8.510639330800391,9.100983340797036,327.05379390522864,382.8360552101776,0.0,michalewicz,value,qnei,exact,spike,0.25,0,50,9,4533e49e-9b2e-49c4-a27e-be0c7c0babd8,False,0.01,2.0,20.00669680000283,8.047721166688978,"x0,x1,x2,x3,x4",5,0.25,20.0,-0.8759596907808993,,,,,,
-0.15417457436651938,0.6285629114029523,0.2572454991313228,0.1407035461285836,0.7105166202763556,0.0,3.5271013715113297,0.0083111722755289,142.52891742488467,2.850578348497693,0.0083111722755289,78.80128600518007,78.80128600518007,0.0,yerkes_dodson,value,logei,exact,none,0.0,0,50,9,3765ac7a-06ed-4490-9d50-c009a1322c4d,True,0.01,2.0,0.0,3.5354125437868587,"x0,x1,x2,x3",4,0.2,20.0,,,,,,,
-0.15417457436651938,0.6285629114029522,0.2572454991313228,0.1407035461285836,0.7105166202763555,0.0,2.5262415628994903,1.0091709808873683,133.18544435694946,2.663708887138989,1.9618700725116327,90.58087467022885,108.66000670340456,0.0,yerkes_dodson,value,logei,exact,spike,0.25,0,50,9,9e1de63b-3b1e-400f-9085-e41687585b51,False,0.01,2.0,13.153015199990477,3.5354125437868587,"x0,x1,x2,x3",4,0.25,20.0,,,,,,,
-0.15417457436651938,0.6285629114029523,0.2572454991313228,0.1407035461285836,0.7105166202763556,0.0,3.51931399875837,0.0160985450284885,130.59570690751426,2.611914138150285,0.0160985450284885,43.096346737891544,43.096346737891544,0.0,yerkes_dodson,value,qnei,exact,none,0.0,0,50,9,d9ad4cfd-4078-4ffd-9c25-44d1591c81f8,True,0.01,2.0,0.0,3.5354125437868587,"x0,x1,x2,x3",4,0.2,20.0,,,,,,,
-0.15417457436651938,0.6285629114029522,0.2572454991313228,0.1407035461285836,0.7105166202763555,0.0,1.0009661916286374,2.5344463521582212,198.63167091185417,3.9726334182370833,5.41278776383079,129.57635270946585,149.1313530446463,0.0,yerkes_dodson,value,qnei,exact,spike,0.25,0,50,9,14135571-9baa-4862-8cfc-75f4d4e15207,False,0.01,2.0,16.697379300021566,3.5354125437868587,"x0,x1,x2,x3",4,0.25,20.0,,,,,,,
-1.541745743665194,6.285629114029522,2.5724549913132284,1.4070354612858367,7.105166202763556,0.0,13.287089522882177,43.48698451513621,2610.355913648421,52.207118272968415,43.48698451513621,2239.1080014624645,2239.1080014624645,0.0,shekel,value,logei,exact,none,0.0,0,50,9,67fe0509-50fa-405a-a227-971e51841449,True,0.01,2.0,0.0,56.774074038018384,"x0,x1,x2,x3",4,0.2,20.0,,,,,,,
-1.541745743665194,6.285629114029522,2.5724549913132284,1.4070354612858367,7.105166202763556,0.0,12.655495596473907,44.11857844154448,2420.4579564970522,48.409159129941045,46.87057751201736,2259.973046271706,2331.771696237706,0.0,shekel,value,logei,exact,spike,0.25,0,50,9,3fc5fadd-f79d-425e-8ca3-af70eee73c2a,False,0.01,2.0,18.870746000029612,56.774074038018384,"x0,x1,x2,x3",4,0.25,20.0,,,,,,,
-1.541745743665194,6.285629114029522,2.5724549913132284,1.4070354612858367,7.105166202763556,0.0,13.528925306809322,43.24514873120906,2651.8404692342847,53.0368093846857,43.24514873120906,2210.3264959493135,2210.3264959493135,0.0,shekel,value,qnei,exact,none,0.0,0,50,9,97968d7f-1d58-454a-8c53-47272893fe7a,True,0.01,2.0,0.0,56.774074038018384,"x0,x1,x2,x3",4,0.2,20.0,,,,,,,
-1.541745743665194,6.285629114029522,2.5724549913132284,1.4070354612858367,7.105166202763556,0.0,9.301000123128077,47.47307391489031,2868.657281795385,57.373145635907704,57.72139447792409,2357.681817547634,2820.057433991044,0.0,shekel,value,qnei,exact,spike,0.25,0,50,9,3223733d-95e5-4a0d-b8ff-55b99c6e1f57,False,0.01,2.0,13.206170200021006,56.774074038018384,"x0,x1,x2,x3",4,0.25,20.0,,,,,,,
-1.578747641513158,6.43648421276623,2.634193911104745,1.440804312356696,7.27569019162988,0.0,2.560285719191409,1.0786533542466428,124.48544840136158,2.4897089680272315,1.0786533542466428,71.16635555687913,71.16635555687913,0.0,rastrigin,value,logei,exact,none,0.0,0,50,9,7f3cad61-a78e-443c-87d7-8c4eb5542a8c,True,0.01,2.0,0.0,3.638939073438052,"x0,x1,x2,x3",4,0.2,20.0,,,,,,,
-1.578747641513158,6.43648421276623,2.634193911104745,1.440804312356696,7.27569019162988,0.0,2.788202137170019,0.8507369362680328,127.38214273224149,2.5476428546448298,1.5087367312604631,57.068437701451515,75.76508758335765,0.0,rastrigin,value,logei,exact,spike,0.25,0,50,9,25bc071b-16ad-406b-892d-212670b14a1f,False,0.01,2.0,11.801453799998853,3.638939073438052,"x0,x1,x2,x3",4,0.25,20.0,,,,,,,
-1.578747641513158,6.43648421276623,2.634193911104745,1.440804312356696,7.27569019162988,0.0,2.9336722726411906,0.7052668007968612,139.48737257422604,2.789747451484521,0.7052668007968612,56.873068278064956,56.873068278064956,0.0,rastrigin,value,qnei,exact,none,0.0,0,50,9,ffb19e25-b3a4-4a6f-b348-597dbf507691,True,0.01,2.0,0.0,3.638939073438052,"x0,x1,x2,x3",4,0.2,20.0,,,,,,,
-1.578747641513158,6.43648421276623,2.634193911104745,1.440804312356696,7.27569019162988,0.0,1.524825712460925,2.114113360977127,232.57441359351586,4.651488271870317,5.604611295116768,104.241586040005,231.12802756805053,0.0,rastrigin,value,qnei,exact,spike,0.25,0,50,9,e614c974-0a44-4a71-8261-ff0c6a94b8c2,False,0.01,2.0,21.76750690001063,3.638939073438052,"x0,x1,x2,x3",4,0.25,20.0,,,,,,,
-16.101900131999543,-5.623823168163247,4.549465738393904,4.115363227319936,29.7755626024173,0.0,2.2633255452868197,0.361154786491793,81.9161090769651,1.638322181539302,0.361154786491793,45.15384282434409,45.15384282434409,0.0,levy_10,value,logei,exact,none,0.0,0,50,9,4b246d06-5faa-46d3-afe1-c044b199ed48,True,0.01,2.0,0.0,2.6244803317786123,"x0,x1,x2,x3,x4,x5,x6,x7,x8,x9,x10",11,0.2,20.0,1.370704461382287,-11.995532610244688,-3.101198891868618,-12.381131117010316,14.28321496816303,-3.150015607624434,5.952931767016869
-16.101900131999543,-5.6238231681632485,4.549465738393904,4.115363227319936,29.7755626024173,0.0,1.9035268485214838,0.7209534832571285,115.8409032685443,2.316818065370886,2.0035802052851683,61.80562446716122,90.60080647266219,0.0,levy_10,value,logei,exact,spike,0.25,0,50,9,d1fd73ce-0420-49db-85cd-4a43a84c919c,False,0.01,2.0,25.14663269999437,2.6244803317786123,"x0,x1,x2,x3,x4,x5,x6,x7,x8,x9,x10",11,0.25,20.0,1.370704461382287,-11.995532610244688,-3.101198891868618,-12.381131117010316,14.28321496816303,-3.150015607624434,5.952931767016869
-16.101900131999543,-5.623823168163247,4.549465738393904,4.115363227319936,29.7755626024173,0.0,2.527244625409745,0.0972357063688673,65.37278114991004,1.3074556229982008,0.0972357063688673,30.202057988650832,30.202057988650832,0.0,levy_10,value,qnei,exact,none,0.0,0,50,9,cc1e8cf3-035b-4033-9685-c87e0cd466ef,True,0.01,2.0,0.0,2.6244803317786123,"x0,x1,x2,x3,x4,x5,x6,x7,x8,x9,x10",11,0.2,20.0,1.370704461382287,-11.995532610244688,-3.101198891868618,-12.381131117010316,14.28321496816303,-3.150015607624434,5.952931767016869
-16.101900131999543,-5.6238231681632485,4.549465738393904,4.115363227319936,29.7755626024173,0.0,1.546501406096466,1.0779789256821464,247.26984172404275,4.945396834480855,4.216287705391536,86.57184707629605,160.4656143138404,0.0,levy_10,value,qnei,exact,spike,0.25,0,50,9,b3c569a4-19e3-4721-a25e-a8ec2027ab8b,False,0.01,2.0,37.31801619997714,2.6244803317786123,"x0,x1,x2,x3,x4,x5,x6,x7,x8,x9,x10",11,0.25,20.0,1.370704461382287,-11.995532610244688,-3.101198891868618,-12.381131117010316,14.28321496816303,-3.150015607624434,5.952931767016869
-0.15417457436651938,0.6285629114029523,0.2572454991313228,0.1407035461285836,0.7105166202763556,0.0,3.0593887562558817,0.0,46.90205907907779,0.9380411815815556,0.0,4.168795759931175,4.168795759931175,0.0,stevens,value,logei,exact,none,0.0,0,50,9,4aacd9bf-6d9f-41bd-b2d5-d81c9e73897a,True,0.01,2.0,0.0,3.0593887562558817,"x0,x1,x2,x3",4,0.2,20.0,,,,,,,
-0.15417457436651938,0.6285629114029522,0.2572454991313228,0.1407035461285836,0.7105166202763555,0.0,3.0593887562558817,0.0,48.45225960924489,0.9690451921848978,1.9064101593472509,4.168795759931174,64.22071577936957,0.0,stevens,value,logei,exact,spike,0.25,0,50,9,84206e53-b951-4bdf-a2b0-0786a01fa9f7,False,0.01,2.0,9.437086200050544,3.0593887562558817,"x0,x1,x2,x3",4,0.25,20.0,,,,,,,
-0.15417457436651938,0.6285629114029523,0.2572454991313228,0.1407035461285836,0.7105166202763556,0.0,3.0593887562558817,0.0,151.92048176803124,3.0384096353606247,0.0,4.168795759931175,4.168795759931175,0.0,stevens,value,qnei,exact,none,0.0,0,50,9,03413b6e-e978-4e4b-b4a4-3f0ab081bfd6,True,0.01,2.0,0.0,3.0593887562558817,"x0,x1,x2,x3",4,0.2,20.0,,,,,,,
-0.15417457436651938,0.6285629114029522,0.2572454991313228,0.1407035461285836,0.7105166202763555,0.0,3.0593887562558817,0.0,190.02918723397667,3.8005837446795336,4.4464478924236195,22.900223379661696,219.94042844416535,0.0,stevens,value,qnei,exact,spike,0.25,0,50,9,db726c6f-cd0b-47e9-96c5-23a47c91112c,False,0.01,2.0,17.37392570002703,3.0593887562558817,"x0,x1,x2,x3",4,0.25,20.0,,,,,,,
-1.541745743665194,6.285629114029522,2.5724549913132284,1.4070354612858367,7.105166202763556,0.0,5.402837764670362,0.0,93.58455342190108,1.871691068438022,0.0,21.59049001943438,21.59049001943438,0.0,hicks_law,value,logei,exact,none,0.0,0,50,9,7efc9a44-ffc5-4b44-a128-5f00ac438bec,True,0.01,2.0,0.0,5.402837764670362,"x0,x1,x2,x3",4,0.2,20.0,,,,,,,
-1.541745743665194,6.285629114029522,2.5724549913132284,1.4070354612858367,7.105166202763556,0.0,5.402837764670362,0.0,59.61627752899433,1.1923255505798867,3.9554128931983046,20.77086658942337,145.36637272516995,0.0,hicks_law,value,logei,exact,spike,0.25,0,50,9,d19a926a-dbf6-46e8-bd43-a4419a06a4f3,False,0.01,2.0,11.955191000015475,5.402837764670362,"x0,x1,x2,x3",4,0.25,20.0,,,,,,,
-1.541745743665194,6.285629114029522,2.5724549913132284,1.4070354612858367,7.105166202763556,0.0,5.402837764670362,0.0,236.55674436549396,4.731134887309879,0.0,21.61523016883815,21.61523016883815,0.0,hicks_law,value,qnei,exact,none,0.0,0,50,9,150f441a-56ff-4c3c-9bd9-1d6ab67fb6f2,True,0.01,2.0,0.0,5.402837764670362,"x0,x1,x2,x3",4,0.2,20.0,,,,,,,
-1.541745743665194,6.285629114029522,2.5724549913132284,1.4070354612858367,7.105166202763556,0.0,5.402837764670362,0.0,172.5605234950912,3.451210469901824,5.0987096782755446,62.04785131520397,169.67497083256944,0.0,hicks_law,value,qnei,exact,spike,0.25,0,50,9,148390f5-429a-4191-b39d-18f43434cbea,False,0.01,2.0,15.877631600014865,5.402837764670362,"x0,x1,x2,x3",4,0.25,20.0,,,,,,,
-273.51147921256734,502.4940788046064,,,572.1091054114911,0.0,3.197004607198402,0.0080409238566567,99.85732010149307,1.9971464020298615,0.0080409238566567,33.816786155753775,33.816786155753775,0.0,eggholder,value,logei,exact,none,0.0,0,50,9,a67d4643-bbad-4d3f-ad8e-4cfafcb0ef30,True,0.01,2.0,0.0,3.2050455310550587,"x0,x1",2,0.2,20.0,,,,,,,
-273.51147921256734,502.4940788046064,,,572.1091054114911,0.0,1.951060671519314,1.2539848595357448,145.3882442152793,2.907764884305586,1.6908967478607868,80.19828996261114,88.70834613218409,0.0,eggholder,value,logei,exact,spike,0.25,0,50,9,ac399293-2ac6-493d-974d-82605747813d,False,0.01,2.0,10.429486699984409,3.2050455310550587,"x0,x1",2,0.25,20.0,,,,,,,
-273.51147921256734,502.4940788046064,,,572.1091054114911,0.0,2.7802963392079363,0.4247491918471224,129.83048525030722,2.5966097050061445,0.4247491918471224,41.47278989565751,41.47278989565751,0.0,eggholder,value,qnei,exact,none,0.0,0,50,9,6a02bc1c-ce6e-4c47-a01d-fd1d3855ad16,True,0.01,2.0,0.0,3.2050455310550587,"x0,x1",2,0.2,20.0,,,,,,,
-273.51147921256734,502.4940788046064,,,572.1091054114911,0.0,1.6821249178103026,1.5229206132447561,169.74875128212474,3.394975025642495,4.394027927533127,86.05215892350103,264.68832063261755,0.0,eggholder,value,qnei,exact,spike,0.25,0,50,9,3f307e70-a1b7-45c9-a0ba-6eff4248cafe,False,0.01,2.0,8.759641599957831,3.2050455310550587,"x0,x1",2,0.25,20.0,,,,,,,
-0.15417457436651938,0.6285629114029523,0.2572454991313228,0.1407035461285836,0.7105166202763556,0.0,1.2903285910786335,4.6586720390484615e-05,21.655538622257883,0.4331107724451576,4.6586720390484615e-05,2.371084807444297,2.371084807444297,0.0,steering_law,value,logei,exact,none,0.0,0,50,9,9e80bc16-1e13-4955-abdc-2dcd895dd6d6,True,0.01,2.0,0.0,1.290375177799024,"x0,x1,x2,x3",4,0.2,20.0,,,,,,,
-0.15417457436651938,0.6285629114029522,0.2572454991313228,0.1407035461285836,0.7105166202763555,0.0,1.2844385469670725,0.005936630831951506,12.567522117650771,0.2513504423530154,0.013329030477636783,2.868667757479664,3.1490466126044065,0.0,steering_law,value,logei,exact,spike,0.25,0,50,9,cab90667-2a77-48f0-bf10-d62ce3108bcb,False,0.01,2.0,9.477636100025848,1.290375177799024,"x0,x1,x2,x3",4,0.25,20.0,,,,,,,
-0.15417457436651938,0.6285629114029523,0.2572454991313228,0.1407035461285836,0.7105166202763556,0.0,1.290374410711442,7.670875818988065e-07,29.45364731026727,0.5890729462053454,7.670875818988065e-07,2.3626374483407195,2.3626374483407195,0.0,steering_law,value,qnei,exact,none,0.0,0,50,9,04427987-2cbb-4468-aaa7-d9b3f17d840f,True,0.01,2.0,0.0,1.290375177799024,"x0,x1,x2,x3",4,0.2,20.0,,,,,,,
-0.15417457436651938,0.6285629114029522,0.2572454991313228,0.1407035461285836,0.7105166202763555,0.0,1.2897061710756788,0.0006690067233452446,89.41166884272698,1.7882333768545395,0.017859639022101748,5.099741108405091,32.3165478679415,0.0,steering_law,value,qnei,exact,spike,0.25,0,50,9,6c37889d-4c91-4e30-9a7d-d8120c5d5ebe,False,0.01,2.0,14.299520200002007,1.290375177799024,"x0,x1,x2,x3",4,0.25,20.0,,,,,,,
-2.671010539185228,4.907168738326234,,,5.587002982534092,0.0,1.2499476872060782,0.0001077786939904,20.032967314386703,0.4006593462877341,0.0001077786939904,1.4840805865663207,1.4840805865663207,0.0,branin,value,logei,exact,none,0.0,0,50,9,3a774751-502a-49e1-84ae-bc7d80a6362c,True,0.01,2.0,0.0,1.2500554659000687,"x0,x1",2,0.2,20.0,,,,,,,
-2.671010539185228,4.907168738326234,,,5.587002982534092,0.0,1.1760992341222027,0.07395623177786592,20.054279241560543,0.4010855848312109,0.1114189287454126,4.163261817787075,5.554332847119101,0.0,branin,value,logei,exact,spike,0.25,0,50,9,fe34ff4c-504c-465c-bca4-64050bde082b,False,0.01,2.0,8.855804499995429,1.2500554659000687,"x0,x1",2,0.25,20.0,,,,,,,
-2.671010539185228,4.907168738326234,,,5.587002982534092,0.0,1.250053406761375,2.059138693333296e-06,20.76310015935972,0.4152620031871943,2.059138693333296e-06,1.6705467730388144,1.6705467730388144,0.0,branin,value,qnei,exact,none,0.0,0,50,9,d33342a2-12eb-4767-836e-48bb8dc73566,True,0.01,2.0,0.0,1.2500554659000687,"x0,x1",2,0.2,20.0,,,,,,,
-2.671010539185228,4.907168738326234,,,5.587002982534092,0.0,1.2399332034012336,0.010122262498835077,74.71543546102012,1.4943087092204024,0.37906258047105057,2.180402748056207,70.9179504502158,0.0,branin,value,qnei,exact,spike,0.25,0,50,9,07fbeb2c-cbb9-4667-971f-e7d04e93971a,False,0.01,2.0,11.69236839999212,1.2500554659000687,"x0,x1",2,0.25,20.0,,,,,,,
-0.15417457436651938,0.6285629114029523,0.2572454991313228,0.1407035461285836,0.7105166202763556,0.0,1.7175746997911816,0.0,29.412579270389227,0.5882515854077845,0.0,2.0282199051162175,2.0282199051162175,0.0,power_law_practice,value,logei,exact,none,0.0,0,50,9,f65e9cf7-4630-49f6-9b9e-e9fabdaa3aca,True,0.01,2.0,0.0,1.7175746997911816,"x0,x1,x2,x3",4,0.2,20.0,,,,,,,
-0.15417457436651938,0.6285629114029522,0.2572454991313228,0.1407035461285836,0.7105166202763555,0.0,1.3474808875128526,0.37009381227832905,48.57511030091275,0.971502206018255,0.7571791225500507,18.56817676462767,31.3019726333218,0.0,power_law_practice,value,logei,exact,spike,0.25,0,50,9,6615cccf-13aa-4506-925f-f6fa08060bde,False,0.01,2.0,12.838496900047176,1.7175746997911816,"x0,x1,x2,x3",4,0.25,20.0,,,,,,,
-0.15417457436651938,0.6285629114029523,0.2572454991313228,0.1407035461285836,0.7105166202763556,0.0,1.7175746997911816,0.0,71.17154224001871,1.4234308448003743,0.0,2.0282199051162175,2.0282199051162175,0.0,power_law_practice,value,qnei,exact,none,0.0,0,50,9,483d2bbb-d7ea-46f1-b4ab-0057f24678e0,True,0.01,2.0,0.0,1.7175746997911816,"x0,x1,x2,x3",4,0.2,20.0,,,,,,,
-0.15417457436651938,0.6285629114029522,0.2572454991313228,0.1407035461285836,0.7105166202763555,0.0,1.7175746997911816,0.0,119.69472783969907,2.3938945567939816,4.706640062081203,13.274111506349868,98.10336582169022,0.0,power_law_practice,value,qnei,exact,spike,0.25,0,50,9,11aac96c-d79f-4783-ae4b-50fac2397177,False,0.01,2.0,14.591760500043165,1.7175746997911816,"x0,x1,x2,x3",4,0.25,20.0,,,,,,,
-0.15417457436651938,0.6285629114029523,0.2572454991313228,0.1407035461285836,0.7105166202763556,0.0,2.153305282720616,0.0,83.6365274795307,1.672730549590614,0.0,3.2162778457464447,3.2162778457464447,0.0,weber_fechner,value,logei,exact,none,0.0,0,50,9,e9fa7775-75a7-4d9d-8b98-a5b9d2978092,True,0.01,2.0,0.0,2.153305282720616,"x0,x1,x2,x3",4,0.2,20.0,,,,,,,
-0.15417457436651938,0.6285629114029522,0.2572454991313228,0.1407035461285836,0.7105166202763555,0.0,2.153305282720616,0.0,31.046031462523874,0.6209206292504775,0.17375757734305086,5.181515673973285,11.302230561492454,0.0,weber_fechner,value,logei,exact,spike,0.25,0,50,9,f1d77c2f-82ba-4a85-ab68-b773b76b930d,False,0.01,2.0,10.913738800038118,2.153305282720616,"x0,x1,x2,x3",4,0.25,20.0,,,,,,,
-0.15417457436651938,0.6285629114029523,0.2572454991313228,0.1407035461285836,0.7105166202763556,0.0,2.153305282720616,0.0,81.66178178239493,1.6332356356478983,0.0,3.560467995613518,3.560467995613518,0.0,weber_fechner,value,qnei,exact,none,0.0,0,50,9,eeeaad0c-64a3-43c3-943b-0c4dcccb62f1,True,0.01,2.0,0.0,2.153305282720616,"x0,x1,x2,x3",4,0.2,20.0,,,,,,,
-0.15417457436651938,0.6285629114029522,0.2572454991313228,0.1407035461285836,0.7105166202763555,0.0,2.0031141479582946,0.15019113476232127,165.94181940480237,3.3188363880960474,0.8181582865727646,13.306283233342297,186.7780460201821,0.0,weber_fechner,value,qnei,exact,spike,0.25,0,50,9,1edad7d5-dc30-4131-9122-2a621ee29d60,False,0.01,2.0,21.786251800018363,2.153305282720616,"x0,x1,x2,x3",4,0.25,20.0,,,,,,,
-0.09271512104990587,0.42925742051600996,0.3122319704389458,,0.5388384081554914,0.0,3.0542314501322743,0.0006694920234533,79.8785826792986,1.597571653585972,0.0006694920234533,11.52138798636306,11.52138798636306,0.0,hartmann_3,value,logei,exact,none,0.0,0,50,9,4fce7c0a-6f91-4a86-a13b-bc0e2cf506cb,True,0.01,2.0,0.0,3.0549009421557276,"x0,x1,x2",3,0.2,20.0,,,,,,,
-0.09271512104990587,0.4292574205160099,0.3122319704389457,,0.5388384081554913,0.0,3.037835587324329,0.017065354831398594,39.67237514824601,0.7934475029649203,0.10289549007254584,13.450315806456146,16.22969795210006,0.0,hartmann_3,value,logei,exact,spike,0.25,0,50,9,3aa18b68-f7e1-40f4-bb9e-434a6b39829f,False,0.01,2.0,12.293322499957867,3.0549009421557276,"x0,x1,x2",3,0.25,20.0,,,,,,,
-0.09271512104990587,0.42925742051600996,0.3122319704389458,,0.5388384081554914,0.0,3.0548228495752325,7.809258049507051e-05,103.65632327452342,2.073126465490468,7.809258049507051e-05,10.769835236106083,10.769835236106083,0.0,hartmann_3,value,qnei,exact,none,0.0,0,50,9,8c7f6a10-0400-457d-b8e1-f0449303d372,True,0.01,2.0,0.0,3.0549009421557276,"x0,x1,x2",3,0.2,20.0,,,,,,,
-0.09271512104990587,0.4292574205160099,0.3122319704389457,,0.5388384081554913,0.0,1.8142736871179366,1.240627255037791,176.3587130761058,3.527174261522116,1.30591033993139,65.47494021384475,190.30204401480697,0.0,hartmann_3,value,qnei,exact,spike,0.25,0,50,9,4fc54899-992d-4520-b82b-8e65d8fe5855,False,0.01,2.0,18.987144399958197,3.0549009421557276,"x0,x1,x2",3,0.25,20.0,,,,,,,
-0.15417457436651938,0.6285629114029523,0.2572454991313228,0.1407035461285836,0.7105166202763556,0.0,2.645639989603264,0.3118597919786534,73.44924597935676,1.4689849195871352,0.3118597919786534,42.54545710959119,42.54545710959119,0.0,moving_peaks,value,logei,exact,none,0.0,0,50,9,9d95f119-7e86-44ba-a176-dd780d8b4bb9,True,0.01,2.0,0.0,2.9574997815819173,"x0,x1,x2,x3",4,0.2,20.0,,,,,,,
-0.15417457436651938,0.6285629114029522,0.2572454991313228,0.1407035461285836,0.7105166202763555,0.0,2.3731084388461077,0.5843913427358096,105.27619569241403,2.105523913848281,0.8649563735239068,59.11658243088513,61.99354864723534,0.0,moving_peaks,value,logei,exact,spike,0.25,0,50,9,b58c90da-b0fb-401a-99cb-ae980b72061f,False,0.01,2.0,14.612825300020631,2.9574997815819173,"x0,x1,x2,x3",4,0.25,20.0,,,,,,,
-0.15417457436651938,0.6285629114029523,0.2572454991313228,0.1407035461285836,0.7105166202763556,0.0,2.1793586076285223,0.778141173953395,108.49068229580546,2.169813645916109,0.778141173953395,63.04359169569817,63.04359169569817,0.0,moving_peaks,value,qnei,exact,none,0.0,0,50,9,139eca01-f7ca-4420-b567-44e071cc868e,True,0.01,2.0,0.0,2.9574997815819173,"x0,x1,x2,x3",4,0.2,20.0,,,,,,,
-0.15417457436651938,0.6285629114029522,0.2572454991313228,0.1407035461285836,0.7105166202763555,0.0,1.7161841467000183,1.241315634881899,173.72498652767578,3.4744997305535157,3.5488889082523665,84.75726789531299,158.62090276276177,0.0,moving_peaks,value,qnei,exact,spike,0.25,0,50,9,fecffaba-1d2e-4f41-bd04-ca236cb4d19d,False,0.01,2.0,21.475796499988064,2.9574997815819173,"x0,x1,x2,x3",4,0.25,20.0,,,,,,,
-320.35827581741296,760.8790970797585,-483.52306544346493,969.1726564456152,1433.2609662752625,0.0,2.736419768056653,0.0174360476023172,95.6701372535643,1.913402745071286,0.0174360476023172,15.179690914915216,15.179690914915216,0.0,griewank,value,logei,exact,none,0.0,0,50,10,22988e2f-c34b-446c-8e18-d571e4621779,True,0.01,2.0,0.0,2.7538558156589708,"x0,x1,x2,x3,x4,x5",6,0.2,20.0,375.03394793788016,242.75485014128327,,,,,
-320.35827581741296,760.8790970797585,-483.52306544346493,969.1726564456152,1433.2609662752625,0.0,2.300798000808205,0.4530578148507658,181.8741778526499,3.637483557052998,3.2190549751781767,31.82263909393822,127.24954112523389,0.0,griewank,value,logei,exact,spike,0.25,0,50,10,70bf617a-5e35-455d-a077-a95686615658,False,0.01,2.0,16.178081099991687,2.7538558156589708,"x0,x1,x2,x3,x4,x5",6,0.25,20.0,375.03394793788016,242.75485014128327,,,,,
-320.35827581741296,760.8790970797585,-483.52306544346493,969.1726564456152,1433.2609662752625,0.0,2.730054490663435,0.0238013249955355,102.71460602517315,2.054292120503463,0.0238013249955355,19.68124526482967,19.68124526482967,0.0,griewank,value,qnei,exact,none,0.0,0,50,10,e07945a2-40b1-4212-88c0-7facb810622d,True,0.01,2.0,0.0,2.7538558156589708,"x0,x1,x2,x3,x4,x5",6,0.2,20.0,375.03394793788016,242.75485014128327,,,,,
-320.35827581741296,760.8790970797585,-483.52306544346493,969.1726564456152,1433.2609662752625,0.0,2.6006946116806224,0.15316120397834831,95.60643873845811,1.9121287747691622,0.15316120397834831,19.57323123736348,19.57323123736348,0.0,griewank,value,qnei,exact,spike,0.25,0,50,10,67edb344-376b-43d1-a8c1-ddd6e54fd464,False,0.01,2.0,18.756744600017555,2.7538558156589708,"x0,x1,x2,x3,x4,x5",6,0.25,20.0,375.03394793788016,242.75485014128327,,,,,
-2.5763639183200144,1.5122202941068952,0.04179210139287726,0.8677923190970707,3.409690555775156,0.0,6.686590136439234,1.3611310302497444,276.76904600586323,5.535380920117265,1.3611310302497444,220.59118233844913,220.59118233844913,0.0,michalewicz,value,logei,exact,none,0.0,0,50,10,a9904cfc-5095-4d48-9234-935052ee2002,True,0.01,2.0,0.0,8.047721166688978,"x0,x1,x2,x3,x4",5,0.2,20.0,1.3952484867540926,,,,,,
-2.5763639183200144,1.5122202941068952,0.04179210139287726,0.8677923190970707,3.409690555775156,0.0,1.670015506450673,6.3777056602383055,414.1195350706841,8.282390701413682,9.095017414253883,331.3735047776642,425.21724374506033,0.0,michalewicz,value,logei,exact,spike,0.25,0,50,10,b03c7caf-5f0a-498b-a7de-248b9e55e7b9,False,0.01,2.0,13.702324500016402,8.047721166688978,"x0,x1,x2,x3,x4",5,0.25,20.0,1.3952484867540926,,,,,,
-2.5763639183200144,1.5122202941068952,0.04179210139287726,0.8677923190970707,3.409690555775156,0.0,4.245577874563935,3.8021432921250433,327.75126757811955,6.555025351562391,3.8021432921250433,256.6168653338389,256.6168653338389,0.0,michalewicz,value,qnei,exact,none,0.0,0,50,10,7c507ba6-5a99-4c8b-b8aa-104aac2e91cf,True,0.01,2.0,0.0,8.047721166688978,"x0,x1,x2,x3,x4",5,0.2,20.0,1.3952484867540926,,,,,,
-2.5763639183200144,1.5122202941068952,0.04179210139287726,0.8677923190970707,3.409690555775156,0.0,1.5729483006374445,6.474772866051534,434.6766966138632,8.693533932277264,8.567657917336902,356.9196420441296,415.134154347748,0.0,michalewicz,value,qnei,exact,spike,0.25,0,50,10,a7a9bff0-ba91-4745-aeb4-cdb069d62159,False,0.01,2.0,18.189157699991483,8.047721166688978,"x0,x1,x2,x3,x4",5,0.25,20.0,1.3952484867540926,,,,,,
-3.988773838731695,-0.6458598545277621,-1.2546756494405962,6.232190411072328,7.532719296071111,0.0,0.7607168071430253,0.0035070763154345,18.50333865576335,0.370066773115267,0.0035070763154345,4.773219782387713,4.773219782387713,0.0,powell,value,logei,exact,none,0.0,0,50,10,203fca90-3d4f-4972-8e0c-cb8ade13decd,True,0.01,2.0,0.0,0.7642238834584598,"x0,x1,x2,x3",4,0.2,20.0,,,,,,,
-3.988773838731695,-0.6458598545277621,-1.2546756494405962,6.232190411072328,7.532719296071111,0.0,0.5703989094692374,0.19382497398922238,85.92410278124387,1.7184820556248774,0.8692346183319435,12.204594067996112,35.058707383268434,0.0,powell,value,logei,exact,spike,0.25,0,50,10,38f64c2a-003e-49ce-93c2-4c3ccebf1293,False,0.01,2.0,12.467333299980965,0.7642238834584598,"x0,x1,x2,x3",4,0.25,20.0,,,,,,,
-3.988773838731695,-0.6458598545277621,-1.2546756494405962,6.232190411072328,7.532719296071111,0.0,0.7538181942187772,0.0104056892396826,19.56008535264461,0.3912017070528921,0.0104056892396826,4.96712234167945,4.96712234167945,0.0,powell,value,qnei,exact,none,0.0,0,50,10,522279f3-6a04-4c6b-a420-3771791876b3,True,0.01,2.0,0.0,0.7642238834584598,"x0,x1,x2,x3",4,0.2,20.0,,,,,,,
-3.988773838731695,-0.6458598545277621,-1.2546756494405962,6.232190411072328,7.532719296071111,0.0,0.650197068339052,0.11402681511940782,70.08877163618163,1.4017754327236327,0.35146230192017863,8.408705023292635,17.681762914803297,0.0,powell,value,qnei,exact,spike,0.25,0,50,10,69467098-5967-4c6e-8d45-b44ede53f155,False,0.01,2.0,17.03326559998095,0.7642238834584598,"x0,x1,x2,x3",4,0.25,20.0,,,,,,,
-29.045364699457817,-4.703007936259052,-9.13626926241544,45.38142564222623,54.851587976368485,0.0,16.70643537667184,3.396011777181592,793.4379332342072,15.868758664684144,3.396011777181592,546.3560027831138,546.3560027831138,0.0,ackley,value,logei,exact,none,0.0,0,50,10,ac67f9db-40fc-4d2a-a8a5-9bdd9219722a,True,0.01,2.0,0.0,20.102447153853433,"x0,x1,x2,x3",4,0.2,20.0,,,,,,,
-29.045364699457814,-4.7030079362590484,-9.13626926241544,45.38142564222623,54.851587976368485,0.0,0.3908240878997591,19.711623065953674,1033.0605785068249,20.661211570136498,20.42222725826479,976.1081806055498,998.7239753001412,0.0,ackley,value,logei,exact,spike,0.25,0,50,10,87e92471-c1ff-45ec-8ad5-6b76c66a6353,False,0.01,2.0,13.408957800013013,20.102447153853433,"x0,x1,x2,x3",4,0.25,20.0,,,,,,,
-29.045364699457817,-4.703007936259052,-9.13626926241544,45.38142564222623,54.851587976368485,0.0,5.06249380339693,15.039953350456504,1005.1883529690754,20.103767059381507,15.039953350456504,962.2246718645049,962.2246718645049,0.0,ackley,value,qnei,exact,none,0.0,0,50,10,220a431b-6358-493f-847d-1e75b9d90779,True,0.01,2.0,0.0,20.102447153853433,"x0,x1,x2,x3",4,0.2,20.0,,,,,,,
-29.045364699457814,-4.7030079362590484,-9.13626926241544,45.38142564222623,54.851587976368485,0.0,1.096475140353821,19.005972013499612,1029.2680786674264,20.58536157334853,21.03873562981434,942.7725085952972,1021.3235724099897,0.0,ackley,value,qnei,exact,spike,0.25,0,50,10,c09786de-cf39-45bf-83be-65cd6d32a54d,False,0.01,2.0,14.922369699983392,20.102447153853433,"x0,x1,x2,x3",4,0.25,20.0,,,,,,,
-443.19709319241053,-71.76220605864023,-139.40840549339964,692.4656012302587,836.968810674568,0.0,3.142972495174591,1.185417876604261,149.30431528626212,2.9860863057252427,1.185417876604261,83.75685382909093,83.75685382909093,0.0,schwefel,value,logei,exact,none,0.0,0,50,10,732f52e7-5979-4afd-ba30-088d5f902cbd,True,0.01,2.0,0.0,4.328390371778852,"x0,x1,x2,x3",4,0.2,20.0,,,,,,,
-443.19709319241053,-71.76220605864023,-139.40840549339964,692.4656012302587,836.968810674568,0.0,1.9703400494424557,2.358050322336396,188.56756941615532,3.7713513883231062,3.2518820382813516,127.57800669701845,153.7023376711931,0.0,schwefel,value,logei,exact,spike,0.25,0,50,10,eadd523f-f53a-4832-8508-702e6d6f4937,False,0.01,2.0,14.721497100021224,4.328390371778852,"x0,x1,x2,x3",4,0.25,20.0,,,,,,,
-443.19709319241053,-71.76220605864023,-139.40840549339964,692.4656012302587,836.968810674568,0.0,2.299650621261503,2.028739750517349,187.35058974830676,3.747011794966135,2.028739750517349,124.72186574215412,124.72186574215412,0.0,schwefel,value,qnei,exact,none,0.0,0,50,10,1c4c9412-8a8a-4b64-baae-7f32e2abbcfd,True,0.01,2.0,0.0,4.328390371778852,"x0,x1,x2,x3",4,0.2,20.0,,,,,,,
-443.19709319241053,-71.76220605864023,-139.40840549339964,692.4656012302587,836.968810674568,0.0,3.0205256630081383,1.3078647087707136,201.76163306883325,4.035232661376665,1.3078647087707136,83.2058635123173,83.2058635123173,0.0,schwefel,value,qnei,exact,spike,0.25,0,50,10,9459f777-df02-4b1d-b9b1-63859c5edc0a,False,0.01,2.0,17.04611339996336,4.328390371778852,"x0,x1,x2,x3",4,0.25,20.0,,,,,,,
-6.647956397886158,-1.076433090879604,-2.0911260824009954,10.38698401845388,12.55453216011852,0.0,1.0225214200797583,0.0031018304916654,19.203817373505245,0.3840763474701049,0.0031018304916654,2.834903041121411,2.834903041121411,0.0,rosenbrock,value,logei,exact,none,0.0,0,50,10,1c8ec227-4523-49ea-9aca-a0fade2abf0e,True,0.01,2.0,0.0,1.0256232505714238,"x0,x1,x2,x3",4,0.2,20.0,,,,,,,
-6.647956397886158,-1.076433090879604,-2.0911260824009954,10.38698401845388,12.55453216011852,0.0,0.877969817204695,0.14765343336672876,129.49305600289608,2.589861120057922,3.257735783519344,8.677660177655657,117.91661980342482,0.0,rosenbrock,value,logei,exact,spike,0.25,0,50,10,a2d42b36-ec8f-4f07-90b5-6c6f25f6d2ea,False,0.01,2.0,10.840418600011617,1.0256232505714238,"x0,x1,x2,x3",4,0.25,20.0,,,,,,,
-6.647956397886158,-1.076433090879604,-2.0911260824009954,10.38698401845388,12.55453216011852,0.0,1.022439666550682,0.0031835840207419,24.47871580232141,0.4895743160464282,0.0031835840207419,2.691320332023719,2.691320332023719,0.0,rosenbrock,value,qnei,exact,none,0.0,0,50,10,38c16d7c-1af6-419b-bde1-77d981d7b995,True,0.01,2.0,0.0,1.0256232505714238,"x0,x1,x2,x3",4,0.2,20.0,,,,,,,
-6.647956397886158,-1.076433090879604,-2.0911260824009954,10.38698401845388,12.55453216011852,0.0,1.008987435178311,0.016635815393112763,92.04659757235426,1.8409319514470852,2.175338394474429,3.4117600431952866,86.74353118030211,0.0,rosenbrock,value,qnei,exact,spike,0.25,0,50,10,4f100da3-658b-4abc-a8ef-8e1ca08b7185,False,0.01,2.0,16.660495699965395,1.0256232505714238,"x0,x1,x2,x3",4,0.25,20.0,,,,,,,
-4.431970931924103,-0.7176220605864025,-1.3940840549339955,6.924656012302586,8.369688106745677,0.0,12.999424854007112,43.77464918401127,2605.367399448735,52.107347988974695,43.77464918401127,2411.5644754151676,2411.5644754151676,0.0,shekel,value,logei,exact,none,0.0,0,50,10,4d3ed019-344b-4edb-9948-398146beccfc,True,0.01,2.0,0.0,56.774074038018384,"x0,x1,x2,x3",4,0.2,20.0,,,,,,,
-4.431970931924105,-0.7176220605864025,-1.3940840549339955,6.924656012302586,8.369688106745679,0.0,0.9169438576862018,55.857130180332184,2879.9678871740975,57.59935774348195,57.89072093568692,2737.7052799773983,2807.8641610371374,0.0,shekel,value,logei,exact,spike,0.25,0,50,10,c5f837df-10b6-4e2a-aedb-e7bde1eba743,False,0.01,2.0,12.821352600003593,56.774074038018384,"x0,x1,x2,x3",4,0.25,20.0,,,,,,,
-4.431970931924103,-0.7176220605864025,-1.3940840549339955,6.924656012302586,8.369688106745677,0.0,13.460921605640594,43.31315243237779,2666.926138601047,53.338522772020944,43.31315243237779,2396.74625873367,2396.74625873367,0.0,shekel,value,qnei,exact,none,0.0,0,50,10,7b66d8a9-996f-4d5a-ab53-53350b67a3cb,True,0.01,2.0,0.0,56.774074038018384,"x0,x1,x2,x3",4,0.2,20.0,,,,,,,
-4.431970931924105,-0.7176220605864025,-1.3940840549339955,6.924656012302586,8.369688106745679,0.0,1.4665539480717675,55.307520089946614,2860.534183445861,57.21068366891722,55.69491288850319,2716.189473701641,2730.8562956511164,0.0,shekel,value,qnei,exact,spike,0.25,0,50,10,9dab9abd-d9f1-4c2c-9ca6-a012b7490012,False,0.01,2.0,17.47409209999023,56.774074038018384,"x0,x1,x2,x3",4,0.25,20.0,,,,,,,
-4.5383382342902845,-0.7348449900404757,-1.4275420722524126,7.090847756597849,8.570560621307576,0.0,2.3562673945098958,1.2826716789281565,126.5933964799582,2.531867929599164,1.2826716789281565,79.97812292953813,79.97812292953813,0.0,rastrigin,value,logei,exact,none,0.0,0,50,10,e3961578-61d8-4664-bbbd-93897036e455,True,0.01,2.0,0.0,3.638939073438052,"x0,x1,x2,x3",4,0.2,20.0,,,,,,,
-4.5383382342902845,-0.7348449900404761,-1.4275420722524128,7.09084775659785,8.570560621307576,0.0,1.315294094365362,2.32364497907269,239.32447115626294,4.786489423125259,3.748111553435029,119.68114314082027,168.82523995632096,0.0,rastrigin,value,logei,exact,spike,0.25,0,50,10,dca48db6-d463-4937-ac7b-7daac411a536,False,0.01,2.0,13.17056890000822,3.638939073438052,"x0,x1,x2,x3",4,0.25,20.0,,,,,,,
-4.5383382342902845,-0.7348449900404757,-1.4275420722524126,7.090847756597849,8.570560621307576,0.0,2.9380016322992515,0.7009374411388003,150.40079781668504,3.008015956333701,0.7009374411388003,93.39058872347272,93.39058872347272,0.0,rastrigin,value,qnei,exact,none,0.0,0,50,10,f7f9eaff-cb7b-436e-bcee-adc4ee8311c7,True,0.01,2.0,0.0,3.638939073438052,"x0,x1,x2,x3",4,0.2,20.0,,,,,,,
-4.5383382342902845,-0.7348449900404761,-1.4275420722524128,7.09084775659785,8.570560621307576,0.0,1.2945192929429525,2.344419780495099,220.07148315255617,4.401429663051124,4.284096914375315,139.9845162863621,199.57068793355012,0.0,rastrigin,value,qnei,exact,spike,0.25,0,50,10,608e40c7-8fd1-493f-a102-887a205d2f14,False,0.01,2.0,18.1591391999973,3.638939073438052,"x0,x1,x2,x3",4,0.25,20.0,,,,,,,
-0.2669652298478441,0.6340659142331322,-0.40293588786955414,0.8076438803713459,1.194384138562719,0.0,7.956625141880347,0.0105388214115897,217.1661688018754,4.3433233760375085,0.0105388214115897,109.04737619472783,109.04737619472783,0.0,hartmann_6,value,logei,exact,none,0.0,0,50,10,ce744d9a-10b4-4f83-ac7a-305ac0afaeda,True,0.01,2.0,0.0,7.967163963291937,"x0,x1,x2,x3,x4,x5",6,0.2,20.0,0.31252828994823345,0.2022957084510694,,,,,
-0.2669652298478442,0.6340659142331321,-0.40293588786955414,0.8076438803713459,1.194384138562719,0.0,3.4563502735243032,4.510813689767634,411.4844761821572,8.229689523643144,8.496832714962153,240.97385267978248,378.573655976597,0.0,hartmann_6,value,logei,exact,spike,0.25,0,50,10,ccbfc5eb-2fe1-4c70-a7ef-05f97c5ab6fb,False,0.01,2.0,20.407729199971072,7.967163963291937,"x0,x1,x2,x3,x4,x5",6,0.25,20.0,0.31252828994823345,0.20229570845106937,,,,,
-0.2669652298478441,0.6340659142331322,-0.40293588786955414,0.8076438803713459,1.194384138562719,0.0,7.847417807435467,0.11974615585647,255.94261897830503,5.118852379566101,0.11974615585647,97.54470550028186,97.54470550028186,0.0,hartmann_6,value,qnei,exact,none,0.0,0,50,10,154b1a2f-1171-495b-ada1-8df4cdac8ed6,True,0.01,2.0,0.0,7.967163963291937,"x0,x1,x2,x3,x4,x5",6,0.2,20.0,0.31252828994823345,0.2022957084510694,,,,,
-0.2669652298478442,0.6340659142331321,-0.40293588786955414,0.8076438803713459,1.194384138562719,0.0,6.262692846847771,1.7044711164441662,276.3114686434145,5.52622937286829,2.5700875101737735,158.3663097091869,169.81800464704347,0.0,hartmann_6,value,qnei,exact,spike,0.25,0,50,10,beb1af13-47c9-463c-a8d4-38fd01a0b89d,False,0.01,2.0,26.461986100010108,7.967163963291937,"x0,x1,x2,x3,x4,x5",6,0.25,20.0,0.31252828994823345,0.20229570845106937,,,,,
-0.4431970931924104,-0.0717622060586402,-0.1394084054933996,0.6924656012302588,0.836968810674568,0.0,3.514300926059477,0.0211116177273811,123.13369919583369,2.4626739839166736,0.0211116177273811,78.3227017563028,78.3227017563028,0.0,yerkes_dodson,value,logei,exact,none,0.0,0,50,10,210f4849-0c7b-4d02-afb6-a41724581972,True,0.01,2.0,0.0,3.5354125437868587,"x0,x1,x2,x3",4,0.2,20.0,,,,,,,
-0.4431970931924105,-0.07176220605864025,-0.1394084054933996,0.6924656012302587,0.836968810674568,0.0,0.6269713258438836,2.908441217942975,259.30358056934784,5.186071611386957,5.640853243942786,146.58696720789948,240.97296027992897,0.0,yerkes_dodson,value,logei,exact,spike,0.25,0,50,10,9010d0cd-c0c2-4329-b958-421c1e83feec,False,0.01,2.0,10.206738000037149,3.5354125437868587,"x0,x1,x2,x3",4,0.25,20.0,,,,,,,
-0.4431970931924104,-0.0717622060586402,-0.1394084054933996,0.6924656012302588,0.836968810674568,0.0,3.522805455280994,0.0126070885058644,134.84215510274973,2.6968431020549946,0.0126070885058644,25.990885297831632,25.990885297831632,0.0,yerkes_dodson,value,qnei,exact,none,0.0,0,50,10,810d3c76-f4d6-4d60-9510-7821b36dc711,True,0.01,2.0,0.0,3.5354125437868587,"x0,x1,x2,x3",4,0.2,20.0,,,,,,,
-0.4431970931924105,-0.07176220605864025,-0.1394084054933996,0.6924656012302587,0.836968810674568,0.0,3.0672699232511085,0.4681426205357502,175.19774792643585,3.503954958528717,3.4275384246572522,75.23336595390624,167.02316197113618,0.0,yerkes_dodson,value,qnei,exact,spike,0.25,0,50,10,8ba65fde-ef7e-459c-b731-4aca6208930a,False,0.01,2.0,16.688553699990734,3.5354125437868587,"x0,x1,x2,x3",4,0.25,20.0,,,,,,,
-0.4431970931924104,-0.0717622060586402,-0.1394084054933996,0.6924656012302588,0.836968810674568,0.0,3.0593887562558817,0.0,42.5145595711697,0.8502911914233939,0.0,9.514622536368876,9.514622536368876,0.0,stevens,value,logei,exact,none,0.0,0,50,10,e0614aa6-5690-464d-b480-49f8e79b0ce3,True,0.01,2.0,0.0,3.0593887562558817,"x0,x1,x2,x3",4,0.2,20.0,,,,,,,
-0.4431970931924105,-0.07176220605864025,-0.1394084054933996,0.6924656012302587,0.836968810674568,0.0,3.0593887562558817,0.0,112.92480860897103,2.2584961721794206,2.0361160927799844,9.806053401289766,80.7991520566153,0.0,stevens,value,logei,exact,spike,0.25,0,50,10,6dca1e45-fc4d-48b1-a714-0fb692b00f33,False,0.01,2.0,11.853552700020373,3.0593887562558817,"x0,x1,x2,x3",4,0.25,20.0,,,,,,,
-0.4431970931924104,-0.0717622060586402,-0.1394084054933996,0.6924656012302588,0.836968810674568,0.0,3.0593887562558817,0.0,135.49480973796082,2.7098961947592164,0.0,9.470730479723484,9.470730479723484,0.0,stevens,value,qnei,exact,none,0.0,0,50,10,54cf9919-c305-4e5d-b9d4-328579a07350,True,0.01,2.0,0.0,3.0593887562558817,"x0,x1,x2,x3",4,0.2,20.0,,,,,,,
-0.4431970931924105,-0.07176220605864025,-0.1394084054933996,0.6924656012302587,0.836968810674568,0.0,3.0593887562558817,0.0,107.20240544735208,2.1440481089470413,5.719230478041753,10.375467117563232,230.5809674702707,0.0,stevens,value,qnei,exact,spike,0.25,0,50,10,44ff2c76-5ce5-4ace-8350-2d8341343223,False,0.01,2.0,21.00774489995092,3.0593887562558817,"x0,x1,x2,x3",4,0.25,20.0,,,,,,,
-12.355727943147988,7.361574757307334,-1.502860411321075,13.556436278855504,31.125862049461226,0.0,2.352550617761304,0.2719297140173085,82.01592922170866,1.6403185844341732,0.2719297140173085,49.943876935820334,49.943876935820334,0.0,levy_10,value,logei,exact,none,0.0,0,50,10,572fa4c6-a748-42c8-98a2-718af094f4a9,True,0.01,2.0,0.0,2.6244803317786123,"x0,x1,x2,x3,x4,x5,x6,x7,x8,x9,x10",11,0.2,20.0,8.41267708830033,0.18150181831441348,1.1308746252561264,-14.047926608889131,9.620395174159006,-14.616231395576778,0.5581368704161598
-12.355727943147986,7.361574757307334,-1.502860411321075,13.556436278855504,31.125862049461226,0.0,2.0166141491788885,0.6078661825997238,139.45356229347095,2.789071245869419,0.6078661825997238,42.32733095475271,42.46089398857701,0.0,levy_10,value,logei,exact,spike,0.25,0,50,10,150ec4e3-7cb5-42fe-b8d9-eda1c4a5a02b,False,0.01,2.0,23.91717349999817,2.6244803317786123,"x0,x1,x2,x3,x4,x5,x6,x7,x8,x9,x10",11,0.25,20.0,8.41267708830033,0.18150181831441348,1.1308746252561264,-14.047926608889131,9.620395174159006,-14.616231395576778,0.5581368704161598
-12.355727943147988,7.361574757307334,-1.502860411321075,13.556436278855504,31.125862049461226,0.0,2.303107810208249,0.3213725215703631,76.38510090015536,1.5277020180031071,0.3213725215703631,43.79301982025928,43.79301982025928,0.0,levy_10,value,qnei,exact,none,0.0,0,50,10,d9788cab-c7c1-4bd5-ba11-32183adc3bc8,True,0.01,2.0,0.0,2.6244803317786123,"x0,x1,x2,x3,x4,x5,x6,x7,x8,x9,x10",11,0.2,20.0,8.41267708830033,0.18150181831441348,1.1308746252561264,-14.047926608889131,9.620395174159006,-14.616231395576778,0.5581368704161598
-12.355727943147986,7.361574757307334,-1.502860411321075,13.556436278855504,31.125862049461226,0.0,1.7676951640641414,0.8567851677144709,213.69317912259567,4.273863582451913,2.910643594380914,53.44355114025692,133.67665109172327,0.0,levy_10,value,qnei,exact,spike,0.25,0,50,10,1251bfa7-393d-4e89-b0d6-6b6a4efe930a,False,0.01,2.0,41.13269040000159,2.6244803317786123,"x0,x1,x2,x3,x4,x5,x6,x7,x8,x9,x10",11,0.25,20.0,8.41267708830033,0.18150181831441348,1.1308746252561264,-14.047926608889131,9.620395174159006,-14.616231395576778,0.5581368704161598
-4.431970931924103,-0.7176220605864025,-1.3940840549339955,6.924656012302586,8.369688106745677,0.0,5.402837764670362,0.0,131.81162345219272,2.6362324690438546,0.0,31.111071881090396,31.111071881090396,0.0,hicks_law,value,logei,exact,none,0.0,0,50,10,0b1a3e9d-dc38-47fc-a740-595bfd55daa0,True,0.01,2.0,0.0,5.402837764670362,"x0,x1,x2,x3",4,0.2,20.0,,,,,,,
-4.431970931924105,-0.7176220605864025,-1.3940840549339955,6.924656012302586,8.369688106745679,0.0,5.402837764670362,0.0,132.20858801032907,2.6441717602065813,2.308405116153863,30.116169197633305,109.75614570494159,0.0,hicks_law,value,logei,exact,spike,0.25,0,50,10,afe8d3f8-1241-4058-bbdd-b33a24e7c0e5,False,0.01,2.0,12.861944299947936,5.402837764670362,"x0,x1,x2,x3",4,0.25,20.0,,,,,,,
-4.431970931924103,-0.7176220605864025,-1.3940840549339955,6.924656012302586,8.369688106745677,0.0,5.402837764670362,0.0,255.3604491586889,5.107208983173779,0.0,31.089904060943663,31.089904060943663,0.0,hicks_law,value,qnei,exact,none,0.0,0,50,10,b31dc735-e929-448a-9fb9-1b486fa1c99e,True,0.01,2.0,0.0,5.402837764670362,"x0,x1,x2,x3",4,0.2,20.0,,,,,,,
-4.431970931924105,-0.7176220605864025,-1.3940840549339955,6.924656012302586,8.369688106745679,0.0,5.402837764670362,0.0,168.2006399481989,3.364012798963978,3.9554128931983046,50.35423223381349,191.46004494460345,0.0,hicks_law,value,qnei,exact,spike,0.25,0,50,10,fcd82d1e-67e5-4cbf-8b1a-a5628dde1a2e,False,0.01,2.0,15.120478499971796,5.402837764670362,"x0,x1,x2,x3",4,0.25,20.0,,,,,,,
-130.61818813895133,-59.80127948505765,,,143.65689715691502,0.0,2.389266296616281,0.8157792344387773,101.751641590816,2.03503283181632,0.8157792344387773,42.13246332873126,42.13246332873126,0.0,eggholder,value,logei,exact,none,0.0,0,50,10,9497227f-7b13-4866-8610-40b5c251063e,True,0.01,2.0,0.0,3.2050455310550587,"x0,x1",2,0.2,20.0,,,,,,,
-130.61818813895127,-59.80127948505765,,,143.656897156915,0.0,2.331166856074644,0.8738786749804146,164.2039945700644,3.284079891401288,2.7851860483310813,42.82005507404031,108.76015945463831,0.0,eggholder,value,logei,exact,spike,0.25,0,50,10,9aa6b73c-2f35-44e5-97b8-3ed1088c0da8,False,0.01,2.0,8.732659799978137,3.2050455310550587,"x0,x1",2,0.25,20.0,,,,,,,
-130.61818813895133,-59.80127948505765,,,143.65689715691502,0.0,2.345725670532815,0.8593198605222439,126.24752286212248,2.5249504572424497,0.8593198605222439,42.49248174873147,42.49248174873147,0.0,eggholder,value,qnei,exact,none,0.0,0,50,10,52fd24a6-0462-4ec3-9427-302fd1ccfbfd,True,0.01,2.0,0.0,3.2050455310550587,"x0,x1",2,0.2,20.0,,,,,,,
-130.61818813895127,-59.80127948505765,,,143.656897156915,0.0,2.331166856074644,0.8738786749804146,155.14450390625564,3.1028900781251125,4.159558285857817,42.82005507404031,169.31872009282029,0.0,eggholder,value,qnei,exact,spike,0.25,0,50,10,c88058cf-1451-45cf-a04e-cffa5e675751,False,0.01,2.0,9.99582620000001,3.2050455310550587,"x0,x1",2,0.25,20.0,,,,,,,
-1.2755682435444449,-0.5839968699712659,,,1.4028993862979968,0.0,1.249907153404514,0.0001483124955545,18.46268121738777,0.3692536243477555,0.0001483124955545,0.38835813567990346,0.38835813567990346,0.0,branin,value,logei,exact,none,0.0,0,50,10,f0bb0912-6c2e-43e4-8c6b-7d546bcdd1c7,True,0.01,2.0,0.0,1.2500554659000687,"x0,x1",2,0.2,20.0,,,,,,,
-1.2755682435444466,-0.5839968699712661,,,1.4028993862979984,0.0,1.2331847136995135,0.016870752200555117,103.64445246813852,2.0728890493627703,2.642003099850558,0.8266668578272007,91.39373285175229,0.0,branin,value,logei,exact,spike,0.25,0,50,10,02e79d7e-c3f8-4bd1-a54c-0ff61bc23641,False,0.01,2.0,7.259427000011783,1.2500554659000687,"x0,x1",2,0.25,20.0,,,,,,,
-1.2755682435444449,-0.5839968699712659,,,1.4028993862979968,0.0,1.2499761276642147,7.933823585393185e-05,22.392451628203183,0.4478490325640636,7.933823585393185e-05,0.2854744958678639,0.2854744958678639,0.0,branin,value,qnei,exact,none,0.0,0,50,10,99114764-8697-40cd-951a-3f71bc2a6f25,True,0.01,2.0,0.0,1.2500554659000687,"x0,x1",2,0.2,20.0,,,,,,,
-1.2755682435444466,-0.5839968699712661,,,1.4028993862979984,0.0,1.2331847136995135,0.016870752200555117,60.17157872271103,1.2034315744542206,0.43191825046443266,0.8266668578272007,19.332040504485263,0.0,branin,value,qnei,exact,spike,0.25,0,50,10,fb7af930-c95d-4794-a6d2-788173ad95df,False,0.01,2.0,10.872132699994836,1.2500554659000687,"x0,x1",2,0.25,20.0,,,,,,,
-0.4431970931924104,-0.0717622060586402,-0.1394084054933996,0.6924656012302588,0.836968810674568,0.0,2.153305282720616,0.0,73.11157675145539,1.4622315350291075,0.0,5.829743419713852,5.829743419713852,0.0,weber_fechner,value,logei,exact,none,0.0,0,50,10,194a4a43-2df2-4273-8cc6-bd3ab1ac4e0d,True,0.01,2.0,0.0,2.153305282720616,"x0,x1,x2,x3",4,0.2,20.0,,,,,,,
-0.4431970931924105,-0.07176220605864025,-0.1394084054933996,0.6924656012302587,0.836968810674568,0.0,2.11037301062145,0.042932272099165836,149.91096238126022,2.9982192476252045,6.210821228559142,7.587251045392391,221.20459742531324,0.0,weber_fechner,value,logei,exact,spike,0.25,0,50,10,3124f421-317d-4673-8343-bc43518d0c30,False,0.01,2.0,10.542971200018656,2.153305282720616,"x0,x1,x2,x3",4,0.25,20.0,,,,,,,
-0.4431970931924104,-0.0717622060586402,-0.1394084054933996,0.6924656012302588,0.836968810674568,0.0,2.153305282720616,0.0,71.45481862536842,1.4290963725073684,0.0,6.127243740051749,6.127243740051749,0.0,weber_fechner,value,qnei,exact,none,0.0,0,50,10,bbc69af6-aafc-4a16-9989-50282717576b,True,0.01,2.0,0.0,2.153305282720616,"x0,x1,x2,x3",4,0.2,20.0,,,,,,,
-0.4431970931924105,-0.07176220605864025,-0.1394084054933996,0.6924656012302587,0.836968810674568,0.0,2.002447793817377,0.15085748890323902,66.07003590498427,1.3214007180996854,1.4636947709369854,14.75806670200324,65.39948650500754,0.0,weber_fechner,value,qnei,exact,spike,0.25,0,50,10,d5840b42-11fc-42fe-b89a-c272baf990db,False,0.01,2.0,18.585972400032915,2.153305282720616,"x0,x1,x2,x3",4,0.25,20.0,,,,,,,
-0.4431970931924104,-0.0717622060586402,-0.1394084054933996,0.6924656012302588,0.836968810674568,0.0,1.2903746341618754,5.436371486311486e-07,17.529666919114515,0.3505933383822903,5.436371486311486e-07,1.4916200189364341,1.4916200189364341,0.0,steering_law,value,logei,exact,none,0.0,0,50,10,d045084a-4e2d-450e-a3b2-e94d4d532f10,True,0.01,2.0,0.0,1.290375177799024,"x0,x1,x2,x3",4,0.2,20.0,,,,,,,
-0.4431970931924105,-0.07176220605864025,-0.1394084054933996,0.6924656012302587,0.836968810674568,0.0,1.27052858120276,0.019846596596263977,93.90462401824192,1.8780924803648384,1.42425873832385,2.305891584294735,52.12318429194669,0.0,steering_law,value,logei,exact,spike,0.25,0,50,10,e7f5918a-c551-4f12-8763-f7d7faba4bf1,False,0.01,2.0,11.67343379999511,1.290375177799024,"x0,x1,x2,x3",4,0.25,20.0,,,,,,,
-0.4431970931924104,-0.0717622060586402,-0.1394084054933996,0.6924656012302588,0.836968810674568,0.0,1.290211518927711,0.0001636588713129,25.78263476345989,0.5156526952691978,0.0001636588713129,1.5024132746141599,1.5024132746141599,0.0,steering_law,value,qnei,exact,none,0.0,0,50,10,095affc4-a224-4233-9b30-08e8b72c4016,True,0.01,2.0,0.0,1.290375177799024,"x0,x1,x2,x3",4,0.2,20.0,,,,,,,
-0.4431970931924105,-0.07176220605864025,-0.1394084054933996,0.6924656012302587,0.836968810674568,0.0,1.2770989056186366,0.013276272180387405,45.43719752828934,0.9087439505657868,0.11578775788754592,1.8181441605699182,7.0941331555950615,0.0,steering_law,value,qnei,exact,spike,0.25,0,50,10,f2946d5a-3c4c-4fb0-81da-d9f2f7a00563,False,0.01,2.0,16.152778000046965,1.290375177799024,"x0,x1,x2,x3",4,0.25,20.0,,,,,,,
-0.806719586546955,0.30512280635741806,-0.6925252812540241,,1.1061137750945342,0.0,3.0527525096312957,0.0021484325244323,58.96027839413499,1.1792055678826998,0.0021484325244323,16.278784004873337,16.278784004873337,0.0,hartmann_3,value,logei,exact,none,0.0,0,50,10,963f451b-c6b4-46cf-8319-5727b722509e,True,0.01,2.0,0.0,3.0549009421557276,"x0,x1,x2",3,0.2,20.0,,,,,,,
-0.8067195865469551,0.30512280635741795,-0.6925252812540241,,1.1061137750945342,0.0,2.2468142017221364,0.8080867404335912,172.70169448942045,3.454033889788409,3.271248984521581,49.33806634577749,134.31716376681314,0.0,hartmann_3,value,logei,exact,spike,0.25,0,50,10,fdf99713-58a5-4f22-ac9a-ed713efe7ed1,False,0.01,2.0,11.646017499966547,3.0549009421557276,"x0,x1,x2",3,0.25,20.0,,,,,,,
-0.806719586546955,0.30512280635741806,-0.6925252812540241,,1.1061137750945342,0.0,3.0542103364636266,0.0006906056921009,120.27295036070032,2.4054590072140063,0.0006906056921009,16.983097474431965,16.983097474431965,0.0,hartmann_3,value,qnei,exact,none,0.0,0,50,10,94b4d106-cc43-4287-a193-a12dcc849c27,True,0.01,2.0,0.0,3.0549009421557276,"x0,x1,x2",3,0.2,20.0,,,,,,,
-0.8067195865469551,0.30512280635741795,-0.6925252812540241,,1.1061137750945342,0.0,2.9585107185936277,0.09639022356209992,123.27207805174818,2.4654415610349636,0.12468124743673759,15.8827472088843,16.915369580308575,0.0,hartmann_3,value,qnei,exact,spike,0.25,0,50,10,df29ab58-a3db-40c0-8323-9492bd3ef704,False,0.01,2.0,13.961707499984186,3.0549009421557276,"x0,x1,x2",3,0.25,20.0,,,,,,,
-0.4431970931924104,-0.0717622060586402,-0.1394084054933996,0.6924656012302588,0.836968810674568,0.0,1.7175746997911816,0.0,55.81442027524306,1.1162884055048612,0.0,5.837107454883961,5.837107454883961,0.0,power_law_practice,value,logei,exact,none,0.0,0,50,10,4664a586-9bbc-405d-aece-a8b520aad823,True,0.01,2.0,0.0,1.7175746997911816,"x0,x1,x2,x3",4,0.2,20.0,,,,,,,
-0.4431970931924105,-0.07176220605864025,-0.1394084054933996,0.6924656012302587,0.836968810674568,0.0,1.7175746997911816,0.0,52.85419316622001,1.0570838633244002,0.9547644677189144,4.920113035052803,37.85948717135534,0.0,power_law_practice,value,logei,exact,spike,0.25,0,50,10,81b91ede-7cf8-4e4c-a9b4-73a6b42c408a,False,0.01,2.0,9.384443900024053,1.7175746997911816,"x0,x1,x2,x3",4,0.25,20.0,,,,,,,
-0.4431970931924104,-0.0717622060586402,-0.1394084054933996,0.6924656012302588,0.836968810674568,0.0,1.7175746997911816,0.0,73.98333224395274,1.479666644879055,0.0,5.152894679878167,5.152894679878167,0.0,power_law_practice,value,qnei,exact,none,0.0,0,50,10,14b22828-0cc5-47f8-8e9b-b2a69f1b84b9,True,0.01,2.0,0.0,1.7175746997911816,"x0,x1,x2,x3",4,0.2,20.0,,,,,,,
-0.4431970931924105,-0.07176220605864025,-0.1394084054933996,0.6924656012302587,0.836968810674568,0.0,1.7175746997911816,0.0,44.97776550735199,0.8995553101470398,0.6013508548472015,10.62478089967153,34.03695952073416,0.0,power_law_practice,value,qnei,exact,spike,0.25,0,50,10,b74398c2-ac0a-464e-aa2a-06597c3681ad,False,0.01,2.0,20.959712199983187,1.7175746997911816,"x0,x1,x2,x3",4,0.25,20.0,,,,,,,
-0.4431970931924104,-0.0717622060586402,-0.1394084054933996,0.6924656012302588,0.836968810674568,0.0,2.259721779718369,0.6977780018635484,90.03891825038104,1.8007783650076208,0.6977780018635484,44.812263665056726,44.812263665056726,0.0,moving_peaks,value,logei,exact,none,0.0,0,50,10,4cdadab0-8e0c-4de5-a4c6-57e4256635f3,True,0.01,2.0,0.0,2.9574997815819173,"x0,x1,x2,x3",4,0.2,20.0,,,,,,,
-0.4431970931924105,-0.07176220605864025,-0.1394084054933996,0.6924656012302587,0.836968810674568,0.0,1.7542445522340535,1.2032552293478638,205.50298716616666,4.110059743323333,3.7592209010059254,61.46165668899776,149.6424723612009,0.0,moving_peaks,value,logei,exact,spike,0.25,0,50,10,494d2638-725d-40ec-9cd5-77dd0f55f405,False,0.01,2.0,14.220163499994669,2.9574997815819173,"x0,x1,x2,x3",4,0.25,20.0,,,,,,,
-0.4431970931924104,-0.0717622060586402,-0.1394084054933996,0.6924656012302588,0.836968810674568,0.0,2.349819200019766,0.6076805815621511,99.83752944583335,1.9967505889166677,0.6076805815621511,46.60045565446171,46.60045565446171,0.0,moving_peaks,value,qnei,exact,none,0.0,0,50,10,963c7d3e-2938-4c48-88b1-3bbf8714f623,True,0.01,2.0,0.0,2.9574997815819173,"x0,x1,x2,x3",4,0.2,20.0,,,,,,,
-0.4431970931924105,-0.07176220605864025,-0.1394084054933996,0.6924656012302587,0.836968810674568,0.0,1.63708364163896,1.3204161399429573,169.68797822643998,3.3937595645287995,1.632258412631228,66.32557506936986,78.90860416746519,0.0,moving_peaks,value,qnei,exact,spike,0.25,0,50,10,7dbbd0dd-07ec-432d-8224-3bfb846ce8f3,False,0.01,2.0,16.9190391000011,2.9574997815819173,"x0,x1,x2,x3",4,0.25,20.0,,,,,,,
-69.77955193800335,-443.40469564898035,416.1961148021012,711.8335013093259,1096.3402760066645,0.0,2.741018637278131,0.0128371783808396,68.07452104583045,1.361490420916609,0.0128371783808396,15.23711733206227,15.23711733206227,0.0,griewank,value,logei,exact,none,0.0,0,50,11,1c27d9be-6ab9-4102-bf2d-d37b66a03e44,True,0.01,2.0,0.0,2.7538558156589708,"x0,x1,x2,x3,x4,x5",6,0.2,20.0,265.28044698280206,-500.1852013885283,,,,,
-69.77955193800335,-443.40469564898035,416.1961148021012,711.8335013093259,1096.3402760066645,0.0,0.9791977447925131,1.7746580708664577,279.6230522474417,5.592461044948834,6.046008981396042,89.21260454856872,207.09127401749186,0.0,griewank,value,logei,exact,spike,0.25,0,50,11,e631bf9e-5853-4f9f-869b-7cb1ccfc55fd,False,0.01,2.0,20.2344001000165,2.7538558156589708,"x0,x1,x2,x3,x4,x5",6,0.25,20.0,265.280446982802,-500.1852013885283,,,,,
-69.77955193800335,-443.40469564898035,416.1961148021012,711.8335013093259,1096.3402760066645,0.0,2.7267343180997985,0.0271214975591722,103.1539940532509,2.063079881065018,0.0271214975591722,17.036601989952143,17.036601989952143,0.0,griewank,value,qnei,exact,none,0.0,0,50,11,e99da63c-7e08-46a8-b25b-60db56c5a204,True,0.01,2.0,0.0,2.7538558156589708,"x0,x1,x2,x3,x4,x5",6,0.2,20.0,265.28044698280206,-500.1852013885283,,,,,
-69.77955193800335,-443.40469564898035,416.1961148021012,711.8335013093259,1096.3402760066645,0.0,2.3470925241667575,0.40676329149221324,152.0621551651134,3.041243103302268,1.6276339223391656,51.20798472439408,106.64409141619129,0.0,griewank,value,qnei,exact,spike,0.25,0,50,11,e55eeada-3e0a-4329-b592-01aace1a9113,False,0.01,2.0,14.663772400002927,2.7538558156589708,"x0,x1,x2,x3,x4,x5",6,0.25,20.0,265.280446982802,-500.1852013885283,,,,,
19.3558818082563,428.93316052025455,-531.0777814691606,101.08494102735335,690.3767678790898,0.0,3.094969348704212,1.2334210230746403,153.58830763367902,3.0717661526735807,1.2334210230746403,85.8722838782452,85.8722838782452,0.0,schwefel,value,logei,exact,none,0.0,0,50,11,2ffb23a4-206f-4eea-a799-0a25d8201f91,True,0.01,2.0,0.0,4.328390371778852,"x0,x1,x2,x3",4,0.2,20.0,,,,,,,
19.3558818082563,428.93316052025455,-531.0777814691606,101.08494102735341,690.3767678790898,0.0,1.1219983095161397,3.2063920622627125,222.10643328469297,4.4421286656938594,3.2063920622627125,166.52752979096252,234.6463700429484,0.0,schwefel,value,logei,exact,spike,0.25,0,50,11,2d3d9b49-3e61-4b43-873f-4d150598523c,False,0.01,2.0,12.420283799991012,4.328390371778852,"x0,x1,x2,x3",4,0.25,20.0,,,,,,,
19.3558818082563,428.93316052025455,-531.0777814691606,101.08494102735335,690.3767678790898,0.0,2.9425515038328887,1.3858388679459632,171.81731540052195,3.436346308010439,1.3858388679459632,106.70245667211329,106.70245667211329,0.0,schwefel,value,qnei,exact,none,0.0,0,50,11,f4bf40b5-257d-4c19-8cd9-32e139953105,True,0.01,2.0,0.0,4.328390371778852,"x0,x1,x2,x3",4,0.2,20.0,,,,,,,
19.3558818082563,428.93316052025455,-531.0777814691606,101.08494102735341,690.3767678790898,0.0,1.8656139949776982,2.4627763768011537,216.8582652650858,4.337165305301716,3.663781751366674,143.39284659907054,221.88396259547744,0.0,schwefel,value,qnei,exact,spike,0.25,0,50,11,9eac7844-fd12-4775-bb86-baad01cc857d,False,0.01,2.0,11.864127299981192,4.328390371778852,"x0,x1,x2,x3",4,0.25,20.0,,,,,,,
0.1742029362743076,3.86039844468229,-4.779700033222446,0.909764469246181,6.213390910911808,0.0,0.7621983062921657,0.0020255771662941,15.1777074447082,0.303554148894164,0.0020255771662941,0.6684915271372863,0.6684915271372863,0.0,powell,value,logei,exact,none,0.0,0,50,11,45e5500e-a044-4a67-b2f0-36acb39c73df,True,0.01,2.0,0.0,0.7642238834584598,"x0,x1,x2,x3",4,0.2,20.0,,,,,,,
0.17420293627430716,3.86039844468229,-4.779700033222446,0.909764469246181,6.213390910911808,0.0,0.7480328583161124,0.01619102514234738,69.44572838233104,1.3889145676466208,0.36264345286786587,0.8032733151020239,4.471191401726829,0.0,powell,value,logei,exact,spike,0.25,0,50,11,ef5f02bc-d8ed-4bdb-850a-4095ddb2f305,False,0.01,2.0,11.614003400027286,0.7642238834584598,"x0,x1,x2,x3",4,0.25,20.0,,,,,,,
0.1742029362743076,3.86039844468229,-4.779700033222446,0.909764469246181,6.213390910911808,0.0,0.7620971014819315,0.0021267819765282,26.37930417197445,0.527586083439489,0.0021267819765282,0.4097783272152893,0.4097783272152893,0.0,powell,value,qnei,exact,none,0.0,0,50,11,7dfb3a3d-0933-4ec8-a0cd-5c5bdd9cb9f3,True,0.01,2.0,0.0,0.7642238834584598,"x0,x1,x2,x3",4,0.2,20.0,,,,,,,
0.17420293627430716,3.86039844468229,-4.779700033222446,0.909764469246181,6.213390910911808,0.0,0.7612429702105353,0.002980913247924488,56.995471571548066,1.1399094314309612,0.5120390609660271,0.5237207139296592,11.482844657555075,0.0,powell,value,qnei,exact,spike,0.25,0,50,11,bae87c63-c134-439e-9a7c-2c0e517f8e1d,False,0.01,2.0,14.427191600028891,0.7642238834584598,"x0,x1,x2,x3",4,0.25,20.0,,,,,,,
2.5121457262230966,-1.347294900034295,-1.481965935395698,2.889132524111535,4.57017014560389,0.0,7.292391837908819,0.7553293287801592,236.4820544055341,4.729641088110681,0.7553293287801592,168.57442584398157,168.57442584398157,0.0,michalewicz,value,logei,exact,none,0.0,0,50,11,8ff092ba-9b1f-4046-a103-f27d8996ff65,True,0.01,2.0,0.0,8.047721166688978,"x0,x1,x2,x3,x4",5,0.2,20.0,1.488981425934305,,,,,,
2.512145726223096,-1.347294900034295,-1.481965935395698,2.8891325241115347,4.57017014560389,0.0,1.1832821562984503,6.864439010390528,418.53635374043347,8.37072707480867,8.665807435313798,337.0975181986696,366.66798298965,0.0,michalewicz,value,logei,exact,spike,0.25,0,50,11,bf744771-2243-4564-a8a2-c06e4d74bca1,False,0.01,2.0,18.626118299958762,8.047721166688978,"x0,x1,x2,x3,x4",5,0.25,20.0,1.4889814259343046,,,,,,
2.5121457262230966,-1.347294900034295,-1.481965935395698,2.889132524111535,4.57017014560389,0.0,4.918243857870659,3.129477308818319,292.9168409942124,5.858336819884248,3.129477308818319,189.12453702283204,189.12453702283204,0.0,michalewicz,value,qnei,exact,none,0.0,0,50,11,31bf87b3-8c86-4477-b2c4-f35d5636723c,True,0.01,2.0,0.0,8.047721166688978,"x0,x1,x2,x3,x4",5,0.2,20.0,1.488981425934305,,,,,,
2.512145726223096,-1.347294900034295,-1.481965935395698,2.8891325241115347,4.57017014560389,0.0,1.9887853273935276,6.058935839295451,427.0112440201261,8.540224880402523,9.101659174294834,306.8911492826042,428.1079039387215,0.0,michalewicz,value,qnei,exact,spike,0.25,0,50,11,4c4255e2-4333-40fb-a3a3-7f4cf7903ffc,False,0.01,2.0,14.942227200022899,8.047721166688978,"x0,x1,x2,x3,x4",5,0.25,20.0,1.4889814259343046,,,,,,
-0.05814962661500278,-0.369503913040817,0.3468300956684177,0.5931945844244383,0.9136168966722205,0.0,7.919294039085956,0.0478699242059814,194.87154118597005,3.897430823719401,0.0478699242059814,80.73586686584336,80.73586686584336,0.0,hartmann_6,value,logei,exact,none,0.0,0,50,11,c82cc23b-434a-4418-90c8-ff64babacda3,True,0.01,2.0,0.0,7.967163963291937,"x0,x1,x2,x3,x4,x5",6,0.2,20.0,0.22106703915233508,-0.41682100115710696,,,,,
-0.05814962661500278,-0.369503913040817,0.3468300956684176,0.5931945844244383,0.9136168966722203,0.0,4.015798161092494,3.951365802199443,409.14333193292714,8.182866638658544,8.574974052367846,216.8396356536219,336.2779042835087,0.0,hartmann_6,value,logei,exact,spike,0.25,0,50,11,095d0027-e1b2-4e50-8e32-29f0680de278,False,0.01,2.0,16.64975649997359,7.967163963291937,"x0,x1,x2,x3,x4,x5",6,0.25,20.0,0.22106703915233505,-0.41682100115710685,,,,,
-0.05814962661500278,-0.369503913040817,0.3468300956684177,0.5931945844244383,0.9136168966722205,0.0,7.932259718770245,0.0349042445216918,235.49668456429464,4.709933691285893,0.0349042445216918,79.89017769318389,79.89017769318389,0.0,hartmann_6,value,qnei,exact,none,0.0,0,50,11,77646e3a-8ed7-46b3-838f-668f43a8d8ee,True,0.01,2.0,0.0,7.967163963291937,"x0,x1,x2,x3,x4,x5",6,0.2,20.0,0.22106703915233508,-0.41682100115710696,,,,,
-0.05814962661500278,-0.369503913040817,0.3468300956684176,0.5931945844244383,0.9136168966722203,0.0,5.998617756530732,1.9685462067612054,323.55952993177647,6.47119059863553,1.9685462067612054,178.26025426444818,233.84679604841202,0.0,hartmann_6,value,qnei,exact,spike,0.25,0,50,11,b815cc21-fbb1-45e5-af18-fb714bc33c86,False,0.01,2.0,20.812691400002223,7.967163963291937,"x0,x1,x2,x3,x4,x5",6,0.25,20.0,0.22106703915233505,-0.41682100115710685,,,,,
1.268507070185887,28.110563607855404,-34.804713486362914,6.624702695168629,45.244531859724034,0.0,14.527721897906344,5.574725255947088,775.764506804708,15.51529013609416,5.574725255947088,713.592203524894,713.592203524894,0.0,ackley,value,logei,exact,none,0.0,0,50,11,b7e8c00d-b8f3-484c-a002-adbfb35d8341,True,0.01,2.0,0.0,20.102447153853433,"x0,x1,x2,x3",4,0.2,20.0,,,,,,,
1.268507070185887,28.110563607855404,-34.804713486362914,6.6247026951686365,45.244531859724034,0.0,1.2897487109322534,18.812698442921178,1033.1161731664604,20.66232346332921,20.847569185600626,926.3479116821597,1004.4404440900513,0.0,ackley,value,logei,exact,spike,0.25,0,50,11,869c861e-371c-48bf-af11-e49b19f5656e,False,0.01,2.0,14.028999699978158,20.102447153853433,"x0,x1,x2,x3",4,0.25,20.0,,,,,,,
1.268507070185887,28.110563607855404,-34.804713486362914,6.624702695168629,45.244531859724034,0.0,15.96900962426362,4.133437529589813,774.5671523618033,15.491343047236066,4.133437529589813,538.6664790055886,538.6664790055886,0.0,ackley,value,qnei,exact,none,0.0,0,50,11,76b98d62-2a33-4ca9-9fe9-862b2aa05b13,True,0.01,2.0,0.0,20.102447153853433,"x0,x1,x2,x3",4,0.2,20.0,,,,,,,
1.268507070185887,28.110563607855404,-34.804713486362914,6.6247026951686365,45.244531859724034,0.0,6.523873335495361,13.578573818358072,937.6561050374245,18.753122100748488,15.721791577707805,764.768408841865,872.8221403492207,0.0,ackley,value,qnei,exact,spike,0.25,0,50,11,c9d93ba7-728e-46d7-a68d-948694413575,False,0.01,2.0,16.399608900013845,20.102447153853433,"x0,x1,x2,x3",4,0.25,20.0,,,,,,,
0.1982042297165445,4.392275563727407,-5.438236482244204,1.0351097961200995,7.069458103081879,0.0,2.6163010911088973,1.0226379823291545,126.67350112617936,2.533470022523587,1.0226379823291545,81.24129446529683,81.24129446529683,0.0,rastrigin,value,logei,exact,none,0.0,0,50,11,060fc384-f204-48fb-bed2-5829698159e1,True,0.01,2.0,0.0,3.638939073438052,"x0,x1,x2,x3",4,0.2,20.0,,,,,,,
0.19820422971654494,4.392275563727407,-5.438236482244204,1.0351097961200995,7.06945810308188,0.0,1.122161253354696,2.5167778200833557,239.44200075543918,4.788840015108784,5.681691046607606,123.32211318408443,156.55370206258905,0.0,rastrigin,value,logei,exact,spike,0.25,0,50,11,329e9c0c-bb4d-4faf-8566-8673b3b753b2,False,0.01,2.0,13.966896100027952,3.638939073438052,"x0,x1,x2,x3",4,0.25,20.0,,,,,,,
0.1982042297165445,4.392275563727407,-5.438236482244204,1.0351097961200995,7.069458103081879,0.0,3.016338631871065,0.6226004415669864,153.76231934723106,3.075246386944621,0.6226004415669864,74.58709419415746,74.58709419415746,0.0,rastrigin,value,qnei,exact,none,0.0,0,50,11,7ff88c5e-b068-4c39-913c-564fa3519059,True,0.01,2.0,0.0,3.638939073438052,"x0,x1,x2,x3",4,0.2,20.0,,,,,,,
0.19820422971654494,4.392275563727407,-5.438236482244204,1.0351097961200995,7.06945810308188,0.0,1.6392971619149097,1.999641911523142,199.22892246182695,3.984578449236539,5.288560154896254,101.64878620045288,176.2552315890677,0.0,rastrigin,value,qnei,exact,spike,0.25,0,50,11,4c2c1abb-0512-4c03-8269-72f40bf080e8,False,0.01,2.0,15.326074699987657,3.638939073438052,"x0,x1,x2,x3",4,0.25,20.0,,,,,,,
0.2903382271238444,6.433997407803819,-7.966166722037409,1.5162741154103019,10.355651518186347,0.0,1.024975734261086,0.0006475163103376,17.21090239202579,0.3442180478405158,0.0006475163103376,1.1286845131761483,1.1286845131761483,0.0,rosenbrock,value,logei,exact,none,0.0,0,50,11,ada578fa-2cac-4f1d-9497-61f7d3a27829,True,0.01,2.0,0.0,1.0256232505714238,"x0,x1,x2,x3",4,0.2,20.0,,,,,,,
0.2903382271238444,6.433997407803819,-7.966166722037409,1.5162741154103019,10.355651518186347,0.0,0.8959220620293679,0.12970118854205592,78.55282305750093,1.5710564611500186,0.4125184550378018,6.35535823856074,9.32493953676607,0.0,rosenbrock,value,logei,exact,spike,0.25,0,50,11,d7c20432-e717-45be-94bd-a0854aa2d54b,False,0.01,2.0,14.046586899959948,1.0256232505714238,"x0,x1,x2,x3",4,0.25,20.0,,,,,,,
0.2903382271238444,6.433997407803819,-7.966166722037409,1.5162741154103019,10.355651518186347,0.0,1.0229548426008188,0.0026684079706049,29.57619239132548,0.5915238478265096,0.0026684079706049,1.6982974361277103,1.6982974361277103,0.0,rosenbrock,value,qnei,exact,none,0.0,0,50,11,26ee44bf-98d7-41cb-bb3c-178758f056a7,True,0.01,2.0,0.0,1.0256232505714238,"x0,x1,x2,x3",4,0.2,20.0,,,,,,,
0.2903382271238444,6.433997407803819,-7.966166722037409,1.5162741154103019,10.355651518186347,0.0,0.947251101332386,0.07837214923903779,80.97130568089219,1.6194261136178438,0.3087089368833461,6.227035640303195,41.9716472705599,0.0,rosenbrock,value,qnei,exact,spike,0.25,0,50,11,49cfcf1d-33d2-45f6-94b5-224e0f606d1b,False,0.01,2.0,16.52375250001205,1.0256232505714238,"x0,x1,x2,x3",4,0.25,20.0,,,,,,,
0.19355881808256314,4.289331605202546,-5.3107778146916065,1.0108494102735344,6.903767678790898,0.0,13.46897243502536,43.30510160299302,2578.922063418061,51.57844126836122,43.30510160299302,2330.5988814096117,2330.5988814096117,0.0,shekel,value,logei,exact,none,0.0,0,50,11,46438507-4b4d-49b4-a1e0-3cae08db5423,True,0.01,2.0,0.0,56.774074038018384,"x0,x1,x2,x3",4,0.2,20.0,,,,,,,
0.19355881808256314,4.289331605202546,-5.3107778146916065,1.0108494102735344,6.903767678790898,0.0,1.196970232133873,55.57710380588451,2875.8241089613084,57.516482179226166,57.963459392913975,2728.7219931156187,2812.8827561301623,0.0,shekel,value,logei,exact,spike,0.25,0,50,11,c9d99788-c4e0-4901-bacf-8915dac76bdb,False,0.01,2.0,18.928532199992333,56.774074038018384,"x0,x1,x2,x3",4,0.25,20.0,,,,,,,
0.19355881808256314,4.289331605202546,-5.3107778146916065,1.0108494102735344,6.903767678790898,0.0,30.155149846958818,26.61892419105957,2584.7671377973834,51.69534275594767,26.61892419105957,2269.772619340106,2269.772619340106,0.0,shekel,value,qnei,exact,none,0.0,0,50,11,a7796ca5-22c9-4df4-a2b8-058d6e9c28f2,True,0.01,2.0,0.0,56.774074038018384,"x0,x1,x2,x3",4,0.2,20.0,,,,,,,
0.19355881808256314,4.289331605202546,-5.3107778146916065,1.0108494102735344,6.903767678790898,0.0,3.2046194579636844,53.569454580054696,2841.791505479831,56.83583010959662,57.20659720701358,2647.9568987085495,2762.745192274479,0.0,shekel,value,qnei,exact,spike,0.25,0,50,11,400de81c-ca19-422d-b5ff-358bbd5aed4d,False,0.01,2.0,14.817775400006212,56.774074038018384,"x0,x1,x2,x3",4,0.25,20.0,,,,,,,
0.019355881808256314,0.4289331605202547,-0.5310777814691606,0.1010849410273534,0.69037676787909,0.0,3.0593887562558817,0.0,52.40147938357044,1.0480295876714087,0.0,19.3685577343278,19.3685577343278,0.0,stevens,value,logei,exact,none,0.0,0,50,11,f41f4af1-1622-4075-a383-48b3f1f14cf8,True,0.01,2.0,0.0,3.0593887562558817,"x0,x1,x2,x3",4,0.2,20.0,,,,,,,
0.019355881808256314,0.42893316052025454,-0.5310777814691606,0.10108494102735344,0.6903767678790899,0.0,2.4031624443085975,0.6562263119472842,161.10651763524277,3.2221303527048555,2.566819455419733,63.33436745704711,196.8747917935709,0.0,stevens,value,logei,exact,spike,0.25,0,50,11,6782396d-b48e-4756-9cde-f482ef6f9308,False,0.01,2.0,19.616005500021856,3.0593887562558817,"x0,x1,x2,x3",4,0.25,20.0,,,,,,,
0.019355881808256314,0.4289331605202547,-0.5310777814691606,0.1010849410273534,0.69037676787909,0.0,3.0593887562558817,0.0,133.20024572838122,2.664004914567625,0.0,18.94683574345284,18.94683574345284,0.0,stevens,value,qnei,exact,none,0.0,0,50,11,983b12c3-07c2-46be-aa03-dd029b8b9e7c,True,0.01,2.0,0.0,3.0593887562558817,"x0,x1,x2,x3",4,0.2,20.0,,,,,,,
0.019355881808256314,0.42893316052025454,-0.5310777814691606,0.10108494102735344,0.6903767678790899,0.0,2.987111401008726,0.07227735524715584,146.12490438316144,2.9224980876632287,5.324304533999737,27.809382549761985,164.73577161935958,0.0,stevens,value,qnei,exact,spike,0.25,0,50,11,9a1e16da-89ba-4b19-803e-a8c6a65402e9,False,0.01,2.0,13.394157800008543,3.0593887562558817,"x0,x1,x2,x3",4,0.25,20.0,,,,,,,
0.19355881808256314,4.289331605202546,-5.3107778146916065,1.0108494102735344,6.903767678790898,0.0,5.402837764670362,0.0,105.49568486163692,2.109913697232739,0.0,26.502453634670847,26.502453634670847,0.0,hicks_law,value,logei,exact,none,0.0,0,50,11,703d2e24-4a82-49da-b5a9-5f01ac802918,True,0.01,2.0,0.0,5.402837764670362,"x0,x1,x2,x3",4,0.2,20.0,,,,,,,
0.19355881808256314,4.289331605202546,-5.3107778146916065,1.0108494102735344,6.903767678790898,0.0,3.4251313180712093,1.9777064465991523,196.7122039467478,3.934244078934956,5.706980680104762,112.12083946519702,212.89621366771507,0.0,hicks_law,value,logei,exact,spike,0.25,0,50,11,eff7b929-fbd7-42dd-b147-78327abb4446,False,0.01,2.0,11.508832400024403,5.402837764670362,"x0,x1,x2,x3",4,0.25,20.0,,,,,,,
0.19355881808256314,4.289331605202546,-5.3107778146916065,1.0108494102735344,6.903767678790898,0.0,5.402837764670362,0.0,261.8913335335164,5.237826670670327,0.0,26.435838359065457,26.435838359065457,0.0,hicks_law,value,qnei,exact,none,0.0,0,50,11,ad95d441-d942-440f-9f12-b82997766b9b,True,0.01,2.0,0.0,5.402837764670362,"x0,x1,x2,x3",4,0.2,20.0,,,,,,,
0.19355881808256314,4.289331605202546,-5.3107778146916065,1.0108494102735344,6.903767678790898,0.0,5.402837764670362,0.0,186.73504234597578,3.7347008469195155,2.2841605786576413,47.70125714355733,228.71072272639975,0.0,hicks_law,value,qnei,exact,spike,0.25,0,50,11,33f670e2-be45-46c4-9956-3af019191985,False,0.01,2.0,12.729013099975418,5.402837764670362,"x0,x1,x2,x3",4,0.25,20.0,,,,,,,
0.019355881808256314,0.4289331605202547,-0.5310777814691606,0.1010849410273534,0.69037676787909,0.0,3.527373063158374,0.0080394806284846,107.5480796680554,2.150961593361108,0.0080394806284846,20.81053288543624,20.81053288543624,0.0,yerkes_dodson,value,logei,exact,none,0.0,0,50,11,cfc99410-345b-4c3b-a9bb-cf6218b339b1,True,0.01,2.0,0.0,3.5354125437868587,"x0,x1,x2,x3",4,0.2,20.0,,,,,,,
0.019355881808256314,0.42893316052025454,-0.5310777814691606,0.10108494102735344,0.6903767678790899,0.0,2.3952633105310235,1.1401492332558352,186.61853704793504,3.7323707409587006,3.6771379265994515,69.05035342496923,155.8386180005532,0.0,yerkes_dodson,value,logei,exact,spike,0.25,0,50,11,adf06ccf-edef-41fd-ba2f-7b80bf9f1ebb,False,0.01,2.0,21.27595859998837,3.5354125437868587,"x0,x1,x2,x3",4,0.25,20.0,,,,,,,
0.019355881808256314,0.4289331605202547,-0.5310777814691606,0.1010849410273534,0.69037676787909,0.0,3.526315381979666,0.0090971618071926,142.11965095064156,2.8423930190128317,0.0090971618071926,22.282181012907614,22.282181012907614,0.0,yerkes_dodson,value,qnei,exact,none,0.0,0,50,11,ca3631e4-9c60-4aee-9295-0b8352e9b243,True,0.01,2.0,0.0,3.5354125437868587,"x0,x1,x2,x3",4,0.2,20.0,,,,,,,
0.019355881808256314,0.42893316052025454,-0.5310777814691606,0.10108494102735344,0.6903767678790899,0.0,3.3309372379950797,0.20447530579177897,163.8467159037095,3.2769343180741903,0.9587470303505188,51.20462998834369,80.14982031696458,0.0,yerkes_dodson,value,qnei,exact,spike,0.25,0,50,11,6b9934c2-9153-4e72-ade3-d02662a89b71,False,0.01,2.0,15.432379100006074,3.5354125437868587,"x0,x1,x2,x3",4,0.25,20.0,,,,,,,
4.729281548541579,-4.705888540681705,,,6.67169325753929,0.0,1.2500426610841018,1.2804815966882543e-05,17.913616402898473,0.3582723280579694,1.2804815966882543e-05,5.321714254582849,5.321714254582849,0.0,branin,value,logei,exact,none,0.0,0,50,11,27db93b0-4ec4-41a1-8517-72f4cb71ce4c,True,0.01,2.0,0.0,1.2500554659000687,"x0,x1",2,0.2,20.0,,,,,,,
4.729281548541579,-4.705888540681705,,,6.67169325753929,0.0,0.9692573440162648,0.2807981218838038,62.80628544083362,1.2561257088166724,4.672499962382926,20.327019371469028,72.9852803863909,0.0,branin,value,logei,exact,spike,0.25,0,50,11,423c65a5-d57c-4a83-8cb0-38281966f744,False,0.01,2.0,7.88652010000078,1.2500554659000687,"x0,x1",2,0.25,20.0,,,,,,,
4.729281548541579,-4.705888540681705,,,6.67169325753929,0.0,1.250009510986228,4.595491384074002e-05,17.850264953410658,0.3570052990682131,4.595491384074002e-05,5.358475368187825,5.358475368187825,0.0,branin,value,qnei,exact,none,0.0,0,50,11,30c0e784-fc9d-46ed-ab16-2295df162310,True,0.01,2.0,0.0,1.2500554659000687,"x0,x1",2,0.2,20.0,,,,,,,
4.729281548541579,-4.705888540681705,,,6.67169325753929,0.0,1.1748839294894302,0.07517153641063845,49.815259384519905,0.9963051876903981,0.9601359141011417,7.725657449048826,37.178852128380505,0.0,branin,value,qnei,exact,spike,0.25,0,50,11,e1b359c7-8011-4e41-bfd4-c406d3a3a4af,False,0.01,2.0,8.259320200013462,1.2500554659000687,"x0,x1",2,0.25,20.0,,,,,,,
0.019355881808256314,0.4289331605202547,-0.5310777814691606,0.1010849410273534,0.69037676787909,0.0,2.153305282720616,0.0,83.0286959341984,1.660573918683968,0.0,12.026871820619998,12.026871820619998,0.0,weber_fechner,value,logei,exact,none,0.0,0,50,11,0b40252e-4d50-42de-9762-217d3f513e54,True,0.01,2.0,0.0,2.153305282720616,"x0,x1,x2,x3",4,0.2,20.0,,,,,,,
0.019355881808256314,0.42893316052025454,-0.5310777814691606,0.10108494102735344,0.6903767678790899,0.0,1.8256876622310119,0.32761762048960397,141.18313541915396,2.823662708383079,2.2797422986297082,37.58650763867269,163.75889262560773,0.0,weber_fechner,value,logei,exact,spike,0.25,0,50,11,8e71bcff-1921-4ca9-ba29-2ba538ea68d2,False,0.01,2.0,18.65319050004473,2.153305282720616,"x0,x1,x2,x3",4,0.25,20.0,,,,,,,
0.019355881808256314,0.4289331605202547,-0.5310777814691606,0.1010849410273534,0.69037676787909,0.0,2.153305282720616,0.0,70.94149366176302,1.4188298732352604,0.0,12.009374635119674,12.009374635119674,0.0,weber_fechner,value,qnei,exact,none,0.0,0,50,11,3267bf93-5f81-4ca3-88a6-db1892e4d975,True,0.01,2.0,0.0,2.153305282720616,"x0,x1,x2,x3",4,0.2,20.0,,,,,,,
0.019355881808256314,0.42893316052025454,-0.5310777814691606,0.10108494102735344,0.6903767678790899,0.0,1.998236437784483,0.15506884493613282,109.7874415925494,2.195748831850988,0.7030117242353853,19.077703778126363,64.43359053655041,0.0,weber_fechner,value,qnei,exact,spike,0.25,0,50,11,6c1a7aea-0c58-4fad-a4fc-a7a4795019c7,False,0.01,2.0,12.063697600038722,2.153305282720616,"x0,x1,x2,x3",4,0.25,20.0,,,,,,,
0.019355881808256314,0.4289331605202547,-0.5310777814691606,0.1010849410273534,0.69037676787909,0.0,2.617179076533212,0.3403207050487054,73.21473667220167,1.4642947334440333,0.3403207050487054,48.34699016098358,48.34699016098358,0.0,moving_peaks,value,logei,exact,none,0.0,0,50,11,8f669348-3660-43d8-a38c-dff562d1d02a,True,0.01,2.0,0.0,2.9574997815819173,"x0,x1,x2,x3",4,0.2,20.0,,,,,,,
0.019355881808256314,0.42893316052025454,-0.5310777814691606,0.10108494102735344,0.6903767678790899,0.0,1.816288383088389,1.1412113984935284,180.86543661991738,3.6173087323983477,2.20771818779441,96.98472840975866,105.60932575675999,0.0,moving_peaks,value,logei,exact,spike,0.25,0,50,11,643b6a35-acde-48f5-b71d-17ba3b83f2b3,False,0.01,2.0,14.7696737999795,2.9574997815819173,"x0,x1,x2,x3",4,0.25,20.0,,,,,,,
0.019355881808256314,0.4289331605202547,-0.5310777814691606,0.1010849410273534,0.69037676787909,0.0,2.5715267557069152,0.385973025875002,80.44177128515435,1.608835425703087,0.385973025875002,56.983790066037194,56.983790066037194,0.0,moving_peaks,value,qnei,exact,none,0.0,0,50,11,5624f135-5afe-4115-8b04-2120fe51f34e,True,0.01,2.0,0.0,2.9574997815819173,"x0,x1,x2,x3",4,0.2,20.0,,,,,,,
0.019355881808256314,0.42893316052025454,-0.5310777814691606,0.10108494102735344,0.6903767678790899,0.0,1.3722575643452521,1.5852422172366651,194.59473146014037,3.8918946292028074,4.595341546806459,82.40076228306698,168.9886552188115,0.0,moving_peaks,value,qnei,exact,spike,0.25,0,50,11,5fa54229-202d-45e7-b28c-5bd07e5f118a,False,0.01,2.0,12.288968999986537,2.9574997815819173,"x0,x1,x2,x3",4,0.25,20.0,,,,,,,
484.27843057065763,-481.8829865658065,,,683.1813895720231,0.0,2.624264151129288,0.5807813799257708,127.10177200308756,2.5420354400617517,0.5807813799257708,39.8403277025959,39.8403277025959,0.0,eggholder,value,logei,exact,none,0.0,0,50,11,ffdcdb30-e447-4ab3-919d-7e7df1cfb891,True,0.01,2.0,0.0,3.2050455310550587,"x0,x1",2,0.2,20.0,,,,,,,
484.27843057065763,-481.8829865658065,,,683.1813895720231,0.0,2.3037211741727988,0.90132435688226,132.0431835294675,2.6408636705893502,0.9790010317859084,52.65461817013557,185.21478223763611,0.0,eggholder,value,logei,exact,spike,0.25,0,50,11,66dee562-1135-425c-9988-4369dcc9f401,False,0.01,2.0,10.896749400009867,3.2050455310550587,"x0,x1",2,0.25,20.0,,,,,,,
484.27843057065763,-481.8829865658065,,,683.1813895720231,0.0,2.7322988983484224,0.4727466327066363,143.13035170513857,2.8626070341027714,0.4727466327066363,37.417480515640285,37.417480515640285,0.0,eggholder,value,qnei,exact,none,0.0,0,50,11,9339157a-3cbd-458c-9506-a9201c67eb81,True,0.01,2.0,0.0,3.2050455310550587,"x0,x1",2,0.2,20.0,,,,,,,
484.27843057065763,-481.8829865658065,,,683.1813895720231,0.0,2.9029677586520877,0.30207777240297107,167.37520240325523,3.3475040480651046,2.295548972558742,37.97307685039299,176.81898084338317,0.0,eggholder,value,qnei,exact,spike,0.25,0,50,11,757700cd-044c-457a-8241-ad6022d6c6e3,False,0.01,2.0,8.10295510001015,3.2050455310550587,"x0,x1",2,0.25,20.0,,,,,,,
-0.09988119439725508,-0.35135177786265903,0.32671266533701215,,0.4900668224773924,0.0,3.0439590462975854,0.0109418958581422,76.05092383465293,1.5210184766930588,0.0109418958581422,26.26736849355106,26.26736849355106,0.0,hartmann_3,value,logei,exact,none,0.0,0,50,11,7c28d5c2-f94f-4a6f-9024-7c600a733992,True,0.01,2.0,0.0,3.0549009421557276,"x0,x1,x2",3,0.2,20.0,,,,,,,
-0.09988119439725507,-0.35135177786265903,0.32671266533701204,,0.49006682247739236,0.0,1.9327997017243537,1.122101240431374,177.27439098473886,3.545487819694777,4.041977135092582,68.9745564924178,140.2733747560454,0.0,hartmann_3,value,logei,exact,spike,0.25,0,50,11,ef9f4c51-a604-47b1-90dc-d66e55a308b7,False,0.01,2.0,9.638257399958093,3.0549009421557276,"x0,x1,x2",3,0.25,20.0,,,,,,,
-0.09988119439725508,-0.35135177786265903,0.32671266533701215,,0.4900668224773924,0.0,3.053857666544639,0.0010432756110887,113.00845389301264,2.260169077860253,0.0010432756110887,28.24893029891357,28.24893029891357,0.0,hartmann_3,value,qnei,exact,none,0.0,0,50,11,8b3bf2f1-0b62-4c58-a463-abfb6c741506,True,0.01,2.0,0.0,3.0549009421557276,"x0,x1,x2",3,0.2,20.0,,,,,,,
-0.09988119439725507,-0.35135177786265903,0.32671266533701204,,0.49006682247739236,0.0,1.1322061557731014,1.9226947863826263,185.3885595278937,3.707771190557874,3.714961415531424,109.98155289189089,178.47623866701977,0.0,hartmann_3,value,qnei,exact,spike,0.25,0,50,11,7ccfaaf8-e4cc-437b-8e9c-bc91d8fd150a,False,0.01,2.0,11.211596799956169,3.0549009421557276,"x0,x1,x2",3,0.25,20.0,,,,,,,
0.019355881808256314,0.4289331605202547,-0.5310777814691606,0.1010849410273534,0.69037676787909,0.0,1.7175746997911816,0.0,48.2773225064039,0.965546450128078,0.0,12.280836482157696,12.280836482157696,0.0,power_law_practice,value,logei,exact,none,0.0,0,50,11,0c8c01ad-48c9-44d1-be16-899b2069a3fa,True,0.01,2.0,0.0,1.7175746997911816,"x0,x1,x2,x3",4,0.2,20.0,,,,,,,
0.019355881808256314,0.42893316052025454,-0.5310777814691606,0.10108494102735344,0.6903767678790899,0.0,1.7175746997911816,0.0,115.17842402422353,2.3035684804844707,0.320530732606513,22.39446154375988,153.52658979791542,0.0,power_law_practice,value,logei,exact,spike,0.25,0,50,11,f14add9a-28d4-4ab4-82ca-04fe21ede873,False,0.01,2.0,17.7354486999684,1.7175746997911816,"x0,x1,x2,x3",4,0.25,20.0,,,,,,,
0.019355881808256314,0.4289331605202547,-0.5310777814691606,0.1010849410273534,0.69037676787909,0.0,1.7175746997911816,0.0,62.94464488298741,1.2588928976597482,0.0,11.916211012945936,11.916211012945936,0.0,power_law_practice,value,qnei,exact,none,0.0,0,50,11,3a30c1c5-6e8d-4f2a-9f84-a882bdfe40eb,True,0.01,2.0,0.0,1.7175746997911816,"x0,x1,x2,x3",4,0.2,20.0,,,,,,,
0.019355881808256314,0.42893316052025454,-0.5310777814691606,0.10108494102735344,0.6903767678790899,0.0,1.6470452588229525,0.0705294409682291,89.4123305724241,1.7882466114484818,0.5854547925731104,23.071019074433465,49.43676059747592,0.0,power_law_practice,value,qnei,exact,spike,0.25,0,50,11,4a795df6-cc52-402f-8ead-3f4404b3b835,False,0.01,2.0,10.943605899985414,1.7175746997911816,"x0,x1,x2,x3",4,0.25,20.0,,,,,,,
0.019355881808256314,0.4289331605202547,-0.5310777814691606,0.1010849410273534,0.69037676787909,0.0,1.2903663217692936,8.856029730441861e-06,27.296111983638657,0.5459222396727731,8.856029730441861e-06,6.85394871020817,6.85394871020817,0.0,steering_law,value,logei,exact,none,0.0,0,50,11,eeef36ee-4e36-41c8-a174-6b3515d494e9,True,0.01,2.0,0.0,1.290375177799024,"x0,x1,x2,x3",4,0.2,20.0,,,,,,,
0.019355881808256314,0.42893316052025454,-0.5310777814691606,0.10108494102735344,0.6903767678790899,0.0,1.2573474871006323,0.03302769069839173,72.36413525642128,1.4472827051284256,1.6233005720291678,11.491401332546165,84.56800548747665,0.0,steering_law,value,logei,exact,spike,0.25,0,50,11,32ce5295-3088-48c2-9e5b-01dbc255b1ac,False,0.01,2.0,17.43680189998122,1.290375177799024,"x0,x1,x2,x3",4,0.25,20.0,,,,,,,
0.019355881808256314,0.4289331605202547,-0.5310777814691606,0.1010849410273534,0.69037676787909,0.0,1.2903741379074658,1.039891558196615e-06,36.879616629296855,0.7375923325859371,1.039891558196615e-06,6.849884812218981,6.849884812218981,0.0,steering_law,value,qnei,exact,none,0.0,0,50,11,03265f0a-53ea-461d-a8a2-87bdbc6f0f01,True,0.01,2.0,0.0,1.290375177799024,"x0,x1,x2,x3",4,0.2,20.0,,,,,,,
0.019355881808256314,0.42893316052025454,-0.5310777814691606,0.10108494102735344,0.6903767678790899,0.0,1.1882802148202742,0.10209496297874976,63.94903267061169,1.2789806534122339,1.5750448489150917,13.809515783925532,51.13955504735182,0.0,steering_law,value,qnei,exact,spike,0.25,0,50,11,e46d00a0-6c7f-4799-ac84-b15afd59b273,False,0.01,2.0,12.158784699975513,1.290375177799024,"x0,x1,x2,x3",4,0.25,20.0,,,,,,,
7.656396380681262,3.271301801533685,-6.523790837244563,2.1855812899002167,26.46118990581866,0.0,2.285070640285637,0.3394096914929752,80.08983873594876,1.6017967747189752,0.3394096914929752,42.257797127564785,42.257797127564785,0.0,levy_10,value,logei,exact,none,0.0,0,50,11,da716d87-6725-45cf-a2cd-ef25ebf8e170,True,0.01,2.0,0.0,2.6244803317786123,"x0,x1,x2,x3,x4,x5,x6,x7,x8,x9,x10",11,0.2,20.0,12.802270198530717,-5.157008777157715,8.839234746579272,13.739249731407202,-7.985063688434973,7.180600930018455,-3.289673247994922
7.656396380681262,3.271301801533685,-6.523790837244563,2.1855812899002167,26.46118990581866,0.0,1.0711521180853574,1.553328213693255,270.89457604210384,5.417891520842077,7.788469322095294,77.93857088146345,221.342766016873,0.0,levy_10,value,logei,exact,spike,0.25,0,50,11,605c8d09-72ed-4ede-a7cf-34547ed24dfd,False,0.01,2.0,55.789489899994805,2.6244803317786123,"x0,x1,x2,x3,x4,x5,x6,x7,x8,x9,x10",11,0.25,20.0,12.802270198530717,-5.157008777157715,8.839234746579272,13.739249731407202,-7.985063688434973,7.1806009300184535,-3.289673247994922
7.656396380681262,3.271301801533685,-6.523790837244563,2.1855812899002167,26.46118990581866,0.0,2.3718555681497238,0.2526247636288889,75.89342865272106,1.517868573054421,0.2526247636288889,33.730430228318305,33.730430228318305,0.0,levy_10,value,qnei,exact,none,0.0,0,50,11,1a1f73a5-8d87-4ccb-8abc-f0e79f0f20f8,True,0.01,2.0,0.0,2.6244803317786123,"x0,x1,x2,x3,x4,x5,x6,x7,x8,x9,x10",11,0.2,20.0,12.802270198530717,-5.157008777157715,8.839234746579272,13.739249731407202,-7.985063688434973,7.180600930018455,-3.289673247994922
7.656396380681262,3.271301801533685,-6.523790837244563,2.1855812899002167,26.46118990581866,0.0,1.0711521180853574,1.553328213693255,259.0488684636171,5.180977369272342,2.5111126824730743,77.93857088146345,175.3348607300906,0.0,levy_10,value,qnei,exact,spike,0.25,0,50,11,6fecbac6-05ff-4fbf-bd2c-41f440afb5e5,False,0.01,2.0,21.66077650000807,2.6244803317786123,"x0,x1,x2,x3,x4,x5,x6,x7,x8,x9,x10",11,0.25,20.0,12.802270198530717,-5.157008777157715,8.839234746579272,13.739249731407202,-7.985063688434973,7.1806009300184535,-3.289673247994922
