delta_x0,delta_x1,delta_x2,delta_x3,delta_l2_norm,iteration,final_best_true,final_simple_regret_true,final_cum_regret_true,final_avg_regret_true,final_inference_simple_regret_true,auc_simple_regret_true,auc_inference_simple_regret_true,acq_opt_failures,dataset,objective,acquisition,oracle_model,error_model,jitter_std,jitter_iteration,iterations,seed,run_id,baseline,xi,kappa,runtime_sec,y_opt,param_columns,dim,error_bias_used,error_spike_std_used,delta_x4,delta_x5,delta_x6,delta_x7,delta_x8,delta_x9,delta_x10
-324.92918169344154,-23.66035557331361,-770.4203856796188,596.0212283921744,1027.096714485386,0.0,1.9709211655907284,2.3574692061881235,192.01482351682327,3.8402964703364653,2.3574692061881235,136.7433304884018,136.7433304884018,0.0,schwefel,value,logei,exact,none,0.0,0,50,7,122d0eab-b9e3-4350-9d55-4398fc7f7f62,True,0.01,2.0,27.375508299999638,4.328390371778852,"x0,x1,x2,x3",4,0.2,0.5,,,,,,,
-13.787405756607313,-423.55130573128656,-266.6798315244961,0.0,500.70343885987916,20.0,1.9709211655907284,2.3574692061881235,192.01482351682327,3.8402964703364653,2.3574692061881235,136.7433304884018,136.7433304884018,0.0,schwefel,value,logei,exact,none,0.0,20,50,7,122d0eab-b9e3-4350-9d55-4398fc7f7f62,True,0.01,2.0,27.375508299999638,4.328390371778852,"x0,x1,x2,x3",4,0.2,0.5,,,,,,,
-324.92918169344154,-23.66035557331361,-770.4203856796188,596.0212283921744,1027.096714485386,0.0,2.1962166230809426,2.1321737486979093,180.68784597803318,3.6137569195606636,2.1321737486979093,141.5509962050524,141.5509962050524,0.0,schwefel,value,logei,exact,gaussian,0.05,0,50,7,311374dd-d13d-4c88-9060-4560ec4200da,False,0.01,2.0,15.436264500007383,4.328390371778852,"x0,x1,x2,x3",4,0.05,0.05,,,,,,,
-13.20858357407856,-423.55130573128656,-266.59722496655456,0.0,500.643841095223,20.0,1.895659439039731,2.432730932739121,194.82457325242308,3.8964914650484617,2.432730932739121,137.60884034373828,138.0712611517473,0.0,schwefel,value,logei,exact,gaussian,0.05,20,50,7,8dd88ca6-550f-4b44-a108-1e72dcf0ac8c,False,0.01,2.0,19.80030629999237,4.328390371778852,"x0,x1,x2,x3",4,0.05,0.05,,,,,,,
-324.92918169344154,-23.66035557331361,-770.4203856796188,596.0212283921744,1027.096714485386,0.0,2.705039701935201,1.623350669843651,144.0943395895833,2.881886791791666,1.6247636892430792,105.1381680307965,105.928526428156,0.0,schwefel,value,logei,exact,gaussian,0.25,0,50,7,5c2fb5da-f1b1-4612-b76f-16e52f99fda3,False,0.01,2.0,21.51171069999691,4.328390371778852,"x0,x1,x2,x3",4,0.25,0.25,,,,,,,
-6.777943144235316,-423.55130573128656,-265.57909294897297,0.0,499.97390303049167,20.0,2.0809287000583536,2.2474616717204983,167.87166798454672,3.3574333596909343,2.2739151440255383,134.9246264925169,135.07012059019462,0.0,schwefel,value,logei,exact,gaussian,0.25,20,50,7,995de4cf-de75-4a29-a672-f60964d59e08,False,0.01,2.0,27.88162050000392,4.328390371778852,"x0,x1,x2,x3",4,0.25,0.25,,,,,,,
-324.92918169344154,-23.66035557331361,-770.4203856796188,596.0212283921744,1027.096714485386,0.0,2.6395919999882236,1.6887983717906283,184.70777495594976,3.6941554991189953,1.951584280957694,118.51178183777657,131.84044617947356,0.0,schwefel,value,logei,exact,gaussian,1.0,0,50,7,68ea7920-f5e9-48f9-9f4a-ed894ea1ff24,False,0.01,2.0,38.39827130000049,4.328390371778852,"x0,x1,x2,x3",4,1.0,1.0,,,,,,,
-3.869154357405847,-423.55130573128656,-265.04593378499,0.0,499.6599102970705,20.0,1.895659439039731,2.432730932739121,191.09147176909693,3.8218294353819386,2.4672310390170304,137.60884034373828,170.07147553678868,0.0,schwefel,value,logei,exact,gaussian,1.0,20,50,7,d33e7a04-94f5-4205-8387-dd55f04c791a,False,0.01,2.0,20.21425820000877,4.328390371778852,"x0,x1,x2,x3",4,1.0,1.0,,,,,,,
-324.92918169344154,-23.66035557331361,-770.4203856796188,596.0212283921744,1027.096714485386,0.0,1.4953675297513132,2.833022842027539,223.86559879734145,4.477311975946829,3.3931172915976915,146.56151364201153,201.33997785562306,0.0,schwefel,value,logei,exact,gaussian,5.0,0,50,7,30877c6f-f817-4aaa-9b8f-464a94787411,False,0.01,2.0,14.854189699995914,4.328390371778852,"x0,x1,x2,x3",4,5.0,5.0,,,,,,,
44.95467887655134,-423.55130573128656,24.929659701018863,0.0,426.65925476002536,20.0,2.084385054146281,2.244005317632571,186.50969992733016,3.730193998546603,2.432730932739121,132.4188859283081,177.63421630711431,0.0,schwefel,value,logei,exact,gaussian,5.0,20,50,7,52d283d7-7a24-4c07-9654-50258e0902bf,False,0.01,2.0,13.039807200009818,4.328390371778852,"x0,x1,x2,x3",4,5.0,5.0,,,,,,,
-324.92918169344154,-23.66035557331361,-770.4203856796188,596.0212283921744,1027.096714485386,0.0,2.7772067495232418,1.5511836222556101,172.58374832484265,3.451674966496853,1.5511836222556101,108.13551664871393,108.13551664871393,0.0,schwefel,value,qnei,exact,none,0.0,0,50,7,8bb20835-cd76-4102-bdc4-663b3ba9fbbf,True,0.01,2.0,23.239069799994468,4.328390371778852,"x0,x1,x2,x3",4,0.2,0.5,,,,,,,
-18.26678828743752,-75.52565441425293,-149.90778455880582,-10.971414351749502,169.2055431516543,20.0,2.7772067495232418,1.5511836222556101,172.58374832484265,3.451674966496853,1.5511836222556101,108.13551664871393,108.13551664871393,0.0,schwefel,value,qnei,exact,none,0.0,20,50,7,8bb20835-cd76-4102-bdc4-663b3ba9fbbf,True,0.01,2.0,23.239069799994468,4.328390371778852,"x0,x1,x2,x3",4,0.2,0.5,,,,,,,
-324.92918169344154,-23.66035557331361,-770.4203856796188,596.0212283921744,1027.096714485386,0.0,2.4726888904214506,1.8557014813574013,189.155916203759,3.78311832407518,1.8557014813574013,132.13073424633978,132.13073424633978,0.0,schwefel,value,qnei,exact,gaussian,0.05,0,50,7,6666bf5c-1f16-4e3f-947e-f3d0cc4ea8d9,False,0.01,2.0,14.458291299990378,4.328390371778852,"x0,x1,x2,x3",4,0.05,0.05,,,,,,,
-16.34215542941314,-75.5201402626443,-147.18231508111592,-11.148885386817938,166.60518943710562,20.0,2.7715002064242302,1.5568901653546217,162.84318506935796,3.256863701387159,1.5568901653546217,107.07495426711617,107.07495426711617,0.0,schwefel,value,qnei,exact,gaussian,0.05,20,50,7,b1539902-2adc-482a-a3c7-3a6db8171a9b,False,0.01,2.0,27.26400539999304,4.328390371778852,"x0,x1,x2,x3",4,0.05,0.05,,,,,,,
-324.92918169344154,-23.66035557331361,-770.4203856796188,596.0212283921744,1027.096714485386,0.0,2.668455809808594,1.6599345619702577,169.34646158652913,3.3869292317305826,1.6599345619702577,95.80517426776458,99.83296007534281,0.0,schwefel,value,qnei,exact,gaussian,0.25,0,50,7,60fa4ba6-18cc-4724-99ff-ea8063073fa7,False,0.01,2.0,24.779517999995733,4.328390371778852,"x0,x1,x2,x3",4,0.25,0.25,,,,,,,
30.59632174929085,-50.361172788106614,-79.91562867500326,-0.15539086377361855,99.29206656133815,20.0,2.561119133614771,1.767271238164081,173.6456696807108,3.472913393614216,1.7728673691351666,110.90017192153081,111.00929647546698,0.0,schwefel,value,qnei,exact,gaussian,0.25,20,50,7,849f010e-3384-4ffc-8e0c-a98f89d51d0d,False,0.01,2.0,46.2597209999949,4.328390371778852,"x0,x1,x2,x3",4,0.25,0.25,,,,,,,
-324.92918169344154,-23.66035557331361,-770.4203856796188,596.0212283921744,1027.096714485386,0.0,2.7159382997129606,1.6124520720658913,185.06862573318423,3.7013725146636847,1.7428720153198038,115.62146080289442,144.91097293018962,0.0,schwefel,value,qnei,exact,gaussian,1.0,0,50,7,06cedae2-120d-40e3-9707-3fd08a2aed6d,False,0.01,2.0,53.084871399987605,4.328390371778852,"x0,x1,x2,x3",4,1.0,1.0,,,,,,,
23.688200070994085,-62.36418643282036,-155.44167815999236,3.2892521755510984,169.18438775814994,20.0,2.561119133614771,1.767271238164081,186.45293200008254,3.729058640001651,1.767271238164081,110.90017192153081,119.36904597385515,0.0,schwefel,value,qnei,exact,gaussian,1.0,20,50,7,283f0709-3954-4680-9ce0-d33e092e98cd,False,0.01,2.0,42.91422840001178,4.328390371778852,"x0,x1,x2,x3",4,1.0,1.0,,,,,,,
-324.92918169344154,-23.66035557331361,-770.4203856796188,596.0212283921744,1027.096714485386,0.0,1.475570912322535,2.8528194594563168,218.33283047239843,4.366656609447968,4.335724358447598,152.0349194935134,262.002971956307,0.0,schwefel,value,qnei,exact,gaussian,5.0,0,50,7,7de8c37c-14b8-4bb6-b9d5-f4ef8ce4c5b5,False,0.01,2.0,19.22081289999187,4.328390371778852,"x0,x1,x2,x3",4,5.0,5.0,,,,,,,
-410.0858994199995,-304.397714212982,-681.4131480283231,-199.75912193693318,874.6747958093238,20.0,2.561119133614771,1.767271238164081,209.41089286870724,4.188217857374145,5.657170892839016,110.90017192153081,182.85749039314453,0.0,schwefel,value,qnei,exact,gaussian,5.0,20,50,7,2bb5bbb9-29d4-4983-b67b-f20f91a797fb,False,0.01,2.0,30.50246519999928,4.328390371778852,"x0,x1,x2,x3",4,5.0,5.0,,,,,,,
-21.294558851461385,-1.5506050628526822,-50.49027039589949,39.06084722390954,67.31181028051424,0.0,18.874213474487966,1.2282336793654665,554.7770198277719,11.095540396555439,1.2282336793654665,351.2657706182827,351.2657706182827,0.0,ackley,value,logei,exact,none,0.0,0,50,7,2c7a8f2d-b867-45de-8f22-6a159a8f5625,True,0.01,2.0,15.612381800005096,20.102447153853433,"x0,x1,x2,x3",4,0.2,0.5,,,,,,,
2.888967669689277,1.6668817512930802,0.5867313282793276,0.12548305297937867,3.3888978470106217,20.0,18.874213474487966,1.2282336793654665,554.7770198277719,11.095540396555439,1.2282336793654665,351.2657706182827,351.2657706182827,0.0,ackley,value,logei,exact,none,0.0,20,50,7,2c7a8f2d-b867-45de-8f22-6a159a8f5625,True,0.01,2.0,15.612381800005096,20.102447153853433,"x0,x1,x2,x3",4,0.2,0.5,,,,,,,
-21.294558851461385,-1.5506050628526822,-50.49027039589949,39.06084722390954,67.31181028051424,0.0,16.193674095025376,3.908773058828057,678.9003568443352,13.578007136886704,3.908773058828057,392.11211901699664,392.11211901699664,0.0,ackley,value,logei,exact,gaussian,0.05,0,50,7,9b905b47-de74-4a7b-9b78-df22f49e243a,False,0.01,2.0,18.01766180001141,20.102447153853433,"x0,x1,x2,x3",4,0.05,0.05,,,,,,,
2.8831766266237,1.6768499638865983,0.5945577420959061,0.13573050521066377,3.390642260756305,20.0,18.036844083816515,2.065603070036918,630.0271694940378,12.600543389880757,2.065603070036918,341.7083554411747,341.7083554411747,0.0,ackley,value,logei,exact,gaussian,0.05,20,50,7,330e265a-6bec-4c4c-9513-a783c4e5a8c9,False,0.01,2.0,14.994670400003088,20.102447153853433,"x0,x1,x2,x3",4,0.05,0.05,,,,,,,
-21.294558851461385,-1.5506050628526822,-50.49027039589949,39.06084722390954,67.31181028051424,0.0,15.264705276029723,4.83774187782371,693.2871153919408,13.865742307838817,4.83774187782371,501.970170748357,501.970170748357,0.0,ackley,value,logei,exact,gaussian,0.25,0,50,7,a0e942d3-d47c-4e1c-863c-9eecbf77b2ac,False,0.01,2.0,45.92342120000103,20.102447153853433,"x0,x1,x2,x3",4,0.25,0.25,,,,,,,
2.819924963136351,1.7696584974382448,0.6677517706493474,0.22864864222142622,3.4032103408502357,20.0,16.765496408080878,3.3369507457725547,628.011486310286,12.560229726205721,3.3369507457725547,369.04233046949093,369.9351546829612,0.0,ackley,value,logei,exact,gaussian,0.25,20,50,7,145e4344-4ac8-40ce-a9c3-2d85ad81c8fd,False,0.01,2.0,23.009811299998546,20.102447153853433,"x0,x1,x2,x3",4,0.25,0.25,,,,,,,
-21.294558851461385,-1.5506050628526822,-50.49027039589949,39.06084722390954,67.31181028051424,0.0,15.884371845370328,4.218075308483105,512.2474931629989,10.24494986325998,4.375350236441289,414.7913501324023,419.8871972130674,0.0,ackley,value,logei,exact,gaussian,1.0,0,50,7,88bc6f83-f3ff-42e7-9f12-daac816cb64c,False,0.01,2.0,13.14562759999535,20.102447153853433,"x0,x1,x2,x3",4,1.0,1.0,,,,,,,
2.790751354855432,1.805779142915568,0.6961175847521213,0.2635758289616368,3.4063445725631243,20.0,16.765496408080878,3.3369507457725547,511.4645389626177,10.229290779252354,4.768327410310054,369.04233046949093,381.2090321180597,0.0,ackley,value,logei,exact,gaussian,1.0,20,50,7,a5a16307-28f2-450f-8c6d-3f70562b5361,False,0.01,2.0,20.17375319999701,20.102447153853433,"x0,x1,x2,x3",4,1.0,1.0,,,,,,,
-21.294558851461385,-1.5506050628526822,-50.49027039589949,39.06084722390954,67.31181028051424,0.0,13.541353151755153,6.5610940020982795,786.5244893705053,15.730489787410106,7.699404133210782,646.4780513764616,806.6218381870057,0.0,ackley,value,logei,exact,gaussian,5.0,0,50,7,fbb81028-d7f7-4f79-848f-642b8a91ae4c,False,0.01,2.0,13.408142800006317,20.102447153853433,"x0,x1,x2,x3",4,5.0,5.0,,,,,,,
-0.3836514103916347,-2.539446647401163,-4.2231322031202705,-5.07913674497976,7.0872034935457835,20.0,16.765496408080878,3.3369507457725547,650.3418493842616,13.006836987685233,6.114129565305392,369.04233046949093,499.09015422729567,0.0,ackley,value,logei,exact,gaussian,5.0,20,50,7,c4d39ce8-c232-4b15-8120-6d1b15cfcd7a,False,0.01,2.0,59.995203099999344,20.102447153853433,"x0,x1,x2,x3",4,5.0,5.0,,,,,,,
-21.294558851461385,-1.5506050628526822,-50.49027039589949,39.06084722390954,67.31181028051424,0.0,16.39337860309868,3.709068550754754,726.8140419824479,14.536280839648958,3.709068550754754,415.52421521037104,415.52421521037104,0.0,ackley,value,qnei,exact,none,0.0,0,50,7,51425e26-b5d7-4561-b6e2-3ea493769776,True,0.01,2.0,54.43861850000394,20.102447153853433,"x0,x1,x2,x3",4,0.2,0.5,,,,,,,
3.0055555721209086,-4.329003395503009,1.7713997445490888,4.73612966338861,7.303589250416654,20.0,16.39337860309868,3.709068550754754,726.8140419824479,14.536280839648958,3.709068550754754,415.52421521037104,415.52421521037104,0.0,ackley,value,qnei,exact,none,0.0,20,50,7,51425e26-b5d7-4561-b6e2-3ea493769776,True,0.01,2.0,54.43861850000394,20.102447153853433,"x0,x1,x2,x3",4,0.2,0.5,,,,,,,
-21.294558851461385,-1.5506050628526822,-50.49027039589949,39.06084722390954,67.31181028051424,0.0,17.470748445222423,2.63169870863101,692.4142914442763,13.848285828885526,2.63169870863101,444.0275394621499,444.0275394621499,0.0,ackley,value,qnei,exact,gaussian,0.05,0,50,7,9e76e318-4bd9-4da3-bfd6-a1ce240f094d,False,0.01,2.0,17.328162300007534,20.102447153853433,"x0,x1,x2,x3",4,0.05,0.05,,,,,,,
3.011490922530072,-4.337130366774255,1.7727863917134847,4.735164137883815,7.310562796271016,20.0,17.102249436554956,3.0001977172984766,639.5561431731962,12.791122863463924,3.0001977172984766,400.59504910508485,400.8208894940016,0.0,ackley,value,qnei,exact,gaussian,0.05,20,50,7,a98b0c9e-dc29-4f03-bb1c-56e3c7816b80,False,0.01,2.0,27.88677940001071,20.102447153853433,"x0,x1,x2,x3",4,0.05,0.05,,,,,,,
-21.294558851461385,-1.5506050628526822,-50.49027039589949,39.06084722390954,67.31181028051424,0.0,17.05419117774243,3.048255976111001,655.8507110497828,13.117014220995657,3.048255976111001,349.7408182721208,349.8634079048706,0.0,ackley,value,qnei,exact,gaussian,0.25,0,50,7,43df52be-4686-4dec-b975-d7e61ee1e057,False,0.01,2.0,33.37957550000283,20.102447153853433,"x0,x1,x2,x3",4,0.25,0.25,,,,,,,
2.9654216144586103,-4.307275491091743,1.7841981706153884,4.624897347612334,7.205510814344589,20.0,15.931024004468368,4.171423149385065,719.274344400852,14.38548688801704,4.171423149385065,430.47518071768303,430.47518071768303,0.0,ackley,value,qnei,exact,gaussian,0.25,20,50,7,4556960e-8dae-4288-851e-c9d751280243,False,0.01,2.0,14.449384999999893,20.102447153853433,"x0,x1,x2,x3",4,0.25,0.25,,,,,,,
-21.294558851461385,-1.5506050628526822,-50.49027039589949,39.06084722390954,67.31181028051424,0.0,15.78616770192067,4.316279451932763,611.6606061533183,12.233212123066366,4.316279451932763,458.4981031160233,467.14579321815364,0.0,ackley,value,qnei,exact,gaussian,1.0,0,50,7,c419b21c-186e-4c7b-bb73-c1c2f6b4411e,False,0.01,2.0,56.75745309999911,20.102447153853433,"x0,x1,x2,x3",4,1.0,1.0,,,,,,,
3.01231505207573,-4.332190049998786,1.7621945856019012,4.763949048989574,7.324100825436787,20.0,16.756942405331557,3.3455047485218756,640.6346165768182,12.812692331536363,3.4237539405195143,410.2918869805682,411.81774622452224,0.0,ackley,value,qnei,exact,gaussian,1.0,20,50,7,86944959-6a69-4765-ba67-0666a3d7a22f,False,0.01,2.0,51.23895490000723,20.102447153853433,"x0,x1,x2,x3",4,1.0,1.0,,,,,,,
-21.294558851461385,-1.5506050628526822,-50.49027039589949,39.06084722390954,67.31181028051424,0.0,13.048494047446889,7.053953106406544,753.518277878059,15.070365557561182,12.878322273963228,532.6835670058496,652.9956753217967,0.0,ackley,value,qnei,exact,gaussian,5.0,0,50,7,b7485895-7912-4978-b084-222b85f1e5ad,False,0.01,2.0,57.543960899987724,20.102447153853433,"x0,x1,x2,x3",4,5.0,5.0,,,,,,,
2.6358083121695026,-3.4516116149151994,0.9529818104682988,4.394692257091259,6.251607998294571,20.0,15.889989867472762,4.212457286380671,672.9923814549086,13.45984762909817,6.147237865147327,433.199894693274,504.9663213655201,0.0,ackley,value,qnei,exact,gaussian,5.0,20,50,7,48f7a1d0-7df8-4196-9e45-c2c21c7ebba2,False,0.01,2.0,25.929785500004073,20.102447153853433,"x0,x1,x2,x3",4,5.0,5.0,,,,,,,
-2.924362635240974,-0.21294320015982215,-6.93378347111657,5.36419105552957,9.243870430368473,0.0,0.7636709713128257,0.0005529121456341324,23.12403117155078,0.4624806234310156,0.0005529121456341324,1.4950863068908382,1.4950863068908382,0.0,powell,value,logei,exact,none,0.0,0,50,7,709133d7-7fc5-4339-857b-8b1099c6d6e8,True,0.01,2.0,24.37155329999223,0.7642238834584598,"x0,x1,x2,x3",4,0.2,0.5,,,,,,,
-4.361083588254356,-1.7385789850716824,-2.4433680033444043,-1.6391392089307268,5.540625551063314,20.0,0.7636709713128257,0.0005529121456341324,23.12403117155078,0.4624806234310156,0.0005529121456341324,1.4950863068908382,1.4950863068908382,0.0,powell,value,logei,exact,none,0.0,20,50,7,709133d7-7fc5-4339-857b-8b1099c6d6e8,True,0.01,2.0,24.37155329999223,0.7642238834584598,"x0,x1,x2,x3",4,0.2,0.5,,,,,,,
-2.924362635240974,-0.21294320015982215,-6.93378347111657,5.36419105552957,9.243870430368473,0.0,0.7634689677799525,0.000754915678507273,27.068748075567317,0.5413749615113463,0.015202983320857011,1.153994094550606,1.4846677960195707,0.0,powell,value,logei,exact,gaussian,0.05,0,50,7,4f90e8ab-5373-4efa-9f83-859032d7a4e0,False,0.01,2.0,25.392433999993955,0.7642238834584598,"x0,x1,x2,x3",4,0.05,0.05,,,,,,,
-4.353736881279172,-1.7505234351948429,-2.4985679277952477,-1.6411459988157233,5.563772012566002,20.0,0.7636709713128257,0.0005529121456341324,23.44841981109758,0.4689683962219516,0.0005529121456341324,1.4950863068908382,1.724953846103574,0.0,powell,value,logei,exact,gaussian,0.05,20,50,7,5c412a9c-1ba2-4341-980a-a21b6a49dc88,False,0.01,2.0,21.39449050000985,0.7642238834584598,"x0,x1,x2,x3",4,0.05,0.05,,,,,,,
-2.924362635240974,-0.21294320015982215,-6.93378347111657,5.36419105552957,9.243870430368473,0.0,0.7537463376647807,0.0104775457936791,30.115152844737704,0.602303056894754,0.014612511829933506,2.526313201702064,5.929185477509626,0.0,powell,value,logei,exact,gaussian,0.25,0,50,7,432e1e40-ffd2-4675-85fc-725432b34cce,False,0.01,2.0,32.35139930000878,0.7642238834584598,"x0,x1,x2,x3",4,0.25,0.25,,,,,,,
-4.29708569515407,-1.8646302664654884,-2.8947109647200717,-1.6697469573697603,5.754059260472825,20.0,0.7636709713128257,0.0005529121456341324,24.571089557755652,0.49142179115511303,0.05101958858163369,1.4950863068908382,3.0040576126705463,0.0,powell,value,logei,exact,gaussian,0.25,20,50,7,8789a251-2eb6-415d-9082-698477e598bf,False,0.01,2.0,16.367411100000027,0.7642238834584598,"x0,x1,x2,x3",4,0.25,0.25,,,,,,,
-2.924362635240974,-0.21294320015982215,-6.93378347111657,5.36419105552957,9.243870430368473,0.0,0.7631368592357333,0.0010870242227265514,6.058698539129239,0.12117397078258478,0.21153259581091866,1.2145508400132456,2.1611684392918997,0.0,powell,value,logei,exact,gaussian,1.0,0,50,7,678ef1a0-c460-446a-89c7-c6e1e301fb84,False,0.01,2.0,60.54199080000399,0.7642238834584598,"x0,x1,x2,x3",4,1.0,1.0,,,,,,,
-4.277237146443399,-1.9057741742359768,-3.005656983530696,-1.6841016195088598,5.813510555385558,20.0,0.7636709713128257,0.0005529121456341324,30.687972288146767,0.6137594457629354,0.08351632958648514,1.4950863068908382,7.467676077498932,0.0,powell,value,logei,exact,gaussian,1.0,20,50,7,22e47dd2-477f-4d6d-8488-56930d99e758,False,0.01,2.0,18.030783599999268,0.7642238834584598,"x0,x1,x2,x3",4,1.0,1.0,,,,,,,
-2.924362635240974,-0.21294320015982215,-6.93378347111657,5.36419105552957,9.243870430368473,0.0,0.7503176137784694,0.013906269679990424,37.07156768040101,0.7414313536080201,0.031479220572784516,1.9181538189831824,57.33307087644844,0.0,powell,value,logei,exact,gaussian,5.0,0,50,7,865a2657-11f3-44bb-be7d-6c334c0c15f4,False,0.01,2.0,26.1554036999878,0.7642238834584598,"x0,x1,x2,x3",4,5.0,5.0,,,,,,,
-2.31849035095336,-0.8493469476333029,-5.350780537066547,0.873783722540558,5.95744392290392,20.0,0.7636709713128257,0.0005529121456341324,31.15245013399729,0.6230490026799458,0.5284196858416628,1.4950863068908382,9.62126130882714,0.0,powell,value,logei,exact,gaussian,5.0,20,50,7,6ed29e66-cf48-4b90-8a76-18b8989359fa,False,0.01,2.0,39.71278780000284,0.7642238834584598,"x0,x1,x2,x3",4,5.0,5.0,,,,,,,
-2.924362635240974,-0.21294320015982215,-6.93378347111657,5.36419105552957,9.243870430368473,0.0,0.7626108185085724,0.0016130649498874439,19.361979077625097,0.38723958155250193,0.0016130649498874439,1.424375878516304,1.424375878516304,0.0,powell,value,qnei,exact,none,0.0,0,50,7,5e2887d6-6e00-461e-9baa-2f3ed7edd667,True,0.01,2.0,35.2583553000004,0.7642238834584598,"x0,x1,x2,x3",4,0.2,0.5,,,,,,,
-2.2628323167616875,0.230217233740523,1.2049530187410071,0.3726051866550215,2.6007991985133136,20.0,0.7626108185085724,0.0016130649498874439,19.361979077625097,0.38723958155250193,0.0016130649498874439,1.424375878516304,1.424375878516304,0.0,powell,value,qnei,exact,none,0.0,20,50,7,5e2887d6-6e00-461e-9baa-2f3ed7edd667,True,0.01,2.0,35.2583553000004,0.7642238834584598,"x0,x1,x2,x3",4,0.2,0.5,,,,,,,
-2.924362635240974,-0.21294320015982215,-6.93378347111657,5.36419105552957,9.243870430368473,0.0,0.7543445135124268,0.009879369946033001,16.91914376231756,0.3383828752463512,0.025740258994019327,1.907774495240163,2.356299759609145,0.0,powell,value,qnei,exact,gaussian,0.05,0,50,7,b4bb5618-54a0-432b-8314-747ae7be81a6,False,0.01,2.0,29.92546779999975,0.7642238834584598,"x0,x1,x2,x3",4,0.05,0.05,,,,,,,
-2.14845073483451,0.2750030068430534,1.0971044776650676,0.324232553990387,2.4495371394946304,20.0,0.7635089136455944,0.0007149698128654514,16.6022315277741,0.33204463055548206,0.005529305585941113,1.4155256839494736,2.0683149928504787,0.0,powell,value,qnei,exact,gaussian,0.05,20,50,7,3c6b2f2e-beed-4496-bf73-a36b9412b4cb,False,0.01,2.0,24.652481000011903,0.7642238834584598,"x0,x1,x2,x3",4,0.05,0.05,,,,,,,
-2.924362635240974,-0.21294320015982215,-6.93378347111657,5.36419105552957,9.243870430368473,0.0,0.7640328039174974,0.0001910795409624244,28.845096784576786,0.5769019356915357,0.02771278732454796,1.354644491530058,2.2705707477766985,0.0,powell,value,qnei,exact,gaussian,0.25,0,50,7,bd27e713-994d-420f-9858-166b8198f82d,False,0.01,2.0,15.196197800003574,0.7642238834584598,"x0,x1,x2,x3",4,0.25,0.25,,,,,,,
1.0335422880930656,2.779254858188781,-0.7135788532617229,-1.290570425383412,3.311681450674148,20.0,0.7585594204978439,0.005664462960615957,16.505124334957998,0.33010248669916,0.048015769976649136,1.563912203788632,2.758679482949374,0.0,powell,value,qnei,exact,gaussian,0.25,20,50,7,25a53905-3470-472b-b678-de002009836e,False,0.01,2.0,30.8976251000131,0.7642238834584598,"x0,x1,x2,x3",4,0.25,0.25,,,,,,,
-2.924362635240974,-0.21294320015982215,-6.93378347111657,5.36419105552957,9.243870430368473,0.0,0.7491834106224715,0.015040472835988306,27.826836632530625,0.5565367326506125,0.15294048865967558,2.4392097949299885,16.645639520700765,0.0,powell,value,qnei,exact,gaussian,1.0,0,50,7,cc0f3df1-e409-47d6-9c69-b31d4bbb723d,False,0.01,2.0,53.375021100000595,0.7642238834584598,"x0,x1,x2,x3",4,1.0,1.0,,,,,,,
-2.644598733716022,-0.0011680373028563895,1.590749522552062,0.5325450426110006,3.1317713985207627,20.0,0.7572809411784056,0.0069429422800542095,23.82640729856413,0.4765281459712826,0.3951200530425032,1.5490437091174891,7.1964882491488895,0.0,powell,value,qnei,exact,gaussian,1.0,20,50,7,841d1b0d-4019-428b-a6e6-88f967380a89,False,0.01,2.0,17.34840560000157,0.7642238834584598,"x0,x1,x2,x3",4,1.0,1.0,,,,,,,
-2.924362635240974,-0.21294320015982215,-6.93378347111657,5.36419105552957,9.243870430368473,0.0,0.7390424495578788,0.02518143390058103,49.89198700535993,0.9978397401071986,0.1004211401170425,2.3616222853252755,20.051211974978333,0.0,powell,value,qnei,exact,gaussian,5.0,0,50,7,621d3d4a-206d-46c5-a70a-134dd6a25073,False,0.01,2.0,55.93780489999335,0.7642238834584598,"x0,x1,x2,x3",4,5.0,5.0,,,,,,,
-2.536736923512673,-4.205654328326947,1.8702448798244078,0.6832514476281311,5.299736880231232,20.0,0.7552682979607405,0.008955585497719354,49.847951691974664,0.9969590338394932,0.4463510805401896,1.6064040408209457,22.49562776666381,0.0,powell,value,qnei,exact,gaussian,5.0,20,50,7,baabb92d-a592-4920-bbea-d3d5a64b16b5,False,0.01,2.0,52.62533679998887,0.7642238834584598,"x0,x1,x2,x3",4,5.0,5.0,,,,,,,
-743.7961944469107,-91.18245910417102,25.660486208223347,291.2733154237547,1075.6730602218613,0.0,2.7403601361746643,0.013495679484306411,70.31320539922021,1.4062641079844043,0.013495679484306411,27.80630764804628,27.80630764804628,0.0,griewank,value,logei,exact,none,0.0,0,50,7,874f7a38-b937-4f52-bba1-055ac2dc0fa4,True,0.01,2.0,33.83184800000163,2.7538558156589708,"x0,x1,x2,x3,x4,x5",6,0.2,0.5,3.439370289705721,-714.1533999545863,,,,,
15.882195066658552,321.10667357467383,-11.363396891023166,-106.3147949498533,342.83365222407883,20.0,2.7403601361746643,0.013495679484306411,70.31320539922021,1.4062641079844043,0.013495679484306411,27.80630764804628,27.80630764804628,0.0,griewank,value,logei,exact,none,0.0,20,50,7,874f7a38-b937-4f52-bba1-055ac2dc0fa4,True,0.01,2.0,33.83184800000163,2.7538558156589708,"x0,x1,x2,x3,x4,x5",6,0.2,0.5,14.56713591343847,50.28925630907918,,,,,
-743.7961944469107,-91.18245910417102,25.660486208223347,291.2733154237547,1075.6730602218613,0.0,2.726449653945931,0.02740616171303989,49.990404326981334,0.9998080865396267,0.03933014168130855,35.63904449888067,36.154274217095086,0.0,griewank,value,logei,exact,gaussian,0.05,0,50,7,c2a4fcff-10ad-4c42-b3c5-37eb845699aa,False,0.01,2.0,49.21950170000491,2.7538558156589708,"x0,x1,x2,x3,x4,x5",6,0.05,0.05,3.439370289705721,-714.1533999545863,,,,,
14.96573574806999,325.9650202080468,-9.80483484624061,-106.24975197448276,347.13308686507844,20.0,2.7354520278835537,0.01840378777541707,45.23593114621289,0.9047186229242579,0.06257597785026459,27.878337282899718,28.34648502085147,0.0,griewank,value,logei,exact,gaussian,0.05,20,50,7,4b2404fd-d870-488e-a625-d9261f28b027,False,0.01,2.0,25.677833499998087,2.7538558156589708,"x0,x1,x2,x3,x4,x5",6,0.05,0.05,10.919455579861044,50.19794079046423,,,,,
-743.7961944469107,-91.18245910417102,25.660486208223347,291.2733154237547,1075.6730602218613,0.0,2.645879680455973,0.10797613520299754,54.99501268094675,1.099900253618935,0.1563918046383539,34.54725879297509,39.401611020926566,0.0,griewank,value,logei,exact,gaussian,0.25,0,50,7,92f2d1e4-7dc1-4ac4-831f-6ee9f1f21dc9,False,0.01,2.0,33.06870340000023,2.7538558156589708,"x0,x1,x2,x3,x4,x5",6,0.25,0.25,3.439370289705721,-714.1533999545863,,,,,
6.711689431646086,355.9155404361327,31.275366960705398,-94.50252264168415,373.07922009838404,20.0,2.698839368070087,0.05501644758888391,49.01378365318125,0.980275673063625,0.09537144228244099,28.892911896307627,32.070067832961506,0.0,griewank,value,logei,exact,gaussian,0.25,20,50,7,735573f6-8ea1-49e8-94eb-0a3b1a081903,False,0.01,2.0,38.54435559999547,2.7538558156589708,"x0,x1,x2,x3,x4,x5",6,0.25,0.25,-26.00306326213218,43.38376547815959,,,,,
-743.7961944469107,-91.18245910417102,25.660486208223347,291.2733154237547,1075.6730602218613,0.0,2.501365329235542,0.252490486423429,88.4854966535485,1.7697099330709698,1.4373954085962772,60.10647907010588,78.81077044172739,0.0,griewank,value,logei,exact,gaussian,1.0,0,50,7,278ba697-9026-4d58-87b0-61a80bc9f3dc,False,0.01,2.0,20.297623399994336,2.7538558156589708,"x0,x1,x2,x3,x4,x5",6,1.0,1.0,3.439370289705721,-714.1533999545863,,,,,
4.837438721319387,362.4389611150564,44.93633189842755,-87.16591304884986,380.1701448082462,20.0,2.6918655507081897,0.06199026495078108,70.71644749327974,1.4143289498655949,0.6694400305251129,29.091665691121698,40.68569612540573,0.0,griewank,value,logei,exact,gaussian,1.0,20,50,7,197ef524-1ccb-4e4e-8823-919eaeb297a0,False,0.01,2.0,40.71120279999741,2.7538558156589708,"x0,x1,x2,x3,x4,x5",6,1.0,1.0,-40.595205605180944,43.34508756164703,,,,,
-743.7961944469107,-91.18245910417102,25.660486208223347,291.2733154237547,1075.6730602218613,0.0,2.272483020226825,0.48137279543214584,142.98675759120573,2.8597351518241148,4.230524196540661,77.92469854742552,142.81634868207544,0.0,griewank,value,logei,exact,gaussian,5.0,0,50,7,92cb3511-bdf5-45a3-966e-43b8723d4e61,False,0.01,2.0,21.03754370000388,2.7538558156589708,"x0,x1,x2,x3,x4,x5",6,5.0,5.0,3.439370289705721,-714.1533999545863,,,,,
37.89081712765302,322.86878668585,-21.951262919789905,-92.78454727811317,458.3117353152877,20.0,2.6918655507081897,0.06199026495078108,125.20736269776751,2.50414725395535,3.2193491895217465,29.091665691121698,56.12463941757491,0.0,griewank,value,logei,exact,gaussian,5.0,20,50,7,928a29d3-479e-4700-9080-90a53dc1209c,False,0.01,2.0,29.262401600004523,2.7538558156589708,"x0,x1,x2,x3,x4,x5",6,5.0,5.0,-294.32155296584085,-93.02511806772267,,,,,
-743.7961944469107,-91.18245910417102,25.660486208223347,291.2733154237547,1075.6730602218613,0.0,2.7196445749282603,0.03421124073071047,89.87094664242932,1.7974189328485863,0.03421124073071047,28.484389508726192,28.484389508726192,0.0,griewank,value,qnei,exact,none,0.0,0,50,7,2b8b0c85-04a3-4cde-b7a9-4a61ea464baf,True,0.01,2.0,31.833937300005346,2.7538558156589708,"x0,x1,x2,x3,x4,x5",6,0.2,0.5,3.439370289705721,-714.1533999545863,,,,,
-6.3180981562248935,22.940293553195502,145.6246981237126,-51.811566966606506,179.34548143177048,20.0,2.7196445749282603,0.03421124073071047,89.87094664242932,1.7974189328485863,0.03421124073071047,28.484389508726192,28.484389508726192,0.0,griewank,value,qnei,exact,none,0.0,20,50,7,2b8b0c85-04a3-4cde-b7a9-4a61ea464baf,True,0.01,2.0,31.833937300005346,2.7538558156589708,"x0,x1,x2,x3,x4,x5",6,0.2,0.5,27.617243953612558,83.3362042489585,,,,,
-743.7961944469107,-91.18245910417102,25.660486208223347,291.2733154237547,1075.6730602218613,0.0,2.7446085410617758,0.009247274597194988,85.82569171427193,1.7165138342854385,0.009247274597194988,35.80109161774663,36.94339142161985,0.0,griewank,value,qnei,exact,gaussian,0.05,0,50,7,03cde87c-3c9a-480b-8b20-14a989eee3d2,False,0.01,2.0,40.077100199996494,2.7538558156589708,"x0,x1,x2,x3,x4,x5",6,0.05,0.05,3.439370289705721,-714.1533999545863,,,,,
-17.85057911476201,11.145122040859277,138.34147596174714,-46.80238324197782,165.49073928308843,20.0,2.7196445749282603,0.03421124073071047,84.11576880062377,1.6823153760124754,0.03421124073071047,28.484389508726192,28.484389508726192,0.0,griewank,value,qnei,exact,gaussian,0.05,20,50,7,f998a393-f690-41d2-959a-cffac7e7a493,False,0.01,2.0,17.607625399992685,2.7538558156589708,"x0,x1,x2,x3,x4,x5",6,0.05,0.05,20.040717573883164,72.20713579103764,,,,,
-743.7961944469107,-91.18245910417102,25.660486208223347,291.2733154237547,1075.6730602218613,0.0,2.6773447374046806,0.07651107825429015,65.63268314080673,1.3126536628161347,0.07651107825429015,38.90496154552992,47.421542027315866,0.0,griewank,value,qnei,exact,gaussian,0.25,0,50,7,29723e67-b715-4671-9f44-98f6b58db355,False,0.01,2.0,59.56825349999417,2.7538558156589708,"x0,x1,x2,x3,x4,x5",6,0.25,0.25,3.439370289705721,-714.1533999545863,,,,,
1.9020096071718804,-234.910196051236,-186.76543722109943,51.05800586298085,317.2385645762487,20.0,2.7196445749282603,0.03421124073071047,83.25316743748793,1.6650633487497586,0.1572187031185348,28.484389508726192,32.11310964916701,0.0,griewank,value,qnei,exact,gaussian,0.25,20,50,7,3ec0b0ed-c510-4807-9a27-8d3c2279e662,False,0.01,2.0,14.489278799999738,2.7538558156589708,"x0,x1,x2,x3,x4,x5",6,0.25,0.25,-31.426168495031156,-83.53464212919147,,,,,
-743.7961944469107,-91.18245910417102,25.660486208223347,291.2733154237547,1075.6730602218613,0.0,2.281397587486959,0.47245822817201155,122.56256071040887,2.4512512142081775,1.6419523356901704,59.52306117744494,119.76616068158548,0.0,griewank,value,qnei,exact,gaussian,1.0,0,50,7,7c74ed43-0ad7-4aca-8586-c4429109d2cb,False,0.01,2.0,16.724319200002356,2.7538558156589708,"x0,x1,x2,x3,x4,x5",6,1.0,1.0,3.439370289705721,-714.1533999545863,,,,,
63.42248960376098,177.4515414019349,-2.2237938023844066,-135.6735452671606,284.7640446877507,20.0,2.7196445749282603,0.03421124073071047,64.9309887590862,1.2986197751817241,0.2482461163685632,28.484389508726192,30.517720827285796,0.0,griewank,value,qnei,exact,gaussian,1.0,20,50,7,17b24738-2177-4176-a155-00e4ba94d499,False,0.01,2.0,62.5715923000098,2.7538558156589708,"x0,x1,x2,x3,x4,x5",6,1.0,1.0,-38.94591502753789,160.15635788783874,,,,,
-743.7961944469107,-91.18245910417102,25.660486208223347,291.2733154237547,1075.6730602218613,0.0,0.8932881784418188,1.860567637217152,172.55937044325773,3.4511874088651546,2.525368947186168,99.77883222140586,165.36295509592145,0.0,griewank,value,qnei,exact,gaussian,5.0,0,50,7,1e9ecf8d-4cad-4347-a220-3af5b97f9699,False,0.01,2.0,36.36241010000231,2.7538558156589708,"x0,x1,x2,x3,x4,x5",6,5.0,5.0,3.439370289705721,-714.1533999545863,,,,,
267.8220572067533,118.69335093310596,51.467139011374954,-101.59634373261348,598.6893149006859,20.0,2.7196445749282603,0.03421124073071047,147.66388794067063,2.9532777588134125,0.7463745152961998,28.484389508726192,96.86787739298023,0.0,griewank,value,qnei,exact,gaussian,5.0,20,50,7,e225bbfa-7ffe-41ad-80a2-68c2b9e8c491,False,0.01,2.0,17.91109460000007,2.7538558156589708,"x0,x1,x2,x3,x4,x5",6,5.0,5.0,-499.8058607424519,99.17433137516434,,,,,
0.7805537608974431,-2.802138843683271,0.1430767001414357,1.7965582081583973,3.462243739646996,0.0,3.6942492615675873,4.353471905121391,322.7824402886173,6.455648805772346,4.353471905121391,254.09034597118003,254.09034597118003,0.0,michalewicz,value,logei,exact,none,0.0,0,50,7,2d72685e-3f65-425c-aceb-e6ac31992a23,True,0.01,2.0,23.49530749999394,8.047721166688978,"x0,x1,x2,x3,x4",5,0.2,0.5,0.5270608146792729,,,,,,
-0.15973492800664824,-0.8196299487337675,0.03686590073680618,-0.013006568533914686,0.8395667599818898,20.0,3.6942492615675873,4.353471905121391,322.7824402886173,6.455648805772346,4.353471905121391,254.09034597118003,254.09034597118003,0.0,michalewicz,value,logei,exact,none,0.0,20,50,7,2d72685e-3f65-425c-aceb-e6ac31992a23,True,0.01,2.0,23.49530749999394,8.047721166688978,"x0,x1,x2,x3,x4",5,0.2,0.5,0.07768898839422034,,,,,,
0.7805537608974431,-2.802138843683271,0.1430767001414357,1.7965582081583973,3.462243739646996,0.0,3.609629778405655,4.438091388283324,330.04373088115926,6.600874617623186,4.438091388283324,285.6082097374936,285.6082097374936,0.0,michalewicz,value,logei,exact,gaussian,0.05,0,50,7,986b5c5d-fece-4754-ba72-35d97a1b2cb9,False,0.01,2.0,25.303776100001414,8.047721166688978,"x0,x1,x2,x3,x4",5,0.05,0.05,0.5270608146792729,,,,,,
-0.6210213903540738,0.344597019431808,-0.2145479490827089,0.00887523302474924,0.7939567795858753,20.0,5.345272898621259,2.7024482680677195,281.9782749108449,5.639565498216898,2.7024482680677195,214.45740760180053,214.45740760180053,0.0,michalewicz,value,logei,exact,gaussian,0.05,20,50,7,8162d26d-feb2-4478-a1cf-05eb94d130b9,False,0.01,2.0,30.268765200002235,8.047721166688978,"x0,x1,x2,x3,x4",5,0.05,0.05,0.2825652182327846,,,,,,
0.7805537608974431,-2.802138843683271,0.1430767001414357,1.7965582081583973,3.462243739646996,0.0,5.575055625672048,2.47266554101693,276.34099989905013,5.526819997981002,2.47266554101693,216.49154570662827,216.86811415577677,0.0,michalewicz,value,logei,exact,gaussian,0.25,0,50,7,fc54c08c-1fb9-4a25-974a-bc1d6f1d6148,False,0.01,2.0,33.85037529999681,8.047721166688978,"x0,x1,x2,x3,x4",5,0.25,0.25,0.5270608146792729,,,,,,
-0.1595111008221366,0.344597019431808,0.03686590073680618,-0.008311809513813051,0.3909338708262466,20.0,5.677458168388184,2.3702629983007943,277.79564051537056,5.555912810307412,2.3702629983007943,200.74124835893733,200.74124835893733,0.0,michalewicz,value,logei,exact,gaussian,0.25,20,50,7,e819a845-58ba-436d-b2c1-d84667a084e5,False,0.01,2.0,16.627710200002184,8.047721166688978,"x0,x1,x2,x3,x4",5,0.25,0.25,0.08491297579220058,,,,,,
0.7805537608974431,-2.802138843683271,0.1430767001414357,1.7965582081583973,3.462243739646996,0.0,3.4117513228829695,4.635969843806009,373.657659470692,7.47315318941384,4.635969843806009,297.49090513330555,324.70470915325666,0.0,michalewicz,value,logei,exact,gaussian,1.0,0,50,7,72b1a0e4-9a9b-4a58-9fcb-bc3163f7ac75,False,0.01,2.0,42.31395659998816,8.047721166688978,"x0,x1,x2,x3,x4",5,1.0,1.0,0.5270608146792729,,,,,,
-0.2229658072696492,-0.7292604719373128,0.03686590073680618,-0.00023728585626892063,0.7692812432224414,20.0,4.8399570772372025,3.207764089451776,316.2866995898379,6.325733991796758,4.575850061259766,241.99133956272132,269.2608816722378,0.0,michalewicz,value,logei,exact,gaussian,1.0,20,50,7,64811271-c3a3-4a26-ad76-f13e68542805,False,0.01,2.0,20.719188400005805,8.047721166688978,"x0,x1,x2,x3,x4",5,1.0,1.0,0.09433924469971611,,,,,,
0.7805537608974431,-2.802138843683271,0.1430767001414357,1.7965582081583973,3.462243739646996,0.0,2.060389402862686,5.987331763826292,415.2102607142932,8.304205214285865,8.125027861726583,300.92130902662177,403.0177058425661,0.0,michalewicz,value,logei,exact,gaussian,5.0,0,50,7,d31de6c9-ae49-4b8c-9b23-173c9adc698e,False,0.01,2.0,27.804215900003328,8.047721166688978,"x0,x1,x2,x3,x4",5,5.0,5.0,0.5270608146792729,,,,,,
0.02624545278195578,0.344597019431808,0.03686590073680618,-0.06175257532938461,0.3533174339553518,20.0,3.6960476017264074,4.351673564962571,318.46512214235855,6.369302442847171,6.228306296271668,251.00326708538765,276.9434089561851,0.0,michalewicz,value,logei,exact,gaussian,5.0,20,50,7,a4046b10-043b-442f-b633-555560abb4cf,False,0.01,2.0,46.26731779999682,8.047721166688978,"x0,x1,x2,x3,x4",5,5.0,5.0,0.014993476809309514,,,,,,
0.7805537608974431,-2.802138843683271,0.1430767001414357,1.7965582081583973,3.462243739646996,0.0,3.8254403744860572,4.2222807922029215,306.65378732838184,6.133075746567637,4.2222807922029215,240.8208234959654,240.8208234959654,0.0,michalewicz,value,qnei,exact,none,0.0,0,50,7,4350aad7-ac10-4e60-af53-e36577761c39,True,0.01,2.0,27.287013499997556,8.047721166688978,"x0,x1,x2,x3,x4",5,0.2,0.5,0.5270608146792729,,,,,,
-0.17335027775158496,1.0781986550421117,-0.31438479920413664,-0.023825918696917192,1.1366527601446803,20.0,3.8254403744860572,4.2222807922029215,306.65378732838184,6.133075746567637,4.2222807922029215,240.8208234959654,240.8208234959654,0.0,michalewicz,value,qnei,exact,none,0.0,20,50,7,4350aad7-ac10-4e60-af53-e36577761c39,True,0.01,2.0,27.287013499997556,8.047721166688978,"x0,x1,x2,x3,x4",5,0.2,0.5,0.0033707923359871383,,,,,,
0.7805537608974431,-2.802138843683271,0.1430767001414357,1.7965582081583973,3.462243739646996,0.0,4.381862305576676,3.6658588611123024,322.4174796081699,6.448349592163399,3.6658588611123024,267.77479114099185,267.77479114099185,0.0,michalewicz,value,qnei,exact,gaussian,0.05,0,50,7,291778b6-45e1-4111-a210-a8f298ecdf83,False,0.01,2.0,27.98195570000098,8.047721166688978,"x0,x1,x2,x3,x4",5,0.05,0.05,0.5270608146792729,,,,,,
-1.2164790313962897,0.11387615254600048,0.24656051227691655,-0.046900994470089774,1.2493131900218095,20.0,3.7596071140131357,4.288114052675843,306.89681889738694,6.137936377947739,4.288114052675843,242.2117742486608,242.2117742486608,0.0,michalewicz,value,qnei,exact,gaussian,0.05,20,50,7,6397784c-d7d7-478a-90d9-b6dbd149167d,False,0.01,2.0,39.129440299991984,8.047721166688978,"x0,x1,x2,x3,x4",5,0.05,0.05,-0.07072938088514702,,,,,,
0.7805537608974431,-2.802138843683271,0.1430767001414357,1.7965582081583973,3.462243739646996,0.0,5.135856333664997,2.911864833023981,295.8409966064456,5.916819932128911,2.911864833023981,232.14413934143857,244.30520034198653,0.0,michalewicz,value,qnei,exact,gaussian,0.25,0,50,7,41e59315-c2e2-4f7d-ae9c-f374ab21f7bd,False,0.01,2.0,37.52445909999369,8.047721166688978,"x0,x1,x2,x3,x4",5,0.25,0.25,0.5270608146792729,,,,,,
-0.18348088671275065,1.0710592580116178,-0.5201437655911016,-0.017699887794225155,1.2049891604799448,20.0,4.305387308349561,3.7423338583394177,306.4527342356912,6.129054684713824,3.826722265803034,230.0747845058729,231.12963959916812,0.0,michalewicz,value,qnei,exact,gaussian,0.25,20,50,7,43862bcf-60d9-4d43-88da-e1ccdc9af722,False,0.01,2.0,39.19813089999661,8.047721166688978,"x0,x1,x2,x3,x4",5,0.25,0.25,-0.017403562900985214,,,,,,
0.7805537608974431,-2.802138843683271,0.1430767001414357,1.7965582081583973,3.462243739646996,0.0,3.0647649627018123,4.982956203987166,389.14740513099093,7.782948102619819,4.982956203987166,288.54102655395576,299.7427191476101,0.0,michalewicz,value,qnei,exact,gaussian,1.0,0,50,7,2d9a4366-295d-45ff-8501-195ed9f9eefd,False,0.01,2.0,18.416049399995245,8.047721166688978,"x0,x1,x2,x3,x4",5,1.0,1.0,0.5270608146792729,,,,,,
-0.20009177821810864,1.0722648519770668,-0.31859075572296947,-0.028033981248659634,1.1371959812637478,20.0,4.329751612030089,3.7179695546588896,315.03787147005806,6.300757429401162,4.799034425252364,227.67308954922842,257.8454098937632,0.0,michalewicz,value,qnei,exact,gaussian,1.0,20,50,7,c92cee30-da7f-453d-8154-7d613e00fc6d,False,0.01,2.0,37.56790560000809,8.047721166688978,"x0,x1,x2,x3,x4",5,1.0,1.0,0.03376527165223764,,,,,,
0.7805537608974431,-2.802138843683271,0.1430767001414357,1.7965582081583973,3.462243739646996,0.0,1.5141502678768675,6.533570898812111,409.30204506405715,8.186040901281142,7.096169658219829,330.33428282878134,382.6795356852864,0.0,michalewicz,value,qnei,exact,gaussian,5.0,0,50,7,7db39b47-6ba6-4e56-95e1-4fd558cb4c38,False,0.01,2.0,75.47595469999942,8.047721166688978,"x0,x1,x2,x3,x4",5,5.0,5.0,0.5270608146792729,,,,,,
-0.22498775883661937,2.1476127207871194,-1.0232673070493763,0.0023359622263463553,2.4469380851864373,20.0,4.079646471347003,3.9680746953419757,382.85061341112487,7.6570122682224975,9.101659398604177,236.2187845815474,319.0413683994619,0.0,michalewicz,value,qnei,exact,gaussian,5.0,20,50,7,e6d6ecbb-7115-46d0-9a21-be2b84f0ca4e,False,0.01,2.0,39.965208800000255,8.047721166688978,"x0,x1,x2,x3,x4",5,5.0,5.0,-0.5268440606358618,,,,,,
-0.6198301620390922,-0.0759853825868092,0.021383738506852712,0.24272776285312891,0.8963942168515511,0.0,6.5786538351507815,1.3885101281411556,306.843385282783,6.13686770565566,1.3885101281411556,127.56859475036408,127.56859475036408,0.0,hartmann_6,value,logei,exact,none,0.0,0,50,7,137f57d0-1244-4369-894e-9c97a4fffeef,True,0.01,2.0,22.108329499998945,7.967163963291937,"x0,x1,x2,x3,x4,x5",6,0.2,0.5,0.0028661419080880934,-0.5951278332954886,,,,,
0.33066967860382296,0.0,-1.0,0.341113023725234,1.1071136036120808,20.0,6.5786538351507815,1.3885101281411556,306.843385282783,6.13686770565566,1.3885101281411556,127.56859475036408,127.56859475036408,0.0,hartmann_6,value,logei,exact,none,0.0,20,50,7,137f57d0-1244-4369-894e-9c97a4fffeef,True,0.01,2.0,22.108329499998945,7.967163963291937,"x0,x1,x2,x3,x4,x5",6,0.2,0.5,0.0,0.0,,,,,
-0.6198301620390922,-0.0759853825868092,0.021383738506852712,0.24272776285312891,0.8963942168515511,0.0,7.423050505449344,0.5441134578425935,286.82209197370724,5.7364418394741445,0.5441134578425935,101.47309580868338,101.47309580868338,0.0,hartmann_6,value,logei,exact,gaussian,0.05,0,50,7,043822f1-2ab0-4d1d-93d1-61008582a7a3,False,0.01,2.0,20.751386400006595,7.967163963291937,"x0,x1,x2,x3,x4,x5",6,0.05,0.05,0.0028661419080880934,-0.5951278332954886,,,,,
0.33134473856771657,0.0,-1.0,0.3401782976560188,1.1070278270995066,20.0,6.568766510989224,1.3983974523027127,306.2540429645467,6.125080859290935,1.3983974523027127,127.81083419232225,127.81083419232225,0.0,hartmann_6,value,logei,exact,gaussian,0.05,20,50,7,7662d7be-0c76-421b-9b69-fb37aa20e09b,False,0.01,2.0,20.726393899996765,7.967163963291937,"x0,x1,x2,x3,x4,x5",6,0.05,0.05,0.0,0.0,,,,,
-0.6198301620390922,-0.0759853825868092,0.021383738506852712,0.24272776285312891,0.8963942168515511,0.0,3.7078846386318074,4.259279324660129,328.26973576011306,6.565394715202261,4.341430975623434,261.8335566912201,266.41387299260066,0.0,hartmann_6,value,logei,exact,gaussian,0.25,0,50,7,1284c510-72e8-410b-b951-283ee4c46c3a,False,0.01,2.0,49.387451499991585,7.967163963291937,"x0,x1,x2,x3,x4,x5",6,0.25,0.25,0.0028661419080880934,-0.5951278332954886,,,,,
0.4969354247619427,-0.7966165752840044,-1.0,-0.6450890450777482,2.0730852998561997,20.0,6.5567985334208885,1.4103654298710486,286.0026935060475,5.72005387012095,1.4777524140970622,128.10404964274645,128.9610828429495,0.0,hartmann_6,value,logei,exact,gaussian,0.25,20,50,7,ecc7dd64-9e24-437d-8f82-bdd777b2d61f,False,0.01,2.0,18.84908890000952,7.967163963291937,"x0,x1,x2,x3,x4,x5",6,0.25,0.25,1.0,1.0,,,,,
-0.6198301620390922,-0.0759853825868092,0.021383738506852712,0.24272776285312891,0.8963942168515511,0.0,6.324168887893116,1.6429950753988214,226.15972668574673,4.523194533714935,2.1464356774857283,154.8109323203495,176.64817559876911,0.0,hartmann_6,value,logei,exact,gaussian,1.0,0,50,7,974ba375-b156-44b7-9640-b9246d97fdfb,False,0.01,2.0,55.85574400000041,7.967163963291937,"x0,x1,x2,x3,x4,x5",6,1.0,1.0,0.0028661419080880934,-0.5951278332954886,,,,,
0.50078334176618,-0.7856363201534661,-1.0,-0.6450890450777482,2.0698184120869403,20.0,6.5567985334208885,1.4103654298710486,282.3209121821549,5.646418243643098,1.5919002636707384,128.10404964274645,129.2557310976546,0.0,hartmann_6,value,logei,exact,gaussian,1.0,20,50,7,4e4c7ae8-803a-417c-b899-cd7a2a18d811,False,0.01,2.0,29.329386099998374,7.967163963291937,"x0,x1,x2,x3,x4,x5",6,1.0,1.0,1.0,1.0,,,,,
-0.6198301620390922,-0.0759853825868092,0.021383738506852712,0.24272776285312891,0.8963942168515511,0.0,3.436505411212105,4.5306585520798315,384.6932091166838,7.693864182333677,6.008354731433062,267.3454698104017,352.3824004285496,0.0,hartmann_6,value,logei,exact,gaussian,5.0,0,50,7,7ae1dabc-2a50-4354-8818-cbbd69ffde85,False,0.01,2.0,16.296795100002782,7.967163963291937,"x0,x1,x2,x3,x4,x5",6,5.0,5.0,0.0028661419080880934,-0.5951278332954886,,,,,
-0.09209957355268417,0.0,-0.45227348671970624,-0.19562650186446945,0.7210805534710445,20.0,6.5567985334208885,1.4103654298710486,185.1922627364715,3.70384525472943,2.8460909905144955,128.10404964274645,153.4217951805327,0.0,hartmann_6,value,logei,exact,gaussian,5.0,20,50,7,a0b5e025-e690-4137-b44c-09fc2fbd5b86,False,0.01,2.0,40.34374549999484,7.967163963291937,"x0,x1,x2,x3,x4,x5",6,5.0,5.0,0.5183182402001612,0.0,,,,,
-0.6198301620390922,-0.0759853825868092,0.021383738506852712,0.24272776285312891,0.8963942168515511,0.0,7.4217564567825445,0.5454075065093926,270.26069448110695,5.405213889622139,0.5454075065093926,106.60619232313884,106.60619232313884,0.0,hartmann_6,value,qnei,exact,none,0.0,0,50,7,f623b242-0712-4334-a905-411fac65357b,True,0.01,2.0,39.39488979999442,7.967163963291937,"x0,x1,x2,x3,x4,x5",6,0.2,0.5,0.0028661419080880934,-0.5951278332954886,,,,,
0.18851561438446696,-0.8579116683155033,-0.5568815782818146,-0.9212450675006499,1.7118294699305083,20.0,7.4217564567825445,0.5454075065093926,270.26069448110695,5.405213889622139,0.5454075065093926,106.60619232313884,106.60619232313884,0.0,hartmann_6,value,qnei,exact,none,0.0,20,50,7,f623b242-0712-4334-a905-411fac65357b,True,0.01,2.0,39.39488979999442,7.967163963291937,"x0,x1,x2,x3,x4,x5",6,0.2,0.5,0.0,1.0,,,,,
-0.6198301620390922,-0.0759853825868092,0.021383738506852712,0.24272776285312891,0.8963942168515511,0.0,6.575783586978352,1.3913803763135855,298.0795227034708,5.961590454069416,1.3913803763135855,121.62062765835586,121.71468073375657,0.0,hartmann_6,value,qnei,exact,gaussian,0.05,0,50,7,219b01be-72bf-4b93-8af3-36eeded27dbb,False,0.01,2.0,64.45281289999548,7.967163963291937,"x0,x1,x2,x3,x4,x5",6,0.05,0.05,0.0028661419080880934,-0.5951278332954886,,,,,
0.18847685524178825,-0.8582486292212727,-0.5932919335223015,-0.9212450675006499,1.7241815528821016,20.0,7.417370404168902,0.5497935591230352,266.21080641814865,5.324216128362973,0.5497935591230352,106.7136506121731,108.04152709484569,0.0,hartmann_6,value,qnei,exact,gaussian,0.05,20,50,7,1d4e8874-6e56-440e-91fa-b074cdc06baa,False,0.01,2.0,24.507194599995273,7.967163963291937,"x0,x1,x2,x3,x4,x5",6,0.05,0.05,0.0,1.0,,,,,
-0.6198301620390922,-0.0759853825868092,0.021383738506852712,0.24272776285312891,0.8963942168515511,0.0,7.358615357530404,0.6085486057615332,272.4030594823026,5.448061189646052,0.964780298465099,121.67195114881214,126.32021767191874,0.0,hartmann_6,value,qnei,exact,gaussian,0.25,0,50,7,2b159a51-10a4-4dd6-83df-769da7e17956,False,0.01,2.0,64.0893109000026,7.967163963291937,"x0,x1,x2,x3,x4,x5",6,0.25,0.25,0.0028661419080880934,-0.5951278332954886,,,,,
0.19577766429886945,-0.8706494466610046,-0.5932919335223015,-0.9212450675006499,1.7311981820653413,20.0,7.41783853567995,0.5493254276119872,266.75646301784883,5.335129260356976,0.5493254276119872,106.7021813901524,109.79023422399442,0.0,hartmann_6,value,qnei,exact,gaussian,0.25,20,50,7,109cf52a-5d89-425b-a35e-927c4e183f38,False,0.01,2.0,32.34545550000621,7.967163963291937,"x0,x1,x2,x3,x4,x5",6,0.25,0.25,0.0,1.0,,,,,
-0.6198301620390922,-0.0759853825868092,0.021383738506852712,0.24272776285312891,0.8963942168515511,0.0,4.101127458173066,3.8660365051188714,362.8127665031327,7.256255330062654,4.262179093827204,330.3705838605734,347.40541971782164,0.0,hartmann_6,value,qnei,exact,gaussian,1.0,0,50,7,b28c3dfd-2129-43d9-a776-f60db4d79ef1,False,0.01,2.0,23.14802839999902,7.967163963291937,"x0,x1,x2,x3,x4,x5",6,1.0,1.0,0.0028661419080880934,-0.5951278332954886,,,,,
0.18545166868641427,-0.8533950985012979,-0.5932919335223015,-0.9212450675006499,1.7214422175436281,20.0,7.422633690660445,0.5445302726314925,250.98680084345406,5.019736016869081,0.6967841196406708,105.70823989279198,109.8208157126291,0.0,hartmann_6,value,qnei,exact,gaussian,1.0,20,50,7,0f6bdea8-3ae0-40aa-9ce3-f0e21afc2c17,False,0.01,2.0,26.268088300013915,7.967163963291937,"x0,x1,x2,x3,x4,x5",6,1.0,1.0,0.0,1.0,,,,,
-0.6198301620390922,-0.0759853825868092,0.021383738506852712,0.24272776285312891,0.8963942168515511,0.0,1.06411597638027,6.903047986911667,424.29425882876285,8.485885176575257,8.613992975420173,374.657394870459,420.01899465947145,0.0,hartmann_6,value,qnei,exact,gaussian,5.0,0,50,7,eafb11d3-4ecd-4dab-8d22-589f86b6828b,False,0.01,2.0,45.3936326999974,7.967163963291937,"x0,x1,x2,x3,x4,x5",6,5.0,5.0,0.0028661419080880934,-0.5951278332954886,,,,,
0.1642943133175533,-0.753763137902976,-0.5932919335223015,-0.9212450675006499,1.662034610644808,20.0,7.442638346042902,0.5245256172490347,211.0597608302608,4.221195216605216,1.053535131009701,106.0945860362601,124.49096805686548,0.0,hartmann_6,value,qnei,exact,gaussian,5.0,20,50,7,f8aede80-3e9d-444f-bc68-5af424a255de,False,0.01,2.0,31.483822200010763,7.967163963291937,"x0,x1,x2,x3,x4,x5",6,5.0,5.0,0.0,0.9831173707927775,,,,,
-3.249291816934415,-0.23660355573313652,-7.704203856796188,5.960212283921744,10.27096714485386,0.0,54.66616910162905,2.107904936389332,1816.6819207046,36.333638414092,2.107904936389332,1276.608988008452,1276.608988008452,0.0,shekel,value,logei,exact,none,0.0,0,50,7,95ebbd87-a25d-4204-aefe-50463c848c71,True,0.01,2.0,35.56616259999282,56.774074038018384,"x0,x1,x2,x3",4,0.2,0.5,,,,,,,
-0.3859544770175196,0.799169158623215,-0.29662717689802154,-0.3187907848756959,0.9885582678934797,20.0,54.66616910162905,2.107904936389332,1816.6819207046,36.333638414092,2.107904936389332,1276.608988008452,1276.608988008452,0.0,shekel,value,logei,exact,none,0.0,20,50,7,95ebbd87-a25d-4204-aefe-50463c848c71,True,0.01,2.0,35.56616259999282,56.774074038018384,"x0,x1,x2,x3",4,0.2,0.5,,,,,,,
-3.249291816934415,-0.23660355573313652,-7.704203856796188,5.960212283921744,10.27096714485386,0.0,19.422626530503134,37.351447507515246,2365.134864854946,47.30269729709892,37.351447507515246,2159.068340109929,2159.068340109929,0.0,shekel,value,logei,exact,gaussian,0.05,0,50,7,5f65bc55-d478-40e1-8e8d-a4d7d9023055,False,0.01,2.0,35.85549579998769,56.774074038018384,"x0,x1,x2,x3",4,0.05,0.05,,,,,,,
-0.3857700214124642,0.7987215705466228,-0.29706285400058974,-0.3187159538419846,0.988231174947147,20.0,56.07978435680084,0.6942896812175405,1844.200328762321,36.884006575246424,0.6942896812175405,1239.7726552977995,1239.7726552977995,0.0,shekel,value,logei,exact,gaussian,0.05,20,50,7,e4bf9e9d-e880-4a48-a873-b7d146dd5359,False,0.01,2.0,24.095359600003576,56.774074038018384,"x0,x1,x2,x3",4,0.05,0.05,,,,,,,
-3.249291816934415,-0.23660355573313652,-7.704203856796188,5.960212283921744,10.27096714485386,0.0,13.466761111719244,43.30731292629914,2609.554407177908,52.19108814355816,43.30731292629914,2521.530769606277,2522.421920855436,0.0,shekel,value,logei,exact,gaussian,0.25,0,50,7,06b9dbee-eb90-4d4e-8994-9cb153dbada8,False,0.01,2.0,41.327133600003435,56.774074038018384,"x0,x1,x2,x3",4,0.25,0.25,,,,,,,
-0.3840993245742488,0.793210726947847,-0.30107172621157385,-0.3180331911397145,0.9841264367316087,20.0,56.12265647136391,0.651417566654473,1916.6492599213332,38.33298519842666,0.651417566654473,1245.591203116571,1245.591203116571,0.0,shekel,value,logei,exact,gaussian,0.25,20,50,7,44b02b5b-d649-4d6e-9b7f-29fc37a25663,False,0.01,2.0,31.82316770000034,56.774074038018384,"x0,x1,x2,x3",4,0.25,0.25,,,,,,,
-3.249291816934415,-0.23660355573313652,-7.704203856796188,5.960212283921744,10.27096714485386,0.0,18.90030128092213,37.873772757096255,2471.569786951783,49.43139573903566,38.35196299107127,2338.335189708536,2356.0727404573067,0.0,shekel,value,logei,exact,gaussian,1.0,0,50,7,427c90ac-69a2-45a2-a331-1e117dda14c2,False,0.01,2.0,17.8473864000116,56.774074038018384,"x0,x1,x2,x3",4,1.0,1.0,,,,,,,
-0.38339671492779104,0.7908764904174701,-0.3027007564172215,-0.31775927065484977,0.9823835127561622,20.0,56.61498425878219,0.15908977923619716,1713.8045857790762,34.27609171558152,0.15908977923619716,1131.0656738604275,1153.9052118757788,0.0,shekel,value,logei,exact,gaussian,1.0,20,50,7,80cdd3b8-b52e-40d1-81f8-1a2f55b4a5b5,False,0.01,2.0,63.40508330000739,56.774074038018384,"x0,x1,x2,x3",4,1.0,1.0,,,,,,,
-3.249291816934415,-0.23660355573313652,-7.704203856796188,5.960212283921744,10.27096714485386,0.0,1.9323748832011005,54.841699154817285,2829.200502480285,56.5840100496057,55.59163247065415,2696.5026331504314,2764.951223683714,0.0,shekel,value,logei,exact,gaussian,5.0,0,50,7,14957a0d-6a2e-49f7-a7f6-9ae4b468cbd4,False,0.01,2.0,51.57957030000398,56.774074038018384,"x0,x1,x2,x3",4,5.0,5.0,,,,,,,
1.684784346362476,-0.03847400473643692,-1.8483411190624675,0.006390399634628174,2.501276528577574,20.0,28.4347665275842,28.339307510434185,2285.7015453984686,45.714030907969374,35.78349706048588,1912.5164217940423,2071.282468553612,0.0,shekel,value,logei,exact,gaussian,5.0,20,50,7,2a93fc77-848d-4751-b2d5-770e8d763f13,False,0.01,2.0,56.16602650001005,56.774074038018384,"x0,x1,x2,x3",4,5.0,5.0,,,,,,,
-3.249291816934415,-0.23660355573313652,-7.704203856796188,5.960212283921744,10.27096714485386,0.0,40.729218632260924,16.04485540575746,2421.1347666315164,48.422695332630326,16.04485540575746,1638.736985670932,1638.736985670932,0.0,shekel,value,qnei,exact,none,0.0,0,50,7,b77e0707-b074-48eb-a52c-4e2e1681b012,True,0.01,2.0,18.278476899999077,56.774074038018384,"x0,x1,x2,x3",4,0.2,0.5,,,,,,,
-0.19433355940792474,-0.35765479320651794,-0.15406420726023118,-0.0405179643851028,0.4371040709171975,20.0,40.729218632260924,16.04485540575746,2421.1347666315164,48.422695332630326,16.04485540575746,1638.736985670932,1638.736985670932,0.0,shekel,value,qnei,exact,none,0.0,20,50,7,b77e0707-b074-48eb-a52c-4e2e1681b012,True,0.01,2.0,18.278476899999077,56.774074038018384,"x0,x1,x2,x3",4,0.2,0.5,,,,,,,
-3.249291816934415,-0.23660355573313652,-7.704203856796188,5.960212283921744,10.27096714485386,0.0,25.511213743376146,31.262860294642238,2554.4044936703312,51.088089873406624,31.262860294642238,2095.212206453527,2095.212206453527,0.0,shekel,value,qnei,exact,gaussian,0.05,0,50,7,21602a5a-b325-4695-a4ed-5e4fc0422842,False,0.01,2.0,24.644616200006567,56.774074038018384,"x0,x1,x2,x3",4,0.05,0.05,,,,,,,
-0.18721044307263401,-0.35871559389509144,-0.15387288604626548,-0.03991779804524187,0.43473546319566314,20.0,41.624212781464344,15.14986125655404,2419.535593913099,48.39071187826198,15.14986125655404,1554.3770660383896,1554.3770660383896,0.0,shekel,value,qnei,exact,gaussian,0.05,20,50,7,f9a614db-da25-4125-9211-60dcbaa460c6,False,0.01,2.0,40.64806849999877,56.774074038018384,"x0,x1,x2,x3",4,0.05,0.05,,,,,,,
-3.249291816934415,-0.23660355573313652,-7.704203856796188,5.960212283921744,10.27096714485386,0.0,24.28950284797656,32.48457119004182,2540.9368863029736,50.818737726059474,32.48457119004182,2143.2101121105425,2149.5607495569457,0.0,shekel,value,qnei,exact,gaussian,0.25,0,50,7,c9c4c226-334d-4a23-86c7-7df864993821,False,0.01,2.0,32.260651799995685,56.774074038018384,"x0,x1,x2,x3",4,0.25,0.25,,,,,,,
-0.040125753551817134,-0.4056172536324558,-0.13862527535353397,-0.0038698003391481883,0.4305431161497593,20.0,41.53553781433504,15.23853622368334,2380.12072293453,47.6024144586906,15.23853622368334,1598.1087138729367,1598.1087138729367,0.0,shekel,value,qnei,exact,gaussian,0.25,20,50,7,7f62432e-995d-4302-bfe6-5fe5ab7b76d5,False,0.01,2.0,53.01009460000205,56.774074038018384,"x0,x1,x2,x3",4,0.25,0.25,,,,,,,
-3.249291816934415,-0.23660355573313652,-7.704203856796188,5.960212283921744,10.27096714485386,0.0,35.765246824663016,21.008827213355367,2436.8842581381223,48.737685162762446,21.008827213355367,1923.601603485039,1948.5731775835134,0.0,shekel,value,qnei,exact,gaussian,1.0,0,50,7,6b650c2e-bd65-4514-bc7d-197e6b817960,False,0.01,2.0,31.28517489999649,56.774074038018384,"x0,x1,x2,x3",4,1.0,1.0,,,,,,,
-0.2655309199460918,-0.3251608307916256,-0.15511053602669378,-0.05217589798380251,0.450575008234392,20.0,53.90429711154477,2.8697769264736124,2305.8248696893297,46.116497393786595,2.8697769264736124,1432.1413480054612,1441.9622747765548,0.0,shekel,value,qnei,exact,gaussian,1.0,20,50,7,b152c4f6-31b9-41a5-8b83-3987b0c2803f,False,0.01,2.0,48.54969259999052,56.774074038018384,"x0,x1,x2,x3",4,1.0,1.0,,,,,,,
-3.249291816934415,-0.23660355573313652,-7.704203856796188,5.960212283921744,10.27096714485386,0.0,1.9214627048200636,54.85261133319832,2855.024022556723,57.100480451134466,57.171090108233116,2716.89814708617,2798.1461485878435,0.0,shekel,value,qnei,exact,gaussian,5.0,0,50,7,77576e97-ab10-4590-b887-979504d02b1a,False,0.01,2.0,66.33319619999384,56.774074038018384,"x0,x1,x2,x3",4,5.0,5.0,,,,,,,
-0.3172030255887539,0.12431970492348832,0.42069286730711575,-0.43991951247441197,0.6975563163886696,20.0,54.7617671315328,2.012306906485584,2278.6107475990298,45.5722149519806,2.012306906485584,1452.3069568220567,1454.8467555911654,0.0,shekel,value,qnei,exact,gaussian,5.0,20,50,7,c6d85eaf-c7e8-40a6-9599-737ee7fe371d,False,0.01,2.0,21.053361600002972,56.774074038018384,"x0,x1,x2,x3",4,5.0,5.0,,,,,,,
-4.873937725401622,-0.354905333599703,-11.556305785194283,8.940318425882616,15.406450717280787,0.0,1.0241151155519355,0.0015081350194883214,21.043744807204124,0.42087489614408247,0.0015081350194883214,2.955506833454859,2.955506833454859,0.0,rosenbrock,value,logei,exact,none,0.0,0,50,7,fa6ee78b-ece4-47b5-88ff-20833c2c3021,True,0.01,2.0,14.415975500000059,1.0256232505714238,"x0,x1,x2,x3",4,0.2,0.5,,,,,,,
1.8111799019378318,-6.716945181429263,4.6704048005640315,15.0,17.181688107070297,20.0,1.0241151155519355,0.0015081350194883214,21.043744807204124,0.42087489614408247,0.0015081350194883214,2.955506833454859,2.955506833454859,0.0,rosenbrock,value,logei,exact,none,0.0,20,50,7,fa6ee78b-ece4-47b5-88ff-20833c2c3021,True,0.01,2.0,14.415975500000059,1.0256232505714238,"x0,x1,x2,x3",4,0.2,0.5,,,,,,,
-4.873937725401622,-0.354905333599703,-11.556305785194283,8.940318425882616,15.406450717280787,0.0,1.0226567250634349,0.0029665255079889263,24.33191235711063,0.48663824714221265,0.009989069996979127,3.008738086285131,3.2074940991071994,0.0,rosenbrock,value,logei,exact,gaussian,0.05,0,50,7,2c24c687-4b09-4e84-8f8d-82723274a8c4,False,0.01,2.0,20.62633289999212,1.0256232505714238,"x0,x1,x2,x3",4,0.05,0.05,,,,,,,
1.9703700083378959,-6.716945181429263,4.494495859293927,15.0,17.152265260579828,20.0,1.0241151155519355,0.0015081350194883214,18.60759322084402,0.3721518644168804,0.03931714541963338,2.955506833454859,3.258499310614222,0.0,rosenbrock,value,logei,exact,gaussian,0.05,20,50,7,3d6b89e7-24b1-4476-833c-d76afa4fda89,False,0.01,2.0,20.12704060001124,1.0256232505714238,"x0,x1,x2,x3",4,0.05,0.05,,,,,,,
-4.873937725401622,-0.354905333599703,-11.556305785194283,8.940318425882616,15.406450717280787,0.0,1.0250121971507087,0.0006110534207151019,13.189758360646408,0.26379516721292817,0.03953621208865288,2.9251188271869104,4.601819532248166,0.0,rosenbrock,value,logei,exact,gaussian,0.25,0,50,7,2fe41d2b-d8c3-4b7e-ad34-b165a650c789,False,0.01,2.0,47.55558070000552,1.0256232505714238,"x0,x1,x2,x3",4,0.25,0.25,,,,,,,
-2.6336730222278155,1.985967627601309,-1.3295614393050208,15.0,15.415837136749266,20.0,1.0241151155519355,0.0015081350194883214,17.99631881424764,0.35992637628495283,0.049237017697884355,2.955506833454859,4.5487160247859375,0.0,rosenbrock,value,logei,exact,gaussian,0.25,20,50,7,c9e02693-80bc-4dc8-9a86-644978648b99,False,0.01,2.0,34.17158239999844,1.0256232505714238,"x0,x1,x2,x3",4,0.25,0.25,,,,,,,
-4.873937725401622,-0.354905333599703,-11.556305785194283,8.940318425882616,15.406450717280787,0.0,1.024732919144181,0.0008903314272428187,18.72648107569898,0.3745296215139796,0.14197654400883453,2.931642887039973,4.399517658556629,0.0,rosenbrock,value,logei,exact,gaussian,1.0,0,50,7,c8742a8c-5c0f-4cc4-9290-852724c4d2da,False,0.01,2.0,36.53655869999784,1.0256232505714238,"x0,x1,x2,x3",4,1.0,1.0,,,,,,,
-3.565476236533872,1.802305743842583,-0.7904660135021477,15.0,15.543029412121617,20.0,1.0241151155519355,0.0015081350194883214,17.795527712748992,0.35591055425497986,0.2449027966987235,2.955506833454859,7.757583640844104,0.0,rosenbrock,value,logei,exact,gaussian,1.0,20,50,7,75d3a386-4050-4bb3-9eba-8381c7989370,False,0.01,2.0,16.866580600006273,1.0256232505714238,"x0,x1,x2,x3",4,1.0,1.0,,,,,,,
-4.873937725401622,-0.354905333599703,-11.556305785194283,8.940318425882616,15.406450717280787,0.0,1.0226567250634349,0.0029665255079889263,29.742214948404065,0.5948442989680813,0.0029665255079889263,3.008738086285131,53.92426891696715,0.0,rosenbrock,value,logei,exact,gaussian,5.0,0,50,7,fbbae63a-84df-4aa4-824e-1512f1e2eba6,False,0.01,2.0,26.95219850000285,1.0256232505714238,"x0,x1,x2,x3",4,5.0,5.0,,,,,,,
-4.633923652542075,-6.303082291095899,-3.1474620597931553,12.875479592789944,15.391120392879243,20.0,1.0241151155519355,0.0015081350194883214,39.549258067036604,0.790985161340732,0.0015081350194883214,2.955506833454859,9.625889775700772,0.0,rosenbrock,value,logei,exact,gaussian,5.0,20,50,7,75ec841e-1848-4ca1-a6f2-0051e5e94863,False,0.01,2.0,21.986076600005617,1.0256232505714238,"x0,x1,x2,x3",4,5.0,5.0,,,,,,,
-4.873937725401622,-0.354905333599703,-11.556305785194283,8.940318425882616,15.406450717280787,0.0,1.025560877885232,6.237268619169178e-05,19.35433082349124,0.3870866164698248,6.237268619169178e-05,2.9190321882725287,2.9190321882725287,0.0,rosenbrock,value,qnei,exact,none,0.0,0,50,7,7747f6af-5fd5-4cd1-abca-e086c823bced,True,0.01,2.0,16.105034500011243,1.0256232505714238,"x0,x1,x2,x3",4,0.2,0.5,,,,,,,
-2.184916490672758,-7.167412890125237,2.686716701568027,15.0,16.981287178633774,20.0,1.025560877885232,6.237268619169178e-05,19.35433082349124,0.3870866164698248,6.237268619169178e-05,2.9190321882725287,2.9190321882725287,0.0,rosenbrock,value,qnei,exact,none,0.0,20,50,7,7747f6af-5fd5-4cd1-abca-e086c823bced,True,0.01,2.0,16.105034500011243,1.0256232505714238,"x0,x1,x2,x3",4,0.2,0.5,,,,,,,
-4.873937725401622,-0.354905333599703,-11.556305785194283,8.940318425882616,15.406450717280787,0.0,1.0226567250634349,0.0029665255079889263,19.150895404249052,0.38301790808498104,0.027766701030975338,3.008738086285131,3.6276362039155314,0.0,rosenbrock,value,qnei,exact,gaussian,0.05,0,50,7,1bb8a33c-9a3b-47dc-9227-227e4c9159e1,False,0.01,2.0,17.23358049998933,1.0256232505714238,"x0,x1,x2,x3",4,0.05,0.05,,,,,,,
-2.2040347759986494,-7.167412890125237,2.700520428025808,15.0,16.985946762354153,20.0,1.024849772966536,0.0007734776048877734,20.070477054437752,0.40140954108875504,0.013713132251966353,2.926498789918838,3.378373987351809,0.0,rosenbrock,value,qnei,exact,gaussian,0.05,20,50,7,1adfa0ca-b087-495f-bcfc-9675119ba040,False,0.01,2.0,34.25116200000048,1.0256232505714238,"x0,x1,x2,x3",4,0.05,0.05,,,,,,,
-4.873937725401622,-0.354905333599703,-11.556305785194283,8.940318425882616,15.406450717280787,0.0,1.0235939121692756,0.0020293384021481398,17.980017060737126,0.3596003412147425,0.0853168577378911,2.9726563827102614,3.8988942571478113,0.0,rosenbrock,value,qnei,exact,gaussian,0.25,0,50,7,7f5e3a6d-93c0-4057-b8d0-96c7e2c8292d,False,0.01,2.0,47.656602300005034,1.0256232505714238,"x0,x1,x2,x3",4,0.25,0.25,,,,,,,
1.4051553923357238,0.27743910285559226,1.245611341963732,0.0,1.898152192958238,20.0,1.024849772966536,0.0007734776048877734,20.51923370165952,0.4103846740331904,0.013713132251966353,2.926498789918838,3.3082186020076563,0.0,rosenbrock,value,qnei,exact,gaussian,0.25,20,50,7,363099e9-d028-4290-89d4-d328544b9769,False,0.01,2.0,20.200894900001003,1.0256232505714238,"x0,x1,x2,x3",4,0.25,0.25,,,,,,,
-4.873937725401622,-0.354905333599703,-11.556305785194283,8.940318425882616,15.406450717280787,0.0,1.0226567250634349,0.0029665255079889263,25.911085520078625,0.5182217104015725,0.12948376529859418,3.008738086285131,4.464918294713357,0.0,rosenbrock,value,qnei,exact,gaussian,1.0,0,50,7,312853a2-e180-449a-bc74-e862bf452a24,False,0.01,2.0,18.64080579999427,1.0256232505714238,"x0,x1,x2,x3",4,1.0,1.0,,,,,,,
-2.883703838144247,-7.167412890125237,2.8208961693663728,15.0,17.10687027372357,20.0,1.024849772966536,0.0007734776048877734,28.97082959408353,0.5794165918816706,0.00301002383782345,2.926498789918838,3.7575182750818708,0.0,rosenbrock,value,qnei,exact,gaussian,1.0,20,50,7,ae9af556-d5d4-4fb5-82fb-3e64c27a2110,False,0.01,2.0,24.671623400005046,1.0256232505714238,"x0,x1,x2,x3",4,1.0,1.0,,,,,,,
-4.873937725401622,-0.354905333599703,-11.556305785194283,8.940318425882616,15.406450717280787,0.0,1.0226567250634349,0.0029665255079889263,26.764330135565125,0.5352866027113025,0.09652659464660718,3.008738086285131,7.1778668360943065,0.0,rosenbrock,value,qnei,exact,gaussian,5.0,0,50,7,877b5599-6099-4be2-86e6-357b6a931ac2,False,0.01,2.0,69.87524080000003,1.0256232505714238,"x0,x1,x2,x3",4,5.0,5.0,,,,,,,
-1.8484488983933793,1.0415421514444092,-4.824476056263392,0.4048779142425287,5.2859312070918305,20.0,1.024849772966536,0.0007734776048877734,68.14430822062822,1.3628861644125643,0.3998061855533882,2.926498789918838,35.700230432428704,0.0,rosenbrock,value,qnei,exact,gaussian,5.0,20,50,7,5327730f-8853-4e16-bbe4-471f4929bd88,False,0.01,2.0,26.723764800000936,1.0256232505714238,"x0,x1,x2,x3",4,5.0,5.0,,,,,,,
-0.32492918169344154,-0.023660355573313585,-0.7704203856796188,0.5960212283921744,1.027096714485386,0.0,3.0593887562558817,0.0,47.543506843688654,0.9508701368737731,0.0,8.654026321407402,8.654026321407402,0.0,stevens,value,logei,exact,none,0.0,0,50,7,857951ba-b8f5-41d2-8009-4b5d162cd5e4,True,0.01,2.0,10.463736400008202,3.0593887562558817,"x0,x1,x2,x3",4,0.2,0.5,,,,,,,
0.0,1.0,-1.0,-1.0,1.7320508075688772,20.0,3.0593887562558817,0.0,47.543506843688654,0.9508701368737731,0.0,8.654026321407402,8.654026321407402,0.0,stevens,value,logei,exact,none,0.0,20,50,7,857951ba-b8f5-41d2-8009-4b5d162cd5e4,True,0.01,2.0,10.463736400008202,3.0593887562558817,"x0,x1,x2,x3",4,0.2,0.5,,,,,,,
-0.32492918169344154,-0.023660355573313585,-0.7704203856796188,0.5960212283921744,1.027096714485386,0.0,3.0593887562558817,0.0,28.250730710168305,0.5650146142033661,0.0,8.629040870551256,8.629040870551256,0.0,stevens,value,logei,exact,gaussian,0.05,0,50,7,5e42911d-05af-4483-a934-55e49f2058eb,False,0.01,2.0,34.4640905999986,3.0593887562558817,"x0,x1,x2,x3",4,0.05,0.05,,,,,,,
0.0,1.0,-1.0,-1.0,1.7320508075688772,20.0,3.0593887562558817,0.0,38.011456046952404,0.760229120939048,0.0,8.654026321407402,8.654026321407402,0.0,stevens,value,logei,exact,gaussian,0.05,20,50,7,9a9c7683-ea29-4b3a-ad3e-ccdef2d721e7,False,0.01,2.0,15.151982399998815,3.0593887562558817,"x0,x1,x2,x3",4,0.05,0.05,,,,,,,
-0.32492918169344154,-0.023660355573313585,-0.7704203856796188,0.5960212283921744,1.027096714485386,0.0,3.0593887562558817,0.0,17.233756909159727,0.3446751381831945,0.11816232401004889,8.930215824136338,13.597627622533269,0.0,stevens,value,logei,exact,gaussian,0.25,0,50,7,61773d78-344e-4a56-a1fe-7f1626f19656,False,0.01,2.0,19.33459650000441,3.0593887562558817,"x0,x1,x2,x3",4,0.25,0.25,,,,,,,
0.0,1.0,-1.0,-1.0,1.7320508075688772,20.0,3.0593887562558817,0.0,36.04569913553881,0.7209139827107762,0.14689824327492795,8.654026321407402,10.237060376254155,0.0,stevens,value,logei,exact,gaussian,0.25,20,50,7,6ff0976a-4a32-49b9-8b87-b1c7c9d992a5,False,0.01,2.0,13.126315599991358,3.0593887562558817,"x0,x1,x2,x3",4,0.25,0.25,,,,,,,
-0.32492918169344154,-0.023660355573313585,-0.7704203856796188,0.5960212283921744,1.027096714485386,0.0,3.0593887562558817,0.0,68.02724527407216,1.3605449054814431,1.6307267806246635,17.402319752311794,49.01274759559406,0.0,stevens,value,logei,exact,gaussian,1.0,0,50,7,4eb89b84-075f-45a9-8f73-93099292845f,False,0.01,2.0,31.625281200002064,3.0593887562558817,"x0,x1,x2,x3",4,1.0,1.0,,,,,,,
0.0,1.0,-1.0,-1.0,1.7320508075688772,20.0,3.0593887562558817,0.0,42.58972834985157,0.8517945669970314,0.14773777804062993,8.654026321407402,20.14645833862619,0.0,stevens,value,logei,exact,gaussian,1.0,20,50,7,a549b956-538e-4afc-a7f4-995b5efff047,False,0.01,2.0,19.48970669999835,3.0593887562558817,"x0,x1,x2,x3",4,1.0,1.0,,,,,,,
-0.32492918169344154,-0.023660355573313585,-0.7704203856796188,0.5960212283921744,1.027096714485386,0.0,2.6564452234250386,0.40294353283084305,95.50063958239666,1.9100127916479333,0.42903007551663386,35.78769683044574,114.63106779483712,0.0,stevens,value,logei,exact,gaussian,5.0,0,50,7,46dd5dcc-046d-4823-95c2-459ed09a0074,False,0.01,2.0,8.69846700000926,3.0593887562558817,"x0,x1,x2,x3",4,5.0,5.0,,,,,,,
0.6882068295603194,0.6300135178506245,0.0,0.0,0.9330303708497306,20.0,3.0593887562558817,0.0,70.34593077326413,1.4069186154652826,1.425702174719294,8.654026321407402,44.757176507668376,0.0,stevens,value,logei,exact,gaussian,5.0,20,50,7,5ed6f700-0cbc-4faf-b69b-2f15cc43b345,False,0.01,2.0,18.410659299988765,3.0593887562558817,"x0,x1,x2,x3",4,5.0,5.0,,,,,,,
-0.32492918169344154,-0.023660355573313585,-0.7704203856796188,0.5960212283921744,1.027096714485386,0.0,3.0593887562558817,0.0,113.7153663541019,2.274307327082038,0.0,8.65095012398454,8.65095012398454,0.0,stevens,value,qnei,exact,none,0.0,0,50,7,6690b904-99cd-4bbc-818d-b5ae6cdbc120,True,0.01,2.0,35.192408000002615,3.0593887562558817,"x0,x1,x2,x3",4,0.2,0.5,,,,,,,
0.12678777458489066,0.10775282388822782,0.7516346662802691,-0.24479629864508456,0.8078153936541822,20.0,3.0593887562558817,0.0,113.7153663541019,2.274307327082038,0.0,8.65095012398454,8.65095012398454,0.0,stevens,value,qnei,exact,none,0.0,20,50,7,6690b904-99cd-4bbc-818d-b5ae6cdbc120,True,0.01,2.0,35.192408000002615,3.0593887562558817,"x0,x1,x2,x3",4,0.2,0.5,,,,,,,
-0.32492918169344154,-0.023660355573313585,-0.7704203856796188,0.5960212283921744,1.027096714485386,0.0,3.0593887562558817,0.0,111.80658186402327,2.2361316372804656,0.0,8.514185436018161,8.514185436018161,0.0,stevens,value,qnei,exact,gaussian,0.05,0,50,7,b86e14b0-fa59-46db-93e7-b8ed94be244d,False,0.01,2.0,41.64111769999727,3.0593887562558817,"x0,x1,x2,x3",4,0.05,0.05,,,,,,,
0.12678777458489066,0.10775282388822782,0.7516346662802691,-0.24479629864508456,0.8078153936541822,20.0,3.0593887562558817,0.0,113.7153663541019,2.274307327082038,0.0,8.65095012398454,8.65095012398454,0.0,stevens,value,qnei,exact,gaussian,0.05,20,50,7,7a1351f5-69f6-4da4-9ee9-67d1a5496488,False,0.01,2.0,37.40568959999655,3.0593887562558817,"x0,x1,x2,x3",4,0.05,0.05,,,,,,,
-0.32492918169344154,-0.023660355573313585,-0.7704203856796188,0.5960212283921744,1.027096714485386,0.0,3.0593887562558817,0.0,86.41425975690508,1.7282851951381017,0.5806343839424715,10.538126691340315,14.811779074141857,0.0,stevens,value,qnei,exact,gaussian,0.25,0,50,7,98a8db58-6a21-4b14-b578-97c5ebe08b74,False,0.01,2.0,15.525749199994607,3.0593887562558817,"x0,x1,x2,x3",4,0.25,0.25,,,,,,,
0.12678777458489066,0.10775282388822782,0.7516346662802691,-0.24479629864508456,0.8078153936541822,20.0,3.0593887562558817,0.0,113.7153663541019,2.274307327082038,0.0,8.65095012398454,8.65095012398454,0.0,stevens,value,qnei,exact,gaussian,0.25,20,50,7,1d59fbcd-3f44-49f9-8c2b-b453e72dcafe,False,0.01,2.0,13.096921299991664,3.0593887562558817,"x0,x1,x2,x3",4,0.25,0.25,,,,,,,
-0.32492918169344154,-0.023660355573313585,-0.7704203856796188,0.5960212283921744,1.027096714485386,0.0,3.0593887562558817,0.0,78.47193998304125,1.569438799660825,0.0,10.421058788335491,69.36471797675284,0.0,stevens,value,qnei,exact,gaussian,1.0,0,50,7,0d464af6-d985-43ed-8cab-a9265bf84ef7,False,0.01,2.0,12.608680100005586,3.0593887562558817,"x0,x1,x2,x3",4,1.0,1.0,,,,,,,
0.12678777458489066,0.10775282388822782,0.7516346662802691,-0.24479629864508456,0.8078153936541822,20.0,3.0593887562558817,0.0,99.16486716520566,1.9832973433041132,0.20810878359196172,8.65095012398454,13.299138149968837,0.0,stevens,value,qnei,exact,gaussian,1.0,20,50,7,9f7284ac-0a47-4f1e-9d7d-9dd9aef44139,False,0.01,2.0,39.31153730000369,3.0593887562558817,"x0,x1,x2,x3",4,1.0,1.0,,,,,,,
-0.32492918169344154,-0.023660355573313585,-0.7704203856796188,0.5960212283921744,1.027096714485386,0.0,2.7214795250743786,0.33790923118150307,100.86414688494744,2.017282937698949,1.159944700857788,23.85557761666447,78.92860054975749,0.0,stevens,value,qnei,exact,gaussian,5.0,0,50,7,a247372d-b567-4548-9982-fd5b42a6b8b9,False,0.01,2.0,38.97243969999545,3.0593887562558817,"x0,x1,x2,x3",4,5.0,5.0,,,,,,,
0.7427040266359066,0.11645952536080717,-0.19636664755890798,0.07937281651904982,0.7810454509848612,20.0,3.0593887562558817,0.0,141.20409667366155,2.824081933473231,1.2863322126565966,8.65095012398454,75.71139960270537,0.0,stevens,value,qnei,exact,gaussian,5.0,20,50,7,be1afe5c-0a85-48a6-9e4f-03b207c1d362,False,0.01,2.0,28.845263199997135,3.0593887562558817,"x0,x1,x2,x3",4,5.0,5.0,,,,,,,
-3.249291816934415,-0.23660355573313652,-7.704203856796188,5.960212283921744,10.27096714485386,0.0,5.402837764670362,0.0,113.84848117235256,2.276969623447051,0.0,28.44009565530686,28.44009565530686,0.0,hicks_law,value,logei,exact,none,0.0,0,50,7,150b5319-f9cb-4e00-9654-5d21522ddc24,True,0.01,2.0,11.29130530000839,5.402837764670362,"x0,x1,x2,x3",4,0.2,0.5,,,,,,,
0.0,0.0,9.158847342193907,10.0,13.560401345004962,20.0,5.402837764670362,0.0,113.84848117235256,2.276969623447051,0.0,28.44009565530686,28.44009565530686,0.0,hicks_law,value,logei,exact,none,0.0,20,50,7,150b5319-f9cb-4e00-9654-5d21522ddc24,True,0.01,2.0,11.29130530000839,5.402837764670362,"x0,x1,x2,x3",4,0.2,0.5,,,,,,,
-3.249291816934415,-0.23660355573313652,-7.704203856796188,5.960212283921744,10.27096714485386,0.0,5.402837764670362,0.0,69.28462296711692,1.3856924593423383,0.0,28.572980299390153,28.572980299390153,0.0,hicks_law,value,logei,exact,gaussian,0.05,0,50,7,6e141008-2ce5-4cdb-8528-182211d5ec73,False,0.01,2.0,27.506156499992358,5.402837764670362,"x0,x1,x2,x3",4,0.05,0.05,,,,,,,
0.0,0.0,9.158847342193907,10.0,13.560401345004962,20.0,5.402837764670362,0.0,93.98383126301736,1.8796766252603474,0.0,28.44009565530686,28.44009565530686,0.0,hicks_law,value,logei,exact,gaussian,0.05,20,50,7,1fedc273-9b13-45ab-9d02-ec08abe9cef3,False,0.01,2.0,32.473742500005756,5.402837764670362,"x0,x1,x2,x3",4,0.05,0.05,,,,,,,
-3.249291816934415,-0.23660355573313652,-7.704203856796188,5.960212283921744,10.27096714485386,0.0,5.402837764670362,0.0,56.001622334318746,1.120032446686375,0.0,29.250867593818228,29.250867593818228,0.0,hicks_law,value,logei,exact,gaussian,0.25,0,50,7,02be07b8-999f-4f6c-b6d0-835efcfb51ae,False,0.01,2.0,41.934678599995095,5.402837764670362,"x0,x1,x2,x3",4,0.25,0.25,,,,,,,
0.0,0.0,9.158847342193907,10.0,13.560401345004962,20.0,5.402837764670362,0.0,106.14762831295519,2.122952566259104,0.0,28.44009565530686,28.44009565530686,0.0,hicks_law,value,logei,exact,gaussian,0.25,20,50,7,5121cc08-1f13-4ac5-88f7-5641e87d494b,False,0.01,2.0,14.585590999995475,5.402837764670362,"x0,x1,x2,x3",4,0.25,0.25,,,,,,,
-3.249291816934415,-0.23660355573313652,-7.704203856796188,5.960212283921744,10.27096714485386,0.0,5.402837764670362,0.0,80.78143273837209,1.6156286547674419,0.0,59.047023534936635,72.27544222820751,0.0,hicks_law,value,logei,exact,gaussian,1.0,0,50,7,791bb693-f9c1-4a1a-9b92-678dac832112,False,0.01,2.0,22.527793599991128,5.402837764670362,"x0,x1,x2,x3",4,1.0,1.0,,,,,,,
0.0,0.0,9.158847342193907,10.0,13.560401345004962,20.0,5.402837764670362,0.0,56.6311299589204,1.132622599178408,0.5034314262817681,28.44009565530686,59.313487750910554,0.0,hicks_law,value,logei,exact,gaussian,1.0,20,50,7,189a93c7-b9c2-4f15-9fac-215d31084687,False,0.01,2.0,22.33165779999399,5.402837764670362,"x0,x1,x2,x3",4,1.0,1.0,,,,,,,
-3.249291816934415,-0.23660355573313652,-7.704203856796188,5.960212283921744,10.27096714485386,0.0,2.6640679657772273,2.7387697988931343,235.85228043993575,4.717045608798715,3.832840819923412,164.99894267362606,229.468345688889,0.0,hicks_law,value,logei,exact,gaussian,5.0,0,50,7,04bc823b-5850-45e2-bfa8-a95bbc697ba0,False,0.01,2.0,49.36935910000466,5.402837764670362,"x0,x1,x2,x3",4,5.0,5.0,,,,,,,
0.0,9.668055059250966,9.158847342193907,8.0258929369815,15.548978445615328,20.0,5.402837764670362,0.0,113.66027712970323,2.2732055425940647,0.11487457535344081,28.44009565530686,73.61821937013342,0.0,hicks_law,value,logei,exact,gaussian,5.0,20,50,7,b92aebc0-ed68-4ffa-901e-2ca320725e54,False,0.01,2.0,30.48206169999321,5.402837764670362,"x0,x1,x2,x3",4,5.0,5.0,,,,,,,
-3.249291816934415,-0.23660355573313652,-7.704203856796188,5.960212283921744,10.27096714485386,0.0,5.402837764670362,0.0,235.85554410402995,4.717110882080599,0.0,28.582884490864586,28.582884490864586,0.0,hicks_law,value,qnei,exact,none,0.0,0,50,7,646aad7a-8fe2-438c-aa4f-5268605910d0,True,0.01,2.0,11.895680700006778,5.402837764670362,"x0,x1,x2,x3",4,0.2,0.5,,,,,,,
1.2678777458489066,1.0775282388822784,7.5163466628026905,-2.4479629864508468,8.078153936541822,20.0,5.402837764670362,0.0,235.85554410402995,4.717110882080599,0.0,28.582884490864586,28.582884490864586,0.0,hicks_law,value,qnei,exact,none,0.0,20,50,7,646aad7a-8fe2-438c-aa4f-5268605910d0,True,0.01,2.0,11.895680700006778,5.402837764670362,"x0,x1,x2,x3",4,0.2,0.5,,,,,,,
-3.249291816934415,-0.23660355573313652,-7.704203856796188,5.960212283921744,10.27096714485386,0.0,5.402837764670362,0.0,235.5572025969759,4.7111440519395185,0.0,28.464515997951196,28.464515997951196,0.0,hicks_law,value,qnei,exact,gaussian,0.05,0,50,7,ff660de2-86a1-4792-8bb8-db64c21aab74,False,0.01,2.0,33.015723100004834,5.402837764670362,"x0,x1,x2,x3",4,0.05,0.05,,,,,,,
1.2678777458489066,1.0775282388822784,7.5163466628026905,-2.4479629864508468,8.078153936541822,20.0,5.402837764670362,0.0,235.85554410402995,4.717110882080599,0.0,28.582884490864586,28.582884490864586,0.0,hicks_law,value,qnei,exact,gaussian,0.05,20,50,7,653d34a0-aa11-4d8c-a752-0913df5b72d6,False,0.01,2.0,25.55252919999475,5.402837764670362,"x0,x1,x2,x3",4,0.05,0.05,,,,,,,
-3.249291816934415,-0.23660355573313652,-7.704203856796188,5.960212283921744,10.27096714485386,0.0,5.3602427980741165,0.042594966596245065,230.91765340654658,4.618353068130932,0.042594966596245065,31.68447689944215,31.68447689944215,0.0,hicks_law,value,qnei,exact,gaussian,0.25,0,50,7,920e6335-279e-4f13-8b14-de36ed590808,False,0.01,2.0,32.8893781999941,5.402837764670362,"x0,x1,x2,x3",4,0.25,0.25,,,,,,,
1.2678777458489066,1.0775282388822784,7.5163466628026905,-2.4479629864508468,8.078153936541822,20.0,5.402837764670362,0.0,235.85554410402995,4.717110882080599,0.0,28.582884490864586,28.582884490864586,0.0,hicks_law,value,qnei,exact,gaussian,0.25,20,50,7,6373234c-585e-4e35-841b-6d06cfbf4863,False,0.01,2.0,26.49389140000858,5.402837764670362,"x0,x1,x2,x3",4,0.25,0.25,,,,,,,
-3.249291816934415,-0.23660355573313652,-7.704203856796188,5.960212283921744,10.27096714485386,0.0,5.402837764670362,0.0,190.85759286727563,3.8171518573455128,0.7708392867402711,24.85609538752726,80.54724111130751,0.0,hicks_law,value,qnei,exact,gaussian,1.0,0,50,7,aeae9666-9ec3-4dc5-b789-a99d1bc24e2e,False,0.01,2.0,20.63337650000176,5.402837764670362,"x0,x1,x2,x3",4,1.0,1.0,,,,,,,
1.2678777458489066,1.0775282388822784,7.5163466628026905,-2.4479629864508468,8.078153936541822,20.0,5.402837764670362,0.0,217.79679520046804,4.35593590400936,0.4862471252526639,28.582884490864586,38.5509505585442,0.0,hicks_law,value,qnei,exact,gaussian,1.0,20,50,7,92260575-2286-4173-b5b4-3ce0193d263c,False,0.01,2.0,26.430912199997692,5.402837764670362,"x0,x1,x2,x3",4,1.0,1.0,,,,,,,
-3.249291816934415,-0.23660355573313652,-7.704203856796188,5.960212283921744,10.27096714485386,0.0,2.774236569453316,2.6286011952170454,229.11006076042548,4.58220121520851,4.2808604673348585,160.73604877998216,226.17468396020521,0.0,hicks_law,value,qnei,exact,gaussian,5.0,0,50,7,9b0cdbfb-d33e-4b1b-a839-8769438d041e,False,0.01,2.0,24.923853599990252,5.402837764670362,"x0,x1,x2,x3",4,5.0,5.0,,,,,,,
-2.5729597336409338,1.1645952536080717,8.03633352441092,-9.206271834809503,12.542507783838191,20.0,5.402837764670362,0.0,184.8732603357383,3.697465206714766,3.122303312208934,28.582884490864586,91.69569079498962,0.0,hicks_law,value,qnei,exact,gaussian,5.0,20,50,7,9214f299-5ebd-498c-9434-6df9a8e5e43b,False,0.01,2.0,14.906056699997862,5.402837764670362,"x0,x1,x2,x3",4,5.0,5.0,,,,,,,
-0.32492918169344154,-0.023660355573313585,-0.7704203856796188,0.5960212283921744,1.027096714485386,0.0,3.5269190895071625,0.008493454279696167,124.65471046593939,2.493094209318788,0.008493454279696167,20.70442652970199,20.70442652970199,0.0,yerkes_dodson,value,logei,exact,none,0.0,0,50,7,f9531fd1-ca89-47dd-8e53-f20f1c363651,True,0.01,2.0,43.01604910001333,3.5354125437868587,"x0,x1,x2,x3",4,0.2,0.5,,,,,,,
-0.0239540640738094,0.22300672089316775,-0.40489818799433486,-0.20015037249253992,0.5042901040067845,20.0,3.5269190895071625,0.008493454279696167,124.65471046593939,2.493094209318788,0.008493454279696167,20.70442652970199,20.70442652970199,0.0,yerkes_dodson,value,logei,exact,none,0.0,20,50,7,f9531fd1-ca89-47dd-8e53-f20f1c363651,True,0.01,2.0,43.01604910001333,3.5354125437868587,"x0,x1,x2,x3",4,0.2,0.5,,,,,,,
-0.32492918169344154,-0.023660355573313585,-0.7704203856796188,0.5960212283921744,1.027096714485386,0.0,3.5090674375908306,0.026345106196028034,91.63473276006414,1.8326946552012828,0.032962150719210825,21.021646598898432,22.18708440465003,0.0,yerkes_dodson,value,logei,exact,gaussian,0.05,0,50,7,627ed8a4-d808-4bf1-aa82-eeb7b8ba5649,False,0.01,2.0,16.825531599999522,3.5354125437868587,"x0,x1,x2,x3",4,0.05,0.05,,,,,,,
-0.013819427305571619,0.22740022344675326,-0.356567303186885,-0.1814260565443172,0.46038841632894834,20.0,3.529591625184595,0.005820918602263525,114.62154141156994,2.2924308282313985,0.005820918602263525,20.63627686992746,21.07522390852473,0.0,yerkes_dodson,value,logei,exact,gaussian,0.05,20,50,7,43d80247-4168-449c-870b-8c0be79afb91,False,0.01,2.0,14.213377399995807,3.5354125437868587,"x0,x1,x2,x3",4,0.05,0.05,,,,,,,
-0.32492918169344154,-0.023660355573313585,-0.7704203856796188,0.5960212283921744,1.027096714485386,0.0,3.4569624937646592,0.0784500500221994,46.27625250727859,0.9255250501455718,0.10312449907231525,25.013357006993292,28.139752085652695,0.0,yerkes_dodson,value,logei,exact,gaussian,0.25,0,50,7,510949e0-abbf-4358-8b7c-b22b7f20609e,False,0.01,2.0,49.118661600005,3.5354125437868587,"x0,x1,x2,x3",4,0.25,0.25,,,,,,,
0.06093112560818015,0.08473383553848013,0.06562553731968357,-0.024974989952980753,0.1257890544705329,20.0,3.4987323331828515,0.03668021060400717,39.318587801357324,0.7863717560271465,0.11203669189459609,21.423188815971926,23.28077354582966,0.0,yerkes_dodson,value,logei,exact,gaussian,0.25,20,50,7,fd0d06d3-fcbd-454b-a679-2d0f30a52a07,False,0.01,2.0,23.066773600003216,3.5354125437868587,"x0,x1,x2,x3",4,0.25,0.25,,,,,,,
-0.32492918169344154,-0.023660355573313585,-0.7704203856796188,0.5960212283921744,1.027096714485386,0.0,2.6788197678707015,0.8565927759161571,98.92156672608218,1.9784313345216435,1.910394579099223,52.341412135968916,81.68417955612823,0.0,yerkes_dodson,value,logei,exact,gaussian,1.0,0,50,7,e4deee7f-3f0d-4db5-b985-3d511a7cb25f,False,0.01,2.0,14.227041600010125,3.5354125437868587,"x0,x1,x2,x3",4,1.0,1.0,,,,,,,
0.1571085187539587,0.16664458477863953,0.07492023679839044,-0.023881895929176278,0.2421505546890345,20.0,3.4987323331828515,0.03668021060400717,69.56120126791873,1.3912240253583747,0.4555858736455618,21.423188815971926,31.61891015428079,0.0,yerkes_dodson,value,logei,exact,gaussian,1.0,20,50,7,7a7b8b2b-0734-410c-b7d3-8af51c5c4de6,False,0.01,2.0,30.544180299999425,3.5354125437868587,"x0,x1,x2,x3",4,1.0,1.0,,,,,,,
-0.32492918169344154,-0.023660355573313585,-0.7704203856796188,0.5960212283921744,1.027096714485386,0.0,2.8456601094569693,0.6897524343298893,140.75854792320004,2.815170958464001,1.222926599142407,51.10580150146083,163.51822699442945,0.0,yerkes_dodson,value,logei,exact,gaussian,5.0,0,50,7,718c1475-591b-43da-a100-9eb305b40f72,False,0.01,2.0,21.160057499990216,3.5354125437868587,"x0,x1,x2,x3",4,5.0,5.0,,,,,,,
0.3469489174901501,-0.1339579440683465,0.21602085847403196,0.012061330824623684,0.430265928378862,20.0,3.4987323331828515,0.03668021060400717,114.1384331147115,2.28276866229423,1.909218245275696,21.423188815971926,72.77308606408029,0.0,yerkes_dodson,value,logei,exact,gaussian,5.0,20,50,7,d4d617fe-1430-4c57-b3ce-1ddee1f54a5a,False,0.01,2.0,40.582629700002144,3.5354125437868587,"x0,x1,x2,x3",4,5.0,5.0,,,,,,,
-0.32492918169344154,-0.023660355573313585,-0.7704203856796188,0.5960212283921744,1.027096714485386,0.0,3.5335748724058846,0.0018376713809740153,111.13178710622549,2.2226357421245098,0.0018376713809740153,19.556552442032782,19.556552442032782,0.0,yerkes_dodson,value,qnei,exact,none,0.0,0,50,7,123b039f-0378-4227-b7d6-92b7d18ed073,True,0.01,2.0,15.669241000010516,3.5354125437868587,"x0,x1,x2,x3",4,0.2,0.5,,,,,,,
-0.03298479332340171,-0.04823162682365223,-0.08584435524139605,-0.07763330652217804,0.12965519667572536,20.0,3.5335748724058846,0.0018376713809740153,111.13178710622549,2.2226357421245098,0.0018376713809740153,19.556552442032782,19.556552442032782,0.0,yerkes_dodson,value,qnei,exact,none,0.0,20,50,7,123b039f-0378-4227-b7d6-92b7d18ed073,True,0.01,2.0,15.669241000010516,3.5354125437868587,"x0,x1,x2,x3",4,0.2,0.5,,,,,,,
-0.32492918169344154,-0.023660355573313585,-0.7704203856796188,0.5960212283921744,1.027096714485386,0.0,3.5195759536599462,0.01583659012691241,115.85589640770037,2.3171179281540075,0.01583659012691241,21.174059625553376,21.23878691466306,0.0,yerkes_dodson,value,qnei,exact,gaussian,0.05,0,50,7,956e812d-1d4a-4061-8ea2-3c07ddaaa1f3,False,0.01,2.0,37.3306001000019,3.5354125437868587,"x0,x1,x2,x3",4,0.05,0.05,,,,,,,
-0.032054063137059996,-0.043515812846572355,-0.08216340761138852,-0.07724874814243898,0.12505712123338553,20.0,3.521390531416879,0.014022012369979464,109.4542376996773,2.189084753993546,0.014034148825633252,19.413972657573737,19.41422145491464,0.0,yerkes_dodson,value,qnei,exact,gaussian,0.05,20,50,7,22a00f7c-abd3-47f5-99db-9b7430391803,False,0.01,2.0,18.70831299999554,3.5354125437868587,"x0,x1,x2,x3",4,0.05,0.05,,,,,,,
-0.32492918169344154,-0.023660355573313585,-0.7704203856796188,0.5960212283921744,1.027096714485386,0.0,3.5228407320106125,0.012571811776246111,71.27543526011297,1.4255087052022595,0.10634982499928336,33.91291034948444,39.88819564173012,0.0,yerkes_dodson,value,qnei,exact,gaussian,0.25,0,50,7,10eaab78-7006-41d1-837f-c8ee823fb66c,False,0.01,2.0,32.650061299995286,3.5354125437868587,"x0,x1,x2,x3",4,0.25,0.25,,,,,,,
-0.015974965414458753,0.02832690537361704,-0.04898694142444632,-0.049002350357187696,0.07654125592574057,20.0,3.512359270231193,0.023053273555665665,106.03024456810579,2.120604891362116,0.10070458475886035,20.493214926611127,30.61897151884385,0.0,yerkes_dodson,value,qnei,exact,gaussian,0.25,20,50,7,a3e16926-b29a-4ba1-9a31-29e38935047c,False,0.01,2.0,27.266471199996886,3.5354125437868587,"x0,x1,x2,x3",4,0.25,0.25,,,,,,,
-0.32492918169344154,-0.023660355573313585,-0.7704203856796188,0.5960212283921744,1.027096714485386,0.0,3.351361101543848,0.18405144224301084,113.8157598494063,2.276315196988126,1.4552058500362164,27.905330251940455,93.04378185673568,0.0,yerkes_dodson,value,qnei,exact,gaussian,1.0,0,50,7,b538d82c-5c04-4c7f-a058-a5afdc314308,False,0.01,2.0,60.806314999994356,3.5354125437868587,"x0,x1,x2,x3",4,1.0,1.0,,,,,,,
-0.04235572013012062,-0.09738400602914254,-0.00368999674607684,-0.09118195302124438,0.1400193425594466,20.0,3.485906603956088,0.04950593983077045,90.16430165298576,1.8032860330597151,0.3320962036909121,20.23517737333395,26.251305607773396,0.0,yerkes_dodson,value,qnei,exact,gaussian,1.0,20,50,7,074bddc6-47bb-4052-81b9-9f0448191a54,False,0.01,2.0,24.841034400000353,3.5354125437868587,"x0,x1,x2,x3",4,1.0,1.0,,,,,,,
-0.32492918169344154,-0.023660355573313585,-0.7704203856796188,0.5960212283921744,1.027096714485386,0.0,2.3124859446444517,1.222926599142407,149.48451820169703,2.9896903640339407,4.2035194883294755,66.0144488180194,123.29997189714285,0.0,yerkes_dodson,value,qnei,exact,gaussian,5.0,0,50,7,8a2c013a-b287-450a-bfaf-df4c11a4cd56,False,0.01,2.0,29.102768700002343,3.5354125437868587,"x0,x1,x2,x3",4,5.0,5.0,,,,,,,
-0.0847045895004076,-0.06935347728721275,-0.27407800977322505,0.015575986516467966,0.2955438023228938,20.0,3.458028125792771,0.07738441799408768,101.27051374454001,2.0254102748908003,1.5799262710218298,21.0297140009885,50.297131659298365,0.0,yerkes_dodson,value,qnei,exact,gaussian,5.0,20,50,7,bea1f402-fedb-4e4d-b0ef-31c27fd19a17,False,0.01,2.0,36.36848370000371,3.5354125437868587,"x0,x1,x2,x3",4,5.0,5.0,,,,,,,
-6.9333970900778725,-12.846884266309017,-6.612187687250939,5.58682137934723,25.138189916473408,0.0,2.220069182517084,0.4044111492615281,67.68536625721941,1.3537073251443883,0.4044111492615281,37.648390670662366,37.648390670662366,0.0,levy_10,value,logei,exact,none,0.0,0,50,7,99a01c80-b4e4-416a-bbeb-fe47b733985d,True,0.01,2.0,101.86647180000728,2.6244803317786123,"x0,x1,x2,x3,x4,x5,x6,x7,x8,x9,x10",11,0.2,0.5,5.06662134326534,2.4389367607626156,15.747932292963567,-3.9809837788320728,3.8378143785967715,-5.052525092162437,-2.85640785922938
3.2235802926426267,-9.846566734668798,0.780874853045038,-6.005750258234446,15.287611206914404,20.0,2.220069182517084,0.4044111492615281,67.68536625721941,1.3537073251443883,0.4044111492615281,37.648390670662366,37.648390670662366,0.0,levy_10,value,logei,exact,none,0.0,20,50,7,99a01c80-b4e4-416a-bbeb-fe47b733985d,True,0.01,2.0,101.86647180000728,2.6244803317786123,"x0,x1,x2,x3,x4,x5,x6,x7,x8,x9,x10",11,0.2,0.5,-2.3578876573214678,-0.7674270418651727,-0.892288839872732,5.580512070371572,-0.5444928326776557,-1.631255908217362,-6.97435066917223
-6.9333970900778725,-12.846884266309017,-6.612187687250939,5.58682137934723,25.138189916473408,0.0,2.0728167608752526,0.5516635709033597,81.66036886885635,1.633207377377127,0.5516635709033597,47.18369884125828,47.31328842566024,0.0,levy_10,value,logei,exact,gaussian,0.05,0,50,7,e57140ff-bc1c-425d-be2b-eedeefd82d51,False,0.01,2.0,119.6084669999982,2.6244803317786123,"x0,x1,x2,x3,x4,x5,x6,x7,x8,x9,x10",11,0.05,0.05,5.06662134326534,2.4389367607626156,15.747932292963567,-3.9809837788320728,3.8378143785967715,-5.052525092162437,-2.85640785922938
2.984666551778007,-9.787737395747271,0.8053581358644903,-5.861193466168671,15.122814018339968,20.0,2.3351324732606487,0.28934785851796363,66.6512436116378,1.333024872232756,0.29707882609700187,35.95614562213334,36.909671406462984,0.0,levy_10,value,logei,exact,gaussian,0.05,20,50,7,74162ea1-ec7e-4100-af25-6079d9ff59e8,False,0.01,2.0,43.0410053999949,2.6244803317786123,"x0,x1,x2,x3,x4,x5,x6,x7,x8,x9,x10",11,0.05,0.05,-2.4108067279588363,-0.7880370084353672,-1.1910400359456368,5.465596308417682,-0.5560264335668803,-1.5790759257934361,-6.961488242519067
-6.9333970900778725,-12.846884266309017,-6.612187687250939,5.58682137934723,25.138189916473408,0.0,1.8897106033755016,0.7347697284031107,84.30249557097386,1.6860499114194771,0.7765460473095986,46.583613436196984,53.810359766721426,0.0,levy_10,value,logei,exact,gaussian,0.25,0,50,7,6dc7ee38-e214-4361-800e-297478e171eb,False,0.01,2.0,39.73928619999788,2.6244803317786123,"x0,x1,x2,x3,x4,x5,x6,x7,x8,x9,x10",11,0.25,0.25,5.06662134326534,2.4389367607626156,15.747932292963567,-3.9809837788320728,3.8378143785967715,-5.052525092162437,-2.85640785922938
2.3845032473033037,-8.966701424895756,0.8649951016721626,-4.867680610089607,13.969137054931938,20.0,2.2852127721985873,0.33926755958002497,71.71438856088601,1.4342877712177202,0.33926755958002497,37.42527846853381,38.44464453351725,0.0,levy_10,value,logei,exact,gaussian,0.25,20,50,7,4682b27a-075b-47f2-abeb-75d205f70adf,False,0.01,2.0,56.54542659998697,2.6244803317786123,"x0,x1,x2,x3,x4,x5,x6,x7,x8,x9,x10",11,0.25,0.25,-2.438451534070031,-0.41862264954696826,-1.8140553980051035,4.831037519731911,-0.5508060168782345,-1.4042443113440934,-7.041332840244321
-6.9333970900778725,-12.846884266309017,-6.612187687250939,5.58682137934723,25.138189916473408,0.0,2.1237389760674037,0.5007413557112086,101.41803013568303,2.0283606027136605,1.0390828129044467,39.048979258683296,69.13705694061791,0.0,levy_10,value,logei,exact,gaussian,1.0,0,50,7,e832659a-9ef2-4e14-bfaf-72e4006241cc,False,0.01,2.0,35.950056099987705,2.6244803317786123,"x0,x1,x2,x3,x4,x5,x6,x7,x8,x9,x10",11,1.0,1.0,5.06662134326534,2.4389367607626156,15.747932292963567,-3.9809837788320728,3.8378143785967715,-5.052525092162437,-2.85640785922938
4.978495483156563,-9.863529079354747,0.5855452028182295,-9.402799265091236,16.359478047480806,20.0,2.125575829298409,0.49890450248020324,82.98958581360822,1.6597917162721643,0.8582715840654691,39.3751754096151,51.385934853105454,0.0,levy_10,value,logei,exact,gaussian,1.0,20,50,7,d80516fb-dafb-4388-be0a-af6a5f037ace,False,0.01,2.0,45.8918096999987,2.6244803317786123,"x0,x1,x2,x3,x4,x5,x6,x7,x8,x9,x10",11,1.0,1.0,-2.0048069214268316,2.0808167013465737,-0.5428966607455128,2.1065359826736563,-0.48551201801075816,-0.8245253828915149,-6.542595663248579
-6.9333970900778725,-12.846884266309017,-6.612187687250939,5.58682137934723,25.138189916473408,0.0,2.2014011911522022,0.42307914062641006,190.27960005486364,3.805592001097273,3.2438696822558146,38.61337093806503,161.0903272908866,0.0,levy_10,value,logei,exact,gaussian,5.0,0,50,7,929dd85a-cbf7-4d86-b3ab-aa47a9c41f38,False,0.01,2.0,53.48204899999837,2.6244803317786123,"x0,x1,x2,x3,x4,x5,x6,x7,x8,x9,x10",11,5.0,5.0,5.06662134326534,2.4389367607626156,15.747932292963567,-3.9809837788320728,3.8378143785967715,-5.052525092162437,-2.85640785922938
3.6023188411749443,-5.236571171233621,9.257401017063865,-4.692414707343948,19.444296016067657,20.0,2.2434204392857695,0.3810598924928428,90.43611041590218,1.8087222083180436,0.6968790907657347,37.07720551486158,49.95123971627666,0.0,levy_10,value,logei,exact,gaussian,5.0,20,50,7,d527ebd5-3abc-46ba-b6b2-8775d6e77dea,False,0.01,2.0,56.99686249998922,2.6244803317786123,"x0,x1,x2,x3,x4,x5,x6,x7,x8,x9,x10",11,5.0,5.0,2.0135339506551615,4.829545819994056,-9.014621489730295,-1.6310505941175888,0.24018826630560852,0.8519667050438315,-10.857160927601504
-6.9333970900778725,-12.846884266309017,-6.612187687250939,5.58682137934723,25.138189916473408,0.0,2.2089154983615917,0.41556483341702055,80.9362919929076,1.6187258398581519,0.41556483341702055,38.704880443206804,38.704880443206804,0.0,levy_10,value,qnei,exact,none,0.0,0,50,7,f7b4a077-b180-4fd0-b9f2-8b27264440df,True,0.01,2.0,120.54641870000341,2.6244803317786123,"x0,x1,x2,x3,x4,x5,x6,x7,x8,x9,x10",11,0.2,0.5,5.06662134326534,2.4389367607626156,15.747932292963567,-3.9809837788320728,3.8378143785967715,-5.052525092162437,-2.85640785922938
2.0776831502468815,-2.501134843963621,3.714908433252928,-3.743180767486235,13.00253439509308,20.0,2.2089154983615917,0.41556483341702055,80.9362919929076,1.6187258398581519,0.41556483341702055,38.704880443206804,38.704880443206804,0.0,levy_10,value,qnei,exact,none,0.0,20,50,7,f7b4a077-b180-4fd0-b9f2-8b27264440df,True,0.01,2.0,120.54641870000341,2.6244803317786123,"x0,x1,x2,x3,x4,x5,x6,x7,x8,x9,x10",11,0.2,0.5,5.6356838310544655,-2.3292442924898156,0.1595990623330854,-5.906017856161288,-0.44935139669706636,-1.6872626114491076,-7.452510261390517
-6.9333970900778725,-12.846884266309017,-6.612187687250939,5.58682137934723,25.138189916473408,0.0,2.236076769346137,0.3884035624324751,72.42546019305412,1.4485092038610825,0.3884035624324751,34.85506312170121,36.99679968679223,0.0,levy_10,value,qnei,exact,gaussian,0.05,0,50,7,5b33bdcb-f667-4c4e-9074-e47630657349,False,0.01,2.0,51.361629399994854,2.6244803317786123,"x0,x1,x2,x3,x4,x5,x6,x7,x8,x9,x10",11,0.05,0.05,5.06662134326534,2.4389367607626156,15.747932292963567,-3.9809837788320728,3.8378143785967715,-5.052525092162437,-2.85640785922938
2.0732466631998387,-2.5025957293729375,3.697033543503953,-3.7481269216099715,12.988940068726587,20.0,2.0786167680908822,0.54586356368773,81.97524420664327,1.6395048841328654,0.54586356368773,41.399377334982574,41.399377334982574,0.0,levy_10,value,qnei,exact,gaussian,0.05,20,50,7,254041d2-7625-498e-882b-7ea23ba7141f,False,0.01,2.0,119.04177320000599,2.6244803317786123,"x0,x1,x2,x3,x4,x5,x6,x7,x8,x9,x10",11,0.05,0.05,5.629144427133416,-2.3282395850407704,0.15205037994615633,-5.900425133618328,-0.44938154476125725,-1.6842503149594195,-7.4464735974129175
-6.9333970900778725,-12.846884266309017,-6.612187687250939,5.58682137934723,25.138189916473408,0.0,2.009070994010343,0.6154093377682694,91.8036594324842,1.836073188649684,1.4481783301918394,50.3262106039466,56.7657097552325,0.0,levy_10,value,qnei,exact,gaussian,0.25,0,50,7,030fce95-560e-4d5c-882f-bf4d4ebe04d9,False,0.01,2.0,50.74489940000058,2.6244803317786123,"x0,x1,x2,x3,x4,x5,x6,x7,x8,x9,x10",11,0.25,0.25,5.06662134326534,2.4389367607626156,15.747932292963567,-3.9809837788320728,3.8378143785967715,-5.052525092162437,-2.85640785922938
0.6635024318404836,-3.8231713123188023,10.458722285431486,-2.884966083438504,14.93746616408131,20.0,2.276030322016159,0.3484500097624532,74.98580607737297,1.4997161215474595,0.3484500097624532,36.501677478964446,36.501677478964446,0.0,levy_10,value,qnei,exact,gaussian,0.25,20,50,7,f5c3fd9d-cc4a-4b5d-a542-c8d4b3e5c01b,False,0.01,2.0,50.82496899999387,2.6244803317786123,"x0,x1,x2,x3,x4,x5,x6,x7,x8,x9,x10",11,0.25,0.25,2.2248172585278096,-2.0534808221648504,0.6915081215915091,-7.263712626920274,0.23499033820043014,-1.4911172348400552,-5.067363111093568
-6.9333970900778725,-12.846884266309017,-6.612187687250939,5.58682137934723,25.138189916473408,0.0,1.750949791309294,0.8735305404693183,132.13026296065235,2.642605259213047,1.2590341704107613,52.34992596573242,102.25875850877343,0.0,levy_10,value,qnei,exact,gaussian,1.0,0,50,7,615a119d-1985-493b-a579-fa6c55eda95b,False,0.01,2.0,30.62955630000215,2.6244803317786123,"x0,x1,x2,x3,x4,x5,x6,x7,x8,x9,x10",11,1.0,1.0,5.06662134326534,2.4389367607626156,15.747932292963567,-3.9809837788320728,3.8378143785967715,-5.052525092162437,-2.85640785922938
0.5784929529037506,-3.8265621843916247,12.127159244299879,-3.039957332577866,16.163043939439085,20.0,2.1323099760791524,0.4921703556994599,83.20024161386733,1.6640048322773466,0.9195736375111967,39.66400993902887,48.22123993726456,0.0,levy_10,value,qnei,exact,gaussian,1.0,20,50,7,97ab3af0-3349-4ef7-a769-863a9be7d52c,False,0.01,2.0,84.79290190000029,2.6244803317786123,"x0,x1,x2,x3,x4,x5,x6,x7,x8,x9,x10",11,1.0,1.0,2.152430115757981,-2.0787826586595157,0.5442660752382871,-7.295521808015469,0.23283882481264673,-1.4529395965703853,-5.031602237209238
-6.9333970900778725,-12.846884266309017,-6.612187687250939,5.58682137934723,25.138189916473408,0.0,1.5853975188741656,1.0390828129044467,138.92817452975405,2.778563490595081,1.2809894490565399,56.16947559798907,61.81031245381431,0.0,levy_10,value,qnei,exact,gaussian,5.0,0,50,7,bf9878cc-cb8d-4f37-a2c7-01c069fb75ce,False,0.01,2.0,58.094215000004624,2.6244803317786123,"x0,x1,x2,x3,x4,x5,x6,x7,x8,x9,x10",11,5.0,5.0,5.06662134326534,2.4389367607626156,15.747932292963567,-3.9809837788320728,3.8378143785967715,-5.052525092162437,-2.85640785922938
2.4496155818319267,0.0,4.651640376139366,-2.402627880390168,12.090563997966068,20.0,2.1171320486593026,0.5073482831193097,102.35456500029372,2.0470913000058744,2.3396767434738015,39.244745739083655,50.96343466078039,0.0,levy_10,value,qnei,exact,gaussian,5.0,20,50,7,fb9384e7-f8f7-4f38-aa13-b767696e7756,False,0.01,2.0,41.55582470000081,2.6244803317786123,"x0,x1,x2,x3,x4,x5,x6,x7,x8,x9,x10",11,5.0,5.0,4.855836006531341,-2.2823022613203117,0.17425817263069998,-6.005816908833267,-1.598978633603469,-1.2615423549788871,-6.613189169981833
-0.32492918169344154,-0.023660355573313585,-0.7704203856796188,0.5960212283921744,1.027096714485386,0.0,2.153305282720616,0.0,59.76096704985026,1.195219340997005,0.0,5.650210926082619,5.650210926082619,0.0,weber_fechner,value,logei,exact,none,0.0,0,50,7,10af6964-7437-4e0e-af88-e9a27c2359df,True,0.01,2.0,54.85204309999244,2.153305282720616,"x0,x1,x2,x3",4,0.2,0.5,,,,,,,
0.0,0.7591369992139889,0.5103171600090504,0.0,0.914719950244512,20.0,2.153305282720616,0.0,59.76096704985026,1.195219340997005,0.0,5.650210926082619,5.650210926082619,0.0,weber_fechner,value,logei,exact,none,0.0,20,50,7,10af6964-7437-4e0e-af88-e9a27c2359df,True,0.01,2.0,54.85204309999244,2.153305282720616,"x0,x1,x2,x3",4,0.2,0.5,,,,,,,
-0.32492918169344154,-0.023660355573313585,-0.7704203856796188,0.5960212283921744,1.027096714485386,0.0,2.153305282720616,0.0,50.327019349287276,1.0065403869857454,0.0,5.546833064626061,6.132592092744222,0.0,weber_fechner,value,logei,exact,gaussian,0.05,0,50,7,7ae134d7-0dd3-4f56-9689-58cf083ea807,False,0.01,2.0,19.91513209999539,2.153305282720616,"x0,x1,x2,x3",4,0.05,0.05,,,,,,,
0.0,0.7576276830355478,0.5103171600090504,0.0,0.9134677388400289,20.0,2.153305282720616,0.0,62.38109371931588,1.2476218743863177,0.03130201789247655,5.650210926082619,5.918031399570695,0.0,weber_fechner,value,logei,exact,gaussian,0.05,20,50,7,e1f727e6-9b50-466a-876f-315d730d6e21,False,0.01,2.0,32.535305600002175,2.153305282720616,"x0,x1,x2,x3",4,0.05,0.05,,,,,,,
-0.32492918169344154,-0.023660355573313585,-0.7704203856796188,0.5960212283921744,1.027096714485386,0.0,2.1098557030749774,0.04344957964563845,49.69778462026382,0.9939556924052764,0.058499629128826225,7.045248549377003,9.861663758878434,0.0,weber_fechner,value,logei,exact,gaussian,0.25,0,50,7,d443b888-8275-47f0-9110-658685b8c5bd,False,0.01,2.0,19.349625900009414,2.153305282720616,"x0,x1,x2,x3",4,0.25,0.25,,,,,,,
0.0,0.8471411703991727,0.5103171600090504,0.0,0.9889751090826214,20.0,2.153305282720616,0.0,66.67761257471146,1.3335522514942293,0.018602814170052273,5.650210926082619,5.733923589847855,0.0,weber_fechner,value,logei,exact,gaussian,0.25,20,50,7,70fafe76-cd4a-45b1-8d19-9999922a59ca,False,0.01,2.0,15.112586899995222,2.153305282720616,"x0,x1,x2,x3",4,0.25,0.25,,,,,,,
-0.32492918169344154,-0.023660355573313585,-0.7704203856796188,0.5960212283921744,1.027096714485386,0.0,2.153305282720616,0.0,61.93436769969921,1.2386873539939842,0.40282702149546146,5.904173002827516,29.616586063730697,0.0,weber_fechner,value,logei,exact,gaussian,1.0,0,50,7,08fea3ab-b59a-4923-8d80-4d5dfc3dd992,False,0.01,2.0,21.269808800003375,2.153305282720616,"x0,x1,x2,x3",4,1.0,1.0,,,,,,,
0.0,0.8534150443260288,0.5103171600090504,0.0,0.9943544849205942,20.0,2.153305282720616,0.0,30.76633938026143,0.6153267876052286,0.17340330232656198,5.650210926082619,9.975490284513997,0.0,weber_fechner,value,logei,exact,gaussian,1.0,20,50,7,e5199d8a-b989-401d-9451-838bb492fd95,False,0.01,2.0,46.623631300011766,2.153305282720616,"x0,x1,x2,x3",4,1.0,1.0,,,,,,,
-0.32492918169344154,-0.023660355573313585,-0.7704203856796188,0.5960212283921744,1.027096714485386,0.0,2.046504381524752,0.10680090119586394,82.1520696098621,1.643041392197242,0.6212539228772922,16.07256958334731,100.68933168374178,0.0,weber_fechner,value,logei,exact,gaussian,5.0,0,50,7,48972fb9-4bd3-454b-8181-01f748139bbf,False,0.01,2.0,21.242951400010497,2.153305282720616,"x0,x1,x2,x3",4,5.0,5.0,,,,,,,
0.0,0.598192749188137,0.5103171600090504,0.0,0.7862939456596141,20.0,2.153305282720616,0.0,40.39996918410839,0.8079993836821678,0.018602814170052273,5.650210926082619,63.36497830049264,0.0,weber_fechner,value,logei,exact,gaussian,5.0,20,50,7,3660642e-b728-4f1c-8ed4-aa9d016f82d1,False,0.01,2.0,27.369268499998725,2.153305282720616,"x0,x1,x2,x3",4,5.0,5.0,,,,,,,
-0.32492918169344154,-0.023660355573313585,-0.7704203856796188,0.5960212283921744,1.027096714485386,0.0,2.153305282720616,0.0,64.01067857414054,1.280213571482811,0.0,5.692915217011333,5.692915217011333,0.0,weber_fechner,value,qnei,exact,none,0.0,0,50,7,e1f9a7eb-38a5-4c4e-bd10-975763fc77ea,True,0.01,2.0,46.51060520000465,2.153305282720616,"x0,x1,x2,x3",4,0.2,0.5,,,,,,,
-0.10980828725199299,-0.11552283642054617,0.6935771002624352,1.0,1.2273762991406967,20.0,2.153305282720616,0.0,64.01067857414054,1.280213571482811,0.0,5.692915217011333,5.692915217011333,0.0,weber_fechner,value,qnei,exact,none,0.0,20,50,7,e1f9a7eb-38a5-4c4e-bd10-975763fc77ea,True,0.01,2.0,46.51060520000465,2.153305282720616,"x0,x1,x2,x3",4,0.2,0.5,,,,,,,
-0.32492918169344154,-0.023660355573313585,-0.7704203856796188,0.5960212283921744,1.027096714485386,0.0,2.153305282720616,0.0,60.4486247594765,1.20897249518953,0.06913443551340359,5.617081189880018,8.469657466932329,0.0,weber_fechner,value,qnei,exact,gaussian,0.05,0,50,7,2c3acd8d-99a7-440b-a22c-2cc82feb155e,False,0.01,2.0,31.824260499997763,2.153305282720616,"x0,x1,x2,x3",4,0.05,0.05,,,,,,,
-0.11347250054803071,-0.11628518782679942,0.690525850687282,1.0,1.2260604404987265,20.0,2.153305282720616,0.0,76.23974620212759,1.5247949240425518,0.0,5.692915217011333,5.692915217011333,0.0,weber_fechner,value,qnei,exact,gaussian,0.05,20,50,7,810f0060-59af-4c08-b998-7fd0c754d35c,False,0.01,2.0,25.408068599994294,2.153305282720616,"x0,x1,x2,x3",4,0.05,0.05,,,,,,,
-0.32492918169344154,-0.023660355573313585,-0.7704203856796188,0.5960212283921744,1.027096714485386,0.0,2.153305282720616,0.0,54.71780477569072,1.0943560955138145,0.2094988798137798,9.026623759931649,15.256624669931043,0.0,weber_fechner,value,qnei,exact,gaussian,0.25,0,50,7,a75517fe-84ee-4ed1-ac58-8c15f6b6ac9e,False,0.01,2.0,11.610555899998872,2.153305282720616,"x0,x1,x2,x3",4,0.25,0.25,,,,,,,
-0.3556342840126414,-0.3060243335769618,0.6457640518278479,1.0,1.2795068766284639,20.0,2.153305282720616,0.0,53.61217807232121,1.072243561446424,0.0,5.692915217011333,5.692915217011333,0.0,weber_fechner,value,qnei,exact,gaussian,0.25,20,50,7,7e55218b-d9b8-4a7e-a262-012dd1e18f72,False,0.01,2.0,31.049138200003654,2.153305282720616,"x0,x1,x2,x3",4,0.25,0.25,,,,,,,
-0.32492918169344154,-0.023660355573313585,-0.7704203856796188,0.5960212283921744,1.027096714485386,0.0,2.0266477456870184,0.1266575370335974,84.35823741258233,1.6871647482516465,0.4887546747377225,11.558440243861092,17.580866612011345,0.0,weber_fechner,value,qnei,exact,gaussian,1.0,0,50,7,5138deb3-af4b-47c7-bd25-7cd12082f2a1,False,0.01,2.0,20.157699600007618,2.153305282720616,"x0,x1,x2,x3",4,1.0,1.0,,,,,,,
-0.1413002891866949,-0.11946903348098226,0.6777303237144886,0.9188379630963163,1.156641783697207,20.0,2.153305282720616,0.0,58.05509636266714,1.161101927253343,0.2386428148108648,5.692915217011333,22.800190330416015,0.0,weber_fechner,value,qnei,exact,gaussian,1.0,20,50,7,aac98117-3331-42a1-bba8-5d0fab40e05c,False,0.01,2.0,42.16066419999697,2.153305282720616,"x0,x1,x2,x3",4,1.0,1.0,,,,,,,
-0.32492918169344154,-0.023660355573313585,-0.7704203856796188,0.5960212283921744,1.027096714485386,0.0,2.0962760550871877,0.0570292276334281,73.43293262339523,1.4686586524679046,0.40312664758457495,10.797522567048315,35.438148122646886,0.0,weber_fechner,value,qnei,exact,gaussian,5.0,0,50,7,b95d464f-aec1-4961-96e8-d6e943acc9df,False,0.01,2.0,62.602954800007865,2.153305282720616,"x0,x1,x2,x3",4,5.0,5.0,,,,,,,
-0.10244010118260871,-0.47251166867411687,0.7686763041999068,0.3935024662510352,0.989681111746393,20.0,2.153305282720616,0.0,69.95353900927736,1.3990707801855473,2.0040423506698875,5.692915217011333,44.19200795945664,0.0,weber_fechner,value,qnei,exact,gaussian,5.0,20,50,7,1cedf986-2f03-47a7-846a-bbd6b54451fb,False,0.01,2.0,59.66219519999868,2.153305282720616,"x0,x1,x2,x3",4,5.0,5.0,,,,,,,
-3.327274820540841,-0.24228204107073203,-7.889104749359297,6.103257378735867,10.517470356330351,0.0,2.8158721331317014,0.8230669403063504,97.63592789219703,1.9527185578439406,0.8230669403063504,59.76754516648718,59.76754516648718,0.0,rastrigin,value,logei,exact,none,0.0,0,50,7,790b455b-21f6-40be-8171-dd5dc55ff449,True,0.01,2.0,44.05320559999382,3.638939073438052,"x0,x1,x2,x3",4,0.2,0.5,,,,,,,
-0.018100599746734503,0.2865048020352532,0.08994522953816353,-0.002541344188255773,0.3008475295683965,20.0,2.8158721331317014,0.8230669403063504,97.63592789219703,1.9527185578439406,0.8230669403063504,59.76754516648718,59.76754516648718,0.0,rastrigin,value,logei,exact,none,0.0,20,50,7,790b455b-21f6-40be-8171-dd5dc55ff449,True,0.01,2.0,44.05320559999382,3.638939073438052,"x0,x1,x2,x3",4,0.2,0.5,,,,,,,
-3.327274820540841,-0.24228204107073203,-7.889104749359297,6.103257378735867,10.517470356330351,0.0,2.551126496739567,1.087812576698485,119.0214418539453,2.380428837078906,1.087812576698485,72.37234286604115,72.50501940493835,0.0,rastrigin,value,logei,exact,gaussian,0.05,0,50,7,69a1cf59-1ee9-4e5d-a779-31b4fa5f6b16,False,0.01,2.0,50.82189000000653,3.638939073438052,"x0,x1,x2,x3",4,0.05,0.05,,,,,,,
-0.02223091426282897,0.3729590565990122,0.11829755986558466,-0.0007729187743362731,0.39190251532973064,20.0,2.6223709744516013,1.0165680989864505,103.61242351822277,2.0722484703644555,1.0165680989864505,63.92396344130111,63.92396344130111,0.0,rastrigin,value,logei,exact,gaussian,0.05,20,50,7,0a1594ae-0625-489a-9da4-d2d7c165ffd7,False,0.01,2.0,43.07717890001368,3.638939073438052,"x0,x1,x2,x3",4,0.05,0.05,,,,,,,
-3.327274820540841,-0.24228204107073203,-7.889104749359297,6.103257378735867,10.517470356330351,0.0,2.6616703523061496,0.9772687211319022,116.87496706272044,2.337499341254409,0.9772687211319022,65.52479998405465,70.33756202720377,0.0,rastrigin,value,logei,exact,gaussian,0.25,0,50,7,5f36faab-f678-443d-9bd8-511a5b877cdb,False,0.01,2.0,31.76756180000666,3.638939073438052,"x0,x1,x2,x3",4,0.25,0.25,,,,,,,
-0.0006678267769224533,0.35209679869424537,0.47154770988940864,0.40204078847420643,0.7127177842191447,20.0,2.6223709744516013,1.0165680989864505,112.88856008460947,2.257771201692189,1.2414604503074527,63.92396344130111,65.16087137356664,0.0,rastrigin,value,logei,exact,gaussian,0.25,20,50,7,bfc1502e-2fd0-4cb6-abe9-3f769410515b,False,0.01,2.0,25.065117599995574,3.638939073438052,"x0,x1,x2,x3",4,0.25,0.25,,,,,,,
-3.327274820540841,-0.24228204107073203,-7.889104749359297,6.103257378735867,10.517470356330351,0.0,2.639067728076479,0.9998713453615728,132.95328431061645,2.659065686212329,1.905180986138884,88.13206056525861,119.84391489445338,0.0,rastrigin,value,logei,exact,gaussian,1.0,0,50,7,71bb9dc5-3481-45bf-8d68-6644d4063008,False,0.01,2.0,39.82062009999936,3.638939073438052,"x0,x1,x2,x3",4,1.0,1.0,,,,,,,
-0.009350628935004046,0.469399942107261,0.48471820672429455,0.20121370283223194,0.7041750024313941,20.0,2.6223709744516013,1.0165680989864505,120.4285791599135,2.40857158319827,1.6961848626587173,63.92396344130111,90.277862460006,0.0,rastrigin,value,logei,exact,gaussian,1.0,20,50,7,f327f103-5b4d-42ab-87ec-9dce535c0720,False,0.01,2.0,38.04824770000414,3.638939073438052,"x0,x1,x2,x3",4,1.0,1.0,,,,,,,
-3.327274820540841,-0.24228204107073203,-7.889104749359297,6.103257378735867,10.517470356330351,0.0,2.8819543950894735,0.7569846783485783,163.84578812994147,3.276915762598829,1.613194103435959,66.89673329921763,155.85227057330204,0.0,rastrigin,value,logei,exact,gaussian,5.0,0,50,7,83280586-fd4a-4650-9769-1627cc27bc28,False,0.01,2.0,45.79490639999858,3.638939073438052,"x0,x1,x2,x3",4,5.0,5.0,,,,,,,
-0.22612324474158818,1.074005838695626,-0.590629893186271,-0.8628350362239394,1.5158984906073203,20.0,2.6223709744516013,1.0165680989864505,144.7601254128692,2.895202508257384,3.644689471966404,63.92396344130111,112.84204591405131,0.0,rastrigin,value,logei,exact,gaussian,5.0,20,50,7,39e92353-8daa-4d8c-9ef9-f0ee0b478fa9,False,0.01,2.0,58.909401100012474,3.638939073438052,"x0,x1,x2,x3",4,5.0,5.0,,,,,,,
-3.327274820540841,-0.24228204107073203,-7.889104749359297,6.103257378735867,10.517470356330351,0.0,3.055378094782243,0.5835609786558087,113.1495430799314,2.2629908615986283,0.5835609786558087,44.89733596029166,44.89733596029166,0.0,rastrigin,value,qnei,exact,none,0.0,0,50,7,8a8ea1c4-c370-441f-9cd8-e5902ffd67c8,True,0.01,2.0,23.014314799991553,3.638939073438052,"x0,x1,x2,x3",4,0.2,0.5,,,,,,,
-1.2513589676842896,-2.3270157182684157,-0.5322973246508378,1.4565711138017283,3.0636320390125524,20.0,3.055378094782243,0.5835609786558087,113.1495430799314,2.2629908615986283,0.5835609786558087,44.89733596029166,44.89733596029166,0.0,rastrigin,value,qnei,exact,none,0.0,20,50,7,8a8ea1c4-c370-441f-9cd8-e5902ffd67c8,True,0.01,2.0,23.014314799991553,3.638939073438052,"x0,x1,x2,x3",4,0.2,0.5,,,,,,,
-3.327274820540841,-0.24228204107073203,-7.889104749359297,6.103257378735867,10.517470356330351,0.0,2.6567549498966683,0.9821841235413835,120.53667516395342,2.410733503279068,0.9821841235413835,64.18717391986765,64.18717391986765,0.0,rastrigin,value,qnei,exact,gaussian,0.05,0,50,7,f1e2ec5d-cfa7-4853-9e01-225811d3dba4,False,0.01,2.0,25.88104239999666,3.638939073438052,"x0,x1,x2,x3",4,0.05,0.05,,,,,,,
-1.2513418536517802,-2.32681080305542,-0.5320368695511246,1.4565041891096921,3.0633923404245698,20.0,3.0546690683579536,0.5842700050800982,113.51992193009998,2.2703984386019997,0.5842700050800982,44.91754321338391,46.82471337707001,0.0,rastrigin,value,qnei,exact,gaussian,0.05,20,50,7,04aaba4d-e444-46e3-b09b-544bd7443ffa,False,0.01,2.0,29.15178410000226,3.638939073438052,"x0,x1,x2,x3",4,0.05,0.05,,,,,,,
-3.327274820540841,-0.24228204107073203,-7.889104749359297,6.103257378735867,10.517470356330351,0.0,2.4071593531152073,1.2317797203228444,136.3670000315804,2.727340000631608,1.2317797203228444,74.75539666394711,82.313030915613,0.0,rastrigin,value,qnei,exact,gaussian,0.25,0,50,7,9046d9b7-f88f-408f-af44-f85c90ce81de,False,0.01,2.0,26.686102599996957,3.638939073438052,"x0,x1,x2,x3",4,0.25,0.25,,,,,,,
-1.2512071562479528,-2.3218664897675287,-0.5286719579973915,1.4555628832683762,3.0585520578327285,20.0,3.041299919593182,0.5976391538448698,100.13058756327135,2.002611751265427,0.6576227036834097,45.298563953179894,47.008095123578286,0.0,rastrigin,value,qnei,exact,gaussian,0.25,20,50,7,d297c141-9abf-406e-8b14-34d1403fba6e,False,0.01,2.0,41.41155500001332,3.638939073438052,"x0,x1,x2,x3",4,0.25,0.25,,,,,,,
-3.327274820540841,-0.24228204107073203,-7.889104749359297,6.103257378735867,10.517470356330351,0.0,2.768659768509121,0.8702793049289306,176.34410872469562,3.5268821744939123,2.632250278498336,89.38504124674061,150.5671226118334,0.0,rastrigin,value,qnei,exact,gaussian,1.0,0,50,7,df3964e0-694c-4fb1-9003-8290e7c6784f,False,0.01,2.0,13.782207199998084,3.638939073438052,"x0,x1,x2,x3",4,1.0,1.0,,,,,,,
-1.251418828550402,-2.3288450592094314,-0.5338806668576561,1.4571828437761447,3.0656123044009576,20.0,3.0608184868161072,0.5781205866219445,115.01549660384039,2.3003099320768077,1.2539414818106551,44.74228478732652,62.295544066330706,0.0,rastrigin,value,qnei,exact,gaussian,1.0,20,50,7,c66df7d3-c4c6-4d87-8936-04ecd49d3848,False,0.01,2.0,30.87977289999253,3.638939073438052,"x0,x1,x2,x3",4,1.0,1.0,,,,,,,
-3.327274820540841,-0.24228204107073203,-7.889104749359297,6.103257378735867,10.517470356330351,0.0,1.9398361202893621,1.6991029531486896,208.69549345034278,4.173909869006856,4.054798257364004,96.6463915870143,205.78253218567974,0.0,rastrigin,value,qnei,exact,gaussian,5.0,0,50,7,4f293ba4-613a-4f59-bbde-e918bc4489fb,False,0.01,2.0,27.994358900003135,3.638939073438052,"x0,x1,x2,x3",4,5.0,5.0,,,,,,,
-1.245923971125062,-1.8851910661251543,-0.6167290139352763,5.234921776275284,5.735070407412004,20.0,2.981316369754642,0.6576227036834097,144.79921157437312,2.8959842314874624,3.6240506714482352,47.008095123578286,102.95462779738385,0.0,rastrigin,value,qnei,exact,gaussian,5.0,20,50,7,c0aa99fa-58d6-4fd2-8f47-c7cae62ad180,False,0.01,2.0,61.974027800009935,3.638939073438052,"x0,x1,x2,x3",4,5.0,5.0,,,,,,,
-0.32492918169344154,-0.023660355573313585,-0.7704203856796188,0.5960212283921744,1.027096714485386,0.0,2.2038578246868554,0.7536419568950619,87.39356899285858,1.7478713798571714,0.7536419568950619,56.863582734808766,56.863582734808766,0.0,moving_peaks,value,logei,exact,none,0.0,0,50,7,4d4d3647-855d-4f1d-96a2-e0ce6c37d857,True,0.01,2.0,39.2114564999938,2.9574997815819173,"x0,x1,x2,x3",4,0.2,0.5,,,,,,,
-0.11428045268290155,0.24111874762794006,-0.0382327826536647,-0.30767542105310475,0.409052787195886,20.0,2.2038578246868554,0.7536419568950619,87.39356899285858,1.7478713798571714,0.7536419568950619,56.863582734808766,56.863582734808766,0.0,moving_peaks,value,logei,exact,none,0.0,20,50,7,4d4d3647-855d-4f1d-96a2-e0ce6c37d857,True,0.01,2.0,39.2114564999938,2.9574997815819173,"x0,x1,x2,x3",4,0.2,0.5,,,,,,,
-0.32492918169344154,-0.023660355573313585,-0.7704203856796188,0.5960212283921744,1.027096714485386,0.0,2.3315325193559326,0.6259672622259846,84.74756968633912,1.6949513937267824,0.6259672622259846,54.6375476219132,54.79816836168767,0.0,moving_peaks,value,logei,exact,gaussian,0.05,0,50,7,14080301-0baf-4e76-939a-36ee7df1b822,False,0.01,2.0,17.66493879999325,2.9574997815819173,"x0,x1,x2,x3",4,0.05,0.05,,,,,,,
-0.11002220319170908,0.2350177089405543,-0.04239676010840693,-0.2902004432088408,0.3916018273924705,20.0,2.385064215242765,0.5724355663391525,81.08199142800629,1.621639828560126,0.5836724753458506,53.36818029809885,53.80015282413577,0.0,moving_peaks,value,logei,exact,gaussian,0.05,20,50,7,bb279604-e8a5-4187-ad26-6d13030c4441,False,0.01,2.0,11.101386400012416,2.9574997815819173,"x0,x1,x2,x3",4,0.05,0.05,,,,,,,
-0.32492918169344154,-0.023660355573313585,-0.7704203856796188,0.5960212283921744,1.027096714485386,0.0,2.2013206505616583,0.756179131020259,85.05473140851451,1.7010946281702903,0.85224659175024,53.14656590446289,56.80959108870115,0.0,moving_peaks,value,logei,exact,gaussian,0.25,0,50,7,d87b88a9-7f86-4c7a-acf3-7991fa86a8b9,False,0.01,2.0,38.784743899988825,2.9574997815819173,"x0,x1,x2,x3",4,0.25,0.25,,,,,,,
-0.006252216946827094,0.014759202755315282,-0.00496762542905782,-0.005418143384710583,0.017633997359175344,20.0,1.922201233266338,1.0352985483155792,91.29450100011748,1.8258900200023496,1.183051056842033,60.605048969872044,64.1262016290255,0.0,moving_peaks,value,logei,exact,gaussian,0.25,20,50,7,d24b5773-50af-4590-b453-b2d7cc103c16,False,0.01,2.0,44.452629599996726,2.9574997815819173,"x0,x1,x2,x3",4,0.25,0.25,,,,,,,
-0.32492918169344154,-0.023660355573313585,-0.7704203856796188,0.5960212283921744,1.027096714485386,0.0,1.9110837250951849,1.0464160564867324,108.15934544370711,2.1631869088741422,2.242583308498335,65.60309556668662,91.11699034450858,0.0,moving_peaks,value,logei,exact,gaussian,1.0,0,50,7,9a113fea-3f29-4797-914d-42169e8b9804,False,0.01,2.0,36.73445139999967,2.9574997815819173,"x0,x1,x2,x3",4,1.0,1.0,,,,,,,
-0.03898815429318958,0.05754796206219759,-0.028038909773142495,0.02692218519694689,0.07964187736201866,20.0,1.922201233266338,1.0352985483155792,108.60163084139052,2.1720326168278103,1.41400656924167,60.605048969872044,78.69445674790835,0.0,moving_peaks,value,logei,exact,gaussian,1.0,20,50,7,cdfb76a9-0044-4e33-bd07-d01d5be8775e,False,0.01,2.0,12.720915900004911,2.9574997815819173,"x0,x1,x2,x3",4,1.0,1.0,,,,,,,
-0.32492918169344154,-0.023660355573313585,-0.7704203856796188,0.5960212283921744,1.027096714485386,0.0,1.498619581017843,1.4588802005640742,150.3015490743069,3.006030981486138,2.242583308498335,74.96781989812135,161.39776056531204,0.0,moving_peaks,value,logei,exact,gaussian,5.0,0,50,7,08e8a8f1-99fc-4042-9c6c-2f29f11b1a3f,False,0.01,2.0,29.801088699998218,2.9574997815819173,"x0,x1,x2,x3",4,5.0,5.0,,,,,,,
-0.7207882971142461,-0.4264697620913328,0.025948125452904924,-0.5972139303565959,1.0289557867379848,20.0,1.922201233266338,1.0352985483155792,154.4469233950273,3.088938467900546,3.286843147161329,60.605048969872044,110.41896165274002,0.0,moving_peaks,value,logei,exact,gaussian,5.0,20,50,7,b7082be0-f9d4-437d-add0-73c7a2113865,False,0.01,2.0,21.302005999998073,2.9574997815819173,"x0,x1,x2,x3",4,5.0,5.0,,,,,,,
-0.32492918169344154,-0.023660355573313585,-0.7704203856796188,0.5960212283921744,1.027096714485386,0.0,2.4071380849243713,0.550361696657546,95.42517780512584,1.9085035561025168,0.550361696657546,52.59220420049978,52.59220420049978,0.0,moving_peaks,value,qnei,exact,none,0.0,0,50,7,bbe1dadd-2d19-433b-ad81-c91e893ba4bb,True,0.01,2.0,20.2915953000047,2.9574997815819173,"x0,x1,x2,x3",4,0.2,0.5,,,,,,,
0.020102833464294756,-0.028884666630558997,0.42965758671558557,-0.5587944577230388,0.7057586950820356,20.0,2.4071380849243713,0.550361696657546,95.42517780512584,1.9085035561025168,0.550361696657546,52.59220420049978,52.59220420049978,0.0,moving_peaks,value,qnei,exact,none,0.0,20,50,7,bbe1dadd-2d19-433b-ad81-c91e893ba4bb,True,0.01,2.0,20.2915953000047,2.9574997815819173,"x0,x1,x2,x3",4,0.2,0.5,,,,,,,
-0.32492918169344154,-0.023660355573313585,-0.7704203856796188,0.5960212283921744,1.027096714485386,0.0,2.6020380239856156,0.3554617575963017,85.5147361049975,1.7102947220999498,0.3554617575963017,42.093955346329295,42.738088775788114,0.0,moving_peaks,value,qnei,exact,gaussian,0.05,0,50,7,a91af825-d2af-4e33-9b3d-e6f0ea04f569,False,0.01,2.0,21.799677200004226,2.9574997815819173,"x0,x1,x2,x3",4,0.05,0.05,,,,,,,
-0.0033939934473768973,-0.029103819342843673,0.42388026770412374,-0.5587944577230388,0.7019859534369376,20.0,2.5394475819168263,0.418052199665091,95.17611251509028,1.9035222503018057,0.418052199665091,50.97320996528263,50.97320996528263,0.0,moving_peaks,value,qnei,exact,gaussian,0.05,20,50,7,e20dd35c-b6c9-435f-a328-e9fcb270b779,False,0.01,2.0,17.675658600011957,2.9574997815819173,"x0,x1,x2,x3",4,0.05,0.05,,,,,,,
-0.32492918169344154,-0.023660355573313585,-0.7704203856796188,0.5960212283921744,1.027096714485386,0.0,2.396120824404765,0.5613789571771521,96.89590790430833,1.9379181580861666,0.5613789571771521,51.53324489163562,52.35419071071526,0.0,moving_peaks,value,qnei,exact,gaussian,0.25,0,50,7,17f7cba5-4d28-425b-a3fa-fae0c6a756e1,False,0.01,2.0,29.240500299987616,2.9574997815819173,"x0,x1,x2,x3",4,0.25,0.25,,,,,,,
0.0468640130613488,-0.02458374174109179,-0.04980940552334753,0.011384636240100332,0.07356074292117813,20.0,2.306714389442494,0.6507853921394231,89.2413822556665,1.7848276451133298,0.7397426102222346,51.614393383947146,56.39233859032997,0.0,moving_peaks,value,qnei,exact,gaussian,0.25,20,50,7,f76682b8-7387-49a6-9686-95f9d8d6019e,False,0.01,2.0,23.77314619999379,2.9574997815819173,"x0,x1,x2,x3",4,0.25,0.25,,,,,,,
-0.32492918169344154,-0.023660355573313585,-0.7704203856796188,0.5960212283921744,1.027096714485386,0.0,1.6145983618830988,1.3429014196988185,123.2482489470975,2.46496497894195,1.3729381299566017,70.95318748867578,108.25816560012802,0.0,moving_peaks,value,qnei,exact,gaussian,1.0,0,50,7,797ddc4f-c1a1-4d9e-919c-ae9c38adfc48,False,0.01,2.0,54.57655959999829,2.9574997815819173,"x0,x1,x2,x3",4,1.0,1.0,,,,,,,
-0.05936263071977932,-0.0032663629429440233,0.03689075713269008,0.02370136843359172,0.07387336380791054,20.0,2.181191976080665,0.7763078055012524,102.83045347877977,2.0566090695755954,1.789838910702974,51.790588026769036,75.98409850256847,0.0,moving_peaks,value,qnei,exact,gaussian,1.0,20,50,7,530088d8-ce19-460f-bf88-73318a5086fb,False,0.01,2.0,22.94195469999977,2.9574997815819173,"x0,x1,x2,x3",4,1.0,1.0,,,,,,,
-0.32492918169344154,-0.023660355573313585,-0.7704203856796188,0.5960212283921744,1.027096714485386,0.0,1.8196423371597659,1.1378574444221514,152.5304941374634,3.050609882749268,2.450397528065334,69.34992166563772,150.02746068760334,0.0,moving_peaks,value,qnei,exact,gaussian,5.0,0,50,7,6013032e-d981-46e0-aa51-729f6f5922e2,False,0.01,2.0,65.3364944000059,2.9574997815819173,"x0,x1,x2,x3",4,5.0,5.0,,,,,,,
0.17953344563729845,0.09922106291744287,0.6040982881332517,0.4412055422769612,0.775676575442562,20.0,2.0450840711355527,0.9124157104463646,152.46254163834146,3.049250832766829,4.061411307389369,55.66966331770473,121.58357485132687,0.0,moving_peaks,value,qnei,exact,gaussian,5.0,20,50,7,bb259723-eb8f-4191-891b-08e4fa4a14bf,False,0.01,2.0,31.967382899994846,2.9574997815819173,"x0,x1,x2,x3",4,5.0,5.0,,,,,,,
-0.32492918169344154,-0.023660355573313585,-0.7704203856796188,0.5960212283921744,1.027096714485386,0.0,1.7175746997911816,0.0,55.63908033274136,1.112781606654827,0.0,6.115974239549598,6.115974239549598,0.0,power_law_practice,value,logei,exact,none,0.0,0,50,7,556355e9-64e1-4df2-b05f-21659ff21b14,True,0.01,2.0,18.90449400000216,1.7175746997911816,"x0,x1,x2,x3",4,0.2,0.5,,,,,,,
0.0,0.27379162788815226,0.0,-0.03817058023183706,0.27643959321500877,20.0,1.7175746997911816,0.0,55.63908033274136,1.112781606654827,0.0,6.115974239549598,6.115974239549598,0.0,power_law_practice,value,logei,exact,none,0.0,20,50,7,556355e9-64e1-4df2-b05f-21659ff21b14,True,0.01,2.0,18.90449400000216,1.7175746997911816,"x0,x1,x2,x3",4,0.2,0.5,,,,,,,
-0.32492918169344154,-0.023660355573313585,-0.7704203856796188,0.5960212283921744,1.027096714485386,0.0,1.7175746997911816,0.0,27.306198330072075,0.5461239666014415,0.0,5.601071194558129,5.601071194558129,0.0,power_law_practice,value,logei,exact,gaussian,0.05,0,50,7,aa5d51b8-7671-4d28-b574-42867bb4be1b,False,0.01,2.0,18.450330000006943,1.7175746997911816,"x0,x1,x2,x3",4,0.05,0.05,,,,,,,
0.0,0.27379162788815226,0.0,-0.03927800146308735,0.2765946798124988,20.0,1.7175746997911816,0.0,53.832973864188126,1.0766594772837625,0.0,6.115974239549598,6.115974239549598,0.0,power_law_practice,value,logei,exact,gaussian,0.05,20,50,7,006901be-9be9-4214-a3ed-2c65e5db2324,False,0.01,2.0,57.53410520000034,1.7175746997911816,"x0,x1,x2,x3",4,0.05,0.05,,,,,,,
-0.32492918169344154,-0.023660355573313585,-0.7704203856796188,0.5960212283921744,1.027096714485386,0.0,1.7175746997911816,0.0,12.618462152529018,0.25236924305058034,0.07167459326897063,6.252574468389775,9.211806760344505,0.0,power_law_practice,value,logei,exact,gaussian,0.25,0,50,7,344750e9-bf55-4c31-ab2f-f0f6719759d0,False,0.01,2.0,25.766776200005552,1.7175746997911816,"x0,x1,x2,x3",4,0.25,0.25,,,,,,,
0.0,-0.7262083721118477,-0.48838696548467153,0.0,0.8751573731510611,20.0,1.7175746997911816,0.0,30.0261070500049,0.600522141000098,0.1961453734488925,6.115974239549598,9.184587434297079,0.0,power_law_practice,value,logei,exact,gaussian,0.25,20,50,7,8796487a-e3d4-42fb-a410-9522cd56f976,False,0.01,2.0,14.8613037999894,1.7175746997911816,"x0,x1,x2,x3",4,0.25,0.25,,,,,,,
-0.32492918169344154,-0.023660355573313585,-0.7704203856796188,0.5960212283921744,1.027096714485386,0.0,1.687786719822653,0.029787979968528555,43.700807918437995,0.8740161583687599,0.3648049007557632,8.073254403199414,22.563979305024276,0.0,power_law_practice,value,logei,exact,gaussian,1.0,0,50,7,5a04f169-42d0-4953-97af-c3b47562ffca,False,0.01,2.0,10.587945399995078,1.7175746997911816,"x0,x1,x2,x3",4,1.0,1.0,,,,,,,
0.0,-0.7262083721118477,-0.4653808940856926,-0.027900471807472904,0.8629811195109764,20.0,1.7175746997911816,0.0,37.11897282819461,0.7423794565638921,0.17213225573881652,6.115974239549598,19.012372358190916,0.0,power_law_practice,value,logei,exact,gaussian,1.0,20,50,7,d712b393-4361-4ade-866d-49adb2ee43f4,False,0.01,2.0,23.272687799995765,1.7175746997911816,"x0,x1,x2,x3",4,1.0,1.0,,,,,,,
-0.32492918169344154,-0.023660355573313585,-0.7704203856796188,0.5960212283921744,1.027096714485386,0.0,1.7175746997911816,0.0,48.09264239281046,0.9618528478562092,0.09807250146014512,17.039955704638935,49.67128436044404,0.0,power_law_practice,value,logei,exact,gaussian,5.0,0,50,7,a719e324-584a-4d63-81f9-5ef83e47be2e,False,0.01,2.0,12.106043599997065,1.7175746997911816,"x0,x1,x2,x3",4,5.0,5.0,,,,,,,
0.0,0.1373211673573328,-0.5151538426669086,0.0,0.5331421804911544,20.0,1.7175746997911816,0.0,50.48161755540142,1.0096323511080285,0.7810273179939053,6.115974239549598,30.569167147803732,0.0,power_law_practice,value,logei,exact,gaussian,5.0,20,50,7,a30b865e-a0f4-41b1-8fca-b16ac059e58d,False,0.01,2.0,15.696607099991525,1.7175746997911816,"x0,x1,x2,x3",4,5.0,5.0,,,,,,,
-0.32492918169344154,-0.023660355573313585,-0.7704203856796188,0.5960212283921744,1.027096714485386,0.0,1.7175746997911816,0.0,63.58107091991165,1.271621418398233,0.0,6.330680996069656,6.330680996069656,0.0,power_law_practice,value,qnei,exact,none,0.0,0,50,7,80a7d923-d121-4d7d-ab16-0cd4c8f62869,True,0.01,2.0,23.867668899998534,1.7175746997911816,"x0,x1,x2,x3",4,0.2,0.5,,,,,,,
0.12678777458489066,0.10775282388822782,0.7516346662802691,-0.24479629864508456,0.8078153936541822,20.0,1.7175746997911816,0.0,63.58107091991165,1.271621418398233,0.0,6.330680996069656,6.330680996069656,0.0,power_law_practice,value,qnei,exact,none,0.0,20,50,7,80a7d923-d121-4d7d-ab16-0cd4c8f62869,True,0.01,2.0,23.867668899998534,1.7175746997911816,"x0,x1,x2,x3",4,0.2,0.5,,,,,,,
-0.32492918169344154,-0.023660355573313585,-0.7704203856796188,0.5960212283921744,1.027096714485386,0.0,1.698796206103876,0.018778493687305664,59.829042506329,1.19658085012658,0.02961552601569184,6.442505305582165,9.726493915548023,0.0,power_law_practice,value,qnei,exact,gaussian,0.05,0,50,7,0ed5cbdc-0ec6-47ed-a3ba-7d72729c6d68,False,0.01,2.0,10.729778399996576,1.7175746997911816,"x0,x1,x2,x3",4,0.05,0.05,,,,,,,
0.12678777458489066,0.10775282388822782,0.7516346662802691,-0.24479629864508456,0.8078153936541822,20.0,1.7175746997911816,0.0,63.58899851340114,1.2717799702680228,0.0,6.330680996069656,6.330680996069656,0.0,power_law_practice,value,qnei,exact,gaussian,0.05,20,50,7,8629a425-b63c-4e30-93f7-e7e03025869a,False,0.01,2.0,22.47128340000927,1.7175746997911816,"x0,x1,x2,x3",4,0.05,0.05,,,,,,,
-0.32492918169344154,-0.023660355573313585,-0.7704203856796188,0.5960212283921744,1.027096714485386,0.0,1.7175746997911816,0.0,62.813312707475475,1.2562662541495095,0.3955395579789327,5.601071194558129,7.017217083487124,0.0,power_law_practice,value,qnei,exact,gaussian,0.25,0,50,7,726a1520-a898-435f-b294-2fa8ba2d548b,False,0.01,2.0,13.34263140000985,1.7175746997911816,"x0,x1,x2,x3",4,0.25,0.25,,,,,,,
0.5558650766876612,0.11645952536080717,0.803633352441092,0.037856979788435496,0.9847885664459424,20.0,1.7175746997911816,0.0,55.087264580467405,1.1017452916093482,0.0,6.330680996069656,6.330680996069656,0.0,power_law_practice,value,qnei,exact,gaussian,0.25,20,50,7,9378c48b-877b-456c-8812-c6eaf20a683b,False,0.01,2.0,14.124807600004715,1.7175746997911816,"x0,x1,x2,x3",4,0.25,0.25,,,,,,,
-0.32492918169344154,-0.023660355573313585,-0.7704203856796188,0.5960212283921744,1.027096714485386,0.0,1.6492449775583102,0.06832972223287137,45.17634538659869,0.9035269077319739,0.9570336204343711,8.20860921093227,35.44239230269906,0.0,power_law_practice,value,qnei,exact,gaussian,1.0,0,50,7,5436d2a7-bcb4-4168-873d-6575433b7544,False,0.01,2.0,17.168117299996084,1.7175746997911816,"x0,x1,x2,x3",4,1.0,1.0,,,,,,,
-0.2572959733640934,0.11645952536080717,-0.19636664755890798,-0.5501945561954675,0.6488743706583676,20.0,1.7175746997911816,0.0,56.38074066670962,1.1276148133341923,0.16481442437347527,6.330680996069656,14.575978043407698,0.0,power_law_practice,value,qnei,exact,gaussian,1.0,20,50,7,70fcb628-0bb2-4baa-bd2f-280cfd2f4046,False,0.01,2.0,15.322290999989491,1.7175746997911816,"x0,x1,x2,x3",4,1.0,1.0,,,,,,,
-0.32492918169344154,-0.023660355573313585,-0.7704203856796188,0.5960212283921744,1.027096714485386,0.0,1.7160681068627381,0.001506592928443462,46.43246762391716,0.9286493524783432,0.5983376460134988,17.65394555231853,34.43877785916055,0.0,power_law_practice,value,qnei,exact,gaussian,5.0,0,50,7,2621821f-6a45-423a-8358-394223ea4815,False,0.01,2.0,15.483516499996767,1.7175746997911816,"x0,x1,x2,x3",4,5.0,5.0,,,,,,,
0.0046103569289143165,-0.6348478494019814,0.5571446767881236,-0.5350735949825614,0.9998834883136323,20.0,1.7175746997911816,0.0,82.09966103849085,1.641993220769817,1.1697371439245152,6.330680996069656,37.97188475980159,0.0,power_law_practice,value,qnei,exact,gaussian,5.0,20,50,7,abb3a908-541a-40a6-a6cb-e82267fc6bc2,False,0.01,2.0,20.37320999999065,1.7175746997911816,"x0,x1,x2,x3",4,5.0,5.0,,,,,,,
1.5059022364052659,-6.720066109789836,,,6.886728545946638,0.0,1.2498963851468907,0.00015908075317794257,17.90327914405089,0.3580655828810178,0.00015908075317794257,4.344136061126747,4.344136061126747,0.0,branin,value,logei,exact,none,0.0,0,50,7,31ca94b9-5d4a-47cd-9bee-41fe42ca3ad0,True,0.01,2.0,35.66518409999844,1.2500554659000687,"x0,x1",2,0.2,0.5,,,,,,,
6.304429179111345,1.0851516228641835,,,6.397138525859457,20.0,1.2498963851468907,0.00015908075317794257,17.90327914405089,0.3580655828810178,0.00015908075317794257,4.344136061126747,4.344136061126747,0.0,branin,value,logei,exact,none,0.0,20,50,7,31ca94b9-5d4a-47cd-9bee-41fe42ca3ad0,True,0.01,2.0,35.66518409999844,1.2500554659000687,"x0,x1",2,0.2,0.5,,,,,,,
1.5059022364052659,-6.720066109789836,,,6.886728545946638,0.0,1.2500377539625223,1.771193754640521e-05,11.051381476851414,0.2210276295370283,1.771193754640521e-05,4.3541201686677855,4.386879540749882,0.0,branin,value,logei,exact,gaussian,0.05,0,50,7,da31f009-624b-44ad-b7e1-3aed08247e0c,False,0.01,2.0,15.332554600012372,1.2500554659000687,"x0,x1",2,0.05,0.05,,,,,,,
6.297532252765153,0.9290722948682322,,,6.365696175887526,20.0,1.2499852028002227,7.026309984592416e-05,14.530588272580626,0.29061176545161255,0.010097885108283355,4.34187121096678,4.406943556590219,0.0,branin,value,logei,exact,gaussian,0.05,20,50,7,bfc8e186-53f4-478f-800f-84079a925424,False,0.01,2.0,32.495145399996545,1.2500554659000687,"x0,x1",2,0.05,0.05,,,,,,,
1.5059022364052659,-6.720066109789836,,,6.886728545946638,0.0,1.2362732227893525,0.013782243110716186,16.02061418544681,0.3204122837089362,0.21997652138987567,4.883273437096316,6.171569903608699,0.0,branin,value,logei,exact,gaussian,0.25,0,50,7,30d5b237-fe92-48cf-afce-a43982483aa5,False,0.01,2.0,10.380679000008968,1.2500554659000687,"x0,x1",2,0.25,0.25,,,,,,,
6.383143775894064,0.797657778165394,,,6.432789627743386,20.0,1.2498963851468907,0.00015908075317794257,11.80423924901513,0.23608478498030258,0.006610546072319146,4.344136061126747,4.669349283862952,0.0,branin,value,logei,exact,gaussian,0.25,20,50,7,78b766e9-b670-40fc-aced-0155204e2cd5,False,0.01,2.0,9.825593599991407,1.2500554659000687,"x0,x1",2,0.25,0.25,,,,,,,
1.5059022364052659,-6.720066109789836,,,6.886728545946638,0.0,1.1731940470534319,0.07686141884663678,22.241943205409076,0.4448388641081815,0.07800341088187257,8.609830943870866,16.01548122239903,0.0,branin,value,logei,exact,gaussian,1.0,0,50,7,1c63f42b-a35f-40b8-bed2-40668afccb01,False,0.01,2.0,8.879374199997983,1.2500554659000687,"x0,x1",2,1.0,1.0,,,,,,,
6.4958324333738044,0.8357220271719519,,,6.549371749196364,20.0,1.2498963851468907,0.00015908075317794257,18.821579494804443,0.3764315898960888,0.16181273125629625,4.344136061126747,12.529059154680393,0.0,branin,value,logei,exact,gaussian,1.0,20,50,7,19072278-a99e-4cbf-80fe-e4edd8c3e9ea,False,0.01,2.0,9.580195600006846,1.2500554659000687,"x0,x1",2,1.0,1.0,,,,,,,
1.5059022364052659,-6.720066109789836,,,6.886728545946638,0.0,1.2435047989976449,0.006550666902423785,40.43688352071614,0.8087376704143228,0.5366510131178354,5.262170720465345,28.64733649508473,0.0,branin,value,logei,exact,gaussian,5.0,0,50,7,d20824ff-ca9a-4865-8620-fe9c2240a0d3,False,0.01,2.0,8.079430900004809,1.2500554659000687,"x0,x1",2,5.0,5.0,,,,,,,
6.838633080398832,-2.2215984192371248,,,7.190438230364135,20.0,1.2498963851468907,0.00015908075317794257,22.680960856508836,0.4536192171301767,0.0004820082891869859,4.344136061126747,7.302741782264789,0.0,branin,value,logei,exact,gaussian,5.0,20,50,7,f4130388-3f38-48cb-a8e8-f361af79f007,False,0.01,2.0,8.321876899994095,1.2500554659000687,"x0,x1",2,5.0,5.0,,,,,,,
1.5059022364052659,-6.720066109789836,,,6.886728545946638,0.0,1.2498915359891827,0.00016392991088598485,13.976867105242338,0.27953734210484676,0.00016392991088598485,4.348681975516326,4.348681975516326,0.0,branin,value,qnei,exact,none,0.0,0,50,7,444027f2-8bb5-4112-8660-557696f17974,True,0.01,2.0,11.619208300005994,1.2500554659000687,"x0,x1",2,0.2,0.5,,,,,,,
-6.35120236325314,-1.2557641436849862,,,6.474157477506796,20.0,1.2498915359891827,0.00016392991088598485,13.976867105242338,0.27953734210484676,0.00016392991088598485,4.348681975516326,4.348681975516326,0.0,branin,value,qnei,exact,none,0.0,20,50,7,444027f2-8bb5-4112-8660-557696f17974,True,0.01,2.0,11.619208300005994,1.2500554659000687,"x0,x1",2,0.2,0.5,,,,,,,
1.5059022364052659,-6.720066109789836,,,6.886728545946638,0.0,1.2493585505761995,0.0006969153238691739,16.75906091963438,0.3351812183926876,0.01952659173199134,4.482960591323456,5.284640836754154,0.0,branin,value,qnei,exact,gaussian,0.05,0,50,7,44886daf-885b-44d7-a434-6ec689da72e8,False,0.01,2.0,11.994129799990333,1.2500554659000687,"x0,x1",2,0.05,0.05,,,,,,,
-0.057156905689986104,-0.4953919918408336,,,0.49867839079719756,20.0,1.249863740447396,0.00019172545267265306,13.513015016809037,0.27026030033618076,0.007980465964365413,4.34927957966474,4.650986855576215,0.0,branin,value,qnei,exact,gaussian,0.05,20,50,7,b7437959-859c-4ae0-950c-790e8ec4e295,False,0.01,2.0,12.35024759999942,1.2500554659000687,"x0,x1",2,0.05,0.05,,,,,,,
1.5059022364052659,-6.720066109789836,,,6.886728545946638,0.0,1.2489187676576592,0.001136698242409473,25.962268367092925,0.5192453673418584,0.1813499000316856,5.196927124682051,9.251638020349196,0.0,branin,value,qnei,exact,gaussian,0.25,0,50,7,d1359f0b-06b1-4c0b-ab2e-40150acfcdcd,False,0.01,2.0,10.672477200001595,1.2500554659000687,"x0,x1",2,0.25,0.25,,,,,,,
-0.08727747900981697,0.3967853384254738,,,0.4062708002450174,20.0,1.249863740447396,0.00019172545267265306,18.023675658957746,0.36047351317915494,0.03505304050648639,4.34927957966474,5.377688373752246,0.0,branin,value,qnei,exact,gaussian,0.25,20,50,7,43ea1cc8-f94f-493f-ad1a-4aa76c618253,False,0.01,2.0,11.725745599993388,1.2500554659000687,"x0,x1",2,0.25,0.25,,,,,,,
1.5059022364052659,-6.720066109789836,,,6.886728545946638,0.0,1.1925104867330745,0.05754497916699419,40.503656344402614,0.8100731268880523,0.7901129335161847,6.669101315342658,20.043516450745315,0.0,branin,value,qnei,exact,gaussian,1.0,0,50,7,5ec45fed-43b2-4b7b-be10-566eb0e5e663,False,0.01,2.0,10.712867499998538,1.2500554659000687,"x0,x1",2,1.0,1.0,,,,,,,
-6.571384272769963,-1.0916079671607428,,,6.661433720632311,20.0,1.249863740447396,0.00019172545267265306,27.274542098662547,0.5454908419732509,0.10134690296171378,4.34927957966474,13.75996934531294,0.0,branin,value,qnei,exact,gaussian,1.0,20,50,7,694859ec-f59c-4589-8860-debff3d83ed4,False,0.01,2.0,11.624942000009469,1.2500554659000687,"x0,x1",2,1.0,1.0,,,,,,,
1.5059022364052659,-6.720066109789836,,,6.886728545946638,0.0,1.2145357096207867,0.035519756279281944,35.53782103326118,0.7107564206652236,0.08011249454190539,9.073361021566445,41.3618740644274,0.0,branin,value,qnei,exact,gaussian,5.0,0,50,7,c196e2bf-0b8b-4f32-ba53-98d2709914e4,False,0.01,2.0,9.828997999997227,1.2500554659000687,"x0,x1",2,5.0,5.0,,,,,,,
-9.461274962524453,-3.358033646252455,,,10.039527572842044,20.0,1.249863740447396,0.00019172545267265306,44.82102323282281,0.8964204646564562,2.4753989994405323,4.34927957966474,25.810442758673066,0.0,branin,value,qnei,exact,gaussian,5.0,20,50,7,d545731e-3d2d-4cdc-9f95-20baaf97d657,False,0.01,2.0,12.62288389999594,1.2500554659000687,"x0,x1",2,5.0,5.0,,,,,,,
154.20438900789918,-688.1347696424792,,,705.2010031049356,0.0,2.986073721628168,0.21897180942689065,117.81463406098077,2.356292681219615,0.21897180942689065,44.82947282235009,44.82947282235009,0.0,eggholder,value,logei,exact,none,0.0,0,50,7,28debeea-9ea0-482a-a074-a8117ae1f42d,True,0.01,2.0,51.77477750000253,3.2050455310550587,"x0,x1",2,0.2,0.5,,,,,,,
-0.3019008009629829,-55.270907545978105,,,55.271732061241586,20.0,2.986073721628168,0.21897180942689065,117.81463406098077,2.356292681219615,0.21897180942689065,44.82947282235009,44.82947282235009,0.0,eggholder,value,logei,exact,none,0.0,20,50,7,28debeea-9ea0-482a-a074-a8117ae1f42d,True,0.01,2.0,51.77477750000253,3.2050455310550587,"x0,x1",2,0.2,0.5,,,,,,,
154.20438900789918,-688.1347696424792,,,705.2010031049356,0.0,2.390829073854315,0.8142164572007435,133.921675936335,2.6784335187267,0.8142164572007435,69.92869892878807,69.93288845190278,0.0,eggholder,value,logei,exact,gaussian,0.05,0,50,7,e006f6f3-340a-4c33-aa31-91fbf74ad641,False,0.01,2.0,11.11114949999319,3.2050455310550587,"x0,x1",2,0.05,0.05,,,,,,,
-0.33062097412891944,-55.298322459506835,,,55.29931081907018,20.0,2.9820244296138654,0.22302110144119336,121.75676333685898,2.4351352667371797,0.22302110144119336,44.99439735077648,44.99439735077648,0.0,eggholder,value,logei,exact,gaussian,0.05,20,50,7,9d684625-674d-4b2f-84cf-9bd75a7243cf,False,0.01,2.0,50.4345622999972,3.2050455310550587,"x0,x1",2,0.05,0.05,,,,,,,
154.20438900789918,-688.1347696424792,,,705.2010031049356,0.0,2.8932109634784076,0.3118345675766512,122.60302284797561,2.4520604569595124,0.3118345675766512,48.67730831658558,52.999494534496236,0.0,eggholder,value,logei,exact,gaussian,0.25,0,50,7,116c3703-bffb-41c0-bcdd-e379ba1ece74,False,0.01,2.0,22.715885400000843,3.2050455310550587,"x0,x1",2,0.25,0.25,,,,,,,
-0.5800172545298778,-55.38900876455199,,,55.392045565542794,20.0,2.951227236895091,0.2538182941599678,111.31107373310053,2.2262214746620104,0.2898760152214197,45.722695695489875,47.08628178814569,0.0,eggholder,value,logei,exact,gaussian,0.25,20,50,7,31a001fa-2391-415f-bca5-3d969595be04,False,0.01,2.0,12.903017999997246,3.2050455310550587,"x0,x1",2,0.25,0.25,,,,,,,
154.20438900789918,-688.1347696424792,,,705.2010031049356,0.0,2.869393934864411,0.3356515961906479,76.31502172770516,1.5263004345541031,0.4387063760005523,33.8840032162152,42.81169114883666,0.0,eggholder,value,logei,exact,gaussian,1.0,0,50,7,89f7dd33-800f-4dbe-9c42-7546a6214acc,False,0.01,2.0,11.755488599999808,3.2050455310550587,"x0,x1",2,1.0,1.0,,,,,,,
-0.6661674201055234,-55.33921555008385,,,55.34322503008161,20.0,2.9505079210131697,0.254537610041889,111.90103933529677,2.2380207867059356,1.059359745270314,45.74319619812462,80.23910757702272,0.0,eggholder,value,logei,exact,gaussian,1.0,20,50,7,66dbd792-6934-4faf-a6a5-09f003599789,False,0.01,2.0,12.96901909999724,3.2050455310550587,"x0,x1",2,1.0,1.0,,,,,,,
154.20438900789918,-688.1347696424792,,,705.2010031049356,0.0,2.153059812195703,1.0519857188593558,145.52655516881052,2.9105311033762105,1.5600137645353214,71.68858074414172,129.3412929258832,0.0,eggholder,value,logei,exact,gaussian,5.0,0,50,7,c8669e22-6256-4a46-b8d3-d5a2a550e6f0,False,0.01,2.0,9.804069400008302,3.2050455310550587,"x0,x1",2,5.0,5.0,,,,,,,
-37.65049016493765,-449.0093976307477,,,450.5851734915242,20.0,2.3551198065793586,0.8499257244757001,114.88955332720087,2.2977910665440175,1.598245419794427,62.71175745948824,77.5042571715169,0.0,eggholder,value,logei,exact,gaussian,5.0,20,50,7,1d2d943d-fd4f-4e0d-a028-54b6ffad5e99,False,0.01,2.0,10.812233699994977,3.2050455310550587,"x0,x1",2,5.0,5.0,,,,,,,
154.20438900789918,-688.1347696424792,,,705.2010031049356,0.0,2.3207485978148754,0.8842969332401833,148.93295885682562,2.9786591771365125,0.8842969332401833,72.66051332676334,72.66051332676334,0.0,eggholder,value,qnei,exact,none,0.0,0,50,7,800ed7ba-d5d5-4087-a058-366eed7963cd,True,0.01,2.0,9.89297830000578,3.2050455310550587,"x0,x1",2,0.2,0.5,,,,,,,
-1024.0,-237.4331076157986,,,1051.1662478371798,20.0,2.3207485978148754,0.8842969332401833,148.93295885682562,2.9786591771365125,0.8842969332401833,72.66051332676334,72.66051332676334,0.0,eggholder,value,qnei,exact,none,0.0,20,50,7,800ed7ba-d5d5-4087-a058-366eed7963cd,True,0.01,2.0,9.89297830000578,3.2050455310550587,"x0,x1",2,0.2,0.5,,,,,,,
154.20438900789918,-688.1347696424792,,,705.2010031049356,0.0,2.0667129162392097,1.138332614815849,158.34145767500704,3.1668291535001405,1.138332614815849,72.25539242525461,73.13104768569605,0.0,eggholder,value,qnei,exact,gaussian,0.05,0,50,7,bd75c92b-2b48-4086-97e7-edc62cacd1de,False,0.01,2.0,9.838011100000585,3.2050455310550587,"x0,x1",2,0.05,0.05,,,,,,,
-1024.0,-245.72313322287488,,,1053.069730929945,20.0,2.320748594745954,0.8842969363091049,160.86264303018308,3.2172528606036614,0.8842969363091049,72.66051340195192,72.66051340195192,0.0,eggholder,value,qnei,exact,gaussian,0.05,20,50,7,49e8bbbc-be9e-49d5-904c-d800a7e082bc,False,0.01,2.0,8.976271499996074,3.2050455310550587,"x0,x1",2,0.05,0.05,,,,,,,
154.20438900789918,-688.1347696424792,,,705.2010031049356,0.0,2.9665782630566104,0.2384672679984483,132.99074878777017,2.6598149757554035,0.2384672679984483,32.622458886454666,32.622458886454666,0.0,eggholder,value,qnei,exact,gaussian,0.25,0,50,7,2ebb91e3-c433-4e8c-a626-0b4f7352ab85,False,0.01,2.0,10.52546629999415,3.2050455310550587,"x0,x1",2,0.25,0.25,,,,,,,
-1024.0,-237.0234431085979,,,1051.073790265486,20.0,1.7767331949717258,1.428312336083333,162.71446773157012,3.2542893546314025,1.510561932043964,87.5070179506963,88.12388992040103,0.0,eggholder,value,qnei,exact,gaussian,0.25,20,50,7,4003f24c-4f76-4771-891d-e8a5a7f0b8b9,False,0.01,2.0,8.767216799999005,3.2050455310550587,"x0,x1",2,0.25,0.25,,,,,,,
154.20438900789918,-688.1347696424792,,,705.2010031049356,0.0,2.0307361362970453,1.1743093947580134,140.60398137493007,2.8120796274986013,1.4401828272746873,75.58891970838742,88.03024776820445,0.0,eggholder,value,qnei,exact,gaussian,1.0,0,50,7,da841fe7-a5be-4df3-ae9b-ff186a3a344d,False,0.01,2.0,11.77639860000636,3.2050455310550587,"x0,x1",2,1.0,1.0,,,,,,,
-1024.0,-238.40813171213898,,,1051.386911306429,20.0,2.9532004540470056,0.25184507700805314,156.1357501711854,3.1227150034237083,0.25184507700805314,72.72550794093837,76.64561628934004,0.0,eggholder,value,qnei,exact,gaussian,1.0,20,50,7,327bbf99-8508-43f9-9fce-788c05b9717c,False,0.01,2.0,8.76093220000621,3.2050455310550587,"x0,x1",2,1.0,1.0,,,,,,,
154.20438900789918,-688.1347696424792,,,705.2010031049356,0.0,2.1024202551286644,1.1026252759263944,167.33577844242924,3.346715568848585,2.48127045438405,87.42776765517657,129.63421283181825,0.0,eggholder,value,qnei,exact,gaussian,5.0,0,50,7,91267d31-39df-4e19-afd5-51b09d2f98f3,False,0.01,2.0,11.76537449999887,3.2050455310550587,"x0,x1",2,5.0,5.0,,,,,,,
-90.43770326336943,-608.358434056708,,,615.0438703535572,20.0,2.2978828762335213,0.9071626548215375,165.49863501507662,3.3099727003015325,2.226774838056393,75.73569264149752,119.27789210640287,0.0,eggholder,value,qnei,exact,gaussian,5.0,20,50,7,8c6673ea-f2a4-4b24-b70e-616e02601f12,False,0.01,2.0,11.304854899994098,3.2050455310550587,"x0,x1",2,5.0,5.0,,,,,,,
-0.3998882766140751,-0.59704751605835,0.09786775515106838,,0.7252271835108846,0.0,3.054122822855108,0.0007781193006195508,64.75824942170338,1.2951649884340677,0.0007781193006195508,12.645474580933497,12.645474580933497,0.0,hartmann_3,value,logei,exact,none,0.0,0,50,7,2c9a5dfc-746d-4c60-b668-eb0af395b9aa,True,0.01,2.0,29.140836599995964,3.0549009421557276,"x0,x1,x2",3,0.2,0.5,,,,,,,
1.0,0.15132696174022953,-0.616394145967994,,1.1844161399327273,20.0,3.054122822855108,0.0007781193006195508,64.75824942170338,1.2951649884340677,0.0007781193006195508,12.645474580933497,12.645474580933497,0.0,hartmann_3,value,logei,exact,none,0.0,20,50,7,2c9a5dfc-746d-4c60-b668-eb0af395b9aa,True,0.01,2.0,29.140836599995964,3.0549009421557276,"x0,x1,x2",3,0.2,0.5,,,,,,,
-0.3998882766140751,-0.59704751605835,0.09786775515106838,,0.7252271835108846,0.0,3.0496446082484945,0.005256333907233124,59.62031727314171,1.1924063454628342,0.015472732377959098,18.685935507509214,18.978794485051488,0.0,hartmann_3,value,logei,exact,gaussian,0.05,0,50,7,f2fd5dd9-70d2-436d-a45e-13852276a5ad,False,0.01,2.0,11.38226399999985,3.0549009421557276,"x0,x1,x2",3,0.05,0.05,,,,,,,
1.0,0.15265313008203052,-0.6176636965854874,,1.1852474088575307,20.0,3.0465622235646634,0.008338718591064165,62.275037416798035,1.2455007483359608,0.027096281211427264,12.739220442773703,12.826177827083068,0.0,hartmann_3,value,logei,exact,gaussian,0.05,20,50,7,9a4b6673-5385-4b27-9021-3935a1d0c51d,False,0.01,2.0,28.195380800010753,3.0549009421557276,"x0,x1,x2",3,0.05,0.05,,,,,,,
-0.3998882766140751,-0.59704751605835,0.09786775515106838,,0.7252271835108846,0.0,2.9980481120123668,0.056852830143360844,43.78802877154548,0.8757605754309096,0.07023346839057565,13.222870946919992,13.394012889657128,0.0,hartmann_3,value,logei,exact,gaussian,0.25,0,50,7,bf793bfd-9631-4f71-a364-e1403b9fe5da,False,0.01,2.0,25.823738899998716,3.0549009421557276,"x0,x1,x2",3,0.25,0.25,,,,,,,
0.0,0.002295118646162053,-0.01978920217218305,,0.01992184961823312,20.0,3.045074350100538,0.009826592055189654,39.794891731652484,0.7958978346330496,0.08608808943397861,12.76493622458202,13.499242418640476,0.0,hartmann_3,value,logei,exact,gaussian,0.25,20,50,7,aa484b5d-9da0-406c-8837-87f8b5bcafd7,False,0.01,2.0,33.80888510000659,3.0549009421557276,"x0,x1,x2",3,0.25,0.25,,,,,,,
-0.3998882766140751,-0.59704751605835,0.09786775515106838,,0.7252271835108846,0.0,2.579916395033037,0.4749845471226908,76.58808611168884,1.5317617222337767,0.6127253581874181,51.38513841606857,65.27117911432177,0.0,hartmann_3,value,logei,exact,gaussian,1.0,0,50,7,2b3a617b-c43d-46cc-b276-a6f770f3b33e,False,0.01,2.0,21.09741390000272,3.0549009421557276,"x0,x1,x2",3,1.0,1.0,,,,,,,
0.0,0.0010044148875658632,-0.032195139238092696,,0.03221080315401247,20.0,3.045074350100538,0.009826592055189654,54.059417383995694,1.0811883476799138,0.16630639412223758,12.76493622458202,22.733059793365946,0.0,hartmann_3,value,logei,exact,gaussian,1.0,20,50,7,0c43ba3b-7190-4252-b448-70a774cc3b25,False,0.01,2.0,15.556394899991574,3.0549009421557276,"x0,x1,x2",3,1.0,1.0,,,,,,,
-0.3998882766140751,-0.59704751605835,0.09786775515106838,,0.7252271835108846,0.0,2.421806570786399,0.6330943713693284,138.10288257952843,2.7620576515905686,1.879497862387994,54.68816044575335,100.45487864439094,0.0,hartmann_3,value,logei,exact,gaussian,5.0,0,50,7,fc7f9f17-ef9f-43df-b5bb-f9820f39ee99,False,0.01,2.0,12.992447399999946,3.0549009421557276,"x0,x1,x2",3,5.0,5.0,,,,,,,
1.0,0.00834943190289461,0.14478737986511936,,1.0104618243067411,20.0,3.045074350100538,0.009826592055189654,116.63462057160602,2.3326924114321206,2.384585938458481,12.76493622458202,89.77360213111845,0.0,hartmann_3,value,logei,exact,gaussian,5.0,20,50,7,bf28c8a9-c8fc-41d7-8419-d965d9a6b54d,False,0.01,2.0,10.794234100001631,3.0549009421557276,"x0,x1,x2",3,5.0,5.0,,,,,,,
-0.3998882766140751,-0.59704751605835,0.09786775515106838,,0.7252271835108846,0.0,3.054148183191569,0.0007527589641584953,79.49453094558982,1.5898906189117963,0.0007527589641584953,12.269251122910699,12.269251122910699,0.0,hartmann_3,value,qnei,exact,none,0.0,0,50,7,a2c46c66-c182-4d74-ab23-9d855034a320,True,0.01,2.0,13.760658500003046,3.0549009421557276,"x0,x1,x2",3,0.2,0.5,,,,,,,
0.17793670081173263,-0.5440365581926244,-0.6255468692160434,,0.8479069121854323,20.0,3.054148183191569,0.0007527589641584953,79.49453094558982,1.5898906189117963,0.0007527589641584953,12.269251122910699,12.269251122910699,0.0,hartmann_3,value,qnei,exact,none,0.0,20,50,7,a2c46c66-c182-4d74-ab23-9d855034a320,True,0.01,2.0,13.760658500003046,3.0549009421557276,"x0,x1,x2",3,0.2,0.5,,,,,,,
-0.3998882766140751,-0.59704751605835,0.09786775515106838,,0.7252271835108846,0.0,3.0520885658800703,0.0028123762756573356,81.56642992484078,1.6313285984968156,0.022274146769215797,13.362754434063152,14.466060233787061,0.0,hartmann_3,value,qnei,exact,gaussian,0.05,0,50,7,a4bf3088-6bb5-4303-868e-07079c7603d8,False,0.01,2.0,13.797050599998329,3.0549009421557276,"x0,x1,x2",3,0.05,0.05,,,,,,,
0.17793670081173263,-0.5440365581926244,-0.6255468692160434,,0.8479069121854323,20.0,3.0546237743533973,0.0002771678023303359,80.47993659438472,1.6095987318876945,0.0002771678023303359,12.295812128997111,12.38581872441152,0.0,hartmann_3,value,qnei,exact,gaussian,0.05,20,50,7,72194ddb-a687-4e01-ac7b-1a2670589382,False,0.01,2.0,13.347074699995574,3.0549009421557276,"x0,x1,x2",3,0.05,0.05,,,,,,,
-0.3998882766140751,-0.59704751605835,0.09786775515106838,,0.7252271835108846,0.0,3.0338326286119077,0.021068313543819883,67.66634708672603,1.3533269417345206,0.03970735593926422,23.011396575149206,27.8624571358229,0.0,hartmann_3,value,qnei,exact,gaussian,0.25,0,50,7,19c4a00d-7015-4529-aad6-e49346b6a239,False,0.01,2.0,15.32737929999712,3.0549009421557276,"x0,x1,x2",3,0.25,0.25,,,,,,,
0.20273812710343775,-0.01643709520007053,0.033637256976289276,,0.20616593156221225,20.0,3.0409207631241646,0.013980179031563011,66.61783720037518,1.3323567440075035,0.017374011347015994,12.53423805159547,17.49384594605716,0.0,hartmann_3,value,qnei,exact,gaussian,0.25,20,50,7,8ea77d37-e1b4-467d-a0a2-c154f8bd393a,False,0.01,2.0,13.374941999994917,3.0549009421557276,"x0,x1,x2",3,0.25,0.25,,,,,,,
-0.3998882766140751,-0.59704751605835,0.09786775515106838,,0.7252271835108846,0.0,3.012656556216415,0.04224438593931268,69.2597611575965,1.38519522315193,0.46890156708601527,41.6263871605704,68.70883667395336,0.0,hartmann_3,value,qnei,exact,gaussian,1.0,0,50,7,7e704405-45d0-48f8-bdff-641bf9f4ba9c,False,0.01,2.0,17.496547000002465,3.0549009421557276,"x0,x1,x2",3,1.0,1.0,,,,,,,
1.0,0.13074562164084635,-0.5592308247596984,,1.1531840845847916,20.0,3.0409207631241646,0.013980179031563011,82.9746249067103,1.659492498134206,0.013980179031563011,12.53423805159547,21.138049048504964,0.0,hartmann_3,value,qnei,exact,gaussian,1.0,20,50,7,e3e95883-1f6c-466a-bc16-ec4aaa8e1799,False,0.01,2.0,14.684218800000963,3.0549009421557276,"x0,x1,x2",3,1.0,1.0,,,,,,,
-0.3998882766140751,-0.59704751605835,0.09786775515106838,,0.7252271835108846,0.0,1.6903702235223423,1.3645307186333853,170.0353860602427,3.400707721204854,3.7882229374559104,74.12530242935496,189.10034439046353,0.0,hartmann_3,value,qnei,exact,gaussian,5.0,0,50,7,66e47611-d6b4-4356-ad53-7a3c0c91a215,False,0.01,2.0,15.814566399989417,3.0549009421557276,"x0,x1,x2",3,5.0,5.0,,,,,,,
0.0,0.3499174571598913,0.03728257031907323,,0.35189802056112934,20.0,3.0409207631241646,0.013980179031563011,97.46705667565958,1.9493411335131916,0.17065282721292085,12.53423805159547,49.104974779818434,0.0,hartmann_3,value,qnei,exact,gaussian,5.0,20,50,7,cb51e16b-3fda-4018-97b6-29d68e0e4031,False,0.01,2.0,16.472049799995148,3.0549009421557276,"x0,x1,x2",3,5.0,5.0,,,,,,,
-0.32492918169344154,-0.023660355573313585,-0.7704203856796188,0.5960212283921744,1.027096714485386,0.0,1.2903736616780201,1.5161210038527884e-06,18.90516613626937,0.3781033227253874,1.5161210038527884e-06,8.613732147643024,8.613732147643024,0.0,steering_law,value,logei,exact,none,0.0,0,50,7,c0999205-e931-4568-a5f5-5f366a8dec6d,True,0.01,2.0,34.27239980000013,1.290375177799024,"x0,x1,x2,x3",4,0.2,0.5,,,,,,,
0.2679321604334407,0.0,0.018790674050938067,0.0,0.268590267928344,20.0,1.2903736616780201,1.5161210038527884e-06,18.90516613626937,0.3781033227253874,1.5161210038527884e-06,8.613732147643024,8.613732147643024,0.0,steering_law,value,logei,exact,none,0.0,20,50,7,c0999205-e931-4568-a5f5-5f366a8dec6d,True,0.01,2.0,34.27239980000013,1.290375177799024,"x0,x1,x2,x3",4,0.2,0.5,,,,,,,
-0.32492918169344154,-0.023660355573313585,-0.7704203856796188,0.5960212283921744,1.027096714485386,0.0,1.290372315762985,2.8620360390529953e-06,10.93872509066668,0.21877450181333358,0.0009333863367815276,7.0383045363509105,7.375969585439195,0.0,steering_law,value,logei,exact,gaussian,0.05,0,50,7,9da15ccf-e040-4966-89c2-114c96732a77,False,0.01,2.0,10.916709299999638,1.290375177799024,"x0,x1,x2,x3",4,0.05,0.05,,,,,,,
0.2679321604334407,0.0,0.7861294618546099,0.0,0.8305342698470362,20.0,1.2903736616780201,1.5161210038527884e-06,18.089606746988743,0.36179213493977486,4.5185100906453e-05,8.613732147643024,8.620303587051316,0.0,steering_law,value,logei,exact,gaussian,0.05,20,50,7,e8d3b163-9ff7-491c-b412-1aff229f9225,False,0.01,2.0,12.552382699999725,1.290375177799024,"x0,x1,x2,x3",4,0.05,0.05,,,,,,,
-0.32492918169344154,-0.023660355573313585,-0.7704203856796188,0.5960212283921744,1.027096714485386,0.0,1.2896000946174244,0.0007750831815995785,27.290694506586693,0.5458138901317339,0.00204813220512734,8.649444160737294,10.801646070511149,0.0,steering_law,value,logei,exact,gaussian,0.25,0,50,7,b1e29419-f07e-49fc-934e-86c43119ff82,False,0.01,2.0,20.76716450000822,1.290375177799024,"x0,x1,x2,x3",4,0.25,0.25,,,,,,,
0.2679321604334407,0.0,-0.21387053814539017,-0.7816881992537046,0.8535600099194134,20.0,1.2903736616780201,1.5161210038527884e-06,14.815362735063164,0.2963072547012633,0.18375242230607003,8.613732147643024,11.8576164224783,0.0,steering_law,value,logei,exact,gaussian,0.25,20,50,7,21288146-860a-41d9-8168-99dfa377542e,False,0.01,2.0,13.222174099995755,1.290375177799024,"x0,x1,x2,x3",4,0.25,0.25,,,,,,,
-0.32492918169344154,-0.023660355573313585,-0.7704203856796188,0.5960212283921744,1.027096714485386,0.0,0.9983647763567404,0.29201040144228363,53.17009106049368,1.0634018212098737,1.0886905537804177,27.77277725055079,60.842982094547445,0.0,steering_law,value,logei,exact,gaussian,1.0,0,50,7,9c1631da-8dd9-4c9a-b308-97305f314c71,False,0.01,2.0,55.736888100000215,1.290375177799024,"x0,x1,x2,x3",4,1.0,1.0,,,,,,,
0.2679321604334407,0.0,-0.21387053814539017,-0.7543993430204575,0.8286414293473552,20.0,1.2903736616780201,1.5161210038527884e-06,14.876143789014018,0.29752287578028036,0.06038593044195717,8.613732147643024,12.1059060368474,0.0,steering_law,value,logei,exact,gaussian,1.0,20,50,7,6fac3024-1868-4c99-acbe-97669b3da20f,False,0.01,2.0,43.836467100001755,1.290375177799024,"x0,x1,x2,x3",4,1.0,1.0,,,,,,,
-0.32492918169344154,-0.023660355573313585,-0.7704203856796188,0.5960212283921744,1.027096714485386,0.0,0.661715099152069,0.628660078646955,90.59389218017068,1.8118778436034138,0.7229307408062182,35.70873254931857,87.65085378801263,0.0,steering_law,value,logei,exact,gaussian,5.0,0,50,7,f7c8372f-eb5b-489b-91c1-c3c0318f1505,False,0.01,2.0,19.06836309999926,1.290375177799024,"x0,x1,x2,x3",4,5.0,5.0,,,,,,,
-0.007766868609007771,0.21975459184418092,0.2919489985370092,-0.5451160898861844,0.6563064635398295,20.0,1.2903736616780201,1.5161210038527884e-06,18.76089655319804,0.37521793106396084,1.5161210038527884e-06,8.613732147643024,11.11909451985026,0.0,steering_law,value,logei,exact,gaussian,5.0,20,50,7,3f84287c-9b28-4bd3-a6d4-ec3b035bb6df,False,0.01,2.0,17.11345699999947,1.290375177799024,"x0,x1,x2,x3",4,5.0,5.0,,,,,,,
-0.32492918169344154,-0.023660355573313585,-0.7704203856796188,0.5960212283921744,1.027096714485386,0.0,1.2903746367439526,5.41055071412444e-07,21.732622581466543,0.43465245162933086,5.41055071412444e-07,8.526017597991045,8.526017597991045,0.0,steering_law,value,qnei,exact,none,0.0,0,50,7,ebc01ba6-ef45-4cf5-89b5-1f55ca58358e,True,0.01,2.0,15.532791999998153,1.290375177799024,"x0,x1,x2,x3",4,0.2,0.5,,,,,,,
0.9626518602839578,-0.12225101660931958,0.0,0.0,0.9703833856626857,20.0,1.2903746367439526,5.41055071412444e-07,21.732622581466543,0.43465245162933086,5.41055071412444e-07,8.526017597991045,8.526017597991045,0.0,steering_law,value,qnei,exact,none,0.0,20,50,7,ebc01ba6-ef45-4cf5-89b5-1f55ca58358e,True,0.01,2.0,15.532791999998153,1.290375177799024,"x0,x1,x2,x3",4,0.2,0.5,,,,,,,
-0.32492918169344154,-0.023660355573313585,-0.7704203856796188,0.5960212283921744,1.027096714485386,0.0,1.2903742517701413,9.260288826862251e-07,22.074639343787222,0.44149278687574445,0.016539323206699708,6.922599107417323,7.091913262268778,0.0,steering_law,value,qnei,exact,gaussian,0.05,0,50,7,a1b51ccc-fef6-49a3-b715-90570e1db612,False,0.01,2.0,16.351938899999368,1.290375177799024,"x0,x1,x2,x3",4,0.05,0.05,,,,,,,
0.20254479414501045,-0.12225101660931958,-1.0,0.0,1.0276038656492377,20.0,1.2903746367439526,5.41055071412444e-07,27.74375698926489,0.5548751397852978,0.0023247016493406214,8.526017597991045,8.803947451575816,0.0,steering_law,value,qnei,exact,gaussian,0.05,20,50,7,65dc4199-85be-4026-ab83-824026d9e163,False,0.01,2.0,14.771722799996496,1.290375177799024,"x0,x1,x2,x3",4,0.05,0.05,,,,,,,
-0.32492918169344154,-0.023660355573313585,-0.7704203856796188,0.5960212283921744,1.027096714485386,0.0,1.2900887438871098,0.00028643391191418566,32.62269206345603,0.6524538412691205,0.03145129885735409,12.52627601024776,16.878351735327545,0.0,steering_law,value,qnei,exact,gaussian,0.25,0,50,7,6cb658b7-25f0-4b10-a261-ea40b4b9d8d8,False,0.01,2.0,17.546703999993042,1.290375177799024,"x0,x1,x2,x3",4,0.25,0.25,,,,,,,
-0.03734813971604219,0.04956139484627256,0.0,0.0,0.06205816142424089,20.0,1.2903746367439526,5.41055071412444e-07,20.444025260012374,0.4088805052002475,0.01924660654656707,8.526017597991045,12.989076927009108,0.0,steering_law,value,qnei,exact,gaussian,0.25,20,50,7,7d5b211e-6ffe-4e52-bba4-c43ed67adb61,False,0.01,2.0,14.288199199989322,1.290375177799024,"x0,x1,x2,x3",4,0.25,0.25,,,,,,,
-0.32492918169344154,-0.023660355573313585,-0.7704203856796188,0.5960212283921744,1.027096714485386,0.0,1.2827507053514495,0.007624472447574471,45.059288703618286,0.9011857740723657,0.02231214986752117,9.3231845737741,19.583660762237784,0.0,steering_law,value,qnei,exact,gaussian,1.0,0,50,7,4066ecd6-5fce-466b-afee-e06b72e6a41e,False,0.01,2.0,14.608765400000266,1.290375177799024,"x0,x1,x2,x3",4,1.0,1.0,,,,,,,
0.9626518602839578,-0.12225101660931958,0.0,0.0,0.9703833856626857,20.0,1.2903746367439526,5.41055071412444e-07,18.5575050658723,0.37115010131744597,0.25013476802586965,8.526017597991045,12.563827941295528,0.0,steering_law,value,qnei,exact,gaussian,1.0,20,50,7,aa794fc6-b790-465b-aa38-b0fb1f0a0d9c,False,0.01,2.0,16.308020500000566,1.290375177799024,"x0,x1,x2,x3",4,1.0,1.0,,,,,,,
-0.32492918169344154,-0.023660355573313585,-0.7704203856796188,0.5960212283921744,1.027096714485386,0.0,1.2209213520797886,0.06945382571923542,55.08351813338275,1.1016703626676552,0.7747745539192524,9.61777381747024,44.23365417481231,0.0,steering_law,value,qnei,exact,gaussian,5.0,0,50,7,a239fb72-d571-46fc-b116-2abb39c8bca0,False,0.01,2.0,23.309955799995805,1.290375177799024,"x0,x1,x2,x3",4,5.0,5.0,,,,,,,
0.9626518602839578,0.8227815687506282,0.0,-1.0,1.6135885826269065,20.0,1.2903746367439526,5.41055071412444e-07,43.61553114729838,0.8723106229459675,0.10836141584375603,8.526017597991045,20.043473387434613,0.0,steering_law,value,qnei,exact,gaussian,5.0,20,50,7,6d2d74cd-235c-4465-b390-4702772f2219,False,0.01,2.0,20.406163599996944,1.290375177799024,"x0,x1,x2,x3",4,5.0,5.0,,,,,,,
133.0915158206857,-737.4335282982871,-254.10869041529082,-371.50017798877445,1165.691399325861,0.0,2.7371378780542424,0.016717937604728395,50.30687365191559,1.0061374730383117,0.016717937604728395,20.645812672839334,20.645812672839334,0.0,griewank,value,logei,exact,none,0.0,0,50,8,d82bf496-eb78-44ae-af8b-1f2f2cf18d1d,True,0.01,2.0,39.03277119999984,2.7538558156589708,"x0,x1,x2,x3,x4,x5",6,0.2,0.5,-754.2532399338406,-160.72746958567706,,,,,
-2.5148457605129693,-83.62289430604282,42.5269107879221,81.75088266457242,198.2712395981511,20.0,2.7371378780542424,0.016717937604728395,50.30687365191559,1.0061374730383117,0.016717937604728395,20.645812672839334,20.645812672839334,0.0,griewank,value,logei,exact,none,0.0,20,50,8,d82bf496-eb78-44ae-af8b-1f2f2cf18d1d,True,0.01,2.0,39.03277119999984,2.7538558156589708,"x0,x1,x2,x3,x4,x5",6,0.2,0.5,84.39055052646614,-129.22407505843506,,,,,
133.0915158206857,-737.4335282982871,-254.10869041529082,-371.50017798877445,1165.691399325861,0.0,2.7213683105736126,0.03248750508535814,33.54725457534619,0.6709450915069237,0.03984045564191119,21.08816009041609,21.375116284225758,0.0,griewank,value,logei,exact,gaussian,0.05,0,50,8,541dac4b-e2a5-42b8-975d-3a70e1e1c903,False,0.01,2.0,20.407179000001634,2.7538558156589708,"x0,x1,x2,x3,x4,x5",6,0.05,0.05,-754.2532399338406,-160.72746958567706,,,,,
14.884062392855157,-78.64353396976416,43.270697081987336,91.69285932862931,219.94133773100995,20.0,2.7292814091720174,0.024574406486953304,36.33044434822089,0.7266088869644177,0.03414910296636808,21.01941471837704,21.27322455980343,0.0,griewank,value,logei,exact,gaussian,0.05,20,50,8,840863f1-9fea-4c91-886c-ddf197a76f4d,False,0.01,2.0,20.134407100005774,2.7538558156589708,"x0,x1,x2,x3,x4,x5",6,0.05,0.05,68.48448563603526,-164.31005095150172,,,,,
133.0915158206857,-737.4335282982871,-254.10869041529082,-371.50017798877445,1165.691399325861,0.0,2.7135005234992073,0.04035529215976341,42.52003371996498,0.8504006743992996,0.050532057779205,22.302289654305827,25.25582394635002,0.0,griewank,value,logei,exact,gaussian,0.25,0,50,8,c5dba2af-3214-42e5-ae98-b8ce47caf401,False,0.01,2.0,17.838711399992462,2.7538558156589708,"x0,x1,x2,x3,x4,x5",6,0.25,0.25,-754.2532399338406,-160.72746958567706,,,,,
-17.420231922199036,-57.16973309955232,41.31771294020142,5.676975133466421,148.61895555799015,20.0,2.6954264142309396,0.0584294014280311,40.91397829708201,0.8182795659416402,0.07331099843647193,21.774484646076413,26.220983424547217,0.0,griewank,value,logei,exact,gaussian,0.25,20,50,8,8e67a12e-0916-4783-89de-0505a18a37d0,False,0.01,2.0,17.8843571000034,2.7538558156589708,"x0,x1,x2,x3,x4,x5",6,0.25,0.25,97.77066503677685,84.95449780466068,,,,,
133.0915158206857,-737.4335282982871,-254.10869041529082,-371.50017798877445,1165.691399325861,0.0,2.2968825684556298,0.456973247203341,62.684635120695,1.2536927024139,0.7903178936134392,34.43526666120919,51.57284642736031,0.0,griewank,value,logei,exact,gaussian,1.0,0,50,8,aa2499e9-09e2-431a-8532-91a25dbe9d90,False,0.01,2.0,23.74601500001154,2.7538558156589708,"x0,x1,x2,x3,x4,x5",6,1.0,1.0,-754.2532399338406,-160.72746958567706,,,,,
94.71665102570711,-72.93440606342597,31.612577869071792,123.78363168849228,311.5144500768458,20.0,2.6954264142309396,0.0584294014280311,45.4916104915389,0.909832209830778,0.2714182418263218,21.774484646076413,23.85481096118048,0.0,griewank,value,logei,exact,gaussian,1.0,20,50,8,6c918c4d-c0b3-4e56-acc1-40829ebf4fe6,False,0.01,2.0,19.333191600002465,2.7538558156589708,"x0,x1,x2,x3,x4,x5",6,1.0,1.0,32.337647167604786,-255.70122224868697,,,,,
133.0915158206857,-737.4335282982871,-254.10869041529082,-371.50017798877445,1165.691399325861,0.0,2.004837590134018,0.7490182255249529,100.24339398093645,2.004867879618729,1.2477056740055066,45.27092559958852,78.26899319986653,0.0,griewank,value,logei,exact,gaussian,5.0,0,50,8,4eb7a59f-e5ca-4158-9a3e-edbc33eedb79,False,0.01,2.0,19.04698400000052,2.7538558156589708,"x0,x1,x2,x3,x4,x5",6,5.0,5.0,-754.2532399338406,-160.72746958567706,,,,,
45.39621465233449,86.28350775074185,-37.92645386572031,42.016051399624104,115.136525471152,20.0,2.6954264142309396,0.0584294014280311,63.12477443677321,1.2624954887354642,0.20838449360861855,21.774484646076413,27.213923491066396,0.0,griewank,value,logei,exact,gaussian,5.0,20,50,8,0f8c6ecd-1e82-4737-b8f3-a49aa139af0c,False,0.01,2.0,17.398489500003052,2.7538558156589708,"x0,x1,x2,x3,x4,x5",6,5.0,5.0,11.215127877696503,20.523545299935975,,,,,
133.0915158206857,-737.4335282982871,-254.10869041529082,-371.50017798877445,1165.691399325861,0.0,2.7273576116568314,0.026498204002139314,86.55328077851162,1.7310656155702324,0.026498204002139314,22.52572808627036,22.52572808627036,0.0,griewank,value,qnei,exact,none,0.0,0,50,8,a486d317-4709-47df-abfc-5909bbc26d7a,True,0.01,2.0,14.666311799999676,2.7538558156589708,"x0,x1,x2,x3,x4,x5",6,0.2,0.5,-754.2532399338406,-160.72746958567706,,,,,
64.04145721229753,97.54098900919922,52.218922874425374,-22.419191795713363,145.05648093245725,20.0,2.7273576116568314,0.026498204002139314,86.55328077851162,1.7310656155702324,0.026498204002139314,22.52572808627036,22.52572808627036,0.0,griewank,value,qnei,exact,none,0.0,20,50,8,a486d317-4709-47df-abfc-5909bbc26d7a,True,0.01,2.0,14.666311799999676,2.7538558156589708,"x0,x1,x2,x3,x4,x5",6,0.2,0.5,-54.19169904347038,35.49159857747802,,,,,
133.0915158206857,-737.4335282982871,-254.10869041529082,-371.50017798877445,1165.691399325861,0.0,2.7163251071573913,0.03753070850157947,84.72620798113392,1.6945241596226785,0.06367391043499149,19.201881652924655,19.9469629080269,0.0,griewank,value,qnei,exact,gaussian,0.05,0,50,8,b6ab7692-a260-4bd5-a0b8-0100b987d4be,False,0.01,2.0,15.029939700005343,2.7538558156589708,"x0,x1,x2,x3,x4,x5",6,0.05,0.05,-754.2532399338406,-160.72746958567706,,,,,
63.61576402331088,88.06329124486275,52.67085564414485,11.080623274532416,135.74516402094406,20.0,2.731220524856352,0.022635290802618613,85.27872839181123,1.7055745678362246,0.022635290802618613,22.41563506008402,22.41563506008402,0.0,griewank,value,qnei,exact,gaussian,0.05,20,50,8,409a8c57-5068-4d0a-9809-9748ee359b76,False,0.01,2.0,15.835270400013542,2.7538558156589708,"x0,x1,x2,x3,x4,x5",6,0.05,0.05,-56.48932632238894,23.16457690375789,,,,,
133.0915158206857,-737.4335282982871,-254.10869041529082,-371.50017798877445,1165.691399325861,0.0,2.20859284758072,0.5452629680782506,68.81758020235755,1.3763516040471508,0.7292779187054137,39.03983382783137,45.543364637669434,0.0,griewank,value,qnei,exact,gaussian,0.25,0,50,8,8e2dbf38-1adb-4762-bd73-13c3e831ff15,False,0.01,2.0,17.390230899996823,2.7538558156589708,"x0,x1,x2,x3,x4,x5",6,0.25,0.25,-754.2532399338406,-160.72746958567706,,,,,
28.169581032571642,53.099204046264525,54.794440585136165,96.41272222219133,142.7724072832118,20.0,2.6845935342295477,0.06926228142942303,73.39376005834013,1.4678752011668026,0.10871768866101483,23.757477579382268,24.899901866659903,0.0,griewank,value,qnei,exact,gaussian,0.25,20,50,8,0653d50a-03b4-4da1-8757-93885c4c4bc2,False,0.01,2.0,13.991041000001132,2.7538558156589708,"x0,x1,x2,x3,x4,x5",6,0.25,0.25,-66.60821593444076,6.034182649317401,,,,,
133.0915158206857,-737.4335282982871,-254.10869041529082,-371.50017798877445,1165.691399325861,0.0,2.0276484114704987,0.7262074041884721,92.77744657330425,1.855548931466085,1.250233210714241,47.112342708390585,58.63077763649534,0.0,griewank,value,qnei,exact,gaussian,1.0,0,50,8,3e93b36d-b1fb-4957-9fef-7c7c756b3534,False,0.01,2.0,23.907167299999855,2.7538558156589708,"x0,x1,x2,x3,x4,x5",6,1.0,1.0,-754.2532399338406,-160.72746958567706,,,,,
54.67454926704892,-111.97704559290806,-0.11102162872062848,240.02861285920875,276.9856489685854,20.0,2.6832506413709347,0.07060517428803603,66.91450963744063,1.3382901927488127,0.10871768866101483,23.820889253791396,44.75346321864752,0.0,griewank,value,qnei,exact,gaussian,1.0,20,50,8,8306774b-888c-4bb9-82cd-a786d579400a,False,0.01,2.0,19.573764999993728,2.7538558156589708,"x0,x1,x2,x3,x4,x5",6,1.0,1.0,-9.916343512249146,58.99833448247806,,,,,
133.0915158206857,-737.4335282982871,-254.10869041529082,-371.50017798877445,1165.691399325861,0.0,2.149880173254737,0.603975642404234,139.19313906690027,2.7838627813380055,1.20347623213019,50.59793187662055,74.89453943611085,0.0,griewank,value,qnei,exact,gaussian,5.0,0,50,8,d9a9142c-3ebd-434d-a76a-d161af4021f4,False,0.01,2.0,22.821640399997705,2.7538558156589708,"x0,x1,x2,x3,x4,x5",6,5.0,5.0,-754.2532399338406,-160.72746958567706,,,,,
9.139058811628345,108.10413129422369,117.95087142156852,-200.65506436364151,343.22261408041555,20.0,2.645138126997956,0.10871768866101483,102.37658886706102,2.0475317773412205,0.36161488109367124,24.86898339904831,32.094146852089814,0.0,griewank,value,qnei,exact,gaussian,5.0,20,50,8,b2c41cf8-fa88-4d89-a381-c19147a9cd25,False,0.01,2.0,18.3241921000008,2.7538558156589708,"x0,x1,x2,x3,x4,x5",6,5.0,5.0,-129.9525642796902,187.00054901149673,,,,,
0.11090959651723808,-0.6145279402485725,-0.21175724201274237,-0.309583481657312,0.9714094994382175,0.0,7.937905713896259,0.029258249395677893,192.32970673543252,3.8465941347086505,0.029258249395677893,58.6496642210423,58.6496642210423,0.0,hartmann_6,value,logei,exact,none,0.0,0,50,8,e640c7cd-9936-4f89-8a51-2cd717d5bbf2,True,0.01,2.0,27.893833399997675,7.967163963291937,"x0,x1,x2,x3,x4,x5",6,0.2,0.5,-0.6285443666115338,-0.13393955798806423,,,,,
-0.033580941841633155,0.003978957424074114,-0.14005446255409082,0.013028983537741623,0.1452558163475496,20.0,7.937905713896259,0.029258249395677893,192.32970673543252,3.8465941347086505,0.029258249395677893,58.6496642210423,58.6496642210423,0.0,hartmann_6,value,logei,exact,none,0.0,20,50,8,e640c7cd-9936-4f89-8a51-2cd717d5bbf2,True,0.01,2.0,27.893833399997675,7.967163963291937,"x0,x1,x2,x3,x4,x5",6,0.2,0.5,0.012511060203601432,-0.003769204807278159,,,,,
0.11090959651723808,-0.6145279402485725,-0.21175724201274237,-0.309583481657312,0.9714094994382175,0.0,7.957727411479365,0.009436551812572525,142.08694173867042,2.8417388347734085,0.010928205537406477,51.96136884392317,52.02920219476568,0.0,hartmann_6,value,logei,exact,gaussian,0.05,0,50,8,94897eaf-76d9-463d-9164-7e8b4e59c811,False,0.01,2.0,26.027504499987117,7.967163963291937,"x0,x1,x2,x3,x4,x5",6,0.05,0.05,-0.6285443666115338,-0.13393955798806423,,,,,
-0.03432299496859614,0.00466641992051936,-0.13476386716154315,0.01427067200506732,0.14091183201110222,20.0,7.943558308690891,0.023605654601046133,180.88854117070773,3.6177708234141543,0.023605654601046133,59.03460093262702,59.42221458905906,0.0,hartmann_6,value,logei,exact,gaussian,0.05,20,50,8,4c4c1bc4-cf56-4cd8-a463-54e108b3a947,False,0.01,2.0,24.146057899997686,7.967163963291937,"x0,x1,x2,x3,x4,x5",6,0.05,0.05,0.016963032257313826,-0.0018985539400451223,,,,,
0.11090959651723808,-0.6145279402485725,-0.21175724201274237,-0.309583481657312,0.9714094994382175,0.0,7.9533519350464985,0.01381202824543859,93.68424613437372,1.8736849226874746,0.026367748863826534,57.0283892026015,58.22669693242789,0.0,hartmann_6,value,logei,exact,gaussian,0.25,0,50,8,d8b53b32-3f0d-4041-b9cf-ee796858652a,False,0.01,2.0,21.756375799988746,7.967163963291937,"x0,x1,x2,x3,x4,x5",6,0.25,0.25,-0.6285443666115338,-0.13393955798806423,,,,,
-0.02984258470397294,0.0013336580455913516,-0.153418871754545,0.007963319100069588,0.1568058090553046,20.0,7.881175774066912,0.08598818922502538,91.123286491576,1.8224657298315199,0.10960198470605853,60.12498297966001,60.18143221090277,0.0,hartmann_6,value,logei,exact,gaussian,0.25,20,50,8,8a165e2f-7794-474e-a370-f939e6062763,False,0.01,2.0,22.718903899993165,7.967163963291937,"x0,x1,x2,x3,x4,x5",6,0.25,0.25,-0.0023521591274660025,-0.00945547110430256,,,,,
0.11090959651723808,-0.6145279402485725,-0.21175724201274237,-0.309583481657312,0.9714094994382175,0.0,7.358406275101506,0.6087576881904315,145.33015073448868,2.9066030146897734,0.8160517374142886,90.77359441005409,102.9005129368557,0.0,hartmann_6,value,logei,exact,gaussian,1.0,0,50,8,42c42e98-70ec-47a7-8871-68b791efc415,False,0.01,2.0,21.447932199997013,7.967163963291937,"x0,x1,x2,x3,x4,x5",6,1.0,1.0,-0.6285443666115338,-0.13393955798806423,,,,,
-0.025225545260511045,0.010815327702312194,-0.0066204370663865975,0.017667967022231057,0.08579692433965914,20.0,7.815394490346167,0.15176947294577037,104.78981354644492,2.0957962709288984,0.3891073891566341,61.62449370444207,69.27552431521349,0.0,hartmann_6,value,logei,exact,gaussian,1.0,20,50,8,f2df58e2-efd3-412c-b720-c2053428b999,False,0.01,2.0,21.21358809999947,7.967163963291937,"x0,x1,x2,x3,x4,x5",6,1.0,1.0,0.07474173346059798,0.02579726366890489,,,,,
0.11090959651723808,-0.6145279402485725,-0.21175724201274237,-0.309583481657312,0.9714094994382175,0.0,6.067269231841953,1.8998947314499839,272.77660270297685,5.455532054059537,5.743519478868031,163.2428176739693,228.49837679088577,0.0,hartmann_6,value,logei,exact,gaussian,5.0,0,50,8,ea4fa7bb-045b-4b92-8eab-b4ffd4ec9f38,False,0.01,2.0,28.847185899998294,7.967163963291937,"x0,x1,x2,x3,x4,x5",6,5.0,5.0,-0.6285443666115338,-0.13393955798806423,,,,,
0.12988007732986329,-0.03872110735215313,-0.009673213534429737,0.03188859892232565,0.2082928535992947,20.0,7.934539432176822,0.03262453111511476,133.84948406759642,2.6769896813519285,0.5546278799520126,59.06287745508297,63.78611552375187,0.0,hartmann_6,value,logei,exact,gaussian,5.0,20,50,8,17439423-1972-4822-9ae6-a75e9d5d2cb6,False,0.01,2.0,20.382915700000012,7.967163963291937,"x0,x1,x2,x3,x4,x5",6,5.0,5.0,-0.0647127212839323,0.1404263654783725,,,,,
0.11090959651723808,-0.6145279402485725,-0.21175724201274237,-0.309583481657312,0.9714094994382175,0.0,7.941497500538189,0.025666462753748398,210.65560918438638,4.213112183687728,0.025666462753748398,50.986158717278514,50.986158717278514,0.0,hartmann_6,value,qnei,exact,none,0.0,0,50,8,45534bc9-c9db-441a-a613-aa30d5ab8aa0,True,0.01,2.0,21.518201400002,7.967163963291937,"x0,x1,x2,x3,x4,x5",6,0.2,0.5,-0.6285443666115338,-0.13393955798806423,,,,,
-0.040548139765513413,0.0018227274971975016,-0.1323094521558555,0.028663282936808476,0.16229750101402157,20.0,7.941497500538189,0.025666462753748398,210.65560918438638,4.213112183687728,0.025666462753748398,50.986158717278514,50.986158717278514,0.0,hartmann_6,value,qnei,exact,none,0.0,20,50,8,45534bc9-c9db-441a-a613-aa30d5ab8aa0,True,0.01,2.0,21.518201400002,7.967163963291937,"x0,x1,x2,x3,x4,x5",6,0.2,0.5,-0.07963597062733124,-0.004872589164743313,,,,,
0.11090959651723808,-0.6145279402485725,-0.21175724201274237,-0.309583481657312,0.9714094994382175,0.0,7.903143722744742,0.0640202405471948,203.1208389190715,4.06241677838143,0.0640202405471948,66.92078873270162,66.97322328726867,0.0,hartmann_6,value,qnei,exact,gaussian,0.05,0,50,8,60416dcf-d5e0-4938-a620-3b39c92a3d9c,False,0.01,2.0,21.905096100002993,7.967163963291937,"x0,x1,x2,x3,x4,x5",6,0.05,0.05,-0.6285443666115338,-0.13393955798806423,,,,,
-0.033854379332465045,0.00267168972899709,-0.13046330144232127,0.028420243513374077,0.15741725772377432,20.0,7.922046069697105,0.045117893594832204,212.47909163518096,4.249581832703619,0.05908486082974296,51.26520642445167,52.08842734298696,0.0,hartmann_6,value,qnei,exact,gaussian,0.05,20,50,8,3e7e9a29-1728-4777-a8c8-ac2b8b2f016c,False,0.01,2.0,20.678434400004335,7.967163963291937,"x0,x1,x2,x3,x4,x5",6,0.05,0.05,-0.07595512535118393,-0.005419573006722467,,,,,
0.11090959651723808,-0.6145279402485725,-0.21175724201274237,-0.309583481657312,0.9714094994382175,0.0,7.855585843672091,0.1115781196198462,173.45816051059398,3.46916321021188,0.1115781196198462,51.873311998078464,51.990485824237865,0.0,hartmann_6,value,qnei,exact,gaussian,0.25,0,50,8,8f0aaa99-bcd6-4eb7-b5ee-57b671f94047,False,0.01,2.0,20.689543900007266,7.967163963291937,"x0,x1,x2,x3,x4,x5",6,0.25,0.25,-0.6285443666115338,-0.13393955798806423,,,,,
-0.02388515495844329,0.0036827587791421756,-0.12749507220377337,0.028076744145821675,0.15047772794878414,20.0,7.908079102462194,0.05908486082974296,193.80458882221328,3.8760917764442655,0.13399641922305783,51.537562285532424,52.94015909950464,0.0,hartmann_6,value,qnei,exact,gaussian,0.25,20,50,8,f03be060-a9d5-4361-819b-e3d93e9982fb,False,0.01,2.0,20.085775700004888,7.967163963291937,"x0,x1,x2,x3,x4,x5",6,0.25,0.25,-0.07056405013157141,-0.006074627557954404,,,,,
0.11090959651723808,-0.6145279402485725,-0.21175724201274237,-0.309583481657312,0.9714094994382175,0.0,7.563452925877446,0.40371103741449144,217.46861149022624,4.3493722298045245,0.8409645664178758,116.71903374883559,163.2585633633097,0.0,hartmann_6,value,qnei,exact,gaussian,1.0,0,50,8,e04bf20a-00fe-49e7-ace1-5f7ebcef1ff5,False,0.01,2.0,24.417294600003515,7.967163963291937,"x0,x1,x2,x3,x4,x5",6,1.0,1.0,-0.6285443666115338,-0.13393955798806423,,,,,
0.15787820277101688,-0.028343969312276174,0.04755900596427265,-0.017196886222457325,0.1683556737498739,20.0,7.908079102462194,0.05908486082974296,123.62479962120887,2.4724959924241774,0.5367377001014262,51.537562285532424,71.03289065238611,0.0,hartmann_6,value,qnei,exact,gaussian,1.0,20,50,8,a59745fd-9947-4170-9fc8-92bf47254b5f,False,0.01,2.0,22.889254500012612,7.967163963291937,"x0,x1,x2,x3,x4,x5",6,1.0,1.0,-0.006436203246086292,0.003963422877968248,,,,,
0.11090959651723808,-0.6145279402485725,-0.21175724201274237,-0.309583481657312,0.9714094994382175,0.0,3.8396825017826863,4.127481461509251,368.87810760740473,7.377562152148094,7.690897327892032,207.30403277347267,362.7737998642454,0.0,hartmann_6,value,qnei,exact,gaussian,5.0,0,50,8,b556cd84-dac8-4ca4-8870-5a44456d105d,False,0.01,2.0,21.787577499999315,7.967163963291937,"x0,x1,x2,x3,x4,x5",6,5.0,5.0,-0.6285443666115338,-0.13393955798806423,,,,,
-0.08674968375768913,-0.03935948470117284,-0.07002366975745605,0.02382924885559129,0.1613811506237071,20.0,7.908079102462194,0.05908486082974296,165.4602148726329,3.309204297452658,0.7920001742408562,51.537562285532424,72.42564871774916,0.0,hartmann_6,value,qnei,exact,gaussian,5.0,20,50,8,76976424-dabf-4091-b023-dc9a2dc4e7ac,False,0.01,2.0,24.50297099999443,7.967163963291937,"x0,x1,x2,x3,x4,x5",6,5.0,5.0,-0.10650257679679787,0.0124600488341704,,,,,
4.886318115815898,-5.365728331188584,1.0725393117355386,-3.742200294576083,8.235383954195088,0.0,0.7602176444468566,0.004006239011603241,17.83767946231418,0.35675358924628364,0.004006239011603241,1.174735943346969,1.174735943346969,0.0,powell,value,logei,exact,none,0.0,0,50,8,f89ee460-fb51-4872-9514-7615c5ec1b57,True,0.01,2.0,14.61452270000882,0.7642238834584598,"x0,x1,x2,x3",4,0.2,0.5,,,,,,,
0.9022338679343522,0.6381461811070024,4.146210334065607,-0.2606698527546866,4.298867921599455,20.0,0.7602176444468566,0.004006239011603241,17.83767946231418,0.35675358924628364,0.004006239011603241,1.174735943346969,1.174735943346969,0.0,powell,value,logei,exact,none,0.0,20,50,8,f89ee460-fb51-4872-9514-7615c5ec1b57,True,0.01,2.0,14.61452270000882,0.7642238834584598,"x0,x1,x2,x3",4,0.2,0.5,,,,,,,
4.886318115815898,-5.365728331188584,1.0725393117355386,-3.742200294576083,8.235383954195088,0.0,0.7614861176930265,0.0027377657654332754,8.655913518664429,0.17311827037328859,0.013905098954001716,1.102686518954905,1.5497793448780783,0.0,powell,value,logei,exact,gaussian,0.05,0,50,8,5436e980-7c6c-4501-9546-4df955bab27c,False,0.01,2.0,13.436114500000258,0.7642238834584598,"x0,x1,x2,x3",4,0.05,0.05,,,,,,,
0.9326260621701334,0.5774089054297327,4.327883102381332,-0.2846570444226001,4.47378969071254,20.0,0.7581820052912845,0.006041878167175274,17.560530720332974,0.35121061440665946,0.006853539798540309,1.2173384380858892,1.6970402335963615,0.0,powell,value,logei,exact,gaussian,0.05,20,50,8,8f925231-f814-4966-b345-350498932ba9,False,0.01,2.0,14.301428999999189,0.7642238834584598,"x0,x1,x2,x3",4,0.05,0.05,,,,,,,
4.886318115815898,-5.365728331188584,1.0725393117355386,-3.742200294576083,8.235383954195088,0.0,0.7602224378425495,0.004001445615910315,22.767261040718612,0.45534522081437223,0.013460378366351722,1.4972497428937848,4.115279119037779,0.0,powell,value,logei,exact,gaussian,0.25,0,50,8,5d9f35be-d463-4714-834d-482896ce4dc3,False,0.01,2.0,12.612627700000303,0.7642238834584598,"x0,x1,x2,x3",4,0.25,0.25,,,,,,,
-2.171223307046594,2.1824945703165017,-1.0259206888454866,-2.04709446487544,3.8367436983004506,20.0,0.7564290511864559,0.007794832272003949,22.21399973042548,0.44427999460850964,0.01854854160174224,1.2448249186643823,1.6527796497701033,0.0,powell,value,logei,exact,gaussian,0.25,20,50,8,b169372a-3954-4e9b-a368-4156e0c06467,False,0.01,2.0,13.977938800002448,0.7642238834584598,"x0,x1,x2,x3",4,0.25,0.25,,,,,,,
4.886318115815898,-5.365728331188584,1.0725393117355386,-3.742200294576083,8.235383954195088,0.0,0.763996704559758,0.00022717889870182972,26.55403255960106,0.5310806511920212,0.00022717889870182972,1.1648409957993602,8.816479676198014,0.0,powell,value,logei,exact,gaussian,1.0,0,50,8,0fb9843c-5a19-438f-8aeb-8e17ecb66cfd,False,0.01,2.0,13.325889700005064,0.7642238834584598,"x0,x1,x2,x3",4,1.0,1.0,,,,,,,
-2.837045501494859,2.1151789362325983,1.8462323999746382,-2.5044889506936654,4.712095933732361,20.0,0.7564290511864559,0.007794832272003949,19.615417907634992,0.3923083581526998,0.2995988354446598,1.2448249186643823,5.20461094743293,0.0,powell,value,logei,exact,gaussian,1.0,20,50,8,f2886f61-167c-4f55-afe4-ed2f19c7f106,False,0.01,2.0,13.214209199999459,0.7642238834584598,"x0,x1,x2,x3",4,1.0,1.0,,,,,,,
4.886318115815898,-5.365728331188584,1.0725393117355386,-3.742200294576083,8.235383954195088,0.0,0.7600795217275069,0.004144361730952895,36.390796794765485,0.7278159358953097,1.1475468890901106,1.0860294501286614,7.391139908793363,0.0,powell,value,logei,exact,gaussian,5.0,0,50,8,74216b56-34c1-497e-a0ba-8a5db4b9e37b,False,0.01,2.0,17.61754789999395,0.7642238834584598,"x0,x1,x2,x3",4,5.0,5.0,,,,,,,
-0.02162916703136153,-1.6698786411493014,-1.2596620145393214,0.8221688242335989,2.247592592853079,20.0,0.7564290511864559,0.007794832272003949,20.50454689405345,0.41009093788106904,0.3910436006136026,1.2448249186643823,3.268686544460883,0.0,powell,value,logei,exact,gaussian,5.0,20,50,8,5f003b48-b77d-408b-b236-49dc9b557cfe,False,0.01,2.0,13.579659799986985,0.7642238834584598,"x0,x1,x2,x3",4,5.0,5.0,,,,,,,
4.886318115815898,-5.365728331188584,1.0725393117355386,-3.742200294576083,8.235383954195088,0.0,0.7628441554974152,0.0013797279610445745,15.789285854258901,0.31578571708517805,0.0013797279610445745,1.0362449767438222,1.0362449767438222,0.0,powell,value,qnei,exact,none,0.0,0,50,8,2a554578-45bb-4725-af77-1b6e8c42f5c0,True,0.01,2.0,15.627399499993771,0.7642238834584598,"x0,x1,x2,x3",4,0.2,0.5,,,,,,,
3.2283409620873376,0.0,1.260361770568231,1.0101791371104247,3.609869672059373,20.0,0.7628441554974152,0.0013797279610445745,15.789285854258901,0.31578571708517805,0.0013797279610445745,1.0362449767438222,1.0362449767438222,0.0,powell,value,qnei,exact,none,0.0,20,50,8,2a554578-45bb-4725-af77-1b6e8c42f5c0,True,0.01,2.0,15.627399499993771,0.7642238834584598,"x0,x1,x2,x3",4,0.2,0.5,,,,,,,
4.886318115815898,-5.365728331188584,1.0725393117355386,-3.742200294576083,8.235383954195088,0.0,0.7604220719913025,0.003801811467157301,10.293027146480616,0.20586054292961234,0.0279170676624374,1.1853884129654877,1.868806685089701,0.0,powell,value,qnei,exact,gaussian,0.05,0,50,8,01aef7d4-afa1-46b8-a1b4-4164af035bae,False,0.01,2.0,15.754199800008791,0.7642238834584598,"x0,x1,x2,x3",4,0.05,0.05,,,,,,,
2.8639667330711482,0.0,1.2204236191612419,1.0686623975558498,3.2914705798920134,20.0,0.7628441554974152,0.0013797279610445745,12.219941040243206,0.24439882080486414,0.004473913270173768,1.0362449767438222,1.2269011727309729,0.0,powell,value,qnei,exact,gaussian,0.05,20,50,8,9a84bcb3-bf5b-4cac-ba1f-0c62c5438d61,False,0.01,2.0,16.487878400002955,0.7642238834584598,"x0,x1,x2,x3",4,0.05,0.05,,,,,,,
4.886318115815898,-5.365728331188584,1.0725393117355386,-3.742200294576083,8.235383954195088,0.0,0.7428466531181214,0.02137723034033845,26.65461368636004,0.5330922737272008,0.027743812728425854,1.8672106454845583,3.7202157931778994,0.0,powell,value,qnei,exact,gaussian,0.25,0,50,8,48668137-5586-4186-90fa-34be5ddc34b9,False,0.01,2.0,15.140122199998586,0.7642238834584598,"x0,x1,x2,x3",4,0.25,0.25,,,,,,,
1.4183469414821097,0.0,2.5554451859329297,1.3849301577159217,3.2341984612064993,20.0,0.7628441554974152,0.0013797279610445745,14.016740089100733,0.28033480178201464,0.020235049577795317,1.0362449767438222,1.6191578413638303,0.0,powell,value,qnei,exact,gaussian,0.25,20,50,8,10434d5c-3be6-4942-a90b-25d6917ad9bb,False,0.01,2.0,16.640657900003134,0.7642238834584598,"x0,x1,x2,x3",4,0.25,0.25,,,,,,,
4.886318115815898,-5.365728331188584,1.0725393117355386,-3.742200294576083,8.235383954195088,0.0,0.7363068157960224,0.0279170676624374,30.347630103119563,0.6069526020623912,0.43843398433080527,2.1201421581482376,21.656520304512032,0.0,powell,value,qnei,exact,gaussian,1.0,0,50,8,69451657-4dc7-439c-8eb0-2fa7db90da1d,False,0.01,2.0,18.395907500002068,0.7642238834584598,"x0,x1,x2,x3",4,1.0,1.0,,,,,,,
0.0009962701114807349,0.0,-1.0007610202315773,-0.4807364636118433,1.1102392353070143,20.0,0.7628441554974152,0.0013797279610445745,24.094316409467552,0.48188632818935107,0.24285671308121526,1.0362449767438222,6.8299347500789,0.0,powell,value,qnei,exact,gaussian,1.0,20,50,8,badecc8c-c0d1-4a3e-b329-5af1a4c50105,False,0.01,2.0,15.334915500003262,0.7642238834584598,"x0,x1,x2,x3",4,1.0,1.0,,,,,,,
4.886318115815898,-5.365728331188584,1.0725393117355386,-3.742200294576083,8.235383954195088,0.0,0.7363068157960224,0.0279170676624374,75.93558336989355,1.518711667397871,0.7132262213509057,2.1201421581482376,37.15553949794115,0.0,powell,value,qnei,exact,gaussian,5.0,0,50,8,73cc81d2-4893-4b6d-b06d-bde47e02ba22,False,0.01,2.0,16.240877500007628,0.7642238834584598,"x0,x1,x2,x3",4,5.0,5.0,,,,,,,
2.4727577557483054,5.386170791775643,1.7949433113659836,-0.138530940168353,6.194059979463539,20.0,0.7628441554974152,0.0013797279610445745,51.51666749174015,1.030333349834803,0.02588599250501611,1.0362449767438222,1.734673516247011,0.0,powell,value,qnei,exact,gaussian,5.0,20,50,8,1a36f800-7a8d-4a82-8f65-7f4747dba8a8,False,0.01,2.0,16.026875499999733,0.7642238834584598,"x0,x1,x2,x3",4,5.0,5.0,,,,,,,
542.9242350906554,-596.1920367987316,119.1710346372821,-415.8000327306759,915.042661577232,0.0,1.6174695393048157,2.710920832474036,198.22486040753765,3.964497208150753,2.710920832474036,156.41369346459865,156.41369346459865,0.0,schwefel,value,logei,exact,none,0.0,0,50,8,cb7cf7b1-060e-4d18-a1bf-aff7922b6b87,True,0.01,2.0,17.58852200000547,4.328390371778852,"x0,x1,x2,x3",4,0.2,0.5,,,,,,,
-1.8078929309696719,871.4208721343217,25.017351025779362,3.8488954813603016,871.7902767965271,20.0,1.6174695393048157,2.710920832474036,198.22486040753765,3.964497208150753,2.710920832474036,156.41369346459865,156.41369346459865,0.0,schwefel,value,logei,exact,none,0.0,20,50,8,cb7cf7b1-060e-4d18-a1bf-aff7922b6b87,True,0.01,2.0,17.58852200000547,4.328390371778852,"x0,x1,x2,x3",4,0.2,0.5,,,,,,,
542.9242350906554,-596.1920367987316,119.1710346372821,-415.8000327306759,915.042661577232,0.0,2.5888131520856783,1.7395772196931736,150.9616162050445,3.01923232410089,1.7395772196931736,113.31278111897831,113.49900394710906,0.0,schwefel,value,logei,exact,gaussian,0.05,0,50,8,e0f43778-3b3b-4804-8932-8c51e857fb39,False,0.01,2.0,16.76293729999452,4.328390371778852,"x0,x1,x2,x3",4,0.05,0.05,,,,,,,
-1.548036207760731,804.9644304761238,15.166000497090387,10.503662620879652,805.1772880846689,20.0,2.4398784754815406,1.8885118962973113,166.8811134251462,3.337622268502924,1.918135516964449,133.80776285770617,134.29655259871393,0.0,schwefel,value,logei,exact,gaussian,0.05,20,50,8,9ebc4337-1e11-4255-9b6d-60a3d6119e75,False,0.01,2.0,17.281393199999002,4.328390371778852,"x0,x1,x2,x3",4,0.05,0.05,,,,,,,
542.9242350906554,-596.1920367987316,119.1710346372821,-415.8000327306759,915.042661577232,0.0,2.5692888083056196,1.7591015634732323,163.41530827506435,3.268306165501287,1.7775823027783941,120.40763256532473,127.23924671235908,0.0,schwefel,value,logei,exact,gaussian,0.25,0,50,8,0ebac173-4758-4c5c-830f-fa7eb7446f43,False,0.01,2.0,18.930252899997868,4.328390371778852,"x0,x1,x2,x3",4,0.25,0.25,,,,,,,
-1.5847944452734168,0.0,79.6919076608408,-45.533963606681965,91.79680583654523,20.0,2.780129130795775,1.5482612409830767,175.70085520670534,3.5140171041341066,1.5482612409830767,130.76303586443942,130.86319798103932,0.0,schwefel,value,logei,exact,gaussian,0.25,20,50,8,45674a2e-e8be-41a1-ad0b-32a7a43355b9,False,0.01,2.0,17.617882599995937,4.328390371778852,"x0,x1,x2,x3",4,0.25,0.25,,,,,,,
542.9242350906554,-596.1920367987316,119.1710346372821,-415.8000327306759,915.042661577232,0.0,2.732753175387988,1.595637196390864,152.1164573634223,3.0423291472684464,1.927371461255349,99.66368407061785,107.5616662667577,0.0,schwefel,value,logei,exact,gaussian,1.0,0,50,8,90d70af2-a71c-45ad-aa94-6ae4232c8fa0,False,0.01,2.0,18.08629099999962,4.328390371778852,"x0,x1,x2,x3",4,1.0,1.0,,,,,,,
22.461023399616522,247.07988655753726,-70.48684833151212,59.76665904720814,264.751614225142,20.0,2.136733873771393,2.191656498007459,182.29481772279496,3.6458963544558993,3.2736857596936164,136.57125503148896,144.86219010502515,0.0,schwefel,value,logei,exact,gaussian,1.0,20,50,8,9d2558d5-e821-438d-a0a6-87bce3c04f91,False,0.01,2.0,16.892740099996445,4.328390371778852,"x0,x1,x2,x3",4,1.0,1.0,,,,,,,
542.9242350906554,-596.1920367987316,119.1710346372821,-415.8000327306759,915.042661577232,0.0,1.7100866869360134,2.6183036848428385,208.616877142904,4.17233754285808,4.9006511066536325,148.70213385900286,212.04329841714147,0.0,schwefel,value,logei,exact,gaussian,5.0,0,50,8,c9f38838-abb0-4c86-95f5-9ebbe504a957,False,0.01,2.0,15.160362599999644,4.328390371778852,"x0,x1,x2,x3",4,5.0,5.0,,,,,,,
111.71543360028454,0.0,-19.223689115441953,-49.47708769118978,123.68456061331352,20.0,1.548229056201144,2.7801613155777076,218.8550345032293,4.3771006900645855,3.044614426213413,158.19394829874574,162.78006474845543,0.0,schwefel,value,logei,exact,gaussian,5.0,20,50,8,8bc7bcab-cf8c-44dd-846a-f4602dcbe234,False,0.01,2.0,13.438051200006157,4.328390371778852,"x0,x1,x2,x3",4,5.0,5.0,,,,,,,
542.9242350906554,-596.1920367987316,119.1710346372821,-415.8000327306759,915.042661577232,0.0,2.9922679178264913,1.3361224539523606,169.00561263416284,3.380112252683257,1.3361224539523606,116.8306561678859,116.8306561678859,0.0,schwefel,value,qnei,exact,none,0.0,0,50,8,3112db7e-7b72-4249-a00b-efdde37bfa4f,True,0.01,2.0,16.30263950000517,4.328390371778852,"x0,x1,x2,x3",4,0.2,0.5,,,,,,,
0.0,16.762813589501377,403.54644090711383,19.242667969091258,404.35257159909816,20.0,2.9922679178264913,1.3361224539523606,169.00561263416284,3.380112252683257,1.3361224539523606,116.8306561678859,116.8306561678859,0.0,schwefel,value,qnei,exact,none,0.0,20,50,8,3112db7e-7b72-4249-a00b-efdde37bfa4f,True,0.01,2.0,16.30263950000517,4.328390371778852,"x0,x1,x2,x3",4,0.2,0.5,,,,,,,
542.9242350906554,-596.1920367987316,119.1710346372821,-415.8000327306759,915.042661577232,0.0,2.4482802726666364,1.8801100991122155,187.68250611250443,3.7536501222500886,1.8801100991122155,134.71047563131472,134.71047563131472,0.0,schwefel,value,qnei,exact,gaussian,0.05,0,50,8,8ca2cea1-456d-4c29-a0d2-5acf65a5a20e,False,0.01,2.0,17.370928100004676,4.328390371778852,"x0,x1,x2,x3",4,0.05,0.05,,,,,,,
0.0,16.932261098286233,403.54644090711383,19.239983685655716,404.3595039156661,20.0,2.7326232388289866,1.5957671329498653,173.84016811328738,3.4768033622657475,1.5957671329498653,119.0818038068238,119.0818038068238,0.0,schwefel,value,qnei,exact,gaussian,0.05,20,50,8,040961ee-17b4-49bc-8837-d9d0fe8f93f9,False,0.01,2.0,16.485904699991806,4.328390371778852,"x0,x1,x2,x3",4,0.05,0.05,,,,,,,
542.9242350906554,-596.1920367987316,119.1710346372821,-415.8000327306759,915.042661577232,0.0,2.339978825686986,1.988411546091866,180.72719513471307,3.6145439026942614,2.2713427737765377,115.7064585851923,120.02762182198477,0.0,schwefel,value,qnei,exact,gaussian,0.25,0,50,8,cbd04eb5-b2b5-4864-adc3-d9e4373f364a,False,0.01,2.0,13.870394600002328,4.328390371778852,"x0,x1,x2,x3",4,0.25,0.25,,,,,,,
0.0,17.239853945384084,403.54644090711383,19.435702017221445,404.38186043115127,20.0,2.8679523919011123,1.4604379798777396,166.790471747439,3.33580943494878,1.467644274044869,110.6198208341915,110.70269321711349,0.0,schwefel,value,qnei,exact,gaussian,0.25,20,50,8,3c783482-326c-4e7b-8444-5f7baf3c687b,False,0.01,2.0,15.678541700006463,4.328390371778852,"x0,x1,x2,x3",4,0.25,0.25,,,,,,,
542.9242350906554,-596.1920367987316,119.1710346372821,-415.8000327306759,915.042661577232,0.0,2.279051561734218,2.0493388100446337,186.1195995231847,3.7223919904636937,2.316989266679969,119.3953510607463,150.2946839079378,0.0,schwefel,value,qnei,exact,gaussian,1.0,0,50,8,ed39ad0a-ead0-4d75-b881-dac061f8a294,False,0.01,2.0,17.086749300011434,4.328390371778852,"x0,x1,x2,x3",4,1.0,1.0,,,,,,,
0.0,20.553797067665982,403.54644090711383,20.376177437250078,404.582966954433,20.0,2.2819549236879038,2.046435448090948,186.7649358583108,3.735298717166216,2.4928105162297007,124.39076133720191,149.53698055283039,0.0,schwefel,value,qnei,exact,gaussian,1.0,20,50,8,9ab25929-ffc5-4521-ab74-7fc71df9e4b6,False,0.01,2.0,15.825131699995836,4.328390371778852,"x0,x1,x2,x3",4,1.0,1.0,,,,,,,
542.9242350906554,-596.1920367987316,119.1710346372821,-415.8000327306759,915.042661577232,0.0,1.5687522716493891,2.7596381001294628,226.97758181393158,4.539551636278632,3.687864891363691,150.23651863702193,217.25808021128066,0.0,schwefel,value,qnei,exact,gaussian,5.0,0,50,8,af51200b-75bc-470e-b176-4de8a521cea2,False,0.01,2.0,12.71096490000491,4.328390371778852,"x0,x1,x2,x3",4,5.0,5.0,,,,,,,
0.0,12.96389310667638,403.54644090711383,16.600396770948493,404.09573824309626,20.0,2.2819549236879038,2.046435448090948,204.71039087498332,4.094207817499666,3.7454904627192303,124.39076133720191,170.04119887203197,0.0,schwefel,value,qnei,exact,gaussian,5.0,20,50,8,9902fa10-390f-46d8-bde4-7bbf90883d5b,False,0.01,2.0,15.619079600000987,4.328390371778852,"x0,x1,x2,x3",4,5.0,5.0,,,,,,,
35.58108267090119,-39.07204132364167,7.809992925988919,-27.249870945037575,59.96823586912547,0.0,17.85140646483628,2.2510406890171524,569.1494864907612,11.382989729815224,2.2510406890171524,486.3722253186088,486.3722253186088,0.0,ackley,value,logei,exact,none,0.0,0,50,8,fa875819-1e49-4c45-bc17-63c83e45aded,True,0.01,2.0,17.553908100002445,20.102447153853433,"x0,x1,x2,x3",4,0.2,0.5,,,,,,,
-1.3893282782245076,-5.899448529826299,-2.1828062296414132,0.382182908659944,6.453249788484643,20.0,17.85140646483628,2.2510406890171524,569.1494864907612,11.382989729815224,2.2510406890171524,486.3722253186088,486.3722253186088,0.0,ackley,value,logei,exact,none,0.0,20,50,8,fa875819-1e49-4c45-bc17-63c83e45aded,True,0.01,2.0,17.553908100002445,20.102447153853433,"x0,x1,x2,x3",4,0.2,0.5,,,,,,,
35.58108267090119,-39.07204132364167,7.809992925988919,-27.249870945037575,59.96823586912547,0.0,17.496681638717124,2.6057655151363086,651.94018423175,13.038803684634999,2.6057655151363086,494.02995867184455,494.02995867184455,0.0,ackley,value,logei,exact,gaussian,0.05,0,50,8,3582961e-22e1-4e60-9525-724c1a4be1e7,False,0.01,2.0,16.17708139999013,20.102447153853433,"x0,x1,x2,x3",4,0.05,0.05,,,,,,,
-1.3454924297512494,-5.868207394097968,-2.1778769500203032,0.38934893808801885,6.414121023467206,20.0,17.59656417775297,2.5058829761004624,640.5616475339514,12.811232950679027,2.5058829761004624,499.5624841726975,499.5624841726975,0.0,ackley,value,logei,exact,gaussian,0.05,20,50,8,cc698553-f592-434e-8b5b-fa1c414f1e8c,False,0.01,2.0,15.892708700004732,20.102447153853433,"x0,x1,x2,x3",4,0.05,0.05,,,,,,,
35.58108267090119,-39.07204132364167,7.809992925988919,-27.249870945037575,59.96823586912547,0.0,16.23266666175586,3.869780492097572,741.5667454180747,14.831334908361493,3.869780492097572,678.2349387211046,678.3835857215086,0.0,ackley,value,logei,exact,gaussian,0.25,0,50,8,a4d7017c-fb7d-4102-a55b-ae927386705a,False,0.01,2.0,15.207657899998594,20.102447153853433,"x0,x1,x2,x3",4,0.25,0.25,,,,,,,
-1.543520783930155,-6.022737157861191,-2.200262489725594,0.359605486155683,6.605020091753922,20.0,15.958945224617988,4.143501929235445,578.3934120787583,11.567868241575166,4.484060492036646,498.01320629889733,501.2485126455087,0.0,ackley,value,logei,exact,gaussian,0.25,20,50,8,3f492763-293f-4bbe-b705-6c59046b94d4,False,0.01,2.0,16.332712000003085,20.102447153853433,"x0,x1,x2,x3",4,0.25,0.25,,,,,,,
35.58108267090119,-39.07204132364167,7.809992925988919,-27.249870945037575,59.96823586912547,0.0,15.604752485501168,4.497694668352265,598.0457043755682,11.960914087511364,4.497694668352265,419.69468494465366,440.6272343443851,0.0,ackley,value,logei,exact,gaussian,1.0,0,50,8,7b009aeb-1f36-4f58-a27d-55ad26fc5372,False,0.01,2.0,20.044243500000448,20.102447153853433,"x0,x1,x2,x3",4,1.0,1.0,,,,,,,
-0.6815582453555962,-5.53885829325799,-2.097690902732402,0.5052928951927207,5.983234983513813,20.0,16.27824062703765,3.8242065268157823,616.2466439547227,12.324932879094455,3.8242065268157823,521.5953137479211,528.8320223725157,0.0,ackley,value,logei,exact,gaussian,1.0,20,50,8,990d48c2-cfdd-4ce8-bbb6-2ea72a589fea,False,0.01,2.0,16.30469789999188,20.102447153853433,"x0,x1,x2,x3",4,1.0,1.0,,,,,,,
35.58108267090119,-39.07204132364167,7.809992925988919,-27.249870945037575,59.96823586912547,0.0,2.136355962148398,17.966091191705036,1000.9995779964393,20.019991559928783,20.68687471673177,885.3864705151495,978.360536474727,0.0,ackley,value,logei,exact,gaussian,5.0,0,50,8,d308a3f8-7866-41e3-be61-c5713c1aeb16,False,0.01,2.0,18.4872686000017,20.102447153853433,"x0,x1,x2,x3",4,5.0,5.0,,,,,,,
0.7228024001050448,2.8196307850081883,-1.073154824094916,-1.7150615291647324,3.5448354543846694,20.0,6.8441538327770175,13.258293321076415,849.1653274863984,16.983306549727967,14.138203094853488,739.3896185274758,779.0185317269365,0.0,ackley,value,logei,exact,gaussian,5.0,20,50,8,464ed917-40f4-4b25-a666-bcce2f871856,False,0.01,2.0,16.186118500001612,20.102447153853433,"x0,x1,x2,x3",4,5.0,5.0,,,,,,,
35.58108267090119,-39.07204132364167,7.809992925988919,-27.249870945037575,59.96823586912547,0.0,16.65984001865951,3.4426071351939243,681.5063573500867,13.630127147001733,3.4426071351939243,458.73193478223095,458.73193478223095,0.0,ackley,value,qnei,exact,none,0.0,0,50,8,2795d70d-892d-43f5-b52b-8c76cfb82eba,True,0.01,2.0,18.55733229999896,20.102447153853433,"x0,x1,x2,x3",4,0.2,0.5,,,,,,,
-1.8131345618807515,21.11316855328632,-7.914902607635844,-2.6182925020976153,22.771791370330668,20.0,16.65984001865951,3.4426071351939243,681.5063573500867,13.630127147001733,3.4426071351939243,458.73193478223095,458.73193478223095,0.0,ackley,value,qnei,exact,none,0.0,20,50,8,2795d70d-892d-43f5-b52b-8c76cfb82eba,True,0.01,2.0,18.55733229999896,20.102447153853433,"x0,x1,x2,x3",4,0.2,0.5,,,,,,,
35.58108267090119,-39.07204132364167,7.809992925988919,-27.249870945037575,59.96823586912547,0.0,17.06348687114787,3.0389602827055633,646.630463262039,12.93260926524078,3.0389602827055633,345.97256110158406,345.97256110158406,0.0,ackley,value,qnei,exact,gaussian,0.05,0,50,8,5bdfbdc4-b378-430a-9311-e69d1f12b76a,False,0.01,2.0,17.87225960000069,20.102447153853433,"x0,x1,x2,x3",4,0.05,0.05,,,,,,,
-1.8037825574983346,21.259210021888283,-7.975647830560085,-2.586281592784264,22.923949333912404,20.0,17.48293236564665,2.619514788206782,630.8146446446818,12.616292892893636,2.619514788206782,444.1561477039036,444.1561477039036,0.0,ackley,value,qnei,exact,gaussian,0.05,20,50,8,861ccc47-a921-48be-8265-40918d255a17,False,0.01,2.0,18.02403420000337,20.102447153853433,"x0,x1,x2,x3",4,0.05,0.05,,,,,,,
35.58108267090119,-39.07204132364167,7.809992925988919,-27.249870945037575,59.96823586912547,0.0,15.653961938370907,4.448485215482526,697.7833062827215,13.95566612565443,4.448485215482526,440.72255299863565,441.16510822039135,0.0,ackley,value,qnei,exact,gaussian,0.25,0,50,8,23f10f5f-b937-4be5-93e6-b3cabeca74bc,False,0.01,2.0,17.332110800009104,20.102447153853433,"x0,x1,x2,x3",4,0.25,0.25,,,,,,,
-1.7885558218183841,21.405502121441202,-8.058550575205581,-2.535993463079568,23.08172335889833,20.0,16.233777046919197,3.8686701069342355,631.0646567870366,12.621293135740732,3.939636467021078,461.3757723096013,462.35281751826443,0.0,ackley,value,qnei,exact,gaussian,0.25,20,50,8,e5463aac-5e52-4e2c-baaf-8217c1d715d5,False,0.01,2.0,18.0385421999963,20.102447153853433,"x0,x1,x2,x3",4,0.25,0.25,,,,,,,
35.58108267090119,-39.07204132364167,7.809992925988919,-27.249870945037575,59.96823586912547,0.0,12.314392614238994,7.788054539614439,800.166911726944,16.00333823453888,7.788054539614439,710.6640198454102,736.7079987228002,0.0,ackley,value,qnei,exact,gaussian,1.0,0,50,8,16d5eee3-c515-458e-896c-086186ac4c48,False,0.01,2.0,19.898997299998882,20.102447153853433,"x0,x1,x2,x3",4,1.0,1.0,,,,,,,
-1.6644403221285113,24.946912229529364,-9.538858108385448,-1.7181032362851285,26.815303170320732,20.0,17.526286298545564,2.5761608553078688,667.738415144914,13.35476830289828,2.5761608553078688,481.9994949609072,510.4039727779166,0.0,ackley,value,qnei,exact,gaussian,1.0,20,50,8,49adf037-416c-43b2-abb1-a549b3fc4ee7,False,0.01,2.0,17.675987499998882,20.102447153853433,"x0,x1,x2,x3",4,1.0,1.0,,,,,,,
35.58108267090119,-39.07204132364167,7.809992925988919,-27.249870945037575,59.96823586912547,0.0,3.076313180356662,17.02613397349677,1011.1099936495907,20.222199872991816,20.77180878829366,863.4442834918457,988.4251133340762,0.0,ackley,value,qnei,exact,gaussian,5.0,0,50,8,a3e6a84f-62a7-4a44-b28f-bf0a7c9f04e5,False,0.01,2.0,17.559917299993685,20.102447153853433,"x0,x1,x2,x3",4,5.0,5.0,,,,,,,
-1.0087425891401236,6.3565099539464995,-7.748557591756933,-1.493351711063359,10.182977191935368,20.0,12.294782787849327,7.807664366004106,760.5509374869227,15.211018749738455,8.754193139309974,548.8609716828495,574.8905129487609,0.0,ackley,value,qnei,exact,gaussian,5.0,20,50,8,642f6a84-3737-45c8-a885-4c4884562be3,False,0.01,2.0,18.308018900002935,20.102447153853433,"x0,x1,x2,x3",4,5.0,5.0,,,,,,,
5.429242350906553,-5.961920367987315,1.1917103463728207,-4.158000327306759,9.15042661577232,0.0,14.184686452990793,42.589387585027595,2524.688815727,50.49377631454,42.589387585027595,2317.393169122837,2317.393169122837,0.0,shekel,value,logei,exact,none,0.0,0,50,8,4092f13a-c762-4faa-9735-44233a281314,True,0.01,2.0,20.473299899997073,56.774074038018384,"x0,x1,x2,x3",4,0.2,0.5,,,,,,,
-0.033901009724711884,-0.4642521599421787,-0.885529155145262,0.07714721860970997,1.0033907137415758,20.0,14.184686452990793,42.589387585027595,2524.688815727,50.49377631454,42.589387585027595,2317.393169122837,2317.393169122837,0.0,shekel,value,logei,exact,none,0.0,20,50,8,4092f13a-c762-4faa-9735-44233a281314,True,0.01,2.0,20.473299899997073,56.774074038018384,"x0,x1,x2,x3",4,0.2,0.5,,,,,,,
5.429242350906553,-5.961920367987315,1.1917103463728207,-4.158000327306759,9.15042661577232,0.0,14.200796252310147,42.573277785708235,2527.033585628469,50.540671712569385,42.573277785708235,2347.3847813099774,2347.431103353487,0.0,shekel,value,logei,exact,gaussian,0.05,0,50,8,214238c8-d8b7-4ffc-8a57-64519e55310a,False,0.01,2.0,19.633391600000323,56.774074038018384,"x0,x1,x2,x3",4,0.05,0.05,,,,,,,
-0.03362385412318858,-0.4650207995328923,-0.8856650900816074,0.076232576425598,1.0037873106699717,20.0,13.57792190163264,43.19615213638574,2552.6363031495302,51.05272606299061,43.19615213638574,2326.7172691366845,2326.7172691366845,0.0,shekel,value,logei,exact,gaussian,0.05,20,50,8,d1b4bb77-d832-4d76-8fde-4f3d2b2447b7,False,0.01,2.0,19.660809499997413,56.774074038018384,"x0,x1,x2,x3",4,0.05,0.05,,,,,,,
5.429242350906553,-5.961920367987315,1.1917103463728207,-4.158000327306759,9.15042661577232,0.0,13.217710948724358,43.556363089294024,2546.0082657440657,50.92016531488132,43.556363089294024,2411.6553824751063,2412.0334711702117,0.0,shekel,value,logei,exact,gaussian,0.25,0,50,8,710baa9f-539e-4419-86b6-a8407baaedc2,False,0.01,2.0,18.387380800006213,56.774074038018384,"x0,x1,x2,x3",4,0.25,0.25,,,,,,,
-0.03484241878161143,-0.46137783087386186,-0.8848320613522374,0.08057025681797114,1.0017498889687917,20.0,13.885578554808392,42.888495483209994,2566.1947227288606,51.323894454577214,42.888495483209994,2320.1507945706744,2320.1507945706744,0.0,shekel,value,logei,exact,gaussian,0.25,20,50,8,6d328245-c88b-4169-99ab-218d931046ed,False,0.01,2.0,19.590426499999012,56.774074038018384,"x0,x1,x2,x3",4,0.25,0.25,,,,,,,
5.429242350906553,-5.961920367987315,1.1917103463728207,-4.158000327306759,9.15042661577232,0.0,19.03686059162088,37.737213446397504,2537.4865151385043,50.74973030277008,37.82648091257486,2415.3974490472883,2428.318348652857,0.0,shekel,value,logei,exact,gaussian,1.0,0,50,8,4ab0ff16-5845-4903-9f87-e9aeeb68be9b,False,0.01,2.0,16.605939799992484,56.774074038018384,"x0,x1,x2,x3",4,1.0,1.0,,,,,,,
-0.02971731698821145,-0.47422171286337633,-0.8849970678160277,0.06534544919401952,1.0066077635570805,20.0,13.562048248003673,43.21202579001471,2543.587282685174,50.871745653703485,43.51666411293813,2327.5606274383013,2335.638124420587,0.0,shekel,value,logei,exact,gaussian,1.0,20,50,8,7feebfc8-506b-4296-8491-68fa9f63024b,False,0.01,2.0,18.646821100002853,56.774074038018384,"x0,x1,x2,x3",4,1.0,1.0,,,,,,,
5.429242350906553,-5.961920367987315,1.1917103463728207,-4.158000327306759,9.15042661577232,0.0,1.3055524148772575,55.46852162314113,2850.5862233302723,57.01172446660544,56.09419650115477,2737.985344271371,2799.3419828204924,0.0,shekel,value,logei,exact,gaussian,5.0,0,50,8,20cfaa5e-b8d9-434c-8e42-11d3b0ee387f,False,0.01,2.0,19.057004399990547,56.774074038018384,"x0,x1,x2,x3",4,5.0,5.0,,,,,,,
-0.11657555601809566,0.42320644146242703,0.7179950021204817,-0.0031481045791919016,0.8415582487199866,20.0,7.268294589633182,49.5057794483852,2717.366551072535,54.3473310214507,49.5057794483852,2500.8385415331654,2600.3182199719354,0.0,shekel,value,logei,exact,gaussian,5.0,20,50,8,35a46f97-81c7-41ab-9110-d65faf0dca3a,False,0.01,2.0,13.884973499996704,56.774074038018384,"x0,x1,x2,x3",4,5.0,5.0,,,,,,,
5.429242350906553,-5.961920367987315,1.1917103463728207,-4.158000327306759,9.15042661577232,0.0,13.91103180561469,42.86304223240369,2588.8467557993126,51.776935115986255,42.86304223240369,2316.665812456515,2316.665812456515,0.0,shekel,value,qnei,exact,none,0.0,0,50,8,cd8e1cf3-dbfb-4f73-9854-8b183ffc613e,True,0.01,2.0,20.09865670000727,56.774074038018384,"x0,x1,x2,x3",4,0.2,0.5,,,,,,,
-0.3139100916828559,0.09981395459184572,1.0583418272212155,-0.5046136138766002,1.2178771258822236,20.0,13.91103180561469,42.86304223240369,2588.8467557993126,51.776935115986255,42.86304223240369,2316.665812456515,2316.665812456515,0.0,shekel,value,qnei,exact,none,0.0,20,50,8,cd8e1cf3-dbfb-4f73-9854-8b183ffc613e,True,0.01,2.0,20.09865670000727,56.774074038018384,"x0,x1,x2,x3",4,0.2,0.5,,,,,,,
5.429242350906553,-5.961920367987315,1.1917103463728207,-4.158000327306759,9.15042661577232,0.0,19.664544303854722,37.10952973416366,2468.8256665661393,49.37651333132278,37.10952973416366,2292.8753758968815,2292.8753758968815,0.0,shekel,value,qnei,exact,gaussian,0.05,0,50,8,ef8ba992-4fde-44bb-9bff-ec79eb64fe7e,False,0.01,2.0,17.892679099997622,56.774074038018384,"x0,x1,x2,x3",4,0.05,0.05,,,,,,,
-0.2999852339594451,0.09574751262922021,1.0425714559867965,-0.5028126571956992,1.1995559744518027,20.0,14.015019391430343,42.75905464658804,2602.598683656564,52.05197367313128,42.75905464658804,2315.184059537561,2315.184059537561,0.0,shekel,value,qnei,exact,gaussian,0.05,20,50,8,4a1401dc-c56b-4077-b0e7-b0daec071063,False,0.01,2.0,19.014071099998546,56.774074038018384,"x0,x1,x2,x3",4,0.05,0.05,,,,,,,
5.429242350906553,-5.961920367987315,1.1917103463728207,-4.158000327306759,9.15042661577232,0.0,14.12923203035316,42.644842007665225,2546.222708627735,50.9244541725547,42.644842007665225,2268.6345029625027,2268.6994040508284,0.0,shekel,value,qnei,exact,gaussian,0.25,0,50,8,d9b18e83-a552-447a-8552-a6e9e8acccd8,False,0.01,2.0,22.497127199996612,56.774074038018384,"x0,x1,x2,x3",4,0.25,0.25,,,,,,,
-0.28237860486800326,0.08953773702550993,0.9788484166694049,-0.514911860084621,1.1450035499119007,20.0,13.826304215885205,42.94776982213318,2549.64766155747,50.99295323114941,42.94776982213318,2321.538632744119,2321.538632744119,0.0,shekel,value,qnei,exact,gaussian,0.25,20,50,8,a0f4c37a-e0f2-4227-befb-7ff815a0edaf,False,0.01,2.0,20.659807099989848,56.774074038018384,"x0,x1,x2,x3",4,0.25,0.25,,,,,,,
5.429242350906553,-5.961920367987315,1.1917103463728207,-4.158000327306759,9.15042661577232,0.0,13.207450623234523,43.56662341478386,2557.8388705578204,51.15677741115641,43.56662341478386,2346.62912873187,2373.683727773628,0.0,shekel,value,qnei,exact,gaussian,1.0,0,50,8,f57ae0b9-8797-4c6d-b93f-7e4634af3408,False,0.01,2.0,19.26462129999709,56.774074038018384,"x0,x1,x2,x3",4,1.0,1.0,,,,,,,
-0.12452472491888589,-0.007262963232300024,0.35865013352292685,-0.6400675042186172,0.7442281142121016,20.0,14.084830443430365,42.68924359458802,2545.8873391100483,50.917746782200965,42.68924359458802,2312.2339471922155,2316.9621587188835,0.0,shekel,value,qnei,exact,gaussian,1.0,20,50,8,d7964964-4595-4e1d-818c-eac70b87fdf8,False,0.01,2.0,21.38844219999737,56.774074038018384,"x0,x1,x2,x3",4,1.0,1.0,,,,,,,
5.429242350906553,-5.961920367987315,1.1917103463728207,-4.158000327306759,9.15042661577232,0.0,1.3742645203886532,55.399809517629734,2851.2744129614034,57.02548825922807,55.399809517629734,2737.982280744997,2786.69055844301,0.0,shekel,value,qnei,exact,gaussian,5.0,0,50,8,1f004eed-3d30-455b-8e2c-ec686bc85ac5,False,0.01,2.0,16.449628300004406,56.774074038018384,"x0,x1,x2,x3",4,5.0,5.0,,,,,,,
-0.4886770037213175,0.1610836997492875,1.2392994740982983,-0.47826406819167744,1.4245535713740411,20.0,11.654455511944992,45.119618526073396,2695.299094553483,53.90598189106966,45.875949112053796,2374.2085079450926,2590.6428009587703,0.0,shekel,value,qnei,exact,gaussian,5.0,20,50,8,fc5b9d28-a3e5-4a50-b703-3d48aed45ba4,False,0.01,2.0,18.75503359999857,56.774074038018384,"x0,x1,x2,x3",4,5.0,5.0,,,,,,,
0.20141545304255803,-1.7259752023470254,0.16976558677362275,-2.141294910814377,3.023551846861266,0.0,3.429001937663989,4.61871922902499,331.2209352370361,6.624418704740722,4.61871922902499,290.4166794436349,290.4166794436349,0.0,michalewicz,value,logei,exact,none,0.0,0,50,8,c96920d3-61c4-4fe6-aea2-63d74f9ce262,True,0.01,2.0,26.349296400003368,8.047721166688978,"x0,x1,x2,x3,x4",5,0.2,0.5,-1.2281461384073296,,,,,,
-0.38788444616966045,0.09963217841362355,0.3734363312970026,-0.004872867498667555,0.5475941967640987,20.0,3.429001937663989,4.61871922902499,331.2209352370361,6.624418704740722,4.61871922902499,290.4166794436349,290.4166794436349,0.0,michalewicz,value,logei,exact,none,0.0,20,50,8,c96920d3-61c4-4fe6-aea2-63d74f9ce262,True,0.01,2.0,26.349296400003368,8.047721166688978,"x0,x1,x2,x3,x4",5,0.2,0.5,-0.00022672385391953043,,,,,,
0.20141545304255803,-1.7259752023470254,0.16976558677362275,-2.141294910814377,3.023551846861266,0.0,3.6775149369952937,4.370206229693684,332.0722942609929,6.641445885219858,4.370206229693684,250.8683002777916,250.90039030391705,0.0,michalewicz,value,logei,exact,gaussian,0.05,0,50,8,bed33d64-3939-4c09-a803-c243a2f5bd1d,False,0.01,2.0,23.089853000012226,8.047721166688978,"x0,x1,x2,x3,x4",5,0.05,0.05,-1.2281461384073296,,,,,,
-0.3879847197257753,0.09343371465507523,0.37153616032629877,-0.004078241177599695,0.5452687605992711,20.0,4.892558601189871,3.155162565499107,319.38139384715373,6.387627876943075,3.155162565499107,264.3937527424045,264.3937527424045,0.0,michalewicz,value,logei,exact,gaussian,0.05,20,50,8,d10ff0b5-57e9-4aa2-9122-0536402cee2f,False,0.01,2.0,24.9522227000125,8.047721166688978,"x0,x1,x2,x3,x4",5,0.05,0.05,-0.0005186804593639849,,,,,,
0.20141545304255803,-1.7259752023470254,0.16976558677362275,-2.141294910814377,3.023551846861266,0.0,3.7408437062963347,4.306877460392643,346.1586643724881,6.923173287449762,4.306877460392643,302.335648165378,303.1951762712782,0.0,michalewicz,value,logei,exact,gaussian,0.25,0,50,8,6c51107a-b027-4247-9e66-abaaaa0a1f15,False,0.01,2.0,18.388144700002158,8.047721166688978,"x0,x1,x2,x3,x4",5,0.25,0.25,-1.2281461384073296,,,,,,
-0.38625737096345025,0.12799938123103807,0.38057737813571935,-0.008545482269771032,0.5572182003105827,20.0,2.5095081740072933,5.538212992681685,354.4541146008706,7.0890822920174115,5.676102382551601,303.91307331036916,307.42925275205204,0.0,michalewicz,value,logei,exact,gaussian,0.25,20,50,8,02ea9acc-7f5d-4b10-ae74-01a3083e8e7e,False,0.01,2.0,29.890240199994878,8.047721166688978,"x0,x1,x2,x3,x4",5,0.25,0.25,0.0011655566731181288,,,,,,
0.20141545304255803,-1.7259752023470254,0.16976558677362275,-2.141294910814377,3.023551846861266,0.0,2.707758152683244,5.339963014005734,385.59969431331575,7.711993886266315,5.370737729893184,326.2858225225765,342.094684082803,0.0,michalewicz,value,logei,exact,gaussian,1.0,0,50,8,dd1662a9-5ac7-40d1-a858-fffa1abeb4d3,False,0.01,2.0,20.228602100003627,8.047721166688978,"x0,x1,x2,x3,x4",5,1.0,1.0,-1.2281461384073296,,,,,,
0.1527673726619474,0.4967457177046956,0.9084969095242608,-0.7844603876829743,1.5310871305436458,20.0,5.067661663624513,2.9800595030644654,332.32433233361,6.646486646672201,4.274331672251144,265.2105939555463,284.8439197412458,0.0,michalewicz,value,logei,exact,gaussian,1.0,20,50,8,362b719c-237b-4419-8725-43fdef49538d,False,0.01,2.0,25.64462469999853,8.047721166688978,"x0,x1,x2,x3,x4",5,1.0,1.0,0.7958573293307865,,,,,,
0.20141545304255803,-1.7259752023470254,0.16976558677362275,-2.141294910814377,3.023551846861266,0.0,1.415373748497842,6.632347418191136,420.59866115280687,8.411973223056137,9.075941463142243,347.4394870063862,379.1616329943656,0.0,michalewicz,value,logei,exact,gaussian,5.0,0,50,8,8cb220a2-90ab-48fe-ad94-65197d70a906,False,0.01,2.0,23.330708399997093,8.047721166688978,"x0,x1,x2,x3,x4",5,5.0,5.0,-1.2281461384073296,,,,,,
0.0551040432661738,-0.0028041781414336387,-0.003848849602849924,0.07729110121508476,0.18959694990713702,20.0,2.371618784137377,5.676102382551601,407.34301099909726,8.146860219981946,7.420205493607841,307.42925275205204,358.31216421280226,0.0,michalewicz,value,logei,exact,gaussian,5.0,20,50,8,e285c034-dc7d-487d-8b7f-7094c7b2aaa5,False,0.01,2.0,21.77309800000512,8.047721166688978,"x0,x1,x2,x3,x4",5,5.0,5.0,0.16405473612320476,,,,,,
0.20141545304255803,-1.7259752023470254,0.16976558677362275,-2.141294910814377,3.023551846861266,0.0,5.626043707564808,2.4216774591241705,318.95078028111,6.379015605622199,2.4216774591241705,252.92405682224117,252.92405682224117,0.0,michalewicz,value,qnei,exact,none,0.0,0,50,8,fe98788f-07d3-4b58-9ecb-55763caacb3b,True,0.01,2.0,27.042484400008107,8.047721166688978,"x0,x1,x2,x3,x4",5,0.2,0.5,-1.2281461384073296,,,,,,
1.6139319712929137,0.0,0.14469923686355846,-0.005279085352338786,1.6204185193934968,20.0,5.626043707564808,2.4216774591241705,318.95078028111,6.379015605622199,2.4216774591241705,252.92405682224117,252.92405682224117,0.0,michalewicz,value,qnei,exact,none,0.0,20,50,8,fe98788f-07d3-4b58-9ecb-55763caacb3b,True,0.01,2.0,27.042484400008107,8.047721166688978,"x0,x1,x2,x3,x4",5,0.2,0.5,0.003745949936749149,,,,,,
0.20141545304255803,-1.7259752023470254,0.16976558677362275,-2.141294910814377,3.023551846861266,0.0,4.987850420492503,3.0598707461964754,279.60607196505026,5.592121439301005,3.0598707461964754,208.6415884966257,208.6415884966257,0.0,michalewicz,value,qnei,exact,gaussian,0.05,0,50,8,c37dbef4-c730-4b99-ab53-3daf075d93b0,False,0.01,2.0,23.702553299997817,8.047721166688978,"x0,x1,x2,x3,x4",5,0.05,0.05,-1.2281461384073296,,,,,,
0.2659851024669183,0.0,0.9547072842501585,-0.0016266322314906212,0.9910777304578534,20.0,4.189870642045799,3.8578505246431796,325.69243475857934,6.513848695171586,3.8578505246431796,268.86539558363864,268.86539558363864,0.0,michalewicz,value,qnei,exact,gaussian,0.05,20,50,8,638bbeb8-316f-47d7-a767-8be48637c480,False,0.01,2.0,26.796161300007952,8.047721166688978,"x0,x1,x2,x3,x4",5,0.05,0.05,0.004283519863735652,,,,,,
0.20141545304255803,-1.7259752023470254,0.16976558677362275,-2.141294910814377,3.023551846861266,0.0,6.036135411692763,2.011585754996215,304.6912951283854,6.0938259025677075,2.011585754996215,217.21992806623004,217.982685948487,0.0,michalewicz,value,qnei,exact,gaussian,0.25,0,50,8,85edd008-e76d-4739-820e-76d8870cf1db,False,0.01,2.0,26.661029500013683,8.047721166688978,"x0,x1,x2,x3,x4",5,0.25,0.25,-1.2281461384073296,,,,,,
1.1281711742164071,0.0,0.44912922758536666,-0.001738041407396862,1.2144208366162013,20.0,4.086319061299163,3.9614021053898156,335.438767388219,6.70877534776438,3.9614021053898156,257.5718043221727,261.86589679716684,0.0,michalewicz,value,qnei,exact,gaussian,0.25,20,50,8,2bf81736-4ca6-43f6-97e6-0ec11079c1c1,False,0.01,2.0,25.453982799997902,8.047721166688978,"x0,x1,x2,x3,x4",5,0.25,0.25,-0.018102105275502378,,,,,,
0.20141545304255803,-1.7259752023470254,0.16976558677362275,-2.141294910814377,3.023551846861266,0.0,3.202755076643258,4.84496609004572,356.8927921464843,7.137855842929685,5.916839072885714,257.47846988457843,292.7055012140333,0.0,michalewicz,value,qnei,exact,gaussian,1.0,0,50,8,827a807e-62fd-465d-aa9a-89765371bef3,False,0.01,2.0,23.798882499992033,8.047721166688978,"x0,x1,x2,x3,x4",5,1.0,1.0,-1.2281461384073296,,,,,,
-0.1336220155198924,0.0,0.34604193333341104,-0.003252646487781341,0.3713593509152354,20.0,3.2773585446077647,4.770362622081214,360.041059127666,7.20082118255332,5.782202847248117,287.1492170398413,318.68267141275993,0.0,michalewicz,value,qnei,exact,gaussian,1.0,20,50,8,1fc6583c-f2a5-4f4e-ac60-5d646367fce8,False,0.01,2.0,25.272674599997117,8.047721166688978,"x0,x1,x2,x3,x4",5,1.0,1.0,-0.017243118809752378,,,,,,
0.20141545304255803,-1.7259752023470254,0.16976558677362275,-2.141294910814377,3.023551846861266,0.0,1.5521330727559601,6.495588093933018,401.1003434625108,8.022006869250216,6.973508499334702,328.8609671050547,370.23974278123745,0.0,michalewicz,value,qnei,exact,gaussian,5.0,0,50,8,0e0092c7-8bcc-4388-9751-88079f3599f9,False,0.01,2.0,24.361410199999227,8.047721166688978,"x0,x1,x2,x3,x4",5,5.0,5.0,-1.2281461384073296,,,,,,
0.6953276309909574,0.0,0.44122792145569134,0.0034993481058607223,0.8235536976670527,20.0,3.50606959131528,4.541651575373699,380.44215312859416,7.608843062571883,4.541651575373699,271.953707316574,271.953707316574,0.0,michalewicz,value,qnei,exact,gaussian,5.0,20,50,8,6d673683-347e-467f-b304-ff4a414cfe37,False,0.01,2.0,20.99073109999881,8.047721166688978,"x0,x1,x2,x3,x4",5,5.0,5.0,-0.008115073154472796,,,,,,
8.14386352635983,-8.942880551980974,1.787565519559231,-6.237000490960139,13.72563992365848,0.0,1.0162777567430148,0.00934549382840899,16.101906713782682,0.32203813427565364,0.00934549382840899,3.1829709747812718,3.1829709747812718,0.0,rosenbrock,value,logei,exact,none,0.0,0,50,8,afc86a10-c7a4-4380-a03d-3905a1afdc5f,True,0.01,2.0,16.47206030000234,1.0256232505714238,"x0,x1,x2,x3",4,0.2,0.5,,,,,,,
-1.2302518558179656,0.8889246437115945,-3.0045307314154703,-15.0,15.373057977089701,20.0,1.0162777567430148,0.00934549382840899,16.101906713782682,0.32203813427565364,0.00934549382840899,3.1829709747812718,3.1829709747812718,0.0,rosenbrock,value,logei,exact,none,0.0,20,50,8,afc86a10-c7a4-4380-a03d-3905a1afdc5f,True,0.01,2.0,16.47206030000234,1.0256232505714238,"x0,x1,x2,x3",4,0.2,0.5,,,,,,,
8.14386352635983,-8.942880551980974,1.787565519559231,-6.237000490960139,13.72563992365848,0.0,1.0226676507083015,0.002955599863122327,16.01706735836519,0.3203413471673038,0.012417875322170202,3.2018095546577396,3.827367688629966,0.0,rosenbrock,value,logei,exact,gaussian,0.05,0,50,8,5a09be63-2a88-4273-bd5a-224fe834e6fe,False,0.01,2.0,16.319283999997424,1.0256232505714238,"x0,x1,x2,x3",4,0.05,0.05,,,,,,,
-1.321511967688271,1.005573723998232,-3.295093664022216,-15.0,15.447174973108137,20.0,1.0247717985186695,0.0008514520527542757,15.77909257191084,0.3155818514382168,0.008843952599653315,3.0533245097437742,3.1514425266995927,0.0,rosenbrock,value,logei,exact,gaussian,0.05,20,50,8,432d0f73-4412-470c-92ff-4db189df6457,False,0.01,2.0,16.046308999997564,1.0256232505714238,"x0,x1,x2,x3",4,0.05,0.05,,,,,,,
8.14386352635983,-8.942880551980974,1.787565519559231,-6.237000490960139,13.72563992365848,0.0,1.0252166364097097,0.0004066141617140584,9.650826577781181,0.19301653155562362,0.04796306481830226,2.6714099864092162,2.924931929676065,0.0,rosenbrock,value,logei,exact,gaussian,0.25,0,50,8,ce8ae312-49f3-4f28-ab30-ea5d107cc8e3,False,0.01,2.0,13.77038800000446,1.0256232505714238,"x0,x1,x2,x3",4,0.25,0.25,,,,,,,
-1.334315434360012,1.2523849836278576,-1.6885677454493093,0.0,2.490005392877626,20.0,1.0150865394876651,0.010536711083758643,8.993267073264175,0.1798653414652835,0.02678184069985534,3.2659084485914285,4.130146955436569,0.0,rosenbrock,value,logei,exact,gaussian,0.25,20,50,8,1f27819b-d60c-4c4e-8937-c15d58456c80,False,0.01,2.0,14.763294499993208,1.0256232505714238,"x0,x1,x2,x3",4,0.25,0.25,,,,,,,
8.14386352635983,-8.942880551980974,1.787565519559231,-6.237000490960139,13.72563992365848,0.0,0.9895002859319941,0.036122964639429656,32.592596776522534,0.6518519355304506,0.32303415415468006,4.077987519754323,29.547063251516104,0.0,rosenbrock,value,logei,exact,gaussian,1.0,0,50,8,59a67943-a374-4947-a922-4af4b222014a,False,0.01,2.0,17.06528470000194,1.0256232505714238,"x0,x1,x2,x3",4,1.0,1.0,,,,,,,
-1.9005552279520925,2.422239009493872,-6.81721409428686,0.0,7.4802245956223326,20.0,1.0048813833737715,0.020741867197652253,14.599353647918955,0.2919870729583791,0.22678066527179963,3.45746645893466,8.431143248464888,0.0,rosenbrock,value,logei,exact,gaussian,1.0,20,50,8,b8e4015e-cd9b-4d7c-9d63-d3eb0572e941,False,0.01,2.0,13.454416799999308,1.0256232505714238,"x0,x1,x2,x3",4,1.0,1.0,,,,,,,
8.14386352635983,-8.942880551980974,1.787565519559231,-6.237000490960139,13.72563992365848,0.0,1.019363075924263,0.006260174647160888,26.118187002812068,0.5223637400562413,0.07988096614615758,2.868544525067439,4.259615947922886,0.0,rosenbrock,value,logei,exact,gaussian,5.0,0,50,8,2bd0fe61-24cc-405d-b4e9-a2acdbdd1350,False,0.01,2.0,17.178108200008865,1.0256232505714238,"x0,x1,x2,x3",4,5.0,5.0,,,,,,,
4.838874675998987,0.0,0.6585551165400878,0.0,4.883482668295796,20.0,1.0048813833737715,0.020741867197652253,44.16592541721099,0.8833185083442199,0.4072450483130384,3.45746645893466,10.615054337022489,0.0,rosenbrock,value,logei,exact,gaussian,5.0,20,50,8,04786db6-d43f-48f1-823a-f1bf65d39bb6,False,0.01,2.0,12.8517514999985,1.0256232505714238,"x0,x1,x2,x3",4,5.0,5.0,,,,,,,
8.14386352635983,-8.942880551980974,1.787565519559231,-6.237000490960139,13.72563992365848,0.0,1.0198600064305863,0.005763244140837509,21.002963866833078,0.42005927733666154,0.005763244140837509,2.8598413206981013,2.8598413206981013,0.0,rosenbrock,value,qnei,exact,none,0.0,0,50,8,0afc05d1-a530-4e21-b967-5686329a099d,True,0.01,2.0,17.81869730001199,1.0256232505714238,"x0,x1,x2,x3",4,0.2,0.5,,,,,,,
0.030226647781175897,0.0,4.333940488747219,-15.0,15.61358235032046,20.0,1.0198600064305863,0.005763244140837509,21.002963866833078,0.42005927733666154,0.005763244140837509,2.8598413206981013,2.8598413206981013,0.0,rosenbrock,value,qnei,exact,none,0.0,20,50,8,0afc05d1-a530-4e21-b967-5686329a099d,True,0.01,2.0,17.81869730001199,1.0256232505714238,"x0,x1,x2,x3",4,0.2,0.5,,,,,,,
8.14386352635983,-8.942880551980974,1.787565519559231,-6.237000490960139,13.72563992365848,0.0,1.0236167235457696,0.002006527025654181,20.544803188904716,0.4108960637780943,0.008858161026985556,2.9320266935014905,3.5354459019362805,0.0,rosenbrock,value,qnei,exact,gaussian,0.05,0,50,8,b1979d38-4ce2-41c8-a9bc-75a26243e0ef,False,0.01,2.0,17.23617760000343,1.0256232505714238,"x0,x1,x2,x3",4,0.05,0.05,,,,,,,
-0.15159167178374244,0.0,3.9052292502976913,-15.0,15.500767578811535,20.0,1.0198600064305863,0.005763244140837509,18.075014875246428,0.36150029750492857,0.015062216183789223,2.8598413206981013,3.326523813873873,0.0,rosenbrock,value,qnei,exact,gaussian,0.05,20,50,8,9edd199b-3eaf-422e-b886-ecc71b24b264,False,0.01,2.0,16.753258700002334,1.0256232505714238,"x0,x1,x2,x3",4,0.05,0.05,,,,,,,
8.14386352635983,-8.942880551980974,1.787565519559231,-6.237000490960139,13.72563992365848,0.0,1.0177249664939034,0.007898284077520357,15.345505934001114,0.30691011868002227,0.0712808838788066,3.2336861918270143,5.783360510157728,0.0,rosenbrock,value,qnei,exact,gaussian,0.25,0,50,8,9b83453a-e76e-4e76-aab3-ff484736d8cf,False,0.01,2.0,17.033564499986824,1.0256232505714238,"x0,x1,x2,x3",4,0.25,0.25,,,,,,,
0.03565197297270872,0.0,3.6026216241971767,-15.0,15.42660538259503,20.0,1.0198600064305863,0.005763244140837509,15.448319010425035,0.3089663802085007,0.035077296041408856,2.8598413206981013,4.81159643386419,0.0,rosenbrock,value,qnei,exact,gaussian,0.25,20,50,8,f519dd82-1ce5-4891-ab79-a121d6d0d4fd,False,0.01,2.0,17.348174999991897,1.0256232505714238,"x0,x1,x2,x3",4,0.25,0.25,,,,,,,
8.14386352635983,-8.942880551980974,1.787565519559231,-6.237000490960139,13.72563992365848,0.0,0.9993986882621076,0.026224562309316135,29.15398297683728,0.5830796595367456,0.8370073861515319,4.013647904608586,16.965457967607122,0.0,rosenbrock,value,qnei,exact,gaussian,1.0,0,50,8,e645d46f-bb74-4745-830d-2e858704ed7a,False,0.01,2.0,19.551566699999967,1.0256232505714238,"x0,x1,x2,x3",4,1.0,1.0,,,,,,,
2.788846666818916,0.0,-0.4570324994749193,0.0,2.826047493692077,20.0,1.0198600064305863,0.005763244140837509,32.03763148204241,0.6407526296408481,0.21842630120274242,2.8598413206981013,9.117498985668968,0.0,rosenbrock,value,qnei,exact,gaussian,1.0,20,50,8,b312f256-be7b-459e-ac05-66621305eaae,False,0.01,2.0,16.375474899992696,1.0256232505714238,"x0,x1,x2,x3",4,1.0,1.0,,,,,,,
8.14386352635983,-8.942880551980974,1.787565519559231,-6.237000490960139,13.72563992365848,0.0,0.9895002859319941,0.036122964639429656,91.9651459272513,1.839302918545026,0.6113283786637197,4.077987519754323,79.02103511281783,0.0,rosenbrock,value,qnei,exact,gaussian,5.0,0,50,8,de645a8b-91ae-4bd8-bd6e-232d8f1476cb,False,0.01,2.0,14.85094730000128,1.0256232505714238,"x0,x1,x2,x3",4,5.0,5.0,,,,,,,
-6.680722186273657,0.0,6.330410914488697,-15.0,17.598470140226585,20.0,1.0198600064305863,0.005763244140837509,49.34026919526063,0.9868053839052127,0.5642305159039502,2.8598413206981013,18.06088227162842,0.0,rosenbrock,value,qnei,exact,gaussian,5.0,20,50,8,0b9c8fe1-2e81-4fcf-ada0-d25fdd012deb,False,0.01,2.0,14.876316599998972,1.0256232505714238,"x0,x1,x2,x3",4,5.0,5.0,,,,,,,
0.5429242350906553,-0.5961920367987316,0.11917103463728207,-0.4158000327306759,0.915042661577232,0.0,3.0593887562558817,0.0,42.34893429563199,0.8469786859126398,0.0,15.778782803909712,15.778782803909712,0.0,stevens,value,logei,exact,none,0.0,0,50,8,8ecf0b75-a89b-40f9-baaa-d50fd085de95,True,0.01,2.0,12.547911899993778,3.0593887562558817,"x0,x1,x2,x3",4,0.2,0.5,,,,,,,
0.0,-1.0,-1.0,1.0,1.7320508075688772,20.0,3.0593887562558817,0.0,42.34893429563199,0.8469786859126398,0.0,15.778782803909712,15.778782803909712,0.0,stevens,value,logei,exact,none,0.0,20,50,8,8ecf0b75-a89b-40f9-baaa-d50fd085de95,True,0.01,2.0,12.547911899993778,3.0593887562558817,"x0,x1,x2,x3",4,0.2,0.5,,,,,,,
0.5429242350906553,-0.5961920367987316,0.11917103463728207,-0.4158000327306759,0.915042661577232,0.0,3.0593887562558817,0.0,31.76100437178304,0.6352200874356608,0.0,16.38809822997115,16.38809822997115,0.0,stevens,value,logei,exact,gaussian,0.05,0,50,8,dffa9f3e-770e-4c71-91f6-5076929fcccf,False,0.01,2.0,13.03463819999888,3.0593887562558817,"x0,x1,x2,x3",4,0.05,0.05,,,,,,,
0.0,-1.0,-1.0,1.0,1.7320508075688772,20.0,3.0593887562558817,0.0,38.536113976937486,0.7707222795387497,0.0,15.778782803909712,15.778782803909712,0.0,stevens,value,logei,exact,gaussian,0.05,20,50,8,19af2ecb-48b2-4068-9a96-dde28fd98ab5,False,0.01,2.0,13.424202599999262,3.0593887562558817,"x0,x1,x2,x3",4,0.05,0.05,,,,,,,
0.5429242350906553,-0.5961920367987316,0.11917103463728207,-0.4158000327306759,0.915042661577232,0.0,3.0593887562558817,0.0,25.279436503815063,0.5055887300763012,0.16212064365618417,15.60378092724385,21.196943133382206,0.0,stevens,value,logei,exact,gaussian,0.25,0,50,8,656c0752-6797-496e-b403-3ae752d0cbad,False,0.01,2.0,11.210739399990416,3.0593887562558817,"x0,x1,x2,x3",4,0.25,0.25,,,,,,,
0.0,-1.0,-1.0,1.0,1.7320508075688772,20.0,3.0593887562558817,0.0,42.348934295631985,0.8469786859126397,0.0,15.778782803909712,15.778782803909712,0.0,stevens,value,logei,exact,gaussian,0.25,20,50,8,ef32ffca-8b21-4b5c-82d2-24e1b6e91e22,False,0.01,2.0,12.617856299999403,3.0593887562558817,"x0,x1,x2,x3",4,0.25,0.25,,,,,,,
0.5429242350906553,-0.5961920367987316,0.11917103463728207,-0.4158000327306759,0.915042661577232,0.0,2.383111761725327,0.6762769945305549,75.98417913616854,1.5196835827233708,1.2897895658529044,49.08932250927553,65.05222388844858,0.0,stevens,value,logei,exact,gaussian,1.0,0,50,8,49f5aa4f-518a-49b4-8d92-012553eccd4f,False,0.01,2.0,12.810478500003228,3.0593887562558817,"x0,x1,x2,x3",4,1.0,1.0,,,,,,,
0.0,-1.0,-1.0,1.0,1.7320508075688772,20.0,3.0593887562558817,0.0,29.00406318020124,0.5800812636040248,0.16955245602302949,15.778782803909712,16.177063671302157,0.0,stevens,value,logei,exact,gaussian,1.0,20,50,8,5bc1728a-c54c-481f-8ffe-a87fc1476433,False,0.01,2.0,11.536596300007659,3.0593887562558817,"x0,x1,x2,x3",4,1.0,1.0,,,,,,,
0.5429242350906553,-0.5961920367987316,0.11917103463728207,-0.4158000327306759,0.915042661577232,0.0,0.7373273427388877,2.322061413516994,211.68996448668665,4.233799289733733,4.382512016206126,113.78100926233272,213.76085292229283,0.0,stevens,value,logei,exact,gaussian,5.0,0,50,8,ebf9942f-70b2-4c61-83cf-e8a99d81e3c8,False,0.01,2.0,17.249129399991944,3.0593887562558817,"x0,x1,x2,x3",4,5.0,5.0,,,,,,,
-0.32932484630020453,0.0,0.0,0.0,0.32932484630020453,20.0,3.0593887562558817,0.0,58.61022488699635,1.172204497739927,0.13924503619679118,15.778782803909712,31.45537149237964,0.0,stevens,value,logei,exact,gaussian,5.0,20,50,8,0739ce86-f596-4b5f-bc62-9f6b5f610e5f,False,0.01,2.0,14.66287439998996,3.0593887562558817,"x0,x1,x2,x3",4,5.0,5.0,,,,,,,
0.5429242350906553,-0.5961920367987316,0.11917103463728207,-0.4158000327306759,0.915042661577232,0.0,3.0593887562558817,0.0,122.42037464865524,2.448407492973105,0.0,16.00266506531218,16.00266506531218,0.0,stevens,value,qnei,exact,none,0.0,0,50,8,cf41ab05-48d4-42a8-b938-23a2c2c48a55,True,0.01,2.0,12.60825130000012,3.0593887562558817,"x0,x1,x2,x3",4,0.2,0.5,,,,,,,
0.5712153172289521,0.09558037970979216,-0.06546453205360947,0.6801346480847003,0.8957071463959286,20.0,3.0593887562558817,0.0,122.42037464865524,2.448407492973105,0.0,16.00266506531218,16.00266506531218,0.0,stevens,value,qnei,exact,none,0.0,20,50,8,cf41ab05-48d4-42a8-b938-23a2c2c48a55,True,0.01,2.0,12.60825130000012,3.0593887562558817,"x0,x1,x2,x3",4,0.2,0.5,,,,,,,
0.5429242350906553,-0.5961920367987316,0.11917103463728207,-0.4158000327306759,0.915042661577232,0.0,3.0593887562558817,0.0,119.99040673113404,2.3998081346226807,0.0,16.974842918267345,16.974842918267345,0.0,stevens,value,qnei,exact,gaussian,0.05,0,50,8,6063022d-017d-468e-9bec-f046a5f85755,False,0.01,2.0,11.87845180000295,3.0593887562558817,"x0,x1,x2,x3",4,0.05,0.05,,,,,,,
0.5712153172289521,0.09558037970979216,-0.06546453205360947,0.6801346480847003,0.8957071463959286,20.0,3.0593887562558817,0.0,122.42037464865524,2.448407492973105,0.0,16.00266506531218,16.00266506531218,0.0,stevens,value,qnei,exact,gaussian,0.05,20,50,8,0abf603d-be4e-4788-b252-5b1a40637b11,False,0.01,2.0,12.67021769999701,3.0593887562558817,"x0,x1,x2,x3",4,0.05,0.05,,,,,,,
0.5429242350906553,-0.5961920367987316,0.11917103463728207,-0.4158000327306759,0.915042661577232,0.0,3.0593887562558817,0.0,105.29799499631142,2.105959899926228,0.0,16.772214286215046,21.580635048709034,0.0,stevens,value,qnei,exact,gaussian,0.25,0,50,8,0bfb7f18-d647-48d0-bae2-55c09b6f5d5b,False,0.01,2.0,11.96782489999896,3.0593887562558817,"x0,x1,x2,x3",4,0.25,0.25,,,,,,,
0.5712153172289521,0.09558037970979216,-0.06546453205360947,0.6801346480847003,0.8957071463959286,20.0,3.0593887562558817,0.0,116.69653124026502,2.3339306248053004,0.0,16.00266506531218,18.239555721578416,0.0,stevens,value,qnei,exact,gaussian,0.25,20,50,8,66ebb29b-4085-45d3-a946-15f310f1e7a6,False,0.01,2.0,11.131161600002088,3.0593887562558817,"x0,x1,x2,x3",4,0.25,0.25,,,,,,,
0.5429242350906553,-0.5961920367987316,0.11917103463728207,-0.4158000327306759,0.915042661577232,0.0,3.0593887562558817,0.0,88.26934886107405,1.765386977221481,0.0,34.918165416184145,51.78536626476924,0.0,stevens,value,qnei,exact,gaussian,1.0,0,50,8,f578b13c-dcbe-4844-870f-7c590870328d,False,0.01,2.0,14.146266299998388,3.0593887562558817,"x0,x1,x2,x3",4,1.0,1.0,,,,,,,
0.5712153172289521,0.09558037970979216,-0.06546453205360947,0.6801346480847003,0.8957071463959286,20.0,3.0593887562558817,0.0,93.22484090844361,1.8644968181688721,0.4836204488907887,16.00266506531218,21.00841569219661,0.0,stevens,value,qnei,exact,gaussian,1.0,20,50,8,93ef37f2-4057-415f-ab43-22eeead9e4da,False,0.01,2.0,11.433319899995695,3.0593887562558817,"x0,x1,x2,x3",4,1.0,1.0,,,,,,,
0.5429242350906553,-0.5961920367987316,0.11917103463728207,-0.4158000327306759,0.915042661577232,0.0,2.4846917356996183,0.5746970205562634,147.17454413291122,2.9434908826582245,1.4269110078158704,47.508301394247574,141.04495439176267,0.0,stevens,value,qnei,exact,gaussian,5.0,0,50,8,29101ed6-60cf-4df1-badf-43749149b657,False,0.01,2.0,15.646200100003625,3.0593887562558817,"x0,x1,x2,x3",4,5.0,5.0,,,,,,,
0.5712153172289521,0.09558037970979216,-0.06546453205360947,0.6801346480847003,0.8957071463959286,20.0,3.0593887562558817,0.0,119.3930240396311,2.387860480792622,1.744110354973615,16.00266506531218,74.92924549642699,0.0,stevens,value,qnei,exact,gaussian,5.0,20,50,8,a257d7ee-3cd8-48ce-9cf1-31c95c8d77f6,False,0.01,2.0,12.30757300001278,3.0593887562558817,"x0,x1,x2,x3",4,5.0,5.0,,,,,,,
5.429242350906553,-5.961920367987315,1.1917103463728207,-4.158000327306759,9.15042661577232,0.0,5.402837764670362,0.0,125.98818789558186,2.519763757911637,0.0,27.862280030224476,27.862280030224476,0.0,hicks_law,value,logei,exact,none,0.0,0,50,8,58368373-5e0a-4ae7-a44b-d2b4efcfc8a7,True,0.01,2.0,14.141691000011633,5.402837764670362,"x0,x1,x2,x3",4,0.2,0.5,,,,,,,
10.0,5.732252307212951,0.0,-10.0,15.259708926239327,20.0,5.402837764670362,0.0,125.98818789558186,2.519763757911637,0.0,27.862280030224476,27.862280030224476,0.0,hicks_law,value,logei,exact,none,0.0,20,50,8,58368373-5e0a-4ae7-a44b-d2b4efcfc8a7,True,0.01,2.0,14.141691000011633,5.402837764670362,"x0,x1,x2,x3",4,0.2,0.5,,,,,,,
5.429242350906553,-5.961920367987315,1.1917103463728207,-4.158000327306759,9.15042661577232,0.0,5.402837764670362,0.0,112.97646893464179,2.259529378692836,0.0,25.94285185280809,25.94285185280809,0.0,hicks_law,value,logei,exact,gaussian,0.05,0,50,8,6f825092-3ce1-41ac-b170-c7f02bbbed40,False,0.01,2.0,14.76640980000957,5.402837764670362,"x0,x1,x2,x3",4,0.05,0.05,,,,,,,
10.0,5.732252307212951,0.0,-10.0,15.259708926239327,20.0,5.402837764670362,0.0,125.39879970995986,2.5079759941991973,0.0,27.862280030224476,27.862280030224476,0.0,hicks_law,value,logei,exact,gaussian,0.05,20,50,8,e16d2961-9bc6-45dd-8539-0d725cf4bba8,False,0.01,2.0,14.577393700004905,5.402837764670362,"x0,x1,x2,x3",4,0.05,0.05,,,,,,,
5.429242350906553,-5.961920367987315,1.1917103463728207,-4.158000327306759,9.15042661577232,0.0,5.402837764670362,0.0,62.84352900493424,1.2568705800986848,0.0,24.756894755079855,25.049614145574925,0.0,hicks_law,value,logei,exact,gaussian,0.25,0,50,8,cf1f1376-aded-4c0c-9c65-e4709b6c0724,False,0.01,2.0,12.447639499994693,5.402837764670362,"x0,x1,x2,x3",4,0.25,0.25,,,,,,,
10.0,5.732252307212951,0.0,-10.0,15.259708926239327,20.0,5.402837764670362,0.0,86.0079480632314,1.720158961264628,0.0,27.862280030224476,27.862280030224476,0.0,hicks_law,value,logei,exact,gaussian,0.25,20,50,8,5aa757eb-4b2c-4d63-8c2f-74633abd7898,False,0.01,2.0,12.649026099999901,5.402837764670362,"x0,x1,x2,x3",4,0.25,0.25,,,,,,,
5.429242350906553,-5.961920367987315,1.1917103463728207,-4.158000327306759,9.15042661577232,0.0,5.402837764670362,0.0,104.71434088700609,2.0942868177401217,0.010492404850324988,80.10812048786865,95.61847722069112,0.0,hicks_law,value,logei,exact,gaussian,1.0,0,50,8,ad69a191-9251-4bb4-a87f-57a755be2994,False,0.01,2.0,12.57050519999757,5.402837764670362,"x0,x1,x2,x3",4,1.0,1.0,,,,,,,
10.0,5.732252307212951,0.0,-10.0,15.259708926239327,20.0,5.402837764670362,0.0,93.53282812443217,1.8706565624886435,0.0,27.862280030224476,27.862280030224476,0.0,hicks_law,value,logei,exact,gaussian,1.0,20,50,8,0398d0ef-f03d-44c2-918d-47fea4e8d08a,False,0.01,2.0,11.86130520000006,5.402837764670362,"x0,x1,x2,x3",4,1.0,1.0,,,,,,,
5.429242350906553,-5.961920367987315,1.1917103463728207,-4.158000327306759,9.15042661577232,0.0,2.7809717744700264,2.621865990200335,202.1944951465158,4.043889902930316,4.110735861700245,149.01488459399215,179.52515421470258,0.0,hicks_law,value,logei,exact,gaussian,5.0,0,50,8,7cc1fce0-1574-4e32-8ef4-19b3c4be22ec,False,0.01,2.0,16.831688999998732,5.402837764670362,"x0,x1,x2,x3",4,5.0,5.0,,,,,,,
0.0,-0.5846673950726076,0.0,0.0,0.5846673950726076,20.0,5.402837764670362,0.0,83.75163910888995,1.6750327821777988,0.6864978957882002,27.862280030224476,108.56095508353536,0.0,hicks_law,value,logei,exact,gaussian,5.0,20,50,8,95449f39-a453-4728-8c86-1a4916e54b2e,False,0.01,2.0,11.091170700005023,5.402837764670362,"x0,x1,x2,x3",4,5.0,5.0,,,,,,,
5.429242350906553,-5.961920367987315,1.1917103463728207,-4.158000327306759,9.15042661577232,0.0,5.402837764670362,0.0,219.65742447202334,4.393148489440467,0.0,27.953703367364575,27.953703367364575,0.0,hicks_law,value,qnei,exact,none,0.0,0,50,8,8727ad4e-e623-4c69-802b-bc001c547716,True,0.01,2.0,11.203946300011012,5.402837764670362,"x0,x1,x2,x3",4,0.2,0.5,,,,,,,
5.712153172289522,0.9558037970979214,-0.654645320536094,6.801346480847003,8.957071463959288,20.0,5.402837764670362,0.0,219.65742447202334,4.393148489440467,0.0,27.953703367364575,27.953703367364575,0.0,hicks_law,value,qnei,exact,none,0.0,20,50,8,8727ad4e-e623-4c69-802b-bc001c547716,True,0.01,2.0,11.203946300011012,5.402837764670362,"x0,x1,x2,x3",4,0.2,0.5,,,,,,,
5.429242350906553,-5.961920367987315,1.1917103463728207,-4.158000327306759,9.15042661577232,0.0,5.402837764670362,0.0,222.33861584313203,4.44677231686264,0.0,24.788231715461585,24.788231715461585,0.0,hicks_law,value,qnei,exact,gaussian,0.05,0,50,8,424144ba-eb1a-4487-bbea-2f5fa92c8d4f,False,0.01,2.0,11.953799599999911,5.402837764670362,"x0,x1,x2,x3",4,0.05,0.05,,,,,,,
5.712153172289522,0.9558037970979214,-0.654645320536094,6.801346480847003,8.957071463959288,20.0,5.402837764670362,0.0,219.65742447202334,4.393148489440467,0.0,27.953703367364575,27.953703367364575,0.0,hicks_law,value,qnei,exact,gaussian,0.05,20,50,8,49a842f0-4761-4c63-bc7b-4012993ec9c6,False,0.01,2.0,10.966817100008484,5.402837764670362,"x0,x1,x2,x3",4,0.05,0.05,,,,,,,
5.429242350906553,-5.961920367987315,1.1917103463728207,-4.158000327306759,9.15042661577232,0.0,5.402837764670362,0.0,212.3718545160862,4.247437090321724,0.0,27.774932129602426,27.774932129602426,0.0,hicks_law,value,qnei,exact,gaussian,0.25,0,50,8,99725ded-99f6-45f9-a614-ea4ff9ab94f8,False,0.01,2.0,10.046302999995532,5.402837764670362,"x0,x1,x2,x3",4,0.25,0.25,,,,,,,
5.712153172289522,0.9558037970979214,-0.654645320536094,6.801346480847003,8.957071463959288,20.0,5.402837764670362,0.0,219.65742447202334,4.393148489440467,0.0,27.953703367364575,27.953703367364575,0.0,hicks_law,value,qnei,exact,gaussian,0.25,20,50,8,63016a48-8bff-4ad1-88f3-0ba2f19ac651,False,0.01,2.0,10.494218899999396,5.402837764670362,"x0,x1,x2,x3",4,0.25,0.25,,,,,,,
5.429242350906553,-5.961920367987315,1.1917103463728207,-4.158000327306759,9.15042661577232,0.0,5.402837764670362,0.0,150.78593007760213,3.0157186015520425,1.328548916399173,33.822212068444884,108.91989134888732,0.0,hicks_law,value,qnei,exact,gaussian,1.0,0,50,8,96e0ea59-938b-4047-bebc-3fd6254a5908,False,0.01,2.0,14.279220399999758,5.402837764670362,"x0,x1,x2,x3",4,1.0,1.0,,,,,,,
5.712153172289522,0.9558037970979214,-0.654645320536094,6.801346480847003,8.957071463959288,20.0,5.402837764670362,0.0,214.04368249691387,4.280873649938277,0.0,27.953703367364575,27.953703367364575,0.0,hicks_law,value,qnei,exact,gaussian,1.0,20,50,8,ae9bd68a-b6f0-4d1a-b670-53de81263ee3,False,0.01,2.0,10.236370099999476,5.402837764670362,"x0,x1,x2,x3",4,1.0,1.0,,,,,,,
5.429242350906553,-5.961920367987315,1.1917103463728207,-4.158000327306759,9.15042661577232,0.0,5.402837764670362,0.0,182.07947004292396,3.641589400858479,1.4194552352569287,41.178344576127785,184.64069617267853,0.0,hicks_law,value,qnei,exact,gaussian,5.0,0,50,8,1bd630a8-b056-42bc-bfee-86356d71b39e,False,0.01,2.0,15.562361899996176,5.402837764670362,"x0,x1,x2,x3",4,5.0,5.0,,,,,,,
5.821417354327757,-2.5991418283020975,5.946001856795345,8.01442484365856,11.841890977059498,20.0,5.402837764670362,0.0,210.49560704838976,4.209912140967795,1.5507991696883963,27.953703367364575,102.8277208942473,0.0,hicks_law,value,qnei,exact,gaussian,5.0,20,50,8,667e49fc-df21-4b83-baa3-058610b7ed89,False,0.01,2.0,13.212442399992142,5.402837764670362,"x0,x1,x2,x3",4,5.0,5.0,,,,,,,
-1.396540561088619,-16.050905730070212,-2.496925791624121,0.5055746866998394,24.0579731692512,0.0,2.1855722749355824,0.4389080568430299,58.2929056429279,1.165858112858558,0.4389080568430299,29.988721480233625,29.988721480233625,0.0,levy_10,value,logei,exact,none,0.0,0,50,8,3754e99e-cfea-4c41-9181-a55d5a06839a,True,0.01,2.0,61.8477969999949,2.6244803317786123,"x0,x1,x2,x3,x4,x5,x6,x7,x8,x9,x10",11,0.2,0.5,-8.938246471039793,-2.7032860276193578,3.060419572852256,4.630467859382055,10.79808861174827,8.647818525716142,-1.822920662454277
1.0595295330431709,0.06051938030173781,-0.9551561177842025,-2.1713150481089856,9.542736555489729,20.0,2.1855722749355824,0.4389080568430299,58.2929056429279,1.165858112858558,0.4389080568430299,29.988721480233625,29.988721480233625,0.0,levy_10,value,logei,exact,none,0.0,20,50,8,3754e99e-cfea-4c41-9181-a55d5a06839a,True,0.01,2.0,61.8477969999949,2.6244803317786123,"x0,x1,x2,x3,x4,x5,x6,x7,x8,x9,x10",11,0.2,0.5,-5.717426468081443,-2.905875797040911,1.0871073493063401,3.0417574899948754,-5.004176785668079,0.5288419108012968,2.7243336142570005
-1.396540561088619,-16.050905730070212,-2.496925791624121,0.5055746866998394,24.0579731692512,0.0,2.2412570883301375,0.3832232434484748,52.92638580487302,1.0585277160974604,0.3832232434484748,27.939099135215265,28.32075707691383,0.0,levy_10,value,logei,exact,gaussian,0.05,0,50,8,2fb959ea-7a7f-4879-b2d3-485fbaaeb24a,False,0.01,2.0,49.163462399999844,2.6244803317786123,"x0,x1,x2,x3,x4,x5,x6,x7,x8,x9,x10",11,0.05,0.05,-8.938246471039793,-2.7032860276193578,3.060419572852256,4.630467859382055,10.79808861174827,8.647818525716142,-1.822920662454277
1.0543208924373748,0.07734799770288814,-0.9194442236149274,-2.1747211032892566,9.65076140843337,20.0,2.331781399946538,0.2926989318320743,54.691067326907984,1.0938213465381597,0.2926989318320743,27.648585923972167,27.741587608582396,0.0,levy_10,value,logei,exact,gaussian,0.05,20,50,8,59bdabbc-f589-4a8c-9c13-2375cfcdf03c,False,0.01,2.0,49.77320680000412,2.6244803317786123,"x0,x1,x2,x3,x4,x5,x6,x7,x8,x9,x10",11,0.05,0.05,-5.886137921533917,-2.958067908496148,0.7534306564144437,3.4287536313722082,-4.7534341327634255,0.4738131486857052,2.8114767280634414
-1.396540561088619,-16.050905730070212,-2.496925791624121,0.5055746866998394,24.0579731692512,0.0,2.2608097153426736,0.3636706164359387,61.32861033931083,1.2265722067862166,0.4047646975948851,27.268076688677663,38.40776288218349,0.0,levy_10,value,logei,exact,gaussian,0.25,0,50,8,ccd03989-5c3a-4679-8bba-fac8e30f5e88,False,0.01,2.0,37.38034810000681,2.6244803317786123,"x0,x1,x2,x3,x4,x5,x6,x7,x8,x9,x10",11,0.25,0.25,-8.938246471039793,-2.7032860276193578,3.060419572852256,4.630467859382055,10.79808861174827,8.647818525716142,-1.822920662454277
1.5512681388485983,-0.3252517297742558,-0.5473770869376762,-0.8801014998831356,8.261279239137563,20.0,2.281688661990002,0.3427916697886104,56.773421983758716,1.1354684396751744,0.5407236291791957,28.54545093586744,32.68523905742392,0.0,levy_10,value,logei,exact,gaussian,0.25,20,50,8,cf24c2ac-35ac-47e7-b227-da6aadb28276,False,0.01,2.0,41.874819599994225,2.6244803317786123,"x0,x1,x2,x3,x4,x5,x6,x7,x8,x9,x10",11,0.25,0.25,-5.23456478564,-1.5375860291945078,1.1502841597730165,2.2267300148347497,-4.722468322592551,1.052492763926835,2.281785537652662
-1.396540561088619,-16.050905730070212,-2.496925791624121,0.5055746866998394,24.0579731692512,0.0,2.1281826578687406,0.4962976739098717,82.39296595116144,1.647859319023229,1.2917321977063105,31.40367379039032,41.83284017027011,0.0,levy_10,value,logei,exact,gaussian,1.0,0,50,8,da13aa66-4071-443c-b16d-6dfd66709a93,False,0.01,2.0,36.44256860000314,2.6244803317786123,"x0,x1,x2,x3,x4,x5,x6,x7,x8,x9,x10",11,1.0,1.0,-8.938246471039793,-2.7032860276193578,3.060419572852256,4.630467859382055,10.79808861174827,8.647818525716142,-1.822920662454277
1.360486839851713,0.4727676347575591,0.20324804201531688,-1.9619550704350206,5.743286052531255,20.0,2.296271764234941,0.3282085675436712,66.03685654854473,1.3207371309708946,1.0775224201251974,27.867853295269956,38.989492081547816,0.0,levy_10,value,logei,exact,gaussian,1.0,20,50,8,0ddd4284-20ed-479e-848d-8ae4e177306d,False,0.01,2.0,44.15011919999961,2.6244803317786123,"x0,x1,x2,x3,x4,x5,x6,x7,x8,x9,x10",11,1.0,1.0,-4.429725552858621,-1.8432513960425863,-0.4952768332260161,0.7467467004249613,-0.19908287209132824,0.5543399104165714,1.6883195353069391
-1.396540561088619,-16.050905730070212,-2.496925791624121,0.5055746866998394,24.0579731692512,0.0,2.0834676156006213,0.541012716177991,113.83431324951836,2.276686264990367,1.5522183544811412,32.36504719915488,84.66258115662023,0.0,levy_10,value,logei,exact,gaussian,5.0,0,50,8,f26549c4-56da-4393-b524-4c82f4e45297,False,0.01,2.0,38.609277600000496,2.6244803317786123,"x0,x1,x2,x3,x4,x5,x6,x7,x8,x9,x10",11,5.0,5.0,-8.938246471039793,-2.7032860276193578,3.060419572852256,4.630467859382055,10.79808861174827,8.647818525716142,-1.822920662454277
0.10913432701682879,0.1929079630525744,-0.4644055553340358,1.5143399102350057,2.527335370994029,20.0,2.1359893428584784,0.4884909889201339,83.31786409308008,1.6663572818616015,0.9565450035188428,30.65809106327453,38.19001562943433,0.0,levy_10,value,logei,exact,gaussian,5.0,20,50,8,731ac338-631f-4884-a1a9-d5f17d56191b,False,0.01,2.0,34.55504690000089,2.6244803317786123,"x0,x1,x2,x3,x4,x5,x6,x7,x8,x9,x10",11,5.0,5.0,0.6643694162887379,0.8700056418246951,0.5827268345649217,-1.2324761346488664,-0.08103971939017132,-0.6630012485818814,-0.5713140942876027
-1.396540561088619,-16.050905730070212,-2.496925791624121,0.5055746866998394,24.0579731692512,0.0,2.4913830686879854,0.13309726309062686,44.2302680373906,0.884605360747812,0.13309726309062686,21.926770891037734,21.926770891037734,0.0,levy_10,value,qnei,exact,none,0.0,0,50,8,7a96c92a-9a58-42a0-93ad-002574f87e15,True,0.01,2.0,46.085986899997806,2.6244803317786123,"x0,x1,x2,x3,x4,x5,x6,x7,x8,x9,x10",11,0.2,0.5,-8.938246471039793,-2.7032860276193578,3.060419572852256,4.630467859382055,10.79808861174827,8.647818525716142,-1.822920662454277
2.7367420694712132,-0.17646651399509738,0.053966467499616755,0.15874121108251238,12.473153850740328,20.0,2.4913830686879854,0.13309726309062686,44.2302680373906,0.884605360747812,0.13309726309062686,21.926770891037734,21.926770891037734,0.0,levy_10,value,qnei,exact,none,0.0,20,50,8,7a96c92a-9a58-42a0-93ad-002574f87e15,True,0.01,2.0,46.085986899997806,2.6244803317786123,"x0,x1,x2,x3,x4,x5,x6,x7,x8,x9,x10",11,0.2,0.5,-0.8493790064082845,-1.2577988824951358,-11.02494488033733,1.8377799405523696,0.6410004195758803,-0.30748249481018175,4.5049732268833225
-1.396540561088619,-16.050905730070212,-2.496925791624121,0.5055746866998394,24.0579731692512,0.0,2.461489874305852,0.1629904574727603,49.98368887432934,0.9996737774865868,0.1629904574727603,26.603550389652987,26.64288535372288,0.0,levy_10,value,qnei,exact,gaussian,0.05,0,50,8,db753079-cfde-46d0-a5f1-7344ea4efe22,False,0.01,2.0,45.97829100000672,2.6244803317786123,"x0,x1,x2,x3,x4,x5,x6,x7,x8,x9,x10",11,0.05,0.05,-8.938246471039793,-2.7032860276193578,3.060419572852256,4.630467859382055,10.79808861174827,8.647818525716142,-1.822920662454277
2.0935374398747686,-0.02157583293993448,0.04037351524666821,0.13185433203167474,12.130577878719292,20.0,2.450333453176348,0.1741468786022642,46.322541894673165,0.9264508378934633,0.1741468786022642,23.7542956863223,23.83468790824562,0.0,levy_10,value,qnei,exact,gaussian,0.05,20,50,8,818b31b5-2bc3-4fa6-a42c-1d7181627122,False,0.01,2.0,43.47627420000208,2.6244803317786123,"x0,x1,x2,x3,x4,x5,x6,x7,x8,x9,x10",11,0.05,0.05,-1.271230008125555,-1.0969870390322716,-10.724449490937396,2.7703960356670496,1.2925867292453632,-0.3144399979323851,3.9332644478789884
-1.396540561088619,-16.050905730070212,-2.496925791624121,0.5055746866998394,24.0579731692512,0.0,2.3218766581746424,0.3026036736039699,58.80316005332793,1.1760632010665586,0.3026036736039699,27.276335284229773,34.39580096131575,0.0,levy_10,value,qnei,exact,gaussian,0.25,0,50,8,07d0af32-4b5d-40e4-aadf-625a62300e66,False,0.01,2.0,34.522495800003526,2.6244803317786123,"x0,x1,x2,x3,x4,x5,x6,x7,x8,x9,x10",11,0.25,0.25,-8.938246471039793,-2.7032860276193578,3.060419572852256,4.630467859382055,10.79808861174827,8.647818525716142,-1.822920662454277
1.1576495348123723,0.15425232811947653,0.02795417998415317,0.0852265597510451,11.460573383295603,20.0,2.411368460782249,0.21311187099636308,49.06940173308883,0.9813880346617766,0.5640209813116237,25.516860392712516,27.405949770495894,0.0,levy_10,value,qnei,exact,gaussian,0.25,20,50,8,daeb154b-3328-41c4-913b-03e7ed31b13d,False,0.01,2.0,40.6099799000076,2.6244803317786123,"x0,x1,x2,x3,x4,x5,x6,x7,x8,x9,x10",11,0.25,0.25,-1.7157010187801567,-0.8475329276451582,-9.809675148633524,4.020155155461129,2.1681058684259846,-0.2725266470656156,3.02398432039711
-1.396540561088619,-16.050905730070212,-2.496925791624121,0.5055746866998394,24.0579731692512,0.0,2.0881498179722002,0.5363305138064121,79.1804617977161,1.5836092359543221,0.8234336986467377,32.20351121733541,70.7159400294666,0.0,levy_10,value,qnei,exact,gaussian,1.0,0,50,8,f48e9b99-3908-4a0e-a223-60566536742c,False,0.01,2.0,34.3545124999946,2.6244803317786123,"x0,x1,x2,x3,x4,x5,x6,x7,x8,x9,x10",11,1.0,1.0,-8.938246471039793,-2.7032860276193578,3.060419572852256,4.630467859382055,10.79808861174827,8.647818525716142,-1.822920662454277
-3.804269840486426,-2.207003653086517,0.029525775285607736,-0.33085065099030864,6.073463989417738,20.0,2.1718065544873526,0.4526737772912597,69.06141369062358,1.3812282738124717,0.6535860819140207,29.67070956310958,45.894212809854864,0.0,levy_10,value,qnei,exact,gaussian,1.0,20,50,8,fa0140b9-1965-44be-90d8-fe6267d5c76f,False,0.01,2.0,40.359073700004956,2.6244803317786123,"x0,x1,x2,x3,x4,x5,x6,x7,x8,x9,x10",11,1.0,1.0,2.238137352701665,0.6435405897612023,0.9376879967042573,1.8266557985015037,-1.5514441509396986,0.43627155311336785,-2.2796165148952747
-1.396540561088619,-16.050905730070212,-2.496925791624121,0.5055746866998394,24.0579731692512,0.0,2.0834676156006213,0.541012716177991,216.05980251997826,4.321196050399565,3.46293465695265,32.36504719915488,206.8428727387647,0.0,levy_10,value,qnei,exact,gaussian,5.0,0,50,8,9d053984-7895-46e9-86f9-48885fff960d,False,0.01,2.0,32.28579810001247,2.6244803317786123,"x0,x1,x2,x3,x4,x5,x6,x7,x8,x9,x10",11,5.0,5.0,-8.938246471039793,-2.7032860276193578,3.060419572852256,4.630467859382055,10.79808861174827,8.647818525716142,-1.822920662454277
3.7029049701407653,-3.9850607532632942,5.977478829755423,0.08563290825836223,13.60039866259539,20.0,2.1718065544873526,0.4526737772912597,162.12493750995512,3.2424987501991023,2.653960478262929,29.67070956310958,92.40738054080215,0.0,levy_10,value,qnei,exact,gaussian,5.0,20,50,8,4e7b5bc8-3c36-4995-9218-7886e1932928,False,0.01,2.0,35.60910349999904,2.6244803317786123,"x0,x1,x2,x3,x4,x5,x6,x7,x8,x9,x10",11,5.0,5.0,-3.883721130525806,-6.489341066182678,-3.710524982322611,-5.270826516132234,0.45602695922508474,0.8701866177851365,4.464461083202533
0.5429242350906553,-0.5961920367987316,0.11917103463728207,-0.4158000327306759,0.915042661577232,0.0,3.5155399044890654,0.01987263929779326,105.93508297525172,2.1187016595050343,0.01987263929779326,16.03456273393917,16.03456273393917,0.0,yerkes_dodson,value,logei,exact,none,0.0,0,50,8,6f6353fb-7261-4985-9b3f-9334813787cb,True,0.01,2.0,16.477126900004805,3.5354125437868587,"x0,x1,x2,x3",4,0.2,0.5,,,,,,,
-0.2470353039191283,-0.49101926411022634,-0.525215735474371,0.4827184408742963,0.9005526198172764,20.0,3.5155399044890654,0.01987263929779326,105.93508297525172,2.1187016595050343,0.01987263929779326,16.03456273393917,16.03456273393917,0.0,yerkes_dodson,value,logei,exact,none,0.0,20,50,8,6f6353fb-7261-4985-9b3f-9334813787cb,True,0.01,2.0,16.477126900004805,3.5354125437868587,"x0,x1,x2,x3",4,0.2,0.5,,,,,,,
0.5429242350906553,-0.5961920367987316,0.11917103463728207,-0.4158000327306759,0.915042661577232,0.0,3.4977883522718667,0.03762419151499197,51.76412868486276,1.0352825736972553,0.0482885435685243,20.003757448956513,20.77924692026385,0.0,yerkes_dodson,value,logei,exact,gaussian,0.05,0,50,8,9efadd76-8e4e-4240-a9ee-6a1b16bad422,False,0.01,2.0,19.09223419999762,3.5354125437868587,"x0,x1,x2,x3",4,0.05,0.05,,,,,,,
-0.24723907684060653,-0.4911348702148598,-0.5252876233707826,0.4825068368549542,0.9006001092250995,20.0,3.4921284573990246,0.0432840863878341,94.53494952546241,1.8906989905092482,0.0432840863878341,16.444263058014883,18.032000964921867,0.0,yerkes_dodson,value,logei,exact,gaussian,0.05,20,50,8,7887d0af-cb78-46b3-a387-d9c06f651514,False,0.01,2.0,16.029834800006938,3.5354125437868587,"x0,x1,x2,x3",4,0.05,0.05,,,,,,,
0.5429242350906553,-0.5961920367987316,0.11917103463728207,-0.4158000327306759,0.915042661577232,0.0,3.500083943334647,0.035328600452211756,27.720453325001188,0.5544090665000238,0.044082905485796076,16.9794437234506,17.271607873719788,0.0,yerkes_dodson,value,logei,exact,gaussian,0.25,0,50,8,bf4cc9d1-dec4-4134-8830-78c1ab96b456,False,0.01,2.0,16.658783100006985,3.5354125437868587,"x0,x1,x2,x3",4,0.25,0.25,,,,,,,
-0.24627939612902755,-0.4905864613455134,-0.5249537183015792,0.4834761360461977,0.9003633697002598,20.0,3.4938646435931986,0.04154790019366006,41.85647467454572,0.8371294934909145,0.04935835321853821,16.431241661558577,16.924986783707908,0.0,yerkes_dodson,value,logei,exact,gaussian,0.25,20,50,8,13e5670e-d207-446e-8830-7f408995fd09,False,0.01,2.0,18.48693959999946,3.5354125437868587,"x0,x1,x2,x3",4,0.25,0.25,,,,,,,
0.5429242350906553,-0.5961920367987316,0.11917103463728207,-0.4158000327306759,0.915042661577232,0.0,2.320697263023702,1.2147152807631567,106.01328752004315,2.120265750400863,1.9475089691967058,72.26180215405499,89.04087292316082,0.0,yerkes_dodson,value,logei,exact,gaussian,1.0,0,50,8,ad49f3fa-317e-482f-af0f-6c9799052daf,False,0.01,2.0,19.76082860000315,3.5354125437868587,"x0,x1,x2,x3",4,1.0,1.0,,,,,,,
-0.24917526563329673,-0.4941921653340675,-0.5260376098613222,0.4794338045252527,0.9016022122816519,20.0,3.4921284573990246,0.0432840863878341,64.72194021702154,1.294438804340431,0.12456722715166046,16.444263058014883,23.337605748259698,0.0,yerkes_dodson,value,logei,exact,gaussian,1.0,20,50,8,44734309-7d17-4f32-b83b-516625d038e3,False,0.01,2.0,16.488085999997566,3.5354125437868587,"x0,x1,x2,x3",4,1.0,1.0,,,,,,,
0.5429242350906553,-0.5961920367987316,0.11917103463728207,-0.4158000327306759,0.915042661577232,0.0,1.8872044026870878,1.6482081410997709,185.53816918476934,3.710763383695387,4.833753979458606,93.13009549170387,178.29815416767232,0.0,yerkes_dodson,value,logei,exact,gaussian,5.0,0,50,8,74c93f73-1a83-4a43-95e1-7ec1c0934a74,False,0.01,2.0,17.639490400004433,3.5354125437868587,"x0,x1,x2,x3",4,5.0,5.0,,,,,,,
0.1642807805847858,0.0,0.0,0.0,0.1642807805847858,20.0,3.4921284573990246,0.0432840863878341,118.32778761078188,2.3665557522156377,1.5207597888803885,16.444263058014883,102.57691067784145,0.0,yerkes_dodson,value,logei,exact,gaussian,5.0,20,50,8,43b78b6c-b858-422f-87a8-cf037b5b79ad,False,0.01,2.0,13.926860799998394,3.5354125437868587,"x0,x1,x2,x3",4,5.0,5.0,,,,,,,
0.5429242350906553,-0.5961920367987316,0.11917103463728207,-0.4158000327306759,0.915042661577232,0.0,3.5314936963533126,0.003918847433546091,102.20135127046994,2.044027025409399,0.003918847433546091,18.514767970310388,18.514767970310388,0.0,yerkes_dodson,value,qnei,exact,none,0.0,0,50,8,0a624f11-253d-4417-b4db-bf58b9740a52,True,0.01,2.0,16.139237900002627,3.5354125437868587,"x0,x1,x2,x3",4,0.2,0.5,,,,,,,
-0.06217151274376176,-0.46275561312040203,-0.40651013764090865,0.16386097945940004,0.6403975070731548,20.0,3.5314936963533126,0.003918847433546091,102.20135127046994,2.044027025409399,0.003918847433546091,18.514767970310388,18.514767970310388,0.0,yerkes_dodson,value,qnei,exact,none,0.0,20,50,8,0a624f11-253d-4417-b4db-bf58b9740a52,True,0.01,2.0,16.139237900002627,3.5354125437868587,"x0,x1,x2,x3",4,0.2,0.5,,,,,,,
0.5429242350906553,-0.5961920367987316,0.11917103463728207,-0.4158000327306759,0.915042661577232,0.0,3.5035250616090403,0.03188748217781834,103.96056015876425,2.079211203175285,0.041015640445734025,19.81942398391689,20.56051781660671,0.0,yerkes_dodson,value,qnei,exact,gaussian,0.05,0,50,8,785733a6-a58d-49c6-ad55-78915069dd1f,False,0.01,2.0,15.02741419999802,3.5354125437868587,"x0,x1,x2,x3",4,0.05,0.05,,,,,,,
-0.06001656235766817,-0.4623996253646283,-0.41190761253193864,0.16770261516263474,0.6443659284046053,20.0,3.5187695780702293,0.016642965716629377,94.34617765080138,1.8869235530160275,0.016642965716629377,18.622922975716598,19.873394942776258,0.0,yerkes_dodson,value,qnei,exact,gaussian,0.05,20,50,8,a8167154-2347-4dfa-a228-6ee08caeeb52,False,0.01,2.0,15.065403800006607,3.5354125437868587,"x0,x1,x2,x3",4,0.05,0.05,,,,,,,
0.5429242350906553,-0.5961920367987316,0.11917103463728207,-0.4158000327306759,0.915042661577232,0.0,3.436007588461796,0.09940495532506244,107.34214208485038,2.1468428416970076,0.09940495532506244,20.952131538226222,20.96937304110309,0.0,yerkes_dodson,value,qnei,exact,gaussian,0.25,0,50,8,cf210756-46f1-4f43-9a07-3eddb575a36b,False,0.01,2.0,15.191366099999868,3.5354125437868587,"x0,x1,x2,x3",4,0.25,0.25,,,,,,,
-0.059506840863639665,-0.4632480319630814,-0.41331366433735495,0.1646796577230074,0.6450483532441403,20.0,3.5187695780702293,0.016642965716629377,105.78632586881872,2.1157265173763746,0.03257098622008758,18.622922975716598,18.929608318694985,0.0,yerkes_dodson,value,qnei,exact,gaussian,0.25,20,50,8,6a2eca48-d0f7-4888-aa41-7fbc30e4703a,False,0.01,2.0,15.246964299993124,3.5354125437868587,"x0,x1,x2,x3",4,0.25,0.25,,,,,,,
0.5429242350906553,-0.5961920367987316,0.11917103463728207,-0.4158000327306759,0.915042661577232,0.0,3.470068426131819,0.06534411765503956,82.84980217580544,1.6569960435161086,0.18340059867338798,18.871442329742326,29.288563283770216,0.0,yerkes_dodson,value,qnei,exact,gaussian,1.0,0,50,8,337b0bde-51ee-482a-be3b-1740d05bd07e,False,0.01,2.0,14.848904200000106,3.5354125437868587,"x0,x1,x2,x3",4,1.0,1.0,,,,,,,
-0.0045091715356584405,-0.45253317469458587,-0.6414894792034469,0.22637972737124645,0.8170453718860954,20.0,3.5187695780702293,0.016642965716629377,72.45816236279266,1.4491632472558533,0.20783369643603145,18.622922975716598,30.25739158069164,0.0,yerkes_dodson,value,qnei,exact,gaussian,1.0,20,50,8,1e442a79-24f8-4238-8002-b3d4c6133d9f,False,0.01,2.0,17.60287590000371,3.5354125437868587,"x0,x1,x2,x3",4,1.0,1.0,,,,,,,
0.5429242350906553,-0.5961920367987316,0.11917103463728207,-0.4158000327306759,0.915042661577232,0.0,1.5825203943024153,1.9528921494844433,208.81153680655143,4.1762307361310285,3.801166319450926,103.8551680676472,209.83086334538262,0.0,yerkes_dodson,value,qnei,exact,gaussian,5.0,0,50,8,71bd4269-e92f-4413-a17d-5dec61d6e866,False,0.01,2.0,18.00313230000029,3.5354125437868587,"x0,x1,x2,x3",4,5.0,5.0,,,,,,,
-0.11579168648246035,-0.5143789059162825,-0.3373284053244864,0.10220684847753286,0.6342161038830176,20.0,3.5187695780702293,0.016642965716629377,99.48219229695074,1.9896438459390149,0.11675636977699222,18.622922975716598,21.47615499143694,0.0,yerkes_dodson,value,qnei,exact,gaussian,5.0,20,50,8,1a4e7b7d-deeb-4acc-8366-dd2fefec712d,False,0.01,2.0,17.292765499994857,3.5354125437868587,"x0,x1,x2,x3",4,5.0,5.0,,,,,,,
5.559544167328312,-6.1050064568190106,1.2203113946857687,-4.257792335162121,9.370036854550856,0.0,2.587790095436827,1.0511489780012249,124.2402406995976,2.484804813991952,1.0511489780012249,82.6624520212197,82.6624520212197,0.0,rastrigin,value,logei,exact,none,0.0,0,50,8,e8cecc0d-2c13-4e65-bee5-434fd20d07fc,True,0.01,2.0,18.62859059999755,3.638939073438052,"x0,x1,x2,x3",4,0.2,0.5,,,,,,,
0.4684272688307187,-0.05668973343331185,-0.9481663233666584,5.345117778470581,5.449031223488251,20.0,2.587790095436827,1.0511489780012249,124.2402406995976,2.484804813991952,1.0511489780012249,82.6624520212197,82.6624520212197,0.0,rastrigin,value,logei,exact,none,0.0,20,50,8,e8cecc0d-2c13-4e65-bee5-434fd20d07fc,True,0.01,2.0,18.62859059999755,3.638939073438052,"x0,x1,x2,x3",4,0.2,0.5,,,,,,,
5.559544167328312,-6.1050064568190106,1.2203113946857687,-4.257792335162121,9.370036854550856,0.0,2.7779298265412673,0.8610092468967845,111.78189496447249,2.2356378992894497,0.8610092468967845,75.85497998428893,75.96721782915198,0.0,rastrigin,value,logei,exact,gaussian,0.05,0,50,8,b4015af0-59d5-4ef6-931a-fc1d0a2bf27a,False,0.01,2.0,22.918192800003453,3.638939073438052,"x0,x1,x2,x3",4,0.05,0.05,,,,,,,
0.6729737719746072,-0.05946169393819467,-0.8662573189066834,4.49124888207021,4.623650900972957,20.0,2.900234037092527,0.7387050363455248,119.80317877106587,2.3960635754213175,0.7387050363455248,81.00279633038154,81.00279633038154,0.0,rastrigin,value,logei,exact,gaussian,0.05,20,50,8,c91cfafc-96c9-4102-aed8-c17da90ab0bb,False,0.01,2.0,17.19021729999804,3.638939073438052,"x0,x1,x2,x3",4,0.05,0.05,,,,,,,
5.559544167328312,-6.1050064568190106,1.2203113946857687,-4.257792335162121,9.370036854550856,0.0,2.7968174377993993,0.8421216356386525,110.75750516741039,2.2151501033482077,0.9141813512880699,65.21515824733979,66.1879644086069,0.0,rastrigin,value,logei,exact,gaussian,0.25,0,50,8,c064bb8a-ee3c-4dc5-9830-6601e4252cdc,False,0.01,2.0,13.362668100002338,3.638939073438052,"x0,x1,x2,x3",4,0.25,0.25,,,,,,,
0.15204792475486006,-0.02447305901864305,-0.9973962626398243,9.011151071125202,9.067489202276931,20.0,3.1273370493634283,0.5116020240746235,110.30225922834683,2.2060451845669364,0.5116020240746235,77.73228501997218,78.47855437402916,0.0,rastrigin,value,logei,exact,gaussian,0.25,20,50,8,0cdb1f4e-061f-4e36-9864-25f0ecc17823,False,0.01,2.0,20.755487599992193,3.638939073438052,"x0,x1,x2,x3",4,0.25,0.25,,,,,,,
5.559544167328312,-6.1050064568190106,1.2203113946857687,-4.257792335162121,9.370036854550856,0.0,1.6113026471871286,2.027636426250923,163.4666758020787,3.269333516041574,2.027636426250923,105.94792004479382,111.42513830949056,0.0,rastrigin,value,logei,exact,gaussian,1.0,0,50,8,5b023fd7-be63-48d9-a486-756261dc6956,False,0.01,2.0,17.11017260000517,3.638939073438052,"x0,x1,x2,x3",4,1.0,1.0,,,,,,,
0.9550364116327703,-0.1136476079872425,-1.0750927998456772,3.188814581821741,3.4999104691212604,20.0,2.986055474525146,0.6528835989129056,118.25388525786424,2.365077705157285,0.6528835989129056,71.03404497260925,72.03590396835482,0.0,rastrigin,value,logei,exact,gaussian,1.0,20,50,8,9d085b5e-6524-466d-9190-a694b589c474,False,0.01,2.0,15.637830300009227,3.638939073438052,"x0,x1,x2,x3",4,1.0,1.0,,,,,,,
5.559544167328312,-6.1050064568190106,1.2203113946857687,-4.257792335162121,9.370036854550856,0.0,2.214543621350403,1.4243954520876487,179.30729903388396,3.586145980677679,4.051716032649309,82.57295357166326,189.96040934778716,0.0,rastrigin,value,logei,exact,gaussian,5.0,0,50,8,39fa1692-04ec-4d20-ad30-98e4c11bedb0,False,0.01,2.0,17.123853099998087,3.638939073438052,"x0,x1,x2,x3",4,5.0,5.0,,,,,,,
-0.2925424621173518,0.13278744864595637,0.5196229771263189,0.11436647519391219,0.6215314373911294,20.0,1.8848808624228235,1.7540582110152283,165.8345306333842,3.3166906126676836,1.7540582110152283,100.75970729244032,115.15213568382458,0.0,rastrigin,value,logei,exact,gaussian,5.0,20,50,8,d4de3bcd-4567-411a-a46a-91d56368ab97,False,0.01,2.0,13.881300400011241,3.638939073438052,"x0,x1,x2,x3",4,5.0,5.0,,,,,,,
5.559544167328312,-6.1050064568190106,1.2203113946857687,-4.257792335162121,9.370036854550856,0.0,3.0284420155613674,0.6104970578766844,111.02729099061348,2.2205458198122696,0.6104970578766844,83.18535110427565,83.18535110427565,0.0,rastrigin,value,qnei,exact,none,0.0,0,50,8,95a67dfa-7878-48cb-95d3-b5db1b0c7fb8,True,0.01,2.0,20.439463899994735,3.638939073438052,"x0,x1,x2,x3",4,0.2,0.5,,,,,,,
0.12093491202479485,-0.4232554406081981,-2.546034207037546,0.6363146210497466,2.6610067458234434,20.0,3.0284420155613674,0.6104970578766844,111.02729099061348,2.2205458198122696,0.6104970578766844,83.18535110427565,83.18535110427565,0.0,rastrigin,value,qnei,exact,none,0.0,20,50,8,95a67dfa-7878-48cb-95d3-b5db1b0c7fb8,True,0.01,2.0,20.439463899994735,3.638939073438052,"x0,x1,x2,x3",4,0.2,0.5,,,,,,,
5.559544167328312,-6.1050064568190106,1.2203113946857687,-4.257792335162121,9.370036854550856,0.0,2.9391948118094215,0.6997442616286302,105.08453903448563,2.1016907806897125,0.6997442616286302,52.19908970333318,52.19908970333318,0.0,rastrigin,value,qnei,exact,gaussian,0.05,0,50,8,0be6fc5c-f0dc-497e-879a-aeef23128402,False,0.01,2.0,20.614911600001506,3.638939073438052,"x0,x1,x2,x3",4,0.05,0.05,,,,,,,
0.12352223459318819,-0.43227665373433855,-2.600517785263182,0.6499025422808207,2.717937989310251,20.0,3.0475180177339407,0.5914210557041111,123.7917690832789,2.475835381665578,0.5914210557041111,90.8322845557815,90.8322845557815,0.0,rastrigin,value,qnei,exact,gaussian,0.05,20,50,8,7ebf2e2b-50dd-4bba-a7da-25fac3b8b85f,False,0.01,2.0,20.962847400005558,3.638939073438052,"x0,x1,x2,x3",4,0.05,0.05,,,,,,,
5.559544167328312,-6.1050064568190106,1.2203113946857687,-4.257792335162121,9.370036854550856,0.0,2.8687119638788205,0.7702271095592312,112.86207850472053,2.2572415700944104,0.8592979864697043,55.840199678687675,68.02768283526773,0.0,rastrigin,value,qnei,exact,gaussian,0.25,0,50,8,bf074d46-38f0-4481-bed5-a85314f90f49,False,0.01,2.0,20.75767530000303,3.638939073438052,"x0,x1,x2,x3",4,0.25,0.25,,,,,,,
0.12731996365891662,-0.4455720899614919,-2.680410343170612,0.6698779408241419,2.801442650470923,20.0,3.3796036174419486,0.2593354559961032,106.81966540404541,2.1363933080809083,0.7121232942456692,72.61864636253878,75.2140088736971,0.0,rastrigin,value,qnei,exact,gaussian,0.25,20,50,8,6ecec8bc-6b6e-4f9d-b69b-6d60750d6e04,False,0.01,2.0,21.600308000008226,3.638939073438052,"x0,x1,x2,x3",4,0.25,0.25,,,,,,,
5.559544167328312,-6.1050064568190106,1.2203113946857687,-4.257792335162121,9.370036854550856,0.0,1.5780227594560732,2.060916313981979,186.2749879186252,3.7254997583725036,3.680507000470339,104.42064732208897,176.95495378313342,0.0,rastrigin,value,qnei,exact,gaussian,1.0,0,50,8,94fd51c0-ae0c-4400-a5d6-9e8cb70ca62d,False,0.01,2.0,17.406480999998166,3.638939073438052,"x0,x1,x2,x3",4,1.0,1.0,,,,,,,
-0.19979085094902443,-0.23884162387879027,-1.176182393416918,0.07424287916987385,1.2189662559363055,20.0,2.982716477672586,0.6562225957654659,141.22670670816206,2.8245341341632413,0.6562225957654659,91.91572404376122,113.73713207410923,0.0,rastrigin,value,qnei,exact,gaussian,1.0,20,50,8,c4968973-4adc-4a72-88a2-15d4323cd47f,False,0.01,2.0,18.188569700010703,3.638939073438052,"x0,x1,x2,x3",4,1.0,1.0,,,,,,,
5.559544167328312,-6.1050064568190106,1.2203113946857687,-4.257792335162121,9.370036854550856,0.0,1.5644933609978542,2.0744457124401974,208.6497757030103,4.172995514060206,2.8752211513302584,112.61373820773899,170.52731524173376,0.0,rastrigin,value,qnei,exact,gaussian,5.0,0,50,8,1356d69d-004d-4725-b89e-e00980f9f223,False,0.01,2.0,16.443177599998307,3.638939073438052,"x0,x1,x2,x3",4,5.0,5.0,,,,,,,
0.10419520013782847,-0.36467067728223146,-2.193601972083103,0.5482306744215536,2.2926595532055853,20.0,1.2102792494257386,2.428659824012313,184.40590547165215,3.688118109433043,3.6140057011170668,120.89764717850768,155.86418230754953,0.0,rastrigin,value,qnei,exact,gaussian,5.0,20,50,8,8dcbd66b-1de0-4dda-93bd-d1ed0d89c25e,False,0.01,2.0,16.695654399998602,3.638939073438052,"x0,x1,x2,x3",4,5.0,5.0,,,,,,,
0.5429242350906553,-0.5961920367987316,0.11917103463728207,-0.4158000327306759,0.915042661577232,0.0,2.153305282720616,0.0,61.35772160074799,1.2271544320149599,0.0,13.304130496676777,13.304130496676777,0.0,weber_fechner,value,logei,exact,none,0.0,0,50,8,6f40e4c2-8cd7-4179-b885-cf72b69e3b82,True,0.01,2.0,15.008640799991554,2.153305282720616,"x0,x1,x2,x3",4,0.2,0.5,,,,,,,
0.0,0.0,0.0,-0.1643409555375902,0.1643409555375902,20.0,2.153305282720616,0.0,61.35772160074799,1.2271544320149599,0.0,13.304130496676777,13.304130496676777,0.0,weber_fechner,value,logei,exact,none,0.0,20,50,8,6f40e4c2-8cd7-4179-b885-cf72b69e3b82,True,0.01,2.0,15.008640799991554,2.153305282720616,"x0,x1,x2,x3",4,0.2,0.5,,,,,,,
0.5429242350906553,-0.5961920367987316,0.11917103463728207,-0.4158000327306759,0.915042661577232,0.0,2.153305282720616,0.0,27.553433100031313,0.5510686620006262,0.0,12.68413711975281,12.746658906581573,0.0,weber_fechner,value,logei,exact,gaussian,0.05,0,50,8,f5d14db6-2f28-43e9-81d9-436df5580f8b,False,0.01,2.0,14.205298700006097,2.153305282720616,"x0,x1,x2,x3",4,0.05,0.05,,,,,,,
0.0,0.0,0.0,-0.16243849897219054,0.16243849897219054,20.0,2.153305282720616,0.0,41.92055590020524,0.8384111180041047,0.02559522252987234,13.304130496676777,13.662946803873885,0.0,weber_fechner,value,logei,exact,gaussian,0.05,20,50,8,1e8aa3ff-5914-4999-9114-a14f1751e96f,False,0.01,2.0,15.131402500002878,2.153305282720616,"x0,x1,x2,x3",4,0.05,0.05,,,,,,,
0.5429242350906553,-0.5961920367987316,0.11917103463728207,-0.4158000327306759,0.915042661577232,0.0,2.153305282720616,0.0,20.6295596266503,0.41259119253300597,0.09152096514319252,8.128373408044272,11.065483387251142,0.0,weber_fechner,value,logei,exact,gaussian,0.25,0,50,8,ea21f608-63fc-4fbd-94a5-4b864632a809,False,0.01,2.0,13.09687720000511,2.153305282720616,"x0,x1,x2,x3",4,0.25,0.25,,,,,,,
0.0,0.0,0.0,-0.16478783643008532,0.16478783643008532,20.0,2.153305282720616,0.0,28.12271155821759,0.5624542311643518,0.07091329514231193,13.304130496676777,15.471369194639408,0.0,weber_fechner,value,logei,exact,gaussian,0.25,20,50,8,d4d70c8b-4b86-4ec5-b21f-74e44ff4a93f,False,0.01,2.0,13.257141100009903,2.153305282720616,"x0,x1,x2,x3",4,0.25,0.25,,,,,,,
0.5429242350906553,-0.5961920367987316,0.11917103463728207,-0.4158000327306759,0.915042661577232,0.0,1.3499740597881509,0.803331222932465,69.46442783782477,1.3892885567564954,0.9015670012242087,49.35537893290104,61.22495903789017,0.0,weber_fechner,value,logei,exact,gaussian,1.0,0,50,8,0c48498b-3b17-4e37-a7b7-cfb9183f7043,False,0.01,2.0,15.099182200006908,2.153305282720616,"x0,x1,x2,x3",4,1.0,1.0,,,,,,,
0.0,0.0,-0.25322326898900405,0.0,0.25322326898900405,20.0,2.153305282720616,0.0,33.63511472217968,0.6727022944435936,0.18204483238569358,13.304130496676777,18.66254576372282,0.0,weber_fechner,value,logei,exact,gaussian,1.0,20,50,8,1dcdbeae-a43b-4628-a12a-50186c7e9a97,False,0.01,2.0,12.457463200000348,2.153305282720616,"x0,x1,x2,x3",4,1.0,1.0,,,,,,,
0.5429242350906553,-0.5961920367987316,0.11917103463728207,-0.4158000327306759,0.915042661577232,0.0,1.3528731808643213,0.8004321018562945,162.69624059985787,3.2539248119971576,3.8782890112791355,58.47214605858321,173.44875593828894,0.0,weber_fechner,value,logei,exact,gaussian,5.0,0,50,8,44ee8551-71e5-4c27-af6a-565b06111747,False,0.01,2.0,19.053444199991645,2.153305282720616,"x0,x1,x2,x3",4,5.0,5.0,,,,,,,
0.0,0.0,0.0,0.0,0.0,20.0,2.153305282720616,0.0,56.553684713747295,1.131073694274946,0.2552455056952949,13.304130496676777,22.83102879707394,0.0,weber_fechner,value,logei,exact,gaussian,5.0,20,50,8,555d4bb1-f24d-4703-aaa4-ebc97ea6814a,False,0.01,2.0,10.513053400005447,2.153305282720616,"x0,x1,x2,x3",4,5.0,5.0,,,,,,,
0.5429242350906553,-0.5961920367987316,0.11917103463728207,-0.4158000327306759,0.915042661577232,0.0,2.153305282720616,0.0,57.41350206760168,1.1482700413520335,0.0,12.91621773494803,12.91621773494803,0.0,weber_fechner,value,qnei,exact,none,0.0,0,50,8,5c308731-eead-4691-8060-c7a439edf366,True,0.01,2.0,15.03303560000495,2.153305282720616,"x0,x1,x2,x3",4,0.2,0.5,,,,,,,
0.3249946534938596,0.7400858171697903,0.5946001856795344,0.8014424843658561,1.2842149267673704,20.0,2.153305282720616,0.0,57.41350206760168,1.1482700413520335,0.0,12.91621773494803,12.91621773494803,0.0,weber_fechner,value,qnei,exact,none,0.0,20,50,8,5c308731-eead-4691-8060-c7a439edf366,True,0.01,2.0,15.03303560000495,2.153305282720616,"x0,x1,x2,x3",4,0.2,0.5,,,,,,,
0.5429242350906553,-0.5961920367987316,0.11917103463728207,-0.4158000327306759,0.915042661577232,0.0,2.153305282720616,0.0,59.55558105239109,1.1911116210478219,0.0,15.273968139589378,15.408663078010964,0.0,weber_fechner,value,qnei,exact,gaussian,0.05,0,50,8,0642c5f3-69be-429d-a12d-598f8741b92d,False,0.01,2.0,14.205310499994084,2.153305282720616,"x0,x1,x2,x3",4,0.05,0.05,,,,,,,
0.3373993244846458,0.7400858171697903,0.5946001856795344,0.8014424843658561,1.2874100968592812,20.0,2.153305282720616,0.0,63.50715028175867,1.2701430056351735,0.03479956326446354,12.91621773494803,13.072815769638115,0.0,weber_fechner,value,qnei,exact,gaussian,0.05,20,50,8,05aa55b5-a949-468a-ab1b-b285f473c08b,False,0.01,2.0,14.60160179999366,2.153305282720616,"x0,x1,x2,x3",4,0.05,0.05,,,,,,,
0.5429242350906553,-0.5961920367987316,0.11917103463728207,-0.4158000327306759,0.915042661577232,0.0,2.1522740683418102,0.0010312143788056005,40.92738948365927,0.8185477896731854,0.17912789453118982,17.25441061698744,24.94353315181464,0.0,weber_fechner,value,qnei,exact,gaussian,0.25,0,50,8,a08bd89a-2411-461b-a7f2-b1157a3c8b4f,False,0.01,2.0,13.811553999999887,2.153305282720616,"x0,x1,x2,x3",4,0.25,0.25,,,,,,,
0.5821417354327757,0.7400858171697903,0.5946001856795344,-0.19855751563414392,1.1311898535318907,20.0,2.153305282720616,0.0,50.987981294211174,1.0197596258842234,0.15033494866135655,12.91621773494803,16.76701635973605,0.0,weber_fechner,value,qnei,exact,gaussian,0.25,20,50,8,e7bacf0c-259f-417d-bf99-ab6a4ebcc1fa,False,0.01,2.0,14.200483000007807,2.153305282720616,"x0,x1,x2,x3",4,0.25,0.25,,,,,,,
0.5429242350906553,-0.5961920367987316,0.11917103463728207,-0.4158000327306759,0.915042661577232,0.0,2.153305282720616,0.0,54.260362440079376,1.0852072488015876,0.9836567998304826,20.40037456199189,33.16592982658632,0.0,weber_fechner,value,qnei,exact,gaussian,1.0,0,50,8,670434de-ad73-460b-b591-5d73931294e3,False,0.01,2.0,14.380431600002339,2.153305282720616,"x0,x1,x2,x3",4,1.0,1.0,,,,,,,
0.5821417354327757,0.7400858171697903,0.5946001856795344,-0.19855751563414392,1.1311898535318907,20.0,2.153305282720616,0.0,62.602934217020255,1.2520586843404051,0.17624253666051803,12.91621773494803,17.66211683941267,0.0,weber_fechner,value,qnei,exact,gaussian,1.0,20,50,8,f981e23d-aa35-4ce6-baa7-b06dcd939be8,False,0.01,2.0,14.31464219999907,2.153305282720616,"x0,x1,x2,x3",4,1.0,1.0,,,,,,,
0.5429242350906553,-0.5961920367987316,0.11917103463728207,-0.4158000327306759,0.915042661577232,0.0,1.7774745190454782,0.3758307636751377,125.4414676295271,2.508829352590542,1.444990024740119,35.046907395746985,89.18056319681236,0.0,weber_fechner,value,qnei,exact,gaussian,5.0,0,50,8,f2362a09-447e-48ba-976b-7d4477e27f23,False,0.01,2.0,19.74463819999073,2.153305282720616,"x0,x1,x2,x3",4,5.0,5.0,,,,,,,
0.5821417354327757,0.12295550020660007,0.5946001856795344,-0.19855751563414392,0.8642809282800814,20.0,2.153305282720616,0.0,126.37006405056148,2.5274012810112296,2.604648496992703,12.91621773494803,101.00400638896234,0.0,weber_fechner,value,qnei,exact,gaussian,5.0,20,50,8,936adf63-7ca9-4a09-8e15-15ad94ae4990,False,0.01,2.0,14.976713900003233,2.153305282720616,"x0,x1,x2,x3",4,5.0,5.0,,,,,,,
0.5429242350906553,-0.5961920367987316,0.11917103463728207,-0.4158000327306759,0.915042661577232,0.0,2.8490170586949493,0.10848272288696803,61.841296938768764,1.2368259387753753,0.10848272288696803,34.696934661551346,34.696934661551346,0.0,moving_peaks,value,logei,exact,none,0.0,0,50,8,2cb7e837-b20c-4500-80cd-e5b97d35ec0b,True,0.01,2.0,17.911383200000273,2.9574997815819173,"x0,x1,x2,x3",4,0.2,0.5,,,,,,,
0.5668761086610696,-0.4506155296858127,-0.22811694402099503,-0.41669989644812483,0.866071025963863,20.0,2.8490170586949493,0.10848272288696803,61.841296938768764,1.2368259387753753,0.10848272288696803,34.696934661551346,34.696934661551346,0.0,moving_peaks,value,logei,exact,none,0.0,20,50,8,2cb7e837-b20c-4500-80cd-e5b97d35ec0b,True,0.01,2.0,17.911383200000273,2.9574997815819173,"x0,x1,x2,x3",4,0.2,0.5,,,,,,,
0.5429242350906553,-0.5961920367987316,0.11917103463728207,-0.4158000327306759,0.915042661577232,0.0,2.7636746325251664,0.19382514905675086,66.46085823289513,1.3292171646579027,0.19382514905675086,35.732944939922945,35.732944939922945,0.0,moving_peaks,value,logei,exact,gaussian,0.05,0,50,8,60763b97-3602-4a7a-8932-17590df0eacd,False,0.01,2.0,17.040413499998976,2.9574997815819173,"x0,x1,x2,x3",4,0.05,0.05,,,,,,,
-0.014711025436863479,0.312018797318666,0.000860607222282761,-0.03383769674344639,0.314194007764762,20.0,2.7037983626307214,0.2537014189511959,65.01792006959765,1.300358401391953,0.2537014189511959,40.46546126100286,41.085377000525924,0.0,moving_peaks,value,logei,exact,gaussian,0.05,20,50,8,7c4025a2-6cc2-4e2e-9143-700cb217f0c7,False,0.01,2.0,17.756072400006815,2.9574997815819173,"x0,x1,x2,x3",4,0.05,0.05,,,,,,,
0.5429242350906553,-0.5961920367987316,0.11917103463728207,-0.4158000327306759,0.915042661577232,0.0,2.3275888996014253,0.6299108819804919,92.82301235285358,1.8564602470570717,0.7291448429553564,37.621564740288676,40.152030745147734,0.0,moving_peaks,value,logei,exact,gaussian,0.25,0,50,8,cb2c7a59-d126-4ae8-842b-e82c5e558b4f,False,0.01,2.0,14.312191800010623,2.9574997815819173,"x0,x1,x2,x3",4,0.25,0.25,,,,,,,
0.5529795808479988,-0.44242695444209457,-0.22649078773360076,-0.4217243545065824,0.8547967799213544,20.0,2.358421912996312,0.5990778685856051,72.81301226814114,1.4562602453628228,0.6926964537083378,48.38901674802104,49.873379785527675,0.0,moving_peaks,value,logei,exact,gaussian,0.25,20,50,8,3094784b-bfec-4f89-aef3-3e9e2bbae98d,False,0.01,2.0,17.571248100008233,2.9574997815819173,"x0,x1,x2,x3",4,0.25,0.25,,,,,,,
0.5429242350906553,-0.5961920367987316,0.11917103463728207,-0.4158000327306759,0.915042661577232,0.0,2.1389876629950724,0.8185121185868449,76.14569608338519,1.522913921667704,1.0904119224696145,48.86725122880254,53.207973246880094,0.0,moving_peaks,value,logei,exact,gaussian,1.0,0,50,8,3832879a-f210-499e-83b6-b6b203bb3d15,False,0.01,2.0,18.821261899996898,2.9574997815819173,"x0,x1,x2,x3",4,1.0,1.0,,,,,,,
0.004936571945206414,0.08917611712931361,0.057775790674430505,-0.042919676368516346,0.11470348824889788,20.0,2.4835595052432384,0.47394027633867886,73.46878141078612,1.4693756282157224,1.2569537686480143,42.90497828203814,48.15632473559443,0.0,moving_peaks,value,logei,exact,gaussian,1.0,20,50,8,c3fb14f2-613f-4884-8e68-4f999d93bf6c,False,0.01,2.0,18.98877199999697,2.9574997815819173,"x0,x1,x2,x3",4,1.0,1.0,,,,,,,
0.5429242350906553,-0.5961920367987316,0.11917103463728207,-0.4158000327306759,0.915042661577232,0.0,1.7996282073127823,1.157871574269135,142.9881968175568,2.859763936351136,3.76432890937188,58.476012085690094,171.69455533151938,0.0,moving_peaks,value,logei,exact,gaussian,5.0,0,50,8,60712c17-a6db-426b-8c39-c41288a85de5,False,0.01,2.0,19.94102880000719,2.9574997815819173,"x0,x1,x2,x3",4,5.0,5.0,,,,,,,
0.02309139560286927,-0.46153950963408835,0.015606413593237223,0.0996065025955074,0.472987258822809,20.0,2.0449639795523424,0.9125358020295748,124.5808863253958,2.491617726507916,1.336226049051203,54.427971843737346,67.86707742836113,0.0,moving_peaks,value,logei,exact,gaussian,5.0,20,50,8,847c75e3-3a39-4eae-80ac-dd31d37de0f7,False,0.01,2.0,17.533090299999458,2.9574997815819173,"x0,x1,x2,x3",4,5.0,5.0,,,,,,,
0.5429242350906553,-0.5961920367987316,0.11917103463728207,-0.4158000327306759,0.915042661577232,0.0,2.524760872413779,0.4327389091681382,77.6044971947814,1.552089943895628,0.4327389091681382,32.25375978879772,32.25375978879772,0.0,moving_peaks,value,qnei,exact,none,0.0,0,50,8,24e8b08f-4662-43f6-80e3-8b247e348410,True,0.01,2.0,18.875290900003165,2.9574997815819173,"x0,x1,x2,x3",4,0.2,0.5,,,,,,,
-0.07260747293493314,-0.004841062753586867,-0.04189918544677851,-0.11359061425025396,0.14125739060818995,20.0,2.524760872413779,0.4327389091681382,77.6044971947814,1.552089943895628,0.4327389091681382,32.25375978879772,32.25375978879772,0.0,moving_peaks,value,qnei,exact,none,0.0,20,50,8,24e8b08f-4662-43f6-80e3-8b247e348410,True,0.01,2.0,18.875290900003165,2.9574997815819173,"x0,x1,x2,x3",4,0.2,0.5,,,,,,,
0.5429242350906553,-0.5961920367987316,0.11917103463728207,-0.4158000327306759,0.915042661577232,0.0,2.5085348603563107,0.4489649212256066,75.11351417288579,1.5022702834577157,0.4489649212256066,42.18675823577088,42.224680104872704,0.0,moving_peaks,value,qnei,exact,gaussian,0.05,0,50,8,e9903b13-ecf1-4ce8-8304-fc536062ac1f,False,0.01,2.0,21.76483170001302,2.9574997815819173,"x0,x1,x2,x3",4,0.05,0.05,,,,,,,
-0.0706909041705934,-0.004926863676415927,-0.04099872735615129,-0.11354675173388173,0.13998299322518365,20.0,2.6141860973459417,0.34331368423597564,68.53762483295074,1.3707524966590148,0.34331368423597564,32.405456162725066,32.85459896278346,0.0,moving_peaks,value,qnei,exact,gaussian,0.05,20,50,8,19d08c4a-555e-4de6-9544-536717a497e1,False,0.01,2.0,19.351412299991352,2.9574997815819173,"x0,x1,x2,x3",4,0.05,0.05,,,,,,,
0.5429242350906553,-0.5961920367987316,0.11917103463728207,-0.4158000327306759,0.915042661577232,0.0,2.2844388108973517,0.6730609706845656,82.88323579533663,1.6576647159067326,0.6730609706845656,43.84273602008967,53.19845264432113,0.0,moving_peaks,value,qnei,exact,gaussian,0.25,0,50,8,1947831f-5735-4feb-a091-c7e1308da84f,False,0.01,2.0,17.851926800009096,2.9574997815819173,"x0,x1,x2,x3",4,0.25,0.25,,,,,,,
-0.06861172350638883,-0.005432025502016491,-0.03950368670886073,-0.11360982454638135,0.1385814165053276,20.0,2.493490280198185,0.4640095013837322,73.03930103604532,1.4607860207209062,0.601084096588826,33.787493705370345,36.71869472556954,0.0,moving_peaks,value,qnei,exact,gaussian,0.25,20,50,8,98af13bd-2df9-4cc2-90a1-961015e08bc3,False,0.01,2.0,18.90427839999029,2.9574997815819173,"x0,x1,x2,x3",4,0.25,0.25,,,,,,,
0.5429242350906553,-0.5961920367987316,0.11917103463728207,-0.4158000327306759,0.915042661577232,0.0,1.8620713381837088,1.0954284433982084,107.59538760225777,2.1519077520451555,2.323686401823494,55.759735892804784,87.3047378852036,0.0,moving_peaks,value,qnei,exact,gaussian,1.0,0,50,8,c1d11040-a282-4a34-a716-44a74cf5088f,False,0.01,2.0,17.19830620000721,2.9574997815819173,"x0,x1,x2,x3",4,1.0,1.0,,,,,,,
0.6832219114239886,-0.12362456880169448,-0.3270583946985107,-0.3604170672526378,0.8479049888820165,20.0,2.3509433248287133,0.606556456753204,98.94091550780821,1.9788183101561643,1.084265051341917,36.69906494381081,50.279098718857256,0.0,moving_peaks,value,qnei,exact,gaussian,1.0,20,50,8,4d633398-c943-40ec-a2e3-1ac370a8c535,False,0.01,2.0,17.282261200001813,2.9574997815819173,"x0,x1,x2,x3",4,1.0,1.0,,,,,,,
0.5429242350906553,-0.5961920367987316,0.11917103463728207,-0.4158000327306759,0.915042661577232,0.0,1.7996282073127823,1.157871574269135,162.2765595143106,3.2455311902862123,3.1843993684239447,58.476012085690094,148.3705038387526,0.0,moving_peaks,value,qnei,exact,gaussian,5.0,0,50,8,86473645-b208-4df8-87da-476316922c1e,False,0.01,2.0,21.10585269999865,2.9574997815819173,"x0,x1,x2,x3",4,5.0,5.0,,,,,,,
-0.09844775297827735,0.05901365494065458,-0.08465003167210639,-0.13245791749741942,0.19464146348033953,20.0,2.3509433248287133,0.606556456753204,127.33098631266112,2.5466197262532226,1.3163745020821658,36.69906494381081,56.928879235686225,0.0,moving_peaks,value,qnei,exact,gaussian,5.0,20,50,8,63675506-a936-4419-adbf-97be099e85f2,False,0.01,2.0,17.3293479999993,2.9574997815819173,"x0,x1,x2,x3",4,5.0,5.0,,,,,,,
0.5429242350906553,-0.5961920367987316,0.11917103463728207,-0.4158000327306759,0.915042661577232,0.0,1.7175746997911816,0.0,40.09792374465685,0.8019584748931371,0.0,7.605052379716508,7.605052379716508,0.0,power_law_practice,value,logei,exact,none,0.0,0,50,8,42be2ed5-7893-4dc3-85f6-320abd1dbcb6,True,0.01,2.0,16.5431821999955,1.7175746997911816,"x0,x1,x2,x3",4,0.2,0.5,,,,,,,
1.0,-1.0,1.0,0.2485218734197281,1.749789450639148,20.0,1.7175746997911816,0.0,40.09792374465685,0.8019584748931371,0.0,7.605052379716508,7.605052379716508,0.0,power_law_practice,value,logei,exact,none,0.0,20,50,8,42be2ed5-7893-4dc3-85f6-320abd1dbcb6,True,0.01,2.0,16.5431821999955,1.7175746997911816,"x0,x1,x2,x3",4,0.2,0.5,,,,,,,
0.5429242350906553,-0.5961920367987316,0.11917103463728207,-0.4158000327306759,0.915042661577232,0.0,1.7175746997911816,0.0,11.948050926016627,0.23896101852033255,0.0,5.058078461574763,5.058078461574763,0.0,power_law_practice,value,logei,exact,gaussian,0.05,0,50,8,5cea33d5-b9c1-4ffa-855d-a081f729c7d4,False,0.01,2.0,11.038917899990338,1.7175746997911816,"x0,x1,x2,x3",4,0.05,0.05,,,,,,,
1.0,-1.0,1.0,0.2508030652180008,1.75011490409137,20.0,1.7175746997911816,0.0,33.779019239206676,0.6755803847841335,0.0,7.605052379716508,7.605052379716508,0.0,power_law_practice,value,logei,exact,gaussian,0.05,20,50,8,edf9230f-7668-4d36-a61b-ab5e6581b387,False,0.01,2.0,16.501471799987485,1.7175746997911816,"x0,x1,x2,x3",4,0.05,0.05,,,,,,,
0.5429242350906553,-0.5961920367987316,0.11917103463728207,-0.4158000327306759,0.915042661577232,0.0,1.7175746997911816,0.0,12.489033895438062,0.24978067790876124,0.0,7.147207134952145,16.159526546118975,0.0,power_law_practice,value,logei,exact,gaussian,0.25,0,50,8,be095d16-0603-4945-ae3d-d604fd9a5a6b,False,0.01,2.0,10.634210799995344,1.7175746997911816,"x0,x1,x2,x3",4,0.25,0.25,,,,,,,
1.0,-1.0,1.0,0.2426937207238421,1.7489711953256355,20.0,1.7175746997911816,0.0,37.28133383143391,0.7456266766286782,0.11695452087314218,7.605052379716508,10.002620057615923,0.0,power_law_practice,value,logei,exact,gaussian,0.25,20,50,8,a12a6fd4-f375-49b0-b325-1a65feb8c28e,False,0.01,2.0,15.374222300000838,1.7175746997911816,"x0,x1,x2,x3",4,0.25,0.25,,,,,,,
0.5429242350906553,-0.5961920367987316,0.11917103463728207,-0.4158000327306759,0.915042661577232,0.0,1.5628529686610277,0.15472173113015386,66.75335992534318,1.3350671985068636,0.3596327335187486,22.73934201044016,48.496550442422375,0.0,power_law_practice,value,logei,exact,gaussian,1.0,0,50,8,b83a273c-ac41-4331-a3be-4f55eee0b9ea,False,0.01,2.0,13.503373100000317,1.7175746997911816,"x0,x1,x2,x3",4,1.0,1.0,,,,,,,
1.0,-1.0,0.0,0.3466468227749123,1.4560783013766607,20.0,1.7175746997911816,0.0,56.75341900164773,1.1350683800329546,0.0891453967104261,7.605052379716508,23.866986764097167,0.0,power_law_practice,value,logei,exact,gaussian,1.0,20,50,8,8520b6d3-bfe5-4746-98e8-07154f766dee,False,0.01,2.0,15.54875549999997,1.7175746997911816,"x0,x1,x2,x3",4,1.0,1.0,,,,,,,
0.5429242350906553,-0.5961920367987316,0.11917103463728207,-0.4158000327306759,0.915042661577232,0.0,0.7183311832444667,0.999243516546715,94.13517562876935,1.8827035125753868,2.0463577098069923,48.96293231078903,90.63293040192345,0.0,power_law_practice,value,logei,exact,gaussian,5.0,0,50,8,512cb8ff-6d24-48f9-8a47-6245f41a62fa,False,0.01,2.0,22.24659619999875,1.7175746997911816,"x0,x1,x2,x3",4,5.0,5.0,,,,,,,
0.0,0.0,0.0,-0.04684741732821318,0.04684741732821318,20.0,1.7175746997911816,0.0,41.89882742826465,0.837976548565293,0.11365567225141948,7.605052379716508,20.397424895824088,0.0,power_law_practice,value,logei,exact,gaussian,5.0,20,50,8,0ac949e9-68f9-40aa-b7c5-6ed73b4dd9f5,False,0.01,2.0,14.258686599991051,1.7175746997911816,"x0,x1,x2,x3",4,5.0,5.0,,,,,,,
0.5429242350906553,-0.5961920367987316,0.11917103463728207,-0.4158000327306759,0.915042661577232,0.0,1.7175746997911816,0.0,60.09996311308723,1.2019992622617446,0.0,7.6845199477273365,7.6845199477273365,0.0,power_law_practice,value,qnei,exact,none,0.0,0,50,8,0738c6d7-ddd7-48db-82d5-54d07e34b279,True,0.01,2.0,11.877528700002586,1.7175746997911816,"x0,x1,x2,x3",4,0.2,0.5,,,,,,,
0.5712153172289521,0.09558037970979216,-0.06546453205360947,0.6801346480847003,0.8957071463959286,20.0,1.7175746997911816,0.0,60.09996311308723,1.2019992622617446,0.0,7.6845199477273365,7.6845199477273365,0.0,power_law_practice,value,qnei,exact,none,0.0,20,50,8,0738c6d7-ddd7-48db-82d5-54d07e34b279,True,0.01,2.0,11.877528700002586,1.7175746997911816,"x0,x1,x2,x3",4,0.2,0.5,,,,,,,
0.5429242350906553,-0.5961920367987316,0.11917103463728207,-0.4158000327306759,0.915042661577232,0.0,1.7175746997911816,0.0,61.30120860953543,1.2260241721907086,0.0,5.646454499992027,5.646454499992027,0.0,power_law_practice,value,qnei,exact,gaussian,0.05,0,50,8,67a15c73-4df6-4ef2-82f3-46a6de51ed22,False,0.01,2.0,11.50565849999839,1.7175746997911816,"x0,x1,x2,x3",4,0.05,0.05,,,,,,,
0.5712153172289521,0.09558037970979216,-0.06546453205360947,0.6801346480847003,0.8957071463959286,20.0,1.7175746997911816,0.0,61.3206939087878,1.226413878175756,0.0,7.6845199477273365,7.770169049340486,0.0,power_law_practice,value,qnei,exact,gaussian,0.05,20,50,8,cf96a8a8-7323-48fc-9086-76cc11a9c63b,False,0.01,2.0,11.828003900009207,1.7175746997911816,"x0,x1,x2,x3",4,0.05,0.05,,,,,,,
0.5429242350906553,-0.5961920367987316,0.11917103463728207,-0.4158000327306759,0.915042661577232,0.0,1.7175746997911816,0.0,35.07407936180078,0.7014815872360155,0.04661284512113939,6.220229032140205,7.930267723371193,0.0,power_law_practice,value,qnei,exact,gaussian,0.25,0,50,8,cf588ceb-05b2-47ec-a814-c3aff461781e,False,0.01,2.0,12.779425300002913,1.7175746997911816,"x0,x1,x2,x3",4,0.25,0.25,,,,,,,
0.5712153172289521,0.09558037970979216,-0.06546453205360947,0.6801346480847003,0.8957071463959286,20.0,1.7175746997911816,0.0,46.52217519813911,0.9304435039627822,0.04282455080657477,7.6845199477273365,9.337554263647297,0.0,power_law_practice,value,qnei,exact,gaussian,0.25,20,50,8,11b15cc2-d7d0-4ac9-b0a8-5df87079333b,False,0.01,2.0,11.248061399994185,1.7175746997911816,"x0,x1,x2,x3",4,0.25,0.25,,,,,,,
0.5429242350906553,-0.5961920367987316,0.11917103463728207,-0.4158000327306759,0.915042661577232,0.0,1.5859950661322157,0.13157963365896586,40.676550876520054,0.813531017530401,0.6842755265561542,17.43901821230753,33.83977636181621,0.0,power_law_practice,value,qnei,exact,gaussian,1.0,0,50,8,eda2ec92-b718-409c-a390-3fe5ce62ab8a,False,0.01,2.0,16.655781699999352,1.7175746997911816,"x0,x1,x2,x3",4,1.0,1.0,,,,,,,
0.5821417354327757,0.7400858171697903,0.5946001856795344,0.6861336870643621,1.308030899575095,20.0,1.7175746997911816,0.0,56.225442344306046,1.1245088468861208,0.1976379590173536,7.6845199477273365,17.98450280412848,0.0,power_law_practice,value,qnei,exact,gaussian,1.0,20,50,8,1055f13b-d933-4884-853d-a5b191331b42,False,0.01,2.0,13.312881899997592,1.7175746997911816,"x0,x1,x2,x3",4,1.0,1.0,,,,,,,
0.5429242350906553,-0.5961920367987316,0.11917103463728207,-0.4158000327306759,0.915042661577232,0.0,1.5706462481361338,0.14692845165504775,65.00166229011448,1.3000332458022896,0.45938247021669576,14.094988188898077,62.672316373651554,0.0,power_law_practice,value,qnei,exact,gaussian,5.0,0,50,8,08226c14-bceb-4f1d-814e-e6c909b025ca,False,0.01,2.0,18.38579060000484,1.7175746997911816,"x0,x1,x2,x3",4,5.0,5.0,,,,,,,
0.34563178973804354,0.7400858171697903,0.5946001856795344,0.8014424843658561,1.2895921011738756,20.0,1.7175746997911816,0.0,58.88248147884016,1.1776496295768033,0.14046600583410251,7.6845199477273365,11.687801113999258,0.0,power_law_practice,value,qnei,exact,gaussian,5.0,20,50,8,933177e4-2d1c-4c68-b21a-e0f7a42e7b53,False,0.01,2.0,12.743872000006377,1.7175746997911816,"x0,x1,x2,x3",4,5.0,5.0,,,,,,,
-0.08261438120043962,-1.9872790751789653,,,1.9889955401220223,0.0,1.249850904848496,0.00020456105157262705,17.047991293837214,0.3409598258767443,0.00020456105157262705,5.895329293444757,5.895329293444757,0.0,branin,value,logei,exact,none,0.0,0,50,8,fa16231c-3b35-439c-a56f-cb5c8261bc0e,True,0.01,2.0,10.634880899990094,1.2500554659000687,"x0,x1",2,0.2,0.5,,,,,,,
0.0,-0.014312288721352484,,,0.014312288721352484,20.0,1.249850904848496,0.00020456105157262705,17.047991293837214,0.3409598258767443,0.00020456105157262705,5.895329293444757,5.895329293444757,0.0,branin,value,logei,exact,none,0.0,20,50,8,fa16231c-3b35-439c-a56f-cb5c8261bc0e,True,0.01,2.0,10.634880899990094,1.2500554659000687,"x0,x1",2,0.2,0.5,,,,,,,
-0.08261438120043962,-1.9872790751789653,,,1.9889955401220223,0.0,1.2488195694260014,0.0012358964740672995,15.77946517263943,0.31558930345278857,0.006669217463908028,5.596759347367504,6.1210928558874755,0.0,branin,value,logei,exact,gaussian,0.05,0,50,8,aa677ec4-c5d1-4d61-ba65-22968798167b,False,0.01,2.0,9.84857539999939,1.2500554659000687,"x0,x1",2,0.05,0.05,,,,,,,
0.0,-0.0313066240951847,,,0.0313066240951847,20.0,1.176021267049355,0.0740341988507136,16.896326081385112,0.33792652162770226,0.08206560199374802,7.621025623621109,7.833621955232056,0.0,branin,value,logei,exact,gaussian,0.05,20,50,8,a0a113e7-4b02-4222-9699-0445949fa2cf,False,0.01,2.0,10.214969599997858,1.2500554659000687,"x0,x1",2,0.05,0.05,,,,,,,
-0.08261438120043962,-1.9872790751789653,,,1.9889955401220223,0.0,1.24497323830045,0.005082227599618738,15.798029473717179,0.3159605894743436,0.13502507315698464,8.787137344417738,11.46157361992167,0.0,branin,value,logei,exact,gaussian,0.25,0,50,8,b989bb9d-0557-4564-bb89-35722c6b2b14,False,0.01,2.0,9.782604199994239,1.2500554659000687,"x0,x1",2,0.25,0.25,,,,,,,
0.0,-0.20023382142509316,,,0.20023382142509316,20.0,1.1760870997855912,0.07396836611447744,16.616268186183387,0.3323253637236677,0.07460534992405599,7.6198192427089735,7.673003531948419,0.0,branin,value,logei,exact,gaussian,0.25,20,50,8,27ef086b-649b-42ce-bcdf-d5a5b215bd7f,False,0.01,2.0,9.522784100001445,1.2500554659000687,"x0,x1",2,0.25,0.25,,,,,,,
-0.08261438120043962,-1.9872790751789653,,,1.9889955401220223,0.0,1.2494195977305826,0.0006358681694860202,16.001140708374365,0.3200228141674873,0.0006358681694860202,5.726735596092574,10.391729008297395,0.0,branin,value,logei,exact,gaussian,1.0,0,50,8,0b66d38d-0aae-4bee-a650-666a63ef9f87,False,0.01,2.0,9.664058499998646,1.2500554659000687,"x0,x1",2,1.0,1.0,,,,,,,
0.0,-0.04157729661948162,,,0.04157729661948162,20.0,1.1761010396915712,0.07395442620849746,19.60805186357834,0.39216103727156676,0.2733576628057126,7.618785555998603,10.916196698663912,0.0,branin,value,logei,exact,gaussian,1.0,20,50,8,b374aab7-74c0-4e37-a303-58585d0dd47b,False,0.01,2.0,8.955329800010077,1.2500554659000687,"x0,x1",2,1.0,1.0,,,,,,,
-0.08261438120043962,-1.9872790751789653,,,1.9889955401220223,0.0,1.168823164514897,0.08123230138517168,45.480946391781536,0.9096189278356307,0.7151532081714794,7.692378661700364,23.62451918962409,0.0,branin,value,logei,exact,gaussian,5.0,0,50,8,a93f90cd-b59f-4716-b665-30687fd49649,False,0.01,2.0,10.063902000008966,1.2500554659000687,"x0,x1",2,5.0,5.0,,,,,,,
0.0,0.130434414776869,,,0.130434414776869,20.0,1.1760432401049303,0.07401222579513833,25.094443520086536,0.5018888704017307,0.07404966542704106,7.620937664565828,8.724935146186082,0.0,branin,value,logei,exact,gaussian,5.0,20,50,8,215c1368-7265-4e2f-9512-44aa40ed01e3,False,0.01,2.0,8.427377999993041,1.2500554659000687,"x0,x1",2,5.0,5.0,,,,,,,
-0.08261438120043962,-1.9872790751789653,,,1.9889955401220223,0.0,1.2499671576747062,8.830822536243232e-05,15.070604833018812,0.30141209666037627,8.830822536243232e-05,5.131381350988835,5.131381350988835,0.0,branin,value,qnei,exact,none,0.0,0,50,8,623a0bd2-7e86-4623-a022-057c0d75f58b,True,0.01,2.0,11.056922400006442,1.2500554659000687,"x0,x1",2,0.2,0.5,,,,,,,
0.321809319953668,0.07213993228478599,,,0.32979601004120074,20.0,1.2499671576747062,8.830822536243232e-05,15.070604833018812,0.30141209666037627,8.830822536243232e-05,5.131381350988835,5.131381350988835,0.0,branin,value,qnei,exact,none,0.0,20,50,8,623a0bd2-7e86-4623-a022-057c0d75f58b,True,0.01,2.0,11.056922400006442,1.2500554659000687,"x0,x1",2,0.2,0.5,,,,,,,
-0.08261438120043962,-1.9872790751789653,,,1.9889955401220223,0.0,1.2498093178817014,0.00024614801836730926,18.55473591312059,0.3710947182624118,0.001351004475411477,5.198698889983567,5.4584451463346975,0.0,branin,value,qnei,exact,gaussian,0.05,0,50,8,bb647830-8862-44cb-a96b-2cdbf5940f0b,False,0.01,2.0,11.145928199999616,1.2500554659000687,"x0,x1",2,0.05,0.05,,,,,,,
0.2963034745721451,0.039045472455015995,,,0.29886501629123685,20.0,1.2495599600945633,0.0004955058055053918,20.16774963985599,0.40335499279711984,0.004250985589137057,5.138774582687194,5.442257263967966,0.0,branin,value,qnei,exact,gaussian,0.05,20,50,8,5a6d46ec-b3fa-465d-b89f-ff33f8bc1cb0,False,0.01,2.0,12.11239629999909,1.2500554659000687,"x0,x1",2,0.05,0.05,,,,,,,
-0.08261438120043962,-1.9872790751789653,,,1.9889955401220223,0.0,1.2369961802407754,0.013059285659293263,24.992829285777567,0.49985658571555136,0.057562246101487524,6.242835280986485,13.135218695509842,0.0,branin,value,qnei,exact,gaussian,0.25,0,50,8,2d301ccc-d13e-4270-9121-617fb33cab27,False,0.01,2.0,11.253679599991301,1.2500554659000687,"x0,x1",2,0.25,0.25,,,,,,,
0.29459340153060376,0.007210805358524031,,,0.2946816382798393,20.0,1.2493896721893745,0.0006657937106941958,19.063618200323646,0.3812723640064729,0.10443684442496504,5.141414045217622,6.495985560487749,0.0,branin,value,qnei,exact,gaussian,0.25,20,50,8,c71b092e-473c-4f5f-91ea-b3bbda5e1aef,False,0.01,2.0,11.219599299991387,1.2500554659000687,"x0,x1",2,0.25,0.25,,,,,,,
-0.08261438120043962,-1.9872790751789653,,,1.9889955401220223,0.0,1.236447849721826,0.013607616178242576,38.01378327102475,0.760275665420495,0.7834464992780299,11.636663740097147,37.17098130648414,0.0,branin,value,qnei,exact,gaussian,1.0,0,50,8,d8955281-b2a8-4025-a2ee-8c341dbb8cbe,False,0.01,2.0,11.81674429999839,1.2500554659000687,"x0,x1",2,1.0,1.0,,,,,,,
-0.42596665970030045,0.07878757610761888,,,0.433191732752537,20.0,1.2493896721893745,0.0006657937106941958,30.050961517266625,0.6010192303453326,0.06289653812456719,5.141414045217622,6.873622333912505,0.0,branin,value,qnei,exact,gaussian,1.0,20,50,8,08ee11e4-39fc-4cce-9a9e-02d6f18ad070,False,0.01,2.0,11.143232800008263,1.2500554659000687,"x0,x1",2,1.0,1.0,,,,,,,
-0.08261438120043962,-1.9872790751789653,,,1.9889955401220223,0.0,1.1755360579770753,0.07451940792299339,50.04511766235679,1.0009023532471357,0.5055316653250919,8.56402666608335,47.18436807175757,0.0,branin,value,qnei,exact,gaussian,5.0,0,50,8,6f308819-0b56-43b7-a4f8-d1e6caa4b3af,False,0.01,2.0,11.242734999992535,1.2500554659000687,"x0,x1",2,5.0,5.0,,,,,,,
1.9428781310042536,-1.9589245550600543,,,2.7590144697612247,20.0,1.2493896721893745,0.0006657937106941958,47.03956740825564,0.9407913481651129,0.7191024457763094,5.141414045217622,25.61685862908766,0.0,branin,value,qnei,exact,gaussian,5.0,20,50,8,1011d1e9-4d10-4b0e-9d59-a960bf8e938f,False,0.01,2.0,11.331075900001451,1.2500554659000687,"x0,x1",2,5.0,5.0,,,,,,,
-8.45971263492504,-203.49737729832611,,,203.67314330849516,0.0,2.9175596937583266,0.28748583729673216,86.13159730970898,1.7226319461941797,0.28748583729673216,35.84598660504486,35.84598660504486,0.0,eggholder,value,logei,exact,none,0.0,0,50,8,1e7d7984-e79d-4109-a980-282beac751b5,True,0.01,2.0,11.660074300001725,3.2050455310550587,"x0,x1",2,0.2,0.5,,,,,,,
-0.5734585355446598,0.0,,,0.5734585355446598,20.0,2.9175596937583266,0.28748583729673216,86.13159730970898,1.7226319461941797,0.28748583729673216,35.84598660504486,35.84598660504486,0.0,eggholder,value,logei,exact,none,0.0,20,50,8,1e7d7984-e79d-4109-a980-282beac751b5,True,0.01,2.0,11.660074300001725,3.2050455310550587,"x0,x1",2,0.2,0.5,,,,,,,
-8.45971263492504,-203.49737729832611,,,203.67314330849516,0.0,1.8795631952342666,1.3254823358207921,121.07417570988328,2.4214835141976656,1.3946498468866735,78.33134163637155,80.0822934312295,0.0,eggholder,value,logei,exact,gaussian,0.05,0,50,8,fb3ff3e9-fd08-4e32-b1a5-e2adcef4ac08,False,0.01,2.0,12.970633100005216,3.2050455310550587,"x0,x1",2,0.05,0.05,,,,,,,
-92.07459485584587,0.0,,,92.07459485584587,20.0,2.8594010826646787,0.34564444839038,76.16189998136974,1.5232379996273948,0.34564444839038,37.27087257683923,37.27087257683923,0.0,eggholder,value,logei,exact,gaussian,0.05,20,50,8,254d1c3a-debe-43bb-8b64-8a74d582b321,False,0.01,2.0,10.443877999990946,3.2050455310550587,"x0,x1",2,0.05,0.05,,,,,,,
-8.45971263492504,-203.49737729832611,,,203.67314330849516,0.0,2.9155858558465906,0.28945967520846816,91.22340452793838,1.8244680905587678,0.3137487414175735,42.995737507445114,48.348261387046925,0.0,eggholder,value,logei,exact,gaussian,0.25,0,50,8,cd66ef85-1b37-4175-ada0-9de9a61b4a40,False,0.01,2.0,12.018701599998167,3.2050455310550587,"x0,x1",2,0.25,0.25,,,,,,,
0.9719339203654727,0.0,,,0.9719339203654727,20.0,2.954219931096327,0.2508255999587319,79.47182366791047,1.5894364733582094,0.6011929960621636,34.663354244968914,39.271976268492665,0.0,eggholder,value,logei,exact,gaussian,0.25,20,50,8,84c51805-773a-4250-85f5-a084bbdd359f,False,0.01,2.0,11.397741200009477,3.2050455310550587,"x0,x1",2,0.25,0.25,,,,,,,
-8.45971263492504,-203.49737729832611,,,203.67314330849516,0.0,1.3836184941059813,1.8214270369490775,126.13510932664062,2.5227021865328125,1.9106246956797968,93.38857513289756,109.85298008920705,0.0,eggholder,value,logei,exact,gaussian,1.0,0,50,8,28a15660-ba1a-493a-a556-291a6bb86531,False,0.01,2.0,11.920451400001184,3.2050455310550587,"x0,x1",2,1.0,1.0,,,,,,,
-5.856348312575847,0.0,,,5.856348312575847,20.0,2.8594010826646787,0.34564444839038,74.31158954132373,1.4862317908264746,0.3846437469266384,37.27087257683923,38.57673788282094,0.0,eggholder,value,logei,exact,gaussian,1.0,20,50,8,9fb3ca92-a3d6-4b7c-8664-4f31a140f46c,False,0.01,2.0,10.018031400002656,3.2050455310550587,"x0,x1",2,1.0,1.0,,,,,,,
-8.45971263492504,-203.49737729832611,,,203.67314330849516,0.0,1.8496685337725538,1.355376997282505,117.67018614628213,2.3534037229256426,1.772489540012469,71.94223096250884,96.29948011511254,0.0,eggholder,value,logei,exact,gaussian,5.0,0,50,8,a9c5e0f9-39c8-46a3-8b0d-c09bee245977,False,0.01,2.0,9.378971800004365,3.2050455310550587,"x0,x1",2,5.0,5.0,,,,,,,
-136.24928895320656,0.0,,,136.24928895320656,20.0,2.8612291252545727,0.343816405800486,90.81490547108858,1.8162981094217716,0.34906794329856217,37.24070987410598,52.83561030643648,0.0,eggholder,value,logei,exact,gaussian,5.0,20,50,8,6ed25335-4c89-4b5a-9b26-dc54ff98a090,False,0.01,2.0,9.664371999999275,3.2050455310550587,"x0,x1",2,5.0,5.0,,,,,,,
-8.45971263492504,-203.49737729832611,,,203.67314330849516,0.0,1.9387864850433765,1.2662590460116823,113.79171415948245,2.275834283189649,1.2662590460116823,77.4808331878212,77.4808331878212,0.0,eggholder,value,qnei,exact,none,0.0,0,50,8,bf3f96c3-aba9-474f-ae13-d05efe466351,True,0.01,2.0,13.450898700000835,3.2050455310550587,"x0,x1",2,0.2,0.5,,,,,,,
0.5752270711181211,31.13843523048598,,,31.14374792452761,20.0,1.9387864850433765,1.2662590460116823,113.79171415948245,2.275834283189649,1.2662590460116823,77.4808331878212,77.4808331878212,0.0,eggholder,value,qnei,exact,none,0.0,20,50,8,bf3f96c3-aba9-474f-ae13-d05efe466351,True,0.01,2.0,13.450898700000835,3.2050455310550587,"x0,x1",2,0.2,0.5,,,,,,,
-8.45971263492504,-203.49737729832611,,,203.67314330849516,0.0,3.003472531174727,0.20157299988033195,105.22597465742862,2.1045194931485725,0.2039621861430958,53.298867261732255,53.48754688846086,0.0,eggholder,value,qnei,exact,gaussian,0.05,0,50,8,a74eba22-078c-4fbc-bbe4-f2ce353a9819,False,0.01,2.0,13.029197299998486,3.2050455310550587,"x0,x1",2,0.05,0.05,,,,,,,
2.3470365734710583,29.555267185732532,,,29.648311909740308,20.0,2.434815239152516,0.7702302919025428,114.056979077309,2.2811395815461797,0.7702302919025428,73.66472620278924,73.74745138796888,0.0,eggholder,value,qnei,exact,gaussian,0.05,20,50,8,40d30b39-25c8-4e46-8617-617abca8e8f8,False,0.01,2.0,13.057178899995051,3.2050455310550587,"x0,x1",2,0.05,0.05,,,,,,,
-8.45971263492504,-203.49737729832611,,,203.67314330849516,0.0,2.8557292778448584,0.3493162532102003,120.23239022500275,2.4046478045000548,0.4739675307103597,30.420802411754213,32.79407507957736,0.0,eggholder,value,qnei,exact,gaussian,0.25,0,50,8,05e97a08-190f-43cd-9a90-c1e28582473b,False,0.01,2.0,10.740583199993125,3.2050455310550587,"x0,x1",2,0.25,0.25,,,,,,,
4.632987089346315,27.1374706304847,,,27.53010863746217,20.0,1.8636700856654853,1.3413754453895734,118.43702435706675,2.368740487141335,1.3413754453895734,78.55100079700198,79.79610266694081,0.0,eggholder,value,qnei,exact,gaussian,0.25,20,50,8,783f1b0b-ea9f-4e41-b4da-4498202525c6,False,0.01,2.0,12.57459899999958,3.2050455310550587,"x0,x1",2,0.25,0.25,,,,,,,
-8.45971263492504,-203.49737729832611,,,203.67314330849516,0.0,2.990417459853388,0.2146280712016706,130.89520785731523,2.6179041571463046,0.3485192403258748,20.230529690151254,34.683237754725965,0.0,eggholder,value,qnei,exact,gaussian,1.0,0,50,8,82f6529f-73fd-4b70-ba52-315dedd9b75a,False,0.01,2.0,10.354806000003009,3.2050455310550587,"x0,x1",2,1.0,1.0,,,,,,,
15.902607531720378,-11.412388177331025,,,19.57384811982597,20.0,1.866934730370772,1.3381108006842868,120.7966798151186,2.415933596302372,1.8412044446017028,78.79164197059353,95.52285156718706,0.0,eggholder,value,qnei,exact,gaussian,1.0,20,50,8,d52c4841-9929-4826-94e9-ab990605aa5f,False,0.01,2.0,12.822778200003086,3.2050455310550587,"x0,x1",2,1.0,1.0,,,,,,,
-8.45971263492504,-203.49737729832611,,,203.67314330849516,0.0,2.5241051746411958,0.680940356413863,146.30044035004218,2.9260088070008434,1.6341472015331748,58.560006040864884,99.11357200618968,0.0,eggholder,value,qnei,exact,gaussian,5.0,0,50,8,941fe873-f03c-443a-ab0e-1ec6af561fdd,False,0.01,2.0,11.35127110000758,3.2050455310550587,"x0,x1",2,5.0,5.0,,,,,,,
-29.850790395584994,25.456521535373497,,,39.23141822470969,20.0,1.8473021663092375,1.3577433647458212,162.86996040462412,3.2573992080924823,1.3577433647458212,78.64623823516665,78.64623823516665,0.0,eggholder,value,qnei,exact,gaussian,5.0,20,50,8,c808b8aa-8590-4168-9764-90be997787a5,False,0.01,2.0,11.751246899992111,3.2050455310550587,"x0,x1",2,5.0,5.0,,,,,,,
0.5429242350906553,-0.5961920367987316,0.11917103463728207,-0.4158000327306759,0.915042661577232,0.0,1.2903689451444509,6.232654573112839e-06,44.076462514646046,0.881529250292921,6.232654573112839e-06,4.19924613016392,4.19924613016392,0.0,steering_law,value,logei,exact,none,0.0,0,50,8,15b971a1-5d4f-4940-ad93-a89456579aae,True,0.01,2.0,16.243936200000462,1.290375177799024,"x0,x1,x2,x3",4,0.2,0.5,,,,,,,
0.0,0.0,1.0,0.4130299884163604,1.0819398187197007,20.0,1.2903689451444509,6.232654573112839e-06,44.076462514646046,0.881529250292921,6.232654573112839e-06,4.19924613016392,4.19924613016392,0.0,steering_law,value,logei,exact,none,0.0,20,50,8,15b971a1-5d4f-4940-ad93-a89456579aae,True,0.01,2.0,16.243936200000462,1.290375177799024,"x0,x1,x2,x3",4,0.2,0.5,,,,,,,
0.5429242350906553,-0.5961920367987316,0.11917103463728207,-0.4158000327306759,0.915042661577232,0.0,1.290323904335157,5.1273463866907676e-05,15.428395554364046,0.30856791108728093,0.008816173313040965,5.411955257117298,5.68920463115517,0.0,steering_law,value,logei,exact,gaussian,0.05,0,50,8,a16142ab-b8e9-4250-af43-65416d5d4ae2,False,0.01,2.0,15.647674699997879,1.290375177799024,"x0,x1,x2,x3",4,0.05,0.05,,,,,,,
0.0,0.0,1.0,0.4130299884163604,1.0819398187197007,20.0,1.2903689451444509,6.232654573112839e-06,27.372526904481678,0.5474505380896335,0.0004627249019231172,4.19924613016392,4.279550378361415,0.0,steering_law,value,logei,exact,gaussian,0.05,20,50,8,e5ec46de-f2ac-4db7-b747-b92150758b31,False,0.01,2.0,17.086177899996983,1.290375177799024,"x0,x1,x2,x3",4,0.05,0.05,,,,,,,
0.5429242350906553,-0.5961920367987316,0.11917103463728207,-0.4158000327306759,0.915042661577232,0.0,1.2893195363899432,0.0010556414090807653,12.534270347857433,0.25068540695714864,0.09486095338386291,5.064104707598037,6.909451847679872,0.0,steering_law,value,logei,exact,gaussian,0.25,0,50,8,cb0b3dae-87ac-413c-b166-1c2329d46a02,False,0.01,2.0,13.28449730000284,1.290375177799024,"x0,x1,x2,x3",4,0.25,0.25,,,,,,,
0.0,0.0,0.1876095640767834,0.4130299884163604,0.45364206139234875,20.0,1.2903689451444509,6.232654573112839e-06,20.28772386501837,0.4057544773003674,0.000773426283921852,4.19924613016392,7.503575305060923,0.0,steering_law,value,logei,exact,gaussian,0.25,20,50,8,07820954-040c-46fd-8a24-b3aa18766908,False,0.01,2.0,15.290925799999968,1.290375177799024,"x0,x1,x2,x3",4,0.25,0.25,,,,,,,
0.5429242350906553,-0.5961920367987316,0.11917103463728207,-0.4158000327306759,0.915042661577232,0.0,1.2760901152038402,0.014285062595183806,24.261446812725012,0.48522893625450025,0.16264782642582687,8.582762074399968,19.56965781745553,0.0,steering_law,value,logei,exact,gaussian,1.0,0,50,8,86cec07d-4f30-4234-8ecf-eea6332a1ed1,False,0.01,2.0,13.776512700002058,1.290375177799024,"x0,x1,x2,x3",4,1.0,1.0,,,,,,,
0.0,0.0,0.7607074564927677,-0.5869700115836396,0.9608379826288062,20.0,1.2903689451444509,6.232654573112839e-06,31.595520286248476,0.6319104057249695,0.4714217229705262,4.19924613016392,15.571548871223722,0.0,steering_law,value,logei,exact,gaussian,1.0,20,50,8,c3869cc6-ff95-4cba-b6c8-39b75cbedb58,False,0.01,2.0,15.413754599998356,1.290375177799024,"x0,x1,x2,x3",4,1.0,1.0,,,,,,,
0.5429242350906553,-0.5961920367987316,0.11917103463728207,-0.4158000327306759,0.915042661577232,0.0,1.1158586568197952,0.17451652097922876,79.17433852810687,1.5834867705621374,0.2749113625342201,17.438748570782106,75.77317864793932,0.0,steering_law,value,logei,exact,gaussian,5.0,0,50,8,21f57af4-e297-4844-b0a2-e8d79a0b2126,False,0.01,2.0,20.35704600000463,1.290375177799024,"x0,x1,x2,x3",4,5.0,5.0,,,,,,,
0.0,0.5087681020153139,0.0,-0.000696790844076367,0.5087685791651694,20.0,1.2903689451444509,6.232654573112839e-06,29.586175769385434,0.5917235153877087,0.18813891306901187,4.19924613016392,9.27216852036156,0.0,steering_law,value,logei,exact,gaussian,5.0,20,50,8,f63e1c5b-c4ea-4dc8-b8c6-c5ec17d03754,False,0.01,2.0,12.127363100007642,1.290375177799024,"x0,x1,x2,x3",4,5.0,5.0,,,,,,,
0.5429242350906553,-0.5961920367987316,0.11917103463728207,-0.4158000327306759,0.915042661577232,0.0,1.290331130944498,4.404685452596979e-05,27.957190611428356,0.5591438122285671,4.404685452596979e-05,4.207969452211282,4.207969452211282,0.0,steering_law,value,qnei,exact,none,0.0,0,50,8,fd2539f7-5468-470d-bfa3-a6b1b251691d,True,0.01,2.0,14.555721099997754,1.290375177799024,"x0,x1,x2,x3",4,0.2,0.5,,,,,,,
0.0,0.0,1.0,1.0,1.4142135623730951,20.0,1.290331130944498,4.404685452596979e-05,27.957190611428356,0.5591438122285671,4.404685452596979e-05,4.207969452211282,4.207969452211282,0.0,steering_law,value,qnei,exact,none,0.0,20,50,8,fd2539f7-5468-470d-bfa3-a6b1b251691d,True,0.01,2.0,14.555721099997754,1.290375177799024,"x0,x1,x2,x3",4,0.2,0.5,,,,,,,
0.5429242350906553,-0.5961920367987316,0.11917103463728207,-0.4158000327306759,0.915042661577232,0.0,1.29026430933963,0.00011086845939400902,27.32154187878449,0.5464308375756898,0.0033237650767166116,5.62803776396075,5.827410185403114,0.0,steering_law,value,qnei,exact,gaussian,0.05,0,50,8,f64cd854-70f9-45ef-b418-7e65db4f7b9a,False,0.01,2.0,14.421025300005567,1.290375177799024,"x0,x1,x2,x3",4,0.05,0.05,,,,,,,
0.0,0.0,1.0,1.0,1.4142135623730951,20.0,1.290331130944498,4.404685452596979e-05,28.9285925612834,0.578571851225668,0.0011180283352751896,4.207969452211282,4.2410400887491155,0.0,steering_law,value,qnei,exact,gaussian,0.05,20,50,8,801fb5ce-281e-4be2-a179-8d75aabb819a,False,0.01,2.0,14.668920099997194,1.290375177799024,"x0,x1,x2,x3",4,0.05,0.05,,,,,,,
0.5429242350906553,-0.5961920367987316,0.11917103463728207,-0.4158000327306759,0.915042661577232,0.0,1.2903294019957856,4.577580323839037e-05,20.830160944993708,0.4166032188998742,0.11074534169023287,5.564738431081423,9.747891245605915,0.0,steering_law,value,qnei,exact,gaussian,0.25,0,50,8,388dad05-00db-46ed-9a53-e08b783fc17d,False,0.01,2.0,13.964828399999533,1.290375177799024,"x0,x1,x2,x3",4,0.25,0.25,,,,,,,
0.0,0.0,1.0,1.0,1.4142135623730951,20.0,1.290331130944498,4.404685452596979e-05,22.6633400356352,0.45326680071270403,0.006658495039635559,4.207969452211282,4.328225891771021,0.0,steering_law,value,qnei,exact,gaussian,0.25,20,50,8,70b8619e-abf9-4b35-9b1a-ead642e34a48,False,0.01,2.0,14.004042500004289,1.290375177799024,"x0,x1,x2,x3",4,0.25,0.25,,,,,,,
0.5429242350906553,-0.5961920367987316,0.11917103463728207,-0.4158000327306759,0.915042661577232,0.0,1.2902409989380261,0.0001341788609978689,30.724692703687218,0.6144938540737443,0.5611798726574634,8.667933054694881,28.244600668416965,0.0,steering_law,value,qnei,exact,gaussian,1.0,0,50,8,4bd511da-2fd7-41c2-a87c-65cbedc4304d,False,0.01,2.0,15.140985399993951,1.290375177799024,"x0,x1,x2,x3",4,1.0,1.0,,,,,,,
0.0,1.0,0.0,0.0,1.0,20.0,1.290331130944498,4.404685452596979e-05,31.595535835899085,0.6319107167179817,0.01484366209671828,4.207969452211282,28.932878185890228,0.0,steering_law,value,qnei,exact,gaussian,1.0,20,50,8,6d13dbb7-4b31-4609-93a3-ded9e53b62fb,False,0.01,2.0,13.241126599998097,1.290375177799024,"x0,x1,x2,x3",4,1.0,1.0,,,,,,,
0.5429242350906553,-0.5961920367987316,0.11917103463728207,-0.4158000327306759,0.915042661577232,0.0,1.289303872638345,0.0010713051606789925,76.55789618614216,1.5311579237228432,0.30597785054167415,4.853388341782733,21.11322083610182,0.0,steering_law,value,qnei,exact,gaussian,5.0,0,50,8,6eb67f81-ce07-423a-a0f3-923a07f12fb1,False,0.01,2.0,14.458352600006037,1.290375177799024,"x0,x1,x2,x3",4,5.0,5.0,,,,,,,
0.0,0.5038102242267732,0.0,1.0,1.1197431589589781,20.0,1.290331130944498,4.404685452596979e-05,39.70535773477093,0.7941071546954186,0.8390013409540937,4.207969452211282,22.139485420415774,0.0,steering_law,value,qnei,exact,gaussian,5.0,20,50,8,30ca412c-9788-4e5a-aad9-722888f11790,False,0.01,2.0,15.072981000004802,1.290375177799024,"x0,x1,x2,x3",4,5.0,5.0,,,,,,,
0.4615766592144682,-0.11738033164170947,0.07237396805367724,,0.4817355559222733,0.0,3.0515501349771768,0.003350807178550852,68.24679055008342,1.3649358110016683,0.003350807178550852,35.752751721034116,35.752751721034116,0.0,hartmann_3,value,logei,exact,none,0.0,0,50,8,db2ae23b-6bd9-4ee0-bbf5-8b8afd5dc9df,True,0.01,2.0,15.49867689999519,3.0549009421557276,"x0,x1,x2",3,0.2,0.5,,,,,,,
0.3582123619939963,0.41621804536746776,-0.8616791822521649,,1.02178499240378,20.0,3.0515501349771768,0.003350807178550852,68.24679055008342,1.3649358110016683,0.003350807178550852,35.752751721034116,35.752751721034116,0.0,hartmann_3,value,logei,exact,none,0.0,20,50,8,db2ae23b-6bd9-4ee0-bbf5-8b8afd5dc9df,True,0.01,2.0,15.49867689999519,3.0549009421557276,"x0,x1,x2",3,0.2,0.5,,,,,,,
0.4615766592144682,-0.11738033164170947,0.07237396805367724,,0.4817355559222733,0.0,3.045835379956471,0.009065562199256583,47.97690195204739,0.9595380390409478,0.009065562199256583,31.214969754921547,31.356268050587964,0.0,hartmann_3,value,logei,exact,gaussian,0.05,0,50,8,e100ff38-088a-44f2-967a-4f3c0ddd5a0a,False,0.01,2.0,15.798838199989405,3.0549009421557276,"x0,x1,x2",3,0.05,0.05,,,,,,,
0.3582123619939963,0.41621804536746776,-0.8616791822521649,,1.02178499240378,20.0,3.0465091665743977,0.008391775581329863,63.47710615932995,1.269542123186599,0.011184038416328868,35.81576382606885,35.88131121720051,0.0,hartmann_3,value,logei,exact,gaussian,0.05,20,50,8,5c30524d-7578-4421-b03d-16b45936c4d3,False,0.01,2.0,15.456799500010675,3.0549009421557276,"x0,x1,x2",3,0.05,0.05,,,,,,,
0.4615766592144682,-0.11738033164170947,0.07237396805367724,,0.4817355559222733,0.0,3.0422980934166666,0.012602848739061034,37.13278198060715,0.742655639612143,0.013534414474054568,30.655281024556615,31.465882318850827,0.0,hartmann_3,value,logei,exact,gaussian,0.25,0,50,8,050552e6-5046-4224-9aeb-daabb92091d8,False,0.01,2.0,14.17065270000603,3.0549009421557276,"x0,x1,x2",3,0.25,0.25,,,,,,,
-0.4526218191249204,-0.01734103299474332,-0.001325099932353302,,0.45295582396422246,20.0,3.0465913010546295,0.008309641101098109,44.059945718032324,0.8811989143606465,0.013749856983850783,35.81366939682294,37.30068013789847,0.0,hartmann_3,value,logei,exact,gaussian,0.25,20,50,8,219d270d-abfc-4dd0-b26b-83cd8fb757b1,False,0.01,2.0,14.574597900005756,3.0549009421557276,"x0,x1,x2",3,0.25,0.25,,,,,,,
0.4615766592144682,-0.11738033164170947,0.07237396805367724,,0.4817355559222733,0.0,3.043881635259685,0.011019306896042469,92.17408921185346,1.8434817842370692,0.015493869331931975,65.11322667322692,82.49287748628514,0.0,hartmann_3,value,logei,exact,gaussian,1.0,0,50,8,060e14f7-cd01-4048-87cd-48e9b38287c7,False,0.01,2.0,12.742059700001846,3.0549009421557276,"x0,x1,x2",3,1.0,1.0,,,,,,,
-0.6417876380060037,-0.058278107336772966,-0.03882811933973218,,0.6455968811445283,20.0,3.0465091665743977,0.008391775581329863,55.14542157890156,1.1029084315780313,0.5728638504226375,35.81576382606885,44.450466697518415,0.0,hartmann_3,value,logei,exact,gaussian,1.0,20,50,8,f0345951-51b6-482e-b476-43221d136a75,False,0.01,2.0,14.193743100011488,3.0549009421557276,"x0,x1,x2",3,1.0,1.0,,,,,,,
0.4615766592144682,-0.11738033164170947,0.07237396805367724,,0.4817355559222733,0.0,1.1002647550658304,1.9546361870898972,186.32168744300225,3.7264337488600447,3.811285057247976,125.88027969115801,190.7408273387851,0.0,hartmann_3,value,logei,exact,gaussian,5.0,0,50,8,bc402b18-b587-45d9-a8c9-ce506df73fe7,False,0.01,2.0,17.36045799999556,3.0549009421557276,"x0,x1,x2",3,5.0,5.0,,,,,,,
0.02539811876795761,0.06712878418989732,0.0028105512861150705,,0.07182783097307736,20.0,3.0465091665743977,0.008391775581329863,88.07096204361171,1.7614192408722342,0.7619666329033388,35.81576382606885,45.95162065747266,0.0,hartmann_3,value,logei,exact,gaussian,5.0,20,50,8,832b1533-a76e-48a7-b784-1e8199e2ffa6,False,0.01,2.0,12.669136299999082,3.0549009421557276,"x0,x1,x2",3,5.0,5.0,,,,,,,
0.4615766592144682,-0.11738033164170947,0.07237396805367724,,0.4817355559222733,0.0,3.0541045206446245,0.0007964215111031514,92.34831045129016,1.8469662090258032,0.0007964215111031514,37.882435658946456,37.882435658946456,0.0,hartmann_3,value,qnei,exact,none,0.0,0,50,8,5a500233-d973-48c0-ae12-5fad8a99c191,True,0.01,2.0,14.502665699998033,3.0549009421557276,"x0,x1,x2",3,0.2,0.5,,,,,,,
1.0,0.44867248295172546,-0.8426254029335746,,1.3825066244423696,20.0,3.0541045206446245,0.0007964215111031514,92.34831045129016,1.8469662090258032,0.0007964215111031514,37.882435658946456,37.882435658946456,0.0,hartmann_3,value,qnei,exact,none,0.0,20,50,8,5a500233-d973-48c0-ae12-5fad8a99c191,True,0.01,2.0,14.502665699998033,3.0549009421557276,"x0,x1,x2",3,0.2,0.5,,,,,,,
0.4615766592144682,-0.11738033164170947,0.07237396805367724,,0.4817355559222733,0.0,3.045986303340428,0.008914638815299636,100.41039175568332,2.0082078351136663,0.014151256161791803,36.55283582949537,36.66177089543198,0.0,hartmann_3,value,qnei,exact,gaussian,0.05,0,50,8,6c8cd675-bf45-4c34-a582-6e030e562994,False,0.01,2.0,13.544032399993739,3.0549009421557276,"x0,x1,x2",3,0.05,0.05,,,,,,,
1.0,0.44867248295172546,-0.8426254029335746,,1.3825066244423696,20.0,3.0460947148637936,0.008806227291934032,106.14682956563749,2.1229365913127496,0.008806227291934032,37.98088461603888,38.24980400485995,0.0,hartmann_3,value,qnei,exact,gaussian,0.05,20,50,8,d6fdc9d7-8847-43cd-add4-ff360fec26f5,False,0.01,2.0,13.35476399998879,3.0549009421557276,"x0,x1,x2",3,0.05,0.05,,,,,,,
0.4615766592144682,-0.11738033164170947,0.07237396805367724,,0.4817355559222733,0.0,3.0438789428520447,0.011021999303682861,76.74719111940169,1.5349438223880338,0.018124386414654747,43.22291730237501,48.05793383727156,0.0,hartmann_3,value,qnei,exact,gaussian,0.25,0,50,8,9f985059-fc3e-4120-a2ba-153f51dcb4d4,False,0.01,2.0,14.737559400004102,3.0549009421557276,"x0,x1,x2",3,0.25,0.25,,,,,,,
1.0,0.44867248295172546,-0.8426254029335746,,1.3825066244423696,20.0,3.050671565010822,0.004229377144905566,74.57908370086783,1.4915816740173566,0.01956300284477752,37.9374045396421,38.96024831181453,0.0,hartmann_3,value,qnei,exact,gaussian,0.25,20,50,8,79a96962-3519-416b-908a-3d08ff6479ae,False,0.01,2.0,14.713167399997474,3.0549009421557276,"x0,x1,x2",3,0.25,0.25,,,,,,,
0.4615766592144682,-0.11738033164170947,0.07237396805367724,,0.4817355559222733,0.0,3.045249690804434,0.00965125135129341,89.3966334222074,1.787932668444148,0.00965125135129341,50.98043298162879,65.56625242116831,0.0,hartmann_3,value,qnei,exact,gaussian,1.0,0,50,8,ab8f38b9-00aa-4f9f-987d-d8809b7ef30d,False,0.01,2.0,14.020135900005698,3.0549009421557276,"x0,x1,x2",3,1.0,1.0,,,,,,,
0.0,0.4210003218823579,0.1018018865428797,,0.4331338074183754,20.0,3.0460947148637936,0.008806227291934032,78.79074817475419,1.5758149634950838,0.06813257199955736,37.98088461603888,39.62386855287344,0.0,hartmann_3,value,qnei,exact,gaussian,1.0,20,50,8,392386e9-513b-4009-bb4b-93e04e8d2bfc,False,0.01,2.0,14.520264199993107,3.0549009421557276,"x0,x1,x2",3,1.0,1.0,,,,,,,
0.4615766592144682,-0.11738033164170947,0.07237396805367724,,0.4817355559222733,0.0,1.1949201241449732,1.8599808180107544,160.4364447841063,3.208728895682126,3.3873389586951084,117.63166478592154,154.32768734865587,0.0,hartmann_3,value,qnei,exact,gaussian,5.0,0,50,8,9516b64a-7777-49e7-ba0f-acb7800e308b,False,0.01,2.0,14.129812900006073,3.0549009421557276,"x0,x1,x2",3,5.0,5.0,,,,,,,
1.0,0.11930232186636736,-0.021485508240432827,,1.0073205403778163,20.0,3.0460947148637936,0.008806227291934032,109.55424543870764,2.191084908774153,0.9955938346170803,37.98088461603888,66.10433142480555,0.0,hartmann_3,value,qnei,exact,gaussian,5.0,20,50,8,9473f5a4-c9b6-402b-bd3a-eee70fc4aa47,False,0.01,2.0,15.028462000002037,3.0549009421557276,"x0,x1,x2",3,5.0,5.0,,,,,,,
-11.826665744639968,757.7045039534485,-691.8724987007575,-408.34329934880407,1528.9105517963656,0.0,2.73849133895409,0.015364476704880836,80.21241596235213,1.6042483192470425,0.015364476704880836,27.494455679673088,27.494455679673088,0.0,griewank,value,logei,exact,none,0.0,0,50,9,81e969a9-9e14-4869-aa0f-611ffdd4ec85,True,0.01,2.0,22.8372992999939,2.7538558156589708,"x0,x1,x2,x3,x4,x5",6,0.2,0.5,-277.3563631515326,-1020.27110774448,,,,,
20.719162895462063,-36.34561255484763,83.48406017798024,56.459746873922995,122.3680524326993,20.0,2.73849133895409,0.015364476704880836,80.21241596235213,1.6042483192470425,0.015364476704880836,27.494455679673088,27.494455679673088,0.0,griewank,value,logei,exact,none,0.0,20,50,9,81e969a9-9e14-4869-aa0f-611ffdd4ec85,True,0.01,2.0,22.8372992999939,2.7538558156589708,"x0,x1,x2,x3,x4,x5",6,0.2,0.5,-38.34523210833741,-39.950029371524906,,,,,
-11.826665744639968,757.7045039534485,-691.8724987007575,-408.34329934880407,1528.9105517963656,0.0,2.730898138048431,0.022957677610539573,48.957976763043476,0.9791595352608695,0.03648420530359209,32.38463718117708,32.95141268363008,0.0,griewank,value,logei,exact,gaussian,0.05,0,50,9,e19c8d43-3269-439a-96bb-2db2fb9c474f,False,0.01,2.0,21.126579000003403,2.7538558156589708,"x0,x1,x2,x3,x4,x5",6,0.05,0.05,-277.3563631515326,-1020.27110774448,,,,,
19.24509775481414,1.1039809906108466,28.815414451405626,48.920278352758274,146.72794163215534,20.0,2.730213007849306,0.023642807809664657,52.232545260947994,1.0446509052189599,0.029581665877065788,27.692591568252453,27.744817216617548,0.0,griewank,value,logei,exact,gaussian,0.05,20,50,9,2c01acdb-d7e6-4727-9c68-18a4808ae3ad,False,0.01,2.0,24.005100100010168,2.7538558156589708,"x0,x1,x2,x3,x4,x5",6,0.05,0.05,-29.818645462107725,-130.55582305158472,,,,,
-11.826665744639968,757.7045039534485,-691.8724987007575,-408.34329934880407,1528.9105517963656,0.0,2.0380418159670133,0.7158139996919575,89.77949778010498,1.7955899556020996,0.8098121898630166,65.94793533996966,74.14851984505604,0.0,griewank,value,logei,exact,gaussian,0.25,0,50,9,57ff1ee3-526a-444e-95aa-03f2d9833726,False,0.01,2.0,19.95651160000125,2.7538558156589708,"x0,x1,x2,x3,x4,x5",6,0.25,0.25,-277.3563631515326,-1020.27110774448,,,,,
-40.70706574019495,-175.20294067987567,109.21267957557853,-26.93335079219995,269.4870432574652,20.0,2.724274149781905,0.029581665877065788,46.95747558964805,0.9391495117929609,0.06867481096941841,27.82568372157781,29.1176204093368,0.0,griewank,value,logei,exact,gaussian,0.25,20,50,9,5634b7a4-1f3a-439d-ae4d-b3f0fab8167e,False,0.01,2.0,19.650287199998274,2.7538558156589708,"x0,x1,x2,x3,x4,x5",6,0.25,0.25,-44.8076802596664,160.0299593337827,,,,,
-11.826665744639968,757.7045039534485,-691.8724987007575,-408.34329934880407,1528.9105517963656,0.0,0.9817964042665775,1.772059411392393,160.7134047165907,3.214268094331814,2.674503434794338,109.93313506651194,163.62407160316187,0.0,griewank,value,logei,exact,gaussian,1.0,0,50,9,6e826673-a648-49ac-af8e-5f12d5fca026,False,0.01,2.0,23.80606680001074,2.7538558156589708,"x0,x1,x2,x3,x4,x5",6,1.0,1.0,-277.3563631515326,-1020.27110774448,,,,,
-79.24672615739225,-197.9575311542003,113.26836283070637,-73.51681195799955,318.72045736625904,20.0,2.724274149781905,0.029581665877065788,53.97178094610697,1.0794356189221395,0.24704296577158225,27.82568372157781,31.460697939995697,0.0,griewank,value,logei,exact,gaussian,1.0,20,50,9,2ffbb4cc-2125-4c00-a264-41fa4c589994,False,0.01,2.0,16.59776219999185,2.7538558156589708,"x0,x1,x2,x3,x4,x5",6,1.0,1.0,-61.63901527671556,184.61227026751737,,,,,
-11.826665744639968,757.7045039534485,-691.8724987007575,-408.34329934880407,1528.9105517963656,0.0,0.569214256064821,2.1846415595941497,208.8461719053822,4.176923438107644,3.168378446594745,121.2041301854409,165.06129237658334,0.0,griewank,value,logei,exact,gaussian,5.0,0,50,9,345b4eea-0e5a-44ac-90e5-aa85d3da63bc,False,0.01,2.0,17.08992660000513,2.7538558156589708,"x0,x1,x2,x3,x4,x5",6,5.0,5.0,-277.3563631515326,-1020.27110774448,,,,,
-423.0311080185565,-69.46089617394183,-0.5242873701994633,175.02986999025916,469.2869368099229,20.0,2.724274149781905,0.029581665877065788,130.8710791209464,2.617421582418928,1.8928074774920365,27.82568372157781,65.79988800361089,0.0,griewank,value,logei,exact,gaussian,5.0,20,50,9,81629748-8bbc-4ead-adf8-2bb7ca67d367,False,0.01,2.0,17.085055699993973,2.7538558156589708,"x0,x1,x2,x3,x4,x5",6,5.0,5.0,-30.3705669836256,69.94278380780491,,,,,
-11.826665744639968,757.7045039534485,-691.8724987007575,-408.34329934880407,1528.9105517963656,0.0,2.6798042066694103,0.07405160898956042,88.11899220127172,1.7623798440254346,0.07405160898956042,36.881345239475245,36.881345239475245,0.0,griewank,value,qnei,exact,none,0.0,0,50,9,ff92a537-3029-4439-b67b-0fb6571e49c7,True,0.01,2.0,16.0699670999893,2.7538558156589708,"x0,x1,x2,x3,x4,x5",6,0.2,0.5,-277.3563631515326,-1020.27110774448,,,,,
-50.24397094104282,0.22572977925713644,-20.071564144083126,-174.52715942631784,200.10772176423032,20.0,2.6798042066694103,0.07405160898956042,88.11899220127172,1.7623798440254346,0.07405160898956042,36.881345239475245,36.881345239475245,0.0,griewank,value,qnei,exact,none,0.0,20,50,9,ff92a537-3029-4439-b67b-0fb6571e49c7,True,0.01,2.0,16.0699670999893,2.7538558156589708,"x0,x1,x2,x3,x4,x5",6,0.2,0.5,9.005311085703617,-81.08575736498557,,,,,
-11.826665744639968,757.7045039534485,-691.8724987007575,-408.34329934880407,1528.9105517963656,0.0,2.6973419293337044,0.05651388632526633,85.38524101511166,1.7077048203022331,0.05651388632526633,38.31326044639856,38.43332455589184,0.0,griewank,value,qnei,exact,gaussian,0.05,0,50,9,b913bafe-28bb-4f4f-bb0a-482658ee84ee,False,0.01,2.0,17.10860729998967,2.7538558156589708,"x0,x1,x2,x3,x4,x5",6,0.05,0.05,-277.3563631515326,-1020.27110774448,,,,,
-95.12553078180903,4.1334014384756586,-10.322635890134293,-183.51569483961043,218.60486346874265,20.0,2.7236738039553843,0.030182011703586475,87.09133403279739,1.741826680655948,0.030182011703586475,35.79194143138062,36.2365798770053,0.0,griewank,value,qnei,exact,gaussian,0.05,20,50,9,a3e44d2a-7dd4-42a6-bb8d-92b94d5e195b,False,0.01,2.0,15.876288400002522,2.7538558156589708,"x0,x1,x2,x3,x4,x5",6,0.05,0.05,7.42245624543441,-69.87470785137083,,,,,
-11.826665744639968,757.7045039534485,-691.8724987007575,-408.34329934880407,1528.9105517963656,0.0,2.3691247911705813,0.3847310244883895,87.72995445649806,1.7545990891299612,0.3847310244883895,42.85328960524119,46.74188769698167,0.0,griewank,value,qnei,exact,gaussian,0.25,0,50,9,1ec8a82d-51fb-48e2-8b76-6bee9585f5e4,False,0.01,2.0,15.821402799992939,2.7538558156589708,"x0,x1,x2,x3,x4,x5",6,0.25,0.25,-277.3563631515326,-1020.27110774448,,,,,
-96.20551612558529,3.2982503831976686,-9.021285386059006,-183.1694152159251,218.68837439884442,20.0,2.690937330581272,0.0629184850776987,82.86351996325668,1.6572703992651336,0.0629184850776987,36.57518433189905,36.663838444063686,0.0,griewank,value,qnei,exact,gaussian,0.25,20,50,9,65b3dfd8-e661-4f57-8cc5-40eb902391d8,False,0.01,2.0,16.49429709999822,2.7538558156589708,"x0,x1,x2,x3,x4,x5",6,0.25,0.25,8.179008900882932,-69.70588828404101,,,,,
-11.826665744639968,757.7045039534485,-691.8724987007575,-408.34329934880407,1528.9105517963656,0.0,2.3450740747254932,0.4087817409334775,122.60497461449789,2.4520994922899577,1.2655251147124384,75.96137993497818,106.15219138417314,0.0,griewank,value,qnei,exact,gaussian,1.0,0,50,9,517b8a74-bbf0-449a-8411-3b8f7e7990ea,False,0.01,2.0,21.147361899988027,2.7538558156589708,"x0,x1,x2,x3,x4,x5",6,1.0,1.0,-277.3563631515326,-1020.27110774448,,,,,
-153.78997549691655,10.711634968744733,-10.661125025297764,-205.50607367310246,260.4918698513574,20.0,2.669275391610399,0.08458042404857169,60.152640560899634,1.2030528112179928,0.331000541654471,37.19926564751176,38.19946330149879,0.0,griewank,value,qnei,exact,gaussian,1.0,20,50,9,550a3c75-71c4-4161-a8e9-8e73c3e69862,False,0.01,2.0,20.00539169998956,2.7538558156589708,"x0,x1,x2,x3,x4,x5",6,1.0,1.0,0.5694675196367462,-41.75150745799649,,,,,
-11.826665744639968,757.7045039534485,-691.8724987007575,-408.34329934880407,1528.9105517963656,0.0,0.7311669040865587,2.022688911572412,214.1330423672713,4.282660847345426,3.9703957296334504,119.18201458378768,195.96527626590253,0.0,griewank,value,qnei,exact,gaussian,5.0,0,50,9,1dc5773a-6ac4-4bc9-834d-0f6ee526dbca,False,0.01,2.0,22.438886699994328,2.7538558156589708,"x0,x1,x2,x3,x4,x5",6,5.0,5.0,-277.3563631515326,-1020.27110774448,,,,,
88.61145364971141,-244.02522413860055,117.4649788713391,148.55876040970315,648.3039393716341,20.0,2.6621822342246846,0.09167358143428617,151.28922840252986,3.025784568050597,0.6400756937236389,37.3659494817052,53.08979745850008,0.0,griewank,value,qnei,exact,gaussian,5.0,20,50,9,6394cba7-a326-42a9-99b9-6812809edaba,False,0.01,2.0,18.031210300003295,2.7538558156589708,"x0,x1,x2,x3,x4,x5",6,5.0,5.0,-543.3361326671214,-147.7017889315992,,,,,
-1.387571169298674,5.65706620262657,2.3152094921819053,1.2663319151572532,6.3946495824872,0.0,0.762794084888437,0.0014297985700227889,9.628075349008498,0.19256150698016994,0.0014297985700227889,0.3343981344419015,0.3343981344419015,0.0,powell,value,logei,exact,none,0.0,0,50,9,f5bfa107-2ad2-4dd4-aaa7-9ea836bf329d,True,0.01,2.0,13.719196300007752,0.7642238834584598,"x0,x1,x2,x3",4,0.2,0.5,,,,,,,
0.0,-8.830516406490691,-4.311796193592844,0.0,9.826983587061852,20.0,0.762794084888437,0.0014297985700227889,9.628075349008498,0.19256150698016994,0.0014297985700227889,0.3343981344419015,0.3343981344419015,0.0,powell,value,logei,exact,none,0.0,20,50,9,f5bfa107-2ad2-4dd4-aaa7-9ea836bf329d,True,0.01,2.0,13.719196300007752,0.7642238834584598,"x0,x1,x2,x3",4,0.2,0.5,,,,,,,
-1.387571169298674,5.65706620262657,2.3152094921819053,1.2663319151572532,6.3946495824872,0.0,0.7611706820773415,0.003053201381118309,13.94343557762325,0.278868711552465,0.017935553242535263,0.3036908673101263,0.6492770022559641,0.0,powell,value,logei,exact,gaussian,0.05,0,50,9,4dbe2c10-ffe1-4969-a7c3-55406eec7d74,False,0.01,2.0,12.471686599994428,0.7642238834584598,"x0,x1,x2,x3",4,0.05,0.05,,,,,,,
0.0,-8.939203975882036,-4.317286658114879,0.0,9.92715124347171,20.0,0.7589913353620797,0.005232548096380074,13.753766596115577,0.27507533192231154,0.006204918763888068,0.3650276360890625,1.0827496259066587,0.0,powell,value,logei,exact,gaussian,0.05,20,50,9,1a79d9df-a674-4744-90cc-293e52a75ff1,False,0.01,2.0,13.016695500002243,0.7642238834584598,"x0,x1,x2,x3",4,0.05,0.05,,,,,,,
-1.387571169298674,5.65706620262657,2.3152094921819053,1.2663319151572532,6.3946495824872,0.0,0.7587723170185876,0.005451566439872213,13.718544907959119,0.27437089815918236,0.3482761811425845,0.44324782076357544,1.4568121336561546,0.0,powell,value,logei,exact,gaussian,0.25,0,50,9,a1b68059-1bb6-468c-a4ea-b731133b7283,False,0.01,2.0,12.50791929999832,0.7642238834584598,"x0,x1,x2,x3",4,0.25,0.25,,,,,,,
-1.2056322516058948,-4.0529388936874176,-3.7054749299389895,-0.23051456145894456,5.627036895340874,20.0,0.7634286036637598,0.0007952797947000656,18.572947601179408,0.37145895202358814,0.11051222755285317,0.2970991474847423,2.407352750347872,0.0,powell,value,logei,exact,gaussian,0.25,20,50,9,11f86965-cfd4-4a2f-a82d-64ed69ba478d,False,0.01,2.0,14.119538900005864,0.7642238834584598,"x0,x1,x2,x3",4,0.25,0.25,,,,,,,
-1.387571169298674,5.65706620262657,2.3152094921819053,1.2663319151572532,6.3946495824872,0.0,0.7551481941336495,0.009075689324810288,28.1669022136428,0.5633380442728559,0.20959340642066393,0.4994217254801156,12.508165632270341,0.0,powell,value,logei,exact,gaussian,1.0,0,50,9,c7276b83-57f1-46b7-bfec-7cb84ab048e9,False,0.01,2.0,20.459865500000888,0.7642238834584598,"x0,x1,x2,x3",4,1.0,1.0,,,,,,,
-0.7094375441376268,-4.044494005295664,-3.02805477677213,0.0,5.101994621619775,20.0,0.7580189646945718,0.006204918763888068,16.899612757745626,0.3379922551549125,0.2861037289049937,0.39176782944553235,2.503850414582417,0.0,powell,value,logei,exact,gaussian,1.0,20,50,9,f59c950c-a671-433b-95f6-04b9eb54e4be,False,0.01,2.0,13.398754599998938,0.7642238834584598,"x0,x1,x2,x3",4,1.0,1.0,,,,,,,
-1.387571169298674,5.65706620262657,2.3152094921819053,1.2663319151572532,6.3946495824872,0.0,0.7595665388826671,0.004657344575792699,8.814066174547314,0.17628132349094627,0.007097129644452305,0.33663065018136024,0.6014295735501245,0.0,powell,value,logei,exact,gaussian,5.0,0,50,9,ea67b58b-e55d-4225-9bed-5e3c893115af,False,0.01,2.0,16.092615099987597,0.7642238834584598,"x0,x1,x2,x3",4,5.0,5.0,,,,,,,
-5.7162747673810115,-9.0,-1.5142080860227778,-4.071440895550004,11.512829987015817,20.0,0.7580189646945718,0.006204918763888068,44.689451858806095,0.8937890371761219,0.7517732050697736,0.39176782944553235,25.09130610483305,0.0,powell,value,logei,exact,gaussian,5.0,20,50,9,53447ec7-57ec-4c74-aec0-ec13baae0a68,False,0.01,2.0,15.94696039998962,0.7642238834584598,"x0,x1,x2,x3",4,5.0,5.0,,,,,,,
-1.387571169298674,5.65706620262657,2.3152094921819053,1.2663319151572532,6.3946495824872,0.0,0.7630798406376209,0.0011440428208389086,11.969019928226691,0.23938039856453383,0.0011440428208389086,0.2942371002877244,0.2942371002877244,0.0,powell,value,qnei,exact,none,0.0,0,50,9,9e58b7d6-cd70-4117-aad0-aa90f02960ee,True,0.01,2.0,14.4829563999956,0.7642238834584598,"x0,x1,x2,x3",4,0.2,0.5,,,,,,,
5.990251076144485,-3.5781749753163625,1.9398239837368951,6.085945165862085,9.459814467471938,20.0,0.7630798406376209,0.0011440428208389086,11.969019928226691,0.23938039856453383,0.0011440428208389086,0.2942371002877244,0.2942371002877244,0.0,powell,value,qnei,exact,none,0.0,20,50,9,9e58b7d6-cd70-4117-aad0-aa90f02960ee,True,0.01,2.0,14.4829563999956,0.7642238834584598,"x0,x1,x2,x3",4,0.2,0.5,,,,,,,
-1.387571169298674,5.65706620262657,2.3152094921819053,1.2663319151572532,6.3946495824872,0.0,0.7615050988014413,0.0027187846570184693,12.627079419057038,0.25254158838114077,0.035037369652671235,0.2546808957701306,1.203553705305545,0.0,powell,value,qnei,exact,gaussian,0.05,0,50,9,fbbe7558-2be2-467c-93c4-4eeb50e69c0c,False,0.01,2.0,14.2013794999948,0.7642238834584598,"x0,x1,x2,x3",4,0.05,0.05,,,,,,,
4.768493746521788,-0.15556989032110974,0.9332259737993229,4.239284540697096,6.45020765065428,20.0,0.7634074844939585,0.0008163989645013636,13.324444229951842,0.26648888459903686,0.010213076149860112,0.27101913823023577,0.665079478923635,0.0,powell,value,qnei,exact,gaussian,0.05,20,50,9,b3dd249c-4ab4-4687-b21c-63dfe1b3412c,False,0.01,2.0,13.287666899996111,0.7642238834584598,"x0,x1,x2,x3",4,0.05,0.05,,,,,,,
-1.387571169298674,5.65706620262657,2.3152094921819053,1.2663319151572532,6.3946495824872,0.0,0.7608437483956562,0.0033801350628036575,26.450268077321834,0.5290053615464366,0.009075689324810288,0.2775445078492125,2.344208721955392,0.0,powell,value,qnei,exact,gaussian,0.25,0,50,9,b6631662-f553-413b-a658-7d3139654ab7,False,0.01,2.0,13.84453940000094,0.7642238834584598,"x0,x1,x2,x3",4,0.25,0.25,,,,,,,
4.767416305326156,-0.15752276064484466,0.931693942518554,4.241399722034882,6.450627632487727,20.0,0.7563850314170009,0.007838852041458955,11.906161010782485,0.2381232202156497,0.04051838379074757,0.4641718629046026,1.0107325736085664,0.0,powell,value,qnei,exact,gaussian,0.25,20,50,9,ddd31d91-a01d-4702-9c2d-5f1990c5b5de,False,0.01,2.0,12.51126130000921,0.7642238834584598,"x0,x1,x2,x3",4,0.25,0.25,,,,,,,
-1.387571169298674,5.65706620262657,2.3152094921819053,1.2663319151572532,6.3946495824872,0.0,0.7551481941336495,0.009075689324810288,27.002160318133477,0.5400432063626696,0.02161831279828641,0.4994217254801156,4.963780116945822,0.0,powell,value,qnei,exact,gaussian,1.0,0,50,9,34f2f2b9-a341-4993-8fed-d736dafc77e2,False,0.01,2.0,13.632874499991885,0.7642238834584598,"x0,x1,x2,x3",4,1.0,1.0,,,,,,,
4.7558972147055805,-0.04884724671141316,0.9471059780211413,4.065528731652837,6.32822865989004,20.0,0.7579872562645144,0.006236627193945465,22.48707199413598,0.44974143988271964,0.017410184380520666,0.41850845475046816,0.8239424395962315,0.0,powell,value,qnei,exact,gaussian,1.0,20,50,9,f45be4f6-5788-4ebf-ad8c-174472e12fe8,False,0.01,2.0,12.29243729999871,0.7642238834584598,"x0,x1,x2,x3",4,1.0,1.0,,,,,,,
-1.387571169298674,5.65706620262657,2.3152094921819053,1.2663319151572532,6.3946495824872,0.0,0.7551481941336495,0.009075689324810288,79.00396739181383,1.5800793478362767,0.22175482445118455,0.4994217254801156,15.414952366269834,0.0,powell,value,qnei,exact,gaussian,5.0,0,50,9,65c5209f-ea85-4cc9-afc2-1d7a3108336b,False,0.01,2.0,13.742577600001823,0.7642238834584598,"x0,x1,x2,x3",4,5.0,5.0,,,,,,,
-1.518118687135666,-3.5781749753163625,-2.734768540501764,3.487855602595153,5.895092550323813,20.0,0.7551481941336495,0.009075689324810288,68.88710326771526,1.3777420653543053,0.2354209737571351,0.4994217254801156,20.80367791033414,0.0,powell,value,qnei,exact,gaussian,5.0,20,50,9,e0c08d60-a5e9-4fea-a607-8522f5716d7c,False,0.01,2.0,11.596681199996965,0.7642238834584598,"x0,x1,x2,x3",4,5.0,5.0,,,,,,,
-10.103984905684214,41.19349896170388,16.85884103107037,9.221147599082855,46.56441722643124,0.0,16.23901616552099,3.8634309883324427,602.8910887421638,12.057821774843276,3.8634309883324427,465.71031529145444,465.71031529145444,0.0,ackley,value,logei,exact,none,0.0,0,50,9,5a2bd8bb-e5c2-42ec-8792-143fbae7d64a,True,0.01,2.0,17.043356900001527,20.102447153853433,"x0,x1,x2,x3",4,0.2,0.5,,,,,,,
-7.5547135402477075,-0.23749342853237332,-4.629433948155679,-0.3477873770485873,8.870327758531177,20.0,16.23901616552099,3.8634309883324427,602.8910887421638,12.057821774843276,3.8634309883324427,465.71031529145444,465.71031529145444,0.0,ackley,value,logei,exact,none,0.0,20,50,9,5a2bd8bb-e5c2-42ec-8792-143fbae7d64a,True,0.01,2.0,17.043356900001527,20.102447153853433,"x0,x1,x2,x3",4,0.2,0.5,,,,,,,
-10.103984905684214,41.19349896170388,16.85884103107037,9.221147599082855,46.56441722643124,0.0,17.00006229053867,3.1023848633147644,667.1203968313604,13.342407936627207,3.1023848633147644,478.7890749711848,478.79444737641205,0.0,ackley,value,logei,exact,gaussian,0.05,0,50,9,a6f7f23b-2c44-4e9d-b3c0-1697d82e81d5,False,0.01,2.0,16.97586639999645,20.102447153853433,"x0,x1,x2,x3",4,0.05,0.05,,,,,,,
10.671136149740104,0.18729239733525294,-1.1463441710415863,-0.3922162353933065,10.741329698979394,20.0,16.823721046557402,3.2787261072960305,641.2149818716464,12.824299637432928,3.2787261072960305,454.6384142071288,454.6384142071288,0.0,ackley,value,logei,exact,gaussian,0.05,20,50,9,53f1bb8c-aad6-4806-be24-39ee9f1107ca,False,0.01,2.0,16.93753999999899,20.102447153853433,"x0,x1,x2,x3",4,0.05,0.05,,,,,,,
-10.103984905684214,41.19349896170388,16.85884103107037,9.221147599082855,46.56441722643124,0.0,16.86503938087544,3.237407772977992,631.653299849183,12.63306599698366,3.237407772977992,520.3724002465714,523.1214362540228,0.0,ackley,value,logei,exact,gaussian,0.25,0,50,9,60b5b0c7-9ad8-4ee8-8ad8-4a5000828363,False,0.01,2.0,14.954860500001814,20.102447153853433,"x0,x1,x2,x3",4,0.25,0.25,,,,,,,
-6.993860115854396,-0.2606499067724344,-4.686784584378839,-0.32483593292125257,8.429322975051276,20.0,16.643951612011094,3.458495541842339,573.3891706114205,11.467783412228409,3.7506527887903864,475.3735026231574,478.04498427247563,0.0,ackley,value,logei,exact,gaussian,0.25,20,50,9,7c05e2dc-62fe-45af-bf40-dca11fd86cff,False,0.01,2.0,17.473962500007474,20.102447153853433,"x0,x1,x2,x3",4,0.25,0.25,,,,,,,
-10.103984905684214,41.19349896170388,16.85884103107037,9.221147599082855,46.56441722643124,0.0,11.98192162808259,8.120525525770843,787.3279756493685,15.74655951298737,8.120525525770843,707.3204747967851,740.528145787475,0.0,ackley,value,logei,exact,gaussian,1.0,0,50,9,777c2676-e236-482f-a48a-67051833cc3a,False,0.01,2.0,12.636575299999095,20.102447153853433,"x0,x1,x2,x3",4,1.0,1.0,,,,,,,
-6.716335740833134,-0.27610667125662225,-4.714804515007142,-0.3056811527521093,8.216338798965422,20.0,16.79149973966106,3.3109474141923734,597.5023780044901,11.950047560089802,3.3109474141923734,474.9580228925565,475.2401864286283,0.0,ackley,value,logei,exact,gaussian,1.0,20,50,9,441e3836-2800-43cb-beb7-5dd584ea67f3,False,0.01,2.0,15.912749400013126,20.102447153853433,"x0,x1,x2,x3",4,1.0,1.0,,,,,,,
-10.103984905684214,41.19349896170388,16.85884103107037,9.221147599082855,46.56441722643124,0.0,0.591829710350018,19.510617443503413,1029.3810174031844,20.587620348063687,20.411707855146314,957.3676537764105,997.4104193264776,0.0,ackley,value,logei,exact,gaussian,5.0,0,50,9,2532d9b6-f975-4b04-940f-f638c1677378,False,0.01,2.0,15.924532000004547,20.102447153853433,"x0,x1,x2,x3",4,5.0,5.0,,,,,,,
10.363059887932744,1.1009358594877328,-6.665818154572585,-12.655907454247721,17.697745482628545,20.0,11.766026712005003,8.33642044184843,727.5844379034086,14.551688758068172,9.46769913417244,615.3066048229625,651.4110366728709,0.0,ackley,value,logei,exact,gaussian,5.0,20,50,9,5c3a3451-163c-411d-8e6e-d428bad0299a,False,0.01,2.0,18.80855970000266,20.102447153853433,"x0,x1,x2,x3",4,5.0,5.0,,,,,,,
-10.103984905684214,41.19349896170388,16.85884103107037,9.221147599082855,46.56441722643124,0.0,16.80878550895756,3.2936616448958738,702.7694721611197,14.055389443222394,3.2936616448958738,461.15269329690346,461.15269329690346,0.0,ackley,value,qnei,exact,none,0.0,0,50,9,a27bfd79-7181-4fcc-a077-1210efa432c4,True,0.01,2.0,15.878657599998405,20.102447153853433,"x0,x1,x2,x3",4,0.2,0.5,,,,,,,
-17.303397093988977,-3.6151415599930763,-1.6421198074159116,-0.6949528989853084,17.76671935065028,20.0,16.80878550895756,3.2936616448958738,702.7694721611197,14.055389443222394,3.2936616448958738,461.15269329690346,461.15269329690346,0.0,ackley,value,qnei,exact,none,0.0,20,50,9,a27bfd79-7181-4fcc-a077-1210efa432c4,True,0.01,2.0,15.878657599998405,20.102447153853433,"x0,x1,x2,x3",4,0.2,0.5,,,,,,,
-10.103984905684214,41.19349896170388,16.85884103107037,9.221147599082855,46.56441722643124,0.0,17.822370260688423,2.2800768931650097,710.0361871293651,14.200723742587302,2.2800768931650097,503.24778631244146,503.3786415052953,0.0,ackley,value,qnei,exact,gaussian,0.05,0,50,9,83a6c0f8-0c96-425c-8484-a759922b3fbd,False,0.01,2.0,14.6632205999922,20.102447153853433,"x0,x1,x2,x3",4,0.05,0.05,,,,,,,
-17.051386665775592,-3.6416437544576503,-1.6788664102862545,-0.701096448099449,17.530587129736848,20.0,16.7975011455893,3.3049460082641318,683.1992565848858,13.663985131697716,3.3049460082641318,472.0979400372768,472.0979400372768,0.0,ackley,value,qnei,exact,gaussian,0.05,20,50,9,0442b15d-48ea-4ee6-8ae5-74f86bccd9de,False,0.01,2.0,14.737421700003324,20.102447153853433,"x0,x1,x2,x3",4,0.05,0.05,,,,,,,
-10.103984905684214,41.19349896170388,16.85884103107037,9.221147599082855,46.56441722643124,0.0,9.796010182399936,10.306436971453497,867.6387422559802,17.352774845119605,10.462377880565805,791.8581898137223,794.501050281142,0.0,ackley,value,qnei,exact,gaussian,0.25,0,50,9,b9731ea6-eebe-4ac8-adf4-97fda5d848bd,False,0.01,2.0,15.362415299998247,20.102447153853433,"x0,x1,x2,x3",4,0.25,0.25,,,,,,,
-17.064845634131835,-3.640388231590433,-1.6771203626444326,-0.7007925183695303,17.54323875052864,20.0,15.657110752875896,4.445336400977537,716.5478042657325,14.330956085314648,4.445336400977537,484.72755499225815,484.72755499225815,0.0,ackley,value,qnei,exact,gaussian,0.25,20,50,9,eb1c91f6-af50-4af0-97b2-b520e77e53a0,False,0.01,2.0,13.345839300003718,20.102447153853433,"x0,x1,x2,x3",4,0.25,0.25,,,,,,,
-10.103984905684214,41.19349896170388,16.85884103107037,9.221147599082855,46.56441722643124,0.0,10.978469448055971,9.123977705797461,934.2177274689341,18.684354549378682,9.123977705797461,837.2123224169908,881.3548746998663,0.0,ackley,value,qnei,exact,gaussian,1.0,0,50,9,9ba0e56c-30e5-4820-b1cd-f6e14018bb5f,False,0.01,2.0,12.055685400002403,20.102447153853433,"x0,x1,x2,x3",4,1.0,1.0,,,,,,,
-15.999681541530776,-3.670707931916305,-1.7353081425459247,-0.7071669853600184,16.52196373457475,20.0,15.430359832256787,4.672087321596646,701.1333499765385,14.02266699953077,4.973689388766678,493.43278734706774,494.51515740775113,0.0,ackley,value,qnei,exact,gaussian,1.0,20,50,9,81b0e270-2a88-4cb8-926b-f64c2cf33c49,False,0.01,2.0,14.02280370000517,20.102447153853433,"x0,x1,x2,x3",4,1.0,1.0,,,,,,,
-10.103984905684214,41.19349896170388,16.85884103107037,9.221147599082855,46.56441722643124,0.0,0.591829710350018,19.510617443503413,1034.5202488875407,20.690404977750813,21.013740231847386,957.3676537764105,1025.7378632879145,0.0,ackley,value,qnei,exact,gaussian,5.0,0,50,9,55e77713-5c59-41a0-8090-c8bf37815124,False,0.01,2.0,14.74466090000351,20.102447153853433,"x0,x1,x2,x3",4,5.0,5.0,,,,,,,
29.1654492943573,5.001012409087172,3.3504521978812414,0.7220680040708244,29.788932001506208,20.0,12.167615680311535,7.934831473541898,894.0774777312893,17.881549554625785,13.056876516589378,570.2201842700849,716.8238709789347,0.0,ackley,value,qnei,exact,gaussian,5.0,20,50,9,1a2d1bb1-db0a-48e9-a981-2c781f20b56e,False,0.01,2.0,13.805036899997503,20.102447153853433,"x0,x1,x2,x3",4,5.0,5.0,,,,,,,
-154.17457436651932,628.5629114029522,257.24549913132273,140.70354612858364,710.5166202763555,0.0,3.787479577228024,0.540910794550828,145.86615212218547,2.9173230424437095,0.540910794550828,44.560149253811375,44.560149253811375,0.0,schwefel,value,logei,exact,none,0.0,0,50,9,94257965-2122-40c4-929b-e6c2f5da4366,True,0.01,2.0,21.47043990000384,4.328390371778852,"x0,x1,x2,x3",4,0.2,0.5,,,,,,,
-362.00908116796944,37.20639294016081,-0.4845695438823441,27.87170287641635,364.98213264839313,20.0,3.787479577228024,0.540910794550828,145.86615212218547,2.9173230424437095,0.540910794550828,44.560149253811375,44.560149253811375,0.0,schwefel,value,logei,exact,none,0.0,20,50,9,94257965-2122-40c4-929b-e6c2f5da4366,True,0.01,2.0,21.47043990000384,4.328390371778852,"x0,x1,x2,x3",4,0.2,0.5,,,,,,,
-154.17457436651932,628.5629114029522,257.24549913132273,140.70354612858364,710.5166202763555,0.0,3.5896258929366356,0.7387644788422163,140.4923466912943,2.8098469338258862,0.7387644788422163,55.323377549579185,55.323377549579185,0.0,schwefel,value,logei,exact,gaussian,0.05,0,50,9,8166dd3e-b812-47ed-b66b-0baf07999081,False,0.01,2.0,19.444634400002542,4.328390371778852,"x0,x1,x2,x3",4,0.05,0.05,,,,,,,
-377.3490899073072,37.404461142667344,-1.7326130837528808,28.154064278065107,380.24608170330663,20.0,3.920296584549991,0.4080937872288608,131.17163720977516,2.623432744195503,0.4576813012971708,42.317330209511184,42.540474022818586,0.0,schwefel,value,logei,exact,gaussian,0.05,20,50,9,29f3b2d7-6eb4-4f0d-b3ec-3245e0533f43,False,0.01,2.0,22.57563009999285,4.328390371778852,"x0,x1,x2,x3",4,0.05,0.05,,,,,,,
-154.17457436651932,628.5629114029522,257.24549913132273,140.70354612858364,710.5166202763555,0.0,3.671749102938859,0.656641268839993,125.51048400226466,2.510209680045293,0.7616431071231045,48.06465591799935,53.941269853867624,0.0,schwefel,value,logei,exact,gaussian,0.25,0,50,9,21c558cc-615c-4a99-add3-093af117f226,False,0.01,2.0,19.333767099989927,4.328390371778852,"x0,x1,x2,x3",4,0.25,0.25,,,,,,,
184.37767317653197,17.16574529971456,19.192867564670905,35.03102246233931,189.43423100854457,20.0,4.23748871439732,0.090901657381532,133.29192005569317,2.6658384011138634,0.12307408274018528,37.167170915876646,37.66584350893578,0.0,schwefel,value,logei,exact,gaussian,0.25,20,50,9,75526428-aa87-4378-ad3e-14a80133d0a4,False,0.01,2.0,22.367257300007623,4.328390371778852,"x0,x1,x2,x3",4,0.25,0.25,,,,,,,
-154.17457436651932,628.5629114029522,257.24549913132273,140.70354612858364,710.5166202763555,0.0,2.7485478000206873,1.5798425717581646,226.49886611921303,4.52997732238426,3.926140086032633,79.23077513638678,211.52966403061447,0.0,schwefel,value,logei,exact,gaussian,1.0,0,50,9,7a0b4b70-f385-413c-a454-151595f71390,False,0.01,2.0,15.23144129999855,4.328390371778852,"x0,x1,x2,x3",4,1.0,1.0,,,,,,,
184.37767317653197,-132.76431274253187,-231.94281746372752,21.40363304979877,325.38757687522633,20.0,3.787479577228024,0.540910794550828,141.95712539997123,2.8391425079994246,1.0017404795138596,44.560149253811375,54.928817165479586,0.0,schwefel,value,logei,exact,gaussian,1.0,20,50,9,06feb5f1-eb95-4e55-bc13-fbaf91e2588e,False,0.01,2.0,24.920148999997764,4.328390371778852,"x0,x1,x2,x3",4,1.0,1.0,,,,,,,
-154.17457436651932,628.5629114029522,257.24549913132273,140.70354612858364,710.5166202763555,0.0,2.7485478000206873,1.5798425717581646,190.69306257447494,3.8138612514894987,3.149733392371555,79.23077513638678,139.64353323166353,0.0,schwefel,value,logei,exact,gaussian,5.0,0,50,9,1c330798-21b9-42ed-acf4-9cc750661747,False,0.01,2.0,13.219188100003521,4.328390371778852,"x0,x1,x2,x3",4,5.0,5.0,,,,,,,
184.37767317653197,117.96076155731237,-898.8389726929547,75.33327480794816,928.16834074331,20.0,3.787479577228024,0.540910794550828,215.9953604855011,4.3199072097100215,6.043520495816105,44.560149253811375,168.82051311059243,0.0,schwefel,value,logei,exact,gaussian,5.0,20,50,9,379b6c27-a83f-4d7a-a6ad-0af1f69498bf,False,0.01,2.0,14.802360200003022,4.328390371778852,"x0,x1,x2,x3",4,5.0,5.0,,,,,,,
-154.17457436651932,628.5629114029522,257.24549913132273,140.70354612858364,710.5166202763555,0.0,3.037019401014362,1.2913709707644898,165.30037665173268,3.3060075330346534,1.2913709707644898,71.00933450806706,71.00933450806706,0.0,schwefel,value,qnei,exact,none,0.0,0,50,9,5ec5cf87-c059-44b2-b405-634fee8d210c,True,0.01,2.0,17.424206499999855,4.328390371778852,"x0,x1,x2,x3",4,0.2,0.5,,,,,,,
-69.96261877817633,112.39283957249728,89.74535197961802,-1.0593915481431395,159.94458079555977,20.0,3.037019401014362,1.2913709707644898,165.30037665173268,3.3060075330346534,1.2913709707644898,71.00933450806706,71.00933450806706,0.0,schwefel,value,qnei,exact,none,0.0,20,50,9,5ec5cf87-c059-44b2-b405-634fee8d210c,True,0.01,2.0,17.424206499999855,4.328390371778852,"x0,x1,x2,x3",4,0.2,0.5,,,,,,,
-154.17457436651932,628.5629114029522,257.24549913132273,140.70354612858364,710.5166202763555,0.0,2.936458120201471,1.3919322515773809,157.8501115194418,3.1570022303888363,1.4357695682535412,74.19852307079374,76.37097767227684,0.0,schwefel,value,qnei,exact,gaussian,0.05,0,50,9,ec7e5171-fb22-4027-992a-5a6c2315ac81,False,0.01,2.0,16.141418399987742,4.328390371778852,"x0,x1,x2,x3",4,0.05,0.05,,,,,,,
-69.74198845593634,112.17403236046607,89.7843554995373,-1.0757843769714555,159.7164559282727,20.0,3.194404381888876,1.1339859898899758,142.82510358744574,2.8565020717489147,1.1339859898899758,67.99762873170707,67.99762873170707,0.0,schwefel,value,qnei,exact,gaussian,0.05,20,50,9,d0aca5e3-1d26-4f60-8d97-6f9f8c0b040f,False,0.01,2.0,17.685654500004603,4.328390371778852,"x0,x1,x2,x3",4,0.05,0.05,,,,,,,
-154.17457436651932,628.5629114029522,257.24549913132273,140.70354612858364,710.5166202763555,0.0,3.0465820706074105,1.2818083011714414,160.70579265101327,3.2141158530202656,1.2818083011714414,70.43876415407844,70.65044638237104,0.0,schwefel,value,qnei,exact,gaussian,0.25,0,50,9,e01158bf-2302-4994-a243-44268a20b267,False,0.01,2.0,13.146707899999456,4.328390371778852,"x0,x1,x2,x3",4,0.25,0.25,,,,,,,
-69.77000281108118,112.18015046698281,89.83255110716448,-1.065905609525828,159.76001641287758,20.0,3.538212896975878,0.7901774748029737,142.17918136844804,2.843583627368961,1.2463752996318451,62.78730649679251,69.84084165219252,0.0,schwefel,value,qnei,exact,gaussian,0.25,20,50,9,152cb7dc-26ff-4c3f-b795-e1b3b0a404ff,False,0.01,2.0,15.298276200002874,4.328390371778852,"x0,x1,x2,x3",4,0.25,0.25,,,,,,,
-154.17457436651932,628.5629114029522,257.24549913132273,140.70354612858364,710.5166202763555,0.0,2.7485478000206873,1.5798425717581646,194.80523931501298,3.89610478630026,1.5798425717581646,79.23077513638678,85.75676516913599,0.0,schwefel,value,qnei,exact,gaussian,1.0,0,50,9,00db1ef9-3296-4143-a6b3-6530ba85d885,False,0.01,2.0,12.13938799999596,4.328390371778852,"x0,x1,x2,x3",4,1.0,1.0,,,,,,,
-41.35512833114578,65.78076719613739,46.503422008268785,-31.12846450462189,95.75440216038427,20.0,3.3492839510069907,0.9791064207718612,143.62493118248995,2.8724986236497987,1.5798425717581646,65.2346439166679,74.7295085800811,0.0,schwefel,value,qnei,exact,gaussian,1.0,20,50,9,cbbd3a02-384b-4b6e-863f-e45954e31ea3,False,0.01,2.0,17.559753900000942,4.328390371778852,"x0,x1,x2,x3",4,1.0,1.0,,,,,,,
-154.17457436651932,628.5629114029522,257.24549913132273,140.70354612858364,710.5166202763555,0.0,2.9127430623669652,1.4156473094118867,190.53496997044883,3.8106993994089766,1.5798425717581646,75.7005769959418,81.97271971241172,0.0,schwefel,value,qnei,exact,gaussian,5.0,0,50,9,787e21f8-406c-4a59-af29-1caed8da0ce9,False,0.01,2.0,13.084346300005564,4.328390371778852,"x0,x1,x2,x3",4,5.0,5.0,,,,,,,
285.41444278790414,197.95579059581684,169.55907599075647,-918.9633144565448,996.9411982409706,20.0,2.7485478000206873,1.5798425717581646,191.12878861604517,3.8225757723209033,3.1857951736652703,79.23077513638678,140.58984367501273,0.0,schwefel,value,qnei,exact,gaussian,5.0,20,50,9,b29f511c-d01f-4329-aa12-ddabb5e46686,False,0.01,2.0,14.32137689999945,4.328390371778852,"x0,x1,x2,x3",4,5.0,5.0,,,,,,,
-0.009855554787200016,0.631420419961207,-0.5765604155839646,-0.3402860827906701,1.2740921264969713,0.0,7.483805235579466,0.4833587277124707,262.6267753576665,5.252535507153329,0.4833587277124707,80.43439666470883,80.43439666470883,0.0,hartmann_6,value,logei,exact,none,0.0,0,50,9,ebbed6fc-5643-4609-ba57-6fc54f912692,True,0.01,2.0,24.005511399998795,7.967163963291937,"x0,x1,x2,x3,x4,x5",6,0.2,0.5,-0.2311303026262772,-0.8502259231204,,,,,
-0.348727674504992,-0.7971879205248537,0.0,-0.2801181409222998,1.6839197559474637,20.0,7.483805235579466,0.4833587277124707,262.6267753576665,5.252535507153329,0.4833587277124707,80.43439666470883,80.43439666470883,0.0,hartmann_6,value,logei,exact,none,0.0,20,50,9,ebbed6fc-5643-4609-ba57-6fc54f912692,True,0.01,2.0,24.005511399998795,7.967163963291937,"x0,x1,x2,x3,x4,x5",6,0.2,0.5,1.0,1.0,,,,,
-0.009855554787200016,0.631420419961207,-0.5765604155839646,-0.3402860827906701,1.2740921264969713,0.0,6.619676859081783,1.3474871042101544,316.0871739294181,6.321743478588362,1.3474871042101544,135.68502484253565,135.72779866719574,0.0,hartmann_6,value,logei,exact,gaussian,0.05,0,50,9,07d5ad01-0dfa-43d5-900c-c524eefd8da4,False,0.01,2.0,24.968902499997057,7.967163963291937,"x0,x1,x2,x3,x4,x5",6,0.05,0.05,-0.2311303026262772,-0.8502259231204,,,,,
-0.348727674504992,-0.7651334433711303,0.0,-0.2892229963970933,1.6705358777277235,20.0,7.506219595527657,0.46094436776427994,267.1576437993395,5.34315287598679,0.46094436776427994,80.17343392425002,80.17343392425002,0.0,hartmann_6,value,logei,exact,gaussian,0.05,20,50,9,eb4b77ab-f531-46f0-8bda-2df58c0ebac5,False,0.01,2.0,23.663960599995335,7.967163963291937,"x0,x1,x2,x3,x4,x5",6,0.05,0.05,1.0,1.0,,,,,
-0.009855554787200016,0.631420419961207,-0.5765604155839646,-0.3402860827906701,1.2740921264969713,0.0,6.495226150180455,1.4719378131114818,207.73832615986865,4.154766523197373,1.5158870823299004,187.79187520097545,191.4800609068578,0.0,hartmann_6,value,logei,exact,gaussian,0.25,0,50,9,9afdf64d-568a-4318-9152-11e91be48a3e,False,0.01,2.0,22.817746799992165,7.967163963291937,"x0,x1,x2,x3,x4,x5",6,0.25,0.25,-0.2311303026262772,-0.8502259231204,,,,,
0.04426123934364029,-0.07926898094314794,0.0,-0.06407600301462735,0.11250056660856196,20.0,7.581167574351389,0.3859963889405478,243.39776940112097,4.86795538802242,0.45877333226384565,78.24374404234058,78.8759342323912,0.0,hartmann_6,value,logei,exact,gaussian,0.25,20,50,9,cde3cce3-bf03-45c2-bf60-ead5386b13cb,False,0.01,2.0,23.37140439999348,7.967163963291937,"x0,x1,x2,x3,x4,x5",6,0.25,0.25,0.0,0.017550346917277415,,,,,
-0.009855554787200016,0.631420419961207,-0.5765604155839646,-0.3402860827906701,1.2740921264969713,0.0,7.398033760635766,0.5691302026561713,111.29364368407353,2.2258728736814706,0.7010956346661539,77.9321122891717,82.88355943995285,0.0,hartmann_6,value,logei,exact,gaussian,1.0,0,50,9,8a63f56f-8020-4576-b116-d1c447cdfd67,False,0.01,2.0,21.34131720000005,7.967163963291937,"x0,x1,x2,x3,x4,x5",6,1.0,1.0,-0.2311303026262772,-0.8502259231204,,,,,
0.04905059282267593,-0.08323598419429001,0.0,-0.06761294359255388,0.11917699093113159,20.0,7.579976809799638,0.3871871534922988,168.8986759777566,3.377973519555132,0.3871871534922988,78.97477737703332,79.08716650261545,0.0,hartmann_6,value,logei,exact,gaussian,1.0,20,50,9,aec27ce2-3b34-4078-a8f5-8d352361b747,False,0.01,2.0,20.59879199998977,7.967163963291937,"x0,x1,x2,x3,x4,x5",6,1.0,1.0,0.0,0.017246892621603,,,,,
-0.009855554787200016,0.631420419961207,-0.5765604155839646,-0.3402860827906701,1.2740921264969713,0.0,0.5009707022911558,7.4661932610007815,416.7094999684029,8.334189999368057,8.233514749008972,378.8195776527623,406.5808462476301,0.0,hartmann_6,value,logei,exact,gaussian,5.0,0,50,9,4e7f4be7-b4a3-4be3-a277-2de1f82045bb,False,0.01,2.0,19.001326900004642,7.967163963291937,"x0,x1,x2,x3,x4,x5",6,5.0,5.0,-0.2311303026262772,-0.8502259231204,,,,,
0.05997440169098517,0.08846749252848529,-0.11832057384803807,-0.24212723615066956,1.0411766338014699,20.0,7.384539416339928,0.582624546952009,162.90904522645772,3.2581809045291545,0.7842817677098122,82.66787759759843,91.84784029090414,0.0,hartmann_6,value,logei,exact,gaussian,5.0,20,50,9,8675f84f-f850-47bd-b0cd-8ff849c14681,False,0.01,2.0,28.608916799988947,7.967163963291937,"x0,x1,x2,x3,x4,x5",6,5.0,5.0,1.0,0.0,,,,,
-0.009855554787200016,0.631420419961207,-0.5765604155839646,-0.3402860827906701,1.2740921264969713,0.0,7.596097223338842,0.37106673995309514,268.74584252482487,5.374916850496497,0.37106673995309514,78.28672375883349,78.28672375883349,0.0,hartmann_6,value,qnei,exact,none,0.0,0,50,9,081802e9-f33b-49f0-b2e0-e5ff5c5effe8,True,0.01,2.0,22.733582999993814,7.967163963291937,"x0,x1,x2,x3,x4,x5",6,0.2,0.5,-0.2311303026262772,-0.8502259231204,,,,,
-0.0359558278755267,-0.028599410814300064,0.0,-0.031632393145783144,0.06889722917535329,20.0,7.596097223338842,0.37106673995309514,268.74584252482487,5.374916850496497,0.37106673995309514,78.28672375883349,78.28672375883349,0.0,hartmann_6,value,qnei,exact,none,0.0,20,50,9,081802e9-f33b-49f0-b2e0-e5ff5c5effe8,True,0.01,2.0,22.733582999993814,7.967163963291937,"x0,x1,x2,x3,x4,x5",6,0.2,0.5,0.0,0.0404409697555852,,,,,
-0.009855554787200016,0.631420419961207,-0.5765604155839646,-0.3402860827906701,1.2740921264969713,0.0,7.165924206308685,0.8012397569832519,272.77796692948823,5.455559338589764,0.8012397569832519,138.66520662397352,138.66520662397352,0.0,hartmann_6,value,qnei,exact,gaussian,0.05,0,50,9,a1a09c4b-8cce-4798-8aaf-e15a0c438969,False,0.01,2.0,21.12831119999464,7.967163963291937,"x0,x1,x2,x3,x4,x5",6,0.05,0.05,-0.2311303026262772,-0.8502259231204,,,,,
-0.03731650268566922,-0.030608342110826192,0.0,-0.03382813905685156,0.0699856919144759,20.0,7.556263624994928,0.4109003382970089,277.0753738083514,5.541507476167028,0.4109003382970089,78.45160166860228,79.21172628712918,0.0,hartmann_6,value,qnei,exact,gaussian,0.05,20,50,9,e7314416-169b-44ea-a00e-24234b2ca721,False,0.01,2.0,20.377697199990507,7.967163963291937,"x0,x1,x2,x3,x4,x5",6,0.05,0.05,0.0,0.037739397202861055,,,,,
-0.009855554787200016,0.631420419961207,-0.5765604155839646,-0.3402860827906701,1.2740921264969713,0.0,6.979878145143944,0.9872858181479929,262.9565273123437,5.259130546246874,0.9872858181479929,102.4265702251773,114.79963248600929,0.0,hartmann_6,value,qnei,exact,gaussian,0.25,0,50,9,ef510b0e-f5e0-4f03-811c-79800b79f8e0,False,0.01,2.0,22.460562099993695,7.967163963291937,"x0,x1,x2,x3,x4,x5",6,0.25,0.25,-0.2311303026262772,-0.8502259231204,,,,,
-0.03716280815356976,-0.030516922777407585,0.0,-0.03363205852509166,0.0697088731807742,20.0,7.492919906784354,0.47424405650758317,273.90034826787974,5.4780069653575945,0.6122726726101231,79.37008558265562,80.62617871881076,0.0,hartmann_6,value,qnei,exact,gaussian,0.25,20,50,9,8fe0e1fd-935c-44c8-82d9-25adb9081e7c,False,0.01,2.0,18.812036500006798,7.967163963291937,"x0,x1,x2,x3,x4,x5",6,0.25,0.25,0.0,0.03762784545834086,,,,,
-0.009855554787200016,0.631420419961207,-0.5765604155839646,-0.3402860827906701,1.2740921264969713,0.0,2.540584322798144,5.426579640493793,413.38986552225,8.267797310445,5.426579640493793,382.86824869380285,394.20861001392797,0.0,hartmann_6,value,qnei,exact,gaussian,1.0,0,50,9,a1346be7-b380-420c-9d44-4e0971261bee,False,0.01,2.0,22.849653400000534,7.967163963291937,"x0,x1,x2,x3,x4,x5",6,1.0,1.0,-0.2311303026262772,-0.8502259231204,,,,,
-0.0400410731536906,-0.03323390280876326,0.0,-0.03808909041365638,0.0738208574810875,20.0,7.492919906784354,0.47424405650758317,245.55592591221728,4.911118518244345,0.9464308802746242,79.37008558265562,80.52214714641015,0.0,hartmann_6,value,qnei,exact,gaussian,1.0,20,50,9,f31c0118-76d7-444a-98b5-1bb88e2178be,False,0.01,2.0,19.080328999989433,7.967163963291937,"x0,x1,x2,x3,x4,x5",6,1.0,1.0,0.0,0.03592993675894546,,,,,
-0.009855554787200016,0.631420419961207,-0.5765604155839646,-0.3402860827906701,1.2740921264969713,0.0,0.10880083854656938,7.858363124745368,425.03430155579815,8.500686031115963,8.547336899764478,388.25546601229206,415.637108256324,0.0,hartmann_6,value,qnei,exact,gaussian,5.0,0,50,9,27bdcd48-4f07-443e-baef-d90ba01334af,False,0.01,2.0,17.38638379999611,7.967163963291937,"x0,x1,x2,x3,x4,x5",6,5.0,5.0,-0.2311303026262772,-0.8502259231204,,,,,
0.12941267362866798,0.09768833597817772,-1.0,0.036686514147395766,1.0138758470311893,20.0,7.492919906784354,0.47424405650758317,273.63810614867026,5.472762122973405,1.9506759888771903,79.37008558265562,120.9163373703539,0.0,hartmann_6,value,qnei,exact,gaussian,5.0,20,50,9,ae9e98ce-2331-4147-b1ff-43ac4ee67c67,False,0.01,2.0,20.104862700012745,7.967163963291937,"x0,x1,x2,x3,x4,x5",6,5.0,5.0,0.0,-0.01754086061226202,,,,,
0.14178295579033495,1.8019435304756724,0.9898827924410405,-2.359167531538711,3.252683147508541,0.0,3.8337337423745184,4.21398742431446,323.550004886151,6.47100009772302,4.21398742431446,242.98463732216516,242.98463732216516,0.0,michalewicz,value,logei,exact,none,0.0,0,50,9,c4ae8b77-b7a9-487b-b5b1-a4fb32ccc366,True,0.01,2.0,21.884269500005757,8.047721166688978,"x0,x1,x2,x3,x4",5,0.2,0.5,-0.8759596907808993,,,,,,
-0.12289703644215555,-0.02937424603152583,-0.8684212414220891,0.15738255203420742,1.5213619440302895,20.0,3.8337337423745184,4.21398742431446,323.550004886151,6.47100009772302,4.21398742431446,242.98463732216516,242.98463732216516,0.0,michalewicz,value,logei,exact,none,0.0,20,50,9,c4ae8b77-b7a9-487b-b5b1-a4fb32ccc366,True,0.01,2.0,21.884269500005757,8.047721166688978,"x0,x1,x2,x3,x4",5,0.2,0.5,1.2327412204552721,,,,,,
0.14178295579033495,1.8019435304756724,0.9898827924410405,-2.359167531538711,3.252683147508541,0.0,4.938619784956109,3.109101381732869,288.85839128503477,5.777167825700696,3.109101381732869,237.6190850671322,237.6190850671322,0.0,michalewicz,value,logei,exact,gaussian,0.05,0,50,9,71a52198-ee87-4248-b2a7-4a4601522126,False,0.01,2.0,22.70020540000405,8.047721166688978,"x0,x1,x2,x3,x4",5,0.05,0.05,-0.8759596907808993,,,,,,
-0.06244353571288208,0.4543821506813148,-0.935317816789369,0.26764637319282,1.7035857463225303,20.0,4.004343850712334,4.043377315976644,311.7316263162902,6.234632526325804,4.07188463522179,239.31738760716817,239.4171632245262,0.0,michalewicz,value,logei,exact,gaussian,0.05,20,50,9,ba11cd18-a957-4935-8d6e-fb4aad2c820d,False,0.01,2.0,22.715727100003278,8.047721166688978,"x0,x1,x2,x3,x4",5,0.05,0.05,1.3211313566698384,,,,,,
0.14178295579033495,1.8019435304756724,0.9898827924410405,-2.359167531538711,3.252683147508541,0.0,5.958135262424978,2.089585904264,278.64174784792766,5.572834956958554,2.089585904264,218.8501092478418,219.99971095359285,0.0,michalewicz,value,logei,exact,gaussian,0.25,0,50,9,199f4665-8756-4dc4-9c21-ada67a17405f,False,0.01,2.0,23.767818000007537,8.047721166688978,"x0,x1,x2,x3,x4",5,0.25,0.25,-0.8759596907808993,,,,,,
-0.1244481737444838,-0.04590713140110991,-0.8268407827550752,0.10523408694316955,1.438404000168443,20.0,4.2805369449438295,3.7671842217451488,282.1431141544388,5.6428622830887765,3.8277258189854146,237.52311772822662,239.4298480217806,0.0,michalewicz,value,logei,exact,gaussian,0.25,20,50,9,f459a76f-7221-4a3e-ae87-2588f1c49855,False,0.01,2.0,21.619037800002843,8.047721166688978,"x0,x1,x2,x3,x4",5,0.25,0.25,1.1647623628693426,,,,,,
0.14178295579033495,1.8019435304756724,0.9898827924410405,-2.359167531538711,3.252683147508541,0.0,4.691799953817415,3.3559212128715634,339.22326458950977,6.7844652917901955,3.3559212128715634,263.9062590983697,285.13414636538704,0.0,michalewicz,value,logei,exact,gaussian,1.0,0,50,9,2f445748-1419-4b1a-92b3-e4863c0e31f0,False,0.01,2.0,19.036745600009453,8.047721166688978,"x0,x1,x2,x3,x4",5,1.0,1.0,-0.8759596907808993,,,,,,
-0.12629932070785754,-0.05540428699600031,-0.8064386942445783,0.13610081901568932,1.407936472523737,20.0,3.8337337423745184,4.21398742431446,322.4937081048722,6.449874162097444,4.21398742431446,242.98463732216516,242.98463732216516,0.0,michalewicz,value,logei,exact,gaussian,1.0,20,50,9,fb698cf8-4ef4-453f-af57-522ab178110c,False,0.01,2.0,28.450466800000868,8.047721166688978,"x0,x1,x2,x3,x4",5,1.0,1.0,1.1377157627114696,,,,,,
0.14178295579033495,1.8019435304756724,0.9898827924410405,-2.359167531538711,3.252683147508541,0.0,1.8437959892169202,6.203925177472058,431.72220448577315,8.634444089715464,9.10163536231049,325.53260951861506,440.77821522556303,0.0,michalewicz,value,logei,exact,gaussian,5.0,0,50,9,31e8e734-4b5c-4cbf-95da-1fa001b3ad6f,False,0.01,2.0,19.798568999991403,8.047721166688978,"x0,x1,x2,x3,x4",5,5.0,5.0,-0.8759596907808993,,,,,,
0.43231825849274896,1.4569911932974042,-2.342156237541592,-0.44115527863600584,3.2290141840285678,20.0,3.8337337423745184,4.21398742431446,377.86011624531153,7.557202324906231,8.30695821766773,242.98463732216516,341.1522242412953,0.0,michalewicz,value,logei,exact,gaussian,5.0,20,50,9,9ed6138d-47c4-4d08-8204-3532d9a00ed0,False,0.01,2.0,14.888558100006776,8.047721166688978,"x0,x1,x2,x3,x4",5,5.0,5.0,1.5609280463115147,,,,,,
0.14178295579033495,1.8019435304756724,0.9898827924410405,-2.359167531538711,3.252683147508541,0.0,4.86071259174347,3.1870085749455086,299.2423607889385,5.98484721577877,3.1870085749455086,190.60918652554653,190.60918652554653,0.0,michalewicz,value,qnei,exact,none,0.0,0,50,9,16d0e926-37ea-4596-9435-f2e113b134ce,True,0.01,2.0,24.45679029999883,8.047721166688978,"x0,x1,x2,x3,x4",5,0.2,0.5,-0.8759596907808993,,,,,,
-0.038888610877126695,0.010136869208125399,-0.11528656155573946,0.6511930890704124,0.8199382214091712,20.0,4.86071259174347,3.1870085749455086,299.2423607889385,5.98484721577877,3.1870085749455086,190.60918652554653,190.60918652554653,0.0,michalewicz,value,qnei,exact,none,0.0,20,50,9,16d0e926-37ea-4596-9435-f2e113b134ce,True,0.01,2.0,24.45679029999883,8.047721166688978,"x0,x1,x2,x3,x4",5,0.2,0.5,0.48305297455447715,,,,,,
0.14178295579033495,1.8019435304756724,0.9898827924410405,-2.359167531538711,3.252683147508541,0.0,6.447799126852086,1.5999220398368923,289.61784785201655,5.792356957040331,1.5999220398368923,134.40225792594217,134.40225792594217,0.0,michalewicz,value,qnei,exact,gaussian,0.05,0,50,9,b401365b-fb37-4b77-9f8c-94eb4ab407b2,False,0.01,2.0,21.275258199995733,8.047721166688978,"x0,x1,x2,x3,x4",5,0.05,0.05,-0.8759596907808993,,,,,,
-0.03881044613486484,0.009863746458186329,-0.11681257401820311,0.6531134381803453,0.818410487053208,20.0,4.86071259174347,3.1870085749455086,295.8037482717701,5.916074965435402,3.1870085749455086,190.60918652554653,190.60918652554653,0.0,michalewicz,value,qnei,exact,gaussian,0.05,20,50,9,5b3a6f1d-ec82-4a0c-b3e2-7b8ef3dd71cb,False,0.01,2.0,20.631489200008218,8.047721166688978,"x0,x1,x2,x3,x4",5,0.05,0.05,0.47748281698379524,,,,,,
0.14178295579033495,1.8019435304756724,0.9898827924410405,-2.359167531538711,3.252683147508541,0.0,5.114676998819929,2.933044167869049,280.958310594987,5.619166211899739,2.933044167869049,216.79003020156617,216.79003020156617,0.0,michalewicz,value,qnei,exact,gaussian,0.25,0,50,9,b52b20a3-c51b-4fc6-a980-6020c4c4e9b6,False,0.01,2.0,22.48185170000943,8.047721166688978,"x0,x1,x2,x3,x4",5,0.25,0.25,-0.8759596907808993,,,,,,
-0.03881361239119174,0.009873222389294334,-0.11678561606823346,0.6532349329501729,0.8186603595884953,20.0,5.6460507260581645,2.401670440630814,277.38902544239943,5.547780508847989,2.401670440630814,183.93381238387164,183.94876979314014,0.0,michalewicz,value,qnei,exact,gaussian,0.25,20,50,9,19831360-dbc0-4a6f-b92c-ebfaf1121daf,False,0.01,2.0,20.336326200005715,8.047721166688978,"x0,x1,x2,x3,x4",5,0.25,0.25,0.4777510330575001,,,,,,
0.14178295579033495,1.8019435304756724,0.9898827924410405,-2.359167531538711,3.252683147508541,0.0,2.535361306580689,5.5123598601082895,367.2976455656038,7.345952911312075,6.049985945000759,295.02221078367995,329.3046495269444,0.0,michalewicz,value,qnei,exact,gaussian,1.0,0,50,9,f8dc1e74-d64f-4df8-843d-2d48bcda77b5,False,0.01,2.0,20.93145979999099,8.047721166688978,"x0,x1,x2,x3,x4",5,1.0,1.0,-0.8759596907808993,,,,,,
0.019499161592172687,0.004322477137623126,0.10390791883036243,0.07699951177556874,0.5808232628530945,20.0,4.86071259174347,3.1870085749455086,284.5473312365781,5.690946624731562,3.1870085749455086,190.60918652554653,191.96676904530523,0.0,michalewicz,value,qnei,exact,gaussian,1.0,20,50,9,f0d7cdda-90a1-491c-85e1-bd3c4778873d,False,0.01,2.0,21.883780200005276,8.047721166688978,"x0,x1,x2,x3,x4",5,1.0,1.0,0.5658895485433344,,,,,,
0.14178295579033495,1.8019435304756724,0.9898827924410405,-2.359167531538711,3.252683147508541,0.0,4.421715223457747,3.626005943231231,368.60807123027297,7.372161424605459,6.713550405819447,259.7503815673383,364.54130418861644,0.0,michalewicz,value,qnei,exact,gaussian,5.0,0,50,9,8907d157-a94f-4f3c-9538-d75922060347,False,0.01,2.0,21.933594799993443,8.047721166688978,"x0,x1,x2,x3,x4",5,5.0,5.0,-0.8759596907808993,,,,,,
-0.055254179875365406,0.49137768594851705,0.028585588644267634,0.40059555727180596,0.7624805435400068,20.0,4.86071259174347,3.1870085749455086,359.67899007112504,7.1935798014225005,4.214905799290279,190.60918652554653,218.8763601950277,0.0,michalewicz,value,qnei,exact,gaussian,5.0,20,50,9,5bacb030-0aba-4d34-a2bb-fcae74168c1e,False,0.01,2.0,16.599393399999826,8.047721166688978,"x0,x1,x2,x3,x4",5,5.0,5.0,0.41901979458158967,,,,,,
-1.541745743665194,6.285629114029522,2.5724549913132284,1.4070354612858367,7.105166202763556,0.0,13.287089522882177,43.48698451513621,2534.7305952826014,50.694611905652025,43.48698451513621,2239.1080014624645,2239.1080014624645,0.0,shekel,value,logei,exact,none,0.0,0,50,9,2b4e8457-32ad-43df-9c6f-6bc6838afeac,True,0.01,2.0,25.07811010000296,56.774074038018384,"x0,x1,x2,x3",4,0.2,0.5,,,,,,,
-0.2806824728544002,0.06063030138798098,0.11887665428666327,-0.10427175381355713,0.32781540780110446,20.0,13.287089522882177,43.48698451513621,2534.7305952826014,50.694611905652025,43.48698451513621,2239.1080014624645,2239.1080014624645,0.0,shekel,value,logei,exact,none,0.0,20,50,9,2b4e8457-32ad-43df-9c6f-6bc6838afeac,True,0.01,2.0,25.07811010000296,56.774074038018384,"x0,x1,x2,x3",4,0.2,0.5,,,,,,,
-1.541745743665194,6.285629114029522,2.5724549913132284,1.4070354612858367,7.105166202763556,0.0,44.034108567338514,12.73996547067987,2203.941701740386,44.07883403480773,12.73996547067987,1867.5212462438865,1867.5212462438865,0.0,shekel,value,logei,exact,gaussian,0.05,0,50,9,55db40e2-cdce-449f-afbe-e2755e5accfd,False,0.01,2.0,26.031551299995044,56.774074038018384,"x0,x1,x2,x3",4,0.05,0.05,,,,,,,
-0.2689840855155894,0.05958617546187295,0.12429525321396184,-0.10445171853644641,0.319784962191112,20.0,13.55041590183366,43.223658136184724,2531.907706148795,50.638154122975905,43.223658136184724,2231.8088124661413,2231.8088124661413,0.0,shekel,value,logei,exact,gaussian,0.05,20,50,9,bc94c271-21e1-42a7-bcf8-bc1687d5a197,False,0.01,2.0,24.32567970000673,56.774074038018384,"x0,x1,x2,x3",4,0.05,0.05,,,,,,,
-1.541745743665194,6.285629114029522,2.5724549913132284,1.4070354612858367,7.105166202763556,0.0,13.67503989299897,43.09903414501942,2516.774587375598,50.33549174751196,43.09903414501942,2208.068018037945,2208.492554643349,0.0,shekel,value,logei,exact,gaussian,0.25,0,50,9,4fb77680-0001-4f4f-a717-53646f9171b3,False,0.01,2.0,24.213209800000186,56.774074038018384,"x0,x1,x2,x3",4,0.25,0.25,,,,,,,
-0.3096765580138965,0.05630477130008327,0.09872955955418439,-0.09642095444372156,0.34367764582540183,20.0,13.37168553097123,43.40238850704715,2552.835821600392,51.056716432007846,43.40238850704715,2235.567307500899,2235.770580555989,0.0,shekel,value,logei,exact,gaussian,0.25,20,50,9,5504f9b7-e683-402b-aac7-780859eb785d,False,0.01,2.0,21.187612199995783,56.774074038018384,"x0,x1,x2,x3",4,0.25,0.25,,,,,,,
-1.541745743665194,6.285629114029522,2.5724549913132284,1.4070354612858367,7.105166202763556,0.0,13.407999534887814,43.36607450313057,2446.7175351409664,48.93435070281933,43.44655367487223,2214.97857213599,2283.075336136656,0.0,shekel,value,logei,exact,gaussian,1.0,0,50,9,348c0b0c-b286-4108-ba2e-99b948093e94,False,0.01,2.0,24.602826800008188,56.774074038018384,"x0,x1,x2,x3",4,1.0,1.0,,,,,,,
-0.3133406778298591,0.049291531552102086,0.08892756692485149,-0.08885581005845289,0.3411971608995966,20.0,13.488756065426411,43.28531797259197,2529.6176487118864,50.59235297423773,43.28531797259197,2235.552913945288,2239.8779495635627,0.0,shekel,value,logei,exact,gaussian,1.0,20,50,9,d328ca7a-4745-492d-b6b3-b0b95255d537,False,0.01,2.0,20.25971230000141,56.774074038018384,"x0,x1,x2,x3",4,1.0,1.0,,,,,,,
-1.541745743665194,6.285629114029522,2.5724549913132284,1.4070354612858367,7.105166202763556,0.0,9.301000123128077,47.47307391489031,2691.397007907913,53.82794015815826,50.96625646726001,2357.681817547634,2490.5002214822953,0.0,shekel,value,logei,exact,gaussian,5.0,0,50,9,30555e8c-5139-4327-97d8-58d83d9e36a8,False,0.01,2.0,12.896188700004132,56.774074038018384,"x0,x1,x2,x3",4,5.0,5.0,,,,,,,
-0.09176361580495218,-0.008119585564391407,0.1951229425824157,0.2553627901767763,0.33431961681035904,20.0,12.905476268161815,43.86859776985657,2561.0445820822706,51.22089164164541,46.353623931061584,2247.2877547663084,2389.667149894227,0.0,shekel,value,logei,exact,gaussian,5.0,20,50,9,0c840dea-9646-4003-98e1-37db9da1a183,False,0.01,2.0,15.785178100006306,56.774074038018384,"x0,x1,x2,x3",4,5.0,5.0,,,,,,,
-1.541745743665194,6.285629114029522,2.5724549913132284,1.4070354612858367,7.105166202763556,0.0,13.528925306809322,43.24514873120906,2579.174829691236,51.58349659382472,43.24514873120906,2210.3264959493135,2210.3264959493135,0.0,shekel,value,qnei,exact,none,0.0,0,50,9,422b5ae9-b9c3-4bc4-b553-1b52366dfeaa,True,0.01,2.0,17.49720399999933,56.774074038018384,"x0,x1,x2,x3",4,0.2,0.5,,,,,,,
0.15065169237218523,-0.550770702142354,-0.025412164309586593,0.026057547268172776,0.572161753892652,20.0,13.528925306809322,43.24514873120906,2579.174829691236,51.58349659382472,43.24514873120906,2210.3264959493135,2210.3264959493135,0.0,shekel,value,qnei,exact,none,0.0,20,50,9,422b5ae9-b9c3-4bc4-b553-1b52366dfeaa,True,0.01,2.0,17.49720399999933,56.774074038018384,"x0,x1,x2,x3",4,0.2,0.5,,,,,,,
-1.541745743665194,6.285629114029522,2.5724549913132284,1.4070354612858367,7.105166202763556,0.0,13.726008033369729,43.04806600464865,2529.459200998554,50.58918401997108,43.04806600464865,2218.7833212955284,2219.703767429254,0.0,shekel,value,qnei,exact,gaussian,0.05,0,50,9,ec2335c6-e79d-44e1-b3ae-a6a4dd0f1a35,False,0.01,2.0,19.811857599997893,56.774074038018384,"x0,x1,x2,x3",4,0.05,0.05,,,,,,,
0.15261984987847566,-0.5451647302341991,-0.027623355873562794,0.025675289448630956,0.5673796541525296,20.0,13.436892068655624,43.33718196936276,2583.0097875837805,51.66019575167561,43.33718196936276,2212.594102560127,2212.594102560127,0.0,shekel,value,qnei,exact,gaussian,0.05,20,50,9,7d94bd67-2faa-4fad-8d31-bc0686dfbbde,False,0.01,2.0,17.10862320000888,56.774074038018384,"x0,x1,x2,x3",4,0.05,0.05,,,,,,,
-1.541745743665194,6.285629114029522,2.5724549913132284,1.4070354612858367,7.105166202763556,0.0,13.664133055637969,43.109940982380415,2572.26439962162,51.445287992432405,43.109940982380415,2228.0084539840686,2228.1627372950275,0.0,shekel,value,qnei,exact,gaussian,0.25,0,50,9,ee0c6dbd-7870-4f07-b30d-f4c23c1d9644,False,0.01,2.0,17.956949400002486,56.774074038018384,"x0,x1,x2,x3",4,0.25,0.25,,,,,,,
0.15261541839932402,-0.5454036648203298,-0.027564478996886077,0.025691098649942568,0.5676058990046335,20.0,13.410368895061259,43.36370514295712,2569.6053756039355,51.39210751207871,43.417000060484995,2213.430079669028,2214.7891000659884,0.0,shekel,value,qnei,exact,gaussian,0.25,20,50,9,62b90d67-4948-42dd-8e6d-9da3b5105273,False,0.01,2.0,18.756105199994636,56.774074038018384,"x0,x1,x2,x3",4,0.25,0.25,,,,,,,
-1.541745743665194,6.285629114029522,2.5724549913132284,1.4070354612858367,7.105166202763556,0.0,12.78064569842291,43.993428339595475,2553.0640040111393,51.06128008022279,43.993428339595475,2242.665710854577,2254.1370446379237,0.0,shekel,value,qnei,exact,gaussian,1.0,0,50,9,0498ee0e-1415-4c56-b0ff-65fa125ea46a,False,0.01,2.0,21.382288799999515,56.774074038018384,"x0,x1,x2,x3",4,1.0,1.0,,,,,,,
0.15247308282825145,-0.5360964011547606,-0.029561004321534412,0.025132040949749523,0.5587064209198196,20.0,13.450989044589235,43.32308499342915,2553.1903087949427,51.063806175898854,43.848590963674624,2212.206435721953,2213.307562572382,0.0,shekel,value,qnei,exact,gaussian,1.0,20,50,9,eaacb838-32bc-47e6-89df-015d54430797,False,0.01,2.0,18.066171800004668,56.774074038018384,"x0,x1,x2,x3",4,1.0,1.0,,,,,,,
-1.541745743665194,6.285629114029522,2.5724549913132284,1.4070354612858367,7.105166202763556,0.0,9.301000123128077,47.47307391489031,2806.0858116181053,56.121716232362104,55.1604497606918,2357.681817547634,2735.451631093271,0.0,shekel,value,qnei,exact,gaussian,5.0,0,50,9,fa1e98f7-627c-448b-8891-963fb59d31e6,False,0.01,2.0,20.767298300008406,56.774074038018384,"x0,x1,x2,x3",4,5.0,5.0,,,,,,,
0.1555221394704227,-0.27801959876952065,0.007013128554070658,-0.1680610373711886,0.3602439859592646,20.0,13.138121149528072,43.63595288849031,2567.1685599086386,51.343371198172775,43.896631330163544,2220.810302836134,2227.978959982148,0.0,shekel,value,qnei,exact,gaussian,5.0,20,50,9,49b7ae33-ea78-44bf-9666-57f3da57999b,False,0.01,2.0,16.033333999992465,56.774074038018384,"x0,x1,x2,x3",4,5.0,5.0,,,,,,,
-2.31261861549779,9.428443671044283,3.8586824869698404,2.1105531919287532,10.657749304145332,0.0,1.0238904233419797,0.0017328272294441227,28.648167948300294,0.5729633589660059,0.0017328272294441227,2.778994211172687,2.778994211172687,0.0,rosenbrock,value,logei,exact,none,0.0,0,50,9,ea728cab-ad59-408c-9cb9-7674f569d823,True,0.01,2.0,15.609861400007503,1.0256232505714238,"x0,x1,x2,x3",4,0.2,0.5,,,,,,,
5.160404299069243,0.0,-2.3519172579751046,0.0,5.671092250899597,20.0,1.0238904233419797,0.0017328272294441227,28.648167948300294,0.5729633589660059,0.0017328272294441227,2.778994211172687,2.778994211172687,0.0,rosenbrock,value,logei,exact,none,0.0,20,50,9,ea728cab-ad59-408c-9cb9-7674f569d823,True,0.01,2.0,15.609861400007503,1.0256232505714238,"x0,x1,x2,x3",4,0.2,0.5,,,,,,,
-2.31261861549779,9.428443671044283,3.8586824869698404,2.1105531919287532,10.657749304145332,0.0,1.0222598563374428,0.0033633942339810208,18.51130359464189,0.37022607189283785,0.008687210305125204,2.842425074648972,2.902064680537925,0.0,rosenbrock,value,logei,exact,gaussian,0.05,0,50,9,acb7787a-5012-48c7-ab7f-b8f4de232970,False,0.01,2.0,13.60347110001021,1.0256232505714238,"x0,x1,x2,x3",4,0.05,0.05,,,,,,,
-2.9491600135421496,0.0,3.0529350387770924,0.0,4.244756428403027,20.0,1.0238904233419797,0.0017328272294441227,23.83500844347963,0.4767001688695926,0.02836019149752833,2.778994211172687,2.8988173503790655,0.0,rosenbrock,value,logei,exact,gaussian,0.05,20,50,9,88e90882-ad2f-4723-bb9f-8ffa8eadd431,False,0.01,2.0,13.540066099987598,1.0256232505714238,"x0,x1,x2,x3",4,0.05,0.05,,,,,,,
-2.31261861549779,9.428443671044283,3.8586824869698404,2.1105531919287532,10.657749304145332,0.0,1.024509630856193,0.0011136197152308291,10.301450405252286,0.2060290081050457,0.03735853169512049,2.8020383174329466,4.702383515048977,0.0,rosenbrock,value,logei,exact,gaussian,0.25,0,50,9,5c76ffc9-6d7e-4075-b5af-c30b8db71305,False,0.01,2.0,11.725400399998762,1.0256232505714238,"x0,x1,x2,x3",4,0.25,0.25,,,,,,,
-5.3710314333174285,7.316592188371709,-0.22875900721749887,0.0,9.07925275515606,20.0,1.0238904233419797,0.0017328272294441227,19.702692939710214,0.3940538587942043,0.019803312797253225,2.778994211172687,3.1295172092336694,0.0,rosenbrock,value,logei,exact,gaussian,0.25,20,50,9,f14ae1b3-ca6c-4331-8951-ae7e4711af18,False,0.01,2.0,11.946201899991138,1.0256232505714238,"x0,x1,x2,x3",4,0.25,0.25,,,,,,,
-2.31261861549779,9.428443671044283,3.8586824869698404,2.1105531919287532,10.657749304145332,0.0,1.0223086183685748,0.0033146322028489994,19.874367445090783,0.39748734890181564,0.113867104658676,3.8447697351914556,7.942835425403866,0.0,rosenbrock,value,logei,exact,gaussian,1.0,0,50,9,138bb7e8-8d6f-4ade-97be-b7a6e4df5e0a,False,0.01,2.0,12.614168499989319,1.0256232505714238,"x0,x1,x2,x3",4,1.0,1.0,,,,,,,
-5.510174712587815,7.372776249085286,-0.2319143151079195,0.0,9.207260137080427,20.0,1.024618605129538,0.001004645441885721,20.80663059731836,0.4161326119463672,0.08850750045645639,2.759697393802389,5.810216312062268,0.0,rosenbrock,value,logei,exact,gaussian,1.0,20,50,9,efc0c14c-da1c-4676-add3-a48791c9e853,False,0.01,2.0,11.961281700001564,1.0256232505714238,"x0,x1,x2,x3",4,1.0,1.0,,,,,,,
-2.31261861549779,9.428443671044283,3.8586824869698404,2.1105531919287532,10.657749304145332,0.0,0.9840621792308474,0.041561071340576405,25.834323074109594,0.5166864614821919,0.10969956326204922,4.08275282668422,8.146133259881095,0.0,rosenbrock,value,logei,exact,gaussian,5.0,0,50,9,ce5cb9f2-0890-47bd-b805-b6784041c1cd,False,0.01,2.0,13.14353210000263,1.0256232505714238,"x0,x1,x2,x3",4,5.0,5.0,,,,,,,
-9.839595700930758,4.110400701201259,7.371467252971901,15.0,19.825528163048972,20.0,1.0238904233419797,0.0017328272294441227,53.696940001916744,1.073938800038335,0.30258239110311347,2.778994211172687,38.3521616072701,0.0,rosenbrock,value,logei,exact,gaussian,5.0,20,50,9,265d44f3-9e91-45fe-afa1-daf179253be1,False,0.01,2.0,12.389974799996708,1.0256232505714238,"x0,x1,x2,x3",4,5.0,5.0,,,,,,,
-2.31261861549779,9.428443671044283,3.8586824869698404,2.1105531919287532,10.657749304145332,0.0,1.018855076463906,0.006768174107517844,23.087899239375577,0.46175798478751157,0.006768174107517844,2.8631783474473043,2.8631783474473043,0.0,rosenbrock,value,qnei,exact,none,0.0,0,50,9,354d6caa-d783-4047-8536-8d0228a8a2e3,True,0.01,2.0,14.54759919999924,1.0256232505714238,"x0,x1,x2,x3",4,0.2,0.5,,,,,,,
-5.943515183613696,0.4874476438031392,1.88942429344999,15.0,16.252166074218376,20.0,1.018855076463906,0.006768174107517844,23.087899239375577,0.46175798478751157,0.006768174107517844,2.8631783474473043,2.8631783474473043,0.0,rosenbrock,value,qnei,exact,none,0.0,20,50,9,354d6caa-d783-4047-8536-8d0228a8a2e3,True,0.01,2.0,14.54759919999924,1.0256232505714238,"x0,x1,x2,x3",4,0.2,0.5,,,,,,,
-2.31261861549779,9.428443671044283,3.8586824869698404,2.1105531919287532,10.657749304145332,0.0,1.0201829328234702,0.005440317747953616,19.067916250258584,0.3813583250051717,0.005440317747953616,2.865287739947531,3.8012812216959473,0.0,rosenbrock,value,qnei,exact,gaussian,0.05,0,50,9,76350e62-7dd3-4947-8c62-488b851b68a9,False,0.01,2.0,13.244675699999789,1.0256232505714238,"x0,x1,x2,x3",4,0.05,0.05,,,,,,,
-5.853777417918066,0.41838303803221777,1.9382175627406872,15.0,16.223391807681804,20.0,1.018855076463906,0.006768174107517844,20.746360437649678,0.41492720875299355,0.051612756008252436,2.8631783474473043,3.5937959227778604,0.0,rosenbrock,value,qnei,exact,gaussian,0.05,20,50,9,c933edd4-8805-44b3-a573-1a5663c4944e,False,0.01,2.0,13.23042350000469,1.0256232505714238,"x0,x1,x2,x3",4,0.05,0.05,,,,,,,
-2.31261861549779,9.428443671044283,3.8586824869698404,2.1105531919287532,10.657749304145332,0.0,1.0238847735743313,0.0017384769970925085,14.549012918025996,0.29098025836051994,0.067816556362574,2.8821906107040296,4.15863594077098,0.0,rosenbrock,value,qnei,exact,gaussian,0.25,0,50,9,8eff560a-1ba4-4669-ba89-99d473624a67,False,0.01,2.0,13.062730399993598,1.0256232505714238,"x0,x1,x2,x3",4,0.25,0.25,,,,,,,
-5.858100124144991,0.4212969153430768,1.9358345460987014,15.0,16.22474294234748,20.0,1.0244136742355359,0.0012095763358879186,19.48698830276267,0.38973976605525334,0.02285197211226686,2.726992702042371,4.600416871686566,0.0,rosenbrock,value,qnei,exact,gaussian,0.25,20,50,9,05faeb67-219d-4e5a-8f59-93a8bcdb5206,False,0.01,2.0,13.283634299994446,1.0256232505714238,"x0,x1,x2,x3",4,0.25,0.25,,,,,,,
-2.31261861549779,9.428443671044283,3.8586824869698404,2.1105531919287532,10.657749304145332,0.0,1.0227424600063186,0.0028807905651051513,20.486223094845798,0.40972446189691597,0.022159259224457495,2.4007241337785743,5.7627007551398,0.0,rosenbrock,value,qnei,exact,gaussian,1.0,0,50,9,337183be-e4e4-4b11-af7b-312bba909a7f,False,0.01,2.0,13.363254100011545,1.0256232505714238,"x0,x1,x2,x3",4,1.0,1.0,,,,,,,
-5.730205961317054,0.17276554508163944,1.9684231653824407,15.0,16.17837439456434,20.0,1.020327608445508,0.005295642125915823,24.753759127418185,0.4950751825483637,0.008329696075100035,2.827101313898055,3.788159988199618,0.0,rosenbrock,value,qnei,exact,gaussian,1.0,20,50,9,24a1d683-b2c1-45cd-8d18-a516699e84e3,False,0.01,2.0,12.98721249999653,1.0256232505714238,"x0,x1,x2,x3",4,1.0,1.0,,,,,,,
-2.31261861549779,9.428443671044283,3.8586824869698404,2.1105531919287532,10.657749304145332,0.0,0.996041399527419,0.029581851044004792,83.24479145377269,1.6648958290754539,0.27839870792418675,5.488036871551656,75.35270846694486,0.0,rosenbrock,value,qnei,exact,gaussian,5.0,0,50,9,85e68567-f431-4841-a994-83b2a9e5fbd1,False,0.01,2.0,17.313142999992124,1.0256232505714238,"x0,x1,x2,x3",4,5.0,5.0,,,,,,,
-11.787019945459555,7.783369354617633,-1.5035591447022045,0.0,14.204765672360804,20.0,1.018855076463906,0.006768174107517844,40.13351169804851,0.8026702339609701,0.025096049736270443,2.8631783474473043,3.4217302219879513,0.0,rosenbrock,value,qnei,exact,gaussian,5.0,20,50,9,6efc9f09-abc4-4cc9-a4c3-2427bd8e276d,False,0.01,2.0,14.953323099995032,1.0256232505714238,"x0,x1,x2,x3",4,5.0,5.0,,,,,,,
-0.15417457436651938,0.6285629114029522,0.2572454991313228,0.1407035461285836,0.7105166202763555,0.0,3.0593887562558817,0.0,41.27198674124503,0.8254397348249006,0.0,4.168795759931174,4.168795759931174,0.0,stevens,value,logei,exact,none,0.0,0,50,9,b2a588a4-3ec9-47cc-9b11-e5fb044752a0,True,0.01,2.0,11.162897999995039,3.0593887562558817,"x0,x1,x2,x3",4,0.2,0.5,,,,,,,
0.0,0.0,0.09802336385259991,0.0,0.09802336385259991,20.0,3.0593887562558817,0.0,41.27198674124503,0.8254397348249006,0.0,4.168795759931174,4.168795759931174,0.0,stevens,value,logei,exact,none,0.0,20,50,9,b2a588a4-3ec9-47cc-9b11-e5fb044752a0,True,0.01,2.0,11.162897999995039,3.0593887562558817,"x0,x1,x2,x3",4,0.2,0.5,,,,,,,
-0.15417457436651938,0.6285629114029522,0.2572454991313228,0.1407035461285836,0.7105166202763555,0.0,3.0593887562558817,0.0,33.262014629152155,0.6652402925830431,0.0,4.168795759931174,4.168795759931174,0.0,stevens,value,logei,exact,gaussian,0.05,0,50,9,c77751db-e2c8-4c9c-b2f6-31271fbb9a95,False,0.01,2.0,10.233823600006872,3.0593887562558817,"x0,x1,x2,x3",4,0.05,0.05,,,,,,,
0.0,0.0,0.09802336385259991,0.0,0.09802336385259991,20.0,3.0593887562558817,0.0,34.14006285337231,0.6828012570674461,0.0,4.168795759931174,4.168795759931174,0.0,stevens,value,logei,exact,gaussian,0.05,20,50,9,c522266e-90e4-476f-8682-3e2e8e23a14c,False,0.01,2.0,10.041068399994401,3.0593887562558817,"x0,x1,x2,x3",4,0.05,0.05,,,,,,,
-0.15417457436651938,0.6285629114029522,0.2572454991313228,0.1407035461285836,0.7105166202763555,0.0,3.0593887562558817,0.0,25.561145824351613,0.5112229164870322,0.3592288341518701,6.366428884314376,13.221177205949093,0.0,stevens,value,logei,exact,gaussian,0.25,0,50,9,7c1730cd-daf4-4183-86e3-13d7a4479edb,False,0.01,2.0,10.497411000003922,3.0593887562558817,"x0,x1,x2,x3",4,0.25,0.25,,,,,,,
-0.21224093656510268,0.0,0.09802336385259991,0.0,0.2337836500164439,20.0,3.0593887562558817,0.0,42.314551965355626,0.8462910393071126,0.0,4.168795759931174,4.168795759931174,0.0,stevens,value,logei,exact,gaussian,0.25,20,50,9,36b26b91-9dd6-456d-babe-b4536f913403,False,0.01,2.0,10.353285499993945,3.0593887562558817,"x0,x1,x2,x3",4,0.25,0.25,,,,,,,
-0.15417457436651938,0.6285629114029522,0.2572454991313228,0.1407035461285836,0.7105166202763555,0.0,2.3446704009831647,0.714718355272717,77.80859075986784,1.5561718151973567,0.7302281681421179,37.96200624891812,75.88826448271088,0.0,stevens,value,logei,exact,gaussian,1.0,0,50,9,52aa87a4-2d5d-4d5a-bbbf-eaff282fe254,False,0.01,2.0,12.426799099994241,3.0593887562558817,"x0,x1,x2,x3",4,1.0,1.0,,,,,,,
-0.2465445013029216,0.0,0.09802336385259991,0.0,0.26531636018852195,20.0,3.0593887562558817,0.0,48.48715858178715,0.969743171635743,0.11471608288578539,4.168795759931174,7.0162456170795835,0.0,stevens,value,logei,exact,gaussian,1.0,20,50,9,3745b315-8f84-4883-b53f-1635968f40c6,False,0.01,2.0,10.269434200003161,3.0593887562558817,"x0,x1,x2,x3",4,1.0,1.0,,,,,,,
-0.15417457436651938,0.6285629114029522,0.2572454991313228,0.1407035461285836,0.7105166202763555,0.0,3.0243333134031376,0.03505544285274409,66.9393911100583,1.338787822201166,0.7029764665028808,7.85974334671114,35.42112268097864,0.0,stevens,value,logei,exact,gaussian,5.0,0,50,9,c19e12ff-738b-4c22-aef1-c87c9fa6df3c,False,0.01,2.0,10.941331599999103,3.0593887562558817,"x0,x1,x2,x3",4,5.0,5.0,,,,,,,
-0.3845266305868982,-0.11460350887929494,-0.05631203822062458,-0.11059253361610422,0.41999577142889155,20.0,3.0593887562558817,0.0,52.129215144394415,1.0425843028878883,0.30190728949689527,4.168795759931174,12.016686828792926,0.0,stevens,value,logei,exact,gaussian,5.0,20,50,9,c2faf8a3-fa00-490e-9ac4-2c6f0c7a71bc,False,0.01,2.0,8.921807699996862,3.0593887562558817,"x0,x1,x2,x3",4,5.0,5.0,,,,,,,
-0.15417457436651938,0.6285629114029522,0.2572454991313228,0.1407035461285836,0.7105166202763555,0.0,3.0593887562558817,0.0,129.94234703511634,2.5988469407023267,0.0,4.168795759931174,4.168795759931174,0.0,stevens,value,qnei,exact,none,0.0,0,50,9,002bd4de-125c-44a2-8f3f-007cca9076f7,True,0.01,2.0,10.216502900002524,3.0593887562558817,"x0,x1,x2,x3",4,0.2,0.5,,,,,,,
-0.5174741413450737,0.5455248327725533,-0.5414900140595791,0.0014068881715446624,0.926601448732363,20.0,3.0593887562558817,0.0,129.94234703511634,2.5988469407023267,0.0,4.168795759931174,4.168795759931174,0.0,stevens,value,qnei,exact,none,0.0,20,50,9,002bd4de-125c-44a2-8f3f-007cca9076f7,True,0.01,2.0,10.216502900002524,3.0593887562558817,"x0,x1,x2,x3",4,0.2,0.5,,,,,,,
-0.15417457436651938,0.6285629114029522,0.2572454991313228,0.1407035461285836,0.7105166202763555,0.0,3.0593887562558817,0.0,130.963079541972,2.6192615908394403,0.0,4.168795759931174,4.168795759931174,0.0,stevens,value,qnei,exact,gaussian,0.05,0,50,9,10163e6b-1a48-4657-8d96-3aea98c13714,False,0.01,2.0,8.66541970000253,3.0593887562558817,"x0,x1,x2,x3",4,0.05,0.05,,,,,,,
-0.5174741413450737,0.5455248327725533,-0.5414900140595791,0.0014068881715446624,0.926601448732363,20.0,3.0593887562558817,0.0,129.94234703511634,2.5988469407023267,0.0,4.168795759931174,4.168795759931174,0.0,stevens,value,qnei,exact,gaussian,0.05,20,50,9,5b002a06-3e44-44da-ab25-da5b330359c1,False,0.01,2.0,10.123352599999635,3.0593887562558817,"x0,x1,x2,x3",4,0.05,0.05,,,,,,,
-0.15417457436651938,0.6285629114029522,0.2572454991313228,0.1407035461285836,0.7105166202763555,0.0,3.0593887562558817,0.0,116.79403956504954,2.335880791300991,0.1998944801138962,4.168795759931174,9.972735095782763,0.0,stevens,value,qnei,exact,gaussian,0.25,0,50,9,70859d63-79e3-4998-b9ce-e184366d6c6c,False,0.01,2.0,8.71543599999859,3.0593887562558817,"x0,x1,x2,x3",4,0.25,0.25,,,,,,,
-0.5174741413450737,0.5455248327725533,-0.5414900140595791,0.0014068881715446624,0.926601448732363,20.0,3.0593887562558817,0.0,126.39275791854594,2.527855158370919,0.0,4.168795759931174,4.168795759931174,0.0,stevens,value,qnei,exact,gaussian,0.25,20,50,9,35616642-bf67-41bb-8ac9-539f4f821ac1,False,0.01,2.0,10.044371299998602,3.0593887562558817,"x0,x1,x2,x3",4,0.25,0.25,,,,,,,
-0.15417457436651938,0.6285629114029522,0.2572454991313228,0.1407035461285836,0.7105166202763555,0.0,2.9063441662471696,0.15304459000871207,68.75237200795259,1.3750474401590518,0.21008290353504622,20.333705001969705,54.14265896097787,0.0,stevens,value,qnei,exact,gaussian,1.0,0,50,9,811dfb1a-b6af-424f-8641-2174c2266f03,False,0.01,2.0,11.137527800005046,3.0593887562558817,"x0,x1,x2,x3",4,1.0,1.0,,,,,,,
-0.5174741413450737,0.5455248327725533,-0.5414900140595791,0.0014068881715446624,0.926601448732363,20.0,3.0593887562558817,0.0,78.37099411572476,1.5674198823144951,0.0,4.168795759931174,9.53618299856369,0.0,stevens,value,qnei,exact,gaussian,1.0,20,50,9,ff42ffa5-b030-42a0-815a-3d57c4dccaae,False,0.01,2.0,9.650517200003378,3.0593887562558817,"x0,x1,x2,x3",4,1.0,1.0,,,,,,,
-0.15417457436651938,0.6285629114029522,0.2572454991313228,0.1407035461285836,0.7105166202763555,0.0,3.0593887562558817,0.0,103.8848684664236,2.077697369328472,0.48681046015076923,5.652191879083929,34.571460183749174,0.0,stevens,value,qnei,exact,gaussian,5.0,0,50,9,b31a5b56-863e-4535-a463-be050a005d44,False,0.01,2.0,9.786014199999045,3.0593887562558817,"x0,x1,x2,x3",4,5.0,5.0,,,,,,,
0.40011845995960893,0.5735011146342469,0.1529541579605952,0.6163020251851997,0.9445747567937575,20.0,3.0593887562558817,0.0,122.81346769654408,2.4562693539308817,2.3837454304770116,4.168795759931174,60.42787078685723,0.0,stevens,value,qnei,exact,gaussian,5.0,20,50,9,231b2fce-688e-462d-866b-5e851a23ab20,False,0.01,2.0,9.415280699991854,3.0593887562558817,"x0,x1,x2,x3",4,5.0,5.0,,,,,,,
-1.578747641513158,6.43648421276623,2.634193911104745,1.440804312356696,7.27569019162988,0.0,2.552288412243072,1.0866506611949798,120.72095793933461,2.4144191587866923,1.0866506611949798,71.20234343814664,71.20234343814664,0.0,rastrigin,value,logei,exact,none,0.0,0,50,9,332b6812-8623-4f37-99c2-06628c204b33,True,0.01,2.0,13.32343600000604,3.638939073438052,"x0,x1,x2,x3",4,0.2,0.5,,,,,,,
-0.5532155174608273,0.7693993497112535,2.3412241941172525,-0.28410821723010793,2.541666967624437,20.0,2.552288412243072,1.0866506611949798,120.72095793933461,2.4144191587866923,1.0866506611949798,71.20234343814664,71.20234343814664,0.0,rastrigin,value,logei,exact,none,0.0,20,50,9,332b6812-8623-4f37-99c2-06628c204b33,True,0.01,2.0,13.32343600000604,3.638939073438052,"x0,x1,x2,x3",4,0.2,0.5,,,,,,,
-1.578747641513158,6.43648421276623,2.634193911104745,1.440804312356696,7.27569019162988,0.0,2.6516207231599216,0.9873183502781302,119.23211446392531,2.3846422892785064,0.9873183502781302,65.97249017686764,65.97249017686764,0.0,rastrigin,value,logei,exact,gaussian,0.05,0,50,9,3bc75ab0-a5b9-4551-88a3-bf5a8e014515,False,0.01,2.0,12.5552619999944,3.638939073438052,"x0,x1,x2,x3",4,0.05,0.05,,,,,,,
-0.5294891588787436,0.7656674944405666,2.3591122798772415,-0.27044655692690256,2.5505210390495168,20.0,2.5884414581520234,1.0504976152860284,121.42554969955322,2.4285109939910643,1.0504976152860284,69.52003723791246,69.52003723791246,0.0,rastrigin,value,logei,exact,gaussian,0.05,20,50,9,67670ba7-ee20-44a6-875d-21e2b413e3e0,False,0.01,2.0,13.802117500003078,3.638939073438052,"x0,x1,x2,x3",4,0.05,0.05,,,,,,,
-1.578747641513158,6.43648421276623,2.634193911104745,1.440804312356696,7.27569019162988,0.0,2.9193328968351206,0.7196061766029311,128.17666808546537,2.5635333617093075,0.7918104924521621,69.42258982889449,74.67364190481914,0.0,rastrigin,value,logei,exact,gaussian,0.25,0,50,9,a9b8f131-42d5-4cf8-a320-55b11f733018,False,0.01,2.0,20.69554960000096,3.638939073438052,"x0,x1,x2,x3",4,0.25,0.25,,,,,,,
-0.640131862446931,0.7856682832134758,2.3257216876999665,-0.3010182126476,2.5547283193230004,20.0,2.2491226511984297,1.389816422239622,131.20534777782225,2.624106955556445,1.389816422239622,79.014940043698,79.014940043698,0.0,rastrigin,value,logei,exact,gaussian,0.25,20,50,9,c5a77a49-5fb3-40c2-9628-6cefa4905313,False,0.01,2.0,16.374925600001006,3.638939073438052,"x0,x1,x2,x3",4,0.25,0.25,,,,,,,
-1.578747641513158,6.43648421276623,2.634193911104745,1.440804312356696,7.27569019162988,0.0,2.375808827933813,1.2631302455042386,130.81852674181619,2.6163705348363235,1.479094588771558,78.2744106437147,113.23009111903248,0.0,rastrigin,value,logei,exact,gaussian,1.0,0,50,9,7af77a01-d83f-48b7-b4cd-8b6e5e8080a4,False,0.01,2.0,10.676963600009913,3.638939073438052,"x0,x1,x2,x3",4,1.0,1.0,,,,,,,
-0.6177090335505615,0.46255945589383307,2.759876756412807,-0.26353659694363296,2.877828512764976,20.0,2.639735911581436,0.9992031618566157,135.1780989022686,2.703561978045372,1.4993867144924273,77.1320454800432,80.80961224644909,0.0,rastrigin,value,logei,exact,gaussian,1.0,20,50,9,7c65a25b-5a4f-4564-8c76-46fee0514f76,False,0.01,2.0,17.949388199995155,3.638939073438052,"x0,x1,x2,x3",4,1.0,1.0,,,,,,,
-1.578747641513158,6.43648421276623,2.634193911104745,1.440804312356696,7.27569019162988,0.0,3.0782530364339906,0.5606860370040612,136.66665422512094,2.733333084502419,0.8297789754236451,47.76415144575855,75.92411221778093,0.0,rastrigin,value,logei,exact,gaussian,5.0,0,50,9,f1a12828-94b0-49e0-8156-1410d0640b42,False,0.01,2.0,14.180015000005369,3.638939073438052,"x0,x1,x2,x3",4,5.0,5.0,,,,,,,
-5.065040970636054,-0.09662063447776559,0.8308990102768932,-1.4016085170220085,5.321548194040571,20.0,2.115059406857549,1.5238796665805028,179.89436898922517,3.5978873797845035,3.887413334700605,80.95885708664078,140.54234085072127,0.0,rastrigin,value,logei,exact,gaussian,5.0,20,50,9,13fe5358-2e82-4a96-bba0-f4a74902b724,False,0.01,2.0,12.645931399994879,3.638939073438052,"x0,x1,x2,x3",4,5.0,5.0,,,,,,,
-1.578747641513158,6.43648421276623,2.634193911104745,1.440804312356696,7.27569019162988,0.0,2.9336722726411906,0.7052668007968612,129.36851409667557,2.587370281933511,0.7052668007968612,56.873068278064956,56.873068278064956,0.0,rastrigin,value,qnei,exact,none,0.0,0,50,9,ad286097-da5c-4450-92d7-95a1b6410261,True,0.01,2.0,14.61329019999539,3.638939073438052,"x0,x1,x2,x3",4,0.2,0.5,,,,,,,
0.0034551157761755213,0.011657907836767123,0.4205302916182936,1.53433205738052,1.5909646234640993,20.0,2.9336722726411906,0.7052668007968612,129.36851409667557,2.587370281933511,0.7052668007968612,56.873068278064956,56.873068278064956,0.0,rastrigin,value,qnei,exact,none,0.0,20,50,9,ad286097-da5c-4450-92d7-95a1b6410261,True,0.01,2.0,14.61329019999539,3.638939073438052,"x0,x1,x2,x3",4,0.2,0.5,,,,,,,
-1.578747641513158,6.43648421276623,2.634193911104745,1.440804312356696,7.27569019162988,0.0,2.4989479743912093,1.1399910990468425,136.7379683445155,2.73475936689031,1.1399910990468425,70.592322897866,70.59768714612525,0.0,rastrigin,value,qnei,exact,gaussian,0.05,0,50,9,1c5dafdf-8772-4f54-bfb6-395b31d27bff,False,0.01,2.0,14.17595029999211,3.638939073438052,"x0,x1,x2,x3",4,0.05,0.05,,,,,,,
0.008996660783543442,0.01140032807601854,0.40941957144151675,1.531004323589518,1.584868932030232,20.0,2.9547921069556526,0.6841469664823991,127.22723786722354,2.544544757344471,0.6841469664823991,56.27115300010278,56.27115300010278,0.0,rastrigin,value,qnei,exact,gaussian,0.05,20,50,9,5d9c02eb-d9fb-43da-8948-7e346383a369,False,0.01,2.0,15.129119999997783,3.638939073438052,"x0,x1,x2,x3",4,0.05,0.05,,,,,,,
-1.578747641513158,6.43648421276623,2.634193911104745,1.440804312356696,7.27569019162988,0.0,2.464759356934933,1.1741797165031187,127.40140713477966,2.548028142695593,1.2703667160761567,62.414538860911634,62.46263236069815,0.0,rastrigin,value,qnei,exact,gaussian,0.25,0,50,9,9ce035f6-c906-463a-a82b-47ac2644257b,False,0.01,2.0,15.659879300001194,3.638939073438052,"x0,x1,x2,x3",4,0.25,0.25,,,,,,,
0.008861568801772357,0.01152200816507265,0.4102861393498761,1.5315834125745353,1.585652468194046,20.0,2.9520468081002003,0.6868922653378515,121.07121974125808,2.4214243948251615,0.6868922653378515,56.34939401748317,59.27883165277729,0.0,rastrigin,value,qnei,exact,gaussian,0.25,20,50,9,aff58ddc-b8ec-4b35-afa1-d22aa817c104,False,0.01,2.0,14.86159279999265,3.638939073438052,"x0,x1,x2,x3",4,0.25,0.25,,,,,,,
-1.578747641513158,6.43648421276623,2.634193911104745,1.440804312356696,7.27569019162988,0.0,1.524825712460925,2.114113360977127,165.26971629315003,3.3053943258630003,2.282638507914588,104.241586040005,112.59740408674138,0.0,rastrigin,value,qnei,exact,gaussian,1.0,0,50,9,3ec281ce-2f86-4f2e-a578-eeb06983ccd2,False,0.01,2.0,16.146746200000052,3.638939073438052,"x0,x1,x2,x3",4,1.0,1.0,,,,,,,
0.01276381234363222,0.010196590114453508,0.38936045068572134,1.5273601368294663,1.5762923058523821,20.0,2.994779276560024,0.6441597968780277,130.91366768216133,2.6182733536432266,1.5382917065584691,55.131518666378184,57.36684844057929,0.0,rastrigin,value,qnei,exact,gaussian,1.0,20,50,9,624c219d-27dd-48f7-bd76-89e07b637283,False,0.01,2.0,14.85623000000487,3.638939073438052,"x0,x1,x2,x3",4,1.0,1.0,,,,,,,
-1.578747641513158,6.43648421276623,2.634193911104745,1.440804312356696,7.27569019162988,0.0,1.524825712460925,2.114113360977127,218.7642250576315,4.37528450115263,3.635938409591548,104.241586040005,217.4597661876423,0.0,rastrigin,value,qnei,exact,gaussian,5.0,0,50,9,6f59b538-878d-4dc2-bfca-b2276ce6d2e3,False,0.01,2.0,16.96686889999546,3.638939073438052,"x0,x1,x2,x3",4,5.0,5.0,,,,,,,
-0.06594273131108608,0.4750456706252,1.309519824971741,1.5386110062145404,2.076579599589443,20.0,2.270924792455261,1.3680142809827909,177.30780220918473,3.546156044183695,3.030411992905358,75.76137146336394,119.06749113603101,0.0,rastrigin,value,qnei,exact,gaussian,5.0,20,50,9,7fa0c34c-6903-4f51-a237-d64d66f50d73,False,0.01,2.0,13.456325100007234,3.638939073438052,"x0,x1,x2,x3",4,5.0,5.0,,,,,,,
-16.101900131999543,-5.6238231681632485,4.549465738393904,4.115363227319936,29.7755626024173,0.0,2.2633255452868193,0.361154786491793,79.90189985651399,1.5980379971302798,0.361154786491793,45.15384282434409,45.15384282434409,0.0,levy_10,value,logei,exact,none,0.0,0,50,9,8f301dbe-7111-48ae-9efb-afb4ebbae9e8,True,0.01,2.0,44.451373000003514,2.6244803317786123,"x0,x1,x2,x3,x4,x5,x6,x7,x8,x9,x10",11,0.2,0.5,1.370704461382287,-11.995532610244688,-3.101198891868618,-12.381131117010316,14.28321496816303,-3.150015607624434,5.952931767016869
2.7801386177213985,-0.46913795631022404,2.87725042333476,-3.7117254056046827,8.663240545873908,20.0,2.2633255452868193,0.361154786491793,79.90189985651399,1.5980379971302798,0.361154786491793,45.15384282434409,45.15384282434409,0.0,levy_10,value,logei,exact,none,0.0,20,50,9,8f301dbe-7111-48ae-9efb-afb4ebbae9e8,True,0.01,2.0,44.451373000003514,2.6244803317786123,"x0,x1,x2,x3,x4,x5,x6,x7,x8,x9,x10",11,0.2,0.5,1.2201593520083551,-1.1523838631320142,5.1762520852719724,-2.215830027439667,0.4153546333802661,-1.0638463386606567,-3.0368480103303197
-16.101900131999543,-5.6238231681632485,4.549465738393904,4.115363227319936,29.7755626024173,0.0,2.299026544005443,0.32545378777316936,60.732577210551575,1.2146515442110315,0.32545378777316936,37.07739088442429,37.17485140758167,0.0,levy_10,value,logei,exact,gaussian,0.05,0,50,9,df46d496-80a9-417c-b617-2c455146efd6,False,0.01,2.0,43.1211084999959,2.6244803317786123,"x0,x1,x2,x3,x4,x5,x6,x7,x8,x9,x10",11,0.05,0.05,1.370704461382287,-11.995532610244688,-3.101198891868618,-12.381131117010316,14.28321496816303,-3.150015607624434,5.952931767016869
2.833100351524333,-0.48852720337601424,2.907044213512537,-3.6673802223513166,8.679536889593166,20.0,2.304543160416936,0.3199371713616763,73.94217836609553,1.4788435673219107,0.32713800617292854,44.1064135871284,44.16783226646528,0.0,levy_10,value,logei,exact,gaussian,0.05,20,50,9,f6fc8802-f08d-4619-8cbd-d59d8ac80b90,False,0.01,2.0,47.584525899990695,2.6244803317786123,"x0,x1,x2,x3,x4,x5,x6,x7,x8,x9,x10",11,0.05,0.05,1.2252981351232908,-1.147852132322031,5.171947540255506,-2.265289893754031,0.4856800942660237,-1.0793445155323251,-3.0113603232201642
-16.101900131999543,-5.6238231681632485,4.549465738393904,4.115363227319936,29.7755626024173,0.0,2.43621900809859,0.18826132368002213,87.52548243377984,1.7505096486755969,0.42236460482188143,43.883646645544815,54.36373967598236,0.0,levy_10,value,logei,exact,gaussian,0.25,0,50,9,1cba2325-10dc-48d6-a76e-f6be58803aa9,False,0.01,2.0,42.16499479999766,2.6244803317786123,"x0,x1,x2,x3,x4,x5,x6,x7,x8,x9,x10",11,0.25,0.25,1.370704461382287,-11.995532610244688,-3.101198891868618,-12.381131117010316,14.28321496816303,-3.150015607624434,5.952931767016869
2.4987853812904923,-0.3671340189040591,2.763737083054293,-3.842509036503791,8.532940248947403,20.0,1.981373074963553,0.6431072568150593,82.84012602630287,1.6568025205260575,0.9212297866142662,51.83477717082615,56.92209598828,0.0,levy_10,value,logei,exact,gaussian,0.25,20,50,9,a672f57d-8775-481d-bdd4-45b829126d85,False,0.01,2.0,60.75639660000161,2.6244803317786123,"x0,x1,x2,x3,x4,x5,x6,x7,x8,x9,x10",11,0.25,0.25,1.1540151850317444,-1.1587671234482189,5.22312351721326,-1.871898365112342,-0.06043760689992084,-1.0212090723180403,-3.0859681511478456
-16.101900131999543,-5.6238231681632485,4.549465738393904,4.115363227319936,29.7755626024173,0.0,1.6526246887388232,0.9718556430397891,95.69390506839262,1.9138781013678525,1.6588626639805306,62.82671623706109,84.86674737129624,0.0,levy_10,value,logei,exact,gaussian,1.0,0,50,9,589da0c9-5625-4e75-8500-b417abf1206c,False,0.01,2.0,35.101615499996115,2.6244803317786123,"x0,x1,x2,x3,x4,x5,x6,x7,x8,x9,x10",11,1.0,1.0,1.370704461382287,-11.995532610244688,-3.101198891868618,-12.381131117010316,14.28321496816303,-3.150015607624434,5.952931767016869
2.3748755198246254,-0.31744779995891825,2.72468106154259,-3.8738207189754967,8.470462204261462,20.0,1.9983796969910639,0.6261006347875484,78.07190884657705,1.5614381769315409,0.8283184045505079,51.10662586691307,52.30621374929408,0.0,levy_10,value,logei,exact,gaussian,1.0,20,50,9,60ecc256-26cb-43fe-84e7-ce1172e192d5,False,0.01,2.0,33.82784460000403,2.6244803317786123,"x0,x1,x2,x3,x4,x5,x6,x7,x8,x9,x10",11,1.0,1.0,1.110583071142571,-1.1588019724262146,5.244085883158326,-1.7164983714742572,-0.28216219507878626,-1.0130017085675607,-3.073880465999644
-16.101900131999543,-5.6238231681632485,4.549465738393904,4.115363227319936,29.7755626024173,0.0,1.5179687643966495,1.1065115673819628,194.93731028092193,3.8987462056184388,3.4441901122104595,91.11959927448363,162.81964231376676,0.0,levy_10,value,logei,exact,gaussian,5.0,0,50,9,7efd820b-5388-424b-a9b8-d7c964ce1751,False,0.01,2.0,34.09661999999662,2.6244803317786123,"x0,x1,x2,x3,x4,x5,x6,x7,x8,x9,x10",11,5.0,5.0,1.370704461382287,-11.995532610244688,-3.101198891868618,-12.381131117010316,14.28321496816303,-3.150015607624434,5.952931767016869
2.2016623154660593,-0.8198032001559652,1.850570074126658,-3.6909040305979746,8.332075035508304,20.0,1.7339608142495118,0.8905195175291005,171.707583136952,3.43415166273904,3.2654737352296768,57.4569007328031,129.9840157888322,0.0,levy_10,value,logei,exact,gaussian,5.0,20,50,9,580d855c-5e9a-448c-8fd1-8a387cf4fdd5,False,0.01,2.0,40.04283629999554,2.6244803317786123,"x0,x1,x2,x3,x4,x5,x6,x7,x8,x9,x10",11,5.0,5.0,0.560263843054545,-3.205612969914988,4.7264981814982905,0.0,2.67144072915244,-1.1697543599743117,-2.3285493377191626
-16.101900131999543,-5.6238231681632485,4.549465738393904,4.115363227319936,29.7755626024173,0.0,2.527244625409745,0.09723570636886736,65.35031236230846,1.3070062472461692,0.09723570636886736,30.20205798865084,30.20205798865084,0.0,levy_10,value,qnei,exact,none,0.0,0,50,9,8c788339-a35d-4429-a900-d856848ef5f5,True,0.01,2.0,38.774640999996336,2.6244803317786123,"x0,x1,x2,x3,x4,x5,x6,x7,x8,x9,x10",11,0.2,0.5,1.370704461382287,-11.995532610244688,-3.101198891868618,-12.381131117010316,14.28321496816303,-3.150015607624434,5.952931767016869
2.7904955360462194,-0.15466788264982897,-0.42990312950264764,-5.257397136427835,8.773600177204358,20.0,2.527244625409745,0.09723570636886736,65.35031236230846,1.3070062472461692,0.09723570636886736,30.20205798865084,30.20205798865084,0.0,levy_10,value,qnei,exact,none,0.0,20,50,9,8c788339-a35d-4429-a900-d856848ef5f5,True,0.01,2.0,38.774640999996336,2.6244803317786123,"x0,x1,x2,x3,x4,x5,x6,x7,x8,x9,x10",11,0.2,0.5,2.684170908022283,-0.29794259858149186,2.911645021075824,0.3142911359367959,-0.057429857504048165,-3.455682144038532,3.6776616288588726
-16.101900131999543,-5.6238231681632485,4.549465738393904,4.115363227319936,29.7755626024173,0.0,2.3979073551659993,0.226572976612613,62.45875205704782,1.2491750411409563,0.226572976612613,35.63608591031638,36.46502617835213,0.0,levy_10,value,qnei,exact,gaussian,0.05,0,50,9,9d7812f7-11d3-4e55-9c56-b07593d266dc,False,0.01,2.0,33.75350350000372,2.6244803317786123,"x0,x1,x2,x3,x4,x5,x6,x7,x8,x9,x10",11,0.05,0.05,1.370704461382287,-11.995532610244688,-3.101198891868618,-12.381131117010316,14.28321496816303,-3.150015607624434,5.952931767016869
1.4093368249248694,-0.04567662605389622,-0.5584928194908954,-5.040843383968072,8.053906640588488,20.0,2.537745847424017,0.08673448435459541,60.2382684859693,1.204765369719386,0.11348106326561824,26.724831365210576,27.18639571008444,0.0,levy_10,value,qnei,exact,gaussian,0.05,20,50,9,1dced266-be74-4e04-ae64-f7431f59e725,False,0.01,2.0,37.78756620000058,2.6244803317786123,"x0,x1,x2,x3,x4,x5,x6,x7,x8,x9,x10",11,0.05,0.05,2.7532603440379244,-0.31593326977163905,2.8113212721123793,0.2894617776895827,-0.05517597858495371,-3.351430848534873,3.2019329152937597
-16.101900131999543,-5.6238231681632485,4.549465738393904,4.115363227319936,29.7755626024173,0.0,2.293679573349171,0.33080075842944145,93.33954205427665,1.866790841085533,0.49589990428648356,59.91313281685956,64.23648029161241,0.0,levy_10,value,qnei,exact,gaussian,0.25,0,50,9,a7c240cf-af44-411d-ac2d-832f346ce73e,False,0.01,2.0,39.49668460000248,2.6244803317786123,"x0,x1,x2,x3,x4,x5,x6,x7,x8,x9,x10",11,0.25,0.25,1.370704461382287,-11.995532610244688,-3.101198891868618,-12.381131117010316,14.28321496816303,-3.150015607624434,5.952931767016869
1.5974401427288336,-0.05967299339622156,-0.5538687926238002,-4.988287911755757,8.126125691247276,20.0,2.329252927690823,0.29522740408778914,67.65892400049987,1.3531784800099973,0.6054077263198003,31.693332807211434,37.08541915498898,0.0,levy_10,value,qnei,exact,gaussian,0.25,20,50,9,c48e041f-3087-4090-8b30-c5829f108d18,False,0.01,2.0,36.08838869999454,2.6244803317786123,"x0,x1,x2,x3,x4,x5,x6,x7,x8,x9,x10",11,0.25,0.25,2.7716537473824863,-0.3111269615585437,3.0126658716164885,0.2989874039261502,-0.0328464518139886,-3.4006333784625085,3.1271322448512016
-16.101900131999543,-5.6238231681632485,4.549465738393904,4.115363227319936,29.7755626024173,0.0,2.1799895414641957,0.44449079031441663,106.57208686622467,2.131441737324493,0.6038162838942509,33.49520673727924,40.728421474660074,0.0,levy_10,value,qnei,exact,gaussian,1.0,0,50,9,fba68ad6-de13-4c96-8728-0b0ceaa40e0f,False,0.01,2.0,43.87073130000499,2.6244803317786123,"x0,x1,x2,x3,x4,x5,x6,x7,x8,x9,x10",11,1.0,1.0,1.370704461382287,-11.995532610244688,-3.101198891868618,-12.381131117010316,14.28321496816303,-3.150015607624434,5.952931767016869
-0.89010518596996,0.15837836353346363,-0.745754003119644,-4.530084714707284,7.2801075726798254,20.0,2.4018820764900997,0.22259825528851263,68.22975917219819,1.3645951834439638,0.5802432750522257,29.31813378707251,44.27826443056503,0.0,levy_10,value,qnei,exact,gaussian,1.0,20,50,9,ac747a1a-e264-4e82-970f-ec09e83d254a,False,0.01,2.0,32.998537899999064,2.6244803317786123,"x0,x1,x2,x3,x4,x5,x6,x7,x8,x9,x10",11,1.0,1.0,2.8401290329596183,-0.31724693251415204,2.7319794918682634,0.2542808218767494,-0.03301795172428257,-3.192643110425382,2.283718312308864
-16.101900131999543,-5.6238231681632485,4.549465738393904,4.115363227319936,29.7755626024173,0.0,0.7866319019391876,1.8378484298394246,214.71651374328667,4.294330274865733,3.6682270412317832,93.66467299282829,180.15768628781987,0.0,levy_10,value,qnei,exact,gaussian,5.0,0,50,9,b529f1d3-7d8d-42bc-8a6b-8e2ea30a049b,False,0.01,2.0,38.89678609999828,2.6244803317786123,"x0,x1,x2,x3,x4,x5,x6,x7,x8,x9,x10",11,5.0,5.0,1.370704461382287,-11.995532610244688,-3.101198891868618,-12.381131117010316,14.28321496816303,-3.150015607624434,5.952931767016869
4.5712758266516476,-8.220658874023828,-2.5984368151306754,-2.2360178502295067,14.333437591802602,20.0,2.226305756664009,0.3981745751146031,151.17838485959317,3.0235676971918632,1.8177045802975405,32.91744834350737,72.23836185458879,0.0,levy_10,value,qnei,exact,gaussian,5.0,20,50,9,3912ec1f-5d1d-4cc1-812e-4b513ed64ea0,False,0.01,2.0,30.263364800004638,2.6244803317786123,"x0,x1,x2,x3,x4,x5,x6,x7,x8,x9,x10",11,5.0,5.0,-2.360105272539448,1.1910532470662547,-0.48876027001919553,6.019693386326127,-4.357489180176237,-3.685710160414073,5.402177092548548
-0.15417457436651938,0.6285629114029522,0.2572454991313228,0.1407035461285836,0.7105166202763555,0.0,3.5271013715113297,0.00831117227552891,134.920555790033,2.6984111158006603,0.00831117227552891,78.80128600518007,78.80128600518007,0.0,yerkes_dodson,value,logei,exact,none,0.0,0,50,9,d6eb69fb-d6cb-4e7d-a332-7938c3c7f26d,True,0.01,2.0,13.697705400001723,3.5354125437868587,"x0,x1,x2,x3",4,0.2,0.5,,,,,,,
0.0,0.009158628300713567,0.0054703727839620075,0.004665546349616023,0.0116435721961329,20.0,3.5271013715113297,0.00831117227552891,134.920555790033,2.6984111158006603,0.00831117227552891,78.80128600518007,78.80128600518007,0.0,yerkes_dodson,value,logei,exact,none,0.0,20,50,9,d6eb69fb-d6cb-4e7d-a332-7938c3c7f26d,True,0.01,2.0,13.697705400001723,3.5354125437868587,"x0,x1,x2,x3",4,0.2,0.5,,,,,,,
-0.15417457436651938,0.6285629114029522,0.2572454991313228,0.1407035461285836,0.7105166202763555,0.0,3.5336537781769626,0.0017587656098960736,102.20664146597863,2.044132829319573,0.0017587656098960736,48.74624200851038,48.86831568890739,0.0,yerkes_dodson,value,logei,exact,gaussian,0.05,0,50,9,c2e4b999-164f-4f6d-977f-11513734963c,False,0.01,2.0,13.06923850000021,3.5354125437868587,"x0,x1,x2,x3",4,0.05,0.05,,,,,,,
1.0,0.03279849764156595,0.015910448775180552,0.04248827203865335,1.001565842612757,20.0,2.1096932932241756,1.425719250562683,131.71646472548673,2.6343292945097345,1.425719250562683,89.65225655112603,90.19656993630697,0.0,yerkes_dodson,value,logei,exact,gaussian,0.05,20,50,9,a841a116-965f-454e-8ede-cfc389bb4e98,False,0.01,2.0,13.232913699990604,3.5354125437868587,"x0,x1,x2,x3",4,0.05,0.05,,,,,,,
-0.15417457436651938,0.6285629114029522,0.2572454991313228,0.1407035461285836,0.7105166202763555,0.0,3.494435042074048,0.04097750171281067,69.87897180862325,1.397579436172465,0.05518422561469105,40.30019388328774,44.61125575596967,0.0,yerkes_dodson,value,logei,exact,gaussian,0.25,0,50,9,7b3a4f89-79b7-4ff3-8e4a-1e88ab3fc684,False,0.01,2.0,11.084750599999097,3.5354125437868587,"x0,x1,x2,x3",4,0.25,0.25,,,,,,,
1.0,0.030455627361065885,-0.0414679454546284,0.042086412375906934,1.0022067660143086,20.0,2.0739936623092903,1.4614188814775684,131.42212255822648,2.6284424511645295,1.4724676918412838,90.39291790633884,91.424548076625,0.0,yerkes_dodson,value,logei,exact,gaussian,0.25,20,50,9,7be84059-ce95-4dac-9ec1-cc3ee135eece,False,0.01,2.0,12.137062299996614,3.5354125437868587,"x0,x1,x2,x3",4,0.25,0.25,,,,,,,
-0.15417457436651938,0.6285629114029522,0.2572454991313228,0.1407035461285836,0.7105166202763555,0.0,2.8383828969332727,0.6970296468535859,101.23229344882971,2.0246458689765943,0.778829599313728,70.80815471658373,89.8193512801845,0.0,yerkes_dodson,value,logei,exact,gaussian,1.0,0,50,9,f714f1f0-ef65-4d41-99e5-4343f7ad25e6,False,0.01,2.0,16.847068900009617,3.5354125437868587,"x0,x1,x2,x3",4,1.0,1.0,,,,,,,
1.0,0.02707541341756603,-0.061266155927883814,0.033817294489281946,1.0028111633206356,20.0,2.0739936623092903,1.4614188814775684,115.44075162487921,2.3088150324975842,1.4646165464010932,90.39291790633884,91.91563389696879,0.0,yerkes_dodson,value,logei,exact,gaussian,1.0,20,50,9,7c96ef22-e851-45b9-9d44-263f903a337a,False,0.01,2.0,13.315645900001982,3.5354125437868587,"x0,x1,x2,x3",4,1.0,1.0,,,,,,,
-0.15417457436651938,0.6285629114029522,0.2572454991313228,0.1407035461285836,0.7105166202763555,0.0,2.00605604528444,1.5293564985024188,159.98037581997886,3.199607516399577,3.951853012061763,91.99484164708359,184.3321858517776,0.0,yerkes_dodson,value,logei,exact,gaussian,5.0,0,50,9,4ca71df5-dec4-43b1-9471-28c59e75112b,False,0.01,2.0,12.525648199996795,3.5354125437868587,"x0,x1,x2,x3",4,5.0,5.0,,,,,,,
0.0,-0.5007498932146864,-0.520660285943357,0.465091305016202,0.8591551145833981,20.0,2.0739936623092903,1.4614188814775684,170.90526883386536,3.4181053766773073,3.2450953167677827,90.39291790633884,133.48288564466696,0.0,yerkes_dodson,value,logei,exact,gaussian,5.0,20,50,9,180f5693-fcbd-47f2-8dc6-ab74da41411d,False,0.01,2.0,9.570833699996001,3.5354125437868587,"x0,x1,x2,x3",4,5.0,5.0,,,,,,,
-0.15417457436651938,0.6285629114029522,0.2572454991313228,0.1407035461285836,0.7105166202763555,0.0,3.51931399875837,0.01609854502848851,109.00500546710875,2.180100109342175,0.01609854502848851,43.09634673789156,43.09634673789156,0.0,yerkes_dodson,value,qnei,exact,none,0.0,0,50,9,25d557f0-791f-4786-ba90-d83360297513,True,0.01,2.0,13.091336200013757,3.5354125437868587,"x0,x1,x2,x3",4,0.2,0.5,,,,,,,
-0.013248565617203611,-0.001973396352449086,-0.07695368933785873,0.06133107520242481,0.0993115797491429,20.0,3.51931399875837,0.01609854502848851,109.00500546710875,2.180100109342175,0.01609854502848851,43.09634673789156,43.09634673789156,0.0,yerkes_dodson,value,qnei,exact,none,0.0,20,50,9,25d557f0-791f-4786-ba90-d83360297513,True,0.01,2.0,13.091336200013757,3.5354125437868587,"x0,x1,x2,x3",4,0.2,0.5,,,,,,,
-0.15417457436651938,0.6285629114029522,0.2572454991313228,0.1407035461285836,0.7105166202763555,0.0,3.512603668992039,0.022808874794819634,105.96204976920882,2.1192409953841764,0.04322032825652933,40.85890866513098,41.17528619378749,0.0,yerkes_dodson,value,qnei,exact,gaussian,0.05,0,50,9,fac47464-f2e6-40d7-9502-70192d3c1f80,False,0.01,2.0,12.072870199990575,3.5354125437868587,"x0,x1,x2,x3",4,0.05,0.05,,,,,,,
-0.015717826533782897,-0.0027732586548673277,-0.07403829655122651,0.048010478288389224,0.08967394502418267,20.0,3.5184262598968434,0.01698628389001522,109.5915578662346,2.191831157324692,0.05529788704240124,43.104893498369414,44.04352777560289,0.0,yerkes_dodson,value,qnei,exact,gaussian,0.05,20,50,9,fc9a8ce4-1d71-4d5f-849c-923b1327e6f3,False,0.01,2.0,13.941861899991636,3.5354125437868587,"x0,x1,x2,x3",4,0.05,0.05,,,,,,,
-0.15417457436651938,0.6285629114029522,0.2572454991313228,0.1407035461285836,0.7105166202763555,0.0,3.4697171517514156,0.06569539203544306,79.65261168348144,1.5930522336696287,0.0997883924811993,45.33100672367548,48.73562181801931,0.0,yerkes_dodson,value,qnei,exact,gaussian,0.25,0,50,9,296d420f-22ff-47cd-81dd-90ba36a8e2af,False,0.01,2.0,13.027248600003077,3.5354125437868587,"x0,x1,x2,x3",4,0.25,0.25,,,,,,,
-0.015664587856895118,-0.0028069476010770256,-0.07430713318615434,0.04836684279360992,0.0900786311603825,20.0,3.5187738723804145,0.01663867140644415,100.16211391327784,2.0032422782655566,0.1781669689812655,43.09498654258764,50.969366793510055,0.0,yerkes_dodson,value,qnei,exact,gaussian,0.25,20,50,9,eaeaaf60-7bd8-4d0d-91df-19acf57e6c95,False,0.01,2.0,13.30753450001066,3.5354125437868587,"x0,x1,x2,x3",4,0.25,0.25,,,,,,,
-0.15417457436651938,0.6285629114029522,0.2572454991313228,0.1407035461285836,0.7105166202763555,0.0,3.000079053980017,0.5353334898068418,117.4335441240796,2.348670882481592,0.9402000382843134,46.09348169388568,58.2717338532468,0.0,yerkes_dodson,value,qnei,exact,gaussian,1.0,0,50,9,e73e950f-3023-48a8-a89b-1c90808b26aa,False,0.01,2.0,12.83410749999166,3.5354125437868587,"x0,x1,x2,x3",4,1.0,1.0,,,,,,,
-0.018665358972223933,-0.0028877501824186025,-0.06797617853325122,0.03736831310481714,0.0798366231685818,20.0,3.504867963109368,0.03054458067749044,78.9964373101619,1.5799287462032379,0.14245192516208816,43.491304956812485,47.884996198541096,0.0,yerkes_dodson,value,qnei,exact,gaussian,1.0,20,50,9,cbd11aec-892b-4c41-b40c-f86fe16b79b4,False,0.01,2.0,13.465111400000751,3.5354125437868587,"x0,x1,x2,x3",4,1.0,1.0,,,,,,,
-0.15417457436651938,0.6285629114029522,0.2572454991313228,0.1407035461285836,0.7105166202763555,0.0,1.0476853847663112,2.4877271590205474,240.54177213506077,4.810835442701215,4.5865213787315655,136.44229850282952,239.05369658344293,0.0,yerkes_dodson,value,qnei,exact,gaussian,5.0,0,50,9,1213a915-69fd-4e26-b3e6-9ca40c70e43d,False,0.01,2.0,12.932408099994063,3.5354125437868587,"x0,x1,x2,x3",4,5.0,5.0,,,,,,,
0.004398984132283679,0.18148764210321178,-0.05336109846991155,0.14735762826639348,0.23983075852732438,20.0,3.399165855404407,0.1362466883824518,158.43613762045908,3.1687227524091814,0.2369279211083879,46.503815026403856,49.2725489263671,0.0,yerkes_dodson,value,qnei,exact,gaussian,5.0,20,50,9,9f810454-29dd-4663-aa66-2908dd56afb3,False,0.01,2.0,13.09845220000716,3.5354125437868587,"x0,x1,x2,x3",4,5.0,5.0,,,,,,,
-1.541745743665194,6.285629114029522,2.5724549913132284,1.4070354612858367,7.105166202763556,0.0,5.402837764670362,0.0,96.40697230874645,1.9281394461749288,8.881784197001252e-16,21.59049001943438,21.590490019434416,0.0,hicks_law,value,logei,exact,none,0.0,0,50,9,af82b36f-0a9f-4d4b-a6f5-e460d3ebd934,True,0.01,2.0,12.693642900005216,5.402837764670362,"x0,x1,x2,x3",4,0.2,0.5,,,,,,,
0.0,0.0,-10.0,-10.0,14.142135623730951,20.0,5.402837764670362,0.0,96.40697230874645,1.9281394461749288,8.881784197001252e-16,21.59049001943438,21.590490019434416,0.0,hicks_law,value,logei,exact,none,0.0,20,50,9,af82b36f-0a9f-4d4b-a6f5-e460d3ebd934,True,0.01,2.0,12.693642900005216,5.402837764670362,"x0,x1,x2,x3",4,0.2,0.5,,,,,,,
-1.541745743665194,6.285629114029522,2.5724549913132284,1.4070354612858367,7.105166202763556,0.0,5.402837764670362,0.0,89.83724449525403,1.7967448899050806,0.0,21.623148049795528,21.623148049795528,0.0,hicks_law,value,logei,exact,gaussian,0.05,0,50,9,87a3f246-cdab-4793-8c8a-b88c7c206761,False,0.01,2.0,12.283328700010316,5.402837764670362,"x0,x1,x2,x3",4,0.05,0.05,,,,,,,
0.9662259592707433,0.0,-10.0,-10.0,14.175104677016275,20.0,5.402837764670362,0.0,93.00791975934875,1.8601583951869751,8.881784197001252e-16,21.59049001943438,21.590490019434416,0.0,hicks_law,value,logei,exact,gaussian,0.05,20,50,9,443c3012-bd2a-4392-a562-aea01af474ab,False,0.01,2.0,13.041072299994994,5.402837764670362,"x0,x1,x2,x3",4,0.05,0.05,,,,,,,
-1.541745743665194,6.285629114029522,2.5724549913132284,1.4070354612858367,7.105166202763556,0.0,5.402837764670362,0.0,45.027625461030844,0.9005525092206169,0.0,23.895485975461586,23.895485975461586,0.0,hicks_law,value,logei,exact,gaussian,0.25,0,50,9,65484be7-436f-4cf6-bab7-d1aeb5e6e3cc,False,0.01,2.0,10.451270999998087,5.402837764670362,"x0,x1,x2,x3",4,0.25,0.25,,,,,,,
0.9492324632771034,0.0,-10.0,-10.0,14.173956479026565,20.0,5.402837764670362,0.0,100.47302658553585,2.009460531710717,8.881784197001252e-16,21.59049001943438,21.590490019434416,0.0,hicks_law,value,logei,exact,gaussian,0.25,20,50,9,e9515322-2a1d-42b9-8638-860c7b144280,False,0.01,2.0,11.307339299994055,5.402837764670362,"x0,x1,x2,x3",4,0.25,0.25,,,,,,,
-1.541745743665194,6.285629114029522,2.5724549913132284,1.4070354612858367,7.105166202763556,0.0,4.287359956157952,1.1154778085124093,130.19703133778873,2.6039406267557745,1.1914470606963237,103.85548768180048,124.85068382765215,0.0,hicks_law,value,logei,exact,gaussian,1.0,0,50,9,58fbdc6a-42a2-4f83-ae75-daf67e12b912,False,0.01,2.0,11.87749790000089,5.402837764670362,"x0,x1,x2,x3",4,1.0,1.0,,,,,,,
1.3883107210241132,0.0,-10.0,-10.0,14.210116349210885,20.0,5.402837764670362,0.0,98.80079184662135,1.976015836932427,8.881784197001252e-16,21.59049001943438,31.555131174086753,0.0,hicks_law,value,logei,exact,gaussian,1.0,20,50,9,6e9cbf77-774b-4cf1-b9e7-e1afdf2b4e20,False,0.01,2.0,11.344725199989625,5.402837764670362,"x0,x1,x2,x3",4,1.0,1.0,,,,,,,
-1.541745743665194,6.285629114029522,2.5724549913132284,1.4070354612858367,7.105166202763556,0.0,4.019545644958727,1.3832921197116343,166.44036776321497,3.328807355264299,2.4106313779114785,95.75016520371578,135.53398604496124,0.0,hicks_law,value,logei,exact,gaussian,5.0,0,50,9,088310eb-fe15-46c7-933e-76a19f5cb1a5,False,0.01,2.0,11.610596899990924,5.402837764670362,"x0,x1,x2,x3",4,5.0,5.0,,,,,,,
0.0,2.5385824558882284,-10.0,-10.0,14.368173192349245,20.0,5.402837764670362,0.0,125.28605108455966,2.505721021691193,2.7340807214710483,21.59049001943438,95.94108738259955,0.0,hicks_law,value,logei,exact,gaussian,5.0,20,50,9,ffb2ff16-2823-417b-ab14-10287bf9e8ad,False,0.01,2.0,14.104600100006792,5.402837764670362,"x0,x1,x2,x3",4,5.0,5.0,,,,,,,
-1.541745743665194,6.285629114029522,2.5724549913132284,1.4070354612858367,7.105166202763556,0.0,5.402837764670362,0.0,211.65499807873618,4.233099961574724,0.0,21.61523016883815,21.61523016883815,0.0,hicks_law,value,qnei,exact,none,0.0,0,50,9,c319e605-60c1-40b6-9a9f-e34d5b12cfba,True,0.01,2.0,9.18884600000456,5.402837764670362,"x0,x1,x2,x3",4,0.2,0.5,,,,,,,
-5.174741413450738,5.455248327725533,-5.41490014059579,0.014068881715446846,9.26601448732363,20.0,5.402837764670362,0.0,211.65499807873618,4.233099961574724,0.0,21.61523016883815,21.61523016883815,0.0,hicks_law,value,qnei,exact,none,0.0,20,50,9,c319e605-60c1-40b6-9a9f-e34d5b12cfba,True,0.01,2.0,9.18884600000456,5.402837764670362,"x0,x1,x2,x3",4,0.2,0.5,,,,,,,
-1.541745743665194,6.285629114029522,2.5724549913132284,1.4070354612858367,7.105166202763556,0.0,5.402837764670362,0.0,205.8744538383496,4.117489076766992,0.0,21.57167380771376,21.57167380771376,0.0,hicks_law,value,qnei,exact,gaussian,0.05,0,50,9,bb101a93-4f40-4394-8451-0d6e10a21c1e,False,0.01,2.0,8.892597900005057,5.402837764670362,"x0,x1,x2,x3",4,0.05,0.05,,,,,,,
-5.174741413450738,5.455248327725533,-5.41490014059579,0.014068881715446846,9.26601448732363,20.0,5.402837764670362,0.0,211.65499807873618,4.233099961574724,0.0,21.61523016883815,21.61523016883815,0.0,hicks_law,value,qnei,exact,gaussian,0.05,20,50,9,d6238f9a-4d48-4a1b-90cd-ac4057352a52,False,0.01,2.0,9.470017800005735,5.402837764670362,"x0,x1,x2,x3",4,0.05,0.05,,,,,,,
-1.541745743665194,6.285629114029522,2.5724549913132284,1.4070354612858367,7.105166202763556,0.0,5.402837764670362,0.0,216.58285389067356,4.331657077813471,0.0,20.81998469334269,20.81998469334269,0.0,hicks_law,value,qnei,exact,gaussian,0.25,0,50,9,c24532dc-71f9-4cff-91a2-e93ba9d54d7d,False,0.01,2.0,7.992395900000702,5.402837764670362,"x0,x1,x2,x3",4,0.25,0.25,,,,,,,
-5.174741413450738,5.455248327725533,-5.41490014059579,0.014068881715446846,9.26601448732363,20.0,5.402837764670362,0.0,211.65499807873618,4.233099961574724,0.0,21.61523016883815,21.61523016883815,0.0,hicks_law,value,qnei,exact,gaussian,0.25,20,50,9,893f95e1-c63a-461c-92fe-5d2584da176d,False,0.01,2.0,8.959665100002894,5.402837764670362,"x0,x1,x2,x3",4,0.25,0.25,,,,,,,
-1.541745743665194,6.285629114029522,2.5724549913132284,1.4070354612858367,7.105166202763556,0.0,5.402837764670362,0.0,128.0449932871224,2.560899865742448,1.6037969225764344,42.05398833419645,89.03057863760975,0.0,hicks_law,value,qnei,exact,gaussian,1.0,0,50,9,103d4d78-fca1-4f76-8399-75cc6f87541c,False,0.01,2.0,11.113945699995384,5.402837764670362,"x0,x1,x2,x3",4,1.0,1.0,,,,,,,
-5.174741413450738,5.455248327725533,-5.41490014059579,0.014068881715446846,9.26601448732363,20.0,5.402837764670362,0.0,197.4608252448615,3.94921650489723,0.8929504646026114,21.61523016883815,23.7922344090295,0.0,hicks_law,value,qnei,exact,gaussian,1.0,20,50,9,70db9295-b7cc-427f-8f31-91cff6521cb9,False,0.01,2.0,9.353416400001151,5.402837764670362,"x0,x1,x2,x3",4,1.0,1.0,,,,,,,
-1.541745743665194,6.285629114029522,2.5724549913132284,1.4070354612858367,7.105166202763556,0.0,4.395307647847646,1.007530116822716,249.41743235243842,4.988348647048769,3.4155394885324477,124.60948139659168,269.53642865954635,0.0,hicks_law,value,qnei,exact,gaussian,5.0,0,50,9,9b18f047-f2a0-4734-a3d1-8649dda70096,False,0.01,2.0,13.744912999987719,5.402837764670362,"x0,x1,x2,x3",4,5.0,5.0,,,,,,,
-4.5988938646166595,-4.264988853657531,-8.470458420394047,-3.8369797481480026,11.21655179362865,20.0,5.402837764670362,0.0,178.12990105916396,3.562598021183279,1.1255287250970527,21.61523016883815,55.397154277108356,0.0,hicks_law,value,qnei,exact,gaussian,5.0,20,50,9,b5f36d20-14f2-4b65-8a71-7dca795e2801,False,0.01,2.0,11.023595499995281,5.402837764670362,"x0,x1,x2,x3",4,5.0,5.0,,,,,,,
-0.15417457436651938,0.6285629114029522,0.2572454991313228,0.1407035461285836,0.7105166202763555,0.0,2.153305282720616,0.0,73.55080964966852,1.4710161929933705,0.0,3.2162778457464447,3.2162778457464447,0.0,weber_fechner,value,logei,exact,none,0.0,0,50,9,5169eb17-20b2-4cb4-b0ab-0b892e3fc950,True,0.01,2.0,13.23026719999325,2.153305282720616,"x0,x1,x2,x3",4,0.2,0.5,,,,,,,
0.0,-0.3956564673526942,0.0,-0.5719973242013355,0.6955033997411525,20.0,2.153305282720616,0.0,73.55080964966852,1.4710161929933705,0.0,3.2162778457464447,3.2162778457464447,0.0,weber_fechner,value,logei,exact,none,0.0,20,50,9,5169eb17-20b2-4cb4-b0ab-0b892e3fc950,True,0.01,2.0,13.23026719999325,2.153305282720616,"x0,x1,x2,x3",4,0.2,0.5,,,,,,,
-0.15417457436651938,0.6285629114029522,0.2572454991313228,0.1407035461285836,0.7105166202763555,0.0,2.153305282720616,0.0,64.8139614722358,1.296279229444716,0.0,3.2725130736832635,3.3065624852854176,0.0,weber_fechner,value,logei,exact,gaussian,0.05,0,50,9,f1595268-8ae2-49af-846c-e587c197e9cc,False,0.01,2.0,12.707127199988463,2.153305282720616,"x0,x1,x2,x3",4,0.05,0.05,,,,,,,
0.0,-0.7655285534645841,0.0,-0.8311303406017517,1.129960888366656,20.0,2.153305282720616,0.0,59.48881887670843,1.1897763775341685,0.005062717427104069,3.2162778457464447,3.2694363787310374,0.0,weber_fechner,value,logei,exact,gaussian,0.05,20,50,9,23f6a8f3-9279-4d95-aa78-838bff3a0d89,False,0.01,2.0,12.808669899997767,2.153305282720616,"x0,x1,x2,x3",4,0.05,0.05,,,,,,,
-0.15417457436651938,0.6285629114029522,0.2572454991313228,0.1407035461285836,0.7105166202763555,0.0,2.136933439316245,0.0163718434043707,18.593016292551162,0.37186032585102324,0.30723399824932773,6.379480422399287,10.980335591402062,0.0,weber_fechner,value,logei,exact,gaussian,0.25,0,50,9,f8859de1-8107-4984-b669-24b7149c4afd,False,0.01,2.0,10.671306399992318,2.153305282720616,"x0,x1,x2,x3",4,0.25,0.25,,,,,,,
-0.04809983420193353,-0.21926823273701312,-0.4426913264235558,0.05346521817458172,0.49922569243075754,20.0,2.153305282720616,0.0,63.59462760794022,1.2718925521588043,0.07716558015448838,3.2162778457464447,4.798172238913457,0.0,weber_fechner,value,logei,exact,gaussian,0.25,20,50,9,c1bf5d7f-8f82-40d2-b061-4af7d1605cc1,False,0.01,2.0,12.417051500000525,2.153305282720616,"x0,x1,x2,x3",4,0.25,0.25,,,,,,,
-0.15417457436651938,0.6285629114029522,0.2572454991313228,0.1407035461285836,0.7105166202763555,0.0,1.9745415337009085,0.17876374901970737,70.51512380020061,1.4103024760040122,0.5272153192471096,16.322943648888206,69.3725867766207,0.0,weber_fechner,value,logei,exact,gaussian,1.0,0,50,9,49a9adee-350a-49e6-9bd1-85a571bbc7fc,False,0.01,2.0,14.137397600003169,2.153305282720616,"x0,x1,x2,x3",4,1.0,1.0,,,,,,,
-0.03318506455470571,-0.22904804950195112,-0.4531287876758172,0.05346521817458172,0.5116136093431837,20.0,2.153305282720616,0.0,39.31350396181977,0.7862700792363954,0.04675904062458924,3.2162778457464447,6.246303395482867,0.0,weber_fechner,value,logei,exact,gaussian,1.0,20,50,9,e210f1fe-e208-4528-bf64-a8d8a983862a,False,0.01,2.0,11.516318599999067,2.153305282720616,"x0,x1,x2,x3",4,1.0,1.0,,,,,,,
-0.15417457436651938,0.6285629114029522,0.2572454991313228,0.1407035461285836,0.7105166202763555,0.0,2.0333405867767547,0.11996469594386117,125.97454248057417,2.5194908496114836,0.16674549416792916,14.181885908704945,143.12163093538726,0.0,weber_fechner,value,logei,exact,gaussian,5.0,0,50,9,b35763a1-33bf-4f7c-a5f3-29a8f3388e53,False,0.01,2.0,16.82654259999981,2.153305282720616,"x0,x1,x2,x3",4,5.0,5.0,,,,,,,
-0.0358200223393641,0.21484251670226784,-0.2269848752000143,0.05346521817458172,0.3190940991422099,20.0,2.153305282720616,0.0,47.51091933074313,0.9502183866148626,0.21742565491392907,3.2162778457464447,10.185229883779936,0.0,weber_fechner,value,logei,exact,gaussian,5.0,20,50,9,0d5bbcfe-7321-4d71-9d6a-272f6b4ab953,False,0.01,2.0,15.021964699990349,2.153305282720616,"x0,x1,x2,x3",4,5.0,5.0,,,,,,,
-0.15417457436651938,0.6285629114029522,0.2572454991313228,0.1407035461285836,0.7105166202763555,0.0,2.153305282720616,0.0,71.45647921193377,1.4291295842386753,0.0,3.560467995613518,3.560467995613518,0.0,weber_fechner,value,qnei,exact,none,0.0,0,50,9,7ddb3aae-79a5-437b-852d-0440b456939a,True,0.01,2.0,11.514699199993629,2.153305282720616,"x0,x1,x2,x3",4,0.2,0.5,,,,,,,
0.0,0.0,-0.11119487485832369,0.07536372176009387,0.1343279224595211,20.0,2.153305282720616,0.0,71.45647921193377,1.4291295842386753,0.0,3.560467995613518,3.560467995613518,0.0,weber_fechner,value,qnei,exact,none,0.0,20,50,9,7ddb3aae-79a5-437b-852d-0440b456939a,True,0.01,2.0,11.514699199993629,2.153305282720616,"x0,x1,x2,x3",4,0.2,0.5,,,,,,,
-0.15417457436651938,0.6285629114029522,0.2572454991313228,0.1407035461285836,0.7105166202763555,0.0,2.153305282720616,0.0,71.93649290390891,1.4387298580781782,0.0,4.173152189649258,5.0568943695995365,0.0,weber_fechner,value,qnei,exact,gaussian,0.05,0,50,9,e25f18dc-a812-4ed3-89ac-6d4823008d3d,False,0.01,2.0,11.534476700006053,2.153305282720616,"x0,x1,x2,x3",4,0.05,0.05,,,,,,,
-0.9728531265491849,-0.027976281861693653,-0.6944441720201743,-0.5395314152535612,1.3117060395841842,20.0,2.153305282720616,0.0,69.8551881190842,1.397103762381684,0.0,3.560467995613518,3.560467995613518,0.0,weber_fechner,value,qnei,exact,gaussian,0.05,20,50,9,23a0127e-3d4b-440e-a2ac-731af9e745a1,False,0.01,2.0,11.21248290000949,2.153305282720616,"x0,x1,x2,x3",4,0.05,0.05,,,,,,,
-0.15417457436651938,0.6285629114029522,0.2572454991313228,0.1407035461285836,0.7105166202763555,0.0,2.1271283959842324,0.02617688673638341,41.55422130862745,0.831084426172549,0.05199197142565826,7.54364060548931,15.829868060890973,0.0,weber_fechner,value,qnei,exact,gaussian,0.25,0,50,9,002c41fb-c43c-4be3-be9d-a553f544158f,False,0.01,2.0,12.450721500004875,2.153305282720616,"x0,x1,x2,x3",4,0.25,0.25,,,,,,,
-0.9728531265491849,-0.027976281861693653,-0.6944441720201743,-0.5395314152535612,1.3117060395841842,20.0,2.153305282720616,0.0,56.91485375232628,1.1382970750465256,0.053267716126123243,3.560467995613518,5.830532042467015,0.0,weber_fechner,value,qnei,exact,gaussian,0.25,20,50,9,f1f041d4-3638-4a7b-bdde-5cde56814d4c,False,0.01,2.0,11.385542600008193,2.153305282720616,"x0,x1,x2,x3",4,0.25,0.25,,,,,,,
-0.15417457436651938,0.6285629114029522,0.2572454991313228,0.1407035461285836,0.7105166202763555,0.0,1.8597818657915421,0.2935234169290737,62.56643451104686,1.251328690220937,0.7556860821915907,16.600860011452138,43.70683000784547,0.0,weber_fechner,value,qnei,exact,gaussian,1.0,0,50,9,c665dc6c-63fd-43f9-a547-c4b36f48bbb6,False,0.01,2.0,11.33228180000151,2.153305282720616,"x0,x1,x2,x3",4,1.0,1.0,,,,,,,
-0.9728531265491849,-0.027976281861693653,-0.6944441720201743,-0.5395314152535612,1.3117060395841842,20.0,2.153305282720616,0.0,50.813671703549566,1.0162734340709914,0.043766074290483736,3.560467995613518,6.178359040420274,0.0,weber_fechner,value,qnei,exact,gaussian,1.0,20,50,9,4173efc4-ab0e-49dc-841e-0724028e69da,False,0.01,2.0,11.8290863000002,2.153305282720616,"x0,x1,x2,x3",4,1.0,1.0,,,,,,,
-0.15417457436651938,0.6285629114029522,0.2572454991313228,0.1407035461285836,0.7105166202763555,0.0,2.099359652953777,0.05394562976683881,97.11136439899288,1.9422272879798574,0.3672552697379101,4.465011426555959,22.404039595950124,0.0,weber_fechner,value,qnei,exact,gaussian,5.0,0,50,9,be7bb387-5098-48f5-85db-cffc38cb0160,False,0.01,2.0,16.277457300006063,2.153305282720616,"x0,x1,x2,x3",4,5.0,5.0,,,,,,,
0.0,-1.0,0.0,0.07536372176009387,1.0028358243289541,20.0,2.153305282720616,0.0,110.85429633461173,2.2170859266922345,0.7241410959328074,3.560467995613518,23.474348133765723,0.0,weber_fechner,value,qnei,exact,gaussian,5.0,20,50,9,80662a9f-542d-4175-900a-7d5c65961ada,False,0.01,2.0,10.606346899992786,2.153305282720616,"x0,x1,x2,x3",4,5.0,5.0,,,,,,,
-0.15417457436651938,0.6285629114029522,0.2572454991313228,0.1407035461285836,0.7105166202763555,0.0,2.645639989603264,0.31185979197865343,68.7546151449971,1.375092302899942,0.31185979197865343,42.54545710959119,42.54545710959119,0.0,moving_peaks,value,logei,exact,none,0.0,0,50,9,72be825e-1f58-4767-844d-d1107bf8c3b7,True,0.01,2.0,11.456345099999453,2.9574997815819173,"x0,x1,x2,x3",4,0.2,0.5,,,,,,,
0.12496932150163609,0.2048983193151255,0.05615545127430327,0.03945824864402392,0.249621795259582,20.0,2.645639989603264,0.31185979197865343,68.7546151449971,1.375092302899942,0.31185979197865343,42.54545710959119,42.54545710959119,0.0,moving_peaks,value,logei,exact,none,0.0,20,50,9,72be825e-1f58-4767-844d-d1107bf8c3b7,True,0.01,2.0,11.456345099999453,2.9574997815819173,"x0,x1,x2,x3",4,0.2,0.5,,,,,,,
-0.15417457436651938,0.6285629114029522,0.2572454991313228,0.1407035461285836,0.7105166202763555,0.0,2.2004718541370667,0.7570279274448506,99.55321908613608,1.9910643817227216,0.7570279274448506,56.703195440464604,56.99076224230369,0.0,moving_peaks,value,logei,exact,gaussian,0.05,0,50,9,7528e21e-cc3f-4eef-9e38-0268015b12e2,False,0.01,2.0,11.04878140000801,2.9574997815819173,"x0,x1,x2,x3",4,0.05,0.05,,,,,,,
0.12093935127118383,0.20444637757785947,0.057587631503060455,0.03793017904077639,0.24734526834932807,20.0,2.7765092345297484,0.18099054705216888,71.9666931377437,1.4393338627548742,0.18099054705216888,40.25053028295047,40.25053028295047,0.0,moving_peaks,value,logei,exact,gaussian,0.05,20,50,9,b651386b-0566-4734-a767-6b38c3e384e8,False,0.01,2.0,11.470807899997453,2.9574997815819173,"x0,x1,x2,x3",4,0.05,0.05,,,,,,,
-0.15417457436651938,0.6285629114029522,0.2572454991313228,0.1407035461285836,0.7105166202763555,0.0,1.8294157323241613,1.128084049257756,90.80783223081887,1.8161566446163775,1.293696179349399,67.97480424475927,72.53055599306795,0.0,moving_peaks,value,logei,exact,gaussian,0.25,0,50,9,cc707cc0-953d-471f-b0b7-9b25cd10b8cd,False,0.01,2.0,18.80278919999546,2.9574997815819173,"x0,x1,x2,x3",4,0.25,0.25,,,,,,,
0.1421609819369828,0.1865631692633196,0.04045062851615722,0.1207572504822636,0.26689722329437876,20.0,2.7454118050878558,0.21208797649406153,73.2087172176803,1.464174344353606,0.5138926754642115,39.26916843841407,46.8726465344213,0.0,moving_peaks,value,logei,exact,gaussian,0.25,20,50,9,e24589ae-f307-4350-b106-76ac453c26b3,False,0.01,2.0,12.091712000008556,2.9574997815819173,"x0,x1,x2,x3",4,0.25,0.25,,,,,,,
-0.15417457436651938,0.6285629114029522,0.2572454991313228,0.1407035461285836,0.7105166202763555,0.0,1.5236885793421653,1.433811202239752,108.46979724462616,2.169395944892523,1.6582394797146527,77.2644973499732,112.53735627322516,0.0,moving_peaks,value,logei,exact,gaussian,1.0,0,50,9,aff64f29-12e3-428f-8003-c949b0f92a5e,False,0.01,2.0,11.53420759999426,2.9574997815819173,"x0,x1,x2,x3",4,1.0,1.0,,,,,,,
0.14832716954855762,0.17979874723249392,0.03454778434244549,0.13244168802138784,0.27030147772734714,20.0,2.5628159867130407,0.3946837948688766,86.47272366528321,1.7294544733056643,1.0485553908886922,46.91972684553138,61.268264931865616,0.0,moving_peaks,value,logei,exact,gaussian,1.0,20,50,9,b2545753-7768-4d29-a16e-e683cbce65ba,False,0.01,2.0,11.537899700007983,2.9574997815819173,"x0,x1,x2,x3",4,1.0,1.0,,,,,,,
-0.15417457436651938,0.6285629114029522,0.2572454991313228,0.1407035461285836,0.7105166202763555,0.0,0.7878447926275781,2.1696549889543393,174.06595849186962,3.4813191698373926,3.1203401807939146,111.56761118288878,154.56534233336197,0.0,moving_peaks,value,logei,exact,gaussian,5.0,0,50,9,127fc114-f82e-4088-875e-e9f4c796a3f8,False,0.01,2.0,15.46819419998792,2.9574997815819173,"x0,x1,x2,x3",4,5.0,5.0,,,,,,,
-0.3457418654774076,0.23965458489796712,-0.156307595942708,-0.05672385907096303,0.452350990209711,20.0,2.188520356893101,0.7689794246888164,114.52988613842267,2.2905977227684535,1.8337288104333755,53.46990036738032,74.569163756725,0.0,moving_peaks,value,logei,exact,gaussian,5.0,20,50,9,e367efa6-8818-4fdf-98c2-da64ef973326,False,0.01,2.0,13.662157200000365,2.9574997815819173,"x0,x1,x2,x3",4,5.0,5.0,,,,,,,
-0.15417457436651938,0.6285629114029522,0.2572454991313228,0.1407035461285836,0.7105166202763555,0.0,2.1793586076285223,0.778141173953395,102.37741241637218,2.0475482483274434,0.778141173953395,63.04359169569816,63.04359169569816,0.0,moving_peaks,value,qnei,exact,none,0.0,0,50,9,c3d887c2-f9d1-42d1-8bbd-2c40ec6f90fb,True,0.01,2.0,12.644024699999136,2.9574997815819173,"x0,x1,x2,x3",4,0.2,0.5,,,,,,,
-0.25077174182719975,0.06068655051929839,-0.08834996738938627,0.4894646957257645,0.560313063396348,20.0,2.1793586076285223,0.778141173953395,102.37741241637218,2.0475482483274434,0.778141173953395,63.04359169569816,63.04359169569816,0.0,moving_peaks,value,qnei,exact,none,0.0,20,50,9,c3d887c2-f9d1-42d1-8bbd-2c40ec6f90fb,True,0.01,2.0,12.644024699999136,2.9574997815819173,"x0,x1,x2,x3",4,0.2,0.5,,,,,,,
-0.15417457436651938,0.6285629114029522,0.2572454991313228,0.1407035461285836,0.7105166202763555,0.0,2.28047860177153,0.6770211798103873,102.27084639198587,2.0454169278397174,0.6770211798103873,65.33005528407503,65.45098326696349,0.0,moving_peaks,value,qnei,exact,gaussian,0.05,0,50,9,61944252-96c0-48e3-adb8-ae29c65be2ed,False,0.01,2.0,12.949868199997582,2.9574997815819173,"x0,x1,x2,x3",4,0.05,0.05,,,,,,,
-0.2491588534902004,0.0625300401412674,-0.08760375450428437,0.48993322830243097,0.5600884985345695,20.0,2.157303700500787,0.8001960810811304,107.88001218829572,2.1576002437659145,0.8001960810811304,62.32678904993935,62.32678904993935,0.0,moving_peaks,value,qnei,exact,gaussian,0.05,20,50,9,0995ace9-3b27-4585-a08f-95d42006904b,False,0.01,2.0,12.357250400003977,2.9574997815819173,"x0,x1,x2,x3",4,0.05,0.05,,,,,,,
-0.15417457436651938,0.6285629114029522,0.2572454991313228,0.1407035461285836,0.7105166202763555,0.0,2.63643494141896,0.3210648401629572,88.6654586530709,1.7733091730614179,0.3210648401629572,58.39003414087632,59.96198015729347,0.0,moving_peaks,value,qnei,exact,gaussian,0.25,0,50,9,42dc636d-84f1-430c-82e5-25996cbfecf5,False,0.01,2.0,13.204807399990386,2.9574997815819173,"x0,x1,x2,x3",4,0.25,0.25,,,,,,,
-0.24924279114835968,0.062226639122545224,-0.08782704087926158,0.49035753456768605,0.5604981930147672,20.0,2.2307245083706477,0.7267752732112696,102.10323548201089,2.0420647096402176,0.7267752732112696,64.85366447487249,67.08525990429438,0.0,moving_peaks,value,qnei,exact,gaussian,0.25,20,50,9,8105cd8b-30dc-41f7-9dc8-ce95e7100798,False,0.01,2.0,12.227547999995295,2.9574997815819173,"x0,x1,x2,x3",4,0.25,0.25,,,,,,,
-0.15417457436651938,0.6285629114029522,0.2572454991313228,0.1407035461285836,0.7105166202763555,0.0,2.0768425811079787,0.8806572004739386,131.74959339703886,2.6349918679407773,0.8806572004739386,80.236529046437,101.23738903726651,0.0,moving_peaks,value,qnei,exact,gaussian,1.0,0,50,9,fc6efe53-1427-4b96-b3c2-7c11e89f4477,False,0.01,2.0,14.711996699988958,2.9574997815819173,"x0,x1,x2,x3",4,1.0,1.0,,,,,,,
-0.2495830114876597,0.0647364190159469,-0.08703837241521983,0.491042222850494,0.5614094997993018,20.0,2.1111279751722978,0.8463718064096195,116.96184583020009,2.3392369166040017,1.5670540865528169,65.56634323838753,80.54868907149465,0.0,moving_peaks,value,qnei,exact,gaussian,1.0,20,50,9,9bf79007-c1d7-4974-826f-20e5451f25ff,False,0.01,2.0,12.59434679998958,2.9574997815819173,"x0,x1,x2,x3",4,1.0,1.0,,,,,,,
-0.15417457436651938,0.6285629114029522,0.2572454991313228,0.1407035461285836,0.7105166202763555,0.0,0.5820935417574096,2.3754062398245077,235.5335024522522,4.710670049045044,4.6936614622731,116.39490575140087,229.1018994355861,0.0,moving_peaks,value,qnei,exact,gaussian,5.0,0,50,9,4b6a29c3-29c1-4cf1-a59d-255337531e93,False,0.01,2.0,11.367229800001951,2.9574997815819173,"x0,x1,x2,x3",4,5.0,5.0,,,,,,,
-0.14484624883144037,0.27777726197673397,-0.23008708609605866,0.24251628907863265,0.45814283878336093,20.0,1.6498878760910836,1.3076119054908337,182.24485342332704,3.6448970684665407,3.338414780628063,75.26589257238678,134.65566526338986,0.0,moving_peaks,value,qnei,exact,gaussian,5.0,20,50,9,7dfdfc21-17c9-45ac-b7f3-3c7c76145c40,False,0.01,2.0,12.066051700006938,2.9574997815819173,"x0,x1,x2,x3",4,5.0,5.0,,,,,,,
-0.15417457436651938,0.6285629114029522,0.2572454991313228,0.1407035461285836,0.7105166202763555,0.0,1.7175746997911816,0.0,29.682217291361773,0.5936443458272355,0.0,2.0282199051162175,2.0282199051162175,0.0,power_law_practice,value,logei,exact,none,0.0,0,50,9,680b5ff6-b5cd-44ff-9991-584cee171b4c,True,0.01,2.0,13.56459029999678,1.7175746997911816,"x0,x1,x2,x3",4,0.2,0.5,,,,,,,
-1.0,-1.0,-1.0,-0.4498900130031833,1.7895253627149308,20.0,1.7175746997911816,0.0,29.682217291361773,0.5936443458272355,0.0,2.0282199051162175,2.0282199051162175,0.0,power_law_practice,value,logei,exact,none,0.0,20,50,9,680b5ff6-b5cd-44ff-9991-584cee171b4c,True,0.01,2.0,13.56459029999678,1.7175746997911816,"x0,x1,x2,x3",4,0.2,0.5,,,,,,,
-0.15417457436651938,0.6285629114029522,0.2572454991313228,0.1407035461285836,0.7105166202763555,0.0,1.7175746997911816,0.0,9.727829927127608,0.19455659854255217,0.0,2.0282199051162175,2.0282199051162175,0.0,power_law_practice,value,logei,exact,gaussian,0.05,0,50,9,98d6ce01-62e2-483a-9884-2cbf54a50084,False,0.01,2.0,11.697031000003335,1.7175746997911816,"x0,x1,x2,x3",4,0.05,0.05,,,,,,,
-1.0,-1.0,-1.0,-0.45017028699168293,1.789595844678394,20.0,1.7175746997911816,0.0,28.724749011382055,0.5744949802276411,0.0,2.0282199051162175,2.0282199051162175,0.0,power_law_practice,value,logei,exact,gaussian,0.05,20,50,9,0015ff2e-c913-43dd-a4a5-02270299b9c7,False,0.01,2.0,12.377590400006738,1.7175746997911816,"x0,x1,x2,x3",4,0.05,0.05,,,,,,,
-0.15417457436651938,0.6285629114029522,0.2572454991313228,0.1407035461285836,0.7105166202763555,0.0,1.7175746997911816,0.0,16.25094611083422,0.32501892221668444,0.1730208280471479,5.321721606765998,12.46117927140191,0.0,power_law_practice,value,logei,exact,gaussian,0.25,0,50,9,7bf4abdb-b001-4181-8948-db686e37aaf0,False,0.01,2.0,9.612228800004232,1.7175746997911816,"x0,x1,x2,x3",4,0.25,0.25,,,,,,,
-0.07210344263062474,-0.3448190410520757,0.0,0.08945565878304695,0.3634575524040872,20.0,1.7175746997911816,0.0,48.57572561265879,0.9715145122531759,0.05964398393738812,2.0282199051162175,3.250921575832674,0.0,power_law_practice,value,logei,exact,gaussian,0.25,20,50,9,d350606e-13a5-4156-a9fd-058f8721a752,False,0.01,2.0,14.12119900000107,1.7175746997911816,"x0,x1,x2,x3",4,0.25,0.25,,,,,,,
-0.15417457436651938,0.6285629114029522,0.2572454991313228,0.1407035461285836,0.7105166202763555,0.0,1.3297853342314006,0.38778936555978105,49.812588211709404,0.996251764234188,0.8823723888806747,19.284846672526474,48.794433343222614,0.0,power_law_practice,value,logei,exact,gaussian,1.0,0,50,9,35e5d7b3-fb9e-417a-b16d-fea4f265592c,False,0.01,2.0,9.73798400000669,1.7175746997911816,"x0,x1,x2,x3",4,1.0,1.0,,,,,,,
-0.19519537445314827,-0.39120630400526946,0.0,0.08945565878304695,0.4462576849642782,20.0,1.7175746997911816,0.0,47.4808298344864,0.949616596689728,0.17568229189868823,2.0282199051162175,7.284933547949407,0.0,power_law_practice,value,logei,exact,gaussian,1.0,20,50,9,881199ba-13bf-4f7d-8364-6f525a30c970,False,0.01,2.0,13.572040099999867,1.7175746997911816,"x0,x1,x2,x3",4,1.0,1.0,,,,,,,
-0.15417457436651938,0.6285629114029522,0.2572454991313228,0.1407035461285836,0.7105166202763555,0.0,1.6892238552794456,0.028350844511735973,63.4823889980205,1.26964777996041,0.14836904544840568,6.660967828052805,32.46161412424502,0.0,power_law_practice,value,logei,exact,gaussian,5.0,0,50,9,28ca3a5e-ea9a-4f86-955f-d8627376dc0f,False,0.01,2.0,14.864800100011053,1.7175746997911816,"x0,x1,x2,x3",4,5.0,5.0,,,,,,,
-0.38548711610495345,-0.06832827270414643,-0.13155363053032243,0.011578430380012383,0.4131700464571693,20.0,1.7175746997911816,0.0,42.754478327218884,0.8550895665443776,1.042972985057551,2.0282199051162175,18.81186213583322,0.0,power_law_practice,value,logei,exact,gaussian,5.0,20,50,9,1bf1d8fe-abd8-47f7-90b6-a2790cd12a14,False,0.01,2.0,12.540259700006573,1.7175746997911816,"x0,x1,x2,x3",4,5.0,5.0,,,,,,,
-0.15417457436651938,0.6285629114029522,0.2572454991313228,0.1407035461285836,0.7105166202763555,0.0,1.7175746997911816,0.0,57.70853457815932,1.1541706915631864,0.0,2.0282199051162175,2.0282199051162175,0.0,power_law_practice,value,qnei,exact,none,0.0,0,50,9,2513fd56-f680-4a6a-87cc-8d9d8dc1ee3c,True,0.01,2.0,10.126759299993864,1.7175746997911816,"x0,x1,x2,x3",4,0.2,0.5,,,,,,,
0.45537898520411113,0.5735011146342469,0.1529541579605952,0.292746725813015,0.8033487216420556,20.0,1.7175746997911816,0.0,57.70853457815932,1.1541706915631864,0.0,2.0282199051162175,2.0282199051162175,0.0,power_law_practice,value,qnei,exact,none,0.0,20,50,9,2513fd56-f680-4a6a-87cc-8d9d8dc1ee3c,True,0.01,2.0,10.126759299993864,1.7175746997911816,"x0,x1,x2,x3",4,0.2,0.5,,,,,,,
-0.15417457436651938,0.6285629114029522,0.2572454991313228,0.1407035461285836,0.7105166202763555,0.0,1.7175746997911816,0.0,56.99635758182876,1.1399271516365752,0.0,2.0282199051162175,2.0282199051162175,0.0,power_law_practice,value,qnei,exact,gaussian,0.05,0,50,9,f4d8b070-3ebc-495e-9cc9-f2285fe4fbfd,False,0.01,2.0,9.548936999999569,1.7175746997911816,"x0,x1,x2,x3",4,0.05,0.05,,,,,,,
0.45537898520411113,0.5735011146342469,0.1529541579605952,0.29832265405932556,0.8053973733596878,20.0,1.7175746997911816,0.0,58.554778549247125,1.1710955709849424,0.0,2.0282199051162175,2.0282199051162175,0.0,power_law_practice,value,qnei,exact,gaussian,0.05,20,50,9,91421eba-ed60-41bb-93b7-94105d00830d,False,0.01,2.0,9.525529799997457,1.7175746997911816,"x0,x1,x2,x3",4,0.05,0.05,,,,,,,
-0.15417457436651938,0.6285629114029522,0.2572454991313228,0.1407035461285836,0.7105166202763555,0.0,1.7175746997911816,0.0,49.635287760566094,0.9927057552113219,0.0,2.8037986362357796,4.471826488499249,0.0,power_law_practice,value,qnei,exact,gaussian,0.25,0,50,9,11138b80-b484-4f07-b016-5985d780fff7,False,0.01,2.0,11.497653900005389,1.7175746997911816,"x0,x1,x2,x3",4,0.25,0.25,,,,,,,
0.45537898520411113,0.5735011146342469,0.1529541579605952,0.29813806923976616,0.8053290205994689,20.0,1.7175746997911816,0.0,58.83682192101926,1.1767364384203851,0.034179077219396836,2.0282199051162175,2.76307006533325,0.0,power_law_practice,value,qnei,exact,gaussian,0.25,20,50,9,891963b9-d610-49ef-ae2a-4f4d2c9f8bb2,False,0.01,2.0,10.138986099991598,1.7175746997911816,"x0,x1,x2,x3",4,0.25,0.25,,,,,,,
-0.15417457436651938,0.6285629114029522,0.2572454991313228,0.1407035461285836,0.7105166202763555,0.0,1.4587498333409097,0.2588248664502719,50.45698006427905,1.0091396012855811,0.9832972400686987,16.512109941672026,41.27871689545018,0.0,power_law_practice,value,qnei,exact,gaussian,1.0,0,50,9,d60f1fb7-631c-4d87-990c-d2984b0c9153,False,0.01,2.0,13.822001499996986,1.7175746997911816,"x0,x1,x2,x3",4,1.0,1.0,,,,,,,
0.45537898520411113,0.5735011146342469,0.1529541579605952,0.30915217757427227,0.809471180455857,20.0,1.7175746997911816,0.0,43.516832859560324,0.8703366571912065,0.1191284571964828,2.0282199051162175,6.7963718221692515,0.0,power_law_practice,value,qnei,exact,gaussian,1.0,20,50,9,893f780e-5f57-4088-b401-f72016552c08,False,0.01,2.0,11.225162599992473,1.7175746997911816,"x0,x1,x2,x3",4,1.0,1.0,,,,,,,
-0.15417457436651938,0.6285629114029522,0.2572454991313228,0.1407035461285836,0.7105166202763555,0.0,1.6982132435405808,0.019361456250600817,71.61622472184693,1.4323244944369387,0.38778936555978105,2.889804708267954,21.43238135981703,0.0,power_law_practice,value,qnei,exact,gaussian,5.0,0,50,9,611640b4-6585-45de-a5cb-1a0d69d354ec,False,0.01,2.0,11.01140370000212,1.7175746997911816,"x0,x1,x2,x3",4,5.0,5.0,,,,,,,
-0.5446210147958889,-0.4264988853657531,-0.8470458420394048,-0.3024002285212759,1.134656734744697,20.0,1.7175746997911816,0.0,59.818795908708154,1.196375918174163,0.7126495370028734,2.0282199051162175,27.065073603030022,0.0,power_law_practice,value,qnei,exact,gaussian,5.0,20,50,9,cb4d1e3a-2b24-4323-8f2e-b48cfb093a45,False,0.01,2.0,11.380189400006202,1.7175746997911816,"x0,x1,x2,x3",4,5.0,5.0,,,,,,,
-2.671010539185228,4.907168738326234,,,5.587002982534092,0.0,1.2499476872060782,0.00010777869399047901,20.01849848461232,0.40036996969224636,0.00010777869399047901,1.4840805865663245,1.4840805865663245,0.0,branin,value,logei,exact,none,0.0,0,50,9,5a642d11-2a80-49d4-84b7-8b40ca3e7b54,True,0.01,2.0,9.021440099997562,1.2500554659000687,"x0,x1",2,0.2,0.5,,,,,,,
6.038538162420059,-0.23413449612758575,,,6.043075549857071,20.0,1.2499476872060782,0.00010777869399047901,20.01849848461232,0.40036996969224636,0.00010777869399047901,1.4840805865663245,1.4840805865663245,0.0,branin,value,logei,exact,none,0.0,20,50,9,5a642d11-2a80-49d4-84b7-8b40ca3e7b54,True,0.01,2.0,9.021440099997562,1.2500554659000687,"x0,x1",2,0.2,0.5,,,,,,,
-2.671010539185228,4.907168738326234,,,5.587002982534092,0.0,1.2498809623627352,0.00017450353733350354,17.893916839916393,0.35787833679832787,0.003110102056674613,1.712407173373054,2.181631610352526,0.0,branin,value,logei,exact,gaussian,0.05,0,50,9,f9937fc8-13d8-4cba-a9c3-dc18c0dc6a00,False,0.01,2.0,8.74095409999427,1.2500554659000687,"x0,x1",2,0.05,0.05,,,,,,,
0.6106348598155042,-2.015180865342005,,,2.1056658927907943,20.0,1.250055403769477,6.213059156046086e-08,17.218650882497283,0.34437301764994566,0.003048783381489839,1.4811725850267976,1.574220856556626,0.0,branin,value,logei,exact,gaussian,0.05,20,50,9,182a35c0-2ca5-4c42-a960-68acf795bb84,False,0.01,2.0,8.605248399995617,1.2500554659000687,"x0,x1",2,0.05,0.05,,,,,,,
-2.671010539185228,4.907168738326234,,,5.587002982534092,0.0,1.174551954340509,0.0755035115595597,18.97493044703068,0.3794986089406136,0.10393742846660059,4.286018078589572,4.992961535654569,0.0,branin,value,logei,exact,gaussian,0.25,0,50,9,ea3b4562-18c1-456e-91f6-f495d78a7ee4,False,0.01,2.0,8.608877499995288,1.2500554659000687,"x0,x1",2,0.25,0.25,,,,,,,
-0.8974253222321176,3.702464653387822,,,3.809674096109748,20.0,1.2498941745966228,0.00016129130344588738,18.278144320130334,0.3655628864026067,0.003615177088624133,1.4854451581074373,1.5767513345128847,0.0,branin,value,logei,exact,gaussian,0.25,20,50,9,46be8052-7fb0-4ef6-9dd0-1de0789e3ca3,False,0.01,2.0,8.229000999999698,1.2500554659000687,"x0,x1",2,0.25,0.25,,,,,,,
-2.671010539185228,4.907168738326234,,,5.587002982534092,0.0,1.1758019850746138,0.07425348082545491,28.402091222698814,0.5680418244539763,0.07425348082545491,5.749218077974032,20.90044189305281,0.0,branin,value,logei,exact,gaussian,1.0,0,50,9,044b4b96-d5e5-485a-b0fc-748aea03f5ab,False,0.01,2.0,7.990132199993241,1.2500554659000687,"x0,x1",2,1.0,1.0,,,,,,,
-0.8458577589583962,3.6010090434888173,,,3.699018988823708,20.0,1.2498941745966228,0.00016129130344588738,22.402510808288394,0.4480502161657679,0.05450824992840042,1.4854451581074373,5.244374623525243,0.0,branin,value,logei,exact,gaussian,1.0,20,50,9,4bd676c2-c721-470a-922a-2973e65149c5,False,0.01,2.0,7.664113000006182,1.2500554659000687,"x0,x1",2,1.0,1.0,,,,,,,
-2.671010539185228,4.907168738326234,,,5.587002982534092,0.0,1.093462604652252,0.15659286124781668,41.098947465878375,0.8219789493175675,0.22594530871366247,7.673050201143018,42.15404268738263,0.0,branin,value,logei,exact,gaussian,5.0,0,50,9,d4a4e087-3deb-4109-ac55-a6da033d8ded,False,0.01,2.0,7.115853800001787,1.2500554659000687,"x0,x1",2,5.0,5.0,,,,,,,
6.843378765359931,2.4721260526505873,,,7.276210562261993,20.0,1.2498941745966228,0.00016129130344588738,42.16343141011985,0.843268628202397,0.468204847093202,1.4854451581074373,17.425572015196124,0.0,branin,value,logei,exact,gaussian,5.0,20,50,9,487564bd-819f-4d7b-843a-2ef11705dd55,False,0.01,2.0,8.407400700001745,1.2500554659000687,"x0,x1",2,5.0,5.0,,,,,,,
-2.671010539185228,4.907168738326234,,,5.587002982534092,0.0,1.2499319937571112,0.00012347214295749254,20.757760381575228,0.41515520763150454,0.00012347214295749254,1.6712145445622704,1.6712145445622704,0.0,branin,value,qnei,exact,none,0.0,0,50,9,da2b384f-a1dd-42f9-9670-614dd3e1fb37,True,0.01,2.0,8.628703700000187,1.2500554659000687,"x0,x1",2,0.2,0.5,,,,,,,
-6.372713967085722,0.03906883991374421,,,6.372833724532725,20.0,1.2499319937571112,0.00012347214295749254,20.757760381575228,0.41515520763150454,0.00012347214295749254,1.6712145445622704,1.6712145445622704,0.0,branin,value,qnei,exact,none,0.0,20,50,9,da2b384f-a1dd-42f9-9670-614dd3e1fb37,True,0.01,2.0,8.628703700000187,1.2500554659000687,"x0,x1",2,0.2,0.5,,,,,,,
-2.671010539185228,4.907168738326234,,,5.587002982534092,0.0,1.2500182341615798,3.7231738488907595e-05,18.11011644744311,0.36220232894886223,0.0024836339100091642,1.7037793996990505,2.316990574349376,0.0,branin,value,qnei,exact,gaussian,0.05,0,50,9,2153de80-9a34-47e9-9300-e5886ebd8e7d,False,0.01,2.0,9.699006199996802,1.2500554659000687,"x0,x1",2,0.05,0.05,,,,,,,
0.021972106718207485,0.467582191563233,,,0.46809815139638417,20.0,1.2499319937571112,0.00012347214295749254,20.312265928334014,0.4062453185666803,0.010794919507391754,1.6712145445622704,1.7368269124281934,0.0,branin,value,qnei,exact,gaussian,0.05,20,50,9,134615ce-2139-4515-8998-c052c967de5c,False,0.01,2.0,9.932930900002248,1.2500554659000687,"x0,x1",2,0.05,0.05,,,,,,,
-2.671010539185228,4.907168738326234,,,5.587002982534092,0.0,1.2485002165175692,0.0015552493824995128,23.59176556485473,0.47183531129709455,0.308760784770276,2.0229571716914236,5.275665917575483,0.0,branin,value,qnei,exact,gaussian,0.25,0,50,9,939bd71b-fadb-43fc-84cf-305d8a789d8a,False,0.01,2.0,9.116828000012902,1.2500554659000687,"x0,x1",2,0.25,0.25,,,,,,,
0.02174346174265196,0.4698547819234631,,,0.4703576237554774,20.0,1.2499319937571112,0.00012347214295749254,23.910531072631326,0.4782106214526265,0.02967353217558455,1.6712145445622704,3.6180539476367413,0.0,branin,value,qnei,exact,gaussian,0.25,20,50,9,9dbf4664-4d42-48f2-9818-7c263b84f2b6,False,0.01,2.0,9.144358499994269,1.2500554659000687,"x0,x1",2,0.25,0.25,,,,,,,
-2.671010539185228,4.907168738326234,,,5.587002982534092,0.0,1.2477067026591324,0.002348763240936247,41.485945728178116,0.8297189145635623,0.002348763240936247,0.9317583967134885,7.620988893694831,0.0,branin,value,qnei,exact,gaussian,1.0,0,50,9,da4b9359-7c08-4074-b7f5-50e193587e97,False,0.01,2.0,8.323843999998644,1.2500554659000687,"x0,x1",2,1.0,1.0,,,,,,,
-0.47482561357001885,-2.0098200128891035,,,2.0651478996700696,20.0,1.2499319937571112,0.00012347214295749254,28.890291421937885,0.5778058284387577,0.0395356412042529,1.6712145445622704,2.819491844146251,0.0,branin,value,qnei,exact,gaussian,1.0,20,50,9,bf7b472a-7f79-4734-b1f7-4a259a4879bb,False,0.01,2.0,9.483837499996298,1.2500554659000687,"x0,x1",2,1.0,1.0,,,,,,,
-2.671010539185228,4.907168738326234,,,5.587002982534092,0.0,1.1565787796183136,0.0934766862817551,76.0008936042998,1.520017872085996,1.1446454759313354,5.748006864678139,114.82975656175444,0.0,branin,value,qnei,exact,gaussian,5.0,0,50,9,71d83369-cebe-4de5-8228-4c8506d15d66,False,0.01,2.0,8.327345600002445,1.2500554659000687,"x0,x1",2,5.0,5.0,,,,,,,
-3.7480950254421295,-2.4243395527319236,,,4.463814353967295,20.0,1.2499319937571112,0.00012347214295749254,45.974572246099775,0.9194914449219955,0.3409633645769926,1.6712145445622704,16.59872557953517,0.0,branin,value,qnei,exact,gaussian,5.0,20,50,9,079afa19-dc20-45b4-85c4-92f1c8c67fe9,False,0.01,2.0,9.480950199998915,1.2500554659000687,"x0,x1",2,5.0,5.0,,,,,,,
-273.51147921256734,502.4940788046064,,,572.1091054114911,0.0,3.197004607198402,0.008040923856656779,85.69269349687347,1.7138538699374695,0.008040923856656779,33.816786155753775,33.816786155753775,0.0,eggholder,value,logei,exact,none,0.0,0,50,9,f7e78df2-07b4-421e-b696-00ce818c29f0,True,0.01,2.0,11.791307100007543,3.2050455310550587,"x0,x1",2,0.2,0.5,,,,,,,
316.05854271979797,47.61810487235044,,,319.62554080954874,20.0,3.197004607198402,0.008040923856656779,85.69269349687347,1.7138538699374695,0.008040923856656779,33.816786155753775,33.816786155753775,0.0,eggholder,value,logei,exact,none,0.0,20,50,9,f7e78df2-07b4-421e-b696-00ce818c29f0,True,0.01,2.0,11.791307100007543,3.2050455310550587,"x0,x1",2,0.2,0.5,,,,,,,
-273.51147921256734,502.4940788046064,,,572.1091054114911,0.0,2.2632330197951376,0.9418125112599212,102.57289542592056,2.0514579085184113,0.9418125112599212,58.50023082315407,58.5561922683878,0.0,eggholder,value,logei,exact,gaussian,0.05,0,50,9,e1137c74-3f98-4d38-99b7-6579df27a625,False,0.01,2.0,9.593627499998547,3.2050455310550587,"x0,x1",2,0.05,0.05,,,,,,,
316.09853582446124,47.66062898130798,,,319.6714249119901,20.0,3.203356682211129,0.0016888488439299465,89.81859141494357,1.7963718282988714,0.0016888488439299465,33.480971473923304,33.480971473923304,0.0,eggholder,value,logei,exact,gaussian,0.05,20,50,9,460daea3-acef-4898-802c-8b7e5cf416d7,False,0.01,2.0,12.328716199990595,3.2050455310550587,"x0,x1",2,0.05,0.05,,,,,,,
-273.51147921256734,502.4940788046064,,,572.1091054114911,0.0,1.6117508474017828,1.593294683653276,125.94782891314051,2.5189565782628103,1.6458152387563605,89.93669766990837,94.21352506594026,0.0,eggholder,value,logei,exact,gaussian,0.25,0,50,9,1134c3c1-390e-412a-ad4e-872f0e9cf2f7,False,0.01,2.0,10.105605300006573,3.2050455310550587,"x0,x1",2,0.25,0.25,,,,,,,
315.8946099413596,47.443208514367996,,,319.4374158174673,20.0,3.155177901327842,0.04986762972721692,88.9684366114975,1.7793687322299498,0.23508699232861208,34.00509682582306,38.42453639081075,0.0,eggholder,value,logei,exact,gaussian,0.25,20,50,9,c33e0d28-8546-43c6-a48a-d7df65b6d109,False,0.01,2.0,11.716617600002792,3.2050455310550587,"x0,x1",2,0.25,0.25,,,,,,,
-273.51147921256734,502.4940788046064,,,572.1091054114911,0.0,2.014280891393643,1.1907646396614155,139.80095366462606,2.796019073292521,1.5478856879482137,81.7536644152652,120.67593942723313,0.0,eggholder,value,logei,exact,gaussian,1.0,0,50,9,b6f2e1fb-f16d-4f8d-b3ee-e749b4b4a1d2,False,0.01,2.0,8.014474800002063,3.2050455310550587,"x0,x1",2,1.0,1.0,,,,,,,
315.84065556233725,47.383685793124926,,,319.3752234995516,20.0,3.2046666430636095,0.00037888799144925045,86.8404916825792,1.736809833651584,0.02019917253154402,32.853010928614644,49.227776291835724,0.0,eggholder,value,logei,exact,gaussian,1.0,20,50,9,c8776e8d-991a-48f2-959c-272cff37ba11,False,0.01,2.0,10.583289499991224,3.2050455310550587,"x0,x1",2,1.0,1.0,,,,,,,
-273.51147921256734,502.4940788046064,,,572.1091054114911,0.0,1.0112607613110443,2.1937847697440143,163.2162905237032,3.2643258104740642,4.06117437682712,109.16707215841153,198.3271010755363,0.0,eggholder,value,logei,exact,gaussian,5.0,0,50,9,c71e831a-4b06-4e3c-a7c7-6c43cac0abc2,False,0.01,2.0,7.494677099995897,3.2050455310550587,"x0,x1",2,5.0,5.0,,,,,,,
-186.79516188879566,-316.37454271190575,,,367.4034346345021,20.0,2.3197172988022827,0.885328232252776,166.3126937223551,3.326253874447102,4.202264189205788,57.24465741758243,126.07788650700616,0.0,eggholder,value,logei,exact,gaussian,5.0,20,50,9,8c0c219a-10d8-47d7-8504-cf7ac0e56c62,False,0.01,2.0,8.092611300002318,3.2050455310550587,"x0,x1",2,5.0,5.0,,,,,,,
-273.51147921256734,502.4940788046064,,,572.1091054114911,0.0,2.7802963392079363,0.42474919184712245,117.02145713715744,2.3404291427431487,0.42474919184712245,41.47278989565752,41.47278989565752,0.0,eggholder,value,qnei,exact,none,0.0,0,50,9,b9667516-f8a9-4b58-ad19-99816c99e8ee,True,0.01,2.0,9.072748399994452,3.2050455310550587,"x0,x1",2,0.2,0.5,,,,,,,
2.6418347195019933,105.89298284485818,,,105.92593217180858,20.0,2.7802963392079363,0.42474919184712245,117.02145713715744,2.3404291427431487,0.42474919184712245,41.47278989565752,41.47278989565752,0.0,eggholder,value,qnei,exact,none,0.0,20,50,9,b9667516-f8a9-4b58-ad19-99816c99e8ee,True,0.01,2.0,9.072748399994452,3.2050455310550587,"x0,x1",2,0.2,0.5,,,,,,,
-273.51147921256734,502.4940788046064,,,572.1091054114911,0.0,3.2036865227368523,0.001359008318206456,104.1088994794832,2.082177989589664,0.001359008318206456,45.327632448197,45.327632448197,0.0,eggholder,value,qnei,exact,gaussian,0.05,0,50,9,4564aba9-50fd-4d76-848c-2b238c5bcae2,False,0.01,2.0,9.522779500010074,3.2050455310550587,"x0,x1",2,0.05,0.05,,,,,,,
-1.280195271269264,104.50648713216998,,,104.51432797774183,20.0,2.7802963392079363,0.42474919184712245,128.55685089370076,2.571137017874015,0.42474919184712245,41.47278989565752,41.47278989565752,0.0,eggholder,value,qnei,exact,gaussian,0.05,20,50,9,bd445682-d944-49f1-ab1b-403ef715dc68,False,0.01,2.0,9.203543200012064,3.2050455310550587,"x0,x1",2,0.05,0.05,,,,,,,
-273.51147921256734,502.4940788046064,,,572.1091054114911,0.0,1.8271401803593026,1.3779053506957561,125.83977719819191,2.516795543963838,1.6686088944932158,80.74854446065957,83.47742659132109,0.0,eggholder,value,qnei,exact,gaussian,0.25,0,50,9,e1c5a6fe-796f-45eb-a11f-c4219f328068,False,0.01,2.0,10.329620200005593,3.2050455310550587,"x0,x1",2,0.25,0.25,,,,,,,
-1.0881356955769235,104.5774750876243,,,104.58313599713229,20.0,2.7802963392079363,0.42474919184712245,124.79013546637667,2.4958027093275335,0.42474919184712245,41.47278989565752,41.47278989565752,0.0,eggholder,value,qnei,exact,gaussian,0.25,20,50,9,5e612f10-c7ec-4900-9200-a6f7fefb9bda,False,0.01,2.0,8.757935799992993,3.2050455310550587,"x0,x1",2,0.25,0.25,,,,,,,
-273.51147921256734,502.4940788046064,,,572.1091054114911,0.0,2.20324137908339,1.001804151971669,118.47184964489995,2.369436992897999,1.5124016094511739,66.95185715891921,106.9043211935906,0.0,eggholder,value,qnei,exact,gaussian,1.0,0,50,9,3cc1cf17-fb6b-40fb-88aa-14e7441ea482,False,0.01,2.0,10.50470440000936,3.2050455310550587,"x0,x1",2,1.0,1.0,,,,,,,
-8.396750813976254,101.91065151155652,,,102.25598425393953,20.0,2.7802963392079363,0.42474919184712245,138.79852338666927,2.7759704677333854,0.9657207868463047,41.47278989565752,42.82521888315548,0.0,eggholder,value,qnei,exact,gaussian,1.0,20,50,9,98e6e218-4ccd-4386-8750-88d134d6f52b,False,0.01,2.0,9.332953000004636,3.2050455310550587,"x0,x1",2,1.0,1.0,,,,,,,
-273.51147921256734,502.4940788046064,,,572.1091054114911,0.0,2.0585252632171884,1.1465202678378703,161.24476986148085,3.224895397229617,2.2393154362437624,67.61033011551022,114.77713628649722,0.0,eggholder,value,qnei,exact,gaussian,5.0,0,50,9,8b8bec28-72bd-483d-a66c-101091c57753,False,0.01,2.0,8.8121153999964,3.2050455310550587,"x0,x1",2,5.0,5.0,,,,,,,
106.50653324394375,66.64308777359531,,,125.63814218477772,20.0,2.7802963392079363,0.42474919184712245,157.32124425827575,3.146424885165515,3.116842584382642,41.47278989565752,135.45649882018918,0.0,eggholder,value,qnei,exact,gaussian,5.0,20,50,9,60833017-b0e3-4a76-b58b-463141f4182d,False,0.01,2.0,8.950056999994558,3.2050455310550587,"x0,x1",2,5.0,5.0,,,,,,,
-0.15417457436651938,0.6285629114029522,0.2572454991313228,0.1407035461285836,0.7105166202763555,0.0,1.2903285910786335,4.6586720390484615e-05,19.83174089155166,0.3966348178310332,4.6586720390484615e-05,2.371084807444298,2.371084807444298,0.0,steering_law,value,logei,exact,none,0.0,0,50,9,5df9f875-0083-4b3e-8387-fc26c1a4efd5,True,0.01,2.0,15.723356899994542,1.290375177799024,"x0,x1,x2,x3",4,0.2,0.5,,,,,,,
-0.40916029549531396,0.0,0.0,0.0,0.40916029549531396,20.0,1.2903285910786335,4.6586720390484615e-05,19.83174089155166,0.3966348178310332,4.6586720390484615e-05,2.371084807444298,2.371084807444298,0.0,steering_law,value,logei,exact,none,0.0,20,50,9,5df9f875-0083-4b3e-8387-fc26c1a4efd5,True,0.01,2.0,15.723356899994542,1.290375177799024,"x0,x1,x2,x3",4,0.2,0.5,,,,,,,
-0.15417457436651938,0.6285629114029522,0.2572454991313228,0.1407035461285836,0.7105166202763555,0.0,1.2852469745527038,0.00512820324632024,9.124320121488202,0.18248640242976402,0.026446799842124724,2.7644500741419447,3.9598205560718807,0.0,steering_law,value,logei,exact,gaussian,0.05,0,50,9,8f4d533c-83d4-40e4-b98c-23a25cdd5d14,False,0.01,2.0,15.10772139999608,1.290375177799024,"x0,x1,x2,x3",4,0.05,0.05,,,,,,,
0.0022699796279168627,0.0,0.0,0.0,0.0022699796279168627,20.0,1.2903728078129852,2.369986038752714e-06,13.766913276109388,0.27533826552218776,0.006243953757721243,2.3709477878526366,2.6486920458613357,0.0,steering_law,value,logei,exact,gaussian,0.05,20,50,9,0dfed9cb-ae68-4568-b0e4-d72a993d4d11,False,0.01,2.0,13.58173920000263,1.290375177799024,"x0,x1,x2,x3",4,0.05,0.05,,,,,,,
-0.15417457436651938,0.6285629114029522,0.2572454991313228,0.1407035461285836,0.7105166202763555,0.0,1.290358759253281,1.641854574296886e-05,17.294900415297885,0.3458980083059577,0.005018297931123961,2.786960269671296,7.965937623692922,0.0,steering_law,value,logei,exact,gaussian,0.25,0,50,9,febc622f-06ae-41d1-85bb-17a829296e6d,False,0.01,2.0,10.521317200007616,1.290375177799024,"x0,x1,x2,x3",4,0.25,0.25,,,,,,,
-0.42654208057426324,0.0,0.0,0.0,0.42654208057426324,20.0,1.2903178489942317,5.7328804792255994e-05,14.129376897060336,0.2825875379412067,0.014816845874609408,2.371305020174534,2.6964462807501546,0.0,steering_law,value,logei,exact,gaussian,0.25,20,50,9,6d440f70-2309-40e0-830e-407f1c5696bc,False,0.01,2.0,11.61853279999923,1.290375177799024,"x0,x1,x2,x3",4,0.25,0.25,,,,,,,
-0.15417457436651938,0.6285629114029522,0.2572454991313228,0.1407035461285836,0.7105166202763555,0.0,1.290373266005928,1.9117930960543816e-06,45.19617256210861,0.9039234512421721,0.0016980827038466373,13.008912142718522,62.346018840313,0.0,steering_law,value,logei,exact,gaussian,1.0,0,50,9,18823757-645d-4c38-98af-755d0af6b749,False,0.01,2.0,11.429035699999076,1.290375177799024,"x0,x1,x2,x3",4,1.0,1.0,,,,,,,
-0.41550511210328234,0.0,0.0,0.0,0.41550511210328234,20.0,1.2903178489942317,5.7328804792255994e-05,14.720279084879312,0.29440558169758624,0.00020443696373995124,2.371305020174534,4.275562474567298,0.0,steering_law,value,logei,exact,gaussian,1.0,20,50,9,201d2670-3adf-44fd-8671-b3beec6f5811,False,0.01,2.0,10.536954999988666,1.290375177799024,"x0,x1,x2,x3",4,1.0,1.0,,,,,,,
-0.15417457436651938,0.6285629114029522,0.2572454991313228,0.1407035461285836,0.7105166202763555,0.0,0.8287115000495673,0.4616636777494567,100.24474462443371,2.0048948924886743,1.8893145446145134,22.62152020972338,93.60078451935316,0.0,steering_law,value,logei,exact,gaussian,5.0,0,50,9,f3331fa2-1248-4d6d-a05d-e5afdeec365e,False,0.01,2.0,18.079979800008005,1.290375177799024,"x0,x1,x2,x3",4,5.0,5.0,,,,,,,
0.17454814004483798,1.0,-0.3925598723159087,0.0,1.088379670218897,20.0,1.2903178489942317,5.7328804792255994e-05,41.204183205867004,0.8240836641173401,0.9741783874763232,2.371305020174534,14.425348960650085,0.0,steering_law,value,logei,exact,gaussian,5.0,20,50,9,c51c6d5d-79a9-4e66-a185-ec0f2242aa91,False,0.01,2.0,14.679849499996635,1.290375177799024,"x0,x1,x2,x3",4,5.0,5.0,,,,,,,
-0.15417457436651938,0.6285629114029522,0.2572454991313228,0.1407035461285836,0.7105166202763555,0.0,1.290374410711442,7.670875818988065e-07,25.032831532627505,0.5006566306525501,7.670875818988065e-07,2.3626374483407204,2.3626374483407204,0.0,steering_law,value,qnei,exact,none,0.0,0,50,9,0f4cd3bc-45de-44b0-8265-3419209df456,True,0.01,2.0,13.339122899997164,1.290375177799024,"x0,x1,x2,x3",4,0.2,0.5,,,,,,,
0.4452243211149405,0.0,0.0,0.0,0.4452243211149405,20.0,1.290374410711442,7.670875818988065e-07,25.032831532627505,0.5006566306525501,7.670875818988065e-07,2.3626374483407204,2.3626374483407204,0.0,steering_law,value,qnei,exact,none,0.0,20,50,9,0f4cd3bc-45de-44b0-8265-3419209df456,True,0.01,2.0,13.339122899997164,1.290375177799024,"x0,x1,x2,x3",4,0.2,0.5,,,,,,,
-0.15417457436651938,0.6285629114029522,0.2572454991313228,0.1407035461285836,0.7105166202763555,0.0,1.2903746389057298,5.388932942107516e-07,22.25387135897562,0.4450774271795124,0.0023135194465422337,2.4550154268000846,3.325097558981189,0.0,steering_law,value,qnei,exact,gaussian,0.05,0,50,9,679fc600-1e96-422d-86fe-a87839a24e60,False,0.01,2.0,12.58149169999524,1.290375177799024,"x0,x1,x2,x3",4,0.05,0.05,,,,,,,
0.7372333083278199,0.0,-0.29033840713398495,0.0,0.7923442064943,20.0,1.290374410711442,7.670875818988065e-07,19.456392591442643,0.38912785182885284,0.0014995705510723045,2.3626374483407204,2.3931258656060206,0.0,steering_law,value,qnei,exact,gaussian,0.05,20,50,9,b8f77a0b-ce42-4357-a705-dcc36657adf5,False,0.01,2.0,13.044553800005815,1.290375177799024,"x0,x1,x2,x3",4,0.05,0.05,,,,,,,
-0.15417457436651938,0.6285629114029522,0.2572454991313228,0.1407035461285836,0.7105166202763555,0.0,1.2900988722499742,0.00027630554904978233,61.04714864561422,1.2209429729122845,0.02318158526259939,2.4030993827744034,9.66650675032336,0.0,steering_law,value,qnei,exact,gaussian,0.25,0,50,9,3ca02061-ef8a-4b6a-8a25-c0948ffe1e5a,False,0.01,2.0,11.172253599987016,1.290375177799024,"x0,x1,x2,x3",4,0.25,0.25,,,,,,,
0.7378725945677073,0.0,-0.29080727526358563,0.0,0.7931108605739243,20.0,1.290374410711442,7.670875818988065e-07,38.32774336724594,0.7665548673449187,0.014051022527230561,2.3626374483407204,2.6769211777327935,0.0,steering_law,value,qnei,exact,gaussian,0.25,20,50,9,541ec6d4-4a9c-4508-9bfb-1acbd62302bc,False,0.01,2.0,13.989577399988775,1.290375177799024,"x0,x1,x2,x3",4,0.25,0.25,,,,,,,
-0.15417457436651938,0.6285629114029522,0.2572454991313228,0.1407035461285836,0.7105166202763555,0.0,1.2586141087193898,0.03176106907963416,30.898861912774223,0.6179772382554845,0.4616636777494567,6.01731615344762,15.943967971525984,0.0,steering_law,value,qnei,exact,gaussian,1.0,0,50,9,97f9640e-25a3-4670-861c-1225e0bde3f6,False,0.01,2.0,11.328701400008867,1.290375177799024,"x0,x1,x2,x3",4,1.0,1.0,,,,,,,
0.7434596551487207,0.0,-0.2941731173125808,0.0,0.7995436709669185,20.0,1.290374410711442,7.670875818988065e-07,25.98589580390112,0.5197179160780224,0.017103077638096487,2.3626374483407204,3.280410964670005,0.0,steering_law,value,qnei,exact,gaussian,1.0,20,50,9,167edb67-c925-45a0-b96c-16014d20a582,False,0.01,2.0,12.804075199994259,1.290375177799024,"x0,x1,x2,x3",4,1.0,1.0,,,,,,,
-0.15417457436651938,0.6285629114029522,0.2572454991313228,0.1407035461285836,0.7105166202763555,0.0,1.2863507469302178,0.004024430868806217,75.04617479508907,1.5009234959017814,0.3168734369909054,5.169891997777285,44.82923128785039,0.0,steering_law,value,qnei,exact,gaussian,5.0,0,50,9,87e51f85-8022-4f35-bc7e-4e0d05f49957,False,0.01,2.0,10.461902700000792,1.290375177799024,"x0,x1,x2,x3",4,5.0,5.0,,,,,,,
0.512299853206651,0.0,0.0,-1.0,1.123588509907233,20.0,1.290374410711442,7.670875818988065e-07,47.95962233421568,0.9591924466843136,0.2580738549596353,2.3626374483407204,18.311564745526955,0.0,steering_law,value,qnei,exact,gaussian,5.0,20,50,9,d4315564-719e-45b3-9a08-e85e03282fc6,False,0.01,2.0,12.184084599997732,1.290375177799024,"x0,x1,x2,x3",4,5.0,5.0,,,,,,,
-0.09271512104990587,0.4292574205160099,0.3122319704389457,,0.5388384081554913,0.0,3.0542314501322743,0.0006694920234533441,75.8544952943356,1.5170899058867122,0.0006694920234533441,11.52138798636306,11.52138798636306,0.0,hartmann_3,value,logei,exact,none,0.0,0,50,9,b77671c6-18d6-411a-b911-9f0684378cac,True,0.01,2.0,11.312665799996466,3.0549009421557276,"x0,x1,x2",3,0.2,0.5,,,,,,,
0.0,0.01698786448338263,0.5012367222369227,,0.5015245151121925,20.0,3.0542314501322743,0.0006694920234533441,75.8544952943356,1.5170899058867122,0.0006694920234533441,11.52138798636306,11.52138798636306,0.0,hartmann_3,value,logei,exact,none,0.0,20,50,9,b77671c6-18d6-411a-b911-9f0684378cac,True,0.01,2.0,11.312665799996466,3.0549009421557276,"x0,x1,x2",3,0.2,0.5,,,,,,,
-0.09271512104990587,0.4292574205160099,0.3122319704389457,,0.5388384081554913,0.0,3.050250021868602,0.004650920287125437,51.547010255968054,1.030940205119361,0.010271075199254298,11.848082644501915,12.05218421047046,0.0,hartmann_3,value,logei,exact,gaussian,0.05,0,50,9,a2617019-d3fd-46e2-a095-c1ba877b134b,False,0.01,2.0,11.717084399992018,3.0549009421557276,"x0,x1,x2",3,0.05,0.05,,,,,,,
0.0,0.016933958487600154,0.5013781807477284,,0.5016640699511593,20.0,3.0515452764068356,0.0033556657488920116,47.46547207897518,0.9493094415795036,0.007443685918620435,11.582203846981981,11.629532516343048,0.0,hartmann_3,value,logei,exact,gaussian,0.05,20,50,9,4637b143-4f24-4faa-9799-88ac442b66af,False,0.01,2.0,11.215019600000232,3.0549009421557276,"x0,x1,x2",3,0.05,0.05,,,,,,,
-0.09271512104990587,0.4292574205160099,0.3122319704389457,,0.5388384081554913,0.0,3.043921896030678,0.010979046125049408,28.78288741243307,0.5756577482486613,0.010979046125049408,13.73198561919524,15.141780082565438,0.0,hartmann_3,value,logei,exact,gaussian,0.25,0,50,9,c3cda7f2-4611-420a-895b-1bf3469101b2,False,0.01,2.0,12.93220989999827,3.0549009421557276,"x0,x1,x2",3,0.25,0.25,,,,,,,
0.0,0.01727348740191581,0.5002246402860606,,0.500522790806116,20.0,3.04501947137413,0.009881470781597734,42.38799046159148,0.8477598092318296,0.01698218612435598,11.734301603547305,11.895546129314084,0.0,hartmann_3,value,logei,exact,gaussian,0.25,20,50,9,318c125d-13f1-4c43-96db-204f7f555aa8,False,0.01,2.0,10.754187700003968,3.0549009421557276,"x0,x1,x2",3,0.25,0.25,,,,,,,
-0.09271512104990587,0.4292574205160099,0.3122319704389457,,0.5388384081554913,0.0,2.02369165587038,1.0312092862853475,92.04740392504434,1.8409480785008867,1.4543499997264753,56.297757023889986,84.29574289459381,0.0,hartmann_3,value,logei,exact,gaussian,1.0,0,50,9,ff2471b8-6ae6-417b-afb0-63f7f5337d67,False,0.01,2.0,10.325143699999899,3.0549009421557276,"x0,x1,x2",3,1.0,1.0,,,,,,,
0.0,0.017424590224913827,0.4993780950390188,,0.4996819970234123,20.0,3.04501947137413,0.009881470781597734,43.27691910986817,0.8655383821973633,0.013946474139722387,11.734301603547305,13.405145748175345,0.0,hartmann_3,value,logei,exact,gaussian,1.0,20,50,9,a570778b-0147-4fc4-ad83-047f00d74f04,False,0.01,2.0,10.684361400009948,3.0549009421557276,"x0,x1,x2",3,1.0,1.0,,,,,,,
-0.09271512104990587,0.4292574205160099,0.3122319704389457,,0.5388384081554913,0.0,2.0133500841766994,1.0415508579790282,149.72435257181732,2.994487051436346,2.1826544490883135,56.09653311665125,125.3111743225719,0.0,hartmann_3,value,logei,exact,gaussian,5.0,0,50,9,a2553185-c5ff-4639-afe8-4526c4d93eff,False,0.01,2.0,15.441286300003412,3.0549009421557276,"x0,x1,x2",3,5.0,5.0,,,,,,,
0.0,-0.5467490514260454,0.30953507943326813,,0.6282885409069944,20.0,3.04501947137413,0.009881470781597734,121.20692581392065,2.424138516278413,1.753931327121442,11.734301603547305,71.65861944834045,0.0,hartmann_3,value,logei,exact,gaussian,5.0,20,50,9,0c576257-6241-45fd-a0aa-ec1d3d5919f9,False,0.01,2.0,12.010944800000289,3.0549009421557276,"x0,x1,x2",3,5.0,5.0,,,,,,,
-0.09271512104990587,0.4292574205160099,0.3122319704389457,,0.5388384081554913,0.0,3.0548228495752325,7.809258049507051e-05,88.09452065912133,1.7618904131824267,7.809258049507051e-05,10.769835236106083,10.769835236106083,0.0,hartmann_3,value,qnei,exact,none,0.0,0,50,9,976b886b-9c96-4d60-bc4f-8b01a76e37b8,True,0.01,2.0,10.350691200001165,3.0549009421557276,"x0,x1,x2",3,0.2,0.5,,,,,,,
-0.27449865293494,0.058428961776846866,0.07697083912469227,,0.29101196558385045,20.0,3.0548228495752325,7.809258049507051e-05,88.09452065912133,1.7618904131824267,7.809258049507051e-05,10.769835236106083,10.769835236106083,0.0,hartmann_3,value,qnei,exact,none,0.0,20,50,9,976b886b-9c96-4d60-bc4f-8b01a76e37b8,True,0.01,2.0,10.350691200001165,3.0549009421557276,"x0,x1,x2",3,0.2,0.5,,,,,,,
-0.09271512104990587,0.4292574205160099,0.3122319704389457,,0.5388384081554913,0.0,3.0446022736095357,0.01029866854619188,89.22413343726318,1.7844826687452635,0.013150384824640149,11.75618737489441,11.919781107408856,0.0,hartmann_3,value,qnei,exact,gaussian,0.05,0,50,9,96e4d270-0cf1-4bc5-9af1-d1dba508a590,False,0.01,2.0,10.45471419999376,3.0549009421557276,"x0,x1,x2",3,0.05,0.05,,,,,,,
-0.24358187603574588,-0.30794058707995087,-0.7515349261512605,,0.8479176143526084,20.0,3.0541630490888942,0.0007378930668333616,82.90541139541779,1.6581082279083557,0.030062174302391664,10.88101148229785,11.001881160855694,0.0,hartmann_3,value,qnei,exact,gaussian,0.05,20,50,9,822ca2ff-7c7c-408f-b922-b6fe98957cf5,False,0.01,2.0,9.816453499995987,3.0549009421557276,"x0,x1,x2",3,0.05,0.05,,,,,,,
-0.09271512104990587,0.4292574205160099,0.3122319704389457,,0.5388384081554913,0.0,3.0395586344074985,0.01534230774822909,83.35358440748396,1.6670716881496792,0.019998713380826594,12.724237852453905,13.590785826525547,0.0,hartmann_3,value,qnei,exact,gaussian,0.25,0,50,9,3354312d-ebf0-4967-898a-885bc9662031,False,0.01,2.0,10.843535800013342,3.0549009421557276,"x0,x1,x2",3,0.25,0.25,,,,,,,
-0.24358187603574588,-0.30794058707995087,-0.7515349261512605,,0.8479176143526084,20.0,3.0463437268577334,0.008557215297994247,73.30571043892975,1.466114208778595,0.04136338778109483,10.965034125673355,11.743535828763013,0.0,hartmann_3,value,qnei,exact,gaussian,0.25,20,50,9,d9e4b9cf-35e7-4a7b-85f2-b7e118d76364,False,0.01,2.0,10.757297799995285,3.0549009421557276,"x0,x1,x2",3,0.25,0.25,,,,,,,
-0.09271512104990587,0.4292574205160099,0.3122319704389457,,0.5388384081554913,0.0,3.029841838936155,0.02505910321957261,82.48699464423898,1.6497398928847795,0.02505910321957261,18.830820215447215,32.10327915026693,0.0,hartmann_3,value,qnei,exact,gaussian,1.0,0,50,9,39f414e9-1712-4ede-978f-dc2ebd3e737d,False,0.01,2.0,11.195770600010292,3.0549009421557276,"x0,x1,x2",3,1.0,1.0,,,,,,,
-0.24358187603574588,-0.30794058707995087,-0.7515349261512605,,0.8479176143526084,20.0,3.0450584267084646,0.009842515447263,65.24642012927012,1.3049284025854024,0.11277331426294257,10.982385677688482,12.348345081982114,0.0,hartmann_3,value,qnei,exact,gaussian,1.0,20,50,9,0df60ae3-2775-4008-bf3a-86176c024c28,False,0.01,2.0,10.954680499999085,3.0549009421557276,"x0,x1,x2",3,1.0,1.0,,,,,,,
-0.09271512104990587,0.4292574205160099,0.3122319704389457,,0.5388384081554913,0.0,2.1721336994823632,0.8827672426733644,146.40619948853686,2.928123989770737,1.3170331398431838,46.94061279903258,68.70529054988795,0.0,hartmann_3,value,qnei,exact,gaussian,5.0,0,50,9,9a631d67-b247-4f26-a810-fa249c5a7a38,False,0.01,2.0,10.705851600010647,3.0549009421557276,"x0,x1,x2",3,5.0,5.0,,,,,,,
0.37894791568669706,0.3658605568040001,0.04706684438557851,,0.5288390659441123,20.0,3.0450584267084646,0.009842515447263,113.85885956846295,2.277177191369259,0.3572274425683233,10.982385677688482,23.26237183402654,0.0,hartmann_3,value,qnei,exact,gaussian,5.0,20,50,9,a8b82162-09db-4ae7-bdd1-563562b51fe5,False,0.01,2.0,12.5762570000079,3.0549009421557276,"x0,x1,x2",3,5.0,5.0,,,,,,,
-320.35827581741296,760.8790970797585,-483.52306544346493,969.1726564456152,1433.2609662752625,0.0,2.7364197680566535,0.017436047602317206,72.1031762308575,1.44206352461715,0.017436047602317206,15.179690914915218,15.179690914915218,0.0,griewank,value,logei,exact,none,0.0,0,50,10,07904808-440a-4e7f-8908-b653eb20d935,True,0.01,2.0,18.7157140999916,2.7538558156589708,"x0,x1,x2,x3,x4,x5",6,0.2,0.5,375.03394793788016,242.75485014128327,,,,,
-36.469222153132066,-7.183487581302515,-22.842408588866434,20.15150712904082,132.67544242294565,20.0,2.7364197680566535,0.017436047602317206,72.1031762308575,1.44206352461715,0.017436047602317206,15.179690914915218,15.179690914915218,0.0,griewank,value,logei,exact,none,0.0,20,50,10,07904808-440a-4e7f-8908-b653eb20d935,True,0.01,2.0,18.7157140999916,2.7538558156589708,"x0,x1,x2,x3,x4,x5",6,0.2,0.5,-96.25650887347993,-77.64014421429366,,,,,
-320.35827581741296,760.8790970797585,-483.52306544346493,969.1726564456152,1433.2609662752625,0.0,2.7372705261602213,0.01658528949874949,30.6613717664931,0.613227435329862,0.023407141112952168,16.422842136988994,17.375616231850277,0.0,griewank,value,logei,exact,gaussian,0.05,0,50,10,7773a72b-9f1c-4a2a-a759-1469c9674163,False,0.01,2.0,19.530344400001923,2.7538558156589708,"x0,x1,x2,x3,x4,x5",6,0.05,0.05,375.03394793788016,242.75485014128327,,,,,
-36.03330496665737,-7.50651387756432,-22.7152001617379,20.22973716296863,132.25233407845332,20.0,2.7312393830325083,0.0226164326264624,30.428587506375745,0.6085717501275149,0.03223815190132795,15.285760183047211,15.651860011366814,0.0,griewank,value,logei,exact,gaussian,0.05,20,50,10,86bd0a91-698e-48bf-8103-76ae5ec5e6b9,False,0.01,2.0,20.945205500000156,2.7538558156589708,"x0,x1,x2,x3,x4,x5",6,0.05,0.05,-96.19254834804869,-77.18616527605403,,,,,
-320.35827581741296,760.8790970797585,-483.52306544346493,969.1726564456152,1433.2609662752625,0.0,2.5208922161338,0.23296359952517065,50.78139972947258,1.0156279945894517,0.2553313891642679,26.589514642763014,34.0823231820509,0.0,griewank,value,logei,exact,gaussian,0.25,0,50,10,87c70bfc-a933-4976-87f2-27f7c38d4903,False,0.01,2.0,14.0375733999972,2.7538558156589708,"x0,x1,x2,x3,x4,x5",6,0.25,0.25,375.03394793788016,242.75485014128327,,,,,
-38.52865595622834,-15.568231692928133,-28.070280764715303,6.9980103113494145,166.37860964920492,20.0,2.7312393830325083,0.0226164326264624,32.5416635469256,0.650833270938512,0.3280297965849366,15.285760183047211,17.051266755902073,0.0,griewank,value,logei,exact,gaussian,0.25,20,50,10,2f161671-714d-459a-93b3-225f47858d53,False,0.01,2.0,14.69232300001022,2.7538558156589708,"x0,x1,x2,x3,x4,x5",6,0.25,0.25,-116.48705447513335,-107.46565921327621,,,,,
-320.35827581741296,760.8790970797585,-483.52306544346493,969.1726564456152,1433.2609662752625,0.0,2.3687421134346076,0.38511370222436314,61.21864368109183,1.2243728736218364,0.6718600566710196,28.908070800681074,43.01892825861592,0.0,griewank,value,logei,exact,gaussian,1.0,0,50,10,29c7302c-89f5-4d51-9220-8944d6ae3383,False,0.01,2.0,15.73031820000324,2.7538558156589708,"x0,x1,x2,x3,x4,x5",6,1.0,1.0,375.03394793788016,242.75485014128327,,,,,
-97.48129753886823,262.5666163551131,-512.2311299432531,-12.908286877730971,608.7108234554133,20.0,2.7312393830325083,0.0226164326264624,39.62392391531726,0.7924784783063452,0.616647056633453,15.285760183047211,24.48425901521086,0.0,griewank,value,logei,exact,gaussian,1.0,20,50,10,ac0277d0-7cfe-4ed5-85fb-db013dd27b5a,False,0.01,2.0,13.508378699989407,2.7538558156589708,"x0,x1,x2,x3,x4,x5",6,1.0,1.0,-156.55793804455797,-70.90340527724646,,,,,
-320.35827581741296,760.8790970797585,-483.52306544346493,969.1726564456152,1433.2609662752625,0.0,1.9146896549616432,0.8391661606973275,182.6532957820851,3.6530659156417022,3.6145583800918564,48.2322437924171,170.74471966625367,0.0,griewank,value,logei,exact,gaussian,5.0,0,50,10,10c00f70-73c9-4d78-a8d4-74ca583bb2ff,False,0.01,2.0,16.909897000005003,2.7538558156589708,"x0,x1,x2,x3,x4,x5",6,5.0,5.0,375.03394793788016,242.75485014128327,,,,,
-101.86429492049304,19.157775095733264,109.9687011432766,-50.71206912101218,448.1522877721674,20.0,2.7312393830325083,0.0226164326264624,69.60022641270429,1.3920045282540858,1.5845422262410451,15.285760183047211,24.9029136981408,0.0,griewank,value,logei,exact,gaussian,5.0,20,50,10,4f398024-b01a-41e2-9720-0030d1b75363,False,0.01,2.0,12.596982100003515,2.7538558156589708,"x0,x1,x2,x3,x4,x5",6,5.0,5.0,299.19244142373554,293.114605433422,,,,,
-320.35827581741296,760.8790970797585,-483.52306544346493,969.1726564456152,1433.2609662752625,0.0,2.730054490663435,0.023801324995535555,80.97613938396098,1.6195227876792198,0.023801324995535555,19.68124526482967,19.68124526482967,0.0,griewank,value,qnei,exact,none,0.0,0,50,10,2887c2d3-cf02-4f0e-80b3-88603d9c7b92,True,0.01,2.0,12.261734100000467,2.7538558156589708,"x0,x1,x2,x3,x4,x5",6,0.2,0.5,375.03394793788016,242.75485014128327,,,,,
-200.6814842271559,-1.9721580372023055,304.286862692484,-179.07462986843973,859.7386514636048,20.0,2.730054490663435,0.023801324995535555,80.97613938396098,1.6195227876792198,0.023801324995535555,19.68124526482967,19.68124526482967,0.0,griewank,value,qnei,exact,none,0.0,20,50,10,2887c2d3-cf02-4f0e-80b3-88603d9c7b92,True,0.01,2.0,12.261734100000467,2.7538558156589708,"x0,x1,x2,x3,x4,x5",6,0.2,0.5,355.9778911371993,668.9507638483408,,,,,
-320.35827581741296,760.8790970797585,-483.52306544346493,969.1726564456152,1433.2609662752625,0.0,2.681696302354712,0.07215951330425874,72.99137053592086,1.4598274107184173,0.07215951330425874,18.220105395639166,18.220105395639166,0.0,griewank,value,qnei,exact,gaussian,0.05,0,50,10,e125ccd5-b109-481e-937e-ad8b29e1e038,False,0.01,2.0,11.503532500006258,2.7538558156589708,"x0,x1,x2,x3,x4,x5",6,0.05,0.05,375.03394793788016,242.75485014128327,,,,,
-200.6814842271559,-1.9721580372023055,304.286862692484,-179.07462986843973,859.7386514636048,20.0,2.730054490663435,0.023801324995535555,82.98829517241263,1.6597659034482526,0.023801324995535555,19.68124526482967,19.68124526482967,0.0,griewank,value,qnei,exact,gaussian,0.05,20,50,10,c4638f13-d7c0-4042-8fce-754fd2293884,False,0.01,2.0,11.056627400001162,2.7538558156589708,"x0,x1,x2,x3,x4,x5",6,0.05,0.05,355.9778911371993,668.9507638483408,,,,,
-320.35827581741296,760.8790970797585,-483.52306544346493,969.1726564456152,1433.2609662752625,0.0,2.634979849132124,0.11887596652684662,64.2402727029608,1.284805454059216,0.15325719658131742,21.085265605308617,29.29245368797564,0.0,griewank,value,qnei,exact,gaussian,0.25,0,50,10,cea6cf4a-6ffc-4b94-8d01-fcd999c3a93c,False,0.01,2.0,11.816068400003132,2.7538558156589708,"x0,x1,x2,x3,x4,x5",6,0.25,0.25,375.03394793788016,242.75485014128327,,,,,
-200.6814842271559,-1.9721580372023055,304.286862692484,-179.07462986843973,859.7386514636048,20.0,2.730054490663435,0.023801324995535555,77.39506491142122,1.5479012982284244,0.09244911477564033,19.68124526482967,19.92151252906004,0.0,griewank,value,qnei,exact,gaussian,0.25,20,50,10,50a10eeb-b091-4311-92aa-871dc9e74bd4,False,0.01,2.0,11.937203099994804,2.7538558156589708,"x0,x1,x2,x3,x4,x5",6,0.25,0.25,355.9778911371993,668.9507638483408,,,,,
-320.35827581741296,760.8790970797585,-483.52306544346493,969.1726564456152,1433.2609662752625,0.0,2.4115075279307567,0.342348287728214,86.57265986423347,1.7314531972846694,0.8738955263792987,36.087496243672156,64.43784476362697,0.0,griewank,value,qnei,exact,gaussian,1.0,0,50,10,5ac8a3dd-1afa-4c13-9a18-1a204c8ec16f,False,0.01,2.0,13.594608800005517,2.7538558156589708,"x0,x1,x2,x3,x4,x5",6,1.0,1.0,375.03394793788016,242.75485014128327,,,,,
-200.6814842271559,-1.9721580372023055,304.286862692484,-179.07462986843973,859.7386514636048,20.0,2.730054490663435,0.023801324995535555,50.45047856581626,1.0090095713163252,0.3081049269990661,19.68124526482967,29.949873590339863,0.0,griewank,value,qnei,exact,gaussian,1.0,20,50,10,b0a29a0d-62ff-4794-baa7-4c8238b238fe,False,0.01,2.0,12.948982000001706,2.7538558156589708,"x0,x1,x2,x3,x4,x5",6,1.0,1.0,355.9778911371993,668.9507638483408,,,,,
-320.35827581741296,760.8790970797585,-483.52306544346493,969.1726564456152,1433.2609662752625,0.0,1.9146896549616432,0.8391661606973275,212.72571148290967,4.254514229658193,4.195365714186501,48.2322437924171,188.3619982898415,0.0,griewank,value,qnei,exact,gaussian,5.0,0,50,10,a14b0c15-53e3-44bf-bc05-5c8f80ff0f9b,False,0.01,2.0,16.133665800007293,2.7538558156589708,"x0,x1,x2,x3,x4,x5",6,5.0,5.0,375.03394793788016,242.75485014128327,,,,,
-77.7782287425583,111.24519938533395,43.54674255515999,-3.459892880012248,182.42482676745584,20.0,2.730054490663435,0.023801324995535555,125.67927177856667,2.5135854355713336,2.6080411078051564,19.68124526482967,100.00869530171052,0.0,griewank,value,qnei,exact,gaussian,5.0,20,50,10,0d7cd6a9-2c9d-4c48-b4d3-e7dc4684323b,False,0.01,2.0,14.339347300003283,2.7538558156589708,"x0,x1,x2,x3,x4,x5",6,5.0,5.0,3.4360807444156194,-113.72675090643872,,,,,
-3.988773838731695,-0.6458598545277621,-1.2546756494405962,6.232190411072328,7.532719296071111,0.0,0.7607168071430253,0.003507076315434565,18.11969632538095,0.362393926507619,0.003507076315434565,4.7732197823877165,4.7732197823877165,0.0,powell,value,logei,exact,none,0.0,0,50,10,8dfa435a-1197-48f7-9b60-e4d7827e4414,True,0.01,2.0,11.953879299995606,0.7642238834584598,"x0,x1,x2,x3",4,0.2,0.5,,,,,,,
0.5596067325097371,-0.19147436234981186,-0.08786875641024128,0.44979124808616033,0.7482347303590496,20.0,0.7607168071430253,0.003507076315434565,18.11969632538095,0.362393926507619,0.003507076315434565,4.7732197823877165,4.7732197823877165,0.0,powell,value,logei,exact,none,0.0,20,50,10,8dfa435a-1197-48f7-9b60-e4d7827e4414,True,0.01,2.0,11.953879299995606,0.7642238834584598,"x0,x1,x2,x3",4,0.2,0.5,,,,,,,
-3.988773838731695,-0.6458598545277621,-1.2546756494405962,6.232190411072328,7.532719296071111,0.0,0.7593009175996053,0.004922965858854544,18.204180820811153,0.36408361641622305,0.013716228265514108,6.797879624155755,7.433412185842144,0.0,powell,value,logei,exact,gaussian,0.05,0,50,10,00593867-e914-4798-9fa5-7cfb96b7c113,False,0.01,2.0,12.858932600007392,0.7642238834584598,"x0,x1,x2,x3",4,0.05,0.05,,,,,,,
0.5533333317981478,-0.18683233717222825,-0.0843187418769773,0.4501546244018053,0.7421812005124645,20.0,0.7607168071430253,0.003507076315434565,17.671698706957997,0.35343397413915995,0.027981919513748066,4.7732197823877165,5.14138436167294,0.0,powell,value,logei,exact,gaussian,0.05,20,50,10,ddc95d36-441c-4400-9272-05cfc4fe32ec,False,0.01,2.0,11.708472899990738,0.7642238834584598,"x0,x1,x2,x3",4,0.05,0.05,,,,,,,
-3.988773838731695,-0.6458598545277621,-1.2546756494405962,6.232190411072328,7.532719296071111,0.0,0.7625286229374741,0.0016952605209856753,19.831970215657577,0.39663940431315153,0.008556961365997928,4.740842034687434,6.953371298680526,0.0,powell,value,logei,exact,gaussian,0.25,0,50,10,519c3386-6040-4b80-939c-ff4c94983e9b,False,0.01,2.0,10.56265129998792,0.7642238834584598,"x0,x1,x2,x3",4,0.25,0.25,,,,,,,
1.309586802871968,-2.266018804921506,-1.215067220838201,0.9270250378019229,3.030779205151942,20.0,0.7630098207894398,0.0012140626690200218,18.85425461725195,0.377085092345039,0.002929482127530747,4.746037725144846,5.3056590989666415,0.0,powell,value,logei,exact,gaussian,0.25,20,50,10,e0a985be-7112-47eb-8379-c595d97d527f,False,0.01,2.0,10.773085599998012,0.7642238834584598,"x0,x1,x2,x3",4,0.25,0.25,,,,,,,
-3.988773838731695,-0.6458598545277621,-1.2546756494405962,6.232190411072328,7.532719296071111,0.0,0.6879570040771722,0.07626687938128762,46.09412590838583,0.9218825181677165,0.4161938093987035,7.175510024039307,25.834874599325875,0.0,powell,value,logei,exact,gaussian,1.0,0,50,10,5226dfd0-8267-4207-89ac-779b373855d8,False,0.01,2.0,11.242159899993567,0.7642238834584598,"x0,x1,x2,x3",4,1.0,1.0,,,,,,,
1.2412508877959596,-2.8358177944537104,-2.1445132314917856,2.5546668191237645,4.550585224624393,20.0,0.7607168071430253,0.003507076315434565,20.728702316085748,0.41457404632171496,0.006661190397393213,4.7732197823877165,8.262606553589535,0.0,powell,value,logei,exact,gaussian,1.0,20,50,10,eafbc098-22bf-4c1a-9481-104372897a21,False,0.01,2.0,9.604919700010214,0.7642238834584598,"x0,x1,x2,x3",4,1.0,1.0,,,,,,,
-3.988773838731695,-0.6458598545277621,-1.2546756494405962,6.232190411072328,7.532719296071111,0.0,0.6972936300235756,0.06693025343488423,99.49281257341178,1.9898562514682356,0.33726660178918816,8.219846197663344,85.17793204020012,0.0,powell,value,logei,exact,gaussian,5.0,0,50,10,bdac0014-1526-4ee4-b603-733d37b5bce0,False,0.01,2.0,16.105023300013272,0.7642238834584598,"x0,x1,x2,x3",4,5.0,5.0,,,,,,,
-0.38480513480754175,-0.12702110076511386,-0.1139082182057477,-0.47680009005849566,0.6360210372844828,20.0,0.7607168071430253,0.003507076315434565,22.381053744302072,0.4476210748860414,0.020721127987794574,4.7732197823877165,5.364873316782706,0.0,powell,value,logei,exact,gaussian,5.0,20,50,10,72c2f401-7805-47de-aad5-e7febbe726ac,False,0.01,2.0,11.743215499998769,0.7642238834584598,"x0,x1,x2,x3",4,5.0,5.0,,,,,,,
-3.988773838731695,-0.6458598545277621,-1.2546756494405962,6.232190411072328,7.532719296071111,0.0,0.7538181942187772,0.010405689239682658,19.078519792665166,0.3815703958533033,0.010405689239682658,4.967122341679452,4.967122341679452,0.0,powell,value,qnei,exact,none,0.0,0,50,10,dbafad74-6761-4678-b3e6-20a22bc944db,True,0.01,2.0,11.320748800004367,0.7642238834584598,"x0,x1,x2,x3",4,0.2,0.5,,,,,,,
-2.8716850758460173,2.414800224179509,4.066003633477505,-7.000559392739515,8.922894858523206,20.0,0.7538181942187772,0.010405689239682658,19.078519792665166,0.3815703958533033,0.010405689239682658,4.967122341679452,4.967122341679452,0.0,powell,value,qnei,exact,none,0.0,20,50,10,dbafad74-6761-4678-b3e6-20a22bc944db,True,0.01,2.0,11.320748800004367,0.7642238834584598,"x0,x1,x2,x3",4,0.2,0.5,,,,,,,
-3.988773838731695,-0.6458598545277621,-1.2546756494405962,6.232190411072328,7.532719296071111,0.0,0.7531448779781578,0.011079005480302051,24.48504526876394,0.4897009053752788,0.042196045423191775,4.731029778798395,5.947754456072006,0.0,powell,value,qnei,exact,gaussian,0.05,0,50,10,ac9c68a9-488c-446c-ad22-200c46a43f62,False,0.01,2.0,11.89335050000227,0.7642238834584598,"x0,x1,x2,x3",4,0.05,0.05,,,,,,,
-2.8722707853747234,2.411056492436093,4.066003633477505,-7.000559392739515,8.922070960991125,20.0,0.7536606123661417,0.010563271092318138,19.452493383347814,0.38904986766695626,0.041925852368170924,4.970352769658478,5.178863502578582,0.0,powell,value,qnei,exact,gaussian,0.05,20,50,10,4c19abd3-81e5-47d3-a07c-1f4307bbfd5f,False,0.01,2.0,11.394720999989659,0.7642238834584598,"x0,x1,x2,x3",4,0.05,0.05,,,,,,,
-3.988773838731695,-0.6458598545277621,-1.2546756494405962,6.232190411072328,7.532719296071111,0.0,0.7590927431502051,0.005131140308254678,22.52789509582842,0.4505579019165684,0.008178668314412274,4.362740493421196,5.755151879356468,0.0,powell,value,qnei,exact,gaussian,0.25,0,50,10,fd5399a5-eb2a-4aac-b942-b7c25ed40c88,False,0.01,2.0,12.399798299986287,0.7642238834584598,"x0,x1,x2,x3",4,0.25,0.25,,,,,,,
-1.0042547349410904,0.8733772533358618,0.8163200699218351,-2.6203134122672163,3.050202654638007,20.0,0.7564482318794951,0.0077756515789647596,18.794229257130084,0.3758845851426017,0.017408510611554795,4.893116918545753,5.492118801163656,0.0,powell,value,qnei,exact,gaussian,0.25,20,50,10,00fc96a3-3640-487f-86d8-cd225d59cc44,False,0.01,2.0,11.129999700002372,0.7642238834584598,"x0,x1,x2,x3",4,0.25,0.25,,,,,,,
-3.988773838731695,-0.6458598545277621,-1.2546756494405962,6.232190411072328,7.532719296071111,0.0,0.6661571079334045,0.09806677552505527,33.179039748062564,0.6635807949612513,0.1431631619720528,7.988088188524337,10.614427070717586,0.0,powell,value,qnei,exact,gaussian,1.0,0,50,10,96dfbc0a-1d01-407a-86aa-deae270b067d,False,0.01,2.0,12.874307100006263,0.7642238834584598,"x0,x1,x2,x3",4,1.0,1.0,,,,,,,
-0.9150675205576367,1.3246957123475998,1.0584275596855046,-2.7406646018333394,3.3501759142372993,20.0,0.7524303016616989,0.011793581796760932,31.583837733564177,0.6316767546712836,0.24210941269630526,4.995574139099556,13.423213282514205,0.0,powell,value,qnei,exact,gaussian,1.0,20,50,10,1abf5c52-d5b1-4d28-a8c7-2b7871f55d9b,False,0.01,2.0,11.62029540000367,0.7642238834584598,"x0,x1,x2,x3",4,1.0,1.0,,,,,,,
-3.988773838731695,-0.6458598545277621,-1.2546756494405962,6.232190411072328,7.532719296071111,0.0,0.7529608753785877,0.011263008079872128,155.3366442181559,3.106732884363118,4.507184019967101,4.97238784336221,186.99386249766138,0.0,powell,value,qnei,exact,gaussian,5.0,0,50,10,0ca032a9-4494-40b7-8358-4bd18303dcea,False,0.01,2.0,11.355086300012772,0.7642238834584598,"x0,x1,x2,x3",4,5.0,5.0,,,,,,,
0.2929749178400036,1.113404622534985,-0.9186175540762745,-0.024223590362867586,1.473074726194423,20.0,0.7576402007333802,0.006583682725079587,86.77331877400957,1.7354663754801913,0.36264345286786587,4.852301914628319,13.956559673611482,0.0,powell,value,qnei,exact,gaussian,5.0,20,50,10,cfd60780-49f3-4e44-a0ba-34a1c5868c88,False,0.01,2.0,11.887205599996378,0.7642238834584598,"x0,x1,x2,x3",4,5.0,5.0,,,,,,,
-443.19709319241053,-71.76220605864023,-139.40840549339964,692.4656012302587,836.968810674568,0.0,3.142972495174591,1.185417876604261,138.63267072487088,2.7726534144974178,1.185417876604261,83.75685382909093,83.75685382909093,0.0,schwefel,value,logei,exact,none,0.0,0,50,10,ab63b766-e9ac-42af-91ff-22d1c1d44de8,True,0.01,2.0,17.036641099999542,4.328390371778852,"x0,x1,x2,x3",4,0.2,0.5,,,,,,,
-23.731191657746905,-29.643618353705733,-72.70336738261983,-16.139570565474003,83.59532841856044,20.0,3.142972495174591,1.185417876604261,138.63267072487088,2.7726534144974178,1.185417876604261,83.75685382909093,83.75685382909093,0.0,schwefel,value,logei,exact,none,0.0,20,50,10,ab63b766-e9ac-42af-91ff-22d1c1d44de8,True,0.01,2.0,17.036641099999542,4.328390371778852,"x0,x1,x2,x3",4,0.2,0.5,,,,,,,
-443.19709319241053,-71.76220605864023,-139.40840549339964,692.4656012302587,836.968810674568,0.0,2.3122294233689633,2.0161609484098886,168.2952093858257,3.365904187716514,2.0161609484098886,129.0412612868452,129.1162049189339,0.0,schwefel,value,logei,exact,gaussian,0.05,0,50,10,bf5abe1a-3a2b-4d6c-b394-04434fd96322,False,0.01,2.0,12.395814299990889,4.328390371778852,"x0,x1,x2,x3",4,0.05,0.05,,,,,,,
-23.686081407132036,-29.64577120692354,-72.69343683807415,-16.14755241141245,83.5762012243254,20.0,3.151515412607237,1.1768749591716148,151.44947202110114,3.028989440422023,1.1768749591716148,83.84485852256915,84.6900591144806,0.0,schwefel,value,logei,exact,gaussian,0.05,20,50,10,bef41ca8-b397-404f-9534-6ce10e4f588d,False,0.01,2.0,17.160895500011975,4.328390371778852,"x0,x1,x2,x3",4,0.05,0.05,,,,,,,
-443.19709319241053,-71.76220605864023,-139.40840549339964,692.4656012302587,836.968810674568,0.0,2.7785250835616218,1.5498652882172301,144.233355599908,2.8846671119981604,1.5583422773098259,100.82383879556406,107.98079611391235,0.0,schwefel,value,logei,exact,gaussian,0.25,0,50,10,bf524989-0a84-49f6-a55f-9548165a122c,False,0.01,2.0,14.130975199994282,4.328390371778852,"x0,x1,x2,x3",4,0.25,0.25,,,,,,,
-28.63495378462801,-29.35127182091719,-73.45601114087032,-15.008574644737848,85.45466997974705,20.0,3.1424432700353524,1.1859471017434995,135.06373940724424,2.7012747881448846,1.223250860021834,84.22052407841468,85.13292209277544,0.0,schwefel,value,logei,exact,gaussian,0.25,20,50,10,7a40509c-fbd0-468f-be2f-8ce5ac5adbd5,False,0.01,2.0,16.210876500001177,4.328390371778852,"x0,x1,x2,x3",4,0.25,0.25,,,,,,,
-443.19709319241053,-71.76220605864023,-139.40840549339964,692.4656012302587,836.968810674568,0.0,3.008930196578029,1.319460175200823,165.96045337887156,3.319209067577431,1.319460175200823,91.14982421634738,114.4741122804683,0.0,schwefel,value,logei,exact,gaussian,1.0,0,50,10,2581ec49-c7b5-4c18-b6c1-39691e284eb2,False,0.01,2.0,12.411282899993239,4.328390371778852,"x0,x1,x2,x3",4,1.0,1.0,,,,,,,
-55.27707180746853,-23.901821031214354,-75.69074287669514,-0.3925111490595441,96.72690596956126,20.0,3.052759536516466,1.275630835262386,144.47839430250355,2.889567886050071,3.025110198923091,85.68157396164717,119.47462160094558,0.0,schwefel,value,logei,exact,gaussian,1.0,20,50,10,35d3ad97-46a9-4552-8fbd-42a2ede9d4c1,False,0.01,2.0,14.005312699999195,4.328390371778852,"x0,x1,x2,x3",4,1.0,1.0,,,,,,,
-443.19709319241053,-71.76220605864023,-139.40840549339964,692.4656012302587,836.968810674568,0.0,2.170311154668044,2.158079217110808,228.0446098325977,4.560892196651954,3.121534777923123,132.8356755397029,166.58295207496266,0.0,schwefel,value,logei,exact,gaussian,5.0,0,50,10,3d0e06aa-bf40-4acf-b491-00dd76d70b54,False,0.01,2.0,11.501414799990016,4.328390371778852,"x0,x1,x2,x3",4,5.0,5.0,,,,,,,
-25.780677240352276,-4.465815004100932,3.732760531787676,-9.65480807060959,28.1377974029605,20.0,3.052759536516466,1.275630835262386,170.16945721904034,3.4033891443808066,4.137940172129078,85.68157396164717,135.86591608966694,0.0,schwefel,value,logei,exact,gaussian,5.0,20,50,10,0a4ae794-3db6-4dd7-82c9-6505cd4d6869,False,0.01,2.0,14.828655999997864,4.328390371778852,"x0,x1,x2,x3",4,5.0,5.0,,,,,,,
-443.19709319241053,-71.76220605864023,-139.40840549339964,692.4656012302587,836.968810674568,0.0,2.122551704868091,2.205838666910761,183.14016979795622,3.6628033959591244,2.205838666910761,125.45364474521189,125.45364474521189,0.0,schwefel,value,qnei,exact,none,0.0,0,50,10,07a47142-c3e3-408f-92ef-dcfd53159197,True,0.01,2.0,11.144739700001082,4.328390371778852,"x0,x1,x2,x3",4,0.2,0.5,,,,,,,
982.517341450734,-480.9882948313844,243.16465179910875,-780.4371213021443,1365.613859847351,20.0,2.122551704868091,2.205838666910761,183.14016979795622,3.6628033959591244,2.205838666910761,125.45364474521189,125.45364474521189,0.0,schwefel,value,qnei,exact,none,0.0,20,50,10,07a47142-c3e3-408f-92ef-dcfd53159197,True,0.01,2.0,11.144739700001082,4.328390371778852,"x0,x1,x2,x3",4,0.2,0.5,,,,,,,
-443.19709319241053,-71.76220605864023,-139.40840549339964,692.4656012302587,836.968810674568,0.0,2.9416727183948046,1.3867176533840473,171.44191992584717,3.4288383985169433,1.3867176533840473,106.84843593994646,106.93910706751758,0.0,schwefel,value,qnei,exact,gaussian,0.05,0,50,10,b834ed39-1d36-4f90-81a7-a51d0e43e125,False,0.01,2.0,12.990362199998344,4.328390371778852,"x0,x1,x2,x3",4,0.05,0.05,,,,,,,
982.517341450734,-482.2660522746732,249.37597066365402,-780.2825077081706,1367.09547508863,20.0,2.882721136602576,1.4456692351762759,174.22381069231372,3.4844762138462744,1.4456692351762759,122.83772437534374,123.1349569820148,0.0,schwefel,value,qnei,exact,gaussian,0.05,20,50,10,76130bfd-72f0-46cc-a07f-821dea4afe5f,False,0.01,2.0,11.408647599993856,4.328390371778852,"x0,x1,x2,x3",4,0.05,0.05,,,,,,,
-443.19709319241053,-71.76220605864023,-139.40840549339964,692.4656012302587,836.968810674568,0.0,2.467722377921216,1.860667993857636,178.30713047697054,3.5661426095394106,1.8884467956130053,114.2073912709724,119.72441006230368,0.0,schwefel,value,qnei,exact,gaussian,0.25,0,50,10,f959d8c6-d437-40ef-b7af-1157c78a687d,False,0.01,2.0,13.643179499995313,4.328390371778852,"x0,x1,x2,x3",4,0.25,0.25,,,,,,,
982.517341450734,-458.0806319492765,194.8150782823422,-770.4482322845294,1344.1434391369762,20.0,2.1662007188291588,2.162189652949693,184.0360728550455,3.6807214571009097,2.162189652949693,129.04848438825493,129.67818872712476,0.0,schwefel,value,qnei,exact,gaussian,0.25,20,50,10,527b8810-2fd5-4a27-b337-a002b38a653e,False,0.01,2.0,12.346414800005732,4.328390371778852,"x0,x1,x2,x3",4,0.25,0.25,,,,,,,
-443.19709319241053,-71.76220605864023,-139.40840549339964,692.4656012302587,836.968810674568,0.0,1.6822813034053445,2.6461090683735073,202.79741137909664,4.055948227581933,4.205797114650453,146.9554461332923,187.87595098473022,0.0,schwefel,value,qnei,exact,gaussian,1.0,0,50,10,d41c426e-74fb-440f-8fc2-b00cef2774bf,False,0.01,2.0,12.61929629999213,4.328390371778852,"x0,x1,x2,x3",4,1.0,1.0,,,,,,,
982.517341450734,-482.50306478289724,238.48293205231062,-781.0842495183854,1365.6925889460897,20.0,2.156171568460277,2.1722188033185748,183.20273528560534,3.6640547057121067,2.335585724166826,124.92211263500545,128.10776759154635,0.0,schwefel,value,qnei,exact,gaussian,1.0,20,50,10,b92caf92-831b-462b-b176-74019af6bc0a,False,0.01,2.0,11.1421704999957,4.328390371778852,"x0,x1,x2,x3",4,1.0,1.0,,,,,,,
-443.19709319241053,-71.76220605864023,-139.40840549339964,692.4656012302587,836.968810674568,0.0,1.8656139949776982,2.4627763768011537,212.3408542296425,4.24681708459285,3.4430114462314503,131.62768654062796,248.07128247360632,0.0,schwefel,value,qnei,exact,gaussian,5.0,0,50,10,9fcb9680-df21-432d-9834-d7b3f6be923f,False,0.01,2.0,10.820479600006365,4.328390371778852,"x0,x1,x2,x3",4,5.0,5.0,,,,,,,
136.76198215775565,-88.4292833496406,14.27650640944887,20.363977802865975,164.74856037205288,20.0,1.9752510150480591,2.353139356730793,197.07741390613418,3.9415482781226836,2.4627763768011537,128.792472478566,138.9307861046713,0.0,schwefel,value,qnei,exact,gaussian,5.0,20,50,10,d62b3f6c-9665-4159-be1d-5afff0b18a5e,False,0.01,2.0,11.046608400007244,4.328390371778852,"x0,x1,x2,x3",4,5.0,5.0,,,,,,,
-29.045364699457814,-4.7030079362590484,-9.13626926241544,45.38142564222623,54.851587976368485,0.0,16.70643537667184,3.3960117771815916,706.1857696442305,14.12371539288461,3.3960117771815916,546.3560027831138,546.3560027831138,0.0,ackley,value,logei,exact,none,0.0,0,50,10,2a6eab7f-d827-4a2f-bf5b-4a428ca94b79,True,0.01,2.0,12.295875199997681,20.102447153853433,"x0,x1,x2,x3",4,0.2,0.5,,,,,,,
5.9513721703508775,-3.4958192628874967,-10.418021651837167,-2.371308034404784,12.719978772033501,20.0,16.70643537667184,3.3960117771815916,706.1857696442305,14.12371539288461,3.3960117771815916,546.3560027831138,546.3560027831138,0.0,ackley,value,logei,exact,none,0.0,20,50,10,2a6eab7f-d827-4a2f-bf5b-4a428ca94b79,True,0.01,2.0,12.295875199997681,20.102447153853433,"x0,x1,x2,x3",4,0.2,0.5,,,,,,,
-29.045364699457814,-4.7030079362590484,-9.13626926241544,45.38142564222623,54.851587976368485,0.0,17.194485618074136,2.9079615357792967,756.150050123188,15.12300100246376,2.9079615357792967,672.2032877564379,672.2032877564379,0.0,ackley,value,logei,exact,gaussian,0.05,0,50,10,313c71cd-86d3-4471-a69a-d6f374cf11c9,False,0.01,2.0,11.763571500006947,20.102447153853433,"x0,x1,x2,x3",4,0.05,0.05,,,,,,,
5.952342332475961,-3.4955436586110293,-10.42186005879075,-2.3708422505734337,12.723414037685137,20.0,15.722917330610544,4.379529823242889,643.9343136434022,12.878686272868045,4.379529823242889,565.0506938952495,565.0506938952495,0.0,ackley,value,logei,exact,gaussian,0.05,20,50,10,476d511b-d926-4c17-9eef-5688eaade75f,False,0.01,2.0,12.731304499990074,20.102447153853433,"x0,x1,x2,x3",4,0.05,0.05,,,,,,,
-29.045364699457814,-4.7030079362590484,-9.13626926241544,45.38142564222623,54.851587976368485,0.0,16.026151014615618,4.076296139237815,757.744980083351,15.15489960166702,4.076296139237815,660.3093929667098,661.8535237739699,0.0,ackley,value,logei,exact,gaussian,0.25,0,50,10,be248c65-a670-4849-96e1-524c1874e5be,False,0.01,2.0,11.328985000000102,20.102447153853433,"x0,x1,x2,x3",4,0.25,0.25,,,,,,,
0.6467006204881267,-6.4601087720715835,-22.0380508143683,-0.19868153639184172,22.97534298088101,20.0,16.687956378276873,3.41449077557656,651.366226023997,13.02732452047994,3.41449077557656,558.3257292926739,558.5558934245048,0.0,ackley,value,logei,exact,gaussian,0.25,20,50,10,ac842e0c-9ddd-423b-b84e-08e936f1f553,False,0.01,2.0,13.021955699994578,20.102447153853433,"x0,x1,x2,x3",4,0.25,0.25,,,,,,,
-29.045364699457814,-4.7030079362590484,-9.13626926241544,45.38142564222623,54.851587976368485,0.0,0.1352546857548237,19.96719246809861,1033.6418063658866,20.672836127317733,20.91839809247222,982.7353198418315,1014.269807122676,0.0,ackley,value,logei,exact,gaussian,1.0,0,50,10,9318d3ed-51d3-4f5f-9cf5-81257d1215c1,False,0.01,2.0,9.632142900009057,20.102447153853433,"x0,x1,x2,x3",4,1.0,1.0,,,,,,,
2.6812273680295076,-6.01768875936839,-22.825262412113975,-1.0408912226126175,23.77977327315957,20.0,15.548021881272154,4.554425272581279,683.8842181050571,13.677684362101143,4.554425272581279,598.1677999212316,613.3184069357596,0.0,ackley,value,logei,exact,gaussian,1.0,20,50,10,c1b0165f-799f-4d1f-b5d1-467f908d20ff,False,0.01,2.0,12.705196499999147,20.102447153853433,"x0,x1,x2,x3",4,1.0,1.0,,,,,,,
-29.045364699457814,-4.7030079362590484,-9.13626926241544,45.38142564222623,54.851587976368485,0.0,-0.1523819043024242,20.254829058155856,1038.4888720047252,20.769777440094504,20.254829058155856,993.1487970037152,999.2418350693407,0.0,ackley,value,logei,exact,gaussian,5.0,0,50,10,66179eea-a398-41bd-9f10-d8b6c847db7e,False,0.01,2.0,9.784590600000229,20.102447153853433,"x0,x1,x2,x3",4,5.0,5.0,,,,,,,
-3.6217084592654247,-2.5646344586296044,1.9088859709274324,1.812271665485608,5.1596798650527385,20.0,8.95041917965688,11.152027974196553,831.3263545810596,16.626527091621192,13.525985564492824,719.3875609266012,766.0590141498329,0.0,ackley,value,logei,exact,gaussian,5.0,20,50,10,cf6a8cb3-5a14-43a9-8a1f-db8db41bd88f,False,0.01,2.0,12.786448800005019,20.102447153853433,"x0,x1,x2,x3",4,5.0,5.0,,,,,,,
-29.045364699457814,-4.7030079362590484,-9.13626926241544,45.38142564222623,54.851587976368485,0.0,0.8734773522250849,19.22896980162835,1022.3169631333137,20.446339262666275,19.22896980162835,981.3469882474509,981.3469882474509,0.0,ackley,value,qnei,exact,none,0.0,0,50,10,148f934a-3672-444c-98c7-35feaad4a5a4,True,0.01,2.0,10.963398499996401,20.102447153853433,"x0,x1,x2,x3",4,0.2,0.5,,,,,,,
22.636383400806622,0.0,0.0,65.536,69.33522300727324,20.0,0.8734773522250849,19.22896980162835,1022.3169631333137,20.446339262666275,19.22896980162835,981.3469882474509,981.3469882474509,0.0,ackley,value,qnei,exact,none,0.0,20,50,10,148f934a-3672-444c-98c7-35feaad4a5a4,True,0.01,2.0,10.963398499996401,20.102447153853433,"x0,x1,x2,x3",4,0.2,0.5,,,,,,,
-29.045364699457814,-4.7030079362590484,-9.13626926241544,45.38142564222623,54.851587976368485,0.0,16.804876184957948,3.297570968895485,765.6249287286267,15.312498574572535,3.297570968895485,687.3593715678364,687.3593715678364,0.0,ackley,value,qnei,exact,gaussian,0.05,0,50,10,ae19bb84-7b57-48f9-acdc-d39c1cf871f2,False,0.01,2.0,12.642507399999886,20.102447153853433,"x0,x1,x2,x3",4,0.05,0.05,,,,,,,
22.636383400806622,0.0,0.0,65.536,69.33522300727324,20.0,-0.006173603272306524,20.10862075712574,1031.7587875544352,20.635175751088706,20.10862075712574,989.002039547989,989.002039547989,0.0,ackley,value,qnei,exact,gaussian,0.05,20,50,10,0ae8d3fb-6ae8-43d1-8ac7-896af07d36d2,False,0.01,2.0,9.68349140000646,20.102447153853433,"x0,x1,x2,x3",4,0.05,0.05,,,,,,,
-29.045364699457814,-4.7030079362590484,-9.13626926241544,45.38142564222623,54.851587976368485,0.0,9.770058439818511,10.332388714034922,870.4843962036485,17.40968792407297,10.332388714034922,819.5207531528812,820.4978510291157,0.0,ackley,value,qnei,exact,gaussian,0.25,0,50,10,0ef2f5e9-5457-45a0-9998-08eaf97838ee,False,0.01,2.0,13.856620300008217,20.102447153853433,"x0,x1,x2,x3",4,0.25,0.25,,,,,,,
22.636383400806622,0.0,0.0,65.536,69.33522300727324,20.0,-0.09065260963662325,20.193099763490057,1031.5924695309523,20.631849390619045,20.561775523412635,990.7338591784575,993.5266495276436,0.0,ackley,value,qnei,exact,gaussian,0.25,20,50,10,a78d53c3-32ff-4a2f-a86a-a086f640db5c,False,0.01,2.0,9.918327099992894,20.102447153853433,"x0,x1,x2,x3",4,0.25,0.25,,,,,,,
-29.045364699457814,-4.7030079362590484,-9.13626926241544,45.38142564222623,54.851587976368485,0.0,0.5067138768778726,19.59573327697556,1023.3316730234358,20.466633460468714,20.37116771869894,976.3693636729029,1004.4059309076348,0.0,ackley,value,qnei,exact,gaussian,1.0,0,50,10,28c0106a-87b1-4a2c-a709-7a49b823bd9f,False,0.01,2.0,13.87040369999886,20.102447153853433,"x0,x1,x2,x3",4,1.0,1.0,,,,,,,
22.636383400806622,65.536,0.0,65.536,95.40618662051384,20.0,-0.09065260963662325,20.193099763490057,1032.613459996982,20.652269199939642,20.62396426566284,990.7338591784575,999.3903460019161,0.0,ackley,value,qnei,exact,gaussian,1.0,20,50,10,8b7e426e-2a83-436b-97df-bb1cd8f008d3,False,0.01,2.0,12.41278169999714,20.102447153853433,"x0,x1,x2,x3",4,1.0,1.0,,,,,,,
-29.045364699457814,-4.7030079362590484,-9.13626926241544,45.38142564222623,54.851587976368485,0.0,-0.0944294429440964,20.19687659679753,1034.6078935427463,20.692157870854928,21.064065201071458,990.6721366849238,994.7681819910051,0.0,ackley,value,qnei,exact,gaussian,5.0,0,50,10,d3508510-ee9f-4e28-bd4c-95a699d2e711,False,0.01,2.0,11.56906799999706,20.102447153853433,"x0,x1,x2,x3",4,5.0,5.0,,,,,,,
-2.8081650014941006,0.0,-28.28285184158122,0.0,28.421919339982136,20.0,0.46469501282498904,19.637752141028443,1034.6091045319622,20.692182090639243,20.575566992601384,985.4580567650721,1011.481784072025,0.0,ackley,value,qnei,exact,gaussian,5.0,20,50,10,eebd5b52-e769-41cc-ac45-e29d0c9caae5,False,0.01,2.0,11.817030099991825,20.102447153853433,"x0,x1,x2,x3",4,5.0,5.0,,,,,,,
-2.5763639183200144,1.5122202941068952,0.04179210139287726,0.8677923190970707,3.409690555775156,0.0,6.686590136439234,1.3611310302497444,271.70996765784304,5.434199353156861,1.3611310302497444,220.59118233844913,220.59118233844913,0.0,michalewicz,value,logei,exact,none,0.0,0,50,10,813e9965-470a-40f1-beb2-492bc53ab046,True,0.01,2.0,16.807738100003917,8.047721166688978,"x0,x1,x2,x3,x4",5,0.2,0.5,1.3952484867540926,,,,,,
-0.26082562069830395,-0.4634471142181833,0.03817654461223596,0.06005014998462488,0.5365414253918548,20.0,6.686590136439234,1.3611310302497444,271.70996765784304,5.434199353156861,1.3611310302497444,220.59118233844913,220.59118233844913,0.0,michalewicz,value,logei,exact,none,0.0,20,50,10,813e9965-470a-40f1-beb2-492bc53ab046,True,0.01,2.0,16.807738100003917,8.047721166688978,"x0,x1,x2,x3,x4",5,0.2,0.5,0.0,,,,,,
-2.5763639183200144,1.5122202941068952,0.04179210139287726,0.8677923190970707,3.409690555775156,0.0,2.090969239675604,5.956751927013374,357.77057688719435,7.155411537743887,5.956751927013374,314.1284992048349,314.57905272548516,0.0,michalewicz,value,logei,exact,gaussian,0.05,0,50,10,9da237c6-d194-4913-8dc5-7a291b6f8295,False,0.01,2.0,18.689720900001703,8.047721166688978,"x0,x1,x2,x3,x4",5,0.05,0.05,1.3952484867540926,,,,,,
-0.2607933787490353,-0.4631323578631714,0.03823002408052423,0.060046719152571315,0.5362573174525674,20.0,5.943147567028989,2.1045735996599895,263.96111974900634,5.279222394980127,2.1045735996599895,206.81918595309529,206.81918595309529,0.0,michalewicz,value,logei,exact,gaussian,0.05,20,50,10,e03ecf7a-3129-485f-87c3-dd77d7b42fce,False,0.01,2.0,16.070818899999722,8.047721166688978,"x0,x1,x2,x3,x4",5,0.05,0.05,0.0,,,,,,
-2.5763639183200144,1.5122202941068952,0.04179210139287726,0.8677923190970707,3.409690555775156,0.0,4.881148819977388,3.1665723467115905,307.408544171839,6.14817088343678,3.1665723467115905,237.98514626391548,237.98514626391548,0.0,michalewicz,value,logei,exact,gaussian,0.25,0,50,10,480300a5-e3ac-4647-96d5-0ed612c42b52,False,0.01,2.0,13.805083899991587,8.047721166688978,"x0,x1,x2,x3,x4",5,0.25,0.25,1.3952484867540926,,,,,,
-0.2655829361542854,-0.4955564076627994,0.03238962606434481,0.06018786512870489,0.5663763025915978,20.0,4.737705600801933,3.3100155658870456,297.152095407793,5.94304190815586,3.3100155658870456,241.786030580358,244.37087670289782,0.0,michalewicz,value,logei,exact,gaussian,0.25,20,50,10,c9fe0652-450f-4414-bad4-9cf7ad73bbae,False,0.01,2.0,17.907726700010244,8.047721166688978,"x0,x1,x2,x3,x4",5,0.25,0.25,0.0,,,,,,
-2.5763639183200144,1.5122202941068952,0.04179210139287726,0.8677923190970707,3.409690555775156,0.0,3.2646050246023437,4.783116142086635,345.22705542371415,6.904541108474283,5.682162478649217,276.25989257920384,302.9805395793624,0.0,michalewicz,value,logei,exact,gaussian,1.0,0,50,10,2442ddda-ebe8-4e1e-8960-c64606a3869c,False,0.01,2.0,18.286245499999495,8.047721166688978,"x0,x1,x2,x3,x4",5,1.0,1.0,1.3952484867540926,,,,,,
-0.30424353317407427,-0.6268093120573546,-0.01838458942765664,0.06200668009322219,0.6997405681141153,20.0,5.4447827803832,2.6029383863057785,285.12028766437714,5.702405753287543,4.156909623673884,225.49059646483613,241.18546572810627,0.0,michalewicz,value,logei,exact,gaussian,1.0,20,50,10,34e52774-c238-4691-beca-3b80e28393ae,False,0.01,2.0,15.049901999998838,8.047721166688978,"x0,x1,x2,x3,x4",5,1.0,1.0,0.0,,,,,,
-2.5763639183200144,1.5122202941068952,0.04179210139287726,0.8677923190970707,3.409690555775156,0.0,2.511432158633737,5.536289008055242,403.20810581259224,8.064162116251845,8.500830707496416,318.66300774749607,372.7007628162559,0.0,michalewicz,value,logei,exact,gaussian,5.0,0,50,10,2f2a12be-d07d-42c1-9d6c-db0949c33dcf,False,0.01,2.0,12.200103600000148,8.047721166688978,"x0,x1,x2,x3,x4",5,5.0,5.0,1.3952484867540926,,,,,,
-0.0838448229288602,-0.008354036967763934,0.014535784850557842,0.02928687623303805,0.09038116189971052,20.0,4.376837655090229,3.670883511598749,342.1291989352496,6.842583978704991,6.181622564815553,245.75199369362034,267.8397562793274,0.0,michalewicz,value,logei,exact,gaussian,5.0,20,50,10,8c632fb0-afbf-408b-9a2a-cc2ced5646ea,False,0.01,2.0,15.918704700001399,8.047721166688978,"x0,x1,x2,x3,x4",5,5.0,5.0,0.0,,,,,,
-2.5763639183200144,1.5122202941068952,0.04179210139287726,0.8677923190970707,3.409690555775156,0.0,4.088719370115756,3.9590017965732223,320.0365877447243,6.400731754894485,3.9590017965732223,257.1658700994075,257.1658700994075,0.0,michalewicz,value,qnei,exact,none,0.0,0,50,10,6d1ef937-f88f-4514-b53d-64689be5d7c8,True,0.01,2.0,18.494871200004127,8.047721166688978,"x0,x1,x2,x3,x4",5,0.2,0.5,1.3952484867540926,,,,,,
0.9748018021979721,-0.08747428446720051,-0.005622179423577456,0.325933479817903,1.0316770095700933,20.0,4.088719370115756,3.9590017965732223,320.0365877447243,6.400731754894485,3.9590017965732223,257.1658700994075,257.1658700994075,0.0,michalewicz,value,qnei,exact,none,0.0,20,50,10,6d1ef937-f88f-4514-b53d-64689be5d7c8,True,0.01,2.0,18.494871200004127,8.047721166688978,"x0,x1,x2,x3,x4",5,0.2,0.5,0.014244504075230369,,,,,,
-2.5763639183200144,1.5122202941068952,0.04179210139287726,0.8677923190970707,3.409690555775156,0.0,3.9248912527688606,4.122829913920118,357.74111117631236,7.1548222235262475,4.122829913920118,270.101170396532,270.101170396532,0.0,michalewicz,value,qnei,exact,gaussian,0.05,0,50,10,16daa9ad-b728-4a79-84e1-8135aae57be3,False,0.01,2.0,17.89574249999714,8.047721166688978,"x0,x1,x2,x3,x4",5,0.05,0.05,1.3952484867540926,,,,,,
0.9748733464818526,-0.08738667117091525,-0.005610246706097777,0.3259900520209986,1.0317549306373395,20.0,4.966346320328492,3.081374846360486,310.2014974405568,6.204029948811137,3.081374846360486,243.57036926293222,244.01553676481205,0.0,michalewicz,value,qnei,exact,gaussian,0.05,20,50,10,e2a8c042-17b6-4fb6-a02e-fe66dba93781,False,0.01,2.0,18.980132400000002,8.047721166688978,"x0,x1,x2,x3,x4",5,0.05,0.05,0.014239944896121237,,,,,,
-2.5763639183200144,1.5122202941068952,0.04179210139287726,0.8677923190970707,3.409690555775156,0.0,3.4418321840117327,4.605888982677246,397.9200430721398,7.9584008614427955,4.605888982677246,331.38013588420165,333.18217016157803,0.0,michalewicz,value,qnei,exact,gaussian,0.25,0,50,10,82e4c79b-f501-4905-ac1d-baead5a15ab4,False,0.01,2.0,13.995263000004343,8.047721166688978,"x0,x1,x2,x3,x4",5,0.25,0.25,1.3952484867540926,,,,,,
0.9717838875540141,-0.06913741212188884,-0.0028561709059695684,0.3354445846588352,1.0304483168043002,20.0,4.261886385511704,3.7858347811772743,304.32046166289615,6.086409233257923,3.849114397383743,251.97504440956382,252.58392734434227,0.0,michalewicz,value,qnei,exact,gaussian,0.25,20,50,10,cb550afa-c82a-4810-9a7e-63e93171055a,False,0.01,2.0,18.89069230000314,8.047721166688978,"x0,x1,x2,x3,x4",5,0.25,0.25,0.012190186673221026,,,,,,
-2.5763639183200144,1.5122202941068952,0.04179210139287726,0.8677923190970707,3.409690555775156,0.0,2.5056350900919653,5.542086076597013,387.26452684252945,7.745290536850589,5.542086076597013,297.07125230998855,362.56912951808215,0.0,michalewicz,value,qnei,exact,gaussian,1.0,0,50,10,7f89428e-0816-4c04-a290-8791d3bdc74d,False,0.01,2.0,17.692593100000522,8.047721166688978,"x0,x1,x2,x3,x4",5,1.0,1.0,1.3952484867540926,,,,,,
0.9658979631567417,-0.04628129938564607,0.000610425728813313,0.34062604302152577,1.0252896588461522,20.0,5.2882325182902665,2.7594886483987118,315.3300738395671,6.306601476791342,2.7594886483987118,239.14158299498337,248.14785922604548,0.0,michalewicz,value,qnei,exact,gaussian,1.0,20,50,10,e2f96b0a-62a4-4c50-97a9-6b5756f54cc2,False,0.01,2.0,18.14228629998979,8.047721166688978,"x0,x1,x2,x3,x4",5,1.0,1.0,0.009569578340767881,,,,,,
-2.5763639183200144,1.5122202941068952,0.04179210139287726,0.8677923190970707,3.409690555775156,0.0,1.942862797720988,6.1048583689679905,427.2114473149174,8.544228946298349,8.350065219289798,345.8532063504297,442.15135038913706,0.0,michalewicz,value,qnei,exact,gaussian,5.0,0,50,10,49162a4a-4b48-49af-a5d5-cd5c21ac2a1e,False,0.01,2.0,18.14852129999781,8.047721166688978,"x0,x1,x2,x3,x4",5,5.0,5.0,1.3952484867540926,,,,,,
-0.2334316640007963,0.008599598406576314,-0.008722506828336085,-0.2929040283098434,0.37790855072385793,20.0,3.4382711660739256,4.609450000615053,383.8765778234955,7.67753155646991,7.175810476416676,274.1192062232046,339.6137986692887,0.0,michalewicz,value,qnei,exact,gaussian,5.0,20,50,10,5ae3a19f-4ae1-4779-a392-aff0f17c0570,False,0.01,2.0,18.459840800001984,8.047721166688978,"x0,x1,x2,x3,x4",5,5.0,5.0,-0.0488029295613257,,,,,,
-0.2669652298478442,0.6340659142331321,-0.40293588786955414,0.8076438803713459,1.194384138562719,0.0,7.956625141880347,0.010538821411589794,165.58706948347242,3.3117413896694483,0.010538821411589794,109.04737619472783,109.04737619472783,0.0,hartmann_6,value,logei,exact,none,0.0,0,50,10,30758d4e-c769-412b-bec2-af3c79797df5,True,0.01,2.0,18.850135100001353,7.967163963291937,"x0,x1,x2,x3,x4,x5",6,0.2,0.5,0.31252828994823345,0.20229570845106937,,,,,
0.040102727341628175,0.0,0.017393841409844235,-0.03651339398489026,0.08026298039103288,20.0,7.956625141880347,0.010538821411589794,165.58706948347242,3.3117413896694483,0.010538821411589794,109.04737619472783,109.04737619472783,0.0,hartmann_6,value,logei,exact,none,0.0,20,50,10,30758d4e-c769-412b-bec2-af3c79797df5,True,0.01,2.0,18.850135100001353,7.967163963291937,"x0,x1,x2,x3,x4,x5",6,0.2,0.5,-0.05503303684888078,-0.013019542116274874,,,,,
-0.2669652298478442,0.6340659142331321,-0.40293588786955414,0.8076438803713459,1.194384138562719,0.0,7.927150004376708,0.040013958915229075,164.20338473727494,3.2840676947454988,0.040013958915229075,109.73410392755528,110.00810322897523,0.0,hartmann_6,value,logei,exact,gaussian,0.05,0,50,10,3e05c6e2-fcec-4473-9816-96848041448d,False,0.01,2.0,20.164382999995723,7.967163963291937,"x0,x1,x2,x3,x4,x5",6,0.05,0.05,0.31252828994823345,0.20229570845106937,,,,,
0.04015783560834546,0.0,0.01892906319940757,-0.03654791730312423,0.08064829106378633,20.0,7.929937641092299,0.03722632219963806,166.32072021177822,3.3264144042355643,0.053449938520128804,108.61335767019298,108.81615287419912,0.0,hartmann_6,value,logei,exact,gaussian,0.05,20,50,10,cc2c7f9e-97e7-45e7-9535-d1921ec2406e,False,0.01,2.0,18.92016209999565,7.967163963291937,"x0,x1,x2,x3,x4,x5",6,0.05,0.05,-0.05498710494916542,-0.013185358822140336,,,,,
-0.2669652298478442,0.6340659142331321,-0.40293588786955414,0.8076438803713459,1.194384138562719,0.0,7.798003232055094,0.16916073123684328,175.70189093918302,3.5140378187836605,0.33340510966210246,104.133835201918,106.6762745713803,0.0,hartmann_6,value,logei,exact,gaussian,0.25,0,50,10,68907e82-d1aa-4ecb-b901-c0d09c96f1e3,False,0.01,2.0,18.186455400005798,7.967163963291937,"x0,x1,x2,x3,x4,x5",6,0.25,0.25,0.31252828994823345,0.20229570845106937,,,,,
0.0473018130344528,0.0,-0.016787424823117236,-0.04552382521607112,0.09645151515571602,20.0,7.275388063688696,0.6917758996032415,148.7353751681753,2.974707503363506,0.8000819034416411,120.9039367032019,123.13042195565744,0.0,hartmann_6,value,logei,exact,gaussian,0.25,20,50,10,db9aa6e5-51de-426e-b672-c53fe5969a8b,False,0.01,2.0,17.643691999997827,7.967163963291937,"x0,x1,x2,x3,x4,x5",6,0.25,0.25,-0.0669637127583835,-0.015068448447152383,,,,,
-0.2669652298478442,0.6340659142331321,-0.40293588786955414,0.8076438803713459,1.194384138562719,0.0,6.180251411594065,1.7869125516978723,228.99387452944927,4.579877490588985,2.957263861507732,187.8567114583314,215.83463486783688,0.0,hartmann_6,value,logei,exact,gaussian,1.0,0,50,10,97ea2261-3134-4d7f-bc70-78992fdf0fe3,False,0.01,2.0,15.97177429999283,7.967163963291937,"x0,x1,x2,x3,x4,x5",6,1.0,1.0,0.31252828994823345,0.20229570845106937,,,,,
0.07787759355104606,0.0,-0.18560995975116923,-0.08156448782609033,0.24282702809157486,20.0,6.965395535311917,1.0017684279800205,170.61139262414352,3.41222785248287,1.0017684279800205,132.58147964432126,138.27141338280862,0.0,hartmann_6,value,logei,exact,gaussian,1.0,20,50,10,5a642f82-fee4-42df-9940-bbcb29b33926,False,0.01,2.0,14.756842000002507,7.967163963291937,"x0,x1,x2,x3,x4,x5",6,1.0,1.0,-0.1046495564375009,-0.029063611247671428,,,,,
-0.2669652298478442,0.6340659142331321,-0.40293588786955414,0.8076438803713459,1.194384138562719,0.0,1.3151007595726205,6.652063203719317,427.5153408171699,8.550306816343397,8.620717814930083,331.9769570227289,421.68090782846576,0.0,hartmann_6,value,logei,exact,gaussian,5.0,0,50,10,f9a2af65-fbb3-448e-ae2a-6f32578736bc,False,0.01,2.0,15.534757200002787,7.967163963291937,"x0,x1,x2,x3,x4,x5",6,5.0,5.0,0.31252828994823345,0.20229570845106937,,,,,
-0.0473550409680602,0.0,0.048806532283671156,0.02982996249259412,0.07695907773785272,20.0,6.600126320351766,1.3670376429401712,226.23435388832792,4.524687077766559,3.609673846782359,137.32399733224963,155.60898814382986,0.0,hartmann_6,value,logei,exact,gaussian,5.0,20,50,10,c979fa78-3c86-483a-9e27-1198b7da3590,False,0.01,2.0,14.162744299988844,7.967163963291937,"x0,x1,x2,x3,x4,x5",6,5.0,5.0,0.01566114701916932,-0.012768083620949389,,,,,
-0.2669652298478442,0.6340659142331321,-0.40293588786955414,0.8076438803713459,1.194384138562719,0.0,7.847417807435467,0.11974615585647008,212.30571021964818,4.246114204392963,0.11974615585647008,97.54470550028186,97.54470550028186,0.0,hartmann_6,value,qnei,exact,none,0.0,0,50,10,18ff0bcf-59d1-478c-a07e-131567e40c72,True,0.01,2.0,17.055096100011724,7.967163963291937,"x0,x1,x2,x3,x4,x5",6,0.2,0.5,0.31252828994823345,0.20229570845106937,,,,,
-0.11462932535653464,-0.10328998313091976,-0.013404613965624979,-0.06114645341145683,0.1689495603811526,20.0,7.847417807435467,0.11974615585647008,212.30571021964818,4.246114204392963,0.11974615585647008,97.54470550028186,97.54470550028186,0.0,hartmann_6,value,qnei,exact,none,0.0,20,50,10,18ff0bcf-59d1-478c-a07e-131567e40c72,True,0.01,2.0,17.055096100011724,7.967163963291937,"x0,x1,x2,x3,x4,x5",6,0.2,0.5,-0.028444194654493993,0.0027579804559011434,,,,,
-0.2669652298478442,0.6340659142331321,-0.40293588786955414,0.8076438803713459,1.194384138562719,0.0,7.246890781333593,0.7202731819583441,248.66900646013573,4.973380129202715,0.7202731819583441,133.1294989156635,133.1294989156635,0.0,hartmann_6,value,qnei,exact,gaussian,0.05,0,50,10,f224283a-c7eb-4793-afad-08356ba86127,False,0.01,2.0,17.28362050000578,7.967163963291937,"x0,x1,x2,x3,x4,x5",6,0.05,0.05,0.31252828994823345,0.20229570845106937,,,,,
-0.11444935726408083,-0.10360609862347296,-0.013398684328218335,-0.061114540745212026,0.16900932836731652,20.0,7.883340914529265,0.08382304876267188,204.53216754528574,4.090643350905715,0.08382304876267188,97.01982014286367,97.09508618273634,0.0,hartmann_6,value,qnei,exact,gaussian,0.05,20,50,10,8056c905-5d3d-4760-a1f5-7d3b48a26dcd,False,0.01,2.0,17.807350400005816,7.967163963291937,"x0,x1,x2,x3,x4,x5",6,0.05,0.05,-0.028446186737365847,0.002752572053715596,,,,,
-0.2669652298478442,0.6340659142331321,-0.40293588786955414,0.8076438803713459,1.194384138562719,0.0,7.573322115663398,0.393841847628539,222.29945956805284,4.445989191361057,0.393841847628539,98.57497567969902,105.06437823206085,0.0,hartmann_6,value,qnei,exact,gaussian,0.25,0,50,10,435a9527-c90f-4882-8ee3-ea6de16db71f,False,0.01,2.0,17.09544819999428,7.967163963291937,"x0,x1,x2,x3,x4,x5",6,0.25,0.25,0.31252828994823345,0.20229570845106937,,,,,
-0.05396785841384215,0.01303599642064937,0.004672176127322958,-0.07134139965220165,0.09934004341448509,20.0,7.920192105767754,0.046971857524183314,201.49694307636804,4.029938861527361,0.046971857524183314,96.84066408803136,96.9956952610535,0.0,hartmann_6,value,qnei,exact,gaussian,0.25,20,50,10,57122a2c-3253-4128-9c91-9777a855e620,False,0.01,2.0,19.39765410000109,7.967163963291937,"x0,x1,x2,x3,x4,x5",6,0.25,0.25,-0.04064066255979029,-0.004784275675320249,,,,,
-0.2669652298478442,0.6340659142331321,-0.40293588786955414,0.8076438803713459,1.194384138562719,0.0,7.45948940242465,0.5076745608672875,199.1169013377517,3.982338026755034,0.6360823558669546,139.28056640584182,161.2160425483222,0.0,hartmann_6,value,qnei,exact,gaussian,1.0,0,50,10,acedad3d-b13c-439e-b99d-1c740f859295,False,0.01,2.0,18.232187499990687,7.967163963291937,"x0,x1,x2,x3,x4,x5",6,1.0,1.0,0.31252828994823345,0.20229570845106937,,,,,
-0.014438457594162069,0.008807150790069634,0.008589868181502203,-0.07185406002118278,0.08610653989680063,20.0,7.899320850522633,0.06784311276930399,164.7580113882147,3.2951602277642937,0.3817528586895955,101.32487304130586,113.01740980938173,0.0,hartmann_6,value,qnei,exact,gaussian,1.0,20,50,10,8a4b0bd9-1728-4e6f-93a7-97bd830c4048,False,0.01,2.0,18.41782940000121,7.967163963291937,"x0,x1,x2,x3,x4,x5",6,1.0,1.0,-0.04145155278493051,-0.013163519479101216,,,,,
-0.2669652298478442,0.6340659142331321,-0.40293588786955414,0.8076438803713459,1.194384138562719,0.0,1.3151007595726205,6.652063203719317,424.22887207466954,8.484577441493391,8.521021060127758,331.9769570227289,419.9278592336061,0.0,hartmann_6,value,qnei,exact,gaussian,5.0,0,50,10,94d4652f-dd02-4e5c-85d3-87c2cc1e59bf,False,0.01,2.0,16.799279200000456,7.967163963291937,"x0,x1,x2,x3,x4,x5",6,5.0,5.0,0.31252828994823345,0.20229570845106937,,,,,
-0.07041185199568885,0.04720007021310468,0.09391872797729262,-0.041032499417755164,0.134722550623759,20.0,7.447593931039083,0.5195700322528545,249.74487904017417,4.9948975808034835,1.1589771757773049,106.80564706339727,116.07705064450182,0.0,hartmann_6,value,qnei,exact,gaussian,5.0,20,50,10,245ba737-c9b8-4c60-a55b-3c2c96e1e53c,False,0.01,2.0,21.816617299991776,7.967163963291937,"x0,x1,x2,x3,x4,x5",6,5.0,5.0,-0.013741202575002637,0.016470458264373877,,,,,
-4.431970931924105,-0.7176220605864025,-1.3940840549339955,6.924656012302586,8.369688106745679,0.0,12.999424854007113,43.77464918401127,2545.756262486028,50.91512524972056,43.77464918401127,2411.5644754151676,2411.5644754151676,0.0,shekel,value,logei,exact,none,0.0,0,50,10,65c01325-43c6-4e5b-9768-32cc5dc755b3,True,0.01,2.0,13.44872219998797,56.774074038018384,"x0,x1,x2,x3",4,0.2,0.5,,,,,,,
0.6999004358012657,-0.24302090803017418,0.09644101284602957,-0.10234153146727554,0.7541183194939952,20.0,12.999424854007113,43.77464918401127,2545.756262486028,50.91512524972056,43.77464918401127,2411.5644754151676,2411.5644754151676,0.0,shekel,value,logei,exact,none,0.0,20,50,10,65c01325-43c6-4e5b-9768-32cc5dc755b3,True,0.01,2.0,13.44872219998797,56.774074038018384,"x0,x1,x2,x3",4,0.2,0.5,,,,,,,
-4.431970931924105,-0.7176220605864025,-1.3940840549339955,6.924656012302586,8.369688106745679,0.0,13.709442888452475,43.06463114956591,2556.820725017738,51.13641450035476,43.06463114956591,2398.395929067703,2398.5428389367207,0.0,shekel,value,logei,exact,gaussian,0.05,0,50,10,eb6a10ec-f9a9-47a9-88df-b14d175a0220,False,0.01,2.0,16.540084299995215,56.774074038018384,"x0,x1,x2,x3",4,0.05,0.05,,,,,,,
0.6999612878994164,-0.24302073277941272,0.09625246295951895,-0.10245364009018676,0.7541658744016169,20.0,12.613583776833178,44.1604902611852,2561.2349274614057,51.224698549228115,44.1604902611852,2394.275822268033,2394.275822268033,0.0,shekel,value,logei,exact,gaussian,0.05,20,50,10,1b296451-4edd-4d7d-a381-3c86d8477ccb,False,0.01,2.0,14.32783880000352,56.774074038018384,"x0,x1,x2,x3",4,0.05,0.05,,,,,,,
-4.431970931924105,-0.7176220605864025,-1.3940840549339955,6.924656012302586,8.369688106745679,0.0,8.268376551405531,48.50569748661285,2661.8890238361887,53.23778047672377,48.50569748661285,2514.3865893335774,2521.957191292215,0.0,shekel,value,logei,exact,gaussian,0.25,0,50,10,cd12a8e2-efcc-4080-b3f7-cfb6204f318d,False,0.01,2.0,14.945464599994011,56.774074038018384,"x0,x1,x2,x3",4,0.25,0.25,,,,,,,
0.6857931373139912,-0.23869932027671936,0.11457050654575163,-0.09065864313578142,0.7406989828755712,20.0,13.035505988509062,43.738568049509325,2575.53261644223,51.5106523288446,43.738568049509325,2386.012796591335,2386.5241929661406,0.0,shekel,value,logei,exact,gaussian,0.25,20,50,10,c2a1e3fb-bf79-4333-8b14-9e03d39ca490,False,0.01,2.0,14.611419900000328,56.774074038018384,"x0,x1,x2,x3",4,0.25,0.25,,,,,,,
-4.431970931924105,-0.7176220605864025,-1.3940840549339955,6.924656012302586,8.369688106745679,0.0,5.428812389210636,51.34526164880775,2722.0994606915947,54.441989213831896,51.34526164880775,2592.291487403728,2652.7219115570283,0.0,shekel,value,logei,exact,gaussian,1.0,0,50,10,f7866f9d-df4f-406d-a117-8905bbdbb522,False,0.01,2.0,14.636130600003526,56.774074038018384,"x0,x1,x2,x3",4,1.0,1.0,,,,,,,
-0.0038079989858408325,2.1572079028168707,0.15339543915384768,0.08863073405218991,2.16447360912617,20.0,13.387570083756604,43.386503954261784,2487.1523118932887,49.74304623786578,43.915106592678406,2380.9948652409,2385.370691247126,0.0,shekel,value,logei,exact,gaussian,1.0,20,50,10,a4024b15-b6c0-4fab-9e79-6291b333c6cb,False,0.01,2.0,16.06461539999873,56.774074038018384,"x0,x1,x2,x3",4,1.0,1.0,,,,,,,
-4.431970931924105,-0.7176220605864025,-1.3940840549339955,6.924656012302586,8.369688106745679,0.0,1.1910974302296817,55.5829766077887,2826.274367147597,56.52548734295194,57.12348734278547,2728.1878957624717,2749.195980806024,0.0,shekel,value,logei,exact,gaussian,5.0,0,50,10,d43ba2e8-e2c3-43eb-a9d5-97780e0b4960,False,0.01,2.0,17.798090299998876,56.774074038018384,"x0,x1,x2,x3",4,5.0,5.0,,,,,,,
0.2377107237716798,-0.06971926760273117,-0.13670565938243273,-0.06062403890212931,0.28936287922107373,20.0,8.523556032231758,48.250518005786624,2648.1527267770425,52.96305453554085,52.308985718378686,2501.6008696639506,2543.6615206803153,0.0,shekel,value,logei,exact,gaussian,5.0,20,50,10,75e3a5f9-0537-4783-9cbb-741a808ee048,False,0.01,2.0,13.267645100000664,56.774074038018384,"x0,x1,x2,x3",4,5.0,5.0,,,,,,,
-4.431970931924105,-0.7176220605864025,-1.3940840549339955,6.924656012302586,8.369688106745679,0.0,13.460921605640594,43.31315243237779,2612.342847755567,52.24685695511134,43.31315243237779,2396.74625873367,2396.74625873367,0.0,shekel,value,qnei,exact,none,0.0,0,50,10,73f7ff4b-bfaf-4ed2-8237-d41d814c1a7f,True,0.01,2.0,13.866984599997522,56.774074038018384,"x0,x1,x2,x3",4,0.2,0.5,,,,,,,
0.5738797584152995,0.5192719913779111,0.029023335188279376,-0.015520562467494337,0.7746383801446598,20.0,13.460921605640594,43.31315243237779,2612.342847755567,52.24685695511134,43.31315243237779,2396.74625873367,2396.74625873367,0.0,shekel,value,qnei,exact,none,0.0,20,50,10,73f7ff4b-bfaf-4ed2-8237-d41d814c1a7f,True,0.01,2.0,13.866984599997522,56.774074038018384,"x0,x1,x2,x3",4,0.2,0.5,,,,,,,
-4.431970931924105,-0.7176220605864025,-1.3940840549339955,6.924656012302586,8.369688106745679,0.0,13.612518482149822,43.16155555586856,2603.0801924317984,52.06160384863597,43.16155555586856,2343.027335916241,2343.510680809143,0.0,shekel,value,qnei,exact,gaussian,0.05,0,50,10,41b4c19f-2260-410a-8cbc-df4367cf0f8e,False,0.01,2.0,14.39647479999985,56.774074038018384,"x0,x1,x2,x3",4,0.05,0.05,,,,,,,
0.5739105787093803,0.5193001778396811,0.02899206898335782,-0.015510528011556168,0.7746787357363007,20.0,13.571306049655213,43.20276798836317,2610.3285104953334,52.206570209906666,43.20276798836317,2402.164895007847,2402.164895007847,0.0,shekel,value,qnei,exact,gaussian,0.05,20,50,10,d12c8ea6-acb0-4d91-a0c7-f01280d4e557,False,0.01,2.0,13.807107799992082,56.774074038018384,"x0,x1,x2,x3",4,0.05,0.05,,,,,,,
-4.431970931924105,-0.7176220605864025,-1.3940840549339955,6.924656012302586,8.369688106745679,0.0,13.607102679704337,43.16697135831404,2593.450692767514,51.869013855350275,43.16697135831404,2465.7686374278583,2466.0524261122455,0.0,shekel,value,qnei,exact,gaussian,0.25,0,50,10,f759820d-87b9-4c06-b655-43eabc9a7116,False,0.01,2.0,16.2366949999996,56.774074038018384,"x0,x1,x2,x3",4,0.25,0.25,,,,,,,
0.5798494220111838,0.5013939722723508,0.02636407738850366,-0.008986939079260736,0.7670704643566405,20.0,13.621638727723502,43.152435310294884,2579.8218773252634,51.596437546505264,43.152435310294884,2388.334461805678,2388.334461805678,0.0,shekel,value,qnei,exact,gaussian,0.25,20,50,10,7b5b63ed-a752-4d6e-91eb-44070d9cfda5,False,0.01,2.0,14.468717199997627,56.774074038018384,"x0,x1,x2,x3",4,0.25,0.25,,,,,,,
-4.431970931924105,-0.7176220605864025,-1.3940840549339955,6.924656012302586,8.369688106745679,0.0,7.685146957206957,49.08892708081143,2743.994947771292,54.879898955425844,49.08892708081143,2630.041517383918,2656.451608228807,0.0,shekel,value,qnei,exact,gaussian,1.0,0,50,10,e39b6596-b224-4361-8d7d-f3bf16d2ee8f,False,0.01,2.0,12.42544399999315,56.774074038018384,"x0,x1,x2,x3",4,1.0,1.0,,,,,,,
0.588487333888218,0.45900319302869974,0.028755461371484436,0.0029362777672607976,0.7468847110787702,20.0,12.586590997814074,44.18748304020431,2599.610283660799,51.99220567321598,44.18748304020431,2422.624743387512,2424.0974543435436,0.0,shekel,value,qnei,exact,gaussian,1.0,20,50,10,5b9e4f4b-d2c4-4fa3-ba76-99276d4e2d27,False,0.01,2.0,13.202980999994907,56.774074038018384,"x0,x1,x2,x3",4,1.0,1.0,,,,,,,
-4.431970931924105,-0.7176220605864025,-1.3940840549339955,6.924656012302586,8.369688106745679,0.0,0.9169438576862018,55.857130180332184,2863.4312478220813,57.26862495644163,57.38580922231444,2737.7052799773983,2768.3996876065958,0.0,shekel,value,qnei,exact,gaussian,5.0,0,50,10,209a6970-4d78-4588-95a0-f880dc402e74,False,0.01,2.0,11.204230699993786,56.774074038018384,"x0,x1,x2,x3",4,5.0,5.0,,,,,,,
-0.3998177934244991,0.34612475111773744,-0.26222266113169956,-0.09662215746663438,0.5981247165931604,20.0,4.268209560434735,52.50586447758365,2789.136328486624,55.782726569732475,54.56856306537722,2613.0087011809846,2691.4014689006126,0.0,shekel,value,qnei,exact,gaussian,5.0,20,50,10,6969f365-d5c6-4b3e-a005-58b6cb600d43,False,0.01,2.0,14.649628300001496,56.774074038018384,"x0,x1,x2,x3",4,5.0,5.0,,,,,,,
-6.647956397886158,-1.076433090879604,-2.0911260824009954,10.38698401845388,12.55453216011852,0.0,1.0225214200797583,0.003101830491665458,17.889510269289357,0.35779020538578715,0.003101830491665458,2.8349030411214136,2.8349030411214136,0.0,rosenbrock,value,logei,exact,none,0.0,0,50,10,7fdbbb21-67ed-4d3d-a435-39721298e2d2,True,0.01,2.0,10.80877689999761,1.0256232505714238,"x0,x1,x2,x3",4,0.2,0.5,,,,,,,
1.9497711366695947,3.5800041673784104,3.64893942367693,1.8685725777293571,5.781380433749581,20.0,1.0225214200797583,0.003101830491665458,17.889510269289357,0.35779020538578715,0.003101830491665458,2.8349030411214136,2.8349030411214136,0.0,rosenbrock,value,logei,exact,none,0.0,20,50,10,7fdbbb21-67ed-4d3d-a435-39721298e2d2,True,0.01,2.0,10.80877689999761,1.0256232505714238,"x0,x1,x2,x3",4,0.2,0.5,,,,,,,
-6.647956397886158,-1.076433090879604,-2.0911260824009954,10.38698401845388,12.55453216011852,0.0,1.023105425281712,0.0025178252897117837,22.262431176990514,0.44524862353981026,0.017389573979134987,2.886558071141035,3.0439127882420296,0.0,rosenbrock,value,logei,exact,gaussian,0.05,0,50,10,f27346b3-11c1-4e3d-945a-34d38f9a0c3c,False,0.01,2.0,11.992290700000012,1.0256232505714238,"x0,x1,x2,x3",4,0.05,0.05,,,,,,,
1.9494851682794807,3.57601626228635,3.6493751286555676,1.8676193110683927,5.778782350132555,20.0,1.0236681499907903,0.0019551005806335287,21.131141331533,0.42262282663066003,0.020534423446803673,2.8278556822371623,3.174029549402161,0.0,rosenbrock,value,logei,exact,gaussian,0.05,20,50,10,dff5e469-6f85-4c44-aa80-4db6f3ffca9e,False,0.01,2.0,9.969394900006591,1.0256232505714238,"x0,x1,x2,x3",4,0.05,0.05,,,,,,,
-6.647956397886158,-1.076433090879604,-2.0911260824009954,10.38698401845388,12.55453216011852,0.0,1.0207336198878862,0.004889630683537538,32.6806885181776,0.653613770363552,0.037001611474696605,3.34606583602781,8.473637583958318,0.0,rosenbrock,value,logei,exact,gaussian,0.25,0,50,10,570ebe8e-0729-4c7e-bf3f-95419cb7c5a6,False,0.01,2.0,10.838173400014057,1.0256232505714238,"x0,x1,x2,x3",4,0.25,0.25,,,,,,,
1.9693257400753532,3.804768769507908,3.5354629854999766,1.6006102341461261,5.780654020389024,20.0,1.0225241935166611,0.003099057054762655,17.90648343812194,0.3581296687624388,0.00901261788362917,2.8586432348159265,3.2494641082409954,0.0,rosenbrock,value,logei,exact,gaussian,0.25,20,50,10,33b06e79-0084-42b2-85ff-e61b6c99e685,False,0.01,2.0,10.66945410000335,1.0256232505714238,"x0,x1,x2,x3",4,0.25,0.25,,,,,,,
-6.647956397886158,-1.076433090879604,-2.0911260824009954,10.38698401845388,12.55453216011852,0.0,1.012120380825885,0.013502869745538826,23.247259333270062,0.46494518666540124,0.45494423609786816,4.907144182119842,11.23664144874484,0.0,rosenbrock,value,logei,exact,gaussian,1.0,0,50,10,5ac486c6-4556-4aa3-859e-e5d5cdeb956a,False,0.01,2.0,11.74506790000305,1.0256232505714238,"x0,x1,x2,x3",4,1.0,1.0,,,,,,,
0.6033683856496078,4.252227680029372,0.3091596133109098,0.9688031548151255,4.413575973164128,20.0,1.0168004506885397,0.008822799882884036,19.312595219402425,0.3862519043880485,0.14548912048887752,2.9807877605974866,6.111979953402708,0.0,rosenbrock,value,logei,exact,gaussian,1.0,20,50,10,33ff8452-ed55-4988-bd58-00792f9c2580,False,0.01,2.0,10.01707100000931,1.0256232505714238,"x0,x1,x2,x3",4,1.0,1.0,,,,,,,
-6.647956397886158,-1.076433090879604,-2.0911260824009954,10.38698401845388,12.55453216011852,0.0,0.9467130747137673,0.07891017585765647,76.4537443937745,1.52907488787549,0.274164488518451,7.638195258557886,70.05129415548652,0.0,rosenbrock,value,logei,exact,gaussian,5.0,0,50,10,d4637973-83da-4970-b199-9e574aa5a7a6,False,0.01,2.0,15.142231400008313,1.0256232505714238,"x0,x1,x2,x3",4,5.0,5.0,,,,,,,
-1.5430110749744628,0.08505940182417415,-0.9495502081977172,0.6604962030990356,1.930289903493541,20.0,1.019489590044131,0.006133660527292806,20.581470322462675,0.4116294064492535,0.13249217265347113,2.9095255676743195,6.2689828493269015,0.0,rosenbrock,value,logei,exact,gaussian,5.0,20,50,10,95568168-63c2-47ca-abf8-814c9e955023,False,0.01,2.0,9.674469600009616,1.0256232505714238,"x0,x1,x2,x3",4,5.0,5.0,,,,,,,
-6.647956397886158,-1.076433090879604,-2.0911260824009954,10.38698401845388,12.55453216011852,0.0,1.0224396665506819,0.0031835840207419253,24.173364271619214,0.48346728543238426,0.0031835840207419253,2.6913203320237207,2.6913203320237207,0.0,rosenbrock,value,qnei,exact,none,0.0,0,50,10,4a6f413c-faff-4213-9da7-77a5b2bdcef8,True,0.01,2.0,12.996533400000772,1.0256232505714238,"x0,x1,x2,x3",4,0.2,0.5,,,,,,,
4.963695458471396,2.4805468879109847,1.4848043864971059,0.0,5.744217051412271,20.0,1.0224396665506819,0.0031835840207419253,24.173364271619214,0.48346728543238426,0.0031835840207419253,2.6913203320237207,2.6913203320237207,0.0,rosenbrock,value,qnei,exact,none,0.0,20,50,10,4a6f413c-faff-4213-9da7-77a5b2bdcef8,True,0.01,2.0,12.996533400000772,1.0256232505714238,"x0,x1,x2,x3",4,0.2,0.5,,,,,,,
-6.647956397886158,-1.076433090879604,-2.0911260824009954,10.38698401845388,12.55453216011852,0.0,1.0233630720701279,0.0022601785012958953,24.380165874308414,0.48760331748616825,0.029232511152446072,3.34911063473775,4.525319801168027,0.0,rosenbrock,value,qnei,exact,gaussian,0.05,0,50,10,4d9c1843-8dc0-45c6-b2b7-620de89c5226,False,0.01,2.0,12.059496799993212,1.0256232505714238,"x0,x1,x2,x3",4,0.05,0.05,,,,,,,
4.967108776296672,2.4823821109518445,1.4934669948399115,0.0,5.750202970766624,20.0,1.0224396665506819,0.0031835840207419253,20.559915541223543,0.41119831082447084,0.009720364392906689,2.6913203320237207,3.2836868975895324,0.0,rosenbrock,value,qnei,exact,gaussian,0.05,20,50,10,9d975ad8-393a-42eb-8ab5-cec6445809a3,False,0.01,2.0,12.513505299997632,1.0256232505714238,"x0,x1,x2,x3",4,0.05,0.05,,,,,,,
-6.647956397886158,-1.076433090879604,-2.0911260824009954,10.38698401845388,12.55453216011852,0.0,1.0235783082837528,0.0020449422876709367,32.674128931257755,0.6534825786251551,0.021795723473367667,2.9639121227170646,8.54286009581941,0.0,rosenbrock,value,qnei,exact,gaussian,0.25,0,50,10,754cdb37-108e-4a5a-8759-c1561a16a479,False,0.01,2.0,13.021246300006169,1.0256232505714238,"x0,x1,x2,x3",4,0.25,0.25,,,,,,,
4.876648051876763,2.7021886762772565,1.2442000576987557,0.0,5.7124034913206225,20.0,1.0224396665506819,0.0031835840207419253,26.569434092942803,0.531388681858856,0.0470655993266047,2.6913203320237207,4.233157401130976,0.0,rosenbrock,value,qnei,exact,gaussian,0.25,20,50,10,07d23643-e1b3-4a59-884e-fdd4bcdb766b,False,0.01,2.0,12.83066669999971,1.0256232505714238,"x0,x1,x2,x3",4,0.25,0.25,,,,,,,
-6.647956397886158,-1.076433090879604,-2.0911260824009954,10.38698401845388,12.55453216011852,0.0,1.0205438157580005,0.0050794348134233225,33.48286254953953,0.6696572509907907,0.057879088896792275,2.9034132362467857,17.826773177493653,0.0,rosenbrock,value,qnei,exact,gaussian,1.0,0,50,10,b4071fc9-f27c-4fb6-a9af-08af6ce3430b,False,0.01,2.0,11.8839724999998,1.0256232505714238,"x0,x1,x2,x3",4,1.0,1.0,,,,,,,
4.727090242735509,2.8658418493150126,0.7507565493475594,0.0,5.578715538960451,20.0,1.0224396665506819,0.0031835840207419253,22.244614042752737,0.4448922808550547,0.18909270753642082,2.6913203320237207,6.726980090461698,0.0,rosenbrock,value,qnei,exact,gaussian,1.0,20,50,10,1851d4a8-b500-499b-b746-6d04bcb019f3,False,0.01,2.0,12.320331299997633,1.0256232505714238,"x0,x1,x2,x3",4,1.0,1.0,,,,,,,
-6.647956397886158,-1.076433090879604,-2.0911260824009954,10.38698401845388,12.55453216011852,0.0,0.9322254741123875,0.09339777645903624,126.256907875038,2.52513815750076,3.9553766223074938,6.751584357432572,178.48615602325958,0.0,rosenbrock,value,qnei,exact,gaussian,5.0,0,50,10,6305a5fa-abe8-4c04-a46b-3e66236605b3,False,0.01,2.0,11.178530100005446,1.0256232505714238,"x0,x1,x2,x3",4,5.0,5.0,,,,,,,
-3.242427533308584,-2.587785161574275,-0.482834684896452,0.0,4.176493467510831,20.0,1.0224396665506819,0.0031835840207419253,89.87685863244717,1.7975371726489433,0.014617392703308862,2.6913203320237207,70.1940859350553,0.0,rosenbrock,value,qnei,exact,gaussian,5.0,20,50,10,70ebb62b-eca9-48be-87cf-98aba02dae05,False,0.01,2.0,11.846422400005395,1.0256232505714238,"x0,x1,x2,x3",4,5.0,5.0,,,,,,,
-0.4431970931924105,-0.07176220605864025,-0.1394084054933996,0.6924656012302587,0.836968810674568,0.0,3.0593887562558817,0.0,40.956503994103436,0.8191300798820688,0.0,9.514622536368876,9.514622536368876,0.0,stevens,value,logei,exact,none,0.0,0,50,10,3668570b-c45f-46b0-bf5d-303ca745f0a1,True,0.01,2.0,9.179005800004234,3.0593887562558817,"x0,x1,x2,x3",4,0.2,0.5,,,,,,,
0.0,0.0,0.0,-0.08199672933295321,0.08199672933295321,20.0,3.0593887562558817,0.0,40.956503994103436,0.8191300798820688,0.0,9.514622536368876,9.514622536368876,0.0,stevens,value,logei,exact,none,0.0,20,50,10,3668570b-c45f-46b0-bf5d-303ca745f0a1,True,0.01,2.0,9.179005800004234,3.0593887562558817,"x0,x1,x2,x3",4,0.2,0.5,,,,,,,
-0.4431970931924105,-0.07176220605864025,-0.1394084054933996,0.6924656012302587,0.836968810674568,0.0,3.0593887562558817,0.0,37.259194668360934,0.7451838933672187,0.0,9.654002110604349,9.654002110604349,0.0,stevens,value,logei,exact,gaussian,0.05,0,50,10,e5dc1b0e-0100-4e65-9e7e-ecb2819e8af8,False,0.01,2.0,9.633248900005128,3.0593887562558817,"x0,x1,x2,x3",4,0.05,0.05,,,,,,,
0.0,0.0,0.0,-0.08188231804744894,0.08188231804744894,20.0,3.0593887562558817,0.0,40.393322592567934,0.8078664518513586,0.0,9.514622536368876,9.514622536368876,0.0,stevens,value,logei,exact,gaussian,0.05,20,50,10,d137c02c-d267-49d8-abf1-18233c73ce19,False,0.01,2.0,9.064641699995263,3.0593887562558817,"x0,x1,x2,x3",4,0.05,0.05,,,,,,,
-0.4431970931924105,-0.07176220605864025,-0.1394084054933996,0.6924656012302587,0.836968810674568,0.0,3.0593887562558817,0.0,15.449656436173893,0.30899312872347784,0.0,10.191872612103019,13.005927043872958,0.0,stevens,value,logei,exact,gaussian,0.25,0,50,10,7555a310-e551-4738-b5c4-8fb6f739faf0,False,0.01,2.0,8.517704900004901,3.0593887562558817,"x0,x1,x2,x3",4,0.25,0.25,,,,,,,
0.0,0.0,0.0,0.0,0.0,20.0,3.0593887562558817,0.0,23.469959140266074,0.46939918280532145,0.06797218658776316,9.514622536368876,9.956441749189334,0.0,stevens,value,logei,exact,gaussian,0.25,20,50,10,33e81bac-5dec-4f13-a2e1-6d9d64117d0b,False,0.01,2.0,8.534809999997378,3.0593887562558817,"x0,x1,x2,x3",4,0.25,0.25,,,,,,,
-0.4431970931924105,-0.07176220605864025,-0.1394084054933996,0.6924656012302587,0.836968810674568,0.0,2.4880611544946754,0.5713276017612063,67.19510007093201,1.3439020014186402,0.6730193578563983,38.88187058770263,62.93718703412646,0.0,stevens,value,logei,exact,gaussian,1.0,0,50,10,4036c4c8-5a5d-49db-902f-7b671d77422c,False,0.01,2.0,13.704580699995859,3.0593887562558817,"x0,x1,x2,x3",4,1.0,1.0,,,,,,,
0.0,0.0,0.0,0.0,0.0,20.0,3.0593887562558817,0.0,23.469959140266074,0.46939918280532145,0.0,9.514622536368876,9.6505669095444,0.0,stevens,value,logei,exact,gaussian,1.0,20,50,10,f1828760-5bc0-4944-9ec7-b2de70ca1e6c,False,0.01,2.0,8.239844299998367,3.0593887562558817,"x0,x1,x2,x3",4,1.0,1.0,,,,,,,
-0.4431970931924105,-0.07176220605864025,-0.1394084054933996,0.6924656012302587,0.836968810674568,0.0,1.826720419953148,1.2326683363027338,136.5270887297423,2.730541774594846,2.7534181538891107,63.59080351048881,142.3200219096184,0.0,stevens,value,logei,exact,gaussian,5.0,0,50,10,da990780-1c63-479b-abad-946fbbe031ab,False,0.01,2.0,15.547444399999222,3.0593887562558817,"x0,x1,x2,x3",4,5.0,5.0,,,,,,,
0.0,0.0,0.0,0.0,0.0,20.0,3.0593887562558817,0.0,25.376369299613323,0.5075273859922664,0.0,9.514622536368876,9.514622536368876,0.0,stevens,value,logei,exact,gaussian,5.0,20,50,10,812d0a11-5124-41e9-b877-0b4e9bc5d557,False,0.01,2.0,7.229334400006337,3.0593887562558817,"x0,x1,x2,x3",4,5.0,5.0,,,,,,,
-0.4431970931924105,-0.07176220605864025,-0.1394084054933996,0.6924656012302587,0.836968810674568,0.0,3.0593887562558817,0.0,117.14866927992288,2.342973385598458,0.0,9.470730479723484,9.470730479723484,0.0,stevens,value,qnei,exact,none,0.0,0,50,10,4b16ced8-2bdb-4df0-b869-7b62439fd8d4,True,0.01,2.0,8.473819899998489,3.0593887562558817,"x0,x1,x2,x3",4,0.2,0.5,,,,,,,
0.5287023578142455,-0.24223318754298295,-0.3067163889148651,0.22135679244633366,0.6937412147888291,20.0,3.0593887562558817,0.0,117.14866927992288,2.342973385598458,0.0,9.470730479723484,9.470730479723484,0.0,stevens,value,qnei,exact,none,0.0,20,50,10,4b16ced8-2bdb-4df0-b869-7b62439fd8d4,True,0.01,2.0,8.473819899998489,3.0593887562558817,"x0,x1,x2,x3",4,0.2,0.5,,,,,,,
-0.4431970931924105,-0.07176220605864025,-0.1394084054933996,0.6924656012302587,0.836968810674568,0.0,3.0593887562558817,0.0,119.66904106784581,2.3933808213569163,0.0,9.631021094082486,9.631021094082486,0.0,stevens,value,qnei,exact,gaussian,0.05,0,50,10,f6e23e42-ce5b-46bd-80c9-89d3abfd61f0,False,0.01,2.0,9.15704829999595,3.0593887562558817,"x0,x1,x2,x3",4,0.05,0.05,,,,,,,
0.5287023578142455,-0.24223318754298295,-0.3067163889148651,0.22135679244633366,0.6937412147888291,20.0,3.0593887562558817,0.0,117.14866927992288,2.342973385598458,0.0,9.470730479723484,9.558893816002431,0.0,stevens,value,qnei,exact,gaussian,0.05,20,50,10,1dc6611b-9f72-4a46-b989-6a3185dc9fec,False,0.01,2.0,9.248353599992697,3.0593887562558817,"x0,x1,x2,x3",4,0.05,0.05,,,,,,,
-0.4431970931924105,-0.07176220605864025,-0.1394084054933996,0.6924656012302587,0.836968810674568,0.0,3.0593887562558817,0.0,97.31426377463204,1.9462852754926407,0.0,12.861007165131152,14.51036341617775,0.0,stevens,value,qnei,exact,gaussian,0.25,0,50,10,ee92138b-e62c-46f7-a21a-d4e36b6ff7cb,False,0.01,2.0,9.342308000006597,3.0593887562558817,"x0,x1,x2,x3",4,0.25,0.25,,,,,,,
0.5287023578142455,-0.24223318754298295,-0.3067163889148651,0.22135679244633366,0.6937412147888291,20.0,3.0593887562558817,0.0,117.14866927992288,2.342973385598458,0.02938777875964904,9.470730479723484,9.632363262901553,0.0,stevens,value,qnei,exact,gaussian,0.25,20,50,10,ed985a48-6075-4a6e-a47c-a9efdd955540,False,0.01,2.0,9.06990190000215,3.0593887562558817,"x0,x1,x2,x3",4,0.25,0.25,,,,,,,
-0.4431970931924105,-0.07176220605864025,-0.1394084054933996,0.6924656012302587,0.836968810674568,0.0,3.0249651705403453,0.03442358571553639,70.16790755564877,1.4033581511129753,0.689613873497096,20.68041612549042,42.307670766125966,0.0,stevens,value,qnei,exact,gaussian,1.0,0,50,10,224f5789-765b-44ff-abaa-6d0c209ab2e9,False,0.01,2.0,10.35657610000635,3.0593887562558817,"x0,x1,x2,x3",4,1.0,1.0,,,,,,,
0.5287023578142455,-0.24223318754298295,-0.3067163889148651,0.22135679244633366,0.6937412147888291,20.0,3.0593887562558817,0.0,106.29765219556673,2.1259530439113346,0.1886116469802852,9.470730479723484,15.854682373540921,0.0,stevens,value,qnei,exact,gaussian,1.0,20,50,10,90ee73ec-beec-407d-90c7-db18743c9815,False,0.01,2.0,8.331693599990103,3.0593887562558817,"x0,x1,x2,x3",4,1.0,1.0,,,,,,,
-0.4431970931924105,-0.07176220605864025,-0.1394084054933996,0.6924656012302587,0.836968810674568,0.0,3.0593887562558817,0.0,138.373978153943,2.76747956307886,3.9216312792629067,29.94976591244262,165.63138396024857,0.0,stevens,value,qnei,exact,gaussian,5.0,0,50,10,75ec3ae5-832c-472d-97a6-7ef3ea071388,False,0.01,2.0,11.319413899997016,3.0593887562558817,"x0,x1,x2,x3",4,5.0,5.0,,,,,,,
-0.13049626899085776,0.02640729704422784,0.24695939468237438,0.0562916859494248,0.28615436059342136,20.0,3.0593887562558817,0.0,127.10403987925136,2.5420807975850273,2.1745603496388095,9.470730479723484,75.85042837675307,0.0,stevens,value,qnei,exact,gaussian,5.0,20,50,10,962b763a-e514-4782-bcf6-653e3e53a82e,False,0.01,2.0,12.06022730001132,3.0593887562558817,"x0,x1,x2,x3",4,5.0,5.0,,,,,,,
-4.431970931924105,-0.7176220605864025,-1.3940840549339955,6.924656012302586,8.369688106745679,0.0,5.402837764670362,0.0,108.5352744746627,2.170705489493254,0.0,31.111071881090396,31.111071881090396,0.0,hicks_law,value,logei,exact,none,0.0,0,50,10,bc9935b6-58e1-4bcf-9593-82bd674fc7b1,True,0.01,2.0,10.546900400004233,5.402837764670362,"x0,x1,x2,x3",4,0.2,0.5,,,,,,,
0.0,0.0,0.0,0.0,0.0,20.0,5.402837764670362,0.0,108.5352744746627,2.170705489493254,0.0,31.111071881090396,31.111071881090396,0.0,hicks_law,value,logei,exact,none,0.0,20,50,10,bc9935b6-58e1-4bcf-9593-82bd674fc7b1,True,0.01,2.0,10.546900400004233,5.402837764670362,"x0,x1,x2,x3",4,0.2,0.5,,,,,,,
-4.431970931924105,-0.7176220605864025,-1.3940840549339955,6.924656012302586,8.369688106745679,0.0,5.402837764670362,0.0,60.7343538284358,1.214687076568716,0.0,30.5261023039922,30.5261023039922,0.0,hicks_law,value,logei,exact,gaussian,0.05,0,50,10,0312b814-c550-4b8f-8b3d-d08ba42b3cf6,False,0.01,2.0,11.254521999988356,5.402837764670362,"x0,x1,x2,x3",4,0.05,0.05,,,,,,,
0.0,0.0,0.0,0.0,0.0,20.0,5.402837764670362,0.0,116.74842245159078,2.3349684490318157,0.0,31.111071881090396,31.111071881090396,0.0,hicks_law,value,logei,exact,gaussian,0.05,20,50,10,68be8b53-a397-462c-aa6d-3071093d6e96,False,0.01,2.0,11.732773899988388,5.402837764670362,"x0,x1,x2,x3",4,0.05,0.05,,,,,,,
-4.431970931924105,-0.7176220605864025,-1.3940840549339955,6.924656012302586,8.369688106745679,0.0,5.402837764670362,0.0,55.45254236072051,1.10905084721441,0.0,31.9548704220447,32.83740399416323,0.0,hicks_law,value,logei,exact,gaussian,0.25,0,50,10,e22b0376-07ac-4c63-9325-f1f6a2ef2296,False,0.01,2.0,9.149924700002884,5.402837764670362,"x0,x1,x2,x3",4,0.25,0.25,,,,,,,
0.0,0.0,0.0,0.0,0.0,20.0,5.402837764670362,0.0,49.14808238949157,0.9829616477898314,0.0,31.111071881090396,31.111071881090396,0.0,hicks_law,value,logei,exact,gaussian,0.25,20,50,10,a069ae67-b8dd-4141-b373-da3bcf1574e9,False,0.01,2.0,10.621156000008341,5.402837764670362,"x0,x1,x2,x3",4,0.25,0.25,,,,,,,
-4.431970931924105,-0.7176220605864025,-1.3940840549339955,6.924656012302586,8.369688106745679,0.0,5.402837764670362,0.0,142.21494015636,2.8442988031272,0.0,84.85505749647905,123.13838376089134,0.0,hicks_law,value,logei,exact,gaussian,1.0,0,50,10,a1d01b3b-e0c3-491c-9bef-102445679120,False,0.01,2.0,8.996195599989733,5.402837764670362,"x0,x1,x2,x3",4,1.0,1.0,,,,,,,
0.0,0.0,0.0,0.0,0.0,20.0,5.402837764670362,0.0,49.14808238949157,0.9829616477898314,0.0,31.111071881090396,31.111071881090396,0.0,hicks_law,value,logei,exact,gaussian,1.0,20,50,10,3140e8ac-e6c2-4522-81f9-d9936c295602,False,0.01,2.0,9.383349099996849,5.402837764670362,"x0,x1,x2,x3",4,1.0,1.0,,,,,,,
-4.431970931924105,-0.7176220605864025,-1.3940840549339955,6.924656012302586,8.369688106745679,0.0,3.42513131807121,1.9777064465991514,220.81250320861432,4.416250064172286,6.0535702070634,149.2867825362608,228.16385935667284,0.0,hicks_law,value,logei,exact,gaussian,5.0,0,50,10,ef0377e2-8e32-46c8-b21f-2888049aae9c,False,0.01,2.0,9.429197200006456,5.402837764670362,"x0,x1,x2,x3",4,5.0,5.0,,,,,,,
0.0,0.0,0.0,0.0,0.0,20.0,5.402837764670362,0.0,56.697461651244645,1.1339492330248928,0.0,31.111071881090396,47.17238690550414,0.0,hicks_law,value,logei,exact,gaussian,5.0,20,50,10,3845cdb2-ebad-4d60-9645-1e15c8ef3e8a,False,0.01,2.0,9.134871300004306,5.402837764670362,"x0,x1,x2,x3",4,5.0,5.0,,,,,,,
-4.431970931924105,-0.7176220605864025,-1.3940840549339955,6.924656012302586,8.369688106745679,0.0,5.402837764670362,0.0,227.82948442311917,4.556589688462384,0.0,31.089904060943663,31.089904060943663,0.0,hicks_law,value,qnei,exact,none,0.0,0,50,10,ba5cfe6e-54a7-465b-8dca-a1575929bfc3,True,0.01,2.0,8.618926099996315,5.402837764670362,"x0,x1,x2,x3",4,0.2,0.5,,,,,,,
5.287023578142454,-2.4223318754298298,-3.0671638891486506,2.2135679244633373,6.937412147888292,20.0,5.402837764670362,0.0,227.82948442311917,4.556589688462384,0.0,31.089904060943663,31.089904060943663,0.0,hicks_law,value,qnei,exact,none,0.0,20,50,10,ba5cfe6e-54a7-465b-8dca-a1575929bfc3,True,0.01,2.0,8.618926099996315,5.402837764670362,"x0,x1,x2,x3",4,0.2,0.5,,,,,,,
-4.431970931924105,-0.7176220605864025,-1.3940840549339955,6.924656012302586,8.369688106745679,0.0,5.402837764670362,0.0,227.47421028670604,4.549484205734121,0.0,30.974319273964934,30.974319273964934,0.0,hicks_law,value,qnei,exact,gaussian,0.05,0,50,10,8c65d8b8-9fe5-46da-ba41-dea2e0ed9c5f,False,0.01,2.0,8.528935700000147,5.402837764670362,"x0,x1,x2,x3",4,0.05,0.05,,,,,,,
5.287023578142454,-2.4223318754298298,-3.0671638891486506,2.2135679244633373,6.937412147888292,20.0,5.402837764670362,0.0,227.82948442311917,4.556589688462384,0.0,31.089904060943663,31.089904060943663,0.0,hicks_law,value,qnei,exact,gaussian,0.05,20,50,10,648eae61-7da9-4e5a-88e8-d7f61e6eeb03,False,0.01,2.0,8.714566700000432,5.402837764670362,"x0,x1,x2,x3",4,0.05,0.05,,,,,,,
-4.431970931924105,-0.7176220605864025,-1.3940840549339955,6.924656012302586,8.369688106745679,0.0,5.402837764670362,0.0,215.01333676999334,4.300266735399867,0.0,28.656278807443805,28.656278807443805,0.0,hicks_law,value,qnei,exact,gaussian,0.25,0,50,10,cb0d891c-b402-4221-89b9-ed66f8a9af80,False,0.01,2.0,8.489020499997423,5.402837764670362,"x0,x1,x2,x3",4,0.25,0.25,,,,,,,
5.287023578142454,-2.4223318754298298,-3.0671638891486506,2.2135679244633373,6.937412147888292,20.0,5.402837764670362,0.0,227.82948442311917,4.556589688462384,0.0,31.089904060943663,31.089904060943663,0.0,hicks_law,value,qnei,exact,gaussian,0.25,20,50,10,fd8d6314-e896-4557-89ca-bd4358641aad,False,0.01,2.0,8.564650000000256,5.402837764670362,"x0,x1,x2,x3",4,0.25,0.25,,,,,,,
-4.431970931924105,-0.7176220605864025,-1.3940840549339955,6.924656012302586,8.369688106745679,0.0,5.402837764670362,0.0,174.40487106121182,3.4880974212242366,0.22488413249570272,41.995629438232484,42.895955250099945,0.0,hicks_law,value,qnei,exact,gaussian,1.0,0,50,10,ccf1881f-6bb0-4703-8cc9-4a353b308b9d,False,0.01,2.0,9.763643199999933,5.402837764670362,"x0,x1,x2,x3",4,1.0,1.0,,,,,,,
5.287023578142454,-2.4223318754298298,-3.0671638891486506,2.2135679244633373,6.937412147888292,20.0,5.402837764670362,0.0,223.54502808069708,4.4709005616139414,0.0,31.089904060943663,31.089904060943663,0.0,hicks_law,value,qnei,exact,gaussian,1.0,20,50,10,4294c29d-b821-465b-8c6a-36a0c1ca7403,False,0.01,2.0,7.772054300003219,5.402837764670362,"x0,x1,x2,x3",4,1.0,1.0,,,,,,,
-4.431970931924105,-0.7176220605864025,-1.3940840549339955,6.924656012302586,8.369688106745679,0.0,5.402837764670362,0.0,194.8619475718066,3.8972389514361323,5.118424472492072,70.07523128200972,174.68027589019087,0.0,hicks_law,value,qnei,exact,gaussian,5.0,0,50,10,66746819-df07-4496-888e-a5bc3ca938fe,False,0.01,2.0,10.94112609999138,5.402837764670362,"x0,x1,x2,x3",4,5.0,5.0,,,,,,,
-1.3049626899085776,-9.735927029557722,-6.6626279809679065,-4.821902724565026,12.811423037464268,20.0,5.402837764670362,0.0,184.09292423710048,3.6818584847420097,0.8714174651769673,31.089904060943663,53.31104942295634,0.0,hicks_law,value,qnei,exact,gaussian,5.0,20,50,10,f8028e03-bc8f-45da-addc-efd6a4dad81e,False,0.01,2.0,11.43244780000532,5.402837764670362,"x0,x1,x2,x3",4,5.0,5.0,,,,,,,
-0.4431970931924105,-0.07176220605864025,-0.1394084054933996,0.6924656012302587,0.836968810674568,0.0,3.5143009260594775,0.021111617727381127,123.16369673216143,2.4632739346432286,0.021111617727381127,78.3227017563028,78.3227017563028,0.0,yerkes_dodson,value,logei,exact,none,0.0,0,50,10,0a1459dc-f708-4685-91cd-5f143749ce40,True,0.01,2.0,13.84970949999115,3.5354125437868587,"x0,x1,x2,x3",4,0.2,0.5,,,,,,,
-0.09596606049772088,0.0,-0.0522638467941311,-0.018979718344870777,0.11091088385556784,20.0,3.5143009260594775,0.021111617727381127,123.16369673216143,2.4632739346432286,0.021111617727381127,78.3227017563028,78.3227017563028,0.0,yerkes_dodson,value,logei,exact,none,0.0,20,50,10,0a1459dc-f708-4685-91cd-5f143749ce40,True,0.01,2.0,13.84970949999115,3.5354125437868587,"x0,x1,x2,x3",4,0.2,0.5,,,,,,,
-0.4431970931924105,-0.07176220605864025,-0.1394084054933996,0.6924656012302587,0.836968810674568,0.0,3.5033284869610233,0.03208405682583537,104.54149564397028,2.0908299128794057,0.0782037111260756,36.55327941638335,37.46405848200328,0.0,yerkes_dodson,value,logei,exact,gaussian,0.05,0,50,10,544e9ce8-33f0-4413-9eca-6b645f48b850,False,0.01,2.0,11.945673299996997,3.5354125437868587,"x0,x1,x2,x3",4,0.05,0.05,,,,,,,
-0.09597262614122715,0.0,-0.05224950989901039,-0.018997811332409964,0.11091290767332893,20.0,3.4993270565246983,0.03608548726216032,105.6716322733171,2.113432645466342,0.04884892954304121,65.16943356226918,65.32456740635443,0.0,yerkes_dodson,value,logei,exact,gaussian,0.05,20,50,10,4b6831a3-be17-4a1b-9ef0-2120558428fe,False,0.01,2.0,12.857677099993452,3.5354125437868587,"x0,x1,x2,x3",4,0.05,0.05,,,,,,,
-0.4431970931924105,-0.07176220605864025,-0.1394084054933996,0.6924656012302587,0.836968810674568,0.0,3.510726061824808,0.0246864819620507,77.1926296178505,1.54385259235701,0.101814721156547,42.73979070587437,47.00333135988387,0.0,yerkes_dodson,value,logei,exact,gaussian,0.25,0,50,10,4b3a3a95-edfa-4b80-8d72-ab901ba24d9f,False,0.01,2.0,12.07741279999027,3.5354125437868587,"x0,x1,x2,x3",4,0.25,0.25,,,,,,,
-0.0937313110430617,0.0,-0.05309428579687825,-0.017557617883791177,0.10914591975829877,20.0,2.120915978418493,1.4144965653683657,121.19824725479336,2.423964945095867,1.5006295682034816,90.97010816274565,92.15724280579035,0.0,yerkes_dodson,value,logei,exact,gaussian,0.25,20,50,10,f1460697-adc7-459e-9ad5-7dd24f11c0ef,False,0.01,2.0,13.186942000000272,3.5354125437868587,"x0,x1,x2,x3",4,0.25,0.25,,,,,,,
-0.4431970931924105,-0.07176220605864025,-0.1394084054933996,0.6924656012302587,0.836968810674568,0.0,2.1202367867425993,1.4151757570442594,137.68865751391448,2.7537731502782896,2.008621646343242,86.77365557626946,134.37872138808441,0.0,yerkes_dodson,value,logei,exact,gaussian,1.0,0,50,10,e90947be-95b4-4a73-94a4-d921fc23102e,False,0.01,2.0,9.493920199995046,3.5354125437868587,"x0,x1,x2,x3",4,1.0,1.0,,,,,,,
-0.06718049587422636,0.0,-0.06669414764912901,-0.022274641145623608,0.09724961693866498,20.0,2.121251537923318,1.4141610058635408,107.79802590691386,2.1559605181382775,1.4723980010088025,90.85368582819612,91.96690564548902,0.0,yerkes_dodson,value,logei,exact,gaussian,1.0,20,50,10,a52a212f-313e-4b7a-879f-c6168ef2b1c0,False,0.01,2.0,12.760352099998272,3.5354125437868587,"x0,x1,x2,x3",4,1.0,1.0,,,,,,,
-0.4431970931924105,-0.07176220605864025,-0.1394084054933996,0.6924656012302587,0.836968810674568,0.0,0.6936355138440534,2.841777029942805,227.0761447044595,4.54152289408919,5.4571775360296355,159.37836630162502,262.55479900371506,0.0,yerkes_dodson,value,logei,exact,gaussian,5.0,0,50,10,cdd7fc1e-547c-43d8-9056-ff2c62643f40,False,0.01,2.0,17.11476679999032,3.5354125437868587,"x0,x1,x2,x3",4,5.0,5.0,,,,,,,
0.025718478286265944,0.0,0.015072894739671105,0.008499445516055526,0.030997949210790285,20.0,2.082898068885982,1.4525144749008767,140.87241011530108,2.8174482023060214,2.4131751938014316,91.7549923505735,111.6254061046354,0.0,yerkes_dodson,value,logei,exact,gaussian,5.0,20,50,10,60659ef3-f95b-4ee9-b235-fb49e04d3bfb,False,0.01,2.0,12.216537399988738,3.5354125437868587,"x0,x1,x2,x3",4,5.0,5.0,,,,,,,
-0.4431970931924105,-0.07176220605864025,-0.1394084054933996,0.6924656012302587,0.836968810674568,0.0,3.522805455280994,0.01260708850586445,120.4669079448042,2.4093381588960843,0.01260708850586445,25.990885297831632,25.990885297831632,0.0,yerkes_dodson,value,qnei,exact,none,0.0,0,50,10,c0406bd7-4197-441a-b3ec-c8bea8cbb43f,True,0.01,2.0,11.266494399998919,3.5354125437868587,"x0,x1,x2,x3",4,0.2,0.5,,,,,,,
-0.05447746819270733,0.394803727290896,0.6095742561829407,0.15298565191864832,0.7441929595994784,20.0,3.522805455280994,0.01260708850586445,120.4669079448042,2.4093381588960843,0.01260708850586445,25.990885297831632,25.990885297831632,0.0,yerkes_dodson,value,qnei,exact,none,0.0,20,50,10,c0406bd7-4197-441a-b3ec-c8bea8cbb43f,True,0.01,2.0,11.266494399998919,3.5354125437868587,"x0,x1,x2,x3",4,0.2,0.5,,,,,,,
-0.4431970931924105,-0.07176220605864025,-0.1394084054933996,0.6924656012302587,0.836968810674568,0.0,2.1233317091510986,1.41208083463576,146.93241732985737,2.9386483465971476,1.41208083463576,95.47464312987037,95.50416866038594,0.0,yerkes_dodson,value,qnei,exact,gaussian,0.05,0,50,10,5afad069-0649-4aab-8bc7-9f46e976bc28,False,0.01,2.0,14.038887899994734,3.5354125437868587,"x0,x1,x2,x3",4,0.05,0.05,,,,,,,
-0.05447746819270733,0.3948445383966301,0.6095742561829407,0.153047438808938,0.7442273149846734,20.0,3.5211513698556516,0.014261173931207072,102.48690393219314,2.049738078643863,0.014261173931207072,25.887806404108712,25.942302712606182,0.0,yerkes_dodson,value,qnei,exact,gaussian,0.05,20,50,10,411aab3e-19ba-44ff-b786-a5261655da53,False,0.01,2.0,10.50051739999617,3.5354125437868587,"x0,x1,x2,x3",4,0.05,0.05,,,,,,,
-0.4431970931924105,-0.07176220605864025,-0.1394084054933996,0.6924656012302587,0.836968810674568,0.0,3.441119145433836,0.09429339835302253,107.3775211364779,2.147550422729558,0.11125524100856765,58.304465879080574,61.56088597289556,0.0,yerkes_dodson,value,qnei,exact,gaussian,0.25,0,50,10,73c3b154-bb04-4a63-ae87-e6a1d0394fd3,False,0.01,2.0,13.633638800005428,3.5354125437868587,"x0,x1,x2,x3",4,0.25,0.25,,,,,,,
-0.05447746819270733,0.40248052599903517,0.6095742561829407,0.15621752648452292,0.7489613192489152,20.0,3.5027051407919263,0.032707402994932355,85.83091315469403,1.7166182630938807,0.2634813098157833,26.26595409991508,29.30411571493192,0.0,yerkes_dodson,value,qnei,exact,gaussian,0.25,20,50,10,7a6c09f4-94ce-4a45-ae44-aad9d0c61cd4,False,0.01,2.0,11.528618899988942,3.5354125437868587,"x0,x1,x2,x3",4,0.25,0.25,,,,,,,
-0.4431970931924105,-0.07176220605864025,-0.1394084054933996,0.6924656012302587,0.836968810674568,0.0,2.741959509364896,0.7934530344219626,130.28775077526547,2.6057550155053093,0.7934530344219626,98.61447581415788,124.21298923665515,0.0,yerkes_dodson,value,qnei,exact,gaussian,1.0,0,50,10,b63315d4-9483-4b23-8d56-91d0454a5398,False,0.01,2.0,14.714351700007683,3.5354125437868587,"x0,x1,x2,x3",4,1.0,1.0,,,,,,,
-0.05447746819270733,0.41322217289017366,0.6095742561829407,0.16034294807666938,0.7556526937076761,20.0,3.5027051407919263,0.032707402994932355,99.29264402206576,1.9858528804413151,0.05671965811339108,26.26595409991508,31.38432332790947,0.0,yerkes_dodson,value,qnei,exact,gaussian,1.0,20,50,10,859f6900-3329-4d12-a346-e893c8793ca7,False,0.01,2.0,12.213574100009282,3.5354125437868587,"x0,x1,x2,x3",4,1.0,1.0,,,,,,,
-0.4431970931924105,-0.07176220605864025,-0.1394084054933996,0.6924656012302587,0.836968810674568,0.0,0.6023571799109694,2.9330553638758894,227.38845995298607,4.547769199059721,3.7357190008121988,158.73284679157456,209.04155173381093,0.0,yerkes_dodson,value,qnei,exact,gaussian,5.0,0,50,10,bda2d166-0088-434e-b263-e149e90e780e,False,0.01,2.0,12.39538519999769,3.5354125437868587,"x0,x1,x2,x3",4,5.0,5.0,,,,,,,
-0.05447746819270733,0.0,-0.10858163648834418,-0.26625161977153594,0.2926562682638814,20.0,3.5027051407919263,0.032707402994932355,147.92668565150373,2.9585337130300746,2.865942595371744,26.26595409991508,94.27487253912837,0.0,yerkes_dodson,value,qnei,exact,gaussian,5.0,20,50,10,78062d10-db61-4eca-a632-d41e33acbb3c,False,0.01,2.0,13.507152399994084,3.5354125437868587,"x0,x1,x2,x3",4,5.0,5.0,,,,,,,
-4.5383382342902845,-0.7348449900404761,-1.4275420722524128,7.09084775659785,8.570560621307576,0.0,2.2650550590142875,1.3738840144237643,124.06597562207033,2.4813195124414067,1.3738840144237643,80.38857843926834,80.38857843926834,0.0,rastrigin,value,logei,exact,none,0.0,0,50,10,85170847-9abe-4562-955f-d141d26ea81d,True,0.01,2.0,12.224452000009478,3.638939073438052,"x0,x1,x2,x3",4,0.2,0.5,,,,,,,
6.050546815446335,1.6767696345444936,-0.014387391788972193,-0.3949363966034458,6.29101382351389,20.0,2.2650550590142875,1.3738840144237643,124.06597562207033,2.4813195124414067,1.3738840144237643,80.38857843926834,80.38857843926834,0.0,rastrigin,value,logei,exact,none,0.0,20,50,10,85170847-9abe-4562-955f-d141d26ea81d,True,0.01,2.0,12.224452000009478,3.638939073438052,"x0,x1,x2,x3",4,0.2,0.5,,,,,,,
-4.5383382342902845,-0.7348449900404761,-1.4275420722524128,7.09084775659785,8.570560621307576,0.0,1.467660152629066,2.1712789208089855,165.47062462382794,3.309412492476559,2.1712789208089855,124.63516611763515,124.63516611763515,0.0,rastrigin,value,logei,exact,gaussian,0.05,0,50,10,291d8af9-70eb-4c53-b393-478c8e548d62,False,0.01,2.0,13.310408799996367,3.638939073438052,"x0,x1,x2,x3",4,0.05,0.05,,,,,,,
6.051342008694339,1.6767767091005896,-0.01442064907085927,-0.3948627077395368,6.291775961638658,20.0,3.2639778393312966,0.3749612341067552,127.57916755967973,2.5515833511935946,0.3749612341067552,73.31432193036146,73.31432193036146,0.0,rastrigin,value,logei,exact,gaussian,0.05,20,50,10,c38cfb24-c287-4893-ac85-44e680b09fbd,False,0.01,2.0,13.467390199992224,3.638939073438052,"x0,x1,x2,x3",4,0.05,0.05,,,,,,,
-4.5383382342902845,-0.7348449900404761,-1.4275420722524128,7.09084775659785,8.570560621307576,0.0,2.53920352234035,1.0997355510977016,132.36305081049986,2.647261016209997,1.0997355510977016,86.06444690127077,87.26558605234652,0.0,rastrigin,value,logei,exact,gaussian,0.25,0,50,10,b2497fe4-cde9-4402-804e-bd57c8b84258,False,0.01,2.0,10.341437299997779,3.638939073438052,"x0,x1,x2,x3",4,0.25,0.25,,,,,,,
5.97666532255675,1.6757714260379775,-0.011237999267498688,-0.4022660631466919,6.220183480281334,20.0,2.4171188543304205,1.2218202191076313,132.17050474436027,2.6434100948872055,1.2218202191076313,78.0315896118683,78.0315896118683,0.0,rastrigin,value,logei,exact,gaussian,0.25,20,50,10,6fcc5454-a10b-4416-a953-1183da244325,False,0.01,2.0,12.706055999995442,3.638939073438052,"x0,x1,x2,x3",4,0.25,0.25,,,,,,,
-4.5383382342902845,-0.7348449900404761,-1.4275420722524128,7.09084775659785,8.570560621307576,0.0,2.139594703511066,1.4993443699269857,160.419306419028,3.20838612838056,1.6935637678930628,98.77719800188055,117.18147465609042,0.0,rastrigin,value,logei,exact,gaussian,1.0,0,50,10,5a97213b-efbf-48bd-ab26-1963f6cedefc,False,0.01,2.0,14.68460180000693,3.638939073438052,"x0,x1,x2,x3",4,1.0,1.0,,,,,,,
5.725178751839954,1.660894501164579,-0.0025292509202496927,-0.44095223541384043,5.977515165647438,20.0,2.2650550590142875,1.3738840144237643,153.5547607224037,3.071095214448074,1.3738840144237643,80.38857843926834,101.15717458707277,0.0,rastrigin,value,logei,exact,gaussian,1.0,20,50,10,8a137438-35b0-49e2-89da-05e0083bb8b3,False,0.01,2.0,11.13276439999754,3.638939073438052,"x0,x1,x2,x3",4,1.0,1.0,,,,,,,
-4.5383382342902845,-0.7348449900404761,-1.4275420722524128,7.09084775659785,8.570560621307576,0.0,2.256498025719139,1.3824410477189129,175.38613401955192,3.5077226803910384,2.8544679934654096,79.71371976021634,143.42455544755273,0.0,rastrigin,value,logei,exact,gaussian,5.0,0,50,10,2a864d23-cb81-45c4-8689-1ca3d7f4bb24,False,0.01,2.0,12.015312599993194,3.638939073438052,"x0,x1,x2,x3",4,5.0,5.0,,,,,,,
-0.08607844504808071,0.0,-0.09708087154698919,-0.4136266101031243,0.43349875075670113,20.0,2.2650550590142875,1.3738840144237643,186.87652903486247,3.7375305806972494,4.3417725623715056,80.38857843926834,161.38280659358477,0.0,rastrigin,value,logei,exact,gaussian,5.0,20,50,10,7ab9204c-6951-4ef6-9ce2-30db5302a5ac,False,0.01,2.0,13.069408299998031,3.638939073438052,"x0,x1,x2,x3",4,5.0,5.0,,,,,,,
-4.5383382342902845,-0.7348449900404761,-1.4275420722524128,7.09084775659785,8.570560621307576,0.0,2.9380016322992515,0.7009374411388003,144.64612942213142,2.8929225884426284,0.7009374411388003,93.39058872347272,93.39058872347272,0.0,rastrigin,value,qnei,exact,none,0.0,0,50,10,1b935ca8-ac61-4c1b-81ff-894067188bf8,True,0.01,2.0,15.011630799999693,3.638939073438052,"x0,x1,x2,x3",4,0.2,0.5,,,,,,,
0.4006932903562367,0.0,-4.473216413414181,-0.4507090346915932,4.513685725449565,20.0,2.9380016322992515,0.7009374411388003,144.64612942213142,2.8929225884426284,0.7009374411388003,93.39058872347272,93.39058872347272,0.0,rastrigin,value,qnei,exact,none,0.0,20,50,10,1b935ca8-ac61-4c1b-81ff-894067188bf8,True,0.01,2.0,15.011630799999693,3.638939073438052,"x0,x1,x2,x3",4,0.2,0.5,,,,,,,
-4.5383382342902845,-0.7348449900404761,-1.4275420722524128,7.09084775659785,8.570560621307576,0.0,2.9768549525204198,0.662084120917632,138.6099676823733,2.772199353647466,0.662084120917632,90.47131996596931,90.47131996596931,0.0,rastrigin,value,qnei,exact,gaussian,0.05,0,50,10,03b5b6ee-b0f9-4d36-9d39-b7b9208d4e4c,False,0.01,2.0,13.562371499996516,3.638939073438052,"x0,x1,x2,x3",4,0.05,0.05,,,,,,,
0.4006910224143345,0.0,-4.473216972497315,-0.45072950090433195,4.513688121865196,20.0,1.256252703434467,2.3826863700035847,174.05027200791298,3.4810054401582597,2.3826863700035847,132.29836362631946,132.29836362631946,0.0,rastrigin,value,qnei,exact,gaussian,0.05,20,50,10,e61f7041-c92e-48bb-a4d8-0181dd8ffb10,False,0.01,2.0,16.34421019999718,3.638939073438052,"x0,x1,x2,x3",4,0.05,0.05,,,,,,,
-4.5383382342902845,-0.7348449900404761,-1.4275420722524128,7.09084775659785,8.570560621307576,0.0,2.0541598078695507,1.5847792655685011,156.5524806388008,3.131049612776016,1.5847792655685011,90.98095830156731,98.51544737911273,0.0,rastrigin,value,qnei,exact,gaussian,0.25,0,50,10,fe7d4a32-1e3b-41d7-a8a2-1807d776bdfb,False,0.01,2.0,17.829532999996445,3.638939073438052,"x0,x1,x2,x3",4,0.25,0.25,,,,,,,
0.4004682326961312,0.0,-4.473210698988297,-0.45999935029633665,4.514597231782165,20.0,1.993068423918993,1.6458706495190587,155.14991529569136,3.102998305913827,1.6458706495190587,114.52448221314168,116.63739098847584,0.0,rastrigin,value,qnei,exact,gaussian,0.25,20,50,10,3e17a484-8976-4527-bf4e-3dab7030e1a4,False,0.01,2.0,16.026258399986546,3.638939073438052,"x0,x1,x2,x3",4,0.25,0.25,,,,,,,
-4.5383382342902845,-0.7348449900404761,-1.4275420722524128,7.09084775659785,8.570560621307576,0.0,0.9182446423405425,2.720694431097509,203.8655168148092,4.0773103362961844,3.7575130305251094,146.80802700816955,184.83271464924744,0.0,rastrigin,value,qnei,exact,gaussian,1.0,0,50,10,edddb532-641d-4d3f-8f14-6763163a7adb,False,0.01,2.0,15.125846700000693,3.638939073438052,"x0,x1,x2,x3",4,1.0,1.0,,,,,,,
0.4001660719242348,0.0,-4.473212365891376,-0.47650103785736353,4.516283316462989,20.0,2.7726041100037646,0.8663349634342872,167.2679432378285,3.34535886475657,0.8663349634342872,113.52441069152296,120.56692442958818,0.0,rastrigin,value,qnei,exact,gaussian,1.0,20,50,10,2baaf8c4-2a49-4349-a706-8fb44d7ffba2,False,0.01,2.0,17.017944000006537,3.638939073438052,"x0,x1,x2,x3",4,1.0,1.0,,,,,,,
-4.5383382342902845,-0.7348449900404761,-1.4275420722524128,7.09084775659785,8.570560621307576,0.0,1.1046490999980338,2.5342899734400177,236.85816362673492,4.737163272534699,5.870329949399062,132.96744954356325,188.6438526391157,0.0,rastrigin,value,qnei,exact,gaussian,5.0,0,50,10,a885551c-ccf1-4cd0-9bdd-bdbf263d92a0,False,0.01,2.0,13.992835800003377,3.638939073438052,"x0,x1,x2,x3",4,5.0,5.0,,,,,,,
-0.13093567117096394,0.0,0.6157186909238401,0.15416188923732466,0.6480891485213892,20.0,1.0717147430792278,2.5672243303588242,200.81139528861908,4.016227905772381,2.7895121860915375,136.67943667600557,151.13923289592213,0.0,rastrigin,value,qnei,exact,gaussian,5.0,20,50,10,bd947ae6-2908-4c7f-833d-3ddb3d3dcd4e,False,0.01,2.0,14.80828840000322,3.638939073438052,"x0,x1,x2,x3",4,5.0,5.0,,,,,,,
-0.4431970931924105,-0.07176220605864025,-0.1394084054933996,0.6924656012302587,0.836968810674568,0.0,2.153305282720616,0.0,61.002773209736326,1.2200554641947265,0.0,5.829743419713852,5.829743419713852,0.0,weber_fechner,value,logei,exact,none,0.0,0,50,10,a32fd3a7-c7db-4a77-990b-808c395f9ee1,True,0.01,2.0,12.34676740001305,2.153305282720616,"x0,x1,x2,x3",4,0.2,0.5,,,,,,,
-0.17714943557281204,0.32181466915532,0.0,-0.20516064658906552,0.4207582378470532,20.0,2.153305282720616,0.0,61.002773209736326,1.2200554641947265,0.0,5.829743419713852,5.829743419713852,0.0,weber_fechner,value,logei,exact,none,0.0,20,50,10,a32fd3a7-c7db-4a77-990b-808c395f9ee1,True,0.01,2.0,12.34676740001305,2.153305282720616,"x0,x1,x2,x3",4,0.2,0.5,,,,,,,
-0.4431970931924105,-0.07176220605864025,-0.1394084054933996,0.6924656012302587,0.836968810674568,0.0,2.153305282720616,0.0,70.76144436550794,1.4152288873101588,0.0,8.03865152049894,10.220039557305261,0.0,weber_fechner,value,logei,exact,gaussian,0.05,0,50,10,576b86c9-7621-4f49-8931-fe80a4bfae2f,False,0.01,2.0,12.285681900000782,2.153305282720616,"x0,x1,x2,x3",4,0.05,0.05,,,,,,,
-0.19718539998798135,0.31457974719496273,0.0,-0.24311653177436288,0.44378840378682904,20.0,2.153305282720616,0.0,66.0600287249171,1.3212005744983422,0.0,5.829743419713852,5.829743419713852,0.0,weber_fechner,value,logei,exact,gaussian,0.05,20,50,10,b055e1d5-3dda-4d85-8c4b-201e2381f2f3,False,0.01,2.0,13.0056881000055,2.153305282720616,"x0,x1,x2,x3",4,0.05,0.05,,,,,,,
-0.4431970931924105,-0.07176220605864025,-0.1394084054933996,0.6924656012302587,0.836968810674568,0.0,2.153305282720616,0.0,65.03753462818426,1.3007506925636851,0.07322000334567313,6.129915020142828,6.596122737694302,0.0,weber_fechner,value,logei,exact,gaussian,0.25,0,50,10,6ee4d13a-6d24-4461-aeeb-226da6ac13b7,False,0.01,2.0,10.636669499988784,2.153305282720616,"x0,x1,x2,x3",4,0.25,0.25,,,,,,,
-0.1859864301440608,0.3271874700685935,0.0,-0.21975495668675282,0.43581513713501846,20.0,2.153305282720616,0.0,59.41344263560358,1.1882688527120715,0.011611336374595105,5.829743419713852,7.809724086637133,0.0,weber_fechner,value,logei,exact,gaussian,0.25,20,50,10,df809e7b-4f28-48c2-a6f9-2cf88c111b2b,False,0.01,2.0,12.626855900001829,2.153305282720616,"x0,x1,x2,x3",4,0.25,0.25,,,,,,,
-0.4431970931924105,-0.07176220605864025,-0.1394084054933996,0.6924656012302587,0.836968810674568,0.0,1.8037305445107799,0.349574738209836,47.235245749622514,0.9447049149924502,0.656909535950299,21.29100827276771,37.39591241619532,0.0,weber_fechner,value,logei,exact,gaussian,1.0,0,50,10,2cf5f89d-e1b6-4bac-92b2-46bde3edb523,False,0.01,2.0,11.740022700003465,2.153305282720616,"x0,x1,x2,x3",4,1.0,1.0,,,,,,,
-0.7174452368208886,0.5427667212860839,0.0,0.0,0.8996240223407923,20.0,2.153305282720616,0.0,55.598982742470106,1.111979654849402,0.8001159698918823,5.829743419713852,33.17041968242551,0.0,weber_fechner,value,logei,exact,gaussian,1.0,20,50,10,33576ea8-5878-4df4-807f-4159d6a4fd33,False,0.01,2.0,12.441806700007874,2.153305282720616,"x0,x1,x2,x3",4,1.0,1.0,,,,,,,
-0.4431970931924105,-0.07176220605864025,-0.1394084054933996,0.6924656012302587,0.836968810674568,0.0,1.543343358529766,0.6099619241908498,112.00694813882484,2.2401389627764967,1.5258264271631403,32.3574636769608,98.0176160580008,0.0,weber_fechner,value,logei,exact,gaussian,5.0,0,50,10,c5d89812-b91b-4a2c-bbb4-09c22bf13610,False,0.01,2.0,17.282006599998567,2.153305282720616,"x0,x1,x2,x3",4,5.0,5.0,,,,,,,
0.01777293725383655,-0.050634894112516926,0.0,0.0,0.05366348665912989,20.0,2.153305282720616,0.0,46.88984001363375,0.937796800272675,0.6738671265539229,5.829743419713852,19.419840909234452,0.0,weber_fechner,value,logei,exact,gaussian,5.0,20,50,10,5b9e09f5-6546-49c0-8950-29f2b8a2231d,False,0.01,2.0,14.727825299996766,2.153305282720616,"x0,x1,x2,x3",4,5.0,5.0,,,,,,,
-0.4431970931924105,-0.07176220605864025,-0.1394084054933996,0.6924656012302587,0.836968810674568,0.0,2.153305282720616,0.0,62.99763470335178,1.2599526940670356,0.0,6.12724374005175,6.12724374005175,0.0,weber_fechner,value,qnei,exact,none,0.0,0,50,10,2c6a96d5-ee83-4659-8776-0b4edb2c2d9a,True,0.01,2.0,10.09380100000999,2.153305282720616,"x0,x1,x2,x3",4,0.2,0.5,,,,,,,
-1.0,0.0,0.0,0.009668290195799845,1.0000467368254897,20.0,2.153305282720616,0.0,62.99763470335178,1.2599526940670356,0.0,6.12724374005175,6.12724374005175,0.0,weber_fechner,value,qnei,exact,none,0.0,20,50,10,2c6a96d5-ee83-4659-8776-0b4edb2c2d9a,True,0.01,2.0,10.09380100000999,2.153305282720616,"x0,x1,x2,x3",4,0.2,0.5,,,,,,,
-0.4431970931924105,-0.07176220605864025,-0.1394084054933996,0.6924656012302587,0.836968810674568,0.0,2.153305282720616,0.0,55.68664885108646,1.1137329770217292,0.0,5.694234023316384,5.694234023316384,0.0,weber_fechner,value,qnei,exact,gaussian,0.05,0,50,10,2f3f106b-d8d1-4b92-8cf9-c2fc15c8f9fb,False,0.01,2.0,9.38027520000469,2.153305282720616,"x0,x1,x2,x3",4,0.05,0.05,,,,,,,
-1.0,0.0,0.0,0.0097053114743888,1.0000470954264178,20.0,2.153305282720616,0.0,61.07141668846026,1.2214283337692051,0.0,6.110361647267386,6.550908031824276,0.0,weber_fechner,value,qnei,exact,gaussian,0.05,20,50,10,6b606f3a-5d4b-440a-8f06-ebaa59d29151,False,0.01,2.0,10.68485380000493,2.153305282720616,"x0,x1,x2,x3",4,0.05,0.05,,,,,,,
-0.4431970931924105,-0.07176220605864025,-0.1394084054933996,0.6924656012302587,0.836968810674568,0.0,2.028348553708767,0.12495672901184873,30.513474106678906,0.6102694821335781,0.6642707060076412,15.597735071355107,25.00308208421078,0.0,weber_fechner,value,qnei,exact,gaussian,0.25,0,50,10,9191231d-8bd8-493d-b70d-a368fef1deac,False,0.01,2.0,12.205950899995514,2.153305282720616,"x0,x1,x2,x3",4,0.25,0.25,,,,,,,
-1.0,0.0,0.0,0.014359813473217242,1.000103096807017,20.0,2.153305282720616,0.0,53.502957916861604,1.070059158337232,0.01688209278436359,6.110361647267386,6.186331064797022,0.0,weber_fechner,value,qnei,exact,gaussian,0.25,20,50,10,2d7137e0-92f7-4c14-ad50-69b9d3f9a74f,False,0.01,2.0,11.620407900001737,2.153305282720616,"x0,x1,x2,x3",4,0.25,0.25,,,,,,,
-0.4431970931924105,-0.07176220605864025,-0.1394084054933996,0.6924656012302587,0.836968810674568,0.0,2.153305282720616,0.0,62.30730061983092,1.2461460123966184,0.08843860457331187,20.990149921669065,42.93240661713375,0.0,weber_fechner,value,qnei,exact,gaussian,1.0,0,50,10,0c774d11-5fb4-4126-b1d1-00247365a8b2,False,0.01,2.0,13.4861324000085,2.153305282720616,"x0,x1,x2,x3",4,1.0,1.0,,,,,,,
0.0,-1.0,-1.0,0.4084227144860706,1.4720085304468076,20.0,2.1364231899362522,0.01688209278436359,62.14837476151715,1.242967495230343,0.5613459968069132,6.540855013268658,16.783554901759835,0.0,weber_fechner,value,qnei,exact,gaussian,1.0,20,50,10,37fa8a5a-e4d9-4370-b4c6-11fa13039721,False,0.01,2.0,12.037088199998834,2.153305282720616,"x0,x1,x2,x3",4,1.0,1.0,,,,,,,
-0.4431970931924105,-0.07176220605864025,-0.1394084054933996,0.6924656012302587,0.836968810674568,0.0,2.153305282720616,0.0,156.99755249899445,3.139951049979889,2.0387383836127717,18.633320382666675,167.6438933722964,0.0,weber_fechner,value,qnei,exact,gaussian,5.0,0,50,10,96c0f0a5-8bad-4be9-b7be-67607d665c5e,False,0.01,2.0,12.733831899997313,2.153305282720616,"x0,x1,x2,x3",4,5.0,5.0,,,,,,,
-0.8143430591017748,0.0,0.0,-0.018192925918976477,0.8145462543408631,20.0,2.1364231899362522,0.01688209278436359,106.12590019517917,2.1225180039035836,0.27941364863545637,6.540855013268658,14.337601728000918,0.0,weber_fechner,value,qnei,exact,gaussian,5.0,20,50,10,cc997c6d-1818-4947-971a-3185ac9b5310,False,0.01,2.0,10.491224500001408,2.153305282720616,"x0,x1,x2,x3",4,5.0,5.0,,,,,,,
-12.355727943147986,7.361574757307334,-1.502860411321075,13.556436278855504,31.125862049461226,0.0,2.2657813014989396,0.35869903027967265,80.77974532257478,1.6155949064514956,0.35869903027967265,50.2475695427386,50.2475695427386,0.0,levy_10,value,logei,exact,none,0.0,0,50,10,3a76cda1-c493-4b07-aacf-3f8f59f02b86,True,0.01,2.0,41.56703310000012,2.6244803317786123,"x0,x1,x2,x3,x4,x5,x6,x7,x8,x9,x10",11,0.2,0.5,8.41267708830033,0.18150181831441348,1.1308746252561264,-14.047926608889131,9.620395174159006,-14.616231395576778,0.5581368704161598
5.274707440386413,-3.2778732433571216,-6.210683489484145,-0.2739990756237569,14.538120648995221,20.0,2.2657813014989396,0.35869903027967265,80.77974532257478,1.6155949064514956,0.35869903027967265,50.2475695427386,50.2475695427386,0.0,levy_10,value,logei,exact,none,0.0,20,50,10,3a76cda1-c493-4b07-aacf-3f8f59f02b86,True,0.01,2.0,41.56703310000012,2.6244803317786123,"x0,x1,x2,x3,x4,x5,x6,x7,x8,x9,x10",11,0.2,0.5,0.6248439967974289,1.7994096581927572,-0.5419529433375501,-7.20293196950602,-2.3910897616038156,-1.858725649707416,-8.316602500190879
-12.355727943147986,7.361574757307334,-1.502860411321075,13.556436278855504,31.125862049461226,0.0,2.3443713547340335,0.2801089770445788,61.502325862350006,1.230046517247,0.2801089770445788,38.71516135621701,38.71516135621701,0.0,levy_10,value,logei,exact,gaussian,0.05,0,50,10,1135d04d-955d-44c1-b3a0-ad5247167d32,False,0.01,2.0,35.77040150000539,2.6244803317786123,"x0,x1,x2,x3,x4,x5,x6,x7,x8,x9,x10",11,0.05,0.05,8.41267708830033,0.18150181831441348,1.1308746252561264,-14.047926608889131,9.620395174159006,-14.616231395576778,0.5581368704161598
4.626079249567471,-4.256884235870613,-2.197561101018103,-0.5511392434858555,9.061437801639237,20.0,2.3213391819865246,0.3031411497920877,89.94035057753042,1.7988070115506085,0.3031411497920877,56.24957328649925,56.24957328649925,0.0,levy_10,value,logei,exact,gaussian,0.05,20,50,10,bcd3e6a9-28a4-45b4-88d7-c6bbd31c1724,False,0.01,2.0,41.559545099997194,2.6244803317786123,"x0,x1,x2,x3,x4,x5,x6,x7,x8,x9,x10",11,0.05,0.05,-0.16900144476693235,-0.44086604045521727,-1.1395882010897709,-2.8977224143037663,0.4330874497173962,3.974254201190582,-3.3991633009478726
-12.355727943147986,7.361574757307334,-1.502860411321075,13.556436278855504,31.125862049461226,0.0,2.5171988332751667,0.1072814985034456,64.53784009481858,1.2907568018963715,0.164434462603547,31.276534081546917,35.10635882041599,0.0,levy_10,value,logei,exact,gaussian,0.25,0,50,10,7d5227cf-6deb-4a7e-937d-d235018b3d48,False,0.01,2.0,36.607757399993716,2.6244803317786123,"x0,x1,x2,x3,x4,x5,x6,x7,x8,x9,x10",11,0.25,0.25,8.41267708830033,0.18150181831441348,1.1308746252561264,-14.047926608889131,9.620395174159006,-14.616231395576778,0.5581368704161598
4.49687569517862,-4.065898512942929,-2.330029095565617,-0.5877157840936844,8.938250905158306,20.0,2.046472933366604,0.5780073984120082,90.48212644697563,1.8096425289395126,0.7933941466102157,53.51370009037593,58.495235184623866,0.0,levy_10,value,logei,exact,gaussian,0.25,20,50,10,91b81bbd-5c20-4447-96e6-e45ad8972302,False,0.01,2.0,37.649288000000524,2.6244803317786123,"x0,x1,x2,x3,x4,x5,x6,x7,x8,x9,x10",11,0.25,0.25,-0.1931261593203244,-0.34284625019814163,-1.3929596892697407,-2.9203981442263762,0.3685717114405236,3.8871842833118087,-3.390355739262148
-12.355727943147986,7.361574757307334,-1.502860411321075,13.556436278855504,31.125862049461226,0.0,1.984331994855556,0.6401483369230563,88.23446983028289,1.7646893966056578,1.436689305686798,54.12769176707216,82.47655629281559,0.0,levy_10,value,logei,exact,gaussian,1.0,0,50,10,b001121e-4d6b-4817-b6ec-9e2d70f3b2c1,False,0.01,2.0,31.21463240000594,2.6244803317786123,"x0,x1,x2,x3,x4,x5,x6,x7,x8,x9,x10",11,1.0,1.0,8.41267708830033,0.18150181831441348,1.1308746252561264,-14.047926608889131,9.620395174159006,-14.616231395576778,0.5581368704161598
4.075355674380525,-4.010240706019744,-5.38917807193555,-2.078484297882574,11.649440746139168,20.0,1.6219859435122284,1.002494388266384,111.01242421706512,2.2202484843413024,1.1264309089732967,66.21028312128918,71.53254751110981,0.0,levy_10,value,logei,exact,gaussian,1.0,20,50,10,6feb10d4-ad7e-4983-9d14-5efacc9e151b,False,0.01,2.0,36.53089270000055,2.6244803317786123,"x0,x1,x2,x3,x4,x5,x6,x7,x8,x9,x10",11,1.0,1.0,0.43416360901217743,0.29415437792502874,-0.01844931369140035,-3.3249380725564937,0.3769471811398848,-1.012308130923668,-7.560300437618272
-12.355727943147986,7.361574757307334,-1.502860411321075,13.556436278855504,31.125862049461226,0.0,1.7133493694893482,0.911130962289264,140.9988322926371,2.819976645852742,2.5982751749716817,71.001692976187,125.63351675804493,0.0,levy_10,value,logei,exact,gaussian,5.0,0,50,10,2b424f99-471b-4466-8d7f-1884e9b8cb8a,False,0.01,2.0,32.44720419999794,2.6244803317786123,"x0,x1,x2,x3,x4,x5,x6,x7,x8,x9,x10",11,5.0,5.0,8.41267708830033,0.18150181831441348,1.1308746252561264,-14.047926608889131,9.620395174159006,-14.616231395576778,0.5581368704161598
-0.8260928366418403,-0.37009867487929515,0.6981775182591041,-2.078484297882574,3.0775024265363045,20.0,1.354693179709385,1.2697871520692272,157.0841266410348,3.141682532820696,2.906731448213147,72.53764331594945,112.1164330910168,0.0,levy_10,value,logei,exact,gaussian,5.0,20,50,10,a9821ff2-0e28-4c14-abf4-222da5885d19,False,0.01,2.0,31.160881500007235,2.6244803317786123,"x0,x1,x2,x3,x4,x5,x6,x7,x8,x9,x10",11,5.0,5.0,-0.25949838049647767,-0.15486203036650814,0.4668347646163986,0.0,1.4946971030483738,0.8225313031207176,0.7900230553806402
-12.355727943147986,7.361574757307334,-1.502860411321075,13.556436278855504,31.125862049461226,0.0,2.303107810208249,0.3213725215703631,74.88209894817831,1.4976419789635662,0.3213725215703631,43.79301982025928,43.79301982025928,0.0,levy_10,value,qnei,exact,none,0.0,0,50,10,eaee6a37-0683-4bb5-bc76-4f4724668fce,True,0.01,2.0,34.45365969999693,2.6244803317786123,"x0,x1,x2,x3,x4,x5,x6,x7,x8,x9,x10",11,0.2,0.5,8.41267708830033,0.18150181831441348,1.1308746252561264,-14.047926608889131,9.620395174159006,-14.616231395576778,0.5581368704161598
1.6089611487175959,-0.18225915839572604,-0.01155336537730589,3.44521870830505,12.52031871116774,20.0,2.303107810208249,0.3213725215703631,74.88209894817831,1.4976419789635662,0.3213725215703631,43.79301982025928,43.79301982025928,0.0,levy_10,value,qnei,exact,none,0.0,20,50,10,eaee6a37-0683-4bb5-bc76-4f4724668fce,True,0.01,2.0,34.45365969999693,2.6244803317786123,"x0,x1,x2,x3,x4,x5,x6,x7,x8,x9,x10",11,0.2,0.5,1.5573139809069863,3.2416972566663746,-0.6547345900818535,5.63215836496934,1.2632413124975392,-9.774175606520682,-0.22965245645037374
-12.355727943147986,7.361574757307334,-1.502860411321075,13.556436278855504,31.125862049461226,0.0,2.3330251370790323,0.29145519469958003,59.268714335946505,1.18537428671893,0.29145519469958003,31.774704357959546,31.934650435147258,0.0,levy_10,value,qnei,exact,gaussian,0.05,0,50,10,c830c458-40bf-490e-bcb4-24af5a8a7b72,False,0.01,2.0,36.94168800000625,2.6244803317786123,"x0,x1,x2,x3,x4,x5,x6,x7,x8,x9,x10",11,0.05,0.05,8.41267708830033,0.18150181831441348,1.1308746252561264,-14.047926608889131,9.620395174159006,-14.616231395576778,0.5581368704161598
1.7645059995090122,-0.13361455857025328,-0.014637407554936033,3.478838969926647,12.513285023612974,20.0,2.3313733811769404,0.2931069506016719,74.59271328251315,1.491854265650263,0.2931069506016719,44.73687262073611,45.51908605072178,0.0,levy_10,value,qnei,exact,gaussian,0.05,20,50,10,b9815c99-446e-4256-941c-f1f139aa4363,False,0.01,2.0,33.90549949998967,2.6244803317786123,"x0,x1,x2,x3,x4,x5,x6,x7,x8,x9,x10",11,0.05,0.05,1.487633299752852,3.350521159102777,-0.7118061456319786,5.49623336059659,1.2678072931067854,-9.774175606520682,-0.2286806560452278
-12.355727943147986,7.361574757307334,-1.502860411321075,13.556436278855504,31.125862049461226,0.0,2.1250812381405493,0.499399093638063,101.54764691930185,2.030952938386037,0.5376076500548894,47.406506033845346,50.99727118865777,0.0,levy_10,value,qnei,exact,gaussian,0.25,0,50,10,17eb15b6-36c7-464e-938b-ae44a9645212,False,0.01,2.0,39.04316810000455,2.6244803317786123,"x0,x1,x2,x3,x4,x5,x6,x7,x8,x9,x10",11,0.25,0.25,8.41267708830033,0.18150181831441348,1.1308746252561264,-14.047926608889131,9.620395174159006,-14.616231395576778,0.5581368704161598
1.783782514059936,-0.141090725939633,0.03216592455018885,2.260790476977346,11.539319004997203,20.0,2.1349311975583958,0.4895491342202165,76.42427305334104,1.5284854610668208,0.6522319024310628,45.69539327350426,47.05790893380925,0.0,levy_10,value,qnei,exact,gaussian,0.25,20,50,10,945fbb85-67c1-46a3-a3b7-9a98128df904,False,0.01,2.0,36.19811070000287,2.6244803317786123,"x0,x1,x2,x3,x4,x5,x6,x7,x8,x9,x10",11,0.25,0.25,1.4256512341232108,1.3604866391080854,-1.3492829255086831,5.040581324644497,1.4993335937267345,-9.559227682999557,-0.32190567020240884
-12.355727943147986,7.361574757307334,-1.502860411321075,13.556436278855504,31.125862049461226,0.0,2.1612242140253475,0.4632561177532648,87.9964897362683,1.759929794725366,0.8642507716733896,44.532592984049614,62.1064532136094,0.0,levy_10,value,qnei,exact,gaussian,1.0,0,50,10,0638ed20-7c10-4685-9025-af2817d5fa88,False,0.01,2.0,38.38840809999965,2.6244803317786123,"x0,x1,x2,x3,x4,x5,x6,x7,x8,x9,x10",11,1.0,1.0,8.41267708830033,0.18150181831441348,1.1308746252561264,-14.047926608889131,9.620395174159006,-14.616231395576778,0.5581368704161598
2.0192132483306318,0.15280787911078297,-0.023331407946574956,1.7182581915467328,8.933115129315409,20.0,2.288693868325264,0.3357864634533483,92.17876321972886,1.8435752643945773,0.3357864634533483,45.866383584827204,60.867571252067926,0.0,levy_10,value,qnei,exact,gaussian,1.0,20,50,10,81b17321-4cc4-4eaf-9d8b-390ce665bbdc,False,0.01,2.0,34.13957319999463,2.6244803317786123,"x0,x1,x2,x3,x4,x5,x6,x7,x8,x9,x10",11,1.0,1.0,1.1370344445299008,-2.3664368603670596,-1.0968048032555426,4.657107289100428,1.7530609533810564,-6.302487451079616,-0.40981380889852886
-12.355727943147986,7.361574757307334,-1.502860411321075,13.556436278855504,31.125862049461226,0.0,1.6245659165278465,0.9999144152507657,145.62167397348864,2.912433479469773,1.9970582972873019,82.57619438338409,148.5833579138806,0.0,levy_10,value,qnei,exact,gaussian,5.0,0,50,10,68b49286-471d-4244-852c-30a26049a655,False,0.01,2.0,31.96935719999601,2.6244803317786123,"x0,x1,x2,x3,x4,x5,x6,x7,x8,x9,x10",11,5.0,5.0,8.41267708830033,0.18150181831441348,1.1308746252561264,-14.047926608889131,9.620395174159006,-14.616231395576778,0.5581368704161598
-0.5929364429167858,1.1986761950739648,-0.29296388321489175,-0.2514793837287588,2.447689246191747,20.0,1.866518462585679,0.7579618691929333,111.99305083000277,2.2398610166000554,1.2397143211341533,51.426864375207906,64.6268350804383,0.0,levy_10,value,qnei,exact,gaussian,5.0,20,50,10,5303f777-00e8-47f1-aae0-cce2ed037b68,False,0.01,2.0,30.523649900002056,2.6244803317786123,"x0,x1,x2,x3,x4,x5,x6,x7,x8,x9,x10",11,5.0,5.0,-0.4388311051456646,0.6518785252688388,-0.4437620484154752,-0.21325924607171576,-1.7475538167906097,0.18819058010097361,-0.3231594551003948
-0.4431970931924105,-0.07176220605864025,-0.1394084054933996,0.6924656012302587,0.836968810674568,0.0,1.7175746997911816,0.0,39.02985053438136,0.7805970106876272,0.0,5.837107454883961,5.837107454883961,0.0,power_law_practice,value,logei,exact,none,0.0,0,50,10,ccb9617e-24f8-4ea1-9689-7d5708e6520f,True,0.01,2.0,11.234633399988525,1.7175746997911816,"x0,x1,x2,x3",4,0.2,0.5,,,,,,,
-1.0,-1.0,-1.0,-0.5652229335976473,1.8219431837092863,20.0,1.7175746997911816,0.0,39.02985053438136,0.7805970106876272,0.0,5.837107454883961,5.837107454883961,0.0,power_law_practice,value,logei,exact,none,0.0,20,50,10,ccb9617e-24f8-4ea1-9689-7d5708e6520f,True,0.01,2.0,11.234633399988525,1.7175746997911816,"x0,x1,x2,x3",4,0.2,0.5,,,,,,,
-0.4431970931924105,-0.07176220605864025,-0.1394084054933996,0.6924656012302587,0.836968810674568,0.0,1.7175746997911816,0.0,23.760296832871862,0.47520593665743727,0.0,6.553715111524127,6.553715111524127,0.0,power_law_practice,value,logei,exact,gaussian,0.05,0,50,10,ad53841b-66e5-442b-b140-0a271e6228ac,False,0.01,2.0,12.032593900003121,1.7175746997911816,"x0,x1,x2,x3",4,0.05,0.05,,,,,,,
-1.0,-1.0,-1.0,-0.5650179673590522,1.8218796072843437,20.0,1.7175746997911816,0.0,24.980597477778808,0.49961194955557614,0.0,5.837107454883961,5.837107454883961,0.0,power_law_practice,value,logei,exact,gaussian,0.05,20,50,10,43a04dcf-6eae-4dfa-b73b-e6590142ede0,False,0.01,2.0,10.115126999997301,1.7175746997911816,"x0,x1,x2,x3",4,0.05,0.05,,,,,,,
-0.4431970931924105,-0.07176220605864025,-0.1394084054933996,0.6924656012302587,0.836968810674568,0.0,1.7175746997911816,0.0,34.481101288983055,0.6896220257796611,0.0,12.988800965180275,16.89003732073151,0.0,power_law_practice,value,logei,exact,gaussian,0.25,0,50,10,8a107cd4-8ed0-4ab8-b518-47660343d88a,False,0.01,2.0,10.923965199996019,1.7175746997911816,"x0,x1,x2,x3",4,0.25,0.25,,,,,,,
0.0,0.0,0.0,0.0,0.0,20.0,1.7175746997911816,0.0,19.715425617637784,0.39430851235275566,0.0,5.837107454883961,6.507192804726961,0.0,power_law_practice,value,logei,exact,gaussian,0.25,20,50,10,5ec8afa6-deb7-495c-9939-c45e578efe79,False,0.01,2.0,9.606862599990563,1.7175746997911816,"x0,x1,x2,x3",4,0.25,0.25,,,,,,,
-0.4431970931924105,-0.07176220605864025,-0.1394084054933996,0.6924656012302587,0.836968810674568,0.0,1.485970591161463,0.2316041086297187,33.436972388926115,0.6687394477785223,0.29295220042016257,21.458876806111913,42.92111806460382,0.0,power_law_practice,value,logei,exact,gaussian,1.0,0,50,10,b3b098df-83a6-45a5-8b3c-a824dc95ae8e,False,0.01,2.0,11.298888699995587,1.7175746997911816,"x0,x1,x2,x3",4,1.0,1.0,,,,,,,
0.0,0.0,0.0,0.0,0.0,20.0,1.7175746997911816,0.0,19.807775641034567,0.39615551282069134,0.0,5.837107454883961,6.088389461075087,0.0,power_law_practice,value,logei,exact,gaussian,1.0,20,50,10,5c39ec06-2f93-438e-8c59-e1704d6cd806,False,0.01,2.0,8.922888600005535,1.7175746997911816,"x0,x1,x2,x3",4,1.0,1.0,,,,,,,
-0.4431970931924105,-0.07176220605864025,-0.1394084054933996,0.6924656012302587,0.836968810674568,0.0,1.1461725881202751,0.5714021116709065,96.26396727155007,1.9252793454310015,0.681068703900725,30.130427859528787,116.73385994821649,0.0,power_law_practice,value,logei,exact,gaussian,5.0,0,50,10,eea7f13d-1662-46f6-aead-6a5451c53758,False,0.01,2.0,11.121744099989883,1.7175746997911816,"x0,x1,x2,x3",4,5.0,5.0,,,,,,,
0.0,0.0,-1.1102230246251565e-16,0.0,1.1102230246251565e-16,20.0,1.7175746997911816,0.0,20.31416944796113,0.4062833889592226,0.0,5.837107454883961,5.837107454883961,0.0,power_law_practice,value,logei,exact,gaussian,5.0,20,50,10,6aac72c3-1752-46e0-ab3a-e75e884bc03d,False,0.01,2.0,8.318569299997762,1.7175746997911816,"x0,x1,x2,x3",4,5.0,5.0,,,,,,,
-0.4431970931924105,-0.07176220605864025,-0.1394084054933996,0.6924656012302587,0.836968810674568,0.0,1.7175746997911816,0.0,63.421074528155714,1.2684214905631144,0.0,5.152894679878167,5.152894679878167,0.0,power_law_practice,value,qnei,exact,none,0.0,0,50,10,4a040edd-9085-448e-8de0-5d6130d3d3e8,True,0.01,2.0,10.003329399987706,1.7175746997911816,"x0,x1,x2,x3",4,0.2,0.5,,,,,,,
0.5287023578142455,-0.24223318754298295,-0.3067163889148651,0.22135679244633366,0.6937412147888291,20.0,1.7175746997911816,0.0,63.421074528155714,1.2684214905631144,0.0,5.152894679878167,5.152894679878167,0.0,power_law_practice,value,qnei,exact,none,0.0,20,50,10,4a040edd-9085-448e-8de0-5d6130d3d3e8,True,0.01,2.0,10.003329399987706,1.7175746997911816,"x0,x1,x2,x3",4,0.2,0.5,,,,,,,
-0.4431970931924105,-0.07176220605864025,-0.1394084054933996,0.6924656012302587,0.836968810674568,0.0,1.7175746997911816,0.0,64.726084211796,1.2945216842359202,0.0,5.918511818874178,5.918511818874178,0.0,power_law_practice,value,qnei,exact,gaussian,0.05,0,50,10,3d3863d2-9730-42a6-942d-8f511a43fb6b,False,0.01,2.0,9.822679100005189,1.7175746997911816,"x0,x1,x2,x3",4,0.05,0.05,,,,,,,
0.5287023578142455,-0.24223318754298295,-0.3067163889148651,0.22135679244633366,0.6937412147888291,20.0,1.7175746997911816,0.0,63.421074528155714,1.2684214905631144,0.0,5.152894679878167,5.19781513158924,0.0,power_law_practice,value,qnei,exact,gaussian,0.05,20,50,10,f2c50994-4c7a-4ab0-acbe-c2aed4e05d91,False,0.01,2.0,10.132080399998813,1.7175746997911816,"x0,x1,x2,x3",4,0.05,0.05,,,,,,,
-0.4431970931924105,-0.07176220605864025,-0.1394084054933996,0.6924656012302587,0.836968810674568,0.0,1.7095295698884072,0.008045129902774395,42.54626064514289,0.8509252129028577,0.08063804259615748,7.711884125702625,13.771741516257885,0.0,power_law_practice,value,qnei,exact,gaussian,0.25,0,50,10,f168232c-fe9c-4d27-b52d-12fa65eb4e21,False,0.01,2.0,10.456257600002573,1.7175746997911816,"x0,x1,x2,x3",4,0.25,0.25,,,,,,,
0.5287023578142455,-0.24223318754298295,-0.3067163889148651,0.22135679244633366,0.6937412147888291,20.0,1.7175746997911816,0.0,63.421074528155714,1.2684214905631144,0.04492045171107395,5.152894679878167,5.310116260866926,0.0,power_law_practice,value,qnei,exact,gaussian,0.25,20,50,10,bd7c83ba-0b11-4953-880b-957803753660,False,0.01,2.0,9.835785800009035,1.7175746997911816,"x0,x1,x2,x3",4,0.25,0.25,,,,,,,
-0.4431970931924105,-0.07176220605864025,-0.1394084054933996,0.6924656012302587,0.836968810674568,0.0,1.6171605943191112,0.10041410547207041,55.938219578806546,1.118764391576131,0.8257406137565715,12.506739279061872,48.27317959090486,0.0,power_law_practice,value,qnei,exact,gaussian,1.0,0,50,10,d3e63a59-804d-4c23-a8db-8afb3ebfd1ea,False,0.01,2.0,14.791640600000392,1.7175746997911816,"x0,x1,x2,x3",4,1.0,1.0,,,,,,,
0.5287023578142455,-0.24223318754298295,-0.3067163889148651,0.22135679244633366,0.6937412147888291,20.0,1.7175746997911816,0.0,55.96107843980528,1.1192215687961056,0.6249234468111102,5.152894679878167,24.046860121088777,0.0,power_law_practice,value,qnei,exact,gaussian,1.0,20,50,10,2ae30906-0723-4010-82dd-c30e79cd82bf,False,0.01,2.0,10.632440399989719,1.7175746997911816,"x0,x1,x2,x3",4,1.0,1.0,,,,,,,
-0.4431970931924105,-0.07176220605864025,-0.1394084054933996,0.6924656012302587,0.836968810674568,0.0,1.5915795920030356,0.12599510778814604,99.5920099145956,1.9918401982919118,3.247105275891446,19.63217991191905,109.25149676954746,0.0,power_law_practice,value,qnei,exact,gaussian,5.0,0,50,10,7bd3e02b-c7fa-49c3-bd65-d9d5469aad3e,False,0.01,2.0,11.679987999988953,1.7175746997911816,"x0,x1,x2,x3",4,5.0,5.0,,,,,,,
-0.07708517483331084,0.02640729704422784,0.3337372019032093,-0.03063183532051328,0.34490331802629953,20.0,1.7175746997911816,0.0,64.01205497749903,1.2802410995499807,1.172047075667931,5.152894679878167,39.128748459659974,0.0,power_law_practice,value,qnei,exact,gaussian,5.0,20,50,10,7dd1753c-2eab-4d8d-bd30-d965d4d6ad60,False,0.01,2.0,11.096574600000167,1.7175746997911816,"x0,x1,x2,x3",4,5.0,5.0,,,,,,,
-0.4431970931924105,-0.07176220605864025,-0.1394084054933996,0.6924656012302587,0.836968810674568,0.0,2.259721779718369,0.6977780018635484,86.5461697648795,1.73092339529759,0.6977780018635484,44.812263665056726,44.812263665056726,0.0,moving_peaks,value,logei,exact,none,0.0,0,50,10,407d8fef-a2b4-480c-9d90-1de22ffb5b9d,True,0.01,2.0,13.940334500002791,2.9574997815819173,"x0,x1,x2,x3",4,0.2,0.5,,,,,,,
-0.01739905665539543,0.02583036426617477,0.06509320800065532,0.016282078717020698,0.07397409482910064,20.0,2.259721779718369,0.6977780018635484,86.5461697648795,1.73092339529759,0.6977780018635484,44.812263665056726,44.812263665056726,0.0,moving_peaks,value,logei,exact,none,0.0,20,50,10,407d8fef-a2b4-480c-9d90-1de22ffb5b9d,True,0.01,2.0,13.940334500002791,2.9574997815819173,"x0,x1,x2,x3",4,0.2,0.5,,,,,,,
-0.4431970931924105,-0.07176220605864025,-0.1394084054933996,0.6924656012302587,0.836968810674568,0.0,2.7763769270999807,0.18112285448193655,70.01240468319169,1.4002480936638337,0.18112285448193655,38.068100862674136,38.17262453742041,0.0,moving_peaks,value,logei,exact,gaussian,0.05,0,50,10,a0f62da2-3d00-4763-94cd-323cfcace834,False,0.01,2.0,13.564797600003658,2.9574997815819173,"x0,x1,x2,x3",4,0.05,0.05,,,,,,,
-0.01702368654507813,0.025970745138836154,0.06515081320027871,0.016250183546033137,0.07397960822137971,20.0,2.313020238359288,0.6444795432226291,82.95899944751964,1.6591799889503929,0.6444795432226291,44.071674501964566,44.071674501964566,0.0,moving_peaks,value,logei,exact,gaussian,0.05,20,50,10,ae44371a-9a93-45ef-b9b9-8594edaa3261,False,0.01,2.0,13.203074400007608,2.9574997815819173,"x0,x1,x2,x3",4,0.05,0.05,,,,,,,
-0.4431970931924105,-0.07176220605864025,-0.1394084054933996,0.6924656012302587,0.836968810674568,0.0,2.646473555955235,0.31102622562668225,70.6286937773814,1.412573875547628,0.31102622562668225,30.708040268972994,38.87417050474832,0.0,moving_peaks,value,logei,exact,gaussian,0.25,0,50,10,f8d44b6c-c98a-43b2-80c0-29febe7484c5,False,0.01,2.0,11.72829690000799,2.9574997815819173,"x0,x1,x2,x3",4,0.25,0.25,,,,,,,
-0.04944343849421384,0.010755815725454976,0.055530720132782374,0.01797953375384942,0.07724807890505928,20.0,2.155231762067072,0.8022680195148455,78.28362922813083,1.5656725845626167,1.2071741584311495,46.714102236517085,49.41012225643392,0.0,moving_peaks,value,logei,exact,gaussian,0.25,20,50,10,ceca2e17-f866-44d4-8190-b51fd43870aa,False,0.01,2.0,13.434650800001691,2.9574997815819173,"x0,x1,x2,x3",4,0.25,0.25,,,,,,,
-0.4431970931924105,-0.07176220605864025,-0.1394084054933996,0.6924656012302587,0.836968810674568,0.0,2.1952052387912104,0.7622945427907069,106.25013028838079,2.125002605767616,1.028313748904017,54.561077020680365,68.60382972349886,0.0,moving_peaks,value,logei,exact,gaussian,1.0,0,50,10,fbaba9da-f36c-426a-8590-4cb1b5eb2ece,False,0.01,2.0,15.691925299994182,2.9574997815819173,"x0,x1,x2,x3",4,1.0,1.0,,,,,,,
-0.089047223141974,-0.05601283184812986,-0.02810714917652557,-0.021050241879085108,0.11090522890712967,20.0,2.068918741077254,0.8885810405046635,87.92560686856211,1.7585121373712422,1.573261652346927,49.01999060680219,63.129043294807914,0.0,moving_peaks,value,logei,exact,gaussian,1.0,20,50,10,67a6def3-393a-44f7-a08f-8c7b13f60c59,False,0.01,2.0,11.54717660001188,2.9574997815819173,"x0,x1,x2,x3",4,1.0,1.0,,,,,,,
-0.4431970931924105,-0.07176220605864025,-0.1394084054933996,0.6924656012302587,0.836968810674568,0.0,1.5216633217195823,1.435836459862335,151.58612174629891,3.031722434925978,2.368308218882209,71.34635898586278,142.50019943470045,0.0,moving_peaks,value,logei,exact,gaussian,5.0,0,50,10,5d7fdc21-d7a3-4e58-adaa-cf137a066fee,False,0.01,2.0,15.669628700008616,2.9574997815819173,"x0,x1,x2,x3",4,5.0,5.0,,,,,,,
0.07925765642259308,0.03618738470541574,0.029991625674474776,-0.021158414091334565,0.09454352971450647,20.0,2.2987596170446896,0.6587401645372277,90.3435105893569,1.806870211787138,2.07615451119706,43.84857089753489,54.075546057428404,0.0,moving_peaks,value,logei,exact,gaussian,5.0,20,50,10,45b535f6-def1-4e53-a89f-f46b07dc280f,False,0.01,2.0,11.260971299998346,2.9574997815819173,"x0,x1,x2,x3",4,5.0,5.0,,,,,,,
-0.4431970931924105,-0.07176220605864025,-0.1394084054933996,0.6924656012302587,0.836968810674568,0.0,2.349819200019766,0.6076805815621511,89.49116682356879,1.7898233364713758,0.6076805815621511,46.60045565446171,46.60045565446171,0.0,moving_peaks,value,qnei,exact,none,0.0,0,50,10,2c38dfe6-0d59-473d-b42f-84ea9591c3bf,True,0.01,2.0,13.722367700000177,2.9574997815819173,"x0,x1,x2,x3",4,0.2,0.5,,,,,,,
0.1511572495597837,-0.1860160851928001,-0.09228501666764011,1.0,1.032456789578276,20.0,2.349819200019766,0.6076805815621511,89.49116682356879,1.7898233364713758,0.6076805815621511,46.60045565446171,46.60045565446171,0.0,moving_peaks,value,qnei,exact,none,0.0,20,50,10,2c38dfe6-0d59-473d-b42f-84ea9591c3bf,True,0.01,2.0,13.722367700000177,2.9574997815819173,"x0,x1,x2,x3",4,0.2,0.5,,,,,,,
-0.4431970931924105,-0.07176220605864025,-0.1394084054933996,0.6924656012302587,0.836968810674568,0.0,2.466850489885342,0.49064929169657523,76.78204122444787,1.5356408244889572,0.49064929169657523,42.502261555454375,42.61233325980154,0.0,moving_peaks,value,qnei,exact,gaussian,0.05,0,50,10,e4196db5-38af-4862-adcb-9e22c0027864,False,0.01,2.0,14.768976100007421,2.9574997815819173,"x0,x1,x2,x3",4,0.05,0.05,,,,,,,
0.15115724329411873,-0.18607766594460096,-0.09231431534433182,1.0,1.0324705045574718,20.0,2.3915430617871576,0.5659567197947597,80.2982036922985,1.60596407384597,0.5763248998153041,45.91452378005163,46.283630410177096,0.0,moving_peaks,value,qnei,exact,gaussian,0.05,20,50,10,4e155070-a1b7-4b91-8c69-944fa398db93,False,0.01,2.0,13.882461300003342,2.9574997815819173,"x0,x1,x2,x3",4,0.05,0.05,,,,,,,
-0.4431970931924105,-0.07176220605864025,-0.1394084054933996,0.6924656012302587,0.836968810674568,0.0,2.4446988187941465,0.5128009627877708,95.22831509236862,1.9045663018473724,0.5128009627877708,49.26385592186879,55.874333150956566,0.0,moving_peaks,value,qnei,exact,gaussian,0.25,0,50,10,4b5f36f6-cc84-45fc-b928-ec46a615cdc1,False,0.01,2.0,14.325844000006327,2.9574997815819173,"x0,x1,x2,x3",4,0.25,0.25,,,,,,,
0.1894268349065752,-0.22541939992400378,-0.06952984476457408,0.1184956843642095,0.32491854082331,20.0,2.5744639075355438,0.3830358740463735,89.95676196208014,1.7991352392416027,0.3830358740463735,41.488874855764436,41.488874855764436,0.0,moving_peaks,value,qnei,exact,gaussian,0.25,20,50,10,4cfa4b3f-7501-48c1-9ad5-6dfcaaa1c05c,False,0.01,2.0,13.325860099997954,2.9574997815819173,"x0,x1,x2,x3",4,0.25,0.25,,,,,,,
-0.4431970931924105,-0.07176220605864025,-0.1394084054933996,0.6924656012302587,0.836968810674568,0.0,1.9751710995245506,0.9823286820573667,99.03838767689516,1.9807677535379031,1.2451696780026813,57.33629856169529,69.07746394191206,0.0,moving_peaks,value,qnei,exact,gaussian,1.0,0,50,10,a7b5928c-1e58-4f10-949a-d0e3da46f6a2,False,0.01,2.0,19.395333599997684,2.9574997815819173,"x0,x1,x2,x3",4,1.0,1.0,,,,,,,
0.22014853413027868,-0.1835738684160334,-0.12264085891566517,0.0,0.31177800198299704,20.0,1.8776380891967033,1.079861692385214,101.57197009358747,2.0314394018717494,2.0014415079079777,56.47062995004951,67.19958914319724,0.0,moving_peaks,value,qnei,exact,gaussian,1.0,20,50,10,63ab3072-2267-4d06-9bac-58e667d97068,False,0.01,2.0,13.99988369998755,2.9574997815819173,"x0,x1,x2,x3",4,1.0,1.0,,,,,,,
-0.4431970931924105,-0.07176220605864025,-0.1394084054933996,0.6924656012302587,0.836968810674568,0.0,1.5216633217195823,1.435836459862335,167.51810479221177,3.3503620958442353,4.042442567455048,71.34635898586278,136.34222869577334,0.0,moving_peaks,value,qnei,exact,gaussian,5.0,0,50,10,c03a71d5-b868-48f5-9fa0-d69201916e6b,False,0.01,2.0,16.628738600004,2.9574997815819173,"x0,x1,x2,x3",4,5.0,5.0,,,,,,,
0.09034258142450524,0.05325295081553039,-0.018877357494333113,0.0,0.10655521298826028,20.0,1.8776380891967033,1.079861692385214,136.85303611099295,2.737060722219859,2.2943555135487115,56.47062995004951,89.44135752505045,0.0,moving_peaks,value,qnei,exact,gaussian,5.0,20,50,10,82b66e2c-3ab6-4414-a355-187345aa5af2,False,0.01,2.0,13.518980799999554,2.9574997815819173,"x0,x1,x2,x3",4,5.0,5.0,,,,,,,
-1.2755682435444466,-0.5839968699712661,,,1.4028993862979984,0.0,1.249907153404514,0.00014831249555458115,18.449128563925836,0.3689825712785167,0.00014831249555458115,0.3883581356799053,0.3883581356799053,0.0,branin,value,logei,exact,none,0.0,0,50,10,f926bdee-b041-448e-8c2d-9f917717227d,True,0.01,2.0,8.300033699997584,1.2500554659000687,"x0,x1",2,0.2,0.5,,,,,,,
0.0,0.027802042796247317,,,0.027802042796247317,20.0,1.249907153404514,0.00014831249555458115,18.449128563925836,0.3689825712785167,0.00014831249555458115,0.3883581356799053,0.3883581356799053,0.0,branin,value,logei,exact,none,0.0,20,50,10,f926bdee-b041-448e-8c2d-9f917717227d,True,0.01,2.0,8.300033699997584,1.2500554659000687,"x0,x1",2,0.2,0.5,,,,,,,
-1.2755682435444466,-0.5839968699712661,,,1.4028993862979984,0.0,1.2498589560586635,0.00019650984140517913,14.450651318838743,0.28901302637677484,0.00019650984140517913,0.25885907099075267,0.37898935991805727,0.0,branin,value,logei,exact,gaussian,0.05,0,50,10,2c248935-f468-404d-a8c9-b7e6182814a1,False,0.01,2.0,8.399593100009952,1.2500554659000687,"x0,x1",2,0.05,0.05,,,,,,,
0.0,0.02690320206059349,,,0.02690320206059349,20.0,1.2331847136995135,0.016870752200555117,12.821642806929475,0.2564328561385895,0.016870752200555117,0.8266668578272007,1.4627711484772032,0.0,branin,value,logei,exact,gaussian,0.05,20,50,10,2c05a775-4e30-4349-b2fe-a0cc5fa7095f,False,0.01,2.0,8.710223399990355,1.2500554659000687,"x0,x1",2,0.05,0.05,,,,,,,
-1.2755682435444466,-0.5839968699712661,,,1.4028993862979984,0.0,1.2331847136995135,0.016870752200555117,18.372806438734898,0.36745612877469797,0.07582633626593482,0.8266668578272007,6.88114197550812,0.0,branin,value,logei,exact,gaussian,0.25,0,50,10,c2f7ebf2-e7c9-41a1-bd7c-ba1b817cebd2,False,0.01,2.0,8.409216700005345,1.2500554659000687,"x0,x1",2,0.25,0.25,,,,,,,
0.0,0.061672845003386545,,,0.061672845003386545,20.0,1.2331847136995135,0.016870752200555117,13.519530970690617,0.27039061941381237,0.1095114216406281,0.8266668578272007,2.7510580255080304,0.0,branin,value,logei,exact,gaussian,0.25,20,50,10,fe5c47e3-e1fd-4053-92cd-fb65be51aa1a,False,0.01,2.0,8.313223000004655,1.2500554659000687,"x0,x1",2,0.25,0.25,,,,,,,
-1.2755682435444466,-0.5839968699712661,,,1.4028993862979984,0.0,1.2331847136995135,0.016870752200555117,12.330430769436498,0.24660861538872997,0.0743531118329166,0.8266668578272007,3.511526165777437,0.0,branin,value,logei,exact,gaussian,1.0,0,50,10,95598afb-f142-410f-840c-7a731a961705,False,0.01,2.0,7.148215599998366,1.2500554659000687,"x0,x1",2,1.0,1.0,,,,,,,
0.0,-0.2598685823364293,,,0.2598685823364293,20.0,1.2331847136995135,0.016870752200555117,14.481449761486424,0.28962899522972846,0.08984997799833039,0.8266668578272007,3.8133932399890202,0.0,branin,value,logei,exact,gaussian,1.0,20,50,10,1a505e47-2c47-4dfe-8825-5b7d804d2735,False,0.01,2.0,7.646975700001349,1.2500554659000687,"x0,x1",2,1.0,1.0,,,,,,,
-1.2755682435444466,-0.5839968699712661,,,1.4028993862979984,0.0,1.2479533146079236,0.0021021512921450825,18.683947714773442,0.3736789542954688,0.1631877216605886,0.27284432376182444,4.860394357568614,0.0,branin,value,logei,exact,gaussian,5.0,0,50,10,8963ee9a-0724-4037-8b26-88f93ea259ab,False,0.01,2.0,8.122706099995412,1.2500554659000687,"x0,x1",2,5.0,5.0,,,,,,,
0.0,1.1520500636971756,,,1.1520500636971756,20.0,1.2331847136995135,0.016870752200555117,19.819850206220366,0.3963970041244073,0.10252022880484968,0.8266668578272007,4.561011835577074,0.0,branin,value,logei,exact,gaussian,5.0,20,50,10,06477592-90dd-4756-aa88-e2ff8b488c0a,False,0.01,2.0,7.7615256999997655,1.2500554659000687,"x0,x1",2,5.0,5.0,,,,,,,
-1.2755682435444466,-0.5839968699712661,,,1.4028993862979984,0.0,1.2499761276642147,7.933823585393185e-05,19.350367038635923,0.3870073407727185,7.933823585393185e-05,0.2854744958678648,0.2854744958678648,0.0,branin,value,qnei,exact,none,0.0,0,50,10,91d335c3-94c9-4b38-9724-1a9c8a23c256,True,0.01,2.0,9.172920600001817,1.2500554659000687,"x0,x1",2,0.2,0.5,,,,,,,
-0.4644020135774243,0.09210998138438731,,,0.4734484965499398,20.0,1.2499761276642147,7.933823585393185e-05,19.350367038635923,0.3870073407727185,7.933823585393185e-05,0.2854744958678648,0.2854744958678648,0.0,branin,value,qnei,exact,none,0.0,20,50,10,91d335c3-94c9-4b38-9724-1a9c8a23c256,True,0.01,2.0,9.172920600001817,1.2500554659000687,"x0,x1",2,0.2,0.5,,,,,,,
-1.2755682435444466,-0.5839968699712661,,,1.4028993862979984,0.0,1.249383038480517,0.0006724274195517577,19.032206804116047,0.38064413608232095,0.0008868202476262077,0.2901906074113364,1.1652539840906762,0.0,branin,value,qnei,exact,gaussian,0.05,0,50,10,fcc753c4-de08-4b1d-9e04-e15699f09017,False,0.01,2.0,9.446288999999524,1.2500554659000687,"x0,x1",2,0.05,0.05,,,,,,,
-0.4740444070859642,0.09382528151742475,,,0.48324039911963834,20.0,1.2499973026095532,5.8163290515445e-05,14.544188197713718,0.29088376395427434,0.01602032195255032,0.28397099338144116,0.8596144564430449,0.0,branin,value,qnei,exact,gaussian,0.05,20,50,10,9405a7b5-8a39-4360-bbda-a5d07b95fec3,False,0.01,2.0,10.163676900003338,1.2500554659000687,"x0,x1",2,0.05,0.05,,,,,,,
-1.2755682435444466,-0.5839968699712661,,,1.4028993862979984,0.0,1.2414372662169884,0.008618199683080308,23.68353254217529,0.4736706508435058,0.23753916265327701,0.6675257755624363,8.680217376784501,0.0,branin,value,qnei,exact,gaussian,0.25,0,50,10,8203c74b-12fe-4922-b11c-33545b4fd747,False,0.01,2.0,9.685821799997939,1.2500554659000687,"x0,x1",2,0.25,0.25,,,,,,,
-0.814279788717124,0.5340247602559631,,,0.9737730838751105,20.0,1.249989173936996,6.629196307272878e-05,20.47181246522621,0.4094362493045242,0.02503042651116072,0.2841864032042092,1.6106672036755283,0.0,branin,value,qnei,exact,gaussian,0.25,20,50,10,e26fbc45-8bcc-444c-81df-a432aa817738,False,0.01,2.0,9.853035699998145,1.2500554659000687,"x0,x1",2,0.25,0.25,,,,,,,
-1.2755682435444466,-0.5839968699712661,,,1.4028993862979984,0.0,1.2486698906093707,0.001385575290697938,32.774839764807325,0.6554967952961465,0.03128384874003132,0.24597272370755652,14.456593634817056,0.0,branin,value,qnei,exact,gaussian,1.0,0,50,10,81f5bf61-326f-45e7-840b-83bca4fe81d9,False,0.01,2.0,9.996618999997736,1.2500554659000687,"x0,x1",2,1.0,1.0,,,,,,,
-1.0168146393683761,1.3595084019834909,,,1.6976970006151115,20.0,1.2493784234211316,0.0006770424789370733,30.310198706554466,0.6062039741310893,0.296681590975036,0.3003712918746143,9.516087946748753,0.0,branin,value,qnei,exact,gaussian,1.0,20,50,10,aa5293f9-a0e9-4e68-b10e-ae8d2328afb0,False,0.01,2.0,10.18624880000425,1.2500554659000687,"x0,x1",2,1.0,1.0,,,,,,,
-1.2755682435444466,-0.5839968699712661,,,1.4028993862979984,0.0,1.2432265457389107,0.006828920161157992,44.23918046325583,0.8847836092651166,0.27722630475625276,0.4300144922710143,4.664307590053735,0.0,branin,value,qnei,exact,gaussian,5.0,0,50,10,dbc8463d-5f33-4181-a276-6753658f2965,False,0.01,2.0,9.78672469999583,1.2500554659000687,"x0,x1",2,5.0,5.0,,,,,,,
-1.48956121645404,0.022710410970682826,,,1.4897343321312349,20.0,1.2493784234211316,0.0006770424789370733,35.34617869979148,0.7069235739958296,0.007819565926401095,0.3003712918746143,2.0065792427683684,0.0,branin,value,qnei,exact,gaussian,5.0,20,50,10,5a34ee4a-f7a5-4133-bd6b-b34024568025,False,0.01,2.0,9.794746100000339,1.2500554659000687,"x0,x1",2,5.0,5.0,,,,,,,
-0.8067195865469551,0.30512280635741795,-0.6925252812540241,,1.1061137750945342,0.0,3.0527525096312953,0.002148432524432309,58.94108620005115,1.178821724001023,0.002148432524432309,16.278784004873337,16.278784004873337,0.0,hartmann_3,value,logei,exact,none,0.0,0,50,10,8828925b-7847-4af9-b2ee-023c6cae0f66,True,0.01,2.0,10.97760759999801,3.0549009421557276,"x0,x1,x2",3,0.2,0.5,,,,,,,
0.0,0.1338014063137758,0.3355251501520947,,0.36122007518427024,20.0,3.0527525096312953,0.002148432524432309,58.94108620005115,1.178821724001023,0.002148432524432309,16.278784004873337,16.278784004873337,0.0,hartmann_3,value,logei,exact,none,0.0,20,50,10,8828925b-7847-4af9-b2ee-023c6cae0f66,True,0.01,2.0,10.97760759999801,3.0549009421557276,"x0,x1,x2",3,0.2,0.5,,,,,,,
-0.8067195865469551,0.30512280635741795,-0.6925252812540241,,1.1061137750945342,0.0,3.0463309950589506,0.008569947096777053,53.721721828537035,1.0744344365707408,0.009417301408824574,16.153388781964793,16.24626361276792,0.0,hartmann_3,value,logei,exact,gaussian,0.05,0,50,10,43e77707-b4e2-481a-8582-defbd77971f5,False,0.01,2.0,12.292741199999,3.0549009421557276,"x0,x1,x2",3,0.05,0.05,,,,,,,
0.0,0.13380309192529727,0.3355254278611641,,0.36122095751795297,20.0,3.045577562772902,0.009323379382825792,48.03002790471466,0.9606005580942931,0.021615718167018017,16.42043638583481,16.675275378483974,0.0,hartmann_3,value,logei,exact,gaussian,0.05,20,50,10,77b9c821-b954-4269-a316-f85a019b52de,False,0.01,2.0,11.706653600005666,3.0549009421557276,"x0,x1,x2",3,0.05,0.05,,,,,,,
-0.8067195865469551,0.30512280635741795,-0.6925252812540241,,1.1061137750945342,0.0,3.043111674063167,0.011789268092560423,43.50141310042105,0.870028262008421,0.0910753183325066,19.496471193865272,22.620003808798508,0.0,hartmann_3,value,logei,exact,gaussian,0.25,0,50,10,8aae7a95-f318-4c9a-90a4-886bcea29a2f,False,0.01,2.0,11.496728500002064,3.0549009421557276,"x0,x1,x2",3,0.25,0.25,,,,,,,
0.0,0.133632943374974,0.3355180891807765,,0.3611511480288807,20.0,3.046031603285668,0.008869338870059806,41.01474468799266,0.8202948937598532,0.031001202035195963,16.412036636348642,16.75015227376111,0.0,hartmann_3,value,logei,exact,gaussian,0.25,20,50,10,eadb8015-fef9-4a44-b850-56790714a123,False,0.01,2.0,11.551545199996326,3.0549009421557276,"x0,x1,x2",3,0.25,0.25,,,,,,,
-0.8067195865469551,0.30512280635741795,-0.6925252812540241,,1.1061137750945342,0.0,2.9877163359602457,0.06718460619548194,41.7514738913965,0.83502947782793,0.23550903119784117,19.302613093747112,29.39842045237078,0.0,hartmann_3,value,logei,exact,gaussian,1.0,0,50,10,b210109f-33b8-4471-9ed7-0a6e1fcc4ea7,False,0.01,2.0,11.699530500001856,3.0549009421557276,"x0,x1,x2",3,1.0,1.0,,,,,,,
0.0,0.13247731600612533,0.33576544463509805,,0.3609552230778658,20.0,3.045577562772902,0.009323379382825792,41.749576073738346,0.834991521474767,0.1290384777410325,16.42043638583481,17.64944161278443,0.0,hartmann_3,value,logei,exact,gaussian,1.0,20,50,10,01d34fc0-bbe5-466d-8ccb-0715f530333c,False,0.01,2.0,10.130291299996316,3.0549009421557276,"x0,x1,x2",3,1.0,1.0,,,,,,,
-0.8067195865469551,0.30512280635741795,-0.6925252812540241,,1.1061137750945342,0.0,1.9418623470053453,1.1130385951503823,130.97601505319955,2.619520301063991,2.0497079949188795,64.2595370981448,106.0477988060956,0.0,hartmann_3,value,logei,exact,gaussian,5.0,0,50,10,243c9edd-5fac-465a-91ca-ff332cff305c,False,0.01,2.0,16.975308100008988,3.0549009421557276,"x0,x1,x2",3,5.0,5.0,,,,,,,
0.0,-0.05231381203738361,0.026262388169769335,,0.05853586902286787,20.0,3.045577562772902,0.009323379382825792,112.28590710910395,2.245718142182079,3.3418261568760808,16.42043638583481,95.74063572277227,0.0,hartmann_3,value,logei,exact,gaussian,5.0,20,50,10,2fd8ca5d-538f-4549-b4bd-93e9787d0ceb,False,0.01,2.0,9.470267900003819,3.0549009421557276,"x0,x1,x2",3,5.0,5.0,,,,,,,
-0.8067195865469551,0.30512280635741795,-0.6925252812540241,,1.1061137750945342,0.0,3.04308561628718,0.01181532586854761,108.90191141260173,2.1780382282520345,0.01181532586854761,16.999784554696635,16.999784554696635,0.0,hartmann_3,value,qnei,exact,none,0.0,0,50,10,88045091-7875-4e43-93ac-e992497372d8,True,0.01,2.0,9.800932899990585,3.0549009421557276,"x0,x1,x2",3,0.2,0.5,,,,,,,
0.0,-0.03768728294153534,-0.00021597697320452358,,0.0376879017931258,20.0,3.04308561628718,0.01181532586854761,108.90191141260173,2.1780382282520345,0.01181532586854761,16.999784554696635,16.999784554696635,0.0,hartmann_3,value,qnei,exact,none,0.0,20,50,10,88045091-7875-4e43-93ac-e992497372d8,True,0.01,2.0,9.800932899990585,3.0549009421557276,"x0,x1,x2",3,0.2,0.5,,,,,,,
-0.8067195865469551,0.30512280635741795,-0.6925252812540241,,1.1061137750945342,0.0,3.0452319644038686,0.009668977751859043,104.12547371021154,2.082509474204231,0.009668977751859043,16.700617483413573,17.208863910454504,0.0,hartmann_3,value,qnei,exact,gaussian,0.05,0,50,10,8d3f496c-f5ed-4027-aa2b-af91c6204a51,False,0.01,2.0,10.460233099991456,3.0549009421557276,"x0,x1,x2",3,0.05,0.05,,,,,,,
0.0,-0.03766119692935577,-0.0002473287848085981,,0.03766200904996322,20.0,3.041509633831233,0.013391308324494755,102.91471927031141,2.0582943854062283,0.013391308324494755,17.039972107323287,18.218340361616878,0.0,hartmann_3,value,qnei,exact,gaussian,0.05,20,50,10,54b3982e-e149-433b-9b3c-15a3a0fe7ae8,False,0.01,2.0,9.492196999999578,3.0549009421557276,"x0,x1,x2",3,0.05,0.05,,,,,,,
-0.8067195865469551,0.30512280635741795,-0.6925252812540241,,1.1061137750945342,0.0,3.0374969237675513,0.01740401838817629,57.78764489263154,1.1557528978526308,0.023009725794814084,16.58095075416049,20.420234700818472,0.0,hartmann_3,value,qnei,exact,gaussian,0.25,0,50,10,c10ba0a3-3a7e-4aee-9590-d183db098e96,False,0.01,2.0,12.632136499989429,3.0549009421557276,"x0,x1,x2",3,0.25,0.25,,,,,,,
0.0,-0.047026950693991876,-0.006031720649451566,,0.047412189841518224,20.0,3.046688174039347,0.008212768116380609,57.18067711066982,1.1436135422133964,0.008212768116380609,16.954526193889407,17.576563212297067,0.0,hartmann_3,value,qnei,exact,gaussian,0.25,20,50,10,1849fc43-9976-46ae-a6c0-a4b5bfe0dbfe,False,0.01,2.0,10.403489499993157,3.0549009421557276,"x0,x1,x2",3,0.25,0.25,,,,,,,
-0.8067195865469551,0.30512280635741795,-0.6925252812540241,,1.1061137750945342,0.0,3.0455371921644794,0.009363749991248227,70.5367424066109,1.410734848132218,0.009363749991248227,16.07819829639466,31.086808844370452,0.0,hartmann_3,value,qnei,exact,gaussian,1.0,0,50,10,afefdbbc-a4f8-48e0-a5f6-060a7b5143c2,False,0.01,2.0,12.984582799996133,3.0549009421557276,"x0,x1,x2",3,1.0,1.0,,,,,,,
0.0,-0.04314043599726847,-0.02597743342462966,,0.05035796129079774,20.0,3.041509633831233,0.013391308324494755,77.29355897541964,1.5458711795083928,0.7612626758966545,17.039972107323287,22.65455741297528,0.0,hartmann_3,value,qnei,exact,gaussian,1.0,20,50,10,a6ae8131-5f67-468a-8e46-30a3b60ba6f1,False,0.01,2.0,11.210737800007337,3.0549009421557276,"x0,x1,x2",3,1.0,1.0,,,,,,,
-0.8067195865469551,0.30512280635741795,-0.6925252812540241,,1.1061137750945342,0.0,1.7251745816184585,1.3297263605372691,173.19347392843898,3.4638694785687796,3.6722977763627274,70.53344104307148,144.99185218042743,0.0,hartmann_3,value,qnei,exact,gaussian,5.0,0,50,10,df515e9b-5bf1-45d1-ac2f-1db6a53bf3f8,False,0.01,2.0,10.60138909998932,3.0549009421557276,"x0,x1,x2",3,5.0,5.0,,,,,,,
0.0,-0.06421173665331997,0.04923705111820653,,0.0809162179470358,20.0,3.041509633831233,0.013391308324494755,104.45883070996003,2.0891766141992005,1.8999083367066614,17.039972107323287,57.85357098230044,0.0,hartmann_3,value,qnei,exact,gaussian,5.0,20,50,10,d12cfba5-cc58-4657-aec8-b97e046cab05,False,0.01,2.0,11.891640799993183,3.0549009421557276,"x0,x1,x2",3,5.0,5.0,,,,,,,
-130.61818813895127,-59.80127948505765,,,143.656897156915,0.0,2.3804513752746113,0.8245941557804475,96.86365776255332,1.9372731552510662,0.8245941557804475,42.17517223187944,42.17517223187944,0.0,eggholder,value,logei,exact,none,0.0,0,50,10,63ee4833-1b26-4e2b-8c6e-cded72dc066a,True,0.01,2.0,10.538622099993518,3.2050455310550587,"x0,x1",2,0.2,0.5,,,,,,,
-245.68155818345895,5.088925167576974,,,245.73425725936855,20.0,2.3804513752746113,0.8245941557804475,96.86365776255332,1.9372731552510662,0.8245941557804475,42.17517223187944,42.17517223187944,0.0,eggholder,value,logei,exact,none,0.0,20,50,10,63ee4833-1b26-4e2b-8c6e-cded72dc066a,True,0.01,2.0,10.538622099993518,3.2050455310550587,"x0,x1",2,0.2,0.5,,,,,,,
-130.61818813895127,-59.80127948505765,,,143.656897156915,0.0,2.3748926803765253,0.8301528506785334,101.22131782465891,2.024426356493178,0.8301528506785334,41.66132073004046,42.50218748779049,0.0,eggholder,value,logei,exact,gaussian,0.05,0,50,10,40098188-d65e-4a83-9079-984e9e046f8d,False,0.01,2.0,9.654382399996393,3.2050455310550587,"x0,x1",2,0.05,0.05,,,,,,,
-245.68873052496463,5.089058565088294,,,245.74143082526314,20.0,2.3829269648292137,0.822118566225845,96.33853900323469,1.9267707800646938,0.9075446005050161,42.079600498674985,43.264506746737666,0.0,eggholder,value,logei,exact,gaussian,0.05,20,50,10,f927f49c-4ee1-47d7-af87-bbddf5a15fa4,False,0.01,2.0,10.829343199991854,3.2050455310550587,"x0,x1",2,0.05,0.05,,,,,,,
-130.61818813895127,-59.80127948505765,,,143.656897156915,0.0,2.331166856074644,0.8738786749804146,106.52375052091028,2.1304750104182055,0.9794484867925233,42.82005507404031,47.77500991175519,0.0,eggholder,value,logei,exact,gaussian,0.25,0,50,10,38381e56-86ab-44c4-a49c-61294da4abbd,False,0.01,2.0,10.371597200006363,3.2050455310550587,"x0,x1",2,0.25,0.25,,,,,,,
-246.81598947522048,5.089427663692788,,,246.8684567428089,20.0,2.387823230337597,0.8172223007174617,92.24695652013128,1.8449391304026255,0.8692252079755414,41.375317530335025,42.992134080814544,0.0,eggholder,value,logei,exact,gaussian,0.25,20,50,10,b5be6c36-e9e1-4e49-b910-00d8f121488f,False,0.01,2.0,10.463752999989083,3.2050455310550587,"x0,x1",2,0.25,0.25,,,,,,,
-130.61818813895127,-59.80127948505765,,,143.656897156915,0.0,2.331166856074644,0.8738786749804146,133.4711897649058,2.669423795298116,2.166231817469847,42.82005507404031,77.21665359391758,0.0,eggholder,value,logei,exact,gaussian,1.0,0,50,10,bc1c95a9-2c09-4643-b635-6d7f1cb9d033,False,0.01,2.0,8.556909199993243,3.2050455310550587,"x0,x1",2,1.0,1.0,,,,,,,
-265.82578977882645,5.106705561063734,,,265.87483700648363,20.0,2.331166856074644,0.8738786749804146,102.04206748950725,2.0408413497901448,1.25648878477481,42.82005507404031,54.626498585455344,0.0,eggholder,value,logei,exact,gaussian,1.0,20,50,10,03bad9c6-b55b-475c-8ccf-8f5f0ccafef6,False,0.01,2.0,9.301832900004229,3.2050455310550587,"x0,x1",2,1.0,1.0,,,,,,,
-130.61818813895127,-59.80127948505765,,,143.656897156915,0.0,2.331166856074644,0.8738786749804146,154.02216036637068,3.0804432073274137,2.540792138586906,42.82005507404031,53.42974187376184,0.0,eggholder,value,logei,exact,gaussian,5.0,0,50,10,7627e96b-7b1e-4f8a-a49d-66a7286bab84,False,0.01,2.0,9.030216300001484,3.2050455310550587,"x0,x1",2,5.0,5.0,,,,,,,
0.0,77.29448170308825,,,77.29448170308825,20.0,2.331166856074644,0.8738786749804146,150.64046538022356,3.012809307604471,1.957724122501491,42.82005507404031,63.37241673238422,0.0,eggholder,value,logei,exact,gaussian,5.0,20,50,10,592b3980-3251-4b45-b79e-9d737e0c20e6,False,0.01,2.0,7.852769799996167,3.2050455310550587,"x0,x1",2,5.0,5.0,,,,,,,
-130.61818813895127,-59.80127948505765,,,143.656897156915,0.0,2.345725670532815,0.8593198605222439,116.46316282429618,2.3292632564859237,0.8593198605222439,42.49248174873147,42.49248174873147,0.0,eggholder,value,qnei,exact,none,0.0,0,50,10,91ba359d-6410-43a6-a38a-5906ce4a098c,True,0.01,2.0,10.083779499997036,3.2050455310550587,"x0,x1",2,0.2,0.5,,,,,,,
389.08039989398713,-24.45002974477157,,,389.8478697340607,20.0,2.345725670532815,0.8593198605222439,116.46316282429618,2.3292632564859237,0.8593198605222439,42.49248174873147,42.49248174873147,0.0,eggholder,value,qnei,exact,none,0.0,20,50,10,91ba359d-6410-43a6-a38a-5906ce4a098c,True,0.01,2.0,10.083779499997036,3.2050455310550587,"x0,x1",2,0.2,0.5,,,,,,,
-130.61818813895127,-59.80127948505765,,,143.656897156915,0.0,2.331166856074644,0.8738786749804146,131.7692027350972,2.635384054701944,0.8738786749804146,42.82005507404031,42.82005507404031,0.0,eggholder,value,qnei,exact,gaussian,0.05,0,50,10,02a621fc-c1c0-48bf-a7f2-8fae6bc6255b,False,0.01,2.0,8.873916199998348,3.2050455310550587,"x0,x1",2,0.05,0.05,,,,,,,
389.0816536137677,-24.450314788482245,,,389.84913886281674,20.0,2.3537991985763407,0.8512463324787181,125.63039071351788,2.512607814270358,0.8512463324787181,42.356092052755535,42.356092052755535,0.0,eggholder,value,qnei,exact,gaussian,0.05,20,50,10,8b3be08f-b95a-43cc-8b41-d8f00c2f70ed,False,0.01,2.0,9.66508450001129,3.2050455310550587,"x0,x1",2,0.05,0.05,,,,,,,
-130.61818813895127,-59.80127948505765,,,143.656897156915,0.0,2.331166856074644,0.8738786749804146,114.49210142402815,2.289842028480563,1.009269949523501,42.82005507404031,47.4910540457768,0.0,eggholder,value,qnei,exact,gaussian,0.25,0,50,10,71a9951d-52b8-4e22-a021-c89f8f7ec65f,False,0.01,2.0,10.175680200001807,3.2050455310550587,"x0,x1",2,0.25,0.25,,,,,,,
-120.10692221434061,-115.57270008953228,,,166.68149798278944,20.0,3.1221949614252735,0.08285056962978521,121.97156626069116,2.4394313252138233,0.08285056962978521,27.154701788348984,27.154701788348984,0.0,eggholder,value,qnei,exact,gaussian,0.25,20,50,10,d9184d62-5700-4d75-bada-a76c57b26610,False,0.01,2.0,9.51954239999759,3.2050455310550587,"x0,x1",2,0.25,0.25,,,,,,,
-130.61818813895127,-59.80127948505765,,,143.656897156915,0.0,2.4924511831019496,0.7125943479531092,122.59889495234566,2.451977899046913,1.0463765573975392,38.54602040781672,61.70571656256815,0.0,eggholder,value,qnei,exact,gaussian,1.0,0,50,10,9cc1a8f3-2a9f-489b-ad13-4cf50aa65551,False,0.01,2.0,9.505391800004872,3.2050455310550587,"x0,x1",2,1.0,1.0,,,,,,,
-431.62029395538593,-110.86337205158972,,,445.6307500799097,20.0,2.6412282516710626,0.5638172793839962,126.18881128411037,2.5237762256822074,1.0903546360907725,39.59462835077457,48.74444515286824,0.0,eggholder,value,qnei,exact,gaussian,1.0,20,50,10,5e86444c-9d79-45a4-bfbb-1cee868b4832,False,0.01,2.0,10.115004299994325,3.2050455310550587,"x0,x1",2,1.0,1.0,,,,,,,
-130.61818813895127,-59.80127948505765,,,143.656897156915,0.0,2.8593998344419127,0.34564569661314604,158.09058688406034,3.161811737681207,0.8738786749804146,29.35011412567497,124.18689757045576,0.0,eggholder,value,qnei,exact,gaussian,5.0,0,50,10,c2990a1c-7c5e-4e0b-a5a3-144e922da127,False,0.01,2.0,7.707050400000298,3.2050455310550587,"x0,x1",2,5.0,5.0,,,,,,,
13.584616421811035,39.55437104944423,,,41.82212419814242,20.0,2.331166856074644,0.8738786749804146,158.91446614504352,3.1782893229008704,3.2702539909956765,42.82005507404031,146.35548260104665,0.0,eggholder,value,qnei,exact,gaussian,5.0,20,50,10,4941ef0e-bb16-436b-b915-4af4354419cf,False,0.01,2.0,8.421373599994695,3.2050455310550587,"x0,x1",2,5.0,5.0,,,,,,,
-0.4431970931924105,-0.07176220605864025,-0.1394084054933996,0.6924656012302587,0.836968810674568,0.0,1.2903746341618754,5.436371486311486e-07,15.97676860835687,0.3195353721671374,5.436371486311486e-07,1.4916200189364353,1.4916200189364353,0.0,steering_law,value,logei,exact,none,0.0,0,50,10,456cf32b-30ed-4180-8372-749fc9896f19,True,0.01,2.0,13.861164800007828,1.290375177799024,"x0,x1,x2,x3",4,0.2,0.5,,,,,,,
0.5013870823602682,0.4892606467830952,0.0,0.0,0.7005462060766263,20.0,1.2903746341618754,5.436371486311486e-07,15.97676860835687,0.3195353721671374,5.436371486311486e-07,1.4916200189364353,1.4916200189364353,0.0,steering_law,value,logei,exact,none,0.0,20,50,10,456cf32b-30ed-4180-8372-749fc9896f19,True,0.01,2.0,13.861164800007828,1.290375177799024,"x0,x1,x2,x3",4,0.2,0.5,,,,,,,
-0.4431970931924105,-0.07176220605864025,-0.1394084054933996,0.6924656012302587,0.836968810674568,0.0,1.290328229789126,4.694800989790693e-05,8.604711343272776,0.1720942268654555,0.0009023133558663243,1.6186915186096398,1.9587960400218474,0.0,steering_law,value,logei,exact,gaussian,0.05,0,50,10,17dbd196-42b6-4523-81ae-25f2762f5d5a,False,0.01,2.0,13.975245699999505,1.290375177799024,"x0,x1,x2,x3",4,0.05,0.05,,,,,,,
0.5013870823602682,0.4893027778745493,0.0,0.0,0.7005756310302927,20.0,1.290180151550983,0.0001950262480410192,12.776351710192676,0.25552703420385353,0.000605009506209786,1.501097861334997,1.56727141612872,0.0,steering_law,value,logei,exact,gaussian,0.05,20,50,10,58c5623f-6a46-4800-bb33-c4165881a437,False,0.01,2.0,12.63160200000857,1.290375177799024,"x0,x1,x2,x3",4,0.05,0.05,,,,,,,
-0.4431970931924105,-0.07176220605864025,-0.1394084054933996,0.6924656012302587,0.836968810674568,0.0,1.2898569526413457,0.0005182251576782981,9.828028647016353,0.19656057294032706,0.038649238478406955,1.299476716945948,2.062636811659017,0.0,steering_law,value,logei,exact,gaussian,0.25,0,50,10,7b946aec-3b68-4190-b5ae-fde3500d3304,False,0.01,2.0,10.710604099993361,1.290375177799024,"x0,x1,x2,x3",4,0.25,0.25,,,,,,,
0.5013870823602682,0.0,-1.0,0.0,1.1186549988078283,20.0,1.2898824893353493,0.0004926884636746731,10.211388696223416,0.20422777392446834,0.01287445441263202,1.5045209768147838,1.9772375204504273,0.0,steering_law,value,logei,exact,gaussian,0.25,20,50,10,dda75b38-7502-4286-b523-eb0d72b814ff,False,0.01,2.0,11.569469199996092,1.290375177799024,"x0,x1,x2,x3",4,0.25,0.25,,,,,,,
-0.4431970931924105,-0.07176220605864025,-0.1394084054933996,0.6924656012302587,0.836968810674568,0.0,1.2416679936584838,0.048707184140540205,28.55258494516004,0.5710516989032007,0.08473293714770747,4.361438265419406,12.004964322549695,0.0,steering_law,value,logei,exact,gaussian,1.0,0,50,10,5175fb77-6957-4a45-93ac-dec206e65f00,False,0.01,2.0,9.921981899999082,1.290375177799024,"x0,x1,x2,x3",4,1.0,1.0,,,,,,,
0.1020904602117727,0.05850875680758003,0.0,-0.19251071632974615,0.22562382983898682,20.0,1.2901851404139513,0.00019003738507272772,10.304568704391805,0.2060913740878361,0.3007921635837386,1.4995272340178518,3.913728010446986,0.0,steering_law,value,logei,exact,gaussian,1.0,20,50,10,82601e1a-971a-4209-9057-970782186cff,False,0.01,2.0,10.757146200005081,1.290375177799024,"x0,x1,x2,x3",4,1.0,1.0,,,,,,,
-0.4431970931924105,-0.07176220605864025,-0.1394084054933996,0.6924656012302587,0.836968810674568,0.0,1.148149856098599,0.142225321700425,33.87990082133168,0.6775980164266336,0.30152430322792456,10.322737455097922,28.006219529003538,0.0,steering_law,value,logei,exact,gaussian,5.0,0,50,10,41aa79ee-75e5-4739-ab73-40ca2936eaa0,False,0.01,2.0,13.964631999988342,1.290375177799024,"x0,x1,x2,x3",4,5.0,5.0,,,,,,,
-0.01655664844027105,0.0,0.0,0.0,0.01655664844027105,20.0,1.2898824893353493,0.0004926884636746731,25.66317139519586,0.5132634279039172,0.9520615267896815,1.5045209768147838,5.318491409442243,0.0,steering_law,value,logei,exact,gaussian,5.0,20,50,10,47129d12-8089-4700-87dc-6dae1e45b488,False,0.01,2.0,12.092878600000404,1.290375177799024,"x0,x1,x2,x3",4,5.0,5.0,,,,,,,
-0.4431970931924105,-0.07176220605864025,-0.1394084054933996,0.6924656012302587,0.836968810674568,0.0,1.290211518927711,0.00016365887131297718,22.25049254585278,0.4450098509170556,0.00016365887131297718,1.5024132746141634,1.5024132746141634,0.0,steering_law,value,qnei,exact,none,0.0,0,50,10,519ed2be-e50a-4ea0-994a-f7bfe74cb437,True,0.01,2.0,13.507995499996468,1.290375177799024,"x0,x1,x2,x3",4,0.2,0.5,,,,,,,
-0.3252869720486611,0.0,-0.5763272577911989,0.0,0.6617890315332443,20.0,1.290211518927711,0.00016365887131297718,22.25049254585278,0.4450098509170556,0.00016365887131297718,1.5024132746141634,1.5024132746141634,0.0,steering_law,value,qnei,exact,none,0.0,20,50,10,519ed2be-e50a-4ea0-994a-f7bfe74cb437,True,0.01,2.0,13.507995499996468,1.290375177799024,"x0,x1,x2,x3",4,0.2,0.5,,,,,,,
-0.4431970931924105,-0.07176220605864025,-0.1394084054933996,0.6924656012302587,0.836968810674568,0.0,1.2900076002654386,0.0003675775335854059,27.77701607781951,0.5555403215563902,0.013329030477636783,1.5274020038996283,1.7667698330408295,0.0,steering_law,value,qnei,exact,gaussian,0.05,0,50,10,fd690b00-96bc-4ea4-8ec0-1068b67f0038,False,0.01,2.0,13.559484800003702,1.290375177799024,"x0,x1,x2,x3",4,0.05,0.05,,,,,,,
-0.32505405111562125,0.0,-0.5737947857746168,0.0,0.6594699328466881,20.0,1.290211518927711,0.00016365887131297718,27.31616706443505,0.546323341288701,0.001805139652623966,1.5024132746141634,1.6780450799898399,0.0,steering_law,value,qnei,exact,gaussian,0.05,20,50,10,6a37e7ed-ea18-4c75-a383-8e1958ab75e3,False,0.01,2.0,12.295264600004884,1.290375177799024,"x0,x1,x2,x3",4,0.05,0.05,,,,,,,
-0.4431970931924105,-0.07176220605864025,-0.1394084054933996,0.6924656012302587,0.836968810674568,0.0,1.29035531547384,1.986232518391695e-05,21.719662808482582,0.43439325616965163,0.012680191437818955,1.7807448496275802,3.2648933620967675,0.0,steering_law,value,qnei,exact,gaussian,0.25,0,50,10,29eef526-de48-4c3d-9f35-d2a666b9a06f,False,0.01,2.0,9.832188100001076,1.290375177799024,"x0,x1,x2,x3",4,0.25,0.25,,,,,,,
-0.24816466664823544,0.7313595154127892,-0.6404535908180744,-0.17655105566871365,1.0187362366221016,20.0,1.290367407201448,7.770597576062244e-06,19.997964682015073,0.39995929364030147,0.005178768098517139,1.4981263470863984,1.5981036295302764,0.0,steering_law,value,qnei,exact,gaussian,0.25,20,50,10,4b59643c-483f-4c8e-a934-bc00f5d3df0f,False,0.01,2.0,12.648714199996903,1.290375177799024,"x0,x1,x2,x3",4,0.25,0.25,,,,,,,
-0.4431970931924105,-0.07176220605864025,-0.1394084054933996,0.6924656012302587,0.836968810674568,0.0,1.2902623813790328,0.00011279641999117906,37.985925166616475,0.7597185033323295,0.21823939791445057,3.283642790700249,17.693168851810277,0.0,steering_law,value,qnei,exact,gaussian,1.0,0,50,10,0ec416fa-ae91-4dbc-92d8-11892ce6fb7f,False,0.01,2.0,13.075118399996427,1.290375177799024,"x0,x1,x2,x3",4,1.0,1.0,,,,,,,
-0.24816466664823544,0.7313595154127892,-0.6404535908180744,-0.17655105566871365,1.0187362366221016,20.0,1.2902994996867125,7.567811231146138e-05,19.647924098031325,0.3929584819606265,0.26137130113417717,1.5002436349970534,2.416915446235196,0.0,steering_law,value,qnei,exact,gaussian,1.0,20,50,10,698c5cb9-4264-427d-9751-761cb62ee954,False,0.01,2.0,12.143443299995852,1.290375177799024,"x0,x1,x2,x3",4,1.0,1.0,,,,,,,
-0.4431970931924105,-0.07176220605864025,-0.1394084054933996,0.6924656012302587,0.836968810674568,0.0,1.2770461473213872,0.013329030477636783,60.7599671229646,1.2151993424592922,0.5039619356430006,5.739954576308283,26.86914756929913,0.0,steering_law,value,qnei,exact,gaussian,5.0,0,50,10,71f8fbf2-51a4-4f2c-9bfc-748e48f791a1,False,0.01,2.0,14.205062499997439,1.290375177799024,"x0,x1,x2,x3",4,5.0,5.0,,,,,,,
-0.9073632934533387,0.0,0.0,-1.0,1.350299280273262,20.0,1.290211518927711,0.00016365887131297718,43.86015039398967,0.8772030078797934,0.048602481184441215,1.5024132746141634,3.6479136777304095,0.0,steering_law,value,qnei,exact,gaussian,5.0,20,50,10,f7580f66-4e0d-44e3-bdd8-74944c1e457b,False,0.01,2.0,13.53222619999724,1.290375177799024,"x0,x1,x2,x3",4,5.0,5.0,,,,,,,
-69.77955193800335,-443.40469564898035,416.1961148021012,711.8335013093259,1096.3402760066645,0.0,2.741018637278131,0.012837178380839642,49.310275956124926,0.9862055191224985,0.012837178380839642,15.23711733206227,15.23711733206227,0.0,griewank,value,logei,exact,none,0.0,0,50,11,eae7ce82-fd10-4a96-8f72-cf2292e9271b,True,0.01,2.0,18.78779850000865,2.7538558156589708,"x0,x1,x2,x3,x4,x5",6,0.2,0.5,265.280446982802,-500.1852013885283,,,,,
1.3141552289223668,-4.6833205405052105,-6.559152416158456,-2.704928475484805,9.206104955658414,20.0,2.741018637278131,0.012837178380839642,49.310275956124926,0.9862055191224985,0.012837178380839642,15.23711733206227,15.23711733206227,0.0,griewank,value,logei,exact,none,0.0,20,50,11,eae7ce82-fd10-4a96-8f72-cf2292e9271b,True,0.01,2.0,18.78779850000865,2.7538558156589708,"x0,x1,x2,x3,x4,x5",6,0.2,0.5,-1.5300897991285787,-2.900272389706389,,,,,
-69.77955193800335,-443.40469564898035,416.1961148021012,711.8335013093259,1096.3402760066645,0.0,2.703477580468416,0.05037823519055484,25.341371650942435,0.5068274330188487,0.0663538065413003,15.645734252541539,16.207371251573786,0.0,griewank,value,logei,exact,gaussian,0.05,0,50,11,185fb316-36b0-48c9-94c6-a4b25a4562c5,False,0.01,2.0,19.952627899998333,2.7538558156589708,"x0,x1,x2,x3,x4,x5",6,0.05,0.05,265.280446982802,-500.1852013885283,,,,,
-19.75207960391144,0.30236329032160114,-15.463549352415516,75.96125083986738,85.10632099496765,20.0,2.7260612754095024,0.02779454024946837,26.003040240503065,0.5200608048100613,0.04466942150958353,15.634581220997324,16.35258225632309,0.0,griewank,value,logei,exact,gaussian,0.05,20,50,11,8c0e769e-2ff5-4f71-81ef-0ff99114a860,False,0.01,2.0,18.05055819998961,2.7538558156589708,"x0,x1,x2,x3,x4,x5",6,0.05,0.05,-10.672271672967021,27.013319504763302,,,,,
-69.77955193800335,-443.40469564898035,416.1961148021012,711.8335013093259,1096.3402760066645,0.0,2.6885566265150365,0.06529918914393429,34.521687686285276,0.6904337537257055,0.11185302471875902,20.702490462296105,23.75007463076059,0.0,griewank,value,logei,exact,gaussian,0.25,0,50,11,a8b3a820-3ee5-4d0d-b6bd-acf7c33621c4,False,0.01,2.0,13.671264600008726,2.7538558156589708,"x0,x1,x2,x3,x4,x5",6,0.25,0.25,265.280446982802,-500.1852013885283,,,,,
-18.678574543051745,3.4030390548488763,-15.50491906561529,92.25996293723597,101.29768002258676,20.0,2.729587661918751,0.024268153740219844,26.353684285116966,0.5270736857023394,0.028830935120520707,15.579922230103973,16.180977196982653,0.0,griewank,value,logei,exact,gaussian,0.25,20,50,11,802370c2-2505-4b54-9233-b2b5b8d04a1a,False,0.01,2.0,14.463402699999278,2.7538558156589708,"x0,x1,x2,x3,x4,x5",6,0.25,0.25,-21.2077004910737,26.43256173091593,,,,,
-69.77955193800335,-443.40469564898035,416.1961148021012,711.8335013093259,1096.3402760066645,0.0,2.601716413326673,0.15213940233229772,54.3635886394039,1.087271772788078,0.3526530763495983,29.056346392665322,39.34712553930618,0.0,griewank,value,logei,exact,gaussian,1.0,0,50,11,182091e5-69c7-40f7-8583-0aade2438aa6,False,0.01,2.0,18.41348500001186,2.7538558156589708,"x0,x1,x2,x3,x4,x5",6,1.0,1.0,265.280446982802,-500.1852013885283,,,,,
-42.795459366951526,19.673071683296754,-5.02576434074904,-108.29275667385659,126.36840789570651,20.0,2.7260612754095024,0.02779454024946837,49.834774334547916,0.9966954866909583,0.9345655638514561,15.634581220997324,24.613392365824623,0.0,griewank,value,logei,exact,gaussian,1.0,20,50,11,82309f55-5db1-4464-8387-2c66bca7b089,False,0.01,2.0,13.465731300006155,2.7538558156589708,"x0,x1,x2,x3,x4,x5",6,1.0,1.0,34.7481929474986,-28.115423771707214,,,,,
-69.77955193800335,-443.40469564898035,416.1961148021012,711.8335013093259,1096.3402760066645,0.0,2.3786260002442985,0.37522981541467226,161.3452082602873,3.226904165205746,2.0761933020354246,76.68179753338775,172.42012885140312,0.0,griewank,value,logei,exact,gaussian,5.0,0,50,11,4a40d5f8-f234-46ca-a13c-53b57f725dd0,False,0.01,2.0,19.095462099998258,2.7538558156589708,"x0,x1,x2,x3,x4,x5",6,5.0,5.0,265.280446982802,-500.1852013885283,,,,,
552.1509178232653,515.7631150199874,-3.7685666047718342,234.84482658285543,988.2229963042142,20.0,2.7260612754095024,0.02779454024946837,149.7185695085427,2.9943713901708544,2.953589880062155,15.634581220997324,152.67573759400625,0.0,griewank,value,logei,exact,gaussian,5.0,20,50,11,1e004a14-ad62-49e3-bade-108c6893805f,False,0.01,2.0,11.147930399994948,2.7538558156589708,"x0,x1,x2,x3,x4,x5",6,5.0,5.0,-580.3529889854861,-117.16047569428106,,,,,
-69.77955193800335,-443.40469564898035,416.1961148021012,711.8335013093259,1096.3402760066645,0.0,2.7267343180997985,0.02712149755917226,89.67951716886218,1.7935903433772435,0.02712149755917226,17.036601989952146,17.036601989952146,0.0,griewank,value,qnei,exact,none,0.0,0,50,11,82c404bd-e746-4069-bb4d-e20a4efba9a2,True,0.01,2.0,13.651381499992567,2.7538558156589708,"x0,x1,x2,x3,x4,x5",6,0.2,0.5,265.280446982802,-500.1852013885283,,,,,
343.1883745038284,418.52500167221706,-2.3048467100855987,-4.844174032096973,681.2599966234284,20.0,2.7267343180997985,0.02712149755917226,89.67951716886218,1.7935903433772435,0.02712149755917226,17.036601989952146,17.036601989952146,0.0,griewank,value,qnei,exact,none,0.0,20,50,11,82c404bd-e746-4069-bb4d-e20a4efba9a2,True,0.01,2.0,13.651381499992567,2.7538558156589708,"x0,x1,x2,x3,x4,x5",6,0.2,0.5,-128.35518107647556,-393.280961566231,,,,,
-69.77955193800335,-443.40469564898035,416.1961148021012,711.8335013093259,1096.3402760066645,0.0,2.6947099215693657,0.05914589408960502,83.12276713455785,1.662455342691157,0.05914589408960502,19.13175763203074,19.13175763203074,0.0,griewank,value,qnei,exact,gaussian,0.05,0,50,11,33e80d6c-4a66-4a0a-83df-9dda214a7641,False,0.01,2.0,12.691364300000714,2.7538558156589708,"x0,x1,x2,x3,x4,x5",6,0.05,0.05,265.280446982802,-500.1852013885283,,,,,
343.1883745038284,418.52500167221706,-2.3048467100855987,-4.844174032096973,681.2599966234284,20.0,2.7290699332979114,0.024785882361059386,93.38957438625076,1.8677914877250152,0.06975437589345201,16.977043802400267,17.209928888321055,0.0,griewank,value,qnei,exact,gaussian,0.05,20,50,11,dba97943-2916-47af-859c-11cdadcc245a,False,0.01,2.0,12.74295680000796,2.7538558156589708,"x0,x1,x2,x3,x4,x5",6,0.05,0.05,-128.35518107647556,-393.280961566231,,,,,
-69.77955193800335,-443.40469564898035,416.1961148021012,711.8335013093259,1096.3402760066645,0.0,2.6639933465705354,0.08986246908843532,59.67109948049756,1.1934219896099512,0.30192244813853053,32.38465651889317,36.31529659217679,0.0,griewank,value,qnei,exact,gaussian,0.25,0,50,11,23a41801-c7ca-4ad9-913f-7a380cf12ecb,False,0.01,2.0,13.249303800010239,2.7538558156589708,"x0,x1,x2,x3,x4,x5",6,0.25,0.25,265.280446982802,-500.1852013885283,,,,,
159.75686941631963,40.76934226868687,-59.50537775372978,-134.71895273183648,236.99876658232768,20.0,2.6985430682728886,0.05531274738608216,57.15593224459145,1.143118644891829,0.17432493288539685,17.755478860538346,23.71251157767494,0.0,griewank,value,qnei,exact,gaussian,0.25,20,50,11,625a4966-1c39-46da-a9a3-a070602cba86,False,0.01,2.0,11.904024499992374,2.7538558156589708,"x0,x1,x2,x3,x4,x5",6,0.25,0.25,72.01994621527477,-45.90272221984609,,,,,
-69.77955193800335,-443.40469564898035,416.1961148021012,711.8335013093259,1096.3402760066645,0.0,1.9647917703159101,0.7890640453430606,84.06078615960875,1.6812157231921752,1.1268599784574536,54.7486924209319,67.44092934075141,0.0,griewank,value,qnei,exact,gaussian,1.0,0,50,11,4ecd78e1-08c3-470d-8e2a-cd40016bffb6,False,0.01,2.0,15.38030059999437,2.7538558156589708,"x0,x1,x2,x3,x4,x5",6,1.0,1.0,265.280446982802,-500.1852013885283,,,,,
-70.19857658774147,-163.1923721359401,-23.862699136474504,318.17492436349437,368.037303832525,20.0,2.6985430682728886,0.05531274738608216,43.93066681636483,0.8786133363272965,0.18808115290750127,17.755478860538346,19.229258778355288,0.0,griewank,value,qnei,exact,gaussian,1.0,20,50,11,92e8e6d9-9863-4fca-b9f2-6ec717a648e4,False,0.01,2.0,13.31339109998953,2.7538558156589708,"x0,x1,x2,x3,x4,x5",6,1.0,1.0,-37.85932277912262,25.570047104514693,,,,,
-69.77955193800335,-443.40469564898035,416.1961148021012,711.8335013093259,1096.3402760066645,0.0,0.9791977447925131,1.7746580708664577,183.9764735036393,3.679529470072786,2.2495620916142474,89.21260454856872,171.11192355141307,0.0,griewank,value,qnei,exact,gaussian,5.0,0,50,11,410f9a87-d97c-4a1f-95eb-d19fbaa5e933,False,0.01,2.0,14.820916800003033,2.7538558156589708,"x0,x1,x2,x3,x4,x5",6,5.0,5.0,265.280446982802,-500.1852013885283,,,,,
-51.674530581480695,-118.04488099783241,12.8474210511389,150.3259117469645,216.47437802980699,20.0,2.6985430682728886,0.05531274738608216,77.31427683748164,1.5462855367496329,2.479162375883299,17.755478860538346,55.95435798047435,0.0,griewank,value,qnei,exact,gaussian,5.0,20,50,11,1f6c086d-4624-405b-9714-d08bade0f3bf,False,0.01,2.0,15.941770399993402,2.7538558156589708,"x0,x1,x2,x3,x4,x5",6,5.0,5.0,-80.77106364660253,31.135263126526908,,,,,
0.17420293627430716,3.86039844468229,-4.779700033222446,0.909764469246181,6.213390910911808,0.0,0.7576027268489262,0.006621156609533663,14.44831833347341,0.2889663666694682,0.006621156609533663,0.6799804757453868,0.6799804757453868,0.0,powell,value,logei,exact,none,0.0,0,50,11,832d138f-6fa6-408e-a373-1b168eefc7bd,True,0.01,2.0,10.093706799991196,0.7642238834584598,"x0,x1,x2,x3",4,0.2,0.5,,,,,,,
-1.5323788960312126,4.820470166451846,3.627170716322447,-1.628123333683879,6.433682514834497,20.0,0.7576027268489262,0.006621156609533663,14.44831833347341,0.2889663666694682,0.006621156609533663,0.6799804757453868,0.6799804757453868,0.0,powell,value,logei,exact,none,0.0,20,50,11,832d138f-6fa6-408e-a373-1b168eefc7bd,True,0.01,2.0,10.093706799991196,0.7642238834584598,"x0,x1,x2,x3",4,0.2,0.5,,,,,,,
0.17420293627430716,3.86039844468229,-4.779700033222446,0.909764469246181,6.213390910911808,0.0,0.7620832825794407,0.0021406008790191278,20.886848292968423,0.4177369658593685,0.007129002218924985,0.3286720306809334,0.6685368698424003,0.0,powell,value,logei,exact,gaussian,0.05,0,50,11,ec4082b5-e1dd-405c-aec1-fd8316a8c826,False,0.01,2.0,11.271765699988464,0.7642238834584598,"x0,x1,x2,x3",4,0.05,0.05,,,,,,,
-1.4062697517882197,4.502500148344717,3.3257846335254326,-1.2721388567106109,5.910100075293614,20.0,0.7529094660549919,0.011314417403467947,12.67549686058939,0.25350993721178783,0.023045286135592535,0.736989190080747,1.3847338237472757,0.0,powell,value,logei,exact,gaussian,0.05,20,50,11,37b01e60-3405-434a-891b-0388ff5f51a4,False,0.01,2.0,10.933948699996108,0.7642238834584598,"x0,x1,x2,x3",4,0.05,0.05,,,,,,,
0.17420293627430716,3.86039844468229,-4.779700033222446,0.909764469246181,6.213390910911808,0.0,0.7553888379263707,0.008835045532089136,8.086802953104051,0.16173605906208102,0.018964962893523785,0.5916926412185337,1.3506269084790108,0.0,powell,value,logei,exact,gaussian,0.25,0,50,11,40858818-886f-4f69-8973-2c89ada3b914,False,0.01,2.0,11.943814199999906,0.7642238834584598,"x0,x1,x2,x3",4,0.25,0.25,,,,,,,
-1.4152973401935838,4.528157206585956,3.267245261934061,-1.1830146965106265,5.88061983318987,20.0,0.7542870241466931,0.009936859311766688,14.85223708037045,0.297044741607409,0.06553067491756359,0.6860757480274514,3.910150048771934,0.0,powell,value,logei,exact,gaussian,0.25,20,50,11,2548dcfc-c73a-4def-bf37-f53abccf4831,False,0.01,2.0,10.547536800004309,0.7642238834584598,"x0,x1,x2,x3",4,0.25,0.25,,,,,,,
0.17420293627430716,3.86039844468229,-4.779700033222446,0.909764469246181,6.213390910911808,0.0,0.7621198532269718,0.0021040302314879744,9.603268746281673,0.19206537492563347,0.01442567367744596,0.3345196965043815,1.3351483735285699,0.0,powell,value,logei,exact,gaussian,1.0,0,50,11,add61da0-6e0b-4c8e-8a35-3dd964c60cb4,False,0.01,2.0,12.99042269999336,0.7642238834584598,"x0,x1,x2,x3",4,1.0,1.0,,,,,,,
-0.1620168513322473,-1.1417803102384219,0.01258698354421961,1.4518708662610607,1.8541842361038852,20.0,0.7499091161012581,0.014314767357201719,19.66213292497236,0.39324265849944723,0.08816368432907062,0.7583112307771294,8.479470851962548,0.0,powell,value,logei,exact,gaussian,1.0,20,50,11,2335fb1c-d1b1-4a30-b9fc-2b2413a274a2,False,0.01,2.0,10.466491899991524,0.7642238834584598,"x0,x1,x2,x3",4,1.0,1.0,,,,,,,
0.17420293627430716,3.86039844468229,-4.779700033222446,0.909764469246181,6.213390910911808,0.0,0.7533133893485335,0.010910494109926283,35.998617747614986,0.7199723549522997,0.19053325366309593,0.5946692937793676,4.66051957641855,0.0,powell,value,logei,exact,gaussian,5.0,0,50,11,1dd24c8b-6733-482d-b41f-49bc550b2a4e,False,0.01,2.0,17.414643800002523,0.7642238834584598,"x0,x1,x2,x3",4,5.0,5.0,,,,,,,
-7.467535764009281,5.508294550902823,6.463652068009405,1.8345318720829473,11.456426340366084,20.0,0.7499091161012581,0.014314767357201719,88.03936452066492,1.7607872904132984,0.4674264294368362,0.7583112307771294,55.46741050210458,0.0,powell,value,logei,exact,gaussian,5.0,20,50,11,9125f3ed-1740-4319-862d-f4b91cf3cb56,False,0.01,2.0,9.035423699999228,0.7642238834584598,"x0,x1,x2,x3",4,5.0,5.0,,,,,,,
0.17420293627430716,3.86039844468229,-4.779700033222446,0.909764469246181,6.213390910911808,0.0,0.7620971014819315,0.002126781976528269,14.510907803576403,0.29021815607152807,0.002126781976528269,0.4097783272152921,0.4097783272152921,0.0,powell,value,qnei,exact,none,0.0,0,50,11,9b76e56e-e2b5-4c48-8ab1-c6fadfb150d8,True,0.01,2.0,12.626773199997842,0.7642238834584598,"x0,x1,x2,x3",4,0.2,0.5,,,,,,,
-0.06760201497060525,-3.3378494382243327,-1.8167464199787569,-1.580425224913014,4.116323645041721,20.0,0.7620971014819315,0.002126781976528269,14.510907803576403,0.29021815607152807,0.002126781976528269,0.4097783272152921,0.4097783272152921,0.0,powell,value,qnei,exact,none,0.0,20,50,11,9b76e56e-e2b5-4c48-8ab1-c6fadfb150d8,True,0.01,2.0,12.626773199997842,0.7642238834584598,"x0,x1,x2,x3",4,0.2,0.5,,,,,,,
0.17420293627430716,3.86039844468229,-4.779700033222446,0.909764469246181,6.213390910911808,0.0,0.7632166517523264,0.0010072317061333713,20.282927112453603,0.40565854224907205,0.014673006640512742,0.18726557880544098,0.7850791871622114,0.0,powell,value,qnei,exact,gaussian,0.05,0,50,11,fa906846-d709-4a02-80d1-43861a9658e5,False,0.01,2.0,11.623978999996325,0.7642238834584598,"x0,x1,x2,x3",4,0.05,0.05,,,,,,,
-0.05023625701871204,-3.342858153796872,-1.8363910665729044,-1.6025401554806908,4.137353189811371,20.0,0.7615422932865727,0.0026815901718870716,20.276345935681057,0.4055269187136211,0.017232081730239934,0.4241757053492032,1.1941404364518227,0.0,powell,value,qnei,exact,gaussian,0.05,20,50,11,f134ac74-4891-45f9-84c1-8b7a2bd83b5b,False,0.01,2.0,11.773407200002111,0.7642238834584598,"x0,x1,x2,x3",4,0.05,0.05,,,,,,,
0.17420293627430716,3.86039844468229,-4.779700033222446,0.909764469246181,6.213390910911808,0.0,0.7580116101734591,0.006212273285000736,21.702989662594945,0.4340597932518989,0.09210192815428164,0.4752084218662436,2.5808155528949017,0.0,powell,value,qnei,exact,gaussian,0.25,0,50,11,0be838f3-2086-452f-8c7d-b1669b1d6698,False,0.01,2.0,11.681794400006765,0.7642238834584598,"x0,x1,x2,x3",4,0.25,0.25,,,,,,,
2.5826903654487037,-3.042537158880487,-5.3801334915286825,-1.3841953925437593,6.8402598750601635,20.0,0.7619363918753608,0.002287491583099044,20.197406873003843,0.40394813746007685,0.012104979650346293,0.42606891025499577,2.3207425546255225,0.0,powell,value,qnei,exact,gaussian,0.25,20,50,11,f3e0bfd2-d4c2-49c8-95d8-7059d2979478,False,0.01,2.0,11.467642999996315,0.7642238834584598,"x0,x1,x2,x3",4,0.25,0.25,,,,,,,
0.17420293627430716,3.86039844468229,-4.779700033222446,0.909764469246181,6.213390910911808,0.0,0.747432573347022,0.016791310111437863,25.64270737693374,0.5128541475386748,0.02713403920823243,0.8256392109826687,4.558887215814248,0.0,powell,value,qnei,exact,gaussian,1.0,0,50,11,674561e2-9af1-4e25-a951-7664696adda0,False,0.01,2.0,11.75132099998882,0.7642238834584598,"x0,x1,x2,x3",4,1.0,1.0,,,,,,,
2.206872662293274,2.6155996511538135,0.43662265084388885,0.13884018339755855,3.452761853712064,20.0,0.76023153255895,0.003992350899509778,20.34114753235007,0.4068229506470014,0.050275582991574974,0.440560214444487,4.239550303701072,0.0,powell,value,qnei,exact,gaussian,1.0,20,50,11,37beabab-2c02-4129-b785-0852bf677857,False,0.01,2.0,11.949115299998084,0.7642238834584598,"x0,x1,x2,x3",4,1.0,1.0,,,,,,,
0.17420293627430716,3.86039844468229,-4.779700033222446,0.909764469246181,6.213390910911808,0.0,0.7469918017282199,0.017232081730239934,80.47530421800583,1.6095060843601166,1.5292901076059409,0.8443720047817568,19.738859727342238,0.0,powell,value,qnei,exact,gaussian,5.0,0,50,11,f3078fcb-0660-46f6-b4e6-596956cfe0f8,False,0.01,2.0,15.183769999988726,0.7642238834584598,"x0,x1,x2,x3",4,5.0,5.0,,,,,,,
-0.02602082745405343,1.182599692021828,0.44596275134590435,0.585700176012308,1.3932503675938412,20.0,0.76023153255895,0.003992350899509778,76.54907544502765,1.5309815089005532,2.7654462813141185,0.440560214444487,48.58680412256847,0.0,powell,value,qnei,exact,gaussian,5.0,20,50,11,7ed17593-c21b-4815-bd78-30f5a162f154,False,0.01,2.0,12.102879099998972,0.7642238834584598,"x0,x1,x2,x3",4,5.0,5.0,,,,,,,
19.3558818082563,428.93316052025455,-531.0777814691606,101.08494102735341,690.3767678790898,0.0,3.0949693487042116,1.2334210230746403,149.3333605033599,2.986667210067198,1.2334210230746403,85.8722838782452,85.8722838782452,0.0,schwefel,value,logei,exact,none,0.0,0,50,11,47c6b7eb-4c07-4674-b3f0-c4ae84492586,True,0.01,2.0,12.834176799995475,4.328390371778852,"x0,x1,x2,x3",4,0.2,0.5,,,,,,,
-684.0563408143397,1000.0,0.0,551.2123588411204,1331.0778121310175,20.0,3.0949693487042116,1.2334210230746403,149.3333605033599,2.986667210067198,1.2334210230746403,85.8722838782452,85.8722838782452,0.0,schwefel,value,logei,exact,none,0.0,20,50,11,47c6b7eb-4c07-4674-b3f0-c4ae84492586,True,0.01,2.0,12.834176799995475,4.328390371778852,"x0,x1,x2,x3",4,0.2,0.5,,,,,,,
19.3558818082563,428.93316052025455,-531.0777814691606,101.08494102735341,690.3767678790898,0.0,3.1993510560746716,1.1290393157041803,135.15892281653183,2.7031784563306367,1.1290393157041803,88.12605669402475,89.00353773792882,0.0,schwefel,value,logei,exact,gaussian,0.05,0,50,11,0355c9b2-acde-4c7d-a1a2-d728e0353705,False,0.01,2.0,15.968143099991721,4.328390371778852,"x0,x1,x2,x3",4,0.05,0.05,,,,,,,
-684.0469028212121,1000.0,0.0,550.6076456582878,1330.8226571247783,20.0,3.0949693487042116,1.2334210230746403,158.16848300738246,3.1633696601476493,1.2334210230746403,85.8722838782452,85.8722838782452,0.0,schwefel,value,logei,exact,gaussian,0.05,20,50,11,f42d803f-c558-4ae3-bb11-3727c110bca2,False,0.01,2.0,12.932425799997873,4.328390371778852,"x0,x1,x2,x3",4,0.05,0.05,,,,,,,
19.3558818082563,428.93316052025455,-531.0777814691606,101.08494102735341,690.3767678790898,0.0,2.013512666899836,2.3148777048790157,178.37516206459412,3.5675032412918823,2.3148777048790157,140.55991731080823,141.14773335873892,0.0,schwefel,value,logei,exact,gaussian,0.25,0,50,11,993416d2-ea5c-4a7c-bcc8-d9a8cdf1aaf0,False,0.01,2.0,15.241497499999241,4.328390371778852,"x0,x1,x2,x3",4,0.25,0.25,,,,,,,
-0.11170855820699899,0.0,0.0,0.0,0.11170855820699899,20.0,3.0949693487042116,1.2334210230746403,161.536557200909,3.2307311440181796,1.2334210230746403,85.8722838782452,85.8722838782452,0.0,schwefel,value,logei,exact,gaussian,0.25,20,50,11,d10283b4-bc94-47eb-ae8d-e27c8c8cacba,False,0.01,2.0,13.992061899989494,4.328390371778852,"x0,x1,x2,x3",4,0.25,0.25,,,,,,,
19.3558818082563,428.93316052025455,-531.0777814691606,101.08494102735341,690.3767678790898,0.0,1.8089047509394893,2.5194856208393626,177.6320575315815,3.5526411506316298,2.6010161524721442,152.92731776372847,167.01516993422618,0.0,schwefel,value,logei,exact,gaussian,1.0,0,50,11,46a8bacc-c303-4a4e-9cf5-35ca6e06a96d,False,0.01,2.0,10.910043399999267,4.328390371778852,"x0,x1,x2,x3",4,1.0,1.0,,,,,,,
-673.7671219212425,1000.0,0.0,618.4984421698651,1355.1761721446346,20.0,3.0949693487042116,1.2334210230746403,166.58669601850718,3.3317339203701435,2.614091888449123,85.8722838782452,107.64391345753327,0.0,schwefel,value,logei,exact,gaussian,1.0,20,50,11,852c8d7c-53e2-4da0-abef-6320b4cabdcb,False,0.01,2.0,11.546698699996341,4.328390371778852,"x0,x1,x2,x3",4,1.0,1.0,,,,,,,
19.3558818082563,428.93316052025455,-531.0777814691606,101.08494102735341,690.3767678790898,0.0,2.3859742168473574,1.9424161549314944,217.0243444831768,4.340486889663536,3.678126387034636,130.93035451851847,246.46396102241332,0.0,schwefel,value,logei,exact,gaussian,5.0,0,50,11,2ec90f22-c285-4666-8c12-f74ba4fb699c,False,0.01,2.0,12.830669200004195,4.328390371778852,"x0,x1,x2,x3",4,5.0,5.0,,,,,,,
87.4265431394445,0.0,946.4892922437734,0.0,950.5184799768136,20.0,3.0949693487042116,1.2334210230746403,183.7842647175002,3.675685294350004,1.2334210230746403,85.8722838782452,132.10332285900867,0.0,schwefel,value,logei,exact,gaussian,5.0,20,50,11,04a1570f-3468-457d-815c-9fbc7909a360,False,0.01,2.0,9.710158300003968,4.328390371778852,"x0,x1,x2,x3",4,5.0,5.0,,,,,,,
19.3558818082563,428.93316052025455,-531.0777814691606,101.08494102735341,690.3767678790898,0.0,2.9425515038328887,1.3858388679459632,156.4656246243146,3.129312492486292,1.3858388679459632,106.70245667211329,106.70245667211329,0.0,schwefel,value,qnei,exact,none,0.0,0,50,11,191ca6e3-a83b-4076-a0b0-cf1a96fe3c86,True,0.01,2.0,14.782440700000734,4.328390371778852,"x0,x1,x2,x3",4,0.2,0.5,,,,,,,
-84.55683229896067,41.72465238873568,-285.8471106831554,67.83885664817467,308.5473799315675,20.0,2.9425515038328887,1.3858388679459632,156.4656246243146,3.129312492486292,1.3858388679459632,106.70245667211329,106.70245667211329,0.0,schwefel,value,qnei,exact,none,0.0,20,50,11,191ca6e3-a83b-4076-a0b0-cf1a96fe3c86,True,0.01,2.0,14.782440700000734,4.328390371778852,"x0,x1,x2,x3",4,0.2,0.5,,,,,,,
19.3558818082563,428.93316052025455,-531.0777814691606,101.08494102735341,690.3767678790898,0.0,2.2369350951933207,2.091455276585531,181.25741356756194,3.6251482713512386,2.091455276585531,118.74905997063975,118.74905997063975,0.0,schwefel,value,qnei,exact,gaussian,0.05,0,50,11,9d9d5c9a-7d1e-409e-9a24-bb7917cfd78f,False,0.01,2.0,14.181500200007576,4.328390371778852,"x0,x1,x2,x3",4,0.05,0.05,,,,,,,
-84.34617599406556,41.657521225462716,-285.8471106831554,67.83885664817467,308.48064386069905,20.0,3.5321003269662685,0.7962900448125834,151.26769416191325,3.025353883238265,0.7962900448125834,88.30746291687804,88.30746291687804,0.0,schwefel,value,qnei,exact,gaussian,0.05,20,50,11,ecdfc327-10c3-4480-808c-0a6e7d24eaca,False,0.01,2.0,14.297347500003525,4.328390371778852,"x0,x1,x2,x3",4,0.05,0.05,,,,,,,
19.3558818082563,428.93316052025455,-531.0777814691606,101.08494102735341,690.3767678790898,0.0,2.089535301877436,2.238855069901416,191.9988421678547,3.839976843357094,2.238855069901416,125.55481973425559,126.38683055986864,0.0,schwefel,value,qnei,exact,gaussian,0.25,0,50,11,1e6c1e83-98ba-4c15-a6f7-8654ce2d7931,False,0.01,2.0,12.332707099994877,4.328390371778852,"x0,x1,x2,x3",4,0.25,0.25,,,,,,,
-85.55403122497466,27.788375806770233,-285.8471106831554,67.83885664817467,307.24968225542875,20.0,2.6709488077822514,1.6574415639966005,181.55028030009814,3.631005606001963,1.6574415639966005,112.31171701659602,112.31171701659602,0.0,schwefel,value,qnei,exact,gaussian,0.25,20,50,11,eb5c0860-4240-42c7-9212-a6509ba2aeb4,False,0.01,2.0,13.15250090000336,4.328390371778852,"x0,x1,x2,x3",4,0.25,0.25,,,,,,,
19.3558818082563,428.93316052025455,-531.0777814691606,101.08494102735341,690.3767678790898,0.0,1.4464318003411585,2.8819585714376936,203.34490025056095,4.066898005011219,3.122540781442797,151.22738671224064,181.08789040314718,0.0,schwefel,value,qnei,exact,gaussian,1.0,0,50,11,79209668-f1bb-4f57-8e84-27d08acf5ab5,False,0.01,2.0,12.456969599996228,4.328390371778852,"x0,x1,x2,x3",4,1.0,1.0,,,,,,,
-52.24082947141841,-2.047046802038011,-119.81732850704091,-43.40874936294841,137.7454405644375,20.0,3.2776611287750073,1.0507292430038446,167.1935531986711,3.343871063973422,1.4523995902303484,97.82609123522502,112.04368918582041,0.0,schwefel,value,qnei,exact,gaussian,1.0,20,50,11,41cc0c27-d3e3-405a-a72c-85995ab0527f,False,0.01,2.0,13.842843999998877,4.328390371778852,"x0,x1,x2,x3",4,1.0,1.0,,,,,,,
19.3558818082563,428.93316052025455,-531.0777814691606,101.08494102735341,690.3767678790898,0.0,1.8656139949776982,2.4627763768011537,218.51978697641653,4.37039573952833,3.7612746550842306,149.21535835782365,215.47958217254651,0.0,schwefel,value,qnei,exact,gaussian,5.0,0,50,11,9047a56c-e6c9-41f5-b09a-ff9838273587,False,0.01,2.0,11.719019500000286,4.328390371778852,"x0,x1,x2,x3",4,5.0,5.0,,,,,,,
-5.822888908022037,-338.19787525876563,152.90624956949395,-81.25477312723785,379.99258963583225,20.0,2.118492504022311,2.209897867756541,196.12137641619748,3.9224275283239494,3.875213907084315,124.18952754743474,164.59806819301647,0.0,schwefel,value,qnei,exact,gaussian,5.0,20,50,11,bcae043e-d568-464e-ba42-10a043093e1d,False,0.01,2.0,13.944967099989299,4.328390371778852,"x0,x1,x2,x3",4,5.0,5.0,,,,,,,
-0.05814962661500278,-0.369503913040817,0.3468300956684176,0.5931945844244383,0.9136168966722203,0.0,7.919294039085956,0.04786992420598146,173.97863842936968,3.479572768587394,0.04786992420598146,80.73586686584336,80.73586686584336,0.0,hartmann_6,value,logei,exact,none,0.0,0,50,11,59d6e383-c163-418e-bba6-8f0c66230689,True,0.01,2.0,19.743959300001734,7.967163963291937,"x0,x1,x2,x3,x4,x5",6,0.2,0.5,0.22106703915233505,-0.41682100115710685,,,,,
0.08913071239060619,0.08971727283737224,0.26283369820798697,-0.03786382622133372,0.4242491936025408,20.0,7.919294039085956,0.04786992420598146,173.97863842936968,3.479572768587394,0.04786992420598146,80.73586686584336,80.73586686584336,0.0,hartmann_6,value,logei,exact,none,0.0,20,50,11,59d6e383-c163-418e-bba6-8f0c66230689,True,0.01,2.0,19.743959300001734,7.967163963291937,"x0,x1,x2,x3,x4,x5",6,0.2,0.5,-0.1627043588412119,0.25885512299361074,,,,,
-0.05814962661500278,-0.369503913040817,0.3468300956684176,0.5931945844244383,0.9136168966722203,0.0,7.923368447380581,0.043795515911355665,213.00351219215662,4.260070243843132,0.043795515911355665,65.57901869322124,65.57901869322124,0.0,hartmann_6,value,logei,exact,gaussian,0.05,0,50,11,baad1425-9816-46a1-a770-3987bcc56957,False,0.01,2.0,19.76157410000451,7.967163963291937,"x0,x1,x2,x3,x4,x5",6,0.05,0.05,0.22106703915233505,-0.41682100115710685,,,,,
0.08985862496416117,0.08794564348627854,0.27186349344466965,-0.03808789953665473,0.43220492991063647,20.0,7.93277073626531,0.03439322702662739,206.7243928246877,4.134487856493754,0.06134762266317573,80.5704686271047,82.0536564752696,0.0,hartmann_6,value,logei,exact,gaussian,0.05,20,50,11,920ebf41-b67f-490e-be53-07c35cb0ccef,False,0.01,2.0,19.52637729998969,7.967163963291937,"x0,x1,x2,x3,x4,x5",6,0.05,0.05,-0.1659180800839508,0.2609652013058336,,,,,
-0.05814962661500278,-0.369503913040817,0.3468300956684176,0.5931945844244383,0.9136168966722203,0.0,7.665847468206276,0.3013164950856613,162.3817668699911,3.247635337399822,0.49172409780941084,126.1624367008012,130.58154482739045,0.0,hartmann_6,value,logei,exact,gaussian,0.25,0,50,11,5b731de2-a8b3-4db7-8830-8ba6e6436e7b,False,0.01,2.0,16.487440500000957,7.967163963291937,"x0,x1,x2,x3,x4,x5",6,0.25,0.25,0.22106703915233505,-0.41682100115710685,,,,,
0.09023578006886437,0.08700728023735876,0.2768318526798599,-0.038210298391875036,0.4364975195796911,20.0,7.903291367550051,0.06387259574188597,170.11149705630717,3.4022299411261434,0.08119420574105529,80.75608932803955,81.51403989432951,0.0,hartmann_6,value,logei,exact,gaussian,0.25,20,50,11,b06399ee-dcd3-458d-94b3-568b1ab371ca,False,0.01,2.0,19.169186299986904,7.967163963291937,"x0,x1,x2,x3,x4,x5",6,0.25,0.25,-0.1674294100964944,0.26208550676003467,,,,,
-0.05814962661500278,-0.369503913040817,0.3468300956684176,0.5931945844244383,0.9136168966722203,0.0,4.043309992639872,3.9238539706520648,285.14300816107044,5.702860163221409,4.3753562082447175,241.76716826446088,267.62821189374733,0.0,hartmann_6,value,logei,exact,gaussian,1.0,0,50,11,891e10f8-0d4b-4113-bea1-a22e91c0937a,False,0.01,2.0,20.571785499996622,7.967163963291937,"x0,x1,x2,x3,x4,x5",6,1.0,1.0,0.22106703915233505,-0.41682100115710685,,,,,
-0.052361186924918604,0.0002703166264642204,0.037168679976130936,-0.010436975089422762,0.3534475130345405,20.0,7.8573746932624475,0.10978927002948957,143.818980528181,2.8763796105636197,0.10978927002948957,82.90956256265146,84.32004872665863,0.0,hartmann_6,value,logei,exact,gaussian,1.0,20,50,11,80fef0bd-a0e4-492b-bd22-e4b958e63d21,False,0.01,2.0,15.356695399997989,7.967163963291937,"x0,x1,x2,x3,x4,x5",6,1.0,1.0,-0.011457551219599516,0.347219902659542,,,,,
-0.05814962661500278,-0.369503913040817,0.3468300956684176,0.5931945844244383,0.9136168966722203,0.0,3.1900561602943824,4.777107802997555,374.4602234154518,7.489204468309037,8.541939739340334,243.90717239138408,328.6781802555516,0.0,hartmann_6,value,logei,exact,gaussian,5.0,0,50,11,f42065fe-3a43-45bc-8627-b18802b6710c,False,0.01,2.0,19.751729700001306,7.967163963291937,"x0,x1,x2,x3,x4,x5",6,5.0,5.0,0.22106703915233505,-0.41682100115710685,,,,,
0.06199924638518026,0.09576121567751913,-0.04849710763048748,0.08208910516642859,0.36204286826789456,20.0,7.10950328748956,0.8576606758023768,258.79954300857804,5.175990860171561,2.182294880356796,101.2324120040872,221.13177563452922,0.0,hartmann_6,value,logei,exact,gaussian,5.0,20,50,11,05b02c39-38bf-401a-936c-50434cee5f37,False,0.01,2.0,18.937337200011825,7.967163963291937,"x0,x1,x2,x3,x4,x5",6,5.0,5.0,-0.10030616846339646,0.31449801814307526,,,,,
-0.05814962661500278,-0.369503913040817,0.3468300956684176,0.5931945844244383,0.9136168966722203,0.0,7.932259718770245,0.03490424452169183,197.2486258590356,3.944972517180712,0.03490424452169183,79.89017769318389,79.89017769318389,0.0,hartmann_6,value,qnei,exact,none,0.0,0,50,11,2a6dfcd1-881d-4943-a7c5-d02e5bf10c8e,True,0.01,2.0,19.243035900013638,7.967163963291937,"x0,x1,x2,x3,x4,x5",6,0.2,0.5,0.22106703915233505,-0.41682100115710685,,,,,
-0.12027668053361712,0.22230617400944844,0.07636992636591344,-0.11716936043158688,0.3279777618515759,20.0,7.932259718770245,0.03490424452169183,197.2486258590356,3.944972517180712,0.03490424452169183,79.89017769318389,79.89017769318389,0.0,hartmann_6,value,qnei,exact,none,0.0,20,50,11,2a6dfcd1-881d-4943-a7c5-d02e5bf10c8e,True,0.01,2.0,19.243035900013638,7.967163963291937,"x0,x1,x2,x3,x4,x5",6,0.2,0.5,0.024206501862448493,-0.15341420396027605,,,,,
-0.05814962661500278,-0.369503913040817,0.3468300956684176,0.5931945844244383,0.9136168966722203,0.0,7.951696533579991,0.015467429711946146,191.9801934927617,3.8396038698552344,0.015467429711946146,72.75592088370155,74.68260266213862,0.0,hartmann_6,value,qnei,exact,gaussian,0.05,0,50,11,4ca86952-ca57-4768-914f-16e551aed44d,False,0.01,2.0,19.15525609999895,7.967163963291937,"x0,x1,x2,x3,x4,x5",6,0.05,0.05,0.22106703915233505,-0.41682100115710685,,,,,
-0.12078953923141976,0.22267711887594277,0.07646494347112237,-0.11742605367529121,0.3285552082471065,20.0,7.924665573076682,0.04249839021525492,206.56196076009275,4.131239215201855,0.06290170327227429,79.86819181551522,80.03016027632742,0.0,hartmann_6,value,qnei,exact,gaussian,0.05,20,50,11,a8139cef-8d9d-4db7-95ac-4bf5532ca3c7,False,0.01,2.0,18.730624999996508,7.967163963291937,"x0,x1,x2,x3,x4,x5",6,0.05,0.05,0.02422243480454228,-0.15346276681337212,,,,,
-0.05814962661500278,-0.369503913040817,0.3468300956684176,0.5931945844244383,0.9136168966722203,0.0,7.8581954074309435,0.10896855586099363,159.2756080945392,3.185512161890784,0.10896855586099363,73.61382261630348,73.66702452191558,0.0,hartmann_6,value,qnei,exact,gaussian,0.25,0,50,11,b7b1f668-43ab-4ae1-9291-c743bfb6d4fe,False,0.01,2.0,17.689390799991088,7.967163963291937,"x0,x1,x2,x3,x4,x5",6,0.25,0.25,0.22106703915233505,-0.41682100115710685,,,,,
-0.1226652508570075,0.23429819057056092,0.07736143411733731,-0.12473074704129367,0.3408294241927391,20.0,7.877383312295928,0.08978065099600929,199.8177822652662,3.996355645305324,0.08978065099600929,82.0557519209872,85.5349846597013,0.0,hartmann_6,value,qnei,exact,gaussian,0.25,20,50,11,2d5a7665-1656-4a67-9dc1-2dac12c2e079,False,0.01,2.0,17.976433999996516,7.967163963291937,"x0,x1,x2,x3,x4,x5",6,0.25,0.25,0.022940740505260404,-0.15541384173233286,,,,,
-0.05814962661500278,-0.369503913040817,0.3468300956684176,0.5931945844244383,0.9136168966722203,0.0,7.192457539754529,0.7747064235374079,269.1404088797338,5.382808177594676,0.7747064235374079,103.48903552507464,128.5740522949066,0.0,hartmann_6,value,qnei,exact,gaussian,1.0,0,50,11,e761310d-8f9b-4817-8441-6832787fefd9,False,0.01,2.0,22.37656540000171,7.967163963291937,"x0,x1,x2,x3,x4,x5",6,1.0,1.0,0.22106703915233505,-0.41682100115710685,,,,,
-0.09925104550432409,0.16336349464985225,0.06425361668058927,-0.09408665913826025,0.26495283033104744,20.0,7.876337289094513,0.09082667419742396,167.85707988138526,3.357141597627705,1.0228822025764845,87.21892061227943,101.41032179821818,0.0,hartmann_6,value,qnei,exact,gaussian,1.0,20,50,11,2b7b2d49-25b9-42c7-ae83-a769bf13b920,False,0.01,2.0,18.199529899997287,7.967163963291937,"x0,x1,x2,x3,x4,x5",6,1.0,1.0,0.025395963819379086,-0.1415479396525029,,,,,
-0.05814962661500278,-0.369503913040817,0.3468300956684176,0.5931945844244383,0.9136168966722203,0.0,2.694152963576598,5.273010999715339,418.47105742224767,8.369421148444953,8.632225458432139,287.01023269351776,420.1680319780905,0.0,hartmann_6,value,qnei,exact,gaussian,5.0,0,50,11,729753be-74ae-4d2d-84d8-9cabb991a6ae,False,0.01,2.0,17.707819600007497,7.967163963291937,"x0,x1,x2,x3,x4,x5",6,5.0,5.0,0.22106703915233505,-0.41682100115710685,,,,,
0.04782335268045035,-0.003868379524267031,-0.05256880667922115,0.04492512102679194,0.18900593652305234,20.0,6.946635383842562,1.0205285794493753,207.60103954154633,4.152020790830926,2.2391929267282844,104.7872623876178,141.73351354590693,0.0,hartmann_6,value,qnei,exact,gaussian,5.0,20,50,11,184949e8-61ed-4304-9c02-816c5e7b338c,False,0.01,2.0,18.91349910000281,7.967163963291937,"x0,x1,x2,x3,x4,x5",6,5.0,5.0,-0.04822059565653958,0.16221662935344472,,,,,
1.268507070185887,28.110563607855404,-34.804713486362914,6.6247026951686365,45.244531859724034,0.0,10.897822919952143,9.20462423390129,789.9420699576768,15.798841399153536,9.20462423390129,728.4123727217178,728.4123727217178,0.0,ackley,value,logei,exact,none,0.0,0,50,11,576028d1-31d9-4052-94ff-e1c769d9210b,True,0.01,2.0,13.497588500002166,20.102447153853433,"x0,x1,x2,x3",4,0.2,0.5,,,,,,,
0.3444088643747394,0.558731790722665,0.017948950697512345,-0.7073659051547985,0.9651359326181275,20.0,10.897822919952143,9.20462423390129,789.9420699576768,15.798841399153536,9.20462423390129,728.4123727217178,728.4123727217178,0.0,ackley,value,logei,exact,none,0.0,20,50,11,576028d1-31d9-4052-94ff-e1c769d9210b,True,0.01,2.0,13.497588500002166,20.102447153853433,"x0,x1,x2,x3",4,0.2,0.5,,,,,,,
1.268507070185887,28.110563607855404,-34.804713486362914,6.6247026951686365,45.244531859724034,0.0,12.608111135308272,7.494336018545161,780.8004358602345,15.616008717204691,7.494336018545161,734.4773986016606,734.4773986016606,0.0,ackley,value,logei,exact,gaussian,0.05,0,50,11,97c66bf8-03db-4075-ab9b-bb299ceaea7b,False,0.01,2.0,13.409347100008745,20.102447153853433,"x0,x1,x2,x3",4,0.05,0.05,,,,,,,
0.461478858536603,1.2173103767149058,0.010566453147024646,-1.3068080679909118,1.8446317428235588,20.0,11.913397440018938,8.189049713834494,756.8383261705741,15.136766523411481,8.189049713834494,699.1376941861502,699.1376941861502,0.0,ackley,value,logei,exact,gaussian,0.05,20,50,11,111117e1-bd2b-4c77-9280-8763753b272c,False,0.01,2.0,12.644471599996905,20.102447153853433,"x0,x1,x2,x3",4,0.05,0.05,,,,,,,
1.268507070185887,28.110563607855404,-34.804713486362914,6.6247026951686365,45.244531859724034,0.0,16.096251963173707,4.006195190679726,671.6977586074181,13.433955172148362,4.006195190679726,503.0880243893473,503.355068112197,0.0,ackley,value,logei,exact,gaussian,0.25,0,50,11,da51b479-4467-4cef-88f8-20defc696ba6,False,0.01,2.0,13.064312400005292,20.102447153853433,"x0,x1,x2,x3",4,0.25,0.25,,,,,,,
0.5124554567997179,1.523895627765735,0.008089601248570943,-1.590263376966119,2.261387080819066,20.0,7.476260172896215,12.626186980957218,883.4431276627943,17.668862553255885,12.626186980957218,828.4789947954131,828.4789947954131,0.0,ackley,value,logei,exact,gaussian,0.25,20,50,11,31dfaa31-ab07-423c-a61e-92c337bbd359,False,0.01,2.0,13.992281900005764,20.102447153853433,"x0,x1,x2,x3",4,0.25,0.25,,,,,,,
1.268507070185887,28.110563607855404,-34.804713486362914,6.6247026951686365,45.244531859724034,0.0,11.5319335031963,8.570513650657134,765.965904992302,15.319318099846038,8.570513650657134,702.7045760622373,721.1080641586686,0.0,ackley,value,logei,exact,gaussian,1.0,0,50,11,d863437b-8c98-4c35-8929-4d2466fcadb7,False,0.01,2.0,12.531668600000557,20.102447153853433,"x0,x1,x2,x3",4,1.0,1.0,,,,,,,
-0.3036788339466563,-3.3601217100744334,0.020277251035178523,3.4687486976363937,4.838932468526964,20.0,11.724276527510238,8.378170626343195,803.8459228550536,16.076918457101073,8.90952542963407,732.1586537314721,742.3172848120233,0.0,ackley,value,logei,exact,gaussian,1.0,20,50,11,64fc94cc-c5db-48c1-ace0-2b006dba7284,False,0.01,2.0,13.061238000009325,20.102447153853433,"x0,x1,x2,x3",4,1.0,1.0,,,,,,,
1.268507070185887,28.110563607855404,-34.804713486362914,6.6247026951686365,45.244531859724034,0.0,1.2897487109322534,18.812698442921178,1026.9777268058458,20.539554536116917,20.75966464964585,926.3479116821597,1002.0575267422495,0.0,ackley,value,logei,exact,gaussian,5.0,0,50,11,2a5dec91-4fc9-45d7-a194-982f231e3e06,False,0.01,2.0,14.507056599992211,20.102447153853433,"x0,x1,x2,x3",4,5.0,5.0,,,,,,,
18.28379728971296,4.175712476436656,-2.478779360199834,-7.660164014779854,20.409710381753698,20.0,2.839477249245319,17.262969904608113,995.4382519594667,19.908765039189333,19.39041111666214,866.1040673156982,926.9010258286675,0.0,ackley,value,logei,exact,gaussian,5.0,20,50,11,58bbcb1a-8a71-4d4f-90ee-4573c70ddf67,False,0.01,2.0,11.74922610000067,20.102447153853433,"x0,x1,x2,x3",4,5.0,5.0,,,,,,,
1.268507070185887,28.110563607855404,-34.804713486362914,6.6247026951686365,45.244531859724034,0.0,15.810714059851858,4.291733094001575,712.5524938516078,14.251049877032155,4.291733094001575,539.062217916618,539.062217916618,0.0,ackley,value,qnei,exact,none,0.0,0,50,11,e6b327e3-8366-4d8d-b3f6-b43b260d6533,True,0.01,2.0,14.286461399999098,20.102447153853433,"x0,x1,x2,x3",4,0.2,0.5,,,,,,,
-8.320917857412939,10.395218530256923,0.3848596772275634,5.910707927882974,14.573360198029308,20.0,15.810714059851858,4.291733094001575,712.5524938516078,14.251049877032155,4.291733094001575,539.062217916618,539.062217916618,0.0,ackley,value,qnei,exact,none,0.0,20,50,11,e6b327e3-8366-4d8d-b3f6-b43b260d6533,True,0.01,2.0,14.286461399999098,20.102447153853433,"x0,x1,x2,x3",4,0.2,0.5,,,,,,,
1.268507070185887,28.110563607855404,-34.804713486362914,6.6247026951686365,45.244531859724034,0.0,16.540405850446774,3.5620413034066587,654.8341911207815,13.09668382241563,3.5620413034066587,491.91904281522375,491.91904281522375,0.0,ackley,value,qnei,exact,gaussian,0.05,0,50,11,5802ea26-020f-45f7-8d7e-29a440f83bf9,False,0.01,2.0,14.577742699999362,20.102447153853433,"x0,x1,x2,x3",4,0.05,0.05,,,,,,,
-8.346336290326029,10.403435711918924,0.3892652197121773,5.903452343569036,14.590924613173478,20.0,15.970277695929568,4.132169457923865,706.7061886348039,14.134123772696078,4.132169457923865,534.1841369712296,534.1841369712296,0.0,ackley,value,qnei,exact,gaussian,0.05,20,50,11,79ad0e10-2802-46bc-982d-f4c4491357d0,False,0.01,2.0,15.360109800007194,20.102447153853433,"x0,x1,x2,x3",4,0.05,0.05,,,,,,,
1.268507070185887,28.110563607855404,-34.804713486362914,6.6247026951686365,45.244531859724034,0.0,14.922760562061239,5.179686591792194,777.1991480875778,15.543982961751556,5.179686591792194,704.4318554488357,705.3024451428166,0.0,ackley,value,qnei,exact,gaussian,0.25,0,50,11,4bc63acc-b9bb-4073-a8f8-19f7c11fd68a,False,0.01,2.0,15.039305999991484,20.102447153853433,"x0,x1,x2,x3",4,0.25,0.25,,,,,,,
-9.083803873104266,10.39423193577137,0.5611103244257531,5.348065425793783,14.814594119798945,20.0,16.09409809909261,4.008349054760824,673.7429177030289,13.474858354060578,4.008349054760824,556.2796143330659,556.4789404147994,0.0,ackley,value,qnei,exact,gaussian,0.25,20,50,11,c63f8aa3-835e-4517-9094-114cde0254c0,False,0.01,2.0,14.569802800004254,20.102447153853433,"x0,x1,x2,x3",4,0.25,0.25,,,,,,,
1.268507070185887,28.110563607855404,-34.804713486362914,6.6247026951686365,45.244531859724034,0.0,16.429349708931127,3.6730974449223055,728.1200671916606,14.562401343833212,3.6730974449223055,634.6553038136498,640.5578115944514,0.0,ackley,value,qnei,exact,gaussian,1.0,0,50,11,82c16c21-10df-41f3-b982-e253e5578aef,False,0.01,2.0,16.47622290000436,20.102447153853433,"x0,x1,x2,x3",4,1.0,1.0,,,,,,,
-5.4196017188972565,10.490370958702375,0.01119863839166868,7.107581927083314,13.781792768082223,20.0,12.021671965785005,8.080775188068428,748.4186218902428,14.968372437804856,8.453397745762796,666.6911980093473,672.0016290687855,0.0,ackley,value,qnei,exact,gaussian,1.0,20,50,11,84233367-6286-4b5e-a296-1abb8481890d,False,0.01,2.0,14.573621899995487,20.102447153853433,"x0,x1,x2,x3",4,1.0,1.0,,,,,,,
1.268507070185887,28.110563607855404,-34.804713486362914,6.6247026951686365,45.244531859724034,0.0,1.2897487109322534,18.812698442921178,1030.7003883869384,20.614007767738766,20.408417912212556,926.3479116821597,1009.8179066748528,0.0,ackley,value,qnei,exact,gaussian,5.0,0,50,11,d39de4dc-a37f-4b24-946f-315d30dfdb6e,False,0.01,2.0,11.332529699997394,20.102447153853433,"x0,x1,x2,x3",4,5.0,5.0,,,,,,,
3.721815880015562,-4.543457499392245,-0.01590911173135723,-2.498036023341299,6.3824256021724635,20.0,3.225068934680683,16.87737821917275,991.3033240223057,19.826066480446112,20.582764305485608,852.0506921361916,920.0233450384583,0.0,ackley,value,qnei,exact,gaussian,5.0,20,50,11,4c8be460-b716-4b4f-8f5b-e6ec379ecb63,False,0.01,2.0,11.9518381000089,20.102447153853433,"x0,x1,x2,x3",4,5.0,5.0,,,,,,,
0.19355881808256314,4.289331605202546,-5.3107778146916065,1.0108494102735344,6.903767678790898,0.0,13.46897243502536,43.30510160299302,2548.072256987373,50.961445139747454,43.30510160299302,2330.5988814096117,2330.5988814096117,0.0,shekel,value,logei,exact,none,0.0,0,50,11,cb50a212-ac78-496c-a8e0-84c209815e9a,True,0.01,2.0,14.063633999990998,56.774074038018384,"x0,x1,x2,x3",4,0.2,0.5,,,,,,,
4.340586079335949,-5.547985470661548,0.005290472821151582,0.01920358467714056,7.044233603562831,20.0,13.46897243502536,43.30510160299302,2548.072256987373,50.961445139747454,43.30510160299302,2330.5988814096117,2330.5988814096117,0.0,shekel,value,logei,exact,none,0.0,20,50,11,cb50a212-ac78-496c-a8e0-84c209815e9a,True,0.01,2.0,14.063633999990998,56.774074038018384,"x0,x1,x2,x3",4,0.2,0.5,,,,,,,
0.19355881808256314,4.289331605202546,-5.3107778146916065,1.0108494102735344,6.903767678790898,0.0,14.977784713839265,41.79628932417912,2528.8932223067695,50.57786444613539,41.79628932417912,2393.487587101548,2393.7021787771264,0.0,shekel,value,logei,exact,gaussian,0.05,0,50,11,02a96c0b-e3a8-4137-a904-c6b432ddd316,False,0.01,2.0,13.955155199990259,56.774074038018384,"x0,x1,x2,x3",4,0.05,0.05,,,,,,,
6.901394765804524,-4.513444760747714,0.012737265124182606,0.1409128540383504,8.247451242180892,20.0,14.059189753681355,42.71488428433703,2529.850427987985,50.5970085597597,42.71488428433703,2341.884772771418,2341.884772771418,0.0,shekel,value,logei,exact,gaussian,0.05,20,50,11,849bee1b-0061-482a-b41f-e21b578e9c72,False,0.01,2.0,15.546246300000348,56.774074038018384,"x0,x1,x2,x3",4,0.05,0.05,,,,,,,
0.19355881808256314,4.289331605202546,-5.3107778146916065,1.0108494102735344,6.903767678790898,0.0,11.476827757636356,45.297246280382026,2618.6382647989153,52.372765295978304,45.297246280382026,2381.4940102703767,2381.4940102703767,0.0,shekel,value,logei,exact,gaussian,0.25,0,50,11,13a1e6b3-6e13-4146-ab37-7e523d19a34f,False,0.01,2.0,15.868923900008667,56.774074038018384,"x0,x1,x2,x3",4,0.25,0.25,,,,,,,
6.903432727717696,-4.510743204453448,0.012812126451954065,0.14057623822993914,8.24767321806495,20.0,12.54321790514044,44.230856132877946,2555.243934802352,51.104878696047045,44.230856132877946,2354.4904679466995,2358.763178116285,0.0,shekel,value,logei,exact,gaussian,0.25,20,50,11,9a47a8f2-2a2d-4308-909d-c1cc01d6472e,False,0.01,2.0,13.782478599998285,56.774074038018384,"x0,x1,x2,x3",4,0.25,0.25,,,,,,,
0.19355881808256314,4.289331605202546,-5.3107778146916065,1.0108494102735344,6.903767678790898,0.0,3.45365029528766,53.320423742730725,2740.3528715427715,54.80705743085543,53.940454157765885,2652.703895282215,2672.070316409041,0.0,shekel,value,logei,exact,gaussian,1.0,0,50,11,43daf6bf-3729-462d-b89c-2203d7627c99,False,0.01,2.0,12.871187700002338,56.774074038018384,"x0,x1,x2,x3",4,1.0,1.0,,,,,,,
6.82617492526191,-4.587981597024589,0.010990255672698623,0.1534401906546563,8.226171887502632,20.0,12.386306860686831,44.387767177331554,2535.914413455796,50.71828826911592,44.387767177331554,2359.382869999177,2369.87218941799,0.0,shekel,value,logei,exact,gaussian,1.0,20,50,11,98ce154b-81a5-4b0e-9b96-f3739b61f1c2,False,0.01,2.0,13.570433000000776,56.774074038018384,"x0,x1,x2,x3",4,1.0,1.0,,,,,,,
0.19355881808256314,4.289331605202546,-5.3107778146916065,1.0108494102735344,6.903767678790898,0.0,1.196970232133873,55.57710380588451,2863.9251606734915,57.27850321346983,57.44195024453416,2728.7219931156187,2806.8859793624433,0.0,shekel,value,logei,exact,gaussian,5.0,0,50,11,9d01c9cd-73d2-43a8-b7d8-348b1eb6a35a,False,0.01,2.0,17.585283399996115,56.774074038018384,"x0,x1,x2,x3",4,5.0,5.0,,,,,,,
3.9763316602766516,-3.881317896664444,-0.5183373769361417,0.5046210809713507,5.603495173476632,20.0,11.55096996253435,45.22310407548403,2702.2610269870256,54.04522053974051,48.31821913880366,2375.67193951315,2627.6984684679396,0.0,shekel,value,logei,exact,gaussian,5.0,20,50,11,4e13f66b-0661-42a0-8817-afb562fbe8d0,False,0.01,2.0,13.24861460000102,56.774074038018384,"x0,x1,x2,x3",4,5.0,5.0,,,,,,,
0.19355881808256314,4.289331605202546,-5.3107778146916065,1.0108494102735344,6.903767678790898,0.0,14.031536107912537,42.74253793010585,2557.907232831445,51.1581446566289,42.74253793010585,2344.1927331503275,2344.1927331503275,0.0,shekel,value,qnei,exact,none,0.0,0,50,11,395a87db-d067-4a80-9758-0cfc50d10553,True,0.01,2.0,15.238463600006071,56.774074038018384,"x0,x1,x2,x3",4,0.2,0.5,,,,,,,
0.001453891332788615,-3.7865616448194777,-0.8767801378573497,0.08323541135264989,3.8876371676973913,20.0,14.031536107912537,42.74253793010585,2557.907232831445,51.1581446566289,42.74253793010585,2344.1927331503275,2344.1927331503275,0.0,shekel,value,qnei,exact,none,0.0,20,50,11,395a87db-d067-4a80-9758-0cfc50d10553,True,0.01,2.0,15.238463600006071,56.774074038018384,"x0,x1,x2,x3",4,0.2,0.5,,,,,,,
0.19355881808256314,4.289331605202546,-5.3107778146916065,1.0108494102735344,6.903767678790898,0.0,16.07307349095365,40.70100054706474,2525.4499024176876,50.50899804835375,40.70100054706474,2373.7181272319913,2373.7181272319913,0.0,shekel,value,qnei,exact,gaussian,0.05,0,50,11,34d0f2ed-16cf-4375-8ab3-5f2fd918cce9,False,0.01,2.0,17.314247999995132,56.774074038018384,"x0,x1,x2,x3",4,0.05,0.05,,,,,,,
0.0015857604293234573,-3.7868419719521427,-0.8768585983173027,0.08301999569661422,3.8879233475343855,20.0,14.157904720391091,42.616169317627296,2564.781601879952,51.29563203759904,42.616169317627296,2345.5159716059234,2345.5159716059234,0.0,shekel,value,qnei,exact,gaussian,0.05,20,50,11,7129f53f-a45f-4913-9e02-23c91f43861c,False,0.01,2.0,16.657851199997822,56.774074038018384,"x0,x1,x2,x3",4,0.05,0.05,,,,,,,
0.19355881808256314,4.289331605202546,-5.3107778146916065,1.0108494102735344,6.903767678790898,0.0,14.172288423540845,42.601785614477535,2601.9502147037056,52.03900429407411,42.601785614477535,2384.8006040179775,2385.814065204903,0.0,shekel,value,qnei,exact,gaussian,0.25,0,50,11,04da4db7-922b-4f42-ab49-8ced2e2710e7,False,0.01,2.0,14.248546299990267,56.774074038018384,"x0,x1,x2,x3",4,0.25,0.25,,,,,,,
0.009608656731825427,-3.795853710453116,-0.9087376289806297,0.07418079266625277,3.9038320386218985,20.0,13.947242291289669,42.826831746728715,2561.461322963694,51.229226459273875,42.826831746728715,2350.4036675562324,2350.4036675562324,0.0,shekel,value,qnei,exact,gaussian,0.25,20,50,11,5e41de84-72b7-47d8-8ad8-2622913d0620,False,0.01,2.0,15.958406799996737,56.774074038018384,"x0,x1,x2,x3",4,0.25,0.25,,,,,,,
0.19355881808256314,4.289331605202546,-5.3107778146916065,1.0108494102735344,6.903767678790898,0.0,11.215753070539819,45.558320967478565,2611.185244697166,52.22370489394332,45.558320967478565,2456.4171807249986,2459.5258174403657,0.0,shekel,value,qnei,exact,gaussian,1.0,0,50,11,4572807d-b74a-462f-8aa3-346fee28d8a7,False,0.01,2.0,16.03629789999104,56.774074038018384,"x0,x1,x2,x3",4,1.0,1.0,,,,,,,
-0.004299198169953833,-3.75448708952199,-0.6600360353327526,0.08893515909268856,3.813102256556048,20.0,13.49531212429169,43.2787619137267,2577.306399897314,51.54612799794628,43.2787619137267,2361.9479973476364,2369.570671393319,0.0,shekel,value,qnei,exact,gaussian,1.0,20,50,11,8e56359f-5a10-47fb-831c-1eee75e0b0c3,False,0.01,2.0,13.199685500003397,56.774074038018384,"x0,x1,x2,x3",4,1.0,1.0,,,,,,,
0.19355881808256314,4.289331605202546,-5.3107778146916065,1.0108494102735344,6.903767678790898,0.0,1.196970232133873,55.57710380588451,2868.729672377841,57.37459344755682,56.54674454864898,2728.7219931156187,2816.596268183,0.0,shekel,value,qnei,exact,gaussian,5.0,0,50,11,c7153490-effc-41cb-81fc-86ccbe765dc3,False,0.01,2.0,14.041500699997414,56.774074038018384,"x0,x1,x2,x3",4,5.0,5.0,,,,,,,
0.05861780040426989,-3.543003448126149,0.2614970658585749,-0.4787377462572353,3.5852308189434776,20.0,12.11145946837098,44.6626145696474,2705.2459170213933,54.104918340427865,50.08164179985636,2385.3702742788228,2548.7642678347097,0.0,shekel,value,qnei,exact,gaussian,5.0,20,50,11,fa8466f6-c15c-4248-bcf4-f3ad4f31b70d,False,0.01,2.0,15.385154699994018,56.774074038018384,"x0,x1,x2,x3",4,5.0,5.0,,,,,,,
2.512145726223096,-1.347294900034295,-1.481965935395698,2.8891325241115347,4.57017014560389,0.0,6.617786977739635,1.4299341889493435,234.80551075579734,4.696110215115947,1.4299341889493435,172.2847525749121,172.2847525749121,0.0,michalewicz,value,logei,exact,none,0.0,0,50,11,634eabf2-ebd1-4c67-8660-d852f741033e,True,0.01,2.0,23.420752400008496,8.047721166688978,"x0,x1,x2,x3,x4",5,0.2,0.5,1.4889814259343046,,,,,,
-0.042174765943315484,-0.00957407257810039,0.47502110808235165,-0.06351729531936678,0.481678451585634,20.0,6.617786977739635,1.4299341889493435,234.80551075579734,4.696110215115947,1.4299341889493435,172.2847525749121,172.2847525749121,0.0,michalewicz,value,logei,exact,none,0.0,20,50,11,634eabf2-ebd1-4c67-8660-d852f741033e,True,0.01,2.0,23.420752400008496,8.047721166688978,"x0,x1,x2,x3,x4",5,0.2,0.5,0.02154662491799897,,,,,,
2.512145726223096,-1.347294900034295,-1.481965935395698,2.8891325241115347,4.57017014560389,0.0,3.980667855924784,4.067053310764194,334.43537567674645,6.688707513534929,4.067053310764194,276.64297549073353,276.6651834369104,0.0,michalewicz,value,logei,exact,gaussian,0.05,0,50,11,cf6a533a-b173-4ccb-9a9f-841d0e9dde5a,False,0.01,2.0,17.701548600001843,8.047721166688978,"x0,x1,x2,x3,x4",5,0.05,0.05,1.4889814259343046,,,,,,
-0.05547083858130997,-0.009233619554221528,0.4688368804171563,-0.0628111325150229,0.4768731938979116,20.0,5.1805601778937,2.8671609887952787,270.44709576890824,5.408941915378165,2.8671609887952787,205.28081550351246,205.28081550351246,0.0,michalewicz,value,logei,exact,gaussian,0.05,20,50,11,9a123a5b-5a35-4f2d-80c7-f6d7999c80aa,False,0.01,2.0,22.256844899995485,8.047721166688978,"x0,x1,x2,x3,x4",5,0.05,0.05,0.022192579577387406,,,,,,
2.512145726223096,-1.347294900034295,-1.481965935395698,2.8891325241115347,4.57017014560389,0.0,6.852449095887875,1.1952720708011029,255.95411475552666,5.119082295110533,1.1952720708011029,182.15943679540302,183.2577282045831,0.0,michalewicz,value,logei,exact,gaussian,0.25,0,50,11,f952ba86-ed4a-43b3-9b6f-bea48decbc9f,False,0.01,2.0,23.819292899992433,8.047721166688978,"x0,x1,x2,x3,x4",5,0.25,0.25,1.4889814259343046,,,,,,
-0.06177869921257895,-0.00920647536002539,0.4658256049727916,-0.0624709704917088,0.4746635858355685,20.0,4.556546020346453,3.491175146342525,268.0627729983897,5.3612554599677935,3.491175146342525,214.54019220147228,214.54019220147228,0.0,michalewicz,value,logei,exact,gaussian,0.25,20,50,11,9822cbe9-f5a9-4515-9b24-9d4b4be1bc8f,False,0.01,2.0,21.922204200003762,8.047721166688978,"x0,x1,x2,x3,x4",5,0.25,0.25,0.02253966394789053,,,,,,
2.512145726223096,-1.347294900034295,-1.481965935395698,2.8891325241115347,4.57017014560389,0.0,2.642577689860255,5.405143476828723,336.70513088633754,6.734102617726751,6.49503219271353,279.6321097648429,299.5721717841909,0.0,michalewicz,value,logei,exact,gaussian,1.0,0,50,11,9bbdec92-f15a-42c6-b11c-2d45acecbb7b,False,0.01,2.0,22.372695900005056,8.047721166688978,"x0,x1,x2,x3,x4",5,1.0,1.0,1.4889814259343046,,,,,,
0.7735677112096475,0.07609795521272678,0.9265591642492261,-0.11076971450331663,1.214490030096004,20.0,4.835303088946555,3.2124180777424236,275.4448179623484,5.508896359246968,3.6987931586821006,210.98621187788433,218.7980043960247,0.0,michalewicz,value,logei,exact,gaussian,1.0,20,50,11,fa695f8d-7db3-4f31-8e61-9e37fcc294aa,False,0.01,2.0,18.219710199991823,8.047721166688978,"x0,x1,x2,x3,x4",5,1.0,1.0,-0.002513181953459398,,,,,,
2.512145726223096,-1.347294900034295,-1.481965935395698,2.8891325241115347,4.57017014560389,0.0,1.9468718490396557,6.100849317649322,400.4525439428196,8.009050878856392,6.4388064250842465,305.77792568849907,351.605572974423,0.0,michalewicz,value,logei,exact,gaussian,5.0,0,50,11,e4947c5c-f196-4645-b9ca-023ac76b6e8d,False,0.01,2.0,15.430815399988205,8.047721166688978,"x0,x1,x2,x3,x4",5,5.0,5.0,1.4889814259343046,,,,,,
0.42646268349345706,-0.2402010802391099,0.36943734469741685,-1.3585111849159122,1.490597275923868,20.0,4.556546020346453,3.491175146342525,346.26408334819723,6.9252816669639445,5.485616375431805,214.54019220147228,270.9513653014801,0.0,michalewicz,value,logei,exact,gaussian,5.0,20,50,11,8733a75b-85df-4eaa-985f-ab3c322f857c,False,0.01,2.0,17.45804539999517,8.047721166688978,"x0,x1,x2,x3,x4",5,5.0,5.0,-0.016633353013332464,,,,,,
2.512145726223096,-1.347294900034295,-1.481965935395698,2.8891325241115347,4.57017014560389,0.0,4.918243857870659,3.129477308818319,283.38044121104235,5.667608824220847,3.129477308818319,189.12453702283204,189.12453702283204,0.0,michalewicz,value,qnei,exact,none,0.0,0,50,11,7345583b-1c15-45bf-b81f-9411cf082d78,True,0.01,2.0,21.869138000009116,8.047721166688978,"x0,x1,x2,x3,x4",5,0.2,0.5,1.4889814259343046,,,,,,
-0.5574758229949217,0.11504231795288278,0.0546942855658239,-0.5347895592674696,0.7829541229328277,20.0,4.918243857870659,3.129477308818319,283.38044121104235,5.667608824220847,3.129477308818319,189.12453702283204,189.12453702283204,0.0,michalewicz,value,qnei,exact,none,0.0,20,50,11,7345583b-1c15-45bf-b81f-9411cf082d78,True,0.01,2.0,21.869138000009116,8.047721166688978,"x0,x1,x2,x3,x4",5,0.2,0.5,-0.003434079006908508,,,,,,
2.512145726223096,-1.347294900034295,-1.481965935395698,2.8891325241115347,4.57017014560389,0.0,5.583553805041857,2.464167361647121,297.0146027464541,5.940292054929082,2.464167361647121,216.54721630442685,216.58155827722206,0.0,michalewicz,value,qnei,exact,gaussian,0.05,0,50,11,7eb1c894-8b75-44b1-a81e-dc25cf13e104,False,0.01,2.0,20.245096699989517,8.047721166688978,"x0,x1,x2,x3,x4",5,0.05,0.05,1.4889814259343046,,,,,,
-0.5503090604442715,0.10034141421871556,0.05522644044596747,-0.5381279056250667,0.7781687682698508,20.0,5.443648815130711,2.6040723515582673,279.2288874000871,5.584577748001742,2.6040723515582673,184.6585948861216,184.6585948861216,0.0,michalewicz,value,qnei,exact,gaussian,0.05,20,50,11,02496463-2b79-44f9-8f72-fea8aa540367,False,0.01,2.0,22.65351479999663,8.047721166688978,"x0,x1,x2,x3,x4",5,0.05,0.05,-0.0025628030348654463,,,,,,
2.512145726223096,-1.347294900034295,-1.481965935395698,2.8891325241115347,4.57017014560389,0.0,5.422201414136815,2.6255197525521634,275.98963355557214,5.519792671111443,2.6255197525521634,195.42850922749582,196.28189953650244,0.0,michalewicz,value,qnei,exact,gaussian,0.25,0,50,11,b438ae95-af8d-465a-8b38-e85361bad407,False,0.01,2.0,17.79335649999848,8.047721166688978,"x0,x1,x2,x3,x4",5,0.25,0.25,1.4889814259343046,,,,,,
-0.4900792285008816,0.06329436277633294,-0.061855206518690586,-0.7951468052238304,0.9442177761294226,20.0,4.991163988226386,3.056557178462592,282.75938942824365,5.655187788564873,3.056557178462592,187.04631330769377,187.04631330769377,0.0,michalewicz,value,qnei,exact,gaussian,0.25,20,50,11,59267e14-19e1-4733-9d87-1e38ceb1edea,False,0.01,2.0,22.92210259998683,8.047721166688978,"x0,x1,x2,x3,x4",5,0.25,0.25,0.10620204216669804,,,,,,
2.512145726223096,-1.347294900034295,-1.481965935395698,2.8891325241115347,4.57017014560389,0.0,3.7753774134991778,4.2723437531898005,324.7250731018338,6.494501462036676,4.87724048004949,258.93667589948996,295.04365755835516,0.0,michalewicz,value,qnei,exact,gaussian,1.0,0,50,11,79f7bab0-283e-4cc8-bd6d-c724929dd6ea,False,0.01,2.0,23.025497700000415,8.047721166688978,"x0,x1,x2,x3,x4",5,1.0,1.0,1.4889814259343046,,,,,,
1.5174155431703062,-0.01599999929811191,0.28788472551886657,-0.8324406578726846,1.755095776269465,20.0,5.162480585669258,2.88524058101972,296.1789225231564,5.923578450463128,3.129477308818319,185.09463101415514,199.13482062958218,0.0,michalewicz,value,qnei,exact,gaussian,1.0,20,50,11,06383728-65b0-4f7d-89b1-6b7e9f3111d9,False,0.01,2.0,21.916599399992265,8.047721166688978,"x0,x1,x2,x3,x4",5,1.0,1.0,0.04147516341088742,,,,,,
2.512145726223096,-1.347294900034295,-1.481965935395698,2.8891325241115347,4.57017014560389,0.0,3.746644176579896,4.301076990109083,360.7731612681567,7.215463225363134,4.301076990109083,225.0371812493002,252.102145833488,0.0,michalewicz,value,qnei,exact,gaussian,5.0,0,50,11,10ba209d-8557-424e-9604-8ec59ece10a0,False,0.01,2.0,17.84365429999889,8.047721166688978,"x0,x1,x2,x3,x4",5,5.0,5.0,1.4889814259343046,,,,,,
-0.3501627786075292,0.023566557686307776,-0.016930513278434978,-0.14597107684909827,0.3811723140131904,20.0,4.918243857870659,3.129477308818319,313.28192114259934,6.265638422851987,6.329999691677894,189.12453702283204,269.1588434199095,0.0,michalewicz,value,qnei,exact,gaussian,5.0,20,50,11,0f6d17f3-8080-4a16-9ead-d798a2ac6268,False,0.01,2.0,20.255164600006538,8.047721166688978,"x0,x1,x2,x3,x4",5,5.0,5.0,-0.022995244084072164,,,,,,
0.2903382271238444,6.433997407803819,-7.966166722037409,1.5162741154103019,10.355651518186347,0.0,1.0249757342610861,0.0006475163103376591,14.051964493318286,0.2810392898663657,0.0006475163103376591,1.1286845131761505,1.1286845131761505,0.0,rosenbrock,value,logei,exact,none,0.0,0,50,11,5e56143f-b58c-45e7-943f-ef402ebea57f,True,0.01,2.0,13.816322400001809,1.0256232505714238,"x0,x1,x2,x3",4,0.2,0.5,,,,,,,
7.714164085109509,-3.7280205240186346,-0.34149734420412736,0.0,8.574560338326163,20.0,1.0249757342610861,0.0006475163103376591,14.051964493318286,0.2810392898663657,0.0006475163103376591,1.1286845131761505,1.1286845131761505,0.0,rosenbrock,value,logei,exact,none,0.0,20,50,11,5e56143f-b58c-45e7-943f-ef402ebea57f,True,0.01,2.0,13.816322400001809,1.0256232505714238,"x0,x1,x2,x3",4,0.2,0.5,,,,,,,
0.2903382271238444,6.433997407803819,-7.966166722037409,1.5162741154103019,10.355651518186347,0.0,1.0208917274656868,0.00473152310573699,21.402938575120515,0.4280587715024103,0.017899225571863964,2.3005709664592517,2.9715342219940686,0.0,rosenbrock,value,logei,exact,gaussian,0.05,0,50,11,d195b59b-5e80-4bce-8581-6f9c41ab0498,False,0.01,2.0,12.236492199997883,1.0256232505714238,"x0,x1,x2,x3",4,0.05,0.05,,,,,,,
9.851291158498132,-3.7280205240186346,1.3270371100134515,-15.0,18.376808809158366,20.0,1.0249757342610861,0.0006475163103376591,14.800656672902205,0.2960131334580441,0.011706734168595911,1.1286845131761505,1.6452138406081662,0.0,rosenbrock,value,logei,exact,gaussian,0.05,20,50,11,9ec938a2-fd5c-42ef-8249-d266b7ac48ac,False,0.01,2.0,12.809167699990212,1.0256232505714238,"x0,x1,x2,x3",4,0.05,0.05,,,,,,,
0.2903382271238444,6.433997407803819,-7.966166722037409,1.5162741154103019,10.355651518186347,0.0,1.016550158633141,0.009073091938282873,17.05951607572759,0.3411903215145518,0.017481588652103808,1.58187946547459,2.862826835660754,0.0,rosenbrock,value,logei,exact,gaussian,0.25,0,50,11,837743c2-d7f2-47c8-bf31-3011a5bb5f98,False,0.01,2.0,12.281468300003326,1.0256232505714238,"x0,x1,x2,x3",4,0.25,0.25,,,,,,,
9.851291158498132,-3.7280205240186346,1.669815362166107,-15.0,18.404737375489322,20.0,1.0249757342610861,0.0006475163103376591,15.053490465768782,0.30106980931537564,0.03148028433494754,1.1286845131761505,1.8890212141281533,0.0,rosenbrock,value,logei,exact,gaussian,0.25,20,50,11,d08d76f6-ef01-4a1f-9984-11ca16f1dae2,False,0.01,2.0,12.510167000000365,1.0256232505714238,"x0,x1,x2,x3",4,0.25,0.25,,,,,,,
0.2903382271238444,6.433997407803819,-7.966166722037409,1.5162741154103019,10.355651518186347,0.0,1.015776494019146,0.009846756552277736,11.563730746149414,0.2312746149229883,0.09575041303869247,1.585094161516244,3.6595128197798044,0.0,rosenbrock,value,logei,exact,gaussian,1.0,0,50,11,f0223241-d26e-4819-ba07-9a863b8db795,False,0.01,2.0,11.714041599989287,1.0256232505714238,"x0,x1,x2,x3",4,1.0,1.0,,,,,,,
-0.6978950261761026,-0.7026813875694657,-0.1108666765776718,0.0,0.996549055477587,20.0,1.0249757342610861,0.0006475163103376591,21.767496277127403,0.4353499255425481,0.2918183602157717,1.1286845131761505,9.082335288422186,0.0,rosenbrock,value,logei,exact,gaussian,1.0,20,50,11,b3e91796-a7f2-441b-85ea-32cf22fe079b,False,0.01,2.0,10.733816699997988,1.0256232505714238,"x0,x1,x2,x3",4,1.0,1.0,,,,,,,
0.2903382271238444,6.433997407803819,-7.966166722037409,1.5162741154103019,10.355651518186347,0.0,0.9602466575981176,0.06537659297330622,43.269970004291665,0.8653994000858333,0.12645664471008533,4.586431860420124,13.597138998296124,0.0,rosenbrock,value,logei,exact,gaussian,5.0,0,50,11,693fd7b4-1732-4aeb-b7c8-c68b5acdeab7,False,0.01,2.0,16.83611629999359,1.0256232505714238,"x0,x1,x2,x3",4,5.0,5.0,,,,,,,
-5.148708841501868,-3.7280205240186346,-3.1026865671710544,-12.920099052578871,14.729662698942459,20.0,1.0249757342610861,0.0006475163103376591,53.59228560767672,1.0718457121535345,0.6886591761452501,1.1286845131761505,20.275709440694925,0.0,rosenbrock,value,logei,exact,gaussian,5.0,20,50,11,2cd152e3-5317-4dc9-80c6-b4b243e31406,False,0.01,2.0,9.393119699991075,1.0256232505714238,"x0,x1,x2,x3",4,5.0,5.0,,,,,,,
0.2903382271238444,6.433997407803819,-7.966166722037409,1.5162741154103019,10.355651518186347,0.0,1.0229548426008188,0.002668407970604969,26.578743875972545,0.5315748775194509,0.002668407970604969,1.6982974361277132,1.6982974361277132,0.0,rosenbrock,value,qnei,exact,none,0.0,0,50,11,5a294ea7-e62a-4753-b816-b349fc9a8b07,True,0.01,2.0,13.145894400004181,1.0256232505714238,"x0,x1,x2,x3",4,0.2,0.5,,,,,,,
-3.647813448967593,-5.94045943936053,-5.272760622427654,15.0,17.36080660253377,20.0,1.0229548426008188,0.002668407970604969,26.578743875972545,0.5315748775194509,0.002668407970604969,1.6982974361277132,1.6982974361277132,0.0,rosenbrock,value,qnei,exact,none,0.0,20,50,11,5a294ea7-e62a-4753-b816-b349fc9a8b07,True,0.01,2.0,13.145894400004181,1.0256232505714238,"x0,x1,x2,x3",4,0.2,0.5,,,,,,,
0.2903382271238444,6.433997407803819,-7.966166722037409,1.5162741154103019,10.355651518186347,0.0,1.0244374687389206,0.0011857818325031744,15.375660466912585,0.3075132093382517,0.008593925899142318,1.150484266823854,1.4331074813978166,0.0,rosenbrock,value,qnei,exact,gaussian,0.05,0,50,11,b3d7adde-b7b4-4315-937a-7e3c368c0e7d,False,0.01,2.0,12.43914559998666,1.0256232505714238,"x0,x1,x2,x3",4,0.05,0.05,,,,,,,
-3.6435855832865016,-5.944359854670965,-5.270989565818521,15.0,17.360716027500846,20.0,1.0212929323092452,0.004330318262178556,26.480379216438138,0.5296075843287628,0.004556163845382377,1.720646327476507,2.363860729088513,0.0,rosenbrock,value,qnei,exact,gaussian,0.05,20,50,11,2e4e7520-61e4-48d2-9a3c-9b3c70bcb746,False,0.01,2.0,13.817377500003204,1.0256232505714238,"x0,x1,x2,x3",4,0.05,0.05,,,,,,,
0.2903382271238444,6.433997407803819,-7.966166722037409,1.5162741154103019,10.355651518186347,0.0,1.0181835760767584,0.007439674494665427,17.238369338104093,0.34476738676208185,0.07477508340550365,1.444179326253384,3.15558167937499,0.0,rosenbrock,value,qnei,exact,gaussian,0.25,0,50,11,2f21165e-a718-4696-b512-6b54da20697e,False,0.01,2.0,12.031341599998996,1.0256232505714238,"x0,x1,x2,x3",4,0.25,0.25,,,,,,,
-0.10415062718208734,-4.242906799189653,-1.2519867201523533,15.0,15.639072101860457,20.0,1.0225671442829214,0.0030561062885023915,22.166617162776237,0.44333234325552473,0.03116371710001964,1.7046545552734444,2.3219456135459535,0.0,rosenbrock,value,qnei,exact,gaussian,0.25,20,50,11,bb440733-81f5-49fd-9dd0-5e187c832592,False,0.01,2.0,12.221655500005,1.0256232505714238,"x0,x1,x2,x3",4,0.25,0.25,,,,,,,
0.2903382271238444,6.433997407803819,-7.966166722037409,1.5162741154103019,10.355651518186347,0.0,1.012762511257428,0.012860739313995673,30.734648196706026,0.6146929639341205,0.02590401510915341,1.902557668755464,6.019197964323364,0.0,rosenbrock,value,qnei,exact,gaussian,1.0,0,50,11,1bfe03f4-81b5-4f6e-8871-dad2e04c37b4,False,0.01,2.0,12.607354799998575,1.0256232505714238,"x0,x1,x2,x3",4,1.0,1.0,,,,,,,
-2.717669060090825,-8.483681574447433,-8.80238145304959,14.951282471938233,19.50336752915949,20.0,1.0220870984974102,0.0035361520740135877,35.87629583174146,0.7175259166348291,0.19207048216611533,1.711615219163357,7.210336115751356,0.0,rosenbrock,value,qnei,exact,gaussian,1.0,20,50,11,6d37ffcf-e44d-46bd-8fcc-e909032cc940,False,0.01,2.0,12.063802100004978,1.0256232505714238,"x0,x1,x2,x3",4,1.0,1.0,,,,,,,
0.2903382271238444,6.433997407803819,-7.966166722037409,1.5162741154103019,10.355651518186347,0.0,0.8959220620293679,0.12970118854205592,85.52345885924386,1.7104691771848772,0.14889915350788763,6.35535823856074,118.31342076447824,0.0,rosenbrock,value,qnei,exact,gaussian,5.0,0,50,11,26a6df98-2ec5-42f1-8604-559470205f38,False,0.01,2.0,11.181271399997058,1.0256232505714238,"x0,x1,x2,x3",4,5.0,5.0,,,,,,,
0.5419004394564739,4.290185943610203,0.767750813898779,0.0,4.391900821885203,20.0,1.0210670867260414,0.004556163845382377,40.157716886860086,0.8031543377372017,0.3973358792008306,1.7264053898482044,13.004866943920092,0.0,rosenbrock,value,qnei,exact,gaussian,5.0,20,50,11,3f5696ce-40e7-4d80-b512-3b95d58c07dc,False,0.01,2.0,12.67058009999164,1.0256232505714238,"x0,x1,x2,x3",4,5.0,5.0,,,,,,,
0.019355881808256314,0.42893316052025454,-0.5310777814691606,0.10108494102735344,0.6903767678790899,0.0,3.0593887562558817,0.0,52.77105900862049,1.0554211801724098,0.0,19.3685577343278,19.3685577343278,0.0,stevens,value,logei,exact,none,0.0,0,50,11,d6b66b65-83ab-4f93-9676-97fad8703205,True,0.01,2.0,9.246444499993231,3.0593887562558817,"x0,x1,x2,x3",4,0.2,0.5,,,,,,,
0.0,-0.10338923114264276,0.0,0.0,0.10338923114264276,20.0,3.0593887562558817,0.0,52.77105900862049,1.0554211801724098,0.0,19.3685577343278,19.3685577343278,0.0,stevens,value,logei,exact,none,0.0,20,50,11,d6b66b65-83ab-4f93-9676-97fad8703205,True,0.01,2.0,9.246444499993231,3.0593887562558817,"x0,x1,x2,x3",4,0.2,0.5,,,,,,,
0.019355881808256314,0.42893316052025454,-0.5310777814691606,0.10108494102735344,0.6903767678790899,0.0,3.0593887562558817,0.0,26.786672793884097,0.535733455877682,0.0,16.101945794488117,16.16297963734309,0.0,stevens,value,logei,exact,gaussian,0.05,0,50,11,8e58a167-60b3-496a-b474-41b655901a14,False,0.01,2.0,9.034779900001013,3.0593887562558817,"x0,x1,x2,x3",4,0.05,0.05,,,,,,,
0.0,0.0,0.0,0.0,0.0,20.0,3.0593887562558817,0.0,29.090188640588494,0.5818037728117699,0.0,19.3685577343278,19.3685577343278,0.0,stevens,value,logei,exact,gaussian,0.05,20,50,11,96968d3e-961d-4f1e-891e-27e65d5475c0,False,0.01,2.0,9.95570220000809,3.0593887562558817,"x0,x1,x2,x3",4,0.05,0.05,,,,,,,
0.019355881808256314,0.42893316052025454,-0.5310777814691606,0.10108494102735344,0.6903767678790899,0.0,3.0593887562558817,0.0,24.79779760538001,0.4959559521076002,0.04436358020089326,19.369223370483972,21.022013903680094,0.0,stevens,value,logei,exact,gaussian,0.25,0,50,11,2d6b263d-37aa-44cb-a84d-e4fc87a31528,False,0.01,2.0,8.467435600003228,3.0593887562558817,"x0,x1,x2,x3",4,0.25,0.25,,,,,,,
0.0,0.0,0.0,0.0,0.0,20.0,3.0593887562558817,0.0,25.148317702912596,0.502966354058252,0.0,19.3685577343278,19.3685577343278,0.0,stevens,value,logei,exact,gaussian,0.25,20,50,11,c6714de5-3109-4801-8ef7-c11a11bfad1d,False,0.01,2.0,9.46931929999846,3.0593887562558817,"x0,x1,x2,x3",4,0.25,0.25,,,,,,,
0.019355881808256314,0.42893316052025454,-0.5310777814691606,0.10108494102735344,0.6903767678790899,0.0,2.6332162272658635,0.42617252899001823,51.93950784169243,1.0387901568338487,0.4744265690674432,39.091467469494184,50.700341808693636,0.0,stevens,value,logei,exact,gaussian,1.0,0,50,11,42d13c4f-7824-4cda-9b48-0fede812e952,False,0.01,2.0,9.000101900004665,3.0593887562558817,"x0,x1,x2,x3",4,1.0,1.0,,,,,,,
0.0,0.0,0.0,0.0,0.0,20.0,3.0593887562558817,0.0,25.148317702912596,0.502966354058252,0.05036852714929241,19.3685577343278,19.595216106499617,0.0,stevens,value,logei,exact,gaussian,1.0,20,50,11,7cf37ba5-ee97-4704-9dd2-11ce3700ba70,False,0.01,2.0,8.165768500010017,3.0593887562558817,"x0,x1,x2,x3",4,1.0,1.0,,,,,,,
0.019355881808256314,0.42893316052025454,-0.5310777814691606,0.10108494102735344,0.6903767678790899,0.0,1.1529785969086308,1.9064101593472509,207.2976220047279,4.145952440094558,6.665418592110651,100.7472496369607,223.9246146681628,0.0,stevens,value,logei,exact,gaussian,5.0,0,50,11,cd4f718c-2a69-41c5-8372-96205ff8cdc4,False,0.01,2.0,11.544544799995492,3.0593887562558817,"x0,x1,x2,x3",4,5.0,5.0,,,,,,,
0.0,0.0,0.0,-1.0,1.0,20.0,3.0593887562558817,0.0,77.55611006854116,1.5511222013708232,0.21560841370700645,19.3685577343278,42.16557231036706,0.0,stevens,value,logei,exact,gaussian,5.0,20,50,11,ac1a793a-188b-4903-ac1a-d72ace9e58ba,False,0.01,2.0,7.0542645000095945,3.0593887562558817,"x0,x1,x2,x3",4,5.0,5.0,,,,,,,
0.019355881808256314,0.42893316052025454,-0.5310777814691606,0.10108494102735344,0.6903767678790899,0.0,3.0593887562558817,0.0,114.69891990849582,2.2939783981699167,0.0,18.94683574345284,18.94683574345284,0.0,stevens,value,qnei,exact,none,0.0,0,50,11,4245341f-40bb-4c7d-9e1c-015f90db8d00,True,0.01,2.0,8.199738999988767,3.0593887562558817,"x0,x1,x2,x3",4,0.2,0.5,,,,,,,
0.06326275920048985,-0.28388790043553314,0.06858671763171753,0.008329126835041945,0.29894485930465753,20.0,3.0593887562558817,0.0,114.69891990849582,2.2939783981699167,0.0,18.94683574345284,18.94683574345284,0.0,stevens,value,qnei,exact,none,0.0,20,50,11,4245341f-40bb-4c7d-9e1c-015f90db8d00,True,0.01,2.0,8.199738999988767,3.0593887562558817,"x0,x1,x2,x3",4,0.2,0.5,,,,,,,
0.019355881808256314,0.42893316052025454,-0.5310777814691606,0.10108494102735344,0.6903767678790899,0.0,3.0593887562558817,0.0,111.15760930159931,2.223152186031986,0.0,16.935102025282205,16.935102025282205,0.0,stevens,value,qnei,exact,gaussian,0.05,0,50,11,5549f9a9-ceac-4820-8a99-a5314dcd88be,False,0.01,2.0,8.567665800001123,3.0593887562558817,"x0,x1,x2,x3",4,0.05,0.05,,,,,,,
0.06326275920048985,-0.28388790043553314,0.06858671763171753,0.008329126835041945,0.29894485930465753,20.0,3.0593887562558817,0.0,114.69891990849582,2.2939783981699167,0.0,18.94683574345284,18.94683574345284,0.0,stevens,value,qnei,exact,gaussian,0.05,20,50,11,15d4f2c5-d1d8-4c10-bff0-0eeca5d94cb6,False,0.01,2.0,8.277524200006155,3.0593887562558817,"x0,x1,x2,x3",4,0.05,0.05,,,,,,,
0.019355881808256314,0.42893316052025454,-0.5310777814691606,0.10108494102735344,0.6903767678790899,0.0,3.0593887562558817,0.0,107.75972495181901,2.15519449903638,0.0,15.518147496268076,23.189923236621574,0.0,stevens,value,qnei,exact,gaussian,0.25,0,50,11,53f3e890-e412-4b58-baa9-bb7ceef679db,False,0.01,2.0,6.614856200001668,3.0593887562558817,"x0,x1,x2,x3",4,0.25,0.25,,,,,,,
0.06326275920048985,-0.28388790043553314,0.06858671763171753,0.008329126835041945,0.29894485930465753,20.0,3.0593887562558817,0.0,114.69891990849582,2.2939783981699167,0.0,18.94683574345284,18.94683574345284,0.0,stevens,value,qnei,exact,gaussian,0.25,20,50,11,caaccfa5-42c3-49b1-8085-4adfeeae5690,False,0.01,2.0,7.46346130000893,3.0593887562558817,"x0,x1,x2,x3",4,0.25,0.25,,,,,,,
0.019355881808256314,0.42893316052025454,-0.5310777814691606,0.10108494102735344,0.6903767678790899,0.0,2.357917280174178,0.7014714760817036,85.20996157585915,1.704199231517183,1.166429845703119,50.914775049004064,79.1101144790087,0.0,stevens,value,qnei,exact,gaussian,1.0,0,50,11,d192c430-7476-463a-abd4-7bb6cb51d4b1,False,0.01,2.0,10.26223989999562,3.0593887562558817,"x0,x1,x2,x3",4,1.0,1.0,,,,,,,
0.06326275920048985,-0.28388790043553314,0.06858671763171753,0.008329126835041945,0.29894485930465753,20.0,3.0593887562558817,0.0,87.46534667504176,1.749306933500835,0.34562402134048176,18.94683574345284,33.21658865565769,0.0,stevens,value,qnei,exact,gaussian,1.0,20,50,11,7251fb8b-f661-4f74-b9a9-caaabe2e2a38,False,0.01,2.0,7.08193260000553,3.0593887562558817,"x0,x1,x2,x3",4,1.0,1.0,,,,,,,
0.019355881808256314,0.42893316052025454,-0.5310777814691606,0.10108494102735344,0.6903767678790899,0.0,2.159799309019298,0.8995894472365835,149.3067403485328,2.986134806970656,1.9167550553165849,62.51382190130466,105.95363897999083,0.0,stevens,value,qnei,exact,gaussian,5.0,0,50,11,62133f53-08c4-4653-b08c-ba3b813d9111,False,0.01,2.0,10.811311400000704,3.0593887562558817,"x0,x1,x2,x3",4,5.0,5.0,,,,,,,
0.047694551257267404,0.171133441935022,0.03346528653463182,0.15742275661045446,0.2397149867443399,20.0,3.0593887562558817,0.0,121.92927673197755,2.438585534639551,1.9064101593472509,18.94683574345284,87.59567280499252,0.0,stevens,value,qnei,exact,gaussian,5.0,20,50,11,3a1b9614-db1a-4125-a278-132881e50165,False,0.01,2.0,7.590299799994682,3.0593887562558817,"x0,x1,x2,x3",4,5.0,5.0,,,,,,,
0.19820422971654494,4.392275563727407,-5.438236482244204,1.0351097961200995,7.06945810308188,0.0,2.6163010911088973,1.0226379823291545,123.3775103451788,2.467550206903576,1.0226379823291545,81.24129446529683,81.24129446529683,0.0,rastrigin,value,logei,exact,none,0.0,0,50,11,92e84eef-e567-4b7f-80de-5d76b3947c4d,True,0.01,2.0,11.310723000002326,3.638939073438052,"x0,x1,x2,x3",4,0.2,0.5,,,,,,,
1.5421585087701228,0.2847786222966444,-0.14061755295311507,3.5139017834525914,3.8505364262449313,20.0,2.6163010911088973,1.0226379823291545,123.3775103451788,2.467550206903576,1.0226379823291545,81.24129446529683,81.24129446529683,0.0,rastrigin,value,logei,exact,none,0.0,20,50,11,92e84eef-e567-4b7f-80de-5d76b3947c4d,True,0.01,2.0,11.310723000002326,3.638939073438052,"x0,x1,x2,x3",4,0.2,0.5,,,,,,,
0.19820422971654494,4.392275563727407,-5.438236482244204,1.0351097961200995,7.06945810308188,0.0,2.815069231447897,0.8238698419901547,125.40391251947055,2.5080782503894112,0.8238698419901547,76.3057434127156,76.3057434127156,0.0,rastrigin,value,logei,exact,gaussian,0.05,0,50,11,a5e078e7-8246-4490-9534-52596038bec3,False,0.01,2.0,12.391020300012315,3.638939073438052,"x0,x1,x2,x3",4,0.05,0.05,,,,,,,
1.5987586374246805,0.24501085237470213,-0.14195342126775756,3.5650854738161026,3.9174028013398883,20.0,2.516317134280493,1.122621939157559,130.98417009013363,2.6196834018026727,1.122621939157559,85.10016593079361,85.10016593079361,0.0,rastrigin,value,logei,exact,gaussian,0.05,20,50,11,9236430b-c3d4-4a81-9d1b-8933bf263ec1,False,0.01,2.0,10.73040499999479,3.638939073438052,"x0,x1,x2,x3",4,0.05,0.05,,,,,,,
0.19820422971654494,4.392275563727407,-5.438236482244204,1.0351097961200995,7.06945810308188,0.0,2.9426066880566824,0.6963323853813694,124.81054477235607,2.4962108954471214,1.1727170334758314,64.9132968284629,73.41727433870396,0.0,rastrigin,value,logei,exact,gaussian,0.25,0,50,11,0095ec17-a6ce-4ac7-99cb-392642c876fe,False,0.01,2.0,11.136917900003027,3.638939073438052,"x0,x1,x2,x3",4,0.25,0.25,,,,,,,
1.6306593947199188,0.2222240653046684,-0.1445162707164409,3.592913187412888,3.954534577112216,20.0,2.4226907987773583,1.2162482746606935,128.1805504193437,2.5636110083868737,1.2406961400287253,84.54288126550662,84.77513598650292,0.0,rastrigin,value,logei,exact,gaussian,0.25,20,50,11,d70e09ec-4087-47e0-ae39-092caf300885,False,0.01,2.0,10.290807500001392,3.638939073438052,"x0,x1,x2,x3",4,0.25,0.25,,,,,,,
0.19820422971654494,4.392275563727407,-5.438236482244204,1.0351097961200995,7.06945810308188,0.0,2.8309189734268254,0.8080201000112264,130.5104985738584,2.610209971477168,0.8080201000112264,73.78521745133722,77.7495014690974,0.0,rastrigin,value,logei,exact,gaussian,1.0,0,50,11,d146b0f5-3aef-41f2-bf53-2e6a99abb17a,False,0.01,2.0,13.747178999998141,3.638939073438052,"x0,x1,x2,x3",4,1.0,1.0,,,,,,,
1.1993477234034948,0.5004465969718773,-0.24019711944256117,3.070386641429028,3.342731000560501,20.0,1.9328831879525403,1.7060558854855115,154.8047760122823,3.096095520245646,1.8657634224962234,94.70338139423511,105.2905543588608,0.0,rastrigin,value,logei,exact,gaussian,1.0,20,50,11,3a41c2c8-d56d-46ee-b558-8f763dd9af75,False,0.01,2.0,9.924055499999668,3.638939073438052,"x0,x1,x2,x3",4,1.0,1.0,,,,,,,
0.19820422971654494,4.392275563727407,-5.438236482244204,1.0351097961200995,7.06945810308188,0.0,1.77625154668326,1.8626875267547918,189.9697332615563,3.799394665231126,4.151523946091919,97.48554659760617,132.26961873012598,0.0,rastrigin,value,logei,exact,gaussian,5.0,0,50,11,42a9ad0b-9553-4bae-a678-abed0bdb223a,False,0.01,2.0,12.568640700003016,3.638939073438052,"x0,x1,x2,x3",4,5.0,5.0,,,,,,,
-1.8140642824953241,-4.905542315680848,3.573674636045273,4.54800289720138,7.79811870833127,20.0,1.641318056568559,1.9976210168694928,211.009161278409,4.220183225568181,4.4161205599560915,102.81541945713684,172.873797122653,0.0,rastrigin,value,logei,exact,gaussian,5.0,20,50,11,5ecb7d1b-e331-474e-95c4-6e2676663b13,False,0.01,2.0,9.410095800005365,3.638939073438052,"x0,x1,x2,x3",4,5.0,5.0,,,,,,,
0.19820422971654494,4.392275563727407,-5.438236482244204,1.0351097961200995,7.06945810308188,0.0,3.0163386318710654,0.6226004415669864,139.68219773278202,2.79364395465564,0.6226004415669864,74.58709419415743,74.58709419415743,0.0,rastrigin,value,qnei,exact,none,0.0,0,50,11,e4a1735d-6299-49bd-8e2b-ffa1016b513a,True,0.01,2.0,11.312435200001346,3.638939073438052,"x0,x1,x2,x3",4,0.2,0.5,,,,,,,
-4.9959314372847095,0.6857991324035607,2.745085946585699,-4.4236017869746584,7.247992894582805,20.0,3.0163386318710654,0.6226004415669864,139.68219773278202,2.79364395465564,0.6226004415669864,74.58709419415743,74.58709419415743,0.0,rastrigin,value,qnei,exact,none,0.0,20,50,11,e4a1735d-6299-49bd-8e2b-ffa1016b513a,True,0.01,2.0,11.312435200001346,3.638939073438052,"x0,x1,x2,x3",4,0.2,0.5,,,,,,,
0.19820422971654494,4.392275563727407,-5.438236482244204,1.0351097961200995,7.06945810308188,0.0,2.048402014026113,1.5905370594119388,158.37258048969065,3.167451609793813,1.5905370594119388,92.20586470770697,92.25413602795344,0.0,rastrigin,value,qnei,exact,gaussian,0.05,0,50,11,507f5d5a-9a51-4fb5-af3a-141480b0a4bc,False,0.01,2.0,10.152663400003803,3.638939073438052,"x0,x1,x2,x3",4,0.05,0.05,,,,,,,
0.1886001080796409,0.9484124143070578,-0.26438164986487944,-3.006570897683842,3.1692936638885474,20.0,2.498360879244713,1.1405781941933388,157.39757777717008,3.147951555543402,1.1405781941933388,83.87461912643933,83.87461912643933,0.0,rastrigin,value,qnei,exact,gaussian,0.05,20,50,11,ee72669a-ace1-4264-9cc0-af0d62e1bbc3,False,0.01,2.0,11.406600300004357,3.638939073438052,"x0,x1,x2,x3",4,0.05,0.05,,,,,,,
0.19820422971654494,4.392275563727407,-5.438236482244204,1.0351097961200995,7.06945810308188,0.0,2.22409425450226,1.4148448189357916,141.24212832370404,2.824842566474081,1.4148448189357916,83.8733791253602,84.23585781308988,0.0,rastrigin,value,qnei,exact,gaussian,0.25,0,50,11,5be56071-5352-49fb-95ee-6815050798b7,False,0.01,2.0,10.871841200001654,3.638939073438052,"x0,x1,x2,x3",4,0.25,0.25,,,,,,,
0.537890231430413,0.9590506270877256,-0.31413675281718145,-4.4236017869746584,4.5690303868087305,20.0,2.9851154785404757,0.6538235948975761,143.69144168230267,2.873828833646053,0.6538235948975761,82.78182552076386,82.78182552076386,0.0,rastrigin,value,qnei,exact,gaussian,0.25,20,50,11,cee8e786-53d6-486b-809d-7632f1022794,False,0.01,2.0,11.642053200004739,3.638939073438052,"x0,x1,x2,x3",4,0.25,0.25,,,,,,,
0.19820422971654494,4.392275563727407,-5.438236482244204,1.0351097961200995,7.06945810308188,0.0,2.5271889359434003,1.1117501374946515,152.80879794907764,3.056175958981553,1.1117501374946515,75.840179322233,80.99649291573758,0.0,rastrigin,value,qnei,exact,gaussian,1.0,0,50,11,772ab0ed-9364-40c2-ba29-e8bd95fc1f78,False,0.01,2.0,10.285297299997183,3.638939073438052,"x0,x1,x2,x3",4,1.0,1.0,,,,,,,
-0.3093387501035033,-0.1693692672387835,1.8867805782587928,0.13919303479461165,1.9244978728048827,20.0,2.1696179939239864,1.4693210795140654,140.60850193138657,2.8121700386277313,2.203616791435394,92.39765010157902,101.19429945873205,0.0,rastrigin,value,qnei,exact,gaussian,1.0,20,50,11,3c1e738c-bd42-4149-99a2-6ca27fff3e71,False,0.01,2.0,11.44496499998786,3.638939073438052,"x0,x1,x2,x3",4,1.0,1.0,,,,,,,
0.19820422971654494,4.392275563727407,-5.438236482244204,1.0351097961200995,7.06945810308188,0.0,1.9836213692675775,1.6553177041704743,213.4595224584926,4.269190449169852,5.654353295779064,92.74027906917715,204.28479031395486,0.0,rastrigin,value,qnei,exact,gaussian,5.0,0,50,11,8b9f34f2-66f3-474d-a1a7-786977150943,False,0.01,2.0,9.245364800008247,3.638939073438052,"x0,x1,x2,x3",4,5.0,5.0,,,,,,,
0.5281480821293911,-0.167921656188504,-0.15856029302609764,-0.09461224170100191,0.5841497428555926,20.0,2.6393410681421328,0.999598005295919,182.9083600596859,3.658167201193718,3.600799138777554,94.89160593094203,155.76580933800568,0.0,rastrigin,value,qnei,exact,gaussian,5.0,20,50,11,06aacbd1-8bd8-4b31-bda8-a59d917b7779,False,0.01,2.0,11.21149410000362,3.638939073438052,"x0,x1,x2,x3",4,5.0,5.0,,,,,,,
0.19355881808256314,4.289331605202546,-5.3107778146916065,1.0108494102735344,6.903767678790898,0.0,5.402837764670362,0.0,107.34965471210486,2.1469930942420974,0.0,26.502453634670847,26.502453634670847,0.0,hicks_law,value,logei,exact,none,0.0,0,50,11,05668b27-7b91-4dad-abe5-88de5a471fe0,True,0.01,2.0,11.820279000006849,5.402837764670362,"x0,x1,x2,x3",4,0.2,0.5,,,,,,,
-10.0,-10.0,0.0,-10.0,17.320508075688775,20.0,5.402837764670362,0.0,107.34965471210486,2.1469930942420974,0.0,26.502453634670847,26.502453634670847,0.0,hicks_law,value,logei,exact,none,0.0,20,50,11,05668b27-7b91-4dad-abe5-88de5a471fe0,True,0.01,2.0,11.820279000006849,5.402837764670362,"x0,x1,x2,x3",4,0.2,0.5,,,,,,,
0.19355881808256314,4.289331605202546,-5.3107778146916065,1.0108494102735344,6.903767678790898,0.0,5.402837764670362,0.0,95.25465945894432,1.9050931891788863,0.0,27.595760238917634,27.595760238917634,0.0,hicks_law,value,logei,exact,gaussian,0.05,0,50,11,342cfd0d-1f7c-4bbf-9c11-b89a0a3e3340,False,0.01,2.0,10.98664240000653,5.402837764670362,"x0,x1,x2,x3",4,0.05,0.05,,,,,,,
-10.0,-8.835276803725973,-10.0,-10.0,19.443819485853552,20.0,5.402837764670362,0.0,102.7979154890127,2.055958309780254,0.0,26.502453634670847,26.502453634670847,0.0,hicks_law,value,logei,exact,gaussian,0.05,20,50,11,ef43ac25-35c9-4ea1-906f-124e9e12898c,False,0.01,2.0,11.691149199992651,5.402837764670362,"x0,x1,x2,x3",4,0.05,0.05,,,,,,,
0.19355881808256314,4.289331605202546,-5.3107778146916065,1.0108494102735344,6.903767678790898,0.0,5.402837764670362,0.0,55.04430222480668,1.1008860444961335,0.0,26.36554599970621,26.36554599970621,0.0,hicks_law,value,logei,exact,gaussian,0.25,0,50,11,f5f1ef3e-7f2e-4a4f-ae1a-e814b7d2882a,False,0.01,2.0,9.975205900002038,5.402837764670362,"x0,x1,x2,x3",4,0.25,0.25,,,,,,,
-8.844499980327733,-10.0,-10.0,-10.0,19.448012235239293,20.0,5.402837764670362,0.0,71.87233740985208,1.4374467481970417,0.0,26.502453634670847,26.502453634670847,0.0,hicks_law,value,logei,exact,gaussian,0.25,20,50,11,d3853de8-d65c-4d49-adca-721e758c88c9,False,0.01,2.0,10.527769599997555,5.402837764670362,"x0,x1,x2,x3",4,0.25,0.25,,,,,,,
0.19355881808256314,4.289331605202546,-5.3107778146916065,1.0108494102735344,6.903767678790898,0.0,5.402837764670362,0.0,40.38939791222838,0.8077879582445676,0.0,21.12898593063819,21.835364175529936,0.0,hicks_law,value,logei,exact,gaussian,1.0,0,50,11,85a6676e-c89b-4bc2-92c3-099842aeab3e,False,0.01,2.0,9.400273100007325,5.402837764670362,"x0,x1,x2,x3",4,1.0,1.0,,,,,,,
-8.950388699384348,-10.0,-10.0,-10.0,19.496396022600358,20.0,5.402837764670362,0.0,133.4918973463639,2.669837946927278,0.0,26.502453634670847,58.14575678025728,0.0,hicks_law,value,logei,exact,gaussian,1.0,20,50,11,f97e6fe3-ba69-4bb9-93b1-d0a1b8b560a8,False,0.01,2.0,12.326793699990958,5.402837764670362,"x0,x1,x2,x3",4,1.0,1.0,,,,,,,
0.19355881808256314,4.289331605202546,-5.3107778146916065,1.0108494102735344,6.903767678790898,0.0,3.990163485551004,1.4126742791193574,201.31619786484285,4.0263239572968565,3.2297422775654714,113.21387597780125,196.69934750085787,0.0,hicks_law,value,logei,exact,gaussian,5.0,0,50,11,97237ebb-6c5f-4522-9ee8-ed41b2e00049,False,0.01,2.0,10.828194500005338,5.402837764670362,"x0,x1,x2,x3",4,5.0,5.0,,,,,,,
-6.573282457983603,-10.0,-10.0,-10.0,18.525874939457918,20.0,5.402837764670362,0.0,122.67729009281847,2.4535458018563694,1.803297251085115,26.502453634670847,77.32010051784532,0.0,hicks_law,value,logei,exact,gaussian,5.0,20,50,11,12febd89-827f-4978-a229-b95fae5df093,False,0.01,2.0,12.427626099990448,5.402837764670362,"x0,x1,x2,x3",4,5.0,5.0,,,,,,,
0.19355881808256314,4.289331605202546,-5.3107778146916065,1.0108494102735344,6.903767678790898,0.0,5.402837764670362,0.0,236.21015911825322,4.7242031823650645,0.0,26.435838359065457,26.435838359065457,0.0,hicks_law,value,qnei,exact,none,0.0,0,50,11,af3984b8-6316-4dcc-bc81-dd1e91035a53,True,0.01,2.0,7.326245699994615,5.402837764670362,"x0,x1,x2,x3",4,0.2,0.5,,,,,,,
0.6326275920048996,-2.838879004355331,0.6858671763171751,0.08329126835042011,2.9894485930465757,20.0,5.402837764670362,0.0,236.21015911825322,4.7242031823650645,0.0,26.435838359065457,26.435838359065457,0.0,hicks_law,value,qnei,exact,none,0.0,20,50,11,af3984b8-6316-4dcc-bc81-dd1e91035a53,True,0.01,2.0,7.326245699994615,5.402837764670362,"x0,x1,x2,x3",4,0.2,0.5,,,,,,,
0.19355881808256314,4.289331605202546,-5.3107778146916065,1.0108494102735344,6.903767678790898,0.0,5.402837764670362,0.0,235.28508510776112,4.705701702155222,0.0,29.115215002206156,29.115215002206156,0.0,hicks_law,value,qnei,exact,gaussian,0.05,0,50,11,0dd32e5e-95c2-43a7-a46c-062b1595fbdf,False,0.01,2.0,7.594182400003774,5.402837764670362,"x0,x1,x2,x3",4,0.05,0.05,,,,,,,
0.6326275920048996,-2.838879004355331,0.6858671763171751,0.08329126835042011,2.9894485930465757,20.0,5.402837764670362,0.0,236.21015911825322,4.7242031823650645,0.0,26.435838359065457,26.435838359065457,0.0,hicks_law,value,qnei,exact,gaussian,0.05,20,50,11,5b257972-d636-4753-b058-6ea230e1726f,False,0.01,2.0,7.582461600002716,5.402837764670362,"x0,x1,x2,x3",4,0.05,0.05,,,,,,,
0.19355881808256314,4.289331605202546,-5.3107778146916065,1.0108494102735344,6.903767678790898,0.0,5.402837764670362,0.0,230.76114699349063,4.615222939869812,0.0,19.70752185304525,19.70752185304525,0.0,hicks_law,value,qnei,exact,gaussian,0.25,0,50,11,b28f5473-c538-4c96-bc58-38ef06208463,False,0.01,2.0,6.493920299995807,5.402837764670362,"x0,x1,x2,x3",4,0.25,0.25,,,,,,,
0.6326275920048996,-2.838879004355331,0.6858671763171751,0.08329126835042011,2.9894485930465757,20.0,5.402837764670362,0.0,236.21015911825322,4.7242031823650645,0.0,26.435838359065457,26.435838359065457,0.0,hicks_law,value,qnei,exact,gaussian,0.25,20,50,11,6d47c347-4422-4101-97d0-922ec7bbc05f,False,0.01,2.0,6.6046484999969834,5.402837764670362,"x0,x1,x2,x3",4,0.25,0.25,,,,,,,
0.19355881808256314,4.289331605202546,-5.3107778146916065,1.0108494102735344,6.903767678790898,0.0,5.402837764670362,0.0,181.81120952408537,3.636224190481707,0.0,54.215476666793585,63.26638144915322,0.0,hicks_law,value,qnei,exact,gaussian,1.0,0,50,11,7ab2eb54-be76-48a5-9806-774522a97e63,False,0.01,2.0,7.485935700009577,5.402837764670362,"x0,x1,x2,x3",4,1.0,1.0,,,,,,,
0.6326275920048996,-2.838879004355331,0.6858671763171751,0.08329126835042011,2.9894485930465757,20.0,5.402837764670362,0.0,186.46827186636298,3.72936543732726,0.0,26.435838359065457,26.435838359065457,0.0,hicks_law,value,qnei,exact,gaussian,1.0,20,50,11,cde36c59-a835-4e93-bdb3-ab7f39d0459a,False,0.01,2.0,7.8916545000101905,5.402837764670362,"x0,x1,x2,x3",4,1.0,1.0,,,,,,,
0.19355881808256314,4.289331605202546,-5.3107778146916065,1.0108494102735344,6.903767678790898,0.0,5.402837764670362,0.0,204.80839971019432,4.096167994203887,5.47893289101816,109.40112140670236,207.4857184547827,0.0,hicks_law,value,qnei,exact,gaussian,5.0,0,50,11,71bf473f-2f6f-4018-a9ea-99569a19445d,False,0.01,2.0,9.86054090000107,5.402837764670362,"x0,x1,x2,x3",4,5.0,5.0,,,,,,,
-6.775171098329849,-6.820388490514216,-3.701666426209318,-8.425772433895455,13.308516747252517,20.0,5.402837764670362,0.0,203.59803147643422,4.071960629528684,0.9133635643733413,26.435838359065457,74.63363641376908,0.0,hicks_law,value,qnei,exact,gaussian,5.0,20,50,11,28806aa0-9de2-4496-9c50-2288e06d7a80,False,0.01,2.0,8.695930500005488,5.402837764670362,"x0,x1,x2,x3",4,5.0,5.0,,,,,,,
0.019355881808256314,0.42893316052025454,-0.5310777814691606,0.10108494102735344,0.6903767678790899,0.0,3.527373063158374,0.008039480628484696,81.49028744575797,1.6298057489151594,0.008039480628484696,20.81053288543624,20.81053288543624,0.0,yerkes_dodson,value,logei,exact,none,0.0,0,50,11,6c2dac26-0dae-415b-8f8c-0b4178716feb,True,0.01,2.0,11.933411899997736,3.5354125437868587,"x0,x1,x2,x3",4,0.2,0.5,,,,,,,
-0.06583320175408697,0.011237381147382486,-0.007879206675470596,0.020901662217837236,0.07042194664697371,20.0,3.527373063158374,0.008039480628484696,81.49028744575797,1.6298057489151594,0.008039480628484696,20.81053288543624,20.81053288543624,0.0,yerkes_dodson,value,logei,exact,none,0.0,20,50,11,6c2dac26-0dae-415b-8f8c-0b4178716feb,True,0.01,2.0,11.933411899997736,3.5354125437868587,"x0,x1,x2,x3",4,0.2,0.5,,,,,,,
0.019355881808256314,0.42893316052025454,-0.5310777814691606,0.10108494102735344,0.6903767678790899,0.0,3.502011796565594,0.03340074722126474,101.99194803080685,2.039838960616137,0.0760802428706091,24.324068246111388,24.81490977224037,0.0,yerkes_dodson,value,logei,exact,gaussian,0.05,0,50,11,5f9239e3-47be-48b3-83ab-09e7ce372288,False,0.01,2.0,10.922470000004978,3.5354125437868587,"x0,x1,x2,x3",4,0.05,0.05,,,,,,,
-0.0793112046625975,0.03094490967124469,-0.007612310576183834,0.006351852389870349,0.08570967227031558,20.0,3.5256819655185603,0.009730578268298373,92.77576276702398,1.8555152553404795,0.012285188804198377,20.63678233446258,20.759518221215302,0.0,yerkes_dodson,value,logei,exact,gaussian,0.05,20,50,11,08d873b2-e9dc-4ece-8e38-d20756c45cf1,False,0.01,2.0,11.710372900008224,3.5354125437868587,"x0,x1,x2,x3",4,0.05,0.05,,,,,,,
0.019355881808256314,0.42893316052025454,-0.5310777814691606,0.10108494102735344,0.6903767678790899,0.0,3.4546613950454614,0.08075114874139722,56.807356310349796,1.136147126206996,0.13268815197911854,22.957984793156,27.402549431602644,0.0,yerkes_dodson,value,logei,exact,gaussian,0.25,0,50,11,133a01eb-6c27-4785-a864-97ad772b8fa5,False,0.01,2.0,11.383480200005579,3.5354125437868587,"x0,x1,x2,x3",4,0.25,0.25,,,,,,,
-0.07677442256385708,0.036863628489161304,-0.006674228297100737,0.0005742567375285335,0.08542900069392717,20.0,3.4913999582058226,0.044012585581036046,45.989020504197796,0.919780410083956,0.08153252227061714,21.564314307837183,22.842030869266626,0.0,yerkes_dodson,value,logei,exact,gaussian,0.25,20,50,11,722cc2c8-95fd-4a07-938b-02f47034dfe9,False,0.01,2.0,12.409976099996129,3.5354125437868587,"x0,x1,x2,x3",4,0.25,0.25,,,,,,,
0.019355881808256314,0.42893316052025454,-0.5310777814691606,0.10108494102735344,0.6903767678790899,0.0,3.242134178311544,0.29327836547531483,91.64245430218887,1.8328490860437774,0.6984039669430917,33.28027496485391,47.04905588967436,0.0,yerkes_dodson,value,logei,exact,gaussian,1.0,0,50,11,05354d7e-56f5-4386-b9bd-8e38b61b7f67,False,0.01,2.0,12.705757599993376,3.5354125437868587,"x0,x1,x2,x3",4,1.0,1.0,,,,,,,
0.003903991379917482,-0.10126510332756122,0.022999283590649733,-0.02086323306595933,0.10599105547301522,20.0,3.4859748891412035,0.049437654645655194,49.7677990470852,0.995355980941704,0.3107648348152421,21.599577256757208,27.457271934838474,0.0,yerkes_dodson,value,logei,exact,gaussian,1.0,20,50,11,82bfb25c-9528-45a5-9044-3590f786fefb,False,0.01,2.0,10.328610600001412,3.5354125437868587,"x0,x1,x2,x3",4,1.0,1.0,,,,,,,
0.019355881808256314,0.42893316052025454,-0.5310777814691606,0.10108494102735344,0.6903767678790899,0.0,1.5205660746098035,2.014846469177055,167.59938665215947,3.3519877330431895,2.9439179088606884,100.74375937408203,150.54281762352355,0.0,yerkes_dodson,value,logei,exact,gaussian,5.0,0,50,11,fa5ceb0c-7ce0-4466-b63d-812bb6d48074,False,0.01,2.0,14.152304500006721,3.5354125437868587,"x0,x1,x2,x3",4,5.0,5.0,,,,,,,
-0.0790183359500985,0.034520612394860095,-0.021356212631753246,0.269335509296301,0.2836076065311178,20.0,3.4859748891412035,0.049437654645655194,107.10283911448778,2.1420567822897554,1.761726038933391,21.599577256757208,86.13878665293889,0.0,yerkes_dodson,value,logei,exact,gaussian,5.0,20,50,11,bc3dc3ab-10ee-4678-9706-2e4df28c16d1,False,0.01,2.0,11.240667500009295,3.5354125437868587,"x0,x1,x2,x3",4,5.0,5.0,,,,,,,
0.019355881808256314,0.42893316052025454,-0.5310777814691606,0.10108494102735344,0.6903767678790899,0.0,3.526315381979666,0.009097161807192666,124.05082378459993,2.4810164756919986,0.009097161807192666,22.282181012907614,22.282181012907614,0.0,yerkes_dodson,value,qnei,exact,none,0.0,0,50,11,d862fe76-25fd-4277-831a-bec81f9efe93,True,0.01,2.0,10.40220440000121,3.5354125437868587,"x0,x1,x2,x3",4,0.2,0.5,,,,,,,
-0.5617548733639114,-0.47865151651621923,0.5507823455371259,-0.468823317723059,1.0333597183012384,20.0,3.526315381979666,0.009097161807192666,124.05082378459993,2.4810164756919986,0.009097161807192666,22.282181012907614,22.282181012907614,0.0,yerkes_dodson,value,qnei,exact,none,0.0,20,50,11,d862fe76-25fd-4277-831a-bec81f9efe93,True,0.01,2.0,10.40220440000121,3.5354125437868587,"x0,x1,x2,x3",4,0.2,0.5,,,,,,,
0.019355881808256314,0.42893316052025454,-0.5310777814691606,0.10108494102735344,0.6903767678790899,0.0,3.526381235005406,0.00903130878145264,105.87645129882338,2.117529025976468,0.04908875836104665,21.54502614838252,21.846527611039367,0.0,yerkes_dodson,value,qnei,exact,gaussian,0.05,0,50,11,b00a916b-1632-4f60-b752-3dbb068e67a5,False,0.01,2.0,10.273191300002509,3.5354125437868587,"x0,x1,x2,x3",4,0.05,0.05,,,,,,,
-0.5617548733639114,-0.47865151651621923,0.5507823455371259,-0.468823317723059,1.0333597183012384,20.0,3.5216607640043485,0.013751779782510187,111.44359111443671,2.2288718222887343,0.013751779782510187,22.48801938262342,22.493761638562187,0.0,yerkes_dodson,value,qnei,exact,gaussian,0.05,20,50,11,331d4056-8992-4635-b857-4153363a4c5e,False,0.01,2.0,9.770274800001062,3.5354125437868587,"x0,x1,x2,x3",4,0.05,0.05,,,,,,,
0.019355881808256314,0.42893316052025454,-0.5310777814691606,0.10108494102735344,0.6903767678790899,0.0,3.399976206149172,0.1354363376376866,102.17443550742172,2.0434887101484343,0.15547443612079404,34.53035718048158,40.00742563716873,0.0,yerkes_dodson,value,qnei,exact,gaussian,0.25,0,50,11,66cfcb62-f6b4-4c31-b100-116925de09c8,False,0.01,2.0,9.949603500004741,3.5354125437868587,"x0,x1,x2,x3",4,0.25,0.25,,,,,,,
0.431815930655168,-0.08427939308989318,-0.3615104661324015,-0.3878795558598961,0.688990842496855,20.0,3.4872033661432993,0.048209177643559364,84.20969446821178,1.6841938893642356,0.20222777840621164,22.893654608352612,26.67034707505684,0.0,yerkes_dodson,value,qnei,exact,gaussian,0.25,20,50,11,e406b892-b8ac-41b5-a758-634c08d6ba5e,False,0.01,2.0,9.806259400007548,3.5354125437868587,"x0,x1,x2,x3",4,0.25,0.25,,,,,,,
0.019355881808256314,0.42893316052025454,-0.5310777814691606,0.10108494102735344,0.6903767678790899,0.0,2.719525226078038,0.8158873177088206,124.72839219946621,2.494567843989324,0.9682373279344634,50.986954588150304,105.22480427528274,0.0,yerkes_dodson,value,qnei,exact,gaussian,1.0,0,50,11,b755c1e6-df20-4d65-8140-1a9ea1b8dd2e,False,0.01,2.0,12.01119830000971,3.5354125437868587,"x0,x1,x2,x3",4,1.0,1.0,,,,,,,
0.10622645055516466,-0.10100041386413355,-0.038652183662784556,-0.01812451272286636,0.1526683715168865,20.0,3.4416050877026563,0.09380745608420238,86.34551126629142,1.7269102253258284,0.23839839387145423,24.010812430148366,28.276245094872298,0.0,yerkes_dodson,value,qnei,exact,gaussian,1.0,20,50,11,ae39b1cf-6e80-4b1a-907a-20abf43e8f70,False,0.01,2.0,10.010601199988741,3.5354125437868587,"x0,x1,x2,x3",4,1.0,1.0,,,,,,,
0.019355881808256314,0.42893316052025454,-0.5310777814691606,0.10108494102735344,0.6903767678790899,0.0,1.5205660746098035,2.014846469177055,178.42638385045933,3.5685276770091865,3.156211881589041,100.74375937408203,167.87470055010772,0.0,yerkes_dodson,value,qnei,exact,gaussian,5.0,0,50,11,5f344285-d166-4821-962f-6e91490df1db,False,0.01,2.0,11.560219300008612,3.5354125437868587,"x0,x1,x2,x3",4,5.0,5.0,,,,,,,
0.08002981499080408,-0.1642057456632311,-0.029734450177138882,-0.010483170507731343,0.18537079755859873,20.0,3.4416050877026563,0.09380745608420238,81.84718506794404,1.6369437013588808,1.407635195676821,24.010812430148366,53.94820958617714,0.0,yerkes_dodson,value,qnei,exact,gaussian,5.0,20,50,11,066d6549-c8c0-45d8-b4b4-821f8253a896,False,0.01,2.0,11.643026099991403,3.5354125437868587,"x0,x1,x2,x3",4,5.0,5.0,,,,,,,
7.656396380681262,3.271301801533685,-6.523790837244563,2.1855812899002167,26.46118990581866,0.0,2.2679593018767514,0.35652102990186085,79.95320010793958,1.5990640021587916,0.35652102990186085,42.351909488813654,42.351909488813654,0.0,levy_10,value,logei,exact,none,0.0,0,50,11,dbfd83bb-d813-46ad-a18e-4113bdaac009,True,0.01,2.0,43.72004690000904,2.6244803317786123,"x0,x1,x2,x3,x4,x5,x6,x7,x8,x9,x10",11,0.2,0.5,12.802270198530717,-5.157008777157715,8.839234746579272,13.739249731407202,-7.985063688434973,7.1806009300184535,-3.289673247994922
-5.058573896878934,0.8084252788854114,4.355485284733351,-6.119101243380699,21.3325613913253,20.0,2.2679593018767514,0.35652102990186085,79.95320010793958,1.5990640021587916,0.35652102990186085,42.351909488813654,42.351909488813654,0.0,levy_10,value,logei,exact,none,0.0,20,50,11,dbfd83bb-d813-46ad-a18e-4113bdaac009,True,0.01,2.0,43.72004690000904,2.6244803317786123,"x0,x1,x2,x3,x4,x5,x6,x7,x8,x9,x10",11,0.2,0.5,16.21783477459377,0.01868930238016908,0.14520134246542105,5.40520551649401,-1.7017625006980324,-8.785064999648968,-0.3042947459097185
7.656396380681262,3.271301801533685,-6.523790837244563,2.1855812899002167,26.46118990581866,0.0,2.4334970562072575,0.19098327557135475,61.07214308946932,1.2214428617893864,0.19098327557135475,27.449065388887167,28.199288626537026,0.0,levy_10,value,logei,exact,gaussian,0.05,0,50,11,6281bda5-245d-4329-a143-bc90fa18fe9a,False,0.01,2.0,35.805944299994735,2.6244803317786123,"x0,x1,x2,x3,x4,x5,x6,x7,x8,x9,x10",11,0.05,0.05,12.802270198530717,-5.157008777157715,8.839234746579272,13.739249731407202,-7.985063688434973,7.1806009300184535,-3.289673247994922
-5.144277008443874,0.7941986671673047,4.386347010084249,-6.2640810148336,21.44849551343712,20.0,2.3052524351453334,0.3192278966332789,78.48179021425676,1.5696358042851353,0.3192278966332789,40.374213520320566,40.374213520320566,0.0,levy_10,value,logei,exact,gaussian,0.05,20,50,11,75d041ea-4e7d-4b13-9ae3-bf0b85780318,False,0.01,2.0,41.52473789999203,2.6244803317786123,"x0,x1,x2,x3,x4,x5,x6,x7,x8,x9,x10",11,0.05,0.05,16.28665483442522,0.023932760882249937,0.14138942917161734,5.377317338008459,-1.73311215349749,-8.785064999648968,-0.3042947459097185
7.656396380681262,3.271301801533685,-6.523790837244563,2.1855812899002167,26.46118990581866,0.0,2.4298367448194864,0.19464358695912587,72.96841243360635,1.4593682486721269,0.44574859765426034,32.64861270635417,36.5639372344945,0.0,levy_10,value,logei,exact,gaussian,0.25,0,50,11,96a86056-c950-41ed-91c4-19552b415474,False,0.01,2.0,44.73517620000348,2.6244803317786123,"x0,x1,x2,x3,x4,x5,x6,x7,x8,x9,x10",11,0.25,0.25,12.802270198530717,-5.157008777157715,8.839234746579272,13.739249731407202,-7.985063688434973,7.1806009300184535,-3.289673247994922
-5.117539089500179,0.7650644737623999,4.396735448045634,-6.321394658549405,21.453395086563706,20.0,2.3966214007786615,0.2278589309999508,71.79088452626802,1.4358176905253603,0.2278589309999508,34.77378466165138,35.31968340704106,0.0,levy_10,value,logei,exact,gaussian,0.25,20,50,11,fab42ac9-7c9d-457a-bef6-a69dbee54be0,False,0.01,2.0,38.71786950000387,2.6244803317786123,"x0,x1,x2,x3,x4,x5,x6,x7,x8,x9,x10",11,0.25,0.25,16.26817926950831,0.024974170354086667,0.1306303345038342,5.366211952603497,-1.8560118346429115,-8.785064999648968,-0.3042947459097185
7.656396380681262,3.271301801533685,-6.523790837244563,2.1855812899002167,26.46118990581866,0.0,1.944464341697272,0.6800159900813403,87.23446948561764,1.7446893897123528,1.0818429870444142,39.949489154345166,57.614553513542006,0.0,levy_10,value,logei,exact,gaussian,1.0,0,50,11,33d53248-63e6-47fb-b4a3-72c149ed94fb,False,0.01,2.0,35.328812599997036,2.6244803317786123,"x0,x1,x2,x3,x4,x5,x6,x7,x8,x9,x10",11,1.0,1.0,12.802270198530717,-5.157008777157715,8.839234746579272,13.739249731407202,-7.985063688434973,7.1806009300184535,-3.289673247994922
-4.128353081873215,0.6563563785480186,4.135526487209427,-5.591818539284505,18.4812052188645,20.0,2.233804332646753,0.39067599913185935,82.7366945934543,1.6547338918690861,0.6842881829443654,39.35695406724859,44.57888994031211,0.0,levy_10,value,logei,exact,gaussian,1.0,20,50,11,33fe2836-254b-4ed0-bf26-cb8a6d82234a,False,0.01,2.0,38.616627499999595,2.6244803317786123,"x0,x1,x2,x3,x4,x5,x6,x7,x8,x9,x10",11,1.0,1.0,14.03774100868636,0.0010697740235525721,0.2733751862169598,5.501945102497373,-1.6007713336322986,-6.756512247094844,-0.3042947459097185
7.656396380681262,3.271301801533685,-6.523790837244563,2.1855812899002167,26.46118990581866,0.0,1.0711521180853574,1.553328213693255,197.39476853781002,3.9478953707562003,2.925140931432672,77.93857088146345,171.66097734202475,0.0,levy_10,value,logei,exact,gaussian,5.0,0,50,11,ff5f67e1-966f-46f3-8ca0-6331f4181221,False,0.01,2.0,38.98396810000122,2.6244803317786123,"x0,x1,x2,x3,x4,x5,x6,x7,x8,x9,x10",11,5.0,5.0,12.802270198530717,-5.157008777157715,8.839234746579272,13.739249731407202,-7.985063688434973,7.1806009300184535,-3.289673247994922
-2.9109960939167214,-7.166763870679319,3.9315446135070395,-1.196881263701027,17.27339785088567,20.0,1.8830961614691757,0.7413841703094366,132.78087138346342,2.6556174276692683,1.1015974017522066,46.19989133435195,140.75922698014807,0.0,levy_10,value,logei,exact,gaussian,5.0,20,50,11,77053b9f-dcc6-4b5b-b6b8-cfff9a17102c,False,0.01,2.0,29.843321799999103,2.6244803317786123,"x0,x1,x2,x3,x4,x5,x6,x7,x8,x9,x10",11,5.0,5.0,9.110454078048322,0.9811207494626819,8.572622557030238,0.0,-2.218269742661667,7.692734103591542,-0.3042947459097185
7.656396380681262,3.271301801533685,-6.523790837244563,2.1855812899002167,26.46118990581866,0.0,2.289616514038449,0.3348638177401635,74.89801713689418,1.4979603427378836,0.3348638177401635,33.92853789754485,33.92853789754485,0.0,levy_10,value,qnei,exact,none,0.0,0,50,11,041194d2-a9b8-45dc-99fb-75adb8406051,True,0.01,2.0,35.10788930000854,2.6244803317786123,"x0,x1,x2,x3,x4,x5,x6,x7,x8,x9,x10",11,0.2,0.5,12.802270198530717,-5.157008777157715,8.839234746579272,13.739249731407202,-7.985063688434973,7.1806009300184535,-3.289673247994922
0.74281668542776,-9.54517978188349,2.1392734669918503,-0.4859606177780773,12.160370171329719,20.0,2.289616514038449,0.3348638177401635,74.89801713689418,1.4979603427378836,0.3348638177401635,33.92853789754485,33.92853789754485,0.0,levy_10,value,qnei,exact,none,0.0,20,50,11,041194d2-a9b8-45dc-99fb-75adb8406051,True,0.01,2.0,35.10788930000854,2.6244803317786123,"x0,x1,x2,x3,x4,x5,x6,x7,x8,x9,x10",11,0.2,0.5,1.0845092806168122,0.3679511415756367,-0.1740767675394746,-6.1359548610314185,2.151217029082657,-0.2185273792589093,-2.7807261995543335
7.656396380681262,3.271301801533685,-6.523790837244563,2.1855812899002167,26.46118990581866,0.0,2.337885236288514,0.2865950954900982,69.58980357932897,1.3917960715865794,0.2865950954900982,35.80373569384005,36.18817691749862,0.0,levy_10,value,qnei,exact,gaussian,0.05,0,50,11,8e0a8d97-952c-405d-9e8d-4090d0b40d6a,False,0.01,2.0,41.10493709999719,2.6244803317786123,"x0,x1,x2,x3,x4,x5,x6,x7,x8,x9,x10",11,0.05,0.05,12.802270198530717,-5.157008777157715,8.839234746579272,13.739249731407202,-7.985063688434973,7.1806009300184535,-3.289673247994922
0.7449302779946603,-9.571962790266873,2.153017272606622,-0.4773755230716612,12.364472017227671,20.0,2.5598629258819634,0.06461740589664888,63.040449124193884,1.2608089824838777,0.06461740589664888,26.869774894496715,27.171312123193818,0.0,levy_10,value,qnei,exact,gaussian,0.05,20,50,11,76a805b0-7163-4f9e-84c9-65f5e2783472,False,0.01,2.0,30.1274526000052,2.6244803317786123,"x0,x1,x2,x3,x4,x5,x6,x7,x8,x9,x10",11,0.05,0.05,1.0686681859941785,0.37318399168277105,-0.1536417073665079,-6.519872059046724,2.0599380298329852,-0.22353168384762323,-2.7807261995543335
7.656396380681262,3.271301801533685,-6.523790837244563,2.1855812899002167,26.46118990581866,0.0,1.9656343594103811,0.6588459723682312,99.81121871234633,1.9962243742469266,0.6588459723682312,50.68985807606634,59.16996855798899,0.0,levy_10,value,qnei,exact,gaussian,0.25,0,50,11,f22219c7-28a4-4248-b5c7-93abeb53896c,False,0.01,2.0,29.96745560001,2.6244803317786123,"x0,x1,x2,x3,x4,x5,x6,x7,x8,x9,x10",11,0.25,0.25,12.802270198530717,-5.157008777157715,8.839234746579272,13.739249731407202,-7.985063688434973,7.1806009300184535,-3.289673247994922
0.9566328915516131,6.468484124875157,3.576173358085634,0.325217709413985,10.519610661056046,20.0,2.198981126226634,0.4254992055519784,85.64429658590869,1.7128859317181737,0.5912076728771503,34.82212506372003,40.33590113370077,0.0,levy_10,value,qnei,exact,gaussian,0.25,20,50,11,afd90f1f-ac11-4cc1-bf23-780423ab81c6,False,0.01,2.0,28.600329599998076,2.6244803317786123,"x0,x1,x2,x3,x4,x5,x6,x7,x8,x9,x10",11,0.25,0.25,-2.425721555721424,-0.40716042334190083,1.6011507572451733,-5.862970756512287,-2.1123856516668313,-1.1068619853805872,-2.517074003724286
7.656396380681262,3.271301801533685,-6.523790837244563,2.1855812899002167,26.46118990581866,0.0,2.1212050037367676,0.5032753280418447,96.28386238764783,1.9256772477529567,0.7968095718705985,31.352199992248277,69.31420597271861,0.0,levy_10,value,qnei,exact,gaussian,1.0,0,50,11,7e29cb6c-a0ad-4c9c-b1d9-6195e251fe49,False,0.01,2.0,29.28458629999659,2.6244803317786123,"x0,x1,x2,x3,x4,x5,x6,x7,x8,x9,x10",11,1.0,1.0,12.802270198530717,-5.157008777157715,8.839234746579272,13.739249731407202,-7.985063688434973,7.1806009300184535,-3.289673247994922
-0.4591818197163626,-2.3461034133747622,-0.6385359038053098,-0.570386767925134,5.5139413419202805,20.0,2.442547165824828,0.1819331659537844,63.90866835154263,1.2781733670308526,0.9234099440081673,28.36762501436788,34.85902326615269,0.0,levy_10,value,qnei,exact,gaussian,1.0,20,50,11,79db55b4-d73a-495c-8da9-ed10c957529c,False,0.01,2.0,23.95400939999672,2.6244803317786123,"x0,x1,x2,x3,x4,x5,x6,x7,x8,x9,x10",11,1.0,1.0,0.4064930800947206,-2.2659568923538247,-1.9101232286640704,3.576571344103461,1.047113767536766,0.04707982552485945,-1.0566628811532368
7.656396380681262,3.271301801533685,-6.523790837244563,2.1855812899002167,26.46118990581866,0.0,2.2113121490335628,0.4131681827450495,138.30451925703903,2.7660903851407808,1.2323988051620267,28.483442887195476,42.345684041054035,0.0,levy_10,value,qnei,exact,gaussian,5.0,0,50,11,05984764-18a5-4d87-9548-be0b653eda38,False,0.01,2.0,17.42715400000452,2.6244803317786123,"x0,x1,x2,x3,x4,x5,x6,x7,x8,x9,x10",11,5.0,5.0,12.802270198530717,-5.157008777157715,8.839234746579272,13.739249731407202,-7.985063688434973,7.1806009300184535,-3.289673247994922
-0.691940256804708,0.20610326426938771,0.07562007542486571,0.02571064989928029,2.6626524890342793,20.0,2.226956785075832,0.39752354670278045,114.20364330202392,2.2840728660404785,0.6437099916230384,34.02481878651788,40.619920040173355,0.0,levy_10,value,qnei,exact,gaussian,5.0,20,50,11,24beb889-064a-4073-aede-72236b8ea4b1,False,0.01,2.0,24.131706200001645,2.6244803317786123,"x0,x1,x2,x3,x4,x5,x6,x7,x8,x9,x10",11,5.0,5.0,1.0709261576723332,-0.7730216665627165,-1.205579105882733,1.3402942958305872,0.22145277779937378,-0.4193050363856843,1.158864017489873
0.019355881808256314,0.42893316052025454,-0.5310777814691606,0.10108494102735344,0.6903767678790899,0.0,2.153305282720616,0.0,67.94434956282878,1.3588869912565755,0.0,12.026871820619998,12.026871820619998,0.0,weber_fechner,value,logei,exact,none,0.0,0,50,11,b1601e9f-2037-441c-af66-bc505c75389b,True,0.01,2.0,12.02820350001275,2.153305282720616,"x0,x1,x2,x3",4,0.2,0.5,,,,,,,
0.0,0.0,0.0,-1.1102230246251565e-16,1.1102230246251565e-16,20.0,2.153305282720616,0.0,67.94434956282878,1.3588869912565755,0.0,12.026871820619998,12.026871820619998,0.0,weber_fechner,value,logei,exact,none,0.0,20,50,11,b1601e9f-2037-441c-af66-bc505c75389b,True,0.01,2.0,12.02820350001275,2.153305282720616,"x0,x1,x2,x3",4,0.2,0.5,,,,,,,
0.019355881808256314,0.42893316052025454,-0.5310777814691606,0.10108494102735344,0.6903767678790899,0.0,2.153305282720616,0.0,18.00236729908077,0.3600473459816154,0.03216995271864587,12.22918062612889,13.21400584534597,0.0,weber_fechner,value,logei,exact,gaussian,0.05,0,50,11,e8049874-08f1-4182-81a0-6ba7010815b2,False,0.01,2.0,10.838392599995132,2.153305282720616,"x0,x1,x2,x3",4,0.05,0.05,,,,,,,
0.0,0.0,0.0,0.0,0.0,20.0,2.153305282720616,0.0,21.263232214397146,0.4252646442879429,0.0,12.026871820619998,12.048335171840966,0.0,weber_fechner,value,logei,exact,gaussian,0.05,20,50,11,1505793a-58a6-4b90-902e-b1f41f9e9e3e,False,0.01,2.0,10.343503800002509,2.153305282720616,"x0,x1,x2,x3",4,0.05,0.05,,,,,,,
0.019355881808256314,0.42893316052025454,-0.5310777814691606,0.10108494102735344,0.6903767678790899,0.0,2.153305282720616,0.0,29.39108963458345,0.587821792691669,0.14616630803275266,13.235421182303785,18.31372557133764,0.0,weber_fechner,value,logei,exact,gaussian,0.25,0,50,11,da6023bc-fd27-47a4-b242-87ceeef0c984,False,0.01,2.0,10.399294199989527,2.153305282720616,"x0,x1,x2,x3",4,0.25,0.25,,,,,,,
0.0,0.0,0.0,0.0,0.0,20.0,2.153305282720616,0.0,22.111545750172724,0.44223091500345446,0.03843648369613728,12.026871820619998,13.104077346787104,0.0,weber_fechner,value,logei,exact,gaussian,0.25,20,50,11,a2fd0241-de26-4751-b9f2-3c6c21a09e24,False,0.01,2.0,9.83146719999786,2.153305282720616,"x0,x1,x2,x3",4,0.25,0.25,,,,,,,
0.019355881808256314,0.42893316052025454,-0.5310777814691606,0.10108494102735344,0.6903767678790899,0.0,1.5921139801329567,0.5611913025876591,65.01148304947557,1.3002296609895114,0.6305081129740873,37.05465612541563,43.83827331067516,0.0,weber_fechner,value,logei,exact,gaussian,1.0,0,50,11,248411c8-1aee-4aa4-99f3-c15da98ff5a3,False,0.01,2.0,11.329322999998112,2.153305282720616,"x0,x1,x2,x3",4,1.0,1.0,,,,,,,
-0.06564945022125657,0.0,0.0,0.0,0.06564945022125657,20.0,2.153305282720616,0.0,24.10292793252896,0.4820585586505792,0.17546621639685567,12.026871820619998,14.662104070137017,0.0,weber_fechner,value,logei,exact,gaussian,1.0,20,50,11,2f109a82-7969-4ac2-84b7-2277b3a395ea,False,0.01,2.0,8.174628799999482,2.153305282720616,"x0,x1,x2,x3",4,1.0,1.0,,,,,,,
0.019355881808256314,0.42893316052025454,-0.5310777814691606,0.10108494102735344,0.6903767678790899,0.0,1.4191587982587475,0.7341464844618684,136.41107944671734,2.7282215889343466,0.8752787555652406,49.20192183875627,124.46826798819708,0.0,weber_fechner,value,logei,exact,gaussian,5.0,0,50,11,5f55acc8-70f0-4c79-b4ff-3105d38df7e0,False,0.01,2.0,14.862783200005651,2.153305282720616,"x0,x1,x2,x3",4,5.0,5.0,,,,,,,
-0.10843041051851543,0.0,-1.0,0.0,1.005861398963701,20.0,2.153305282720616,0.0,85.96711745699096,1.7193423491398192,0.5774602424499957,12.026871820619998,81.95356319780024,0.0,weber_fechner,value,logei,exact,gaussian,5.0,20,50,11,58155c07-3849-46c9-a969-2e6d1acdf2ff,False,0.01,2.0,9.49734719999833,2.153305282720616,"x0,x1,x2,x3",4,5.0,5.0,,,,,,,
0.019355881808256314,0.42893316052025454,-0.5310777814691606,0.10108494102735344,0.6903767678790899,0.0,2.153305282720616,0.0,57.77503840712721,1.1555007681425442,0.0,12.009374635119674,12.009374635119674,0.0,weber_fechner,value,qnei,exact,none,0.0,0,50,11,0a1e025d-f0a1-4484-a228-a23521950f85,True,0.01,2.0,8.730154699995182,2.153305282720616,"x0,x1,x2,x3",4,0.2,0.5,,,,,,,
0.06326275920048985,-0.28388790043553314,0.06858671763171753,0.008329126835041945,0.29894485930465753,20.0,2.153305282720616,0.0,57.77503840712721,1.1555007681425442,0.0,12.009374635119674,12.009374635119674,0.0,weber_fechner,value,qnei,exact,none,0.0,20,50,11,0a1e025d-f0a1-4484-a228-a23521950f85,True,0.01,2.0,8.730154699995182,2.153305282720616,"x0,x1,x2,x3",4,0.2,0.5,,,,,,,
0.019355881808256314,0.42893316052025454,-0.5310777814691606,0.10108494102735344,0.6903767678790899,0.0,2.153305282720616,0.0,64.77660885258369,1.295532177051674,0.0,12.234410069120692,12.235787203509437,0.0,weber_fechner,value,qnei,exact,gaussian,0.05,0,50,11,a4ced916-5a4d-49d7-9e93-852462c03c59,False,0.01,2.0,8.77043629999389,2.153305282720616,"x0,x1,x2,x3",4,0.05,0.05,,,,,,,
0.06326275920048985,-0.28388790043553314,0.06858671763171753,0.008329126835041945,0.29894485930465753,20.0,2.153305282720616,0.0,66.18321284427576,1.3236642568855153,0.04211738427045297,12.009374635119674,12.269074218939412,0.0,weber_fechner,value,qnei,exact,gaussian,0.05,20,50,11,3d4e97ae-5883-44b2-8c20-d621c649ce58,False,0.01,2.0,9.509195099992212,2.153305282720616,"x0,x1,x2,x3",4,0.05,0.05,,,,,,,
0.019355881808256314,0.42893316052025454,-0.5310777814691606,0.10108494102735344,0.6903767678790899,0.0,2.1057814809146618,0.04752380180595406,52.06639450654062,1.0413278901308123,0.18606569085411984,28.41281064816342,36.581007981956795,0.0,weber_fechner,value,qnei,exact,gaussian,0.25,0,50,11,871ff68a-5f41-4a49-b01d-0903d005d485,False,0.01,2.0,9.101953200006392,2.153305282720616,"x0,x1,x2,x3",4,0.25,0.25,,,,,,,
0.08874454853757174,0.31796115094857835,0.5559316661161472,0.15742275661045446,0.6654448362540593,20.0,2.153305282720616,0.0,42.55387301443185,0.8510774602886371,0.04288392839782107,12.009374635119674,15.08292671159147,0.0,weber_fechner,value,qnei,exact,gaussian,0.25,20,50,11,b3eecf77-d7fa-4d2b-ad78-a388d80333d6,False,0.01,2.0,8.669388800000888,2.153305282720616,"x0,x1,x2,x3",4,0.25,0.25,,,,,,,
0.019355881808256314,0.42893316052025454,-0.5310777814691606,0.10108494102735344,0.6903767678790899,0.0,1.828996190803335,0.32430909191728086,58.91714251012356,1.1783428502024713,0.47377696812916636,26.9760236108359,35.683059135381704,0.0,weber_fechner,value,qnei,exact,gaussian,1.0,0,50,11,e0bf70c0-8c05-4181-8099-91c22c4c9e50,False,0.01,2.0,10.073795299991616,2.153305282720616,"x0,x1,x2,x3",4,1.0,1.0,,,,,,,
0.03353280992918173,0.13106320427305718,0.6298333573790682,0.15742275661045446,0.6631545786785245,20.0,2.153305282720616,0.0,50.274545545714936,1.0054909109142987,0.27156716618969345,12.009374635119674,20.152627477215532,0.0,weber_fechner,value,qnei,exact,gaussian,1.0,20,50,11,b7a98fff-0283-40ca-a89c-d389879df2b3,False,0.01,2.0,9.091989699998521,2.153305282720616,"x0,x1,x2,x3",4,1.0,1.0,,,,,,,
0.019355881808256314,0.42893316052025454,-0.5310777814691606,0.10108494102735344,0.6903767678790899,0.0,1.9041426885755581,0.2491625941450577,93.80510657725956,1.8761021315451913,1.4195629564396879,31.119201733736773,66.64300439379615,0.0,weber_fechner,value,qnei,exact,gaussian,5.0,0,50,11,0b081d92-d6d5-43da-be88-74e54b905054,False,0.01,2.0,9.7751949000085,2.153305282720616,"x0,x1,x2,x3",4,5.0,5.0,,,,,,,
0.08874454853757174,-0.006765730200368858,-0.009197013896876827,-0.029370209543997272,0.0941730549231534,20.0,2.153305282720616,0.0,93.03885310955444,1.8607770621910888,2.006323275265446,12.009374635119674,49.176111007039864,0.0,weber_fechner,value,qnei,exact,gaussian,5.0,20,50,11,48edda92-e5cf-473b-a915-7acc04ce0207,False,0.01,2.0,9.618792799999937,2.153305282720616,"x0,x1,x2,x3",4,5.0,5.0,,,,,,,
0.019355881808256314,0.42893316052025454,-0.5310777814691606,0.10108494102735344,0.6903767678790899,0.0,2.617179076533212,0.3403207050487054,71.47016492753657,1.4294032985507314,0.3403207050487054,48.34699016098358,48.34699016098358,0.0,moving_peaks,value,logei,exact,none,0.0,0,50,11,dbaa3709-4f4a-48b4-a267-a73bf8e75d90,True,0.01,2.0,12.494123099997523,2.9574997815819173,"x0,x1,x2,x3",4,0.2,0.5,,,,,,,
-0.0791988763904452,0.0004437108065522555,-0.0562331605342406,0.0,0.09713303889232822,20.0,2.617179076533212,0.3403207050487054,71.47016492753657,1.4294032985507314,0.3403207050487054,48.34699016098358,48.34699016098358,0.0,moving_peaks,value,logei,exact,none,0.0,20,50,11,dbaa3709-4f4a-48b4-a267-a73bf8e75d90,True,0.01,2.0,12.494123099997523,2.9574997815819173,"x0,x1,x2,x3",4,0.2,0.5,,,,,,,
0.019355881808256314,0.42893316052025454,-0.5310777814691606,0.10108494102735344,0.6903767678790899,0.0,2.538014606901864,0.4194851746800534,94.68925228404723,1.8937850456809446,0.4194851746800534,40.101669252939445,40.101669252939445,0.0,moving_peaks,value,logei,exact,gaussian,0.05,0,50,11,803c3dab-f066-4909-b897-735e84ae5877,False,0.01,2.0,12.464229500008514,2.9574997815819173,"x0,x1,x2,x3",4,0.05,0.05,,,,,,,
-0.08505438517793895,0.0023876967143812156,-0.05977056238313966,0.0,0.10398302583207443,20.0,2.5606274003024474,0.3968723812794699,77.93190756356815,1.558638151271363,0.3968723812794699,46.96417664612153,46.96417664612153,0.0,moving_peaks,value,logei,exact,gaussian,0.05,20,50,11,53b462d1-f7d8-4e79-bba6-288f3543729b,False,0.01,2.0,11.554716699989513,2.9574997815819173,"x0,x1,x2,x3",4,0.05,0.05,,,,,,,
0.019355881808256314,0.42893316052025454,-0.5310777814691606,0.10108494102735344,0.6903767678790899,0.0,2.3106754408463073,0.64682434073561,104.20376086825735,2.084075217365147,0.7050692369077387,59.56197632704159,64.43366472141983,0.0,moving_peaks,value,logei,exact,gaussian,0.25,0,50,11,d173e290-30f1-4253-a43d-8372150dcf23,False,0.01,2.0,10.696392399986507,2.9574997815819173,"x0,x1,x2,x3",4,0.25,0.25,,,,,,,
-0.08742077181670327,0.0030874316865073803,-0.0605525413228985,0.0,0.10638859826178874,20.0,2.496394153379606,0.4611056282023114,77.63463318340413,1.5526926636680827,0.47305009044970836,48.55995340454981,48.67778663927623,0.0,moving_peaks,value,logei,exact,gaussian,0.25,20,50,11,c2889f00-cc02-46b9-8f2b-fe93c4501dff,False,0.01,2.0,12.040798399990308,2.9574997815819173,"x0,x1,x2,x3",4,0.25,0.25,,,,,,,
0.019355881808256314,0.42893316052025454,-0.5310777814691606,0.10108494102735344,0.6903767678790899,0.0,1.7291875708237172,1.2283122107582,100.35940575071801,2.00718811501436,1.4868212688643472,73.6036781788146,90.04977070194549,0.0,moving_peaks,value,logei,exact,gaussian,1.0,0,50,11,027a3e83-111a-4271-9ff8-358821cecc48,False,0.01,2.0,9.261448699995526,2.9574997815819173,"x0,x1,x2,x3",4,1.0,1.0,,,,,,,
0.019053776017494695,-0.05502529998481398,0.03879725254136113,0.0,0.06997182878631784,20.0,2.2533770764475105,0.7041227051344068,83.15837620290105,1.663167524058021,0.7083403483126238,55.828794323754835,62.568948708510455,0.0,moving_peaks,value,logei,exact,gaussian,1.0,20,50,11,33f8a423-fa63-4107-93f7-13c3d66fccdc,False,0.01,2.0,11.169975400000112,2.9574997815819173,"x0,x1,x2,x3",4,1.0,1.0,,,,,,,
0.019355881808256314,0.42893316052025454,-0.5310777814691606,0.10108494102735344,0.6903767678790899,0.0,1.5748317782048042,1.382668003377113,127.04257790103772,2.5408515580207545,2.6745837484536588,76.08743676259944,105.94618003115222,0.0,moving_peaks,value,logei,exact,gaussian,5.0,0,50,11,305a513c-12aa-4693-a56c-dec7982d3ff2,False,0.01,2.0,13.415417700001854,2.9574997815819173,"x0,x1,x2,x3",4,5.0,5.0,,,,,,,
0.63564527723812,-0.7581025104566079,-0.5243302231789941,-1.0,1.5012283363215175,20.0,2.0739525013902775,0.8835472801916398,171.41346496793577,3.4282692993587154,0.8835472801916398,60.58354556277151,107.52899970194005,0.0,moving_peaks,value,logei,exact,gaussian,5.0,20,50,11,e6a9ffa7-66fa-492b-ba57-096d7538614e,False,0.01,2.0,7.665050900002825,2.9574997815819173,"x0,x1,x2,x3",4,5.0,5.0,,,,,,,
0.019355881808256314,0.42893316052025454,-0.5310777814691606,0.10108494102735344,0.6903767678790899,0.0,2.3511489422856795,0.6063508392962378,78.40684529382187,1.5681369058764374,0.6063508392962378,58.195868039854,58.195868039854,0.0,moving_peaks,value,qnei,exact,none,0.0,0,50,11,9be56ee9-0cca-4df7-b31a-f9c9fb583402,True,0.01,2.0,12.41378080000868,2.9574997815819173,"x0,x1,x2,x3",4,0.2,0.5,,,,,,,
0.05039730247767249,-0.02058555272687801,-0.021636306983619014,-0.023788815410554442,0.06322729313060874,20.0,2.3511489422856795,0.6063508392962378,78.40684529382187,1.5681369058764374,0.6063508392962378,58.195868039854,58.195868039854,0.0,moving_peaks,value,qnei,exact,none,0.0,20,50,11,9be56ee9-0cca-4df7-b31a-f9c9fb583402,True,0.01,2.0,12.41378080000868,2.9574997815819173,"x0,x1,x2,x3",4,0.2,0.5,,,,,,,
0.019355881808256314,0.42893316052025454,-0.5310777814691606,0.10108494102735344,0.6903767678790899,0.0,2.430272073934949,0.5272277076469685,83.71037021177585,1.674207404235517,0.5272277076469685,59.94391157892326,59.94391157892326,0.0,moving_peaks,value,qnei,exact,gaussian,0.05,0,50,11,39243f4d-0e2a-4bf4-91a0-27b6aa43628f,False,0.01,2.0,10.73277980000421,2.9574997815819173,"x0,x1,x2,x3",4,0.05,0.05,,,,,,,
0.05182083592192821,-0.019312435458545885,-0.02209262575815374,-0.025062743393950593,0.0646111013550207,20.0,2.4409034839499775,0.5165962976319398,75.90663780912925,1.518132756182585,0.5165962976319398,56.68937041534926,56.68937041534926,0.0,moving_peaks,value,qnei,exact,gaussian,0.05,20,50,11,8a1ccada-2c6b-41e3-b86e-f2052a29b182,False,0.01,2.0,12.611967499993625,2.9574997815819173,"x0,x1,x2,x3",4,0.05,0.05,,,,,,,
0.019355881808256314,0.42893316052025454,-0.5310777814691606,0.10108494102735344,0.6903767678790899,0.0,2.222119079516808,0.7353807020651093,90.34491475825784,1.8068982951651569,0.7353807020651093,63.54006582043595,70.55712381719242,0.0,moving_peaks,value,qnei,exact,gaussian,0.25,0,50,11,f292892f-312a-4a93-a398-001907497c58,False,0.01,2.0,11.570310800001607,2.9574997815819173,"x0,x1,x2,x3",4,0.25,0.25,,,,,,,
-0.5507169027758971,0.04639926992295351,-0.04149663173376536,-0.020891236131509616,0.5546173576843861,20.0,2.335001324702595,0.6224984568793221,93.15997289078055,1.863199457815611,0.8026018770431249,59.819618005280255,64.1100356040238,0.0,moving_peaks,value,qnei,exact,gaussian,0.25,20,50,11,765804b0-5e9e-49b7-bbef-f8590f7cd49e,False,0.01,2.0,13.417786900012288,2.9574997815819173,"x0,x1,x2,x3",4,0.25,0.25,,,,,,,
0.019355881808256314,0.42893316052025454,-0.5310777814691606,0.10108494102735344,0.6903767678790899,0.0,1.9892933415097238,0.9682064400721935,121.33496443351792,2.4266992886703584,1.3754828948684064,80.52833700878733,105.94998126872534,0.0,moving_peaks,value,qnei,exact,gaussian,1.0,0,50,11,4bf93a90-028a-4696-a75f-78397ab85f41,False,0.01,2.0,11.666523699997924,2.9574997815819173,"x0,x1,x2,x3",4,1.0,1.0,,,,,,,
0.21475753481560877,-0.019522484291518483,0.005143861572089958,0.01715034789536818,0.21638511940009872,20.0,2.283449255378573,0.6740505262033443,93.02668415661317,1.8605336831322634,0.7915190055011938,62.89942880899365,68.0641114758288,0.0,moving_peaks,value,qnei,exact,gaussian,1.0,20,50,11,87534ec4-f9ff-4db0-8746-5fd995eead39,False,0.01,2.0,10.377919900012785,2.9574997815819173,"x0,x1,x2,x3",4,1.0,1.0,,,,,,,
0.019355881808256314,0.42893316052025454,-0.5310777814691606,0.10108494102735344,0.6903767678790899,0.0,0.9951090175889145,1.9623907639930027,201.99367199591563,4.0398734399183125,4.366345751193119,102.49757686883056,206.27980261847085,0.0,moving_peaks,value,qnei,exact,gaussian,5.0,0,50,11,5de23aee-c8c3-4110-8c16-08a65d217343,False,0.01,2.0,7.348799800005509,2.9574997815819173,"x0,x1,x2,x3",4,5.0,5.0,,,,,,,
0.2907123784663235,-0.16967527957880352,-0.03871394180691029,-0.1896686040014503,0.3882992867979284,20.0,1.8566552231136029,1.1008445584683144,125.62129009185448,2.5124258018370895,1.9909113973344972,68.4923298250551,78.7280984720162,0.0,moving_peaks,value,qnei,exact,gaussian,5.0,20,50,11,435b6593-9971-44bc-9940-77a4b5ee478a,False,0.01,2.0,9.246960899996338,2.9574997815819173,"x0,x1,x2,x3",4,5.0,5.0,,,,,,,
0.019355881808256314,0.42893316052025454,-0.5310777814691606,0.10108494102735344,0.6903767678790899,0.0,1.7175746997911816,0.0,44.50192473675893,0.8900384947351786,0.0,12.280836482157696,12.280836482157696,0.0,power_law_practice,value,logei,exact,none,0.0,0,50,11,344a2e6b-5562-4566-a262-e5f0a3b9c267,True,0.01,2.0,11.007754200007184,1.7175746997911816,"x0,x1,x2,x3",4,0.2,0.5,,,,,,,
1.0,1.0,1.0,0.528915811780077,1.8110085411038175,20.0,1.7175746997911816,0.0,44.50192473675893,0.8900384947351786,0.0,12.280836482157696,12.280836482157696,0.0,power_law_practice,value,logei,exact,none,0.0,20,50,11,344a2e6b-5562-4566-a262-e5f0a3b9c267,True,0.01,2.0,11.007754200007184,1.7175746997911816,"x0,x1,x2,x3",4,0.2,0.5,,,,,,,
0.019355881808256314,0.42893316052025454,-0.5310777814691606,0.10108494102735344,0.6903767678790899,0.0,1.7175746997911816,0.0,21.126155125520732,0.42252310251041464,0.03842489113606984,10.238978856722587,11.245202833380624,0.0,power_law_practice,value,logei,exact,gaussian,0.05,0,50,11,f341ab5d-46d3-4549-92a9-8cbf499e4f54,False,0.01,2.0,10.058629899998778,1.7175746997911816,"x0,x1,x2,x3",4,0.05,0.05,,,,,,,
1.0,1.0,1.0,0.5327302320673035,1.8121262373682698,20.0,1.7175746997911816,0.0,25.28119550146042,0.5056239100292084,0.0,12.280836482157696,12.280836482157696,0.0,power_law_practice,value,logei,exact,gaussian,0.05,20,50,11,22224f09-9d62-4a96-bf0c-0fe146ba66f5,False,0.01,2.0,10.734107199998107,1.7175746997911816,"x0,x1,x2,x3",4,0.05,0.05,,,,,,,
0.019355881808256314,0.42893316052025454,-0.5310777814691606,0.10108494102735344,0.6903767678790899,0.0,1.7175746997911816,0.0,20.659257713076357,0.41318515426152713,0.1939315898065057,11.4535099707482,17.84500741861883,0.0,power_law_practice,value,logei,exact,gaussian,0.25,0,50,11,0e627602-b1ba-4aad-b4b3-ef1f045c2fcb,False,0.01,2.0,8.265701999989687,1.7175746997911816,"x0,x1,x2,x3",4,0.25,0.25,,,,,,,
1.0,1.0,1.0,0.5349040421779192,1.812766486434002,20.0,1.7175746997911816,0.0,20.33412017594653,0.4066824035189306,0.06100713492267462,12.280836482157696,14.196667146611729,0.0,power_law_practice,value,logei,exact,gaussian,0.25,20,50,11,f1458644-98be-4e6c-8854-e41dcc61c1da,False,0.01,2.0,9.455968900001608,1.7175746997911816,"x0,x1,x2,x3",4,0.25,0.25,,,,,,,
0.019355881808256314,0.42893316052025454,-0.5310777814691606,0.10108494102735344,0.6903767678790899,0.0,1.0049251627883082,0.7126495370028734,52.648885164283804,1.0529777032856762,1.0516812183791753,41.447193181732516,57.1519490798345,0.0,power_law_practice,value,logei,exact,gaussian,1.0,0,50,11,ea39508d-f7c1-4991-83fb-bef304a7bddc,False,0.01,2.0,7.041179500010912,1.7175746997911816,"x0,x1,x2,x3",4,1.0,1.0,,,,,,,
0.0,0.0,1.0,-0.05279185848110979,1.0013925206041283,20.0,1.7175746997911816,0.0,33.86496152895737,0.6772992305791474,0.12047510620950619,12.280836482157696,15.028121917230672,0.0,power_law_practice,value,logei,exact,gaussian,1.0,20,50,11,2b8bc39f-79f9-4ca6-b6fe-8f59706a364a,False,0.01,2.0,11.776074199995492,1.7175746997911816,"x0,x1,x2,x3",4,1.0,1.0,,,,,,,
0.019355881808256314,0.42893316052025454,-0.5310777814691606,0.10108494102735344,0.6903767678790899,0.0,1.1133050254237187,0.6042696743674629,114.66593327745022,2.2933186655490045,1.5743133814890564,48.05149307668425,147.22709739810577,0.0,power_law_practice,value,logei,exact,gaussian,5.0,0,50,11,eaf9b30f-c498-4c31-86dc-f1327bd966e6,False,0.01,2.0,9.267290000003413,1.7175746997911816,"x0,x1,x2,x3",4,5.0,5.0,,,,,,,
0.6215922925144506,0.5168389808906609,1.0,0.5990128000029014,1.4185611882639335,20.0,1.7175746997911816,0.0,40.354997446127854,0.8070999489225571,0.5712432784098702,12.280836482157696,28.507698715716952,0.0,power_law_practice,value,logei,exact,gaussian,5.0,20,50,11,aab6279e-b915-4b41-a4c0-adfd95fe28b5,False,0.01,2.0,8.083622399994056,1.7175746997911816,"x0,x1,x2,x3",4,5.0,5.0,,,,,,,
0.019355881808256314,0.42893316052025454,-0.5310777814691606,0.10108494102735344,0.6903767678790899,0.0,1.7175746997911816,0.0,56.8355224903127,1.136710449806254,0.0,11.916211012945936,11.916211012945936,0.0,power_law_practice,value,qnei,exact,none,0.0,0,50,11,d6f6e120-6b19-47d2-a34c-530bb388d452,True,0.01,2.0,9.778672300002654,1.7175746997911816,"x0,x1,x2,x3",4,0.2,0.5,,,,,,,
0.06326275920048985,-0.28388790043553314,0.06858671763171753,0.008329126835041945,0.29894485930465753,20.0,1.7175746997911816,0.0,56.8355224903127,1.136710449806254,0.0,11.916211012945936,11.916211012945936,0.0,power_law_practice,value,qnei,exact,none,0.0,20,50,11,d6f6e120-6b19-47d2-a34c-530bb388d452,True,0.01,2.0,9.778672300002654,1.7175746997911816,"x0,x1,x2,x3",4,0.2,0.5,,,,,,,
0.019355881808256314,0.42893316052025454,-0.5310777814691606,0.10108494102735344,0.6903767678790899,0.0,1.7175746997911816,0.0,56.27123831591322,1.1254247663182644,0.0,10.349294590359486,14.365079174651784,0.0,power_law_practice,value,qnei,exact,gaussian,0.05,0,50,11,62205a84-6416-4e89-9991-58079cb400b9,False,0.01,2.0,9.742740199988475,1.7175746997911816,"x0,x1,x2,x3",4,0.05,0.05,,,,,,,
0.06326275920048985,-0.28388790043553314,0.06858671763171753,0.008329126835041945,0.29894485930465753,20.0,1.7175746997911816,0.0,58.0690631827788,1.161381263655576,0.02347454531393023,11.916211012945936,11.998371921544692,0.0,power_law_practice,value,qnei,exact,gaussian,0.05,20,50,11,27787a75-e0af-4200-bae0-29bbc814f351,False,0.01,2.0,9.036417700001039,1.7175746997911816,"x0,x1,x2,x3",4,0.05,0.05,,,,,,,
0.019355881808256314,0.42893316052025454,-0.5310777814691606,0.10108494102735344,0.6903767678790899,0.0,1.7175746997911816,0.0,47.465535414531466,0.9493107082906294,0.04985441902503007,16.188680829736015,21.26160312120519,0.0,power_law_practice,value,qnei,exact,gaussian,0.25,0,50,11,0398c8d2-c94a-44e6-abfc-b9753bdf1830,False,0.01,2.0,8.804452399999718,1.7175746997911816,"x0,x1,x2,x3",4,0.25,0.25,,,,,,,
0.06326275920048985,-0.28388790043553314,0.06858671763171753,0.008329126835041945,0.29894485930465753,20.0,1.7175746997911816,0.0,54.39502992898184,1.0879005985796368,0.19877633216981527,11.916211012945936,16.786231151106406,0.0,power_law_practice,value,qnei,exact,gaussian,0.25,20,50,11,21af3f75-abc3-4ef5-aa65-683f4713f414,False,0.01,2.0,8.282756899992819,1.7175746997911816,"x0,x1,x2,x3",4,0.25,0.25,,,,,,,
0.019355881808256314,0.42893316052025454,-0.5310777814691606,0.10108494102735344,0.6903767678790899,0.0,1.4373234092180303,0.28025129057315135,45.654004942740464,0.9130800988548092,0.6204973817553057,22.85831678823106,35.230493640057,0.0,power_law_practice,value,qnei,exact,gaussian,1.0,0,50,11,ac15290e-488c-4d8e-920e-6d1e5912c4f9,False,0.01,2.0,9.761387399994419,1.7175746997911816,"x0,x1,x2,x3",4,1.0,1.0,,,,,,,
0.08874454853757174,0.31796115094857835,0.27784027917459564,0.15742275661045446,0.45929514850293557,20.0,1.7175746997911816,0.0,41.26727491992284,0.8253454983984568,0.43029230155495624,11.916211012945936,19.20187529736566,0.0,power_law_practice,value,qnei,exact,gaussian,1.0,20,50,11,31f41851-32e6-4d6f-9e83-d8de854cfe7f,False,0.01,2.0,7.607237500007614,1.7175746997911816,"x0,x1,x2,x3",4,1.0,1.0,,,,,,,
0.019355881808256314,0.42893316052025454,-0.5310777814691606,0.10108494102735344,0.6903767678790899,0.0,1.5586291432652417,0.1589455565259399,77.69850983213833,1.5539701966427666,0.7784638293311024,28.454722625029525,46.88475157271084,0.0,power_law_practice,value,qnei,exact,gaussian,5.0,0,50,11,249cc03d-f864-4b98-9800-7c686c62da11,False,0.01,2.0,9.325178999992204,1.7175746997911816,"x0,x1,x2,x3",4,5.0,5.0,,,,,,,
0.08874454853757174,0.07068086747113256,0.0020852755203404905,0.09241937511471843,0.1463457180521521,20.0,1.7175746997911816,0.0,50.77339844539205,1.015467968907841,0.7801267559777436,11.916211012945936,36.17652189745604,0.0,power_law_practice,value,qnei,exact,gaussian,5.0,20,50,11,44148a93-5e94-4f08-bfdf-712a60706539,False,0.01,2.0,8.284070900001097,1.7175746997911816,"x0,x1,x2,x3",4,5.0,5.0,,,,,,,
4.729281548541579,-4.705888540681705,,,6.67169325753929,0.0,1.2500426610841018,1.2804815966882543e-05,17.51928493023692,0.35038569860473845,1.2804815966882543e-05,5.321714254582849,5.321714254582849,0.0,branin,value,logei,exact,none,0.0,0,50,11,ac980658-5370-4ab3-8d42-85cf233eebab,True,0.01,2.0,6.455679199993028,1.2500554659000687,"x0,x1",2,0.2,0.5,,,,,,,
0.16538416186178617,-0.024221235337593683,,,0.1671484048263835,20.0,1.2500426610841018,1.2804815966882543e-05,17.51928493023692,0.35038569860473845,1.2804815966882543e-05,5.321714254582849,5.321714254582849,0.0,branin,value,logei,exact,none,0.0,20,50,11,ac980658-5370-4ab3-8d42-85cf233eebab,True,0.01,2.0,6.455679199993028,1.2500554659000687,"x0,x1",2,0.2,0.5,,,,,,,
4.729281548541579,-4.705888540681705,,,6.67169325753929,0.0,1.2490247358824627,0.0010307300176060075,11.832605771985532,0.23665211543971065,0.012391459542055339,4.664458793791388,4.996841867001351,0.0,branin,value,logei,exact,gaussian,0.05,0,50,11,8885438c-8039-4945-97b8-6f0996aa534f,False,0.01,2.0,6.722080499996082,1.2500554659000687,"x0,x1",2,0.05,0.05,,,,,,,
0.23709796388019466,0.07805172813975547,,,0.24961473662774078,20.0,1.2500426610841018,1.2804815966882543e-05,14.618686243711464,0.2923737248742293,0.014860609182160589,5.321714254582849,5.720949841409058,0.0,branin,value,logei,exact,gaussian,0.05,20,50,11,54b899b2-18bd-4563-8490-2589b3d8751f,False,0.01,2.0,6.00455559999682,1.2500554659000687,"x0,x1",2,0.05,0.05,,,,,,,
4.729281548541579,-4.705888540681705,,,6.67169325753929,0.0,1.2481064159390929,0.0019490499609757794,11.66997157385444,0.2333994314770888,0.011903316735948133,5.393146152847043,5.9663692717982375,0.0,branin,value,logei,exact,gaussian,0.25,0,50,11,ca07d4d2-cfdb-4a94-8663-b39a404cde98,False,0.01,2.0,5.461093799996888,1.2500554659000687,"x0,x1",2,0.25,0.25,,,,,,,
0.27061608049955277,0.0742641609616248,,,0.28062114786358233,20.0,1.2500426610841018,1.2804815966882543e-05,13.06675901178314,0.26133518023566277,0.0027461428871013993,5.321714254582849,5.7164431111608,0.0,branin,value,logei,exact,gaussian,0.25,20,50,11,e063248a-5bd7-4407-b5e2-d068dfa659ed,False,0.01,2.0,5.43348700000206,1.2500554659000687,"x0,x1",2,0.25,0.25,,,,,,,
4.729281548541579,-4.705888540681705,,,6.67169325753929,0.0,1.2485176884789089,0.0015377774211597917,15.827558191963796,0.3165511638392759,0.02335209827009277,7.0508287413448,12.110688894698377,0.0,branin,value,logei,exact,gaussian,1.0,0,50,11,2200accb-510f-49f9-b5e9-9ec24fd3903b,False,0.01,2.0,5.092395600004238,1.2500554659000687,"x0,x1",2,1.0,1.0,,,,,,,
0.2008935858277927,-0.22952394961110123,,,0.30502373066997274,20.0,1.2500426610841018,1.2804815966882543e-05,14.736574069566736,0.2947314813913347,0.0743349207988957,5.321714254582849,7.491061307204255,0.0,branin,value,logei,exact,gaussian,1.0,20,50,11,5dfd7392-f9ad-45f2-9707-342090d14b89,False,0.01,2.0,4.821141400010674,1.2500554659000687,"x0,x1",2,1.0,1.0,,,,,,,
4.729281548541579,-4.705888540681705,,,6.67169325753929,0.0,1.0396365834628878,0.21041888243718088,42.380055412463825,0.8476011082492765,0.6719784205268722,12.159955554588727,30.220055392602188,0.0,branin,value,logei,exact,gaussian,5.0,0,50,11,d9761aab-9f5c-4611-84fc-be04c227f0d6,False,0.01,2.0,6.0654442999948515,1.2500554659000687,"x0,x1",2,5.0,5.0,,,,,,,
6.897474694533619,-2.2730080948847293,,,7.262349685958612,20.0,1.2500426610841018,1.2804815966882543e-05,35.58246677952695,0.7116493355905391,0.0959411003173376,5.321714254582849,10.90056132637076,0.0,branin,value,logei,exact,gaussian,5.0,20,50,11,28e6c70b-73a7-4b14-9340-cdf8b919e9dc,False,0.01,2.0,4.615470100005041,1.2500554659000687,"x0,x1",2,5.0,5.0,,,,,,,
4.729281548541579,-4.705888540681705,,,6.67169325753929,0.0,1.250009510986228,4.595491384074002e-05,17.839464090695547,0.35678928181391095,4.595491384074002e-05,5.358475368187827,5.358475368187827,0.0,branin,value,qnei,exact,none,0.0,0,50,11,0a17d0de-c069-4db6-9789-10b20f87d6a4,True,0.01,2.0,5.974216999995406,1.2500554659000687,"x0,x1",2,0.2,0.5,,,,,,,
6.234131304815929,0.44234042761665693,,,6.249804651314315,20.0,1.250009510986228,4.595491384074002e-05,17.839464090695547,0.35678928181391095,4.595491384074002e-05,5.358475368187827,5.358475368187827,0.0,branin,value,qnei,exact,none,0.0,20,50,11,0a17d0de-c069-4db6-9789-10b20f87d6a4,True,0.01,2.0,5.974216999995406,1.2500554659000687,"x0,x1",2,0.2,0.5,,,,,,,
4.729281548541579,-4.705888540681705,,,6.67169325753929,0.0,1.2497752250751997,0.0002802408248689936,18.230215030899032,0.36460430061798066,0.002575529188722392,4.79136064145178,4.948846992763487,0.0,branin,value,qnei,exact,gaussian,0.05,0,50,11,560f261b-499c-40eb-994b-baa4fb261be9,False,0.01,2.0,5.988747099996544,1.2500554659000687,"x0,x1",2,0.05,0.05,,,,,,,
6.23356150557456,0.4418373731574947,,,6.249200693536709,20.0,1.2499211989106735,0.0001342669893951154,18.389688280502696,0.36779376561005395,0.0008392862445856242,5.36844427726823,5.451457829491203,0.0,branin,value,qnei,exact,gaussian,0.05,20,50,11,96c8cfc4-d366-4ffc-af01-ccfa6029ac6b,False,0.01,2.0,6.3180627999972785,1.2500554659000687,"x0,x1",2,0.05,0.05,,,,,,,
4.729281548541579,-4.705888540681705,,,6.67169325753929,0.0,1.2486137895563534,0.0014416763437152813,19.686516362552442,0.39373032725104884,0.06406894985121858,5.933820871308697,8.381206250595753,0.0,branin,value,qnei,exact,gaussian,0.25,0,50,11,2b7f551d-f337-400d-98d3-c058a10f5752,False,0.01,2.0,6.333904400002211,1.2500554659000687,"x0,x1",2,0.25,0.25,,,,,,,
6.7572280838898315,1.7926296416544867,,,6.990969346939504,20.0,1.2479619266243522,0.0020935392757164273,21.444578451297772,0.42889156902595543,0.09000453706479195,5.411593190834958,8.075722477680051,0.0,branin,value,qnei,exact,gaussian,0.25,20,50,11,24bc3e5e-b157-4ddc-9986-64d4fc331af2,False,0.01,2.0,5.986611999993329,1.2500554659000687,"x0,x1",2,0.25,0.25,,,,,,,
4.729281548541579,-4.705888540681705,,,6.67169325753929,0.0,1.2176428914373523,0.03241257446271639,35.9309493904957,0.718618987809914,0.08732305195687773,8.194358718117861,21.923218875120682,0.0,branin,value,qnei,exact,gaussian,1.0,0,50,11,54c04f50-c87d-42af-b854-96c050d3a7d4,False,0.01,2.0,6.271396700001787,1.2500554659000687,"x0,x1",2,1.0,1.0,,,,,,,
0.549327434106774,-0.29482525022470596,,,0.6234441097904387,20.0,1.2479619266243522,0.0020935392757164273,30.359428563340153,0.607188571266803,0.06159719976721645,5.411593190834958,6.102772969901977,0.0,branin,value,qnei,exact,gaussian,1.0,20,50,11,9e333b8c-55bd-45ea-b336-7136447b9017,False,0.01,2.0,5.900375400000485,1.2500554659000687,"x0,x1",2,1.0,1.0,,,,,,,
4.729281548541579,-4.705888540681705,,,6.67169325753929,0.0,1.2461045871583543,0.003950878741714403,45.28053789914785,0.9056107579829571,1.2352927339643776,4.695311779313016,18.7422645632434,0.0,branin,value,qnei,exact,gaussian,5.0,0,50,11,da711d2a-3f80-4f7f-9ea5-a84b2561ebde,False,0.01,2.0,6.8280342999933055,1.2500554659000687,"x0,x1",2,5.0,5.0,,,,,,,
0.7205511716612847,-0.1823607567456209,,,0.7432694239529066,20.0,1.2479619266243522,0.0020935392757164273,43.53093452423285,0.8706186904846569,0.8321811134038055,5.411593190834958,25.526604611002178,0.0,branin,value,qnei,exact,gaussian,5.0,20,50,11,eb0b60a8-78a1-496a-af10-200e20b5ab56,False,0.01,2.0,5.807285399991088,1.2500554659000687,"x0,x1",2,5.0,5.0,,,,,,,
484.27843057065763,-481.8829865658065,,,683.1813895720231,0.0,2.624264151129288,0.5807813799257708,119.19651702668368,2.3839303405336736,0.5807813799257708,39.8403277025959,39.8403277025959,0.0,eggholder,value,logei,exact,none,0.0,0,50,11,37471425-12b0-4ede-ad0e-c06071fccdc5,True,0.01,2.0,8.560975000000326,3.2050455310550587,"x0,x1",2,0.2,0.5,,,,,,,
13.256118795485463,-49.55697750545079,,,51.29930511221159,20.0,2.624264151129288,0.5807813799257708,119.19651702668368,2.3839303405336736,0.5807813799257708,39.8403277025959,39.8403277025959,0.0,eggholder,value,logei,exact,none,0.0,20,50,11,37471425-12b0-4ede-ad0e-c06071fccdc5,True,0.01,2.0,8.560975000000326,3.2050455310550587,"x0,x1",2,0.2,0.5,,,,,,,
484.27843057065763,-481.8829865658065,,,683.1813895720231,0.0,2.6231141279264825,0.5819314031285763,117.18583908215702,2.34371678164314,0.5819314031285763,41.31616831187981,41.31616831187981,0.0,eggholder,value,logei,exact,gaussian,0.05,0,50,11,3805b3e7-33c1-45c7-a6ed-9eb67aa3a022,False,0.01,2.0,9.165759299998172,3.2050455310550587,"x0,x1",2,0.05,0.05,,,,,,,
13.886068545874423,-48.82096975186636,,,50.757363871396755,20.0,2.621903220650179,0.5831423104048796,124.6720737580837,2.493441475161674,0.591130467939315,39.90289236029228,39.91015221792695,0.0,eggholder,value,logei,exact,gaussian,0.05,20,50,11,4914d2f0-7de4-4505-bbaf-e164612ee0a4,False,0.01,2.0,8.30954020000354,3.2050455310550587,"x0,x1",2,0.05,0.05,,,,,,,
484.27843057065763,-481.8829865658065,,,683.1813895720231,0.0,2.497143918688191,0.7079016123668675,112.23048675742665,2.244609735148533,0.9494491427763294,51.01052484175474,65.91231717954518,0.0,eggholder,value,logei,exact,gaussian,0.25,0,50,11,65b69107-a344-4b1c-8c32-715efe97c89e,False,0.01,2.0,7.2345868999982486,3.2050455310550587,"x0,x1",2,0.25,0.25,,,,,,,
14.224990599034356,-48.423298101617036,,,50.46945766085349,20.0,2.622610621673733,0.5824349093813259,118.63641288481861,2.372728257696372,0.5864080892723331,39.88839063930943,40.01092881866919,0.0,eggholder,value,logei,exact,gaussian,0.25,20,50,11,852ee0e3-49c5-43a3-aa01-38956edd0f20,False,0.01,2.0,7.616852600011043,3.2050455310550587,"x0,x1",2,0.25,0.25,,,,,,,
484.27843057065763,-481.8829865658065,,,683.1813895720231,0.0,2.3037211741727988,0.90132435688226,124.32003283651432,2.4864006567302863,1.150838330299643,52.65461817013557,67.68372774351894,0.0,eggholder,value,logei,exact,gaussian,1.0,0,50,11,32a5e637-51bb-48e5-9e01-c3b77cac8a89,False,0.01,2.0,5.822675400006119,3.2050455310550587,"x0,x1",2,1.0,1.0,,,,,,,
8.317999196726532,-55.45046538496268,,,56.07087677257854,20.0,2.621903220650179,0.5831423104048796,109.93676666520555,2.198735333304111,1.2192418238435612,39.90289236029228,62.79333791599874,0.0,eggholder,value,logei,exact,gaussian,1.0,20,50,11,fb247bab-b166-41d4-bfc4-3c6dbbeccf41,False,0.01,2.0,7.525857700005872,3.2050455310550587,"x0,x1",2,1.0,1.0,,,,,,,
484.27843057065763,-481.8829865658065,,,683.1813895720231,0.0,2.3037211741727988,0.90132435688226,169.10813336563575,3.382162667312715,2.698287865954835,52.65461817013557,207.0655580689771,0.0,eggholder,value,logei,exact,gaussian,5.0,0,50,11,e1dfa7f6-fbd7-4961-bada-ebec54f23248,False,0.01,2.0,5.839756999994279,3.2050455310550587,"x0,x1",2,5.0,5.0,,,,,,,
-198.6801217526251,943.0107486850798,,,963.7131642326116,20.0,2.621903220650179,0.5831423104048796,169.47164950988548,3.38943299019771,0.5831423104048796,39.90289236029228,59.487882412798555,0.0,eggholder,value,logei,exact,gaussian,5.0,20,50,11,9639b30c-fff1-41d8-9172-facb4de0d355,False,0.01,2.0,5.950595699992846,3.2050455310550587,"x0,x1",2,5.0,5.0,,,,,,,
484.27843057065763,-481.8829865658065,,,683.1813895720231,0.0,2.7322988983484224,0.4727466327066363,127.50121252623482,2.5500242505246966,0.4727466327066363,37.417480515640285,37.417480515640285,0.0,eggholder,value,qnei,exact,none,0.0,0,50,11,d3920413-a9f7-4dfd-8908-2e9250931ec9,True,0.01,2.0,6.632549900008598,3.2050455310550587,"x0,x1",2,0.2,0.5,,,,,,,
189.3683651066691,687.3791887495071,,,712.9870453445162,20.0,2.7322988983484224,0.4727466327066363,127.50121252623482,2.5500242505246966,0.4727466327066363,37.417480515640285,37.417480515640285,0.0,eggholder,value,qnei,exact,none,0.0,20,50,11,d3920413-a9f7-4dfd-8908-2e9250931ec9,True,0.01,2.0,6.632549900008598,3.2050455310550587,"x0,x1",2,0.2,0.5,,,,,,,
484.27843057065763,-481.8829865658065,,,683.1813895720231,0.0,2.965272444532384,0.23977308652267482,107.6663831395275,2.15332766279055,0.23977308652267482,33.06967551241584,33.115679542550794,0.0,eggholder,value,qnei,exact,gaussian,0.05,0,50,11,24f06e7c-f980-4e2c-a319-30dfe7ab3217,False,0.01,2.0,6.71905759999936,3.2050455310550587,"x0,x1",2,0.05,0.05,,,,,,,
189.46110461884814,687.3791887495071,,,713.0116824353754,20.0,2.7325763522028788,0.47246917885218,132.75522496880487,2.6551044993760975,0.47246917885218,37.40957308078828,37.40957308078828,0.0,eggholder,value,qnei,exact,gaussian,0.05,20,50,11,b8249cf1-6239-476b-b155-1ed66d01f2b5,False,0.01,2.0,5.880798199999845,3.2050455310550587,"x0,x1",2,0.05,0.05,,,,,,,
484.27843057065763,-481.8829865658065,,,683.1813895720231,0.0,2.5741096850905296,0.6309358459645291,128.14192292441865,2.562838458488373,0.6309358459645291,44.25718601497811,44.69084901267096,0.0,eggholder,value,qnei,exact,gaussian,0.25,0,50,11,b7cd0c32-44e6-4b75-b56f-afe337a2ca05,False,0.01,2.0,6.484942600000068,3.2050455310550587,"x0,x1",2,0.25,0.25,,,,,,,
163.07333925603075,687.3791887495071,,,706.4581113569601,20.0,2.709070806047875,0.49597472500718354,130.6626510172124,2.613253020344248,0.49597472500718354,38.59799023056418,44.80084254226199,0.0,eggholder,value,qnei,exact,gaussian,0.25,20,50,11,73aaca0f-8bac-4b36-9420-a987bfb0f400,False,0.01,2.0,6.4944955999962986,3.2050455310550587,"x0,x1",2,0.25,0.25,,,,,,,
484.27843057065763,-481.8829865658065,,,683.1813895720231,0.0,2.865500138067132,0.33954539298792685,118.92624565805924,2.378524913161185,0.9604770372264988,42.757338816836736,63.90057573590163,0.0,eggholder,value,qnei,exact,gaussian,1.0,0,50,11,b7425b80-6d5f-494a-b81e-ef7d242102f3,False,0.01,2.0,6.4546469999913825,3.2050455310550587,"x0,x1",2,1.0,1.0,,,,,,,
129.0070104183652,687.3791887495071,,,699.3804099794437,20.0,3.1295884391433204,0.07545709191173833,122.10581683360044,2.442116336672009,0.8782073557229539,28.468144581178542,54.969803483516436,0.0,eggholder,value,qnei,exact,gaussian,1.0,20,50,11,825ebc2e-926d-4905-81c1-8aae33e66dc6,False,0.01,2.0,6.32262650001212,3.2050455310550587,"x0,x1",2,1.0,1.0,,,,,,,
484.27843057065763,-481.8829865658065,,,683.1813895720231,0.0,2.3037211741727988,0.90132435688226,169.69817626084654,3.3939635252169307,3.173137665605489,52.65461817013557,193.58184891288758,0.0,eggholder,value,qnei,exact,gaussian,5.0,0,50,11,ac5629a8-916d-435f-8195-d5654cf38f68,False,0.01,2.0,6.439144999996643,3.2050455310550587,"x0,x1",2,5.0,5.0,,,,,,,
-3.0980275598246294,37.376397617582,,,37.50457136975468,20.0,2.5362344445951077,0.668811086459951,166.28108921184452,3.3256217842368905,3.094244531208809,43.005317447609755,96.10084015038545,0.0,eggholder,value,qnei,exact,gaussian,5.0,20,50,11,20929144-d0ce-42d7-81c1-cef503a47a31,False,0.01,2.0,5.624311699997634,3.2050455310550587,"x0,x1",2,5.0,5.0,,,,,,,
-0.09988119439725507,-0.35135177786265903,0.32671266533701204,,0.49006682247739236,0.0,3.0439590462975854,0.010941895858142203,72.1909914119527,1.443819828239054,0.010941895858142203,26.26736849355106,26.26736849355106,0.0,hartmann_3,value,logei,exact,none,0.0,0,50,11,9df72b08-9fdf-4980-a73d-37078977201a,True,0.01,2.0,9.238545000000158,3.0549009421557276,"x0,x1,x2",3,0.2,0.5,,,,,,,
0.0,0.5464928470087338,0.8401561666418216,,1.0022558636286403,20.0,3.0439590462975854,0.010941895858142203,72.1909914119527,1.443819828239054,0.010941895858142203,26.26736849355106,26.26736849355106,0.0,hartmann_3,value,logei,exact,none,0.0,20,50,11,9df72b08-9fdf-4980-a73d-37078977201a,True,0.01,2.0,9.238545000000158,3.0549009421557276,"x0,x1,x2",3,0.2,0.5,,,,,,,
-0.09988119439725507,-0.35135177786265903,0.32671266533701204,,0.49006682247739236,0.0,3.046611584234732,0.0082893579209955,66.16060976232257,1.3232121952464513,0.014062820194501224,29.052078289476448,29.186005794859728,0.0,hartmann_3,value,logei,exact,gaussian,0.05,0,50,11,d304c693-484b-4aff-a4e5-5fcc5d867c33,False,0.01,2.0,9.086182700004429,3.0549009421557276,"x0,x1,x2",3,0.05,0.05,,,,,,,
0.0,0.5466302503265417,0.8401299805481157,,1.002308842018185,20.0,3.0465157955705084,0.008385146585219161,65.05701080919094,1.3011402161838188,0.04104577570770873,26.262149054443945,26.836007016134424,0.0,hartmann_3,value,logei,exact,gaussian,0.05,20,50,11,38775201-64ce-45c5-8855-7555fbb6663a,False,0.01,2.0,9.353088399991975,3.0549009421557276,"x0,x1,x2",3,0.05,0.05,,,,,,,
-0.09988119439725507,-0.35135177786265903,0.32671266533701204,,0.49006682247739236,0.0,2.262809188096382,0.7920917540593457,78.75267168691146,1.5750534337382291,0.8898842032536214,53.02114472616741,55.638193865634484,0.0,hartmann_3,value,logei,exact,gaussian,0.25,0,50,11,45f68157-8200-430a-bf5b-25506f27309b,False,0.01,2.0,7.654078700012178,3.0549009421557276,"x0,x1,x2",3,0.25,0.25,,,,,,,
0.0,0.546692588065869,0.8401163789776556,,1.0023314402295709,20.0,3.02772088747844,0.02718005467728757,47.14162348720748,0.9428324697441497,0.06142563528023892,26.687776097936425,27.069626738471257,0.0,hartmann_3,value,logei,exact,gaussian,0.25,20,50,11,616aaf68-e9d2-464d-91db-6445ff1a866e,False,0.01,2.0,8.798695899997256,3.0549009421557276,"x0,x1,x2",3,0.25,0.25,,,,,,,
-0.09988119439725507,-0.35135177786265903,0.32671266533701204,,0.49006682247739236,0.0,3.047530414590634,0.00737052756509371,36.33307866811193,0.7266615733622386,0.2780780019253912,19.306706831033676,31.105773522087315,0.0,hartmann_3,value,logei,exact,gaussian,1.0,0,50,11,f58dc049-5506-4532-b175-369565ad4f74,False,0.01,2.0,7.811183400001028,3.0549009421557276,"x0,x1,x2",3,1.0,1.0,,,,,,,
0.0,0.5453408489821906,0.840599596117635,,1.0020001609589428,20.0,3.0280682855033607,0.026832656652366893,59.90359403360539,1.1980718806721078,0.29205687574203276,26.677875254226187,37.55410934712141,0.0,hartmann_3,value,logei,exact,gaussian,1.0,20,50,11,fa2be877-7ecd-4766-bb5e-0527f0466e2a,False,0.01,2.0,7.731760900001973,3.0549009421557276,"x0,x1,x2",3,1.0,1.0,,,,,,,
-0.09988119439725507,-0.35135177786265903,0.32671266533701204,,0.49006682247739236,0.0,2.475019525862432,0.5798814162932957,104.39870337741891,2.0879740675483784,1.4744513999676185,44.46051257518405,114.88048949145457,0.0,hartmann_3,value,logei,exact,gaussian,5.0,0,50,11,0ae2913b-731e-47f3-99d0-c3ad31280bcd,False,0.01,2.0,6.688341899993247,3.0549009421557276,"x0,x1,x2",3,5.0,5.0,,,,,,,
1.0,0.4824956556182173,0.2190809910229961,,1.1317237022869457,20.0,3.044323558043617,0.010577384112110622,74.47712064755689,1.4895424129511377,0.05794152754545223,26.686131415665105,27.54854935983486,0.0,hartmann_3,value,logei,exact,gaussian,5.0,20,50,11,b1045800-cea4-466e-8310-a125a7970b17,False,0.01,2.0,8.418348600011086,3.0549009421557276,"x0,x1,x2",3,5.0,5.0,,,,,,,
-0.09988119439725507,-0.35135177786265903,0.32671266533701204,,0.49006682247739236,0.0,3.053857666544639,0.0010432756110887453,93.00419955754158,1.8600839911508316,0.0010432756110887453,28.24893029891357,28.24893029891357,0.0,hartmann_3,value,qnei,exact,none,0.0,0,50,11,ebd8a806-a535-456b-a161-de6ba7336b43,True,0.01,2.0,7.3890944000013405,3.0549009421557276,"x0,x1,x2",3,0.2,0.5,,,,,,,
0.0,0.0,0.3082786437139707,,0.3082786437139707,20.0,3.053857666544639,0.0010432756110887453,93.00419955754158,1.8600839911508316,0.0010432756110887453,28.24893029891357,28.24893029891357,0.0,hartmann_3,value,qnei,exact,none,0.0,20,50,11,ebd8a806-a535-456b-a161-de6ba7336b43,True,0.01,2.0,7.3890944000013405,3.0549009421557276,"x0,x1,x2",3,0.2,0.5,,,,,,,
-0.09988119439725507,-0.35135177786265903,0.32671266533701204,,0.49006682247739236,0.0,3.0519260429088577,0.0029748992468698887,81.53898387243676,1.630779677448735,0.013441966902739466,33.246653719220426,33.48298417949403,0.0,hartmann_3,value,qnei,exact,gaussian,0.05,0,50,11,8e219396-632e-4411-80df-0c8454d1225f,False,0.01,2.0,7.677845199999865,3.0549009421557276,"x0,x1,x2",3,0.05,0.05,,,,,,,
0.0,0.0,0.30829971540383494,,0.30829971540383494,20.0,3.053216892359689,0.0016840497960384226,84.04012568666634,1.680802513733327,0.01633837772826041,28.26903612669338,29.206631223164663,0.0,hartmann_3,value,qnei,exact,gaussian,0.05,20,50,11,b7df941a-2a23-4875-8518-13e062ff0087,False,0.01,2.0,7.6290708000015,3.0549009421557276,"x0,x1,x2",3,0.05,0.05,,,,,,,
-0.09988119439725507,-0.35135177786265903,0.32671266533701204,,0.49006682247739236,0.0,3.044378415267742,0.010522526887985606,66.557850814525,1.3311570162905,0.06397420006702514,19.44073518091144,20.109801176483657,0.0,hartmann_3,value,qnei,exact,gaussian,0.25,0,50,11,17ba0974-ac3f-4792-a6ed-ce62731806cb,False,0.01,2.0,7.681152500008466,3.0549009421557276,"x0,x1,x2",3,0.25,0.25,,,,,,,
0.0,0.0,0.30915581122021096,,0.30915581122021096,20.0,3.047001582735442,0.007899359420285634,69.32946052748049,1.3865892105496098,0.05022344690121594,28.435501872879644,29.473346650974403,0.0,hartmann_3,value,qnei,exact,gaussian,0.25,20,50,11,c51bcd4a-03c5-4a6a-9850-ecb84260efb5,False,0.01,2.0,7.895755100005772,3.0549009421557276,"x0,x1,x2",3,0.25,0.25,,,,,,,
-0.09988119439725507,-0.35135177786265903,0.32671266533701204,,0.49006682247739236,0.0,3.0360691460781024,0.018831796077625196,78.49787370902953,1.5699574741805906,0.05616919098326267,17.414136933985322,23.384510917503295,0.0,hartmann_3,value,qnei,exact,gaussian,1.0,0,50,11,2e9535b2-a059-4801-a732-3e9851c3d6b3,False,0.01,2.0,8.532797099993331,3.0549009421557276,"x0,x1,x2",3,1.0,1.0,,,,,,,
0.0,0.0,0.3060056408541622,,0.3060056408541622,20.0,3.038562564427467,0.01633837772826041,82.49673543284587,1.6499347086569174,0.07955055325203375,28.521073752357566,30.851084461761076,0.0,hartmann_3,value,qnei,exact,gaussian,1.0,20,50,11,1d8a6f98-88c9-4191-aed7-6a2e738ad39b,False,0.01,2.0,7.678317600002629,3.0549009421557276,"x0,x1,x2",3,1.0,1.0,,,,,,,
-0.09988119439725507,-0.35135177786265903,0.32671266533701204,,0.49006682247739236,0.0,1.667372733733753,1.3875282084219747,178.15943037076426,3.563188607415285,3.892820741278677,113.93732053075111,183.39274535325865,0.0,hartmann_3,value,qnei,exact,gaussian,5.0,0,50,11,7f6453a6-1f11-4933-b152-50bb6246bf7d,False,0.01,2.0,8.355281399999512,3.0549009421557276,"x0,x1,x2",3,5.0,5.0,,,,,,,
0.0,0.0,0.28964099097037604,,0.28964099097037604,20.0,3.038562564427467,0.01633837772826041,114.41902921894413,2.2883805843788827,1.2923870809586875,28.521073752357566,77.02991791181887,0.0,hartmann_3,value,qnei,exact,gaussian,5.0,20,50,11,8efbfdf7-3d91-48e9-bd1a-f0d02d611b4d,False,0.01,2.0,8.339830800003256,3.0549009421557276,"x0,x1,x2",3,5.0,5.0,,,,,,,
0.019355881808256314,0.42893316052025454,-0.5310777814691606,0.10108494102735344,0.6903767678790899,0.0,1.290365061607581,1.011619144297704e-05,27.26594712781686,0.5453189425563373,1.011619144297704e-05,6.853951860612452,6.853951860612452,0.0,steering_law,value,logei,exact,none,0.0,0,50,11,03db8e44-dd87-4fa9-bb32-bbca1bfb1445,True,0.01,2.0,10.308518999998341,1.290375177799024,"x0,x1,x2,x3",4,0.2,0.5,,,,,,,
-0.3962821584834589,0.0,0.526116009143262,0.0,0.6586634984642326,20.0,1.290365061607581,1.011619144297704e-05,27.26594712781686,0.5453189425563373,1.011619144297704e-05,6.853951860612452,6.853951860612452,0.0,steering_law,value,logei,exact,none,0.0,20,50,11,03db8e44-dd87-4fa9-bb32-bbca1bfb1445,True,0.01,2.0,10.308518999998341,1.290375177799024,"x0,x1,x2,x3",4,0.2,0.5,,,,,,,
0.019355881808256314,0.42893316052025454,-0.5310777814691606,0.10108494102735344,0.6903767678790899,0.0,1.2903017710207658,7.340677825817821e-05,24.350594946685383,0.48701189893370767,0.0008513031515700042,6.956904777734165,7.015707075904189,0.0,steering_law,value,logei,exact,gaussian,0.05,0,50,11,48d46095-d869-4193-97f7-fbd311897c35,False,0.01,2.0,10.008712999988347,1.290375177799024,"x0,x1,x2,x3",4,0.05,0.05,,,,,,,
-0.35260642981350193,0.0,0.49088104600430477,0.0,0.604396803161718,20.0,1.290365823462754,9.354336270028796e-06,25.953412583581578,0.5190682516716315,0.0030760439232238035,6.853629570913424,6.870210992377748,0.0,steering_law,value,logei,exact,gaussian,0.05,20,50,11,70f34022-3e17-4b1c-a1e9-bba20cbd62a8,False,0.01,2.0,10.982312299995101,1.290375177799024,"x0,x1,x2,x3",4,0.05,0.05,,,,,,,
0.019355881808256314,0.42893316052025454,-0.5310777814691606,0.10108494102735344,0.6903767678790899,0.0,1.2900652555711387,0.00030992222788528423,17.49457344777182,0.34989146895543644,0.010818866361556045,6.764412277672513,7.907426436809531,0.0,steering_law,value,logei,exact,gaussian,0.25,0,50,11,4931ce1d-02df-4eef-8278-9cee6c344f7b,False,0.01,2.0,8.51461320000817,1.290375177799024,"x0,x1,x2,x3",4,0.25,0.25,,,,,,,
-0.2693858391849699,0.0,0.41229644793773906,0.0,0.4925008541469418,20.0,1.2902925469403028,8.26308587211777e-05,24.456353303897497,0.4891270660779499,0.001263458876996415,6.854824183734593,6.948841715862816,0.0,steering_law,value,logei,exact,gaussian,0.25,20,50,11,d3328d5a-eaa2-4866-bd36-8fe88b72fc40,False,0.01,2.0,10.16191510000499,1.290375177799024,"x0,x1,x2,x3",4,0.25,0.25,,,,,,,
0.019355881808256314,0.42893316052025454,-0.5310777814691606,0.10108494102735344,0.6903767678790899,0.0,1.290332832070049,4.234572897510169e-05,25.64783106208833,0.5129566212417666,0.26086192767948346,7.281656919960458,20.421691981966646,0.0,steering_law,value,logei,exact,gaussian,1.0,0,50,11,d9759065-4700-4dec-bc3f-c4b93efad541,False,0.01,2.0,7.522882999997819,1.290375177799024,"x0,x1,x2,x3",4,1.0,1.0,,,,,,,
0.05805223307076224,0.0,-0.06197942097980558,0.0,0.08492061227696174,20.0,1.2902925469403028,8.26308587211777e-05,23.893171377752537,0.47786342755505073,0.015780557237464077,6.854824183734593,7.83670959637778,0.0,steering_law,value,logei,exact,gaussian,1.0,20,50,11,c9794cc7-c823-43b4-9afa-8c231ce29ec2,False,0.01,2.0,7.816408099999535,1.290375177799024,"x0,x1,x2,x3",4,1.0,1.0,,,,,,,
0.019355881808256314,0.42893316052025454,-0.5310777814691606,0.10108494102735344,0.6903767678790899,0.0,1.064813170025959,0.2255620077730649,58.682199740246844,1.1736439948049369,0.27481391961488666,23.984317984155442,73.90014658615011,0.0,steering_law,value,logei,exact,gaussian,5.0,0,50,11,b8654c5f-3066-4155-8459-00a701fbe6c0,False,0.01,2.0,10.7102748999896,1.290375177799024,"x0,x1,x2,x3",4,5.0,5.0,,,,,,,
-0.14721715806060043,0.0,0.6866666529780736,-1.0,1.2219590762130907,20.0,1.2902925469403028,8.26308587211777e-05,31.47048504912893,0.6294097009825785,0.3064360219978318,6.854824183734593,14.330509007421208,0.0,steering_law,value,logei,exact,gaussian,5.0,20,50,11,b850ba78-9907-424a-889b-4de1d2749a9a,False,0.01,2.0,9.089269700009027,1.290375177799024,"x0,x1,x2,x3",4,5.0,5.0,,,,,,,
0.019355881808256314,0.42893316052025454,-0.5310777814691606,0.10108494102735344,0.6903767678790899,0.0,1.2903741379074658,1.039891558196615e-06,34.214276257359174,0.6842855251471834,1.039891558196615e-06,6.849884812218981,6.849884812218981,0.0,steering_law,value,qnei,exact,none,0.0,0,50,11,87df07ec-8679-4208-bafd-9b522a6d95f0,True,0.01,2.0,8.6950649000064,1.290375177799024,"x0,x1,x2,x3",4,0.2,0.5,,,,,,,
-0.06453580298434791,0.0,0.3791230283261582,0.0,0.38457657296568587,20.0,1.2903741379074658,1.039891558196615e-06,34.214276257359174,0.6842855251471834,1.039891558196615e-06,6.849884812218981,6.849884812218981,0.0,steering_law,value,qnei,exact,none,0.0,20,50,11,87df07ec-8679-4208-bafd-9b522a6d95f0,True,0.01,2.0,8.6950649000064,1.290375177799024,"x0,x1,x2,x3",4,0.2,0.5,,,,,,,
0.019355881808256314,0.42893316052025454,-0.5310777814691606,0.10108494102735344,0.6903767678790899,0.0,1.2903716968557413,3.4809432827298536e-06,26.3926780577575,0.52785356115515,0.0016353099361454682,7.134205689003196,7.269447577904921,0.0,steering_law,value,qnei,exact,gaussian,0.05,0,50,11,7a568ebb-7520-4fe2-9fa2-3685ac7951f6,False,0.01,2.0,8.34639390000666,1.290375177799024,"x0,x1,x2,x3",4,0.05,0.05,,,,,,,
-0.06444967959147085,0.0,0.3791230283261582,0.0,0.38456212996945005,20.0,1.2902735683426592,0.00010160945636483731,32.19407735473569,0.6438815470947138,0.0018841139018843656,6.852273314283616,6.87760597522964,0.0,steering_law,value,qnei,exact,gaussian,0.05,20,50,11,a32e3089-205b-4ea1-9e83-d22f27e55da5,False,0.01,2.0,8.624806499996339,1.290375177799024,"x0,x1,x2,x3",4,0.05,0.05,,,,,,,
0.019355881808256314,0.42893316052025454,-0.5310777814691606,0.10108494102735344,0.6903767678790899,0.0,1.2903493416433416,2.583615568241271e-05,26.847851848750313,0.5369570369750063,8.530605405754343e-05,8.02343810274093,11.849364422721466,0.0,steering_law,value,qnei,exact,gaussian,0.25,0,50,11,6b8742dd-7bc0-4fde-9cc0-a6b8b34d2f6f,False,0.01,2.0,8.20744189999823,1.290375177799024,"x0,x1,x2,x3",4,0.25,0.25,,,,,,,
-0.5230352628096957,0.0,0.22169486951294448,1.0,1.1500932576581644,20.0,1.2903632331117685,1.1944687255516229e-05,27.969485267716646,0.559389705354333,0.0029151174316848216,6.846610027152971,6.958738940674391,0.0,steering_law,value,qnei,exact,gaussian,0.25,20,50,11,6ae4c1a6-ceda-4882-95b7-4f0cd334468b,False,0.01,2.0,8.316652299996349,1.290375177799024,"x0,x1,x2,x3",4,0.25,0.25,,,,,,,
0.019355881808256314,0.42893316052025454,-0.5310777814691606,0.10108494102735344,0.6903767678790899,0.0,1.216865403037669,0.0735097747613549,44.105774747003316,0.8821154949400664,0.3084690432361872,12.110055305323364,25.501539965816853,0.0,steering_law,value,qnei,exact,gaussian,1.0,0,50,11,1184dac2-73cf-498c-bb1a-32c34e2c0ede,False,0.01,2.0,7.842151900011231,1.290375177799024,"x0,x1,x2,x3",4,1.0,1.0,,,,,,,
0.0,1.0,0.023145375442365057,0.0,1.0002678183388527,20.0,1.290374555307367,6.224916568875472e-07,41.46607903392768,0.8293215806785535,0.0048895167533196116,6.857928008566814,8.58031567414354,0.0,steering_law,value,qnei,exact,gaussian,1.0,20,50,11,69188180-ba4b-4461-8bf1-766a3cab073a,False,0.01,2.0,7.805933700001333,1.290375177799024,"x0,x1,x2,x3",4,1.0,1.0,,,,,,,
0.019355881808256314,0.42893316052025454,-0.5310777814691606,0.10108494102735344,0.6903767678790899,0.0,1.290338221608025,3.6956190998971294e-05,42.52818430990416,0.8505636861980832,0.2598362565435477,7.972094180374159,30.354307191570875,0.0,steering_law,value,qnei,exact,gaussian,5.0,0,50,11,f46f75be-07b1-4aa3-b4bd-f537fd000822,False,0.01,2.0,8.820129500003532,1.290375177799024,"x0,x1,x2,x3",4,5.0,5.0,,,,,,,
0.0,1.0,0.1622689321553087,0.0,1.013080059197112,20.0,1.2884910638971396,0.0018841139018843656,41.999837958169245,0.8399967591633849,0.38749505466208256,6.896539582476477,15.213917352837518,0.0,steering_law,value,qnei,exact,gaussian,5.0,20,50,11,699a6846-351e-45bb-a778-fe2e833874b2,False,0.01,2.0,8.647734300000593,1.290375177799024,"x0,x1,x2,x3",4,5.0,5.0,,,,,,,
