arm,procedure,error_model,family,k,candidates,rho,winner,scope,jitter_std,jitter_iteration,n_landscapes,n_cells,cost,gain,price,recovered,bootstrap_draws_kept,recovered_lo,recovered_hi,wilcoxon_p,wilcoxon_p_fdr
output-boba,confirm_k2,ar1,confirmation,2.0,,,,cell,0.05,0.0,20,600,0.007283275356432553,-0.020096213988341737,0.02110178943376765,-2.75922754596843,0.949,,,0.034669963150986444,0.06933992630197289
output-boba,confirm_k2,ar1,confirmation,2.0,,,,cell,0.05,20.0,20,600,-0.0005775368818208183,-0.021237538576570424,0.02110178943376765,,0.475,,,0.02422372469374016,0.0645965991833071
output-boba,confirm_k2,ar1,confirmation,2.0,,,,cell,0.25,0.0,20,600,0.03825454149748255,-0.012070960582751618,0.02110178943376765,-0.3155432037669562,1.0,-0.958477132911507,0.058561673244207614,0.6008710115741303,0.6008710115741303
output-boba,confirm_k2,ar1,confirmation,2.0,,,,cell,0.25,20.0,20,600,0.022728479424807015,-0.018647379480360996,0.02110178943376765,-0.8204411360668633,1.0,-2.2470943012321856,-0.12686625364362197,0.15364646911621094,0.2199427286783854
output-boba,confirm_k2,ar1,confirmation,2.0,,,,cell,1.0,0.0,20,600,0.20939594374896484,0.007666713120687191,0.02110178943376765,0.036613474852590554,1.0,-0.05582855234019221,0.12188961831835432,0.49800872802734375,0.56915283203125
output-boba,confirm_k2,ar1,confirmation,2.0,,,,cell,1.0,20.0,20,600,0.12514782730766216,0.013944263949572022,0.02110178943376765,0.11142234147854267,1.0,-0.04699371596064727,0.23841831358015525,0.16495704650878906,0.2199427286783854
output-boba,confirm_k2,ar1,confirmation,2.0,,,,cell,5.0,0.0,20,600,0.7264068798293957,0.10794064844701914,0.02110178943376765,0.14859530029832613,1.0,0.08665478251549528,0.2128673146688473,4.76837158203125e-05,0.0003814697265625
output-boba,confirm_k2,ar1,confirmation,2.0,,,,cell,5.0,20.0,20,600,0.4553017321055197,0.08199589079725808,0.02110178943376765,0.1800913218978374,1.0,0.10820615160968229,0.250373306965769,0.0003948211669921875,0.00157928466796875
output-boba,confirm_k2,ar1,confirmation,2.0,,,,pooled,,,20,4800,0.19799264279855544,0.017436927960813964,0.02110178943376765,0.08806856514640747,1.0,0.013303046515408621,0.151785091714101,0.03623390197753906,
output-boba,confirm_k2,bias,confirmation,2.0,,,,cell,0.05,0.0,20,600,0.013395489962064456,-0.024261939627586906,0.02110178943376765,-1.8112021058054497,1.0,-4.5053376955503195,-0.6404293049007591,0.02422372469374016,0.11006673177083333
output-boba,confirm_k2,bias,confirmation,2.0,,,,cell,0.05,20.0,20,600,0.008569131211679494,-0.020116622261490167,0.02110178943376765,-2.347568471593918,0.992,-13.091850779888617,-0.48609077702085834,0.06414936248047728,0.11006673177083333
output-boba,confirm_k2,bias,confirmation,2.0,,,,cell,0.25,0.0,20,600,0.04075634626349373,-0.01670469641113801,0.02110178943376765,-0.4098673689525682,1.0,-1.0666548330753882,-0.0619479801427962,0.07661792341167123,0.11006673177083333
output-boba,confirm_k2,bias,confirmation,2.0,,,,cell,0.25,20.0,20,600,0.03844830317953616,-0.01792180458200725,0.02110178943376765,-0.4661273216225055,1.0,-1.0957381590705688,-0.06501972919016424,0.058258056640625,0.11006673177083333
output-boba,confirm_k2,bias,confirmation,2.0,,,,cell,1.0,0.0,20,600,0.24778106004099362,-0.0065026868651354,0.02110178943376765,-0.02624368006198527,1.0,-0.09794153486954384,0.043156866246941664,0.47490501403808594,0.47490501403808594
output-boba,confirm_k2,bias,confirmation,2.0,,,,cell,1.0,20.0,20,600,0.15642646108862632,-0.020460302748432368,0.02110178943376765,-0.13079822049314407,1.0,-0.2539312422246642,-0.009456408544785343,0.082550048828125,0.11006673177083333
output-boba,confirm_k2,bias,confirmation,2.0,,,,cell,5.0,0.0,20,600,0.7380725752210011,0.02190392461030405,0.02110178943376765,0.029677196180531915,1.0,-0.02653680173680553,0.08746598452452492,0.47490501403808594,0.47490501403808594
output-boba,confirm_k2,bias,confirmation,2.0,,,,cell,5.0,20.0,20,600,0.5685229542516816,0.07482330480281323,0.02110178943376765,0.13160999787827285,1.0,0.019519860587678257,0.22685439590906115,0.082550048828125,0.11006673177083333
output-boba,confirm_k2,bias,confirmation,2.0,,,,pooled,,,20,4800,0.22649654015238457,-0.001155102885334093,0.02110178943376765,-0.00509986989009612,1.0,-0.08123774556837274,0.07608754478772116,0.5458755493164062,
output-boba,confirm_k2,drift,confirmation,2.0,,,,cell,0.05,0.0,20,600,0.007546259012326475,-0.021937457086085816,0.02110178943376765,-2.9070638908963984,0.986,-13.593222389363396,-0.9012022955069275,0.0442084385246971,0.0884168770493942
output-boba,confirm_k2,drift,confirmation,2.0,,,,cell,0.05,20.0,20,600,0.005545591729968432,-0.02014685084856301,0.02110178943376765,-3.6329488050281866,0.993,-16.011528359566313,-1.0048342895987346,0.09895736546518985,0.1516876220703125
output-boba,confirm_k2,drift,confirmation,2.0,,,,cell,0.25,0.0,20,600,0.04441843487071276,-0.017574556810189303,0.02110178943376765,-0.39565907401606953,1.0,-0.9279901492964444,-0.10521498334586296,0.01923370361328125,0.051289876302083336
output-boba,confirm_k2,drift,confirmation,2.0,,,,cell,0.25,20.0,20,600,0.03700249218932726,-0.01208603102251884,0.02110178943376765,-0.3266274866211539,1.0,-0.9273529987461954,0.006416370139194833,0.2305126190185547,0.2305126190185547
output-boba,confirm_k2,drift,confirmation,2.0,,,,cell,1.0,0.0,20,600,0.25418753076862133,-0.02258826637521722,0.02110178943376765,-0.08886457296671484,1.0,-0.16129856333041287,-0.02423341750088069,0.017181396484375,0.051289876302083336
output-boba,confirm_k2,drift,confirmation,2.0,,,,cell,1.0,20.0,20,600,0.16046191077310898,-0.00856251584972394,0.02110178943376765,-0.05336167199100118,1.0,-0.1356642779454427,0.028555866547779637,0.13272666931152344,0.1516876220703125
output-boba,confirm_k2,drift,confirmation,2.0,,,,cell,5.0,0.0,20,600,0.7552009810904712,0.04698199470720777,0.02110178943376765,0.06221124691783133,1.0,-0.009316516759661253,0.12091985805857741,0.1230926513671875,0.1516876220703125
output-boba,confirm_k2,drift,confirmation,2.0,,,,cell,5.0,20.0,20,600,0.6408456819973191,0.17387829089191462,0.02110178943376765,0.27132630487575327,1.0,0.1460578022751558,0.39205544678712834,0.0004825592041015625,0.0038604736328125
output-boba,confirm_k2,drift,confirmation,2.0,,,,pooled,,,20,4800,0.2381511103039819,0.014745575950853029,0.02110178943376765,0.0619168893734378,1.0,-0.02013541436069858,0.1458846374022594,0.4523754119873047,
output-boba,confirm_k2,gaussian,confirmation,2.0,,,,cell,0.05,0.0,20,600,0.006930780737448017,-0.025601708449174358,0.02110178943376765,-3.693914065242982,0.981,-21.4096937995464,-0.994492511513796,0.012274756174561622,0.049099024698246486
output-boba,confirm_k2,gaussian,confirmation,2.0,,,,cell,0.05,20.0,20,600,0.002573926727981019,-0.028012594780611272,0.02110178943376765,-10.883213758996268,0.798,,,0.03638546131456511,0.09702789683884029
output-boba,confirm_k2,gaussian,confirmation,2.0,,,,cell,0.25,0.0,20,600,0.049786948458824795,-0.00922460293796382,0.02110178943376765,-0.1852815491512364,1.0,-0.46397138484256606,0.01723447737516395,0.2598350470503199,0.2969543394860799
output-boba,confirm_k2,gaussian,confirmation,2.0,,,,cell,0.25,20.0,20,600,0.032441606005650915,-0.015522635398249756,0.02110178943376765,-0.47847925270857156,1.0,-1.1313480318994455,-0.04302591843690423,0.13272666931152344,0.2123626708984375
output-boba,confirm_k2,gaussian,confirmation,2.0,,,,cell,1.0,0.0,20,600,0.2561344386822541,-0.007995543074098067,0.02110178943376765,-0.03121619691296915,1.0,-0.08983638980845503,0.0281199217041827,0.3299827575683594,0.3299827575683594
output-boba,confirm_k2,gaussian,confirmation,2.0,,,,cell,1.0,20.0,20,600,0.12941445146457056,-0.012738589620930645,0.02110178943376765,-0.09843251257312677,1.0,-0.26272498716404385,0.04814590170518978,0.21616744995117188,0.2882232666015625
output-boba,confirm_k2,gaussian,confirmation,2.0,,,,cell,5.0,0.0,20,600,0.7731111054368147,0.04766924257459182,0.02110178943376765,0.061658980500167916,1.0,0.00896505580496288,0.1282689149671037,0.09730720520019531,0.19461441040039062
output-boba,confirm_k2,gaussian,confirmation,2.0,,,,cell,5.0,20.0,20,600,0.5199289879562881,0.10821825528122239,0.02110178943376765,0.20814045338499307,1.0,0.08606545366899981,0.32364216899291903,0.006389617919921875,0.049099024698246486
output-boba,confirm_k2,gaussian,confirmation,2.0,,,,pooled,,,20,4800,0.221290280683729,0.0070989779493482895,0.02110178943376765,0.032079935582413774,1.0,-0.05327328467018508,0.11817329004509365,0.47490501403808594,
output-boba,rerate3x2,gaussian,rerate,6.0,,,,cell,0.05,0.0,20,200,0.006019024042053409,-0.012494483324196141,0.00843352346802268,-2.075832101167951,0.8415,,,0.09798930270791739,0.19597860541583478
output-boba,rerate3x2,gaussian,rerate,6.0,,,,cell,0.05,20.0,20,200,0.0034748877241901053,-0.006300130330109008,0.00843352346802268,-1.813045724111096,0.8225,,,0.040135536373545506,0.16054214549418203
output-boba,rerate3x2,gaussian,rerate,6.0,,,,cell,0.25,0.0,20,200,0.0525171889089013,-0.009894817997468172,0.00843352346802268,-0.18841103652048424,1.0,-0.44393946361165815,-0.003106595422125722,0.08355636667535958,0.19597860541583478
output-boba,rerate3x2,gaussian,rerate,6.0,,,,cell,0.25,20.0,20,200,0.04002168336187528,-0.0012006888926963549,0.00843352346802268,-0.030000959275994197,1.0,-0.20797454525125955,0.11523149871965169,0.8983173370361328,0.9854354858398438
output-boba,rerate3x2,gaussian,rerate,6.0,,,,cell,1.0,0.0,20,200,0.25211626310291996,0.0005238963340974421,0.00843352346802268,0.002077994999805209,1.0,-0.0949461629725274,0.08366247400999285,0.8123550415039062,0.9854354858398438
output-boba,rerate3x2,gaussian,rerate,6.0,,,,cell,1.0,20.0,20,200,0.13089312859367422,0.009032944799175673,0.00843352346802268,0.06901007635944165,1.0,-0.027600199592646157,0.15320784255044026,0.26109886169433594,0.4177581787109375
output-boba,rerate3x2,gaussian,rerate,6.0,,,,cell,5.0,0.0,20,200,0.7163745326954236,-0.003662508571935044,0.00843352346802268,-0.005112561104251607,1.0,-0.15177064020264786,0.11070850672424186,0.9854354858398438,0.9854354858398438
output-boba,rerate3x2,gaussian,rerate,6.0,,,,cell,5.0,20.0,20,200,0.5340938270581989,0.09543504607470858,0.00843352346802268,0.1786859185405063,1.0,0.051505599130027876,0.2859434381426687,0.017181396484375,0.137451171875
output-boba,rerate3x2,gaussian,rerate,6.0,,,,pooled,,,20,1600,0.2169388169359045,0.008929907261447118,0.00843352346802268,0.04116325232881443,1.0,0.0003951822452065143,0.09284475429012515,0.11398696899414062,
output-boba,tournament_k16_lcb_rho0.5_look,ar1,tournament,16.0,lcb,0.5,look,cell,0.05,0.0,20,600,0.007283275356432553,-0.02961135591046521,0.02917407014469512,-4.065664754019303,0.949,,,0.0176206611104818,0.034375
output-boba,tournament_k16_lcb_rho0.5_look,ar1,tournament,16.0,lcb,0.5,look,cell,0.05,20.0,20,600,-0.0005775368818208183,-0.03209117224742468,0.02917407014469512,,0.475,,,0.006389617919921875,0.017038981119791668
output-boba,tournament_k16_lcb_rho0.5_look,ar1,tournament,16.0,lcb,0.5,look,cell,0.25,0.0,20,600,0.03825454149748255,-0.012463941308515417,0.02917407014469512,-0.32581598996123484,1.0,-1.0974642447884333,0.08778047590876037,0.29542405582364173,0.29542405582364173
output-boba,tournament_k16_lcb_rho0.5_look,ar1,tournament,16.0,lcb,0.5,look,cell,0.25,20.0,20,600,0.022728479424807015,-0.022350407356870747,0.02917407014469512,-0.9833657122031833,1.0,-2.876796877787201,-0.1447069352631587,0.058258056640625,0.06658063616071429
output-boba,tournament_k16_lcb_rho0.5_look,ar1,tournament,16.0,lcb,0.5,look,cell,1.0,0.0,20,600,0.20939594374896484,0.021731868418459303,0.02917407014469512,0.10378361695732101,1.0,-0.03462810810008702,0.20423079478452152,0.026641845703125,0.0355224609375
output-boba,tournament_k16_lcb_rho0.5_look,ar1,tournament,16.0,lcb,0.5,look,cell,1.0,20.0,20,600,0.12514782730766216,0.04070686940130029,0.02917407014469512,0.325270284566962,1.0,0.11726640614821159,0.47527813135280994,0.021484375,0.034375
output-boba,tournament_k16_lcb_rho0.5_look,ar1,tournament,16.0,lcb,0.5,look,cell,5.0,0.0,20,600,0.7264068798293957,0.1515205467307999,0.02917407014469512,0.2085890854535768,1.0,0.14588938371956775,0.2715629152541267,1.9073486328125e-06,1.52587890625e-05
output-boba,tournament_k16_lcb_rho0.5_look,ar1,tournament,16.0,lcb,0.5,look,cell,5.0,20.0,20,600,0.4553017321055197,0.21865476382788937,0.02917407014469512,0.48024144959153026,1.0,0.39733464549214836,0.5593687153919991,5.7220458984375e-06,2.288818359375e-05
output-boba,tournament_k16_lcb_rho0.5_look,ar1,tournament,16.0,lcb,0.5,look,pooled,,,20,4800,0.19799264279855544,0.0420121464443966,0.02917407014469512,0.21219044228396514,1.0,0.10142786855266801,0.3027625051494868,0.00365447998046875,
output-boba,tournament_k16_lcb_rho0.5_look,bias,tournament,16.0,lcb,0.5,look,cell,0.05,0.0,20,600,0.013395489962064456,-0.02606818164291603,0.02917407014469512,-1.9460416690050293,1.0,-4.1290434999356584,-0.9526889727419305,0.004848166082515941,0.007757065732025506
output-boba,tournament_k16_lcb_rho0.5_look,bias,tournament,16.0,lcb,0.5,look,cell,0.05,20.0,20,600,0.008569131211679494,-0.023475493694187298,0.02917407014469512,-2.7395418641963185,0.992,-11.557857612928968,-0.9630524777419909,0.05316925048828125,0.070892333984375
output-boba,tournament_k16_lcb_rho0.5_look,bias,tournament,16.0,lcb,0.5,look,cell,0.25,0.0,20,600,0.04075634626349373,-0.03154037166201047,0.02917407014469512,-0.7738763297892041,1.0,-1.5260456009104695,-0.3558064712640425,0.0014771661952373803,0.005908664780949521
output-boba,tournament_k16_lcb_rho0.5_look,bias,tournament,16.0,lcb,0.5,look,cell,0.25,20.0,20,600,0.03844830317953616,-0.008552859895843931,0.02917407014469512,-0.2224509065044028,1.0,-0.9092896709455024,0.20079065709184565,0.5958194732666016,0.6742229461669922
output-boba,tournament_k16_lcb_rho0.5_look,bias,tournament,16.0,lcb,0.5,look,cell,1.0,0.0,20,600,0.24778106004099362,0.005647688826748209,0.02917407014469512,0.02279306104273603,1.0,-0.06842040078564307,0.10892206689594935,0.6742229461669922,0.6742229461669922
output-boba,tournament_k16_lcb_rho0.5_look,bias,tournament,16.0,lcb,0.5,look,cell,1.0,20.0,20,600,0.15642646108862632,0.04047500717359096,0.02917407014469512,0.2587478288002635,1.0,0.12125455035488969,0.3766875356234837,0.0031528472900390625,0.006305694580078125
output-boba,tournament_k16_lcb_rho0.5_look,bias,tournament,16.0,lcb,0.5,look,cell,5.0,0.0,20,600,0.7380725752210011,0.08812032768271517,0.02917407014469512,0.11939249694561446,1.0,0.058202514235993145,0.17741556668227149,0.0031528472900390625,0.006305694580078125
output-boba,tournament_k16_lcb_rho0.5_look,bias,tournament,16.0,lcb,0.5,look,cell,5.0,20.0,20,600,0.5685229542516816,0.23550790030229343,0.02917407014469512,0.4142451919329813,1.0,0.3087053617578638,0.497844889190277,2.6702880859375e-05,0.000213623046875
output-boba,tournament_k16_lcb_rho0.5_look,bias,tournament,16.0,lcb,0.5,look,pooled,,,20,4800,0.22649654015238457,0.03501425213629877,0.02917407014469512,0.15459067106606367,1.0,0.07106794123008872,0.2319607021764059,0.00485992431640625,
output-boba,tournament_k16_lcb_rho0.5_look,drift,tournament,16.0,lcb,0.5,look,cell,0.05,0.0,20,600,0.007546259012326475,-0.02452389217297549,0.02917407014469512,-3.2498079025536777,0.986,-12.622001791592561,-1.2951977916813515,0.021801738635254905,0.034882781816407846
output-boba,tournament_k16_lcb_rho0.5_look,drift,tournament,16.0,lcb,0.5,look,cell,0.05,20.0,20,600,0.005545591729968432,-0.026906113507579526,0.02917407014469512,-4.851802083117411,0.993,-23.726224617772615,-1.427579763328727,0.029575347900390625,0.039433797200520836
output-boba,tournament_k16_lcb_rho0.5_look,drift,tournament,16.0,lcb,0.5,look,cell,0.25,0.0,20,600,0.04441843487071276,-0.02619930712310971,0.02917407014469512,-0.5898295876333137,1.0,-1.1158364907088814,-0.23083636168745109,0.0072956085205078125,0.014591217041015625
output-boba,tournament_k16_lcb_rho0.5_look,drift,tournament,16.0,lcb,0.5,look,cell,0.25,20.0,20,600,0.03700249218932726,-0.00893569835646287,0.02917407014469512,-0.24148909513290082,1.0,-0.9025809682211218,0.13340914824209565,0.6215133666992188,0.7103009905133929
output-boba,tournament_k16_lcb_rho0.5_look,drift,tournament,16.0,lcb,0.5,look,cell,1.0,0.0,20,600,0.25418753076862133,-0.0014813767531036415,0.02917407014469512,-0.005827889151856512,1.0,-0.10596673622915305,0.09037937447100461,0.8983173370361328,0.8983173370361328
output-boba,tournament_k16_lcb_rho0.5_look,drift,tournament,16.0,lcb,0.5,look,cell,1.0,20.0,20,600,0.16046191077310898,0.048186599073225644,0.02917407014469512,0.30029929745359235,1.0,0.17101563451710516,0.4132898326975208,0.0019855499267578125,0.0052947998046875
output-boba,tournament_k16_lcb_rho0.5_look,drift,tournament,16.0,lcb,0.5,look,cell,5.0,0.0,20,600,0.7552009810904712,0.1065464922612386,0.02917407014469512,0.14108362532499757,1.0,0.06623856777579885,0.21573089562227707,0.001689910888671875,0.0052947998046875
output-boba,tournament_k16_lcb_rho0.5_look,drift,tournament,16.0,lcb,0.5,look,cell,5.0,20.0,20,600,0.6408456819973191,0.35147067513799146,0.02917407014469512,0.5484482224216061,1.0,0.46316222097837595,0.6210562110002393,3.814697265625e-06,3.0517578125e-05
output-boba,tournament_k16_lcb_rho0.5_look,drift,tournament,16.0,lcb,0.5,look,pooled,,,20,4800,0.2381511103039819,0.05226967231990306,0.02917407014469512,0.21948111958489203,1.0,0.12892976094705316,0.30123749013256307,0.001209259033203125,
output-boba,tournament_k16_lcb_rho0.5_look,gaussian,tournament,16.0,lcb,0.5,look,cell,0.05,0.0,20,600,0.006930780737448017,-0.0326775813487907,0.02917407014469512,-4.7148485266932445,0.981,-32.122757000314095,-1.4040427533944837,0.008418773595809824,0.01683754719161965
output-boba,tournament_k16_lcb_rho0.5_look,gaussian,tournament,16.0,lcb,0.5,look,cell,0.05,20.0,20,600,0.002573926727981019,-0.029974796767024258,0.02917407014469512,-11.645551693904046,0.798,,,0.00485992431640625,0.012959798177083334
output-boba,tournament_k16_lcb_rho0.5_look,gaussian,tournament,16.0,lcb,0.5,look,cell,0.25,0.0,20,600,0.049786948458824795,-0.017325784988529887,0.02917407014469512,-0.3479985322430194,1.0,-0.8058819060304103,-0.042301318897872926,0.18418074965866182,0.20244979858398438
output-boba,tournament_k16_lcb_rho0.5_look,gaussian,tournament,16.0,lcb,0.5,look,cell,0.25,20.0,20,600,0.032441606005650915,-0.013914570876140791,0.02917407014469512,-0.4289112836681714,1.0,-1.1028316480259799,-0.0009678756318099169,0.17685317993164062,0.20244979858398438
output-boba,tournament_k16_lcb_rho0.5_look,gaussian,tournament,16.0,lcb,0.5,look,cell,1.0,0.0,20,600,0.2561344386822541,0.010263115037217888,0.02917407014469512,0.040069250702947166,1.0,-0.07061984927506418,0.14114768765704222,0.20244979858398438,0.20244979858398438
output-boba,tournament_k16_lcb_rho0.5_look,gaussian,tournament,16.0,lcb,0.5,look,cell,1.0,20.0,20,600,0.12941445146457056,0.025741057312026604,0.02917407014469512,0.19890404062852024,1.0,0.01985441048906835,0.32912860030402674,0.026641845703125,0.042626953125
output-boba,tournament_k16_lcb_rho0.5_look,gaussian,tournament,16.0,lcb,0.5,look,cell,5.0,0.0,20,600,0.7731111054368147,0.12312199728819537,0.02917407014469512,0.1592552434214877,1.0,0.09599722416193693,0.22194283786618096,0.0001678466796875,0.00067138671875
output-boba,tournament_k16_lcb_rho0.5_look,gaussian,tournament,16.0,lcb,0.5,look,cell,5.0,20.0,20,600,0.5199289879562881,0.25324728847616057,0.02917407014469512,0.48708053280816843,1.0,0.3972282147050551,0.5734022900175609,1.9073486328125e-06,1.52587890625e-05
output-boba,tournament_k16_lcb_rho0.5_look,gaussian,tournament,16.0,lcb,0.5,look,pooled,,,20,4800,0.221290280683729,0.03981009051663935,0.02917407014469512,0.1798998600102842,1.0,0.07505425064373304,0.27551610728094783,0.00830841064453125,
output-boba,tournament_k16_lcb_rho0.5_post,ar1,tournament,16.0,lcb,0.5,post,cell,0.05,0.0,20,600,0.007283275356432553,-0.044734054845116944,0.04355046405082175,-6.1420243854446674,0.949,,,0.031103769479907197,0.062207538959814394
output-boba,tournament_k16_lcb_rho0.5_post,ar1,tournament,16.0,lcb,0.5,post,cell,0.05,20.0,20,600,-0.0005775368818208183,-0.05307990096080791,0.04355046405082175,,0.475,,,0.017582795345746867,0.04688745425532498
output-boba,tournament_k16_lcb_rho0.5_post,ar1,tournament,16.0,lcb,0.5,post,cell,0.25,0.0,20,600,0.03825454149748255,-0.03155043741797727,0.04355046405082175,-0.8247501128736189,1.0,-2.1224425593576046,-0.1613045514012159,0.1262141495490598,0.16828553273207972
output-boba,tournament_k16_lcb_rho0.5_post,ar1,tournament,16.0,lcb,0.5,post,cell,0.25,20.0,20,600,0.022728479424807015,-0.03353996615999828,0.04355046405082175,-1.4756801602570502,1.0,-4.18373760873607,-0.2594577213154835,0.17685317993164062,0.202117919921875
output-boba,tournament_k16_lcb_rho0.5_post,ar1,tournament,16.0,lcb,0.5,post,cell,1.0,0.0,20,600,0.20939594374896484,0.005927368549977142,0.04355046405082175,0.028306988396504907,1.0,-0.12615994748556733,0.15926515025679877,0.36827659606933594,0.36827659606933594
output-boba,tournament_k16_lcb_rho0.5_post,ar1,tournament,16.0,lcb,0.5,post,cell,1.0,20.0,20,600,0.12514782730766216,0.024365837209765845,0.04355046405082175,0.19469644606665934,1.0,-0.031742794196382595,0.3735850759464476,0.08969497680664062,0.143511962890625
output-boba,tournament_k16_lcb_rho0.5_post,ar1,tournament,16.0,lcb,0.5,post,cell,5.0,0.0,20,600,0.7264068798293957,0.0789619600757129,0.04355046405082175,0.10870210933885698,1.0,0.06462588517136823,0.15198368459764264,0.000133514404296875,0.0005340576171875
output-boba,tournament_k16_lcb_rho0.5_post,ar1,tournament,16.0,lcb,0.5,post,cell,5.0,20.0,20,600,0.4553017321055197,0.14605125240255912,0.04355046405082175,0.32077903970879384,1.0,0.23612926101752219,0.3980772042549476,1.9073486328125e-05,0.000152587890625
output-boba,tournament_k16_lcb_rho0.5_post,ar1,tournament,16.0,lcb,0.5,post,pooled,,,20,4800,0.19799264279855544,0.01155025735676431,0.04355046405082175,0.058336800769490924,1.0,-0.07436531899399529,0.16866333323443158,0.47490501403808594,
output-boba,tournament_k16_lcb_rho0.5_post,bias,tournament,16.0,lcb,0.5,post,cell,0.05,0.0,20,600,0.013395489962064456,-0.04022974575303319,0.04355046405082175,-3.0032306296344795,1.0,-6.675869402566332,-1.3948523209903625,0.007907736601400244,0.031630946405600976
output-boba,tournament_k16_lcb_rho0.5_post,bias,tournament,16.0,lcb,0.5,post,cell,0.05,20.0,20,600,0.008569131211679494,-0.04444125388623107,0.04355046405082175,-5.186202987026134,0.992,-26.86143131330681,-1.7133926665068386,0.040135536373545506,0.0884168770493942
output-boba,tournament_k16_lcb_rho0.5_post,bias,tournament,16.0,lcb,0.5,post,cell,0.25,0.0,20,600,0.04075634626349373,-0.038073047120224066,0.04355046405082175,-0.9341624215791603,1.0,-2.0452743931077926,-0.33036638873828095,0.0442084385246971,0.0884168770493942
output-boba,tournament_k16_lcb_rho0.5_post,bias,tournament,16.0,lcb,0.5,post,cell,0.25,20.0,20,600,0.03844830317953616,-0.025411400429648096,0.04355046405082175,-0.6609238465216102,1.0,-1.6296226823171502,-0.05084547602268219,0.17685317993164062,0.282965087890625
output-boba,tournament_k16_lcb_rho0.5_post,bias,tournament,16.0,lcb,0.5,post,cell,1.0,0.0,20,600,0.24778106004099362,-0.011113931948903536,0.04355046405082175,-0.044853839704555365,1.0,-0.12230850537503994,0.04090339105684521,0.26109886169433594,0.34813181559244794
output-boba,tournament_k16_lcb_rho0.5_post,bias,tournament,16.0,lcb,0.5,post,cell,1.0,20.0,20,600,0.15642646108862632,0.0063080133486622765,0.04355046405082175,0.04032574351399764,1.0,-0.1094399126522559,0.17295730529683226,0.40909767150878906,0.40909767150878906
output-boba,tournament_k16_lcb_rho0.5_post,bias,tournament,16.0,lcb,0.5,post,cell,5.0,0.0,20,600,0.7380725752210011,0.07778840660682002,0.04355046405082175,0.1053939805086618,1.0,0.052021424456635185,0.15385119330975877,0.005580902099609375,0.031630946405600976
output-boba,tournament_k16_lcb_rho0.5_post,bias,tournament,16.0,lcb,0.5,post,cell,5.0,20.0,20,600,0.5685229542516816,0.02534416574667008,0.04355046405082175,0.044578966525686436,1.0,-0.04757817723120544,0.12308502631252523,0.38837623596191406,0.40909767150878906
output-boba,tournament_k16_lcb_rho0.5_post,bias,tournament,16.0,lcb,0.5,post,pooled,,,20,4800,0.22649654015238457,-0.006228599179485943,0.04355046405082175,-0.02749975419180975,1.0,-0.12758630449957237,0.06586485868876217,0.6476554870605469,
output-boba,tournament_k16_lcb_rho0.5_post,drift,tournament,16.0,lcb,0.5,post,cell,0.05,0.0,20,600,0.007546259012326475,-0.041138344869646,0.04355046405082175,-5.451488585595639,0.986,-22.026845060879293,-2.2047487664138794,0.0442084385246971,0.07073350163951536
output-boba,tournament_k16_lcb_rho0.5_post,drift,tournament,16.0,lcb,0.5,post,cell,0.05,20.0,20,600,0.005545591729968432,-0.04273797662339297,0.04355046405082175,-7.706657594794894,0.993,-36.62422594734316,-2.4138842881304696,0.03293821172843571,0.06587642345687142
output-boba,tournament_k16_lcb_rho0.5_post,drift,tournament,16.0,lcb,0.5,post,cell,0.25,0.0,20,600,0.04441843487071276,-0.039483974651166015,0.04355046405082175,-0.8889096332657981,1.0,-1.8366547250847463,-0.32145671376617974,0.013616561889648438,0.036310831705729164
output-boba,tournament_k16_lcb_rho0.5_post,drift,tournament,16.0,lcb,0.5,post,cell,0.25,20.0,20,600,0.03700249218932726,-0.01949876987843437,0.04355046405082175,-0.5269582864491072,1.0,-1.592416159271784,0.08358266911000421,0.40909767150878906,0.40909767150878906
output-boba,tournament_k16_lcb_rho0.5_post,drift,tournament,16.0,lcb,0.5,post,cell,1.0,0.0,20,600,0.25418753076862133,-0.01962816547101447,0.04355046405082175,-0.07721923027326369,1.0,-0.17641826867149438,0.011938482961333196,0.17685317993164062,0.202117919921875
output-boba,tournament_k16_lcb_rho0.5_post,drift,tournament,16.0,lcb,0.5,post,cell,1.0,20.0,20,600,0.16046191077310898,0.022851547394209793,0.04355046405082175,0.14241103875748792,1.0,0.004555118514686433,0.2625057826140578,0.05316925048828125,0.070892333984375
output-boba,tournament_k16_lcb_rho0.5_post,drift,tournament,16.0,lcb,0.5,post,cell,5.0,0.0,20,600,0.7552009810904712,0.06908857847004868,0.04355046405082175,0.09148369798234153,1.0,0.03283762752073135,0.15700067582952665,0.012079238891601562,0.036310831705729164
output-boba,tournament_k16_lcb_rho0.5_post,drift,tournament,16.0,lcb,0.5,post,cell,5.0,20.0,20,600,0.6408456819973191,0.2272798389706308,0.04355046405082175,0.35465611356273696,1.0,0.26522200057096346,0.43638703211531493,1.33514404296875e-05,0.0001068115234375
output-boba,tournament_k16_lcb_rho0.5_post,drift,tournament,16.0,lcb,0.5,post,pooled,,,20,4800,0.2381511103039819,0.01959159166765442,0.04355046405082175,0.08226538034043693,1.0,-0.02058406933864366,0.18288837527614898,0.24548721313476562,
output-boba,tournament_k16_lcb_rho0.5_post,gaussian,tournament,16.0,lcb,0.5,post,cell,0.05,0.0,20,600,0.006930780737448017,-0.04738769979288539,0.04355046405082175,-6.837281626418038,0.981,-42.85978020664489,-2.2340691661419823,0.009562906117832044,0.02550108298088545
output-boba,tournament_k16_lcb_rho0.5_post,gaussian,tournament,16.0,lcb,0.5,post,cell,0.05,20.0,20,600,0.002573926727981019,-0.04779342946817614,0.04355046405082175,-18.5682944850824,0.798,,,0.014097354120504295,0.02819470824100859
output-boba,tournament_k16_lcb_rho0.5_post,gaussian,tournament,16.0,lcb,0.5,post,cell,0.25,0.0,20,600,0.049786948458824795,-0.029009991656071266,0.04355046405082175,-0.5826826619041202,1.0,-1.1522682540819695,-0.13921844426546037,0.1589900610113243,0.25438409761811887
output-boba,tournament_k16_lcb_rho0.5_post,gaussian,tournament,16.0,lcb,0.5,post,cell,0.25,20.0,20,600,0.032441606005650915,-0.024481196956267076,0.04355046405082175,-0.754623459516855,1.0,-1.7445211322988925,-0.10101952882778614,0.2305126190185547,0.30735015869140625
output-boba,tournament_k16_lcb_rho0.5_post,gaussian,tournament,16.0,lcb,0.5,post,cell,1.0,0.0,20,600,0.2561344386822541,-0.0032283391984254477,0.04355046405082175,-0.012604080946843477,1.0,-0.1225651755056355,0.09522997764028945,0.9272785186767578,0.9272785186767578
output-boba,tournament_k16_lcb_rho0.5_post,gaussian,tournament,16.0,lcb,0.5,post,cell,1.0,20.0,20,600,0.12941445146457056,0.010066298874834071,0.04355046405082175,0.077783421873792,1.0,-0.1511087372455631,0.2551327791058308,0.4304332733154297,0.49192374093191965
output-boba,tournament_k16_lcb_rho0.5_post,gaussian,tournament,16.0,lcb,0.5,post,cell,5.0,0.0,20,600,0.7731111054368147,0.11536615578201026,0.04355046405082175,0.14922325519671245,1.0,0.07052739594093249,0.24179804775521516,0.0007076263427734375,0.00283050537109375
output-boba,tournament_k16_lcb_rho0.5_post,gaussian,tournament,16.0,lcb,0.5,post,cell,5.0,20.0,20,600,0.5199289879562881,0.15661917928707264,0.04355046405082175,0.3012318661106083,1.0,0.20831376164351006,0.3938270273648118,3.814697265625e-06,3.0517578125e-05
output-boba,tournament_k16_lcb_rho0.5_post,gaussian,tournament,16.0,lcb,0.5,post,pooled,,,20,4800,0.221290280683729,0.016268872109011463,0.04355046405082175,0.0735182406508994,1.0,-0.04716187533161422,0.19475076127060723,0.4523754119873047,
output-boba,tournament_k16_lcb_rho1_look,ar1,tournament,16.0,lcb,1.0,look,cell,0.05,0.0,20,600,0.007283275356432553,-0.03143652902090264,0.02917407014469512,-4.31626259923539,0.949,,,0.002225180116411056,0.005933813643762816
output-boba,tournament_k16_lcb_rho1_look,ar1,tournament,16.0,lcb,1.0,look,cell,0.05,20.0,20,600,-0.0005775368818208183,-0.03411160751420102,0.02917407014469512,,0.475,,,4.76837158203125e-05,0.00019073486328125
output-boba,tournament_k16_lcb_rho1_look,ar1,tournament,16.0,lcb,1.0,look,cell,0.25,0.0,20,600,0.03825454149748255,-0.022255174900907997,0.02917407014469512,-0.5817655637663978,1.0,-1.3633401917412415,-0.15522255491943227,0.02977446084184663,0.04763913734695461
output-boba,tournament_k16_lcb_rho1_look,ar1,tournament,16.0,lcb,1.0,look,cell,0.25,20.0,20,600,0.022728479424807015,-0.028824435829919493,0.02917407014469512,-1.268207841412349,1.0,-3.2932660263039306,-0.41181418154513916,0.006389617919921875,0.01277923583984375
output-boba,tournament_k16_lcb_rho1_look,ar1,tournament,16.0,lcb,1.0,look,cell,1.0,0.0,20,600,0.20939594374896484,-0.00316183767628836,0.02917407014469512,-0.015099803843759944,1.0,-0.1541402455128343,0.08787125356536207,0.4523754119873047,0.4523754119873047
output-boba,tournament_k16_lcb_rho1_look,ar1,tournament,16.0,lcb,1.0,look,cell,1.0,20.0,20,600,0.12514782730766216,0.014536123921554688,0.02917407014469512,0.11615162831248542,1.0,-0.10869073917023477,0.29013268670429176,0.24548721313476562,0.2805568150111607
output-boba,tournament_k16_lcb_rho1_look,ar1,tournament,16.0,lcb,1.0,look,cell,5.0,0.0,20,600,0.7264068798293957,0.06745942825398628,0.02917407014469512,0.09286727607787779,1.0,0.023535451714466204,0.15753841019445733,0.0758514404296875,0.10113525390625
output-boba,tournament_k16_lcb_rho1_look,ar1,tournament,16.0,lcb,1.0,look,cell,5.0,20.0,20,600,0.4553017321055197,0.1674039070993864,0.02917407014469512,0.36767685096482183,1.0,0.2759799182342124,0.4511439802010946,3.62396240234375e-05,0.00019073486328125
output-boba,tournament_k16_lcb_rho1_look,ar1,tournament,16.0,lcb,1.0,look,pooled,,,20,4800,0.19799264279855544,0.01620123429158849,0.02917407014469512,0.08182745612458028,1.0,-0.024969477956877185,0.16886398287394516,0.0758514404296875,
output-boba,tournament_k16_lcb_rho1_look,bias,tournament,16.0,lcb,1.0,look,cell,0.05,0.0,20,600,0.013395489962064456,-0.02831872881730844,0.02917407014469512,-2.1140494970699883,1.0,-4.439102258560647,-1.112784094107769,0.0001318338889828333,0.0008546800175627891
output-boba,tournament_k16_lcb_rho1_look,bias,tournament,16.0,lcb,1.0,look,cell,0.05,20.0,20,600,0.008569131211679494,-0.026075437869803424,0.02917407014469512,-3.0429500057442587,0.992,-12.496012022388074,-1.2612984372096399,0.002712249755859375,0.0050445556640625
output-boba,tournament_k16_lcb_rho1_look,bias,tournament,16.0,lcb,1.0,look,cell,0.25,0.0,20,600,0.04075634626349373,-0.046745439858767925,0.02917407014469512,-1.146948736683954,1.0,-2.008571625655578,-0.702049442610389,0.00021367000439069728,0.0008546800175627891
output-boba,tournament_k16_lcb_rho1_look,bias,tournament,16.0,lcb,1.0,look,cell,0.25,20.0,20,600,0.03844830317953616,-0.02138533375158704,0.02917407014469512,-0.5562100790697373,1.0,-1.305035933373314,-0.10247535877666981,0.058258056640625,0.07767740885416667
output-boba,tournament_k16_lcb_rho1_look,bias,tournament,16.0,lcb,1.0,look,cell,1.0,0.0,20,600,0.24778106004099362,-0.03935370125110184,0.02917407014469512,-0.15882449306089436,1.0,-0.24144163868956414,-0.07500076683853166,0.0031528472900390625,0.0050445556640625
output-boba,tournament_k16_lcb_rho1_look,bias,tournament,16.0,lcb,1.0,look,cell,1.0,20.0,20,600,0.15642646108862632,0.00029411690971312756,0.02917407014469512,0.0018802247884805766,1.0,-0.12779441771679215,0.12518047724304912,0.9272785186767578,0.9272785186767578
output-boba,tournament_k16_lcb_rho1_look,bias,tournament,16.0,lcb,1.0,look,cell,5.0,0.0,20,600,0.7380725752210011,0.012052834512080174,0.02917407014469512,0.016330148167978186,1.0,-0.046753711576891774,0.075513858790641,0.6215133666992188,0.7103009905133929
output-boba,tournament_k16_lcb_rho1_look,bias,tournament,16.0,lcb,1.0,look,cell,5.0,20.0,20,600,0.5685229542516816,0.15154833948068658,0.02917407014469512,0.2665650319786333,1.0,0.16069772737078247,0.35272119880509817,0.0003948211669921875,0.0010528564453125
output-boba,tournament_k16_lcb_rho1_look,bias,tournament,16.0,lcb,1.0,look,pooled,,,20,4800,0.22649654015238457,0.00025208116923890466,0.02917407014469512,0.001112958145273685,1.0,-0.07991479316252563,0.08284002822519995,0.7285060882568359,
output-boba,tournament_k16_lcb_rho1_look,drift,tournament,16.0,lcb,1.0,look,cell,0.05,0.0,20,600,0.007546259012326475,-0.026821583341036626,0.02917407014469512,-3.5542887273316186,0.986,-13.73829276263352,-1.6103427900586054,0.0007239534999888531,0.001158325599982165
output-boba,tournament_k16_lcb_rho1_look,drift,tournament,16.0,lcb,1.0,look,cell,0.05,20.0,20,600,0.005545591729968432,-0.028717920838946188,0.02917407014469512,-5.17851335570815,0.993,-25.2397124845409,-1.6868107883189336,0.0007076263427734375,0.001158325599982165
output-boba,tournament_k16_lcb_rho1_look,drift,tournament,16.0,lcb,1.0,look,cell,0.25,0.0,20,600,0.04441843487071276,-0.038477551905738025,0.02917407014469512,-0.8662518618166836,1.0,-1.4223420813254188,-0.5098739402348842,3.62396240234375e-05,0.00014495849609375
output-boba,tournament_k16_lcb_rho1_look,drift,tournament,16.0,lcb,1.0,look,cell,0.25,20.0,20,600,0.03700249218932726,-0.01874562938334188,0.02917407014469512,-0.506604508891667,1.0,-1.2511133162185841,-0.11425786406503459,0.03623390197753906,0.048311869303385414
output-boba,tournament_k16_lcb_rho1_look,drift,tournament,16.0,lcb,1.0,look,cell,1.0,0.0,20,600,0.25418753076862133,-0.054765124661332876,0.02917407014469512,-0.21545165687605577,1.0,-0.313571321103834,-0.1256848192855389,0.000133514404296875,0.0003560384114583333
output-boba,tournament_k16_lcb_rho1_look,drift,tournament,16.0,lcb,1.0,look,cell,1.0,20.0,20,600,0.16046191077310898,0.013576704979874473,0.02917407014469512,0.08461014152493644,1.0,-0.06282250998672333,0.20404123065463775,0.2942523956298828,0.2942523956298828
output-boba,tournament_k16_lcb_rho1_look,drift,tournament,16.0,lcb,1.0,look,cell,5.0,0.0,20,600,0.7552009810904712,0.04163438292572211,0.02917407014469512,0.055130202380834055,1.0,-0.010472745830623192,0.11650285701093963,0.15364646911621094,0.17559596470424108
output-boba,tournament_k16_lcb_rho1_look,drift,tournament,16.0,lcb,1.0,look,cell,5.0,20.0,20,600,0.6408456819973191,0.3010835853417518,0.02917407014469512,0.4698222892028651,1.0,0.37629968773459693,0.5454031708184616,1.33514404296875e-05,0.0001068115234375
output-boba,tournament_k16_lcb_rho1_look,drift,tournament,16.0,lcb,1.0,look,pooled,,,20,4800,0.2381511103039819,0.02359585788961909,0.02917407014469512,0.09907935285080452,1.0,0.016335911183277915,0.1763835846269475,0.06372261047363281,
output-boba,tournament_k16_lcb_rho1_look,gaussian,tournament,16.0,lcb,1.0,look,cell,0.05,0.0,20,600,0.006930780737448017,-0.035615589983690694,0.02917407014469512,-5.138755839043426,0.981,-34.04655759005436,-1.7257746149464965,0.00045523094731939626,0.0012868245442708333
output-boba,tournament_k16_lcb_rho1_look,gaussian,tournament,16.0,lcb,1.0,look,cell,0.05,20.0,20,600,0.002573926727981019,-0.031505619467557824,0.02917407014469512,-12.240293837840031,0.798,,,0.0004825592041015625,0.0012868245442708333
output-boba,tournament_k16_lcb_rho1_look,gaussian,tournament,16.0,lcb,1.0,look,cell,0.25,0.0,20,600,0.049786948458824795,-0.02925168962392103,0.02917407014469512,-0.5875373070537352,1.0,-1.0446014781261406,-0.29479468682842974,0.0011156286211977205,0.002231257242395441
output-boba,tournament_k16_lcb_rho1_look,gaussian,tournament,16.0,lcb,1.0,look,cell,0.25,20.0,20,600,0.032441606005650915,-0.025064795738968255,0.02917407014469512,-0.7726126670363448,1.0,-1.4881893851533594,-0.32010668861303354,0.00485992431640625,0.00777587890625
output-boba,tournament_k16_lcb_rho1_look,gaussian,tournament,16.0,lcb,1.0,look,cell,1.0,0.0,20,600,0.2561344386822541,-0.03604566583147086,0.02917407014469512,-0.14072947791369467,1.0,-0.24040230536235588,-0.044482031043241325,0.01531219482421875,0.020416259765625
output-boba,tournament_k16_lcb_rho1_look,gaussian,tournament,16.0,lcb,1.0,look,cell,1.0,20.0,20,600,0.12941445146457056,-0.014847395720142565,0.02917407014469512,-0.11472749412539368,1.0,-0.3118425825400321,0.028381584650301713,0.15364646911621094,0.15364646911621094
output-boba,tournament_k16_lcb_rho1_look,gaussian,tournament,16.0,lcb,1.0,look,cell,5.0,0.0,20,600,0.7731111054368147,0.058613157961377296,0.02917407014469512,0.07581466305319769,1.0,0.0050948243686897016,0.14718795649026248,0.05316925048828125,0.060764857700892856
output-boba,tournament_k16_lcb_rho1_look,gaussian,tournament,16.0,lcb,1.0,look,cell,5.0,20.0,20,600,0.5199289879562881,0.19279870371855823,0.02917407014469512,0.37081737734301395,1.0,0.2585681345399951,0.47651633849679714,4.76837158203125e-05,0.0003814697265625
output-boba,tournament_k16_lcb_rho1_look,gaussian,tournament,16.0,lcb,1.0,look,pooled,,,20,4800,0.221290280683729,0.009885138164273052,0.02917407014469512,0.04467045788785013,1.0,-0.06376589852882258,0.15101644575810927,0.49800872802734375,
output-boba,tournament_k16_lcb_rho1_post,ar1,tournament,16.0,lcb,1.0,post,cell,0.05,0.0,20,600,0.007283275356432553,-0.045259399268140266,0.04355046405082175,-6.214154628681913,0.949,,,0.031103769479907197,0.062207538959814394
output-boba,tournament_k16_lcb_rho1_post,ar1,tournament,16.0,lcb,1.0,post,cell,0.05,20.0,20,600,-0.0005775368818208183,-0.05337027045206063,0.04355046405082175,,0.475,,,0.011236471025746899,0.029963922735325065
output-boba,tournament_k16_lcb_rho1_post,ar1,tournament,16.0,lcb,1.0,post,cell,0.25,0.0,20,600,0.03825454149748255,-0.03573618700967042,0.04355046405082175,-0.9341684832903341,1.0,-2.217372122764772,-0.2610317812420425,0.07661792341167123,0.12258867745867397
output-boba,tournament_k16_lcb_rho1_post,ar1,tournament,16.0,lcb,1.0,post,cell,0.25,20.0,20,600,0.022728479424807015,-0.03642353263693893,0.04355046405082175,-1.6025503491088997,1.0,-4.362451404014493,-0.36155503372240005,0.11398696899414062,0.15198262532552084
output-boba,tournament_k16_lcb_rho1_post,ar1,tournament,16.0,lcb,1.0,post,cell,1.0,0.0,20,600,0.20939594374896484,-0.0018802372750291257,0.04355046405082175,-0.008979339529533847,1.0,-0.17500940527473702,0.11899720262170337,0.34881019592285156,0.34881019592285156
output-boba,tournament_k16_lcb_rho1_post,ar1,tournament,16.0,lcb,1.0,post,cell,1.0,20.0,20,600,0.12514782730766216,0.010928537598089972,0.04355046405082175,0.08732502859377146,1.0,-0.12910591620787745,0.26752009153688394,0.2942523956298828,0.3362884521484375
output-boba,tournament_k16_lcb_rho1_post,ar1,tournament,16.0,lcb,1.0,post,cell,5.0,0.0,20,600,0.7264068798293957,0.052107481238287456,0.04355046405082175,0.07173318794905335,1.0,-0.007567589816460281,0.13833713847288376,0.01068878173828125,0.029963922735325065
output-boba,tournament_k16_lcb_rho1_post,ar1,tournament,16.0,lcb,1.0,post,cell,5.0,20.0,20,600,0.4553017321055197,0.10973079993037653,0.04355046405082175,0.2410067702201176,1.0,0.15419467741099616,0.3219479901634053,0.0004825592041015625,0.0038604736328125
output-boba,tournament_k16_lcb_rho1_post,ar1,tournament,16.0,lcb,1.0,post,pooled,,,20,4800,0.19799264279855544,1.2149015614329462e-05,0.04355046405082175,6.136094474323619e-05,1.0,-0.12906908410797593,0.11245379750413476,0.8408222198486328,
output-boba,tournament_k16_lcb_rho1_post,bias,tournament,16.0,lcb,1.0,post,cell,0.05,0.0,20,600,0.013395489962064456,-0.040522816944775955,0.04355046405082175,-3.0251089776883946,1.0,-6.707952328349253,-1.401243876200516,0.005491205694554839,0.021964822778219355
output-boba,tournament_k16_lcb_rho1_post,bias,tournament,16.0,lcb,1.0,post,cell,0.05,20.0,20,600,0.008569131211679494,-0.044610309280112045,0.04355046405082175,-5.205931404027213,0.992,-26.933429041184255,-1.7352381181182046,0.040135536373545506,0.08027107274709101
output-boba,tournament_k16_lcb_rho1_post,bias,tournament,16.0,lcb,1.0,post,cell,0.25,0.0,20,600,0.04075634626349373,-0.040498367852953535,0.04355046405082175,-0.9936702272359661,1.0,-2.107088662210199,-0.3920350591952722,0.02422372469374016,0.0645965991833071
output-boba,tournament_k16_lcb_rho1_post,bias,tournament,16.0,lcb,1.0,post,cell,0.25,20.0,20,600,0.03844830317953616,-0.027747697094625372,0.04355046405082175,-0.7216884699711245,1.0,-1.7255688882457383,-0.0914252725049635,0.14290618896484375,0.19054158528645834
output-boba,tournament_k16_lcb_rho1_post,bias,tournament,16.0,lcb,1.0,post,cell,1.0,0.0,20,600,0.24778106004099362,-0.0320400343976998,0.04355046405082175,-0.12930784294973555,1.0,-0.19817758870070007,-0.0541631872800584,0.0042209625244140625,0.021964822778219355
output-boba,tournament_k16_lcb_rho1_post,bias,tournament,16.0,lcb,1.0,post,cell,1.0,20.0,20,600,0.15642646108862632,-0.008380410285586937,0.04355046405082175,-0.05357412184143743,1.0,-0.20449035240448474,0.0877707589710794,0.6476554870605469,0.7401776994977679
output-boba,tournament_k16_lcb_rho1_post,bias,tournament,16.0,lcb,1.0,post,cell,5.0,0.0,20,600,0.7380725752210011,0.029885977246957785,0.04355046405082175,0.04049192213653112,1.0,-0.004767190970633047,0.08215819059773663,0.14290618896484375,0.19054158528645834
output-boba,tournament_k16_lcb_rho1_post,bias,tournament,16.0,lcb,1.0,post,cell,5.0,20.0,20,600,0.5685229542516816,-9.139949827333127e-06,0.04355046405082175,-1.607665927818796e-05,1.0,-0.08975917992090539,0.08382172477644949,0.8408222198486328,0.8408222198486328
output-boba,tournament_k16_lcb_rho1_post,bias,tournament,16.0,lcb,1.0,post,pooled,,,20,4800,0.22649654015238457,-0.020490349819827884,0.04355046405082175,-0.09046650251717835,1.0,-0.18795211077873059,-0.004780590007321729,0.14290618896484375,
output-boba,tournament_k16_lcb_rho1_post,drift,tournament,16.0,lcb,1.0,post,cell,0.05,0.0,20,600,0.007546259012326475,-0.041370824122829865,0.04355046405082175,-5.482295804484378,0.986,-22.23089766494405,-2.220953822013155,0.02977446084184663,0.05954892168369326
output-boba,tournament_k16_lcb_rho1_post,drift,tournament,16.0,lcb,1.0,post,cell,0.05,20.0,20,600,0.005545591729968432,-0.04283152448640336,0.04355046405082175,-7.723526464261943,0.993,-36.69999015878341,-2.4044346900562035,0.040135536373545506,0.06421685819767281
output-boba,tournament_k16_lcb_rho1_post,drift,tournament,16.0,lcb,1.0,post,cell,0.25,0.0,20,600,0.04441843487071276,-0.04272213362120122,0.04355046405082175,-0.961810873020427,1.0,-1.9267091360404582,-0.40810926716823837,0.0010166168212890625,0.00406646728515625
output-boba,tournament_k16_lcb_rho1_post,drift,tournament,16.0,lcb,1.0,post,cell,0.25,20.0,20,600,0.03700249218932726,-0.02377010111747722,0.04355046405082175,-0.6423918960878344,1.0,-1.6812598294804841,-0.04863458336146852,0.24548721313476562,0.24548721313476562
output-boba,tournament_k16_lcb_rho1_post,drift,tournament,16.0,lcb,1.0,post,cell,1.0,0.0,20,600,0.25418753076862133,-0.032140622727946724,0.04355046405082175,-0.12644452948088666,1.0,-0.21590301396622513,-0.04589310276173332,0.01068878173828125,0.02850341796875
output-boba,tournament_k16_lcb_rho1_post,drift,tournament,16.0,lcb,1.0,post,cell,1.0,20.0,20,600,0.16046191077310898,0.014804013646364078,0.04355046405082175,0.09225873962885035,1.0,-0.06913607489534511,0.2208717388597096,0.2305126190185547,0.24548721313476562
output-boba,tournament_k16_lcb_rho1_post,drift,tournament,16.0,lcb,1.0,post,cell,5.0,0.0,20,600,0.7552009810904712,0.04692579802602604,0.04355046405082175,0.0621368340362424,1.0,0.005864586556098701,0.12365097805701308,0.11398696899414062,0.15198262532552084
output-boba,tournament_k16_lcb_rho1_post,drift,tournament,16.0,lcb,1.0,post,cell,5.0,20.0,20,600,0.6408456819973191,0.20396686259249272,0.04355046405082175,0.3182776576675849,1.0,0.2286563426669103,0.3952107468729621,1.9073486328125e-05,0.000152587890625
output-boba,tournament_k16_lcb_rho1_post,drift,tournament,16.0,lcb,1.0,post,pooled,,,20,4800,0.2381511103039819,0.010357683523628057,0.04355046405082175,0.04349206480879832,1.0,-0.05273613531601997,0.13991548991746794,0.4523754119873047,
output-boba,tournament_k16_lcb_rho1_post,gaussian,tournament,16.0,lcb,1.0,post,cell,0.05,0.0,20,600,0.006930780737448017,-0.04774216912797498,0.04355046405082175,-6.88842584068734,0.981,-43.20844974741298,-2.2759596429634716,0.008418773595809824,0.0251617431640625
output-boba,tournament_k16_lcb_rho1_post,gaussian,tournament,16.0,lcb,1.0,post,cell,0.05,20.0,20,600,0.002573926727981019,-0.04748182158906212,0.04355046405082175,-18.4472312567758,0.798,,,0.012595170865161685,0.02519034173032337
output-boba,tournament_k16_lcb_rho1_post,gaussian,tournament,16.0,lcb,1.0,post,cell,0.25,0.0,20,600,0.049786948458824795,-0.03151461325669794,0.04355046405082175,-0.6329894527028787,1.0,-1.2181572380217707,-0.17951808598969948,0.13649771056887278,0.21839633691019644
output-boba,tournament_k16_lcb_rho1_post,gaussian,tournament,16.0,lcb,1.0,post,cell,0.25,20.0,20,600,0.032441606005650915,-0.027360483066234363,0.04355046405082175,-0.8433763439907542,1.0,-1.8143768900580277,-0.20432380752156487,0.20244979858398438,0.2699330647786458
output-boba,tournament_k16_lcb_rho1_post,gaussian,tournament,16.0,lcb,1.0,post,cell,1.0,0.0,20,600,0.2561344386822541,-0.016135360626137928,0.04355046405082175,-0.06299567020018945,1.0,-0.16491040998389603,0.03404548875353754,0.4523754119873047,0.5170004708426339
output-boba,tournament_k16_lcb_rho1_post,gaussian,tournament,16.0,lcb,1.0,post,cell,1.0,20.0,20,600,0.12941445146457056,-0.004296894232028808,0.04355046405082175,-0.033202584281749686,1.0,-0.26660076539524935,0.14221157238068668,0.9854354858398438,0.9854354858398438
output-boba,tournament_k16_lcb_rho1_post,gaussian,tournament,16.0,lcb,1.0,post,cell,5.0,0.0,20,600,0.7731111054368147,0.08226494959534018,0.04355046405082175,0.10640766769073864,1.0,0.03847871790239973,0.1828721516802774,0.009435653686523438,0.0251617431640625
output-boba,tournament_k16_lcb_rho1_post,gaussian,tournament,16.0,lcb,1.0,post,cell,5.0,20.0,20,600,0.5199289879562881,0.10747771671008644,0.04355046405082175,0.2067161462424988,1.0,0.12501696794687578,0.2967254620332609,1.9073486328125e-05,0.000152587890625
output-boba,tournament_k16_lcb_rho1_post,gaussian,tournament,16.0,lcb,1.0,post,pooled,,,20,4800,0.221290280683729,0.0019014155509113118,0.04355046405082175,0.00859240426211416,1.0,-0.10420251463672084,0.12086489524997074,1.0,
output-boba,tournament_k16_obs_rho0.5_look,ar1,tournament,16.0,obs,0.5,look,cell,0.05,0.0,20,600,0.007283275356432553,-0.028778770609123438,0.029174062806120858,-3.951350072698565,0.949,,,0.015755486091547432,0.03875795950998426
output-boba,tournament_k16_obs_rho0.5_look,ar1,tournament,16.0,obs,0.5,look,cell,0.05,20.0,20,600,-0.0005775368818208183,-0.03161622031362978,0.029174062806120858,,0.475,,,0.02422372469374016,0.03875795950998426
output-boba,tournament_k16_obs_rho0.5_look,ar1,tournament,16.0,obs,0.5,look,cell,0.25,0.0,20,600,0.03825454149748255,-0.01374329572782687,0.029174062806120858,-0.3592591935451974,1.0,-1.0973159188303072,0.031719193283409386,0.24320097107575667,0.24320097107575667
output-boba,tournament_k16_obs_rho0.5_look,ar1,tournament,16.0,obs,0.5,look,cell,0.25,20.0,20,600,0.022728479424807015,-0.021520117303158,0.029174062806120858,-0.946834889432588,1.0,-2.756842940465976,-0.13954492140735203,0.082550048828125,0.09434291294642858
output-boba,tournament_k16_obs_rho0.5_look,ar1,tournament,16.0,obs,0.5,look,cell,1.0,0.0,20,600,0.20939594374896484,0.025363323089658878,0.029174062806120858,0.12112614330326188,1.0,-0.02384520951926274,0.23493320119961697,0.029575347900390625,0.039433797200520836
output-boba,tournament_k16_obs_rho0.5_look,ar1,tournament,16.0,obs,0.5,look,cell,1.0,20.0,20,600,0.12514782730766216,0.039066358273313964,0.029174062806120858,0.3121616979995475,1.0,0.10473168212699202,0.45506137687339876,0.021484375,0.03875795950998426
output-boba,tournament_k16_obs_rho0.5_look,ar1,tournament,16.0,obs,0.5,look,cell,5.0,0.0,20,600,0.7264068798293957,0.13122378213787417,0.029174062806120858,0.180647768876712,1.0,0.10721476741120878,0.25486270896486524,0.0001049041748046875,0.00041961669921875
output-boba,tournament_k16_obs_rho0.5_look,ar1,tournament,16.0,obs,0.5,look,cell,5.0,20.0,20,600,0.4553017321055197,0.22119297208133207,0.029174062806120858,0.48581623236625177,1.0,0.4061587509638259,0.5622770646955435,5.7220458984375e-06,4.57763671875e-05
output-boba,tournament_k16_obs_rho0.5_look,ar1,tournament,16.0,obs,0.5,look,pooled,,,20,4800,0.19799264279855544,0.040148503953555126,0.029174062806120858,0.20277775671898882,1.0,0.09740731162877221,0.28629177586827154,0.0031528472900390625,
output-boba,tournament_k16_obs_rho0.5_look,bias,tournament,16.0,obs,0.5,look,cell,0.05,0.0,20,600,0.013395489962064456,-0.02562276233661156,0.029174062806120858,-1.9127902308295028,1.0,-4.107352583976657,-0.9186681275437397,0.008903385115881386,0.014245416185410217
output-boba,tournament_k16_obs_rho0.5_look,bias,tournament,16.0,obs,0.5,look,cell,0.05,20.0,20,600,0.008569131211679494,-0.022979909732271674,0.029174062806120858,-2.6817082344299594,0.992,-11.436910658314293,-0.9541849252349474,0.04405403137207031,0.05873870849609375
output-boba,tournament_k16_obs_rho0.5_look,bias,tournament,16.0,obs,0.5,look,cell,0.25,0.0,20,600,0.04075634626349373,-0.029505835527525316,0.029174062806120858,-0.7239568369737372,1.0,-1.520173729880416,-0.2832845968650225,0.005491205694554839,0.010982411389109678
output-boba,tournament_k16_obs_rho0.5_look,bias,tournament,16.0,obs,0.5,look,cell,0.25,20.0,20,600,0.03844830317953616,-0.00869885473744916,0.029174062806120858,-0.2262480790590276,1.0,-0.9099423074817059,0.19836576417509832,0.5705966949462891,0.5958194732666016
output-boba,tournament_k16_obs_rho0.5_look,bias,tournament,16.0,obs,0.5,look,cell,1.0,0.0,20,600,0.24778106004099362,0.004681435658214385,0.029174062806120858,0.018893436235359856,1.0,-0.06848417509347551,0.10081013846592753,0.5958194732666016,0.5958194732666016
output-boba,tournament_k16_obs_rho0.5_look,bias,tournament,16.0,obs,0.5,look,cell,1.0,20.0,20,600,0.15642646108862632,0.0398706144641691,0.029174062806120858,0.25488407898954935,1.0,0.10909984091125825,0.38360105934425576,0.00365447998046875,0.009745279947916666
output-boba,tournament_k16_obs_rho0.5_look,bias,tournament,16.0,obs,0.5,look,cell,5.0,0.0,20,600,0.7380725752210011,0.11103337739927377,0.029174062806120858,0.15043693686359644,1.0,0.09829112329928888,0.2025474878212223,4.76837158203125e-05,0.00019073486328125
output-boba,tournament_k16_obs_rho0.5_look,bias,tournament,16.0,obs,0.5,look,cell,5.0,20.0,20,600,0.5685229542516816,0.27831092266109864,0.029174062806120858,0.4895333083383157,1.0,0.3781153312382272,0.5858096282847972,5.7220458984375e-06,4.57763671875e-05
output-boba,tournament_k16_obs_rho0.5_look,bias,tournament,16.0,obs,0.5,look,pooled,,,20,4800,0.22649654015238457,0.043386123481112294,0.029174062806120858,0.19155314006970062,1.0,0.10175242899357609,0.27498092486243186,0.0019855499267578125,
output-boba,tournament_k16_obs_rho0.5_look,drift,tournament,16.0,obs,0.5,look,cell,0.05,0.0,20,600,0.007546259012326475,-0.024390044458351155,0.029174062806120858,-3.232070939853921,0.986,-12.46627119340573,-1.286698375305657,0.021801738635254905,0.034882781816407846
output-boba,tournament_k16_obs_rho0.5_look,drift,tournament,16.0,obs,0.5,look,cell,0.05,20.0,20,600,0.005545591729968432,-0.026362254547808772,0.029174062806120858,-4.753731582032426,0.993,-23.467767162389357,-1.3384715216164755,0.03623390197753906,0.048311869303385414
output-boba,tournament_k16_obs_rho0.5_look,drift,tournament,16.0,obs,0.5,look,cell,0.25,0.0,20,600,0.04441843487071276,-0.027464686891707585,0.029174062806120858,-0.618317303877278,1.0,-1.1288382265244141,-0.2637014339625793,0.0042209625244140625,0.008441925048828125
output-boba,tournament_k16_obs_rho0.5_look,drift,tournament,16.0,obs,0.5,look,cell,0.25,20.0,20,600,0.03700249218932726,-0.007743081135494293,0.029174062806120858,-0.20925836821682114,1.0,-0.8681059092355142,0.17713779589923315,0.5958194732666016,0.6809365408761161
output-boba,tournament_k16_obs_rho0.5_look,drift,tournament,16.0,obs,0.5,look,cell,1.0,0.0,20,600,0.25418753076862133,0.001954255831510211,0.029174062806120858,0.007688244287990299,1.0,-0.0991763327773426,0.10299124685241066,0.9272785186767578,0.9272785186767578
output-boba,tournament_k16_obs_rho0.5_look,drift,tournament,16.0,obs,0.5,look,cell,1.0,20.0,20,600,0.16046191077310898,0.049206069497247075,0.029174062806120858,0.3066526458532817,1.0,0.1623307513212139,0.42687214782798044,0.0014324188232421875,0.00572967529296875
output-boba,tournament_k16_obs_rho0.5_look,drift,tournament,16.0,obs,0.5,look,cell,5.0,0.0,20,600,0.7552009810904712,0.10554488521599463,0.029174062806120858,0.13975734653256577,1.0,0.06377604690319921,0.2131585538317836,0.0042209625244140625,0.008441925048828125
output-boba,tournament_k16_obs_rho0.5_look,drift,tournament,16.0,obs,0.5,look,cell,5.0,20.0,20,600,0.6408456819973191,0.36886081577403335,0.029174062806120858,0.5755844599348903,1.0,0.4886433464090691,0.6507842692069479,1.9073486328125e-06,1.52587890625e-05
output-boba,tournament_k16_obs_rho0.5_look,drift,tournament,16.0,obs,0.5,look,pooled,,,20,4800,0.2381511103039819,0.05495074491067794,0.029174062806120858,0.2307389826591086,1.0,0.1380784263033708,0.31669650012827893,0.0010166168212890625,
output-boba,tournament_k16_obs_rho0.5_look,gaussian,tournament,16.0,obs,0.5,look,cell,0.05,0.0,20,600,0.006930780737448017,-0.03163226833133369,0.029174062806120858,-4.564026699101869,0.981,-31.79728491461827,-1.301874388478759,0.008418773595809824,0.01683754719161965
output-boba,tournament_k16_obs_rho0.5_look,gaussian,tournament,16.0,obs,0.5,look,cell,0.05,20.0,20,600,0.002573926727981019,-0.029636362651943342,0.029174062806120858,-11.514066165818956,0.798,,,0.0023250579833984375,0.006200154622395833
output-boba,tournament_k16_obs_rho0.5_look,gaussian,tournament,16.0,obs,0.5,look,cell,0.25,0.0,20,600,0.049786948458824795,-0.01678034590226487,0.029174062806120858,-0.33704306895094577,1.0,-0.7987598680244389,-0.03495760634961934,0.17123878524909952,0.17123878524909952
output-boba,tournament_k16_obs_rho0.5_look,gaussian,tournament,16.0,obs,0.5,look,cell,0.25,20.0,20,600,0.032441606005650915,-0.015199267067711766,0.029174062806120858,-0.46851154856711613,1.0,-1.1372270241393536,-0.044869050834844534,0.16495704650878906,0.17123878524909952
output-boba,tournament_k16_obs_rho0.5_look,gaussian,tournament,16.0,obs,0.5,look,cell,1.0,0.0,20,600,0.2561344386822541,0.014047779409836082,0.029174062806120858,0.05484533623088054,1.0,-0.05495851782611705,0.15791437693448407,0.15364646911621094,0.17123878524909952
output-boba,tournament_k16_obs_rho0.5_look,gaussian,tournament,16.0,obs,0.5,look,cell,1.0,20.0,20,600,0.12941445146457056,0.025989801898961003,0.029174062806120858,0.20082611798633757,1.0,0.024831911196160614,0.32848232272326827,0.023950576782226562,0.0383209228515625
output-boba,tournament_k16_obs_rho0.5_look,gaussian,tournament,16.0,obs,0.5,look,cell,5.0,0.0,20,600,0.7731111054368147,0.11359614359133222,0.029174062806120858,0.14693378841990554,1.0,0.07984796463405676,0.2166451421496848,0.000850677490234375,0.0034027099609375
output-boba,tournament_k16_obs_rho0.5_look,gaussian,tournament,16.0,obs,0.5,look,cell,5.0,20.0,20,600,0.5199289879562881,0.2559922618147934,0.029174062806120858,0.4923600486694068,1.0,0.4014709800890314,0.5751449614723662,1.9073486328125e-06,1.52587890625e-05
output-boba,tournament_k16_obs_rho0.5_look,gaussian,tournament,16.0,obs,0.5,look,pooled,,,20,4800,0.221290280683729,0.03954721784520863,0.029174062806120858,0.1787119512118566,1.0,0.0773024051511882,0.26671258588431696,0.00830841064453125,
output-boba,tournament_k16_obs_rho0.5_post,ar1,tournament,16.0,obs,0.5,post,cell,0.05,0.0,20,600,0.007283275356432553,-0.03937280795250518,0.04282180740911298,-5.405920554374113,0.949,,,0.031103769479907197,0.062207538959814394
output-boba,tournament_k16_obs_rho0.5_post,ar1,tournament,16.0,obs,0.5,post,cell,0.05,20.0,20,600,-0.0005775368818208183,-0.04614392856751574,0.04282180740911298,,0.475,,,0.01959328479398985,0.052248759450639594
output-boba,tournament_k16_obs_rho0.5_post,ar1,tournament,16.0,obs,0.5,post,cell,0.25,0.0,20,600,0.03825454149748255,-0.02461408301794101,0.04282180740911298,-0.6434290427859608,1.0,-1.6393279976215174,-0.08167681440772283,0.13649771056887278,0.15364646911621094
output-boba,tournament_k16_obs_rho0.5_post,ar1,tournament,16.0,obs,0.5,post,cell,0.25,20.0,20,600,0.022728479424807015,-0.031086884271590315,0.04282180740911298,-1.367750287670389,1.0,-3.8260932247194357,-0.21201347842080512,0.15364646911621094,0.15364646911621094
output-boba,tournament_k16_obs_rho0.5_post,ar1,tournament,16.0,obs,0.5,post,cell,1.0,0.0,20,600,0.20939594374896484,0.010459067370743579,0.04282180740911298,0.04994875823995174,1.0,-0.08976062722817463,0.15918724797631562,0.15364646911621094,0.15364646911621094
output-boba,tournament_k16_obs_rho0.5_post,ar1,tournament,16.0,obs,0.5,post,cell,1.0,20.0,20,600,0.12514782730766216,0.027419463396720883,0.04282180740911298,0.21909659949040225,1.0,-0.002767252336415446,0.38238686484038065,0.06372261047363281,0.1019561767578125
output-boba,tournament_k16_obs_rho0.5_post,ar1,tournament,16.0,obs,0.5,post,cell,5.0,0.0,20,600,0.7264068798293957,0.09200049680556746,0.04282180740911298,0.12665146677461914,1.0,0.07648717128926336,0.18230247472698544,1.9073486328125e-05,7.62939453125e-05
output-boba,tournament_k16_obs_rho0.5_post,ar1,tournament,16.0,obs,0.5,post,cell,5.0,20.0,20,600,0.4553017321055197,0.12999470592003043,0.04282180740911298,0.28551331293838156,1.0,0.20524361411781558,0.36327379431733,1.33514404296875e-05,7.62939453125e-05
output-boba,tournament_k16_obs_rho0.5_post,ar1,tournament,16.0,obs,0.5,post,pooled,,,20,4800,0.19799264279855544,0.014832003710438756,0.04282180740911298,0.07491189319357361,1.0,-0.0397393094343096,0.1724346066659232,0.20244979858398438,
output-boba,tournament_k16_obs_rho0.5_post,bias,tournament,16.0,obs,0.5,post,cell,0.05,0.0,20,600,0.013395489962064456,-0.04016257592553651,0.04282180740911298,-2.9982162682571127,1.0,-6.553278701174878,-1.3832172226955923,0.007907736601400244,0.031630946405600976
output-boba,tournament_k16_obs_rho0.5_post,bias,tournament,16.0,obs,0.5,post,cell,0.05,20.0,20,600,0.008569131211679494,-0.03961355070694385,0.04282180740911298,-4.622819948532431,0.992,-22.634474706338956,-1.583697694687404,0.040135536373545506,0.08027107274709101
output-boba,tournament_k16_obs_rho0.5_post,bias,tournament,16.0,obs,0.5,post,cell,0.25,0.0,20,600,0.04075634626349373,-0.036126414190416054,0.04282180740911298,-0.8863997267285757,1.0,-1.9601112788110904,-0.3222846155962833,0.03638546131456511,0.08027107274709101
output-boba,tournament_k16_obs_rho0.5_post,bias,tournament,16.0,obs,0.5,post,cell,0.25,20.0,20,600,0.03844830317953616,-0.024807471713454682,0.04282180740911298,-0.6452162946597416,1.0,-1.5827806002704292,-0.04234825146650587,0.17685317993164062,0.21639796665736608
output-boba,tournament_k16_obs_rho0.5_post,bias,tournament,16.0,obs,0.5,post,cell,1.0,0.0,20,600,0.24778106004099362,-0.013860163565988301,0.04282180740911298,-0.05593713887451783,1.0,-0.12754452081250425,0.024931364661338606,0.10539817810058594,0.1686370849609375
output-boba,tournament_k16_obs_rho0.5_post,bias,tournament,16.0,obs,0.5,post,cell,1.0,20.0,20,600,0.15642646108862632,0.012781860079141689,0.04282180740911298,0.08171162340558154,1.0,-0.06774034068022099,0.2157499267627219,0.1893482208251953,0.21639796665736608
output-boba,tournament_k16_obs_rho0.5_post,bias,tournament,16.0,obs,0.5,post,cell,5.0,0.0,20,600,0.7380725752210011,0.08267039425794401,0.04282180740911298,0.11200848945402152,1.0,0.06115483385967533,0.16382470564057952,0.0023250579833984375,0.0186004638671875
output-boba,tournament_k16_obs_rho0.5_post,bias,tournament,16.0,obs,0.5,post,cell,5.0,20.0,20,600,0.5685229542516816,0.02457066881863106,0.04282180740911298,0.043218428798485725,1.0,-0.03189342006397071,0.10100489482842971,0.2773551940917969,0.2773551940917969
output-boba,tournament_k16_obs_rho0.5_post,bias,tournament,16.0,obs,0.5,post,pooled,,,20,4800,0.22649654015238457,-0.004318406618327823,0.04282180740911298,-0.019066104124250388,1.0,-0.11268840090071378,0.06896103916352483,0.7285060882568359,
output-boba,tournament_k16_obs_rho0.5_post,drift,tournament,16.0,obs,0.5,post,cell,0.05,0.0,20,600,0.007546259012326475,-0.03802083345656128,0.04282180740911298,-5.038368467668013,0.986,-20.288312508694208,-2.0093807124252647,0.05340584148798349,0.07120778865064466
output-boba,tournament_k16_obs_rho0.5_post,drift,tournament,16.0,obs,0.5,post,cell,0.05,20.0,20,600,0.005545591729968432,-0.039040032514549405,0.04282180740911298,-7.039831710577735,0.993,-33.77174570905044,-2.177966757343725,0.040135536373545506,0.06421685819767281
output-boba,tournament_k16_obs_rho0.5_post,drift,tournament,16.0,obs,0.5,post,cell,0.25,0.0,20,600,0.04441843487071276,-0.03747329353023066,0.04282180740911298,-0.84364281720648,1.0,-1.6577493000602699,-0.3369281928393096,0.0072956085205078125,0.0194549560546875
output-boba,tournament_k16_obs_rho0.5_post,drift,tournament,16.0,obs,0.5,post,cell,0.25,20.0,20,600,0.03700249218932726,-0.01861686135749231,0.04282180740911298,-0.5031245263761457,1.0,-1.5619505428538678,0.09073601754829556,0.4304332733154297,0.4304332733154297
output-boba,tournament_k16_obs_rho0.5_post,drift,tournament,16.0,obs,0.5,post,cell,1.0,0.0,20,600,0.25418753076862133,-0.023114600519221755,0.04282180740911298,-0.09093522585205892,1.0,-0.18572756828406475,-0.009108833742506024,0.0758514404296875,0.08668736049107142
output-boba,tournament_k16_obs_rho0.5_post,drift,tournament,16.0,obs,0.5,post,cell,1.0,20.0,20,600,0.16046191077310898,0.02757351078009528,0.04282180740911298,0.17183835495442815,1.0,0.046558543129339006,0.2791258906811678,0.01923370361328125,0.0384674072265625
output-boba,tournament_k16_obs_rho0.5_post,drift,tournament,16.0,obs,0.5,post,cell,5.0,0.0,20,600,0.7552009810904712,0.08569651165203909,0.04282180740911298,0.11347510635949884,1.0,0.049954473453746824,0.1803766196461292,0.001209259033203125,0.0048370361328125
output-boba,tournament_k16_obs_rho0.5_post,drift,tournament,16.0,obs,0.5,post,cell,5.0,20.0,20,600,0.6408456819973191,0.216295982005189,0.04282180740911298,0.33751648498443637,1.0,0.26495090802369164,0.41172974590169265,3.814697265625e-06,3.0517578125e-05
output-boba,tournament_k16_obs_rho0.5_post,drift,tournament,16.0,obs,0.5,post,pooled,,,20,4800,0.2381511103039819,0.021662547882408494,0.04282180740911298,0.09096135581630457,1.0,-0.007822127443243993,0.18641103869103212,0.1893482208251953,
output-boba,tournament_k16_obs_rho0.5_post,gaussian,tournament,16.0,obs,0.5,post,cell,0.05,0.0,20,600,0.006930780737448017,-0.04506496675528421,0.04282180740911298,-6.502148670176743,0.981,-41.00628088867447,-2.106013608184595,0.009562906117832044,0.02550108298088545
output-boba,tournament_k16_obs_rho0.5_post,gaussian,tournament,16.0,obs,0.5,post,cell,0.05,20.0,20,600,0.002573926727981019,-0.045869600356301395,0.04282180740911298,-17.8208648512234,0.798,,,0.021801738635254905,0.04360347727050981
output-boba,tournament_k16_obs_rho0.5_post,gaussian,tournament,16.0,obs,0.5,post,cell,0.25,0.0,20,600,0.049786948458824795,-0.026633306697132254,0.04282180740911298,-0.5349455534347269,1.0,-1.0756765704791842,-0.11139853519160536,0.1589900610113243,0.2199427286783854
output-boba,tournament_k16_obs_rho0.5_post,gaussian,tournament,16.0,obs,0.5,post,cell,0.25,20.0,20,600,0.032441606005650915,-0.022398146998321967,0.04282180740911298,-0.6904142475073674,1.0,-1.6078786507358176,-0.06587579035604348,0.2305126190185547,0.2634429931640625
output-boba,tournament_k16_obs_rho0.5_post,gaussian,tournament,16.0,obs,0.5,post,cell,1.0,0.0,20,600,0.2561344386822541,-0.003550007170487804,0.04282180740911298,-0.01385993694854811,1.0,-0.11472896724069857,0.08555741272708413,0.956329345703125,0.956329345703125
output-boba,tournament_k16_obs_rho0.5_post,gaussian,tournament,16.0,obs,0.5,post,cell,1.0,20.0,20,600,0.12941445146457056,0.013781450029679693,0.04282180740911298,0.1064908120670944,1.0,-0.10012814860258241,0.2699527776894999,0.16495704650878906,0.2199427286783854
output-boba,tournament_k16_obs_rho0.5_post,gaussian,tournament,16.0,obs,0.5,post,cell,5.0,0.0,20,600,0.7731111054368147,0.09741440884653249,0.04282180740911298,0.1260031167079051,1.0,0.06516100803071431,0.19921728502838476,0.0001049041748046875,0.00041961669921875
output-boba,tournament_k16_obs_rho0.5_post,gaussian,tournament,16.0,obs,0.5,post,cell,5.0,20.0,20,600,0.5199289879562881,0.17343664102821202,0.04282180740911298,0.3335775558695976,1.0,0.2481589932056831,0.41222471775744585,1.9073486328125e-06,1.52587890625e-05
output-boba,tournament_k16_obs_rho0.5_post,gaussian,tournament,16.0,obs,0.5,post,pooled,,,20,4800,0.221290280683729,0.017639558990862076,0.04282180740911298,0.07971230790778727,1.0,-0.028390267118213363,0.18099168202844382,0.20244979858398438,
output-boba,tournament_k16_obs_rho1_look,ar1,tournament,16.0,obs,1.0,look,cell,0.05,0.0,20,600,0.007283275356432553,-0.03040456075001765,0.029174062806120858,-4.174572463907257,0.949,,,0.002225180116411056,0.005933813643762816
output-boba,tournament_k16_obs_rho1_look,ar1,tournament,16.0,obs,1.0,look,cell,0.05,20.0,20,600,-0.0005775368818208183,-0.03362970973833972,0.029174062806120858,,0.475,,,0.00025021619831076065,0.0010008647932430426
output-boba,tournament_k16_obs_rho1_look,ar1,tournament,16.0,obs,1.0,look,cell,0.25,0.0,20,600,0.03825454149748255,-0.023259791365274746,0.029174062806120858,-0.6080269284316328,1.0,-1.3757343119467147,-0.19881499669582195,0.040135536373545506,0.06421685819767281
output-boba,tournament_k16_obs_rho1_look,ar1,tournament,16.0,obs,1.0,look,cell,0.25,20.0,20,600,0.022728479424807015,-0.02747639521951678,0.029174062806120858,-1.2088972036346457,1.0,-3.2208378656146603,-0.3504194328466745,0.017181396484375,0.03436279296875
output-boba,tournament_k16_obs_rho1_look,ar1,tournament,16.0,obs,1.0,look,cell,1.0,0.0,20,600,0.20939594374896484,-0.007275352809503531,0.029174062806120858,-0.03474447823223174,1.0,-0.17109848127241828,0.06348754806115704,0.8408222198486328,0.8408222198486328
output-boba,tournament_k16_obs_rho1_look,ar1,tournament,16.0,obs,1.0,look,cell,1.0,20.0,20,600,0.12514782730766216,0.010447864760078494,0.029174062806120858,0.08348418813850894,1.0,-0.13812321350888684,0.24689691010221054,0.26109886169433594,0.29839869907924105
output-boba,tournament_k16_obs_rho1_look,ar1,tournament,16.0,obs,1.0,look,cell,5.0,0.0,20,600,0.7264068798293957,0.05749078328485836,0.029174062806120858,0.07914405119395439,1.0,-0.0007460275283326809,0.16211488731933418,0.20244979858398438,0.2699330647786458
output-boba,tournament_k16_obs_rho1_look,ar1,tournament,16.0,obs,1.0,look,cell,5.0,20.0,20,600,0.4553017321055197,0.18083298710008594,0.029174062806120858,0.3971717530347029,1.0,0.299218682571066,0.49114236687513163,1.9073486328125e-05,0.000152587890625
output-boba,tournament_k16_obs_rho1_look,ar1,tournament,16.0,obs,1.0,look,pooled,,,20,4800,0.19799264279855544,0.015840728157796295,0.029174062806120858,0.08000665041838549,1.0,-0.023067449619313448,0.16422483031374177,0.1230926513671875,
output-boba,tournament_k16_obs_rho1_look,bias,tournament,16.0,obs,1.0,look,cell,0.05,0.0,20,600,0.013395489962064456,-0.02826849530978815,0.029174062806120858,-2.1102994657040175,1.0,-4.41998469053046,-1.1039882568635542,0.00015509577279577017,0.0004135887274553871
output-boba,tournament_k16_obs_rho1_look,bias,tournament,16.0,obs,1.0,look,cell,0.05,20.0,20,600,0.008569131211679494,-0.0257885265183131,0.029174062806120858,-3.009468040723199,0.992,-12.287111507609989,-1.2897126340739558,0.000850677490234375,0.001361083984375
output-boba,tournament_k16_obs_rho1_look,bias,tournament,16.0,obs,1.0,look,cell,0.25,0.0,20,600,0.04075634626349373,-0.04684229504381557,0.029174062806120858,-1.149325180941775,1.0,-2.0297343016958034,-0.6996375106632943,0.00034155628132162525,0.0006831125626432505
output-boba,tournament_k16_obs_rho1_look,bias,tournament,16.0,obs,1.0,look,cell,0.25,20.0,20,600,0.03844830317953616,-0.020159971697455467,0.029174062806120858,-0.5243396985119871,1.0,-1.2567786255205842,-0.07138436207215416,0.082550048828125,0.11006673177083333
output-boba,tournament_k16_obs_rho1_look,bias,tournament,16.0,obs,1.0,look,cell,1.0,0.0,20,600,0.24778106004099362,-0.04654627481696003,0.029174062806120858,-0.18785243234192026,1.0,-0.24364142779366585,-0.13414349400531878,3.814697265625e-06,3.0517578125e-05
output-boba,tournament_k16_obs_rho1_look,bias,tournament,16.0,obs,1.0,look,cell,1.0,20.0,20,600,0.15642646108862632,0.0037175110616808117,0.029174062806120858,0.02376523150756819,1.0,-0.13771239039657732,0.18575463414662588,0.7841262817382812,0.8961443219866071
output-boba,tournament_k16_obs_rho1_look,bias,tournament,16.0,obs,1.0,look,cell,5.0,0.0,20,600,0.7380725752210011,0.012750376641445316,0.029174062806120858,0.01727523426490609,1.0,-0.0437406566409183,0.08270480821301131,1.0,1.0
output-boba,tournament_k16_obs_rho1_look,bias,tournament,16.0,obs,1.0,look,cell,5.0,20.0,20,600,0.5685229542516816,0.19936449108199003,0.029174062806120858,0.3506709616402447,1.0,0.23169057212767774,0.448345948847723,0.000133514404296875,0.0004135887274553871
output-boba,tournament_k16_obs_rho1_look,bias,tournament,16.0,obs,1.0,look,pooled,,,20,4800,0.22649654015238457,0.006028351924847991,0.029174062806120858,0.026615646847374257,1.0,-0.05752563248696791,0.11247976020663616,0.7841262817382812,
output-boba,tournament_k16_obs_rho1_look,drift,tournament,16.0,obs,1.0,look,cell,0.05,0.0,20,600,0.007546259012326475,-0.026268208328766564,0.029174062806120858,-3.4809576885525164,0.986,-13.406491536134807,-1.527836995876917,0.0007239534999888531,0.0014479069999777062
output-boba,tournament_k16_obs_rho1_look,drift,tournament,16.0,obs,1.0,look,cell,0.05,20.0,20,600,0.005545591729968432,-0.028915955510624557,0.029174062806120858,-5.214223642602907,0.993,-25.382820472824676,-1.7282428562079186,0.0004825592041015625,0.0012868245442708333
output-boba,tournament_k16_obs_rho1_look,drift,tournament,16.0,obs,1.0,look,cell,0.25,0.0,20,600,0.04441843487071276,-0.03948883429666297,0.029174062806120858,-0.8890190393155858,1.0,-1.4147305051859669,-0.5293227113690673,2.6702880859375e-05,0.0001068115234375
output-boba,tournament_k16_obs_rho1_look,drift,tournament,16.0,obs,1.0,look,cell,0.25,20.0,20,600,0.03700249218932726,-0.019380572158811248,0.029174062806120858,-0.5237639686442862,1.0,-1.265950251939591,-0.14148407133581614,0.023950576782226562,0.031934102376302086
output-boba,tournament_k16_obs_rho1_look,drift,tournament,16.0,obs,1.0,look,cell,1.0,0.0,20,600,0.25418753076862133,-0.0507016948863067,0.029174062806120858,-0.19946570444660722,1.0,-0.31286659228763347,-0.09475537773042865,0.0023250579833984375,0.0037200927734375
output-boba,tournament_k16_obs_rho1_look,drift,tournament,16.0,obs,1.0,look,cell,1.0,20.0,20,600,0.16046191077310898,0.013974718876323813,0.029174062806120858,0.08709056753090695,1.0,-0.0848720746015393,0.23236442929206985,0.2942523956298828,0.3362884521484375
output-boba,tournament_k16_obs_rho1_look,drift,tournament,16.0,obs,1.0,look,cell,5.0,0.0,20,600,0.7552009810904712,0.010789818946055274,0.029174062806120858,0.014287347628276824,1.0,-0.07323109735500556,0.09056601152795131,0.7561664581298828,0.7561664581298828
output-boba,tournament_k16_obs_rho1_look,drift,tournament,16.0,obs,1.0,look,cell,5.0,20.0,20,600,0.6408456819973191,0.32430718779567075,0.029174062806120858,0.5060612826240866,1.0,0.4052237001222892,0.5945000875687808,9.5367431640625e-06,7.62939453125e-05
output-boba,tournament_k16_obs_rho1_look,drift,tournament,16.0,obs,1.0,look,pooled,,,20,4800,0.2381511103039819,0.02303955755460972,0.029174062806120858,0.0967434395968235,1.0,0.0069056751546660725,0.17888688486129523,0.0758514404296875,
output-boba,tournament_k16_obs_rho1_look,gaussian,tournament,16.0,obs,1.0,look,cell,0.05,0.0,20,600,0.006930780737448017,-0.0345263009965599,0.029174062806120858,-4.981588987516121,0.981,-33.80881416457653,-1.6306653818871308,0.0008634758631167839,0.0013815613809868544
output-boba,tournament_k16_obs_rho1_look,gaussian,tournament,16.0,obs,1.0,look,cell,0.05,20.0,20,600,0.002573926727981019,-0.03144837077213593,0.029174062806120858,-12.218052064288537,0.798,,,0.000133514404296875,0.0005340576171875
output-boba,tournament_k16_obs_rho1_look,gaussian,tournament,16.0,obs,1.0,look,cell,0.25,0.0,20,600,0.049786948458824795,-0.029882310758950675,0.029174062806120858,-0.6002037016521345,1.0,-1.0592314882379306,-0.31411852265078394,0.00034155628132162525,0.0009108167501910006
output-boba,tournament_k16_obs_rho1_look,gaussian,tournament,16.0,obs,1.0,look,cell,0.25,20.0,20,600,0.032441606005650915,-0.024688371089586846,0.029174062806120858,-0.7610095223179286,1.0,-1.4653988424185824,-0.3185563392557086,0.0042209625244140625,0.005627950032552083
output-boba,tournament_k16_obs_rho1_look,gaussian,tournament,16.0,obs,1.0,look,cell,1.0,0.0,20,600,0.2561344386822541,-0.045254508897591174,0.029174062806120858,-0.17668264029786077,1.0,-0.26303530191701086,-0.09102162760306783,0.000850677490234375,0.0013815613809868544
output-boba,tournament_k16_obs_rho1_look,gaussian,tournament,16.0,obs,1.0,look,cell,1.0,20.0,20,600,0.12941445146457056,-0.01632964375032354,0.029174062806120858,-0.12618099111438155,1.0,-0.3251525539779758,0.027323885234574036,0.2305126190185547,0.2305126190185547
output-boba,tournament_k16_obs_rho1_look,gaussian,tournament,16.0,obs,1.0,look,cell,5.0,0.0,20,600,0.7731111054368147,0.02987604464464525,0.029174062806120858,0.03864392120944249,1.0,-0.02389453161270658,0.0956092456274146,0.20244979858398438,0.2305126190185547
output-boba,tournament_k16_obs_rho1_look,gaussian,tournament,16.0,obs,1.0,look,cell,5.0,20.0,20,600,0.5199289879562881,0.20253820432587716,0.029174062806120858,0.3895497443256715,1.0,0.2851932382330992,0.4856219881117131,3.62396240234375e-05,0.0002899169921875
output-boba,tournament_k16_obs_rho1_look,gaussian,tournament,16.0,obs,1.0,look,pooled,,,20,4800,0.221290280683729,0.006285592838171797,0.029174062806120858,0.028404287882644288,1.0,-0.0665184473703703,0.11375315641799909,0.5705966949462891,
output-boba,tournament_k16_obs_rho1_post,ar1,tournament,16.0,obs,1.0,post,cell,0.05,0.0,20,600,0.007283275356432553,-0.039672787026585686,0.04282180740911298,-5.447107940460726,0.949,,,0.031103769479907197,0.08294338527975252
output-boba,tournament_k16_obs_rho1_post,ar1,tournament,16.0,obs,1.0,post,cell,0.05,20.0,20,600,-0.0005775368818208183,-0.04586679026396322,0.04282180740911298,,0.475,,,0.017582795345746867,0.07033118138298747
output-boba,tournament_k16_obs_rho1_post,ar1,tournament,16.0,obs,1.0,post,cell,0.25,0.0,20,600,0.03825454149748255,-0.028112837687771064,0.04282180740911298,-0.7348888939009008,1.0,-1.7153554132428728,-0.17952444710631366,0.10746614473256638,0.2123626708984375
output-boba,tournament_k16_obs_rho1_post,ar1,tournament,16.0,obs,1.0,post,cell,0.25,20.0,20,600,0.022728479424807015,-0.036203632837484824,0.04282180740911298,-1.5928752716281733,1.0,-4.080308861678556,-0.4173141175909448,0.13272666931152344,0.2123626708984375
output-boba,tournament_k16_obs_rho1_post,ar1,tournament,16.0,obs,1.0,post,cell,1.0,0.0,20,600,0.20939594374896484,0.0015122653392289416,0.04282180740911298,0.007222037409864668,1.0,-0.13433051137110696,0.11654525935759254,0.36827659606933594,0.36827659606933594
output-boba,tournament_k16_obs_rho1_post,ar1,tournament,16.0,obs,1.0,post,cell,1.0,20.0,20,600,0.12514782730766216,0.013335713153562606,0.04282180740911298,0.10655968577687108,1.0,-0.1109501213784463,0.25914901973341997,0.21616744995117188,0.24704851422991073
output-boba,tournament_k16_obs_rho1_post,ar1,tournament,16.0,obs,1.0,post,cell,5.0,0.0,20,600,0.7264068798293957,0.044824110863062,0.04282180740911298,0.06170661664656785,1.0,-0.0025216105753289243,0.13019204483136165,0.21616744995117188,0.24704851422991073
output-boba,tournament_k16_obs_rho1_post,ar1,tournament,16.0,obs,1.0,post,cell,5.0,20.0,20,600,0.4553017321055197,0.0988205878238442,0.04282180740911298,0.21704417281009106,1.0,0.13304421693383492,0.2964966273033315,0.0003948211669921875,0.0031585693359375
output-boba,tournament_k16_obs_rho1_post,ar1,tournament,16.0,obs,1.0,post,pooled,,,20,4800,0.19799264279855544,0.0010795786704866153,0.04282180740911298,0.005452620133895662,1.0,-0.10605339278718941,0.09958102762250691,0.8694877624511719,
output-boba,tournament_k16_obs_rho1_post,bias,tournament,16.0,obs,1.0,post,cell,0.05,0.0,20,600,0.013395489962064456,-0.04036456207825182,0.04282180740911298,-3.0132949367707194,1.0,-6.548772343536049,-1.4094642607961656,0.006210256590449749,0.024841026361798996
output-boba,tournament_k16_obs_rho1_post,bias,tournament,16.0,obs,1.0,post,cell,0.05,20.0,20,600,0.008569131211679494,-0.04077696119280135,0.04282180740911298,-4.758587561038096,0.992,-23.54787592818148,-1.6240440932595996,0.040135536373545506,0.08027107274709101
output-boba,tournament_k16_obs_rho1_post,bias,tournament,16.0,obs,1.0,post,cell,0.25,0.0,20,600,0.04075634626349373,-0.03818442923292806,0.04282180740911298,-0.9368952993495054,1.0,-2.0118854748728787,-0.36724710478003975,0.02977446084184663,0.07939856224492435
output-boba,tournament_k16_obs_rho1_post,bias,tournament,16.0,obs,1.0,post,cell,0.25,20.0,20,600,0.03844830317953616,-0.029220327165244808,0.04282180740911298,-0.7599900320385822,1.0,-1.7101639228459702,-0.151834552041889,0.10539817810058594,0.1405309041341146
output-boba,tournament_k16_obs_rho1_post,bias,tournament,16.0,obs,1.0,post,cell,1.0,0.0,20,600,0.24778106004099362,-0.04032451892438752,0.04282180740911298,-0.16274253939230107,1.0,-0.22078662596852036,-0.099237141957403,0.0002613067626953125,0.0020904541015625
output-boba,tournament_k16_obs_rho1_post,bias,tournament,16.0,obs,1.0,post,cell,1.0,20.0,20,600,0.15642646108862632,0.0046871607895356965,0.04282180740911298,0.02996398919285209,1.0,-0.11414603888002857,0.15254421845093755,0.47490501403808594,0.5427485874720982
output-boba,tournament_k16_obs_rho1_post,bias,tournament,16.0,obs,1.0,post,cell,5.0,0.0,20,600,0.7380725752210011,0.036707916655975774,0.04282180740911298,0.04973483352227837,1.0,0.004007132769744447,0.09346516372787488,0.082550048828125,0.132080078125
output-boba,tournament_k16_obs_rho1_post,bias,tournament,16.0,obs,1.0,post,cell,5.0,20.0,20,600,0.5685229542516816,0.0018841802264742441,0.04282180740911298,0.003314167374216748,1.0,-0.07929867064179559,0.07688497150664377,0.9854354858398438,0.9854354858398438
output-boba,tournament_k16_obs_rho1_post,bias,tournament,16.0,obs,1.0,post,pooled,,,20,4800,0.22649654015238457,-0.018198942615203474,0.04282180740911298,-0.08034975988136248,1.0,-0.16909611819037382,0.0030386940691406183,0.1230926513671875,
output-boba,tournament_k16_obs_rho1_post,drift,tournament,16.0,obs,1.0,post,cell,0.05,0.0,20,600,0.007546259012326475,-0.038140701670996154,0.04282180740911298,-5.054252923030475,0.986,-20.530970820822233,-2.068665776526573,0.02422372469374016,0.04844744938748032
output-boba,tournament_k16_obs_rho1_post,drift,tournament,16.0,obs,1.0,post,cell,0.05,20.0,20,600,0.005545591729968432,-0.03972028769423015,0.04282180740911298,-7.162497642872145,0.993,-34.13665431454693,-2.2786704142557106,0.040135536373545506,0.05873870849609375
output-boba,tournament_k16_obs_rho1_post,drift,tournament,16.0,obs,1.0,post,cell,0.25,0.0,20,600,0.04441843487071276,-0.04144978857978841,0.04282180740911298,-0.9331663463702609,1.0,-1.8067390026800507,-0.4140478998248772,0.0023250579833984375,0.006200154622395833
output-boba,tournament_k16_obs_rho1_post,drift,tournament,16.0,obs,1.0,post,cell,0.25,20.0,20,600,0.03700249218932726,-0.02298580542820814,0.04282180740911298,-0.6211961429678514,1.0,-1.6980555043322036,-0.03124438425403464,0.24548721313476562,0.24548721313476562
output-boba,tournament_k16_obs_rho1_post,drift,tournament,16.0,obs,1.0,post,cell,1.0,0.0,20,600,0.25418753076862133,-0.03707223131362035,0.04282180740911298,-0.14584598702194404,1.0,-0.2366164178962595,-0.06761920231470621,0.0019855499267578125,0.006200154622395833
output-boba,tournament_k16_obs_rho1_post,drift,tournament,16.0,obs,1.0,post,cell,1.0,20.0,20,600,0.16046191077310898,0.02111731137845712,0.04282180740911298,0.13160326507838185,1.0,0.004231674953249894,0.24111176642822227,0.04405403137207031,0.05873870849609375
output-boba,tournament_k16_obs_rho1_post,drift,tournament,16.0,obs,1.0,post,cell,5.0,0.0,20,600,0.7552009810904712,0.03570236783188956,0.04282180740911298,0.047275319717325036,1.0,-0.016179810722410447,0.10671404622118975,0.2305126190185547,0.24548721313476562
output-boba,tournament_k16_obs_rho1_post,drift,tournament,16.0,obs,1.0,post,cell,5.0,20.0,20,600,0.6408456819973191,0.20756864087197896,0.04282180740911298,0.3238980096191821,1.0,0.23935544052204036,0.4129711400088781,5.7220458984375e-06,4.57763671875e-05
output-boba,tournament_k16_obs_rho1_post,drift,tournament,16.0,obs,1.0,post,pooled,,,20,4800,0.2381511103039819,0.010627438174435304,0.04282180740911298,0.044624768538220054,1.0,-0.0479122911994784,0.13627041406417112,0.34881019592285156,
output-boba,tournament_k16_obs_rho1_post,gaussian,tournament,16.0,obs,1.0,post,cell,0.05,0.0,20,600,0.006930780737448017,-0.046339026335480434,0.04282180740911298,-6.685974941481547,0.981,-42.12697148074906,-2.207552767134138,0.004337022178897667,0.012928442886709177
output-boba,tournament_k16_obs_rho1_post,gaussian,tournament,16.0,obs,1.0,post,cell,0.05,20.0,20,600,0.002573926727981019,-0.04617274011572558,0.04282180740911298,-17.9386381180879,0.798,,,0.004848166082515941,0.012928442886709177
output-boba,tournament_k16_obs_rho1_post,gaussian,tournament,16.0,obs,1.0,post,cell,0.25,0.0,20,600,0.049786948458824795,-0.028486300305021396,0.04282180740911298,-0.5721640146027501,1.0,-1.1113795998343052,-0.17131197811683432,0.10746614473256638,0.182379150390625
output-boba,tournament_k16_obs_rho1_post,gaussian,tournament,16.0,obs,1.0,post,cell,0.25,20.0,20,600,0.032441606005650915,-0.024745701087000395,0.04282180740911298,-0.7627766973894575,1.0,-1.6603032903402226,-0.1748995940395156,0.20244979858398438,0.2699330647786458
output-boba,tournament_k16_obs_rho1_post,gaussian,tournament,16.0,obs,1.0,post,cell,1.0,0.0,20,600,0.2561344386822541,-0.015313500800338154,0.04282180740911298,-0.059786965310569644,1.0,-0.15793225104817468,0.038567297424839865,0.26109886169433594,0.29839869907924105
output-boba,tournament_k16_obs_rho1_post,gaussian,tournament,16.0,obs,1.0,post,cell,1.0,20.0,20,600,0.12941445146457056,-0.002321596973128986,0.04282180740911298,-0.017939240531916662,1.0,-0.22074382261493436,0.14439960195993937,1.0,1.0
output-boba,tournament_k16_obs_rho1_post,gaussian,tournament,16.0,obs,1.0,post,cell,5.0,0.0,20,600,0.7731111054368147,0.04409245380038458,0.04282180740911298,0.05703249311814238,1.0,-0.014246208710816163,0.13430945679117867,0.11398696899414062,0.182379150390625
output-boba,tournament_k16_obs_rho1_post,gaussian,tournament,16.0,obs,1.0,post,cell,5.0,20.0,20,600,0.5199289879562881,0.13292712728535672,0.04282180740911298,0.25566400482469787,1.0,0.16349792170303915,0.3318567896423091,5.7220458984375e-06,4.57763671875e-05
output-boba,tournament_k16_obs_rho1_post,gaussian,tournament,16.0,obs,1.0,post,pooled,,,20,4800,0.221290280683729,0.0017050894336307957,0.04282180740911298,0.007705216100601057,1.0,-0.0951932622012527,0.10732318989245336,0.8983173370361328,
output-boba,tournament_k20_lcb_rho0.5_look,ar1,tournament,20.0,lcb,0.5,look,cell,0.05,0.0,20,600,0.007283275356432553,-0.04124454243716717,0.043746098985493295,-5.6629113165054505,0.949,,,0.008418773595809824,0.01683754719161965
output-boba,tournament_k20_lcb_rho0.5_look,ar1,tournament,20.0,lcb,0.5,look,cell,0.05,20.0,20,600,-0.0005775368818208183,-0.046850663534404195,0.043746098985493295,,0.475,,,0.0072956085205078125,0.01683754719161965
output-boba,tournament_k20_lcb_rho0.5_look,ar1,tournament,20.0,lcb,0.5,look,cell,0.25,0.0,20,600,0.03825454149748255,-0.0319164191718561,0.043746098985493295,-0.8343171273914354,1.0,-2.1352578802875843,-0.17225101924724626,0.07015661401800452,0.09354215202400602
output-boba,tournament_k20_lcb_rho0.5_look,ar1,tournament,20.0,lcb,0.5,look,cell,0.25,20.0,20,600,0.022728479424807015,-0.03383655627314126,0.043746098985493295,-1.488729432388263,1.0,-4.004398200323522,-0.3491308918071847,0.04844093322753906,0.0775054931640625
output-boba,tournament_k20_lcb_rho0.5_look,ar1,tournament,20.0,lcb,0.5,look,cell,1.0,0.0,20,600,0.20939594374896484,0.008018959562317938,0.043746098985493295,0.03829567764660952,1.0,-0.12752567075115143,0.1587314461772761,0.10539817810058594,0.10539817810058594
output-boba,tournament_k20_lcb_rho0.5_look,ar1,tournament,20.0,lcb,0.5,look,cell,1.0,20.0,20,600,0.12514782730766216,0.022644210134699437,0.043746098985493295,0.18093969844982716,1.0,-0.08740483551058684,0.3714013147047986,0.082550048828125,0.09434291294642858
output-boba,tournament_k20_lcb_rho0.5_look,ar1,tournament,20.0,lcb,0.5,look,cell,5.0,0.0,20,600,0.7264068798293957,0.17182228055751145,0.043746098985493295,0.23653724287119324,1.0,0.16493533279364322,0.3117718481929555,3.814697265625e-06,2.288818359375e-05
output-boba,tournament_k20_lcb_rho0.5_look,ar1,tournament,20.0,lcb,0.5,look,cell,5.0,20.0,20,600,0.4553017321055197,0.21446089559447676,0.043746098985493295,0.4710302651446399,1.0,0.3868542588345534,0.5620793708675955,5.7220458984375e-06,2.288818359375e-05
output-boba,tournament_k20_lcb_rho0.5_look,ar1,tournament,20.0,lcb,0.5,look,pooled,,,20,4800,0.19799264279855544,0.03288727055405462,0.043746098985493295,0.16610349803510258,1.0,0.0271220616038699,0.2823441457351104,0.01923370361328125,
output-boba,tournament_k20_lcb_rho0.5_look,bias,tournament,20.0,lcb,0.5,look,cell,0.05,0.0,20,600,0.013395489962064456,-0.040501709788033934,0.043746098985493295,-3.02353328640709,1.0,-6.402812487928626,-1.4304514649366618,0.0025431154240612964,0.006781641130830123
output-boba,tournament_k20_lcb_rho0.5_look,bias,tournament,20.0,lcb,0.5,look,cell,0.05,20.0,20,600,0.008569131211679494,-0.03536654569177205,0.043746098985493295,-4.127203192263925,0.992,-17.182527264246996,-1.6963005691568793,0.040135536373545506,0.05351404849806068
output-boba,tournament_k20_lcb_rho0.5_look,bias,tournament,20.0,lcb,0.5,look,cell,0.25,0.0,20,600,0.04075634626349373,-0.0524329059558418,0.043746098985493295,-1.2864967241385667,1.0,-2.590633561589256,-0.6098367692685264,0.0011156286211977205,0.004462514484790882
output-boba,tournament_k20_lcb_rho0.5_look,bias,tournament,20.0,lcb,0.5,look,cell,0.25,20.0,20,600,0.03844830317953616,-0.02361579417852882,0.043746098985493295,-0.6142220130821836,1.0,-1.6808197239590408,0.007354221349942224,0.2305126190185547,0.2634429931640625
output-boba,tournament_k20_lcb_rho0.5_look,bias,tournament,20.0,lcb,0.5,look,cell,1.0,0.0,20,600,0.24778106004099362,-0.007051901939318622,0.043746098985493295,-0.028460213779664737,1.0,-0.1422188238491434,0.07287924922069927,0.956329345703125,0.956329345703125
output-boba,tournament_k20_lcb_rho0.5_look,bias,tournament,20.0,lcb,0.5,look,cell,1.0,20.0,20,600,0.15642646108862632,0.03357798094113544,0.043746098985493295,0.21465665532196124,1.0,0.04529585141882118,0.3533347594960437,0.012079238891601562,0.0193267822265625
output-boba,tournament_k20_lcb_rho0.5_look,bias,tournament,20.0,lcb,0.5,look,cell,5.0,0.0,20,600,0.7380725752210011,0.08030354192951536,0.043746098985493295,0.10880168783600998,1.0,0.04078858109996774,0.17787241261035888,0.009435653686523438,0.018871307373046875
output-boba,tournament_k20_lcb_rho0.5_look,bias,tournament,20.0,lcb,0.5,look,cell,5.0,20.0,20,600,0.5685229542516816,0.26455762157207435,0.043746098985493295,0.46534202285692816,1.0,0.37039340416377675,0.5513687965122107,3.814697265625e-06,3.0517578125e-05
output-boba,tournament_k20_lcb_rho0.5_look,bias,tournament,20.0,lcb,0.5,look,pooled,,,20,4800,0.22649654015238457,0.027433785861153765,0.043746098985493295,0.12112231755371006,1.0,0.009297737969701212,0.22240507627682315,0.039989471435546875,
output-boba,tournament_k20_lcb_rho0.5_look,drift,tournament,20.0,lcb,0.5,look,cell,0.05,0.0,20,600,0.007546259012326475,-0.04060501932146765,0.043746098985493295,-5.380814421442621,0.986,-20.916051545931047,-2.292953678120346,0.004848166082515941,0.009696332165031882
output-boba,tournament_k20_lcb_rho0.5_look,drift,tournament,20.0,lcb,0.5,look,cell,0.05,20.0,20,600,0.005545591729968432,-0.03973622875593219,0.043746098985493295,-7.165372189445036,0.993,-33.01922866044902,-2.3272886574899383,0.017181396484375,0.022908528645833332
output-boba,tournament_k20_lcb_rho0.5_look,drift,tournament,20.0,lcb,0.5,look,cell,0.25,0.0,20,600,0.04441843487071276,-0.042854611882483136,0.043746098985493295,-0.964793379307907,1.0,-1.679836086194465,-0.4827024215336755,0.0004825592041015625,0.00193023681640625
output-boba,tournament_k20_lcb_rho0.5_look,drift,tournament,20.0,lcb,0.5,look,cell,0.25,20.0,20,600,0.03700249218932726,-0.02277920326308417,0.043746098985493295,-0.6156126767497688,1.0,-1.6215285359034377,-0.047186538022933135,0.11398696899414062,0.13027082170758927
output-boba,tournament_k20_lcb_rho0.5_look,drift,tournament,20.0,lcb,0.5,look,cell,1.0,0.0,20,600,0.25418753076862133,-0.019248517954255962,0.043746098985493295,-0.07572565773014753,1.0,-0.18982194815170103,0.035721077574294664,0.24548721313476562,0.24548721313476562
output-boba,tournament_k20_lcb_rho0.5_look,drift,tournament,20.0,lcb,0.5,look,cell,1.0,20.0,20,600,0.16046191077310898,0.03531269218614868,0.043746098985493295,0.22006899965238705,1.0,0.05675809194524252,0.3472005686257058,0.013616561889648438,0.0217864990234375
output-boba,tournament_k20_lcb_rho0.5_look,drift,tournament,20.0,lcb,0.5,look,cell,5.0,0.0,20,600,0.7552009810904712,0.11602494543076061,0.043746098985493295,0.1536345268821375,1.0,0.07293118371462938,0.22537728437188903,0.002712249755859375,0.007232666015625
output-boba,tournament_k20_lcb_rho0.5_look,drift,tournament,20.0,lcb,0.5,look,cell,5.0,20.0,20,600,0.6408456819973191,0.3458534916276403,0.043746098985493295,0.539682955418723,1.0,0.4456725002777595,0.6230476201171261,3.814697265625e-06,3.0517578125e-05
output-boba,tournament_k20_lcb_rho0.5_look,drift,tournament,20.0,lcb,0.5,look,pooled,,,20,4800,0.2381511103039819,0.041495943508415824,0.043746098985493295,0.1742420745191966,1.0,0.06676158623726901,0.2704655817198049,0.009435653686523438,
output-boba,tournament_k20_lcb_rho0.5_look,gaussian,tournament,20.0,lcb,0.5,look,cell,0.05,0.0,20,600,0.006930780737448017,-0.04580465668751698,0.043746098985493295,-6.6088740104022845,0.981,-47.59011427684169,-1.8448694600229263,0.007907736601400244,0.01265237856224039
output-boba,tournament_k20_lcb_rho0.5_look,gaussian,tournament,20.0,lcb,0.5,look,cell,0.05,20.0,20,600,0.002573926727981019,-0.04252220489651983,0.043746098985493295,-16.520363394289056,0.798,,,0.004848166082515941,0.009696332165031882
output-boba,tournament_k20_lcb_rho0.5_look,gaussian,tournament,20.0,lcb,0.5,look,cell,0.25,0.0,20,600,0.049786948458824795,-0.03308199646697161,0.043746098985493295,-0.6644712618675827,1.0,-1.3378832153042368,-0.24916943097964828,0.002902103448847165,0.007738942530259106
output-boba,tournament_k20_lcb_rho0.5_look,gaussian,tournament,20.0,lcb,0.5,look,cell,0.25,20.0,20,600,0.032441606005650915,-0.02886727291732085,0.043746098985493295,-0.8898225603347917,1.0,-1.8584439278009761,-0.2806654853723601,0.06372261047363281,0.07282584054129464
output-boba,tournament_k20_lcb_rho0.5_look,gaussian,tournament,20.0,lcb,0.5,look,cell,1.0,0.0,20,600,0.2561344386822541,-0.018402683594443834,0.043746098985493295,-0.07184775186468838,1.0,-0.1965691940354178,0.03405643039677399,0.47490501403808594,0.47490501403808594
output-boba,tournament_k20_lcb_rho0.5_look,gaussian,tournament,20.0,lcb,0.5,look,cell,1.0,20.0,20,600,0.12941445146457056,0.012049551508588227,0.043746098985493295,0.09310823769853091,1.0,-0.10182781373200112,0.23360173713855906,0.06372261047363281,0.07282584054129464
output-boba,tournament_k20_lcb_rho0.5_look,gaussian,tournament,20.0,lcb,0.5,look,cell,5.0,0.0,20,600,0.7731111054368147,0.12007086177499918,0.043746098985493295,0.155308675468008,1.0,0.06970065365528949,0.2425342454565679,0.0019855499267578125,0.007738942530259106
output-boba,tournament_k20_lcb_rho0.5_look,gaussian,tournament,20.0,lcb,0.5,look,cell,5.0,20.0,20,600,0.5199289879562881,0.21058968331056876,0.043746098985493295,0.4050354725139381,1.0,0.30253606714408793,0.5023821006795485,1.33514404296875e-05,0.0001068115234375
output-boba,tournament_k20_lcb_rho0.5_look,gaussian,tournament,20.0,lcb,0.5,look,pooled,,,20,4800,0.221290280683729,0.021753910253922884,0.043746098985493295,0.09830486086740457,1.0,-0.02881010411487686,0.21234765314820994,0.082550048828125,
output-boba,tournament_k20_lcb_rho0.5_post,ar1,tournament,20.0,lcb,0.5,post,cell,0.05,0.0,20,600,0.007283275356432553,-0.051533286080359196,0.05761716156233854,-7.07556470933716,0.949,,,0.008418773595809824,0.01683754719161965
output-boba,tournament_k20_lcb_rho0.5_post,ar1,tournament,20.0,lcb,0.5,post,cell,0.05,20.0,20,600,-0.0005775368818208183,-0.06422222677811351,0.05761716156233854,,0.475,,,0.006210256590449749,0.01656068424119933
output-boba,tournament_k20_lcb_rho0.5_post,ar1,tournament,20.0,lcb,0.5,post,cell,0.25,0.0,20,600,0.03825454149748255,-0.04607936768999117,0.05761716156233854,-1.2045463332248683,1.0,-2.937917781350692,-0.34000361523483075,0.06414936248047728,0.08553248330730305
output-boba,tournament_k20_lcb_rho0.5_post,ar1,tournament,20.0,lcb,0.5,post,cell,0.25,20.0,20,600,0.022728479424807015,-0.04816400104842133,0.05761716156233854,-2.1191035329821797,1.0,-5.561914517713502,-0.6238589872333691,0.058258056640625,0.08553248330730305
output-boba,tournament_k20_lcb_rho0.5_post,ar1,tournament,20.0,lcb,0.5,post,cell,1.0,0.0,20,600,0.20939594374896484,-0.013456553829674612,0.05761716156233854,-0.06426367955726522,1.0,-0.2319937642100249,0.06977190217749123,0.8694877624511719,0.8694877624511719
output-boba,tournament_k20_lcb_rho0.5_post,ar1,tournament,20.0,lcb,0.5,post,cell,1.0,20.0,20,600,0.12514782730766216,0.0008421575179144228,0.05761716156233854,0.006729301946601687,1.0,-0.30305426087286697,0.23096010703728206,0.7841262817382812,0.8694877624511719
output-boba,tournament_k20_lcb_rho0.5_post,ar1,tournament,20.0,lcb,0.5,post,cell,5.0,0.0,20,600,0.7264068798293957,0.0838975449067946,0.05761716156233854,0.1154966276289933,1.0,0.06790073343004613,0.1640103214015616,4.76837158203125e-05,0.00032806396484375
output-boba,tournament_k20_lcb_rho0.5_post,ar1,tournament,20.0,lcb,0.5,post,cell,5.0,20.0,20,600,0.4553017321055197,0.13835853017263192,0.05761716156233854,0.303883162343354,1.0,0.21954795179593728,0.3783580728402184,8.20159912109375e-05,0.00032806396484375
output-boba,tournament_k20_lcb_rho0.5_post,ar1,tournament,20.0,lcb,0.5,post,pooled,,,20,4800,0.19799264279855544,-4.465035365236805e-05,0.05761716156233854,-0.00022551521622849827,1.0,-0.1480841065342531,0.12510608004045637,0.9272785186767578,
output-boba,tournament_k20_lcb_rho0.5_post,bias,tournament,20.0,lcb,0.5,post,cell,0.05,0.0,20,600,0.013395489962064456,-0.05602654218286225,0.05761716156233854,-4.182492939155447,1.0,-9.226973580757639,-1.994198256524191,0.0037622518256999957,0.030098014605599965
output-boba,tournament_k20_lcb_rho0.5_post,bias,tournament,20.0,lcb,0.5,post,cell,0.05,20.0,20,600,0.008569131211679494,-0.04995024073601796,0.05761716156233854,-5.829090429603545,0.992,-27.921812231512185,-2.2159851464553264,0.02422372469374016,0.04844744938748032
output-boba,tournament_k20_lcb_rho0.5_post,bias,tournament,20.0,lcb,0.5,post,cell,0.25,0.0,20,600,0.04075634626349373,-0.05954877146366355,0.05761716156233854,-1.4610919997262504,1.0,-3.01875069778807,-0.6366273141317341,0.007907736601400244,0.031630946405600976
output-boba,tournament_k20_lcb_rho0.5_post,bias,tournament,20.0,lcb,0.5,post,cell,0.25,20.0,20,600,0.03844830317953616,-0.03693322213453047,0.05761716156233854,-0.9605943326567379,1.0,-2.2133480100151073,-0.15254713884035373,0.1230926513671875,0.1969482421875
output-boba,tournament_k20_lcb_rho0.5_post,bias,tournament,20.0,lcb,0.5,post,cell,1.0,0.0,20,600,0.24778106004099362,-0.020989453206465752,0.05761716156233854,-0.08470967556193841,1.0,-0.1875198689716987,0.01794956165300262,0.17685317993164062,0.23580423990885416
output-boba,tournament_k20_lcb_rho0.5_post,bias,tournament,20.0,lcb,0.5,post,cell,1.0,20.0,20,600,0.15642646108862632,0.010546288903613754,0.05761716156233854,0.06742010801892756,1.0,-0.11187003039850738,0.21684113042789968,0.2305126190185547,0.2634429931640625
output-boba,tournament_k20_lcb_rho0.5_post,bias,tournament,20.0,lcb,0.5,post,cell,5.0,0.0,20,600,0.7380725752210011,0.06646146145089378,0.05761716156233854,0.09004732553704928,1.0,0.03377236632837726,0.14500538087153425,0.017181396484375,0.045817057291666664
output-boba,tournament_k20_lcb_rho0.5_post,bias,tournament,20.0,lcb,0.5,post,cell,5.0,20.0,20,600,0.5685229542516816,0.020123420013319886,0.05761716156233854,0.035395967502855424,1.0,-0.06424450554825585,0.11628128696367426,0.5216732025146484,0.5216732025146484
output-boba,tournament_k20_lcb_rho0.5_post,bias,tournament,20.0,lcb,0.5,post,pooled,,,20,4800,0.22649654015238457,-0.015789632419464062,0.05761716156233854,-0.0697124662868623,1.0,-0.18532602384431018,0.03630400066263403,0.3117942810058594,
output-boba,tournament_k20_lcb_rho0.5_post,drift,tournament,20.0,lcb,0.5,post,cell,0.05,0.0,20,600,0.007546259012326475,-0.055151594260242784,0.05761716156233854,-7.308468231762935,0.986,-28.37824043608521,-3.0819829612019,0.008903385115881386,0.014245416185410217
output-boba,tournament_k20_lcb_rho0.5_post,drift,tournament,20.0,lcb,0.5,post,cell,0.05,20.0,20,600,0.005545591729968432,-0.050517561900782645,0.05761716156233854,-9.109498924665738,0.993,-41.189039406638855,-3.141151846732189,0.040135536373545506,0.05351404849806068
output-boba,tournament_k20_lcb_rho0.5_post,drift,tournament,20.0,lcb,0.5,post,cell,0.25,0.0,20,600,0.04441843487071276,-0.05654645032327643,0.05761716156233854,-1.2730401349769365,1.0,-2.414150654835753,-0.577533219266657,0.0023250579833984375,0.006200154622395833
output-boba,tournament_k20_lcb_rho0.5_post,drift,tournament,20.0,lcb,0.5,post,cell,0.25,20.0,20,600,0.03700249218932726,-0.033403717069507316,0.05761716156233854,-0.9027423585036808,1.0,-2.2166135418541435,-0.14497681890946673,0.10539817810058594,0.10539817810058594
output-boba,tournament_k20_lcb_rho0.5_post,drift,tournament,20.0,lcb,0.5,post,cell,1.0,0.0,20,600,0.25418753076862133,-0.04064482992478589,0.05761716156233854,-0.15990095895688747,1.0,-0.2767876597589873,-0.050898002624125915,0.006389617919921875,0.01277923583984375
output-boba,tournament_k20_lcb_rho0.5_post,drift,tournament,20.0,lcb,0.5,post,cell,1.0,20.0,20,600,0.16046191077310898,0.021886308099983813,0.05761716156233854,0.13639565922239805,1.0,-0.038765871446918954,0.28266631705469236,0.09730720520019531,0.10539817810058594
output-boba,tournament_k20_lcb_rho0.5_post,drift,tournament,20.0,lcb,0.5,post,cell,5.0,0.0,20,600,0.7552009810904712,0.08452601104982532,0.05761716156233854,0.11192518702474953,1.0,0.05525405235657721,0.17141725173286243,0.000850677490234375,0.0034027099609375
output-boba,tournament_k20_lcb_rho0.5_post,drift,tournament,20.0,lcb,0.5,post,cell,5.0,20.0,20,600,0.6408456819973191,0.2434718711658827,0.05761716156233854,0.37992277705149813,1.0,0.30625174364146684,0.4422413981513748,9.5367431640625e-06,7.62939453125e-05
output-boba,tournament_k20_lcb_rho0.5_post,drift,tournament,20.0,lcb,0.5,post,pooled,,,20,4800,0.2381511103039819,0.014202504604637095,0.05761716156233854,0.059636524837145086,1.0,-0.04949587716947687,0.16079916877651548,0.36827659606933594,
output-boba,tournament_k20_lcb_rho0.5_post,gaussian,tournament,20.0,lcb,0.5,post,cell,0.05,0.0,20,600,0.006930780737448017,-0.06118285048135978,0.05761716156233854,-8.827699619868211,0.981,-56.292033886199256,-2.800397674495111,0.006490832494560188,0.025963329978240753
output-boba,tournament_k20_lcb_rho0.5_post,gaussian,tournament,20.0,lcb,0.5,post,cell,0.05,20.0,20,600,0.002573926727981019,-0.05936168527850414,0.05761716156233854,-23.062694300185957,0.798,,,0.02977446084184663,0.05954892168369326
output-boba,tournament_k20_lcb_rho0.5_post,gaussian,tournament,20.0,lcb,0.5,post,cell,0.25,0.0,20,600,0.049786948458824795,-0.044813345718889244,0.05761716156233854,-0.9001022779283439,1.0,-1.6912331521072244,-0.33178400262269847,0.0442084385246971,0.07073350163951536
output-boba,tournament_k20_lcb_rho0.5_post,gaussian,tournament,20.0,lcb,0.5,post,cell,0.25,20.0,20,600,0.032441606005650915,-0.03888361985096593,0.05761716156233854,-1.1985725936068916,1.0,-2.47610978089418,-0.3598461799027623,0.15364646911621094,0.2048619588216146
output-boba,tournament_k20_lcb_rho0.5_post,gaussian,tournament,20.0,lcb,0.5,post,cell,1.0,0.0,20,600,0.2561344386822541,-0.023569210777944542,0.05761716156233854,-0.09201890577152404,1.0,-0.222796375817865,0.0346192357616254,0.34881019592285156,0.34881019592285156
output-boba,tournament_k20_lcb_rho0.5_post,gaussian,tournament,20.0,lcb,0.5,post,cell,1.0,20.0,20,600,0.12941445146457056,0.008820231799195296,0.05761716156233854,0.06815492164420282,1.0,-0.1782057204037068,0.2623971385465759,0.3299827575683594,0.34881019592285156
output-boba,tournament_k20_lcb_rho0.5_post,gaussian,tournament,20.0,lcb,0.5,post,cell,5.0,0.0,20,600,0.7731111054368147,0.07614185020174749,0.05761716156233854,0.09848759080847333,1.0,0.028078499541685835,0.17760101100344586,0.017181396484375,0.045817057291666664
output-boba,tournament_k20_lcb_rho0.5_post,gaussian,tournament,20.0,lcb,0.5,post,cell,5.0,20.0,20,600,0.5199289879562881,0.18083626477800097,0.05761716156233854,0.34780954508580775,1.0,0.23580041132818938,0.46035841954916595,2.6702880859375e-05,0.000213623046875
output-boba,tournament_k20_lcb_rho0.5_post,gaussian,tournament,20.0,lcb,0.5,post,pooled,,,20,4800,0.221290280683729,0.004748454333910019,0.05761716156233854,0.021458033851457635,1.0,-0.12167450706947852,0.14830847400822317,0.7561664581298828,
output-boba,tournament_k20_lcb_rho1_look,ar1,tournament,20.0,lcb,1.0,look,cell,0.05,0.0,20,600,0.007283275356432553,-0.04281327729061374,0.043746098985493295,-5.878299967445452,0.949,,,0.0014771661952373803,0.003939109853966348
output-boba,tournament_k20_lcb_rho1_look,ar1,tournament,20.0,lcb,1.0,look,cell,0.05,20.0,20,600,-0.0005775368818208183,-0.048788790387539686,0.043746098985493295,,0.475,,,1.9073486328125e-05,0.00014495849609375
output-boba,tournament_k20_lcb_rho1_look,ar1,tournament,20.0,lcb,1.0,look,cell,0.25,0.0,20,600,0.03825454149748255,-0.043122110895225836,0.043746098985493295,-1.1272416086352417,1.0,-2.5250070306683865,-0.4442168848907535,0.002902103448847165,0.00580420689769433
output-boba,tournament_k20_lcb_rho1_look,ar1,tournament,20.0,lcb,1.0,look,cell,0.25,20.0,20,600,0.022728479424807015,-0.041416015304665973,0.043746098985493295,-1.822207923837722,1.0,-4.471435660109728,-0.6370765746987049,0.005580902099609375,0.007441202799479167
output-boba,tournament_k20_lcb_rho1_look,ar1,tournament,20.0,lcb,1.0,look,cell,1.0,0.0,20,600,0.20939594374896484,-0.02876806344119357,0.043746098985493295,-0.1373859632910668,1.0,-0.2978218517568266,-0.021398464398431384,0.039989471435546875,0.04570225306919643
output-boba,tournament_k20_lcb_rho1_look,ar1,tournament,20.0,lcb,1.0,look,cell,1.0,20.0,20,600,0.12514782730766216,-0.008311989222305888,0.043746098985493295,-0.06641736737364028,1.0,-0.32506285675982294,0.1335303581676301,0.6476554870605469,0.6476554870605469
output-boba,tournament_k20_lcb_rho1_look,ar1,tournament,20.0,lcb,1.0,look,cell,5.0,0.0,20,600,0.7264068798293957,0.07134515454046526,0.043746098985493295,0.09821651820976893,1.0,0.03580244546580612,0.16310853440340048,0.00485992431640625,0.007441202799479167
output-boba,tournament_k20_lcb_rho1_look,ar1,tournament,20.0,lcb,1.0,look,cell,5.0,20.0,20,600,0.4553017321055197,0.15515408811550682,0.043746098985493295,0.3407720137544934,1.0,0.24295428866333454,0.43924006543284866,3.62396240234375e-05,0.00014495849609375
output-boba,tournament_k20_lcb_rho1_look,ar1,tournament,20.0,lcb,1.0,look,pooled,,,20,4800,0.19799264279855544,0.0016598745143034145,0.043746098985493295,0.008383516128890852,1.0,-0.12097831323417592,0.11438306647041294,0.7285060882568359,
output-boba,tournament_k20_lcb_rho1_look,bias,tournament,20.0,lcb,1.0,look,cell,0.05,0.0,20,600,0.013395489962064456,-0.042523774612091225,0.043746098985493295,-3.1744844520444584,1.0,-6.660420612538737,-1.5775280921494121,0.0001318338889828333,0.0002636677779656666
output-boba,tournament_k20_lcb_rho1_look,bias,tournament,20.0,lcb,1.0,look,cell,0.05,20.0,20,600,0.008569131211679494,-0.037908025035106395,0.043746098985493295,-4.423788608049178,0.992,-18.093448709265665,-2.0294070493031637,0.0019440584341867799,0.0031104934946988476
output-boba,tournament_k20_lcb_rho1_look,bias,tournament,20.0,lcb,1.0,look,cell,0.25,0.0,20,600,0.04075634626349373,-0.06658455986030189,0.043746098985493295,-1.633722498818374,1.0,-3.0139930539869564,-0.9470140327133882,9.5367431640625e-06,7.62939453125e-05
output-boba,tournament_k20_lcb_rho1_look,bias,tournament,20.0,lcb,1.0,look,cell,0.25,20.0,20,600,0.03844830317953616,-0.03456410756191284,0.043746098985493295,-0.8989761498840173,1.0,-1.9924945855358327,-0.25039858496723383,0.029575347900390625,0.039433797200520836
output-boba,tournament_k20_lcb_rho1_look,bias,tournament,20.0,lcb,1.0,look,cell,1.0,0.0,20,600,0.24778106004099362,-0.06787199847260177,0.043746098985493295,-0.27391923523683703,1.0,-0.3604245942343514,-0.18184983197228852,8.20159912109375e-05,0.00021870930989583334
output-boba,tournament_k20_lcb_rho1_look,bias,tournament,20.0,lcb,1.0,look,cell,1.0,20.0,20,600,0.15642646108862632,-0.009824626432982304,0.043746098985493295,-0.062806678388102,1.0,-0.22496769049559254,0.08151179717083892,0.5216732025146484,0.5958194732666016
output-boba,tournament_k20_lcb_rho1_look,bias,tournament,20.0,lcb,1.0,look,cell,5.0,0.0,20,600,0.7380725752210011,0.0018501122788750573,0.043746098985493295,0.0025066806991454436,1.0,-0.07030004353789636,0.07961804672653269,0.5958194732666016,0.5958194732666016
output-boba,tournament_k20_lcb_rho1_look,bias,tournament,20.0,lcb,1.0,look,cell,5.0,20.0,20,600,0.5685229542516816,0.2017326512028721,0.043746098985493295,0.35483642251244313,1.0,0.24002249161210898,0.45373736090511896,4.76837158203125e-05,0.00019073486328125
output-boba,tournament_k20_lcb_rho1_look,bias,tournament,20.0,lcb,1.0,look,pooled,,,20,4800,0.22649654015238457,-0.006961791061656145,0.043746098985493295,-0.0307368538917739,1.0,-0.1357877003698206,0.07103558298363938,0.49800872802734375,
output-boba,tournament_k20_lcb_rho1_look,drift,tournament,20.0,lcb,1.0,look,cell,0.05,0.0,20,600,0.007546259012326475,-0.04219735218239789,0.043746098985493295,-5.591823990333543,0.986,-21.565107755958856,-2.514575964937288,0.000624865006410599,0.0008331533418807986
output-boba,tournament_k20_lcb_rho1_look,drift,tournament,20.0,lcb,1.0,look,cell,0.05,20.0,20,600,0.005545591729968432,-0.04221708356875954,0.043746098985493295,-7.61272838399156,0.993,-34.11700365782869,-2.7792442941604825,1.33514404296875e-05,5.340576171875e-05
output-boba,tournament_k20_lcb_rho1_look,drift,tournament,20.0,lcb,1.0,look,cell,0.25,0.0,20,600,0.04441843487071276,-0.05854720964552429,0.043746098985493295,-1.318083579845523,1.0,-2.0509287520476964,-0.8588222453975267,1.9073486328125e-06,1.52587890625e-05
output-boba,tournament_k20_lcb_rho1_look,drift,tournament,20.0,lcb,1.0,look,cell,0.25,20.0,20,600,0.03700249218932726,-0.03848443010143287,0.043746098985493295,-1.0400496783979607,1.0,-2.100947729194007,-0.46188484092990595,0.0003948211669921875,0.0006317138671875
output-boba,tournament_k20_lcb_rho1_look,drift,tournament,20.0,lcb,1.0,look,cell,1.0,0.0,20,600,0.25418753076862133,-0.06930731908847929,0.043746098985493295,-0.272662151754279,1.0,-0.3812512157358525,-0.17604362195014042,2.6702880859375e-05,7.120768229166667e-05
output-boba,tournament_k20_lcb_rho1_look,drift,tournament,20.0,lcb,1.0,look,cell,1.0,20.0,20,600,0.16046191077310898,-0.010650565106041367,0.043746098985493295,-0.06637441281065838,1.0,-0.2374874838851156,0.08980505015552746,0.38837623596191406,0.38837623596191406
output-boba,tournament_k20_lcb_rho1_look,drift,tournament,20.0,lcb,1.0,look,cell,5.0,0.0,20,600,0.7552009810904712,0.04493585621507433,0.043746098985493295,0.05950185095123854,1.0,-0.01379862871155478,0.12808745379535386,0.069580078125,0.07952008928571429
output-boba,tournament_k20_lcb_rho1_look,drift,tournament,20.0,lcb,1.0,look,cell,5.0,20.0,20,600,0.6408456819973191,0.26782904825328796,0.043746098985493295,0.41793064348744163,1.0,0.3100689222195129,0.5095087381170698,3.62396240234375e-05,7.2479248046875e-05
output-boba,tournament_k20_lcb_rho1_look,drift,tournament,20.0,lcb,1.0,look,pooled,,,20,4800,0.2381511103039819,0.006420118096965885,0.043746098985493295,0.026958169914770035,1.0,-0.0751488026045569,0.12134649266229397,0.6476554870605469,
output-boba,tournament_k20_lcb_rho1_look,gaussian,tournament,20.0,lcb,1.0,look,cell,0.05,0.0,20,600,0.006930780737448017,-0.04804287665528061,0.043746098985493295,-6.931813092239083,0.981,-49.22622177642575,-2.1277798272998316,0.00034155628132162525,0.0005464900501146004
output-boba,tournament_k20_lcb_rho1_look,gaussian,tournament,20.0,lcb,1.0,look,cell,0.05,20.0,20,600,0.002573926727981019,-0.045044218594705455,0.043746098985493295,-17.50019458791588,0.798,,,1.33514404296875e-05,2.6702880859375e-05
output-boba,tournament_k20_lcb_rho1_look,gaussian,tournament,20.0,lcb,1.0,look,cell,0.25,0.0,20,600,0.049786948458824795,-0.04934686168686921,0.043746098985493295,-0.9911605996033369,1.0,-1.6762447362560697,-0.5816985296721414,1.9073486328125e-06,1.52587890625e-05
output-boba,tournament_k20_lcb_rho1_look,gaussian,tournament,20.0,lcb,1.0,look,cell,0.25,20.0,20,600,0.032441606005650915,-0.0431300823655976,0.043746098985493295,-1.3294681637550523,1.0,-2.3287811052916076,-0.6944500138428098,9.5367431640625e-06,2.5431315104166668e-05
output-boba,tournament_k20_lcb_rho1_look,gaussian,tournament,20.0,lcb,1.0,look,cell,1.0,0.0,20,600,0.2561344386822541,-0.07702355220201305,0.043746098985493295,-0.3007153298021127,1.0,-0.407071928520664,-0.20414713678128124,5.7220458984375e-06,2.288818359375e-05
output-boba,tournament_k20_lcb_rho1_look,gaussian,tournament,20.0,lcb,1.0,look,cell,1.0,20.0,20,600,0.12941445146457056,-0.03137864416850791,0.043746098985493295,-0.2424663073822042,1.0,-0.4571999231988454,-0.08582561627674104,0.006389617919921875,0.007302420479910714
output-boba,tournament_k20_lcb_rho1_look,gaussian,tournament,20.0,lcb,1.0,look,cell,5.0,0.0,20,600,0.7731111054368147,0.04379507146478752,0.043746098985493295,0.05664783645818011,1.0,-0.02557201939708099,0.14343985560006386,0.34881019592285156,0.34881019592285156
output-boba,tournament_k20_lcb_rho1_look,gaussian,tournament,20.0,lcb,1.0,look,cell,5.0,20.0,20,600,0.5199289879562881,0.14600257906891367,0.043746098985493295,0.28081253873305584,1.0,0.1593280882716482,0.39429968242806634,0.0010166168212890625,0.0013554890950520833
output-boba,tournament_k20_lcb_rho1_look,gaussian,tournament,20.0,lcb,1.0,look,pooled,,,20,4800,0.221290280683729,-0.013021073142409089,0.043746098985493295,-0.058841595311720805,1.0,-0.17947096528625467,0.059969331727446104,0.14290618896484375,
output-boba,tournament_k20_lcb_rho1_post,ar1,tournament,20.0,lcb,1.0,post,cell,0.05,0.0,20,600,0.007283275356432553,-0.051731987800524806,0.05761716156233854,-7.102846627216334,0.949,,,0.008418773595809824,0.022450062922159533
output-boba,tournament_k20_lcb_rho1_post,ar1,tournament,20.0,lcb,1.0,post,cell,0.05,20.0,20,600,-0.0005775368818208183,-0.06413193816305286,0.05761716156233854,,0.475,,,0.002225180116411056,0.008900720465644224
output-boba,tournament_k20_lcb_rho1_post,ar1,tournament,20.0,lcb,1.0,post,cell,0.25,0.0,20,600,0.03825454149748255,-0.0471368410387335,0.05761716156233854,-1.2321894131664204,1.0,-2.976817158348733,-0.3530124161119953,0.058573296793890506,0.09371727487022481
output-boba,tournament_k20_lcb_rho1_post,ar1,tournament,20.0,lcb,1.0,post,cell,0.25,20.0,20,600,0.022728479424807015,-0.05162449794366286,0.05761716156233854,-2.2713573125053523,1.0,-5.726116298534417,-0.7694031067339228,0.03276824951171875,0.0655364990234375
output-boba,tournament_k20_lcb_rho1_post,ar1,tournament,20.0,lcb,1.0,post,cell,1.0,0.0,20,600,0.20939594374896484,-0.02527530315296096,0.05761716156233854,-0.12070579162346314,1.0,-0.27993326081272096,0.003257411722598668,0.11398696899414062,0.15198262532552084
output-boba,tournament_k20_lcb_rho1_post,ar1,tournament,20.0,lcb,1.0,post,cell,1.0,20.0,20,600,0.12514782730766216,-0.00787924465586542,0.05761716156233854,-0.0629595001796968,1.0,-0.34593022264716494,0.14105448900136425,0.8694877624511719,0.8694877624511719
output-boba,tournament_k20_lcb_rho1_post,ar1,tournament,20.0,lcb,1.0,post,cell,5.0,0.0,20,600,0.7264068798293957,0.03825173189646626,0.05761716156233854,0.05265882380608796,1.0,-0.013593431282761737,0.11070132860574536,0.2773551940917969,0.3169773646763393
output-boba,tournament_k20_lcb_rho1_post,ar1,tournament,20.0,lcb,1.0,post,cell,5.0,20.0,20,600,0.4553017321055197,0.10070456685385917,0.05761716156233854,0.22118204204529604,1.0,0.14630390955266934,0.29485402980287806,0.0001678466796875,0.0013427734375
output-boba,tournament_k20_lcb_rho1_post,ar1,tournament,20.0,lcb,1.0,post,pooled,,,20,4800,0.19799264279855544,-0.01360293925055937,0.05761716156233854,-0.06870426627114357,1.0,-0.20366398928504656,0.04445176831324425,0.8123550415039062,
output-boba,tournament_k20_lcb_rho1_post,bias,tournament,20.0,lcb,1.0,post,cell,0.05,0.0,20,600,0.013395489962064456,-0.05563578219951376,0.05761716156233854,-4.153321928281256,1.0,-9.154272090797823,-1.9821847506184271,0.003306789231116912,0.012959798177083334
output-boba,tournament_k20_lcb_rho1_post,bias,tournament,20.0,lcb,1.0,post,cell,0.05,20.0,20,600,0.008569131211679494,-0.05046259384213235,0.05761716156233854,-5.888880984031753,0.992,-28.186003732927997,-2.2579940136109613,0.02687559167118386,0.05375118334236772
output-boba,tournament_k20_lcb_rho1_post,bias,tournament,20.0,lcb,1.0,post,cell,0.25,0.0,20,600,0.04075634626349373,-0.06465586935482645,0.05761716156233854,-1.5864000402985092,1.0,-3.186287060148752,-0.7396866462418468,0.002902103448847165,0.012959798177083334
output-boba,tournament_k20_lcb_rho1_post,bias,tournament,20.0,lcb,1.0,post,cell,0.25,20.0,20,600,0.03844830317953616,-0.04181876954309173,0.05761716156233854,-1.087662291566341,1.0,-2.3390461847356034,-0.28892677307149023,0.11398696899414062,0.182379150390625
output-boba,tournament_k20_lcb_rho1_post,bias,tournament,20.0,lcb,1.0,post,cell,1.0,0.0,20,600,0.24778106004099362,-0.038588610195736645,0.05761716156233854,-0.15573672252977055,1.0,-0.2452780259627643,-0.0626473005444422,0.00485992431640625,0.012959798177083334
output-boba,tournament_k20_lcb_rho1_post,bias,tournament,20.0,lcb,1.0,post,cell,1.0,20.0,20,600,0.15642646108862632,0.0034116032351477533,0.05761716156233854,0.021809629978235243,1.0,-0.14436124301148334,0.15677804053390113,0.47490501403808594,0.5958194732666016
output-boba,tournament_k20_lcb_rho1_post,bias,tournament,20.0,lcb,1.0,post,cell,5.0,0.0,20,600,0.7380725752210011,-0.007727942383640931,0.05761716156233854,-0.010470436977457065,1.0,-0.06546378211472628,0.04392170982606175,0.5458755493164062,0.5958194732666016
output-boba,tournament_k20_lcb_rho1_post,bias,tournament,20.0,lcb,1.0,post,cell,5.0,20.0,20,600,0.5685229542516816,0.011157829290884533,0.05761716156233854,0.019625996114037342,1.0,-0.08878322933153324,0.10921198801172721,0.5958194732666016,0.5958194732666016
output-boba,tournament_k20_lcb_rho1_post,bias,tournament,20.0,lcb,1.0,post,pooled,,,20,4800,0.22649654015238457,-0.030540016874113673,0.05761716156233854,-0.1348365712499037,1.0,-0.24127369293612014,-0.03569915725343131,0.039989471435546875,
output-boba,tournament_k20_lcb_rho1_post,drift,tournament,20.0,lcb,1.0,post,cell,0.05,0.0,20,600,0.007546259012326475,-0.055263303636574126,0.05761716156233854,-7.3232715105993575,0.986,-28.339811721424844,-3.0685640831430714,0.007013002905356987,0.014026005810713974
output-boba,tournament_k20_lcb_rho1_post,drift,tournament,20.0,lcb,1.0,post,cell,0.05,20.0,20,600,0.005545591729968432,-0.051605235111689775,0.05761716156233854,-9.305631864822391,0.993,-41.93258022820597,-3.252476139175171,0.017582795345746867,0.02813247255319499
output-boba,tournament_k20_lcb_rho1_post,drift,tournament,20.0,lcb,1.0,post,cell,0.25,0.0,20,600,0.04441843487071276,-0.060842350620226346,0.05761716156233854,-1.3697544903893648,1.0,-2.535318525419671,-0.6583267210085901,0.0003948211669921875,0.0010528564453125
output-boba,tournament_k20_lcb_rho1_post,drift,tournament,20.0,lcb,1.0,post,cell,0.25,20.0,20,600,0.03700249218932726,-0.03759289999845144,0.05761716156233854,-1.0159558930815604,1.0,-2.3827298367573535,-0.2289242405643502,0.04405403137207031,0.05873870849609375
output-boba,tournament_k20_lcb_rho1_post,drift,tournament,20.0,lcb,1.0,post,cell,1.0,0.0,20,600,0.25418753076862133,-0.05992986857032084,0.05761716156233854,-0.23577029285859447,1.0,-0.338211111410902,-0.13936568243591263,6.29425048828125e-05,0.00025177001953125
output-boba,tournament_k20_lcb_rho1_post,drift,tournament,20.0,lcb,1.0,post,cell,1.0,20.0,20,600,0.16046191077310898,0.006732037758625445,0.05761716156233854,0.041954116875402646,1.0,-0.12240160515653488,0.1847459383294504,0.49800872802734375,0.49800872802734375
output-boba,tournament_k20_lcb_rho1_post,drift,tournament,20.0,lcb,1.0,post,cell,5.0,0.0,20,600,0.7552009810904712,0.062017458257297445,0.05761716156233854,0.0821204683391002,1.0,0.014752045917412337,0.14712839518139448,0.0758514404296875,0.08668736049107142
output-boba,tournament_k20_lcb_rho1_post,drift,tournament,20.0,lcb,1.0,post,cell,5.0,20.0,20,600,0.6408456819973191,0.21040686911670675,0.05761716156233854,0.3283268890272198,1.0,0.2545389765076953,0.3907942463408419,1.33514404296875e-05,0.0001068115234375
output-boba,tournament_k20_lcb_rho1_post,drift,tournament,20.0,lcb,1.0,post,pooled,,,20,4800,0.2381511103039819,0.0017403383994208919,0.05761716156233854,0.007307706427232195,1.0,-0.10443877627623602,0.11435722466627846,0.8123550415039062,
output-boba,tournament_k20_lcb_rho1_post,gaussian,tournament,20.0,lcb,1.0,post,cell,0.05,0.0,20,600,0.006930780737448017,-0.061303577321498506,0.05761716156233854,-8.845118557894402,0.981,-56.410464460739966,-2.8118897154832676,0.006490832494560188,0.023742360309017028
output-boba,tournament_k20_lcb_rho1_post,gaussian,tournament,20.0,lcb,1.0,post,cell,0.05,20.0,20,600,0.002573926727981019,-0.05953847322658594,0.05761716156233854,-23.131378441874975,0.798,,,0.015755486091547432,0.031510972183094864
output-boba,tournament_k20_lcb_rho1_post,gaussian,tournament,20.0,lcb,1.0,post,cell,0.25,0.0,20,600,0.049786948458824795,-0.0476080883847756,0.05761716156233854,-0.9562363201301407,1.0,-1.7516986922695696,-0.4129538738075995,0.008903385115881386,0.023742360309017028
output-boba,tournament_k20_lcb_rho1_post,gaussian,tournament,20.0,lcb,1.0,post,cell,0.25,20.0,20,600,0.032441606005650915,-0.0436222360680138,0.05761716156233854,-1.3446386119236933,1.0,-2.6736474523923763,-0.5024345675753759,0.10539817810058594,0.1405309041341146
output-boba,tournament_k20_lcb_rho1_post,gaussian,tournament,20.0,lcb,1.0,post,cell,1.0,0.0,20,600,0.2561344386822541,-0.04125678616215309,0.05761716156233854,-0.16107473237261127,1.0,-0.2797028148612132,-0.046322904937901324,0.026641845703125,0.042626953125
output-boba,tournament_k20_lcb_rho1_post,gaussian,tournament,20.0,lcb,1.0,post,cell,1.0,20.0,20,600,0.12941445146457056,-0.016343221013216492,0.05761716156233854,-0.12628590414951246,1.0,-0.3917161373945973,0.06402738012484656,0.36827659606933594,0.42088753836495535
output-boba,tournament_k20_lcb_rho1_post,gaussian,tournament,20.0,lcb,1.0,post,cell,5.0,0.0,20,600,0.7731111054368147,0.029756815850107077,0.05761716156233854,0.038489701727016594,1.0,-0.044299758394801325,0.12680549633054358,0.5216732025146484,0.5216732025146484
output-boba,tournament_k20_lcb_rho1_post,gaussian,tournament,20.0,lcb,1.0,post,cell,5.0,20.0,20,600,0.5199289879562881,0.12052144332931658,0.05761716156233854,0.2318036618867059,1.0,0.12192546433471786,0.3515790625152312,0.0007076263427734375,0.0056610107421875
output-boba,tournament_k20_lcb_rho1_post,gaussian,tournament,20.0,lcb,1.0,post,pooled,,,20,4800,0.221290280683729,-0.01492426537460248,0.05761716156233854,-0.06744202831001167,1.0,-0.20618006185435098,0.05532668067445228,0.5458755493164062,
output-boba,tournament_k20_obs_rho0.5_look,ar1,tournament,20.0,obs,0.5,look,cell,0.05,0.0,20,600,0.007283275356432553,-0.04123835373146862,0.043732617414795574,-5.662061601865307,0.949,,,0.007398655365388617,0.014797310730777233
output-boba,tournament_k20_obs_rho0.5_look,ar1,tournament,20.0,obs,0.5,look,cell,0.05,20.0,20,600,-0.0005775368818208183,-0.04688867606610773,0.043732617414795574,,0.475,,,0.005580902099609375,0.014797310730777233
output-boba,tournament_k20_obs_rho0.5_look,ar1,tournament,20.0,obs,0.5,look,cell,0.25,0.0,20,600,0.03825454149748255,-0.03230215690987985,0.043732617414795574,-0.8444005769094262,1.0,-2.14238516087898,-0.17665938275360032,0.07015661401800452,0.07015661401800452
output-boba,tournament_k20_obs_rho0.5_look,ar1,tournament,20.0,obs,0.5,look,cell,0.25,20.0,20,600,0.022728479424807015,-0.03424576060901096,0.043732617414795574,-1.506733467247853,1.0,-3.9930059584482422,-0.3747852594785864,0.039989471435546875,0.05536106654575893
output-boba,tournament_k20_obs_rho0.5_look,ar1,tournament,20.0,obs,0.5,look,cell,1.0,0.0,20,600,0.20939594374896484,0.00830229056053151,0.043732617414795574,0.03964876497552763,1.0,-0.1269271149541621,0.15253859072242493,0.04844093322753906,0.05536106654575893
output-boba,tournament_k20_obs_rho0.5_look,ar1,tournament,20.0,obs,0.5,look,cell,1.0,20.0,20,600,0.12514782730766216,0.027048921409539507,0.043732617414795574,0.2161357651303263,1.0,-0.05579509804844114,0.3996726076968561,0.04844093322753906,0.05536106654575893
output-boba,tournament_k20_obs_rho0.5_look,ar1,tournament,20.0,obs,0.5,look,cell,5.0,0.0,20,600,0.7264068798293957,0.15032969871210816,0.043732617414795574,0.2069497176945993,1.0,0.13863024968827156,0.2794209657728673,3.814697265625e-06,2.288818359375e-05
output-boba,tournament_k20_obs_rho0.5_look,ar1,tournament,20.0,obs,0.5,look,cell,5.0,20.0,20,600,0.4553017321055197,0.20571654121886943,0.043732617414795574,0.45182464004154727,1.0,0.360886399041493,0.547026474123844,5.7220458984375e-06,2.288818359375e-05
output-boba,tournament_k20_obs_rho0.5_look,ar1,tournament,20.0,obs,0.5,look,pooled,,,20,4800,0.19799264279855544,0.029590313073072683,0.04373261741479556,0.14945157888103394,1.0,0.010079800641702196,0.2587358346139705,0.029575347900390625,
output-boba,tournament_k20_obs_rho0.5_look,bias,tournament,20.0,obs,0.5,look,cell,0.05,0.0,20,600,0.013395489962064456,-0.04027623672343113,0.043732617414795574,-3.006701273151783,1.0,-6.376671310753602,-1.4167344809906683,0.0042740329557000925,0.0097198486328125
output-boba,tournament_k20_obs_rho0.5_look,bias,tournament,20.0,obs,0.5,look,cell,0.05,20.0,20,600,0.008569131211679494,-0.03529360268044718,0.043732617414795574,-4.118690892764363,0.992,-17.12611798055517,-1.7072081439780922,0.04844093322753906,0.06458791097005208
output-boba,tournament_k20_obs_rho0.5_look,bias,tournament,20.0,obs,0.5,look,cell,0.25,0.0,20,600,0.04075634626349373,-0.051914284881659466,0.043732617414795574,-1.2737718083468175,1.0,-2.560718761402617,-0.5892115465212752,0.001284705613291876,0.005138822453167504
output-boba,tournament_k20_obs_rho0.5_look,bias,tournament,20.0,obs,0.5,look,cell,0.25,20.0,20,600,0.03844830317953616,-0.023581421213111877,0.043732617414795574,-0.613328008338816,1.0,-1.6774982041311906,0.004616931868547337,0.21616744995117188,0.24704851422991073
output-boba,tournament_k20_obs_rho0.5_look,bias,tournament,20.0,obs,0.5,look,cell,1.0,0.0,20,600,0.24778106004099362,-0.010016030809707633,0.043732617414795574,-0.04042290725550432,1.0,-0.1573852336171554,0.06726828835166061,0.7011814117431641,0.7011814117431641
output-boba,tournament_k20_obs_rho0.5_look,bias,tournament,20.0,obs,0.5,look,cell,1.0,20.0,20,600,0.15642646108862632,0.035219476891028736,0.043732617414795574,0.22515037830507773,1.0,0.05941263782449299,0.3620528671286906,0.01068878173828125,0.01710205078125
output-boba,tournament_k20_obs_rho0.5_look,bias,tournament,20.0,obs,0.5,look,cell,5.0,0.0,20,600,0.7380725752210011,0.07990082327085538,0.043732617414795574,0.10825605225465892,1.0,0.04711012407132515,0.16416242563491182,0.00485992431640625,0.0097198486328125
output-boba,tournament_k20_obs_rho0.5_look,bias,tournament,20.0,obs,0.5,look,cell,5.0,20.0,20,600,0.5685229542516816,0.27679376631885094,0.043732617414795574,0.48686471539778153,1.0,0.38914919774650847,0.5820574327851945,1.9073486328125e-06,1.52587890625e-05
output-boba,tournament_k20_obs_rho0.5_look,bias,tournament,20.0,obs,0.5,look,pooled,,,20,4800,0.22649654015238457,0.028854061271547223,0.04373261741479556,0.127392944952424,1.0,0.01223894118311443,0.23019243403516862,0.03276824951171875,
output-boba,tournament_k20_obs_rho0.5_look,drift,tournament,20.0,obs,0.5,look,cell,0.05,0.0,20,600,0.007546259012326475,-0.04049617921838943,0.043732617414795574,-5.36639136719807,0.986,-20.79926334780567,-2.2957087126617854,0.004848166082515941,0.009696332165031882
output-boba,tournament_k20_obs_rho0.5_look,drift,tournament,20.0,obs,0.5,look,cell,0.05,20.0,20,600,0.005545591729968432,-0.03971898779285328,0.043732617414795574,-7.162263240225832,0.993,-32.87110270176458,-2.3092879972775706,0.017181396484375,0.022908528645833332
output-boba,tournament_k20_obs_rho0.5_look,drift,tournament,20.0,obs,0.5,look,cell,0.25,0.0,20,600,0.04441843487071276,-0.04251566281379227,0.043732617414795574,-0.95716255958908,1.0,-1.688955679954022,-0.4576511938916464,0.0014324188232421875,0.00572967529296875
output-boba,tournament_k20_obs_rho0.5_look,drift,tournament,20.0,obs,0.5,look,cell,0.25,20.0,20,600,0.03700249218932726,-0.022500105380455927,0.043732617414795574,-0.6080699987809388,1.0,-1.6038032426779891,-0.049561602752615355,0.15364646911621094,0.17559596470424108
output-boba,tournament_k20_obs_rho0.5_look,drift,tournament,20.0,obs,0.5,look,cell,1.0,0.0,20,600,0.25418753076862133,-0.01839871855694588,0.043732617414795574,-0.07238245912893987,1.0,-0.19522885094778472,0.04282157601614414,0.2942523956298828,0.2942523956298828
output-boba,tournament_k20_obs_rho0.5_look,drift,tournament,20.0,obs,0.5,look,cell,1.0,20.0,20,600,0.16046191077310898,0.03761252353303911,0.043732617414795574,0.23440156827138073,1.0,0.05406267887449536,0.3727295871475042,0.017181396484375,0.022908528645833332
output-boba,tournament_k20_obs_rho0.5_look,drift,tournament,20.0,obs,0.5,look,cell,5.0,0.0,20,600,0.7552009810904712,0.11401436898659725,0.043732617414795574,0.15097222043060166,1.0,0.06632540525430848,0.2241101942403711,0.00365447998046875,0.009696332165031882
output-boba,tournament_k20_obs_rho0.5_look,drift,tournament,20.0,obs,0.5,look,cell,5.0,20.0,20,600,0.6408456819973191,0.3470945083445362,0.043732617414795574,0.5416194851508546,1.0,0.45925503941176427,0.6164374615103336,1.9073486328125e-06,1.52587890625e-05
output-boba,tournament_k20_obs_rho0.5_look,drift,tournament,20.0,obs,0.5,look,pooled,,,20,4800,0.2381511103039819,0.04188646838771697,0.04373261741479556,0.1758818942068003,1.0,0.06773123080083131,0.2753611639925005,0.01068878173828125,
output-boba,tournament_k20_obs_rho0.5_look,gaussian,tournament,20.0,obs,0.5,look,cell,0.05,0.0,20,600,0.006930780737448017,-0.045725000869867374,0.043732617414795574,-6.597380959234296,0.981,-47.74592688773053,-1.8180848497456812,0.0042740329557000925,0.009696332165031882
output-boba,tournament_k20_obs_rho0.5_look,gaussian,tournament,20.0,obs,0.5,look,cell,0.05,20.0,20,600,0.002573926727981019,-0.042425916798481136,0.043732617414795574,-16.482954365899882,0.798,,,0.008903385115881386,0.014245416185410217
output-boba,tournament_k20_obs_rho0.5_look,gaussian,tournament,20.0,obs,0.5,look,cell,0.25,0.0,20,600,0.049786948458824795,-0.03374388789167142,0.043732617414795574,-0.6777657385364472,1.0,-1.3582951821680007,-0.24272855778410857,0.004848166082515941,0.009696332165031882
output-boba,tournament_k20_obs_rho0.5_look,gaussian,tournament,20.0,obs,0.5,look,cell,0.25,20.0,20,600,0.032441606005650915,-0.027951436099530498,0.043732617414795574,-0.8615922434500226,1.0,-1.86570865283644,-0.2188721747105941,0.082550048828125,0.09434291294642858
output-boba,tournament_k20_obs_rho0.5_look,gaussian,tournament,20.0,obs,0.5,look,cell,1.0,0.0,20,600,0.2561344386822541,-0.01441550399322827,0.043732617414795574,-0.056281006440962546,1.0,-0.17791476176987478,0.049808304480519754,0.8983173370361328,0.8983173370361328
output-boba,tournament_k20_obs_rho0.5_look,gaussian,tournament,20.0,obs,0.5,look,cell,1.0,20.0,20,600,0.12941445146457056,0.01163037250073561,0.043732617414795574,0.08986919443011064,1.0,-0.10733420510766827,0.22462434098040132,0.058258056640625,0.07767740885416667
output-boba,tournament_k20_obs_rho0.5_look,gaussian,tournament,20.0,obs,0.5,look,cell,5.0,0.0,20,600,0.7731111054368147,0.10876842888079011,0.043732617414795574,0.14068925942971025,1.0,0.07558089069372623,0.20245527784778475,0.0003948211669921875,0.00157928466796875
output-boba,tournament_k20_obs_rho0.5_look,gaussian,tournament,20.0,obs,0.5,look,cell,5.0,20.0,20,600,0.5199289879562881,0.21209156142708743,0.043732617414795574,0.40792409413594494,1.0,0.31059624778126244,0.4943727828345022,1.9073486328125e-05,0.000152587890625
output-boba,tournament_k20_obs_rho0.5_look,gaussian,tournament,20.0,obs,0.5,look,pooled,,,20,4800,0.221290280683729,0.021028577144479303,0.04373261741479556,0.09502711587470769,1.0,-0.022382435436709654,0.19639207678657414,0.06372261047363281,
output-boba,tournament_k20_obs_rho0.5_post,ar1,tournament,20.0,obs,0.5,post,cell,0.05,0.0,20,600,0.007283275356432553,-0.0510989415314713,0.0571656256144384,-7.0159288274527425,0.949,,,0.008418773595809824,0.01683754719161965
output-boba,tournament_k20_obs_rho0.5_post,ar1,tournament,20.0,obs,0.5,post,cell,0.05,20.0,20,600,-0.0005775368818208183,-0.06420319554999168,0.0571656256144384,,0.475,,,0.005491205694554839,0.01464321518547957
output-boba,tournament_k20_obs_rho0.5_post,ar1,tournament,20.0,obs,0.5,post,cell,0.25,0.0,20,600,0.03825454149748255,-0.0437819416377793,0.0571656256144384,-1.1444900376249574,1.0,-2.730546672105316,-0.32486806766698184,0.058573296793890506,0.07809772905852068
output-boba,tournament_k20_obs_rho0.5_post,ar1,tournament,20.0,obs,0.5,post,cell,0.25,20.0,20,600,0.022728479424807015,-0.04618979644887582,0.0571656256144384,-2.0322431424278182,1.0,-5.287277251596501,-0.585629187128073,0.058258056640625,0.07809772905852068
output-boba,tournament_k20_obs_rho0.5_post,ar1,tournament,20.0,obs,0.5,post,cell,1.0,0.0,20,600,0.20939594374896484,-0.009513954221115468,0.0571656256144384,-0.04543523647488277,1.0,-0.21434954422428645,0.08166590042986961,0.8983173370361328,0.8983173370361328
output-boba,tournament_k20_obs_rho0.5_post,ar1,tournament,20.0,obs,0.5,post,cell,1.0,20.0,20,600,0.12514782730766216,0.009214646175889723,0.0571656256144384,0.07363009309971102,1.0,-0.20861036012536416,0.27066892439798934,0.20244979858398438,0.23137119838169642
output-boba,tournament_k20_obs_rho0.5_post,ar1,tournament,20.0,obs,0.5,post,cell,5.0,0.0,20,600,0.7264068798293957,0.09528707510439845,0.0571656256144384,0.13117589845346403,1.0,0.08221540563769912,0.1844271673151781,6.29425048828125e-05,0.00025177001953125
output-boba,tournament_k20_obs_rho0.5_post,ar1,tournament,20.0,obs,0.5,post,cell,5.0,20.0,20,600,0.4553017321055197,0.1340484223387987,0.0571656256144384,0.29441667555029627,1.0,0.2150466778578971,0.36355020249957276,3.62396240234375e-05,0.00025177001953125
output-boba,tournament_k20_obs_rho0.5_post,ar1,tournament,20.0,obs,0.5,post,pooled,,,20,4800,0.19799264279855544,0.0029702892787316663,0.0571656256144384,0.015002018442441527,1.0,-0.12895644270581078,0.13895354953737257,0.7561664581298828,
output-boba,tournament_k20_obs_rho0.5_post,bias,tournament,20.0,obs,0.5,post,cell,0.05,0.0,20,600,0.013395489962064456,-0.05556154123609104,0.0571656256144384,-4.147779692526314,1.0,-9.272110460320683,-1.9464561386895245,0.0037622518256999957,0.01688385009765625
output-boba,tournament_k20_obs_rho0.5_post,bias,tournament,20.0,obs,0.5,post,cell,0.05,20.0,20,600,0.008569131211679494,-0.04789533045646811,0.0571656256144384,-5.5892866235013505,0.992,-25.960787265549207,-2.1364153729540076,0.01959328479398985,0.0391865695879797
output-boba,tournament_k20_obs_rho0.5_post,bias,tournament,20.0,obs,0.5,post,cell,0.25,0.0,20,600,0.04075634626349373,-0.05934812813090349,0.0571656256144384,-1.456169003649446,1.0,-3.0049111723288893,-0.6280152888731386,0.01000953783388119,0.026692100890349842
output-boba,tournament_k20_obs_rho0.5_post,bias,tournament,20.0,obs,0.5,post,cell,0.25,20.0,20,600,0.03844830317953616,-0.03448580784299608,0.0571656256144384,-0.896939656399477,1.0,-2.0941605800576593,-0.1312628064688699,0.11398696899414062,0.182379150390625
output-boba,tournament_k20_obs_rho0.5_post,bias,tournament,20.0,obs,0.5,post,cell,1.0,0.0,20,600,0.24778106004099362,-0.020725227899566864,0.0571656256144384,-0.0836433095255062,1.0,-0.18705877559773104,0.012277489374265302,0.17685317993164062,0.21616744995117188
output-boba,tournament_k20_obs_rho0.5_post,bias,tournament,20.0,obs,0.5,post,cell,1.0,20.0,20,600,0.15642646108862632,0.011186409118024942,0.0571656256144384,0.07151225591996915,1.0,-0.1063189488162769,0.21975161014639255,0.20244979858398438,0.21616744995117188
output-boba,tournament_k20_obs_rho0.5_post,bias,tournament,20.0,obs,0.5,post,cell,5.0,0.0,20,600,0.7380725752210011,0.0640697864531756,0.0571656256144384,0.0868068921731595,1.0,0.04311037781482033,0.12960198850672788,0.0042209625244140625,0.01688385009765625
output-boba,tournament_k20_obs_rho0.5_post,bias,tournament,20.0,obs,0.5,post,cell,5.0,20.0,20,600,0.5685229542516816,0.02008482196502996,0.0571656256144384,0.03532807570006845,1.0,-0.04940880154770279,0.09856281010361244,0.21616744995117188,0.21616744995117188
output-boba,tournament_k20_obs_rho0.5_post,bias,tournament,20.0,obs,0.5,post,pooled,,,20,4800,0.22649654015238457,-0.01533437725372438,0.0571656256144384,-0.0677024790021409,1.0,-0.17532599586354847,0.03261421013172817,0.4304332733154297,
output-boba,tournament_k20_obs_rho0.5_post,drift,tournament,20.0,obs,0.5,post,cell,0.05,0.0,20,600,0.007546259012326475,-0.05478812752372142,0.0571656256144384,-7.260303076561177,0.986,-28.338704904963414,-3.0835124030367207,0.007013002905356987,0.014026005810713974
output-boba,tournament_k20_obs_rho0.5_post,drift,tournament,20.0,obs,0.5,post,cell,0.05,20.0,20,600,0.005545591729968432,-0.05018521813152478,0.0571656256144384,-9.049569563573058,0.993,-40.2618580536545,-3.221601212497777,0.02687559167118386,0.03583412222824515
output-boba,tournament_k20_obs_rho0.5_post,drift,tournament,20.0,obs,0.5,post,cell,0.25,0.0,20,600,0.04441843487071276,-0.05614338869623882,0.0571656256144384,-1.2639659380087005,1.0,-2.403865790936658,-0.5789897667833054,0.002712249755859375,0.007232666015625
output-boba,tournament_k20_obs_rho0.5_post,drift,tournament,20.0,obs,0.5,post,cell,0.25,20.0,20,600,0.03700249218932726,-0.03185538123565641,0.0571656256144384,-0.860898262545801,1.0,-2.1348774596168636,-0.13574755569938834,0.13272666931152344,0.13272666931152344
output-boba,tournament_k20_obs_rho0.5_post,drift,tournament,20.0,obs,0.5,post,cell,1.0,0.0,20,600,0.25418753076862133,-0.03522318578495759,0.0571656256144384,-0.13857165093208335,1.0,-0.25197852947091054,-0.0304018740596927,0.021484375,0.034375
output-boba,tournament_k20_obs_rho0.5_post,drift,tournament,20.0,obs,0.5,post,cell,1.0,20.0,20,600,0.16046191077310898,0.023659722637411663,0.0571656256144384,0.14744759378358768,1.0,-0.03881375899301562,0.2996059857604421,0.13272666931152344,0.13272666931152344
output-boba,tournament_k20_obs_rho0.5_post,drift,tournament,20.0,obs,0.5,post,cell,5.0,0.0,20,600,0.7552009810904712,0.07917392251714121,0.0571656256144384,0.10483821459397227,1.0,0.049543485892443055,0.1633811352630076,0.001689910888671875,0.0067596435546875
output-boba,tournament_k20_obs_rho0.5_post,drift,tournament,20.0,obs,0.5,post,cell,5.0,20.0,20,600,0.6408456819973191,0.25551685898118814,0.0571656256144384,0.398718234606529,1.0,0.32806379647883605,0.4619597656260801,5.7220458984375e-06,4.57763671875e-05
output-boba,tournament_k20_obs_rho0.5_post,drift,tournament,20.0,obs,0.5,post,pooled,,,20,4800,0.2381511103039819,0.016269400345455237,0.0571656256144384,0.06831545032348821,1.0,-0.040827981866374846,0.16714367248354417,0.26109886169433594,
output-boba,tournament_k20_obs_rho0.5_post,gaussian,tournament,20.0,obs,0.5,post,cell,0.05,0.0,20,600,0.006930780737448017,-0.06063498515750475,0.0571656256144384,-8.748651480183913,0.981,-55.794243170772276,-2.720027345416026,0.007398655365388617,0.01972974764103631
output-boba,tournament_k20_obs_rho0.5_post,gaussian,tournament,20.0,obs,0.5,post,cell,0.05,20.0,20,600,0.002573926727981019,-0.05813672105946001,0.0571656256144384,-22.586781677760612,0.798,,,0.012595170865161685,0.02519034173032337
output-boba,tournament_k20_obs_rho0.5_post,gaussian,tournament,20.0,obs,0.5,post,cell,0.25,0.0,20,600,0.049786948458824795,-0.04123133735500379,0.0571656256144384,-0.8281555433971468,1.0,-1.609893982120933,-0.2837494135378318,0.03293821172843571,0.05270113876549713
output-boba,tournament_k20_obs_rho0.5_post,gaussian,tournament,20.0,obs,0.5,post,cell,0.25,20.0,20,600,0.032441606005650915,-0.037878384854392114,0.0571656256144384,-1.1675866123210479,1.0,-2.4514316847714186,-0.34668900912558437,0.15364646911621094,0.2048619588216146
output-boba,tournament_k20_obs_rho0.5_post,gaussian,tournament,20.0,obs,0.5,post,cell,1.0,0.0,20,600,0.2561344386822541,-0.020617176669168975,0.0571656256144384,-0.08049357507424247,1.0,-0.20162778108676097,0.041878343225183565,0.2773551940917969,0.2773551940917969
output-boba,tournament_k20_obs_rho0.5_post,gaussian,tournament,20.0,obs,0.5,post,cell,1.0,20.0,20,600,0.12941445146457056,0.010505808854630112,0.0571656256144384,0.08117956484563285,1.0,-0.15625881616121412,0.267274252349717,0.2305126190185547,0.2634429931640625
output-boba,tournament_k20_obs_rho0.5_post,gaussian,tournament,20.0,obs,0.5,post,cell,5.0,0.0,20,600,0.7731111054368147,0.08491229338091337,0.0571656256144384,0.10983194108036666,1.0,0.050043623364909764,0.18013822648410321,0.0014324188232421875,0.00572967529296875
output-boba,tournament_k20_obs_rho0.5_post,gaussian,tournament,20.0,obs,0.5,post,cell,5.0,20.0,20,600,0.5199289879562881,0.1649566208358605,0.0571656256144384,0.31726759741607036,1.0,0.21017419081453334,0.428317615648905,1.9073486328125e-05,0.000152587890625
output-boba,tournament_k20_obs_rho0.5_post,gaussian,tournament,20.0,obs,0.5,post,pooled,,,20,4800,0.221290280683729,0.005234514746984287,0.0571656256144384,0.023654517183542844,1.0,-0.11350744947950529,0.1511728951602996,0.7011814117431641,
output-boba,tournament_k20_obs_rho1_look,ar1,tournament,20.0,obs,1.0,look,cell,0.05,0.0,20,600,0.007283275356432553,-0.04283344487827668,0.043732617414795574,-5.881068994658618,0.949,,,0.0011156286211977205,0.0029750096565272547
output-boba,tournament_k20_obs_rho1_look,ar1,tournament,20.0,obs,1.0,look,cell,0.05,20.0,20,600,-0.0005775368818208183,-0.04861954159732358,0.043732617414795574,,0.475,,,1.9073486328125e-05,0.000152587890625
output-boba,tournament_k20_obs_rho1_look,ar1,tournament,20.0,obs,1.0,look,cell,0.25,0.0,20,600,0.03825454149748255,-0.04252135959847082,0.043732617414795574,-1.11153755695305,1.0,-2.5053815363149985,-0.43595521312485874,0.002902103448847165,0.00580420689769433
output-boba,tournament_k20_obs_rho1_look,ar1,tournament,20.0,obs,1.0,look,cell,0.25,20.0,20,600,0.022728479424807015,-0.04289046824135463,0.043732617414795574,-1.8870804086674535,1.0,-4.550265948530374,-0.707652577422343,0.00485992431640625,0.00777587890625
output-boba,tournament_k20_obs_rho1_look,ar1,tournament,20.0,obs,1.0,look,cell,1.0,0.0,20,600,0.20939594374896484,-0.025744438690735883,0.043732617414795574,-0.12294621485886903,1.0,-0.283653137400481,-0.011914127325597278,0.09730720520019531,0.11120823451450892
output-boba,tournament_k20_obs_rho1_look,ar1,tournament,20.0,obs,1.0,look,cell,1.0,20.0,20,600,0.12514782730766216,-0.0077040091780561665,0.043732617414795574,-0.06155927229257211,1.0,-0.3224474765167219,0.1373734654379105,0.7841262817382812,0.7841262817382812
output-boba,tournament_k20_obs_rho1_look,ar1,tournament,20.0,obs,1.0,look,cell,5.0,0.0,20,600,0.7264068798293957,0.07411331463040305,0.043732617414795574,0.10202727519294606,1.0,0.024336418304818353,0.17916491978484828,0.029575347900390625,0.039433797200520836
output-boba,tournament_k20_obs_rho1_look,ar1,tournament,20.0,obs,1.0,look,cell,5.0,20.0,20,600,0.4553017321055197,0.14252392728341276,0.043732617414795574,0.3130318143625725,1.0,0.20763582066213127,0.4167905495342285,0.000209808349609375,0.0008392333984375
output-boba,tournament_k20_obs_rho1_look,ar1,tournament,20.0,obs,1.0,look,pooled,,,20,4800,0.19799264279855544,0.0007904974661997619,0.04373261741479556,0.003992559799325682,1.0,-0.12851873417029688,0.11484199426481059,0.7561664581298828,
output-boba,tournament_k20_obs_rho1_look,bias,tournament,20.0,obs,1.0,look,cell,0.05,0.0,20,600,0.013395489962064456,-0.04292958860518463,0.043732617414795574,-3.2047792747230357,1.0,-6.695209196394389,-1.5997383769965627,0.0001318338889828333,0.00026702880859375
output-boba,tournament_k20_obs_rho1_look,bias,tournament,20.0,obs,1.0,look,cell,0.05,20.0,20,600,0.008569131211679494,-0.03798408074401462,0.043732617414795574,-4.432664152959093,0.992,-18.083927897470584,-2.049031282439742,0.000133514404296875,0.00026702880859375
output-boba,tournament_k20_obs_rho1_look,bias,tournament,20.0,obs,1.0,look,cell,0.25,0.0,20,600,0.04075634626349373,-0.06629405091967067,0.043732617414795574,-1.6265945551417489,1.0,-2.937987263085018,-0.9658964261263682,1.9073486328125e-06,1.52587890625e-05
output-boba,tournament_k20_obs_rho1_look,bias,tournament,20.0,obs,1.0,look,cell,0.25,20.0,20,600,0.03844830317953616,-0.03322322389279349,0.043732617414795574,-0.8641011734030519,1.0,-1.975220630363839,-0.20075374349269343,0.04405403137207031,0.05873870849609375
output-boba,tournament_k20_obs_rho1_look,bias,tournament,20.0,obs,1.0,look,cell,1.0,0.0,20,600,0.24778106004099362,-0.0682362110542676,0.043732617414795574,-0.27538913201428067,1.0,-0.38987779961347124,-0.15805555515226757,0.0003948211669921875,0.0006317138671875
output-boba,tournament_k20_obs_rho1_look,bias,tournament,20.0,obs,1.0,look,cell,1.0,20.0,20,600,0.15642646108862632,-0.014111342816380356,0.043732617414795574,-0.09021071446719818,1.0,-0.24879859091787462,0.06653570471700282,0.24548721313476562,0.2805568150111607
output-boba,tournament_k20_obs_rho1_look,bias,tournament,20.0,obs,1.0,look,cell,5.0,0.0,20,600,0.7380725752210011,-0.03625434869369781,0.043732617414795574,-0.049120303220644895,1.0,-0.15646071641191248,0.037276100501955636,0.8123550415039062,0.8123550415039062
output-boba,tournament_k20_obs_rho1_look,bias,tournament,20.0,obs,1.0,look,cell,5.0,20.0,20,600,0.5685229542516816,0.19670062252793413,0.043732617414795574,0.34598536621417747,1.0,0.23930078955585501,0.439048174318511,6.29425048828125e-05,0.00025177001953125
output-boba,tournament_k20_obs_rho1_look,bias,tournament,20.0,obs,1.0,look,pooled,,,20,4800,0.22649654015238457,-0.012791528024759363,0.04373261741479556,-0.056475600095936794,1.0,-0.16163379424617014,0.04630007148258862,0.16495704650878906,
output-boba,tournament_k20_obs_rho1_look,drift,tournament,20.0,obs,1.0,look,cell,0.05,0.0,20,600,0.007546259012326475,-0.04283066709157037,0.043732617414795574,-5.6757483438626215,0.986,-21.626565341342065,-2.611827972538642,0.00025021619831076065,0.00033362159774768087
output-boba,tournament_k20_obs_rho1_look,drift,tournament,20.0,obs,1.0,look,cell,0.05,20.0,20,600,0.005545591729968432,-0.04226303072492903,0.043732617414795574,-7.621013731778918,0.993,-34.024844081957816,-2.786478282358218,3.62396240234375e-05,9.663899739583333e-05
output-boba,tournament_k20_obs_rho1_look,drift,tournament,20.0,obs,1.0,look,cell,0.25,0.0,20,600,0.04441843487071276,-0.05798424897116217,0.043732617414795574,-1.305409547633431,1.0,-2.0738201853674347,-0.8092895041710608,1.9073486328125e-06,1.52587890625e-05
output-boba,tournament_k20_obs_rho1_look,drift,tournament,20.0,obs,1.0,look,cell,0.25,20.0,20,600,0.03700249218932726,-0.03665464820916546,0.043732617414795574,-0.9905994445351946,1.0,-2.029708740350413,-0.423420774646434,0.000133514404296875,0.00026702880859375
output-boba,tournament_k20_obs_rho1_look,drift,tournament,20.0,obs,1.0,look,cell,1.0,0.0,20,600,0.25418753076862133,-0.0665868943778117,0.043732617414795574,-0.2619597199613367,1.0,-0.3832903839891493,-0.15592311834217573,0.0001678466796875,0.0002685546875
output-boba,tournament_k20_obs_rho1_look,drift,tournament,20.0,obs,1.0,look,cell,1.0,20.0,20,600,0.16046191077310898,-0.006583673937447665,0.043732617414795574,-0.04102951227320789,1.0,-0.2235653150410908,0.11990772444886577,0.5216732025146484,0.5216732025146484
output-boba,tournament_k20_obs_rho1_look,drift,tournament,20.0,obs,1.0,look,cell,5.0,0.0,20,600,0.7552009810904712,0.03152268721111483,0.043732617414795574,0.04174079218699862,1.0,-0.04476431948296674,0.11752394481809549,0.3299827575683594,0.37712315150669645
output-boba,tournament_k20_obs_rho1_look,drift,tournament,20.0,obs,1.0,look,cell,5.0,20.0,20,600,0.6408456819973191,0.27783161483195423,0.043732617414795574,0.4335390291872428,1.0,0.330618360953518,0.5222675944548563,3.62396240234375e-05,9.663899739583333e-05
output-boba,tournament_k20_obs_rho1_look,drift,tournament,20.0,obs,1.0,look,pooled,,,20,4800,0.2381511103039819,0.007056392341372818,0.04373261741479556,0.029629894785566466,1.0,-0.0720628166832643,0.12440912425375002,0.6215133666992188,
output-boba,tournament_k20_obs_rho1_look,gaussian,tournament,20.0,obs,1.0,look,cell,0.05,0.0,20,600,0.006930780737448017,-0.04772923411693582,0.043732617414795574,-6.8865595269877495,0.981,-49.185229217595946,-2.0935307607038243,0.0005385174873341328,0.0008616279797346125
output-boba,tournament_k20_obs_rho1_look,gaussian,tournament,20.0,obs,1.0,look,cell,0.05,20.0,20,600,0.002573926727981019,-0.04551281476353095,0.043732617414795574,-17.682249563969165,0.798,,,1.9073486328125e-06,7.62939453125e-06
output-boba,tournament_k20_obs_rho1_look,gaussian,tournament,20.0,obs,1.0,look,cell,0.25,0.0,20,600,0.049786948458824795,-0.0483046346122443,0.043732617414795574,-0.9702268587960075,1.0,-1.656426973970026,-0.5602879538023706,1.9073486328125e-06,7.62939453125e-06
output-boba,tournament_k20_obs_rho1_look,gaussian,tournament,20.0,obs,1.0,look,cell,0.25,20.0,20,600,0.032441606005650915,-0.04074896178779085,0.043732617414795574,-1.2560710397843096,1.0,-2.2494356756184435,-0.6358468833328463,0.0004825592041015625,0.0008616279797346125
output-boba,tournament_k20_obs_rho1_look,gaussian,tournament,20.0,obs,1.0,look,cell,1.0,0.0,20,600,0.2561344386822541,-0.07393658018978634,0.043732617414795574,-0.2886631745819541,1.0,-0.40271266695875735,-0.178845242208676,2.6702880859375e-05,7.120768229166667e-05
output-boba,tournament_k20_obs_rho1_look,gaussian,tournament,20.0,obs,1.0,look,cell,1.0,20.0,20,600,0.12941445146457056,-0.03820681684367058,0.043732617414795574,-0.2952283644622978,1.0,-0.5250744893294401,-0.13475586536706716,0.001689910888671875,0.0022532145182291665
output-boba,tournament_k20_obs_rho1_look,gaussian,tournament,20.0,obs,1.0,look,cell,5.0,0.0,20,600,0.7731111054368147,0.012366482532840794,0.043732617414795574,0.01599573780000692,1.0,-0.047077262982105475,0.07238113878363431,0.5958194732666016,0.5958194732666016
output-boba,tournament_k20_obs_rho1_look,gaussian,tournament,20.0,obs,1.0,look,cell,5.0,20.0,20,600,0.5199289879562881,0.1386221282819735,0.043732617414795574,0.26661742563510976,1.0,0.13703456410888012,0.3834902559465549,0.002712249755859375,0.0030997140066964285
output-boba,tournament_k20_obs_rho1_look,gaussian,tournament,20.0,obs,1.0,look,pooled,,,20,4800,0.221290280683729,-0.01793130393739307,0.04373261741479556,-0.08103068911110799,1.0,-0.19043635869302894,0.019955182545382918,0.11398696899414062,
output-boba,tournament_k20_obs_rho1_post,ar1,tournament,20.0,obs,1.0,post,cell,0.05,0.0,20,600,0.007283275356432553,-0.051594767240340914,0.0571656256144384,-7.084006125729225,0.949,,,0.007398655365388617,0.018871307373046875
output-boba,tournament_k20_obs_rho1_post,ar1,tournament,20.0,obs,1.0,post,cell,0.05,20.0,20,600,-0.0005775368818208183,-0.06398885487589008,0.0571656256144384,,0.475,,,0.003306789231116912,0.013227156924467649
output-boba,tournament_k20_obs_rho1_post,ar1,tournament,20.0,obs,1.0,post,cell,0.25,0.0,20,600,0.03825454149748255,-0.046483879143716454,0.0571656256144384,-1.2151205405709924,1.0,-2.8258441756052637,-0.3932736926563201,0.04862480166721016,0.06483306888961354
output-boba,tournament_k20_obs_rho1_post,ar1,tournament,20.0,obs,1.0,post,cell,0.25,20.0,20,600,0.022728479424807015,-0.04985482410573048,0.0571656256144384,-2.193495797669438,1.0,-5.530244473695643,-0.7215626404968208,0.039989471435546875,0.063983154296875
output-boba,tournament_k20_obs_rho1_post,ar1,tournament,20.0,obs,1.0,post,cell,1.0,0.0,20,600,0.20939594374896484,-0.024839889496548254,0.0571656256144384,-0.11862641201076776,1.0,-0.28355156951830335,0.004124184256821081,0.1893482208251953,0.21639796665736608
output-boba,tournament_k20_obs_rho1_post,ar1,tournament,20.0,obs,1.0,post,cell,1.0,20.0,20,600,0.12514782730766216,-0.008052407448486633,0.0571656256144384,-0.06434316617172006,1.0,-0.3296422044674268,0.12777169106921035,0.9854354858398438,0.9854354858398438
output-boba,tournament_k20_obs_rho1_post,ar1,tournament,20.0,obs,1.0,post,cell,5.0,0.0,20,600,0.7264068798293957,0.061119635306039845,0.0571656256144384,0.08413967020851239,1.0,0.033977292177681646,0.13602929913762943,0.009435653686523438,0.018871307373046875
output-boba,tournament_k20_obs_rho1_post,ar1,tournament,20.0,obs,1.0,post,cell,5.0,20.0,20,600,0.4553017321055197,0.0954726389590132,0.0571656256144384,0.20969091972812146,1.0,0.11765590979637215,0.29349912738997513,0.001209259033203125,0.009674072265625
output-boba,tournament_k20_obs_rho1_post,ar1,tournament,20.0,obs,1.0,post,pooled,,,20,4800,0.19799264279855544,-0.011027793505707466,0.0571656256144384,-0.055697996399429475,1.0,-0.19714425432228264,0.06442401969535641,0.8123550415039062,
output-boba,tournament_k20_obs_rho1_post,bias,tournament,20.0,obs,1.0,post,cell,0.05,0.0,20,600,0.013395489962064456,-0.05593544856009184,0.0571656256144384,-4.175692618821634,1.0,-9.27285243864564,-1.9832046562564354,0.001695889903397192,0.008900720465644224
output-boba,tournament_k20_obs_rho1_post,bias,tournament,20.0,obs,1.0,post,cell,0.05,20.0,20,600,0.008569131211679494,-0.04811993556980092,0.0571656256144384,-5.615497578589385,0.992,-26.0244902487152,-2.1589620189572476,0.017582795345746867,0.035165590691493734
output-boba,tournament_k20_obs_rho1_post,bias,tournament,20.0,obs,1.0,post,cell,0.25,0.0,20,600,0.04075634626349373,-0.06179938783203128,0.0571656256144384,-1.516313249291098,1.0,-3.0379036216692397,-0.7084465687897205,0.002225180116411056,0.008900720465644224
output-boba,tournament_k20_obs_rho1_post,bias,tournament,20.0,obs,1.0,post,cell,0.25,20.0,20,600,0.03844830317953616,-0.038810227995794214,0.0571656256144384,-1.0094132844970565,1.0,-2.1884961948667074,-0.2418719313788427,0.11398696899414062,0.182379150390625
output-boba,tournament_k20_obs_rho1_post,bias,tournament,20.0,obs,1.0,post,cell,1.0,0.0,20,600,0.24778106004099362,-0.039987166923344905,0.0571656256144384,-0.16138104710961085,1.0,-0.2556470314929678,-0.06573877231181811,0.0042209625244140625,0.011255900065104166
output-boba,tournament_k20_obs_rho1_post,bias,tournament,20.0,obs,1.0,post,cell,1.0,20.0,20,600,0.15642646108862632,-0.00506937475625732,0.0571656256144384,-0.032407399112514425,1.0,-0.2002014253202097,0.10884192474387183,0.9272785186767578,0.9272785186767578
output-boba,tournament_k20_obs_rho1_post,bias,tournament,20.0,obs,1.0,post,cell,5.0,0.0,20,600,0.7380725752210011,-0.02828094395227123,0.0571656256144384,-0.03831729412761755,1.0,-0.13626231737519715,0.04028130856385215,0.8123550415039062,0.9272785186767578
output-boba,tournament_k20_obs_rho1_post,bias,tournament,20.0,obs,1.0,post,cell,5.0,20.0,20,600,0.5685229542516816,0.02840625220113534,0.0571656256144384,0.049965004910883626,1.0,-0.04063061132470985,0.12028511197766022,0.34881019592285156,0.46508026123046875
output-boba,tournament_k20_obs_rho1_post,bias,tournament,20.0,obs,1.0,post,pooled,,,20,4800,0.22649654015238457,-0.03119952917355705,0.0571656256144384,-0.13774836980982721,1.0,-0.2483988022685543,-0.03328426156727353,0.023950576782226562,
output-boba,tournament_k20_obs_rho1_post,drift,tournament,20.0,obs,1.0,post,cell,0.05,0.0,20,600,0.007546259012326475,-0.0549800844596824,0.0571656256144384,-7.28574044037912,0.986,-28.412962162935816,-3.106607887356931,0.004848166082515941,0.009696332165031882
output-boba,tournament_k20_obs_rho1_post,drift,tournament,20.0,obs,1.0,post,cell,0.05,20.0,20,600,0.005545591729968432,-0.0504110525465139,0.0571656256144384,-9.090292794922512,0.993,-40.3626158416017,-3.2525560177631547,0.021801738635254905,0.034882781816407846
output-boba,tournament_k20_obs_rho1_post,drift,tournament,20.0,obs,1.0,post,cell,0.25,0.0,20,600,0.04441843487071276,-0.05875732484146767,0.0571656256144384,-1.3228139400339214,1.0,-2.4050061500902316,-0.6589410483597375,0.0002613067626953125,0.00104522705078125
output-boba,tournament_k20_obs_rho1_post,drift,tournament,20.0,obs,1.0,post,cell,0.25,20.0,20,600,0.03700249218932726,-0.03735635035504091,0.0571656256144384,-1.0095630900725037,1.0,-2.3462035745846173,-0.2636534304643728,0.04405403137207031,0.05873870849609375
output-boba,tournament_k20_obs_rho1_post,drift,tournament,20.0,obs,1.0,post,cell,1.0,0.0,20,600,0.25418753076862133,-0.05033213353681996,0.0571656256144384,-0.19801181192729578,1.0,-0.29841935661620256,-0.10700767336824271,0.0005855560302734375,0.0015614827473958333
output-boba,tournament_k20_obs_rho1_post,drift,tournament,20.0,obs,1.0,post,cell,1.0,20.0,20,600,0.16046191077310898,0.00905936041957588,0.0571656256144384,0.05645801159868834,1.0,-0.12321507868063411,0.20445055438997392,0.4304332733154297,0.4304332733154297
output-boba,tournament_k20_obs_rho1_post,drift,tournament,20.0,obs,1.0,post,cell,5.0,0.0,20,600,0.7552009810904712,0.03210534022973978,0.0571656256144384,0.042512312660639456,1.0,-0.013165359732092331,0.09865611996153732,0.2305126190185547,0.2634429931640625
output-boba,tournament_k20_obs_rho1_post,drift,tournament,20.0,obs,1.0,post,cell,5.0,20.0,20,600,0.6408456819973191,0.20641938339177393,0.0571656256144384,0.32210466449337405,1.0,0.25508667328515466,0.3765164601121521,1.9073486328125e-05,0.000152587890625
output-boba,tournament_k20_obs_rho1_post,drift,tournament,20.0,obs,1.0,post,pooled,,,20,4800,0.2381511103039819,-0.0005316077123044022,0.0571656256144384,-0.002232228569607948,1.0,-0.0999311506278063,0.08538597643415763,0.9272785186767578,
output-boba,tournament_k20_obs_rho1_post,gaussian,tournament,20.0,obs,1.0,post,cell,0.05,0.0,20,600,0.006930780737448017,-0.06103417058217582,0.0571656256144384,-8.806247505767903,0.981,-55.96953283864711,-2.7658297456889227,0.004337022178897667,0.014882405598958334
output-boba,tournament_k20_obs_rho1_post,gaussian,tournament,20.0,obs,1.0,post,cell,0.05,20.0,20,600,0.002573926727981019,-0.058576887221788124,0.0571656256144384,-22.75779127082443,0.798,,,0.014097354120504295,0.02255576659280687
output-boba,tournament_k20_obs_rho1_post,gaussian,tournament,20.0,obs,1.0,post,cell,0.25,0.0,20,600,0.049786948458824795,-0.04363555699858214,0.0571656256144384,-0.8764457021235188,1.0,-1.6464359065050655,-0.34779426352580745,0.012595170865161685,0.02255576659280687
output-boba,tournament_k20_obs_rho1_post,gaussian,tournament,20.0,obs,1.0,post,cell,0.25,20.0,20,600,0.032441606005650915,-0.04213393145430605,0.0571656256144384,-1.2987621958964317,1.0,-2.5790507417225377,-0.4875374768385089,0.05316925048828125,0.070892333984375
output-boba,tournament_k20_obs_rho1_post,gaussian,tournament,20.0,obs,1.0,post,cell,1.0,0.0,20,600,0.2561344386822541,-0.04601917935562812,0.0571656256144384,-0.1796680664747192,1.0,-0.2903870505030107,-0.0737336827334986,0.005580902099609375,0.014882405598958334
output-boba,tournament_k20_obs_rho1_post,gaussian,tournament,20.0,obs,1.0,post,cell,1.0,20.0,20,600,0.12941445146457056,-0.014487511246198636,0.0571656256144384,-0.11194662637939505,1.0,-0.34486819555212805,0.06596697418940492,0.3117942810058594,0.3117942810058594
output-boba,tournament_k20_obs_rho1_post,gaussian,tournament,20.0,obs,1.0,post,cell,5.0,0.0,20,600,0.7731111054368147,0.025763165915564278,0.0571656256144384,0.033324014794753026,1.0,-0.05863860494286271,0.1204092250883569,0.2305126190185547,0.2634429931640625
output-boba,tournament_k20_obs_rho1_post,gaussian,tournament,20.0,obs,1.0,post,cell,5.0,20.0,20,600,0.5199289879562881,0.10194309688898003,0.0571656256144384,0.19607119289442404,1.0,0.09779373492834927,0.2893624296993869,0.0019855499267578125,0.014882405598958334
output-boba,tournament_k20_obs_rho1_post,gaussian,tournament,20.0,obs,1.0,post,pooled,,,20,4800,0.221290280683729,-0.017272621756766825,0.0571656256144384,-0.07805413641936261,1.0,-0.20281472702013043,0.035841579181235345,0.3299827575683594,
output-boba,tournament_k25_lcb_rho0.5_look,ar1,tournament,25.0,lcb,0.5,look,cell,0.05,0.0,20,600,0.007283275356432553,-0.06742400701356681,0.06925945524931862,-9.257374424820867,0.949,,,0.0018466307707454856,0.003693261541490971
output-boba,tournament_k25_lcb_rho0.5_look,ar1,tournament,25.0,lcb,0.5,look,cell,0.05,20.0,20,600,-0.0005775368818208183,-0.07053115108812788,0.06925945524931862,,0.475,,,0.0014324188232421875,0.003693261541490971
output-boba,tournament_k25_lcb_rho0.5_look,ar1,tournament,25.0,lcb,0.5,look,cell,0.25,0.0,20,600,0.03825454149748255,-0.057202680470154865,0.06925945524931862,-1.4953173722894901,1.0,-3.616598478886846,-0.46697073291713564,0.02422372469374016,0.03229829959165355
output-boba,tournament_k25_lcb_rho0.5_look,ar1,tournament,25.0,lcb,0.5,look,cell,0.25,20.0,20,600,0.022728479424807015,-0.05551109212950521,0.06925945524931862,-2.4423583774336257,1.0,-5.985531382926328,-0.8491602742664756,0.013616561889648438,0.0217864990234375
output-boba,tournament_k25_lcb_rho0.5_look,ar1,tournament,25.0,lcb,0.5,look,cell,1.0,0.0,20,600,0.20939594374896484,-0.01800409690330942,0.06925945524931862,-0.08598111587535671,1.0,-0.29514135605388786,0.07476025338690673,0.8408222198486328,0.8408222198486328
output-boba,tournament_k25_lcb_rho0.5_look,ar1,tournament,25.0,lcb,0.5,look,cell,1.0,20.0,20,600,0.12514782730766216,0.0014741148959041377,0.06925945524931862,0.011778989117247625,1.0,-0.3939314867635943,0.2751024734811167,0.47490501403808594,0.5427485874720982
output-boba,tournament_k25_lcb_rho0.5_look,ar1,tournament,25.0,lcb,0.5,look,cell,5.0,0.0,20,600,0.7264068798293957,0.13969292298862762,0.06925945524931862,0.19230671799451565,1.0,0.12784468248595632,0.25285170370972243,6.29425048828125e-05,0.00025177001953125
output-boba,tournament_k25_lcb_rho0.5_look,ar1,tournament,25.0,lcb,0.5,look,cell,5.0,20.0,20,600,0.4553017321055197,0.18658636930636074,0.06925945524931862,0.40980816928479835,1.0,0.3182350093556105,0.49256936903090337,3.62396240234375e-05,0.00025177001953125
output-boba,tournament_k25_lcb_rho0.5_look,ar1,tournament,25.0,lcb,0.5,look,pooled,,,20,4800,0.19799264279855544,0.007385047448278548,0.06925945524931862,0.03729960539893571,1.0,-0.15323316228838657,0.18943256530109487,0.2773551940917969,
output-boba,tournament_k25_lcb_rho0.5_look,bias,tournament,25.0,lcb,0.5,look,cell,0.05,0.0,20,600,0.013395489962064456,-0.06640348275618578,0.06925945524931862,-4.9571522164727115,1.0,-10.696929772953347,-2.371121484877306,0.0005385174873341328,0.0014360466328910207
output-boba,tournament_k25_lcb_rho0.5_look,bias,tournament,25.0,lcb,0.5,look,cell,0.05,20.0,20,600,0.008569131211679494,-0.05999372802719573,0.06925945524931862,-7.001144753790897,0.992,-28.318392048574808,-3.1696291052188617,0.0031528472900390625,0.006305694580078125
output-boba,tournament_k25_lcb_rho0.5_look,bias,tournament,25.0,lcb,0.5,look,cell,0.25,0.0,20,600,0.04075634626349373,-0.08261502981042625,0.06925945524931862,-2.027047009472146,1.0,-4.017178316130617,-1.0070475847461586,0.0004633944245426167,0.0014360466328910207
output-boba,tournament_k25_lcb_rho0.5_look,bias,tournament,25.0,lcb,0.5,look,cell,0.25,20.0,20,600,0.03844830317953616,-0.04371648479071512,0.06925945524931862,-1.1370198728037213,1.0,-2.664679383538051,-0.24305648912682953,0.09730720520019531,0.11120823451450892
output-boba,tournament_k25_lcb_rho0.5_look,bias,tournament,25.0,lcb,0.5,look,cell,1.0,0.0,20,600,0.24778106004099362,-0.030318989162759935,0.06925945524931862,-0.12236201248692645,1.0,-0.266844806745175,0.006699432476375275,0.17685317993164062,0.17685317993164062
output-boba,tournament_k25_lcb_rho0.5_look,bias,tournament,25.0,lcb,0.5,look,cell,1.0,20.0,20,600,0.15642646108862632,0.02108508595346202,0.06925945524931862,0.13479232226263735,1.0,-0.10234003579661582,0.32005885874187373,0.069580078125,0.0927734375
output-boba,tournament_k25_lcb_rho0.5_look,bias,tournament,25.0,lcb,0.5,look,cell,5.0,0.0,20,600,0.7380725752210011,0.07739745325292961,0.06925945524931862,0.10486428550709188,1.0,0.03048557152691016,0.16979549190014986,0.01531219482421875,0.02449951171875
output-boba,tournament_k25_lcb_rho0.5_look,bias,tournament,25.0,lcb,0.5,look,cell,5.0,20.0,20,600,0.5685229542516816,0.23495769056637877,0.06925945524931862,0.41327740385723183,1.0,0.32083432267710904,0.5022719304748559,1.9073486328125e-06,1.52587890625e-05
output-boba,tournament_k25_lcb_rho0.5_look,bias,tournament,25.0,lcb,0.5,look,pooled,,,20,4800,0.22649654015238457,0.006299064403185966,0.06925945524931862,0.027810863684487274,1.0,-0.12572468141222926,0.1577367040446654,0.3117942810058594,
output-boba,tournament_k25_lcb_rho0.5_look,drift,tournament,25.0,lcb,0.5,look,cell,0.05,0.0,20,600,0.007546259012326475,-0.06651201068725057,0.06925945524931862,-8.813905085765834,0.986,-34.079844055087065,-3.756793810079272,0.001695889903397192,0.003391779806794384
output-boba,tournament_k25_lcb_rho0.5_look,drift,tournament,25.0,lcb,0.5,look,cell,0.05,20.0,20,600,0.005545591729968432,-0.06562351832681897,0.06925945524931862,-11.833456468168912,0.993,-50.93378505023607,-4.3317685729254,0.001284705613291876,0.003391779806794384
output-boba,tournament_k25_lcb_rho0.5_look,drift,tournament,25.0,lcb,0.5,look,cell,0.25,0.0,20,600,0.04441843487071276,-0.06628632410448837,0.06925945524931862,-1.492315618445939,1.0,-2.5248393387934454,-0.825191334304581,4.76837158203125e-05,0.00019073486328125
output-boba,tournament_k25_lcb_rho0.5_look,drift,tournament,25.0,lcb,0.5,look,cell,0.25,20.0,20,600,0.03700249218932726,-0.044717163210779606,0.06925945524931862,-1.2084905790123377,1.0,-2.8135444988531084,-0.3497563039182152,0.029575347900390625,0.03380039760044643
output-boba,tournament_k25_lcb_rho0.5_look,drift,tournament,25.0,lcb,0.5,look,cell,1.0,0.0,20,600,0.25418753076862133,-0.043995037743537815,0.06925945524931862,-0.17308102254467025,1.0,-0.3126426456779851,-0.0407108926248439,0.023950576782226562,0.031934102376302086
output-boba,tournament_k25_lcb_rho0.5_look,drift,tournament,25.0,lcb,0.5,look,cell,1.0,20.0,20,600,0.16046191077310898,0.02506676492714004,0.06925945524931862,0.15621629336437426,1.0,-0.10264973300517413,0.3535463320758684,0.15364646911621094,0.15364646911621094
output-boba,tournament_k25_lcb_rho0.5_look,drift,tournament,25.0,lcb,0.5,look,cell,5.0,0.0,20,600,0.7552009810904712,0.07935489864318448,0.06925945524931862,0.10507785428006212,1.0,0.034842018214655865,0.16685401050995785,0.023950576782226562,0.031934102376302086
output-boba,tournament_k25_lcb_rho0.5_look,drift,tournament,25.0,lcb,0.5,look,cell,5.0,20.0,20,600,0.6408456819973191,0.2969382682849579,0.06925945524931862,0.46335377864994354,1.0,0.38290603099627196,0.5361133020570972,1.9073486328125e-06,1.52587890625e-05
output-boba,tournament_k25_lcb_rho0.5_look,drift,tournament,25.0,lcb,0.5,look,pooled,,,20,4800,0.2381511103039819,0.014278234722800893,0.06925945524931862,0.05995451671241761,1.0,-0.07307060955380068,0.17140199230406306,0.1893482208251953,
output-boba,tournament_k25_lcb_rho0.5_look,gaussian,tournament,25.0,lcb,0.5,look,cell,0.05,0.0,20,600,0.006930780737448017,-0.07179034272420917,0.06925945524931862,-10.358189855338448,0.981,-68.73412529792807,-3.4406853373451063,0.003285842366732921,0.0067535400390625
output-boba,tournament_k25_lcb_rho0.5_look,gaussian,tournament,25.0,lcb,0.5,look,cell,0.05,20.0,20,600,0.002573926727981019,-0.06748281970041434,0.06925945524931862,-26.217847993422748,0.798,,,0.0037622518256999957,0.0067535400390625
output-boba,tournament_k25_lcb_rho0.5_look,gaussian,tournament,25.0,lcb,0.5,look,cell,0.25,0.0,20,600,0.049786948458824795,-0.05736630631739879,0.06925945524931862,-1.1522358387729332,1.0,-2.1758665996957345,-0.5222824689750102,0.001695889903397192,0.0067535400390625
output-boba,tournament_k25_lcb_rho0.5_look,gaussian,tournament,25.0,lcb,0.5,look,cell,0.25,20.0,20,600,0.032441606005650915,-0.05223732950246903,0.06925945524931862,-1.610195546218333,1.0,-3.095148722447589,-0.6496491888504917,0.017181396484375,0.022908528645833332
output-boba,tournament_k25_lcb_rho0.5_look,gaussian,tournament,25.0,lcb,0.5,look,cell,1.0,0.0,20,600,0.2561344386822541,-0.04484651601895751,0.06925945524931862,-0.17508975462136728,1.0,-0.32703046119380463,-0.04483264994622979,0.026641845703125,0.030447823660714284
output-boba,tournament_k25_lcb_rho0.5_look,gaussian,tournament,25.0,lcb,0.5,look,cell,1.0,20.0,20,600,0.12941445146457056,-0.008012874925662748,0.06925945524931862,-0.061916384414428476,1.0,-0.3880355001889083,0.14975903225510362,0.6476554870605469,0.6476554870605469
output-boba,tournament_k25_lcb_rho0.5_look,gaussian,tournament,25.0,lcb,0.5,look,cell,5.0,0.0,20,600,0.7731111054368147,0.09285969738670644,0.06925945524931862,0.12011171063729562,1.0,0.03295885512137697,0.19777838715326027,0.0042209625244140625,0.0067535400390625
output-boba,tournament_k25_lcb_rho0.5_look,gaussian,tournament,25.0,lcb,0.5,look,cell,5.0,20.0,20,600,0.5199289879562881,0.1942608328475198,0.06925945524931862,0.37362954816408867,1.0,0.2751622761643774,0.46323217975762143,8.20159912109375e-05,0.0006561279296875
output-boba,tournament_k25_lcb_rho0.5_look,gaussian,tournament,25.0,lcb,0.5,look,pooled,,,20,4800,0.221290280683729,-0.001826957369360674,0.06925945524931862,-0.008255931366329575,1.0,-0.16121229394403858,0.12574029737024148,0.8123550415039062,
output-boba,tournament_k25_lcb_rho0.5_post,ar1,tournament,25.0,lcb,0.5,post,cell,0.05,0.0,20,600,0.007283275356432553,-0.08195478403650326,0.08268974935226348,-11.252462666281208,0.949,,,0.0021384380262505845,0.00542449951171875
output-boba,tournament_k25_lcb_rho0.5_post,ar1,tournament,25.0,lcb,0.5,post,cell,0.05,20.0,20,600,-0.0005775368818208183,-0.08478280025450388,0.08268974935226348,,0.475,,,0.0025431154240612964,0.00542449951171875
output-boba,tournament_k25_lcb_rho0.5_post,ar1,tournament,25.0,lcb,0.5,post,cell,0.25,0.0,20,600,0.03825454149748255,-0.06928200130033765,0.08268974935226348,-1.8110791186687456,1.0,-4.173282376590882,-0.6279161392850366,0.040135536373545506,0.05351404849806068
output-boba,tournament_k25_lcb_rho0.5_post,ar1,tournament,25.0,lcb,0.5,post,cell,0.25,20.0,20,600,0.022728479424807015,-0.06536622784972126,0.08268974935226348,-2.875961327108282,1.0,-7.186882486044437,-0.9287860964975283,0.03623390197753906,0.05351404849806068
output-boba,tournament_k25_lcb_rho0.5_post,ar1,tournament,25.0,lcb,0.5,post,cell,1.0,0.0,20,600,0.20939594374896484,-0.03519377200844938,0.08268974935226348,-0.1680728450530139,1.0,-0.37183614389437614,-0.002479764275969541,0.15364646911621094,0.17559596470424108
output-boba,tournament_k25_lcb_rho0.5_post,ar1,tournament,25.0,lcb,0.5,post,cell,1.0,20.0,20,600,0.12514782730766216,-0.0008869768749203512,0.08268974935226348,-0.007087433269934572,1.0,-0.4546660850409965,0.2971536141860632,0.7011814117431641,0.7011814117431641
output-boba,tournament_k25_lcb_rho0.5_post,ar1,tournament,25.0,lcb,0.5,post,cell,5.0,0.0,20,600,0.7264068798293957,0.07904949083351273,0.08268974935226348,0.10882260758884654,1.0,0.052808269881526364,0.16236124031105387,0.002712249755859375,0.00542449951171875
output-boba,tournament_k25_lcb_rho0.5_post,ar1,tournament,25.0,lcb,0.5,post,cell,5.0,20.0,20,600,0.4553017321055197,0.17458857791320173,0.08268974935226348,0.3834568717887932,1.0,0.2889225783865364,0.47393503343002735,2.6702880859375e-05,0.000213623046875
output-boba,tournament_k25_lcb_rho0.5_post,ar1,tournament,25.0,lcb,0.5,post,pooled,,,20,4800,0.19799264279855544,-0.010478561697215156,0.08268974935226348,-0.05292399530156485,1.0,-0.2544076980395237,0.11823892759723052,0.8694877624511719,
output-boba,tournament_k25_lcb_rho0.5_post,bias,tournament,25.0,lcb,0.5,post,cell,0.05,0.0,20,600,0.013395489962064456,-0.07855627957571927,0.08268974935226348,-5.864382698817872,1.0,-13.004358303353285,-2.836774709072353,0.00029256438440193296,0.0023405150752154637
output-boba,tournament_k25_lcb_rho0.5_post,bias,tournament,25.0,lcb,0.5,post,cell,0.05,20.0,20,600,0.008569131211679494,-0.07288180623884806,0.08268974935226348,-8.505156991821076,0.992,-38.50752767253334,-3.5840749895226898,0.0037622518256999957,0.0097198486328125
output-boba,tournament_k25_lcb_rho0.5_post,bias,tournament,25.0,lcb,0.5,post,cell,0.25,0.0,20,600,0.04075634626349373,-0.09372044579068074,0.08268974935226348,-2.29953011942653,1.0,-4.679877362372308,-1.117450554963161,0.002225180116411056,0.008900720465644224
output-boba,tournament_k25_lcb_rho0.5_post,bias,tournament,25.0,lcb,0.5,post,cell,0.25,20.0,20,600,0.03844830317953616,-0.055350590410347934,0.08268974935226348,-1.4396107456780538,1.0,-3.082124669615907,-0.4380101158654119,0.10539817810058594,0.1405309041341146
output-boba,tournament_k25_lcb_rho0.5_post,bias,tournament,25.0,lcb,0.5,post,cell,1.0,0.0,20,600,0.24778106004099362,-0.049813463588409324,0.08268974935226348,-0.2010382213239706,1.0,-0.3316756957675957,-0.07604957730633267,0.006389617919921875,0.010223388671875
output-boba,tournament_k25_lcb_rho0.5_post,bias,tournament,25.0,lcb,0.5,post,cell,1.0,20.0,20,600,0.15642646108862632,-0.0023127940198147115,0.08268974935226348,-0.014785184064890116,1.0,-0.24445991664824482,0.15538027848420974,0.5705966949462891,0.5705966949462891
output-boba,tournament_k25_lcb_rho0.5_post,bias,tournament,25.0,lcb,0.5,post,cell,5.0,0.0,20,600,0.7380725752210011,0.0403349386644307,0.08268974935226348,0.0546490142278396,1.0,-0.007147971884135598,0.11366807263534608,0.16495704650878906,0.1885223388671875
output-boba,tournament_k25_lcb_rho0.5_post,bias,tournament,25.0,lcb,0.5,post,cell,5.0,20.0,20,600,0.5685229542516816,0.0922027493922744,0.08268974935226348,0.16217946646259213,1.0,0.051436065640504694,0.24742444668677702,0.00485992431640625,0.0097198486328125
output-boba,tournament_k25_lcb_rho0.5_post,bias,tournament,25.0,lcb,0.5,post,pooled,,,20,4800,0.22649654015238457,-0.027512211445889362,0.08268974935226348,-0.121468572665081,1.0,-0.2733576312150289,0.011761678224816956,0.2305126190185547,
output-boba,tournament_k25_lcb_rho0.5_post,drift,tournament,25.0,lcb,0.5,post,cell,0.05,0.0,20,600,0.007546259012326475,-0.07870287121036111,0.08268974935226348,-10.42938906308457,0.986,-40.30895338518393,-4.570888047336526,0.0011156286211977205,0.0029750096565272547
output-boba,tournament_k25_lcb_rho0.5_post,drift,tournament,25.0,lcb,0.5,post,cell,0.05,20.0,20,600,0.005545591729968432,-0.07990489129433807,0.08268974935226348,-14.40872231227035,0.993,-59.68753702152042,-5.423889005845352,0.004848166082515941,0.007441202799479167
output-boba,tournament_k25_lcb_rho0.5_post,drift,tournament,25.0,lcb,0.5,post,cell,0.25,0.0,20,600,0.04441843487071276,-0.07662493237581473,0.08268974935226348,-1.72507051630352,1.0,-3.1492916833389897,-0.8620715875517277,0.000850677490234375,0.0029750096565272547
output-boba,tournament_k25_lcb_rho0.5_post,drift,tournament,25.0,lcb,0.5,post,cell,0.25,20.0,20,600,0.03700249218932726,-0.053769701062543376,0.08268974935226348,-1.4531372856570004,1.0,-3.2932266685105134,-0.38081526758240886,0.082550048828125,0.09434291294642858
output-boba,tournament_k25_lcb_rho0.5_post,drift,tournament,25.0,lcb,0.5,post,cell,1.0,0.0,20,600,0.25418753076862133,-0.05881256287530261,0.08268974935226348,-0.23137469685260753,1.0,-0.37309107027667127,-0.09592017692078783,0.0031528472900390625,0.006305694580078125
output-boba,tournament_k25_lcb_rho0.5_post,drift,tournament,25.0,lcb,0.5,post,cell,1.0,20.0,20,600,0.16046191077310898,0.01626122101204288,0.08268974935226348,0.10134006839190661,1.0,-0.15596176182892216,0.28951259545568075,0.3117942810058594,0.3117942810058594
output-boba,tournament_k25_lcb_rho0.5_post,drift,tournament,25.0,lcb,0.5,post,cell,5.0,0.0,20,600,0.7552009810904712,0.08272312661374516,0.08268974935226348,0.10953789611647119,1.0,0.04890531382561771,0.1723893658640246,0.005580902099609375,0.007441202799479167
output-boba,tournament_k25_lcb_rho0.5_post,drift,tournament,25.0,lcb,0.5,post,cell,5.0,20.0,20,600,0.6408456819973191,0.30929508921992743,0.08268974935226348,0.4826358324767824,1.0,0.4080670061271242,0.537751881399177,5.7220458984375e-06,4.57763671875e-05
output-boba,tournament_k25_lcb_rho0.5_post,drift,tournament,25.0,lcb,0.5,post,pooled,,,20,4800,0.2381511103039819,0.007558059753419441,0.08268974935226348,0.03173640359590241,1.0,-0.10966240658709661,0.1567046996274027,0.5216732025146484,
output-boba,tournament_k25_lcb_rho0.5_post,gaussian,tournament,25.0,lcb,0.5,post,cell,0.05,0.0,20,600,0.006930780737448017,-0.08420208746339167,0.08268974935226348,-12.14900465808066,0.981,-77.1239102569341,-4.203430241461283,0.001176563999937216,0.004706255999748864
output-boba,tournament_k25_lcb_rho0.5_post,gaussian,tournament,25.0,lcb,0.5,post,cell,0.05,20.0,20,600,0.002573926727981019,-0.08328650720004467,0.08268974935226348,-32.35776150682206,0.798,,,0.004848166082515941,0.007757065732025506
output-boba,tournament_k25_lcb_rho0.5_post,gaussian,tournament,25.0,lcb,0.5,post,cell,0.25,0.0,20,600,0.049786948458824795,-0.0672926478240772,0.08268974935226348,-1.3516122178030276,1.0,-2.456651522767694,-0.6411908278877879,0.0042740329557000925,0.007757065732025506
output-boba,tournament_k25_lcb_rho0.5_post,gaussian,tournament,25.0,lcb,0.5,post,cell,0.25,20.0,20,600,0.032441606005650915,-0.05766926270471451,0.08268974935226348,-1.7776327933539806,1.0,-3.564930799759935,-0.6399935420156524,0.082550048828125,0.09434291294642858
output-boba,tournament_k25_lcb_rho0.5_post,gaussian,tournament,25.0,lcb,0.5,post,cell,1.0,0.0,20,600,0.2561344386822541,-0.058297930918337945,0.08268974935226348,-0.22760676470632307,1.0,-0.37738961901382156,-0.09386012879212405,0.0019855499267578125,0.0052947998046875
output-boba,tournament_k25_lcb_rho0.5_post,gaussian,tournament,25.0,lcb,0.5,post,cell,1.0,20.0,20,600,0.12941445146457056,-0.010354942490066878,0.08268974935226348,-0.08001380350402151,1.0,-0.4327418279179331,0.1607089582787144,0.9854354858398438,0.9854354858398438
output-boba,tournament_k25_lcb_rho0.5_post,gaussian,tournament,25.0,lcb,0.5,post,cell,5.0,0.0,20,600,0.7731111054368147,0.0869446884783224,0.08268974935226348,0.11246079362577242,1.0,0.03167477316626336,0.20153079588048264,0.01923370361328125,0.025644938151041668
output-boba,tournament_k25_lcb_rho0.5_post,gaussian,tournament,25.0,lcb,0.5,post,cell,5.0,20.0,20,600,0.5199289879562881,0.15641700334570158,0.08268974935226348,0.30084301312096107,1.0,0.20913897230010112,0.3864456295691842,2.6702880859375e-05,0.000213623046875
output-boba,tournament_k25_lcb_rho0.5_post,gaussian,tournament,25.0,lcb,0.5,post,pooled,,,20,4800,0.221290280683729,-0.014717710847076113,0.08268974935226348,-0.06650861846079385,1.0,-0.23675922952304143,0.08447993941944147,0.6215133666992188,
output-boba,tournament_k25_lcb_rho1_look,ar1,tournament,25.0,lcb,1.0,look,cell,0.05,0.0,20,600,0.007283275356432553,-0.06917302866777182,0.06925945524931862,-9.497516609292898,0.949,,,0.00034155628132162525,0.0009108167501910006
output-boba,tournament_k25_lcb_rho1_look,ar1,tournament,25.0,lcb,1.0,look,cell,0.05,20.0,20,600,-0.0005775368818208183,-0.07222222304147548,0.06925945524931862,,0.475,,,1.9073486328125e-06,1.52587890625e-05
output-boba,tournament_k25_lcb_rho1_look,ar1,tournament,25.0,lcb,1.0,look,cell,0.25,0.0,20,600,0.03825454149748255,-0.06710117315014923,0.06925945524931862,-1.7540707723438538,1.0,-3.9145787347177263,-0.7194761657398583,0.001695889903397192,0.002713423845435507
output-boba,tournament_k25_lcb_rho1_look,ar1,tournament,25.0,lcb,1.0,look,cell,0.25,20.0,20,600,0.022728479424807015,-0.0637686252639638,0.06925945524931862,-2.8056705454023243,1.0,-6.426756537968466,-1.213358447713162,0.0004825592041015625,0.000965118408203125
output-boba,tournament_k25_lcb_rho1_look,ar1,tournament,25.0,lcb,1.0,look,cell,1.0,0.0,20,600,0.20939594374896484,-0.06297860060879826,0.06925945524931862,-0.300763231040905,1.0,-0.5052871964830364,-0.14762394911310606,0.0003223419189453125,0.0009108167501910006
output-boba,tournament_k25_lcb_rho1_look,ar1,tournament,25.0,lcb,1.0,look,cell,1.0,20.0,20,600,0.12514782730766216,-0.02939361055478538,0.06925945524931862,-0.23487112151395503,1.0,-0.6345726543997566,0.04067817969036418,0.1230926513671875,0.1230926513671875
output-boba,tournament_k25_lcb_rho1_look,ar1,tournament,25.0,lcb,1.0,look,cell,5.0,0.0,20,600,0.7264068798293957,0.05454319173125179,0.06925945524931862,0.07508628187010266,1.0,0.009824656471108464,0.1340687299415624,0.058258056640625,0.06658063616071429
output-boba,tournament_k25_lcb_rho1_look,ar1,tournament,25.0,lcb,1.0,look,cell,5.0,20.0,20,600,0.4553017321055197,0.10608534108987955,0.06925945524931862,0.23300008238337527,1.0,0.13204689447856097,0.3246896377857614,0.00365447998046875,0.004872639973958333
output-boba,tournament_k25_lcb_rho1_look,ar1,tournament,25.0,lcb,1.0,look,pooled,,,20,4800,0.19799264279855544,-0.025501091058226576,0.06925945524931862,-0.12879817501184762,1.0,-0.30646780076920815,0.011145519227757854,0.26109886169433594,
output-boba,tournament_k25_lcb_rho1_look,bias,tournament,25.0,lcb,1.0,look,cell,0.05,0.0,20,600,0.013395489962064456,-0.06967334311047937,0.06925945524931862,-5.201253803167466,1.0,-11.226586238995646,-2.589535661847199,0.0001318338889828333,0.0002636677779656666
output-boba,tournament_k25_lcb_rho1_look,bias,tournament,25.0,lcb,1.0,look,cell,0.05,20.0,20,600,0.008569131211679494,-0.0620999428717649,0.06925945524931862,-7.246935697182972,0.992,-28.981718039803468,-3.3914238213636723,0.0001049041748046875,0.0002636677779656666
output-boba,tournament_k25_lcb_rho1_look,bias,tournament,25.0,lcb,1.0,look,cell,0.25,0.0,20,600,0.04075634626349373,-0.0970203018615976,0.06925945524931862,-2.380495573237894,1.0,-4.526503649855257,-1.3544251201389057,1.9073486328125e-06,1.52587890625e-05
output-boba,tournament_k25_lcb_rho1_look,bias,tournament,25.0,lcb,1.0,look,cell,0.25,20.0,20,600,0.03844830317953616,-0.054877563970238505,0.06925945524931862,-1.427307824586826,1.0,-2.969741591672047,-0.5513620577773333,0.002712249755859375,0.0036163330078125
output-boba,tournament_k25_lcb_rho1_look,bias,tournament,25.0,lcb,1.0,look,cell,1.0,0.0,20,600,0.24778106004099362,-0.09623988755942361,0.06925945524931862,-0.3884069571076232,1.0,-0.5041027585683661,-0.2696317693483718,2.6702880859375e-05,0.0001068115234375
output-boba,tournament_k25_lcb_rho1_look,bias,tournament,25.0,lcb,1.0,look,cell,1.0,20.0,20,600,0.15642646108862632,-0.026213785831884735,0.06925945524931862,-0.1675789738478634,1.0,-0.4065967653512106,0.01569138428848589,0.17685317993164062,0.202117919921875
output-boba,tournament_k25_lcb_rho1_look,bias,tournament,25.0,lcb,1.0,look,cell,5.0,0.0,20,600,0.7380725752210011,-0.03369327362347961,0.06925945524931862,-0.04565035303390162,1.0,-0.11643276313279662,0.015430046508990939,0.2773551940917969,0.2773551940917969
output-boba,tournament_k25_lcb_rho1_look,bias,tournament,25.0,lcb,1.0,look,cell,5.0,20.0,20,600,0.5685229542516816,0.11996785915665327,0.06925945524931862,0.21101673777545354,1.0,0.10858156020911881,0.30089193773416684,0.0014324188232421875,0.0022918701171875
output-boba,tournament_k25_lcb_rho1_look,bias,tournament,25.0,lcb,1.0,look,pooled,,,20,4800,0.22649654015238457,-0.03998127995902687,0.06925945524931862,-0.17652048871089984,1.0,-0.30584962013363753,-0.059786285736526286,0.005580902099609375,
output-boba,tournament_k25_lcb_rho1_look,drift,tournament,25.0,lcb,1.0,look,cell,0.05,0.0,20,600,0.007546259012326475,-0.06870637505846539,0.06925945524931862,-9.10469345754454,0.986,-35.110235017360395,-3.9977254820231165,3.62396240234375e-05,7.2479248046875e-05
output-boba,tournament_k25_lcb_rho1_look,drift,tournament,25.0,lcb,1.0,look,cell,0.05,20.0,20,600,0.005545591729968432,-0.0680787140273371,0.06925945524931862,-12.27618572413816,0.993,-52.14407661817481,-4.81942082732766,1.9073486328125e-06,5.086263020833333e-06
output-boba,tournament_k25_lcb_rho1_look,drift,tournament,25.0,lcb,1.0,look,cell,0.25,0.0,20,600,0.04441843487071276,-0.08460554871061284,0.06925945524931862,-1.9047395289111684,1.0,-2.945563234262079,-1.2376373038312092,1.9073486328125e-06,5.086263020833333e-06
output-boba,tournament_k25_lcb_rho1_look,drift,tournament,25.0,lcb,1.0,look,cell,0.25,20.0,20,600,0.03700249218932726,-0.056905903093786216,0.06925945524931862,-1.5378937938185622,1.0,-3.2137498516869707,-0.6512748143018927,0.0005855560302734375,0.0007807413736979166
output-boba,tournament_k25_lcb_rho1_look,drift,tournament,25.0,lcb,1.0,look,cell,1.0,0.0,20,600,0.25418753076862133,-0.1014526873187213,0.06925945524931862,-0.3991253505313382,1.0,-0.5336313025711951,-0.2783635623745821,1.9073486328125e-06,5.086263020833333e-06
output-boba,tournament_k25_lcb_rho1_look,drift,tournament,25.0,lcb,1.0,look,cell,1.0,20.0,20,600,0.16046191077310898,-0.006649605886509112,0.06925945524931862,-0.04144040074352328,1.0,-0.3016526182830777,0.1731419387735548,0.7841262817382812,0.8961443219866071
output-boba,tournament_k25_lcb_rho1_look,drift,tournament,25.0,lcb,1.0,look,cell,5.0,0.0,20,600,0.7552009810904712,-0.022871681053265487,0.06925945524931862,-0.030285555270651215,1.0,-0.1421464044167218,0.06672473921226056,0.9272785186767578,0.9272785186767578
output-boba,tournament_k25_lcb_rho1_look,drift,tournament,25.0,lcb,1.0,look,cell,5.0,20.0,20,600,0.6408456819973191,0.18146467923345022,0.06925945524931862,0.28316439406735266,1.0,0.20986853047650966,0.34983250541784505,0.000133514404296875,0.000213623046875
output-boba,tournament_k25_lcb_rho1_look,drift,tournament,25.0,lcb,1.0,look,pooled,,,20,4800,0.2381511103039819,-0.02847572948940589,0.06925945524931862,-0.11957000516629451,1.0,-0.23087131631466545,-0.021492328428101365,0.021484375,
output-boba,tournament_k25_lcb_rho1_look,gaussian,tournament,25.0,lcb,1.0,look,cell,0.05,0.0,20,600,0.006930780737448017,-0.07348165796621416,0.06925945524931862,-10.602219396320253,0.981,-70.08995522613766,-3.584667820471008,0.000624865006410599,0.0009997840102569583
output-boba,tournament_k25_lcb_rho1_look,gaussian,tournament,25.0,lcb,1.0,look,cell,0.05,20.0,20,600,0.002573926727981019,-0.07065007879946643,0.06925945524931862,-27.448364412022,0.798,,,1.9073486328125e-06,1.52587890625e-05
output-boba,tournament_k25_lcb_rho1_look,gaussian,tournament,25.0,lcb,1.0,look,cell,0.25,0.0,20,600,0.049786948458824795,-0.07511911871137643,0.06925945524931862,-1.5088114663926842,1.0,-2.5493882875918707,-0.9147274503459967,0.0001318338889828333,0.0002636677779656666
output-boba,tournament_k25_lcb_rho1_look,gaussian,tournament,25.0,lcb,1.0,look,cell,0.25,20.0,20,600,0.032441606005650915,-0.06484186951028734,0.06925945524931862,-1.9987256333423415,1.0,-3.5328790019228467,-1.025854217579376,1.9073486328125e-05,5.0862630208333336e-05
output-boba,tournament_k25_lcb_rho1_look,gaussian,tournament,25.0,lcb,1.0,look,cell,1.0,0.0,20,600,0.2561344386822541,-0.10529209008839853,0.06925945524931862,-0.41108134708514515,1.0,-0.5294045219328879,-0.303081143939384,3.814697265625e-06,1.52587890625e-05
output-boba,tournament_k25_lcb_rho1_look,gaussian,tournament,25.0,lcb,1.0,look,cell,1.0,20.0,20,600,0.12941445146457056,-0.06064377405422403,0.06925945524931862,-0.46860125254888024,1.0,-0.8335593565228956,-0.20336142436492172,0.0031528472900390625,0.00420379638671875
output-boba,tournament_k25_lcb_rho1_look,gaussian,tournament,25.0,lcb,1.0,look,cell,5.0,0.0,20,600,0.7731111054368147,-0.01892121790579392,0.06925945524931862,-0.024474125093705983,1.0,-0.11491791035664901,0.06174154369737275,0.47490501403808594,0.47490501403808594
output-boba,tournament_k25_lcb_rho1_look,gaussian,tournament,25.0,lcb,1.0,look,cell,5.0,20.0,20,600,0.5199289879562881,0.0761218877142211,0.06925945524931862,0.14640823935098785,1.0,0.03890900960587211,0.2372600879569759,0.026641845703125,0.030447823660714284
output-boba,tournament_k25_lcb_rho1_look,gaussian,tournament,25.0,lcb,1.0,look,pooled,,,20,4800,0.221290280683729,-0.049103489915192464,0.06925945524931862,-0.2218962792377304,1.0,-0.3530293628867183,-0.10256197245139294,0.0005855560302734375,
output-boba,tournament_k25_lcb_rho1_post,ar1,tournament,25.0,lcb,1.0,post,cell,0.05,0.0,20,600,0.007283275356432553,-0.08264610580629163,0.08268974935226348,-11.347381742652225,0.949,,,0.001176563999937216,0.003137503999832576
output-boba,tournament_k25_lcb_rho1_post,ar1,tournament,25.0,lcb,1.0,post,cell,0.05,20.0,20,600,-0.0005775368818208183,-0.08500290605989917,0.08268974935226348,,0.475,,,0.0011156286211977205,0.003137503999832576
output-boba,tournament_k25_lcb_rho1_post,ar1,tournament,25.0,lcb,1.0,post,cell,0.25,0.0,20,600,0.03825454149748255,-0.07204813335932439,0.08268974935226348,-1.8833877113405142,1.0,-4.249365862555558,-0.7026500953541672,0.012595170865161685,0.020152273384258696
output-boba,tournament_k25_lcb_rho1_post,ar1,tournament,25.0,lcb,1.0,post,cell,0.25,20.0,20,600,0.022728479424807015,-0.06849154812418179,0.08268974935226348,-3.0134681183038863,1.0,-7.397986921333813,-1.09345333553464,0.026641845703125,0.0355224609375
output-boba,tournament_k25_lcb_rho1_post,ar1,tournament,25.0,lcb,1.0,post,cell,1.0,0.0,20,600,0.20939594374896484,-0.049155345959570364,0.08268974935226348,-0.2347483197597201,1.0,-0.4361940800081867,-0.0794104303381237,0.009435653686523438,0.018871307373046875
output-boba,tournament_k25_lcb_rho1_post,ar1,tournament,25.0,lcb,1.0,post,cell,1.0,20.0,20,600,0.12514782730766216,-0.02021749657200384,0.08268974935226348,-0.16154892183866165,1.0,-0.6052563385811144,0.13722784258908496,0.7561664581298828,0.7561664581298828
output-boba,tournament_k25_lcb_rho1_post,ar1,tournament,25.0,lcb,1.0,post,cell,5.0,0.0,20,600,0.7264068798293957,0.03428639463270077,0.08268974935226348,0.04719998610249024,1.0,-0.01855370347574694,0.11018634444793841,0.4304332733154297,0.49192374093191965
output-boba,tournament_k25_lcb_rho1_post,ar1,tournament,25.0,lcb,1.0,post,cell,5.0,20.0,20,600,0.4553017321055197,0.11640854823895978,0.08268974935226348,0.25567341398117327,1.0,0.17094412973398157,0.3353208975683331,0.0001678466796875,0.0013427734375
output-boba,tournament_k25_lcb_rho1_post,ar1,tournament,25.0,lcb,1.0,post,pooled,,,20,4800,0.19799264279855544,-0.028358324126201328,0.08268974935226348,-0.14322918127343787,1.0,-0.33356773183957705,0.01635213085700799,0.34881019592285156,
output-boba,tournament_k25_lcb_rho1_post,bias,tournament,25.0,lcb,1.0,post,cell,0.05,0.0,20,600,0.013395489962064456,-0.07880910544863651,0.08268974935226348,-5.88325665368128,1.0,-13.023524507009254,-2.850035300982794,0.00029256438440193296,0.0015614827473958333
output-boba,tournament_k25_lcb_rho1_post,bias,tournament,25.0,lcb,1.0,post,cell,0.05,20.0,20,600,0.008569131211679494,-0.07329403060409172,0.08268974935226348,-8.553262727987399,0.992,-38.64874012706845,-3.6117022983816995,0.0019440584341867799,0.0038881168683735597
output-boba,tournament_k25_lcb_rho1_post,bias,tournament,25.0,lcb,1.0,post,cell,0.25,0.0,20,600,0.04075634626349373,-0.09572192748878436,0.08268974935226348,-2.3486385867352486,1.0,-4.679754278656445,-1.1941657153113698,0.0005385174873341328,0.0015614827473958333
output-boba,tournament_k25_lcb_rho1_post,bias,tournament,25.0,lcb,1.0,post,cell,0.25,20.0,20,600,0.03844830317953616,-0.05749875019400771,0.08268974935226348,-1.4954821263636677,1.0,-3.1400867606401937,-0.49799310395981594,0.06372261047363281,0.08496348063151042
output-boba,tournament_k25_lcb_rho1_post,bias,tournament,25.0,lcb,1.0,post,cell,1.0,0.0,20,600,0.24778106004099362,-0.07153834584893912,0.08268974935226348,-0.28871595688993984,1.0,-0.41433645403070696,-0.16354593564326805,0.0005855560302734375,0.0015614827473958333
output-boba,tournament_k25_lcb_rho1_post,bias,tournament,25.0,lcb,1.0,post,cell,1.0,20.0,20,600,0.15642646108862632,-0.012003902490488686,0.08268974935226348,-0.07673831145286636,1.0,-0.30976288499729415,0.09862806305181387,0.8694877624511719,0.8694877624511719
output-boba,tournament_k25_lcb_rho1_post,bias,tournament,25.0,lcb,1.0,post,cell,5.0,0.0,20,600,0.7380725752210011,-0.01712449358518948,0.08268974935226348,-0.023201639188479388,1.0,-0.13586094361980222,0.058499566266153574,0.7011814117431641,0.8013501848493304
output-boba,tournament_k25_lcb_rho1_post,bias,tournament,25.0,lcb,1.0,post,cell,5.0,20.0,20,600,0.5685229542516816,0.07362579622029061,0.08268974935226348,0.12950364742475626,1.0,0.013010215981983769,0.22011379881204343,0.026641845703125,0.042626953125
output-boba,tournament_k25_lcb_rho1_post,bias,tournament,25.0,lcb,1.0,post,pooled,,,20,4800,0.22649654015238457,-0.04154559492998085,0.08268974935226348,-0.18342706207357248,1.0,-0.3211248590127253,-0.06487221439926764,0.01923370361328125,
output-boba,tournament_k25_lcb_rho1_post,drift,tournament,25.0,lcb,1.0,post,cell,0.05,0.0,20,600,0.007546259012326475,-0.07889047657416232,0.08268974935226348,-10.45424977400037,0.986,-40.38919734095076,-4.572029590345142,0.0011156286211977205,0.002231257242395441
output-boba,tournament_k25_lcb_rho1_post,drift,tournament,25.0,lcb,1.0,post,cell,0.05,20.0,20,600,0.005545591729968432,-0.07919541772391915,0.08268974935226348,-14.280787620182412,0.993,-59.59221160843919,-5.365774852356023,0.002225180116411056,0.0035602881862576894
output-boba,tournament_k25_lcb_rho1_post,drift,tournament,25.0,lcb,1.0,post,cell,0.25,0.0,20,600,0.04441843487071276,-0.07943867351492256,0.08268974935226348,-1.7884167631331909,1.0,-3.19676936916069,-0.9338675161408966,0.000133514404296875,0.0003560384114583333
output-boba,tournament_k25_lcb_rho1_post,drift,tournament,25.0,lcb,1.0,post,cell,0.25,20.0,20,600,0.03700249218932726,-0.05940645344948603,0.08268974935226348,-1.6054716840564813,1.0,-3.4846885692613654,-0.5232179872038822,0.026641845703125,0.0355224609375
output-boba,tournament_k25_lcb_rho1_post,drift,tournament,25.0,lcb,1.0,post,cell,1.0,0.0,20,600,0.25418753076862133,-0.07303920897841458,0.08268974935226348,-0.2873437920324259,1.0,-0.42823874174227683,-0.1581134478646043,0.000133514404296875,0.0003560384114583333
output-boba,tournament_k25_lcb_rho1_post,drift,tournament,25.0,lcb,1.0,post,cell,1.0,20.0,20,600,0.16046191077310898,-0.00176216420125173,0.08268974935226348,-0.010981822369941779,1.0,-0.2643831017654176,0.18017361714540783,0.7285060882568359,0.7285060882568359
output-boba,tournament_k25_lcb_rho1_post,drift,tournament,25.0,lcb,1.0,post,cell,5.0,0.0,20,600,0.7552009810904712,0.0536849694450108,0.08268974935226348,0.0710869964277489,1.0,0.010907928607764999,0.12993556208145107,0.03276824951171875,0.037449428013392856
output-boba,tournament_k25_lcb_rho1_post,drift,tournament,25.0,lcb,1.0,post,cell,5.0,20.0,20,600,0.6408456819973191,0.2307942189435331,0.08268974935226348,0.3601400858693757,1.0,0.2706999114525216,0.43548193072810987,1.9073486328125e-05,0.000152587890625
output-boba,tournament_k25_lcb_rho1_post,drift,tournament,25.0,lcb,1.0,post,pooled,,,20,4800,0.2381511103039819,-0.010906650756701565,0.08268974935226348,-0.04579718626035398,1.0,-0.18494320882575432,0.0810639105299782,0.8123550415039062,
output-boba,tournament_k25_lcb_rho1_post,gaussian,tournament,25.0,lcb,1.0,post,cell,0.05,0.0,20,600,0.006930780737448017,-0.08393508185900891,0.08268974935226348,-12.11048005104179,0.981,-76.4998667956681,-4.175533931763199,0.001176563999937216,0.003137503999832576
output-boba,tournament_k25_lcb_rho1_post,gaussian,tournament,25.0,lcb,1.0,post,cell,0.05,20.0,20,600,0.002573926727981019,-0.08363331088524831,0.08268974935226348,-32.49249870871423,0.798,,,0.0042740329557000925,0.006838452729120148
output-boba,tournament_k25_lcb_rho1_post,gaussian,tournament,25.0,lcb,1.0,post,cell,0.25,0.0,20,600,0.049786948458824795,-0.07269785306774872,0.08268974935226348,-1.46017892877833,1.0,-2.568517950979118,-0.7712564704515852,0.00025021619831076065,0.0010008647932430426
output-boba,tournament_k25_lcb_rho1_post,gaussian,tournament,25.0,lcb,1.0,post,cell,0.25,20.0,20,600,0.032441606005650915,-0.06372174448544304,0.08268974935226348,-1.9641982112212177,1.0,-3.6825953709995933,-0.8536234920463792,0.026641845703125,0.0355224609375
output-boba,tournament_k25_lcb_rho1_post,gaussian,tournament,25.0,lcb,1.0,post,cell,1.0,0.0,20,600,0.2561344386822541,-0.07206130024419687,0.08268974935226348,-0.28134170717117835,1.0,-0.42573698157999296,-0.14932996812993413,0.000209808349609375,0.0010008647932430426
output-boba,tournament_k25_lcb_rho1_post,gaussian,tournament,25.0,lcb,1.0,post,cell,1.0,20.0,20,600,0.12941445146457056,-0.03194186547957051,0.08268974935226348,-0.2468183817038018,1.0,-0.5930681199695194,-0.010673646388970587,0.082550048828125,0.09434291294642858
output-boba,tournament_k25_lcb_rho1_post,gaussian,tournament,25.0,lcb,1.0,post,cell,5.0,0.0,20,600,0.7731111054368147,0.03539046308765258,0.08268974935226348,0.045776684410265514,1.0,-0.0294430107646641,0.12379148765117946,0.21616744995117188,0.21616744995117188
output-boba,tournament_k25_lcb_rho1_post,gaussian,tournament,25.0,lcb,1.0,post,cell,5.0,20.0,20,600,0.5199289879562881,0.08445316008512758,0.08268974935226348,0.16243210523247034,1.0,0.0738793124312952,0.23726598300447582,0.0042209625244140625,0.006838452729120148
output-boba,tournament_k25_lcb_rho1_post,gaussian,tournament,25.0,lcb,1.0,post,pooled,,,20,4800,0.221290280683729,-0.03601844160605452,0.08268974935226348,-0.16276558326360727,1.0,-0.32061646110194825,-0.025434312865647436,0.039989471435546875,
output-boba,tournament_k25_obs_rho0.5_look,ar1,tournament,25.0,obs,0.5,look,cell,0.05,0.0,20,600,0.007283275356432553,-0.06746170148314654,0.06925945524931862,-9.262549908066388,0.949,,,0.0021384380262505845,0.004276876052501169
output-boba,tournament_k25_obs_rho0.5_look,ar1,tournament,25.0,obs,0.5,look,cell,0.05,20.0,20,600,-0.0005775368818208183,-0.07067796752913728,0.06925945524931862,,0.475,,,0.000133514404296875,0.0005340576171875
output-boba,tournament_k25_obs_rho0.5_look,ar1,tournament,25.0,obs,0.5,look,cell,0.25,0.0,20,600,0.03825454149748255,-0.058438929895957725,0.06925945524931862,-1.5276337817250656,1.0,-3.664171942956578,-0.5105791077796489,0.008903385115881386,0.014245416185410217
output-boba,tournament_k25_obs_rho0.5_look,ar1,tournament,25.0,obs,0.5,look,cell,0.25,20.0,20,600,0.022728479424807015,-0.05469528370085608,0.06925945524931862,-2.4064647123361396,1.0,-5.955236900972107,-0.7947752655775351,0.01923370361328125,0.025644938151041668
output-boba,tournament_k25_obs_rho0.5_look,ar1,tournament,25.0,obs,0.5,look,cell,1.0,0.0,20,600,0.20939594374896484,-0.01980407806301962,0.06925945524931862,-0.09457718095419182,1.0,-0.31031839690533536,0.056896889911263675,0.6476554870605469,0.6476554870605469
output-boba,tournament_k25_obs_rho0.5_look,ar1,tournament,25.0,obs,0.5,look,cell,1.0,20.0,20,600,0.12514782730766216,0.0055631545702888915,0.06925945524931862,0.04445266601882339,1.0,-0.35850162955165454,0.3135684457571751,0.3299827575683594,0.37712315150669645
output-boba,tournament_k25_obs_rho0.5_look,ar1,tournament,25.0,obs,0.5,look,cell,5.0,0.0,20,600,0.7264068798293957,0.11850464729157788,0.06925945524931862,0.1631381125126595,1.0,0.09033696198334067,0.22708723199941297,0.0010166168212890625,0.0027109781901041665
output-boba,tournament_k25_obs_rho0.5_look,ar1,tournament,25.0,obs,0.5,look,cell,5.0,20.0,20,600,0.4553017321055197,0.18927070693715678,0.06925945524931862,0.41570390268862806,1.0,0.331943736536685,0.48856335213390734,1.9073486328125e-05,0.000152587890625
output-boba,tournament_k25_obs_rho0.5_look,ar1,tournament,25.0,obs,0.5,look,pooled,,,20,4800,0.19799264279855544,0.005282568515863279,0.06925945524931862,0.026680630356744856,1.0,-0.160900514118824,0.1743963791170068,0.3117942810058594,
output-boba,tournament_k25_obs_rho0.5_look,bias,tournament,25.0,obs,0.5,look,cell,0.05,0.0,20,600,0.013395489962064456,-0.06623642256081524,0.06925945524931862,-4.944680840222672,1.0,-10.738437990227357,-2.3464718357550987,0.0011156286211977205,0.002231257242395441
output-boba,tournament_k25_obs_rho0.5_look,bias,tournament,25.0,obs,0.5,look,cell,0.05,20.0,20,600,0.008569131211679494,-0.05991503893835678,0.06925945524931862,-6.991961898855534,0.992,-28.29396127272339,-3.145741572520987,0.0023250579833984375,0.0037200927734375
output-boba,tournament_k25_obs_rho0.5_look,bias,tournament,25.0,obs,0.5,look,cell,0.25,0.0,20,600,0.04075634626349373,-0.08161687959743727,0.06925945524931862,-2.0025563398096637,1.0,-4.007952319369454,-0.9745062315048911,0.0005385174873341328,0.002154069949336531
output-boba,tournament_k25_obs_rho0.5_look,bias,tournament,25.0,obs,0.5,look,cell,0.25,20.0,20,600,0.03844830317953616,-0.04538434096507202,0.06925945524931862,-1.1803990608674642,1.0,-2.7249861045021797,-0.2764801119847042,0.09730720520019531,0.11120823451450892
output-boba,tournament_k25_obs_rho0.5_look,bias,tournament,25.0,obs,0.5,look,cell,1.0,0.0,20,600,0.24778106004099362,-0.029438579315819547,0.06925945524931862,-0.11880883595763592,1.0,-0.26318223218375175,0.013705195288698005,0.2305126190185547,0.2305126190185547
output-boba,tournament_k25_obs_rho0.5_look,bias,tournament,25.0,obs,0.5,look,cell,1.0,20.0,20,600,0.15642646108862632,0.01903828108027524,0.06925945524931862,0.1217075483762862,1.0,-0.11450876041523314,0.3051462263787831,0.082550048828125,0.11006673177083333
output-boba,tournament_k25_obs_rho0.5_look,bias,tournament,25.0,obs,0.5,look,cell,5.0,0.0,20,600,0.7380725752210011,0.0922197020749321,0.06925945524931862,0.1249466585956249,1.0,0.06547728530202529,0.18066055456286015,0.000850677490234375,0.002231257242395441
output-boba,tournament_k25_obs_rho0.5_look,bias,tournament,25.0,obs,0.5,look,cell,5.0,20.0,20,600,0.5685229542516816,0.2226267337784284,0.06925945524931862,0.39158794225197263,1.0,0.2908594541624983,0.4836567626682247,1.9073486328125e-06,1.52587890625e-05
output-boba,tournament_k25_obs_rho0.5_look,bias,tournament,25.0,obs,0.5,look,pooled,,,20,4800,0.22649654015238457,0.006411681944516879,0.06925945524931862,0.02830807896757789,1.0,-0.12416977724377226,0.15996276789960717,0.36827659606933594,
output-boba,tournament_k25_obs_rho0.5_look,drift,tournament,25.0,obs,0.5,look,cell,0.05,0.0,20,600,0.007546259012326475,-0.06653393688590706,0.06925945524931862,-8.816810657734761,0.986,-34.037730137162214,-3.7426752711494626,0.0014771661952373803,0.0029543323904747607
output-boba,tournament_k25_obs_rho0.5_look,drift,tournament,25.0,obs,0.5,look,cell,0.05,20.0,20,600,0.005545591729968432,-0.06586768382070864,0.06925945524931862,-11.877485222137617,0.993,-51.10758159187304,-4.418162401646111,0.0007239534999888531,0.0019305426666369415
output-boba,tournament_k25_obs_rho0.5_look,drift,tournament,25.0,obs,0.5,look,cell,0.25,0.0,20,600,0.04441843487071276,-0.06402764002844806,0.06925945524931862,-1.4414654684437025,1.0,-2.461224427354592,-0.7657513801193614,0.000133514404296875,0.0005340576171875
output-boba,tournament_k25_obs_rho0.5_look,drift,tournament,25.0,obs,0.5,look,cell,0.25,20.0,20,600,0.03700249218932726,-0.04558925580187493,0.06925945524931862,-1.232059061552194,1.0,-2.817215264227207,-0.3724751340890881,0.012079238891601562,0.01610565185546875
output-boba,tournament_k25_obs_rho0.5_look,drift,tournament,25.0,obs,0.5,look,cell,1.0,0.0,20,600,0.25418753076862133,-0.04066423349346222,0.06925945524931862,-0.15997729460017276,1.0,-0.2979854364174495,-0.026562155139245067,0.03276824951171875,0.037449428013392856
output-boba,tournament_k25_obs_rho0.5_look,drift,tournament,25.0,obs,0.5,look,cell,1.0,20.0,20,600,0.16046191077310898,0.024326446129079072,0.06925945524931862,0.15160262028461288,1.0,-0.1080779181566714,0.3536519821477735,0.16495704650878906,0.16495704650878906
output-boba,tournament_k25_obs_rho0.5_look,drift,tournament,25.0,obs,0.5,look,cell,5.0,0.0,20,600,0.7552009810904712,0.08890250134774025,0.06925945524931862,0.11772032025086836,1.0,0.053806820752516346,0.17214340607295964,0.005580902099609375,0.008929443359375
output-boba,tournament_k25_obs_rho0.5_look,drift,tournament,25.0,obs,0.5,look,cell,5.0,20.0,20,600,0.6408456819973191,0.28549436811080897,0.06925945524931862,0.4454962811343454,1.0,0.3760044688500789,0.5070538699380712,5.7220458984375e-06,4.57763671875e-05
output-boba,tournament_k25_obs_rho0.5_look,drift,tournament,25.0,obs,0.5,look,pooled,,,20,4800,0.2381511103039819,0.014505070694653432,0.06925945524931862,0.06090700428034455,1.0,-0.0690993176514295,0.17308640583140514,0.20244979858398438,
output-boba,tournament_k25_obs_rho0.5_look,gaussian,tournament,25.0,obs,0.5,look,cell,0.05,0.0,20,600,0.006930780737448017,-0.07174364469198402,0.06925945524931862,-10.351452081630958,0.981,-68.56019518092782,-3.4330283436091436,0.0024719854430073768,0.004643365518155464
output-boba,tournament_k25_obs_rho0.5_look,gaussian,tournament,25.0,obs,0.5,look,cell,0.05,20.0,20,600,0.002573926727981019,-0.06781462930220086,0.06925945524931862,-26.346759822255883,0.798,,,0.001695889903397192,0.004522373075725845
output-boba,tournament_k25_obs_rho0.5_look,gaussian,tournament,25.0,obs,0.5,look,cell,0.25,0.0,20,600,0.049786948458824795,-0.056794413025455924,0.06925945524931862,-1.1407490272762248,1.0,-2.165272981132096,-0.5087249536003259,0.002902103448847165,0.004643365518155464
output-boba,tournament_k25_obs_rho0.5_look,gaussian,tournament,25.0,obs,0.5,look,cell,0.25,20.0,20,600,0.032441606005650915,-0.05124267637686788,0.06925945524931862,-1.579535747026274,1.0,-3.0778995343886746,-0.6302780758404307,0.021484375,0.028645833333333332
output-boba,tournament_k25_obs_rho0.5_look,gaussian,tournament,25.0,obs,0.5,look,cell,1.0,0.0,20,600,0.2561344386822541,-0.04262372317265552,0.06925945524931862,-0.16641152744606943,1.0,-0.3151759374386924,-0.04079102405926473,0.039989471435546875,0.04570225306919643
output-boba,tournament_k25_obs_rho0.5_look,gaussian,tournament,25.0,obs,0.5,look,cell,1.0,20.0,20,600,0.12941445146457056,-0.007355484249940504,0.06925945524931862,-0.05683665283667485,1.0,-0.37913018652507824,0.15034400631738087,0.7561664581298828,0.7561664581298828
output-boba,tournament_k25_obs_rho0.5_look,gaussian,tournament,25.0,obs,0.5,look,cell,5.0,0.0,20,600,0.7731111054368147,0.11124800029118276,0.06925945524931862,0.14389652342185233,1.0,0.07902993110157874,0.21321437195202428,0.0003948211669921875,0.00157928466796875
output-boba,tournament_k25_obs_rho0.5_look,gaussian,tournament,25.0,obs,0.5,look,cell,5.0,20.0,20,600,0.5199289879562881,0.1876013879901514,0.06925945524931862,0.3608211743060643,1.0,0.2533008506049107,0.45128280660467085,0.0001049041748046875,0.0008392333984375
output-boba,tournament_k25_obs_rho0.5_look,gaussian,tournament,25.0,obs,0.5,look,pooled,,,20,4800,0.221290280683729,0.00015935218277868257,0.06925945524931862,0.000720104752392767,1.0,-0.15785128506966853,0.1402818529753536,0.6742229461669922,
output-boba,tournament_k25_obs_rho0.5_post,ar1,tournament,25.0,obs,0.5,post,cell,0.05,0.0,20,600,0.007283275356432553,-0.081667016159261,0.08268974935226348,-11.21295188807232,0.949,,,0.0024719854430073768,0.006781641130830123
output-boba,tournament_k25_obs_rho0.5_post,ar1,tournament,25.0,obs,0.5,post,cell,0.05,20.0,20,600,-0.0005775368818208183,-0.08480496805936512,0.08268974935226348,,0.475,,,0.0025431154240612964,0.006781641130830123
output-boba,tournament_k25_obs_rho0.5_post,ar1,tournament,25.0,obs,0.5,post,cell,0.25,0.0,20,600,0.03825454149748255,-0.0687563382426654,0.08268974935226348,-1.7973379251504062,1.0,-4.124805019724738,-0.6300692311658753,0.03293821172843571,0.05270113876549713
output-boba,tournament_k25_obs_rho0.5_post,ar1,tournament,25.0,obs,0.5,post,cell,0.25,20.0,20,600,0.022728479424807015,-0.06381927807741465,0.08268974935226348,-2.807899150867042,1.0,-7.03541406960222,-0.8864943452240467,0.04405403137207031,0.05873870849609375
output-boba,tournament_k25_obs_rho0.5_post,ar1,tournament,25.0,obs,0.5,post,cell,1.0,0.0,20,600,0.20939594374896484,-0.03504633913062062,0.08268974935226348,-0.16736875845425195,1.0,-0.3745512961133921,-0.0057842502745224025,0.14290618896484375,0.16332135881696427
output-boba,tournament_k25_obs_rho0.5_post,ar1,tournament,25.0,obs,0.5,post,cell,1.0,20.0,20,600,0.12514782730766216,0.003228208239941255,0.08268974935226348,0.025795160086999034,1.0,-0.4151345531513207,0.3231157088342341,0.49800872802734375,0.49800872802734375
output-boba,tournament_k25_obs_rho0.5_post,ar1,tournament,25.0,obs,0.5,post,cell,5.0,0.0,20,600,0.7264068798293957,0.06912572439336327,0.08268974935226348,0.09516116423566663,1.0,0.03344411711069112,0.1514524801334001,0.009435653686523438,0.018871307373046875
output-boba,tournament_k25_obs_rho0.5_post,ar1,tournament,25.0,obs,0.5,post,cell,5.0,20.0,20,600,0.4553017321055197,0.1713966408621052,0.08268974935226348,0.37644627458255026,1.0,0.27389208272066196,0.4694086647022129,4.76837158203125e-05,0.0003814697265625
output-boba,tournament_k25_obs_rho0.5_post,ar1,tournament,25.0,obs,0.5,post,pooled,,,20,4800,0.19799264279855544,-0.011292920771739627,0.08268974935226348,-0.057037072752392295,1.0,-0.2572240801678966,0.11238411763652295,0.8983173370361328,
output-boba,tournament_k25_obs_rho0.5_post,bias,tournament,25.0,obs,0.5,post,cell,0.05,0.0,20,600,0.013395489962064456,-0.07828518762898254,0.08268974935226348,-5.844145145170753,1.0,-12.933731768764591,-2.822561050434008,0.00039814247498266234,0.0031851397998612987
output-boba,tournament_k25_obs_rho0.5_post,bias,tournament,25.0,obs,0.5,post,cell,0.05,20.0,20,600,0.008569131211679494,-0.07228990120657104,0.08268974935226348,-8.436082891115246,0.992,-38.25508969887772,-3.51726895619108,0.002902103448847165,0.006305694580078125
output-boba,tournament_k25_obs_rho0.5_post,bias,tournament,25.0,obs,0.5,post,cell,0.25,0.0,20,600,0.04075634626349373,-0.09249576749731148,0.08268974935226348,-2.269481344066452,1.0,-4.555931583846267,-1.1295762563449039,0.001284705613291876,0.005138822453167504
output-boba,tournament_k25_obs_rho0.5_post,bias,tournament,25.0,obs,0.5,post,cell,0.25,20.0,20,600,0.03844830317953616,-0.05698997348855345,0.08268974935226348,-1.4822493784039334,1.0,-3.1418705308718806,-0.4757759927746126,0.082550048828125,0.11006673177083333
output-boba,tournament_k25_obs_rho0.5_post,bias,tournament,25.0,obs,0.5,post,cell,1.0,0.0,20,600,0.24778106004099362,-0.05471852639151007,0.08268974935226348,-0.22083417668185484,1.0,-0.3516989865673475,-0.09846693261484396,0.0031528472900390625,0.006305694580078125
output-boba,tournament_k25_obs_rho0.5_post,bias,tournament,25.0,obs,0.5,post,cell,1.0,20.0,20,600,0.15642646108862632,-0.002958581787925087,0.08268974935226348,-0.018913563391610884,1.0,-0.24701929156760763,0.15475383828344363,0.5958194732666016,0.5958194732666016
output-boba,tournament_k25_obs_rho0.5_post,bias,tournament,25.0,obs,0.5,post,cell,5.0,0.0,20,600,0.7380725752210011,0.01962775377936628,0.08268974935226348,0.026593257138011316,1.0,-0.058997242866344744,0.09660909481778984,0.2773551940917969,0.3169773646763393
output-boba,tournament_k25_obs_rho0.5_post,bias,tournament,25.0,obs,0.5,post,cell,5.0,20.0,20,600,0.5685229542516816,0.09985305911822243,0.08268974935226348,0.17563593232511432,1.0,0.05890822729897219,0.26150990016402764,0.006389617919921875,0.010223388671875
output-boba,tournament_k25_obs_rho0.5_post,bias,tournament,25.0,obs,0.5,post,pooled,,,20,4800,0.22649654015238457,-0.029782140637908107,0.08268974935226348,-0.1314904881896694,1.0,-0.2870207307914334,0.0002557938525320255,0.21616744995117188,
output-boba,tournament_k25_obs_rho0.5_post,drift,tournament,25.0,obs,0.5,post,cell,0.05,0.0,20,600,0.007546259012326475,-0.07893121616115144,0.08268974935226348,-10.459648420789803,0.986,-40.37897134286479,-4.607351731316761,0.0009673344724417701,0.0027109781901041665
output-boba,tournament_k25_obs_rho0.5_post,drift,tournament,25.0,obs,0.5,post,cell,0.05,20.0,20,600,0.005545591729968432,-0.07970488889690722,0.08268974935226348,-14.372657198361939,0.993,-59.54177242668411,-5.402855036555565,0.0025431154240612964,0.005086230848122593
output-boba,tournament_k25_obs_rho0.5_post,drift,tournament,25.0,obs,0.5,post,cell,0.25,0.0,20,600,0.04441843487071276,-0.07689482761098945,0.08268974935226348,-1.7311467149800446,1.0,-3.1668802994556042,-0.8508953218694629,0.0010166168212890625,0.0027109781901041665
output-boba,tournament_k25_obs_rho0.5_post,drift,tournament,25.0,obs,0.5,post,cell,0.25,20.0,20,600,0.03700249218932726,-0.051810877434174306,0.08268974935226348,-1.4001996722025731,1.0,-3.24748521756347,-0.35197006684281323,0.069580078125,0.07952008928571429
output-boba,tournament_k25_obs_rho0.5_post,drift,tournament,25.0,obs,0.5,post,cell,1.0,0.0,20,600,0.25418753076862133,-0.05077580596174367,0.08268974935226348,-0.19975726507199618,1.0,-0.3465861614307655,-0.058586708196101636,0.013616561889648438,0.018155415852864582
output-boba,tournament_k25_obs_rho0.5_post,drift,tournament,25.0,obs,0.5,post,cell,1.0,20.0,20,600,0.16046191077310898,0.02325832087160696,0.08268974935226348,0.14494605454682585,1.0,-0.11481055778430854,0.3430139098300294,0.13272666931152344,0.13272666931152344
output-boba,tournament_k25_obs_rho0.5_post,drift,tournament,25.0,obs,0.5,post,cell,5.0,0.0,20,600,0.7552009810904712,0.09382687263650719,0.08268974935226348,0.12424093054146465,1.0,0.06038126087286158,0.19152466257173367,0.00485992431640625,0.00777587890625
output-boba,tournament_k25_obs_rho0.5_post,drift,tournament,25.0,obs,0.5,post,cell,5.0,20.0,20,600,0.6408456819973191,0.3107774235751722,0.08268974935226348,0.4849489234390633,1.0,0.4118508883705238,0.5436778321658008,5.7220458984375e-06,4.57763671875e-05
output-boba,tournament_k25_obs_rho0.5_post,drift,tournament,25.0,obs,0.5,post,pooled,,,20,4800,0.2381511103039819,0.011218125127290025,0.08268974935226348,0.047105071704141695,1.0,-0.09493913493681531,0.17579373445974464,0.49800872802734375,
output-boba,tournament_k25_obs_rho0.5_post,gaussian,tournament,25.0,obs,0.5,post,cell,0.05,0.0,20,600,0.006930780737448017,-0.08427099634748807,0.08268974935226348,-12.158947099878606,0.981,-77.2715390552504,-4.212124609645513,0.001176563999937216,0.003137503999832576
output-boba,tournament_k25_obs_rho0.5_post,gaussian,tournament,25.0,obs,0.5,post,cell,0.05,20.0,20,600,0.002573926727981019,-0.08331267351189499,0.08268974935226348,-32.367927418526484,0.798,,,0.004848166082515941,0.007757065732025506
output-boba,tournament_k25_obs_rho0.5_post,gaussian,tournament,25.0,obs,0.5,post,cell,0.25,0.0,20,600,0.049786948458824795,-0.06938522590315052,0.08268974935226348,-1.3936428733031119,1.0,-2.50098667959019,-0.6819736989966595,0.002225180116411056,0.004450360232822112
output-boba,tournament_k25_obs_rho0.5_post,gaussian,tournament,25.0,obs,0.5,post,cell,0.25,20.0,20,600,0.032441606005650915,-0.056835926221769084,0.08268974935226348,-1.7519455174897627,1.0,-3.5036206720545144,-0.6306965781480466,0.082550048828125,0.09434291294642858
output-boba,tournament_k25_obs_rho0.5_post,gaussian,tournament,25.0,obs,0.5,post,cell,1.0,0.0,20,600,0.2561344386822541,-0.06256603554223199,0.08268974935226348,-0.2442702975207792,1.0,-0.3885484000590855,-0.1143419746194433,0.000850677490234375,0.003137503999832576
output-boba,tournament_k25_obs_rho0.5_post,gaussian,tournament,25.0,obs,0.5,post,cell,1.0,20.0,20,600,0.12941445146457056,-0.008949525130535405,0.08268974935226348,-0.06915398573539905,1.0,-0.424454170895226,0.175016047152453,0.8408222198486328,0.8408222198486328
output-boba,tournament_k25_obs_rho0.5_post,gaussian,tournament,25.0,obs,0.5,post,cell,5.0,0.0,20,600,0.7731111054368147,0.07838979351986188,0.08268974935226348,0.10139524962013181,1.0,0.03781158786399274,0.17060417394555205,0.01068878173828125,0.014251708984375
output-boba,tournament_k25_obs_rho0.5_post,gaussian,tournament,25.0,obs,0.5,post,cell,5.0,20.0,20,600,0.5199289879562881,0.16833614439859626,0.08268974935226348,0.32376756883720587,1.0,0.21804847302013203,0.42366583749075415,1.9073486328125e-05,0.000152587890625
output-boba,tournament_k25_obs_rho0.5_post,gaussian,tournament,25.0,obs,0.5,post,pooled,,,20,4800,0.221290280683729,-0.014824305592326495,0.08268974935226348,-0.06699031492265849,1.0,-0.236670684010309,0.08909924693608053,0.5458755493164062,
output-boba,tournament_k25_obs_rho1_look,ar1,tournament,25.0,obs,1.0,look,cell,0.05,0.0,20,600,0.007283275356432553,-0.06909764565954685,0.06925945524931862,-9.487166457124285,0.949,,,0.00029256438440193296,0.0009267888490852334
output-boba,tournament_k25_obs_rho1_look,ar1,tournament,25.0,obs,1.0,look,cell,0.05,20.0,20,600,-0.0005775368818208183,-0.07234685996406762,0.06925945524931862,,0.475,,,1.9073486328125e-06,1.52587890625e-05
output-boba,tournament_k25_obs_rho1_look,ar1,tournament,25.0,obs,1.0,look,cell,0.25,0.0,20,600,0.03825454149748255,-0.06904015440236846,0.06925945524931862,-1.804757074579285,1.0,-3.9428535309030757,-0.7923301847050165,0.0004633944245426167,0.0009267888490852334
output-boba,tournament_k25_obs_rho1_look,ar1,tournament,25.0,obs,1.0,look,cell,0.25,20.0,20,600,0.022728479424807015,-0.06307550369247124,0.06925945524931862,-2.775174815418027,1.0,-6.471138934890047,-1.1615134419184112,0.0007076263427734375,0.0011322021484375
output-boba,tournament_k25_obs_rho1_look,ar1,tournament,25.0,obs,1.0,look,cell,1.0,0.0,20,600,0.20939594374896484,-0.05971732884158486,0.06925945524931862,-0.2851885656064915,1.0,-0.4814054323571072,-0.13477737794290182,0.0003948211669921875,0.0009267888490852334
output-boba,tournament_k25_obs_rho1_look,ar1,tournament,25.0,obs,1.0,look,cell,1.0,20.0,20,600,0.12514782730766216,-0.028036905061750127,0.06925945524931862,-0.22403029812754544,1.0,-0.6335749207695857,0.06868832004178368,0.20244979858398438,0.23137119838169642
output-boba,tournament_k25_obs_rho1_look,ar1,tournament,25.0,obs,1.0,look,cell,5.0,0.0,20,600,0.7264068798293957,0.03759966954054293,0.06925945524931862,0.051761169372974015,1.0,-0.024451182377905296,0.11789721521806447,0.3299827575683594,0.3299827575683594
output-boba,tournament_k25_obs_rho1_look,ar1,tournament,25.0,obs,1.0,look,cell,5.0,20.0,20,600,0.4553017321055197,0.1101769459773972,0.06925945524931862,0.24198666117058135,1.0,0.1436090458366022,0.32533173558414047,0.0019855499267578125,0.00264739990234375
output-boba,tournament_k25_obs_rho1_look,ar1,tournament,25.0,obs,1.0,look,pooled,,,20,4800,0.19799264279855544,-0.026692222762981128,0.06925945524931862,-0.13481421524404175,1.0,-0.3155394470344759,0.003396329880739431,0.20244979858398438,
output-boba,tournament_k25_obs_rho1_look,bias,tournament,25.0,obs,1.0,look,cell,0.05,0.0,20,600,0.013395489962064456,-0.06848003574517594,0.06925945524931862,-5.112171032124166,1.0,-11.043740174410603,-2.5177842726540725,0.00021367000439069728,0.0005697866783751928
output-boba,tournament_k25_obs_rho1_look,bias,tournament,25.0,obs,1.0,look,cell,0.05,20.0,20,600,0.008569131211679494,-0.0615599830965316,0.06925945524931862,-7.183923501209435,0.992,-28.78297598700019,-3.3292084036635727,0.0007076263427734375,0.001415252685546875
output-boba,tournament_k25_obs_rho1_look,bias,tournament,25.0,obs,1.0,look,cell,0.25,0.0,20,600,0.04075634626349373,-0.10043014224990243,0.06925945524931862,-2.4641596084352564,1.0,-4.552863106102342,-1.4521577422907264,1.9073486328125e-06,1.52587890625e-05
output-boba,tournament_k25_obs_rho1_look,bias,tournament,25.0,obs,1.0,look,cell,0.25,20.0,20,600,0.03844830317953616,-0.05600430278887177,0.06925945524931862,-1.4566131183307895,1.0,-2.963146210638019,-0.5815713587368091,0.0014324188232421875,0.0022918701171875
output-boba,tournament_k25_obs_rho1_look,bias,tournament,25.0,obs,1.0,look,cell,1.0,0.0,20,600,0.24778106004099362,-0.09591282096144514,0.06925945524931862,-0.38708697487038374,1.0,-0.5108000111355963,-0.26368265135676144,9.5367431640625e-06,3.814697265625e-05
output-boba,tournament_k25_obs_rho1_look,bias,tournament,25.0,obs,1.0,look,cell,1.0,20.0,20,600,0.15642646108862632,-0.03131150551871041,0.06925945524931862,-0.20016757587432918,1.0,-0.4260811411933786,-0.014448829255068272,0.069580078125,0.07952008928571429
output-boba,tournament_k25_obs_rho1_look,bias,tournament,25.0,obs,1.0,look,cell,5.0,0.0,20,600,0.7380725752210011,-0.007357635667204776,0.06925945524931862,-0.009968715698455099,1.0,-0.07383048110156654,0.04763470555770107,0.8983173370361328,0.8983173370361328
output-boba,tournament_k25_obs_rho1_look,bias,tournament,25.0,obs,1.0,look,cell,5.0,20.0,20,600,0.5685229542516816,0.11560928222167895,0.06925945524931862,0.20335024532800028,1.0,0.0971663430713315,0.3014209690258541,0.002712249755859375,0.0036163330078125
output-boba,tournament_k25_obs_rho1_look,bias,tournament,25.0,obs,1.0,look,pooled,,,20,4800,0.22649654015238457,-0.03818089297577039,0.06925945524931862,-0.1685716388872107,1.0,-0.3029518562806838,-0.04560314728550787,0.01531219482421875,
output-boba,tournament_k25_obs_rho1_look,drift,tournament,25.0,obs,1.0,look,cell,0.05,0.0,20,600,0.007546259012326475,-0.0690073138243198,0.06925945524931862,-9.144572656676566,0.986,-35.28004951008297,-4.055988084859868,9.5367431640625e-06,1.9073486328125e-05
output-boba,tournament_k25_obs_rho1_look,drift,tournament,25.0,obs,1.0,look,cell,0.05,20.0,20,600,0.005545591729968432,-0.06810481095845014,0.06925945524931862,-12.280891611694218,0.993,-52.22241054813795,-4.801732051399681,1.9073486328125e-06,7.62939453125e-06
output-boba,tournament_k25_obs_rho1_look,drift,tournament,25.0,obs,1.0,look,cell,0.25,0.0,20,600,0.04441843487071276,-0.08246357567245756,0.06925945524931862,-1.856516914935916,1.0,-2.879016174331668,-1.1997561186607129,1.9073486328125e-06,7.62939453125e-06
output-boba,tournament_k25_obs_rho1_look,drift,tournament,25.0,obs,1.0,look,cell,0.25,20.0,20,600,0.03700249218932726,-0.057004435300564135,0.06925945524931862,-1.5405566470737908,1.0,-3.2076110164417733,-0.6533379294655164,0.0005855560302734375,0.0007807413736979166
output-boba,tournament_k25_obs_rho1_look,drift,tournament,25.0,obs,1.0,look,cell,1.0,0.0,20,600,0.25418753076862133,-0.1013243489587133,0.06925945524931862,-0.39862045416753966,1.0,-0.52630232182971,-0.27809760024293056,3.814697265625e-06,1.0172526041666666e-05
output-boba,tournament_k25_obs_rho1_look,drift,tournament,25.0,obs,1.0,look,cell,1.0,20.0,20,600,0.16046191077310898,-0.008558319230358187,0.06925945524931862,-0.05333551862322977,1.0,-0.30160195808431217,0.1459687877625886,0.7841262817382812,0.7841262817382812
output-boba,tournament_k25_obs_rho1_look,drift,tournament,25.0,obs,1.0,look,cell,5.0,0.0,20,600,0.7552009810904712,0.004616805667174701,0.06925945524931862,0.006113347019899619,1.0,-0.06889429851233882,0.07098522871185067,0.7285060882568359,0.7841262817382812
output-boba,tournament_k25_obs_rho1_look,drift,tournament,25.0,obs,1.0,look,cell,5.0,20.0,20,600,0.6408456819973191,0.17283904765232855,0.06925945524931862,0.2697046301593893,1.0,0.19731721272077007,0.3279800512211594,0.000133514404296875,0.000213623046875
output-boba,tournament_k25_obs_rho1_look,drift,tournament,25.0,obs,1.0,look,pooled,,,20,4800,0.2381511103039819,-0.02612586882816998,0.06925945524931862,-0.10970290583496455,1.0,-0.22098728371372015,-0.015081679471662456,0.05316925048828125,
output-boba,tournament_k25_obs_rho1_look,gaussian,tournament,25.0,obs,1.0,look,cell,0.05,0.0,20,600,0.006930780737448017,-0.07376841998387247,0.06925945524931862,-10.643594535503189,0.981,-70.82390847125899,-3.6301087261266107,0.00029256438440193296,0.00046810301504309274
output-boba,tournament_k25_obs_rho1_look,gaussian,tournament,25.0,obs,1.0,look,cell,0.05,20.0,20,600,0.002573926727981019,-0.0704321644966188,0.06925945524931862,-27.363702210694083,0.798,,,9.5367431640625e-06,2.5431315104166668e-05
output-boba,tournament_k25_obs_rho1_look,gaussian,tournament,25.0,obs,1.0,look,cell,0.25,0.0,20,600,0.049786948458824795,-0.0768469581420234,0.06925945524931862,-1.543516132658301,1.0,-2.598728427560822,-0.9553352257224933,0.0001318338889828333,0.0002636677779656666
output-boba,tournament_k25_obs_rho1_look,gaussian,tournament,25.0,obs,1.0,look,cell,0.25,20.0,20,600,0.032441606005650915,-0.06461056168677745,0.06925945524931862,-1.991595658843866,1.0,-3.5335263358778377,-1.0397589346820302,9.5367431640625e-06,2.5431315104166668e-05
output-boba,tournament_k25_obs_rho1_look,gaussian,tournament,25.0,obs,1.0,look,cell,1.0,0.0,20,600,0.2561344386822541,-0.10843469383351725,0.06925945524931862,-0.4233506997004616,1.0,-0.5510701246336761,-0.31005592132041704,1.9073486328125e-06,1.52587890625e-05
output-boba,tournament_k25_obs_rho1_look,gaussian,tournament,25.0,obs,1.0,look,cell,1.0,20.0,20,600,0.12941445146457056,-0.06037678103192381,0.06925945524931862,-0.46653816748165094,1.0,-0.8361938537562704,-0.20067520979101044,0.001689910888671875,0.0022532145182291665
output-boba,tournament_k25_obs_rho1_look,gaussian,tournament,25.0,obs,1.0,look,cell,5.0,0.0,20,600,0.7731111054368147,0.0025755039746735765,0.06925945524931862,0.003331350379734092,1.0,-0.07128250315317419,0.07550248017119618,0.9272785186767578,0.9272785186767578
output-boba,tournament_k25_obs_rho1_look,gaussian,tournament,25.0,obs,1.0,look,cell,5.0,20.0,20,600,0.5199289879562881,0.08004141169881047,0.06925945524931862,0.15394681495531423,1.0,0.03348131042558218,0.25548335379351983,0.03623390197753906,0.04141017368861607
output-boba,tournament_k25_obs_rho1_look,gaussian,tournament,25.0,obs,1.0,look,pooled,,,20,4800,0.221290280683729,-0.04648158293765614,0.06925945524931862,-0.21004800931175208,1.0,-0.35314246838009195,-0.08237786626182125,0.005580902099609375,
output-boba,tournament_k25_obs_rho1_post,ar1,tournament,25.0,obs,1.0,post,cell,0.05,0.0,20,600,0.007283275356432553,-0.08216107105605028,0.08268974935226348,-11.280786052319995,0.949,,,0.0015918239652689542,0.004244863907383878
output-boba,tournament_k25_obs_rho1_post,ar1,tournament,25.0,obs,1.0,post,cell,0.05,20.0,20,600,-0.0005775368818208183,-0.08501846153176223,0.08268974935226348,,0.475,,,0.0007239534999888531,0.0034027099609375
output-boba,tournament_k25_obs_rho1_post,ar1,tournament,25.0,obs,1.0,post,cell,0.25,0.0,20,600,0.03825454149748255,-0.07206521696977762,0.08268974935226348,-1.8838342886561608,1.0,-4.230995676744641,-0.7287108928967103,0.0037622518256999957,0.007524503651399991
output-boba,tournament_k25_obs_rho1_post,ar1,tournament,25.0,obs,1.0,post,cell,0.25,20.0,20,600,0.022728479424807015,-0.06779980524310397,0.08268974935226348,-2.983033047477159,1.0,-7.277683513812454,-1.0582105382629663,0.026641845703125,0.0355224609375
output-boba,tournament_k25_obs_rho1_post,ar1,tournament,25.0,obs,1.0,post,cell,1.0,0.0,20,600,0.20939594374896484,-0.046322843426210875,0.08268974935226348,-0.22122130255658248,1.0,-0.4297659650880193,-0.06292229721710642,0.026641845703125,0.0355224609375
output-boba,tournament_k25_obs_rho1_post,ar1,tournament,25.0,obs,1.0,post,cell,1.0,20.0,20,600,0.12514782730766216,-0.0177134718803671,0.08268974935226348,-0.14154038676852518,1.0,-0.5785875435073751,0.15669420368193754,0.7561664581298828,0.7561664581298828
output-boba,tournament_k25_obs_rho1_post,ar1,tournament,25.0,obs,1.0,post,cell,5.0,0.0,20,600,0.7264068798293957,0.026852288623206894,0.08268974935226348,0.036965906255614536,1.0,-0.03647879480412285,0.10806083716390454,0.4523754119873047,0.5170004708426339
output-boba,tournament_k25_obs_rho1_post,ar1,tournament,25.0,obs,1.0,post,cell,5.0,20.0,20,600,0.4553017321055197,0.11077030381569623,0.08268974935226348,0.2432898801053196,1.0,0.1519612285065383,0.32403870030975407,0.000850677490234375,0.0034027099609375
output-boba,tournament_k25_obs_rho1_post,ar1,tournament,25.0,obs,1.0,post,pooled,,,20,4800,0.19799264279855544,-0.02918228470854612,0.08268974935226348,-0.147390752989934,1.0,-0.340605920558785,0.010987934108758863,0.2773551940917969,
output-boba,tournament_k25_obs_rho1_post,bias,tournament,25.0,obs,1.0,post,cell,0.05,0.0,20,600,0.013395489962064456,-0.07833288456247738,0.08268974935226348,-5.847705816234664,1.0,-12.870123412157115,-2.7976173133588635,0.0004633944245426167,0.0012868245442708333
output-boba,tournament_k25_obs_rho1_post,bias,tournament,25.0,obs,1.0,post,cell,0.05,20.0,20,600,0.008569131211679494,-0.0727778014914236,0.08268974935226348,-8.493019851560847,0.992,-37.969127491149905,-3.574457112163029,0.0025431154240612964,0.005086230848122593
output-boba,tournament_k25_obs_rho1_post,bias,tournament,25.0,obs,1.0,post,cell,0.25,0.0,20,600,0.04075634626349373,-0.09628905166640056,0.08268974935226348,-2.3625535773958366,1.0,-4.636943870161974,-1.2419640820068867,0.00034155628132162525,0.0012868245442708333
output-boba,tournament_k25_obs_rho1_post,bias,tournament,25.0,obs,1.0,post,cell,0.25,20.0,20,600,0.03844830317953616,-0.05895698810055,0.08268974935226348,-1.5334093633533727,1.0,-3.22515028173143,-0.5191045844016269,0.058258056640625,0.07767740885416667
output-boba,tournament_k25_obs_rho1_post,bias,tournament,25.0,obs,1.0,post,cell,1.0,0.0,20,600,0.24778106004099362,-0.06699474629061952,0.08268974935226348,-0.2703788024780252,1.0,-0.3892141729827148,-0.1497138253289206,0.0004825592041015625,0.0012868245442708333
output-boba,tournament_k25_obs_rho1_post,bias,tournament,25.0,obs,1.0,post,cell,1.0,20.0,20,600,0.15642646108862632,-0.012451663142841986,0.08268974935226348,-0.07960074693364869,1.0,-0.30575246348058366,0.08864716131861723,0.8123550415039062,0.8408222198486328
output-boba,tournament_k25_obs_rho1_post,bias,tournament,25.0,obs,1.0,post,cell,5.0,0.0,20,600,0.7380725752210011,-0.023557078298105598,0.08268974935226348,-0.03191702156261788,1.0,-0.15413751774837053,0.05650505794464739,0.8408222198486328,0.8408222198486328
output-boba,tournament_k25_obs_rho1_post,bias,tournament,25.0,obs,1.0,post,cell,5.0,20.0,20,600,0.5685229542516816,0.09324036917092568,0.08268974935226348,0.16400458147490865,1.0,0.04953181840926201,0.25261002927263676,0.017181396484375,0.027490234375
output-boba,tournament_k25_obs_rho1_post,bias,tournament,25.0,obs,1.0,post,pooled,,,20,4800,0.22649654015238457,-0.0395149805476866,0.08268974935226348,-0.17446174021511024,1.0,-0.31996394161406133,-0.040754713517801244,0.029575347900390625,
output-boba,tournament_k25_obs_rho1_post,drift,tournament,25.0,obs,1.0,post,cell,0.05,0.0,20,600,0.007546259012326475,-0.07915541067560183,0.08268974935226348,-10.489357779305617,0.986,-40.44933099064975,-4.605061005490062,0.0004633944245426167,0.0012357184654469779
output-boba,tournament_k25_obs_rho1_post,drift,tournament,25.0,obs,1.0,post,cell,0.05,20.0,20,600,0.005545591729968432,-0.08008398040543083,0.08268974935226348,-14.441016271114265,0.993,-59.67111575219432,-5.459079914292045,0.002225180116411056,0.004450360232822112
output-boba,tournament_k25_obs_rho1_post,drift,tournament,25.0,obs,1.0,post,cell,0.25,0.0,20,600,0.04441843487071276,-0.07927819192559095,0.08268974935226348,-1.784803813019151,1.0,-3.190395079683863,-0.9358726386523293,0.000209808349609375,0.0008392333984375
output-boba,tournament_k25_obs_rho1_post,drift,tournament,25.0,obs,1.0,post,cell,0.25,20.0,20,600,0.03700249218932726,-0.057477209061850554,0.08268974935226348,-1.553333455697043,1.0,-3.434670979904246,-0.48044921024618886,0.039989471435546875,0.04570225306919643
output-boba,tournament_k25_obs_rho1_post,drift,tournament,25.0,obs,1.0,post,cell,1.0,0.0,20,600,0.25418753076862133,-0.06259578655795034,0.08268974935226348,-0.24625828957333573,1.0,-0.3986786620396178,-0.10339011577587179,0.0031528472900390625,0.0050445556640625
output-boba,tournament_k25_obs_rho1_post,drift,tournament,25.0,obs,1.0,post,cell,1.0,20.0,20,600,0.16046191077310898,0.00036356780666086107,0.08268974935226348,0.0022657576798704657,1.0,-0.24040572714792552,0.18551882609503484,0.5458755493164062,0.5458755493164062
output-boba,tournament_k25_obs_rho1_post,drift,tournament,25.0,obs,1.0,post,cell,5.0,0.0,20,600,0.7552009810904712,0.06526257489933768,0.08268974935226348,0.08641749220863285,1.0,0.021935948134480802,0.1446876901402601,0.013616561889648438,0.018155415852864582
output-boba,tournament_k25_obs_rho1_post,drift,tournament,25.0,obs,1.0,post,cell,5.0,20.0,20,600,0.6408456819973191,0.2113390186618917,0.08268974935226348,0.32978145066564685,1.0,0.25351786517383856,0.3922278878447771,1.33514404296875e-05,0.0001068115234375
output-boba,tournament_k25_obs_rho1_post,drift,tournament,25.0,obs,1.0,post,pooled,,,20,4800,0.2381511103039819,-0.010203177157316789,0.08268974935226348,-0.04284329031383983,1.0,-0.17997040996341962,0.07841066322012673,0.8694877624511719,
output-boba,tournament_k25_obs_rho1_post,gaussian,tournament,25.0,obs,1.0,post,cell,0.05,0.0,20,600,0.006930780737448017,-0.08429168487038659,0.08268974935226348,-12.161932120424233,0.981,-77.1757910332683,-4.259593798428547,0.0008634758631167839,0.0023026023016447573
output-boba,tournament_k25_obs_rho1_post,gaussian,tournament,25.0,obs,1.0,post,cell,0.05,20.0,20,600,0.002573926727981019,-0.08363737900950122,0.08268974935226348,-32.49407922155816,0.798,,,0.0042740329557000925,0.008548065911400185
output-boba,tournament_k25_obs_rho1_post,gaussian,tournament,25.0,obs,1.0,post,cell,0.25,0.0,20,600,0.049786948458824795,-0.07355689245011969,0.08268974935226348,-1.4774332375673376,1.0,-2.5778148761062027,-0.7670888573582121,0.0001821819171706161,0.0007287276686824644
output-boba,tournament_k25_obs_rho1_post,gaussian,tournament,25.0,obs,1.0,post,cell,0.25,20.0,20,600,0.032441606005650915,-0.06204755866096623,0.08268974935226348,-1.9125920785228183,1.0,-3.6573804830832337,-0.8077234614242399,0.013616561889648438,0.018155415852864582
output-boba,tournament_k25_obs_rho1_post,gaussian,tournament,25.0,obs,1.0,post,cell,1.0,0.0,20,600,0.2561344386822541,-0.08544340287889218,0.08268974935226348,-0.33358810833278235,1.0,-0.47027554001526095,-0.20634634487413103,1.9073486328125e-05,0.000152587890625
output-boba,tournament_k25_obs_rho1_post,gaussian,tournament,25.0,obs,1.0,post,cell,1.0,20.0,20,600,0.12941445146457056,-0.033101827924260155,0.08268974935226348,-0.2557815417803038,1.0,-0.5914515713541745,-0.03171882059008031,0.06372261047363281,0.07282584054129464
output-boba,tournament_k25_obs_rho1_post,gaussian,tournament,25.0,obs,1.0,post,cell,5.0,0.0,20,600,0.7731111054368147,0.04300902607510541,0.08268974935226348,0.05563110628297717,1.0,-0.01554735427140061,0.12953835813341152,0.4304332733154297,0.4304332733154297
output-boba,tournament_k25_obs_rho1_post,gaussian,tournament,25.0,obs,1.0,post,cell,5.0,20.0,20,600,0.5199289879562881,0.08403576467504167,0.08268974935226348,0.16162931212080603,1.0,0.06763761331847205,0.2506098817597608,0.00830841064453125,0.01329345703125
output-boba,tournament_k25_obs_rho1_post,gaussian,tournament,25.0,obs,1.0,post,pooled,,,20,4800,0.221290280683729,-0.03687924438049737,0.08268974935226348,-0.16665550907410015,1.0,-0.3251582118603671,-0.024738246956112292,0.06372261047363281,
output-boba,tournament_k30_lcb_rho0.5_look,ar1,tournament,30.0,lcb,0.5,look,cell,0.05,0.0,20,600,0.007283275356432553,-0.10301116905126557,0.10762241413424198,-14.143522523871985,0.949,,,0.0006292038308113259,0.0012584076616226519
output-boba,tournament_k30_lcb_rho0.5_look,ar1,tournament,30.0,lcb,0.5,look,cell,0.05,20.0,20,600,-0.0005775368818208183,-0.10932555279924616,0.10762241413424198,,0.475,,,0.00034155628132162525,0.0009108167501910006
output-boba,tournament_k30_lcb_rho0.5_look,ar1,tournament,30.0,lcb,0.5,look,cell,0.25,0.0,20,600,0.03825454149748255,-0.09652262888483937,0.10762241413424198,-2.5231678411618477,1.0,-5.348792557489182,-1.106503279118294,0.0014324188232421875,0.0022918701171875
output-boba,tournament_k30_lcb_rho0.5_look,ar1,tournament,30.0,lcb,0.5,look,cell,0.25,20.0,20,600,0.022728479424807015,-0.09355670749777509,0.10762241413424198,-4.116276577467059,1.0,-9.735147698433472,-1.6311915531472112,0.00830841064453125,0.011077880859375
output-boba,tournament_k30_lcb_rho0.5_look,ar1,tournament,30.0,lcb,0.5,look,cell,1.0,0.0,20,600,0.20939594374896484,-0.04547137122237208,0.10762241413424198,-0.2171549763967043,1.0,-0.49499671715916127,-0.016330733354212777,0.15364646911621094,0.17559596470424108
output-boba,tournament_k30_lcb_rho0.5_look,ar1,tournament,30.0,lcb,0.5,look,cell,1.0,20.0,20,600,0.12514782730766216,-0.02447368375928196,0.10762241413424198,-0.19555819933746113,1.0,-0.7839878527707397,0.19206269098123258,0.6476554870605469,0.6476554870605469
output-boba,tournament_k30_lcb_rho0.5_look,ar1,tournament,30.0,lcb,0.5,look,cell,5.0,0.0,20,600,0.7264068798293957,0.13438574302506529,0.10762241413424198,0.18500064737358654,1.0,0.10710523166473898,0.2608204324554587,0.0001678466796875,0.0009108167501910006
output-boba,tournament_k30_lcb_rho0.5_look,ar1,tournament,30.0,lcb,0.5,look,cell,5.0,20.0,20,600,0.4553017321055197,0.17552194225754655,0.10762241413424198,0.3855068625499276,1.0,0.26455889083216677,0.48852423405659967,0.0002613067626953125,0.0009108167501910006
output-boba,tournament_k30_lcb_rho0.5_look,ar1,tournament,30.0,lcb,0.5,look,pooled,,,20,4800,0.19799264279855544,-0.020306678491521037,0.10762241413424198,-0.10256279326591825,1.0,-0.3570495385343878,0.09841686164418333,0.956329345703125,
output-boba,tournament_k30_lcb_rho0.5_look,bias,tournament,30.0,lcb,0.5,look,cell,0.05,0.0,20,600,0.013395489962064456,-0.10103428819224425,0.10762241413424198,-7.5424108023200125,1.0,-15.42403224140824,-3.9489309911975274,0.00029256438440193296,0.0005851287688038659
output-boba,tournament_k30_lcb_rho0.5_look,bias,tournament,30.0,lcb,0.5,look,cell,0.05,20.0,20,600,0.008569131211679494,-0.10111307641672902,0.10762241413424198,-11.799688196968514,0.992,-45.80667269088119,-5.5591295626827595,0.0001049041748046875,0.00035155703728755543
output-boba,tournament_k30_lcb_rho0.5_look,bias,tournament,30.0,lcb,0.5,look,cell,0.25,0.0,20,600,0.04075634626349373,-0.1223109479404287,0.10762241413424198,-3.00102828525591,1.0,-5.630877030863091,-1.6303510269175117,0.0001318338889828333,0.00035155703728755543
output-boba,tournament_k30_lcb_rho0.5_look,bias,tournament,30.0,lcb,0.5,look,cell,0.25,20.0,20,600,0.03844830317953616,-0.08167258660820625,0.10762241413424198,-2.124218232124114,1.0,-4.547947745711522,-0.8003630937195443,0.01531219482421875,0.020416259765625
output-boba,tournament_k30_lcb_rho0.5_look,bias,tournament,30.0,lcb,0.5,look,cell,1.0,0.0,20,600,0.24778106004099362,-0.06892760196751183,0.10762241413424198,-0.27817946196577026,1.0,-0.43996333004791116,-0.1283824891084025,0.0010166168212890625,0.0016265869140625
output-boba,tournament_k30_lcb_rho0.5_look,bias,tournament,30.0,lcb,0.5,look,cell,1.0,20.0,20,600,0.15642646108862632,-0.008561555845487652,0.10762241413424198,-0.05473214560953945,1.0,-0.38554043545156125,0.1914459010351841,0.6476554870605469,0.6476554870605469
output-boba,tournament_k30_lcb_rho0.5_look,bias,tournament,30.0,lcb,0.5,look,cell,5.0,0.0,20,600,0.7380725752210011,0.0529556602004986,0.10762241413424198,0.07174858134329416,1.0,0.013832207204675595,0.12422707469744074,0.03623390197753906,0.04141017368861607
output-boba,tournament_k30_lcb_rho0.5_look,bias,tournament,30.0,lcb,0.5,look,cell,5.0,20.0,20,600,0.5685229542516816,0.2325046469487626,0.10762241413424198,0.4089626376736131,1.0,0.3177690822185079,0.48837746540668203,5.7220458984375e-06,4.57763671875e-05
output-boba,tournament_k30_lcb_rho0.5_look,bias,tournament,30.0,lcb,0.5,look,pooled,,,20,4800,0.22649654015238457,-0.024769968727668283,0.10762241413424198,-0.10936135585560512,1.0,-0.3058038277378698,0.059644527269652976,0.5458755493164062,
output-boba,tournament_k30_lcb_rho0.5_look,drift,tournament,30.0,lcb,0.5,look,cell,0.05,0.0,20,600,0.007546259012326475,-0.10752338185532548,0.10762241413424198,-14.248567625321481,0.986,-57.88233375748579,-6.3258556566934905,1.9073486328125e-05,7.120768229166667e-05
output-boba,tournament_k30_lcb_rho0.5_look,drift,tournament,30.0,lcb,0.5,look,cell,0.05,20.0,20,600,0.005545591729968432,-0.10403135989387007,0.10762241413424198,-18.759289352601197,0.993,-77.04984781815098,-7.620187096467874,0.00025021619831076065,0.0005004323966215213
output-boba,tournament_k30_lcb_rho0.5_look,drift,tournament,30.0,lcb,0.5,look,cell,0.25,0.0,20,600,0.04441843487071276,-0.10392471178620963,0.10762241413424198,-2.339675229185805,1.0,-3.865967437339872,-1.3287946913506188,9.5367431640625e-06,7.120768229166667e-05
output-boba,tournament_k30_lcb_rho0.5_look,drift,tournament,30.0,lcb,0.5,look,cell,0.25,20.0,20,600,0.03700249218932726,-0.0841779627193747,0.10762241413424198,-2.2749268424588545,1.0,-4.793091760179227,-0.9322588769936333,0.005580902099609375,0.007441202799479167
output-boba,tournament_k30_lcb_rho0.5_look,drift,tournament,30.0,lcb,0.5,look,cell,1.0,0.0,20,600,0.25418753076862133,-0.07718731336365785,0.10762241413424198,-0.30366286312415125,1.0,-0.45548414677005683,-0.15963894438970636,0.0005855560302734375,0.0009368896484375
output-boba,tournament_k30_lcb_rho0.5_look,drift,tournament,30.0,lcb,0.5,look,cell,1.0,20.0,20,600,0.16046191077310898,-0.00687382457928976,0.10762241413424198,-0.04283773355415951,1.0,-0.4029023988132986,0.22675138174403742,0.7561664581298828,0.7561664581298828
output-boba,tournament_k30_lcb_rho0.5_look,drift,tournament,30.0,lcb,0.5,look,cell,5.0,0.0,20,600,0.7552009810904712,0.08503995433511019,0.10762241413424198,0.11260572544849835,1.0,0.038985593475238466,0.17782827736503776,0.013616561889648438,0.015561785016741072
output-boba,tournament_k30_lcb_rho0.5_look,drift,tournament,30.0,lcb,0.5,look,cell,5.0,20.0,20,600,0.6408456819973191,0.293658942257734,0.10762241413424198,0.4582365934689445,1.0,0.36414410791272095,0.5316991108455251,2.6702880859375e-05,7.120768229166667e-05
output-boba,tournament_k30_lcb_rho0.5_look,drift,tournament,30.0,lcb,0.5,look,pooled,,,20,4800,0.2381511103039819,-0.013127457200610407,0.10762241413424198,-0.05512238504306866,1.0,-0.2419933297146886,0.0990479511518927,0.8408222198486328,
output-boba,tournament_k30_lcb_rho0.5_look,gaussian,tournament,30.0,lcb,0.5,look,cell,0.05,0.0,20,600,0.006930780737448017,-0.10718515989732484,0.10762241413424198,-15.46509173464222,0.981,-102.63503205489349,-5.474713805576481,0.0003861775700434037,0.0007723551400868073
output-boba,tournament_k30_lcb_rho0.5_look,gaussian,tournament,30.0,lcb,0.5,look,cell,0.05,20.0,20,600,0.002573926727981019,-0.10678934919265048,0.10762241413424198,-41.488884680262736,0.798,,,0.000133514404296875,0.0003560384114583333
output-boba,tournament_k30_lcb_rho0.5_look,gaussian,tournament,30.0,lcb,0.5,look,cell,0.25,0.0,20,600,0.049786948458824795,-0.09313547444802264,0.10762241413424198,-1.8706805163013414,1.0,-3.41471920560933,-0.9959514941940578,1.9073486328125e-05,7.62939453125e-05
output-boba,tournament_k30_lcb_rho0.5_look,gaussian,tournament,30.0,lcb,0.5,look,cell,0.25,20.0,20,600,0.032441606005650915,-0.08740527899807268,0.10762241413424198,-2.6942340333844075,1.0,-5.089868543689284,-1.2281519922680642,0.00365447998046875,0.004176548549107143
output-boba,tournament_k30_lcb_rho0.5_look,gaussian,tournament,30.0,lcb,0.5,look,cell,1.0,0.0,20,600,0.2561344386822541,-0.08301058376847947,0.10762241413424198,-0.32408989667905497,1.0,-0.5207050832016862,-0.14565588228847548,0.001209259033203125,0.0016123453776041667
output-boba,tournament_k30_lcb_rho0.5_look,gaussian,tournament,30.0,lcb,0.5,look,cell,1.0,20.0,20,600,0.12941445146457056,-0.029429401637128733,0.10762241413424198,-0.22740429143792754,1.0,-0.6833842107032008,0.07549359889830572,0.5458755493164062,0.5458755493164062
output-boba,tournament_k30_lcb_rho0.5_look,gaussian,tournament,30.0,lcb,0.5,look,cell,5.0,0.0,20,600,0.7731111054368147,0.09587071011264607,0.10762241413424198,0.12400638076266962,1.0,0.051428656052103755,0.20562298126136871,0.001209259033203125,0.0016123453776041667
output-boba,tournament_k30_lcb_rho0.5_look,gaussian,tournament,30.0,lcb,0.5,look,cell,5.0,20.0,20,600,0.5199289879562881,0.1863137871771052,0.10762241413424198,0.35834468070237535,1.0,0.24932626924496698,0.4553785701238638,9.5367431640625e-06,7.62939453125e-05
output-boba,tournament_k30_lcb_rho0.5_look,gaussian,tournament,30.0,lcb,0.5,look,pooled,,,20,4800,0.221290280683729,-0.028096343831490955,0.10762241413424198,-0.12696600928283255,1.0,-0.33646801187274655,0.05364659422894856,0.24548721313476562,
output-boba,tournament_k30_lcb_rho0.5_post,ar1,tournament,30.0,lcb,0.5,post,cell,0.05,0.0,20,600,0.007283275356432553,-0.1118894520092499,0.11660687577536615,-15.362518445829416,0.949,,,0.0003270126629328652,0.0013080506517314607
output-boba,tournament_k30_lcb_rho0.5_post,ar1,tournament,30.0,lcb,0.5,post,cell,0.05,20.0,20,600,-0.0005775368818208183,-0.11735209259257273,0.11660687577536615,,0.475,,,0.0008374789865327178,0.002233277297420581
output-boba,tournament_k30_lcb_rho0.5_post,ar1,tournament,30.0,lcb,0.5,post,cell,0.25,0.0,20,600,0.03825454149748255,-0.09985198866586727,0.11660687577536615,-2.6101995934897904,1.0,-5.609758277309325,-1.1061050118255669,0.00485992431640625,0.0097198486328125
output-boba,tournament_k30_lcb_rho0.5_post,ar1,tournament,30.0,lcb,0.5,post,cell,0.25,20.0,20,600,0.022728479424807015,-0.09599627697516393,0.11660687577536615,-4.223611935534443,1.0,-10.288525415033247,-1.5600350401795127,0.012079238891601562,0.01610565185546875
output-boba,tournament_k30_lcb_rho0.5_post,ar1,tournament,30.0,lcb,0.5,post,cell,1.0,0.0,20,600,0.20939594374896484,-0.06216660096356523,0.11660687577536615,-0.2968854116777635,1.0,-0.5638947224175831,-0.09182976849440437,0.01068878173828125,0.01610565185546875
output-boba,tournament_k30_lcb_rho0.5_post,ar1,tournament,30.0,lcb,0.5,post,cell,1.0,20.0,20,600,0.12514782730766216,-0.012073372729758957,0.11660687577536615,-0.09647289121590501,1.0,-0.7068563507230484,0.3035247830512582,0.9272785186767578,0.9272785186767578
output-boba,tournament_k30_lcb_rho0.5_post,ar1,tournament,30.0,lcb,0.5,post,cell,5.0,0.0,20,600,0.7264068798293957,0.05318663942564522,0.11660687577536615,0.07321879913656196,1.0,0.006479685767028012,0.13593461704188425,0.0758514404296875,0.08668736049107142
output-boba,tournament_k30_lcb_rho0.5_post,ar1,tournament,30.0,lcb,0.5,post,cell,5.0,20.0,20,600,0.4553017321055197,0.22335070242710917,0.11660687577536615,0.4905553541257908,1.0,0.37270382893019394,0.5951865228060191,3.62396240234375e-05,0.0002899169921875
output-boba,tournament_k30_lcb_rho0.5_post,ar1,tournament,30.0,lcb,0.5,post,pooled,,,20,4800,0.19799264279855544,-0.027849055260427948,0.11660687577536615,-0.14065702071951502,1.0,-0.4021138271033704,0.07369199984882459,0.5958194732666016,
output-boba,tournament_k30_lcb_rho0.5_post,bias,tournament,30.0,lcb,0.5,post,cell,0.05,0.0,20,600,0.013395489962064456,-0.11117180967410781,0.11660687577536615,-8.299196967706472,1.0,-17.421348699227924,-4.298109568506341,0.00025021619831076065,0.0005004323966215213
output-boba,tournament_k30_lcb_rho0.5_post,bias,tournament,30.0,lcb,0.5,post,cell,0.05,20.0,20,600,0.008569131211679494,-0.10871428523662567,0.11660687577536615,-12.686733643248576,0.992,-52.73421170470734,-5.632528269816104,0.0019440584341867799,0.0031104934946988476
output-boba,tournament_k30_lcb_rho0.5_post,bias,tournament,30.0,lcb,0.5,post,cell,0.25,0.0,20,600,0.04075634626349373,-0.13073697194602987,0.11660687577536615,-3.2077696832979745,1.0,-6.04430302126008,-1.7220732334628532,0.00025021619831076065,0.0005004323966215213
output-boba,tournament_k30_lcb_rho0.5_post,bias,tournament,30.0,lcb,0.5,post,cell,0.25,20.0,20,600,0.03844830317953616,-0.08117524146615573,0.11660687577536615,-2.1112828071268614,1.0,-4.58377576392007,-0.652399277305405,0.04405403137207031,0.05873870849609375
output-boba,tournament_k30_lcb_rho0.5_post,bias,tournament,30.0,lcb,0.5,post,cell,1.0,0.0,20,600,0.24778106004099362,-0.08877205727689051,0.11660687577536615,-0.35826813099517696,1.0,-0.5181345336342054,-0.21007281577600437,0.0001049041748046875,0.00041961669921875
output-boba,tournament_k30_lcb_rho0.5_post,bias,tournament,30.0,lcb,0.5,post,cell,1.0,20.0,20,600,0.15642646108862632,0.011797952251076525,0.11660687577536615,0.07542171681805276,1.0,-0.2860842260679089,0.34847393510224356,0.34881019592285156,0.39864022391183035
output-boba,tournament_k30_lcb_rho0.5_post,bias,tournament,30.0,lcb,0.5,post,cell,5.0,0.0,20,600,0.7380725752210011,0.020754567389992512,0.11660687577536615,0.02811995471282478,1.0,-0.03290615789046616,0.08905993604275297,0.40909767150878906,0.40909767150878906
output-boba,tournament_k30_lcb_rho0.5_post,bias,tournament,30.0,lcb,0.5,post,cell,5.0,20.0,20,600,0.5685229542516816,0.29678110575775773,0.11660687577536615,0.5220213248001496,1.0,0.41940205920971735,0.6055592408578713,3.814697265625e-06,3.0517578125e-05
output-boba,tournament_k30_lcb_rho0.5_post,bias,tournament,30.0,lcb,0.5,post,pooled,,,20,4800,0.22649654015238457,-0.02390459252512284,0.11660687577536615,-0.10554065200748794,1.0,-0.3183074364942389,0.08081215848276115,0.5705966949462891,
output-boba,tournament_k30_lcb_rho0.5_post,drift,tournament,30.0,lcb,0.5,post,cell,0.05,0.0,20,600,0.007546259012326475,-0.11588952825809842,0.11660687577536615,-15.357215816313499,0.986,-61.8321529478813,-6.8667591608382885,2.6702880859375e-05,9.663899739583333e-05
output-boba,tournament_k30_lcb_rho0.5_post,drift,tournament,30.0,lcb,0.5,post,cell,0.05,20.0,20,600,0.005545591729968432,-0.11201275710506112,0.11660687577536615,-20.198522098145645,0.993,-80.79342808855243,-8.344024382969618,0.0011156286211977205,0.0017850057939163527
output-boba,tournament_k30_lcb_rho0.5_post,drift,tournament,30.0,lcb,0.5,post,cell,0.25,0.0,20,600,0.04441843487071276,-0.11359268929011487,0.11660687577536615,-2.557332099177859,1.0,-4.29749928818026,-1.4026015158093712,3.62396240234375e-05,9.663899739583333e-05
output-boba,tournament_k30_lcb_rho0.5_post,drift,tournament,30.0,lcb,0.5,post,cell,0.25,20.0,20,600,0.03700249218932726,-0.08372828953392865,0.11660687577536615,-2.2627743316726825,1.0,-4.899849134684301,-0.8292907270781945,0.026641845703125,0.0355224609375
output-boba,tournament_k30_lcb_rho0.5_post,drift,tournament,30.0,lcb,0.5,post,cell,1.0,0.0,20,600,0.25418753076862133,-0.09060110938583907,0.11660687577536615,-0.3564341221297371,1.0,-0.5011831105904577,-0.21720421001330079,0.0001678466796875,0.000335693359375
output-boba,tournament_k30_lcb_rho0.5_post,drift,tournament,30.0,lcb,0.5,post,cell,1.0,20.0,20,600,0.16046191077310898,0.011841006037600984,0.11660687577536615,0.0737932508752436,1.0,-0.31209723884695906,0.3487085384399964,0.34881019592285156,0.34881019592285156
output-boba,tournament_k30_lcb_rho0.5_post,drift,tournament,30.0,lcb,0.5,post,cell,5.0,0.0,20,600,0.7552009810904712,0.060486273047308026,0.11660687577536615,0.08009294818442764,1.0,0.009971397526454977,0.14610740378237494,0.04405403137207031,0.05034746442522321
output-boba,tournament_k30_lcb_rho0.5_post,drift,tournament,30.0,lcb,0.5,post,cell,5.0,20.0,20,600,0.6408456819973191,0.34975934190283864,0.11660687577536615,0.5457777928888375,1.0,0.4535491118235277,0.6206126717140521,3.814697265625e-06,3.0517578125e-05
output-boba,tournament_k30_lcb_rho0.5_post,drift,tournament,30.0,lcb,0.5,post,pooled,,,20,4800,0.2381511103039819,-0.011717219073161825,0.11660687577536615,-0.04920077449231994,1.0,-0.23696691511670706,0.10756857180085731,0.8983173370361328,
output-boba,tournament_k30_lcb_rho0.5_post,gaussian,tournament,30.0,lcb,0.5,post,cell,0.05,0.0,20,600,0.006930780737448017,-0.11313995431433196,0.11660687577536615,-16.324272632521808,0.981,-106.15078504102114,-5.982845082606822,0.0003270126629328652,0.0006540253258657304
output-boba,tournament_k30_lcb_rho0.5_post,gaussian,tournament,30.0,lcb,0.5,post,cell,0.05,20.0,20,600,0.002573926727981019,-0.11463135328424331,0.11660687577536615,-44.53559304470171,0.798,,,0.0014771661952373803,0.0023634659123798083
output-boba,tournament_k30_lcb_rho0.5_post,gaussian,tournament,30.0,lcb,0.5,post,cell,0.25,0.0,20,600,0.049786948458824795,-0.10245769175763697,0.11660687577536615,-2.057922707240681,1.0,-3.5997088638172925,-1.133790429148668,5.7220458984375e-06,3.814697265625e-05
output-boba,tournament_k30_lcb_rho0.5_post,gaussian,tournament,30.0,lcb,0.5,post,cell,0.25,20.0,20,600,0.032441606005650915,-0.08710435545649513,0.11660687577536615,-2.6849581812109626,1.0,-5.356608395291308,-1.0700602845237488,0.026641845703125,0.0355224609375
output-boba,tournament_k30_lcb_rho0.5_post,gaussian,tournament,30.0,lcb,0.5,post,cell,1.0,0.0,20,600,0.2561344386822541,-0.10402872644660222,0.11660687577536615,-0.40614892312725803,1.0,-0.59049180351926,-0.23549739704949701,4.76837158203125e-05,0.00012715657552083334
output-boba,tournament_k30_lcb_rho0.5_post,gaussian,tournament,30.0,lcb,0.5,post,cell,1.0,20.0,20,600,0.12941445146457056,-0.009536672531940554,0.11660687577536615,-0.07369093964402718,1.0,-0.5729347131741308,0.2561801334682393,0.7561664581298828,0.7561664581298828
output-boba,tournament_k30_lcb_rho0.5_post,gaussian,tournament,30.0,lcb,0.5,post,cell,5.0,0.0,20,600,0.7731111054368147,0.04014515317763272,0.11660687577536615,0.05192675786871584,1.0,-0.0033858002169429033,0.0996432837102895,0.06372261047363281,0.07282584054129464
output-boba,tournament_k30_lcb_rho0.5_post,gaussian,tournament,30.0,lcb,0.5,post,cell,5.0,20.0,20,600,0.5199289879562881,0.2538745615831249,0.11660687577536615,0.4882869920006631,1.0,0.3792625275460138,0.5832944469622898,9.5367431640625e-06,3.814697265625e-05
output-boba,tournament_k30_lcb_rho0.5_post,gaussian,tournament,30.0,lcb,0.5,post,pooled,,,20,4800,0.221290280683729,-0.029609879878811574,0.11660687577536615,-0.13380560496070953,1.0,-0.34617046849520755,0.05224379568742904,0.24548721313476562,
output-boba,tournament_k30_lcb_rho1_look,ar1,tournament,30.0,lcb,1.0,look,cell,0.05,0.0,20,600,0.007283275356432553,-0.10461030171816448,0.10762241413424198,-14.36308482086609,0.949,,,0.00019643672621231134,0.00031429876193969815
output-boba,tournament_k30_lcb_rho1_look,ar1,tournament,30.0,lcb,1.0,look,cell,0.05,20.0,20,600,-0.0005775368818208183,-0.11122158202468416,0.10762241413424198,,0.475,,,1.9073486328125e-06,1.52587890625e-05
output-boba,tournament_k30_lcb_rho1_look,ar1,tournament,30.0,lcb,1.0,look,cell,0.25,0.0,20,600,0.03825454149748255,-0.10693326053685678,0.10762241413424198,-2.7953089058430836,1.0,-5.648830404135022,-1.38058675767638,2.6702880859375e-05,0.0001068115234375
output-boba,tournament_k30_lcb_rho1_look,ar1,tournament,30.0,lcb,1.0,look,cell,0.25,20.0,20,600,0.022728479424807015,-0.10642340891580396,0.10762241413424198,-4.682381382700334,1.0,-10.495780823572012,-2.1970513915574372,6.29425048828125e-05,0.000164031982421875
output-boba,tournament_k30_lcb_rho1_look,ar1,tournament,30.0,lcb,1.0,look,cell,1.0,0.0,20,600,0.20939594374896484,-0.08951648584549535,0.10762241413424198,-0.42749866230843775,1.0,-0.6802215072925054,-0.2379392735874009,8.20159912109375e-05,0.000164031982421875
output-boba,tournament_k30_lcb_rho1_look,ar1,tournament,30.0,lcb,1.0,look,cell,1.0,20.0,20,600,0.12514782730766216,-0.06308994755772541,0.10762241413424198,-0.5041233948283075,1.0,-1.072838842569944,-0.12066242202383347,0.023950576782226562,0.027372087751116072
output-boba,tournament_k30_lcb_rho1_look,ar1,tournament,30.0,lcb,1.0,look,cell,5.0,0.0,20,600,0.7264068798293957,0.05702213272771944,0.10762241413424198,0.07849888858584557,1.0,-0.002652418814441413,0.15761820980015895,0.08969497680664062,0.08969497680664062
output-boba,tournament_k30_lcb_rho1_look,ar1,tournament,30.0,lcb,1.0,look,cell,5.0,20.0,20,600,0.4553017321055197,0.08071035455610573,0.10762241413424198,0.17726783990665881,1.0,0.04505560795315726,0.2853479405060276,0.023950576782226562,0.027372087751116072
output-boba,tournament_k30_lcb_rho1_look,ar1,tournament,30.0,lcb,1.0,look,pooled,,,20,4800,0.19799264279855544,-0.05550781241436311,0.10762241413424198,-0.28035290417754904,1.0,-0.5153998369219344,-0.09798011145837936,0.0042209625244140625,
output-boba,tournament_k30_lcb_rho1_look,bias,tournament,30.0,lcb,1.0,look,cell,0.05,0.0,20,600,0.013395489962064456,-0.10311594042766185,0.10762241413424198,-7.697810286871363,1.0,-15.703250416519458,-4.092519123612968,0.0001318338889828333,0.00021093422237253328
output-boba,tournament_k30_lcb_rho1_look,bias,tournament,30.0,lcb,1.0,look,cell,0.05,20.0,20,600,0.008569131211679494,-0.103769810194131,0.10762241413424198,-12.109723568323421,0.992,-46.55630991669944,-5.910304838778661,1.9073486328125e-06,7.62939453125e-06
output-boba,tournament_k30_lcb_rho1_look,bias,tournament,30.0,lcb,1.0,look,cell,0.25,0.0,20,600,0.04075634626349373,-0.13715556838597961,0.10762241413424198,-3.365256725891363,1.0,-6.146806088439423,-2.0189737335528086,1.9073486328125e-06,7.62939453125e-06
output-boba,tournament_k30_lcb_rho1_look,bias,tournament,30.0,lcb,1.0,look,cell,0.25,20.0,20,600,0.03844830317953616,-0.09768831436891448,0.10762241413424198,-2.5407704967564966,1.0,-4.977676172996179,-1.235982272460316,8.20159912109375e-05,0.000164031982421875
output-boba,tournament_k30_lcb_rho1_look,bias,tournament,30.0,lcb,1.0,look,cell,1.0,0.0,20,600,0.24778106004099362,-0.1440515026752825,0.10762241413424198,-0.5813660763718187,1.0,-0.7351685670542005,-0.42561155123428573,9.5367431640625e-06,2.5431315104166668e-05
output-boba,tournament_k30_lcb_rho1_look,bias,tournament,30.0,lcb,1.0,look,cell,1.0,20.0,20,600,0.15642646108862632,-0.054896157651865084,0.10762241413424198,-0.35093907558749055,1.0,-0.665082867908601,-0.10347857957102329,0.021484375,0.024553571428571428
output-boba,tournament_k30_lcb_rho1_look,bias,tournament,30.0,lcb,1.0,look,cell,5.0,0.0,20,600,0.7380725752210011,-0.04347577087585406,0.10762241413424198,-0.05890446595016229,1.0,-0.12311110442689584,-0.0010031796594271575,0.10539817810058594,0.10539817810058594
output-boba,tournament_k30_lcb_rho1_look,bias,tournament,30.0,lcb,1.0,look,cell,5.0,20.0,20,600,0.5685229542516816,0.11944944515804023,0.10762241413424198,0.21010487661886154,1.0,0.09101287786596791,0.3064655375639029,0.009435653686523438,0.01258087158203125
output-boba,tournament_k30_lcb_rho1_look,bias,tournament,30.0,lcb,1.0,look,pooled,,,20,4800,0.22649654015238457,-0.07058795242770605,0.10762241413424198,-0.31165134964187613,1.0,-0.49095536266547546,-0.1532694830690303,0.0004825592041015625,
output-boba,tournament_k30_lcb_rho1_look,drift,tournament,30.0,lcb,1.0,look,cell,0.05,0.0,20,600,0.007546259012326475,-0.10995794872553943,0.10762241413424198,-14.571186669570718,0.986,-58.750308487168745,-6.601532254583582,3.814697265625e-06,7.62939453125e-06
output-boba,tournament_k30_lcb_rho1_look,drift,tournament,30.0,lcb,1.0,look,cell,0.05,20.0,20,600,0.005545591729968432,-0.10618552826403449,0.10762241413424198,-19.147736334466682,0.993,-77.65057400203894,-8.04132644075262,1.9073486328125e-06,5.086263020833333e-06
output-boba,tournament_k30_lcb_rho1_look,drift,tournament,30.0,lcb,1.0,look,cell,0.25,0.0,20,600,0.04441843487071276,-0.12230421108127712,0.10762241413424198,-2.753456114274712,1.0,-4.288974146890329,-1.7846656113079804,1.9073486328125e-06,5.086263020833333e-06
output-boba,tournament_k30_lcb_rho1_look,drift,tournament,30.0,lcb,1.0,look,cell,0.25,20.0,20,600,0.03700249218932726,-0.09765043381548928,0.10762241413424198,-2.6390231586524027,1.0,-5.1749847289087345,-1.3065662071965942,6.29425048828125e-05,0.0001007080078125
output-boba,tournament_k30_lcb_rho1_look,drift,tournament,30.0,lcb,1.0,look,cell,1.0,0.0,20,600,0.25418753076862133,-0.144646224829614,0.10762241413424198,-0.5690531883772095,1.0,-0.7422095101150095,-0.4269715935239821,1.9073486328125e-06,5.086263020833333e-06
output-boba,tournament_k30_lcb_rho1_look,drift,tournament,30.0,lcb,1.0,look,cell,1.0,20.0,20,600,0.16046191077310898,-0.052758375960548096,0.10762241413424198,-0.3287906501072877,1.0,-0.6864707482556154,-0.05512675670032734,0.026641845703125,0.030447823660714284
output-boba,tournament_k30_lcb_rho1_look,drift,tournament,30.0,lcb,1.0,look,cell,5.0,0.0,20,600,0.7552009810904712,-0.041285041967347294,0.10762241413424198,-0.05466762226359111,1.0,-0.15764111942430076,0.027201669455008137,0.5705966949462891,0.5705966949462891
output-boba,tournament_k30_lcb_rho1_look,drift,tournament,30.0,lcb,1.0,look,cell,5.0,20.0,20,600,0.6408456819973191,0.19198907983572697,0.10762241413424198,0.29958706944448155,1.0,0.18625936756061134,0.39203149869367965,0.001209259033203125,0.0016123453776041667
output-boba,tournament_k30_lcb_rho1_look,drift,tournament,30.0,lcb,1.0,look,pooled,,,20,4800,0.2381511103039819,-0.0603498356010153,0.10762241413424198,-0.25340984354002505,1.0,-0.41625652064636937,-0.11486485600150412,0.000850677490234375,
output-boba,tournament_k30_lcb_rho1_look,gaussian,tournament,30.0,lcb,1.0,look,cell,0.05,0.0,20,600,0.006930780737448017,-0.10946110097239188,0.10762241413424198,-15.793473364545733,0.981,-104.7159918877283,-5.775651589280075,0.0002332293340495912,0.0003731669344793459
output-boba,tournament_k30_lcb_rho1_look,gaussian,tournament,30.0,lcb,1.0,look,cell,0.05,20.0,20,600,0.002573926727981019,-0.10921615219284637,0.10762241413424198,-42.43172542775342,0.798,,,1.9073486328125e-06,3.814697265625e-06
output-boba,tournament_k30_lcb_rho1_look,gaussian,tournament,30.0,lcb,1.0,look,cell,0.25,0.0,20,600,0.049786948458824795,-0.11114959480978939,0.10762241413424198,-2.2325046673971842,1.0,-3.785547715997316,-1.397514361035795,1.9073486328125e-06,3.814697265625e-06
output-boba,tournament_k30_lcb_rho1_look,gaussian,tournament,30.0,lcb,1.0,look,cell,0.25,20.0,20,600,0.032441606005650915,-0.10271696618031385,0.10762241413424198,-3.166210888647802,1.0,-5.585023782209236,-1.7284607677841681,1.9073486328125e-06,3.814697265625e-06
output-boba,tournament_k30_lcb_rho1_look,gaussian,tournament,30.0,lcb,1.0,look,cell,1.0,0.0,20,600,0.2561344386822541,-0.1503430862351105,0.10762241413424198,-0.5869694329610148,1.0,-0.7597208074878656,-0.42859196955561124,1.9073486328125e-06,3.814697265625e-06
output-boba,tournament_k30_lcb_rho1_look,gaussian,tournament,30.0,lcb,1.0,look,cell,1.0,20.0,20,600,0.12941445146457056,-0.08214515914056088,0.10762241413424198,-0.6347448697647923,1.0,-1.071689823096162,-0.33650340817299057,0.0003223419189453125,0.0004297892252604167
output-boba,tournament_k30_lcb_rho1_look,gaussian,tournament,30.0,lcb,1.0,look,cell,5.0,0.0,20,600,0.7731111054368147,-0.038223426746034905,0.10762241413424198,-0.04944105249198086,1.0,-0.13155412821855617,0.01561529433793739,0.17685317993164062,0.17685317993164062
output-boba,tournament_k30_lcb_rho1_look,gaussian,tournament,30.0,lcb,1.0,look,cell,5.0,20.0,20,600,0.5199289879562881,0.09339228573836239,0.10762241413424198,0.17962507938913794,1.0,0.05431453545351367,0.2985172316407773,0.029575347900390625,0.03380039760044643
output-boba,tournament_k30_lcb_rho1_look,gaussian,tournament,30.0,lcb,1.0,look,pooled,,,20,4800,0.221290280683729,-0.07623290006733566,0.10762241413424198,-0.3444927623201343,1.0,-0.5256875629060038,-0.19390114440086081,6.29425048828125e-05,
output-boba,tournament_k30_lcb_rho1_post,ar1,tournament,30.0,lcb,1.0,post,cell,0.05,0.0,20,600,0.007283275356432553,-0.11172871851982613,0.11660687577536615,-15.340449598839879,0.949,,,0.00027641623202831126,0.0007371099520754967
output-boba,tournament_k30_lcb_rho1_post,ar1,tournament,30.0,lcb,1.0,post,cell,0.05,20.0,20,600,-0.0005775368818208183,-0.11790022569383507,0.11660687577536615,,0.475,,,0.00021367000439069728,0.0007371099520754967
output-boba,tournament_k30_lcb_rho1_post,ar1,tournament,30.0,lcb,1.0,post,cell,0.25,0.0,20,600,0.03825454149748255,-0.10380443117213096,0.11660687577536615,-2.7135191563846637,1.0,-5.7462479387959595,-1.204877451958972,0.0010166168212890625,0.0016265869140625
output-boba,tournament_k30_lcb_rho1_post,ar1,tournament,30.0,lcb,1.0,post,cell,0.25,20.0,20,600,0.022728479424807015,-0.10053564988773216,0.11660687577536615,-4.423333739519875,1.0,-10.558617090777787,-1.790437716046367,0.00830841064453125,0.011077880859375
output-boba,tournament_k30_lcb_rho1_post,ar1,tournament,30.0,lcb,1.0,post,cell,1.0,0.0,20,600,0.20939594374896484,-0.07840904030204594,0.11660687577536615,-0.3744534822319526,1.0,-0.6304616101471328,-0.1773671323468271,0.0002613067626953125,0.0007371099520754967
output-boba,tournament_k30_lcb_rho1_post,ar1,tournament,30.0,lcb,1.0,post,cell,1.0,20.0,20,600,0.12514782730766216,-0.04064078619867567,0.11660687577536615,-0.3247422434171771,1.0,-0.900100704758067,0.056322843987814564,0.2773551940917969,0.3169773646763393
output-boba,tournament_k30_lcb_rho1_post,ar1,tournament,30.0,lcb,1.0,post,cell,5.0,0.0,20,600,0.7264068798293957,0.009094449052896853,0.11660687577536615,0.012519772740909034,1.0,-0.050694775948696265,0.07262388223306354,0.956329345703125,0.956329345703125
output-boba,tournament_k30_lcb_rho1_post,ar1,tournament,30.0,lcb,1.0,post,cell,5.0,20.0,20,600,0.4553017321055197,0.13973426274718576,0.11660687577536615,0.30690474666325507,1.0,0.17631972617020922,0.412079389402469,0.0010166168212890625,0.0016265869140625
output-boba,tournament_k30_lcb_rho1_post,ar1,tournament,30.0,lcb,1.0,post,pooled,,,20,4800,0.19799264279855544,-0.0505237674967704,0.11660687577536615,-0.25518002478594637,1.0,-0.502644331566071,-0.05965521897680976,0.082550048828125,
output-boba,tournament_k30_lcb_rho1_post,bias,tournament,30.0,lcb,1.0,post,cell,0.05,0.0,20,600,0.013395489962064456,-0.11146320284089431,0.11660687577536615,-8.320950047855963,1.0,-17.44947466737994,-4.3195034453042265,0.00029256438440193296,0.0005851287688038659
output-boba,tournament_k30_lcb_rho1_post,bias,tournament,30.0,lcb,1.0,post,cell,0.05,20.0,20,600,0.008569131211679494,-0.10982908462310456,0.11660687577536615,-12.816828440368667,0.992,-52.91342942769916,-5.826771166199522,0.00039814247498266234,0.0006370279599722597
output-boba,tournament_k30_lcb_rho1_post,bias,tournament,30.0,lcb,1.0,post,cell,0.25,0.0,20,600,0.04075634626349373,-0.1338056353956472,0.11660687577536615,-3.283062581973879,1.0,-6.118906971171007,-1.8259379105279887,0.00021367000439069728,0.0005697866783751928
output-boba,tournament_k30_lcb_rho1_post,bias,tournament,30.0,lcb,1.0,post,cell,0.25,20.0,20,600,0.03844830317953616,-0.08822921327950325,0.11660687577536615,-2.2947492082423713,1.0,-4.729386530783918,-0.8648017583648675,0.021484375,0.028645833333333332
output-boba,tournament_k30_lcb_rho1_post,bias,tournament,30.0,lcb,1.0,post,cell,1.0,0.0,20,600,0.24778106004099362,-0.10574050307294953,0.11660687577536615,-0.42674974049854947,1.0,-0.5669072215461635,-0.30231997983783426,3.814697265625e-06,3.0517578125e-05
output-boba,tournament_k30_lcb_rho1_post,bias,tournament,30.0,lcb,1.0,post,cell,1.0,20.0,20,600,0.15642646108862632,-0.02178929156127684,0.11660687577536615,-0.13929415400462017,1.0,-0.4861891428972054,0.1194291341607829,0.6742229461669922,0.6742229461669922
output-boba,tournament_k30_lcb_rho1_post,bias,tournament,30.0,lcb,1.0,post,cell,5.0,0.0,20,600,0.7380725752210011,-0.011146766761066768,0.11660687577536615,-0.015102534812012342,1.0,-0.06865705614601386,0.037571390754452504,0.5458755493164062,0.6238577706473214
output-boba,tournament_k30_lcb_rho1_post,bias,tournament,30.0,lcb,1.0,post,cell,5.0,20.0,20,600,0.5685229542516816,0.1799348292749611,0.11660687577536615,0.31649527592390764,1.0,0.22430723815709333,0.39554841339974484,4.76837158203125e-05,0.00019073486328125
output-boba,tournament_k30_lcb_rho1_post,bias,tournament,30.0,lcb,1.0,post,pooled,,,20,4800,0.22649654015238457,-0.05025860853243517,0.11660687577536615,-0.22189570091720467,1.0,-0.4192751156462517,-0.04513868306997098,0.04405403137207031,
output-boba,tournament_k30_lcb_rho1_post,drift,tournament,30.0,lcb,1.0,post,cell,0.05,0.0,20,600,0.007546259012326475,-0.11638483312144102,0.11660687577536615,-15.422851631693481,0.986,-62.107005072838604,-6.97710604279851,1.9073486328125e-05,5.0862630208333336e-05
output-boba,tournament_k30_lcb_rho1_post,drift,tournament,30.0,lcb,1.0,post,cell,0.05,20.0,20,600,0.005545591729968432,-0.11229854924651317,0.11660687577536615,-20.25005711106548,0.993,-80.78331963587189,-8.472894817565331,0.00039814247498266234,0.0006370279599722597
output-boba,tournament_k30_lcb_rho1_post,drift,tournament,30.0,lcb,1.0,post,cell,0.25,0.0,20,600,0.04441843487071276,-0.11837554927968771,0.11660687577536615,-2.665009463395985,1.0,-4.372251317980291,-1.5541983575102196,1.33514404296875e-05,5.0862630208333336e-05
output-boba,tournament_k30_lcb_rho1_post,drift,tournament,30.0,lcb,1.0,post,cell,0.25,20.0,20,600,0.03700249218932726,-0.09013677439915481,0.11660687577536615,-2.4359649598183886,1.0,-5.0248149532703925,-1.0480350480215002,0.00830841064453125,0.011077880859375
output-boba,tournament_k30_lcb_rho1_post,drift,tournament,30.0,lcb,1.0,post,cell,1.0,0.0,20,600,0.25418753076862133,-0.1144513844500245,0.11660687577536615,-0.45026356762639896,1.0,-0.5979246356225898,-0.30763278976985237,1.9073486328125e-06,1.52587890625e-05
output-boba,tournament_k30_lcb_rho1_post,drift,tournament,30.0,lcb,1.0,post,cell,1.0,20.0,20,600,0.16046191077310898,-0.01642388713150275,0.11660687577536615,-0.10235380503929005,1.0,-0.46756619854341247,0.15679018162857417,0.9854354858398438,0.9854354858398438
output-boba,tournament_k30_lcb_rho1_post,drift,tournament,30.0,lcb,1.0,post,cell,5.0,0.0,20,600,0.7552009810904712,0.019627927288489257,0.11660687577536615,0.02599033605616818,1.0,-0.04013378349061001,0.08370099769638353,0.4304332733154297,0.49192374093191965
output-boba,tournament_k30_lcb_rho1_post,drift,tournament,30.0,lcb,1.0,post,cell,5.0,20.0,20,600,0.6408456819973191,0.24288821553658507,0.11660687577536615,0.3790120185870289,1.0,0.2771907904980286,0.4625420593839156,4.76837158203125e-05,9.5367431640625e-05
output-boba,tournament_k30_lcb_rho1_post,drift,tournament,30.0,lcb,1.0,post,pooled,,,20,4800,0.2381511103039819,-0.03819435435040621,0.11660687577536615,-0.16037865329140816,1.0,-0.3390267742406329,-0.006625333658090505,0.13272666931152344,
output-boba,tournament_k30_lcb_rho1_post,gaussian,tournament,30.0,lcb,1.0,post,cell,0.05,0.0,20,600,0.006930780737448017,-0.11447613375988427,0.11660687577536615,-16.517061799596842,0.981,-107.06508406205137,-6.058814510651255,0.0003270126629328652,0.0008720337678209738
output-boba,tournament_k30_lcb_rho1_post,gaussian,tournament,30.0,lcb,1.0,post,cell,0.05,20.0,20,600,0.002573926727981019,-0.11537496184208182,0.11660687577536615,-44.82449348221409,0.798,,,0.0007239534999888531,0.0014479069999777062
output-boba,tournament_k30_lcb_rho1_post,gaussian,tournament,30.0,lcb,1.0,post,cell,0.25,0.0,20,600,0.049786948458824795,-0.10791533872232924,0.11660687577536615,-2.167542740876723,1.0,-3.728656139773171,-1.2376431631153821,1.9073486328125e-06,1.52587890625e-05
output-boba,tournament_k30_lcb_rho1_post,gaussian,tournament,30.0,lcb,1.0,post,cell,0.25,20.0,20,600,0.032441606005650915,-0.09369834060493212,0.11660687577536615,-2.8882152316568748,1.0,-5.475733462864591,-1.2851053155246253,0.009435653686523438,0.01258087158203125
output-boba,tournament_k30_lcb_rho1_post,gaussian,tournament,30.0,lcb,1.0,post,cell,1.0,0.0,20,600,0.2561344386822541,-0.12287708220683717,0.11660687577536615,-0.479736668130253,1.0,-0.6589966378364971,-0.30928248322844554,1.33514404296875e-05,5.340576171875e-05
output-boba,tournament_k30_lcb_rho1_post,gaussian,tournament,30.0,lcb,1.0,post,cell,1.0,20.0,20,600,0.12941445146457056,-0.046902660976687306,0.11660687577536615,-0.36242212864092477,1.0,-0.8311772199904679,-0.05631007243283412,0.1230926513671875,0.14067731584821427
output-boba,tournament_k30_lcb_rho1_post,gaussian,tournament,30.0,lcb,1.0,post,cell,5.0,0.0,20,600,0.7731111054368147,0.010752179237426728,0.11660687577536615,0.013907676609239302,1.0,-0.04625703671837921,0.06950899168006379,0.7285060882568359,0.7285060882568359
output-boba,tournament_k30_lcb_rho1_post,gaussian,tournament,30.0,lcb,1.0,post,cell,5.0,20.0,20,600,0.5199289879562881,0.13080486867516267,0.11660687577536615,0.25158218084612705,1.0,0.14015881319592172,0.3485206493241292,0.0019855499267578125,0.0031768798828125
output-boba,tournament_k30_lcb_rho1_post,gaussian,tournament,30.0,lcb,1.0,post,pooled,,,20,4800,0.221290280683729,-0.05746093377502033,0.11660687577536615,-0.2596631609733654,1.0,-0.4596352701787623,-0.09139715383589271,0.005580902099609375,
output-boba,tournament_k30_obs_rho0.5_look,ar1,tournament,30.0,obs,0.5,look,cell,0.05,0.0,20,600,0.007283275356432553,-0.10313731803019169,0.10762241413424198,-14.16084288768532,0.949,,,0.0006292038308113259,0.0012584076616226519
output-boba,tournament_k30_obs_rho0.5_look,ar1,tournament,30.0,obs,0.5,look,cell,0.05,20.0,20,600,-0.0005775368818208183,-0.10928868084250247,0.10762241413424198,,0.475,,,0.00029256438440193296,0.0008595784505208334
output-boba,tournament_k30_obs_rho0.5_look,ar1,tournament,30.0,obs,0.5,look,cell,0.25,0.0,20,600,0.03825454149748255,-0.09619926340411547,0.10762241413424198,-2.5147148453065666,1.0,-5.317763260555028,-1.0948312995513643,0.001209259033203125,0.001934814453125
output-boba,tournament_k30_obs_rho0.5_look,ar1,tournament,30.0,obs,0.5,look,cell,0.25,20.0,20,600,0.022728479424807015,-0.09338670529232757,0.10762241413424198,-4.108796877559727,1.0,-9.727407000076838,-1.6236230623371501,0.00830841064453125,0.011077880859375
output-boba,tournament_k30_obs_rho0.5_look,ar1,tournament,30.0,obs,0.5,look,cell,1.0,0.0,20,600,0.20939594374896484,-0.04313152270858005,0.10762241413424198,-0.20598069827125423,1.0,-0.48071423430784266,-0.004873716626485868,0.16495704650878906,0.1885223388671875
output-boba,tournament_k30_obs_rho0.5_look,ar1,tournament,30.0,obs,0.5,look,cell,1.0,20.0,20,600,0.12514782730766216,-0.023275144612195497,0.10762241413424198,-0.18598121208270052,1.0,-0.7663034266654947,0.19294093901851872,0.7011814117431641,0.7011814117431641
output-boba,tournament_k30_obs_rho0.5_look,ar1,tournament,30.0,obs,0.5,look,cell,5.0,0.0,20,600,0.7264068798293957,0.139201178903582,0.10762241413424198,0.19162976393653494,1.0,0.10670261703576198,0.2764747051093912,0.0003223419189453125,0.0008595784505208334
output-boba,tournament_k30_obs_rho0.5_look,ar1,tournament,30.0,obs,0.5,look,cell,5.0,20.0,20,600,0.4553017321055197,0.17597621515272502,0.10762241413424198,0.3865046028683703,1.0,0.2661090139165213,0.4896675827747083,0.0002613067626953125,0.0008595784505208334
output-boba,tournament_k30_obs_rho0.5_look,ar1,tournament,30.0,obs,0.5,look,pooled,,,20,4800,0.19799264279855544,-0.019155155104200725,0.10762241413424198,-0.09674680247432144,1.0,-0.34858708828141305,0.1014171499205072,0.9854354858398438,
output-boba,tournament_k30_obs_rho0.5_look,bias,tournament,30.0,obs,0.5,look,cell,0.05,0.0,20,600,0.013395489962064456,-0.10107306541367742,0.10762241413424198,-7.5453055991167695,1.0,-15.443881536953665,-3.942695850451052,0.00029256438440193296,0.0005851287688038659
output-boba,tournament_k30_obs_rho0.5_look,bias,tournament,30.0,obs,0.5,look,cell,0.05,20.0,20,600,0.008569131211679494,-0.10127373084764031,0.10762241413424198,-11.818436238857792,0.992,-45.805415195820835,-5.575531641234021,3.62396240234375e-05,0.00014495849609375
output-boba,tournament_k30_obs_rho0.5_look,bias,tournament,30.0,obs,0.5,look,cell,0.25,0.0,20,600,0.04075634626349373,-0.12237804321740138,0.10762241413424198,-3.0026745387384692,1.0,-5.6367634148162935,-1.6247344990403396,0.00029256438440193296,0.0005851287688038659
output-boba,tournament_k30_obs_rho0.5_look,bias,tournament,30.0,obs,0.5,look,cell,0.25,20.0,20,600,0.03844830317953616,-0.08103023530118214,0.10762241413424198,-2.107511349013444,1.0,-4.546687595338388,-0.7842274164820826,0.01531219482421875,0.020416259765625
output-boba,tournament_k30_obs_rho0.5_look,bias,tournament,30.0,obs,0.5,look,cell,1.0,0.0,20,600,0.24778106004099362,-0.07622087685542257,0.10762241413424198,-0.307613813754822,1.0,-0.46468387134508776,-0.160706803943152,0.0007076263427734375,0.0011322021484375
output-boba,tournament_k30_obs_rho0.5_look,bias,tournament,30.0,obs,0.5,look,cell,1.0,20.0,20,600,0.15642646108862632,-0.007979750220937075,0.10762241413424198,-0.05101279007019151,1.0,-0.3811781889484687,0.19484301469019336,0.5958194732666016,0.5958194732666016
output-boba,tournament_k30_obs_rho0.5_look,bias,tournament,30.0,obs,0.5,look,cell,5.0,0.0,20,600,0.7380725752210011,0.05695245542642417,0.10762241413424198,0.07716376050061323,1.0,0.004059358319827215,0.1441804735600411,0.05316925048828125,0.060764857700892856
output-boba,tournament_k30_obs_rho0.5_look,bias,tournament,30.0,obs,0.5,look,cell,5.0,20.0,20,600,0.5685229542516816,0.2309090710523964,0.10762241413424198,0.4061561091342925,1.0,0.31393197901385167,0.4866226182761527,5.7220458984375e-06,4.57763671875e-05
output-boba,tournament_k30_obs_rho0.5_look,bias,tournament,30.0,obs,0.5,look,pooled,,,20,4800,0.22649654015238457,-0.025261771922180022,0.10762241413424198,-0.11153270555560875,1.0,-0.3118516800215806,0.05983495219760696,0.4523754119873047,
output-boba,tournament_k30_obs_rho0.5_look,drift,tournament,30.0,obs,0.5,look,cell,0.05,0.0,20,600,0.007546259012326475,-0.10751835385743462,0.10762241413424198,-14.247901335192473,0.986,-57.80187569264102,-6.335178912643657,1.33514404296875e-05,5.340576171875e-05
output-boba,tournament_k30_obs_rho0.5_look,drift,tournament,30.0,obs,0.5,look,cell,0.05,20.0,20,600,0.005545591729968432,-0.1040110722803557,0.10762241413424198,-18.755631020992556,0.993,-77.11755291662907,-7.6179069508226585,0.00025021619831076065,0.0005004323966215213
output-boba,tournament_k30_obs_rho0.5_look,drift,tournament,30.0,obs,0.5,look,cell,0.25,0.0,20,600,0.04441843487071276,-0.10369464993442061,0.10762241413424198,-2.334495806442553,1.0,-3.838558507302323,-1.3292492683137596,9.5367431640625e-06,5.340576171875e-05
output-boba,tournament_k30_obs_rho0.5_look,drift,tournament,30.0,obs,0.5,look,cell,0.25,20.0,20,600,0.03700249218932726,-0.08412771622732515,0.10762241413424198,-2.273568920625037,1.0,-4.79006950635601,-0.9303230434831893,0.0072956085205078125,0.00972747802734375
output-boba,tournament_k30_obs_rho0.5_look,drift,tournament,30.0,obs,0.5,look,cell,1.0,0.0,20,600,0.25418753076862133,-0.07334382981066304,0.10762241413424198,-0.2885422018494902,1.0,-0.4371433350987619,-0.14881679147716373,0.0010166168212890625,0.0016265869140625
output-boba,tournament_k30_obs_rho0.5_look,drift,tournament,30.0,obs,0.5,look,cell,1.0,20.0,20,600,0.16046191077310898,-0.004410624908028989,0.10762241413424198,-0.027487052140775976,1.0,-0.38846776809559314,0.2380083500329416,0.6742229461669922,0.6742229461669922
output-boba,tournament_k30_obs_rho0.5_look,drift,tournament,30.0,obs,0.5,look,cell,5.0,0.0,20,600,0.7552009810904712,0.0681850289532138,0.10762241413424198,0.0902872621467707,1.0,0.021754995800630013,0.15807167381520748,0.013616561889648438,0.015561785016741072
output-boba,tournament_k30_obs_rho0.5_look,drift,tournament,30.0,obs,0.5,look,cell,5.0,20.0,20,600,0.6408456819973191,0.2912865176219599,0.10762241413424198,0.4545345717460549,1.0,0.36001641714734856,0.5297169181715499,2.6702880859375e-05,7.120768229166667e-05
output-boba,tournament_k30_obs_rho0.5_look,drift,tournament,30.0,obs,0.5,look,pooled,,,20,4800,0.2381511103039819,-0.014704337555381811,0.10762241413424198,-0.06174372874689871,1.0,-0.2467852979057343,0.0906143303848894,0.8694877624511719,
output-boba,tournament_k30_obs_rho0.5_look,gaussian,tournament,30.0,obs,0.5,look,cell,0.05,0.0,20,600,0.006930780737448017,-0.10721692502282003,0.10762241413424198,-15.469674930489631,0.981,-102.83183558854907,-5.4950187703805975,0.0003270126629328652,0.0006540253258657304
output-boba,tournament_k30_obs_rho0.5_look,gaussian,tournament,30.0,obs,0.5,look,cell,0.05,20.0,20,600,0.002573926727981019,-0.10684861835700683,0.10762241413424198,-41.51191142912549,0.798,,,0.0001678466796875,0.0004475911458333333
output-boba,tournament_k30_obs_rho0.5_look,gaussian,tournament,30.0,obs,0.5,look,cell,0.25,0.0,20,600,0.049786948458824795,-0.09404761799703923,0.10762241413424198,-1.8890014533591921,1.0,-3.444945804758848,-1.019981240664849,5.7220458984375e-06,3.814697265625e-05
output-boba,tournament_k30_obs_rho0.5_look,gaussian,tournament,30.0,obs,0.5,look,cell,0.25,20.0,20,600,0.032441606005650915,-0.08741518137881775,0.10762241413424198,-2.6945392704538467,1.0,-5.0905009636673295,-1.2357550983228822,0.00365447998046875,0.004176548549107143
output-boba,tournament_k30_obs_rho0.5_look,gaussian,tournament,30.0,obs,0.5,look,cell,1.0,0.0,20,600,0.2561344386822541,-0.08406125206295681,0.10762241413424198,-0.3281919155246376,1.0,-0.5130012930383384,-0.159516088558862,0.000850677490234375,0.001361083984375
output-boba,tournament_k30_obs_rho0.5_look,gaussian,tournament,30.0,obs,0.5,look,cell,1.0,20.0,20,600,0.12941445146457056,-0.030760948861578104,0.10762241413424198,-0.23769330637698868,1.0,-0.6994826714238418,0.06934128912933958,0.4304332733154297,0.4304332733154297
output-boba,tournament_k30_obs_rho0.5_look,gaussian,tournament,30.0,obs,0.5,look,cell,5.0,0.0,20,600,0.7731111054368147,0.07883498688944893,0.10762241413424198,0.1019710961788687,1.0,0.048744687545015965,0.15792341988306446,0.001689910888671875,0.0022532145182291665
output-boba,tournament_k30_obs_rho0.5_look,gaussian,tournament,30.0,obs,0.5,look,cell,5.0,20.0,20,600,0.5199289879562881,0.1865500950272261,0.10762241413424198,0.3587991809429751,1.0,0.2509760349888676,0.4561242496544615,9.5367431640625e-06,3.814697265625e-05
output-boba,tournament_k30_obs_rho0.5_look,gaussian,tournament,30.0,obs,0.5,look,pooled,,,20,4800,0.221290280683729,-0.030620682720442965,0.10762241413424198,-0.13837337376875783,1.0,-0.34533433517638473,0.03155726580830546,0.20244979858398438,
output-boba,tournament_k30_obs_rho0.5_post,ar1,tournament,30.0,obs,0.5,post,cell,0.05,0.0,20,600,0.007283275356432553,-0.11190731385220601,0.11660687577536615,-15.364970892301912,0.949,,,0.00027641623202831126,0.001105664928113245
output-boba,tournament_k30_obs_rho0.5_post,ar1,tournament,30.0,obs,0.5,post,cell,0.05,20.0,20,600,-0.0005775368818208183,-0.11719206761251803,0.11660687577536615,,0.475,,,0.0009673344724417701,0.0025795585931780536
output-boba,tournament_k30_obs_rho0.5_post,ar1,tournament,30.0,obs,0.5,post,cell,0.25,0.0,20,600,0.03825454149748255,-0.1011170243707975,0.11660687577536615,-2.6432684960412294,1.0,-5.699920121900032,-1.1005216887945923,0.006389617919921875,0.010223388671875
output-boba,tournament_k30_obs_rho0.5_post,ar1,tournament,30.0,obs,0.5,post,cell,0.25,20.0,20,600,0.022728479424807015,-0.09671485557280626,0.11660687577536615,-4.255227715200638,1.0,-10.366282688048063,-1.564353219330357,0.012079238891601562,0.01610565185546875
output-boba,tournament_k30_obs_rho0.5_post,ar1,tournament,30.0,obs,0.5,post,cell,1.0,0.0,20,600,0.20939594374896484,-0.0658950634909277,0.11660687577536615,-0.3146912127864629,1.0,-0.5788943128212991,-0.11640833157986415,0.00365447998046875,0.0073089599609375
output-boba,tournament_k30_obs_rho0.5_post,ar1,tournament,30.0,obs,0.5,post,cell,1.0,20.0,20,600,0.12514782730766216,-0.010724278603325631,0.11660687577536615,-0.08569288683663019,1.0,-0.685079078866389,0.3040314456223195,0.956329345703125,0.956329345703125
output-boba,tournament_k30_obs_rho0.5_post,ar1,tournament,30.0,obs,0.5,post,cell,5.0,0.0,20,600,0.7264068798293957,0.06188103881513246,0.11660687577536615,0.08518784793126667,1.0,0.017681756978408836,0.15153793203743116,0.10539817810058594,0.12045506068638392
output-boba,tournament_k30_obs_rho0.5_post,ar1,tournament,30.0,obs,0.5,post,cell,5.0,20.0,20,600,0.4553017321055197,0.22673644349864394,0.11660687577536615,0.4979916119583222,1.0,0.37997863658083647,0.59732414120162,2.6702880859375e-05,0.000213623046875
output-boba,tournament_k30_obs_rho0.5_post,ar1,tournament,30.0,obs,0.5,post,pooled,,,20,4800,0.19799264279855544,-0.0268666401486006,0.11660687577536615,-0.13569514386418716,1.0,-0.3942445479676344,0.08006465689784723,0.7011814117431641,
output-boba,tournament_k30_obs_rho0.5_post,bias,tournament,30.0,obs,0.5,post,cell,0.05,0.0,20,600,0.013395489962064456,-0.11101278736673063,0.11660687577536615,-8.287325635800919,1.0,-17.414979890045505,-4.288442964216368,0.00029256438440193296,0.0005851287688038659
output-boba,tournament_k30_obs_rho0.5_post,bias,tournament,30.0,obs,0.5,post,cell,0.05,20.0,20,600,0.008569131211679494,-0.1082653344560719,0.11660687577536615,-12.63434200990051,0.992,-52.62978419738719,-5.620318923390383,0.0014771661952373803,0.0023634659123798083
output-boba,tournament_k30_obs_rho0.5_post,bias,tournament,30.0,obs,0.5,post,cell,0.25,0.0,20,600,0.04075634626349373,-0.1313684081899614,0.11660687577536615,-3.2232626384281824,1.0,-6.063998179519404,-1.7455164548500017,0.00021367000439069728,0.0005697866783751928
output-boba,tournament_k30_obs_rho0.5_post,bias,tournament,30.0,obs,0.5,post,cell,0.25,20.0,20,600,0.03844830317953616,-0.08183367640425325,0.11660687577536615,-2.1284080085960375,1.0,-4.616451270009705,-0.6698078776953327,0.039989471435546875,0.053319295247395836
output-boba,tournament_k30_obs_rho0.5_post,bias,tournament,30.0,obs,0.5,post,cell,1.0,0.0,20,600,0.24778106004099362,-0.08618071141784235,0.11660687577536615,-0.3478099230166517,1.0,-0.5034959487902323,-0.19834744681965563,0.000133514404296875,0.0005340576171875
output-boba,tournament_k30_obs_rho0.5_post,bias,tournament,30.0,obs,0.5,post,cell,1.0,20.0,20,600,0.15642646108862632,0.011571522705337681,0.11660687577536615,0.07397420247704524,1.0,-0.2892535393002134,0.3453991959661427,0.3299827575683594,0.37712315150669645
output-boba,tournament_k30_obs_rho0.5_post,bias,tournament,30.0,obs,0.5,post,cell,5.0,0.0,20,600,0.7380725752210011,0.011947798721975234,0.11660687577536615,0.016187837244051106,1.0,-0.04206422220580776,0.07051885712151224,1.0,1.0
output-boba,tournament_k30_obs_rho0.5_post,bias,tournament,30.0,obs,0.5,post,cell,5.0,20.0,20,600,0.5685229542516816,0.29915098581941124,0.11660687577536615,0.5261898109517297,1.0,0.42738224539276776,0.6080598446054503,3.814697265625e-06,3.0517578125e-05
output-boba,tournament_k30_obs_rho0.5_post,bias,tournament,30.0,obs,0.5,post,pooled,,,20,4800,0.22649654015238457,-0.02449882632351691,0.11660687577536615,-0.1081642408622858,1.0,-0.31720801720457587,0.07433690173794906,0.5458755493164062,
output-boba,tournament_k30_obs_rho0.5_post,drift,tournament,30.0,obs,0.5,post,cell,0.05,0.0,20,600,0.007546259012326475,-0.11591889199309366,0.11660687577536615,-15.361106980789469,0.986,-61.90616412824593,-6.889382262687083,1.9073486328125e-05,7.62939453125e-05
output-boba,tournament_k30_obs_rho0.5_post,drift,tournament,30.0,obs,0.5,post,cell,0.05,20.0,20,600,0.005545591729968432,-0.11182024712996781,0.11660687577536615,-20.163808043367148,0.993,-80.68595630410915,-8.31300033833722,0.001284705613291876,0.0020555289812670017
output-boba,tournament_k30_obs_rho0.5_post,drift,tournament,30.0,obs,0.5,post,cell,0.25,0.0,20,600,0.04441843487071276,-0.11115650301891447,0.11660687577536615,-2.502485811182991,1.0,-4.225993645182263,-1.3650949011201057,6.29425048828125e-05,0.0001678466796875
output-boba,tournament_k30_obs_rho0.5_post,drift,tournament,30.0,obs,0.5,post,cell,0.25,20.0,20,600,0.03700249218932726,-0.08497142608686163,0.11660687577536615,-2.296370353977676,1.0,-4.864127974389943,-0.8458162545069654,0.026641845703125,0.0355224609375
output-boba,tournament_k30_obs_rho0.5_post,drift,tournament,30.0,obs,0.5,post,cell,1.0,0.0,20,600,0.25418753076862133,-0.08514875256437186,0.11660687577536615,-0.33498398724318235,1.0,-0.4833761772108165,-0.19394701639284972,0.0003223419189453125,0.000644683837890625
output-boba,tournament_k30_obs_rho0.5_post,drift,tournament,30.0,obs,0.5,post,cell,1.0,20.0,20,600,0.16046191077310898,0.011861682493124946,0.11660687577536615,0.07392210672286713,1.0,-0.30867798992429324,0.3457456232370354,0.3299827575683594,0.3299827575683594
output-boba,tournament_k30_obs_rho0.5_post,drift,tournament,30.0,obs,0.5,post,cell,5.0,0.0,20,600,0.7552009810904712,0.06116939680280942,0.11660687577536615,0.08099750706690552,1.0,0.005329294974889466,0.1557220448973602,0.11398696899414062,0.13027082170758927
output-boba,tournament_k30_obs_rho0.5_post,drift,tournament,30.0,obs,0.5,post,cell,5.0,20.0,20,600,0.6408456819973191,0.3403057258107877,0.11660687577536615,0.5310260104275952,1.0,0.4334130964731299,0.6092431663109533,3.814697265625e-06,3.0517578125e-05
output-boba,tournament_k30_obs_rho0.5_post,drift,tournament,30.0,obs,0.5,post,pooled,,,20,4800,0.2381511103039819,-0.011959876960810908,0.11660687577536615,-0.050219698516395864,1.0,-0.2397552849691577,0.11114182660700035,0.8983173370361328,
output-boba,tournament_k30_obs_rho0.5_post,gaussian,tournament,30.0,obs,0.5,post,cell,0.05,0.0,20,600,0.006930780737448017,-0.11304227101036675,0.11660687577536615,-16.31017850551568,0.981,-106.1702552057426,-5.954849407637197,0.0003861775700434037,0.0007723551400868073
output-boba,tournament_k30_obs_rho0.5_post,gaussian,tournament,30.0,obs,0.5,post,cell,0.05,20.0,20,600,0.002573926727981019,-0.11429411624939376,0.11660687577536615,-44.404572595990615,0.798,,,0.0014771661952373803,0.0023634659123798083
output-boba,tournament_k30_obs_rho0.5_post,gaussian,tournament,30.0,obs,0.5,post,cell,0.25,0.0,20,600,0.049786948458824795,-0.1043383059168285,0.11660687577536615,-2.0956959433478675,1.0,-3.654370737446429,-1.1590777491722926,1.9073486328125e-05,7.62939453125e-05
output-boba,tournament_k30_obs_rho0.5_post,gaussian,tournament,30.0,obs,0.5,post,cell,0.25,20.0,20,600,0.032441606005650915,-0.08851548556117825,0.11660687577536615,-2.728455722745661,1.0,-5.398627981077361,-1.0936712343054122,0.023950576782226562,0.031934102376302086
output-boba,tournament_k30_obs_rho0.5_post,gaussian,tournament,30.0,obs,0.5,post,cell,1.0,0.0,20,600,0.2561344386822541,-0.10557736002024032,0.11660687577536615,-0.41219509786895003,1.0,-0.5929736033686781,-0.24485144697937294,4.76837158203125e-05,0.00012715657552083334
output-boba,tournament_k30_obs_rho0.5_post,gaussian,tournament,30.0,obs,0.5,post,cell,1.0,20.0,20,600,0.12941445146457056,-0.012584339543042448,0.11660687577536615,-0.09724060489865483,1.0,-0.5958533565231046,0.23957418251256019,0.9272785186767578,0.9272785186767578
output-boba,tournament_k30_obs_rho0.5_post,gaussian,tournament,30.0,obs,0.5,post,cell,5.0,0.0,20,600,0.7731111054368147,0.04213087670155945,0.11660687577536615,0.054495241893796266,1.0,-0.006582996391612681,0.11021924611059399,0.082550048828125,0.09434291294642858
output-boba,tournament_k30_obs_rho0.5_post,gaussian,tournament,30.0,obs,0.5,post,cell,5.0,20.0,20,600,0.5199289879562881,0.2490607461778461,0.11660687577536615,0.47902839031315053,1.0,0.36659893026237,0.5763183295819111,9.5367431640625e-06,7.62939453125e-05
output-boba,tournament_k30_obs_rho0.5_post,gaussian,tournament,30.0,obs,0.5,post,pooled,,,20,4800,0.221290280683729,-0.03089503192770555,0.11660687577536615,-0.13961314447362078,1.0,-0.3534976202596868,0.04804938451200667,0.2305126190185547,
output-boba,tournament_k30_obs_rho1_look,ar1,tournament,30.0,obs,1.0,look,cell,0.05,0.0,20,600,0.007283275356432553,-0.10469584645405847,0.10762241413424198,-14.374830187024523,0.949,,,0.00019643672621231134,0.00031429876193969815
output-boba,tournament_k30_obs_rho1_look,ar1,tournament,30.0,obs,1.0,look,cell,0.05,20.0,20,600,-0.0005775368818208183,-0.11103858901317995,0.10762241413424198,,0.475,,,1.9073486328125e-06,1.52587890625e-05
output-boba,tournament_k30_obs_rho1_look,ar1,tournament,30.0,obs,1.0,look,cell,0.25,0.0,20,600,0.03825454149748255,-0.10679909005368102,0.10762241413424198,-2.791801597222365,1.0,-5.649101784367906,-1.3821733923895922,1.33514404296875e-05,5.340576171875e-05
output-boba,tournament_k30_obs_rho1_look,ar1,tournament,30.0,obs,1.0,look,cell,0.25,20.0,20,600,0.022728479424807015,-0.10665213924749443,0.10762241413424198,-4.6924449829709625,1.0,-10.538977852537936,-2.213056783095515,4.76837158203125e-05,9.5367431640625e-05
output-boba,tournament_k30_obs_rho1_look,ar1,tournament,30.0,obs,1.0,look,cell,1.0,0.0,20,600,0.20939594374896484,-0.0935483625706889,0.10762241413424198,-0.4467534609115434,1.0,-0.6993998050052076,-0.26466800770283766,2.6702880859375e-05,7.120768229166667e-05
output-boba,tournament_k30_obs_rho1_look,ar1,tournament,30.0,obs,1.0,look,cell,1.0,20.0,20,600,0.12514782730766216,-0.06406867653902579,0.10762241413424198,-0.5119439779127767,1.0,-1.088718918718869,-0.12923425631937674,0.023950576782226562,0.027372087751116072
output-boba,tournament_k30_obs_rho1_look,ar1,tournament,30.0,obs,1.0,look,cell,5.0,0.0,20,600,0.7264068798293957,0.04074465724266825,0.10762241413424198,0.05609068192228241,1.0,-0.032613879990244565,0.13811547388087156,0.4304332733154297,0.4304332733154297
output-boba,tournament_k30_obs_rho1_look,ar1,tournament,30.0,obs,1.0,look,cell,5.0,20.0,20,600,0.4553017321055197,0.08266249834452036,0.10762241413424198,0.18155542251563997,1.0,0.052738854753256036,0.28885845071751076,0.023950576782226562,0.027372087751116072
output-boba,tournament_k30_obs_rho1_look,ar1,tournament,30.0,obs,1.0,look,pooled,,,20,4800,0.19799264279855544,-0.0579244435363675,0.10762241413424198,-0.2925585653973104,1.0,-0.5281199552733236,-0.1097769926660655,0.001689910888671875,
output-boba,tournament_k30_obs_rho1_look,bias,tournament,30.0,obs,1.0,look,cell,0.05,0.0,20,600,0.013395489962064456,-0.1035087633116825,0.10762241413424198,-7.727135297388568,1.0,-15.730464248688417,-4.112486942725549,0.00015509577279577017,0.00024815323647323225
output-boba,tournament_k30_obs_rho1_look,bias,tournament,30.0,obs,1.0,look,cell,0.05,20.0,20,600,0.008569131211679494,-0.1035485269736407,0.10762241413424198,-12.083900271302516,0.992,-46.366647290974576,-5.863534909659145,1.9073486328125e-06,5.086263020833333e-06
output-boba,tournament_k30_obs_rho1_look,bias,tournament,30.0,obs,1.0,look,cell,0.25,0.0,20,600,0.04075634626349373,-0.13693527514379766,0.10762241413424198,-3.359851598533829,1.0,-6.115945283798595,-2.0083649327283646,1.9073486328125e-06,5.086263020833333e-06
output-boba,tournament_k30_obs_rho1_look,bias,tournament,30.0,obs,1.0,look,cell,0.25,20.0,20,600,0.03844830317953616,-0.0982583587386029,0.10762241413424198,-2.5555967523399117,1.0,-4.979957338337509,-1.248853560891915,0.000133514404296875,0.00024815323647323225
output-boba,tournament_k30_obs_rho1_look,bias,tournament,30.0,obs,1.0,look,cell,1.0,0.0,20,600,0.24778106004099362,-0.14494071525090152,0.10762241413424198,-0.5849547791381718,1.0,-0.7246174373683506,-0.45350096511947413,1.9073486328125e-06,5.086263020833333e-06
output-boba,tournament_k30_obs_rho1_look,bias,tournament,30.0,obs,1.0,look,cell,1.0,20.0,20,600,0.15642646108862632,-0.05261935934192834,0.10762241413424198,-0.33638400418785835,1.0,-0.6530556924406676,-0.08860559854006465,0.029575347900390625,0.029575347900390625
output-boba,tournament_k30_obs_rho1_look,bias,tournament,30.0,obs,1.0,look,cell,5.0,0.0,20,600,0.7380725752210011,-0.06624746330120337,0.10762241413424198,-0.08975738365751755,1.0,-0.15865444422677624,-0.030425058635392795,0.012079238891601562,0.013804844447544642
output-boba,tournament_k30_obs_rho1_look,bias,tournament,30.0,obs,1.0,look,cell,5.0,20.0,20,600,0.5685229542516816,0.11798869945255433,0.10762241413424198,0.20753550682550181,1.0,0.08727508577407934,0.30434578151348507,0.01068878173828125,0.013804844447544642
output-boba,tournament_k30_obs_rho1_look,bias,tournament,30.0,obs,1.0,look,pooled,,,20,4800,0.22649654015238457,-0.07350872032615034,0.10762241413424198,-0.3245467691325193,1.0,-0.5011182204451387,-0.17056670436560575,0.000209808349609375,
output-boba,tournament_k30_obs_rho1_look,drift,tournament,30.0,obs,1.0,look,cell,0.05,0.0,20,600,0.007546259012326475,-0.10995875840902578,0.10762241413424198,-14.571293965581233,0.986,-58.736197369061834,-6.609555099971473,3.814697265625e-06,7.62939453125e-06
output-boba,tournament_k30_obs_rho1_look,drift,tournament,30.0,obs,1.0,look,cell,0.05,20.0,20,600,0.005545591729968432,-0.10623085776976345,0.10762241413424198,-19.155910305421664,0.993,-77.71638888083882,-8.034250790399355,1.9073486328125e-06,5.086263020833333e-06
output-boba,tournament_k30_obs_rho1_look,drift,tournament,30.0,obs,1.0,look,cell,0.25,0.0,20,600,0.04441843487071276,-0.122235927775542,0.10762241413424198,-2.75191884025923,1.0,-4.266760122568069,-1.8075950999293655,1.9073486328125e-06,5.086263020833333e-06
output-boba,tournament_k30_obs_rho1_look,drift,tournament,30.0,obs,1.0,look,cell,0.25,20.0,20,600,0.03700249218932726,-0.0980836539796588,0.10762241413424198,-2.6507310231376624,1.0,-5.187145401400223,-1.3101629773718801,8.20159912109375e-05,0.0001312255859375
output-boba,tournament_k30_obs_rho1_look,drift,tournament,30.0,obs,1.0,look,cell,1.0,0.0,20,600,0.25418753076862133,-0.141632299446123,0.10762241413424198,-0.5571960946229352,1.0,-0.7294224043834547,-0.41222259536680367,1.9073486328125e-06,5.086263020833333e-06
output-boba,tournament_k30_obs_rho1_look,drift,tournament,30.0,obs,1.0,look,cell,1.0,20.0,20,600,0.16046191077310898,-0.050000299430848286,0.10762241413424198,-0.31160229359070796,1.0,-0.6617906989546369,-0.045950151284740774,0.03276824951171875,0.037449428013392856
output-boba,tournament_k30_obs_rho1_look,drift,tournament,30.0,obs,1.0,look,cell,5.0,0.0,20,600,0.7552009810904712,-0.02007672999644027,0.10762241413424198,-0.026584618530884993,1.0,-0.10906652725121609,0.04507021885065291,0.49800872802734375,0.49800872802734375
output-boba,tournament_k30_obs_rho1_look,drift,tournament,30.0,obs,1.0,look,cell,5.0,20.0,20,600,0.6408456819973191,0.1904725479681884,0.10762241413424198,0.2972206153820745,1.0,0.184055675643497,0.38935987010177686,0.001209259033203125,0.0016123453776041667
output-boba,tournament_k30_obs_rho1_look,drift,tournament,30.0,obs,1.0,look,pooled,,,20,4800,0.2381511103039819,-0.05721824735490164,0.10762241413424198,-0.24026025863102998,1.0,-0.4082385685287548,-0.10177138535036508,0.0014324188232421875,
output-boba,tournament_k30_obs_rho1_look,gaussian,tournament,30.0,obs,1.0,look,cell,0.05,0.0,20,600,0.006930780737448017,-0.10908135957486464,0.10762241413424198,-15.73868279881979,0.981,-104.57402197992195,-5.728545634984906,0.0002332293340495912,0.0003731669344793459
output-boba,tournament_k30_obs_rho1_look,gaussian,tournament,30.0,obs,1.0,look,cell,0.05,20.0,20,600,0.002573926727981019,-0.10888313172964767,0.10762241413424198,-42.302343165399776,0.798,,,1.9073486328125e-06,3.814697265625e-06
output-boba,tournament_k30_obs_rho1_look,gaussian,tournament,30.0,obs,1.0,look,cell,0.25,0.0,20,600,0.049786948458824795,-0.10949015039993168,0.10762241413424198,-2.1991737551555928,1.0,-3.7555021344146566,-1.35084886094245,1.9073486328125e-06,3.814697265625e-06
output-boba,tournament_k30_obs_rho1_look,gaussian,tournament,30.0,obs,1.0,look,cell,0.25,20.0,20,600,0.032441606005650915,-0.10242592247426682,0.10762241413424198,-3.157239578596249,1.0,-5.5620992706830865,-1.7190477966491013,1.9073486328125e-06,3.814697265625e-06
output-boba,tournament_k30_obs_rho1_look,gaussian,tournament,30.0,obs,1.0,look,cell,1.0,0.0,20,600,0.2561344386822541,-0.1545251283122487,0.10762241413424198,-0.6032969604057963,1.0,-0.7617130298238733,-0.46282308629397156,1.9073486328125e-06,3.814697265625e-06
output-boba,tournament_k30_obs_rho1_look,gaussian,tournament,30.0,obs,1.0,look,cell,1.0,20.0,20,600,0.12941445146457056,-0.0870035578667094,0.10762241413424198,-0.6722862623308196,1.0,-1.125564897094155,-0.359411558248825,0.0003223419189453125,0.0004297892252604167
output-boba,tournament_k30_obs_rho1_look,gaussian,tournament,30.0,obs,1.0,look,cell,5.0,0.0,20,600,0.7731111054368147,-0.029426557391801788,0.10762241413424198,-0.0380625206194335,1.0,-0.10388543772267986,0.017794236576293223,0.2773551940917969,0.2773551940917969
output-boba,tournament_k30_obs_rho1_look,gaussian,tournament,30.0,obs,1.0,look,cell,5.0,20.0,20,600,0.5199289879562881,0.09334827906015092,0.10762241413424198,0.17954043960326171,1.0,0.05323169865895772,0.2984631491023022,0.029575347900390625,0.03380039760044643
output-boba,tournament_k30_obs_rho1_look,gaussian,tournament,30.0,obs,1.0,look,pooled,,,20,4800,0.221290280683729,-0.07593594108616498,0.10762241413424198,-0.3431508191482374,1.0,-0.525468056263268,-0.18967475263073183,0.000133514404296875,
output-boba,tournament_k30_obs_rho1_post,ar1,tournament,30.0,obs,1.0,post,cell,0.05,0.0,20,600,0.007283275356432553,-0.11165609296881196,0.11660687577536615,-15.330478047929061,0.949,,,0.00027641623202831126,0.0010528564453125
output-boba,tournament_k30_obs_rho1_post,ar1,tournament,30.0,obs,1.0,post,cell,0.05,20.0,20,600,-0.0005775368818208183,-0.11765354887460866,0.11660687577536615,,0.475,,,0.00021367000439069728,0.0010528564453125
output-boba,tournament_k30_obs_rho1_post,ar1,tournament,30.0,obs,1.0,post,cell,0.25,0.0,20,600,0.03825454149748255,-0.10557400727470001,0.11660687577536615,-2.759777091607479,1.0,-5.809461979699161,-1.2481635012572003,0.000850677490234375,0.001361083984375
output-boba,tournament_k30_obs_rho1_post,ar1,tournament,30.0,obs,1.0,post,cell,0.25,20.0,20,600,0.022728479424807015,-0.10298326776283866,0.11660687577536615,-4.531023208285438,1.0,-10.710471690306976,-1.8554945537991756,0.00830841064453125,0.011077880859375
output-boba,tournament_k30_obs_rho1_post,ar1,tournament,30.0,obs,1.0,post,cell,1.0,0.0,20,600,0.20939594374896484,-0.0776293604494233,0.11660687577536615,-0.3707300106180164,1.0,-0.6242868153758598,-0.18126080526929023,0.0003948211669921875,0.0010528564453125
output-boba,tournament_k30_obs_rho1_post,ar1,tournament,30.0,obs,1.0,post,cell,1.0,20.0,20,600,0.12514782730766216,-0.039198387421736355,0.11660687577536615,-0.3132166835415483,1.0,-0.8910876865054209,0.06039745078950477,0.24548721313476562,0.2805568150111607
output-boba,tournament_k30_obs_rho1_post,ar1,tournament,30.0,obs,1.0,post,cell,5.0,0.0,20,600,0.7264068798293957,0.03390551006158264,0.11660687577536615,0.04667564556870071,1.0,-0.02006653574748712,0.10780539693772626,0.38837623596191406,0.38837623596191406
output-boba,tournament_k30_obs_rho1_post,ar1,tournament,30.0,obs,1.0,post,cell,5.0,20.0,20,600,0.4553017321055197,0.1351509972925761,0.11660687577536615,0.2968383113052902,1.0,0.17967601348717996,0.3900156122090199,0.0005855560302734375,0.001171112060546875
output-boba,tournament_k30_obs_rho1_post,ar1,tournament,30.0,obs,1.0,post,pooled,,,20,4800,0.19799264279855544,-0.048204769674745004,0.11660687577536615,-0.2434674793638176,1.0,-0.4896804455080316,-0.04202606153108366,0.13272666931152344,
output-boba,tournament_k30_obs_rho1_post,bias,tournament,30.0,obs,1.0,post,cell,0.05,0.0,20,600,0.013395489962064456,-0.11129857024202912,0.11660687577536615,-8.308659896519101,1.0,-17.43993469341455,-4.300301751324403,0.00029256438440193296,0.0005851287688038659
output-boba,tournament_k30_obs_rho1_post,bias,tournament,30.0,obs,1.0,post,cell,0.05,20.0,20,600,0.008569131211679494,-0.10951670743432992,0.11660687577536615,-12.78037466447726,0.992,-52.7337245858468,-5.809946284957077,0.0004633944245426167,0.0007414310792681867
output-boba,tournament_k30_obs_rho1_post,bias,tournament,30.0,obs,1.0,post,cell,0.25,0.0,20,600,0.04075634626349373,-0.13550227592838188,0.11660687577536615,-3.324691449335191,1.0,-6.218249988719976,-1.848318962739987,0.00015509577279577017,0.0004135887274553871
output-boba,tournament_k30_obs_rho1_post,bias,tournament,30.0,obs,1.0,post,cell,0.25,20.0,20,600,0.03844830317953616,-0.08941704355246385,0.11660687577536615,-2.325643426575336,1.0,-4.791239745842247,-0.8862215808452811,0.021484375,0.028645833333333332
output-boba,tournament_k30_obs_rho1_post,bias,tournament,30.0,obs,1.0,post,cell,1.0,0.0,20,600,0.24778106004099362,-0.10262516434413146,0.11660687577536615,-0.41417679110402084,1.0,-0.5615266211518775,-0.2721682166947152,1.9073486328125e-05,0.000152587890625
output-boba,tournament_k30_obs_rho1_post,bias,tournament,30.0,obs,1.0,post,cell,1.0,20.0,20,600,0.15642646108862632,-0.022292368219035835,0.11660687577536615,-0.14251021255544277,1.0,-0.47406329032016503,0.10562349945500339,0.6742229461669922,0.6742229461669922
output-boba,tournament_k30_obs_rho1_post,bias,tournament,30.0,obs,1.0,post,cell,5.0,0.0,20,600,0.7380725752210011,-0.026199531976117445,0.11660687577536615,-0.035497230022769125,1.0,-0.09306947292614899,0.01888667362083768,0.15364646911621094,0.17559596470424108
output-boba,tournament_k30_obs_rho1_post,bias,tournament,30.0,obs,1.0,post,cell,5.0,20.0,20,600,0.5685229542516816,0.17640046001047918,0.11660687577536615,0.31027851855632865,1.0,0.21815416851512237,0.3891996402295549,6.29425048828125e-05,0.00025177001953125
output-boba,tournament_k30_obs_rho1_post,bias,tournament,30.0,obs,1.0,post,pooled,,,20,4800,0.22649654015238457,-0.052556400210751274,0.11660687577536615,-0.23204063150541665,1.0,-0.4290766024176242,-0.05965368333332067,0.03623390197753906,
output-boba,tournament_k30_obs_rho1_post,drift,tournament,30.0,obs,1.0,post,cell,0.05,0.0,20,600,0.007546259012326475,-0.11601308951938052,0.11660687577536615,-15.373589659442958,0.986,-61.70018127844674,-6.922293720981545,1.33514404296875e-05,3.5603841145833336e-05
output-boba,tournament_k30_obs_rho1_post,drift,tournament,30.0,obs,1.0,post,cell,0.05,20.0,20,600,0.005545591729968432,-0.11203778891357308,0.11660687577536615,-20.203035919164364,0.993,-80.59480543957294,-8.448920191088659,0.0005385174873341328,0.0008616279797346125
output-boba,tournament_k30_obs_rho1_post,drift,tournament,30.0,obs,1.0,post,cell,0.25,0.0,20,600,0.04441843487071276,-0.11654912350751787,0.11660687577536615,-2.6238908202586035,1.0,-4.324661048605948,-1.5330712493100798,9.5367431640625e-06,3.5603841145833336e-05
output-boba,tournament_k30_obs_rho1_post,drift,tournament,30.0,obs,1.0,post,cell,0.25,20.0,20,600,0.03700249218932726,-0.09202117857195662,0.11660687577536615,-2.4868913721032704,1.0,-5.111309726503276,-1.0579041081489318,0.012079238891601562,0.01610565185546875
output-boba,tournament_k30_obs_rho1_post,drift,tournament,30.0,obs,1.0,post,cell,1.0,0.0,20,600,0.25418753076862133,-0.10836165809120482,0.11660687577536615,-0.4263059551486927,1.0,-0.5812364369742342,-0.2799689494943137,9.5367431640625e-06,3.5603841145833336e-05
output-boba,tournament_k30_obs_rho1_post,drift,tournament,30.0,obs,1.0,post,cell,1.0,20.0,20,600,0.16046191077310898,-0.0203505299647913,0.11660687577536615,-0.1268246767518971,1.0,-0.4968442715690964,0.12776067997834667,0.9854354858398438,0.9854354858398438
output-boba,tournament_k30_obs_rho1_post,drift,tournament,30.0,obs,1.0,post,cell,5.0,0.0,20,600,0.7552009810904712,0.014423159548530263,0.11660687577536615,0.01909843857419778,1.0,-0.06662814974236177,0.09971448576454883,0.6742229461669922,0.7705405099051339
output-boba,tournament_k30_obs_rho1_post,drift,tournament,30.0,obs,1.0,post,cell,5.0,20.0,20,600,0.6408456819973191,0.23798906770776282,0.11660687577536615,0.37136720179813654,1.0,0.2685052767539287,0.45532191944720907,3.62396240234375e-05,7.2479248046875e-05
output-boba,tournament_k30_obs_rho1_post,drift,tournament,30.0,obs,1.0,post,pooled,,,20,4800,0.2381511103039819,-0.0391151426640164,0.11660687577536615,-0.1642450569056297,1.0,-0.34442172643007046,-0.008075990863419081,0.14290618896484375,
output-boba,tournament_k30_obs_rho1_post,gaussian,tournament,30.0,obs,1.0,post,cell,0.05,0.0,20,600,0.006930780737448017,-0.1132217192898998,0.11660687577536615,-16.33607000119718,0.981,-106.21597400081146,-5.97408964007128,0.0003861775700434037,0.0010298068534490765
output-boba,tournament_k30_obs_rho1_post,gaussian,tournament,30.0,obs,1.0,post,cell,0.05,20.0,20,600,0.002573926727981019,-0.11492559033783319,0.11660687577536615,-44.64990750843187,0.798,,,0.0008374789865327178,0.0016265869140625
output-boba,tournament_k30_obs_rho1_post,gaussian,tournament,30.0,obs,1.0,post,cell,0.25,0.0,20,600,0.049786948458824795,-0.10832478587545917,0.11660687577536615,-2.1757667265959633,1.0,-3.718857755651876,-1.2443471118783498,5.7220458984375e-06,2.288818359375e-05
output-boba,tournament_k30_obs_rho1_post,gaussian,tournament,30.0,obs,1.0,post,cell,0.25,20.0,20,600,0.032441606005650915,-0.09459008422117576,0.11660687577536615,-2.915702884891068,1.0,-5.508157544695212,-1.3136852979735494,0.005580902099609375,0.007441202799479167
output-boba,tournament_k30_obs_rho1_post,gaussian,tournament,30.0,obs,1.0,post,cell,1.0,0.0,20,600,0.2561344386822541,-0.13281947087551038,0.11660687577536615,-0.5185537390396717,1.0,-0.6905611671103111,-0.36409030382959034,3.814697265625e-06,2.288818359375e-05
output-boba,tournament_k30_obs_rho1_post,gaussian,tournament,30.0,obs,1.0,post,cell,1.0,20.0,20,600,0.12941445146457056,-0.048433079235158966,0.11660687577536615,-0.3742478423935395,1.0,-0.8546490860205798,-0.056896620615799906,0.1230926513671875,0.14067731584821427
output-boba,tournament_k30_obs_rho1_post,gaussian,tournament,30.0,obs,1.0,post,cell,5.0,0.0,20,600,0.7731111054368147,0.017131409336386412,0.11660687577536615,0.022159052193031183,1.0,-0.041461789977872185,0.07742473280428433,0.36827659606933594,0.36827659606933594
output-boba,tournament_k30_obs_rho1_post,gaussian,tournament,30.0,obs,1.0,post,cell,5.0,20.0,20,600,0.5199289879562881,0.12003464830300377,0.11660687577536615,0.2308673897464925,1.0,0.12295833357725329,0.33045691817030837,0.0010166168212890625,0.0016265869140625
output-boba,tournament_k30_obs_rho1_post,gaussian,tournament,30.0,obs,1.0,post,pooled,,,20,4800,0.221290280683729,-0.059393584024455895,0.11660687577536615,-0.2683967133167588,1.0,-0.46620469637830564,-0.09937229254322852,0.006389617919921875,
